Date,Symbol,Investment,High,Low,Adjusted Spread,Adj. Spread after fees,Fees,Profitable,Sell exchange,Buy exchange
01-09-2021_18-56-57,BTC/USD,100,40182.6,40165.54,0.04245618750403825,-0.4675438124959618,0.51,False,Kraken,Bittrex
01-09-2021_18-56-58,ETH/USD,100,1281.54,1280.72,0.06398551742434386,-0.5360144825756561,0.6,False,Binance US,Coinbase Pro
01-09-2021_18-56-59,XRP/USD,100,0.32602,0.3254,0.19017238206243603,-0.5598176179375639,0.7499899999999999,False,Bittrex,Coinbase Pro
01-09-2021_18-57-01,BCH/USD,100,574.64,572.98,0.288876513991363,-0.211293486008637,0.50017,False,Coinbase Pro,Binance US
01-09-2021_18-57-01,BTC/USD,100,40201.7,40193.7,0.019899655984697166,-0.7401003440153029,0.76,False,Coinbase Pro,Kraken
01-09-2021_18-57-01,ETH/USD,100,1281.39,1280.02,0.10691514683274556,-0.6430848531672544,0.75,False,Bittrex,Coinbase Pro
01-09-2021_18-57-02,XRP/USD,100,0.32751,0.32587,0.5007480687612684,-0.009251931238731581,0.51,False,Bittrex,Kraken
01-09-2021_18-57-02,BCH/USD,100,574.64,572.6,0.35500487261589236,-0.14516512738410764,0.50017,False,Coinbase Pro,Binance US
01-09-2021_18-57-03,BTC/USD,100,40230.82,40200.0,0.07660793391732933,-0.28339206608267065,0.36,False,Binance US,Kraken
01-09-2021_18-57-03,ETH/USD,100,1281.337,1280.36,0.07624848107875518,-0.6737515189212449,0.75,False,Bittrex,Coinbase Pro
01-09-2021_18-57-04,XRP/USD,100,0.32751,0.32587,0.5007480687612684,-0.009251931238731581,0.51,False,Bittrex,Kraken
01-09-2021_18-57-04,BCH/USD,100,574.514,573.13,0.24089926442175727,-0.009270735578242734,0.25017,False,Bittrex,Binance US
01-09-2021_18-57-04,BTC/USD,100,40230.82,40200.0,0.07660793391732933,-0.28339206608267065,0.36,False,Binance US,Kraken
01-09-2021_18-57-05,ETH/USD,100,1281.97,1280.92,0.08190519278921929,-0.5180948072107807,0.6,False,Binance US,Coinbase Pro
01-09-2021_18-57-05,XRP/USD,100,0.32654,0.326,0.16537024560543423,-0.5846297543945658,0.75,False,Bittrex,Coinbase Pro
01-09-2021_18-57-05,BCH/USD,100,574.514,573.09,0.24786167090792882,-0.002308329092071182,0.25017,False,Bittrex,Binance US
01-09-2021_18-57-06,BTC/USD,100,40240.48,40200.0,0.10059522152818058,-0.6594047784718194,0.76,False,Coinbase Pro,Kraken
01-09-2021_18-57-06,ETH/USD,100,1281.97,1281.356,0.04789503654531953,-0.30210496345468046,0.35,False,Binance US,Bittrex
01-09-2021_18-57-06,XRP/USD,100,0.32654,0.326,0.16537024560543423,-0.5846297543945658,0.75,False,Bittrex,Coinbase Pro
01-09-2021_18-57-07,BCH/USD,100,574.026,573.09,0.16305881615117115,-0.08711118384882885,0.25017,False,Bittrex,Binance US
01-09-2021_18-57-07,BTC/USD,100,40245.05,40219.4,0.06373454623612457,-0.2962654537638754,0.36,False,Binance US,Kraken
01-09-2021_18-57-08,ETH/USD,100,1281.97,1281.356,0.04789503654531953,-0.30210496345468046,0.35,False,Binance US,Bittrex
01-09-2021_18-57-08,XRP/USD,100,0.32654,0.326,0.16537024560543423,-0.5846297543945658,0.75,False,Bittrex,Coinbase Pro
01-09-2021_18-57-09,BCH/USD,100,574.026,573.09,0.16305881615117115,-0.08711118384882885,0.25017,False,Bittrex,Binance US
01-09-2021_18-57-09,BTC/USD,100,40245.05,40219.4,0.06373454623612457,-0.2962654537638754,0.36,False,Binance US,Kraken
01-09-2021_18-57-10,ETH/USD,100,1282.002,1281.49,0.03993753519884865,-0.7100624648011513,0.75,False,Bittrex,Coinbase Pro
01-09-2021_18-57-10,XRP/USD,100,0.32654,0.3259,0.19599436516199362,-0.5540056348380064,0.75,False,Bittrex,Coinbase Pro
01-09-2021_18-57-11,BCH/USD,100,574.03,573.13,0.15678623068480346,-0.34338376931519654,0.50017,False,Coinbase Pro,Binance US
01-09-2021_18-57-11,BTC/USD,100,40245.05,40239.52,0.013740820299654519,-0.33625917970034547,0.35,False,Binance US,Bittrex
01-09-2021_18-57-12,ETH/USD,100,1283.29,1281.49,0.14026447646283807,-0.4597355235371619,0.6,False,Binance US,Coinbase Pro
01-09-2021_18-57-12,XRP/USD,100,0.32654,0.326,0.16537024560543423,-0.5846297543945658,0.75,False,Bittrex,Coinbase Pro
01-09-2021_18-57-13,BCH/USD,100,574.01,573.13,0.15330743366840222,-0.3468625663315978,0.50017,False,Coinbase Pro,Binance US
01-09-2021_18-57-13,BTC/USD,100,40260.78,40239.52,0.05280573302355801,-0.29719426697644197,0.35,False,Binance US,Bittrex
01-09-2021_18-57-14,ETH/USD,100,1283.29,1282.47,0.063898261499734,-0.536101738500266,0.6,False,Binance US,Coinbase Pro
01-09-2021_18-57-15,XRP/USD,100,0.32654,0.326,0.16537024560543423,-0.5846297543945658,0.75,False,Bittrex,Coinbase Pro
01-09-2021_18-57-15,BCH/USD,100,574.09,573.13,0.1672211674127813,-0.3329488325872187,0.50017,False,Coinbase Pro,Binance US
01-09-2021_18-57-16,BTC/USD,100,40268.83,40239.52,0.07278582466886906,-0.2772141753311309,0.35,False,Binance US,Bittrex
01-09-2021_18-57-16,ETH/USD,100,1283.56,1282.561,0.07783040917448532,-0.2721695908255147,0.35,False,Binance US,Bittrex
01-09-2021_18-57-17,XRP/USD,100,0.3269,0.3263,0.18354236769655702,-0.5664576323034429,0.75,False,Bittrex,Coinbase Pro
01-09-2021_18-57-17,BCH/USD,100,574.32,573.48,0.14625992478061564,-0.6137400752193843,0.76,False,Coinbase Pro,Kraken
01-09-2021_18-57-18,BTC/USD,100,40269.87,40244.9,0.06200665658965664,-0.6979933434103434,0.76,False,Coinbase Pro,Kraken
01-09-2021_18-57-18,ETH/USD,100,1283.56,1283.0,0.043628657795502,-0.316371342204498,0.36,False,Binance US,Kraken
01-09-2021_18-57-18,XRP/USD,100,0.3269,0.3263,0.18354236769655702,-0.5664576323034429,0.75,False,Bittrex,Coinbase Pro
01-09-2021_18-57-18,BCH/USD,100,574.32,573.48,0.14625992478061564,-0.6137400752193843,0.76,False,Coinbase Pro,Kraken
01-09-2021_18-57-19,BTC/USD,100,40274.49,40244.9,0.07347082483228592,-0.6865291751677141,0.76,False,Coinbase Pro,Kraken
01-09-2021_18-57-20,ETH/USD,100,1283.56,1282.6,0.07479198479229927,-0.5252080152077007,0.6,False,Binance US,Coinbase Pro
01-09-2021_18-57-20,XRP/USD,100,0.3269,0.3263,0.18354236769655702,-0.5664576323034429,0.75,False,Bittrex,Coinbase Pro
01-09-2021_18-57-21,BCH/USD,100,574.55,573.6,0.16534679314244746,-0.3348232068575525,0.50017,False,Coinbase Pro,Binance US
01-09-2021_18-57-21,BTC/USD,100,40268.86,40257.3,0.028707045593040558,-0.5712929544069594,0.6,False,Binance US,Coinbase Pro
01-09-2021_18-57-22,ETH/USD,100,1283.512,1282.36,0.08975373818086965,-0.6602462618191304,0.75,False,Bittrex,Coinbase Pro
01-09-2021_18-57-22,XRP/USD,100,0.3269,0.3262,0.2141327623126442,-0.5358672376873558,0.75,False,Bittrex,Coinbase Pro
01-09-2021_18-57-22,BCH/USD,100,574.55,573.75,0.1392394047515368,-0.6207605952484632,0.76,False,Coinbase Pro,Kraken
01-09-2021_18-57-23,BTC/USD,100,40263.08,40251.3,0.029257572942752604,-0.5707424270572474,0.6,False,Binance US,Coinbase Pro
01-09-2021_18-57-23,ETH/USD,100,1283.512,1282.36,0.08975373818086965,-0.6602462618191304,0.75,False,Bittrex,Coinbase Pro
01-09-2021_18-57-23,XRP/USD,100,0.3269,0.3262,0.2141327623126442,-0.5358672376873558,0.75,False,Bittrex,Coinbase Pro
01-09-2021_18-57-24,BCH/USD,100,574.911,573.95,0.16715630767195255,-0.08301369232804745,0.25017,False,Bittrex,Binance US
01-09-2021_18-57-24,BTC/USD,100,40256.43,40249.69,0.01674266694785892,-0.23325933305214108,0.250002,False,Bittrex,Binance US
01-09-2021_18-57-25,ETH/USD,100,1283.24,1282.03,0.09429257192731183,-0.5057074280726881,0.6,False,Binance US,Coinbase Pro
01-09-2021_18-57-25,XRP/USD,100,0.3269,0.3262,0.2141327623126442,-0.5358672376873558,0.75,False,Bittrex,Coinbase Pro
01-09-2021_18-57-26,BCH/USD,100,575.46,574.23,0.2137420498383933,-0.5462579501616067,0.76,False,Coinbase Pro,Kraken
01-09-2021_18-57-26,BTC/USD,100,40250.2,40246.1,0.010186284788643397,-0.4988137152113566,0.509,False,Bittrex,Kraken
01-09-2021_18-57-27,ETH/USD,100,1283.118,1281.66,0.11362945574762855,-0.6363705442523715,0.75,False,Bittrex,Coinbase Pro
01-09-2021_18-57-27,XRP/USD,100,0.3262,0.3256,0.18393623543837812,-0.41606376456162186,0.6,False,Binance US,Coinbase Pro
01-09-2021_18-57-28,BCH/USD,100,575.6,574.64,0.16678248783878324,-0.33338751216121676,0.50017,False,Coinbase Pro,Binance US
01-09-2021_18-57-29,BTC/USD,100,40248.68,40244.781,0.00968727421619197,-0.340312725783808,0.35,False,Binance US,Bittrex
01-09-2021_18-57-29,ETH/USD,100,1283.118,1281.42,0.13233389290773456,-0.6176661070922654,0.75,False,Bittrex,Coinbase Pro
01-09-2021_18-57-30,XRP/USD,100,0.327,0.3258,0.36697247706423064,-0.38302752293576936,0.75,False,Bittrex,Coinbase Pro
01-09-2021_18-57-30,BCH/USD,100,575.6,574.64,0.16678248783878324,-0.33338751216121676,0.50017,False,Coinbase Pro,Binance US
01-09-2021_18-57-31,BTC/USD,100,40268.62,40244.66,0.05950042489660467,-0.2904995751033953,0.35,False,Binance US,Bittrex
01-09-2021_18-57-31,ETH/USD,100,1282.41,1281.17,0.09669294531390188,-0.503307054686098,0.6,False,Binance US,Coinbase Pro
01-09-2021_18-57-31,XRP/USD,100,0.3266,0.32619,0.1255358236374836,-0.23446414636251645,0.35999997000000006,False,Binance US,Kraken
01-09-2021_18-57-32,BCH/USD,100,576.87,574.64,0.38656889767192226,0.12639889767192225,0.26017,True,Kraken,Binance US
01-09-2021_18-57-32,BTC/USD,100,40268.86,40258.6,0.02547874461805484,-0.33452125538194516,0.36,False,Binance US,Kraken
01-09-2021_18-57-32,ETH/USD,100,1283.02,1281.77,0.09742638462377827,-0.5025736153762217,0.6,False,Binance US,Coinbase Pro
01-09-2021_18-57-33,XRP/USD,100,0.32777,0.3261,0.5095036153400265,-0.24049638465997347,0.75,False,Bittrex,Coinbase Pro
01-09-2021_18-57-34,BCH/USD,100,577.77,575.734,0.35238935908751656,-0.39761064091248344,0.75,False,Coinbase Pro,Bittrex
01-09-2021_18-57-34,BTC/USD,100,40268.86,40261.65,0.01790465386901722,-0.5820953461309828,0.6,False,Binance US,Coinbase Pro
01-09-2021_18-57-35,ETH/USD,100,1283.23,1281.77,0.11377539490193,-0.48622460509807,0.6,False,Binance US,Coinbase Pro
01-09-2021_18-57-35,XRP/USD,100,0.32663,0.3262,0.1316474298135462,-0.6183525701864538,0.75,False,Bittrex,Coinbase Pro
01-09-2021_18-57-35,BCH/USD,100,577.77,576.68,0.18865638575904456,-0.31151361424095547,0.50017,False,Coinbase Pro,Binance US
01-09-2021_18-57-36,BTC/USD,100,40285.8,40275.529,0.0254953358255282,-0.32450466417447177,0.35,False,Binance US,Bittrex
01-09-2021_18-57-36,ETH/USD,100,1283.019,1282.76,0.020186762627834393,-0.7298132373721656,0.75,False,Bittrex,Coinbase Pro
01-09-2021_18-57-37,XRP/USD,100,0.32663,0.3263,0.10103174846156109,-0.648968251538439,0.75,False,Bittrex,Coinbase Pro
01-09-2021_18-57-37,BCH/USD,100,577.493,576.68,0.1407809272147198,-0.1093890727852802,0.25017,False,Bittrex,Binance US
01-09-2021_18-57-38,BTC/USD,100,40278.1,40270.13,0.019787427907476184,-0.24021457209252384,0.260002,False,Kraken,Binance US
01-09-2021_18-57-38,ETH/USD,100,1283.019,1282.07,0.07396616885642918,-0.6760338311435709,0.75,False,Bittrex,Coinbase Pro
01-09-2021_18-57-39,XRP/USD,100,0.32681,0.3263,0.15605397631651738,-0.5939460236834826,0.75,False,Bittrex,Coinbase Pro
01-09-2021_18-57-39,BCH/USD,100,577.586,576.68,0.1568597576811181,-0.09331024231888191,0.25017,False,Bittrex,Binance US
01-09-2021_18-57-40,BTC/USD,100,40279.3,40275.428,0.009612878078822192,-0.5003871219211778,0.51,False,Kraken,Bittrex
01-09-2021_18-57-40,ETH/USD,100,1283.019,1282.62,0.031098526210454763,-0.47890147378954523,0.51,False,Bittrex,Kraken
01-09-2021_18-57-40,XRP/USD,100,0.32681,0.3263,0.15605397631651738,-0.5939460236834826,0.75,False,Bittrex,Coinbase Pro
01-09-2021_18-57-41,BCH/USD,100,577.586,576.68,0.1568597576811181,-0.09331024231888191,0.25017,False,Bittrex,Binance US
01-09-2021_18-57-41,BTC/USD,100,40279.3,40267.46,0.02939475115010386,-0.23060724884989614,0.260002,False,Kraken,Binance US
01-09-2021_18-57-42,ETH/USD,100,1283.019,1282.21,0.06305440527380882,-0.6869455947261912,0.75,False,Bittrex,Coinbase Pro
01-09-2021_18-57-42,XRP/USD,100,0.32712,0.3263,0.2506725360724024,-0.4993174639275975,0.7499899999999999,False,Bittrex,Coinbase Pro
01-09-2021_18-57-42,BCH/USD,100,578.86,576.81,0.3541443526932364,-0.005855647306763578,0.36,False,Binance US,Kraken
01-09-2021_18-57-43,BTC/USD,100,40278.1,40275.29,0.006976495912164853,-0.25302550408783514,0.260002,False,Kraken,Binance US
01-09-2021_18-57-43,ETH/USD,100,1283.019,1282.36,0.051363230006734546,-0.6986367699932654,0.75,False,Bittrex,Coinbase Pro
01-09-2021_18-57-44,XRP/USD,100,0.32712,0.32644,0.20787478601125392,-0.302115213988746,0.5099899999999999,False,Bittrex,Kraken
01-09-2021_18-57-44,BCH/USD,100,578.38,577.0,0.23859746187627434,-0.5214025381237257,0.76,False,Coinbase Pro,Kraken
01-09-2021_18-57-45,BTC/USD,100,40278.1,40268.95,0.022717059642836816,-0.2372849403571632,0.260002,False,Kraken,Binance US
01-09-2021_18-57-45,ETH/USD,100,1283.019,1282.66,0.02798087947255057,-0.7220191205274494,0.75,False,Bittrex,Coinbase Pro
01-09-2021_18-57-46,XRP/USD,100,0.32712,0.3264,0.22010271460014622,-0.5298872853998537,0.7499899999999999,False,Bittrex,Coinbase Pro
01-09-2021_18-57-46,BCH/USD,100,578.29,577.0,0.2230714693319898,-0.1369285306680102,0.36,False,Binance US,Kraken
01-09-2021_18-57-46,BTC/USD,100,40278.1,40268.11,0.024802560200202998,-0.23519943979979702,0.260002,False,Kraken,Binance US
01-09-2021_18-57-47,ETH/USD,100,1283.019,1282.66,0.02798087947255057,-0.7220191205274494,0.75,False,Bittrex,Coinbase Pro
01-09-2021_18-57-47,XRP/USD,100,0.32712,0.3264,0.22010271460014622,-0.5298872853998537,0.7499899999999999,False,Bittrex,Coinbase Pro
01-09-2021_18-57-47,BCH/USD,100,578.5,578.06,0.0760587726879956,-0.6839412273120045,0.76,False,Kraken,Coinbase Pro
01-09-2021_18-57-48,BTC/USD,100,40279.3,40267.46,0.02939475115010386,-0.23060724884989614,0.260002,False,Kraken,Binance US
01-09-2021_18-57-48,ETH/USD,100,1283.019,1282.57,0.034995584632812854,-0.7150044153671872,0.75,False,Bittrex,Coinbase Pro
01-09-2021_18-57-48,XRP/USD,100,0.32712,0.3262,0.28124235754464166,-0.46874764245535827,0.7499899999999999,False,Bittrex,Coinbase Pro
01-09-2021_18-57-49,BCH/USD,100,578.602,577.75,0.1472514785638445,-0.6027485214361555,0.75,False,Bittrex,Coinbase Pro
01-09-2021_18-57-49,BTC/USD,100,40279.3,40274.9,0.010923725089565746,-0.7490762749104343,0.76,False,Kraken,Coinbase Pro
01-09-2021_18-57-49,ETH/USD,100,1283.019,1282.49,0.04123087810858579,-0.7087691218914142,0.75,False,Bittrex,Coinbase Pro
01-09-2021_18-57-50,XRP/USD,100,0.32712,0.3263,0.2506725360724024,-0.4993174639275975,0.7499899999999999,False,Bittrex,Coinbase Pro
01-09-2021_18-57-50,BCH/USD,100,578.602,578.05,0.09540236639348307,-0.4145976336065169,0.51,False,Bittrex,Kraken
01-09-2021_18-57-51,BTC/USD,100,40278.1,40267.46,0.02641634039341334,-0.23358565960658667,0.260002,False,Kraken,Binance US
01-09-2021_18-57-51,ETH/USD,100,1283.019,1282.88,0.010833822414157259,-0.7391661775858427,0.75,False,Bittrex,Coinbase Pro
01-09-2021_18-57-52,XRP/USD,100,0.32712,0.3264,0.22010271460014622,-0.5298872853998537,0.7499899999999999,False,Bittrex,Coinbase Pro
01-09-2021_18-57-52,BCH/USD,100,578.52,577.54,0.16939777362926403,-0.19060222637073596,0.36,False,Binance US,Kraken
01-09-2021_18-57-53,BTC/USD,100,40279.3,40267.47,0.02936992450216798,-0.23063207549783205,0.260002,False,Kraken,Binance US
01-09-2021_18-57-53,ETH/USD,100,1283.14,1282.91,0.017924778278287496,-0.7420752217217125,0.76,False,Kraken,Coinbase Pro
01-09-2021_18-57-53,XRP/USD,100,0.32712,0.3264,0.22010271460014622,-0.5298872853998537,0.7499899999999999,False,Bittrex,Coinbase Pro
01-09-2021_18-57-53,BCH/USD,100,578.51,577.54,0.1676721232130866,-0.19232787678691338,0.36,False,Binance US,Kraken
01-09-2021_18-57-54,BTC/USD,100,40284.2,40275.42,0.021795145491281538,-0.32820485450871845,0.35,False,Binance US,Bittrex
01-09-2021_18-57-54,ETH/USD,100,1283.14,1282.91,0.017924778278287496,-0.7420752217217125,0.76,False,Kraken,Coinbase Pro
01-09-2021_18-57-54,XRP/USD,100,0.32712,0.32647,0.19870383956958892,-0.311286160430411,0.5099899999999999,False,Bittrex,Kraken
01-09-2021_18-57-55,BCH/USD,100,578.57,577.54,0.17802513092626412,-0.5819748690737359,0.76,False,Coinbase Pro,Kraken
01-09-2021_18-57-55,BTC/USD,100,40284.2,40275.42,0.021795145491281538,-0.32820485450871845,0.35,False,Binance US,Bittrex
01-09-2021_18-57-56,ETH/USD,100,1283.38,1283.019,0.028128847262705016,-0.48187115273729497,0.51,False,Kraken,Bittrex
01-09-2021_18-57-56,XRP/USD,100,0.328,0.32669,0.3993902439024492,-0.1106097560975508,0.51,False,Bittrex,Kraken
01-09-2021_18-57-57,BCH/USD,100,578.51,577.54,0.1676721232130866,-0.19232787678691338,0.36,False,Binance US,Kraken
01-09-2021_18-57-57,BTC/USD,100,40279.1,40267.46,0.028898361681366808,-0.2311036383186332,0.260002,False,Kraken,Binance US
01-09-2021_18-57-58,ETH/USD,100,1283.6,1283.019,0.04526332190712867,-0.46473667809287134,0.51,False,Kraken,Bittrex
01-09-2021_18-57-58,XRP/USD,100,0.32729,0.32669,0.18332365791806804,-0.32667634208193197,0.51,False,Bittrex,Kraken
01-09-2021_18-57-58,BCH/USD,100,578.51,577.54,0.1676721232130866,-0.19232787678691338,0.36,False,Binance US,Kraken
01-09-2021_18-57-59,BTC/USD,100,40279.1,40267.46,0.028898361681366808,-0.2311036383186332,0.260002,False,Kraken,Binance US
01-09-2021_18-57-59,ETH/USD,100,1283.6,1283.144,0.03552508569647115,-0.47447491430352884,0.51,False,Kraken,Bittrex
01-09-2021_18-57-59,XRP/USD,100,0.3273,0.32669,0.18637335777574074,-0.17362664222425925,0.36,False,Binance US,Kraken
01-09-2021_18-58-00,BCH/USD,100,578.64,577.84,0.13825521913451447,-0.36191478086548556,0.50017,False,Coinbase Pro,Binance US
01-09-2021_18-58-00,BTC/USD,100,40279.1,40270.61,0.02107792875212694,-0.23892407124787307,0.260002,False,Kraken,Binance US
01-09-2021_18-58-01,ETH/USD,100,1283.57,1283.144,0.0331886846841178,-0.4768113153158822,0.51,False,Kraken,Bittrex
01-09-2021_18-58-01,XRP/USD,100,0.32729,0.32669,0.18332365791806804,-0.32667634208193197,0.51,False,Bittrex,Kraken
01-09-2021_18-58-02,BCH/USD,100,578.423,578.01,0.07140103349970713,-0.4385989665002929,0.51,False,Bittrex,Kraken
01-09-2021_18-58-03,BTC/USD,100,40282.5,40269.75,0.03165146155278347,-0.22835053844721653,0.260002,False,Kraken,Binance US
01-09-2021_18-58-03,ETH/USD,100,1283.57,1283.0,0.044407394999878176,-0.7155926050001218,0.76,False,Kraken,Coinbase Pro
01-09-2021_18-58-03,XRP/USD,100,0.32729,0.32669,0.18332365791806804,-0.32667634208193197,0.51,False,Bittrex,Kraken
01-09-2021_18-58-04,BCH/USD,100,578.67,578.01,0.11405464254237617,-0.6459453574576238,0.76,False,Coinbase Pro,Kraken
01-09-2021_18-58-04,BTC/USD,100,40284.2,40274.76,0.023433504947336807,-0.32656649505266316,0.35,False,Binance US,Bittrex
01-09-2021_18-58-05,ETH/USD,100,1283.94,1283.0,0.07321214386965547,-0.5267878561303445,0.6,False,Binance US,Coinbase Pro
01-09-2021_18-58-05,XRP/USD,100,0.32729,0.32669,0.18332365791806804,-0.32667634208193197,0.51,False,Bittrex,Kraken
01-09-2021_18-58-05,BCH/USD,100,578.67,578.01,0.11405464254237617,-0.6459453574576238,0.76,False,Coinbase Pro,Kraken
01-09-2021_18-58-06,BTC/USD,100,40281.6,40272.4,0.02283921194787965,-0.23716278805212035,0.260002,False,Kraken,Binance US
01-09-2021_18-58-06,ETH/USD,100,1283.57,1283.144,0.0331886846841178,-0.4768113153158822,0.51,False,Kraken,Bittrex
01-09-2021_18-58-06,XRP/USD,100,0.32729,0.32669,0.18332365791806804,-0.32667634208193197,0.51,False,Bittrex,Kraken
01-09-2021_18-58-07,BCH/USD,100,578.423,577.76,0.11462199808790642,-0.3953780019120936,0.51,False,Bittrex,Kraken
01-09-2021_18-58-07,BTC/USD,100,40281.6,40251.03,0.07589072926596688,-0.18411127073403313,0.260002,False,Kraken,Binance US
01-09-2021_18-58-07,ETH/USD,100,1283.57,1283.144,0.0331886846841178,-0.4768113153158822,0.51,False,Kraken,Bittrex
01-09-2021_18-58-08,XRP/USD,100,0.32729,0.3264,0.2719300925784478,-0.4780699074215522,0.75,False,Bittrex,Coinbase Pro
01-09-2021_18-58-08,BCH/USD,100,578.421,577.76,0.11427662550288771,-0.3957233744971123,0.51,False,Bittrex,Kraken
01-09-2021_18-58-09,BTC/USD,100,40260.01,40251.03,0.02230501184675116,-0.4776969881532488,0.500002,False,Coinbase Pro,Binance US
01-09-2021_18-58-09,ETH/USD,100,1282.928,1281.84,0.08480600626069372,-0.6651939937393063,0.75,False,Bittrex,Coinbase Pro
01-09-2021_18-58-10,XRP/USD,100,0.32729,0.3265,0.24137614959210876,-0.5086238504078913,0.75,False,Bittrex,Coinbase Pro
01-09-2021_18-58-10,BCH/USD,100,578.419,577.21,0.20901803018226342,-0.5409819698177366,0.75,False,Bittrex,Coinbase Pro
01-09-2021_18-58-11,BTC/USD,100,40260.01,40238.29,0.0539493159589408,-0.44605268404105913,0.500002,False,Coinbase Pro,Binance US
01-09-2021_18-58-11,ETH/USD,100,1282.927,1281.18,0.13617298568038896,-0.6138270143196111,0.75,False,Bittrex,Coinbase Pro
01-09-2021_18-58-12,XRP/USD,100,0.32729,0.3265,0.24137614959210876,-0.5086238504078913,0.75,False,Bittrex,Coinbase Pro
01-09-2021_18-58-12,BCH/USD,100,578.419,577.46,0.1657967667037124,-0.5842032332962876,0.75,False,Bittrex,Coinbase Pro
01-09-2021_18-58-13,BTC/USD,100,40262.42,40258.789,0.009018335211845741,-0.7409816647881543,0.75,False,Coinbase Pro,Bittrex
01-09-2021_18-58-14,ETH/USD,100,1282.927,1281.25,0.13071671264225534,-0.6192832873577446,0.75,False,Bittrex,Coinbase Pro
01-09-2021_18-58-14,XRP/USD,100,0.32729,0.32668,0.18637905221668835,-0.32362094778331163,0.51,False,Bittrex,Kraken
01-09-2021_18-58-14,BCH/USD,100,578.419,577.15,0.21939113341712588,-0.2906088665828741,0.51,False,Bittrex,Kraken
01-09-2021_18-58-15,BTC/USD,100,40276.36,40260.5,0.039377937827550905,-0.7203620621724491,0.7597400000000001,False,Coinbase Pro,Kraken
01-09-2021_18-58-15,ETH/USD,100,1282.927,1281.71,0.09486120410591335,-0.6551387958940866,0.75,False,Bittrex,Coinbase Pro
01-09-2021_18-58-16,XRP/USD,100,0.32729,0.3266,0.21082220660576975,-0.5391777933942302,0.75,False,Bittrex,Coinbase Pro
01-09-2021_18-58-17,BCH/USD,100,578.417,577.54,0.15162071654188353,-0.5983792834581165,0.75,False,Bittrex,Coinbase Pro
01-09-2021_18-58-17,BTC/USD,100,40275.42,40261.17,0.03538138149769761,-0.46462061850230235,0.500002,False,Coinbase Pro,Binance US
01-09-2021_18-58-18,ETH/USD,100,1282.927,1281.59,0.10421481502844583,-0.6457851849715541,0.75,False,Bittrex,Coinbase Pro
01-09-2021_18-58-18,XRP/USD,100,0.32729,0.3264,0.2719300925784478,-0.4780699074215522,0.75,False,Bittrex,Coinbase Pro
01-09-2021_18-58-18,BCH/USD,100,578.417,577.09,0.2294192598073705,-0.020750740192629513,0.25017,False,Bittrex,Binance US
01-09-2021_18-58-19,BTC/USD,100,40272.7,40261.17,0.02862981622786363,-0.2313721837721364,0.260002,False,Kraken,Binance US
01-09-2021_18-58-19,ETH/USD,100,1282.927,1281.32,0.12526043960412175,-0.6247395603958783,0.75,False,Bittrex,Coinbase Pro
01-09-2021_18-58-20,XRP/USD,100,0.32729,0.3265,0.24137614959210876,-0.5086238504078913,0.75,False,Bittrex,Coinbase Pro
01-09-2021_18-58-21,BCH/USD,100,577.93,576.7,0.21282854324916592,-0.3871714567508341,0.6,False,Binance US,Coinbase Pro
01-09-2021_18-58-21,BTC/USD,100,40272.34,40261.17,0.027736158365762344,-0.4722658416342376,0.500002,False,Coinbase Pro,Binance US
01-09-2021_18-58-22,ETH/USD,100,1282.927,1281.44,0.11590682868158927,-0.6340931713184107,0.75,False,Bittrex,Coinbase Pro
01-09-2021_18-58-22,XRP/USD,100,0.32729,0.3265,0.24137614959210876,-0.5086238504078913,0.75,False,Bittrex,Coinbase Pro
01-09-2021_18-58-22,BCH/USD,100,577.773,576.52,0.21686717794013266,-0.03330282205986734,0.25017,False,Bittrex,Binance US
01-09-2021_18-58-23,BTC/USD,100,40271.009,40261.17,0.02443196792014807,-0.22557003207985193,0.250002,False,Bittrex,Binance US
01-09-2021_18-58-23,ETH/USD,100,1282.927,1281.51,0.11045055564345567,-0.6395494443565444,0.75,False,Bittrex,Coinbase Pro
01-09-2021_18-58-24,XRP/USD,100,0.32729,0.3262,0.3330379785511428,-0.4169620214488572,0.75,False,Bittrex,Coinbase Pro
01-09-2021_18-58-24,BCH/USD,100,577.305,575.64,0.2884090731935396,0.038239073193539586,0.25017,True,Bittrex,Binance US
01-09-2021_18-58-25,BTC/USD,100,40270.99,40261.17,0.024384799082415677,-0.22561720091758433,0.250002,False,Bittrex,Binance US
01-09-2021_18-58-25,ETH/USD,100,1282.927,1281.18,0.13617298568038896,-0.6138270143196111,0.75,False,Bittrex,Coinbase Pro
01-09-2021_18-58-26,XRP/USD,100,0.32729,0.3262,0.3330379785511428,-0.4169620214488572,0.75,False,Bittrex,Coinbase Pro
01-09-2021_18-58-26,BCH/USD,100,576.1,575.07,0.1787884047908302,-0.08138159520916982,0.26017,False,Kraken,Binance US
01-09-2021_18-58-27,BTC/USD,100,40270.99,40265.79,0.012912520899032007,-0.237089479100968,0.250002,False,Bittrex,Binance US
01-09-2021_18-58-27,ETH/USD,100,1282.927,1281.57,0.10577375018219828,-0.6442262498178017,0.75,False,Bittrex,Coinbase Pro
01-09-2021_18-58-28,XRP/USD,100,0.32729,0.3263,0.3024840355648038,-0.4475159644351962,0.75,False,Bittrex,Coinbase Pro
01-09-2021_18-58-28,BCH/USD,100,575.925,575.34,0.10157572600597695,-0.40842427399402303,0.51,False,Bittrex,Kraken
01-09-2021_18-58-28,BTC/USD,100,40270.91,40265.79,0.01271389198804452,-0.48728810801195543,0.500002,False,Coinbase Pro,Binance US
01-09-2021_18-58-29,ETH/USD,100,1282.926,1281.45,0.11504950402438531,-0.6349504959756147,0.75,False,Bittrex,Coinbase Pro
01-09-2021_18-58-30,XRP/USD,100,0.32729,0.3264,0.2719300925784478,-0.4780699074215522,0.75,False,Bittrex,Coinbase Pro
01-09-2021_18-58-30,BCH/USD,100,576.49,575.46,0.17866745303474002,-0.5813325469652599,0.76,False,Coinbase Pro,Kraken
01-09-2021_18-58-31,BTC/USD,100,40269.27,40265.79,0.008641825391907838,-0.4913601746080921,0.500002,False,Coinbase Pro,Binance US
01-09-2021_18-58-31,ETH/USD,100,1282.925,1281.9,0.07989555118185893,-0.6701044488181411,0.75,False,Bittrex,Coinbase Pro
01-09-2021_18-58-32,XRP/USD,100,0.32729,0.3263,0.3024840355648038,-0.4475159644351962,0.75,False,Bittrex,Coinbase Pro
01-09-2021_18-58-32,BCH/USD,100,575.924,575.46,0.08056618581617397,-0.42943381418382603,0.51,False,Bittrex,Kraken
01-09-2021_18-58-33,BTC/USD,100,40267.61,40263.39,0.010479886936426482,-0.48952211306357346,0.500002,False,Coinbase Pro,Binance US
01-09-2021_18-58-33,ETH/USD,100,1282.925,1281.23,0.13211996024708664,-0.6178800397529134,0.75,False,Bittrex,Coinbase Pro
01-09-2021_18-58-34,XRP/USD,100,0.32729,0.3264,0.2719300925784478,-0.4780699074215522,0.75,False,Bittrex,Coinbase Pro
01-09-2021_18-58-35,BCH/USD,100,575.924,575.29,0.11008396941263336,-0.14008603058736663,0.25017,False,Bittrex,Binance US
01-09-2021_18-58-36,BTC/USD,100,40270.42,40265.79,0.01149727268798632,-0.4885047273120136,0.500002,False,Coinbase Pro,Binance US
01-09-2021_18-58-36,ETH/USD,100,1282.925,1281.15,0.13835571058322688,-0.6116442894167731,0.75,False,Bittrex,Coinbase Pro
01-09-2021_18-58-36,XRP/USD,100,0.32729,0.3264,0.2719300925784478,-0.4780699074215522,0.75,False,Bittrex,Coinbase Pro
01-09-2021_18-58-37,BCH/USD,100,575.882,575.29,0.10279883726179748,-0.14737116273820253,0.25017,False,Bittrex,Binance US
01-09-2021_18-58-37,BTC/USD,100,40270.81,40265.79,0.012465604739504369,-0.4875363952604956,0.500002,False,Coinbase Pro,Binance US
01-09-2021_18-58-37,ETH/USD,100,1282.925,1281.22,0.13289942903910418,-0.6171005709608959,0.75,False,Bittrex,Coinbase Pro
01-09-2021_18-58-38,XRP/USD,100,0.32729,0.3263,0.3024840355648038,-0.4475159644351962,0.75,False,Bittrex,Coinbase Pro
01-09-2021_18-58-38,BCH/USD,100,575.882,575.29,0.10279883726179748,-0.14737116273820253,0.25017,False,Bittrex,Binance US
01-09-2021_18-58-38,BTC/USD,100,40270.81,40265.79,0.012465604739504369,-0.4875363952604956,0.500002,False,Coinbase Pro,Binance US
01-09-2021_18-58-39,ETH/USD,100,1282.923,1280.96,0.15300996240615886,-0.5969900375938412,0.75,False,Bittrex,Coinbase Pro
01-09-2021_18-58-39,XRP/USD,100,0.32729,0.3263,0.3024840355648038,-0.4475159644351962,0.75,False,Bittrex,Coinbase Pro
01-09-2021_18-58-39,BCH/USD,100,575.879,574.55,0.230777645998563,-0.01939235400143699,0.25017,False,Bittrex,Binance US
01-09-2021_18-58-40,BTC/USD,100,40266.28,40242.13,0.05997574148891196,-0.19002625851108804,0.250002,False,Bittrex,Binance US
01-09-2021_18-58-40,ETH/USD,100,1282.923,1280.96,0.15300996240615886,-0.5969900375938412,0.75,False,Bittrex,Coinbase Pro
01-09-2021_18-58-40,XRP/USD,100,0.32729,0.326,0.39414586452382083,-0.35585413547617917,0.75,False,Bittrex,Coinbase Pro
01-09-2021_18-58-41,BCH/USD,100,575.096,574.47,0.1088513917676312,-0.1413186082323688,0.25017,False,Bittrex,Binance US
01-09-2021_18-58-42,BTC/USD,100,40266.26,40237.14,0.07231861116478813,-0.17768338883521187,0.250002,False,Bittrex,Binance US
01-09-2021_18-58-42,ETH/USD,100,1281.968,1280.49,0.11529148933515232,-0.6347085106648477,0.75,False,Bittrex,Coinbase Pro
01-09-2021_18-58-42,XRP/USD,100,0.32729,0.3261,0.3635919215374818,-0.3864080784625182,0.75,False,Bittrex,Coinbase Pro
01-09-2021_18-58-43,BCH/USD,100,575.25,574.42,0.14428509343764293,-0.6157149065623571,0.76,False,Coinbase Pro,Kraken
01-09-2021_18-58-43,BTC/USD,100,40266.26,40231.81,0.08555549981548911,-0.1644465001845109,0.250002,False,Bittrex,Binance US
01-09-2021_18-58-43,ETH/USD,100,1281.968,1280.9,0.08330941177938792,-0.6666905882206121,0.75,False,Bittrex,Coinbase Pro
01-09-2021_18-58-44,XRP/USD,100,0.32729,0.3262,0.3330379785511428,-0.4169620214488572,0.75,False,Bittrex,Coinbase Pro
01-09-2021_18-58-45,BCH/USD,100,575.25,574.55,0.12168622338114654,-0.37848377661885346,0.50017,False,Coinbase Pro,Binance US
01-09-2021_18-58-45,BTC/USD,100,40265.4,40236.69,0.0713019118151046,-0.18870008818489542,0.260002,False,Kraken,Binance US
01-09-2021_18-58-46,ETH/USD,100,1281.968,1281.15,0.06380814497709643,-0.4461918550229036,0.51,False,Bittrex,Kraken
01-09-2021_18-58-46,XRP/USD,100,0.32729,0.3262,0.3330379785511428,-0.4169620214488572,0.75,False,Bittrex,Coinbase Pro
01-09-2021_18-58-47,BCH/USD,100,575.25,574.55,0.12168622338114654,-0.37848377661885346,0.50017,False,Coinbase Pro,Binance US
01-09-2021_18-58-47,BTC/USD,100,40265.4,40243.82,0.05359440114838483,-0.2064075988516152,0.260002,False,Kraken,Binance US
01-09-2021_18-58-47,ETH/USD,100,1282.43,1281.15,0.09981051597357928,-0.2601894840264207,0.36,False,Binance US,Kraken
01-09-2021_18-58-48,XRP/USD,100,0.32729,0.32626,0.314705612759336,-0.19529435724066396,0.50999997,False,Bittrex,Kraken
01-09-2021_18-58-48,BCH/USD,100,575.25,574.55,0.12168622338114654,-0.37848377661885346,0.50017,False,Coinbase Pro,Binance US
01-09-2021_18-58-49,BTC/USD,100,40275.17,40248.69,0.06574770509968282,-0.6842522949003171,0.75,False,Coinbase Pro,Bittrex
01-09-2021_18-58-49,ETH/USD,100,1282.998,1281.15,0.14403763684744295,-0.36596236315255704,0.51,False,Bittrex,Kraken
01-09-2021_18-58-49,XRP/USD,100,0.32729,0.32626,0.314705612759336,-0.19529435724066396,0.50999997,False,Bittrex,Kraken
01-09-2021_18-58-49,BCH/USD,100,575.25,574.55,0.12168622338114654,-0.37848377661885346,0.50017,False,Coinbase Pro,Binance US
01-09-2021_18-58-50,BTC/USD,100,40275.17,40263.175,0.029782617925623513,-0.7192173820743765,0.749,False,Coinbase Pro,Bittrex
01-09-2021_18-58-50,ETH/USD,100,1282.998,1281.15,0.14403763684744295,-0.36596236315255704,0.51,False,Bittrex,Kraken
01-09-2021_18-58-50,XRP/USD,100,0.32729,0.32626,0.314705612759336,-0.19529435724066396,0.50999997,False,Bittrex,Kraken
01-09-2021_18-58-51,BCH/USD,100,575.093,574.54,0.09615836047387072,-0.4138416395261293,0.51,False,Bittrex,Kraken
01-09-2021_18-58-51,BTC/USD,100,40269.21,40263.07,0.015247381311923968,-0.7347526186880761,0.75,False,Coinbase Pro,Bittrex
01-09-2021_18-58-52,ETH/USD,100,1282.998,1281.15,0.14403763684744295,-0.36596236315255704,0.51,False,Bittrex,Kraken
01-09-2021_18-58-52,XRP/USD,100,0.32729,0.3264,0.2719300925784478,-0.4780699074215522,0.75,False,Bittrex,Coinbase Pro
01-09-2021_18-58-53,BCH/USD,100,575.093,574.46,0.11006915403246512,-0.1401008459675349,0.25017,False,Bittrex,Binance US
01-09-2021_18-58-53,BTC/USD,100,40270.58,40262.974,0.018887237283395884,-0.7311127627166041,0.75,False,Coinbase Pro,Bittrex
01-09-2021_18-58-53,ETH/USD,100,1282.998,1281.15,0.14403763684744295,-0.36596236315255704,0.51,False,Bittrex,Kraken
01-09-2021_18-58-54,XRP/USD,100,0.32729,0.3264,0.2719300925784478,-0.4780699074215522,0.75,False,Bittrex,Coinbase Pro
01-09-2021_18-58-54,BCH/USD,100,574.975,574.46,0.08956911170050634,-0.15960088829949365,0.24917,False,Bittrex,Binance US
01-09-2021_18-58-54,BTC/USD,100,40270.58,40262.974,0.018887237283395884,-0.7311127627166041,0.75,False,Coinbase Pro,Bittrex
01-09-2021_18-58-55,ETH/USD,100,1282.315,1281.15,0.0908513118851424,-0.4191486881148576,0.51,False,Bittrex,Kraken
01-09-2021_18-58-55,XRP/USD,100,0.32729,0.3264,0.2719300925784478,-0.4780699074215522,0.75,False,Bittrex,Coinbase Pro
01-09-2021_18-58-55,BCH/USD,100,574.975,574.26,0.12435323274925549,-0.38464676725074454,0.509,False,Bittrex,Kraken
01-09-2021_18-58-56,BTC/USD,100,40275.17,40262.97,0.030291616397887557,-0.7197083836021124,0.75,False,Coinbase Pro,Bittrex
01-09-2021_18-58-56,ETH/USD,100,1282.315,1281.15,0.0908513118851424,-0.4191486881148576,0.51,False,Bittrex,Kraken
01-09-2021_18-58-56,XRP/USD,100,0.32729,0.3264,0.2719300925784478,-0.4780699074215522,0.75,False,Bittrex,Coinbase Pro
01-09-2021_18-58-57,BCH/USD,100,575.0,574.26,0.12869565217391463,-0.6313043478260854,0.76,False,Coinbase Pro,Kraken
01-09-2021_18-58-57,BTC/USD,100,40275.17,40262.97,0.030291616397887557,-0.7197083836021124,0.75,False,Coinbase Pro,Bittrex
01-09-2021_18-58-58,ETH/USD,100,1282.26,1281.15,0.08656590707032115,-0.27343409292967885,0.36,False,Binance US,Kraken
01-09-2021_18-58-58,XRP/USD,100,0.32729,0.3263,0.3024840355648038,-0.4475159644351962,0.75,False,Bittrex,Coinbase Pro
01-09-2021_18-58-58,BCH/USD,100,575.0,574.47,0.09217391304347351,-0.6678000869565264,0.7599739999999999,False,Coinbase Pro,Kraken
01-09-2021_18-58-59,BTC/USD,100,40275.17,40262.87,0.030539908335571606,-0.7194600916644284,0.75,False,Coinbase Pro,Bittrex
01-09-2021_18-58-59,ETH/USD,100,1282.26,1280.98,0.09982374869371054,-0.5001762513062894,0.6,False,Binance US,Coinbase Pro
01-09-2021_18-59-00,XRP/USD,100,0.32729,0.3259,0.42469980751015984,-0.32530019248984016,0.75,False,Bittrex,Coinbase Pro
01-09-2021_18-59-00,BCH/USD,100,575.25,574.47,0.1355932203389783,-0.6243807796610217,0.7599739999999999,False,Coinbase Pro,Kraken
01-09-2021_18-59-01,BTC/USD,100,40265.78,40255.6,0.025282013660235296,-0.7347179863397647,0.76,False,Coinbase Pro,Kraken
01-09-2021_18-59-02,ETH/USD,100,1282.054,1280.59,0.1141917579134864,-0.6358082420865137,0.75,False,Bittrex,Coinbase Pro
01-09-2021_18-59-02,XRP/USD,100,0.327,0.3258,0.36697247706423064,-0.38302752293576936,0.75,False,Bittrex,Coinbase Pro
01-09-2021_18-59-03,BCH/USD,100,575.25,574.47,0.1355932203389783,-0.6243807796610217,0.7599739999999999,False,Coinbase Pro,Kraken
01-09-2021_18-59-04,BTC/USD,100,40262.768,40247.6,0.037672521670635874,-0.4723274783293641,0.51,False,Bittrex,Kraken
01-09-2021_18-59-04,ETH/USD,100,1281.424,1280.59,0.06508384422330626,-0.6839161557766937,0.749,False,Bittrex,Coinbase Pro
01-09-2021_18-59-04,XRP/USD,100,0.32627,0.3258,0.14405247187912648,-0.6059475281208735,0.75,False,Bittrex,Coinbase Pro
01-09-2021_18-59-05,BCH/USD,100,575.25,574.47,0.1355932203389783,-0.6243807796610217,0.7599739999999999,False,Coinbase Pro,Kraken
01-09-2021_18-59-05,BTC/USD,100,40268.53,40253.778,0.0366340663540497,-0.7133659336459504,0.75,False,Coinbase Pro,Bittrex
01-09-2021_18-59-06,ETH/USD,100,1281.424,1280.65,0.06040155327197611,-0.4485984467280239,0.509,False,Bittrex,Kraken
01-09-2021_18-59-06,XRP/USD,100,0.32627,0.3258,0.14405247187912648,-0.6059475281208735,0.75,False,Bittrex,Coinbase Pro
01-09-2021_18-59-07,BCH/USD,100,576.56,575.2,0.2358817816012037,-0.2642882183987963,0.50017,False,Coinbase Pro,Binance US
01-09-2021_18-59-07,BTC/USD,100,40269.61,40261.02,0.021331222229377896,-0.47867077777062206,0.500002,False,Coinbase Pro,Binance US
01-09-2021_18-59-08,ETH/USD,100,1281.421,1280.51,0.07109295071643576,-0.6789070492835643,0.75,False,Bittrex,Coinbase Pro
01-09-2021_18-59-08,XRP/USD,100,0.32627,0.32587,0.12259784840776396,-0.38740215159223607,0.51,False,Bittrex,Kraken
01-09-2021_18-59-09,BCH/USD,100,576.95,575.26,0.2929196637490345,-0.4670803362509655,0.76,False,Coinbase Pro,Kraken
01-09-2021_18-59-09,BTC/USD,100,40271.87,40260.37,0.02855591260102895,-0.471446087398971,0.500002,False,Coinbase Pro,Binance US
01-09-2021_18-59-10,ETH/USD,100,1281.418,1280.78,0.04978859357367541,-0.20029140642632462,0.25008,False,Bittrex,Binance US
01-09-2021_18-59-10,XRP/USD,100,0.32664,0.32587,0.23573352926769317,-0.2742664707323068,0.51,False,Bittrex,Kraken
01-09-2021_18-59-10,BCH/USD,100,576.95,575.87,0.18719126440766806,-0.3129787355923319,0.50017,False,Coinbase Pro,Binance US
01-09-2021_18-59-11,BTC/USD,100,40268.87,40261.6,0.018053647892290185,-0.4919463521077098,0.51,False,Bittrex,Kraken
01-09-2021_18-59-11,ETH/USD,100,1281.362,1280.78,0.04542041983452821,-0.2046595801654718,0.25008,False,Bittrex,Binance US
01-09-2021_18-59-12,XRP/USD,100,0.32664,0.32587,0.23573352926769317,-0.2742664707323068,0.51,False,Bittrex,Kraken
01-09-2021_18-59-12,BCH/USD,100,577.46,576.21,0.21646520971149513,-0.5435347902885048,0.76,False,Coinbase Pro,Kraken
01-09-2021_18-59-13,BTC/USD,100,40268.87,40258.8,0.025006909804024074,-0.4849930901959759,0.51,False,Bittrex,Kraken
01-09-2021_18-59-13,ETH/USD,100,1281.09,1280.396,0.05417261862944524,-0.4558273813705548,0.51,False,Kraken,Bittrex
01-09-2021_18-59-13,XRP/USD,100,0.32664,0.326,0.19593436198872582,-0.5540656380112742,0.75,False,Bittrex,Coinbase Pro
01-09-2021_18-59-14,BCH/USD,100,578.65,576.742,0.3297329992223305,-0.4202670007776695,0.75,False,Coinbase Pro,Bittrex
01-09-2021_18-59-14,BTC/USD,100,40266.82,40251.25,0.03866707130088671,-0.2113349286991133,0.250002,False,Bittrex,Binance US
01-09-2021_18-59-15,ETH/USD,100,1281.31,1280.396,0.0713332448821899,-0.2786667551178101,0.35,False,Binance US,Bittrex
01-09-2021_18-59-15,XRP/USD,100,0.32664,0.3259,0.2265491060494621,-0.5234508939505379,0.75,False,Bittrex,Coinbase Pro
01-09-2021_18-59-15,BCH/USD,100,578.65,576.305,0.40525360753478396,-0.34474639246521604,0.75,False,Coinbase Pro,Bittrex
01-09-2021_18-59-16,BTC/USD,100,40261.728,40251.25,0.026024715084267604,-0.2239772849157324,0.250002,False,Bittrex,Binance US
01-09-2021_18-59-16,ETH/USD,100,1281.31,1280.397,0.07125519975650006,-0.2787448002434999,0.35,False,Binance US,Bittrex
01-09-2021_18-59-16,XRP/USD,100,0.32664,0.3259,0.2265491060494621,-0.5234508939505379,0.75,False,Bittrex,Coinbase Pro
01-09-2021_18-59-17,BCH/USD,100,578.0,576.305,0.293252595155718,-0.05674740484428198,0.35,False,Binance US,Bittrex
01-09-2021_18-59-18,BTC/USD,100,40261.728,40251.25,0.026024715084267604,-0.2239772849157324,0.250002,False,Bittrex,Binance US
01-09-2021_18-59-18,ETH/USD,100,1281.08,1280.396,0.05339245012020866,-0.2966075498797913,0.35,False,Binance US,Bittrex
01-09-2021_18-59-19,XRP/USD,100,0.32664,0.3252,0.44085231447465006,-0.30914768552534994,0.75,False,Bittrex,Coinbase Pro
01-09-2021_18-59-20,BCH/USD,100,577.2,576.304,0.15523215523216766,-0.35474184476783227,0.5099739999999999,False,Kraken,Bittrex
01-09-2021_18-59-21,BTC/USD,100,40261.679,40246.19,0.038470824825745896,-0.7105291751742541,0.749,False,Bittrex,Coinbase Pro
01-09-2021_18-59-21,ETH/USD,100,1280.43,1279.76,0.052326171676708035,-0.707673828323292,0.76,False,Kraken,Coinbase Pro
01-09-2021_18-59-22,XRP/USD,100,0.32664,0.3254,0.3796228263531605,-0.3703771736468395,0.75,False,Bittrex,Coinbase Pro
01-09-2021_18-59-22,BCH/USD,100,577.6,576.305,0.22420360110804582,-0.12579639889195415,0.35,False,Binance US,Bittrex
01-09-2021_18-59-22,BTC/USD,100,40252.1,40234.4,0.04397286104326753,-0.21602913895673248,0.260002,False,Kraken,Binance US
01-09-2021_18-59-23,ETH/USD,100,1280.43,1279.92,0.03983036948525034,-0.7201696305147497,0.76,False,Kraken,Coinbase Pro
01-09-2021_18-59-23,XRP/USD,100,0.32664,0.3254,0.3796228263531605,-0.3703771736468395,0.75,False,Bittrex,Coinbase Pro
01-09-2021_18-59-23,BCH/USD,100,577.69,576.305,0.2397479617095855,-0.2702520382904145,0.51,False,Kraken,Bittrex
01-09-2021_18-59-24,BTC/USD,100,40252.1,40239.73,0.030731315881644298,-0.22927068411835572,0.260002,False,Kraken,Binance US
01-09-2021_18-59-24,ETH/USD,100,1280.43,1280.03,0.031239505478635375,-0.7287604945213646,0.76,False,Kraken,Coinbase Pro
01-09-2021_18-59-24,XRP/USD,100,0.32664,0.3254,0.3796228263531605,-0.3703771736468395,0.75,False,Bittrex,Coinbase Pro
01-09-2021_18-59-25,BCH/USD,100,577.98,576.305,0.2898024153085,-0.4601975846915,0.75,False,Coinbase Pro,Bittrex
01-09-2021_18-59-25,BTC/USD,100,40252.1,40246.19,0.014682463772067089,-0.745317536227933,0.76,False,Kraken,Coinbase Pro
01-09-2021_18-59-26,ETH/USD,100,1280.43,1280.14,0.022648641472002656,-0.23743135852799738,0.26008000000000003,False,Kraken,Binance US
01-09-2021_18-59-26,XRP/USD,100,0.32664,0.3255,0.34900808229242425,-0.40099191770757575,0.75,False,Bittrex,Coinbase Pro
01-09-2021_18-59-26,BCH/USD,100,577.98,576.305,0.2898024153085,-0.4601975846915,0.75,False,Coinbase Pro,Bittrex
01-09-2021_18-59-27,BTC/USD,100,40252.1,40248.11,0.009912526302970437,-0.25008947369702955,0.260002,False,Kraken,Binance US
01-09-2021_18-59-27,ETH/USD,100,1281.16,1280.2,0.07493209279091106,-0.5250679072090889,0.6,False,Binance US,Coinbase Pro
01-09-2021_18-59-27,XRP/USD,100,0.32664,0.3255,0.34900808229242425,-0.40099191770757575,0.75,False,Bittrex,Coinbase Pro
01-09-2021_18-59-28,BCH/USD,100,578.3,576.305,0.3449766557150276,-0.4050233442849724,0.75,False,Coinbase Pro,Bittrex
01-09-2021_18-59-28,BTC/USD,100,40252.1,40242.01,0.02506701513708976,-0.23493498486291026,0.260002,False,Kraken,Binance US
01-09-2021_18-59-28,ETH/USD,100,1281.01,1280.06,0.07416023294119839,-0.5258397670588015,0.6,False,Binance US,Coinbase Pro
01-09-2021_18-59-29,XRP/USD,100,0.32664,0.3256,0.318393338231688,-0.431606661768312,0.75,False,Bittrex,Coinbase Pro
01-09-2021_18-59-29,BCH/USD,100,578.3,576.305,0.3449766557150276,-0.4050233442849724,0.75,False,Coinbase Pro,Bittrex
01-09-2021_18-59-30,BTC/USD,100,40252.1,40247.82,0.010632985608201402,-0.24936901439179862,0.260002,False,Kraken,Binance US
01-09-2021_18-59-30,ETH/USD,100,1281.01,1280.397,0.04785286609784907,-0.3021471339021509,0.35,False,Binance US,Bittrex
01-09-2021_18-59-30,XRP/USD,100,0.32664,0.3256,0.318393338231688,-0.431606661768312,0.75,False,Bittrex,Coinbase Pro
01-09-2021_18-59-31,BCH/USD,100,578.31,577.68,0.1089381127768836,-0.2510618872231164,0.36,False,Binance US,Kraken
01-09-2021_18-59-32,BTC/USD,100,40254.57,40248.997,0.013844390835616137,-0.33615560916438386,0.35,False,Binance US,Bittrex
01-09-2021_18-59-32,ETH/USD,100,1281.01,1280.396,0.047930929500943215,-0.30206907049905674,0.35,False,Binance US,Bittrex
01-09-2021_18-59-32,XRP/USD,100,0.32664,0.3254,0.3796228263531605,-0.3703771736468395,0.75,False,Bittrex,Coinbase Pro
01-09-2021_18-59-33,BCH/USD,100,577.92,577.55,0.06402270210409824,-0.4361472978959018,0.50017,False,Coinbase Pro,Binance US
01-09-2021_18-59-33,BTC/USD,100,40252.1,40244.73,0.018309603722527133,-0.24169239627747288,0.260002,False,Kraken,Binance US
01-09-2021_18-59-34,ETH/USD,100,1280.64,1280.05,0.046070714642690025,-0.5539292853573099,0.6,False,Binance US,Coinbase Pro
01-09-2021_18-59-34,XRP/USD,100,0.32664,0.32543,0.3704384031349464,-0.1395615968650536,0.51,False,Bittrex,Kraken
01-09-2021_18-59-35,BCH/USD,100,577.696,576.98,0.12394061928765443,-0.12622938071234557,0.25017,False,Bittrex,Binance US
01-09-2021_18-59-36,BTC/USD,100,40252.71,40242.93,0.02429650078218047,-0.47570549921781946,0.500002,False,Coinbase Pro,Binance US
01-09-2021_18-59-36,ETH/USD,100,1280.64,1280.05,0.046070714642690025,-0.5539292853573099,0.6,False,Binance US,Coinbase Pro
01-09-2021_18-59-36,XRP/USD,100,0.32664,0.32543,0.3704384031349464,-0.1395615968650536,0.51,False,Bittrex,Kraken
01-09-2021_18-59-37,BCH/USD,100,576.96,576.46,0.08666112035496394,-0.4135088796450361,0.50017,False,Coinbase Pro,Binance US
01-09-2021_18-59-38,BTC/USD,100,40256.6,40242.93,0.033957164787881376,-0.4660448352121186,0.500002,False,Coinbase Pro,Binance US
01-09-2021_18-59-38,ETH/USD,100,1280.43,1280.02,0.032020493115600374,-0.7279795068843996,0.76,False,Kraken,Coinbase Pro
01-09-2021_18-59-38,XRP/USD,100,0.326,0.32544,0.171779141104296,-0.33822085889570397,0.51,False,Bittrex,Kraken
01-09-2021_18-59-39,BCH/USD,100,577.69,576.953,0.12757707420936487,-0.6224229257906351,0.75,False,Coinbase Pro,Bittrex
01-09-2021_18-59-39,BTC/USD,100,40257.4,40236.907,0.0509049267960728,-0.6980950732039272,0.749,False,Coinbase Pro,Bittrex
01-09-2021_18-59-40,ETH/USD,100,1280.43,1280.01,0.032801480752565365,-0.7271985192474346,0.76,False,Kraken,Coinbase Pro
01-09-2021_18-59-40,XRP/USD,100,0.326,0.32568,0.09815950920245,-0.41184049079755003,0.51,False,Bittrex,Kraken
01-09-2021_18-59-40,BCH/USD,100,577.81,576.953,0.1483186514598174,-0.6016813485401826,0.75,False,Coinbase Pro,Bittrex
01-09-2021_18-59-41,BTC/USD,100,40258.85,40236.9,0.054522173385471995,-0.6954778266145281,0.75,False,Coinbase Pro,Bittrex
01-09-2021_18-59-41,ETH/USD,100,1281.05,1280.01,0.0811834042387076,-0.5188165957612924,0.6,False,Binance US,Coinbase Pro
01-09-2021_18-59-42,XRP/USD,100,0.326,0.32578,0.0674846625766865,-0.2925153374233135,0.36,False,Binance US,Kraken
01-09-2021_18-59-42,BCH/USD,100,577.81,577.17,0.11076305359893156,-0.6492369464010684,0.76,False,Coinbase Pro,Kraken
01-09-2021_18-59-43,BTC/USD,100,40258.85,40236.9,0.054522173385471995,-0.6954778266145281,0.75,False,Coinbase Pro,Bittrex
01-09-2021_18-59-43,ETH/USD,100,1281.05,1280.292,0.05917021193552462,-0.29082978806447535,0.35,False,Binance US,Bittrex
01-09-2021_18-59-43,XRP/USD,100,0.32626,0.32578,0.14712192729724158,-0.36286807270275834,0.5099899999999999,False,Bittrex,Kraken
01-09-2021_18-59-44,BCH/USD,100,577.89,577.13,0.13151291768329457,-0.36865708231670546,0.50017,False,Coinbase Pro,Binance US
01-09-2021_18-59-44,BTC/USD,100,40258.85,40236.9,0.054522173385471995,-0.6954778266145281,0.75,False,Coinbase Pro,Bittrex
01-09-2021_18-59-44,ETH/USD,100,1281.05,1280.292,0.05917021193552462,-0.29082978806447535,0.35,False,Binance US,Bittrex
01-09-2021_18-59-45,XRP/USD,100,0.32626,0.3259,0.11034144547292694,-0.639648554527073,0.7499899999999999,False,Bittrex,Coinbase Pro
01-09-2021_18-59-45,BCH/USD,100,577.89,577.13,0.13151291768329457,-0.36865708231670546,0.50017,False,Coinbase Pro,Binance US
01-09-2021_18-59-46,BTC/USD,100,40260.04,40236.9,0.057476346272878565,-0.6925236537271214,0.75,False,Coinbase Pro,Bittrex
01-09-2021_18-59-46,ETH/USD,100,1281.16,1280.292,0.06775110056512577,-0.2822488994348742,0.35,False,Binance US,Bittrex
01-09-2021_18-59-47,XRP/USD,100,0.32626,0.3259,0.11034144547292694,-0.639648554527073,0.7499899999999999,False,Bittrex,Coinbase Pro
01-09-2021_18-59-48,BCH/USD,100,577.62,576.8,0.14196184342648283,-0.6180381565735171,0.76,False,Coinbase Pro,Kraken
01-09-2021_18-59-48,BTC/USD,100,40260.04,40236.907,0.05745895930555864,-0.6915410406944413,0.749,False,Coinbase Pro,Bittrex
01-09-2021_18-59-49,ETH/USD,100,1281.21,1280.292,0.07165101739762568,-0.2783489826023743,0.35,False,Binance US,Bittrex
01-09-2021_18-59-49,XRP/USD,100,0.32656,0.32603,0.16229789318962226,-0.3477021068103777,0.51,False,Bittrex,Kraken
01-09-2021_18-59-49,BCH/USD,100,577.62,576.83,0.13676811744745052,-0.6232318825525495,0.76,False,Coinbase Pro,Kraken
01-09-2021_18-59-50,BTC/USD,100,40260.04,40236.907,0.05745895930555864,-0.6915410406944413,0.749,False,Coinbase Pro,Bittrex
01-09-2021_18-59-51,ETH/USD,100,1281.2,1280.292,0.07087105838277624,-0.27912894161722374,0.35,False,Binance US,Bittrex
01-09-2021_18-59-51,XRP/USD,100,0.32656,0.3261,0.1408623223909897,-0.6091376776090103,0.75,False,Bittrex,Coinbase Pro
01-09-2021_18-59-52,BCH/USD,100,577.63,576.83,0.13849696172289433,-0.6215030382771056,0.76,False,Coinbase Pro,Kraken
01-09-2021_18-59-52,BTC/USD,100,40260.04,40236.907,0.05745895930555864,-0.6915410406944413,0.749,False,Coinbase Pro,Bittrex
01-09-2021_18-59-52,ETH/USD,100,1281.31,1280.292,0.07944993795412736,-0.2705500620458726,0.35,False,Binance US,Bittrex
01-09-2021_18-59-53,XRP/USD,100,0.32656,0.326,0.1714845663890265,-0.5785154336109735,0.75,False,Bittrex,Coinbase Pro
01-09-2021_18-59-53,BCH/USD,100,577.63,576.74,0.15407786991672634,-0.34609213008327366,0.50017,False,Coinbase Pro,Binance US
01-09-2021_18-59-54,BTC/USD,100,40258.86,40236.907,0.054529611618414776,-0.6944703883815853,0.749,False,Coinbase Pro,Bittrex
01-09-2021_18-59-54,ETH/USD,100,1281.31,1280.29,0.07960602820550701,-0.270393971794493,0.35,False,Binance US,Bittrex
01-09-2021_18-59-55,XRP/USD,100,0.32656,0.326,0.1714845663890265,-0.5785154336109735,0.75,False,Bittrex,Coinbase Pro
01-09-2021_18-59-55,BCH/USD,100,577.542,576.74,0.13886435964830626,-0.11130564035169374,0.25017,False,Bittrex,Binance US
01-09-2021_18-59-56,BTC/USD,100,40258.86,40236.907,0.054529611618414776,-0.6944703883815853,0.749,False,Coinbase Pro,Bittrex
01-09-2021_18-59-56,ETH/USD,100,1281.24,1280.29,0.07414692017108782,-0.27585307982891216,0.35,False,Binance US,Bittrex
01-09-2021_18-59-56,XRP/USD,100,0.32656,0.326,0.1714845663890265,-0.5785154336109735,0.75,False,Bittrex,Coinbase Pro
01-09-2021_18-59-57,BCH/USD,100,577.542,576.74,0.13886435964830626,-0.11130564035169374,0.25017,False,Bittrex,Binance US
01-09-2021_18-59-57,BTC/USD,100,40257.43,40236.907,0.05097940926681373,-0.6980205907331862,0.749,False,Coinbase Pro,Bittrex
01-09-2021_18-59-57,ETH/USD,100,1281.31,1280.29,0.07960602820550701,-0.270393971794493,0.35,False,Binance US,Bittrex
01-09-2021_18-59-58,XRP/USD,100,0.32656,0.3255,0.32459578637922754,-0.42540421362077246,0.75,False,Bittrex,Coinbase Pro
01-09-2021_18-59-58,BCH/USD,100,577.55,576.87,0.11773872391999828,-0.2422612760800017,0.36,False,Binance US,Kraken
01-09-2021_18-59-59,BTC/USD,100,40257.43,40236.907,0.05097940926681373,-0.6980205907331862,0.749,False,Coinbase Pro,Bittrex
01-09-2021_18-59-59,ETH/USD,100,1281.57,1280.68,0.06944607005468861,-0.6905539299453114,0.76,False,Coinbase Pro,Kraken
01-09-2021_19-00-00,XRP/USD,100,0.327,0.3255,0.4587155963302756,-0.2912844036697244,0.75,False,Bittrex,Coinbase Pro
01-09-2021_19-00-00,BCH/USD,100,577.91,576.87,0.17995881711684583,-0.5800411828831542,0.76,False,Coinbase Pro,Kraken
01-09-2021_19-00-01,BTC/USD,100,40256.8,40236.907,0.049415254068886916,-0.4595847459311131,0.509,False,Kraken,Bittrex
01-09-2021_19-00-01,ETH/USD,100,1282.44,1280.68,0.13723838932035737,-0.22276161067964262,0.36,False,Binance US,Kraken
01-09-2021_19-00-02,XRP/USD,100,0.327,0.3256,0.42813455657492727,-0.32186544342507273,0.75,False,Bittrex,Coinbase Pro
01-09-2021_19-00-02,BCH/USD,100,578.27,577.22,0.1815760803776704,-0.07859391962232962,0.26017,False,Kraken,Binance US
01-09-2021_19-00-03,BTC/USD,100,40260.1,40236.907,0.05760790460033458,-0.6913920953996654,0.749,False,Coinbase Pro,Bittrex
01-09-2021_19-00-03,ETH/USD,100,1284.04,1281.86,0.1697766424722021,-0.1902233575277979,0.36,False,Binance US,Kraken
01-09-2021_19-00-04,XRP/USD,100,0.327,0.3256,0.42813455657492727,-0.32186544342507273,0.75,False,Bittrex,Coinbase Pro
01-09-2021_19-00-05,BCH/USD,100,578.69,577.22,0.25402201524132556,-0.24614798475867444,0.50017,False,Coinbase Pro,Binance US
01-09-2021_19-00-05,BTC/USD,100,40261.31,40236.907,0.06061153996230731,-0.6883884600376927,0.749,False,Coinbase Pro,Bittrex
01-09-2021_19-00-06,ETH/USD,100,1285.61,1282.998,0.20317203506505496,-0.14682796493494502,0.35,False,Binance US,Bittrex
01-09-2021_19-00-06,XRP/USD,100,0.327,0.3258,0.36697247706423064,-0.38302752293576936,0.75,False,Bittrex,Coinbase Pro
01-09-2021_19-00-06,BCH/USD,100,578.69,577.22,0.25402201524132556,-0.24614798475867444,0.50017,False,Coinbase Pro,Binance US
01-09-2021_19-00-07,BTC/USD,100,40268.24,40256.8,0.028409485986959082,-0.731590514013041,0.76,False,Coinbase Pro,Kraken
01-09-2021_19-00-07,ETH/USD,100,1285.05,1281.398,0.2841912766040266,-0.06580872339597338,0.35,False,Binance US,Bittrex
01-09-2021_19-00-08,XRP/USD,100,0.327,0.3259,0.3363914373088654,-0.4136085626911346,0.75,False,Bittrex,Coinbase Pro
01-09-2021_19-00-08,BCH/USD,100,578.69,577.22,0.25402201524132556,-0.24614798475867444,0.50017,False,Coinbase Pro,Binance US
01-09-2021_19-00-09,BTC/USD,100,40279.699,40256.8,0.05684997795042514,-0.4531500220495749,0.51,False,Bittrex,Kraken
01-09-2021_19-00-09,ETH/USD,100,1285.04,1282.994,0.1592168337172422,-0.18978316628275776,0.349,False,Binance US,Bittrex
01-09-2021_19-00-10,XRP/USD,100,0.327,0.3258,0.36697247706423064,-0.38302752293576936,0.75,False,Bittrex,Coinbase Pro
01-09-2021_19-00-10,BCH/USD,100,579.45,577.82,0.2813012339287247,-0.4786987660712753,0.76,False,Coinbase Pro,Kraken
01-09-2021_19-00-11,BTC/USD,100,40279.699,40256.8,0.05684997795042514,-0.4531500220495749,0.51,False,Bittrex,Kraken
01-09-2021_19-00-11,ETH/USD,100,1285.05,1282.999,0.15960468464261554,-0.19039531535738444,0.35,False,Binance US,Bittrex
01-09-2021_19-00-12,XRP/USD,100,0.32687,0.326,0.26616085905711195,-0.49383914094288806,0.76,False,Kraken,Coinbase Pro
01-09-2021_19-00-12,BCH/USD,100,581.26,578.795,0.42407872552730824,-0.32592127447269176,0.75,False,Coinbase Pro,Bittrex
01-09-2021_19-00-13,BTC/USD,100,40278.34,40256.8,0.053477874212277864,-0.7065221257877221,0.76,False,Coinbase Pro,Kraken
01-09-2021_19-00-13,ETH/USD,100,1285.04,1283.145,0.14746622673224039,-0.2025337732677596,0.35,False,Binance US,Bittrex
01-09-2021_19-00-13,XRP/USD,100,0.32687,0.326,0.26616085905711195,-0.49383914094288806,0.76,False,Kraken,Coinbase Pro
01-09-2021_19-00-14,BCH/USD,100,580.95,578.795,0.37094414321371655,-0.37905585678628345,0.75,False,Coinbase Pro,Bittrex
01-09-2021_19-00-14,BTC/USD,100,40278.34,40256.8,0.053477874212277864,-0.7065221257877221,0.76,False,Coinbase Pro,Kraken
01-09-2021_19-00-15,ETH/USD,100,1285.61,1283.145,0.1917377742861302,-0.15826222571386978,0.35,False,Binance US,Bittrex
01-09-2021_19-00-15,XRP/USD,100,0.32686,0.326,0.2631095882028917,-0.4968904117971083,0.76,False,Kraken,Coinbase Pro
01-09-2021_19-00-16,BCH/USD,100,581.46,579.795,0.2863481580848342,-0.4636518419151658,0.75,False,Coinbase Pro,Bittrex
01-09-2021_19-00-16,BTC/USD,100,40276.24,40256.8,0.04826667037438215,-0.7117333296256179,0.76,False,Coinbase Pro,Kraken
01-09-2021_19-00-17,ETH/USD,100,1286.35,1283.145,0.24915458467757043,-0.10084541532242955,0.35,False,Binance US,Bittrex
01-09-2021_19-00-17,XRP/USD,100,0.32698,0.3263,0.20796378983424488,-0.5420362101657551,0.75,False,Bittrex,Coinbase Pro
01-09-2021_19-00-17,BCH/USD,100,581.46,579.795,0.2863481580848342,-0.4636518419151658,0.75,False,Coinbase Pro,Bittrex
01-09-2021_19-00-18,BTC/USD,100,40285.86,40256.8,0.07213449086105564,-0.2878655091389444,0.36,False,Binance US,Kraken
01-09-2021_19-00-18,ETH/USD,100,1286.35,1283.145,0.24915458467757043,-0.10084541532242955,0.35,False,Binance US,Bittrex
01-09-2021_19-00-19,XRP/USD,100,0.32698,0.3264,0.17738087956449,-0.57261912043551,0.75,False,Bittrex,Coinbase Pro
01-09-2021_19-00-19,BCH/USD,100,582.92,581.166,0.3008989226651866,-0.4491010773348134,0.75,False,Coinbase Pro,Bittrex
01-09-2021_19-00-20,BTC/USD,100,40299.23,40256.8,0.10528737149568437,-0.6547126285043157,0.76,False,Coinbase Pro,Kraken
01-09-2021_19-00-20,ETH/USD,100,1287.0,1284.996,0.15571095571094837,-0.1932890442890516,0.349,False,Binance US,Bittrex
01-09-2021_19-00-21,XRP/USD,100,0.3273,0.3267,0.1833180568285944,-0.4166819431714056,0.6,False,Binance US,Coinbase Pro
01-09-2021_19-00-21,BCH/USD,100,584.12,581.952,0.37115661165514047,-0.37884338834485953,0.75,False,Coinbase Pro,Bittrex
01-09-2021_19-00-22,BTC/USD,100,40297.18,40256.8,0.10020552306637184,-0.6597944769336281,0.76,False,Coinbase Pro,Kraken
01-09-2021_19-00-22,ETH/USD,100,1287.43,1285.0,0.18874812611171587,-0.1612518738882841,0.35,False,Binance US,Bittrex
01-09-2021_19-00-23,XRP/USD,100,0.3271,0.3266,0.15285845307245502,-0.44714154692754493,0.6,False,Binance US,Coinbase Pro
01-09-2021_19-00-23,BCH/USD,100,583.64,582.29,0.23130697005003475,-0.028863029949965258,0.26017,False,Kraken,Binance US
01-09-2021_19-00-24,BTC/USD,100,40296.78,40284.0,0.0317146928364967,-0.7282853071635033,0.76,False,Coinbase Pro,Kraken
01-09-2021_19-00-24,ETH/USD,100,1286.99,1284.999,0.15470205673703646,-0.1952979432629635,0.35,False,Binance US,Bittrex
01-09-2021_19-00-24,XRP/USD,100,0.327,0.3266,0.12232415902141022,-0.6276758409785897,0.75,False,Bittrex,Coinbase Pro
01-09-2021_19-00-24,BCH/USD,100,583.64,582.83,0.13878418203000917,-0.6212158179699908,0.76,False,Kraken,Coinbase Pro
01-09-2021_19-00-25,BTC/USD,100,40290.01,40279.826,0.025276737335138674,-0.7247232626648613,0.75,False,Coinbase Pro,Bittrex
01-09-2021_19-00-25,ETH/USD,100,1286.34,1284.999,0.10424926535751781,-0.4057507346424822,0.51,False,Kraken,Bittrex
01-09-2021_19-00-25,XRP/USD,100,0.327,0.3262,0.24464831804282045,-0.5053516819571795,0.75,False,Bittrex,Coinbase Pro
01-09-2021_19-00-26,BCH/USD,100,583.68,583.306,0.06407620614033546,-0.4459237938596645,0.51,False,Kraken,Bittrex
01-09-2021_19-00-27,BTC/USD,100,40292.8,40285.51,0.018092562442920006,-0.49164743755708007,0.5097400000000001,False,Kraken,Bittrex
01-09-2021_19-00-27,ETH/USD,100,1285.39,1282.86,0.19682742202757136,-0.5631465779724285,0.7599739999999999,False,Kraken,Coinbase Pro
01-09-2021_19-00-28,XRP/USD,100,0.32693,0.3263,0.19270180160891306,-0.557298198391087,0.75,False,Bittrex,Coinbase Pro
01-09-2021_19-00-28,BCH/USD,100,589.99,583.304,1.1332395464329963,0.7832395464329963,0.35,True,Binance US,Bittrex
01-09-2021_19-00-29,BTC/USD,100,40299.95,40285.319,0.03630525596184101,-0.31369474403815895,0.35,False,Binance US,Bittrex
01-09-2021_19-00-29,ETH/USD,100,1284.992,1283.26,0.1347868313577027,-0.11529316864229733,0.25008,False,Bittrex,Binance US
01-09-2021_19-00-30,XRP/USD,100,0.327,0.3265,0.15290519877675854,-0.4470948012232414,0.6,False,Binance US,Coinbase Pro
01-09-2021_19-00-30,BCH/USD,100,584.7,583.47,0.2103642893791719,-0.1496357106208281,0.36,False,Binance US,Kraken
01-09-2021_19-00-31,BTC/USD,100,40313.29,40292.8,0.05082691092688779,-0.7089130890731123,0.7597400000000001,False,Coinbase Pro,Kraken
01-09-2021_19-00-31,ETH/USD,100,1285.2,1283.26,0.15094926859633165,-0.6090507314036684,0.76,False,Coinbase Pro,Kraken
01-09-2021_19-00-31,XRP/USD,100,0.3271,0.32657,0.16202996025679453,-0.19797003974320546,0.36,False,Binance US,Kraken
01-09-2021_19-00-32,BCH/USD,100,585.18,583.59,0.27171126832768006,-0.08828873167231993,0.36,False,Binance US,Kraken
01-09-2021_19-00-32,BTC/USD,100,40322.72,40292.8,0.07420134356015232,-0.28553865643984777,0.35974000000000006,False,Binance US,Kraken
01-09-2021_19-00-33,ETH/USD,100,1286.36,1284.991,0.10642432911470465,-0.24357567088529533,0.35,False,Binance US,Bittrex
01-09-2021_19-00-34,XRP/USD,100,0.328,0.3271,0.27439024390244265,-0.47560975609755735,0.75,False,Bittrex,Coinbase Pro
01-09-2021_19-00-34,BCH/USD,100,585.22,584.138,0.18488773452718524,-0.3251122654728148,0.51,False,Kraken,Bittrex
01-09-2021_19-00-35,BTC/USD,100,40334.0,40299.0,0.08677542519958348,-0.6732245748004165,0.76,False,Coinbase Pro,Kraken
01-09-2021_19-00-35,ETH/USD,100,1286.5,1284.999,0.11667314418966003,-0.63332685581034,0.75,False,Coinbase Pro,Bittrex
01-09-2021_19-00-36,XRP/USD,100,0.328,0.32769,0.09451219512196112,-0.4154878048780389,0.51,False,Bittrex,Kraken
01-09-2021_19-00-36,BCH/USD,100,587.06,584.878,0.37168262187849677,0.02168262187849679,0.35,True,Binance US,Bittrex
01-09-2021_19-00-37,BTC/USD,100,40333.42,40299.0,0.08533865960287586,-0.6746613403971241,0.76,False,Coinbase Pro,Kraken
01-09-2021_19-00-37,ETH/USD,100,1287.43,1284.999,0.18882580023768594,-0.16117419976231404,0.35,False,Binance US,Bittrex
01-09-2021_19-00-37,XRP/USD,100,0.328,0.32769,0.09451219512196112,-0.26548780487803886,0.36,False,Binance US,Kraken
01-09-2021_19-00-38,BCH/USD,100,587.02,584.878,0.36489387073693214,0.014893870736932158,0.35,True,Binance US,Bittrex
01-09-2021_19-00-38,BTC/USD,100,40333.42,40299.0,0.08533865960287586,-0.6746613403971241,0.76,False,Coinbase Pro,Kraken
01-09-2021_19-00-39,ETH/USD,100,1287.43,1284.999,0.18882580023768594,-0.16117419976231404,0.35,False,Binance US,Bittrex
01-09-2021_19-00-39,XRP/USD,100,0.3284,0.3279,0.15225334957369074,-0.44774665042630923,0.6,False,Binance US,Coinbase Pro
01-09-2021_19-00-40,BCH/USD,100,587.72,585.77,0.33179064860818847,-0.41820935139181153,0.75,False,Coinbase Pro,Bittrex
01-09-2021_19-00-40,BTC/USD,100,40311.48,40299.0,0.030958922867637705,-0.3290410771323623,0.36,False,Binance US,Kraken
01-09-2021_19-00-41,ETH/USD,100,1287.43,1284.999,0.18882580023768594,-0.16117419976231404,0.35,False,Binance US,Bittrex
01-09-2021_19-00-41,XRP/USD,100,0.3284,0.328,0.12180267965895597,-0.478197320341044,0.6,False,Binance US,Coinbase Pro
01-09-2021_19-00-41,BCH/USD,100,587.72,585.77,0.33179064860818847,-0.41820935139181153,0.75,False,Coinbase Pro,Bittrex
01-09-2021_19-00-42,BTC/USD,100,40311.48,40299.0,0.030958922867637705,-0.3290410771323623,0.36,False,Binance US,Kraken
01-09-2021_19-00-42,ETH/USD,100,1287.43,1286.34,0.08466479730937958,-0.2753352026906204,0.36,False,Binance US,Kraken
01-09-2021_19-00-43,XRP/USD,100,0.3283,0.3279,0.12183978068838135,-0.4781602193116186,0.6,False,Binance US,Coinbase Pro
01-09-2021_19-00-43,BCH/USD,100,587.07,585.46,0.2742432759296189,-0.0857567240703811,0.36,False,Binance US,Kraken
01-09-2021_19-00-43,BTC/USD,100,40326.37,40299.0,0.06787122173407281,-0.2921287782659272,0.36,False,Binance US,Kraken
01-09-2021_19-00-44,ETH/USD,100,1287.43,1286.2,0.09553917494543535,-0.26446082505456464,0.36,False,Binance US,Kraken
01-09-2021_19-00-44,XRP/USD,100,0.3282,0.3279,0.0914076782449625,-0.5085923217550374,0.6,False,Binance US,Coinbase Pro
01-09-2021_19-00-44,BCH/USD,100,586.83,584.96,0.31866128180222625,-0.43133871819777375,0.75,False,Bittrex,Coinbase Pro
01-09-2021_19-00-45,BTC/USD,100,40326.36,40299.0,0.06784644088878981,-0.29215355911121016,0.36,False,Binance US,Kraken
01-09-2021_19-00-45,ETH/USD,100,1287.43,1286.2,0.09553917494543535,-0.26446082505456464,0.36,False,Binance US,Kraken
01-09-2021_19-00-45,XRP/USD,100,0.3282,0.32778,0.12797074954295426,-0.2320292204570458,0.35999997000000006,False,Binance US,Kraken
01-09-2021_19-00-46,BCH/USD,100,586.391,584.63,0.3003115668555567,-0.4496884331444433,0.75,False,Bittrex,Coinbase Pro
01-09-2021_19-00-46,BTC/USD,100,40322.58,40299.0,0.058478400935658745,-0.30152159906434123,0.36,False,Binance US,Kraken
01-09-2021_19-00-47,ETH/USD,100,1287.43,1286.2,0.09553917494543535,-0.26446082505456464,0.36,False,Binance US,Kraken
01-09-2021_19-00-47,XRP/USD,100,0.3284,0.32778,0.1887941534713792,-0.17120581652862085,0.35999997000000006,False,Binance US,Kraken
01-09-2021_19-00-47,BCH/USD,100,586.391,584.63,0.3003115668555567,-0.4496884331444433,0.75,False,Bittrex,Coinbase Pro
01-09-2021_19-00-48,BTC/USD,100,40324.16,40299.0,0.062394356137867445,-0.6976056438621325,0.76,False,Coinbase Pro,Kraken
01-09-2021_19-00-48,ETH/USD,100,1287.43,1286.704,0.056391415455606345,-0.29260858454439365,0.349,False,Binance US,Bittrex
01-09-2021_19-00-48,XRP/USD,100,0.32841,0.3279,0.15529368776832467,-0.6047063122316754,0.76,False,Kraken,Coinbase Pro
01-09-2021_19-00-49,BCH/USD,100,585.74,584.34,0.2390138969508617,-0.36098610304913825,0.6,False,Binance US,Coinbase Pro
01-09-2021_19-00-49,BTC/USD,100,40326.36,40299.0,0.06784644088878981,-0.29215355911121016,0.36,False,Binance US,Kraken
01-09-2021_19-00-50,ETH/USD,100,1287.43,1286.23,0.09320895116628054,-0.5067910488337194,0.6,False,Binance US,Coinbase Pro
01-09-2021_19-00-50,XRP/USD,100,0.32841,0.3279,0.15529368776832467,-0.6047063122316754,0.76,False,Kraken,Coinbase Pro
01-09-2021_19-00-50,BCH/USD,100,585.513,584.31,0.2054608522782736,-0.3045391477217264,0.51,False,Bittrex,Kraken
01-09-2021_19-00-51,BTC/USD,100,40326.36,40299.0,0.06784644088878981,-0.29215355911121016,0.36,False,Binance US,Kraken
01-09-2021_19-00-51,ETH/USD,100,1287.43,1286.704,0.056391415455606345,-0.29260858454439365,0.349,False,Binance US,Bittrex
01-09-2021_19-00-52,XRP/USD,100,0.32841,0.3282,0.06394445966931214,-0.6960555403306878,0.76,False,Kraken,Coinbase Pro
01-09-2021_19-00-52,BCH/USD,100,585.72,584.31,0.2407293587379775,-0.1192706412620225,0.36,False,Binance US,Kraken
01-09-2021_19-00-53,BTC/USD,100,40348.34,40299.0,0.1222850803775236,-0.6377149196224764,0.76,False,Coinbase Pro,Kraken
01-09-2021_19-00-53,ETH/USD,100,1287.65,1286.703,0.07354482972858435,-0.43645517027141567,0.51,False,Kraken,Bittrex
01-09-2021_19-00-54,XRP/USD,100,0.32859,0.3281,0.1491220061474757,-0.6008679938525242,0.7499899999999999,False,Bittrex,Coinbase Pro
01-09-2021_19-00-54,BCH/USD,100,585.62,583.97,0.2817526723814039,0.021582672381403878,0.26017,True,Kraken,Binance US
01-09-2021_19-00-55,BTC/USD,100,40346.82,40299.0,0.118522351947439,-0.641477648052561,0.76,False,Coinbase Pro,Kraken
01-09-2021_19-00-55,ETH/USD,100,1287.65,1286.703,0.07354482972858435,-0.43645517027141567,0.51,False,Kraken,Bittrex
01-09-2021_19-00-55,XRP/USD,100,0.32859,0.3281,0.1491220061474757,-0.6008679938525242,0.7499899999999999,False,Bittrex,Coinbase Pro
01-09-2021_19-00-56,BCH/USD,100,585.512,583.7,0.3094727349738175,-0.2005272650261825,0.51,False,Bittrex,Kraken
01-09-2021_19-00-56,BTC/USD,100,40346.82,40299.0,0.118522351947439,-0.641477648052561,0.76,False,Coinbase Pro,Kraken
01-09-2021_19-00-57,ETH/USD,100,1287.58,1286.703,0.06811227263548306,-0.4418617273645169,0.5099739999999999,False,Kraken,Bittrex
01-09-2021_19-00-57,XRP/USD,100,0.32859,0.3281,0.1491220061474757,-0.6008679938525242,0.7499899999999999,False,Bittrex,Coinbase Pro
01-09-2021_19-00-57,BCH/USD,100,585.95,583.7,0.3839918081747589,0.023991808174758933,0.36,True,Binance US,Kraken
01-09-2021_19-00-58,BTC/USD,100,40335.55,40311.2,0.06036858304896257,-0.2993714169510375,0.35974000000000006,False,Binance US,Kraken
01-09-2021_19-00-58,ETH/USD,100,1288.492,1287.23,0.09794395308623909,-0.652056046913761,0.75,False,Bittrex,Coinbase Pro
01-09-2021_19-00-59,XRP/USD,100,0.32859,0.3283,0.08825588118932787,-0.661734118810672,0.7499899999999999,False,Bittrex,Coinbase Pro
01-09-2021_19-00-59,BCH/USD,100,586.36,584.77,0.2711644723378184,-0.08883552766218161,0.36,False,Binance US,Kraken
01-09-2021_19-00-59,BTC/USD,100,40335.55,40311.2,0.06036858304896257,-0.2993714169510375,0.35974000000000006,False,Binance US,Kraken
01-09-2021_19-01-00,ETH/USD,100,1288.492,1287.57,0.0715565172309976,-0.4384434827690024,0.51,False,Bittrex,Kraken
01-09-2021_19-01-01,XRP/USD,100,0.32859,0.3284,0.05782281871023706,-0.6921671812897628,0.7499899999999999,False,Bittrex,Coinbase Pro
01-09-2021_19-01-01,BCH/USD,100,586.965,583.91,0.5204739635242414,0.27030396352424135,0.25017,True,Bittrex,Binance US
01-09-2021_19-01-02,BTC/USD,100,40349.63,40325.1,0.06079361818187388,-0.6992063818181261,0.76,False,Coinbase Pro,Kraken
01-09-2021_19-01-03,ETH/USD,100,1288.53,1288.13,0.031043126663706982,-0.328930873336293,0.359974,False,Binance US,Kraken
01-09-2021_19-01-03,XRP/USD,100,0.32983,0.3284,0.4335566807143033,-0.3164333192856966,0.7499899999999999,False,Bittrex,Coinbase Pro
01-09-2021_19-01-04,BCH/USD,100,586.962,583.91,0.5199655173588785,0.2697955173588785,0.25017,True,Bittrex,Binance US
01-09-2021_19-01-04,BTC/USD,100,40373.53,40325.1,0.1199548317920189,-0.24004516820798108,0.36,False,Binance US,Kraken
01-09-2021_19-01-05,ETH/USD,100,1289.0,1288.38,0.04809930178432047,-0.7118746982156795,0.7599739999999999,False,Coinbase Pro,Kraken
01-09-2021_19-01-05,XRP/USD,100,0.32871,0.32842,0.08822366219464345,-0.42177633780535656,0.51,False,Bittrex,Kraken
01-09-2021_19-01-06,BCH/USD,100,586.962,583.91,0.5199655173588785,0.2697955173588785,0.25017,True,Bittrex,Binance US
01-09-2021_19-01-06,BTC/USD,100,40376.6,40341.3,0.08742687596279934,-0.27257312403720063,0.36,False,Binance US,Kraken
01-09-2021_19-01-06,ETH/USD,100,1289.7,1288.38,0.10234938357757123,-0.2576246164224288,0.359974,False,Binance US,Kraken
01-09-2021_19-01-06,XRP/USD,100,0.3288,0.32842,0.11557177615571516,-0.2444282238442848,0.36,False,Binance US,Kraken
01-09-2021_19-01-07,BCH/USD,100,586.485,585.6,0.15089899997442235,-0.35910100002557765,0.51,False,Bittrex,Kraken
01-09-2021_19-01-07,BTC/USD,100,40384.05,40343.7,0.0999156845338836,-0.2600843154661164,0.36,False,Binance US,Kraken
01-09-2021_19-01-08,ETH/USD,100,1289.85,1288.998,0.06605419234793672,-0.28394580765206323,0.35,False,Binance US,Bittrex
01-09-2021_19-01-08,XRP/USD,100,0.329,0.32842,0.17629179331307748,-0.1837082066869225,0.36,False,Binance US,Kraken
01-09-2021_19-01-08,BCH/USD,100,586.485,585.6,0.15089899997442235,-0.35910100002557765,0.51,False,Bittrex,Kraken
01-09-2021_19-01-09,BTC/USD,100,40384.5,40343.7,0.10102886008246457,-0.6589711399175354,0.76,False,Coinbase Pro,Kraken
01-09-2021_19-01-09,ETH/USD,100,1290.45,1288.998,0.11251888875973483,-0.23748111124026516,0.35,False,Binance US,Bittrex
01-09-2021_19-01-10,XRP/USD,100,0.329,0.32871,0.08814589665653874,-0.4218541033434613,0.51,False,Kraken,Bittrex
01-09-2021_19-01-10,BCH/USD,100,586.53,585.6,0.15855966446728215,-0.20144033553271784,0.36,False,Binance US,Kraken
01-09-2021_19-01-11,BTC/USD,100,40400.0,40346.55,0.1323019801980126,-0.21769801980198739,0.35,False,Binance US,Bittrex
01-09-2021_19-01-11,ETH/USD,100,1290.82,1289.0,0.1409956461783933,-0.6080043538216067,0.749,False,Coinbase Pro,Bittrex
01-09-2021_19-01-12,XRP/USD,100,0.32944,0.3289,0.16391452161242864,-0.5860854783875713,0.75,False,Bittrex,Coinbase Pro
01-09-2021_19-01-12,BCH/USD,100,585.83,585.13,0.11948858883977356,-0.48051141116022644,0.6,False,Binance US,Coinbase Pro
01-09-2021_19-01-13,BTC/USD,100,40403.85,40346.55,0.1418181683181074,-0.6081818316818925,0.75,False,Coinbase Pro,Bittrex
01-09-2021_19-01-13,ETH/USD,100,1291.53,1288.999,0.19596912189418358,-0.1540308781058164,0.35,False,Binance US,Bittrex
01-09-2021_19-01-14,XRP/USD,100,0.32944,0.3289,0.16391452161242864,-0.5860854783875713,0.75,False,Bittrex,Coinbase Pro
01-09-2021_19-01-14,BCH/USD,100,585.82,583.94,0.32091768802703824,-0.03908231197296175,0.36,False,Binance US,Kraken
01-09-2021_19-01-14,BTC/USD,100,40423.0,40376.859,0.11414541226530256,-0.23585458773469742,0.35,False,Binance US,Bittrex
01-09-2021_19-01-15,ETH/USD,100,1291.99,1289.0,0.23142593982925636,-0.11757406017074362,0.349,False,Binance US,Bittrex
01-09-2021_19-01-15,XRP/USD,100,0.32944,0.3289,0.16391452161242864,-0.5860854783875713,0.75,False,Bittrex,Coinbase Pro
01-09-2021_19-01-15,BCH/USD,100,585.809,583.94,0.31904596890794007,-0.19095403109205994,0.51,False,Bittrex,Kraken
01-09-2021_19-01-16,BTC/USD,100,40434.76,40377.809,0.14084663789274607,-0.2091533621072539,0.35,False,Binance US,Bittrex
01-09-2021_19-01-16,ETH/USD,100,1292.28,1289.0,0.2538149627015796,-0.09518503729842037,0.349,False,Binance US,Bittrex
01-09-2021_19-01-17,XRP/USD,100,0.32944,0.329,0.13355998057309248,-0.6164400194269075,0.75,False,Bittrex,Coinbase Pro
01-09-2021_19-01-17,BCH/USD,100,584.807,583.94,0.1482540393668273,-0.3617459606331727,0.51,False,Bittrex,Kraken
01-09-2021_19-01-18,BTC/USD,100,40452.95,40377.809,0.18574912336429356,-0.5642508766357064,0.75,False,Coinbase Pro,Bittrex
01-09-2021_19-01-18,ETH/USD,100,1292.6,1289.999,0.20122234256536325,-0.5487776574346368,0.75,False,Coinbase Pro,Bittrex
01-09-2021_19-01-19,XRP/USD,100,0.32959,0.3289,0.20935101186321445,-0.5406489881367855,0.75,False,Bittrex,Coinbase Pro
01-09-2021_19-01-20,BCH/USD,100,584.806,582.4,0.41141848749842896,-0.09858151250157104,0.51,False,Bittrex,Kraken
01-09-2021_19-01-21,BTC/USD,100,40461.5,40446.0,0.03830802120534335,-0.22169397879465666,0.260002,False,Kraken,Binance US
01-09-2021_19-01-21,ETH/USD,100,1292.94,1289.999,0.22746608504648558,-0.1225339149535144,0.35,False,Binance US,Bittrex
01-09-2021_19-01-22,XRP/USD,100,0.3293,0.3287,0.18220467658669584,-0.5677853234133041,0.7499899999999999,False,Bittrex,Coinbase Pro
01-09-2021_19-01-22,BCH/USD,100,583.78,582.4,0.23639042104902452,-0.2736095789509755,0.51,False,Bittrex,Kraken
01-09-2021_19-01-23,BTC/USD,100,40469.04,40449.74,0.04769077793790737,-0.7023092220620927,0.75,False,Coinbase Pro,Bittrex
01-09-2021_19-01-23,ETH/USD,100,1292.94,1289.999,0.22746608504648558,-0.1225339149535144,0.35,False,Binance US,Bittrex
01-09-2021_19-01-23,XRP/USD,100,0.3293,0.3287,0.18220467658669584,-0.5677853234133041,0.7499899999999999,False,Bittrex,Coinbase Pro
01-09-2021_19-01-24,BCH/USD,100,584.14,583.1,0.17803951107610566,-0.18196048892389433,0.36,False,Binance US,Kraken
01-09-2021_19-01-25,BTC/USD,100,40470.5,40449.739,0.051299094402091905,-0.4587009055979081,0.51,False,Kraken,Bittrex
01-09-2021_19-01-25,ETH/USD,100,1292.36,1290.0,0.18261165619486058,-0.3273883438051394,0.51,False,Kraken,Bittrex
01-09-2021_19-01-26,XRP/USD,100,0.3293,0.3287,0.18220467658669584,-0.5677853234133041,0.7499899999999999,False,Bittrex,Coinbase Pro
01-09-2021_19-01-26,BCH/USD,100,583.777,583.1,0.11596894019463268,-0.39403105980536735,0.51,False,Bittrex,Kraken
01-09-2021_19-01-27,BTC/USD,100,40449.2,40433.96,0.037676888541671935,-0.47232311145832806,0.51,False,Kraken,Bittrex
01-09-2021_19-01-27,ETH/USD,100,1291.68,1289.999,0.13014059209711692,-0.6198594079028831,0.75,False,Coinbase Pro,Bittrex
01-09-2021_19-01-28,XRP/USD,100,0.32999,0.3285,0.45152883420709455,-0.29847116579290545,0.75,False,Bittrex,Coinbase Pro
01-09-2021_19-01-28,BCH/USD,100,583.775,582.29,0.2543788274592118,-0.2556211725407882,0.51,False,Bittrex,Kraken
01-09-2021_19-01-29,BTC/USD,100,40433.96,40402.78,0.07711339675856703,-0.672886603241433,0.75,False,Bittrex,Coinbase Pro
01-09-2021_19-01-29,ETH/USD,100,1291.24,1289.77,0.11384405687556358,-0.6461559431244365,0.76,False,Kraken,Coinbase Pro
01-09-2021_19-01-29,XRP/USD,100,0.32999,0.3281,0.5727446286251107,-0.17725537137488934,0.75,False,Bittrex,Coinbase Pro
01-09-2021_19-01-30,BCH/USD,100,583.775,581.9,0.32118538820607256,-0.42881461179392744,0.75,False,Bittrex,Coinbase Pro
01-09-2021_19-01-30,BTC/USD,100,40432.145,40402.78,0.07262785588050785,-0.6773721441194922,0.75,False,Bittrex,Coinbase Pro
01-09-2021_19-01-31,ETH/USD,100,1290.52,1289.48,0.08058767008647395,-0.519412329913526,0.6,False,Binance US,Coinbase Pro
01-09-2021_19-01-31,XRP/USD,100,0.3288,0.328,0.2433090024330801,-0.5066809975669199,0.7499899999999999,False,Bittrex,Coinbase Pro
01-09-2021_19-01-31,BCH/USD,100,582.899,580.19,0.4647460366204002,-0.045253963379599804,0.51,False,Bittrex,Kraken
01-09-2021_19-01-32,BTC/USD,100,40410.25,40381.074,0.0721995038387525,-0.27780049616124747,0.35,False,Binance US,Bittrex
01-09-2021_19-01-32,ETH/USD,100,1290.52,1289.48,0.08058767008647395,-0.519412329913526,0.6,False,Binance US,Coinbase Pro
01-09-2021_19-01-33,XRP/USD,100,0.3288,0.328,0.2433090024330801,-0.5066809975669199,0.7499899999999999,False,Bittrex,Coinbase Pro
01-09-2021_19-01-33,BCH/USD,100,582.266,580.19,0.3565380770987673,-0.15346192290123273,0.51,False,Bittrex,Kraken
01-09-2021_19-01-33,BTC/USD,100,40419.33,40381.074,0.0946477836223441,-0.655352216377656,0.75,False,Coinbase Pro,Bittrex
01-09-2021_19-01-34,ETH/USD,100,1290.52,1289.999,0.04037132318754906,-0.30962867681245093,0.35,False,Binance US,Bittrex
01-09-2021_19-01-34,XRP/USD,100,0.3288,0.328,0.2433090024330801,-0.5066809975669199,0.7499899999999999,False,Bittrex,Coinbase Pro
01-09-2021_19-01-34,BCH/USD,100,582.266,580.19,0.3565380770987673,-0.15346192290123273,0.51,False,Bittrex,Kraken
01-09-2021_19-01-35,BTC/USD,100,40401.61,40387.57,0.03475109036496534,-0.21525090963503465,0.250002,False,Bittrex,Binance US
01-09-2021_19-01-35,ETH/USD,100,1290.09,1289.46,0.04883380229285413,-0.5511661977071458,0.6,False,Binance US,Coinbase Pro
01-09-2021_19-01-36,XRP/USD,100,0.3288,0.3278,0.30413625304136277,-0.44585374695863716,0.7499899999999999,False,Bittrex,Coinbase Pro
01-09-2021_19-01-36,BCH/USD,100,582.264,579.36,0.49874283830015187,-0.25125716169984813,0.75,False,Bittrex,Coinbase Pro
01-09-2021_19-01-36,BTC/USD,100,40395.4,40376.39,0.047059813741173594,-0.2129421862588264,0.260002,False,Kraken,Binance US
01-09-2021_19-01-37,ETH/USD,100,1290.09,1289.39,0.05425978032538956,-0.5457402196746104,0.6,False,Binance US,Coinbase Pro
01-09-2021_19-01-38,XRP/USD,100,0.32845,0.3282,0.0761150860100557,-0.6738849139899443,0.75,False,Bittrex,Coinbase Pro
01-09-2021_19-01-38,BCH/USD,100,580.872,579.04,0.31538789957167734,-0.43461210042832266,0.75,False,Bittrex,Coinbase Pro
01-09-2021_19-01-39,BTC/USD,100,40417.15,40361.033,0.1388445251582518,-0.21115547484174818,0.35,False,Binance US,Bittrex
01-09-2021_19-01-39,ETH/USD,100,1290.52,1289.42,0.08523695874530492,-0.2747630412546951,0.36,False,Binance US,Kraken
01-09-2021_19-01-39,XRP/USD,100,0.33,0.3282,0.5454545454545526,-0.20454545454544737,0.75,False,Bittrex,Coinbase Pro
01-09-2021_19-01-40,BCH/USD,100,580.87,579.37,0.25823333964570383,0.008063339645703826,0.25017,True,Bittrex,Binance US
01-09-2021_19-01-40,BTC/USD,100,40414.39,40361.033,0.13202475652854426,-0.21797524347145572,0.35,False,Binance US,Bittrex
01-09-2021_19-01-41,ETH/USD,100,1291.24,1289.42,0.14094978470307118,-0.2190502152969288,0.36,False,Binance US,Kraken
01-09-2021_19-01-41,XRP/USD,100,0.32902,0.3285,0.15804510364110538,-0.5919548963588946,0.75,False,Bittrex,Coinbase Pro
01-09-2021_19-01-42,BCH/USD,100,580.869,579.4,0.25289695266919926,-0.25710304733080075,0.51,False,Bittrex,Kraken
01-09-2021_19-01-42,BTC/USD,100,40406.4,40383.5,0.05667419022729432,-0.29332580977270567,0.35,False,Binance US,Bittrex
01-09-2021_19-01-43,ETH/USD,100,1290.14,1289.83,0.024028400018616024,-0.335971599981384,0.36,False,Binance US,Kraken
01-09-2021_19-01-43,XRP/USD,100,0.32999,0.3282,0.5424406800206109,-0.20755931997938915,0.75,False,Bittrex,Coinbase Pro
01-09-2021_19-01-43,BCH/USD,100,580.869,580.11,0.1306662948100199,-0.3793337051899801,0.51,False,Bittrex,Kraken
01-09-2021_19-01-44,BTC/USD,100,40394.3,40383.399,0.026986480765863737,-0.48301351923413627,0.51,False,Kraken,Bittrex
01-09-2021_19-01-44,ETH/USD,100,1290.14,1289.83,0.024028400018616024,-0.335971599981384,0.36,False,Binance US,Kraken
01-09-2021_19-01-45,XRP/USD,100,0.32999,0.3286,0.4212248856025947,-0.3287751143974053,0.75,False,Bittrex,Coinbase Pro
01-09-2021_19-01-45,BCH/USD,100,580.302,579.99,0.053765108512466235,-0.6962348914875338,0.75,False,Bittrex,Coinbase Pro
01-09-2021_19-01-45,BTC/USD,100,40386.24,40377.7,0.021145816000699428,-0.33885418399930056,0.36,False,Binance US,Kraken
01-09-2021_19-01-46,ETH/USD,100,1290.14,1288.92,0.09456338071837375,-0.5054366192816262,0.6,False,Binance US,Coinbase Pro
01-09-2021_19-01-46,XRP/USD,100,0.329,0.3286,0.12158054711246548,-0.6284194528875345,0.75,False,Bittrex,Coinbase Pro
01-09-2021_19-01-47,BCH/USD,100,580.302,579.65,0.11235529086579808,-0.3976447091342019,0.51,False,Bittrex,Kraken
01-09-2021_19-01-47,BTC/USD,100,40393.08,40362.522,0.0756515720019482,-0.6743484279980518,0.75,False,Coinbase Pro,Bittrex
01-09-2021_19-01-47,ETH/USD,100,1290.14,1288.87,0.09843892910848505,-0.5015610708915149,0.6,False,Binance US,Coinbase Pro
01-09-2021_19-01-48,XRP/USD,100,0.33,0.3286,0.4242424242424279,-0.3257575757575721,0.75,False,Bittrex,Coinbase Pro
01-09-2021_19-01-48,BCH/USD,100,580.302,579.65,0.11235529086579808,-0.3976447091342019,0.51,False,Bittrex,Kraken
01-09-2021_19-01-49,BTC/USD,100,40390.61,40368.17,0.05555746744107685,-0.6944425325589232,0.75,False,Coinbase Pro,Bittrex
01-09-2021_19-01-49,ETH/USD,100,1290.14,1288.61,0.11859178073698978,-0.4814082192630102,0.6,False,Binance US,Coinbase Pro
01-09-2021_19-01-49,XRP/USD,100,0.33,0.3286,0.4242424242424279,-0.3257575757575721,0.75,False,Bittrex,Coinbase Pro
01-09-2021_19-01-50,BCH/USD,100,580.298,579.28,0.17542710814099463,-0.5745728918590054,0.75,False,Bittrex,Coinbase Pro
01-09-2021_19-01-50,BTC/USD,100,40414.36,40368.17,0.11429105892064684,-0.23570894107935314,0.35,False,Binance US,Bittrex
01-09-2021_19-01-51,ETH/USD,100,1290.14,1289.12,0.07906118715799906,-0.280912812842001,0.359974,False,Binance US,Kraken
01-09-2021_19-01-51,XRP/USD,100,0.32899,0.32849,0.15198030335268564,-0.3580196666473143,0.50999997,False,Bittrex,Kraken
01-09-2021_19-01-52,BCH/USD,100,579.919,579.05,0.14984851332686602,-0.10032148667313398,0.25017,False,Bittrex,Binance US
01-09-2021_19-01-52,BTC/USD,100,40416.24,40380.6,0.08818237421392841,-0.4218176257860716,0.51,False,Bittrex,Kraken
01-09-2021_19-01-53,ETH/USD,100,1291.0,1289.18,0.14097598760650165,-0.21902401239349834,0.36,False,Binance US,Kraken
01-09-2021_19-01-53,XRP/USD,100,0.32924,0.3286,0.19438707325962032,-0.5556029267403796,0.7499899999999999,False,Bittrex,Coinbase Pro
01-09-2021_19-01-53,BCH/USD,100,579.917,579.05,0.14950415318055438,-0.10066584681944563,0.25017,False,Bittrex,Binance US
01-09-2021_19-01-54,BTC/USD,100,40435.539,40402.4,0.08195513357691506,-0.4280448664230849,0.51,False,Bittrex,Kraken
01-09-2021_19-01-55,ETH/USD,100,1290.87,1289.18,0.13091945742017613,-0.22908054257982385,0.36,False,Binance US,Kraken
01-09-2021_19-01-55,XRP/USD,100,0.32924,0.3287,0.16401409306280676,-0.5859759069371931,0.7499899999999999,False,Bittrex,Coinbase Pro
01-09-2021_19-01-56,BCH/USD,100,579.915,579.54,0.06466464912961384,-0.44533535087038617,0.51,False,Bittrex,Kraken
01-09-2021_19-01-56,BTC/USD,100,40407.11,40386.832,0.050184237378021905,-0.29981576262197807,0.35,False,Binance US,Bittrex
01-09-2021_19-01-56,ETH/USD,100,1290.87,1289.18,0.13091945742017613,-0.22908054257982385,0.36,False,Binance US,Kraken
01-09-2021_19-01-57,XRP/USD,100,0.3293,0.329,0.0911023382933395,-0.5088976617066605,0.6,False,Binance US,Coinbase Pro
01-09-2021_19-01-58,BCH/USD,100,579.914,579.48,0.07483868297712576,-0.6751613170228743,0.75,False,Bittrex,Coinbase Pro
01-09-2021_19-01-58,BTC/USD,100,40417.4,40386.832,0.07563079267839916,-0.6743692073216009,0.75,False,Coinbase Pro,Bittrex
01-09-2021_19-01-58,ETH/USD,100,1290.87,1289.18,0.13091945742017613,-0.22908054257982385,0.36,False,Binance US,Kraken
01-09-2021_19-01-59,XRP/USD,100,0.3293,0.3289,0.12146978439111933,-0.47853021560888065,0.6,False,Binance US,Coinbase Pro
01-09-2021_19-01-59,BCH/USD,100,579.912,579.48,0.07449406116790416,-0.6755059388320959,0.75,False,Bittrex,Coinbase Pro
01-09-2021_19-01-59,BTC/USD,100,40415.9,40386.832,0.07192218903946046,-0.4378178109605396,0.5097400000000001,False,Kraken,Bittrex
01-09-2021_19-02-00,ETH/USD,100,1290.62,1289.84,0.060436069485981375,-0.29956393051401864,0.36,False,Binance US,Kraken
01-09-2021_19-02-01,XRP/USD,100,0.32999,0.3289,0.3303130397890784,-0.4196869602109216,0.75,False,Bittrex,Coinbase Pro
01-09-2021_19-02-01,BCH/USD,100,579.721,578.82,0.15541958976817358,-0.5945804102318264,0.75,False,Bittrex,Coinbase Pro
01-09-2021_19-02-02,BTC/USD,100,40411.82,40382.02,0.0737408015773675,-0.27625919842263247,0.35,False,Binance US,Bittrex
01-09-2021_19-02-02,ETH/USD,100,1289.985,1289.68,0.02364368577927932,-0.7263563142207207,0.75,False,Bittrex,Coinbase Pro
01-09-2021_19-02-02,XRP/USD,100,0.32917,0.3287,0.1427833642191044,-0.6072166357808956,0.75,False,Bittrex,Coinbase Pro
01-09-2021_19-02-02,BCH/USD,100,579.721,578.82,0.15541958976817358,-0.5945804102318264,0.75,False,Bittrex,Coinbase Pro
01-09-2021_19-02-03,BTC/USD,100,40405.94,40382.02,0.05919921674883824,-0.29080078325116177,0.35,False,Binance US,Bittrex
01-09-2021_19-02-03,ETH/USD,100,1290.87,1289.82,0.08134049129656393,-0.27865950870343603,0.36,False,Binance US,Kraken
01-09-2021_19-02-03,XRP/USD,100,0.3294,0.329,0.12143290831815769,-0.4785670916818423,0.6,False,Binance US,Coinbase Pro
01-09-2021_19-02-04,BCH/USD,100,579.577,578.82,0.13061249842556696,-0.379387501574433,0.51,False,Bittrex,Kraken
01-09-2021_19-02-04,BTC/USD,100,40423.9,40373.787,0.12396874126446195,-0.38603125873553806,0.51,False,Kraken,Bittrex
01-09-2021_19-02-05,ETH/USD,100,1290.8,1289.83,0.07514719553765319,-0.2848528044623468,0.36,False,Binance US,Kraken
01-09-2021_19-02-05,XRP/USD,100,0.32949,0.329,0.14871468026343454,-0.6012853197365655,0.75,False,Bittrex,Coinbase Pro
01-09-2021_19-02-05,BCH/USD,100,579.577,578.48,0.1892759719588562,-0.5607240280411439,0.75,False,Bittrex,Coinbase Pro
01-09-2021_19-02-06,BTC/USD,100,40425.84,40402.87,0.05682009328685289,-0.6931799067131471,0.75,False,Bittrex,Coinbase Pro
01-09-2021_19-02-06,ETH/USD,100,1290.81,1289.84,0.07514661336680281,-0.28485338663319715,0.36,False,Binance US,Kraken
01-09-2021_19-02-07,XRP/USD,100,0.32949,0.3287,0.23976448450636223,-0.5102355154936378,0.75,False,Bittrex,Coinbase Pro
01-09-2021_19-02-07,BCH/USD,100,579.576,578.2,0.2374149378166067,-0.5125850621833933,0.75,False,Bittrex,Coinbase Pro
01-09-2021_19-02-08,BTC/USD,100,40413.0,40384.792,0.06979932200034325,-0.4402006779996568,0.51,False,Kraken,Bittrex
01-09-2021_19-02-08,ETH/USD,100,1290.49,1289.47,0.07903974459313763,-0.5209602554068623,0.6,False,Binance US,Coinbase Pro
01-09-2021_19-02-09,XRP/USD,100,0.32949,0.329,0.14871468026343454,-0.6012853197365655,0.75,False,Bittrex,Coinbase Pro
01-09-2021_19-02-09,BCH/USD,100,578.822,577.99,0.1437402171997598,-0.3662597828002402,0.51,False,Bittrex,Kraken
01-09-2021_19-02-10,BTC/USD,100,40409.73,40384.792,0.061712859749376986,-0.28828714025062296,0.35,False,Binance US,Bittrex
01-09-2021_19-02-10,ETH/USD,100,1290.1,1289.35,0.058135028292380445,-0.5418649717076195,0.6,False,Binance US,Coinbase Pro
01-09-2021_19-02-11,XRP/USD,100,0.32949,0.3289,0.1790646150110715,-0.5709353849889285,0.75,False,Bittrex,Coinbase Pro
01-09-2021_19-02-11,BCH/USD,100,578.819,577.83,0.17086515819278894,-0.07830484180721106,0.24917,False,Bittrex,Binance US
01-09-2021_19-02-11,BTC/USD,100,40410.74,40384.792,0.06421065291057942,-0.28578934708942055,0.35,False,Binance US,Bittrex
01-09-2021_19-02-12,ETH/USD,100,1289.979,1289.01,0.07511750191282578,-0.6748824980871743,0.75,False,Bittrex,Coinbase Pro
01-09-2021_19-02-12,XRP/USD,100,0.32949,0.3289,0.1790646150110715,-0.5709353849889285,0.75,False,Bittrex,Coinbase Pro
01-09-2021_19-02-13,BCH/USD,100,578.819,577.83,0.17086515819278894,-0.07830484180721106,0.24917,False,Bittrex,Binance US
01-09-2021_19-02-13,BTC/USD,100,40411.07,40384.792,0.06502673648581547,-0.6849732635141845,0.75,False,Coinbase Pro,Bittrex
01-09-2021_19-02-14,ETH/USD,100,1289.979,1289.21,0.05961337355104272,-0.4503606264489572,0.5099739999999999,False,Bittrex,Kraken
01-09-2021_19-02-14,XRP/USD,100,0.32948,0.3289,0.17603496418598077,-0.5739650358140193,0.75,False,Bittrex,Coinbase Pro
01-09-2021_19-02-14,BCH/USD,100,578.439,577.6,0.14504554499263395,-0.36495445500736606,0.51,False,Bittrex,Kraken
01-09-2021_19-02-15,BTC/USD,100,40425.94,40422.7,0.008014655936275665,-0.35198534406372434,0.36,False,Binance US,Kraken
01-09-2021_19-02-16,ETH/USD,100,1290.9,1289.8,0.08521186768921964,-0.2747621323107804,0.359974,False,Binance US,Kraken
01-09-2021_19-02-16,XRP/USD,100,0.33,0.329,0.30303030303030326,-0.44696969696969674,0.75,False,Bittrex,Coinbase Pro
01-09-2021_19-02-16,BCH/USD,100,578.95,577.6,0.2331807582692845,-0.5268192417307155,0.76,False,Coinbase Pro,Kraken
01-09-2021_19-02-17,BTC/USD,100,40452.06,40409.732,0.10463743997214002,-0.24536256002785994,0.35,False,Binance US,Bittrex
01-09-2021_19-02-19,ETH/USD,100,1290.9,1289.84,0.08211325431870577,-0.27788674568129423,0.36,False,Binance US,Kraken
01-09-2021_19-02-20,XRP/USD,100,0.32979,0.3291,0.2092240516692513,-0.5407759483307487,0.75,False,Bittrex,Coinbase Pro
01-09-2021_19-02-20,BCH/USD,100,578.92,578.24,0.11746009811372038,-0.2425399018862796,0.36,False,Binance US,Kraken
01-09-2021_19-02-20,BTC/USD,100,40441.12,40409.732,0.07761407201382901,-0.27238592798617095,0.35,False,Binance US,Bittrex
01-09-2021_19-02-21,ETH/USD,100,1290.63,1289.84,0.0612104166182555,-0.2987895833817445,0.36,False,Binance US,Kraken
01-09-2021_19-02-21,XRP/USD,100,0.32979,0.3291,0.2092240516692513,-0.5407759483307487,0.75,False,Bittrex,Coinbase Pro
01-09-2021_19-02-22,BCH/USD,100,578.92,578.24,0.11746009811372038,-0.2425399018862796,0.36,False,Binance US,Kraken
01-09-2021_19-02-22,BTC/USD,100,40435.93,40409.732,0.06478891421564109,-0.2852110857843589,0.35,False,Binance US,Bittrex
01-09-2021_19-02-22,ETH/USD,100,1290.63,1289.84,0.0612104166182555,-0.2987895833817445,0.36,False,Binance US,Kraken
01-09-2021_19-02-22,XRP/USD,100,0.32979,0.329,0.2395463779981239,-0.510453622001876,0.75,False,Bittrex,Coinbase Pro
01-09-2021_19-02-23,BCH/USD,100,578.83,577.86,0.16757942746575458,-0.1924205725342454,0.36,False,Binance US,Kraken
01-09-2021_19-02-23,BTC/USD,100,40444.77,40409.912,0.08618666888203388,-0.2628133311179661,0.349,False,Binance US,Bittrex
01-09-2021_19-02-24,ETH/USD,100,1290.62,1289.83,0.061210890889647124,-0.29878910911035284,0.36,False,Binance US,Kraken
01-09-2021_19-02-24,XRP/USD,100,0.32957,0.3292,0.1122675000758508,-0.6377324999241492,0.75,False,Bittrex,Coinbase Pro
01-09-2021_19-02-25,BCH/USD,100,578.435,577.86,0.09940615626646586,-0.41059384373353414,0.51,False,Bittrex,Kraken
01-09-2021_19-02-25,BTC/USD,100,40441.38,40409.911,0.07781386292949777,-0.2721861370705022,0.35,False,Binance US,Bittrex
01-09-2021_19-02-25,ETH/USD,100,1290.62,1289.83,0.061210890889647124,-0.29878910911035284,0.36,False,Binance US,Kraken
01-09-2021_19-02-25,XRP/USD,100,0.32957,0.3292,0.1122675000758508,-0.6377324999241492,0.75,False,Bittrex,Coinbase Pro
01-09-2021_19-02-26,BCH/USD,100,578.433,578.08,0.061026946941124004,-0.448973053058876,0.51,False,Bittrex,Kraken
01-09-2021_19-02-26,BTC/USD,100,40449.2,40409.911,0.09713171088673456,-0.2528682891132654,0.35,False,Binance US,Bittrex
01-09-2021_19-02-27,ETH/USD,100,1290.62,1289.79,0.06431017650431012,-0.29568982349568984,0.36,False,Binance US,Kraken
01-09-2021_19-02-27,XRP/USD,100,0.3295,0.329,0.15174506828528087,-0.1982549317147191,0.35,False,Binance US,Bittrex
01-09-2021_19-02-27,BCH/USD,100,579.37,578.08,0.2226556431986405,-0.5373443568013595,0.76,False,Coinbase Pro,Kraken
01-09-2021_19-02-28,BTC/USD,100,40443.37,40409.911,0.0827304945161656,-0.2672695054838344,0.35,False,Binance US,Bittrex
01-09-2021_19-02-29,ETH/USD,100,1290.62,1289.79,0.06431017650431012,-0.29568982349568984,0.36,False,Binance US,Kraken
01-09-2021_19-02-29,XRP/USD,100,0.3295,0.329,0.15174506828528087,-0.1982549317147191,0.35,False,Binance US,Bittrex
01-09-2021_19-02-30,BCH/USD,100,579.409,578.11,0.22419396315900825,-0.5258060368409918,0.75,False,Bittrex,Coinbase Pro
01-09-2021_19-02-30,BTC/USD,100,40445.16,40409.911,0.08715257894888642,-0.2628474210511136,0.35,False,Binance US,Bittrex
01-09-2021_19-02-30,ETH/USD,100,1290.62,1289.83,0.061210890889647124,-0.29878910911035284,0.36,False,Binance US,Kraken
01-09-2021_19-02-30,XRP/USD,100,0.3295,0.329,0.15174506828528087,-0.1982549317147191,0.35,False,Binance US,Bittrex
01-09-2021_19-02-31,BCH/USD,100,578.28,577.6,0.1175900947637736,-0.24240990523622638,0.36,False,Binance US,Kraken
01-09-2021_19-02-31,BTC/USD,100,40449.2,40409.911,0.09713171088673456,-0.2528682891132654,0.35,False,Binance US,Bittrex
01-09-2021_19-02-32,ETH/USD,100,1290.64,1289.83,0.06275956114797099,-0.697240438852029,0.76,False,Coinbase Pro,Kraken
01-09-2021_19-02-32,XRP/USD,100,0.3295,0.329,0.15174506828528087,-0.4482549317147191,0.6,False,Binance US,Coinbase Pro
01-09-2021_19-02-33,BCH/USD,100,578.08,577.28,0.138389150290629,-0.37161084970937097,0.51,False,Bittrex,Kraken
01-09-2021_19-02-33,BTC/USD,100,40444.72,40409.911,0.08606562241004785,-0.26393437758995214,0.35,False,Binance US,Bittrex
01-09-2021_19-02-33,ETH/USD,100,1290.64,1289.83,0.06275956114797099,-0.697240438852029,0.76,False,Coinbase Pro,Kraken
01-09-2021_19-02-34,XRP/USD,100,0.3295,0.329,0.15174506828528087,-0.1982549317147191,0.35,False,Binance US,Bittrex
01-09-2021_19-02-34,BCH/USD,100,578.078,577.28,0.13804365500849397,-0.37195634499150604,0.51,False,Bittrex,Kraken
01-09-2021_19-02-35,BTC/USD,100,40445.12,40409.911,0.08705376569534856,-0.2629462343046514,0.35,False,Binance US,Bittrex
01-09-2021_19-02-35,ETH/USD,100,1290.62,1289.83,0.061210890889647124,-0.29878910911035284,0.36,False,Binance US,Kraken
01-09-2021_19-02-36,XRP/USD,100,0.3295,0.329,0.15174506828528087,-0.1982549317147191,0.35,False,Binance US,Bittrex
01-09-2021_19-02-36,BCH/USD,100,578.02,577.27,0.12975329573371164,-0.47024670426628834,0.6,False,Binance US,Coinbase Pro
01-09-2021_19-02-37,BTC/USD,100,40444.97,40409.911,0.0866832142538395,-0.26331678574616046,0.35,False,Binance US,Bittrex
01-09-2021_19-02-37,ETH/USD,100,1290.62,1289.83,0.061210890889647124,-0.29878910911035284,0.36,False,Binance US,Kraken
01-09-2021_19-02-38,XRP/USD,100,0.3295,0.329,0.15174506828528087,-0.1982549317147191,0.35,False,Binance US,Bittrex
01-09-2021_19-02-38,BCH/USD,100,577.69,577.19,0.0865516107254756,-0.2734483892745244,0.36,False,Binance US,Kraken
01-09-2021_19-02-38,BTC/USD,100,40447.63,40409.911,0.09325391870919836,-0.2567460812908016,0.35,False,Binance US,Bittrex
01-09-2021_19-02-39,ETH/USD,100,1290.62,1289.83,0.061210890889647124,-0.29878910911035284,0.36,False,Binance US,Kraken
01-09-2021_19-02-39,XRP/USD,100,0.3295,0.329,0.15174506828528087,-0.1982549317147191,0.35,False,Binance US,Bittrex
01-09-2021_19-02-39,BCH/USD,100,577.557,577.19,0.06354351172264587,-0.4464564882773541,0.51,False,Bittrex,Kraken
01-09-2021_19-02-40,BTC/USD,100,40440.88,40409.911,0.07657845229875643,-0.27342154770124355,0.35,False,Binance US,Bittrex
01-09-2021_19-02-40,ETH/USD,100,1290.62,1289.83,0.061210890889647124,-0.29878910911035284,0.36,False,Binance US,Kraken
01-09-2021_19-02-40,XRP/USD,100,0.3295,0.329,0.15174506828528087,-0.1982549317147191,0.35,False,Binance US,Bittrex
01-09-2021_19-02-41,BCH/USD,100,578.46,576.57,0.3267295923659348,-0.4332704076340652,0.76,False,Coinbase Pro,Kraken
01-09-2021_19-02-41,BTC/USD,100,40443.24,40409.911,0.08240932229959298,-0.267590677700407,0.35,False,Binance US,Bittrex
01-09-2021_19-02-42,ETH/USD,100,1290.62,1289.999,0.048116409167676566,-0.3018835908323234,0.35,False,Binance US,Bittrex
01-09-2021_19-02-42,XRP/USD,100,0.33,0.3295,0.15151515151515163,-0.4484848484848484,0.6,False,Binance US,Coinbase Pro
01-09-2021_19-02-42,BCH/USD,100,578.46,576.57,0.3267295923659348,-0.4332704076340652,0.76,False,Coinbase Pro,Kraken
01-09-2021_19-02-43,BTC/USD,100,40440.88,40409.911,0.07657845229875643,-0.27342154770124355,0.35,False,Binance US,Bittrex
01-09-2021_19-02-43,ETH/USD,100,1291.04,1289.998,0.08071012517039877,-0.2692898748296012,0.35,False,Binance US,Bittrex
01-09-2021_19-02-43,XRP/USD,100,0.33,0.3295,0.15151515151515163,-0.4484848484848484,0.6,False,Binance US,Coinbase Pro
01-09-2021_19-02-44,BCH/USD,100,578.44,577.0,0.24894543945786157,-0.25122456054213843,0.50017,False,Coinbase Pro,Binance US
01-09-2021_19-02-45,BTC/USD,100,40442.01,40409.911,0.0793704368304196,-0.27062956316958037,0.35,False,Binance US,Bittrex
01-09-2021_19-02-45,ETH/USD,100,1291.04,1290.0,0.08055521130251299,-0.269444788697487,0.35,False,Binance US,Bittrex
01-09-2021_19-02-46,XRP/USD,100,0.33016,0.32956,0.18173007026895732,-0.3282699297310427,0.51,False,Bittrex,Kraken
01-09-2021_19-02-46,BCH/USD,100,577.73,577.1,0.10904747892614118,-0.3911225210738588,0.50017,False,Coinbase Pro,Binance US
01-09-2021_19-02-47,BTC/USD,100,40466.15,40436.0,0.07450671734277033,-0.43523328265722977,0.5097400000000001,False,Bittrex,Kraken
01-09-2021_19-02-47,ETH/USD,100,1291.04,1289.999,0.08063266823645587,-0.2693673317635441,0.35,False,Binance US,Bittrex
01-09-2021_19-02-47,XRP/USD,100,0.33016,0.32956,0.18173007026895732,-0.3282699297310427,0.51,False,Bittrex,Kraken
01-09-2021_19-02-48,BCH/USD,100,577.9,577.1,0.13843225471534082,-0.6215677452846592,0.76,False,Coinbase Pro,Kraken
01-09-2021_19-02-48,BTC/USD,100,40466.15,40441.67,0.06049500632010508,-0.6895049936798949,0.75,False,Bittrex,Coinbase Pro
01-09-2021_19-02-49,ETH/USD,100,1291.22,1289.999,0.09456173231517508,-0.6554382676848249,0.75,False,Coinbase Pro,Bittrex
01-09-2021_19-02-49,XRP/USD,100,0.33016,0.32956,0.18173007026895732,-0.3282699297310427,0.51,False,Bittrex,Kraken
01-09-2021_19-02-49,BCH/USD,100,578.39,577.1,0.22303290167533388,-0.5369670983246662,0.76,False,Coinbase Pro,Kraken
01-09-2021_19-02-50,BTC/USD,100,40466.15,40423.88,0.10445767635419745,-0.6455423236458026,0.75,False,Bittrex,Coinbase Pro
01-09-2021_19-02-50,ETH/USD,100,1291.22,1289.999,0.09456173231517508,-0.6554382676848249,0.75,False,Coinbase Pro,Bittrex
01-09-2021_19-02-50,XRP/USD,100,0.33016,0.32956,0.18173007026895732,-0.3282699297310427,0.51,False,Bittrex,Kraken
01-09-2021_19-02-51,BCH/USD,100,578.39,577.1,0.22303290167533388,-0.27713709832466615,0.50017,False,Coinbase Pro,Binance US
01-09-2021_19-02-51,BTC/USD,100,40450.45,40405.044,0.11225091439031062,-0.23774908560968935,0.35,False,Binance US,Bittrex
01-09-2021_19-02-52,ETH/USD,100,1292.0,1289.999,0.15487616099071025,-0.5951238390092898,0.75,False,Coinbase Pro,Bittrex
01-09-2021_19-02-52,XRP/USD,100,0.33016,0.32966,0.1514417252241339,-0.3585582747758661,0.51,False,Bittrex,Kraken
01-09-2021_19-02-53,BCH/USD,100,578.04,577.1,0.1626185039097538,-0.3375514960902462,0.50017,False,Coinbase Pro,Binance US
01-09-2021_19-02-53,BTC/USD,100,40450.45,40420.016,0.07523772912289932,-0.27476227087710065,0.35,False,Binance US,Bittrex
01-09-2021_19-02-54,ETH/USD,100,1291.94,1289.999,0.15023917519389685,-0.19976082480610313,0.35,False,Binance US,Bittrex
01-09-2021_19-02-54,XRP/USD,100,0.33016,0.3296,0.1696147322510313,-0.5803852677489687,0.75,False,Bittrex,Coinbase Pro
01-09-2021_19-02-54,BCH/USD,100,577.689,577.1,0.10195797392713758,-0.14821202607286244,0.25017,False,Bittrex,Binance US
01-09-2021_19-02-55,BTC/USD,100,40450.45,40427.584,0.056528419337719425,-0.2934715806622806,0.35,False,Binance US,Bittrex
01-09-2021_19-02-55,ETH/USD,100,1291.94,1289.998,0.15031657816926539,-0.1996834218307346,0.35,False,Binance US,Bittrex
01-09-2021_19-02-56,XRP/USD,100,0.33016,0.3296,0.1696147322510313,-0.5803852677489687,0.75,False,Bittrex,Coinbase Pro
01-09-2021_19-02-56,BCH/USD,100,577.49,576.85,0.11082442986025497,-0.649175570139745,0.76,False,Kraken,Coinbase Pro
01-09-2021_19-02-57,BTC/USD,100,40450.45,40427.58,0.05653830797925695,-0.293461692020743,0.35,False,Binance US,Bittrex
01-09-2021_19-02-57,ETH/USD,100,1291.94,1289.998,0.15031657816926539,-0.1996834218307346,0.35,False,Binance US,Bittrex
01-09-2021_19-02-58,XRP/USD,100,0.33016,0.3296,0.1696147322510313,-0.5803852677489687,0.75,False,Bittrex,Coinbase Pro
01-09-2021_19-02-58,BCH/USD,100,577.15,576.79,0.062375465650179956,-0.6976245343498201,0.76,False,Coinbase Pro,Kraken
01-09-2021_19-02-59,BTC/USD,100,40454.03,40427.58,0.06538285555233209,-0.2846171444476679,0.35,False,Binance US,Bittrex
01-09-2021_19-02-59,ETH/USD,100,1291.87,1289.998,0.14490622121419677,-0.36509377878580324,0.51,False,Kraken,Bittrex
01-09-2021_19-03-00,XRP/USD,100,0.33016,0.3295,0.19990307729585471,-0.5500969227041452,0.75,False,Bittrex,Coinbase Pro
01-09-2021_19-03-00,BCH/USD,100,578.36,577.1,0.21785738986098466,-0.2823126101390153,0.50017,False,Coinbase Pro,Binance US
01-09-2021_19-03-01,BTC/USD,100,40454.81,40427.58,0.06730967219966162,-0.28269032780033837,0.35,False,Binance US,Bittrex
01-09-2021_19-03-01,ETH/USD,100,1291.87,1289.998,0.14490622121419677,-0.36509377878580324,0.51,False,Kraken,Bittrex
01-09-2021_19-03-01,XRP/USD,100,0.33016,0.3295,0.19990307729585471,-0.5500969227041452,0.75,False,Bittrex,Coinbase Pro
01-09-2021_19-03-01,BCH/USD,100,578.36,577.1,0.21785738986098466,-0.2823126101390153,0.50017,False,Coinbase Pro,Binance US
01-09-2021_19-03-02,BTC/USD,100,40454.81,40427.58,0.06730967219966162,-0.28269032780033837,0.35,False,Binance US,Bittrex
01-09-2021_19-03-02,ETH/USD,100,1291.94,1289.998,0.15031657816926539,-0.1996834218307346,0.35,False,Binance US,Bittrex
01-09-2021_19-03-03,XRP/USD,100,0.33016,0.3296,0.1696147322510313,-0.5803852677489687,0.75,False,Bittrex,Coinbase Pro
01-09-2021_19-03-03,BCH/USD,100,577.687,576.77,0.15873647840440067,-0.5912635215955994,0.75,False,Bittrex,Coinbase Pro
01-09-2021_19-03-04,BTC/USD,100,40454.81,40443.239,0.028602284870442543,-0.32139771512955745,0.35,False,Binance US,Bittrex
01-09-2021_19-03-04,ETH/USD,100,1292.3,1289.998,0.17813201269054457,-0.33186798730945544,0.51,False,Kraken,Bittrex
01-09-2021_19-03-05,XRP/USD,100,0.33016,0.3297,0.13932638720620788,-0.6106736127937922,0.75,False,Bittrex,Coinbase Pro
01-09-2021_19-03-05,BCH/USD,100,577.2,576.79,0.0710325710325852,-0.6889674289674148,0.76,False,Coinbase Pro,Kraken
01-09-2021_19-03-06,BTC/USD,100,40459.59,40443.239,0.04041316286199418,-0.3095868371380058,0.35,False,Binance US,Bittrex
01-09-2021_19-03-06,ETH/USD,100,1292.33,1289.998,0.18044926605432668,-0.1695507339456733,0.35,False,Binance US,Bittrex
01-09-2021_19-03-06,XRP/USD,100,0.33016,0.3297,0.13932638720620788,-0.6106736127937922,0.75,False,Bittrex,Coinbase Pro
01-09-2021_19-03-06,BCH/USD,100,577.2,576.79,0.0710325710325852,-0.6889674289674148,0.76,False,Coinbase Pro,Kraken
01-09-2021_19-03-07,BTC/USD,100,40470.82,40443.239,0.06815033646463875,-0.6818496635353613,0.75,False,Coinbase Pro,Bittrex
01-09-2021_19-03-07,ETH/USD,100,1293.33,1289.998,0.2576295299730061,-0.09237047002699389,0.35,False,Binance US,Bittrex
01-09-2021_19-03-08,XRP/USD,100,0.33099,0.32999,0.30212393123659353,-0.20787606876340647,0.51,False,Bittrex,Kraken
01-09-2021_19-03-08,BCH/USD,100,577.34,576.79,0.09526448886272702,-0.664735511137273,0.76,False,Coinbase Pro,Kraken
01-09-2021_19-03-08,BTC/USD,100,40464.77,40443.239,0.05320924844005144,-0.29679075155994855,0.35,False,Binance US,Bittrex
01-09-2021_19-03-09,ETH/USD,100,1293.33,1289.998,0.2576295299730061,-0.09237047002699389,0.35,False,Binance US,Bittrex
01-09-2021_19-03-09,XRP/USD,100,0.33015,0.3296,0.166590943510524,-0.583409056489476,0.75,False,Bittrex,Coinbase Pro
01-09-2021_19-03-09,BCH/USD,100,577.34,576.58,0.131638202792114,-0.628361797207886,0.76,False,Coinbase Pro,Kraken
01-09-2021_19-03-10,BTC/USD,100,40459.07,40448.8,0.025383677874940773,-0.7346163221250592,0.76,False,Coinbase Pro,Kraken
01-09-2021_19-03-10,ETH/USD,100,1293.33,1289.998,0.2576295299730061,-0.09237047002699389,0.35,False,Binance US,Bittrex
01-09-2021_19-03-10,XRP/USD,100,0.33015,0.3296,0.166590943510524,-0.583409056489476,0.75,False,Bittrex,Coinbase Pro
01-09-2021_19-03-11,BCH/USD,100,577.33,576.58,0.12990837129544627,-0.6300916287045537,0.76,False,Coinbase Pro,Kraken
01-09-2021_19-03-11,BTC/USD,100,40471.81,40448.8,0.05685438827666655,-0.30314561172333343,0.36,False,Binance US,Kraken
01-09-2021_19-03-12,ETH/USD,100,1292.86,1289.998,0.22136967653109021,-0.2886303234689098,0.51,False,Kraken,Bittrex
01-09-2021_19-03-12,XRP/USD,100,0.33042,0.32999,0.1301374008837195,-0.3798625991162805,0.51,False,Bittrex,Kraken
01-09-2021_19-03-13,BCH/USD,100,577.31,576.55,0.1316450433908976,-0.3685249566091024,0.50017,False,Coinbase Pro,Binance US
01-09-2021_19-03-13,BTC/USD,100,40471.22,40448.8,0.05539739103490889,-0.7046026089650911,0.76,False,Coinbase Pro,Kraken
01-09-2021_19-03-14,ETH/USD,100,1293.33,1289.998,0.2576295299730061,-0.09237047002699389,0.35,False,Binance US,Bittrex
01-09-2021_19-03-14,XRP/USD,100,0.33042,0.32999,0.1301374008837195,-0.3798625991162805,0.51,False,Bittrex,Kraken
01-09-2021_19-03-15,BCH/USD,100,577.4,576.79,0.10564599930724172,-0.3945240006927583,0.50017,False,Coinbase Pro,Binance US
01-09-2021_19-03-15,BTC/USD,100,40466.19,40448.8,0.04297414705955618,-0.7170258529404439,0.76,False,Coinbase Pro,Kraken
01-09-2021_19-03-16,ETH/USD,100,1293.18,1289.998,0.24606009990875335,-0.10393990009124662,0.35,False,Binance US,Bittrex
01-09-2021_19-03-16,XRP/USD,100,0.33042,0.33,0.12711094970037404,-0.38288905029962594,0.51,False,Bittrex,Kraken
01-09-2021_19-03-16,BCH/USD,100,577.4,576.79,0.10564599930724172,-0.3945240006927583,0.50017,False,Coinbase Pro,Binance US
01-09-2021_19-03-17,BTC/USD,100,40463.045,40448.8,0.03520496294827872,-0.47479503705172127,0.51,False,Bittrex,Kraken
01-09-2021_19-03-17,ETH/USD,100,1293.16,1289.998,0.24451730644313419,-0.10548269355686579,0.35,False,Binance US,Bittrex
01-09-2021_19-03-18,XRP/USD,100,0.33042,0.33,0.12711094970037404,-0.38288905029962594,0.51,False,Bittrex,Kraken
01-09-2021_19-03-18,BCH/USD,100,577.37,576.79,0.10045551379532032,-0.3997144862046797,0.50017,False,Coinbase Pro,Binance US
01-09-2021_19-03-18,BTC/USD,100,40463.045,40448.8,0.03520496294827872,-0.47479503705172127,0.51,False,Bittrex,Kraken
01-09-2021_19-03-19,ETH/USD,100,1292.95,1289.998,0.22831509339108225,-0.12168490660891773,0.35,False,Binance US,Bittrex
01-09-2021_19-03-20,XRP/USD,100,0.33042,0.33,0.12711094970037404,-0.38288905029962594,0.51,False,Bittrex,Kraken
01-09-2021_19-03-20,BCH/USD,100,577.27,576.604,0.11537062379821227,-0.6346293762017877,0.75,False,Coinbase Pro,Bittrex
01-09-2021_19-03-21,BTC/USD,100,40463.0,40438.25,0.06116699206682648,-0.18883500793317354,0.250002,False,Bittrex,Binance US
01-09-2021_19-03-21,ETH/USD,100,1292.74,1290.0,0.21195290623017846,-0.2980470937698215,0.51,False,Kraken,Bittrex
01-09-2021_19-03-21,XRP/USD,100,0.33042,0.33,0.12711094970037404,-0.38288905029962594,0.51,False,Bittrex,Kraken
01-09-2021_19-03-22,BCH/USD,100,577.4,576.604,0.13785936958779624,-0.6121406304122038,0.75,False,Coinbase Pro,Bittrex
01-09-2021_19-03-22,BTC/USD,100,40463.0,40432.99,0.07416652250204393,-0.17583547749795608,0.250002,False,Bittrex,Binance US
01-09-2021_19-03-22,ETH/USD,100,1291.99,1290.0,0.1540259599532511,-0.19597404004674887,0.35,False,Binance US,Bittrex
01-09-2021_19-03-23,XRP/USD,100,0.33042,0.33,0.12711094970037404,-0.38288905029962594,0.51,False,Bittrex,Kraken
01-09-2021_19-03-23,BCH/USD,100,577.4,576.77,0.10910980256321363,-0.6508641974367863,0.7599739999999999,False,Coinbase Pro,Kraken
01-09-2021_19-03-24,BTC/USD,100,40462.8,40427.92,0.08620263550719341,-0.6637973644928066,0.75,False,Bittrex,Coinbase Pro
01-09-2021_19-03-24,ETH/USD,100,1292.06,1290.0,0.1594353203411564,-0.35056467965884364,0.51,False,Kraken,Bittrex
01-09-2021_19-03-25,XRP/USD,100,0.331,0.33,0.3021148036253779,-0.2078851963746221,0.51,False,Bittrex,Kraken
01-09-2021_19-03-25,BCH/USD,100,578.38,576.9,0.255887133026733,-0.244282866973267,0.50017,False,Coinbase Pro,Binance US
01-09-2021_19-03-26,BTC/USD,100,40462.79,40433.5,0.07238749478224529,-0.43761250521775474,0.51,False,Bittrex,Kraken
01-09-2021_19-03-26,ETH/USD,100,1292.52,1290.0,0.1949679695478586,-0.15503203045214137,0.35,False,Binance US,Bittrex
01-09-2021_19-03-26,XRP/USD,100,0.331,0.33,0.3021148036253779,-0.2078851963746221,0.51,False,Bittrex,Kraken
01-09-2021_19-03-27,BCH/USD,100,578.37,577.372,0.17255390148175861,-0.5774460985182414,0.75,False,Coinbase Pro,Bittrex
01-09-2021_19-03-27,BTC/USD,100,40462.79,40440.0,0.056323352887927086,-0.45341664711207297,0.5097400000000001,False,Bittrex,Kraken
01-09-2021_19-03-28,ETH/USD,100,1292.52,1290.0,0.1949679695478586,-0.15503203045214137,0.35,False,Binance US,Bittrex
01-09-2021_19-03-28,XRP/USD,100,0.33071,0.33,0.21468960720872923,-0.2953103927912708,0.51,False,Bittrex,Kraken
01-09-2021_19-03-28,BCH/USD,100,578.37,577.372,0.17255390148175861,-0.5774460985182414,0.75,False,Coinbase Pro,Bittrex
01-09-2021_19-03-29,BTC/USD,100,40462.659,40436.12,0.06558886799801524,-0.6844111320019848,0.75,False,Bittrex,Coinbase Pro
01-09-2021_19-03-29,ETH/USD,100,1292.44,1290.0,0.18879019528953409,-0.3212098047104659,0.51,False,Kraken,Bittrex
01-09-2021_19-03-29,XRP/USD,100,0.33071,0.33,0.21468960720872923,-0.5353103927912708,0.75,False,Bittrex,Coinbase Pro
01-09-2021_19-03-30,BCH/USD,100,578.34,577.372,0.16737559221220638,-0.5826244077877936,0.75,False,Coinbase Pro,Bittrex
01-09-2021_19-03-30,BTC/USD,100,40462.569,40432.42,0.07451083988267004,-0.17549116011732996,0.250002,False,Bittrex,Binance US
01-09-2021_19-03-31,ETH/USD,100,1292.34,1290.0,0.18106690189887478,-0.32893309810112525,0.51,False,Kraken,Bittrex
01-09-2021_19-03-31,XRP/USD,100,0.33071,0.33,0.21468960720872923,-0.5353103927912708,0.75,False,Bittrex,Coinbase Pro
01-09-2021_19-03-31,BCH/USD,100,578.25,577.372,0.15183744055340126,-0.5981625594465987,0.75,False,Coinbase Pro,Bittrex
01-09-2021_19-03-32,BTC/USD,100,40462.44,40432.42,0.07419226324463891,-0.1758097367553611,0.250002,False,Bittrex,Binance US
01-09-2021_19-03-32,ETH/USD,100,1291.99,1290.0,0.1540259599532511,-0.19597404004674887,0.35,False,Binance US,Bittrex
01-09-2021_19-03-32,XRP/USD,100,0.33071,0.33,0.21468960720872923,-0.5353103927912708,0.75,False,Bittrex,Coinbase Pro
01-09-2021_19-03-33,BCH/USD,100,578.17,577.33,0.14528598855006628,-0.6147140114499338,0.76,False,Coinbase Pro,Kraken
01-09-2021_19-03-33,BTC/USD,100,40462.44,40433.29,0.07204212103867551,-0.17795987896132448,0.250002,False,Bittrex,Binance US
01-09-2021_19-03-34,ETH/USD,100,1291.98,1290.0,0.15325314633353598,-0.356746853666464,0.51,False,Kraken,Bittrex
01-09-2021_19-03-34,XRP/USD,100,0.3306,0.33,0.18148820326678447,-0.3285117967332155,0.51,False,Bittrex,Kraken
01-09-2021_19-03-35,BCH/USD,100,579.33,577.33,0.3452263822001277,-0.4147736177998723,0.76,False,Coinbase Pro,Kraken
01-09-2021_19-03-35,BTC/USD,100,40462.44,40431.44,0.07661426251110906,-0.17338773748889094,0.250002,False,Bittrex,Binance US
01-09-2021_19-03-36,ETH/USD,100,1291.98,1290.0,0.15325314633353598,-0.356746853666464,0.51,False,Kraken,Bittrex
01-09-2021_19-03-37,XRP/USD,100,0.3306,0.33,0.18148820326678447,-0.3285117967332155,0.51,False,Bittrex,Kraken
01-09-2021_19-03-37,BCH/USD,100,579.45,577.689,0.30390887910951436,-0.44609112089048564,0.75,False,Coinbase Pro,Bittrex
01-09-2021_19-03-38,BTC/USD,100,40462.119,40440.12,0.054369372004457205,-0.6956306279955428,0.75,False,Bittrex,Coinbase Pro
01-09-2021_19-03-38,ETH/USD,100,1291.99,1290.0,0.1540259599532511,-0.35597404004674893,0.51,False,Kraken,Bittrex
01-09-2021_19-03-39,XRP/USD,100,0.3306,0.33,0.18148820326678447,-0.3285117967332155,0.51,False,Bittrex,Kraken
01-09-2021_19-03-39,BCH/USD,100,579.31,578.078,0.2126667932540386,-0.5373332067459614,0.75,False,Coinbase Pro,Bittrex
01-09-2021_19-03-40,BTC/USD,100,40462.088,40430.4,0.07831528615132743,-0.17168671384867257,0.250002,False,Bittrex,Binance US
01-09-2021_19-03-40,ETH/USD,100,1292.22,1290.0,0.17179737196452827,-0.1782026280354717,0.35,False,Binance US,Bittrex
01-09-2021_19-03-41,XRP/USD,100,0.3306,0.33,0.18148820326678447,-0.3285117967332155,0.51,False,Bittrex,Kraken
01-09-2021_19-03-41,BCH/USD,100,578.98,578.078,0.1557912190403889,-0.594208780959611,0.75,False,Coinbase Pro,Bittrex
01-09-2021_19-03-41,BTC/USD,100,40462.088,40426.74,0.08736079067398947,-0.16264120932601053,0.250002,False,Bittrex,Binance US
01-09-2021_19-03-42,ETH/USD,100,1292.01,1290.0,0.15557155130378178,-0.1944284486962182,0.35,False,Binance US,Bittrex
01-09-2021_19-03-43,XRP/USD,100,0.3304,0.33,0.12106537530266691,-0.47893462469733306,0.6,False,Binance US,Coinbase Pro
01-09-2021_19-03-43,BCH/USD,100,579.57,577.79,0.30712424728679644,-0.45287575271320357,0.76,False,Coinbase Pro,Kraken
01-09-2021_19-03-44,BTC/USD,100,40471.44,40445.41,0.06431696030583255,-0.5356830396941674,0.6,False,Binance US,Coinbase Pro
01-09-2021_19-03-45,ETH/USD,100,1292.01,1290.0,0.15557155130378178,-0.1944284486962182,0.35,False,Binance US,Bittrex
01-09-2021_19-03-45,XRP/USD,100,0.3304,0.33,0.12106537530266691,-0.23893462469733306,0.36,False,Binance US,Kraken
01-09-2021_19-03-45,BCH/USD,100,578.92,578.077,0.14561597457333672,-0.6043840254266633,0.75,False,Coinbase Pro,Bittrex
01-09-2021_19-03-46,BTC/USD,100,40473.73,40459.64,0.034812704438172075,-0.5651872955618279,0.6,False,Binance US,Coinbase Pro
01-09-2021_19-03-46,ETH/USD,100,1292.01,1290.0,0.15557155130378178,-0.1944284486962182,0.35,False,Binance US,Bittrex
01-09-2021_19-03-47,XRP/USD,100,0.3304,0.33,0.12106537530266691,-0.23893462469733306,0.36,False,Binance US,Kraken
01-09-2021_19-03-47,BCH/USD,100,578.69,578.077,0.10592890839656055,-0.6440710916034394,0.75,False,Coinbase Pro,Bittrex
01-09-2021_19-03-47,BTC/USD,100,40472.59,40460.0,0.031107472983558773,-0.5688925270164412,0.6,False,Binance US,Coinbase Pro
01-09-2021_19-03-48,ETH/USD,100,1292.0,1290.0,0.15479876160990713,-0.19520123839009285,0.35,False,Binance US,Bittrex
01-09-2021_19-03-48,XRP/USD,100,0.3304,0.33,0.12106537530266691,-0.23893462469733306,0.36,False,Binance US,Kraken
01-09-2021_19-03-49,BCH/USD,100,578.99,578.077,0.1576883884004924,-0.5923116115995076,0.75,False,Coinbase Pro,Bittrex
01-09-2021_19-03-49,BTC/USD,100,40475.4,40463.03,0.03056177332405021,-0.7194382266759498,0.75,False,Coinbase Pro,Bittrex
01-09-2021_19-03-49,ETH/USD,100,1292.0,1290.0,0.15479876160990713,-0.19520123839009285,0.35,False,Binance US,Bittrex
01-09-2021_19-03-50,XRP/USD,100,0.3304,0.3299,0.15133171912832943,-0.44866828087167054,0.6,False,Binance US,Coinbase Pro
01-09-2021_19-03-50,BCH/USD,100,578.99,578.07,0.1588973902830721,-0.6011026097169279,0.76,False,Coinbase Pro,Kraken
01-09-2021_19-03-50,BTC/USD,100,40475.4,40462.93,0.03080883697258375,-0.7191911630274163,0.75,False,Coinbase Pro,Bittrex
01-09-2021_19-03-51,ETH/USD,100,1292.431,1291.65,0.060428757898870346,-0.6895712421011296,0.75,False,Bittrex,Coinbase Pro
01-09-2021_19-03-51,XRP/USD,100,0.33025,0.3299,0.10598031794094215,-0.6440196820590578,0.75,False,Bittrex,Coinbase Pro
01-09-2021_19-03-52,BCH/USD,100,578.76,578.078,0.11783813670606406,-0.632161863293936,0.75,False,Coinbase Pro,Bittrex
01-09-2021_19-03-52,BTC/USD,100,40469.9,40462.93,0.01722267660656726,-0.4927773233934327,0.51,False,Kraken,Bittrex
01-09-2021_19-03-53,ETH/USD,100,1292.431,1291.63,0.0619762292919259,-0.6880237707080741,0.75,False,Bittrex,Coinbase Pro
01-09-2021_19-03-53,XRP/USD,100,0.33025,0.3299,0.10598031794094215,-0.6440196820590578,0.75,False,Bittrex,Coinbase Pro
01-09-2021_19-03-53,BCH/USD,100,578.76,578.077,0.1180109198977111,-0.6319890801022889,0.75,False,Coinbase Pro,Bittrex
01-09-2021_19-03-54,BTC/USD,100,40474.63,40462.92,0.028931703637560435,-0.32106829636243955,0.35,False,Binance US,Bittrex
01-09-2021_19-03-54,ETH/USD,100,1292.424,1291.63,0.06143494704523199,-0.688565052954768,0.75,False,Bittrex,Coinbase Pro
01-09-2021_19-03-54,XRP/USD,100,0.33025,0.3299,0.10598031794094215,-0.6440196820590578,0.75,False,Bittrex,Coinbase Pro
01-09-2021_19-03-55,BCH/USD,100,578.65,578.077,0.0990235893890917,-0.6509764106109083,0.75,False,Coinbase Pro,Bittrex
01-09-2021_19-03-55,BTC/USD,100,40477.8,40462.92,0.03676089115516322,-0.4732391088448368,0.51,False,Kraken,Bittrex
01-09-2021_19-03-56,ETH/USD,100,1292.424,1291.95,0.036675270654207344,-0.47332472934579267,0.51,False,Bittrex,Kraken
01-09-2021_19-03-56,XRP/USD,100,0.33025,0.3299,0.10598031794094215,-0.6440196820590578,0.75,False,Bittrex,Coinbase Pro
01-09-2021_19-03-56,BCH/USD,100,578.65,578.077,0.0990235893890917,-0.6509764106109083,0.75,False,Coinbase Pro,Bittrex
01-09-2021_19-03-57,BTC/USD,100,40477.8,40462.92,0.03676089115516322,-0.4732391088448368,0.51,False,Kraken,Bittrex
01-09-2021_19-03-57,ETH/USD,100,1292.96,1291.96,0.07734191312956316,-0.5226580868704368,0.6,False,Binance US,Coinbase Pro
01-09-2021_19-03-58,XRP/USD,100,0.33025,0.3299,0.10598031794094215,-0.6440196820590578,0.75,False,Bittrex,Coinbase Pro
01-09-2021_19-03-58,BCH/USD,100,578.45,578.075,0.0648284207796698,-0.6851715792203302,0.75,False,Coinbase Pro,Bittrex
01-09-2021_19-03-58,BTC/USD,100,40477.8,40462.92,0.03676089115516322,-0.4732391088448368,0.51,False,Kraken,Bittrex
01-09-2021_19-03-59,ETH/USD,100,1292.96,1291.96,0.07734191312956316,-0.5226580868704368,0.6,False,Binance US,Coinbase Pro
01-09-2021_19-04-00,XRP/USD,100,0.33025,0.3299,0.10598031794094215,-0.6440196820590578,0.75,False,Bittrex,Coinbase Pro
01-09-2021_19-04-00,BCH/USD,100,578.95,578.075,0.15113567665601518,-0.5988643233439848,0.75,False,Coinbase Pro,Bittrex
01-09-2021_19-04-01,BTC/USD,100,40488.0,40462.92,0.06194427978660775,-0.44805572021339224,0.51,False,Kraken,Bittrex
01-09-2021_19-04-01,ETH/USD,100,1292.96,1292.0,0.07424823660438346,-0.28575176339561653,0.36,False,Binance US,Kraken
01-09-2021_19-04-01,XRP/USD,100,0.33025,0.3299,0.10598031794094215,-0.6440196820590578,0.75,False,Bittrex,Coinbase Pro
01-09-2021_19-04-02,BCH/USD,100,579.84,578.075,0.30439431567328684,-0.44560568432671316,0.75,False,Coinbase Pro,Bittrex
01-09-2021_19-04-02,BTC/USD,100,40488.0,40462.92,0.06194427978660775,-0.44805572021339224,0.51,False,Kraken,Bittrex
01-09-2021_19-04-02,ETH/USD,100,1292.96,1292.0,0.07424823660438346,-0.28575176339561653,0.36,False,Binance US,Kraken
01-09-2021_19-04-02,XRP/USD,100,0.33025,0.32999,0.07872823618470325,-0.43127176381529675,0.51,False,Bittrex,Kraken
01-09-2021_19-04-03,BCH/USD,100,579.84,578.078,0.3038769315673388,-0.4461230684326612,0.75,False,Coinbase Pro,Bittrex
01-09-2021_19-04-04,BTC/USD,100,40497.12,40462.92,0.08445044980977504,-0.26554955019022497,0.35,False,Binance US,Bittrex
01-09-2021_19-04-04,ETH/USD,100,1292.96,1292.0,0.07424823660438346,-0.28575176339561653,0.36,False,Binance US,Kraken
01-09-2021_19-04-05,XRP/USD,100,0.33025,0.32999,0.07872823618470325,-0.43127176381529675,0.51,False,Bittrex,Kraken
01-09-2021_19-04-05,BCH/USD,100,580.18,578.078,0.3623013547519693,-0.3876986452480307,0.75,False,Coinbase Pro,Bittrex
01-09-2021_19-04-06,BTC/USD,100,40497.12,40462.92,0.08445044980977504,-0.26554955019022497,0.35,False,Binance US,Bittrex
01-09-2021_19-04-06,ETH/USD,100,1292.96,1292.0,0.07424823660438346,-0.28575176339561653,0.36,False,Binance US,Kraken
01-09-2021_19-04-07,XRP/USD,100,0.33025,0.33,0.07570022710067296,-0.6742997728993271,0.75,False,Bittrex,Coinbase Pro
01-09-2021_19-04-07,BCH/USD,100,579.6,578.078,0.262594893029684,-0.24740510697031604,0.51,False,Kraken,Bittrex
01-09-2021_19-04-08,BTC/USD,100,40497.12,40462.92,0.08445044980977504,-0.26554955019022497,0.35,False,Binance US,Bittrex
01-09-2021_19-04-08,ETH/USD,100,1292.96,1292.0,0.07424823660438346,-0.28575176339561653,0.36,False,Binance US,Kraken
01-09-2021_19-04-09,XRP/USD,100,0.33025,0.33,0.07570022710067296,-0.6742997728993271,0.75,False,Bittrex,Coinbase Pro
01-09-2021_19-04-09,BCH/USD,100,579.45,578.078,0.2367762533437002,-0.5132237466562998,0.75,False,Coinbase Pro,Bittrex
01-09-2021_19-04-10,BTC/USD,100,40498.15,40462.92,0.08699162801264551,-0.6630083719873545,0.75,False,Coinbase Pro,Bittrex
01-09-2021_19-04-10,ETH/USD,100,1292.96,1292.0,0.07424823660438346,-0.28575176339561653,0.36,False,Binance US,Kraken
01-09-2021_19-04-11,XRP/USD,100,0.33025,0.3299,0.10598031794094215,-0.6440196820590578,0.75,False,Bittrex,Coinbase Pro
01-09-2021_19-04-11,BCH/USD,100,579.38,578.078,0.2247229797369638,-0.5252770202630361,0.75,False,Coinbase Pro,Bittrex
01-09-2021_19-04-12,BTC/USD,100,40497.0,40462.92,0.08415438180606402,-0.26584561819393593,0.35,False,Binance US,Bittrex
01-09-2021_19-04-12,ETH/USD,100,1292.96,1292.0,0.07424823660438346,-0.28575176339561653,0.36,False,Binance US,Kraken
01-09-2021_19-04-12,XRP/USD,100,0.33025,0.3299,0.10598031794094215,-0.6440196820590578,0.75,False,Bittrex,Coinbase Pro
01-09-2021_19-04-12,BCH/USD,100,579.38,578.078,0.2247229797369638,-0.5252770202630361,0.75,False,Coinbase Pro,Bittrex
01-09-2021_19-04-13,BTC/USD,100,40495.74,40462.92,0.08104556182946579,-0.6689544381705342,0.75,False,Coinbase Pro,Bittrex
01-09-2021_19-04-13,ETH/USD,100,1292.96,1292.0,0.07424823660438346,-0.28575176339561653,0.36,False,Binance US,Kraken
01-09-2021_19-04-13,XRP/USD,100,0.33025,0.33008,0.051476154428464344,-0.4585238455715357,0.51,False,Bittrex,Kraken
01-09-2021_19-04-14,BCH/USD,100,579.53,578.078,0.25054785774679456,-0.49945214225320544,0.75,False,Coinbase Pro,Bittrex
01-09-2021_19-04-14,BTC/USD,100,40495.74,40462.92,0.08104556182946579,-0.6689544381705342,0.75,False,Coinbase Pro,Bittrex
01-09-2021_19-04-15,ETH/USD,100,1293.08,1292.391,0.05328363287653129,-0.4556903671234688,0.508974,False,Kraken,Bittrex
01-09-2021_19-04-15,XRP/USD,100,0.33025,0.33,0.07570022710067296,-0.6742997728993271,0.75,False,Bittrex,Coinbase Pro
01-09-2021_19-04-15,BCH/USD,100,579.53,578.078,0.25054785774679456,-0.49945214225320544,0.75,False,Coinbase Pro,Bittrex
01-09-2021_19-04-16,BTC/USD,100,40494.1,40462.92,0.07699887144053157,-0.6730011285594685,0.75,False,Coinbase Pro,Bittrex
01-09-2021_19-04-16,ETH/USD,100,1293.08,1292.388,0.05351563708355301,-0.4564583629164469,0.5099739999999999,False,Kraken,Bittrex
01-09-2021_19-04-16,XRP/USD,100,0.3303,0.33,0.09082652134422252,-0.5091734786557774,0.6,False,Binance US,Coinbase Pro
01-09-2021_19-04-17,BCH/USD,100,578.61,577.92,0.11925130917199056,-0.24074869082800943,0.36,False,Binance US,Kraken
01-09-2021_19-04-18,BTC/USD,100,40494.1,40462.92,0.07699887144053157,-0.6730011285594685,0.75,False,Coinbase Pro,Bittrex
01-09-2021_19-04-19,ETH/USD,100,1293.1,1291.79,0.10130693681849397,-0.658693063181506,0.76,False,Kraken,Coinbase Pro
01-09-2021_19-04-20,XRP/USD,100,0.3303,0.33,0.09082652134422252,-0.5091734786557774,0.6,False,Binance US,Coinbase Pro
01-09-2021_19-04-20,BCH/USD,100,578.077,577.49,0.10154356599553158,-0.4084564340044684,0.51,False,Bittrex,Kraken
01-09-2021_19-04-21,BTC/USD,100,40489.0,40462.92,0.06441255649683061,-0.44558744350316937,0.51,False,Kraken,Bittrex
01-09-2021_19-04-22,ETH/USD,100,1292.48,1291.79,0.053385739044322124,-0.5466142609556779,0.6,False,Binance US,Coinbase Pro
01-09-2021_19-04-22,XRP/USD,100,0.33025,0.3296,0.19682059046176653,-0.5531794095382334,0.75,False,Bittrex,Coinbase Pro
01-09-2021_19-04-23,BCH/USD,100,577.511,576.9,0.10579885058466247,-0.4042011494153375,0.51,False,Bittrex,Kraken
01-09-2021_19-04-23,BTC/USD,100,40489.0,40462.92,0.06441255649683061,-0.44558744350316937,0.51,False,Kraken,Bittrex
01-09-2021_19-04-24,ETH/USD,100,1292.375,1291.61,0.05919334558468711,-0.6908066544153129,0.75,False,Bittrex,Coinbase Pro
01-09-2021_19-04-24,XRP/USD,100,0.33025,0.3294,0.25738077214230487,-0.49261922785769513,0.75,False,Bittrex,Coinbase Pro
01-09-2021_19-04-25,BCH/USD,100,577.511,575.5,0.34821847549223606,-0.40178152450776394,0.75,False,Bittrex,Coinbase Pro
01-09-2021_19-04-25,BTC/USD,100,40474.5,40462.92,0.02861060667828323,-0.48112939332171684,0.5097400000000001,False,Kraken,Bittrex
01-09-2021_19-04-26,ETH/USD,100,1292.366,1291.42,0.07319907827967563,-0.43680092172032436,0.51,False,Bittrex,Kraken
01-09-2021_19-04-26,XRP/USD,100,0.32972,0.3294,0.09705204415867613,-0.6529479558413238,0.75,False,Bittrex,Coinbase Pro
01-09-2021_19-04-27,BCH/USD,100,576.782,576.11,0.11650849020947696,-0.633491509790523,0.75,False,Bittrex,Coinbase Pro
01-09-2021_19-04-28,BTC/USD,100,40475.3,40454.29,0.05190820080395213,-0.45809179919604787,0.51,False,Kraken,Bittrex
01-09-2021_19-04-28,ETH/USD,100,1292.361,1291.1,0.09757335605145889,-0.6524266439485411,0.75,False,Bittrex,Coinbase Pro
01-09-2021_19-04-28,XRP/USD,100,0.32972,0.3294,0.09705204415867613,-0.6529479558413238,0.75,False,Bittrex,Coinbase Pro
01-09-2021_19-04-29,BCH/USD,100,576.779,575.88,0.15586559150038418,-0.5941344084996159,0.75,False,Bittrex,Coinbase Pro
01-09-2021_19-04-29,BTC/USD,100,40475.3,40447.513,0.0686517456325312,-0.44134825436746883,0.51,False,Kraken,Bittrex
01-09-2021_19-04-30,ETH/USD,100,1292.361,1290.25,0.16334445251753216,-0.5866555474824678,0.75,False,Bittrex,Coinbase Pro
01-09-2021_19-04-30,XRP/USD,100,0.32972,0.3294,0.09705204415867613,-0.6529479558413238,0.75,False,Bittrex,Coinbase Pro
01-09-2021_19-04-30,BCH/USD,100,576.779,575.79,0.17146948831355385,-0.33853051168644616,0.51,False,Bittrex,Kraken
01-09-2021_19-04-31,BTC/USD,100,40466.8,40447.513,0.047661292714036935,-0.302338707285963,0.35,False,Binance US,Bittrex
01-09-2021_19-04-31,ETH/USD,100,1291.526,1289.74,0.13828602753642266,-0.6117139724635774,0.75,False,Bittrex,Coinbase Pro
01-09-2021_19-04-31,XRP/USD,100,0.32972,0.3294,0.09705204415867613,-0.6529479558413238,0.75,False,Bittrex,Coinbase Pro
01-09-2021_19-04-32,BCH/USD,100,576.36,575.89,0.08154625581234423,-0.2784537441876558,0.36,False,Binance US,Kraken
01-09-2021_19-04-32,BTC/USD,100,40466.2,40447.512,0.04618175168410833,-0.4638182483158917,0.51,False,Kraken,Bittrex
01-09-2021_19-04-32,ETH/USD,100,1291.526,1289.74,0.13828602753642266,-0.6117139724635774,0.75,False,Bittrex,Coinbase Pro
01-09-2021_19-04-33,XRP/USD,100,0.32972,0.3294,0.09705204415867613,-0.6529479558413238,0.75,False,Bittrex,Coinbase Pro
01-09-2021_19-04-33,BCH/USD,100,576.344,575.76,0.10132837333260344,-0.14884162666739656,0.25017,False,Bittrex,Binance US
01-09-2021_19-04-33,BTC/USD,100,40466.2,40445.78,0.050461866940800605,-0.7095381330591994,0.76,False,Kraken,Coinbase Pro
01-09-2021_19-04-34,ETH/USD,100,1290.49,1289.49,0.07748994567954808,-0.5225100543204519,0.6,False,Binance US,Coinbase Pro
01-09-2021_19-04-34,XRP/USD,100,0.32972,0.3294,0.09705204415867613,-0.6529479558413238,0.75,False,Bittrex,Coinbase Pro
01-09-2021_19-04-34,BCH/USD,100,576.57,575.6,0.1682362939452325,-0.5917637060547675,0.76,False,Coinbase Pro,Kraken
01-09-2021_19-04-35,BTC/USD,100,40455.6,40427.861,0.06856652725457389,-0.4414334727454261,0.51,False,Kraken,Bittrex
01-09-2021_19-04-35,ETH/USD,100,1290.49,1289.41,0.08368914133390629,-0.5163108586660937,0.6,False,Binance US,Coinbase Pro
01-09-2021_19-04-36,XRP/USD,100,0.32972,0.3293,0.12738080795827716,-0.6226191920417228,0.75,False,Bittrex,Coinbase Pro
01-09-2021_19-04-36,BCH/USD,100,576.36,575.04,0.2290235269623239,-0.3709764730376761,0.6,False,Binance US,Coinbase Pro
01-09-2021_19-04-37,BTC/USD,100,40455.6,40427.861,0.06856652725457389,-0.4414334727454261,0.51,False,Kraken,Bittrex
01-09-2021_19-04-37,ETH/USD,100,1290.49,1289.41,0.08368914133390629,-0.5163108586660937,0.6,False,Binance US,Coinbase Pro
01-09-2021_19-04-37,XRP/USD,100,0.32972,0.3293,0.12738080795827716,-0.6226191920417228,0.75,False,Bittrex,Coinbase Pro
01-09-2021_19-04-38,BCH/USD,100,576.343,575.01,0.23128588357973812,-0.5187141164202619,0.75,False,Bittrex,Coinbase Pro
01-09-2021_19-04-38,BTC/USD,100,40457.7,40427.861,0.07375357472125194,-0.4362464252787481,0.51,False,Kraken,Bittrex
01-09-2021_19-04-39,ETH/USD,100,1290.44,1289.29,0.08911689036298401,-0.16096310963701602,0.25008,False,Bittrex,Binance US
01-09-2021_19-04-39,XRP/USD,100,0.32972,0.3293,0.12738080795827716,-0.6226191920417228,0.75,False,Bittrex,Coinbase Pro
01-09-2021_19-04-39,BCH/USD,100,575.377,575.01,0.06378426666341579,-0.6862157333365843,0.75,False,Bittrex,Coinbase Pro
01-09-2021_19-04-40,BTC/USD,100,40455.4,40434.11,0.05262585464487034,-0.45737414535512966,0.51,False,Kraken,Bittrex
01-09-2021_19-04-40,ETH/USD,100,1290.434,1289.29,0.0886523448700209,-0.16142765512997914,0.25008,False,Bittrex,Binance US
01-09-2021_19-04-40,XRP/USD,100,0.32972,0.3293,0.12738080795827716,-0.6226191920417228,0.75,False,Bittrex,Coinbase Pro
01-09-2021_19-04-41,BCH/USD,100,575.377,574.6,0.13504189427104837,-0.3749581057289516,0.51,False,Bittrex,Kraken
01-09-2021_19-04-41,BTC/USD,100,40455.4,40434.11,0.05262585464487034,-0.45737414535512966,0.51,False,Kraken,Bittrex
01-09-2021_19-04-41,ETH/USD,100,1290.49,1289.37,0.08678873916110301,-0.513211260838897,0.6,False,Binance US,Coinbase Pro
01-09-2021_19-04-42,XRP/USD,100,0.32972,0.3292,0.15770957175786135,-0.5922904282421386,0.75,False,Bittrex,Coinbase Pro
01-09-2021_19-04-42,BCH/USD,100,575.375,574.6,0.13469476428415855,-0.37530523571584146,0.51,False,Bittrex,Kraken
01-09-2021_19-04-43,BTC/USD,100,40472.55,40434.11,0.09497795419365059,-0.2550220458063494,0.35,False,Binance US,Bittrex
01-09-2021_19-04-43,ETH/USD,100,1290.91,1290.14,0.059647845318417374,-0.3003521546815826,0.36,False,Binance US,Kraken
01-09-2021_19-04-43,XRP/USD,100,0.32972,0.3292,0.15770957175786135,-0.5922904282421386,0.75,False,Bittrex,Coinbase Pro
01-09-2021_19-04-44,BCH/USD,100,575.5,574.6,0.15638575152041306,-0.20361424847958692,0.36,False,Binance US,Kraken
01-09-2021_19-04-44,BTC/USD,100,40469.97,40447.41,0.05574503761677528,-0.2942549623832247,0.35,False,Binance US,Bittrex
01-09-2021_19-04-44,ETH/USD,100,1291.49,1290.14,0.10453042609698171,-0.2554695739030183,0.36,False,Binance US,Kraken
01-09-2021_19-04-44,XRP/USD,100,0.32972,0.3293,0.12738080795827716,-0.4226191920417229,0.55,False,Bittrex,Binance US
01-09-2021_19-04-45,BCH/USD,100,575.373,574.7,0.11696760188608117,-0.39300639811391874,0.5099739999999999,False,Bittrex,Kraken
01-09-2021_19-04-45,BTC/USD,100,40483.0,40447.41,0.08791344514980734,-0.42208655485019264,0.51,False,Kraken,Bittrex
01-09-2021_19-04-46,ETH/USD,100,1291.49,1290.14,0.10453042609698171,-0.2554695739030183,0.36,False,Binance US,Kraken
01-09-2021_19-04-46,XRP/USD,100,0.32972,0.3293,0.12738080795827716,-0.6226191920417228,0.75,False,Bittrex,Coinbase Pro
01-09-2021_19-04-46,BCH/USD,100,575.373,574.7,0.11696760188608117,-0.39300639811391874,0.5099739999999999,False,Bittrex,Kraken
01-09-2021_19-04-47,BTC/USD,100,40489.04,40447.41,0.10281794777055069,-0.24718205222944928,0.35,False,Binance US,Bittrex
01-09-2021_19-04-47,ETH/USD,100,1291.49,1290.32,0.09059303595072922,-0.5094069640492708,0.6,False,Binance US,Coinbase Pro
01-09-2021_19-04-47,XRP/USD,100,0.32972,0.3293,0.12738080795827716,-0.6226191920417228,0.75,False,Bittrex,Coinbase Pro
01-09-2021_19-04-48,BCH/USD,100,575.35,575.01,0.0590944642391643,-0.7009055357608357,0.76,False,Coinbase Pro,Kraken
01-09-2021_19-04-48,BTC/USD,100,40489.03,40447.41,0.10279327511673,-0.24720672488326997,0.35,False,Binance US,Bittrex
01-09-2021_19-04-48,ETH/USD,100,1291.16,1290.32,0.0650577775024122,-0.5349422224975877,0.6,False,Binance US,Coinbase Pro
01-09-2021_19-04-49,XRP/USD,100,0.32972,0.3293,0.12738080795827716,-0.6226191920417228,0.75,False,Bittrex,Coinbase Pro
01-09-2021_19-04-49,BCH/USD,100,575.35,574.98,0.06430868167202651,-0.4358613183279735,0.50017,False,Coinbase Pro,Binance US
01-09-2021_19-04-50,BTC/USD,100,40486.0,40447.412,0.09531195968977764,-0.41442804031022246,0.5097400000000001,False,Kraken,Bittrex
01-09-2021_19-04-50,ETH/USD,100,1291.13,1289.97,0.08984378025451206,-0.5101562197454879,0.6,False,Binance US,Coinbase Pro
01-09-2021_19-04-50,XRP/USD,100,0.32972,0.3293,0.12738080795827716,-0.6226191920417228,0.75,False,Bittrex,Coinbase Pro
01-09-2021_19-04-51,BCH/USD,100,575.208,574.98,0.039637835356940765,-0.21053216464305924,0.25017,False,Bittrex,Binance US
01-09-2021_19-04-52,BTC/USD,100,40488.6,40447.412,0.10172739981130965,-0.4082726001886904,0.51,False,Kraken,Bittrex
01-09-2021_19-04-52,ETH/USD,100,1290.75,1289.72,0.0797985667247703,-0.5202014332752297,0.6,False,Binance US,Coinbase Pro
01-09-2021_19-04-53,XRP/USD,100,0.32972,0.329,0.21836709935702972,-0.5316329006429703,0.75,False,Bittrex,Coinbase Pro
01-09-2021_19-04-53,BCH/USD,100,575.207,574.42,0.13682030990583122,-0.11334969009416879,0.25017,False,Bittrex,Binance US
01-09-2021_19-04-53,BTC/USD,100,40488.6,40447.41,0.10173233947332101,-0.408267660526679,0.51,False,Kraken,Bittrex
01-09-2021_19-04-54,ETH/USD,100,1290.417,1289.38,0.08036161953847533,-0.6696383804615247,0.75,False,Bittrex,Coinbase Pro
01-09-2021_19-04-54,XRP/USD,100,0.32971,0.329,0.2153407539959323,-0.5346592460040677,0.75,False,Bittrex,Coinbase Pro
01-09-2021_19-04-55,BCH/USD,100,575.207,574.31,0.15594386021033266,-0.3540561397896673,0.51,False,Bittrex,Kraken
01-09-2021_19-04-55,BTC/USD,100,40472.81,40447.41,0.0627581825922,-0.28724181740779997,0.35,False,Binance US,Bittrex
01-09-2021_19-04-56,ETH/USD,100,1290.41,1289.16,0.09686843716338217,-0.6521315628366178,0.749,False,Bittrex,Coinbase Pro
01-09-2021_19-04-56,XRP/USD,100,0.3293,0.329,0.0911023382933395,-0.5088976617066605,0.6,False,Binance US,Coinbase Pro
01-09-2021_19-04-57,BCH/USD,100,575.61,574.31,0.2258473619290958,-0.5341526380709042,0.76,False,Coinbase Pro,Kraken
01-09-2021_19-04-57,BTC/USD,100,40477.93,40447.41,0.07539911255342552,-0.6746008874465745,0.75,False,Coinbase Pro,Bittrex
01-09-2021_19-04-57,ETH/USD,100,1291.47,1289.69,0.1378274369516886,-0.2221725630483114,0.36,False,Binance US,Kraken
01-09-2021_19-04-57,XRP/USD,100,0.3293,0.329,0.0911023382933395,-0.5088976617066605,0.6,False,Binance US,Coinbase Pro
01-09-2021_19-04-58,BCH/USD,100,575.61,574.31,0.2258473619290958,-0.5341526380709042,0.76,False,Coinbase Pro,Kraken
01-09-2021_19-04-58,BTC/USD,100,40477.93,40447.41,0.07539911255342552,-0.6746008874465745,0.75,False,Coinbase Pro,Bittrex
01-09-2021_19-04-58,ETH/USD,100,1291.72,1290.01,0.13238163069396125,-0.46761836930603873,0.6,False,Binance US,Coinbase Pro
01-09-2021_19-04-59,XRP/USD,100,0.3293,0.3292,0.030367446097779832,-0.5696325539022201,0.6,False,Binance US,Coinbase Pro
01-09-2021_19-04-59,BCH/USD,100,577.03,575.208,0.31575481344124273,-0.034245186558757246,0.35,False,Binance US,Bittrex
01-09-2021_19-05-00,BTC/USD,100,40488.6,40447.412,0.10172739981130965,-0.4082726001886904,0.51,False,Kraken,Bittrex
01-09-2021_19-05-01,ETH/USD,100,1291.96,1290.403,0.12051456701445992,-0.22948543298554006,0.35,False,Binance US,Bittrex
01-09-2021_19-05-01,XRP/USD,100,0.3293,0.32924,0.01822046765867127,-0.7317695323413287,0.7499899999999999,False,Coinbase Pro,Bittrex
01-09-2021_19-05-01,BCH/USD,100,576.44,576.14,0.052043577822508534,-0.5479564221774914,0.6,False,Binance US,Coinbase Pro
01-09-2021_19-05-02,BTC/USD,100,40488.5,40447.41,0.10148560702420813,-0.4085143929757919,0.51,False,Kraken,Bittrex
01-09-2021_19-05-02,ETH/USD,100,1292.87,1290.402,0.1908931292395869,-0.15910687076041308,0.35,False,Binance US,Bittrex
01-09-2021_19-05-03,XRP/USD,100,0.32948,0.3292,0.08498239650358215,-0.6750176034964178,0.76,False,Kraken,Coinbase Pro
01-09-2021_19-05-03,BCH/USD,100,576.41,576.14,0.04684165784770941,-0.7131583421522906,0.76,False,Kraken,Coinbase Pro
01-09-2021_19-05-04,BTC/USD,100,40488.28,40447.412,0.10093785164497532,-0.6490621483550247,0.75,False,Coinbase Pro,Bittrex
01-09-2021_19-05-05,ETH/USD,100,1292.43,1290.4,0.15706846792475979,-0.1929315320752402,0.35,False,Binance US,Bittrex
01-09-2021_19-05-05,XRP/USD,100,0.32948,0.3291,0.11533325239771502,-0.6446667476022849,0.76,False,Kraken,Coinbase Pro
01-09-2021_19-05-05,BCH/USD,100,575.165,574.46,0.12257352238052165,-0.12759647761947834,0.25017,False,Bittrex,Binance US
01-09-2021_19-05-06,BTC/USD,100,40487.9,40447.41,0.10000518673479722,-0.4099948132652028,0.51,False,Kraken,Bittrex
01-09-2021_19-05-06,ETH/USD,100,1292.43,1290.4,0.15706846792475979,-0.1929315320752402,0.35,False,Binance US,Bittrex
01-09-2021_19-05-07,XRP/USD,100,0.32954,0.3291,0.13351945135643503,-0.626480548643565,0.76,False,Kraken,Coinbase Pro
01-09-2021_19-05-07,BCH/USD,100,575.165,574.75,0.07215320820981173,-0.43784679179018826,0.51,False,Bittrex,Kraken
01-09-2021_19-05-08,BTC/USD,100,40485.96,40447.41,0.09521819415914959,-0.6547818058408504,0.75,False,Coinbase Pro,Bittrex
01-09-2021_19-05-08,ETH/USD,100,1292.809,1291.55,0.09738484184438805,-0.652615158155612,0.75,False,Bittrex,Coinbase Pro
01-09-2021_19-05-08,XRP/USD,100,0.32938,0.3291,0.0850081972190183,-0.6649918027809817,0.75,False,Bittrex,Coinbase Pro
01-09-2021_19-05-09,BCH/USD,100,575.164,574.69,0.0824112774791073,-0.4275887225208927,0.51,False,Bittrex,Kraken
01-09-2021_19-05-09,BTC/USD,100,40483.7,40447.41,0.08964101601383667,-0.2603589839861633,0.35,False,Binance US,Bittrex
01-09-2021_19-05-09,ETH/USD,100,1292.809,1291.55,0.09738484184438805,-0.652615158155612,0.75,False,Bittrex,Coinbase Pro
01-09-2021_19-05-10,XRP/USD,100,0.32938,0.3292,0.054648126783658234,-0.6953518732163417,0.75,False,Bittrex,Coinbase Pro
01-09-2021_19-05-10,BCH/USD,100,575.164,574.69,0.0824112774791073,-0.4275887225208927,0.51,False,Bittrex,Kraken
01-09-2021_19-05-10,BTC/USD,100,40483.7,40447.411,0.08963854588389161,-0.26036145411610834,0.35,False,Binance US,Bittrex
01-09-2021_19-05-11,ETH/USD,100,1292.804,1291.8,0.07766065080245209,-0.6713393491975479,0.749,False,Bittrex,Coinbase Pro
01-09-2021_19-05-11,XRP/USD,100,0.32938,0.3292,0.054648126783658234,-0.6953518732163417,0.75,False,Bittrex,Coinbase Pro
01-09-2021_19-05-12,BCH/USD,100,575.65,574.739,0.15825588465212276,-0.19174411534787722,0.35,False,Binance US,Bittrex
01-09-2021_19-05-13,BTC/USD,100,40479.3,40447.41,0.07878100658855122,-0.43121899341144876,0.51,False,Kraken,Bittrex
01-09-2021_19-05-13,ETH/USD,100,1292.798,1291.35,0.11200512377031005,-0.63799487622969,0.75,False,Bittrex,Coinbase Pro
01-09-2021_19-05-14,XRP/USD,100,0.32962,0.3292,0.12741945270312222,-0.6225805472968777,0.75,False,Bittrex,Coinbase Pro
01-09-2021_19-05-14,BCH/USD,100,575.204,575.09,0.019819055500295384,-0.7291809444997046,0.749,False,Bittrex,Coinbase Pro
01-09-2021_19-05-15,BTC/USD,100,40479.1,40447.41,0.07828731370014416,-0.4317126862998558,0.51,False,Kraken,Bittrex
01-09-2021_19-05-15,ETH/USD,100,1292.795,1291.35,0.11177332833126394,-0.638226671668736,0.75,False,Bittrex,Coinbase Pro
01-09-2021_19-05-15,XRP/USD,100,0.32962,0.3292,0.12741945270312222,-0.6225805472968777,0.75,False,Bittrex,Coinbase Pro
01-09-2021_19-05-16,BCH/USD,100,575.204,574.64,0.0980521693173143,-0.6509478306826857,0.749,False,Bittrex,Coinbase Pro
01-09-2021_19-05-16,BTC/USD,100,40479.1,40447.41,0.07828731370014416,-0.4317126862998558,0.51,False,Kraken,Bittrex
01-09-2021_19-05-17,ETH/USD,100,1292.795,1291.08,0.13265831009557938,-0.6173416899044206,0.75,False,Bittrex,Coinbase Pro
01-09-2021_19-05-17,XRP/USD,100,0.32962,0.3292,0.12741945270312222,-0.6225805472968777,0.75,False,Bittrex,Coinbase Pro
01-09-2021_19-05-18,BCH/USD,100,575.11,574.594,0.08972196623254033,-0.2602780337674596,0.35,False,Binance US,Bittrex
01-09-2021_19-05-18,BTC/USD,100,40475.5,40447.41,0.06940000741188251,-0.4405999925881175,0.51,False,Kraken,Bittrex
01-09-2021_19-05-18,ETH/USD,100,1292.787,1291.08,0.1320403129053825,-0.6179596870946175,0.75,False,Bittrex,Coinbase Pro
01-09-2021_19-05-19,XRP/USD,100,0.32962,0.3293,0.09708148777381301,-0.652918512226187,0.75,False,Bittrex,Coinbase Pro
01-09-2021_19-05-19,BCH/USD,100,575.1,574.594,0.0879846983133319,-0.2620153016866681,0.35,False,Binance US,Bittrex
01-09-2021_19-05-20,BTC/USD,100,40475.5,40447.41,0.06940000741188251,-0.4405999925881175,0.51,False,Kraken,Bittrex
01-09-2021_19-05-20,ETH/USD,100,1292.785,1290.47,0.1790707658272686,-0.5709292341727314,0.75,False,Bittrex,Coinbase Pro
01-09-2021_19-05-20,XRP/USD,100,0.32962,0.3293,0.09708148777381301,-0.652918512226187,0.75,False,Bittrex,Coinbase Pro
01-09-2021_19-05-21,BCH/USD,100,574.76,573.83,0.16180666713061972,-0.5981933328693803,0.76,False,Kraken,Coinbase Pro
01-09-2021_19-05-21,BTC/USD,100,40455.05,40432.08,0.05677906713748014,-0.4432229328625198,0.500002,False,Coinbase Pro,Binance US
01-09-2021_19-05-21,ETH/USD,100,1292.785,1290.47,0.1790707658272686,-0.5709292341727314,0.75,False,Bittrex,Coinbase Pro
01-09-2021_19-05-22,XRP/USD,100,0.32962,0.3291,0.1577574176324314,-0.5922425823675685,0.75,False,Bittrex,Coinbase Pro
01-09-2021_19-05-22,BCH/USD,100,574.18,573.6,0.10101361942246809,-0.25898638057753187,0.36,False,Binance US,Kraken
01-09-2021_19-05-23,BTC/USD,100,40449.78,40432.08,0.043757963578533905,-0.45624403642146605,0.500002,False,Coinbase Pro,Binance US
01-09-2021_19-05-24,ETH/USD,100,1291.194,1290.43,0.05917003951380632,-0.6908299604861937,0.75,False,Bittrex,Coinbase Pro
01-09-2021_19-05-24,XRP/USD,100,0.32962,0.3291,0.1577574176324314,-0.5922425823675685,0.75,False,Bittrex,Coinbase Pro
01-09-2021_19-05-25,BCH/USD,100,574.087,572.19,0.3304377211119455,-0.17956227888805448,0.51,False,Bittrex,Kraken
01-09-2021_19-05-26,BTC/USD,100,40457.4,40442.85,0.03596375446766947,-0.4727762455323305,0.50874,False,Kraken,Bittrex
01-09-2021_19-05-26,ETH/USD,100,1291.31,1289.97,0.10377058955633568,-0.4962294104436643,0.6,False,Binance US,Coinbase Pro
01-09-2021_19-05-26,XRP/USD,100,0.32962,0.3291,0.1577574176324314,-0.5922425823675685,0.75,False,Bittrex,Coinbase Pro
01-09-2021_19-05-27,BCH/USD,100,574.087,572.19,0.3304377211119455,-0.17956227888805448,0.51,False,Bittrex,Kraken
01-09-2021_19-05-27,BTC/USD,100,40457.4,40439.9,0.043255374789284526,-0.46648462521071554,0.5097400000000001,False,Kraken,Bittrex
01-09-2021_19-05-27,ETH/USD,100,1291.193,1289.97,0.09471860519689591,-0.6552813948031041,0.75,False,Bittrex,Coinbase Pro
01-09-2021_19-05-28,XRP/USD,100,0.32962,0.3291,0.1577574176324314,-0.5922425823675685,0.75,False,Bittrex,Coinbase Pro
01-09-2021_19-05-29,BCH/USD,100,574.83,573.09,0.3026981890298017,-0.4573018109701983,0.76,False,Coinbase Pro,Kraken
01-09-2021_19-05-29,BTC/USD,100,40461.21,40439.9,0.05266772793002896,-0.6973322720699711,0.75,False,Coinbase Pro,Bittrex
01-09-2021_19-05-29,ETH/USD,100,1291.31,1289.72,0.1231307741750562,-0.4768692258249438,0.6,False,Binance US,Coinbase Pro
01-09-2021_19-05-30,XRP/USD,100,0.32962,0.3291,0.1577574176324314,-0.5922425823675685,0.75,False,Bittrex,Coinbase Pro
01-09-2021_19-05-30,BCH/USD,100,574.83,573.09,0.3026981890298017,-0.4573018109701983,0.76,False,Coinbase Pro,Kraken
01-09-2021_19-05-31,BTC/USD,100,40460.8,40439.9,0.05165493514710894,-0.45834506485289106,0.51,False,Kraken,Bittrex
01-09-2021_19-05-31,ETH/USD,100,1291.29,1289.99,0.10067451927916692,-0.49932548072083305,0.6,False,Binance US,Coinbase Pro
01-09-2021_19-05-31,XRP/USD,100,0.32962,0.3291,0.1577574176324314,-0.5922425823675685,0.75,False,Bittrex,Coinbase Pro
01-09-2021_19-05-32,BCH/USD,100,574.8,573.93,0.1513569937369528,-0.6086430062630472,0.76,False,Coinbase Pro,Kraken
01-09-2021_19-05-32,BTC/USD,100,40460.8,40439.9,0.05165493514710894,-0.45834506485289106,0.51,False,Kraken,Bittrex
01-09-2021_19-05-32,ETH/USD,100,1291.184,1289.77,0.10951188986232692,-0.640488110137673,0.75,False,Bittrex,Coinbase Pro
01-09-2021_19-05-33,XRP/USD,100,0.32962,0.3292,0.12741945270312222,-0.6225805472968777,0.75,False,Bittrex,Coinbase Pro
01-09-2021_19-05-33,BCH/USD,100,574.99,573.93,0.1843510321918745,-0.5756489678081256,0.76,False,Coinbase Pro,Kraken
01-09-2021_19-05-34,BTC/USD,100,40462.5,40439.9,0.05585418597466431,-0.6941458140253357,0.75,False,Coinbase Pro,Bittrex
01-09-2021_19-05-34,ETH/USD,100,1291.073,1289.76,0.10169835477932711,-0.6483016452206729,0.75,False,Bittrex,Coinbase Pro
01-09-2021_19-05-34,XRP/USD,100,0.32962,0.3292,0.12741945270312222,-0.6225805472968777,0.75,False,Bittrex,Coinbase Pro
01-09-2021_19-05-35,BCH/USD,100,575.35,573.76,0.2763535239419539,-0.4736464760580461,0.75,False,Coinbase Pro,Bittrex
01-09-2021_19-05-35,BTC/USD,100,40460.0,40439.9,0.049678695007411136,-0.4603213049925889,0.51,False,Kraken,Bittrex
01-09-2021_19-05-36,ETH/USD,100,1291.073,1289.76,0.10169835477932711,-0.6483016452206729,0.75,False,Bittrex,Coinbase Pro
01-09-2021_19-05-36,XRP/USD,100,0.32962,0.3291,0.1577574176324314,-0.5922425823675685,0.75,False,Bittrex,Coinbase Pro
01-09-2021_19-05-36,BCH/USD,100,575.35,573.65,0.29547232119580175,-0.46452767880419826,0.76,False,Coinbase Pro,Kraken
01-09-2021_19-05-37,BTC/USD,100,40464.2,40439.9,0.06005308396062602,-0.449946916039374,0.51,False,Kraken,Bittrex
01-09-2021_19-05-37,ETH/USD,100,1291.069,1289.76,0.10138884908552286,-0.6476111509144772,0.749,False,Bittrex,Coinbase Pro
01-09-2021_19-05-37,XRP/USD,100,0.32962,0.3291,0.1577574176324314,-0.5922425823675685,0.75,False,Bittrex,Coinbase Pro
01-09-2021_19-05-38,BCH/USD,100,575.53,573.65,0.32665543064653374,-0.43334456935346627,0.76,False,Coinbase Pro,Kraken
01-09-2021_19-05-38,BTC/USD,100,40464.2,40437.777,0.06529969701611604,-0.44470030298388397,0.51,False,Kraken,Bittrex
01-09-2021_19-05-38,ETH/USD,100,1291.069,1289.76,0.10138884908552286,-0.6476111509144772,0.749,False,Bittrex,Coinbase Pro
01-09-2021_19-05-39,XRP/USD,100,0.32962,0.3291,0.1577574176324314,-0.5922425823675685,0.75,False,Bittrex,Coinbase Pro
01-09-2021_19-05-39,BCH/USD,100,575.53,573.761,0.30736886000729857,-0.44263113999270143,0.75,False,Coinbase Pro,Bittrex
01-09-2021_19-05-40,BTC/USD,100,40462.6,40437.77,0.061365310187683805,-0.4476346898123162,0.509,False,Kraken,Bittrex
01-09-2021_19-05-40,ETH/USD,100,1291.065,1289.98,0.08403914597638666,-0.6659608540236134,0.75,False,Bittrex,Coinbase Pro
01-09-2021_19-05-41,XRP/USD,100,0.32962,0.329,0.1880953825617406,-0.5619046174382594,0.75,False,Bittrex,Coinbase Pro
01-09-2021_19-05-41,BCH/USD,100,575.43,573.76,0.29021775020418805,-0.45978224979581195,0.75,False,Coinbase Pro,Bittrex
01-09-2021_19-05-42,BTC/USD,100,40465.3,40437.77,0.06803359915781203,-0.44096640084218797,0.509,False,Kraken,Bittrex
01-09-2021_19-05-42,ETH/USD,100,1291.06,1289.73,0.10301612628382317,-0.6469838737161768,0.75,False,Bittrex,Coinbase Pro
01-09-2021_19-05-43,XRP/USD,100,0.32962,0.329,0.1880953825617406,-0.5619046174382594,0.75,False,Bittrex,Coinbase Pro
01-09-2021_19-05-43,BCH/USD,100,574.8,572.82,0.3444676409185638,-0.1557023590814362,0.50017,False,Coinbase Pro,Binance US
01-09-2021_19-05-43,BTC/USD,100,40465.3,40437.77,0.06803359915781203,-0.44096640084218797,0.509,False,Kraken,Bittrex
01-09-2021_19-05-44,ETH/USD,100,1291.06,1289.42,0.12702740383869632,-0.6229725961613037,0.75,False,Bittrex,Coinbase Pro
01-09-2021_19-05-44,XRP/USD,100,0.32962,0.329,0.1880953825617406,-0.5619046174382594,0.75,False,Bittrex,Coinbase Pro
01-09-2021_19-05-44,BCH/USD,100,574.8,572.82,0.3444676409185638,-0.1557023590814362,0.50017,False,Coinbase Pro,Binance US
01-09-2021_19-05-45,BTC/USD,100,40458.9,40425.243,0.0831881242446019,-0.4265518757553982,0.5097400000000001,False,Kraken,Bittrex
01-09-2021_19-05-45,ETH/USD,100,1291.058,1289.42,0.126872688910949,-0.623127311089051,0.75,False,Bittrex,Coinbase Pro
01-09-2021_19-05-45,XRP/USD,100,0.32962,0.3288,0.24877131242037584,-0.5012286875796241,0.75,False,Bittrex,Coinbase Pro
01-09-2021_19-05-46,BCH/USD,100,574.8,572.82,0.3444676409185638,-0.1557023590814362,0.50017,False,Coinbase Pro,Binance US
01-09-2021_19-05-46,BTC/USD,100,40458.9,40425.243,0.0831881242446019,-0.4265518757553982,0.5097400000000001,False,Kraken,Bittrex
01-09-2021_19-05-46,ETH/USD,100,1291.058,1289.71,0.10441049124051409,-0.645589508759486,0.75,False,Bittrex,Coinbase Pro
01-09-2021_19-05-47,XRP/USD,100,0.32961,0.3288,0.2457449713297633,-0.5042550286702367,0.75,False,Bittrex,Coinbase Pro
01-09-2021_19-05-47,BCH/USD,100,573.45,572.01,0.2511116923881863,-0.2490583076118137,0.50017,False,Coinbase Pro,Binance US
01-09-2021_19-05-48,BTC/USD,100,40444.2,40425.243,0.046871986588917273,-0.46312801341108273,0.51,False,Kraken,Bittrex
01-09-2021_19-05-48,ETH/USD,100,1290.216,1289.72,0.03844317540627827,-0.7115568245937217,0.75,False,Bittrex,Coinbase Pro
01-09-2021_19-05-48,XRP/USD,100,0.32961,0.3288,0.2457449713297633,-0.5042550286702367,0.75,False,Bittrex,Coinbase Pro
01-09-2021_19-05-48,BCH/USD,100,573.45,571.92,0.2668061731624529,-0.23336382683754708,0.50017,False,Coinbase Pro,Binance US
01-09-2021_19-05-49,BTC/USD,100,40444.2,40425.24,0.04687940421617717,-0.4631205957838228,0.51,False,Kraken,Bittrex
01-09-2021_19-05-49,ETH/USD,100,1290.216,1289.42,0.06169509601491702,-0.688304903985083,0.75,False,Bittrex,Coinbase Pro
01-09-2021_19-05-49,XRP/USD,100,0.3291,0.3287,0.1215436037678552,-0.47845639623214475,0.6,False,Binance US,Coinbase Pro
01-09-2021_19-05-50,BCH/USD,100,573.06,571.38,0.29316301957909296,-0.207016980420907,0.50018,False,Coinbase Pro,Binance US
01-09-2021_19-05-50,BTC/USD,100,40451.5,40423.7,0.06872427474878041,-0.4412757252512196,0.51,False,Kraken,Bittrex
01-09-2021_19-05-51,ETH/USD,100,1290.85,1289.87,0.07591896812178164,-0.5240810318782183,0.6,False,Binance US,Coinbase Pro
01-09-2021_19-05-51,XRP/USD,100,0.3291,0.3287,0.1215436037678552,-0.47845639623214475,0.6,False,Binance US,Coinbase Pro
01-09-2021_19-05-51,BCH/USD,100,572.451,571.38,0.1870902487723886,-0.0630897512276114,0.25018,False,Bittrex,Binance US
01-09-2021_19-05-52,BTC/USD,100,40451.5,40423.7,0.06872427474878041,-0.4412757252512196,0.51,False,Kraken,Bittrex
01-09-2021_19-05-52,ETH/USD,100,1290.85,1289.87,0.07591896812178164,-0.5240810318782183,0.6,False,Binance US,Coinbase Pro
01-09-2021_19-05-53,XRP/USD,100,0.3291,0.3287,0.1215436037678552,-0.47845639623214475,0.6,False,Binance US,Coinbase Pro
01-09-2021_19-05-53,BCH/USD,100,572.01,571.23,0.1363612524256521,-0.6236387475743479,0.76,False,Coinbase Pro,Kraken
01-09-2021_19-05-54,BTC/USD,100,40447.6,40423.7,0.05908879636863858,-0.45091120363136145,0.51,False,Kraken,Bittrex
01-09-2021_19-05-54,ETH/USD,100,1290.79,1289.61,0.09141688423369128,-0.5085831157663087,0.6,False,Binance US,Coinbase Pro
01-09-2021_19-05-54,XRP/USD,100,0.3291,0.3287,0.1215436037678552,-0.47845639623214475,0.6,False,Binance US,Coinbase Pro
01-09-2021_19-05-54,BCH/USD,100,572.01,571.23,0.1363612524256521,-0.6236387475743479,0.76,False,Coinbase Pro,Kraken
01-09-2021_19-05-55,BTC/USD,100,40447.6,40423.7,0.05908879636863858,-0.45091120363136145,0.51,False,Kraken,Bittrex
01-09-2021_19-05-55,ETH/USD,100,1290.79,1289.59,0.09296632294951507,-0.5070336770504849,0.6,False,Binance US,Coinbase Pro
01-09-2021_19-05-56,XRP/USD,100,0.3291,0.3287,0.1215436037678552,-0.47845639623214475,0.6,False,Binance US,Coinbase Pro
01-09-2021_19-05-56,BCH/USD,100,573.47,571.5,0.34352276492231976,-0.41647723507768025,0.76,False,Coinbase Pro,Kraken
01-09-2021_19-05-56,BTC/USD,100,40447.6,40423.7,0.05908879636863858,-0.45091120363136145,0.51,False,Kraken,Bittrex
01-09-2021_19-05-57,ETH/USD,100,1290.78,1289.59,0.09219231782333585,-0.5078076821766642,0.6,False,Binance US,Coinbase Pro
01-09-2021_19-05-58,XRP/USD,100,0.3291,0.3288,0.09115770282589561,-0.5088422971741043,0.6,False,Binance US,Coinbase Pro
01-09-2021_19-05-58,BCH/USD,100,573.74,571.7,0.3555617527102805,-0.1446082472897195,0.50017,False,Coinbase Pro,Binance US
01-09-2021_19-05-59,BTC/USD,100,40447.6,40423.7,0.05908879636863858,-0.45091120363136145,0.51,False,Kraken,Bittrex
01-09-2021_19-05-59,ETH/USD,100,1290.78,1289.59,0.09219231782333585,-0.5078076821766642,0.6,False,Binance US,Coinbase Pro
01-09-2021_19-05-59,XRP/USD,100,0.3291,0.3288,0.09115770282589561,-0.5088422971741043,0.6,False,Binance US,Coinbase Pro
01-09-2021_19-06-00,BCH/USD,100,573.138,571.7,0.25089943434216333,0.0007294343421633265,0.25017,True,Bittrex,Binance US
01-09-2021_19-06-00,BTC/USD,100,40447.6,40423.7,0.05908879636863858,-0.45091120363136145,0.51,False,Kraken,Bittrex
01-09-2021_19-06-00,ETH/USD,100,1290.78,1289.59,0.09219231782333585,-0.5078076821766642,0.6,False,Binance US,Coinbase Pro
01-09-2021_19-06-01,XRP/USD,100,0.3291,0.3287,0.1215436037678552,-0.47845639623214475,0.6,False,Binance US,Coinbase Pro
01-09-2021_19-06-01,BCH/USD,100,573.137,570.91,0.3885632928950627,-0.12143670710493731,0.51,False,Bittrex,Kraken
01-09-2021_19-06-01,BTC/USD,100,40473.77,40423.7,0.12370975078427265,-0.22629024921572732,0.35,False,Binance US,Bittrex
01-09-2021_19-06-02,ETH/USD,100,1290.85,1290.0,0.06584808459541458,-0.5341519154045854,0.6,False,Binance US,Coinbase Pro
01-09-2021_19-06-03,XRP/USD,100,0.3291,0.32885,0.07596475235491582,-0.28403524764508414,0.36,False,Binance US,Kraken
01-09-2021_19-06-03,BCH/USD,100,573.134,570.91,0.3880418889823403,-0.12195811101765969,0.51,False,Bittrex,Kraken
01-09-2021_19-06-03,BTC/USD,100,40475.98,40447.41,0.07058507292473143,-0.6794149270752685,0.75,False,Coinbase Pro,Bittrex
01-09-2021_19-06-04,ETH/USD,100,1291.07,1290.192,0.06800560775170433,-0.6819943922482956,0.75,False,Coinbase Pro,Bittrex
01-09-2021_19-06-04,XRP/USD,100,0.3291,0.32885,0.07596475235491582,-0.28403524764508414,0.36,False,Binance US,Kraken
01-09-2021_19-06-04,BCH/USD,100,573.134,570.91,0.3880418889823403,-0.12195811101765969,0.51,False,Bittrex,Kraken
01-09-2021_19-06-05,BTC/USD,100,40499.9,40447.413,0.12959785085889344,-0.3804021491411066,0.51,False,Kraken,Bittrex
01-09-2021_19-06-05,ETH/USD,100,1292.06,1290.191,0.14465272510563865,-0.20534727489436133,0.35,False,Binance US,Bittrex
01-09-2021_19-06-06,XRP/USD,100,0.32998,0.3291,0.2666828292623771,-0.48330717073762286,0.7499899999999999,False,Bittrex,Coinbase Pro
01-09-2021_19-06-06,BCH/USD,100,572.17,571.182,0.17267595295103602,-0.577324047048964,0.75,False,Coinbase Pro,Bittrex
01-09-2021_19-06-07,BTC/USD,100,40499.9,40447.413,0.12959785085889344,-0.3804021491411066,0.51,False,Kraken,Bittrex
01-09-2021_19-06-07,ETH/USD,100,1292.06,1290.19,0.14473012089221018,-0.2042698791077898,0.349,False,Binance US,Bittrex
01-09-2021_19-06-07,XRP/USD,100,0.32998,0.3291,0.2666828292623771,-0.48330717073762286,0.7499899999999999,False,Bittrex,Coinbase Pro
01-09-2021_19-06-08,BCH/USD,100,571.98,569.98,0.34966257561453196,-0.150517424385468,0.50018,False,Coinbase Pro,Binance US
01-09-2021_19-06-08,BTC/USD,100,40499.9,40447.413,0.12959785085889344,-0.3804021491411066,0.51,False,Kraken,Bittrex
01-09-2021_19-06-09,ETH/USD,100,1292.14,1290.19,0.15091243982850508,-0.3580875601714949,0.509,False,Kraken,Bittrex
01-09-2021_19-06-09,XRP/USD,100,0.3294,0.3291,0.09107468123862247,-0.6589253187613775,0.75,False,Bittrex,Coinbase Pro
01-09-2021_19-06-09,BCH/USD,100,571.98,569.697,0.39913983006399095,-0.35086016993600905,0.75,False,Coinbase Pro,Bittrex
01-09-2021_19-06-10,BTC/USD,100,40499.5,40447.413,0.12861146433906476,-0.3813885356609352,0.51,False,Kraken,Bittrex
01-09-2021_19-06-10,ETH/USD,100,1292.14,1290.189,0.1509898308232871,-0.3590101691767129,0.51,False,Kraken,Bittrex
01-09-2021_19-06-10,XRP/USD,100,0.3294,0.3291,0.09107468123862247,-0.6589253187613775,0.75,False,Bittrex,Coinbase Pro
01-09-2021_19-06-11,BCH/USD,100,570.74,569.01,0.3031152538809297,-0.19706474611907027,0.50018,False,Coinbase Pro,Binance US
01-09-2021_19-06-11,BTC/USD,100,40499.5,40447.413,0.12861146433906476,-0.3813885356609352,0.51,False,Kraken,Bittrex
01-09-2021_19-06-11,ETH/USD,100,1292.14,1290.189,0.1509898308232871,-0.3590101691767129,0.51,False,Kraken,Bittrex
01-09-2021_19-06-12,XRP/USD,100,0.3294,0.3291,0.09107468123862247,-0.6589253187613775,0.75,False,Bittrex,Coinbase Pro
01-09-2021_19-06-12,BCH/USD,100,570.74,569.01,0.3031152538809297,-0.19706474611907027,0.50018,False,Coinbase Pro,Binance US
01-09-2021_19-06-13,BTC/USD,100,40499.5,40447.413,0.12861146433906476,-0.3813885356609352,0.51,False,Kraken,Bittrex
01-09-2021_19-06-13,ETH/USD,100,1292.06,1290.21,0.143182205160744,-0.20681779483925597,0.35,False,Binance US,Bittrex
01-09-2021_19-06-13,XRP/USD,100,0.3294,0.3291,0.09107468123862247,-0.6689253187613775,0.76,False,Kraken,Coinbase Pro
01-09-2021_19-06-14,BCH/USD,100,570.67,568.717,0.34222930940823504,-0.40777069059176496,0.75,False,Coinbase Pro,Bittrex
01-09-2021_19-06-14,BTC/USD,100,40500.0,40447.413,0.1298444444444433,-0.3801555555555567,0.51,False,Kraken,Bittrex
01-09-2021_19-06-15,ETH/USD,100,1292.06,1290.21,0.143182205160744,-0.20681779483925597,0.35,False,Binance US,Bittrex
01-09-2021_19-06-15,XRP/USD,100,0.3294,0.3292,0.06071645415908727,-0.6992835458409128,0.76,False,Kraken,Coinbase Pro
01-09-2021_19-06-15,BCH/USD,100,571.47,568.717,0.4817400738446537,-0.2682599261553463,0.75,False,Coinbase Pro,Bittrex
01-09-2021_19-06-16,BTC/USD,100,40516.27,40497.02,0.04751177736746251,-0.3024882226325375,0.35,False,Binance US,Bittrex
01-09-2021_19-06-16,ETH/USD,100,1292.3,1290.21,0.16172715313780997,-0.34827284686219007,0.51,False,Kraken,Bittrex
01-09-2021_19-06-17,XRP/USD,100,0.3294,0.3291,0.09107468123862247,-0.6589253187613775,0.75,False,Bittrex,Coinbase Pro
01-09-2021_19-06-17,BCH/USD,100,572.37,567.77,0.8036759438824576,0.5534959438824576,0.25018,True,Bittrex,Binance US
01-09-2021_19-06-18,BTC/USD,100,40517.18,40497.02,0.04975667112075295,-0.30024332887924704,0.35,False,Binance US,Bittrex
01-09-2021_19-06-18,ETH/USD,100,1292.3,1290.21,0.16172715313780997,-0.34827284686219007,0.51,False,Kraken,Bittrex
01-09-2021_19-06-18,XRP/USD,100,0.3294,0.3291,0.09107468123862247,-0.6589253187613775,0.75,False,Bittrex,Coinbase Pro
01-09-2021_19-06-18,BCH/USD,100,572.37,569.01,0.5870328633576206,0.0770328633576206,0.51,True,Bittrex,Kraken
01-09-2021_19-06-19,BTC/USD,100,40517.18,40488.36,0.07113032052082525,-0.27886967947917474,0.35,False,Binance US,Bittrex
01-09-2021_19-06-19,ETH/USD,100,1292.0,1290.21,0.13854489164086406,-0.21145510835913592,0.35,False,Binance US,Bittrex
01-09-2021_19-06-19,XRP/USD,100,0.3294,0.3291,0.09107468123862247,-0.6589253187613775,0.75,False,Bittrex,Coinbase Pro
01-09-2021_19-06-20,BCH/USD,100,571.32,568.19,0.5478540922775319,-0.2121459077224681,0.76,False,Coinbase Pro,Kraken
01-09-2021_19-06-20,BTC/USD,100,40517.18,40488.36,0.07113032052082525,-0.27886967947917474,0.35,False,Binance US,Bittrex
01-09-2021_19-06-21,ETH/USD,100,1292.98,1290.21,0.21423378551872277,-0.1357662144812772,0.35,False,Binance US,Bittrex
01-09-2021_19-06-21,XRP/USD,100,0.3294,0.3291,0.09107468123862247,-0.6589253187613775,0.75,False,Bittrex,Coinbase Pro
01-09-2021_19-06-21,BCH/USD,100,571.32,568.19,0.5478540922775319,-0.2121459077224681,0.76,False,Coinbase Pro,Kraken
01-09-2021_19-06-22,BTC/USD,100,40515.16,40495.0,0.04975915188290875,-0.30024084811709123,0.35,False,Binance US,Bittrex
01-09-2021_19-06-23,ETH/USD,100,1292.99,1290.21,0.21500552981848065,-0.13499447018151933,0.35,False,Binance US,Bittrex
01-09-2021_19-06-23,XRP/USD,100,0.3294,0.3291,0.09107468123862247,-0.6589253187613775,0.75,False,Bittrex,Coinbase Pro
01-09-2021_19-06-24,BCH/USD,100,571.88,569.42,0.43016017346297064,-0.07001982653702932,0.50018,False,Coinbase Pro,Binance US
01-09-2021_19-06-24,BTC/USD,100,40541.83,40495.0,0.1155103260015686,-0.23448967399843137,0.35,False,Binance US,Bittrex
01-09-2021_19-06-25,ETH/USD,100,1292.98,1290.211,0.21415644480193083,-0.13584355519806915,0.35,False,Binance US,Bittrex
01-09-2021_19-06-25,XRP/USD,100,0.3294,0.3291,0.09107468123862247,-0.6589253187613775,0.75,False,Bittrex,Coinbase Pro
01-09-2021_19-06-25,BCH/USD,100,571.88,569.6,0.398685038819328,-0.10149496118067197,0.50018,False,Coinbase Pro,Binance US
01-09-2021_19-06-26,BTC/USD,100,40531.71,40495.0,0.09057106152195189,-0.2594289384780481,0.35,False,Binance US,Bittrex
01-09-2021_19-06-26,ETH/USD,100,1293.501,1292.42,0.08357164006830328,-0.6664283599316967,0.75,False,Bittrex,Coinbase Pro
01-09-2021_19-06-27,XRP/USD,100,0.3294,0.3291,0.09107468123862247,-0.6589253187613775,0.75,False,Bittrex,Coinbase Pro
01-09-2021_19-06-27,BCH/USD,100,573.12,570.237,0.5030360134003417,-0.24696398659965835,0.75,False,Coinbase Pro,Bittrex
01-09-2021_19-06-28,BTC/USD,100,40530.11,40495.0,0.08662695462706758,-0.2633730453729324,0.35,False,Binance US,Bittrex
01-09-2021_19-06-28,ETH/USD,100,1293.501,1292.65,0.06579044005376768,-0.44420955994623235,0.51,False,Bittrex,Kraken
01-09-2021_19-06-29,XRP/USD,100,0.3294,0.3291,0.09107468123862247,-0.6589253187613775,0.75,False,Bittrex,Coinbase Pro
01-09-2021_19-06-29,BCH/USD,100,571.54,570.08,0.25545018721347984,-0.5045498127865202,0.76,False,Coinbase Pro,Kraken
01-09-2021_19-06-30,BTC/USD,100,40535.03,40495.0,0.0987540899809346,-0.2512459100190654,0.35,False,Binance US,Bittrex
01-09-2021_19-06-31,ETH/USD,100,1293.501,1292.7,0.061924961789742015,-0.688075038210258,0.75,False,Bittrex,Coinbase Pro
01-09-2021_19-06-31,XRP/USD,100,0.3294,0.3291,0.09107468123862247,-0.6589253187613775,0.75,False,Bittrex,Coinbase Pro
01-09-2021_19-06-32,BCH/USD,100,571.95,569.79,0.37765538945713467,-0.12252461054286529,0.50018,False,Coinbase Pro,Binance US
01-09-2021_19-06-32,BTC/USD,100,40541.85,40495.0,0.11555960075822526,-0.23444039924177473,0.35,False,Binance US,Bittrex
01-09-2021_19-06-33,ETH/USD,100,1293.501,1292.59,0.07042901397061604,-0.6795709860293839,0.75,False,Bittrex,Coinbase Pro
01-09-2021_19-06-33,XRP/USD,100,0.3294,0.32916,0.07285974499089798,-0.43714025500910203,0.51,False,Bittrex,Kraken
01-09-2021_19-06-34,BCH/USD,100,571.32,568.89,0.42533081285445345,-0.33466918714554655,0.76,False,Coinbase Pro,Kraken
01-09-2021_19-06-35,BTC/USD,100,40533.48,40495.0,0.09493386701562066,-0.2550661329843793,0.35,False,Binance US,Bittrex
01-09-2021_19-06-35,ETH/USD,100,1293.499,1292.33,0.09037502155008209,-0.659624978449918,0.75,False,Bittrex,Coinbase Pro
01-09-2021_19-06-36,XRP/USD,100,0.3294,0.32917,0.06982392228294108,-0.4401760777170589,0.51,False,Bittrex,Kraken
01-09-2021_19-06-36,BCH/USD,100,571.62,568.631,0.522899828557439,-0.227100171442561,0.75,False,Coinbase Pro,Bittrex
01-09-2021_19-06-37,BTC/USD,100,40541.85,40497.03,0.11055242915653753,-0.23944757084346247,0.35,False,Binance US,Bittrex
01-09-2021_19-06-38,ETH/USD,100,1293.499,1292.0,0.11588721753940465,-0.13419278246059538,0.25008,False,Bittrex,Binance US
01-09-2021_19-06-38,XRP/USD,100,0.3294,0.32917,0.06982392228294108,-0.4401760777170589,0.51,False,Bittrex,Kraken
01-09-2021_19-06-39,BCH/USD,100,571.17,569.35,0.3186441864943776,-0.18153581350562237,0.50018,False,Coinbase Pro,Binance US
01-09-2021_19-06-39,BTC/USD,100,40541.85,40497.03,0.11055242915653753,-0.23944757084346247,0.35,False,Binance US,Bittrex
01-09-2021_19-06-39,ETH/USD,100,1293.499,1292.33,0.09037502155008209,-0.659624978449918,0.75,False,Bittrex,Coinbase Pro
01-09-2021_19-06-40,XRP/USD,100,0.3294,0.32917,0.06982392228294108,-0.4401760777170589,0.51,False,Bittrex,Kraken
01-09-2021_19-06-41,BCH/USD,100,570.72,569.34,0.24179983179142056,-0.2583801682085794,0.50018,False,Coinbase Pro,Binance US
01-09-2021_19-06-42,BTC/USD,100,40541.85,40497.02,0.11057709502650162,-0.23942290497349836,0.35,False,Binance US,Bittrex
01-09-2021_19-06-42,ETH/USD,100,1293.497,1292.3,0.09253983580944651,-0.6574601641905535,0.75,False,Bittrex,Coinbase Pro
01-09-2021_19-06-43,XRP/USD,100,0.3294,0.329,0.12143290831815769,-0.6285670916818423,0.75,False,Bittrex,Coinbase Pro
01-09-2021_19-06-43,BCH/USD,100,570.72,569.35,0.24004765909728143,-0.26013234090271853,0.50018,False,Coinbase Pro,Binance US
01-09-2021_19-06-43,BTC/USD,100,40539.41,40497.03,0.10454024861241112,-0.6454597513875888,0.75,False,Coinbase Pro,Bittrex
01-09-2021_19-06-44,ETH/USD,100,1293.495,1292.21,0.09934325219655697,-0.6506567478034431,0.75,False,Bittrex,Coinbase Pro
01-09-2021_19-06-44,XRP/USD,100,0.3294,0.3288,0.18214936247724495,-0.567850637522755,0.75,False,Bittrex,Coinbase Pro
01-09-2021_19-06-44,BCH/USD,100,571.67,569.35,0.40582853744291925,-0.09435146255708071,0.50018,False,Coinbase Pro,Binance US
01-09-2021_19-06-45,BTC/USD,100,40513.36,40497.03,0.040307691092522926,-0.709692308907477,0.75,False,Coinbase Pro,Bittrex
01-09-2021_19-06-45,ETH/USD,100,1293.495,1292.21,0.09934325219655697,-0.6506567478034431,0.75,False,Bittrex,Coinbase Pro
01-09-2021_19-06-46,XRP/USD,100,0.3294,0.3287,0.21250758955678015,-0.5374924104432198,0.75,False,Bittrex,Coinbase Pro
01-09-2021_19-06-46,BCH/USD,100,571.47,568.9,0.44971739548883577,-0.31028260451116424,0.76,False,Coinbase Pro,Kraken
01-09-2021_19-06-46,BTC/USD,100,40520.38,40497.03,0.0576253233557991,-0.29237467664420086,0.35,False,Binance US,Bittrex
01-09-2021_19-06-47,ETH/USD,100,1292.944,1291.87,0.08306624262149553,-0.6669337573785045,0.75,False,Bittrex,Coinbase Pro
01-09-2021_19-06-48,XRP/USD,100,0.3294,0.3287,0.21250758955678015,-0.5374924104432198,0.75,False,Bittrex,Coinbase Pro
01-09-2021_19-06-48,BCH/USD,100,570.72,568.9,0.31889543033362244,-0.44110456966637757,0.76,False,Coinbase Pro,Kraken
01-09-2021_19-06-49,BTC/USD,100,40521.35,40497.03,0.06001774373262418,-0.6899822562673759,0.75,False,Coinbase Pro,Bittrex
01-09-2021_19-06-49,ETH/USD,100,1292.942,1291.78,0.08987255422130572,-0.6601274457786943,0.75,False,Bittrex,Coinbase Pro
01-09-2021_19-06-49,XRP/USD,100,0.32939,0.3287,0.2094781262333477,-0.5405218737666523,0.75,False,Bittrex,Coinbase Pro
01-09-2021_19-06-49,BCH/USD,100,570.72,568.9,0.31889543033362244,-0.44110456966637757,0.76,False,Coinbase Pro,Kraken
01-09-2021_19-06-50,BTC/USD,100,40525.0,40497.03,0.06901912399753526,-0.2809808760024647,0.35,False,Binance US,Bittrex
01-09-2021_19-06-50,ETH/USD,100,1292.942,1292.03,0.07053680675544878,-0.6794631932445512,0.75,False,Bittrex,Coinbase Pro
01-09-2021_19-06-50,XRP/USD,100,0.32939,0.3287,0.2094781262333477,-0.5405218737666523,0.75,False,Bittrex,Coinbase Pro
01-09-2021_19-06-51,BCH/USD,100,570.48,568.672,0.31692609732155247,-0.43307390267844753,0.75,False,Coinbase Pro,Bittrex
01-09-2021_19-06-52,BTC/USD,100,40525.0,40497.03,0.06901912399753526,-0.2809808760024647,0.35,False,Binance US,Bittrex
01-09-2021_19-06-52,ETH/USD,100,1292.939,1292.04,0.06953150922047478,-0.6804684907795252,0.75,False,Bittrex,Coinbase Pro
01-09-2021_19-06-52,XRP/USD,100,0.3292,0.3287,0.1518833535844473,-0.4481166464155527,0.6,False,Binance US,Coinbase Pro
01-09-2021_19-06-53,BCH/USD,100,570.4,568.672,0.30294530154276855,-0.44705469845723145,0.75,False,Coinbase Pro,Bittrex
01-09-2021_19-06-53,BTC/USD,100,40514.04,40497.03,0.04198544504572251,-0.3080145549542775,0.35,False,Binance US,Bittrex
01-09-2021_19-06-53,ETH/USD,100,1292.939,1292.04,0.06953150922047478,-0.6804684907795252,0.75,False,Bittrex,Coinbase Pro
01-09-2021_19-06-54,XRP/USD,100,0.3292,0.3287,0.1518833535844473,-0.4481166464155527,0.6,False,Binance US,Coinbase Pro
01-09-2021_19-06-54,BCH/USD,100,570.4,568.404,0.34992987377278767,-0.40007012622721233,0.75,False,Coinbase Pro,Bittrex
01-09-2021_19-06-55,BTC/USD,100,40523.15,40497.03,0.0644569832305796,-0.6855430167694204,0.75,False,Coinbase Pro,Bittrex
01-09-2021_19-06-55,ETH/USD,100,1292.935,1292.04,0.06922235069821622,-0.6807776493017837,0.75,False,Bittrex,Coinbase Pro
01-09-2021_19-06-55,XRP/USD,100,0.3292,0.3287,0.1518833535844473,-0.4481166464155527,0.6,False,Binance US,Coinbase Pro
01-09-2021_19-06-56,BCH/USD,100,570.65,568.404,0.393586261280992,-0.356413738719008,0.75,False,Coinbase Pro,Bittrex
01-09-2021_19-06-56,BTC/USD,100,40528.352,40500.0,0.06995596564103804,-0.440044034358962,0.51,False,Bittrex,Kraken
01-09-2021_19-06-57,ETH/USD,100,1292.935,1292.0,0.07231608704226783,-0.6776839129577321,0.75,False,Bittrex,Coinbase Pro
01-09-2021_19-06-58,XRP/USD,100,0.3292,0.3287,0.1518833535844473,-0.4481166464155527,0.6,False,Binance US,Coinbase Pro
01-09-2021_19-06-58,BCH/USD,100,572.09,569.128,0.5177507035606266,-0.23224929643937342,0.75,False,Coinbase Pro,Bittrex
01-09-2021_19-06-59,BTC/USD,100,40526.91,40500.0,0.06640032511731955,-0.29359967488268046,0.36,False,Binance US,Kraken
01-09-2021_19-06-59,ETH/USD,100,1292.934,1292.01,0.0714653648214045,-0.6775346351785955,0.749,False,Bittrex,Coinbase Pro
01-09-2021_19-07-00,XRP/USD,100,0.3292,0.3287,0.1518833535844473,-0.4481166464155527,0.6,False,Binance US,Coinbase Pro
01-09-2021_19-07-00,BCH/USD,100,571.23,569.48,0.30635645886945717,-0.1938235411305428,0.50018,False,Coinbase Pro,Binance US
01-09-2021_19-07-01,BTC/USD,100,40528.153,40500.0,0.06946529243510907,-0.44053470756489094,0.51,False,Bittrex,Kraken
01-09-2021_19-07-01,ETH/USD,100,1292.932,1291.6,0.10302165929840915,-0.6469783407015909,0.75,False,Bittrex,Coinbase Pro
01-09-2021_19-07-02,XRP/USD,100,0.32884,0.3287,0.04257389611970228,-0.7074261038802977,0.75,False,Bittrex,Coinbase Pro
01-09-2021_19-07-02,BCH/USD,100,571.23,569.48,0.30635645886945717,-0.1938235411305428,0.50018,False,Coinbase Pro,Binance US
01-09-2021_19-07-03,BTC/USD,100,40532.94,40500.0,0.08126723598140753,-0.6787327640185925,0.76,False,Coinbase Pro,Kraken
01-09-2021_19-07-03,ETH/USD,100,1292.931,1291.39,0.11918656138648852,-0.6308134386135115,0.75,False,Bittrex,Coinbase Pro
01-09-2021_19-07-04,XRP/USD,100,0.32884,0.3287,0.04257389611970228,-0.7074261038802977,0.75,False,Bittrex,Coinbase Pro
01-09-2021_19-07-05,BCH/USD,100,570.68,569.48,0.21027546085370644,-0.28990453914629355,0.50018,False,Coinbase Pro,Binance US
01-09-2021_19-07-05,BTC/USD,100,40548.57,40500.0,0.11978227592243008,-0.24021772407756992,0.36,False,Binance US,Kraken
01-09-2021_19-07-05,ETH/USD,100,1292.928,1291.44,0.11508761508761943,-0.39391238491238056,0.509,False,Bittrex,Kraken
01-09-2021_19-07-06,XRP/USD,100,0.32884,0.3287,0.04257389611970228,-0.7074261038802977,0.75,False,Bittrex,Coinbase Pro
01-09-2021_19-07-06,BCH/USD,100,570.68,569.238,0.25268101212586624,-0.49631898787413375,0.749,False,Coinbase Pro,Bittrex
01-09-2021_19-07-07,BTC/USD,100,40541.64,40497.029,0.11003748245013559,-0.2399625175498644,0.35,False,Binance US,Bittrex
01-09-2021_19-07-07,ETH/USD,100,1292.925,1291.44,0.11485585010730708,-0.3951441498926929,0.51,False,Bittrex,Kraken
01-09-2021_19-07-07,XRP/USD,100,0.32884,0.3287,0.04257389611970228,-0.7074261038802977,0.75,False,Bittrex,Coinbase Pro
01-09-2021_19-07-08,BCH/USD,100,570.42,569.238,0.20721573577362343,-0.5417842642263766,0.749,False,Coinbase Pro,Bittrex
01-09-2021_19-07-08,BTC/USD,100,40564.41,40497.029,0.16610866520676923,-0.18389133479323075,0.35,False,Binance US,Bittrex
01-09-2021_19-07-08,ETH/USD,100,1292.96,1291.44,0.1175597079569346,-0.2424402920430654,0.36,False,Binance US,Kraken
01-09-2021_19-07-09,XRP/USD,100,0.3291,0.3287,0.1215436037678552,-0.47845639623214475,0.6,False,Binance US,Coinbase Pro
01-09-2021_19-07-09,BCH/USD,100,570.42,569.237,0.2073910451947675,-0.5426089548052325,0.75,False,Coinbase Pro,Bittrex
01-09-2021_19-07-10,BTC/USD,100,40575.72,40530.0,0.11267822234578011,-0.23732177765421986,0.35,False,Binance US,Bittrex
01-09-2021_19-07-10,ETH/USD,100,1292.96,1291.44,0.1175597079569346,-0.2424402920430654,0.36,False,Binance US,Kraken
01-09-2021_19-07-10,XRP/USD,100,0.3291,0.32884,0.07900334244909829,-0.2709966575509017,0.35,False,Binance US,Bittrex
01-09-2021_19-07-11,BCH/USD,100,571.43,569.237,0.3837740405648958,-0.3662259594351042,0.75,False,Coinbase Pro,Bittrex
01-09-2021_19-07-11,BTC/USD,100,40575.99,40530.0,0.11334289070950078,-0.2366571092904992,0.35,False,Binance US,Bittrex
01-09-2021_19-07-11,ETH/USD,100,1292.99,1292.3,0.0533646818614262,-0.7066353181385738,0.76,False,Kraken,Coinbase Pro
01-09-2021_19-07-12,XRP/USD,100,0.32908,0.32884,0.07293059438433283,-0.4370694056156672,0.51,False,Kraken,Bittrex
01-09-2021_19-07-12,BCH/USD,100,571.43,569.43,0.34999912500218755,-0.41000087499781246,0.76,False,Coinbase Pro,Kraken
01-09-2021_19-07-13,BTC/USD,100,40573.97,40530.0,0.10836997217674574,-0.24163002782325424,0.35,False,Binance US,Bittrex
01-09-2021_19-07-14,ETH/USD,100,1293.05,1292.59,0.03557480375855817,-0.5644251962414418,0.6,False,Binance US,Coinbase Pro
01-09-2021_19-07-14,XRP/USD,100,0.329,0.32884,0.04863221884498282,-0.30136778115501717,0.35,False,Binance US,Bittrex
01-09-2021_19-07-14,BCH/USD,100,571.7,569.46,0.3918138884030101,-0.3681861115969899,0.76,False,Coinbase Pro,Kraken
01-09-2021_19-07-15,BTC/USD,100,40583.38,40541.317,0.10364587671109367,-0.24635412328890632,0.35,False,Binance US,Bittrex
01-09-2021_19-07-15,ETH/USD,100,1293.05,1292.75,0.023200958972967367,-0.5767990410270326,0.6,False,Binance US,Coinbase Pro
01-09-2021_19-07-15,XRP/USD,100,0.329,0.32884,0.04863221884498282,-0.30136778115501717,0.35,False,Binance US,Bittrex
01-09-2021_19-07-16,BCH/USD,100,572.69,569.892,0.48857147846129695,-0.26142852153870305,0.75,False,Coinbase Pro,Bittrex
01-09-2021_19-07-17,BTC/USD,100,40599.3,40541.317,0.14281773331067327,-0.36718226668932674,0.51,False,Kraken,Bittrex
01-09-2021_19-07-17,ETH/USD,100,1293.05,1292.75,0.023200958972967367,-0.5767990410270326,0.6,False,Binance US,Coinbase Pro
01-09-2021_19-07-18,XRP/USD,100,0.3291,0.32884,0.07900334244909829,-0.2709966575509017,0.35,False,Binance US,Bittrex
01-09-2021_19-07-18,BCH/USD,100,573.89,570.347,0.6173656972590578,-0.13263430274094223,0.75,False,Coinbase Pro,Bittrex
01-09-2021_19-07-19,BTC/USD,100,40612.35,40541.317,0.1749049242410149,-0.5750950757589851,0.75,False,Coinbase Pro,Bittrex
01-09-2021_19-07-19,ETH/USD,100,1293.29,1292.75,0.04175397629301732,-0.5582460237069826,0.6,False,Binance US,Coinbase Pro
01-09-2021_19-07-19,XRP/USD,100,0.3291,0.32884,0.07900334244909829,-0.2709966575509017,0.35,False,Binance US,Bittrex
01-09-2021_19-07-20,BCH/USD,100,574.89,570.347,0.7902381325123079,0.0402381325123079,0.75,True,Coinbase Pro,Bittrex
01-09-2021_19-07-20,BTC/USD,100,40612.35,40541.317,0.1749049242410149,-0.5750950757589851,0.75,False,Coinbase Pro,Bittrex
01-09-2021_19-07-21,ETH/USD,100,1293.29,1292.92,0.02860920597854239,-0.5713907940214575,0.6,False,Binance US,Coinbase Pro
01-09-2021_19-07-21,XRP/USD,100,0.3291,0.32884,0.07900334244909829,-0.6709966575509017,0.75,False,Coinbase Pro,Bittrex
01-09-2021_19-07-22,BCH/USD,100,574.3,571.992,0.4018805502350676,-0.3481194497649324,0.75,False,Coinbase Pro,Bittrex
01-09-2021_19-07-22,BTC/USD,100,40617.52,40541.317,0.18761115892844782,-0.16238884107155216,0.35,False,Binance US,Bittrex
01-09-2021_19-07-23,ETH/USD,100,1293.28,1292.917,0.028068167759499597,-0.32193183224050037,0.35,False,Binance US,Bittrex
01-09-2021_19-07-23,XRP/USD,100,0.3292,0.32884,0.10935601458079328,-0.6406439854192068,0.75,False,Coinbase Pro,Bittrex
01-09-2021_19-07-23,BCH/USD,100,574.3,571.992,0.4018805502350676,-0.3481194497649324,0.75,False,Coinbase Pro,Bittrex
01-09-2021_19-07-24,BTC/USD,100,40624.01,40599.989,0.05913005633860527,-0.6908699436613948,0.75,False,Coinbase Pro,Bittrex
01-09-2021_19-07-24,ETH/USD,100,1293.28,1292.919,0.027913522207091757,-0.3220864777929082,0.35,False,Binance US,Bittrex
01-09-2021_19-07-24,XRP/USD,100,0.3293,0.32884,0.1396902520497906,-0.21030974795020937,0.35,False,Binance US,Bittrex
01-09-2021_19-07-25,BCH/USD,100,574.58,572.67,0.3324167217794009,-0.4275832782205991,0.76,False,Coinbase Pro,Kraken
01-09-2021_19-07-25,BTC/USD,100,40619.32,40599.989,0.04759065390557575,-0.7024093460944243,0.75,False,Coinbase Pro,Bittrex
01-09-2021_19-07-26,ETH/USD,100,1293.27,1292.919,0.027140504303036907,-0.3228594956969631,0.35,False,Binance US,Bittrex
01-09-2021_19-07-26,XRP/USD,100,0.32944,0.32884,0.18212724623603369,-0.3278727537639663,0.51,False,Kraken,Bittrex
01-09-2021_19-07-27,BCH/USD,100,573.79,572.67,0.19519336342564433,-0.5648066365743557,0.76,False,Coinbase Pro,Kraken
01-09-2021_19-07-27,BTC/USD,100,40635.94,40606.2,0.07318644529942026,-0.43681355470057975,0.51,False,Bittrex,Kraken
01-09-2021_19-07-28,ETH/USD,100,1293.3,1292.919,0.029459522152621827,-0.4805144778473781,0.5099739999999999,False,Kraken,Bittrex
01-09-2021_19-07-28,XRP/USD,100,0.32944,0.32884,0.18212724623603369,-0.3278727537639663,0.51,False,Kraken,Bittrex
01-09-2021_19-07-28,BCH/USD,100,573.79,572.67,0.19519336342564433,-0.5648066365743557,0.76,False,Coinbase Pro,Kraken
01-09-2021_19-07-29,BTC/USD,100,40620.3,40601.86,0.04539602120122777,-0.46460397879877224,0.51,False,Kraken,Bittrex
01-09-2021_19-07-29,ETH/USD,100,1293.3,1292.91,0.030155416376700894,-0.729818583623299,0.7599739999999999,False,Kraken,Coinbase Pro
01-09-2021_19-07-30,XRP/USD,100,0.32947,0.32884,0.1912161957082478,-0.31878380429175224,0.51,False,Kraken,Bittrex
01-09-2021_19-07-30,BCH/USD,100,574.13,572.2,0.3361607998188476,-0.4238392001811524,0.76,False,Coinbase Pro,Kraken
01-09-2021_19-07-31,BTC/USD,100,40635.929,40617.52,0.045302274250945886,-0.20469972574905412,0.250002,False,Bittrex,Binance US
01-09-2021_19-07-31,ETH/USD,100,1294.0,1292.918,0.08361669242659253,-0.4263833075734075,0.51,False,Kraken,Bittrex
01-09-2021_19-07-31,XRP/USD,100,0.32947,0.32884,0.1912161957082478,-0.31878380429175224,0.51,False,Kraken,Bittrex
01-09-2021_19-07-32,BCH/USD,100,574.23,572.2,0.3535168834787407,-0.4064831165212593,0.76,False,Coinbase Pro,Kraken
01-09-2021_19-07-32,BTC/USD,100,40635.929,40617.52,0.045302274250945886,-0.20469972574905412,0.250002,False,Bittrex,Binance US
01-09-2021_19-07-33,ETH/USD,100,1294.0,1292.918,0.08361669242659253,-0.4263833075734075,0.51,False,Kraken,Bittrex
01-09-2021_19-07-33,XRP/USD,100,0.32939,0.32884,0.1669753180120814,-0.3430246819879186,0.51,False,Kraken,Bittrex
01-09-2021_19-07-33,BCH/USD,100,574.23,572.29,0.3378437211570372,-0.4221562788429628,0.76,False,Coinbase Pro,Kraken
01-09-2021_19-07-34,BTC/USD,100,40625.84,40607.96,0.04401139767201708,-0.7059886023279829,0.75,False,Coinbase Pro,Bittrex
01-09-2021_19-07-34,ETH/USD,100,1293.98,1292.918,0.08207236587892591,-0.4279276341210741,0.51,False,Kraken,Bittrex
01-09-2021_19-07-34,XRP/USD,100,0.32931,0.32884,0.14272266253681046,-0.3672773374631896,0.51,False,Kraken,Bittrex
01-09-2021_19-07-35,BCH/USD,100,573.94,572.59,0.2352162246924805,-0.5247837753075195,0.76,False,Coinbase Pro,Kraken
01-09-2021_19-07-36,BTC/USD,100,40622.18,40607.96,0.03500550684380101,-0.714994493156199,0.75,False,Coinbase Pro,Bittrex
01-09-2021_19-07-36,ETH/USD,100,1293.98,1292.918,0.08207236587892591,-0.4279276341210741,0.51,False,Kraken,Bittrex
01-09-2021_19-07-36,XRP/USD,100,0.32931,0.32884,0.14272266253681046,-0.3672773374631896,0.51,False,Kraken,Bittrex
01-09-2021_19-07-36,BCH/USD,100,573.94,572.59,0.2352162246924805,-0.5247837753075195,0.76,False,Coinbase Pro,Kraken
01-09-2021_19-07-37,BTC/USD,100,40620.4,40582.589,0.09308377071619559,-0.41691622928380445,0.51,False,Kraken,Bittrex
01-09-2021_19-07-37,ETH/USD,100,1293.63,1292.87,0.05874941057336474,-0.7012505894266353,0.76,False,Kraken,Coinbase Pro
01-09-2021_19-07-37,XRP/USD,100,0.32947,0.32884,0.1912161957082478,-0.31878380429175224,0.51,False,Kraken,Bittrex
01-09-2021_19-07-38,BCH/USD,100,573.92,572.59,0.2317396152773779,-0.5282603847226222,0.76,False,Coinbase Pro,Kraken
01-09-2021_19-07-38,BTC/USD,100,40604.4,40582.589,0.05371585345430917,-0.4562841465456908,0.51,False,Kraken,Bittrex
01-09-2021_19-07-39,ETH/USD,100,1293.63,1292.62,0.07807487457775548,-0.6819251254222445,0.76,False,Kraken,Coinbase Pro
01-09-2021_19-07-39,XRP/USD,100,0.32947,0.32884,0.1912161957082478,-0.31878380429175224,0.51,False,Kraken,Bittrex
01-09-2021_19-07-39,BCH/USD,100,573.92,572.1,0.31711736827431286,-0.44288263172568715,0.76,False,Coinbase Pro,Kraken
01-09-2021_19-07-40,BTC/USD,100,40611.3,40582.58,0.07071923331683833,-0.4392807666831617,0.51,False,Kraken,Bittrex
01-09-2021_19-07-40,ETH/USD,100,1293.63,1292.62,0.07807487457775548,-0.6819251254222445,0.76,False,Kraken,Coinbase Pro
01-09-2021_19-07-40,XRP/USD,100,0.32944,0.32884,0.18212724623603369,-0.3278727537639663,0.51,False,Kraken,Bittrex
01-09-2021_19-07-41,BCH/USD,100,573.31,571.92,0.24245172768658954,-0.5175482723134105,0.76,False,Coinbase Pro,Kraken
01-09-2021_19-07-41,BTC/USD,100,40604.2,40575.001,0.07191128011388115,-0.43808871988611886,0.51,False,Kraken,Bittrex
01-09-2021_19-07-42,ETH/USD,100,1294.225,1292.61,0.1247851030539519,-0.625214896946048,0.75,False,Bittrex,Coinbase Pro
01-09-2021_19-07-42,XRP/USD,100,0.32944,0.32884,0.18212724623603369,-0.3278727537639663,0.51,False,Kraken,Bittrex
01-09-2021_19-07-42,BCH/USD,100,573.31,571.92,0.24245172768658954,-0.5175482723134105,0.76,False,Coinbase Pro,Kraken
01-09-2021_19-07-43,BTC/USD,100,40608.2,40575.941,0.0794396205692402,-0.4305603794307598,0.51,False,Kraken,Bittrex
01-09-2021_19-07-43,ETH/USD,100,1294.225,1293.41,0.06297204890956574,-0.44702795109043425,0.51,False,Bittrex,Kraken
01-09-2021_19-07-43,XRP/USD,100,0.32944,0.32884,0.18212724623603369,-0.3278727537639663,0.51,False,Kraken,Bittrex
01-09-2021_19-07-44,BCH/USD,100,574.15,571.99,0.37620830793346133,-0.3837916920665387,0.76,False,Coinbase Pro,Kraken
01-09-2021_19-07-44,BTC/USD,100,40608.2,40575.941,0.0794396205692402,-0.4305603794307598,0.51,False,Kraken,Bittrex
01-09-2021_19-07-45,ETH/USD,100,1294.22,1293.16,0.08190261315695518,-0.6680973868430449,0.75,False,Bittrex,Coinbase Pro
01-09-2021_19-07-45,XRP/USD,100,0.32941,0.32884,0.17303664126770876,-0.3369633587322912,0.51,False,Kraken,Bittrex
01-09-2021_19-07-46,BCH/USD,100,574.24,572.74,0.26121482307049315,-0.49878517692950686,0.76,False,Coinbase Pro,Kraken
01-09-2021_19-07-46,BTC/USD,100,40603.2,40575.941,0.06713510265200329,-0.4428648973479967,0.51,False,Kraken,Bittrex
01-09-2021_19-07-47,ETH/USD,100,1294.218,1293.0,0.09411088394691423,-0.6548891160530858,0.749,False,Bittrex,Coinbase Pro
01-09-2021_19-07-47,XRP/USD,100,0.3296,0.32884,0.23058252427183948,-0.5194174757281605,0.75,False,Coinbase Pro,Bittrex
01-09-2021_19-07-47,BCH/USD,100,574.24,572.74,0.26121482307049315,-0.49878517692950686,0.76,False,Coinbase Pro,Kraken
01-09-2021_19-07-48,BTC/USD,100,40603.1,40576.921,0.06447537257006596,-0.44552462742993404,0.51,False,Kraken,Bittrex
01-09-2021_19-07-48,ETH/USD,100,1294.218,1293.0,0.09411088394691423,-0.6548891160530858,0.749,False,Bittrex,Coinbase Pro
01-09-2021_19-07-48,XRP/USD,100,0.3296,0.32884,0.23058252427183948,-0.5194174757281605,0.75,False,Coinbase Pro,Bittrex
01-09-2021_19-07-48,BCH/USD,100,573.61,572.74,0.15167099597287434,-0.6083290040271256,0.76,False,Coinbase Pro,Kraken
01-09-2021_19-07-49,BTC/USD,100,40605.67,40576.921,0.07080045717752265,-0.27919954282247733,0.35,False,Binance US,Bittrex
01-09-2021_19-07-49,ETH/USD,100,1294.217,1293.18,0.08012566671586252,-0.6688743332841375,0.749,False,Bittrex,Coinbase Pro
01-09-2021_19-07-50,XRP/USD,100,0.32978,0.32884,0.28503851052216517,-0.22496148947783484,0.51,False,Kraken,Bittrex
01-09-2021_19-07-50,BCH/USD,100,573.61,572.4,0.2109447185369914,-0.5490552814630086,0.76,False,Coinbase Pro,Kraken
01-09-2021_19-07-51,BTC/USD,100,40607.378,40594.18,0.03250148285859945,-0.21750051714140056,0.250002,False,Bittrex,Binance US
01-09-2021_19-07-51,ETH/USD,100,1294.216,1293.06,0.08932048437045664,-0.6606795156295433,0.75,False,Bittrex,Coinbase Pro
01-09-2021_19-07-51,XRP/USD,100,0.32978,0.32884,0.28503851052216517,-0.22496148947783484,0.51,False,Kraken,Bittrex
01-09-2021_19-07-52,BCH/USD,100,573.84,572.4,0.25094102885822783,-0.5090589711417721,0.76,False,Coinbase Pro,Kraken
01-09-2021_19-07-52,BTC/USD,100,40607.378,40596.82,0.02600020124421051,-0.7239997987557895,0.75,False,Bittrex,Coinbase Pro
01-09-2021_19-07-52,ETH/USD,100,1294.216,1293.06,0.08932048437045664,-0.6606795156295433,0.75,False,Bittrex,Coinbase Pro
01-09-2021_19-07-53,XRP/USD,100,0.3299,0.32884,0.3213094877235542,-0.028690512276445757,0.35,False,Binance US,Bittrex
01-09-2021_19-07-53,BCH/USD,100,573.84,572.6,0.21608810818346735,-0.5439118918165327,0.76,False,Coinbase Pro,Kraken
01-09-2021_19-07-54,BTC/USD,100,40602.9,40581.379,0.053003603190906655,-0.4569963968090934,0.51,False,Kraken,Bittrex
01-09-2021_19-07-54,ETH/USD,100,1294.211,1293.01,0.09279785135499713,-0.6572021486450028,0.75,False,Bittrex,Coinbase Pro
01-09-2021_19-07-54,XRP/USD,100,0.3299,0.32884,0.3213094877235542,-0.028690512276445757,0.35,False,Binance US,Bittrex
01-09-2021_19-07-55,BCH/USD,100,573.28,572.6,0.11861568518000803,-0.641384314819992,0.76,False,Coinbase Pro,Kraken
01-09-2021_19-07-55,BTC/USD,100,40602.9,40581.379,0.053003603190906655,-0.4569963968090934,0.51,False,Kraken,Bittrex
01-09-2021_19-07-55,ETH/USD,100,1294.211,1293.01,0.09279785135499713,-0.6572021486450028,0.75,False,Bittrex,Coinbase Pro
01-09-2021_19-07-56,XRP/USD,100,0.3298,0.32884,0.2910855063674836,-0.4589144936325164,0.75,False,Coinbase Pro,Bittrex
01-09-2021_19-07-56,BCH/USD,100,573.28,572.1,0.20583310075354977,-0.5541668992464502,0.76,False,Coinbase Pro,Kraken
01-09-2021_19-07-57,BTC/USD,100,40602.9,40581.379,0.053003603190906655,-0.4569963968090934,0.51,False,Kraken,Bittrex
01-09-2021_19-07-57,ETH/USD,100,1294.206,1292.56,0.1271822260134753,-0.6228177739865247,0.75,False,Bittrex,Coinbase Pro
01-09-2021_19-07-57,XRP/USD,100,0.32977,0.32884,0.2820147375443449,-0.2279852624556551,0.51,False,Kraken,Bittrex
01-09-2021_19-07-57,BCH/USD,100,572.791,572.1,0.120637370349749,-0.38936262965025104,0.51,False,Bittrex,Kraken
01-09-2021_19-07-58,BTC/USD,100,40607.339,40590.15,0.04232978674125504,-0.20767221325874496,0.250002,False,Bittrex,Binance US
01-09-2021_19-07-58,ETH/USD,100,1294.206,1292.56,0.1271822260134753,-0.6228177739865247,0.75,False,Bittrex,Coinbase Pro
01-09-2021_19-07-59,XRP/USD,100,0.3297,0.32884,0.260843190779488,-0.24915680922051203,0.51,False,Kraken,Bittrex
01-09-2021_19-07-59,BCH/USD,100,572.53,571.17,0.23754213752991352,-0.12245786247008647,0.36,False,Binance US,Kraken
01-09-2021_19-07-59,BTC/USD,100,40607.339,40596.16,0.02752950642738853,-0.7224704935726115,0.75,False,Bittrex,Coinbase Pro
01-09-2021_19-08-00,ETH/USD,100,1294.203,1292.57,0.12617804162098514,-0.6238219583790149,0.75,False,Bittrex,Coinbase Pro
01-09-2021_19-08-00,XRP/USD,100,0.3298,0.32884,0.2910855063674836,-0.058914493632516385,0.35,False,Binance US,Bittrex
01-09-2021_19-08-00,BCH/USD,100,572.51,571.17,0.23405704703848523,-0.12594295296151475,0.36,False,Binance US,Kraken
01-09-2021_19-08-01,BTC/USD,100,40602.9,40577.16,0.06339448660070576,-0.4466055133992942,0.51,False,Kraken,Bittrex
01-09-2021_19-08-02,ETH/USD,100,1294.203,1292.08,0.16403918087039263,-0.5859608191296074,0.75,False,Bittrex,Coinbase Pro
01-09-2021_19-08-02,XRP/USD,100,0.3298,0.32884,0.2910855063674836,-0.058914493632516385,0.35,False,Binance US,Bittrex
01-09-2021_19-08-03,BCH/USD,100,572.5,570.99,0.26375545851528226,-0.09624454148471773,0.36,False,Binance US,Kraken
01-09-2021_19-08-03,BTC/USD,100,40603.4,40577.16,0.06462512991522375,-0.4453748700847763,0.51,False,Kraken,Bittrex
01-09-2021_19-08-04,ETH/USD,100,1293.21,1292.25,0.07423388312803306,-0.525766116871967,0.6,False,Binance US,Coinbase Pro
01-09-2021_19-08-04,XRP/USD,100,0.3298,0.32884,0.2910855063674836,-0.058914493632516385,0.35,False,Binance US,Bittrex
01-09-2021_19-08-05,BCH/USD,100,571.77,570.9,0.15215908494674513,-0.6078409150532549,0.76,False,Coinbase Pro,Kraken
01-09-2021_19-08-05,BTC/USD,100,40603.5,40577.16,0.06487125494106791,-0.4451287450589321,0.51,False,Kraken,Bittrex
01-09-2021_19-08-06,ETH/USD,100,1293.19,1292.14,0.08119456537708723,-0.5188054346229127,0.6,False,Binance US,Coinbase Pro
01-09-2021_19-08-06,XRP/USD,100,0.32948,0.32884,0.19424547772246387,-0.31575452227753614,0.51,False,Kraken,Bittrex
01-09-2021_19-08-07,BCH/USD,100,571.69,570.79,0.15742797670067535,-0.6025720232993247,0.76,False,Coinbase Pro,Kraken
01-09-2021_19-08-07,BTC/USD,100,40616.22,40577.16,0.09616847653473827,-0.2538315234652617,0.35,False,Binance US,Bittrex
01-09-2021_19-08-08,ETH/USD,100,1293.19,1292.65,0.04175720505107243,-0.5582427949489276,0.6,False,Binance US,Coinbase Pro
01-09-2021_19-08-08,XRP/USD,100,0.32947,0.32884,0.1912161957082478,-0.31878380429175224,0.51,False,Kraken,Bittrex
01-09-2021_19-08-09,BCH/USD,100,572.3,570.79,0.26384763236064845,-0.49615236763935155,0.76,False,Coinbase Pro,Kraken
01-09-2021_19-08-09,BTC/USD,100,40617.52,40596.602,0.051499943866582326,-0.2985000561334177,0.35,False,Binance US,Bittrex
01-09-2021_19-08-10,ETH/USD,100,1293.28,1292.4,0.06804404305331264,-0.6919559569466873,0.76,False,Kraken,Coinbase Pro
01-09-2021_19-08-11,XRP/USD,100,0.3294,0.32884,0.1700060716454174,-0.17999392835458258,0.35,False,Binance US,Bittrex
01-09-2021_19-08-11,BCH/USD,100,571.89,570.99,0.15737292136599298,-0.602627078634007,0.76,False,Coinbase Pro,Kraken
01-09-2021_19-08-12,BTC/USD,100,40627.7,40596.6,0.07654875860557833,-0.4334512413944217,0.51,False,Kraken,Bittrex
01-09-2021_19-08-13,ETH/USD,100,1293.18,1292.34,0.06495615459565919,-0.5350438454043408,0.6,False,Binance US,Coinbase Pro
01-09-2021_19-08-13,XRP/USD,100,0.3294,0.32884,0.1700060716454174,-0.17999392835458258,0.35,False,Binance US,Bittrex
01-09-2021_19-08-14,BCH/USD,100,572.02,570.65,0.2395021153106543,-0.5204978846893458,0.76,False,Coinbase Pro,Kraken
01-09-2021_19-08-14,BTC/USD,100,40621.0,40596.6,0.06006745279535574,-0.44993254720464426,0.51,False,Kraken,Bittrex
01-09-2021_19-08-14,ETH/USD,100,1293.072,1292.2,0.06743630671763394,-0.6825636932823661,0.75,False,Bittrex,Coinbase Pro
01-09-2021_19-08-15,XRP/USD,100,0.3294,0.32884,0.1700060716454174,-0.17999392835458258,0.35,False,Binance US,Bittrex
01-09-2021_19-08-15,BCH/USD,100,570.98,570.4,0.10157974009598252,-0.6584202599040175,0.76,False,Coinbase Pro,Kraken
01-09-2021_19-08-16,BTC/USD,100,40621.0,40596.6,0.06006745279535574,-0.44993254720464426,0.51,False,Kraken,Bittrex
01-09-2021_19-08-16,ETH/USD,100,1293.071,1291.61,0.11298683521631935,-0.6360131647836806,0.749,False,Bittrex,Coinbase Pro
01-09-2021_19-08-17,XRP/USD,100,0.3294,0.32884,0.1700060716454174,-0.17999392835458258,0.35,False,Binance US,Bittrex
01-09-2021_19-08-17,BCH/USD,100,570.79,569.5,0.22600255785840043,-0.5339974421415996,0.76,False,Coinbase Pro,Kraken
01-09-2021_19-08-18,BTC/USD,100,40618.762,40605.84,0.03181288489296138,-0.7181871151070386,0.75,False,Bittrex,Coinbase Pro
01-09-2021_19-08-18,ETH/USD,100,1293.068,1291.82,0.09651464578816019,-0.6534853542118398,0.75,False,Bittrex,Coinbase Pro
01-09-2021_19-08-19,XRP/USD,100,0.3296,0.32884,0.23058252427183948,-0.1194174757281605,0.35,False,Binance US,Bittrex
01-09-2021_19-08-19,BCH/USD,100,572.05,569.5,0.44576523031202775,-0.31423476968797226,0.76,False,Coinbase Pro,Kraken
01-09-2021_19-08-19,BTC/USD,100,40622.67,40617.8,0.011988379887376539,-0.34801162011262343,0.36,False,Binance US,Kraken
01-09-2021_19-08-20,ETH/USD,100,1293.43,1292.83,0.04638828541166792,-0.553611714588332,0.6,False,Binance US,Coinbase Pro
01-09-2021_19-08-20,XRP/USD,100,0.3296,0.32884,0.23058252427183948,-0.1194174757281605,0.35,False,Binance US,Bittrex
01-09-2021_19-08-20,BCH/USD,100,572.05,569.89,0.3775893715584247,-0.3824106284415753,0.76,False,Coinbase Pro,Kraken
01-09-2021_19-08-21,BTC/USD,100,40639.93,40602.839,0.09126738161212469,-0.2587326183878753,0.35,False,Binance US,Bittrex
01-09-2021_19-08-21,ETH/USD,100,1293.43,1292.83,0.04638828541166792,-0.553611714588332,0.6,False,Binance US,Coinbase Pro
01-09-2021_19-08-21,XRP/USD,100,0.3296,0.32884,0.23058252427183948,-0.1194174757281605,0.35,False,Binance US,Bittrex
01-09-2021_19-08-22,BCH/USD,100,573.28,569.89,0.5913340775886106,-0.16866592241138945,0.76,False,Coinbase Pro,Kraken
01-09-2021_19-08-22,BTC/USD,100,40639.93,40609.236,0.07552670489344628,-0.2744732951065537,0.35,False,Binance US,Bittrex
01-09-2021_19-08-23,ETH/USD,100,1293.43,1293.06,0.028606109337197854,-0.5713938906628021,0.6,False,Binance US,Coinbase Pro
01-09-2021_19-08-23,XRP/USD,100,0.3296,0.32884,0.23058252427183948,-0.1194174757281605,0.35,False,Binance US,Bittrex
01-09-2021_19-08-23,BCH/USD,100,573.28,570.9,0.41515489813005785,-0.34484510186994216,0.76,False,Coinbase Pro,Kraken
01-09-2021_19-08-24,BTC/USD,100,40639.93,40609.23,0.07554146869838872,-0.27445853130161124,0.35,False,Binance US,Bittrex
01-09-2021_19-08-24,ETH/USD,100,1293.43,1293.064,0.028296854101109874,-0.3217031458988901,0.35,False,Binance US,Bittrex
01-09-2021_19-08-25,XRP/USD,100,0.3296,0.32884,0.23058252427183948,-0.1194174757281605,0.35,False,Binance US,Bittrex
01-09-2021_19-08-25,BCH/USD,100,572.99,570.9,0.3647533115761238,-0.3952466884238762,0.76,False,Coinbase Pro,Kraken
01-09-2021_19-08-25,BTC/USD,100,40639.93,40609.23,0.07554146869838872,-0.27445853130161124,0.35,False,Binance US,Bittrex
01-09-2021_19-08-26,ETH/USD,100,1293.86,1293.49,0.028596602414472268,-0.23148339758552777,0.26008000000000003,False,Kraken,Binance US
01-09-2021_19-08-27,XRP/USD,100,0.3296,0.32884,0.23058252427183948,-0.1194174757281605,0.35,False,Binance US,Bittrex
01-09-2021_19-08-27,BCH/USD,100,572.37,571.3,0.186942013033536,-0.573057986966464,0.76,False,Coinbase Pro,Kraken
01-09-2021_19-08-28,BTC/USD,100,40649.479,40636.6,0.03168306289977497,-0.47831693710022505,0.51,False,Bittrex,Kraken
01-09-2021_19-08-28,ETH/USD,100,1293.55,1293.21,0.02628425650341449,-0.7336897434965854,0.7599739999999999,False,Kraken,Coinbase Pro
01-09-2021_19-08-29,XRP/USD,100,0.3295,0.32884,0.2003034901365687,-0.5496965098634313,0.75,False,Coinbase Pro,Bittrex
01-09-2021_19-08-30,BCH/USD,100,572.68,571.27,0.24621079835160445,-0.5137892016483956,0.76,False,Coinbase Pro,Kraken
01-09-2021_19-08-30,BTC/USD,100,40648.64,40631.1,0.04315027513835856,-0.7068497248616414,0.75,False,Coinbase Pro,Bittrex
01-09-2021_19-08-30,ETH/USD,100,1293.55,1293.23,0.024738123767920554,-0.7352358762320794,0.7599739999999999,False,Kraken,Coinbase Pro
01-09-2021_19-08-31,XRP/USD,100,0.3296,0.32884,0.23058252427183948,-0.1194174757281605,0.35,False,Binance US,Bittrex
01-09-2021_19-08-32,BCH/USD,100,572.48,571.3,0.20612073784238114,-0.5538792621576188,0.76,False,Coinbase Pro,Kraken
01-09-2021_19-08-33,BTC/USD,100,40636.6,40630.97,0.013854505544256608,-0.2461474944557434,0.260002,False,Kraken,Binance US
01-09-2021_19-08-33,ETH/USD,100,1293.73,1293.41,0.024734681888797225,-0.7352653181112028,0.76,False,Kraken,Coinbase Pro
01-09-2021_19-08-34,XRP/USD,100,0.3295,0.32884,0.2003034901365687,-0.14969650986343128,0.35,False,Binance US,Bittrex
01-09-2021_19-08-34,BCH/USD,100,572.48,571.39,0.19039966461711008,-0.5696003353828899,0.76,False,Coinbase Pro,Kraken
01-09-2021_19-08-35,BTC/USD,100,40636.6,40630.97,0.013854505544256608,-0.2461474944557434,0.260002,False,Kraken,Binance US
01-09-2021_19-08-35,ETH/USD,100,1293.73,1293.03,0.05410711663175821,-0.7058928833682419,0.76,False,Kraken,Coinbase Pro
01-09-2021_19-08-35,XRP/USD,100,0.3294,0.32884,0.1700060716454174,-0.5799939283545826,0.75,False,Coinbase Pro,Bittrex
01-09-2021_19-08-36,BCH/USD,100,573.93,571.39,0.44256268186015085,-0.31743731813984916,0.76,False,Coinbase Pro,Kraken
01-09-2021_19-08-36,BTC/USD,100,40636.6,40614.404,0.054620711378403394,-0.4553792886215966,0.51,False,Kraken,Bittrex
01-09-2021_19-08-36,ETH/USD,100,1293.73,1293.03,0.05410711663175821,-0.7058928833682419,0.76,False,Kraken,Coinbase Pro
01-09-2021_19-08-36,XRP/USD,100,0.3295,0.32884,0.2003034901365687,-0.5496965098634313,0.75,False,Coinbase Pro,Bittrex
01-09-2021_19-08-37,BCH/USD,100,573.93,572.49,0.2509016779049607,-0.5090983220950394,0.76,False,Coinbase Pro,Kraken
01-09-2021_19-08-37,BTC/USD,100,40636.6,40625.27,0.02788126959440934,-0.7321187304055907,0.76,False,Kraken,Coinbase Pro
01-09-2021_19-08-38,ETH/USD,100,1293.55,1292.9,0.050249313903588076,-0.7097246860964118,0.7599739999999999,False,Kraken,Coinbase Pro
01-09-2021_19-08-38,XRP/USD,100,0.3295,0.32884,0.2003034901365687,-0.5496965098634313,0.75,False,Coinbase Pro,Bittrex
01-09-2021_19-08-39,BCH/USD,100,573.85,572.39,0.25442188725277276,-0.5055781127472272,0.76,False,Coinbase Pro,Kraken
01-09-2021_19-08-39,BTC/USD,100,40636.6,40627.94,0.021310838013013433,-0.2386911619869866,0.260002,False,Kraken,Binance US
01-09-2021_19-08-39,ETH/USD,100,1293.55,1292.65,0.06957597309727985,-0.6903980269027201,0.7599739999999999,False,Kraken,Coinbase Pro
01-09-2021_19-08-39,XRP/USD,100,0.3296,0.32884,0.23058252427183948,-0.1194174757281605,0.35,False,Binance US,Bittrex
01-09-2021_19-08-40,BCH/USD,100,573.94,572.39,0.2700630727950775,-0.4899369272049225,0.76,False,Coinbase Pro,Kraken
01-09-2021_19-08-41,BTC/USD,100,40636.6,40613.105,0.05781733708035452,-0.4521826629196455,0.51,False,Kraken,Bittrex
01-09-2021_19-08-42,ETH/USD,100,1293.5,1292.84,0.05102435253189654,-0.6979756474681035,0.749,False,Bittrex,Coinbase Pro
01-09-2021_19-08-43,XRP/USD,100,0.3297,0.32884,0.260843190779488,-0.489156809220512,0.75,False,Coinbase Pro,Bittrex
01-09-2021_19-08-43,BCH/USD,100,574.24,572.9,0.2333519086096461,-0.526648091390354,0.76,False,Coinbase Pro,Kraken
01-09-2021_19-08-43,BTC/USD,100,40637.68,40630.97,0.01651176937265889,-0.48349023062734103,0.500002,False,Coinbase Pro,Binance US
01-09-2021_19-08-44,ETH/USD,100,1293.499,1293.0,0.038577532723258666,-0.7114224672767413,0.75,False,Bittrex,Coinbase Pro
01-09-2021_19-08-44,XRP/USD,100,0.3298,0.32884,0.2910855063674836,-0.21891449363251642,0.51,False,Kraken,Bittrex
01-09-2021_19-08-44,BCH/USD,100,574.24,572.9,0.2333519086096461,-0.526648091390354,0.76,False,Coinbase Pro,Kraken
01-09-2021_19-08-45,BTC/USD,100,40645.779,40630.97,0.03643428755542145,-0.21356771244457856,0.250002,False,Bittrex,Binance US
01-09-2021_19-08-45,ETH/USD,100,1293.499,1293.37,0.009972949341293096,-0.7400270506587069,0.75,False,Bittrex,Coinbase Pro
01-09-2021_19-08-45,XRP/USD,100,0.3298,0.32884,0.2910855063674836,-0.21891449363251642,0.51,False,Kraken,Bittrex
01-09-2021_19-08-46,BCH/USD,100,574.33,573.08,0.2176449079797329,-0.2825250920202671,0.50017,False,Coinbase Pro,Binance US
01-09-2021_19-08-46,BTC/USD,100,40645.779,40630.97,0.03643428755542145,-0.21356771244457856,0.250002,False,Bittrex,Binance US
01-09-2021_19-08-47,ETH/USD,100,1293.95,1293.49,0.03555005989412546,-0.22452994010587457,0.26008000000000003,False,Kraken,Binance US
01-09-2021_19-08-47,XRP/USD,100,0.3298,0.32884,0.2910855063674836,-0.21891449363251642,0.51,False,Kraken,Bittrex
01-09-2021_19-08-47,BCH/USD,100,574.33,573.08,0.2176449079797329,-0.2825250920202671,0.50017,False,Coinbase Pro,Binance US
01-09-2021_19-08-48,BTC/USD,100,40636.6,40620.602,0.039368451100730846,-0.47063154889926917,0.51,False,Kraken,Bittrex
01-09-2021_19-08-48,ETH/USD,100,1293.95,1293.49,0.03555005989412546,-0.22452994010587457,0.26008000000000003,False,Kraken,Binance US
01-09-2021_19-08-48,XRP/USD,100,0.32969,0.32884,0.2578179501956268,-0.2521820498043732,0.51,False,Kraken,Bittrex
01-09-2021_19-08-49,BCH/USD,100,573.998,573.08,0.15993087083927232,-0.09023912916072768,0.25017,False,Bittrex,Binance US
01-09-2021_19-08-49,BTC/USD,100,40636.6,40609.576,0.06650162661245679,-0.4434983733875432,0.51,False,Kraken,Bittrex
01-09-2021_19-08-50,ETH/USD,100,1293.91,1293.23,0.052553887055518826,-0.7074461129444812,0.76,False,Kraken,Coinbase Pro
01-09-2021_19-08-50,XRP/USD,100,0.32963,0.32884,0.239662652064423,-0.270337347935577,0.51,False,Kraken,Bittrex
01-09-2021_19-08-51,BCH/USD,100,573.998,572.3,0.2958198460621976,-0.21418015393780243,0.51,False,Bittrex,Kraken
01-09-2021_19-08-51,BTC/USD,100,40636.6,40609.576,0.06650162661245679,-0.4434983733875432,0.51,False,Kraken,Bittrex
01-09-2021_19-08-52,ETH/USD,100,1293.91,1292.7,0.09351500490760843,-0.6664849950923916,0.76,False,Kraken,Coinbase Pro
01-09-2021_19-08-52,XRP/USD,100,0.3296,0.32884,0.23058252427183948,-0.1194174757281605,0.35,False,Binance US,Bittrex
01-09-2021_19-08-53,BCH/USD,100,573.142,572.3,0.14690949188858923,-0.36209050811141075,0.509,False,Bittrex,Kraken
01-09-2021_19-08-53,BTC/USD,100,40636.6,40591.89,0.110023968540673,-0.149978031459327,0.260002,False,Kraken,Binance US
01-09-2021_19-08-53,ETH/USD,100,1293.488,1292.55,0.07251710104771764,-0.6774828989522823,0.75,False,Bittrex,Coinbase Pro
01-09-2021_19-08-54,XRP/USD,100,0.3296,0.32884,0.23058252427183948,-0.1194174757281605,0.35,False,Binance US,Bittrex
01-09-2021_19-08-54,BCH/USD,100,573.141,571.9,0.21652612533390309,-0.2934738746660969,0.51,False,Bittrex,Kraken
01-09-2021_19-08-55,BTC/USD,100,40636.6,40594.573,0.10342154609391992,-0.4055784539060801,0.509,False,Kraken,Bittrex
01-09-2021_19-08-55,ETH/USD,100,1293.482,1292.47,0.07823842929394793,-0.671761570706052,0.75,False,Bittrex,Coinbase Pro
01-09-2021_19-08-55,XRP/USD,100,0.3296,0.32884,0.23058252427183948,-0.1194174757281605,0.35,False,Binance US,Bittrex
01-09-2021_19-08-56,BCH/USD,100,573.95,571.9,0.3571739698580134,-0.4028260301419866,0.76,False,Coinbase Pro,Kraken
01-09-2021_19-08-56,BTC/USD,100,40636.6,40582.258,0.13372673894960926,-0.3762732610503907,0.51,False,Kraken,Bittrex
01-09-2021_19-08-57,ETH/USD,100,1293.482,1292.47,0.07823842929394793,-0.671761570706052,0.75,False,Bittrex,Coinbase Pro
01-09-2021_19-08-57,XRP/USD,100,0.3296,0.32884,0.23058252427183948,-0.1194174757281605,0.35,False,Binance US,Bittrex
01-09-2021_19-08-57,BCH/USD,100,573.95,571.99,0.3414931614252176,-0.41850683857478244,0.76,False,Coinbase Pro,Kraken
01-09-2021_19-08-58,BTC/USD,100,40636.6,40582.25,0.13374642563599942,-0.3762535743640006,0.51,False,Kraken,Bittrex
01-09-2021_19-08-58,ETH/USD,100,1293.477,1291.87,0.12423877656890675,-0.6247612234310933,0.749,False,Bittrex,Coinbase Pro
01-09-2021_19-08-59,XRP/USD,100,0.3293,0.32884,0.1396902520497906,-0.21030974795020937,0.35,False,Binance US,Bittrex
01-09-2021_19-08-59,BCH/USD,100,573.32,571.9,0.24768017860881755,-0.5123198213911825,0.76,False,Coinbase Pro,Kraken
01-09-2021_19-09-00,BTC/USD,100,40616.7,40581.03,0.08782101943288907,-0.17218098056711095,0.260002,False,Kraken,Binance US
01-09-2021_19-09-00,ETH/USD,100,1292.99,1290.97,0.1562270396522774,-0.6037729603477227,0.76,False,Kraken,Coinbase Pro
01-09-2021_19-09-00,XRP/USD,100,0.3293,0.32884,0.1396902520497906,-0.21030974795020937,0.35,False,Binance US,Bittrex
01-09-2021_19-09-01,BCH/USD,100,573.141,571.6,0.26886926602702305,-0.24113073397297696,0.51,False,Bittrex,Kraken
01-09-2021_19-09-01,BTC/USD,100,40616.7,40575.24,0.10207623957632976,-0.40792376042367023,0.51,False,Kraken,Bittrex
01-09-2021_19-09-01,ETH/USD,100,1292.99,1290.97,0.1562270396522774,-0.6037729603477227,0.76,False,Kraken,Coinbase Pro
01-09-2021_19-09-02,XRP/USD,100,0.3291,0.32884,0.07900334244909829,-0.2709966575509017,0.35,False,Binance US,Bittrex
01-09-2021_19-09-02,BCH/USD,100,573.11,571.3,0.3158206975973302,-0.4441793024026698,0.76,False,Coinbase Pro,Kraken
01-09-2021_19-09-03,BTC/USD,100,40616.7,40575.24,0.10207623957632976,-0.40792376042367023,0.51,False,Kraken,Bittrex
01-09-2021_19-09-03,ETH/USD,100,1292.35,1290.77,0.12225790227105099,-0.627742097728949,0.75,False,Bittrex,Coinbase Pro
01-09-2021_19-09-03,XRP/USD,100,0.3291,0.32884,0.07900334244909829,-0.2709966575509017,0.35,False,Binance US,Bittrex
01-09-2021_19-09-04,BCH/USD,100,572.71,571.3,0.2461979012065586,-0.5138020987934414,0.76,False,Coinbase Pro,Kraken
01-09-2021_19-09-04,BTC/USD,100,40616.7,40575.24,0.10207623957632976,-0.40792376042367023,0.51,False,Kraken,Bittrex
01-09-2021_19-09-04,ETH/USD,100,1292.35,1291.06,0.09981816071497379,-0.6501818392850263,0.75,False,Bittrex,Coinbase Pro
01-09-2021_19-09-05,XRP/USD,100,0.3291,0.32884,0.07900334244909829,-0.2709966575509017,0.35,False,Binance US,Bittrex
01-09-2021_19-09-05,BCH/USD,100,572.6,571.3,0.22703457911283065,-0.5329654208871694,0.76,False,Coinbase Pro,Kraken
01-09-2021_19-09-05,BTC/USD,100,40616.7,40575.24,0.10207623957632976,-0.40792376042367023,0.51,False,Kraken,Bittrex
01-09-2021_19-09-06,ETH/USD,100,1292.39,1291.66,0.05648449771353989,-0.5435155022864601,0.6,False,Binance US,Coinbase Pro
01-09-2021_19-09-06,XRP/USD,100,0.3291,0.32884,0.07900334244909829,-0.2709966575509017,0.35,False,Binance US,Bittrex
01-09-2021_19-09-07,BCH/USD,100,572.68,570.95,0.30208842634628497,-0.45791157365371504,0.76,False,Coinbase Pro,Kraken
01-09-2021_19-09-07,BTC/USD,100,40625.8,40575.241,0.12445047235993162,-0.3855495276400684,0.51,False,Kraken,Bittrex
01-09-2021_19-09-08,ETH/USD,100,1292.64,1292.25,0.03017081321946559,-0.5698291867805344,0.6,False,Binance US,Coinbase Pro
01-09-2021_19-09-08,XRP/USD,100,0.32901,0.32884,0.05167016200115604,-0.45832983799884397,0.51,False,Kraken,Bittrex
01-09-2021_19-09-08,BCH/USD,100,572.68,570.95,0.30208842634628497,-0.45791157365371504,0.76,False,Coinbase Pro,Kraken
01-09-2021_19-09-09,BTC/USD,100,40626.68,40575.241,0.12661384095377345,-0.22338615904622652,0.35,False,Binance US,Bittrex
01-09-2021_19-09-09,ETH/USD,100,1292.64,1292.25,0.03017081321946559,-0.5698291867805344,0.6,False,Binance US,Coinbase Pro
01-09-2021_19-09-09,XRP/USD,100,0.32901,0.32884,0.05167016200115604,-0.45832983799884397,0.51,False,Kraken,Bittrex
01-09-2021_19-09-10,BCH/USD,100,572.6,570.95,0.2881592734893429,-0.4718407265106571,0.76,False,Coinbase Pro,Kraken
01-09-2021_19-09-10,BTC/USD,100,40632.3,40617.8,0.03568589521144508,-0.22431610478855493,0.260002,False,Kraken,Binance US
01-09-2021_19-09-10,ETH/USD,100,1292.64,1292.03,0.04719024631762341,-0.5528097536823766,0.6,False,Binance US,Coinbase Pro
01-09-2021_19-09-11,XRP/USD,100,0.329,0.32884,0.04863221884498282,-0.7013677811550172,0.75,False,Coinbase Pro,Bittrex
01-09-2021_19-09-11,BCH/USD,100,572.6,570.8,0.3143555710792994,-0.4456444289207006,0.76,False,Coinbase Pro,Kraken
01-09-2021_19-09-12,BTC/USD,100,40632.3,40604.877,0.06749064168162398,-0.442509358318376,0.51,False,Kraken,Bittrex
01-09-2021_19-09-12,ETH/USD,100,1292.65,1291.58,0.08277569334314498,-0.6772243066568551,0.76,False,Kraken,Coinbase Pro
01-09-2021_19-09-13,XRP/USD,100,0.329,0.32884,0.04863221884498282,-0.7013677811550172,0.75,False,Coinbase Pro,Bittrex
01-09-2021_19-09-13,BCH/USD,100,572.5,570.8,0.29694323144105594,-0.46305676855894407,0.76,False,Coinbase Pro,Kraken
01-09-2021_19-09-14,BTC/USD,100,40628.9,40604.87,0.05914509130200137,-0.45085490869799866,0.51,False,Kraken,Bittrex
01-09-2021_19-09-14,ETH/USD,100,1292.65,1291.18,0.11371987777047361,-0.6462801222295264,0.76,False,Kraken,Coinbase Pro
01-09-2021_19-09-14,XRP/USD,100,0.329,0.32884,0.04863221884498282,-0.7013677811550172,0.75,False,Coinbase Pro,Bittrex
01-09-2021_19-09-15,BCH/USD,100,572.1,570.39,0.29889879391715374,-0.46110120608284627,0.76,False,Coinbase Pro,Kraken
01-09-2021_19-09-15,BTC/USD,100,40628.9,40604.87,0.05914509130200137,-0.45085490869799866,0.51,False,Kraken,Bittrex
01-09-2021_19-09-16,ETH/USD,100,1292.337,1291.04,0.10036081919809041,-0.6496391808019096,0.75,False,Bittrex,Coinbase Pro
01-09-2021_19-09-16,XRP/USD,100,0.329,0.32884,0.04863221884498282,-0.4613677811550172,0.51,False,Kraken,Bittrex
01-09-2021_19-09-16,BCH/USD,100,572.09,570.39,0.29715604188153005,-0.46284395811846996,0.76,False,Coinbase Pro,Kraken
01-09-2021_19-09-17,BTC/USD,100,40628.9,40598.834,0.07400151123953368,-0.4359984887604663,0.51,False,Kraken,Bittrex
01-09-2021_19-09-17,ETH/USD,100,1292.233,1291.04,0.09232081211360364,-0.6576791878863963,0.75,False,Bittrex,Coinbase Pro
01-09-2021_19-09-17,XRP/USD,100,0.329,0.32884,0.04863221884498282,-0.4613677811550172,0.51,False,Kraken,Bittrex
01-09-2021_19-09-18,BCH/USD,100,572.02,570.2,0.31817069333238984,-0.44182930666761017,0.76,False,Coinbase Pro,Kraken
01-09-2021_19-09-19,BTC/USD,100,40616.0,40598.834,0.04226413236162458,-0.46773586763837544,0.51,False,Kraken,Bittrex
01-09-2021_19-09-19,ETH/USD,100,1292.228,1290.87,0.10508981387186894,-0.644910186128131,0.75,False,Bittrex,Coinbase Pro
01-09-2021_19-09-20,XRP/USD,100,0.32891,0.3288,0.03344379921559059,-0.7265562007844094,0.76,False,Kraken,Coinbase Pro
01-09-2021_19-09-21,BCH/USD,100,571.61,570.2,0.24667168174104165,-0.5133283182589583,0.76,False,Coinbase Pro,Kraken
01-09-2021_19-09-22,BTC/USD,100,40611.8,40572.686,0.09631190934654804,-0.41368809065345197,0.51,False,Kraken,Bittrex
01-09-2021_19-09-22,ETH/USD,100,1291.06,1289.75,0.10146701160286474,-0.6485329883971352,0.75,False,Bittrex,Coinbase Pro
01-09-2021_19-09-22,XRP/USD,100,0.3289,0.3286,0.0912131346914024,-0.5087868653085976,0.6,False,Binance US,Coinbase Pro
01-09-2021_19-09-23,BCH/USD,100,571.5,569.77,0.3027121609798807,-0.4572878390201193,0.76,False,Coinbase Pro,Kraken
01-09-2021_19-09-23,BTC/USD,100,40582.1,40553.0,0.07170649128556321,-0.4382935087144368,0.51,False,Kraken,Bittrex
01-09-2021_19-09-24,ETH/USD,100,1291.06,1289.03,0.1572351401174208,-0.5927648598825792,0.75,False,Bittrex,Coinbase Pro
01-09-2021_19-09-24,XRP/USD,100,0.3289,0.3286,0.0912131346914024,-0.5087868653085976,0.6,False,Binance US,Coinbase Pro
01-09-2021_19-09-24,BCH/USD,100,571.5,569.77,0.3027121609798807,-0.4572878390201193,0.76,False,Coinbase Pro,Kraken
01-09-2021_19-09-25,BTC/USD,100,40579.0,40550.601,0.06998447472830185,-0.4400155252716982,0.51,False,Kraken,Bittrex
01-09-2021_19-09-26,ETH/USD,100,1290.394,1289.9,0.03828288104252767,-0.7117171189574724,0.75,False,Bittrex,Coinbase Pro
01-09-2021_19-09-26,XRP/USD,100,0.3289,0.3287,0.060808756460940555,-0.5391912435390595,0.6,False,Binance US,Coinbase Pro
01-09-2021_19-09-26,BCH/USD,100,571.81,570.0,0.3165387104107913,-0.4434612895892087,0.76,False,Coinbase Pro,Kraken
01-09-2021_19-09-27,BTC/USD,100,40612.16,40550.601,0.1515777540519911,-0.1984222459480089,0.35,False,Binance US,Bittrex
01-09-2021_19-09-27,ETH/USD,100,1290.84,1289.9,0.07282079885964389,-0.5271792011403561,0.6,False,Binance US,Coinbase Pro
01-09-2021_19-09-28,XRP/USD,100,0.3289,0.3288,0.030404378230478715,-0.5695956217695213,0.6,False,Binance US,Coinbase Pro
01-09-2021_19-09-28,BCH/USD,100,571.81,570.0,0.3165387104107913,-0.4434612895892087,0.76,False,Coinbase Pro,Kraken
01-09-2021_19-09-28,BTC/USD,100,40612.17,40550.601,0.15160233988973223,-0.19839766011026774,0.35,False,Binance US,Bittrex
01-09-2021_19-09-29,ETH/USD,100,1290.93,1289.76,0.09063233482838517,-0.2693676651716148,0.36,False,Binance US,Kraken
01-09-2021_19-09-29,XRP/USD,100,0.3289,0.3288,0.030404378230478715,-0.5695956217695213,0.6,False,Binance US,Coinbase Pro
01-09-2021_19-09-29,BCH/USD,100,572.41,570.0,0.42102688632273516,-0.33897311367726485,0.76,False,Coinbase Pro,Kraken
01-09-2021_19-09-30,BTC/USD,100,40625.599,40606.12,0.04794760072337483,-0.7020523992766252,0.75,False,Bittrex,Coinbase Pro
01-09-2021_19-09-30,ETH/USD,100,1291.66,1290.389,0.0984005078736034,-0.2515994921263966,0.35,False,Binance US,Bittrex
01-09-2021_19-09-30,XRP/USD,100,0.3291,0.32883,0.08204193254329761,-0.26795806745670236,0.35,False,Binance US,Bittrex
01-09-2021_19-09-31,BCH/USD,100,572.55,570.27,0.3982184962012004,-0.3617815037987996,0.76,False,Coinbase Pro,Kraken
01-09-2021_19-09-32,BTC/USD,100,40625.58,40611.13,0.03556872295731991,-0.7144312770426801,0.75,False,Bittrex,Coinbase Pro
01-09-2021_19-09-32,ETH/USD,100,1292.002,1290.95,0.08142402256342539,-0.6685759774365746,0.75,False,Bittrex,Coinbase Pro
01-09-2021_19-09-32,XRP/USD,100,0.3291,0.32884,0.07900334244909829,-0.2709966575509017,0.35,False,Binance US,Bittrex
01-09-2021_19-09-33,BCH/USD,100,572.79,570.6,0.382339077148683,-0.377660922851317,0.76,False,Coinbase Pro,Kraken
01-09-2021_19-09-33,BTC/USD,100,40625.58,40611.8,0.0339195157336802,-0.4760804842663198,0.51,False,Bittrex,Kraken
01-09-2021_19-09-33,ETH/USD,100,1292.12,1290.95,0.09054886543044342,-0.5094511345695566,0.6,False,Binance US,Coinbase Pro
01-09-2021_19-09-34,XRP/USD,100,0.3291,0.32884,0.07900334244909829,-0.2709966575509017,0.35,False,Binance US,Bittrex
01-09-2021_19-09-34,BCH/USD,100,572.79,570.6,0.382339077148683,-0.377660922851317,0.76,False,Coinbase Pro,Kraken
01-09-2021_19-09-35,BTC/USD,100,40620.67,40611.8,0.021836173553994417,-0.7381638264460056,0.76,False,Coinbase Pro,Kraken
01-09-2021_19-09-35,ETH/USD,100,1292.17,1291.79,0.02940789524599001,-0.57059210475401,0.6,False,Binance US,Coinbase Pro
01-09-2021_19-09-36,XRP/USD,100,0.3291,0.32884,0.07900334244909829,-0.2709966575509017,0.35,False,Binance US,Bittrex
01-09-2021_19-09-36,BCH/USD,100,572.54,570.67,0.3266147343417062,-0.43338526565829383,0.76,False,Coinbase Pro,Kraken
01-09-2021_19-09-37,BTC/USD,100,40626.61,40611.8,0.03645393991769846,-0.3235460600823015,0.36,False,Binance US,Kraken
01-09-2021_19-09-37,ETH/USD,100,1292.16,1291.72,0.03405151064884027,-0.5659484893511597,0.6,False,Binance US,Coinbase Pro
01-09-2021_19-09-38,XRP/USD,100,0.3291,0.32884,0.07900334244909829,-0.2709966575509017,0.35,False,Binance US,Bittrex
01-09-2021_19-09-38,BCH/USD,100,572.18,570.67,0.2639029675976076,-0.4960970324023924,0.76,False,Coinbase Pro,Kraken
01-09-2021_19-09-39,BTC/USD,100,40626.03,40611.8,0.035026804243476234,-0.3249731957565237,0.36,False,Binance US,Kraken
01-09-2021_19-09-39,ETH/USD,100,1292.17,1291.66,0.03946849098802718,-0.3205315090119728,0.36,False,Binance US,Kraken
01-09-2021_19-09-40,XRP/USD,100,0.3291,0.32884,0.07900334244909829,-0.6709966575509017,0.75,False,Coinbase Pro,Bittrex
01-09-2021_19-09-40,BCH/USD,100,571.88,570.8,0.18885080786179637,-0.5711491921382037,0.76,False,Coinbase Pro,Kraken
01-09-2021_19-09-41,BTC/USD,100,40620.38,40609.63,0.026464548091376792,-0.7235354519086232,0.75,False,Bittrex,Coinbase Pro
01-09-2021_19-09-41,ETH/USD,100,1292.14,1291.54,0.04643459687031873,-0.5535654031296813,0.6,False,Binance US,Coinbase Pro
01-09-2021_19-09-41,XRP/USD,100,0.3291,0.32884,0.07900334244909829,-0.6709966575509017,0.75,False,Coinbase Pro,Bittrex
01-09-2021_19-09-42,BCH/USD,100,571.73,570.3,0.2501180627219253,-0.5098819372780747,0.76,False,Coinbase Pro,Kraken
01-09-2021_19-09-42,BTC/USD,100,40621.2,40600.494,0.05097338335646981,-0.45902661664353017,0.51,False,Kraken,Bittrex
01-09-2021_19-09-43,ETH/USD,100,1292.14,1291.28,0.06655625551411823,-0.5334437444858817,0.6,False,Binance US,Coinbase Pro
01-09-2021_19-09-43,XRP/USD,100,0.3291,0.32884,0.07900334244909829,-0.2709966575509017,0.35,False,Binance US,Bittrex
01-09-2021_19-09-43,BCH/USD,100,571.73,570.3,0.2501180627219253,-0.5098819372780747,0.76,False,Coinbase Pro,Kraken
01-09-2021_19-09-44,BTC/USD,100,40621.2,40592.137,0.0715463846464276,-0.4384536153535724,0.51,False,Kraken,Bittrex
01-09-2021_19-09-44,ETH/USD,100,1292.16,1291.28,0.06810302129768055,-0.5318969787023194,0.6,False,Binance US,Coinbase Pro
01-09-2021_19-09-45,XRP/USD,100,0.3291,0.32884,0.07900334244909829,-0.2709966575509017,0.35,False,Binance US,Bittrex
01-09-2021_19-09-45,BCH/USD,100,571.76,570.2,0.27284175178395575,-0.48715824821604425,0.76,False,Coinbase Pro,Kraken
01-09-2021_19-09-45,BTC/USD,100,40620.7,40592.137,0.07031636579378162,-0.43968363420621837,0.51,False,Kraken,Bittrex
01-09-2021_19-09-46,ETH/USD,100,1292.16,1291.44,0.05572065378900656,-0.5442793462109934,0.6,False,Binance US,Coinbase Pro
01-09-2021_19-09-46,XRP/USD,100,0.3291,0.32884,0.07900334244909829,-0.2709966575509017,0.35,False,Binance US,Bittrex
01-09-2021_19-09-46,BCH/USD,100,571.66,570.2,0.25539656439140795,-0.504603435608592,0.76,False,Coinbase Pro,Kraken
01-09-2021_19-09-47,BTC/USD,100,40620.2,40592.137,0.06908631666017066,-0.4406536833398294,0.5097400000000001,False,Kraken,Bittrex
01-09-2021_19-09-47,ETH/USD,100,1292.16,1291.44,0.05572065378900656,-0.5442793462109934,0.6,False,Binance US,Coinbase Pro
01-09-2021_19-09-48,XRP/USD,100,0.3291,0.32884,0.07900334244909829,-0.2709966575509017,0.35,False,Binance US,Bittrex
01-09-2021_19-09-48,BCH/USD,100,571.63,570.4,0.2151741511117363,-0.5448258488882637,0.76,False,Coinbase Pro,Kraken
01-09-2021_19-09-49,BTC/USD,100,40620.2,40588.979,0.07686077370371817,-0.4328792262962819,0.5097400000000001,False,Kraken,Bittrex
01-09-2021_19-09-49,ETH/USD,100,1292.41,1291.91,0.038687413436912434,-0.7213125865630876,0.76,False,Coinbase Pro,Kraken
01-09-2021_19-09-49,XRP/USD,100,0.3291,0.32884,0.07900334244909829,-0.2709966575509017,0.35,False,Binance US,Bittrex
01-09-2021_19-09-50,BCH/USD,100,571.62,570.39,0.21517791539834474,-0.5448220846016553,0.76,False,Coinbase Pro,Kraken
01-09-2021_19-09-50,BTC/USD,100,40630.94,40588.979,0.10327351520787598,-0.246726484792124,0.35,False,Binance US,Bittrex
01-09-2021_19-09-50,ETH/USD,100,1292.41,1291.976,0.0335806748632376,-0.7164193251367624,0.75,False,Coinbase Pro,Bittrex
01-09-2021_19-09-51,XRP/USD,100,0.3294,0.32884,0.1700060716454174,-0.5799939283545826,0.75,False,Coinbase Pro,Bittrex
01-09-2021_19-09-51,BCH/USD,100,571.62,570.39,0.21517791539834474,-0.5448220846016553,0.76,False,Coinbase Pro,Kraken
01-09-2021_19-09-52,BTC/USD,100,40621.6,40588.979,0.08030456702837699,-0.42969543297162305,0.51,False,Kraken,Bittrex
01-09-2021_19-09-52,ETH/USD,100,1292.742,1292.53,0.016399250585189394,-0.23368074941481062,0.25008,False,Bittrex,Binance US
01-09-2021_19-09-53,XRP/USD,100,0.3294,0.32884,0.1700060716454174,-0.5799939283545826,0.75,False,Coinbase Pro,Bittrex
01-09-2021_19-09-54,BCH/USD,100,571.57,570.35,0.21344717182497808,-0.5465528281750219,0.76,False,Coinbase Pro,Kraken
01-09-2021_19-09-54,BTC/USD,100,40621.95,40588.979,0.08116547826974758,-0.2688345217302524,0.35,False,Binance US,Bittrex
01-09-2021_19-09-55,ETH/USD,100,1293.0,1292.53,0.03634957463263939,-0.4637304253673606,0.50008,False,Coinbase Pro,Binance US
01-09-2021_19-09-55,XRP/USD,100,0.3294,0.32884,0.1700060716454174,-0.5799939283545826,0.75,False,Coinbase Pro,Bittrex
01-09-2021_19-09-56,BCH/USD,100,571.97,570.35,0.283231638022974,-0.476768361977026,0.76,False,Coinbase Pro,Kraken
01-09-2021_19-09-56,BTC/USD,100,40639.57,40588.979,0.1244870455076182,-0.2255129544923818,0.35,False,Binance US,Bittrex
01-09-2021_19-09-57,ETH/USD,100,1293.495,1292.66,0.06455378644678249,-0.4454462135532175,0.51,False,Bittrex,Kraken
01-09-2021_19-09-57,XRP/USD,100,0.3296,0.32884,0.23058252427183948,-0.1194174757281605,0.35,False,Binance US,Bittrex
01-09-2021_19-09-58,BCH/USD,100,571.97,570.35,0.283231638022974,-0.476768361977026,0.76,False,Coinbase Pro,Kraken
01-09-2021_19-09-58,BTC/USD,100,40636.6,40607.121,0.07254297849721522,-0.43745702150278476,0.51,False,Kraken,Bittrex
01-09-2021_19-09-59,ETH/USD,100,1293.495,1292.66,0.06455378644678249,-0.4454462135532175,0.51,False,Bittrex,Kraken
01-09-2021_19-09-59,XRP/USD,100,0.3296,0.32884,0.23058252427183948,-0.1194174757281605,0.35,False,Binance US,Bittrex
01-09-2021_19-09-59,BCH/USD,100,571.97,570.35,0.283231638022974,-0.476768361977026,0.76,False,Coinbase Pro,Kraken
01-09-2021_19-10-00,BTC/USD,100,40636.1,40607.12,0.07131589891745499,-0.438684101082545,0.51,False,Kraken,Bittrex
01-09-2021_19-10-00,ETH/USD,100,1293.448,1292.66,0.060922433681138394,-0.44907756631886164,0.51,False,Bittrex,Kraken
01-09-2021_19-10-00,XRP/USD,100,0.3296,0.32884,0.23058252427183948,-0.1194174757281605,0.35,False,Binance US,Bittrex
01-09-2021_19-10-01,BCH/USD,100,571.97,570.35,0.283231638022974,-0.476768361977026,0.76,False,Coinbase Pro,Kraken
01-09-2021_19-10-01,BTC/USD,100,40629.3,40593.477,0.08817035981423248,-0.4218296401857675,0.51,False,Kraken,Bittrex
01-09-2021_19-10-02,ETH/USD,100,1293.448,1292.66,0.060922433681138394,-0.44907756631886164,0.51,False,Bittrex,Kraken
01-09-2021_19-10-02,XRP/USD,100,0.3296,0.32884,0.23058252427183948,-0.1194174757281605,0.35,False,Binance US,Bittrex
01-09-2021_19-10-03,BCH/USD,100,571.97,570.35,0.283231638022974,-0.476768361977026,0.76,False,Coinbase Pro,Kraken
01-09-2021_19-10-03,BTC/USD,100,40626.8,40593.477,0.0820222119389269,-0.4279777880610731,0.51,False,Kraken,Bittrex
01-09-2021_19-10-03,ETH/USD,100,1293.442,1292.66,0.060458837736823555,-0.4495411622631765,0.51,False,Bittrex,Kraken
01-09-2021_19-10-04,XRP/USD,100,0.3295,0.32884,0.2003034901365687,-0.14969650986343128,0.35,False,Binance US,Bittrex
01-09-2021_19-10-04,BCH/USD,100,571.97,570.35,0.283231638022974,-0.476768361977026,0.76,False,Coinbase Pro,Kraken
01-09-2021_19-10-05,BTC/USD,100,40626.8,40593.477,0.0820222119389269,-0.4279777880610731,0.51,False,Kraken,Bittrex
01-09-2021_19-10-05,ETH/USD,100,1293.44,1292.66,0.06030430479960204,-0.448695695200398,0.509,False,Bittrex,Kraken
01-09-2021_19-10-06,XRP/USD,100,0.3295,0.32884,0.2003034901365687,-0.14969650986343128,0.35,False,Binance US,Bittrex
01-09-2021_19-10-06,BCH/USD,100,571.87,570.1,0.3095109028275625,-0.4504890971724375,0.76,False,Coinbase Pro,Kraken
01-09-2021_19-10-07,BTC/USD,100,40626.8,40593.477,0.0820222119389269,-0.4279777880610731,0.51,False,Kraken,Bittrex
01-09-2021_19-10-07,ETH/USD,100,1293.47,1292.66,0.06262224867990332,-0.6973777513200967,0.76,False,Coinbase Pro,Kraken
01-09-2021_19-10-07,XRP/USD,100,0.3295,0.32884,0.2003034901365687,-0.14969650986343128,0.35,False,Binance US,Bittrex
01-09-2021_19-10-08,BCH/USD,100,572.01,570.1,0.3339102463243594,-0.4260897536756406,0.76,False,Coinbase Pro,Kraken
01-09-2021_19-10-08,BTC/USD,100,40626.8,40593.477,0.0820222119389269,-0.4279777880610731,0.51,False,Kraken,Bittrex
01-09-2021_19-10-08,ETH/USD,100,1293.47,1292.66,0.06262224867990332,-0.6973777513200967,0.76,False,Coinbase Pro,Kraken
01-09-2021_19-10-09,XRP/USD,100,0.3295,0.32884,0.2003034901365687,-0.14969650986343128,0.35,False,Binance US,Bittrex
01-09-2021_19-10-09,BCH/USD,100,572.01,570.35,0.29020471670075143,-0.4697952832992486,0.76,False,Coinbase Pro,Kraken
01-09-2021_19-10-09,BTC/USD,100,40626.8,40593.477,0.0820222119389269,-0.4279777880610731,0.51,False,Kraken,Bittrex
01-09-2021_19-10-10,ETH/USD,100,1293.58,1292.97,0.047155954792119543,-0.45292404520788043,0.50008,False,Coinbase Pro,Binance US
01-09-2021_19-10-10,XRP/USD,100,0.3295,0.32884,0.2003034901365687,-0.14969650986343128,0.35,False,Binance US,Bittrex
01-09-2021_19-10-10,BCH/USD,100,572.01,570.35,0.29020471670075143,-0.4697952832992486,0.76,False,Coinbase Pro,Kraken
01-09-2021_19-10-11,BTC/USD,100,40626.8,40593.477,0.0820222119389269,-0.4279777880610731,0.51,False,Kraken,Bittrex
01-09-2021_19-10-11,ETH/USD,100,1293.46,1292.99,0.0363366474417475,-0.4637433525582525,0.50008,False,Coinbase Pro,Binance US
01-09-2021_19-10-12,XRP/USD,100,0.3295,0.32884,0.2003034901365687,-0.14969650986343128,0.35,False,Binance US,Bittrex
01-09-2021_19-10-12,BCH/USD,100,571.56,570.1,0.2554412485128285,-0.5045587514871714,0.76,False,Coinbase Pro,Kraken
01-09-2021_19-10-13,BTC/USD,100,40626.8,40593.477,0.0820222119389269,-0.4279777880610731,0.51,False,Kraken,Bittrex
01-09-2021_19-10-13,ETH/USD,100,1293.46,1292.99,0.0363366474417475,-0.4637433525582525,0.50008,False,Coinbase Pro,Binance US
01-09-2021_19-10-14,XRP/USD,100,0.3296,0.32884,0.23058252427183948,-0.1194174757281605,0.35,False,Binance US,Bittrex
01-09-2021_19-10-14,BCH/USD,100,571.63,570.1,0.2676556513828828,-0.49234434861711723,0.76,False,Coinbase Pro,Kraken
01-09-2021_19-10-15,BTC/USD,100,40626.8,40593.477,0.0820222119389269,-0.4279777880610731,0.51,False,Kraken,Bittrex
01-09-2021_19-10-16,ETH/USD,100,1294.2,1292.99,0.09349405037861508,-0.16658594962138495,0.26008000000000003,False,Kraken,Binance US
01-09-2021_19-10-16,XRP/USD,100,0.3296,0.32884,0.23058252427183948,-0.1194174757281605,0.35,False,Binance US,Bittrex
01-09-2021_19-10-17,BCH/USD,100,571.63,570.24,0.24316428458967973,-0.5168357154103203,0.76,False,Coinbase Pro,Kraken
01-09-2021_19-10-17,BTC/USD,100,40627.4,40593.477,0.0834978364355152,-0.4265021635644848,0.51,False,Kraken,Bittrex
01-09-2021_19-10-18,ETH/USD,100,1294.2,1292.99,0.09349405037861508,-0.16658594962138495,0.26008000000000003,False,Kraken,Binance US
01-09-2021_19-10-18,XRP/USD,100,0.3296,0.32884,0.23058252427183948,-0.1194174757281605,0.35,False,Binance US,Bittrex
01-09-2021_19-10-18,BCH/USD,100,571.63,570.24,0.24316428458967973,-0.5168357154103203,0.76,False,Coinbase Pro,Kraken
01-09-2021_19-10-19,BTC/USD,100,40627.4,40593.477,0.0834978364355152,-0.4265021635644848,0.51,False,Kraken,Bittrex
01-09-2021_19-10-19,ETH/USD,100,1294.2,1292.99,0.09349405037861508,-0.16658594962138495,0.26008000000000003,False,Kraken,Binance US
01-09-2021_19-10-19,XRP/USD,100,0.3296,0.32884,0.23058252427183948,-0.1194174757281605,0.35,False,Binance US,Bittrex
01-09-2021_19-10-20,BCH/USD,100,571.63,570.24,0.24316428458967973,-0.5168357154103203,0.76,False,Coinbase Pro,Kraken
01-09-2021_19-10-20,BTC/USD,100,40627.4,40593.477,0.0834978364355152,-0.4265021635644848,0.51,False,Kraken,Bittrex
01-09-2021_19-10-20,ETH/USD,100,1294.08,1293.833,0.019086918892173867,-0.49091308110782617,0.51,False,Kraken,Bittrex
01-09-2021_19-10-21,XRP/USD,100,0.3296,0.32884,0.23058252427183948,-0.1194174757281605,0.35,False,Binance US,Bittrex
01-09-2021_19-10-21,BCH/USD,100,571.63,570.09,0.26940503472525296,-0.49059496527474705,0.76,False,Coinbase Pro,Kraken
01-09-2021_19-10-22,BTC/USD,100,40630.93,40593.477,0.09217854476872997,-0.25782145523127,0.35,False,Binance US,Bittrex
01-09-2021_19-10-22,ETH/USD,100,1294.08,1293.83,0.019318743818001978,-0.49068125618199804,0.51,False,Kraken,Bittrex
01-09-2021_19-10-22,XRP/USD,100,0.3297,0.32884,0.260843190779488,-0.489156809220512,0.75,False,Coinbase Pro,Bittrex
01-09-2021_19-10-23,BCH/USD,100,571.88,570.09,0.3130027278449961,-0.4469972721550039,0.76,False,Coinbase Pro,Kraken
01-09-2021_19-10-23,BTC/USD,100,40628.58,40593.477,0.08639977080174299,-0.263600229198257,0.35,False,Binance US,Bittrex
01-09-2021_19-10-23,ETH/USD,100,1294.07,1293.83,0.01854613738051335,-0.49145386261948665,0.51,False,Kraken,Bittrex
01-09-2021_19-10-24,XRP/USD,100,0.3296,0.32884,0.23058252427183948,-0.5194174757281605,0.75,False,Coinbase Pro,Bittrex
01-09-2021_19-10-24,BCH/USD,100,571.88,570.1,0.31125410925368485,-0.44874589074631516,0.76,False,Coinbase Pro,Kraken
01-09-2021_19-10-25,BTC/USD,100,40626.7,40593.477,0.0817762702853004,-0.4282237297146996,0.51,False,Kraken,Bittrex
01-09-2021_19-10-25,ETH/USD,100,1294.07,1293.826,0.018855239670181254,-0.49114476032981874,0.51,False,Kraken,Bittrex
01-09-2021_19-10-25,XRP/USD,100,0.32969,0.32884,0.2578179501956268,-0.2521820498043732,0.51,False,Kraken,Bittrex
01-09-2021_19-10-26,BCH/USD,100,571.88,570.1,0.31125410925368485,-0.44874589074631516,0.76,False,Coinbase Pro,Kraken
01-09-2021_19-10-26,BTC/USD,100,40626.7,40593.477,0.0817762702853004,-0.4282237297146996,0.51,False,Kraken,Bittrex
01-09-2021_19-10-26,ETH/USD,100,1294.07,1293.79,0.02163716027726265,-0.7383628397227373,0.76,False,Kraken,Coinbase Pro
01-09-2021_19-10-27,XRP/USD,100,0.32969,0.32884,0.2578179501956268,-0.2521820498043732,0.51,False,Kraken,Bittrex
01-09-2021_19-10-27,BCH/USD,100,571.88,570.1,0.31125410925368485,-0.44874589074631516,0.76,False,Coinbase Pro,Kraken
01-09-2021_19-10-27,BTC/USD,100,40626.7,40593.47,0.08179350033351449,-0.4282064996664855,0.51,False,Kraken,Bittrex
01-09-2021_19-10-28,ETH/USD,100,1293.821,1293.12,0.054180601489697715,-0.4558193985103023,0.51,False,Bittrex,Kraken
01-09-2021_19-10-29,XRP/USD,100,0.3296,0.32884,0.23058252427183948,-0.1194174757281605,0.35,False,Binance US,Bittrex
01-09-2021_19-10-29,BCH/USD,100,571.37,570.1,0.22227278296025024,-0.5377272170397498,0.76,False,Coinbase Pro,Kraken
01-09-2021_19-10-30,BTC/USD,100,40593.5,40572.97,0.05057459938167154,-0.20942740061832849,0.260002,False,Kraken,Binance US
01-09-2021_19-10-30,ETH/USD,100,1293.819,1293.02,0.061755160497718634,-0.6882448395022813,0.75,False,Bittrex,Coinbase Pro
01-09-2021_19-10-31,XRP/USD,100,0.3296,0.32884,0.23058252427183948,-0.1194174757281605,0.35,False,Binance US,Bittrex
01-09-2021_19-10-31,BCH/USD,100,571.85,569.89,0.3427472239223636,-0.4172527760776364,0.76,False,Coinbase Pro,Kraken
01-09-2021_19-10-32,BTC/USD,100,40593.5,40575.87,0.043430598494826465,-0.7165694015051736,0.76,False,Kraken,Coinbase Pro
01-09-2021_19-10-32,ETH/USD,100,1293.814,1293.04,0.059823127590218884,-0.4501768724097811,0.51,False,Bittrex,Kraken
01-09-2021_19-10-32,XRP/USD,100,0.3296,0.32884,0.23058252427183948,-0.1194174757281605,0.35,False,Binance US,Bittrex
01-09-2021_19-10-33,BCH/USD,100,571.36,570.0,0.2380285634276137,-0.5219714365723863,0.76,False,Coinbase Pro,Kraken
01-09-2021_19-10-34,BTC/USD,100,40593.5,40554.977,0.09489942971165592,-0.4151005702883441,0.51,False,Kraken,Bittrex
01-09-2021_19-10-34,ETH/USD,100,1293.87,1293.44,0.03323363243601261,-0.3267403675639874,0.359974,False,Binance US,Kraken
01-09-2021_19-10-35,XRP/USD,100,0.32962,0.32884,0.23663612644863868,-0.2733638735513613,0.51,False,Kraken,Bittrex
01-09-2021_19-10-36,BCH/USD,100,571.87,570.18,0.2955217094794367,-0.46447829052056333,0.76,False,Coinbase Pro,Kraken
01-09-2021_19-10-36,BTC/USD,100,40593.5,40554.977,0.09489942971165592,-0.4151005702883441,0.51,False,Kraken,Bittrex
01-09-2021_19-10-37,ETH/USD,100,1293.86,1293.66,0.015457622926732266,-0.5845423770732677,0.6,False,Binance US,Coinbase Pro
01-09-2021_19-10-37,XRP/USD,100,0.32962,0.32884,0.23663612644863868,-0.2733638735513613,0.51,False,Kraken,Bittrex
01-09-2021_19-10-38,BCH/USD,100,571.76,570.18,0.2763397229606899,-0.4836602770393101,0.76,False,Coinbase Pro,Kraken
01-09-2021_19-10-38,BTC/USD,100,40595.6,40554.977,0.10006749499945707,-0.40993250500054296,0.51,False,Kraken,Bittrex
01-09-2021_19-10-38,ETH/USD,100,1293.94,1293.7,0.01854800068009406,-0.7414519993199059,0.76,False,Coinbase Pro,Kraken
01-09-2021_19-10-39,XRP/USD,100,0.32962,0.32884,0.23663612644863868,-0.2733638735513613,0.51,False,Kraken,Bittrex
01-09-2021_19-10-39,BCH/USD,100,571.76,570.2,0.27284175178395575,-0.48715824821604425,0.76,False,Coinbase Pro,Kraken
01-09-2021_19-10-40,BTC/USD,100,40595.6,40554.977,0.10006749499945707,-0.40993250500054296,0.51,False,Kraken,Bittrex
01-09-2021_19-10-40,ETH/USD,100,1293.84,1293.71,0.010047610214545985,-0.589952389785454,0.6,False,Binance US,Coinbase Pro
01-09-2021_19-10-41,XRP/USD,100,0.32962,0.32884,0.23663612644863868,-0.2733638735513613,0.51,False,Kraken,Bittrex
01-09-2021_19-10-41,BCH/USD,100,571.57,570.2,0.23969067655755277,-0.5203093234424472,0.76,False,Coinbase Pro,Kraken
01-09-2021_19-10-42,BTC/USD,100,40593.5,40554.977,0.09489942971165592,-0.4151005702883441,0.51,False,Kraken,Bittrex
01-09-2021_19-10-42,ETH/USD,100,1293.98,1293.79,0.014683379959509002,-0.745316620040491,0.76,False,Coinbase Pro,Kraken
01-09-2021_19-10-42,XRP/USD,100,0.3296,0.32884,0.23058252427183948,-0.1194174757281605,0.35,False,Binance US,Bittrex
01-09-2021_19-10-43,BCH/USD,100,571.54,570.16,0.24145291668124638,-0.5185470833187537,0.76,False,Coinbase Pro,Kraken
01-09-2021_19-10-43,BTC/USD,100,40606.28,40554.977,0.12634252632843956,-0.22365747367156041,0.35,False,Binance US,Bittrex
01-09-2021_19-10-44,ETH/USD,100,1293.86,1293.66,0.015457622926732266,-0.34454237707326774,0.36,False,Binance US,Kraken
01-09-2021_19-10-44,XRP/USD,100,0.3296,0.32884,0.23058252427183948,-0.1194174757281605,0.35,False,Binance US,Bittrex
01-09-2021_19-10-44,BCH/USD,100,571.54,570.16,0.24145291668124638,-0.5185470833187537,0.76,False,Coinbase Pro,Kraken
01-09-2021_19-10-45,BTC/USD,100,40593.5,40570.32,0.05710273812309924,-0.7028972618769007,0.76,False,Kraken,Coinbase Pro
01-09-2021_19-10-45,ETH/USD,100,1293.82,1293.66,0.01236648065417558,-0.3476335193458244,0.36,False,Binance US,Kraken
01-09-2021_19-10-46,XRP/USD,100,0.3296,0.32884,0.23058252427183948,-0.1194174757281605,0.35,False,Binance US,Bittrex
01-09-2021_19-10-46,BCH/USD,100,571.72,570.16,0.27286084097111507,-0.48713915902888494,0.76,False,Coinbase Pro,Kraken
01-09-2021_19-10-46,BTC/USD,100,40593.5,40570.32,0.05710273812309924,-0.7028972618769007,0.76,False,Kraken,Coinbase Pro
01-09-2021_19-10-47,ETH/USD,100,1293.99,1293.29,0.05409624494780063,-0.7059037550521994,0.76,False,Coinbase Pro,Kraken
01-09-2021_19-10-47,XRP/USD,100,0.3296,0.32884,0.23058252427183948,-0.1194174757281605,0.35,False,Binance US,Bittrex
01-09-2021_19-10-47,BCH/USD,100,571.72,569.96,0.3078430000699627,-0.45215699993003733,0.76,False,Coinbase Pro,Kraken
01-09-2021_19-10-48,BTC/USD,100,40593.5,40553.244,0.09916858610368956,-0.40983141389631045,0.509,False,Kraken,Bittrex
01-09-2021_19-10-48,ETH/USD,100,1294.01,1293.791,0.016924135053056073,-0.49304986494694386,0.5099739999999999,False,Kraken,Bittrex
01-09-2021_19-10-48,XRP/USD,100,0.3296,0.32884,0.23058252427183948,-0.1194174757281605,0.35,False,Binance US,Bittrex
01-09-2021_19-10-49,BCH/USD,100,571.59,569.96,0.28516943963330277,-0.47483056036669724,0.76,False,Coinbase Pro,Kraken
01-09-2021_19-10-49,BTC/USD,100,40593.5,40553.244,0.09916858610368956,-0.40983141389631045,0.509,False,Kraken,Bittrex
01-09-2021_19-10-50,ETH/USD,100,1293.9,1293.785,0.008887858412551904,-0.7411121415874481,0.75,False,Coinbase Pro,Bittrex
01-09-2021_19-10-50,XRP/USD,100,0.3296,0.32884,0.23058252427183948,-0.1194174757281605,0.35,False,Binance US,Bittrex
01-09-2021_19-10-50,BCH/USD,100,571.59,570.09,0.26242586469322415,-0.49757413530677586,0.76,False,Coinbase Pro,Kraken
01-09-2021_19-10-51,BTC/USD,100,40593.5,40553.244,0.09916858610368956,-0.40983141389631045,0.509,False,Kraken,Bittrex
01-09-2021_19-10-52,ETH/USD,100,1293.9,1293.785,0.008887858412551904,-0.7411121415874481,0.75,False,Coinbase Pro,Bittrex
01-09-2021_19-10-52,XRP/USD,100,0.3296,0.32884,0.23058252427183948,-0.1194174757281605,0.35,False,Binance US,Bittrex
01-09-2021_19-10-52,BCH/USD,100,571.57,570.09,0.2589359133614462,-0.5010640866385538,0.76,False,Coinbase Pro,Kraken
01-09-2021_19-10-53,BTC/USD,100,40593.5,40553.244,0.09916858610368956,-0.40983141389631045,0.509,False,Kraken,Bittrex
01-09-2021_19-10-53,ETH/USD,100,1293.9,1293.78,0.009274287039193,-0.740725712960807,0.75,False,Coinbase Pro,Bittrex
01-09-2021_19-10-54,XRP/USD,100,0.3296,0.32884,0.23058252427183948,-0.1194174757281605,0.35,False,Binance US,Bittrex
01-09-2021_19-10-54,BCH/USD,100,571.75,569.99,0.3078268473983369,-0.45217315260166313,0.76,False,Coinbase Pro,Kraken
01-09-2021_19-10-55,BTC/USD,100,40593.5,40553.24,0.09917843989801825,-0.4108215601019818,0.51,False,Kraken,Bittrex
01-09-2021_19-10-55,ETH/USD,100,1293.87,1293.63,0.01854900415032281,-0.7414509958496772,0.76,False,Coinbase Pro,Kraken
01-09-2021_19-10-56,XRP/USD,100,0.32966,0.32884,0.24874112722198247,-0.2612588727780175,0.51,False,Kraken,Bittrex
01-09-2021_19-10-56,BCH/USD,100,571.89,570.08,0.31649443074716216,-0.44350556925283785,0.76,False,Coinbase Pro,Kraken
01-09-2021_19-10-57,BTC/USD,100,40593.97,40553.244,0.10032524535048527,-0.24867475464951472,0.349,False,Binance US,Bittrex
01-09-2021_19-10-57,ETH/USD,100,1294.577,1293.63,0.07315130733821851,-0.4368486926617815,0.51,False,Bittrex,Kraken
01-09-2021_19-10-58,XRP/USD,100,0.32966,0.32884,0.24874112722198247,-0.2612588727780175,0.51,False,Kraken,Bittrex
01-09-2021_19-10-58,BCH/USD,100,571.75,570.09,0.2903366856143364,-0.4696633143856636,0.76,False,Coinbase Pro,Kraken
01-09-2021_19-10-58,BTC/USD,100,40593.96,40553.244,0.1003006358581433,-0.24869936414185667,0.349,False,Binance US,Bittrex
01-09-2021_19-10-59,ETH/USD,100,1294.72,1293.64,0.08341571922886239,-0.6765842807711376,0.76,False,Coinbase Pro,Kraken
01-09-2021_19-10-59,XRP/USD,100,0.32961,0.32884,0.23360941719001027,-0.27639058280998974,0.51,False,Kraken,Bittrex
01-09-2021_19-11-00,BCH/USD,100,572.02,570.09,0.33740079018215274,-0.42259920981784727,0.76,False,Coinbase Pro,Kraken
01-09-2021_19-11-00,BTC/USD,100,40593.5,40553.244,0.09916858610368956,-0.40983141389631045,0.509,False,Kraken,Bittrex
01-09-2021_19-11-00,ETH/USD,100,1294.72,1293.64,0.08341571922886239,-0.6765842807711376,0.76,False,Coinbase Pro,Kraken
01-09-2021_19-11-01,XRP/USD,100,0.32961,0.32884,0.23360941719001027,-0.27639058280998974,0.51,False,Kraken,Bittrex
01-09-2021_19-11-01,BCH/USD,100,572.02,570.09,0.33740079018215274,-0.42259920981784727,0.76,False,Coinbase Pro,Kraken
01-09-2021_19-11-01,BTC/USD,100,40606.25,40558.791,0.11687609666000323,-0.23312390333999675,0.35,False,Binance US,Bittrex
01-09-2021_19-11-02,ETH/USD,100,1294.94,1293.64,0.10039075169505572,-0.6596092483049443,0.76,False,Coinbase Pro,Kraken
01-09-2021_19-11-02,XRP/USD,100,0.32961,0.32884,0.23360941719001027,-0.27639058280998974,0.51,False,Kraken,Bittrex
01-09-2021_19-11-02,BCH/USD,100,571.13,570.09,0.18209514471310623,-0.5779048552868937,0.76,False,Coinbase Pro,Kraken
01-09-2021_19-11-03,BTC/USD,100,40606.24,40569.927,0.08942714223231367,-0.2605728577676863,0.35,False,Binance US,Bittrex
01-09-2021_19-11-03,ETH/USD,100,1294.99,1293.64,0.10424790925025747,-0.25575209074974253,0.36,False,Binance US,Kraken
01-09-2021_19-11-04,XRP/USD,100,0.3296,0.32884,0.23058252427183948,-0.5194174757281605,0.75,False,Coinbase Pro,Bittrex
01-09-2021_19-11-04,BCH/USD,100,571.13,570.08,0.18384605956611533,-0.5761539404338847,0.76,False,Coinbase Pro,Kraken
01-09-2021_19-11-04,BTC/USD,100,40606.24,40569.927,0.08942714223231367,-0.2605728577676863,0.35,False,Binance US,Bittrex
01-09-2021_19-11-05,ETH/USD,100,1294.98,1294.566,0.03196960570819528,-0.3180303942918047,0.35,False,Binance US,Bittrex
01-09-2021_19-11-06,XRP/USD,100,0.33,0.32884,0.3515151515151498,-0.3984848484848502,0.75,False,Coinbase Pro,Bittrex
01-09-2021_19-11-06,BCH/USD,100,571.04,569.79,0.2188988512188288,-0.5411011487811712,0.76,False,Coinbase Pro,Kraken
01-09-2021_19-11-07,BTC/USD,100,40606.24,40569.927,0.08942714223231367,-0.2605728577676863,0.35,False,Binance US,Bittrex
01-09-2021_19-11-07,ETH/USD,100,1295.0,1294.562,0.03382239382240169,-0.7161776061775983,0.75,False,Coinbase Pro,Bittrex
01-09-2021_19-11-08,XRP/USD,100,0.3306,0.32884,0.532365396249239,0.18236539624923898,0.35,True,Binance US,Bittrex
01-09-2021_19-11-08,BCH/USD,100,571.04,569.79,0.2188988512188288,-0.5411011487811712,0.76,False,Coinbase Pro,Kraken
01-09-2021_19-11-09,BTC/USD,100,40604.21,40569.927,0.08443213154496987,-0.2655678684550301,0.35,False,Binance US,Bittrex
01-09-2021_19-11-09,ETH/USD,100,1295.0,1294.67,0.025482625482619863,-0.7345173745173802,0.76,False,Coinbase Pro,Kraken
01-09-2021_19-11-09,XRP/USD,100,0.3305,0.3299,0.18154311649016322,-0.17845688350983677,0.36,False,Binance US,Kraken
01-09-2021_19-11-09,BCH/USD,100,571.04,569.69,0.2364107593163192,-0.5235892406836808,0.76,False,Coinbase Pro,Kraken
01-09-2021_19-11-10,BTC/USD,100,40606.24,40569.927,0.08942714223231367,-0.2605728577676863,0.35,False,Binance US,Bittrex
01-09-2021_19-11-11,ETH/USD,100,1295.0,1294.67,0.025482625482619863,-0.7345173745173802,0.76,False,Coinbase Pro,Kraken
01-09-2021_19-11-11,XRP/USD,100,0.3305,0.3301,0.12102874432678108,-0.4789712556732189,0.6,False,Binance US,Coinbase Pro
01-09-2021_19-11-12,BCH/USD,100,570.72,569.29,0.2505606952621362,-0.5094393047378638,0.76,False,Coinbase Pro,Kraken
01-09-2021_19-11-12,BTC/USD,100,40606.24,40569.927,0.08942714223231367,-0.2605728577676863,0.35,False,Binance US,Bittrex
01-09-2021_19-11-13,ETH/USD,100,1294.994,1294.67,0.025019420939389816,-0.4849805790606102,0.51,False,Bittrex,Kraken
01-09-2021_19-11-13,XRP/USD,100,0.3305,0.33023,0.0816944024205726,-0.2783055975794274,0.36,False,Binance US,Kraken
01-09-2021_19-11-14,BCH/USD,100,570.47,569.29,0.20684698581872205,-0.5531530141812779,0.76,False,Coinbase Pro,Kraken
01-09-2021_19-11-14,BTC/USD,100,40597.4,40569.927,0.06767182134816056,-0.4420681786518395,0.5097400000000001,False,Kraken,Bittrex
01-09-2021_19-11-14,ETH/USD,100,1294.994,1294.67,0.025019420939389816,-0.4849805790606102,0.51,False,Bittrex,Kraken
01-09-2021_19-11-15,XRP/USD,100,0.3305,0.3302,0.09077155824509,-0.50922844175491,0.6,False,Binance US,Coinbase Pro
01-09-2021_19-11-15,BCH/USD,100,570.47,568.84,0.28572931091906595,-0.47427068908093406,0.76,False,Coinbase Pro,Kraken
01-09-2021_19-11-16,BTC/USD,100,40598.04,40569.927,0.06924718533209376,-0.28075281466790625,0.35,False,Binance US,Bittrex
01-09-2021_19-11-16,ETH/USD,100,1294.991,1294.43,0.04332076439140672,-0.7066792356085932,0.75,False,Bittrex,Coinbase Pro
01-09-2021_19-11-17,XRP/USD,100,0.3305,0.3301,0.12102874432678108,-0.4789712556732189,0.6,False,Binance US,Coinbase Pro
01-09-2021_19-11-17,BCH/USD,100,570.11,568.84,0.22276402799459435,-0.5372359720054056,0.76,False,Coinbase Pro,Kraken
01-09-2021_19-11-18,BTC/USD,100,40605.82,40582.48,0.05747944506476291,-0.5425205549352371,0.6,False,Binance US,Coinbase Pro
01-09-2021_19-11-18,ETH/USD,100,1294.989,1294.23,0.05861053646015638,-0.6913894635398437,0.75,False,Bittrex,Coinbase Pro
01-09-2021_19-11-19,XRP/USD,100,0.3305,0.3302,0.09077155824509,-0.50922844175491,0.6,False,Binance US,Coinbase Pro
01-09-2021_19-11-19,BCH/USD,100,569.9,568.87,0.1807334620108743,-0.5792665379891258,0.76,False,Coinbase Pro,Kraken
01-09-2021_19-11-20,BTC/USD,100,40600.74,40568.949,0.07830152849430193,-0.27169847150569804,0.35,False,Binance US,Bittrex
01-09-2021_19-11-20,ETH/USD,100,1294.989,1294.23,0.05861053646015638,-0.6913894635398437,0.75,False,Bittrex,Coinbase Pro
01-09-2021_19-11-21,XRP/USD,100,0.3306,0.33028,0.09679370840894948,-0.2632062915910505,0.36,False,Binance US,Kraken
01-09-2021_19-11-21,BCH/USD,100,569.9,568.39,0.264958764695559,-0.495041235304441,0.76,False,Coinbase Pro,Kraken
01-09-2021_19-11-21,BTC/USD,100,40626.19,40568.949,0.1408967958846296,-0.20910320411537037,0.35,False,Binance US,Bittrex
01-09-2021_19-11-22,ETH/USD,100,1295.4,1294.33,0.08259996912151951,-0.2774000308784805,0.36,False,Binance US,Kraken
01-09-2021_19-11-22,XRP/USD,100,0.3309,0.3305,0.12088244182532834,-0.4791175581746716,0.6,False,Binance US,Coinbase Pro
01-09-2021_19-11-22,BCH/USD,100,569.9,568.39,0.264958764695559,-0.495041235304441,0.76,False,Coinbase Pro,Kraken
01-09-2021_19-11-23,BTC/USD,100,40628.85,40597.4,0.07740804871414547,-0.2823319512858546,0.35974000000000006,False,Binance US,Kraken
01-09-2021_19-11-23,ETH/USD,100,1295.4,1294.74,0.05094951366373953,-0.3090504863362605,0.36,False,Binance US,Kraken
01-09-2021_19-11-23,XRP/USD,100,0.3309,0.3305,0.12088244182532834,-0.4791175581746716,0.6,False,Binance US,Coinbase Pro
01-09-2021_19-11-24,BCH/USD,100,569.81,568.63,0.20708657271721276,-0.5529134272827873,0.76,False,Coinbase Pro,Kraken
01-09-2021_19-11-24,BTC/USD,100,40628.85,40597.4,0.07740804871414547,-0.2823319512858546,0.35974000000000006,False,Binance US,Kraken
01-09-2021_19-11-25,ETH/USD,100,1295.5,1294.74,0.05866460825935862,-0.3013353917406414,0.36,False,Binance US,Kraken
01-09-2021_19-11-25,XRP/USD,100,0.33067,0.3301,0.17237729458372847,-0.5776227054162715,0.75,False,Bittrex,Coinbase Pro
01-09-2021_19-11-25,BCH/USD,100,569.57,568.63,0.16503678213390005,-0.5949632178661,0.76,False,Coinbase Pro,Kraken
01-09-2021_19-11-26,BTC/USD,100,40614.56,40597.4,0.042250857820437346,-0.3174891421795627,0.35974000000000006,False,Binance US,Kraken
01-09-2021_19-11-26,ETH/USD,100,1295.05,1294.74,0.02393729971815339,-0.3360627002818466,0.36,False,Binance US,Kraken
01-09-2021_19-11-27,XRP/USD,100,0.33067,0.33021,0.13911150089213292,-0.3708884991078671,0.51,False,Bittrex,Kraken
01-09-2021_19-11-27,BCH/USD,100,569.57,568.38,0.20892954333972197,-0.551070456660278,0.76,False,Coinbase Pro,Kraken
01-09-2021_19-11-28,BTC/USD,100,40620.25,40597.4,0.05625273108855446,-0.3034872689114456,0.35974000000000006,False,Binance US,Kraken
01-09-2021_19-11-28,ETH/USD,100,1295.05,1294.57,0.03706420601521317,-0.5629357939847868,0.6,False,Binance US,Coinbase Pro
01-09-2021_19-11-29,XRP/USD,100,0.33067,0.3305,0.051410772068831004,-0.698589227931169,0.75,False,Bittrex,Coinbase Pro
01-09-2021_19-11-29,BCH/USD,100,569.82,568.38,0.25271138254186487,-0.5072886174581351,0.76,False,Coinbase Pro,Kraken
01-09-2021_19-11-30,BTC/USD,100,40613.2,40597.4,0.038903607694039465,-0.3208363923059606,0.35974000000000006,False,Binance US,Kraken
01-09-2021_19-11-30,ETH/USD,100,1295.05,1294.57,0.03706420601521317,-0.5629357939847868,0.6,False,Binance US,Coinbase Pro
01-09-2021_19-11-31,XRP/USD,100,0.33067,0.3304,0.08165240269755117,-0.6683475973024489,0.75,False,Bittrex,Coinbase Pro
01-09-2021_19-11-31,BCH/USD,100,570.07,568.4,0.2929464802568233,-0.4670535197431767,0.76,False,Coinbase Pro,Kraken
01-09-2021_19-11-32,BTC/USD,100,40613.81,40585.91,0.06869584508322213,-0.28130415491677785,0.35,False,Binance US,Bittrex
01-09-2021_19-11-32,ETH/USD,100,1296.0,1294.74,0.09722222222222152,-0.6627777777777785,0.76,False,Coinbase Pro,Kraken
01-09-2021_19-11-33,XRP/USD,100,0.3308,0.33046,0.10278113663845435,-0.25721886336154565,0.36,False,Binance US,Kraken
01-09-2021_19-11-33,BCH/USD,100,569.18,568.4,0.13703924944656748,-0.6229607505534325,0.76,False,Coinbase Pro,Kraken
01-09-2021_19-11-34,BTC/USD,100,40605.87,40585.91,0.04915545461776616,-0.3008445453822338,0.35,False,Binance US,Bittrex
01-09-2021_19-11-35,ETH/USD,100,1295.71,1294.985,0.055953878568517364,-0.6940461214314826,0.75,False,Coinbase Pro,Bittrex
01-09-2021_19-11-35,XRP/USD,100,0.3308,0.3305,0.09068923821038904,-0.5093107617896109,0.6,False,Binance US,Coinbase Pro
01-09-2021_19-11-36,BCH/USD,100,569.03,567.999,0.1811855262464104,-0.5688144737535896,0.75,False,Coinbase Pro,Bittrex
01-09-2021_19-11-36,BTC/USD,100,40599.53,40585.91,0.033547186383673266,-0.7164528136163267,0.75,False,Coinbase Pro,Bittrex
01-09-2021_19-11-37,ETH/USD,100,1295.92,1295.0,0.07099203654547138,-0.6890079634545286,0.76,False,Coinbase Pro,Kraken
01-09-2021_19-11-37,XRP/USD,100,0.3307,0.3305,0.060477774417894765,-0.5395222255821052,0.6,False,Binance US,Coinbase Pro
01-09-2021_19-11-37,BCH/USD,100,569.03,567.999,0.1811855262464104,-0.5688144737535896,0.75,False,Coinbase Pro,Bittrex
01-09-2021_19-11-38,BTC/USD,100,40599.53,40585.91,0.033547186383673266,-0.7164528136163267,0.75,False,Coinbase Pro,Bittrex
01-09-2021_19-11-38,ETH/USD,100,1295.92,1295.0,0.07099203654547138,-0.6890079634545286,0.76,False,Coinbase Pro,Kraken
01-09-2021_19-11-38,XRP/USD,100,0.3307,0.3305,0.060477774417894765,-0.5395222255821052,0.6,False,Binance US,Coinbase Pro
01-09-2021_19-11-39,BCH/USD,100,568.76,567.999,0.1337998452774399,-0.6162001547225601,0.75,False,Coinbase Pro,Bittrex
01-09-2021_19-11-39,BTC/USD,100,40599.12,40585.91,0.0325376510623854,-0.7174623489376146,0.75,False,Coinbase Pro,Bittrex
01-09-2021_19-11-40,ETH/USD,100,1296.14,1295.0,0.08795346181740399,-0.672046538182596,0.76,False,Coinbase Pro,Kraken
01-09-2021_19-11-40,XRP/USD,100,0.3307,0.33052,0.05442999697611536,-0.30557000302388465,0.36,False,Binance US,Kraken
01-09-2021_19-11-40,BCH/USD,100,568.76,567.91,0.1494479217947856,-0.6105520782052144,0.76,False,Coinbase Pro,Kraken
01-09-2021_19-11-41,BTC/USD,100,40597.4,40574.69,0.055939542926392145,-0.7038004570736079,0.7597400000000001,False,Kraken,Coinbase Pro
01-09-2021_19-11-41,ETH/USD,100,1295.58,1295.0,0.044767594436463,-0.7152324055635371,0.76,False,Coinbase Pro,Kraken
01-09-2021_19-11-41,XRP/USD,100,0.3307,0.3304,0.09071666162684214,-0.5092833383731579,0.6,False,Binance US,Coinbase Pro
01-09-2021_19-11-42,BCH/USD,100,568.59,567.91,0.11959408361034554,-0.6404059163896545,0.76,False,Coinbase Pro,Kraken
01-09-2021_19-11-42,BTC/USD,100,40597.4,40574.69,0.055939542926392145,-0.7038004570736079,0.7597400000000001,False,Kraken,Coinbase Pro
01-09-2021_19-11-42,ETH/USD,100,1295.58,1295.0,0.044767594436463,-0.7152324055635371,0.76,False,Coinbase Pro,Kraken
01-09-2021_19-11-43,XRP/USD,100,0.3309,0.33052,0.11483831973407282,-0.6451616802659272,0.76,False,Coinbase Pro,Kraken
01-09-2021_19-11-43,BCH/USD,100,568.61,567.91,0.12310722639419734,-0.6368927736058027,0.76,False,Coinbase Pro,Kraken
01-09-2021_19-11-44,BTC/USD,100,40609.54,40596.6,0.031864433825161104,-0.32813556617483886,0.36,False,Binance US,Kraken
01-09-2021_19-11-44,ETH/USD,100,1295.57,1295.0,0.04399607894594166,-0.7160039210540583,0.76,False,Coinbase Pro,Kraken
01-09-2021_19-11-45,XRP/USD,100,0.33096,0.33067,0.08762388204011269,-0.4223760879598873,0.50999997,False,Kraken,Bittrex
01-09-2021_19-11-45,BCH/USD,100,568.6,567.91,0.12135068589519074,-0.6386493141048093,0.76,False,Coinbase Pro,Kraken
01-09-2021_19-11-45,BTC/USD,100,40609.54,40596.6,0.031864433825161104,-0.32813556617483886,0.36,False,Binance US,Kraken
01-09-2021_19-11-46,ETH/USD,100,1295.51,1295.0,0.039366735880077414,-0.7206332641199226,0.76,False,Coinbase Pro,Kraken
01-09-2021_19-11-46,XRP/USD,100,0.33104,0.3307,0.10270662155630951,-0.6472933784436905,0.75,False,Bittrex,Coinbase Pro
01-09-2021_19-11-47,BCH/USD,100,568.44,567.91,0.09323763281966195,-0.6667623671803381,0.76,False,Coinbase Pro,Kraken
01-09-2021_19-11-47,BTC/USD,100,40609.54,40582.991,0.0653762638040201,-0.28462373619597986,0.35,False,Binance US,Bittrex
01-09-2021_19-11-47,ETH/USD,100,1295.486,1295.0,0.03751487858611391,-0.4724851214138861,0.51,False,Bittrex,Kraken
01-09-2021_19-11-47,XRP/USD,100,0.33104,0.3308,0.07249879168681066,-0.4775012083131894,0.55,False,Bittrex,Binance US
01-09-2021_19-11-48,BCH/USD,100,568.44,567.44,0.17592006192386178,-0.5840799380761382,0.76,False,Coinbase Pro,Kraken
01-09-2021_19-11-49,BTC/USD,100,40609.54,40582.991,0.0653762638040201,-0.28462373619597986,0.35,False,Binance US,Bittrex
01-09-2021_19-11-49,ETH/USD,100,1295.482,1295.0,0.037206229032898254,-0.47279377096710173,0.51,False,Bittrex,Kraken
01-09-2021_19-11-49,XRP/USD,100,0.33094,0.3308,0.04230374085937904,-0.707696259140621,0.75,False,Bittrex,Coinbase Pro
01-09-2021_19-11-50,BCH/USD,100,567.94,567.44,0.08803746874669859,-0.6719625312533014,0.76,False,Coinbase Pro,Kraken
01-09-2021_19-11-50,BTC/USD,100,40604.67,40582.991,0.053390410511885575,-0.2966095894881144,0.35,False,Binance US,Bittrex
01-09-2021_19-11-50,ETH/USD,100,1295.482,1294.99,0.03797814249831043,-0.47202185750168957,0.51,False,Bittrex,Kraken
01-09-2021_19-11-51,XRP/USD,100,0.331,0.3308,0.06042296072508564,-0.7395770392749144,0.8,False,Coinbase Pro,Binance US
01-09-2021_19-11-51,BCH/USD,100,567.94,567.44,0.08803746874669859,-0.6719625312533014,0.76,False,Coinbase Pro,Kraken
01-09-2021_19-11-51,BTC/USD,100,40604.67,40582.991,0.053390410511885575,-0.2966095894881144,0.35,False,Binance US,Bittrex
01-09-2021_19-11-52,ETH/USD,100,1295.58,1294.99,0.045539449512953134,-0.7144605504870469,0.76,False,Coinbase Pro,Kraken
01-09-2021_19-11-52,XRP/USD,100,0.33116,0.3308,0.10870878125378274,-0.44128121874621723,0.54999,False,Bittrex,Binance US
01-09-2021_19-11-53,BCH/USD,100,567.96,567.11,0.14965842664976806,-0.610341573350232,0.76,False,Coinbase Pro,Kraken
01-09-2021_19-11-53,BTC/USD,100,40605.69,40598.1,0.0186919616438085,-0.5813080383561915,0.6,False,Binance US,Coinbase Pro
01-09-2021_19-11-53,ETH/USD,100,1295.58,1295.0,0.044767594436463,-0.7152324055635371,0.76,False,Coinbase Pro,Kraken
01-09-2021_19-11-54,XRP/USD,100,0.3317,0.33116,0.16279770877298308,-0.5871922912270169,0.7499899999999999,False,Coinbase Pro,Bittrex
01-09-2021_19-11-54,BCH/USD,100,567.96,566.86,0.1936756109585222,-0.5663243890414777,0.76,False,Coinbase Pro,Kraken
01-09-2021_19-11-55,BTC/USD,100,40610.03,40584.29,0.0633833562792196,-0.2856166437207804,0.349,False,Binance US,Bittrex
01-09-2021_19-11-56,ETH/USD,100,1295.58,1295.0,0.044767594436463,-0.7152324055635371,0.76,False,Coinbase Pro,Kraken
01-09-2021_19-11-56,XRP/USD,100,0.3316,0.331,0.18094089264173385,-0.5690591073582661,0.75,False,Coinbase Pro,Bittrex
01-09-2021_19-11-56,BCH/USD,100,567.83,566.86,0.17082577532008297,-0.589174224679917,0.76,False,Coinbase Pro,Kraken
01-09-2021_19-11-57,BTC/USD,100,40606.72,40584.29,0.05523716271592557,-0.29376283728407443,0.349,False,Binance US,Bittrex
01-09-2021_19-11-57,ETH/USD,100,1295.58,1295.0,0.044767594436463,-0.7152324055635371,0.76,False,Coinbase Pro,Kraken
01-09-2021_19-11-58,XRP/USD,100,0.3318,0.331,0.24110910186858572,-0.10889089813141425,0.35,False,Binance US,Bittrex
01-09-2021_19-11-58,BCH/USD,100,568.35,567.0,0.2375296912114054,-0.5224703087885946,0.76,False,Coinbase Pro,Kraken
01-09-2021_19-11-59,BTC/USD,100,40606.72,40584.29,0.05523716271592557,-0.29376283728407443,0.349,False,Binance US,Bittrex
01-09-2021_19-11-59,ETH/USD,100,1295.74,1295.0,0.05711022272986935,-0.7028897772701307,0.76,False,Coinbase Pro,Kraken
01-09-2021_19-11-59,XRP/USD,100,0.3318,0.33151,0.08740204942735291,-0.2725979505726471,0.36,False,Binance US,Kraken
01-09-2021_19-12-00,BCH/USD,100,568.31,566.99,0.23226760042933198,-0.527732399570668,0.76,False,Coinbase Pro,Kraken
01-09-2021_19-12-01,BTC/USD,100,40602.62,40584.29,0.04514486996159791,-0.3038551300384021,0.349,False,Binance US,Bittrex
01-09-2021_19-12-01,ETH/USD,100,1295.55,1295.0,0.04245301223418275,-0.7175469877658173,0.76,False,Coinbase Pro,Kraken
01-09-2021_19-12-02,XRP/USD,100,0.33298,0.33156,0.42645203916150426,-0.08354796083849575,0.51,False,Bittrex,Kraken
01-09-2021_19-12-02,BCH/USD,100,568.2,566.789,0.24832805350229814,-0.5016719464977019,0.75,False,Coinbase Pro,Bittrex
01-09-2021_19-12-03,BTC/USD,100,40602.62,40584.28,0.0451694989141188,-0.30483050108588117,0.35,False,Binance US,Bittrex
01-09-2021_19-12-03,ETH/USD,100,1295.62,1295.0,0.047853537302595735,-0.7121464626974042,0.76,False,Coinbase Pro,Kraken
01-09-2021_19-12-04,XRP/USD,100,0.3323,0.33169,0.18356906409870583,-0.5764309359012942,0.76,False,Coinbase Pro,Kraken
01-09-2021_19-12-04,BCH/USD,100,568.59,566.67,0.33767741254683914,-0.42232258745316087,0.76,False,Coinbase Pro,Kraken
01-09-2021_19-12-05,BTC/USD,100,40601.22,40584.28,0.041722884189200046,-0.3082771158107999,0.35,False,Binance US,Bittrex
01-09-2021_19-12-05,ETH/USD,100,1296.0,1295.0,0.07716049382716049,-0.6828395061728395,0.76,False,Coinbase Pro,Kraken
01-09-2021_19-12-05,XRP/USD,100,0.3325,0.33169,0.24360902255640085,-0.11639097744359914,0.36,False,Binance US,Kraken
01-09-2021_19-12-06,BCH/USD,100,569.11,567.44,0.2934406353780392,-0.20673936462196074,0.50018,False,Coinbase Pro,Binance US
01-09-2021_19-12-06,BTC/USD,100,40602.62,40584.28,0.0451694989141188,-0.30483050108588117,0.35,False,Binance US,Bittrex
01-09-2021_19-12-06,ETH/USD,100,1296.0,1295.0,0.07716049382716049,-0.6828395061728395,0.76,False,Coinbase Pro,Kraken
01-09-2021_19-12-07,XRP/USD,100,0.3325,0.33212,0.1142857142857117,-0.24571428571428827,0.36,False,Binance US,Kraken
01-09-2021_19-12-07,BCH/USD,100,569.11,567.44,0.2934406353780392,-0.20673936462196074,0.50018,False,Coinbase Pro,Binance US
01-09-2021_19-12-08,BTC/USD,100,40600.53,40584.28,0.040024108059673116,-0.7099758919403268,0.75,False,Coinbase Pro,Bittrex
01-09-2021_19-12-08,ETH/USD,100,1296.55,1295.08,0.11337781034283502,-0.13670218965716502,0.25008,False,Bittrex,Binance US
01-09-2021_19-12-09,XRP/USD,100,0.3324,0.3319,0.15042117930204588,-0.4495788206979541,0.6,False,Binance US,Coinbase Pro
01-09-2021_19-12-09,BCH/USD,100,568.47,567.29,0.20757471810298936,-0.5524252818970107,0.76,False,Coinbase Pro,Kraken
01-09-2021_19-12-10,BTC/USD,100,40600.0,40584.28,0.03871921182266297,-0.47128078817733704,0.51,False,Kraken,Bittrex
01-09-2021_19-12-10,ETH/USD,100,1296.546,1295.08,0.11306964812664741,-0.13701035187335261,0.25008,False,Bittrex,Binance US
01-09-2021_19-12-11,XRP/USD,100,0.3323,0.33192,0.11435449894673232,-0.24564550105326766,0.36,False,Binance US,Kraken
01-09-2021_19-12-11,BCH/USD,100,568.74,567.28,0.2567078102472195,-0.24347218975278045,0.50018,False,Coinbase Pro,Binance US
01-09-2021_19-12-12,BTC/USD,100,40600.0,40578.673,0.052529556650240145,-0.45647044334975984,0.509,False,Kraken,Bittrex
01-09-2021_19-12-12,ETH/USD,100,1296.544,1295.08,0.11291556630551444,-0.13716443369448558,0.25008,False,Bittrex,Binance US
01-09-2021_19-12-13,XRP/USD,100,0.33228,0.3319,0.1143613819670299,-0.6356386180329701,0.75,False,Bittrex,Coinbase Pro
01-09-2021_19-12-13,BCH/USD,100,568.18,567.29,0.1566405012496016,-0.6033594987503984,0.76,False,Coinbase Pro,Kraken
01-09-2021_19-12-14,BTC/USD,100,40596.8,40564.388,0.0798388050289774,-0.4301611949710226,0.51,False,Kraken,Bittrex
01-09-2021_19-12-14,ETH/USD,100,1296.542,1295.01,0.1181604606715344,-0.3918395393284656,0.51,False,Bittrex,Kraken
01-09-2021_19-12-15,XRP/USD,100,0.33228,0.33167,0.18358011315757777,-0.32641988684242224,0.51,False,Bittrex,Kraken
01-09-2021_19-12-15,BCH/USD,100,568.2,566.9,0.22879267863429567,-0.5312073213657044,0.76,False,Coinbase Pro,Kraken
01-09-2021_19-12-16,BTC/USD,100,40581.7,40564.38,0.042679335759713645,-0.46732066424028634,0.51,False,Kraken,Bittrex
01-09-2021_19-12-16,ETH/USD,100,1296.535,1294.45,0.1608132445325453,-0.3491867554674547,0.51,False,Bittrex,Kraken
01-09-2021_19-12-17,XRP/USD,100,0.33198,0.3315,0.14458702331465162,-0.6054029766853484,0.7499899999999999,False,Bittrex,Coinbase Pro
01-09-2021_19-12-17,BCH/USD,100,568.09,566.9,0.20947385097432705,-0.550526149025673,0.76,False,Coinbase Pro,Kraken
01-09-2021_19-12-18,BTC/USD,100,40581.7,40567.19,0.035755032440717774,-0.7242449675592822,0.76,False,Kraken,Coinbase Pro
01-09-2021_19-12-18,ETH/USD,100,1296.532,1294.45,0.16058223013391726,-0.34941776986608275,0.51,False,Bittrex,Kraken
01-09-2021_19-12-18,XRP/USD,100,0.33197,0.3315,0.14157905834863707,-0.608420941651363,0.75,False,Bittrex,Coinbase Pro
01-09-2021_19-12-19,BCH/USD,100,568.03,566.89,0.20069362533668758,-0.5593063746633125,0.76,False,Coinbase Pro,Kraken
01-09-2021_19-12-19,BTC/USD,100,40581.7,40552.32,0.07239716423904712,-0.4376028357609529,0.51,False,Kraken,Bittrex
01-09-2021_19-12-20,ETH/USD,100,1296.532,1294.21,0.17909315003408238,-0.3309068499659176,0.51,False,Bittrex,Kraken
01-09-2021_19-12-20,XRP/USD,100,0.3319,0.3316,0.09038867128652214,-0.2696113287134778,0.36,False,Binance US,Kraken
01-09-2021_19-12-21,BCH/USD,100,568.19,566.89,0.22879670532745527,-0.5312032946725447,0.76,False,Coinbase Pro,Kraken
01-09-2021_19-12-21,BTC/USD,100,40581.7,40552.32,0.07239716423904712,-0.4376028357609529,0.51,False,Kraken,Bittrex
01-09-2021_19-12-22,ETH/USD,100,1295.545,1294.29,0.09687042904724337,-0.41312957095275665,0.51,False,Bittrex,Kraken
01-09-2021_19-12-22,XRP/USD,100,0.332,0.33155,0.1355421686747006,-0.2244578313252994,0.36,False,Binance US,Kraken
01-09-2021_19-12-23,BCH/USD,100,569.1,567.25,0.32507467931822576,-0.1751053206817742,0.50018,False,Coinbase Pro,Binance US
01-09-2021_19-12-23,BTC/USD,100,40581.7,40552.362,0.07229366931399155,-0.43770633068600845,0.51,False,Kraken,Bittrex
01-09-2021_19-12-24,ETH/USD,100,1295.545,1294.29,0.09687042904724337,-0.41312957095275665,0.51,False,Bittrex,Kraken
01-09-2021_19-12-24,XRP/USD,100,0.332,0.33171,0.0873493975903652,-0.6726506024096348,0.76,False,Coinbase Pro,Kraken
01-09-2021_19-12-24,BCH/USD,100,569.1,567.39,0.3004744333157681,-0.4595255666842319,0.76,False,Coinbase Pro,Kraken
01-09-2021_19-12-25,BTC/USD,100,40581.7,40552.36,0.07229859764375694,-0.43770140235624305,0.51,False,Kraken,Bittrex
01-09-2021_19-12-25,ETH/USD,100,1295.541,1294.29,0.09656197681122992,-0.4124380231887701,0.509,False,Bittrex,Kraken
01-09-2021_19-12-26,XRP/USD,100,0.332,0.33171,0.0873493975903652,-0.2726506024096348,0.36,False,Binance US,Kraken
01-09-2021_19-12-26,BCH/USD,100,569.61,567.9,0.30020540369727294,-0.45979459630272707,0.76,False,Coinbase Pro,Kraken
01-09-2021_19-12-27,BTC/USD,100,40581.7,40563.018,0.046035528329273295,-0.46296447167072674,0.509,False,Kraken,Bittrex
01-09-2021_19-12-27,ETH/USD,100,1295.541,1294.54,0.07726501901522038,-0.1718149809847796,0.24908,False,Bittrex,Binance US
01-09-2021_19-12-28,XRP/USD,100,0.3322,0.33173,0.14148103552076174,-0.6185189644792383,0.76,False,Coinbase Pro,Kraken
01-09-2021_19-12-28,BCH/USD,100,569.61,567.983,0.28563403030144596,-0.46436596969855404,0.75,False,Coinbase Pro,Bittrex
01-09-2021_19-12-29,BTC/USD,100,40581.7,40563.018,0.046035528329273295,-0.46296447167072674,0.509,False,Kraken,Bittrex
01-09-2021_19-12-29,ETH/USD,100,1295.538,1294.54,0.07703363390344763,-0.17304636609655238,0.25008,False,Bittrex,Binance US
01-09-2021_19-12-30,XRP/USD,100,0.3325,0.33173,0.2315789473684189,-0.5284210526315811,0.76,False,Coinbase Pro,Kraken
01-09-2021_19-12-30,BCH/USD,100,569.95,567.997,0.34266163698571594,-0.40733836301428406,0.75,False,Coinbase Pro,Bittrex
01-09-2021_19-12-31,BTC/USD,100,40589.1,40563.018,0.06425863101177941,-0.4447413689882206,0.509,False,Kraken,Bittrex
01-09-2021_19-12-31,ETH/USD,100,1295.534,1293.76,0.13693195238412226,-0.11314804761587777,0.25008,False,Bittrex,Binance US
01-09-2021_19-12-32,XRP/USD,100,0.33241,0.33235,0.018049998495834812,-0.4919500015041652,0.51,False,Bittrex,Kraken
01-09-2021_19-12-33,BCH/USD,100,570.52,568.0,0.44170230666759835,-0.30829769333240165,0.75,False,Coinbase Pro,Bittrex
01-09-2021_19-12-33,BTC/USD,100,40598.63,40563.019,0.08771478249388501,-0.262285217506115,0.35,False,Binance US,Bittrex
01-09-2021_19-12-34,ETH/USD,100,1295.531,1295.08,0.03481198057013085,-0.47518801942986916,0.51,False,Bittrex,Kraken
01-09-2021_19-12-34,XRP/USD,100,0.33241,0.3323,0.03309166390902771,-0.7169083360909723,0.75,False,Bittrex,Coinbase Pro
01-09-2021_19-12-35,BCH/USD,100,570.72,568.0,0.47659097280628454,-0.27340902719371546,0.75,False,Coinbase Pro,Bittrex
01-09-2021_19-12-35,BTC/USD,100,40593.4,40563.019,0.07484221572965363,-0.43515778427034635,0.51,False,Kraken,Bittrex
01-09-2021_19-12-36,ETH/USD,100,1295.67,1295.08,0.04553628624573738,-0.21454371375426265,0.26008000000000003,False,Kraken,Binance US
01-09-2021_19-12-36,XRP/USD,100,0.3324,0.33214,0.07821901323705852,-0.2817809867629415,0.36,False,Binance US,Kraken
01-09-2021_19-12-37,BCH/USD,100,570.63,568.0,0.46089409950405613,-0.28910590049594387,0.75,False,Coinbase Pro,Bittrex
01-09-2021_19-12-37,BTC/USD,100,40593.4,40563.019,0.07484221572965363,-0.43515778427034635,0.51,False,Kraken,Bittrex
01-09-2021_19-12-37,ETH/USD,100,1295.67,1295.08,0.04553628624573738,-0.21454371375426265,0.26008000000000003,False,Kraken,Binance US
01-09-2021_19-12-38,XRP/USD,100,0.3324,0.33221,0.05716004813476775,-0.45283995186523224,0.51,False,Bittrex,Kraken
01-09-2021_19-12-39,BCH/USD,100,570.45,568.0,0.42948549390832597,-0.32051450609167403,0.75,False,Coinbase Pro,Bittrex
01-09-2021_19-12-40,BTC/USD,100,40600.0,40570.966,0.0715123152709351,-0.4384876847290649,0.51,False,Kraken,Bittrex
01-09-2021_19-12-40,ETH/USD,100,1295.522,1295.07,0.03488941137240419,-0.21519058862759582,0.25008,False,Bittrex,Binance US
01-09-2021_19-12-40,XRP/USD,100,0.3324,0.33198,0.1263537906137112,-0.6336461793862888,0.75999997,False,Coinbase Pro,Kraken
01-09-2021_19-12-41,BCH/USD,100,570.78,568.0,0.4870528049335949,-0.2629471950664051,0.75,False,Coinbase Pro,Bittrex
01-09-2021_19-12-41,BTC/USD,100,40597.0,40570.96,0.06414267064068989,-0.4458573293593101,0.51,False,Kraken,Bittrex
01-09-2021_19-12-42,ETH/USD,100,1295.522,1295.07,0.03488941137240419,-0.21519058862759582,0.25008,False,Bittrex,Binance US
01-09-2021_19-12-42,XRP/USD,100,0.3325,0.33224,0.07819548872181592,-0.28180448127818414,0.35999997000000006,False,Binance US,Kraken
01-09-2021_19-12-42,BCH/USD,100,570.78,568.0,0.4870528049335949,-0.2629471950664051,0.75,False,Coinbase Pro,Bittrex
01-09-2021_19-12-43,BTC/USD,100,40597.0,40570.96,0.06414267064068989,-0.4458573293593101,0.51,False,Kraken,Bittrex
01-09-2021_19-12-43,ETH/USD,100,1295.515,1295.07,0.034349274226864505,-0.2157307257731355,0.25008,False,Bittrex,Binance US
01-09-2021_19-12-43,XRP/USD,100,0.3325,0.33224,0.07819548872181592,-0.28180448127818414,0.35999997000000006,False,Binance US,Kraken
01-09-2021_19-12-44,BCH/USD,100,570.37,568.0,0.41551975033750105,-0.33448024966249895,0.75,False,Coinbase Pro,Bittrex
01-09-2021_19-12-44,BTC/USD,100,40597.0,40570.96,0.06414267064068989,-0.4458573293593101,0.51,False,Kraken,Bittrex
01-09-2021_19-12-45,ETH/USD,100,1295.515,1294.91,0.04669957507246293,-0.7033004249275371,0.75,False,Bittrex,Coinbase Pro
01-09-2021_19-12-45,XRP/USD,100,0.3325,0.33213,0.11127819548873291,-0.24872180451126708,0.36,False,Binance US,Kraken
01-09-2021_19-12-45,BCH/USD,100,570.37,568.0,0.41551975033750105,-0.33448024966249895,0.75,False,Coinbase Pro,Bittrex
01-09-2021_19-12-46,BTC/USD,100,40593.7,40558.281,0.08725245543026237,-0.4217475445697376,0.509,False,Kraken,Bittrex
01-09-2021_19-12-46,ETH/USD,100,1294.91,1294.4,0.03938497656207697,-0.710615023437923,0.75,False,Coinbase Pro,Bittrex
01-09-2021_19-12-46,XRP/USD,100,0.3325,0.33213,0.11127819548873291,-0.24872180451126708,0.36,False,Binance US,Kraken
01-09-2021_19-12-47,BCH/USD,100,570.34,568.0,0.41028158642213974,-0.33971841357786026,0.75,False,Coinbase Pro,Bittrex
01-09-2021_19-12-47,BTC/USD,100,40593.7,40558.28,0.08725491886671641,-0.4227450811332836,0.51,False,Kraken,Bittrex
01-09-2021_19-12-47,ETH/USD,100,1294.83,1294.4,0.033208992686285944,-0.316791007313714,0.35,False,Binance US,Bittrex
01-09-2021_19-12-48,XRP/USD,100,0.3325,0.33213,0.11127819548873291,-0.24872180451126708,0.36,False,Binance US,Kraken
01-09-2021_19-12-48,BCH/USD,100,570.34,568.0,0.41028158642213974,-0.33971841357786026,0.75,False,Coinbase Pro,Bittrex
01-09-2021_19-12-49,BTC/USD,100,40583.0,40558.28,0.06091220461769994,-0.4490877953823001,0.51,False,Kraken,Bittrex
01-09-2021_19-12-49,ETH/USD,100,1294.83,1294.393,0.03374960419513744,-0.3162503958048625,0.35,False,Binance US,Bittrex
01-09-2021_19-12-49,XRP/USD,100,0.3325,0.33213,0.11127819548873291,-0.24872180451126708,0.36,False,Binance US,Kraken
01-09-2021_19-12-50,BCH/USD,100,570.71,568.0,0.47484712025372544,-0.27515287974627456,0.75,False,Coinbase Pro,Bittrex
01-09-2021_19-12-51,BTC/USD,100,40583.0,40558.28,0.06091220461769994,-0.4490877953823001,0.51,False,Kraken,Bittrex
01-09-2021_19-12-52,ETH/USD,100,1294.83,1294.389,0.03405852505734583,-0.3159414749426541,0.35,False,Binance US,Bittrex
01-09-2021_19-12-52,XRP/USD,100,0.3325,0.33209,0.12330827067669817,-0.23669172932330182,0.36,False,Binance US,Kraken
01-09-2021_19-12-53,BCH/USD,100,570.61,568.0,0.45740523299626956,-0.29259476700373044,0.75,False,Coinbase Pro,Bittrex
01-09-2021_19-12-53,BTC/USD,100,40584.7,40558.28,0.06509842379024178,-0.44490157620975823,0.51,False,Kraken,Bittrex
01-09-2021_19-12-54,ETH/USD,100,1294.69,1294.23,0.03552974071013419,-0.46455025928986576,0.50008,False,Coinbase Pro,Binance US
01-09-2021_19-12-54,XRP/USD,100,0.3325,0.33214,0.10827067669173743,-0.2517293233082626,0.36,False,Binance US,Kraken
01-09-2021_19-12-54,BCH/USD,100,570.61,568.0,0.45740523299626956,-0.29259476700373044,0.75,False,Coinbase Pro,Bittrex
01-09-2021_19-12-55,BTC/USD,100,40584.4,40558.281,0.06435724071317743,-0.44464275928682256,0.509,False,Kraken,Bittrex
01-09-2021_19-12-55,ETH/USD,100,1294.62,1294.23,0.03012466978726365,-0.46995533021273633,0.50008,False,Coinbase Pro,Binance US
01-09-2021_19-12-56,XRP/USD,100,0.3325,0.33211,0.1172932330827072,-0.2427067669172928,0.36,False,Binance US,Kraken
01-09-2021_19-12-56,BCH/USD,100,570.78,568.0,0.4870528049335949,-0.2629471950664051,0.75,False,Coinbase Pro,Bittrex
01-09-2021_19-12-57,BTC/USD,100,40584.4,40558.281,0.06435724071317743,-0.44464275928682256,0.509,False,Kraken,Bittrex
01-09-2021_19-12-57,ETH/USD,100,1294.91,1294.23,0.052513302082775146,-0.4475666979172248,0.50008,False,Coinbase Pro,Binance US
01-09-2021_19-12-58,XRP/USD,100,0.3325,0.33211,0.1172932330827072,-0.2427067669172928,0.36,False,Binance US,Kraken
01-09-2021_19-12-58,BCH/USD,100,571.13,568.0,0.5480363489923477,-0.20196365100765235,0.75,False,Coinbase Pro,Bittrex
01-09-2021_19-12-59,BTC/USD,100,40599.9,40582.35,0.043226707454951635,-0.7167732925450484,0.76,False,Kraken,Coinbase Pro
01-09-2021_19-12-59,ETH/USD,100,1294.93,1294.22,0.05482921856780184,-0.44525078143219815,0.50008,False,Coinbase Pro,Binance US
01-09-2021_19-13-00,XRP/USD,100,0.33299,0.33218,0.24325054806451632,-0.2667494219354837,0.50999997,False,Bittrex,Kraken
01-09-2021_19-13-00,BCH/USD,100,571.13,568.0,0.5480363489923477,-0.20196365100765235,0.75,False,Coinbase Pro,Bittrex
01-09-2021_19-13-01,BTC/USD,100,40599.9,40566.818,0.08148295931763909,-0.4285170406823609,0.51,False,Kraken,Bittrex
01-09-2021_19-13-01,ETH/USD,100,1294.81,1294.22,0.04556653099681947,-0.4545134690031805,0.50008,False,Coinbase Pro,Binance US
01-09-2021_19-13-02,XRP/USD,100,0.33299,0.33224,0.22523198894862562,-0.28476798105137435,0.50999997,False,Bittrex,Kraken
01-09-2021_19-13-02,BCH/USD,100,571.61,568.0,0.6315494830391375,-0.1184505169608625,0.75,False,Coinbase Pro,Bittrex
01-09-2021_19-13-02,BTC/USD,100,40599.9,40566.818,0.08148295931763909,-0.4285170406823609,0.51,False,Kraken,Bittrex
01-09-2021_19-13-03,ETH/USD,100,1294.81,1294.22,0.04556653099681947,-0.4545134690031805,0.50008,False,Coinbase Pro,Binance US
01-09-2021_19-13-03,XRP/USD,100,0.33299,0.33224,0.22523198894862562,-0.28476798105137435,0.50999997,False,Bittrex,Kraken
01-09-2021_19-13-04,BCH/USD,100,572.03,568.0,0.7045085047986945,-0.045491495201305465,0.75,False,Coinbase Pro,Bittrex
01-09-2021_19-13-04,BTC/USD,100,40593.0,40566.818,0.06449880521272312,-0.4455011947872769,0.51,False,Kraken,Bittrex
01-09-2021_19-13-04,ETH/USD,100,1294.81,1294.22,0.04556653099681947,-0.4545134690031805,0.50008,False,Coinbase Pro,Binance US
01-09-2021_19-13-05,XRP/USD,100,0.33299,0.33215,0.25225982762245336,-0.25774017237754665,0.51,False,Bittrex,Kraken
01-09-2021_19-13-05,BCH/USD,100,572.03,568.0,0.7045085047986945,-0.045491495201305465,0.75,False,Coinbase Pro,Bittrex
01-09-2021_19-13-05,BTC/USD,100,40593.0,40566.817,0.06450126869163961,-0.4454987313083604,0.51,False,Kraken,Bittrex
01-09-2021_19-13-06,ETH/USD,100,1294.81,1294.22,0.04556653099681947,-0.4545134690031805,0.50008,False,Coinbase Pro,Binance US
01-09-2021_19-13-06,XRP/USD,100,0.33299,0.33215,0.25225982762245336,-0.25774017237754665,0.51,False,Bittrex,Kraken
01-09-2021_19-13-06,BCH/USD,100,570.96,568.0,0.5184251085890494,-0.23157489141095056,0.75,False,Coinbase Pro,Bittrex
01-09-2021_19-13-07,BTC/USD,100,40593.0,40566.817,0.06450126869163961,-0.4454987313083604,0.51,False,Kraken,Bittrex
01-09-2021_19-13-07,ETH/USD,100,1294.81,1294.22,0.04556653099681947,-0.4545134690031805,0.50008,False,Coinbase Pro,Binance US
01-09-2021_19-13-07,XRP/USD,100,0.33299,0.33216,0.24925673443646879,-0.2607432355635312,0.50999997,False,Bittrex,Kraken
01-09-2021_19-13-08,BCH/USD,100,570.96,568.0,0.5184251085890494,-0.23157489141095056,0.75,False,Coinbase Pro,Bittrex
01-09-2021_19-13-08,BTC/USD,100,40593.0,40579.62,0.03296134801566127,-0.7270386519843387,0.76,False,Kraken,Coinbase Pro
01-09-2021_19-13-09,ETH/USD,100,1294.81,1294.22,0.04556653099681947,-0.4545134690031805,0.50008,False,Coinbase Pro,Binance US
01-09-2021_19-13-09,XRP/USD,100,0.33299,0.33216,0.24925673443646879,-0.2607432355635312,0.50999997,False,Bittrex,Kraken
01-09-2021_19-13-09,BCH/USD,100,570.96,568.0,0.5184251085890494,-0.23157489141095056,0.75,False,Coinbase Pro,Bittrex
01-09-2021_19-13-10,BTC/USD,100,40593.0,40565.133,0.06864976720123758,-0.4413502327987624,0.51,False,Kraken,Bittrex
01-09-2021_19-13-10,ETH/USD,100,1294.81,1294.21,0.046338845081510725,-0.45374115491848926,0.50008,False,Coinbase Pro,Binance US
01-09-2021_19-13-11,XRP/USD,100,0.33299,0.33198,0.3033124117841409,-0.20668755821585905,0.50999997,False,Bittrex,Kraken
01-09-2021_19-13-11,BCH/USD,100,570.94,568.0,0.5149402739342233,-0.23505972606577674,0.75,False,Coinbase Pro,Bittrex
01-09-2021_19-13-12,BTC/USD,100,40593.0,40565.133,0.06864976720123758,-0.4413502327987624,0.51,False,Kraken,Bittrex
01-09-2021_19-13-12,ETH/USD,100,1294.357,1293.91,0.03453452177412329,-0.7154654782258767,0.75,False,Bittrex,Coinbase Pro
01-09-2021_19-13-13,XRP/USD,100,0.3322,0.33198,0.0662251655629133,-0.29377480443708676,0.35999997000000006,False,Binance US,Kraken
01-09-2021_19-13-13,BCH/USD,100,572.0,568.0,0.6993006993006993,-0.05069930069930073,0.75,False,Coinbase Pro,Bittrex
01-09-2021_19-13-14,BTC/USD,100,40593.0,40550.19,0.10546153277658137,-0.40453846722341863,0.51,False,Kraken,Bittrex
01-09-2021_19-13-14,ETH/USD,100,1294.4,1294.03,0.0285846724351142,-0.7314153275648858,0.76,False,Coinbase Pro,Kraken
01-09-2021_19-13-14,XRP/USD,100,0.3321,0.33195,0.04516711833784507,-0.7148328516621549,0.75999997,False,Coinbase Pro,Kraken
01-09-2021_19-13-15,BCH/USD,100,572.08,568.0,0.7131869668577893,-0.03681303314221074,0.75,False,Coinbase Pro,Bittrex
01-09-2021_19-13-16,BTC/USD,100,40593.0,40576.165,0.04147266770132566,-0.4685273322986743,0.51,False,Kraken,Bittrex
01-09-2021_19-13-16,ETH/USD,100,1294.353,1293.95,0.031135246721722746,-0.21894475327827728,0.25008,False,Bittrex,Binance US
01-09-2021_19-13-16,XRP/USD,100,0.3321,0.33194,0.04817825956037142,-0.31182174043962857,0.36,False,Binance US,Kraken
01-09-2021_19-13-17,BCH/USD,100,572.22,568.0,0.7374785921498772,-0.01252140785012279,0.75,False,Coinbase Pro,Bittrex
01-09-2021_19-13-17,BTC/USD,100,40593.0,40560.665,0.07965659103786152,-0.4293434089621385,0.509,False,Kraken,Bittrex
01-09-2021_19-13-18,ETH/USD,100,1294.35,1292.0,0.18155831112140527,-0.3284416888785947,0.51,False,Bittrex,Kraken
01-09-2021_19-13-18,XRP/USD,100,0.3321,0.33178,0.09635651912074283,-0.2636434508792572,0.35999997000000006,False,Binance US,Kraken
01-09-2021_19-13-18,BCH/USD,100,572.22,568.0,0.7374785921498772,-0.01252140785012279,0.75,False,Coinbase Pro,Bittrex
01-09-2021_19-13-19,BTC/USD,100,40593.0,40550.56,0.10455004557436585,-0.6554499544256341,0.76,False,Kraken,Coinbase Pro
01-09-2021_19-13-19,ETH/USD,100,1294.35,1292.0,0.18155831112140527,-0.3284416888785947,0.51,False,Bittrex,Kraken
01-09-2021_19-13-20,XRP/USD,100,0.3321,0.3316,0.15055706112616696,-0.449442938873833,0.6,False,Binance US,Coinbase Pro
01-09-2021_19-13-20,BCH/USD,100,571.93,568.0,0.6871470284824979,-0.06285297151750213,0.75,False,Coinbase Pro,Bittrex
01-09-2021_19-13-21,BTC/USD,100,40566.5,40537.05,0.07259684715219969,-0.6874031528478003,0.76,False,Kraken,Coinbase Pro
01-09-2021_19-13-21,ETH/USD,100,1294.347,1292.0,0.18132695482741334,-0.32867304517258666,0.51,False,Bittrex,Kraken
01-09-2021_19-13-21,XRP/USD,100,0.3321,0.3316,0.15055706112616696,-0.449442938873833,0.6,False,Binance US,Coinbase Pro
01-09-2021_19-13-22,BCH/USD,100,572.24,568.0,0.7409478540472545,-0.009052145952745505,0.75,False,Coinbase Pro,Bittrex
01-09-2021_19-13-22,BTC/USD,100,40566.5,40533.347,0.08172506871432937,-0.4282749312856706,0.51,False,Kraken,Bittrex
01-09-2021_19-13-22,ETH/USD,100,1294.347,1292.0,0.18132695482741334,-0.32867304517258666,0.51,False,Bittrex,Kraken
01-09-2021_19-13-23,XRP/USD,100,0.332,0.3316,0.12048192771084681,-0.6295180722891531,0.75,False,Bittrex,Coinbase Pro
01-09-2021_19-13-23,BCH/USD,100,572.24,568.0,0.7409478540472545,-0.009052145952745505,0.75,False,Coinbase Pro,Bittrex
01-09-2021_19-13-24,BTC/USD,100,40566.5,40519.843,0.11501361961223976,-0.39498638038776024,0.51,False,Kraken,Bittrex
01-09-2021_19-13-24,ETH/USD,100,1293.27,1292.0,0.09820068508509297,-0.26179931491490704,0.36,False,Binance US,Kraken
01-09-2021_19-13-25,XRP/USD,100,0.33169,0.33152,0.051252675691158454,-0.4587473243088416,0.51,False,Kraken,Bittrex
01-09-2021_19-13-25,BCH/USD,100,572.09,568.0,0.7149224772326087,-0.03507752276739129,0.75,False,Coinbase Pro,Bittrex
01-09-2021_19-13-26,BTC/USD,100,40568.18,40519.843,0.11915003335126084,-0.23084996664873914,0.35,False,Binance US,Bittrex
01-09-2021_19-13-27,ETH/USD,100,1293.51,1292.0,0.11673663133644047,-0.6432633686635596,0.76,False,Coinbase Pro,Kraken
01-09-2021_19-13-27,XRP/USD,100,0.332,0.33153,0.14156626506024877,-0.3684337049397512,0.50999997,False,Bittrex,Kraken
01-09-2021_19-13-27,BCH/USD,100,573.56,568.0,0.9693841969453842,0.21938419694538425,0.75,True,Coinbase Pro,Bittrex
01-09-2021_19-13-28,BTC/USD,100,40576.85,40554.162,0.05591365519995249,-0.29308634480004747,0.349,False,Binance US,Bittrex
01-09-2021_19-13-28,ETH/USD,100,1293.51,1292.0,0.11673663133644047,-0.6432633686635596,0.76,False,Coinbase Pro,Kraken
01-09-2021_19-13-28,XRP/USD,100,0.332,0.33153,0.14156626506024877,-0.3684337049397512,0.50999997,False,Bittrex,Kraken
01-09-2021_19-13-29,BCH/USD,100,573.69,568.0,0.9918248531436933,0.24182485314369329,0.75,True,Coinbase Pro,Bittrex
01-09-2021_19-13-30,BTC/USD,100,40581.5,40564.51,0.041866367679849095,-0.717873632320151,0.7597400000000001,False,Kraken,Coinbase Pro
01-09-2021_19-13-30,ETH/USD,100,1294.63,1292.92,0.13208407035214975,-0.6179159296478502,0.75,False,Coinbase Pro,Bittrex
01-09-2021_19-13-30,XRP/USD,100,0.332,0.33153,0.14156626506024877,-0.21843370493975128,0.35999997000000006,False,Binance US,Kraken
01-09-2021_19-13-31,BCH/USD,100,575.32,568.0,1.2723353959535648,0.5223353959535648,0.75,True,Coinbase Pro,Bittrex
01-09-2021_19-13-31,BTC/USD,100,40581.5,40547.289,0.08430196025283188,-0.4254380397471682,0.5097400000000001,False,Kraken,Bittrex
01-09-2021_19-13-31,ETH/USD,100,1294.3,1292.92,0.10662133972030301,-0.643378660279697,0.75,False,Coinbase Pro,Bittrex
01-09-2021_19-13-32,XRP/USD,100,0.332,0.33171,0.0873493975903652,-0.6726506024096348,0.76,False,Coinbase Pro,Kraken
01-09-2021_19-13-32,BCH/USD,100,575.32,568.0,1.2723353959535648,0.5223353959535648,0.75,True,Coinbase Pro,Bittrex
01-09-2021_19-13-32,BTC/USD,100,40581.6,40547.289,0.08454816961381886,-0.4254518303861812,0.51,False,Kraken,Bittrex
01-09-2021_19-13-33,ETH/USD,100,1294.33,1292.92,0.10893666993733088,-0.6410633300626691,0.75,False,Coinbase Pro,Bittrex
01-09-2021_19-13-33,XRP/USD,100,0.33204,0.33171,0.09938561619081947,-0.4106143838091805,0.51,False,Bittrex,Kraken
01-09-2021_19-13-33,BCH/USD,100,575.09,568.0,1.2328505103549066,0.48285051035490656,0.75,True,Coinbase Pro,Bittrex
01-09-2021_19-13-34,BTC/USD,100,40584.0,40547.27,0.09050364675735069,-0.41949635324264933,0.51,False,Kraken,Bittrex
01-09-2021_19-13-35,ETH/USD,100,1293.98,1292.92,0.08191780398460143,-0.6680821960153985,0.75,False,Coinbase Pro,Bittrex
01-09-2021_19-13-35,XRP/USD,100,0.3321,0.33194,0.04817825956037142,-0.7118217404396285,0.76,False,Coinbase Pro,Kraken
01-09-2021_19-13-35,BCH/USD,100,575.04,568.0,1.224262659988864,0.47426265998886397,0.75,True,Coinbase Pro,Bittrex
01-09-2021_19-13-36,BTC/USD,100,40584.0,40547.27,0.09050364675735069,-0.41949635324264933,0.51,False,Kraken,Bittrex
01-09-2021_19-13-36,ETH/USD,100,1293.98,1292.919,0.08199508493175489,-0.6680049150682451,0.75,False,Coinbase Pro,Bittrex
01-09-2021_19-13-36,XRP/USD,100,0.3321,0.33194,0.04817825956037142,-0.7118217404396285,0.76,False,Coinbase Pro,Kraken
01-09-2021_19-13-37,BCH/USD,100,574.84,568.0,1.1898963189757206,0.43989631897572057,0.75,True,Coinbase Pro,Bittrex
01-09-2021_19-13-37,BTC/USD,100,40584.0,40546.4,0.0926473487088472,-0.41735265129115284,0.51,False,Kraken,Bittrex
01-09-2021_19-13-37,ETH/USD,100,1293.87,1292.919,0.0735004289457051,-0.6764995710542949,0.75,False,Coinbase Pro,Bittrex
01-09-2021_19-13-38,XRP/USD,100,0.33204,0.33177,0.0813155041561235,-0.4286844958438765,0.51,False,Bittrex,Kraken
01-09-2021_19-13-38,BCH/USD,100,574.84,568.0,1.1898963189757206,0.43989631897572057,0.75,True,Coinbase Pro,Bittrex
01-09-2021_19-13-38,BTC/USD,100,40581.7,40546.4,0.08698502034167035,-0.4230149796583297,0.51,False,Kraken,Bittrex
01-09-2021_19-13-39,ETH/USD,100,1293.69,1292.92,0.05951966854501324,-0.4504803314549868,0.51,False,Kraken,Bittrex
01-09-2021_19-13-39,XRP/USD,100,0.33204,0.33177,0.0813155041561235,-0.4286844958438765,0.51,False,Bittrex,Kraken
01-09-2021_19-13-39,BCH/USD,100,573.36,568.0,0.9348402399888401,0.18484023998884014,0.75,True,Coinbase Pro,Bittrex
01-09-2021_19-13-40,BTC/USD,100,40581.6,40539.69,0.10327340469571486,-0.4067265953042851,0.51,False,Kraken,Bittrex
01-09-2021_19-13-40,ETH/USD,100,1293.42,1292.92,0.03865720338327844,-0.7113427966167216,0.75,False,Coinbase Pro,Bittrex
01-09-2021_19-13-41,XRP/USD,100,0.33204,0.3317,0.10239730152993824,-0.6476026984700618,0.75,False,Bittrex,Coinbase Pro
01-09-2021_19-13-41,BCH/USD,100,573.17,568.0,0.9020011514908246,0.1520011514908246,0.75,True,Coinbase Pro,Bittrex
01-09-2021_19-13-41,BTC/USD,100,40566.3,40539.69,0.06559632009821104,-0.444403679901789,0.51,False,Kraken,Bittrex
01-09-2021_19-13-42,ETH/USD,100,1293.39,1292.915,0.0367251950301252,-0.31327480496987475,0.35,False,Binance US,Bittrex
01-09-2021_19-13-42,XRP/USD,100,0.33203,0.3317,0.09938860946299942,-0.6506113905370006,0.75,False,Bittrex,Coinbase Pro
01-09-2021_19-13-43,BCH/USD,100,573.48,568.0,0.9555695054753466,0.20556950547534658,0.75,True,Coinbase Pro,Bittrex
01-09-2021_19-13-43,BTC/USD,100,40566.3,40521.37,0.11075695836199084,-0.39924304163800917,0.51,False,Kraken,Bittrex
01-09-2021_19-13-43,ETH/USD,100,1293.47,1292.915,0.04290783705846008,-0.7070921629415399,0.75,False,Coinbase Pro,Bittrex
01-09-2021_19-13-44,XRP/USD,100,0.33203,0.3317,0.09938860946299942,-0.6506113905370006,0.75,False,Bittrex,Coinbase Pro
01-09-2021_19-13-44,BCH/USD,100,573.48,568.0,0.9555695054753466,0.20556950547534658,0.75,True,Coinbase Pro,Bittrex
01-09-2021_19-13-45,BTC/USD,100,40566.3,40521.349,0.11080872546917252,-0.3991912745308275,0.51,False,Kraken,Bittrex
01-09-2021_19-13-45,ETH/USD,100,1293.33,1292.911,0.03239699071388347,-0.7176030092861165,0.75,False,Coinbase Pro,Bittrex
01-09-2021_19-13-45,XRP/USD,100,0.33203,0.3317,0.09938860946299942,-0.6506113905370006,0.75,False,Bittrex,Coinbase Pro
01-09-2021_19-13-45,BCH/USD,100,572.31,568.0,0.7530883612028352,0.003088361202835177,0.75,True,Coinbase Pro,Bittrex
01-09-2021_19-13-46,BTC/USD,100,40566.3,40521.349,0.11080872546917252,-0.3991912745308275,0.51,False,Kraken,Bittrex
01-09-2021_19-13-46,ETH/USD,100,1293.39,1292.911,0.037034459830371486,-0.3129655401696285,0.35,False,Binance US,Bittrex
01-09-2021_19-13-47,XRP/USD,100,0.332,0.3316,0.12048192771084681,-0.47951807228915316,0.6,False,Binance US,Coinbase Pro
01-09-2021_19-13-48,BCH/USD,100,573.73,568.0,0.9987276244923602,0.2487276244923602,0.75,True,Coinbase Pro,Bittrex
01-09-2021_19-13-48,BTC/USD,100,40566.3,40521.34,0.1108309113722632,-0.3991690886277368,0.51,False,Kraken,Bittrex
01-09-2021_19-13-49,ETH/USD,100,1293.75,1292.92,0.06415458937197505,-0.685845410628025,0.75,False,Coinbase Pro,Bittrex
01-09-2021_19-13-49,XRP/USD,100,0.332,0.33157,0.12951807228916912,-0.23048189771083094,0.35999997000000006,False,Binance US,Kraken
01-09-2021_19-13-51,BCH/USD,100,572.9,568.0,0.8552976086577025,0.10529760865770255,0.75,True,Coinbase Pro,Bittrex
01-09-2021_19-13-51,BTC/USD,100,40568.9,40521.34,0.11723265851429285,-0.23276734148570713,0.35,False,Binance US,Bittrex
01-09-2021_19-13-51,ETH/USD,100,1293.75,1292.918,0.06430917874396964,-0.6856908212560303,0.75,False,Coinbase Pro,Bittrex
01-09-2021_19-13-52,XRP/USD,100,0.332,0.33154,0.13855421686747468,-0.2214457831325253,0.36,False,Binance US,Kraken
01-09-2021_19-13-53,BCH/USD,100,572.6,568.0,0.8033531260915163,0.05335312609151632,0.75,True,Coinbase Pro,Bittrex
01-09-2021_19-13-53,BTC/USD,100,40581.17,40535.36,0.11288486753831316,-0.2371151324616868,0.35,False,Binance US,Bittrex
01-09-2021_19-13-54,ETH/USD,100,1293.76,1292.918,0.0650816225575144,-0.6849183774424856,0.75,False,Coinbase Pro,Bittrex
01-09-2021_19-13-54,XRP/USD,100,0.332,0.3318,0.06024096385543177,-0.5397590361445682,0.6,False,Binance US,Coinbase Pro
01-09-2021_19-13-54,BCH/USD,100,572.6,568.0,0.8033531260915163,0.05335312609151632,0.75,True,Coinbase Pro,Bittrex
01-09-2021_19-13-55,BTC/USD,100,40579.8,40535.37,0.10948797184806305,-0.400512028151937,0.51,False,Kraken,Bittrex
01-09-2021_19-13-55,ETH/USD,100,1293.71,1292.918,0.06121928407449457,-0.6887807159255054,0.75,False,Coinbase Pro,Bittrex
01-09-2021_19-13-56,XRP/USD,100,0.332,0.33183,0.05120481927710948,-0.3087951807228905,0.36,False,Binance US,Kraken
01-09-2021_19-13-56,BCH/USD,100,572.71,568.0,0.8224057550942075,0.07240575509420755,0.75,True,Coinbase Pro,Bittrex
01-09-2021_19-13-57,BTC/USD,100,40579.6,40535.37,0.10899565298819094,-0.4010043470118091,0.51,False,Kraken,Bittrex
01-09-2021_19-13-57,ETH/USD,100,1294.297,1293.36,0.07239451223329155,-0.4376054877667085,0.51,False,Bittrex,Kraken
01-09-2021_19-13-58,XRP/USD,100,0.332,0.3318,0.06024096385543177,-0.5397590361445682,0.6,False,Binance US,Coinbase Pro
01-09-2021_19-13-58,BCH/USD,100,572.53,568.0,0.7912249139783021,0.04122491397830208,0.75,True,Coinbase Pro,Bittrex
01-09-2021_19-13-59,BTC/USD,100,40579.6,40527.278,0.1289367071139196,-0.38106329288608043,0.51,False,Kraken,Bittrex
01-09-2021_19-14-00,ETH/USD,100,1294.292,1293.62,0.05192027764986769,-0.45805372235013225,0.5099739999999999,False,Bittrex,Kraken
01-09-2021_19-14-00,XRP/USD,100,0.3321,0.3318,0.09033423667570685,-0.6596657633242932,0.75,False,Bittrex,Coinbase Pro
01-09-2021_19-14-01,BCH/USD,100,573.07,568.0,0.8847086743329872,0.13470867433298717,0.75,True,Coinbase Pro,Bittrex
01-09-2021_19-14-01,BTC/USD,100,40581.7,40527.277,0.13410724538399138,-0.37589275461600863,0.51,False,Kraken,Bittrex
01-09-2021_19-14-02,ETH/USD,100,1294.288,1293.5,0.06088289468804554,-0.4490911053119544,0.5099739999999999,False,Bittrex,Kraken
01-09-2021_19-14-02,XRP/USD,100,0.3321,0.33153,0.17163504968383467,-0.3383649203161653,0.50999997,False,Bittrex,Kraken
01-09-2021_19-14-02,BCH/USD,100,573.07,568.0,0.8847086743329872,0.13470867433298717,0.75,True,Coinbase Pro,Bittrex
01-09-2021_19-14-03,BTC/USD,100,40581.7,40535.811,0.11307806227929235,-0.39692193772070766,0.51,False,Kraken,Bittrex
01-09-2021_19-14-03,ETH/USD,100,1294.284,1293.5,0.060574031665392256,-0.44939996833460766,0.5099739999999999,False,Bittrex,Kraken
01-09-2021_19-14-04,XRP/USD,100,0.3321,0.3314,0.21077988557664376,-0.5392201144233563,0.75,False,Bittrex,Coinbase Pro
01-09-2021_19-14-04,BCH/USD,100,572.21,568.0,0.7357438702574293,-0.014256129742570733,0.75,False,Coinbase Pro,Bittrex
01-09-2021_19-14-04,BTC/USD,100,40581.7,40535.811,0.11307806227929235,-0.39692193772070766,0.51,False,Kraken,Bittrex
01-09-2021_19-14-05,ETH/USD,100,1294.284,1293.48,0.062119287575222074,-0.44788071242477795,0.51,False,Bittrex,Kraken
01-09-2021_19-14-05,XRP/USD,100,0.33177,0.3314,0.11152304307201885,-0.6384769569279811,0.75,False,Bittrex,Coinbase Pro
01-09-2021_19-14-05,BCH/USD,100,572.5,568.0,0.7860262008733624,0.03602620087336239,0.75,True,Coinbase Pro,Bittrex
01-09-2021_19-14-06,BTC/USD,100,40581.7,40535.811,0.11307806227929235,-0.39692193772070766,0.51,False,Kraken,Bittrex
01-09-2021_19-14-06,ETH/USD,100,1294.28,1293.47,0.06258305776184021,-0.6874169422381597,0.75,False,Bittrex,Coinbase Pro
01-09-2021_19-14-06,XRP/USD,100,0.33177,0.3315,0.08138168007957093,-0.6686183199204291,0.75,False,Bittrex,Coinbase Pro
01-09-2021_19-14-07,BCH/USD,100,572.34,568.0,0.7582905266100625,0.008290526610062465,0.75,True,Coinbase Pro,Bittrex
01-09-2021_19-14-07,BTC/USD,100,40581.0,40535.811,0.11135506764248905,-0.398644932357511,0.51,False,Kraken,Bittrex
01-09-2021_19-14-07,ETH/USD,100,1294.28,1293.47,0.06258305776184021,-0.6874169422381597,0.75,False,Bittrex,Coinbase Pro
01-09-2021_19-14-08,XRP/USD,100,0.33176,0.3315,0.07836990595610756,-0.6716200940438923,0.7499899999999999,False,Bittrex,Coinbase Pro
01-09-2021_19-14-08,BCH/USD,100,572.34,568.0,0.7582905266100625,0.008290526610062465,0.75,True,Coinbase Pro,Bittrex
01-09-2021_19-14-09,BTC/USD,100,40580.9,40535.811,0.11110892069914649,-0.39889107930085355,0.51,False,Kraken,Bittrex
01-09-2021_19-14-09,ETH/USD,100,1294.276,1293.5,0.05995629989276378,-0.45001770010723613,0.5099739999999999,False,Bittrex,Kraken
01-09-2021_19-14-09,XRP/USD,100,0.33176,0.3315,0.07836990595610756,-0.6716200940438923,0.7499899999999999,False,Bittrex,Coinbase Pro
01-09-2021_19-14-10,BCH/USD,100,572.62,568.0,0.8068177849184458,0.0568177849184458,0.75,True,Coinbase Pro,Bittrex
01-09-2021_19-14-10,BTC/USD,100,40581.16,40535.37,0.11283561140194333,-0.23716438859805666,0.35,False,Binance US,Bittrex
01-09-2021_19-14-10,ETH/USD,100,1294.276,1293.5,0.05995629989276378,-0.45001770010723613,0.5099739999999999,False,Bittrex,Kraken
01-09-2021_19-14-11,XRP/USD,100,0.33176,0.3313,0.1386544489992814,-0.6113355510007186,0.7499899999999999,False,Bittrex,Coinbase Pro
01-09-2021_19-14-11,BCH/USD,100,572.62,568.0,0.8068177849184458,0.0568177849184458,0.75,True,Coinbase Pro,Bittrex
01-09-2021_19-14-12,BTC/USD,100,40579.6,40535.37,0.10899565298819094,-0.4010043470118091,0.51,False,Kraken,Bittrex
01-09-2021_19-14-12,ETH/USD,100,1294.272,1293.29,0.07587276862977574,-0.43412723137022424,0.51,False,Bittrex,Kraken
01-09-2021_19-14-12,XRP/USD,100,0.33176,0.3313,0.1386544489992814,-0.6113355510007186,0.7499899999999999,False,Bittrex,Coinbase Pro
01-09-2021_19-14-13,BCH/USD,100,572.53,568.0,0.7912249139783021,0.04122491397830208,0.75,True,Coinbase Pro,Bittrex
01-09-2021_19-14-13,BTC/USD,100,40579.6,40535.37,0.10899565298819094,-0.4010043470118091,0.51,False,Kraken,Bittrex
01-09-2021_19-14-13,ETH/USD,100,1294.272,1293.15,0.08668966028777905,-0.663310339712221,0.75,False,Bittrex,Coinbase Pro
01-09-2021_19-14-14,XRP/USD,100,0.33176,0.3313,0.1386544489992814,-0.6113355510007186,0.7499899999999999,False,Bittrex,Coinbase Pro
01-09-2021_19-14-15,BCH/USD,100,572.39,568.0,0.766959590489,0.016959590488999976,0.75,True,Coinbase Pro,Bittrex
01-09-2021_19-14-15,BTC/USD,100,40580.9,40535.37,0.11219563883501557,-0.3978043611649844,0.51,False,Kraken,Bittrex
01-09-2021_19-14-16,ETH/USD,100,1294.267,1292.89,0.10639226681974838,-0.14368773318025163,0.25008,False,Bittrex,Binance US
01-09-2021_19-14-16,XRP/USD,100,0.33176,0.3311,0.19893899204243848,-0.5510510079575615,0.7499899999999999,False,Bittrex,Coinbase Pro
01-09-2021_19-14-17,BCH/USD,100,572.15,568.0,0.725334265489815,-0.024665734510184945,0.75,False,Coinbase Pro,Bittrex
01-09-2021_19-14-17,BTC/USD,100,40580.8,40535.37,0.11194949335646485,-0.2380505066435351,0.35,False,Binance US,Bittrex
01-09-2021_19-14-18,ETH/USD,100,1294.267,1292.41,0.1434788957765261,-0.6065211042234739,0.75,False,Bittrex,Coinbase Pro
01-09-2021_19-14-18,XRP/USD,100,0.33151,0.3309,0.18400651564055365,-0.5659934843594463,0.75,False,Bittrex,Coinbase Pro
01-09-2021_19-14-19,BCH/USD,100,572.55,568.0,0.7946904200506427,0.04469042005064272,0.75,True,Coinbase Pro,Bittrex
01-09-2021_19-14-20,BTC/USD,100,40580.7,40535.37,0.11170334666478023,-0.3982966533352198,0.51,False,Kraken,Bittrex
01-09-2021_19-14-21,ETH/USD,100,1293.476,1292.1,0.10638001787433271,-0.6436199821256673,0.75,False,Bittrex,Coinbase Pro
01-09-2021_19-14-21,XRP/USD,100,0.33151,0.3309,0.18400651564055365,-0.5659934843594463,0.75,False,Bittrex,Coinbase Pro
01-09-2021_19-14-22,BCH/USD,100,572.1,568.0,0.7166579269358544,-0.033342073064145605,0.75,False,Coinbase Pro,Bittrex
01-09-2021_19-14-23,BTC/USD,100,40573.2,40529.065,0.10877870121162433,-0.40122129878837565,0.51,False,Kraken,Bittrex
01-09-2021_19-14-23,ETH/USD,100,1293.472,1292.02,0.11225600554167374,-0.6377439944583263,0.75,False,Bittrex,Coinbase Pro
01-09-2021_19-14-23,XRP/USD,100,0.33141,0.3309,0.1538879333755635,-0.5961120666244365,0.75,False,Bittrex,Coinbase Pro
01-09-2021_19-14-24,BCH/USD,100,572.55,568.0,0.7946904200506427,0.04469042005064272,0.75,True,Coinbase Pro,Bittrex
01-09-2021_19-14-24,BTC/USD,100,40573.2,40518.253,0.13542683347628515,-0.37457316652371486,0.51,False,Kraken,Bittrex
01-09-2021_19-14-25,ETH/USD,100,1293.472,1291.83,0.12694515227233777,-0.6230548477276623,0.75,False,Bittrex,Coinbase Pro
01-09-2021_19-14-25,XRP/USD,100,0.33141,0.3309,0.1538879333755635,-0.5961120666244365,0.75,False,Bittrex,Coinbase Pro
01-09-2021_19-14-25,BCH/USD,100,572.55,568.0,0.7946904200506427,0.04469042005064272,0.75,True,Coinbase Pro,Bittrex
01-09-2021_19-14-26,BTC/USD,100,40567.6,40506.75,0.1499965489701105,-0.3600034510298895,0.51,False,Kraken,Bittrex
01-09-2021_19-14-26,ETH/USD,100,1293.465,1291.83,0.12640465725783,-0.62359534274217,0.75,False,Bittrex,Coinbase Pro
01-09-2021_19-14-27,XRP/USD,100,0.33141,0.33104,0.11164418695874642,-0.39835581304125356,0.51,False,Bittrex,Kraken
01-09-2021_19-14-27,BCH/USD,100,572.44,568.0,0.7756271399622762,0.02562713996227617,0.75,True,Coinbase Pro,Bittrex
01-09-2021_19-14-28,BTC/USD,100,40565.4,40506.75,0.1445813427206473,-0.36541865727935274,0.51,False,Kraken,Bittrex
01-09-2021_19-14-28,ETH/USD,100,1293.462,1292.11,0.10452568378507363,-0.6444743162149263,0.749,False,Bittrex,Coinbase Pro
01-09-2021_19-14-29,XRP/USD,100,0.3314,0.3309,0.15087507543752113,-0.5991249245624789,0.75,False,Bittrex,Coinbase Pro
01-09-2021_19-14-29,BCH/USD,100,572.15,568.0,0.725334265489815,-0.024665734510184945,0.75,False,Coinbase Pro,Bittrex
01-09-2021_19-14-30,BTC/USD,100,40566.4,40535.37,0.07649187504929901,-0.433508124950701,0.51,False,Kraken,Bittrex
01-09-2021_19-14-30,ETH/USD,100,1293.458,1292.01,0.1119479720253841,-0.6380520279746159,0.75,False,Bittrex,Coinbase Pro
01-09-2021_19-14-30,XRP/USD,100,0.3313,0.3309,0.12073649260487652,-0.47926350739512347,0.6,False,Binance US,Coinbase Pro
01-09-2021_19-14-31,BCH/USD,100,572.09,568.0,0.7149224772326087,-0.03507752276739129,0.75,False,Coinbase Pro,Bittrex
01-09-2021_19-14-31,BTC/USD,100,40566.4,40512.042,0.13399759406799758,-0.3760024059320024,0.51,False,Kraken,Bittrex
01-09-2021_19-14-31,ETH/USD,100,1293.458,1291.91,0.11967918556304123,-0.6303208144369588,0.75,False,Bittrex,Coinbase Pro
01-09-2021_19-14-32,XRP/USD,100,0.33127,0.3309,0.11169136957768026,-0.6382986304223197,0.7499899999999999,False,Bittrex,Coinbase Pro
01-09-2021_19-14-32,BCH/USD,100,572.09,568.0,0.7149224772326087,-0.03507752276739129,0.75,False,Coinbase Pro,Bittrex
01-09-2021_19-14-33,BTC/USD,100,40558.98,40501.0,0.14295231290334026,-0.20704768709665972,0.35,False,Binance US,Bittrex
01-09-2021_19-14-33,ETH/USD,100,1293.456,1291.86,0.12339035885256273,-0.6266096411474372,0.75,False,Bittrex,Coinbase Pro
01-09-2021_19-14-33,XRP/USD,100,0.33127,0.3309,0.11169136957768026,-0.6382986304223197,0.7499899999999999,False,Bittrex,Coinbase Pro
01-09-2021_19-14-34,BCH/USD,100,572.35,568.0,0.7600244605573552,0.010024460557355175,0.75,True,Coinbase Pro,Bittrex
01-09-2021_19-14-34,BTC/USD,100,40557.25,40500.99,0.13871749194041025,-0.21128250805958973,0.35,False,Binance US,Bittrex
01-09-2021_19-14-35,ETH/USD,100,1293.456,1291.74,0.13266782944297253,-0.6173321705570275,0.75,False,Bittrex,Coinbase Pro
01-09-2021_19-14-35,XRP/USD,100,0.33126,0.3308,0.13886373241563002,-0.61113626758437,0.75,False,Bittrex,Coinbase Pro
01-09-2021_19-14-35,BCH/USD,100,572.35,568.0,0.7600244605573552,0.010024460557355175,0.75,True,Coinbase Pro,Bittrex
01-09-2021_19-14-36,BTC/USD,100,40558.98,40500.99,0.142976968355726,-0.207023031644274,0.35,False,Binance US,Bittrex
01-09-2021_19-14-37,ETH/USD,100,1293.45,1291.51,0.14998647029263246,-0.6000135297073675,0.75,False,Bittrex,Coinbase Pro
01-09-2021_19-14-37,XRP/USD,100,0.33126,0.3308,0.13886373241563002,-0.61113626758437,0.75,False,Bittrex,Coinbase Pro
01-09-2021_19-14-38,BCH/USD,100,571.82,568.0,0.6680423909621996,-0.08195760903780036,0.75,False,Coinbase Pro,Bittrex
01-09-2021_19-14-38,BTC/USD,100,40554.7,40500.999,0.13241621809554419,-0.37758378190445585,0.51,False,Kraken,Bittrex
01-09-2021_19-14-39,ETH/USD,100,1293.449,1291.25,0.17001056864244893,-0.5799894313575511,0.75,False,Bittrex,Coinbase Pro
01-09-2021_19-14-39,XRP/USD,100,0.3312,0.33082,0.11473429951690564,-0.24526570048309435,0.36,False,Binance US,Kraken
01-09-2021_19-14-40,BCH/USD,100,571.71,568.0,0.648930401777131,-0.10106959822286898,0.75,False,Coinbase Pro,Bittrex
01-09-2021_19-14-40,BTC/USD,100,40560.63,40500.999,0.1470169472219587,-0.20298305277804127,0.35,False,Binance US,Bittrex
01-09-2021_19-14-40,ETH/USD,100,1293.449,1291.25,0.17001056864244893,-0.5799894313575511,0.75,False,Bittrex,Coinbase Pro
01-09-2021_19-14-41,XRP/USD,100,0.3312,0.3309,0.09057971014491757,-0.5094202898550824,0.6,False,Binance US,Coinbase Pro
01-09-2021_19-14-41,BCH/USD,100,571.71,568.0,0.648930401777131,-0.10106959822286898,0.75,False,Coinbase Pro,Bittrex
01-09-2021_19-14-42,BTC/USD,100,40559.0,40500.999,0.14300401883674785,-0.36699598116325216,0.51,False,Kraken,Bittrex
01-09-2021_19-14-42,ETH/USD,100,1292.93,1291.17,0.13612492555668063,-0.6238750744433194,0.76,False,Kraken,Coinbase Pro
01-09-2021_19-14-43,XRP/USD,100,0.3312,0.3309,0.09057971014491757,-0.5094202898550824,0.6,False,Binance US,Coinbase Pro
01-09-2021_19-14-43,BCH/USD,100,571.65,568.0,0.638502580250149,-0.11149741974985095,0.75,False,Coinbase Pro,Bittrex
01-09-2021_19-14-43,BTC/USD,100,40559.0,40501.001,0.14299908774872022,-0.3670009122512798,0.51,False,Kraken,Bittrex
01-09-2021_19-14-44,ETH/USD,100,1292.436,1291.16,0.09872829292899919,-0.6512717070710008,0.75,False,Bittrex,Coinbase Pro
01-09-2021_19-14-45,XRP/USD,100,0.3312,0.3309,0.09057971014491757,-0.5094202898550824,0.6,False,Binance US,Coinbase Pro
01-09-2021_19-14-45,BCH/USD,100,571.87,568.0,0.6767272282162038,-0.07327277178379621,0.75,False,Coinbase Pro,Bittrex
01-09-2021_19-14-46,BTC/USD,100,40554.45,40501.001,0.13179564757998327,-0.2182043524200167,0.35,False,Binance US,Bittrex
01-09-2021_19-14-46,ETH/USD,100,1292.432,1291.16,0.09841910444804326,-0.6515808955519568,0.75,False,Bittrex,Coinbase Pro
01-09-2021_19-14-47,XRP/USD,100,0.3312,0.3308,0.12077294685990685,-0.4792270531400931,0.6,False,Binance US,Coinbase Pro
01-09-2021_19-14-47,BCH/USD,100,571.86,568.0,0.6749903822613951,-0.07500961773860493,0.75,False,Coinbase Pro,Bittrex
01-09-2021_19-14-48,BTC/USD,100,40559.42,40501.002,0.14403065921553573,-0.20596934078446424,0.35,False,Binance US,Bittrex
01-09-2021_19-14-48,ETH/USD,100,1292.428,1291.16,0.09810991405324157,-0.6518900859467585,0.75,False,Bittrex,Coinbase Pro
01-09-2021_19-14-49,XRP/USD,100,0.3312,0.3309,0.09057971014491757,-0.5094202898550824,0.6,False,Binance US,Coinbase Pro
01-09-2021_19-14-49,BCH/USD,100,572.13,568.0,0.7218639120479603,-0.0281360879520397,0.75,False,Coinbase Pro,Bittrex
01-09-2021_19-14-50,BTC/USD,100,40556.71,40501.002,0.13735828177383896,-0.21264171822616101,0.35,False,Binance US,Bittrex
01-09-2021_19-14-50,ETH/USD,100,1292.428,1291.24,0.09192001411297973,-0.6580799858870203,0.75,False,Bittrex,Coinbase Pro
01-09-2021_19-14-50,XRP/USD,100,0.3312,0.3309,0.09057971014491757,-0.5094202898550824,0.6,False,Binance US,Coinbase Pro
01-09-2021_19-14-51,BCH/USD,100,572.04,568.0,0.7062443185791141,-0.04375568142088593,0.75,False,Coinbase Pro,Bittrex
01-09-2021_19-14-51,BTC/USD,100,40556.71,40501.002,0.13735828177383896,-0.21264171822616101,0.35,False,Binance US,Bittrex
01-09-2021_19-14-51,ETH/USD,100,1292.428,1291.21,0.09424122659057792,-0.6557587734094221,0.75,False,Bittrex,Coinbase Pro
01-09-2021_19-14-52,XRP/USD,100,0.3312,0.3308,0.12077294685990685,-0.4792270531400931,0.6,False,Binance US,Coinbase Pro
01-09-2021_19-14-53,BCH/USD,100,572.04,568.0,0.7062443185791141,-0.04375568142088593,0.75,False,Coinbase Pro,Bittrex
01-09-2021_19-14-53,BTC/USD,100,40556.71,40501.002,0.13735828177383896,-0.21264171822616101,0.35,False,Binance US,Bittrex
01-09-2021_19-14-54,ETH/USD,100,1292.418,1291.28,0.08805200794169689,-0.6619479920583031,0.75,False,Bittrex,Coinbase Pro
01-09-2021_19-14-54,XRP/USD,100,0.3312,0.3308,0.12077294685990685,-0.4792270531400931,0.6,False,Binance US,Coinbase Pro
01-09-2021_19-14-54,BCH/USD,100,572.04,568.0,0.7062443185791141,-0.04375568142088593,0.75,False,Coinbase Pro,Bittrex
01-09-2021_19-14-55,BTC/USD,100,40556.71,40501.002,0.13735828177383896,-0.21264171822616101,0.35,False,Binance US,Bittrex
01-09-2021_19-14-55,ETH/USD,100,1292.41,1291.28,0.08743355436743054,-0.6625664456325695,0.75,False,Bittrex,Coinbase Pro
01-09-2021_19-14-56,XRP/USD,100,0.3312,0.3308,0.12077294685990685,-0.4792270531400931,0.6,False,Binance US,Coinbase Pro
01-09-2021_19-14-57,BCH/USD,100,572.25,568.0,0.7426823940585409,-0.007317605941459138,0.75,False,Coinbase Pro,Bittrex
01-09-2021_19-14-57,BTC/USD,100,40556.71,40501.002,0.13735828177383896,-0.21264171822616101,0.35,False,Binance US,Bittrex
01-09-2021_19-14-58,ETH/USD,100,1292.402,1291.24,0.08991010536969414,-0.6600898946303059,0.75,False,Bittrex,Coinbase Pro
01-09-2021_19-14-58,XRP/USD,100,0.3312,0.3308,0.12077294685990685,-0.4792270531400931,0.6,False,Binance US,Coinbase Pro
01-09-2021_19-14-58,BCH/USD,100,572.25,568.0,0.7426823940585409,-0.007317605941459138,0.75,False,Coinbase Pro,Bittrex
01-09-2021_19-14-59,BTC/USD,100,40556.71,40501.002,0.13735828177383896,-0.21264171822616101,0.35,False,Binance US,Bittrex
01-09-2021_19-14-59,ETH/USD,100,1292.401,1291.24,0.08983279957227347,-0.6591672004277265,0.749,False,Bittrex,Coinbase Pro
01-09-2021_19-15-00,XRP/USD,100,0.3312,0.331,0.06038647342994505,-0.5396135265700549,0.6,False,Binance US,Coinbase Pro
01-09-2021_19-15-00,BCH/USD,100,572.19,568.0,0.732274244569121,-0.017725755430878953,0.75,False,Coinbase Pro,Bittrex
01-09-2021_19-15-01,BTC/USD,100,40556.29,40501.002,0.13632410656892052,-0.21367589343107946,0.35,False,Binance US,Bittrex
01-09-2021_19-15-01,ETH/USD,100,1292.396,1291.24,0.08944626879067631,-0.6605537312093237,0.75,False,Bittrex,Coinbase Pro
01-09-2021_19-15-02,XRP/USD,100,0.33134,0.3309,0.13279410877044603,-0.6172058912295539,0.75,False,Bittrex,Coinbase Pro
01-09-2021_19-15-02,BCH/USD,100,572.36,568.0,0.7617583339157198,0.011758333915719787,0.75,True,Coinbase Pro,Bittrex
01-09-2021_19-15-03,BTC/USD,100,40556.29,40501.002,0.13632410656892052,-0.21367589343107946,0.35,False,Binance US,Bittrex
01-09-2021_19-15-03,ETH/USD,100,1292.385,1291.24,0.08859589054345121,-0.6614041094565488,0.75,False,Bittrex,Coinbase Pro
01-09-2021_19-15-04,XRP/USD,100,0.33134,0.3309,0.13279410877044603,-0.6172058912295539,0.75,False,Bittrex,Coinbase Pro
01-09-2021_19-15-04,BCH/USD,100,572.38,568.0,0.7652258988783668,0.015225898878366784,0.75,True,Coinbase Pro,Bittrex
01-09-2021_19-15-05,BTC/USD,100,40556.29,40501.002,0.13632410656892052,-0.21367589343107946,0.35,False,Binance US,Bittrex
01-09-2021_19-15-06,ETH/USD,100,1292.383,1290.0,0.18438806452886167,-0.3256119354711383,0.51,False,Bittrex,Kraken
01-09-2021_19-15-06,XRP/USD,100,0.33134,0.3307,0.1931550673024776,-0.5568449326975224,0.75,False,Bittrex,Coinbase Pro
01-09-2021_19-15-07,BCH/USD,100,572.1,568.0,0.7166579269358544,-0.033342073064145605,0.75,False,Coinbase Pro,Bittrex
01-09-2021_19-15-07,BTC/USD,100,40556.71,40501.002,0.13735828177383896,-0.21264171822616101,0.35,False,Binance US,Bittrex
01-09-2021_19-15-07,ETH/USD,100,1292.381,1290.0,0.18423359674895293,-0.3257664032510471,0.51,False,Bittrex,Kraken
01-09-2021_19-15-07,XRP/USD,100,0.33134,0.3307,0.1931550673024776,-0.5568449326975224,0.75,False,Bittrex,Coinbase Pro
01-09-2021_19-15-08,BCH/USD,100,572.1,568.0,0.7166579269358544,-0.033342073064145605,0.75,False,Coinbase Pro,Bittrex
01-09-2021_19-15-08,BTC/USD,100,40556.71,40501.002,0.13735828177383896,-0.21264171822616101,0.35,False,Binance US,Bittrex
01-09-2021_19-15-08,ETH/USD,100,1292.381,1290.0,0.18423359674895293,-0.3257664032510471,0.51,False,Bittrex,Kraken
01-09-2021_19-15-09,XRP/USD,100,0.3312,0.3307,0.15096618357487937,-0.44903381642512064,0.6,False,Binance US,Coinbase Pro
01-09-2021_19-15-09,BCH/USD,100,571.9,568.0,0.68193740164364,-0.06806259835635997,0.75,False,Coinbase Pro,Bittrex
01-09-2021_19-15-10,BTC/USD,100,40556.71,40501.002,0.13735828177383896,-0.21264171822616101,0.35,False,Binance US,Bittrex
01-09-2021_19-15-10,ETH/USD,100,1292.373,1290.0,0.18361572084839647,-0.3263842791516035,0.51,False,Bittrex,Kraken
01-09-2021_19-15-10,XRP/USD,100,0.3312,0.3307,0.15096618357487937,-0.44903381642512064,0.6,False,Binance US,Coinbase Pro
01-09-2021_19-15-11,BCH/USD,100,571.9,568.0,0.68193740164364,-0.06806259835635997,0.75,False,Coinbase Pro,Bittrex
01-09-2021_19-15-11,BTC/USD,100,40556.71,40501.002,0.13735828177383896,-0.21264171822616101,0.35,False,Binance US,Bittrex
01-09-2021_19-15-11,ETH/USD,100,1292.373,1290.0,0.18361572084839647,-0.3263842791516035,0.51,False,Bittrex,Kraken
01-09-2021_19-15-12,XRP/USD,100,0.3311,0.3306,0.15101177891875578,-0.5989882210812443,0.75,False,Bittrex,Coinbase Pro
01-09-2021_19-15-12,BCH/USD,100,571.9,568.0,0.68193740164364,-0.06806259835635997,0.75,False,Coinbase Pro,Bittrex
01-09-2021_19-15-12,BTC/USD,100,40556.71,40501.002,0.13735828177383896,-0.21264171822616101,0.35,False,Binance US,Bittrex
01-09-2021_19-15-13,ETH/USD,100,1292.364,1290.0,0.18292060131665944,-0.32707939868334057,0.51,False,Bittrex,Kraken
01-09-2021_19-15-13,XRP/USD,100,0.3311,0.3306,0.15101177891875578,-0.5989882210812443,0.75,False,Bittrex,Coinbase Pro
01-09-2021_19-15-14,BCH/USD,100,572.49,568.0,0.7842931754266467,0.03429317542664667,0.75,True,Coinbase Pro,Bittrex
01-09-2021_19-15-14,BTC/USD,100,40556.71,40501.0,0.13736321314031422,-0.21263678685968576,0.35,False,Binance US,Bittrex
01-09-2021_19-15-14,ETH/USD,100,1292.364,1290.0,0.18292060131665944,-0.32707939868334057,0.51,False,Bittrex,Kraken
01-09-2021_19-15-15,XRP/USD,100,0.3311,0.3306,0.15101177891875578,-0.5989882210812443,0.75,False,Bittrex,Coinbase Pro
01-09-2021_19-15-15,BCH/USD,100,572.49,568.0,0.7842931754266467,0.03429317542664667,0.75,True,Coinbase Pro,Bittrex
01-09-2021_19-15-16,BTC/USD,100,40554.69,40501.0,0.1323891268802753,-0.21761087311972468,0.35,False,Binance US,Bittrex
01-09-2021_19-15-16,ETH/USD,100,1292.358,1290.0,0.1824571829168038,-0.3275428170831962,0.51,False,Bittrex,Kraken
01-09-2021_19-15-16,XRP/USD,100,0.3311,0.3306,0.15101177891875578,-0.5989882210812443,0.75,False,Bittrex,Coinbase Pro
01-09-2021_19-15-17,BCH/USD,100,571.91,568.0,0.683674004651076,-0.06632599534892403,0.75,False,Coinbase Pro,Bittrex
01-09-2021_19-15-17,BTC/USD,100,40551.87,40501.0,0.12544427667577998,-0.22455572332422,0.35,False,Binance US,Bittrex
01-09-2021_19-15-18,ETH/USD,100,1292.354,1290.0,0.18214823492634694,-0.3278517650736531,0.51,False,Bittrex,Kraken
01-09-2021_19-15-18,XRP/USD,100,0.3311,0.3306,0.15101177891875578,-0.5989882210812443,0.75,False,Bittrex,Coinbase Pro
01-09-2021_19-15-19,BCH/USD,100,571.7,568.0,0.6471925835228346,-0.1028074164771654,0.75,False,Coinbase Pro,Bittrex
01-09-2021_19-15-19,BTC/USD,100,40548.7,40500.99,0.11766098543232983,-0.3923390145676702,0.51,False,Kraken,Bittrex
01-09-2021_19-15-19,ETH/USD,100,1292.354,1290.0,0.18214823492634694,-0.3278517650736531,0.51,False,Bittrex,Kraken
01-09-2021_19-15-20,XRP/USD,100,0.3311,0.33068,0.12684989429176424,-0.38315010570823577,0.51,False,Bittrex,Kraken
01-09-2021_19-15-20,BCH/USD,100,571.7,568.0,0.6471925835228346,-0.1028074164771654,0.75,False,Coinbase Pro,Bittrex
01-09-2021_19-15-20,BTC/USD,100,40548.7,40500.99,0.11766098543232983,-0.3923390145676702,0.51,False,Kraken,Bittrex
01-09-2021_19-15-21,ETH/USD,100,1292.347,1290.0,0.18160757134113206,-0.328392428658868,0.51,False,Bittrex,Kraken
01-09-2021_19-15-21,XRP/USD,100,0.3311,0.33068,0.12684989429176424,-0.38315010570823577,0.51,False,Bittrex,Kraken
01-09-2021_19-15-21,BCH/USD,100,570.56,568.0,0.44868199663487546,-0.30131800336512454,0.75,False,Coinbase Pro,Bittrex
01-09-2021_19-15-22,BTC/USD,100,40546.96,40535.35,0.028633465986107425,-0.32136653401389254,0.35,False,Binance US,Bittrex
01-09-2021_19-15-22,ETH/USD,100,1292.347,1290.0,0.18160757134113206,-0.328392428658868,0.51,False,Bittrex,Kraken
01-09-2021_19-15-22,XRP/USD,100,0.3311,0.3305,0.18121413470250358,-0.5687858652974964,0.75,False,Bittrex,Coinbase Pro
01-09-2021_19-15-23,BCH/USD,100,570.09,568.0,0.36660878106966127,-0.38339121893033873,0.75,False,Coinbase Pro,Bittrex
01-09-2021_19-15-23,BTC/USD,100,40546.2,40500.37,0.11303155412836338,-0.3969684458716366,0.51,False,Kraken,Bittrex
01-09-2021_19-15-24,ETH/USD,100,1291.126,1290.0,0.08721069825872738,-0.4227893017412726,0.51,False,Bittrex,Kraken
01-09-2021_19-15-24,XRP/USD,100,0.33084,0.3303,0.16322089227422332,-0.5867791077257767,0.75,False,Bittrex,Coinbase Pro
01-09-2021_19-15-25,BCH/USD,100,569.65,568.0,0.2896515404195519,-0.4603484595804481,0.75,False,Coinbase Pro,Bittrex
01-09-2021_19-15-25,BTC/USD,100,40545.4,40500.37,0.11106068752558573,-0.3989393124744143,0.51,False,Kraken,Bittrex
01-09-2021_19-15-25,ETH/USD,100,1291.126,1290.0,0.08721069825872738,-0.4227893017412726,0.51,False,Bittrex,Kraken
01-09-2021_19-15-26,XRP/USD,100,0.33083,0.3304,0.12997612066619896,-0.6200238793338011,0.75,False,Bittrex,Coinbase Pro
01-09-2021_19-15-26,BCH/USD,100,569.65,567.999,0.2898270868076808,-0.4601729131923192,0.75,False,Coinbase Pro,Bittrex
01-09-2021_19-15-27,BTC/USD,100,40542.4,40500.37,0.10366924503729141,-0.4063307549627086,0.51,False,Kraken,Bittrex
01-09-2021_19-15-27,ETH/USD,100,1291.124,1290.0,0.08705592956215077,-0.4229440704378492,0.51,False,Bittrex,Kraken
01-09-2021_19-15-28,XRP/USD,100,0.33083,0.3302,0.1904301302783966,-0.5595698697216034,0.75,False,Bittrex,Coinbase Pro
01-09-2021_19-15-28,BCH/USD,100,569.86,567.998,0.3267469202962072,-0.4232530797037928,0.75,False,Coinbase Pro,Bittrex
01-09-2021_19-15-29,BTC/USD,100,40542.0,40486.959,0.13576291253514242,-0.3742370874648576,0.51,False,Kraken,Bittrex
01-09-2021_19-15-29,ETH/USD,100,1291.121,1290.0,0.08682377561824915,-0.42317622438175084,0.51,False,Bittrex,Kraken
01-09-2021_19-15-30,XRP/USD,100,0.33052,0.33,0.1573278470289135,-0.39267215297108654,0.55,False,Bittrex,Binance US
01-09-2021_19-15-30,BCH/USD,100,569.69,567.997,0.29717916761749325,-0.45282083238250675,0.75,False,Coinbase Pro,Bittrex
01-09-2021_19-15-31,BTC/USD,100,40531.6,40486.95,0.11016096083056542,-0.3998390391694346,0.51,False,Kraken,Bittrex
01-09-2021_19-15-31,ETH/USD,100,1291.118,1289.76,0.10518016168932254,-0.40481983831067747,0.51,False,Bittrex,Kraken
01-09-2021_19-15-31,XRP/USD,100,0.33052,0.33,0.1573278470289135,-0.39267215297108654,0.55,False,Bittrex,Binance US
01-09-2021_19-15-32,BCH/USD,100,570.04,567.997,0.35839590204196314,-0.39160409795803686,0.75,False,Coinbase Pro,Bittrex
01-09-2021_19-15-32,BTC/USD,100,40531.81,40486.95,0.11067850165092698,-0.23932149834907301,0.35,False,Binance US,Bittrex
01-09-2021_19-15-32,ETH/USD,100,1291.118,1289.76,0.10518016168932254,-0.40481983831067747,0.51,False,Bittrex,Kraken
01-09-2021_19-15-33,XRP/USD,100,0.33052,0.33,0.1573278470289135,-0.39267215297108654,0.55,False,Bittrex,Binance US
01-09-2021_19-15-33,BCH/USD,100,570.04,567.996,0.35857132832783367,-0.3904286716721663,0.749,False,Coinbase Pro,Bittrex
01-09-2021_19-15-34,BTC/USD,100,40531.6,40474.09,0.14188929131838376,-0.3681107086816162,0.51,False,Kraken,Bittrex
01-09-2021_19-15-34,ETH/USD,100,1291.111,1289.67,0.11160930392507158,-0.39839069607492844,0.51,False,Bittrex,Kraken
01-09-2021_19-15-34,XRP/USD,100,0.33052,0.33,0.1573278470289135,-0.39267215297108654,0.55,False,Bittrex,Binance US
01-09-2021_19-15-35,BCH/USD,100,570.01,567.996,0.35332713461167525,-0.39567286538832475,0.749,False,Coinbase Pro,Bittrex
01-09-2021_19-15-35,BTC/USD,100,40531.6,40474.09,0.14188929131838376,-0.3681107086816162,0.51,False,Kraken,Bittrex
01-09-2021_19-15-36,ETH/USD,100,1291.107,1290.0,0.08574037628174667,-0.4242596237182533,0.51,False,Bittrex,Kraken
01-09-2021_19-15-36,XRP/USD,100,0.33052,0.33,0.1573278470289135,-0.39267215297108654,0.55,False,Bittrex,Binance US
01-09-2021_19-15-37,BCH/USD,100,569.75,567.998,0.3075032909170606,-0.4424967090829394,0.75,False,Coinbase Pro,Bittrex
01-09-2021_19-15-37,BTC/USD,100,40531.65,40474.099,0.14199027179993776,-0.20800972820006222,0.35,False,Binance US,Bittrex
01-09-2021_19-15-37,ETH/USD,100,1291.107,1290.0,0.08574037628174667,-0.4242596237182533,0.51,False,Bittrex,Kraken
01-09-2021_19-15-38,XRP/USD,100,0.33052,0.33,0.1573278470289135,-0.39267215297108654,0.55,False,Bittrex,Binance US
01-09-2021_19-15-38,BCH/USD,100,569.75,567.997,0.30767880649408386,-0.44232119350591614,0.75,False,Coinbase Pro,Bittrex
01-09-2021_19-15-39,BTC/USD,100,40531.6,40474.102,0.14185968478915115,-0.3681403152108489,0.51,False,Kraken,Bittrex
01-09-2021_19-15-40,ETH/USD,100,1291.101,1289.89,0.09379591526921693,-0.4162040847307831,0.51,False,Bittrex,Kraken
01-09-2021_19-15-40,XRP/USD,100,0.33052,0.3299,0.1875832022267802,-0.5624167977732197,0.75,False,Bittrex,Coinbase Pro
01-09-2021_19-15-40,BCH/USD,100,569.66,567.998,0.2917529754590319,-0.4582470245409681,0.75,False,Coinbase Pro,Bittrex
01-09-2021_19-15-41,BTC/USD,100,40531.6,40466.05,0.16172566590017576,-0.3482743340998242,0.51,False,Kraken,Bittrex
01-09-2021_19-15-41,ETH/USD,100,1291.099,1289.86,0.09596475560743466,-0.15411524439256535,0.25008,False,Bittrex,Binance US
01-09-2021_19-15-41,XRP/USD,100,0.33052,0.3299,0.1875832022267802,-0.5624167977732197,0.75,False,Bittrex,Coinbase Pro
01-09-2021_19-15-42,BCH/USD,100,569.73,567.998,0.3040036508521529,-0.4459963491478471,0.75,False,Coinbase Pro,Bittrex
01-09-2021_19-15-42,BTC/USD,100,40537.9,40466.05,0.17724154433258393,-0.17275845566741604,0.35,False,Binance US,Bittrex
01-09-2021_19-15-43,ETH/USD,100,1291.095,1289.02,0.1607162912101778,-0.3482837087898222,0.509,False,Bittrex,Kraken
01-09-2021_19-15-43,XRP/USD,100,0.33012,0.3298,0.09693444807949911,-0.6530655519205009,0.75,False,Bittrex,Coinbase Pro
01-09-2021_19-15-44,BCH/USD,100,569.89,567.997,0.3321693660180086,-0.4178306339819914,0.75,False,Coinbase Pro,Bittrex
01-09-2021_19-15-44,BTC/USD,100,40535.04,40486.28,0.12029098774788932,-0.22970901225211066,0.35,False,Binance US,Bittrex
01-09-2021_19-15-44,ETH/USD,100,1291.095,1289.02,0.1607162912101778,-0.3482837087898222,0.509,False,Bittrex,Kraken
01-09-2021_19-15-45,XRP/USD,100,0.33012,0.3298,0.09693444807949911,-0.6530655519205009,0.75,False,Bittrex,Coinbase Pro
01-09-2021_19-15-45,BCH/USD,100,569.89,567.997,0.3321693660180086,-0.4178306339819914,0.75,False,Coinbase Pro,Bittrex
01-09-2021_19-15-46,BTC/USD,100,40542.7,40486.28,0.13916192064168953,-0.3708380793583105,0.51,False,Kraken,Bittrex
01-09-2021_19-15-47,ETH/USD,100,1291.091,1289.68,0.10928741661120951,-0.6407125833887904,0.75,False,Bittrex,Coinbase Pro
01-09-2021_19-15-47,XRP/USD,100,0.33012,0.33,0.03635041802981007,-0.7136495819701899,0.75,False,Bittrex,Coinbase Pro
01-09-2021_19-15-47,BCH/USD,100,569.47,567.997,0.2586615625054999,-0.4913384374945001,0.75,False,Coinbase Pro,Bittrex
01-09-2021_19-15-48,BTC/USD,100,40551.02,40502.404,0.1198884762947875,-0.23011152370521248,0.35,False,Binance US,Bittrex
01-09-2021_19-15-48,ETH/USD,100,1291.091,1289.98,0.08605125432675749,-0.6639487456732425,0.75,False,Bittrex,Coinbase Pro
01-09-2021_19-15-49,XRP/USD,100,0.33012,0.3299,0.06664243305464618,-0.6833575669453538,0.75,False,Bittrex,Coinbase Pro
01-09-2021_19-15-49,BCH/USD,100,569.47,567.997,0.2586615625054999,-0.4913384374945001,0.75,False,Coinbase Pro,Bittrex
01-09-2021_19-15-49,BTC/USD,100,40550.71,40502.404,0.11912491791141724,-0.23087508208858273,0.35,False,Binance US,Bittrex
01-09-2021_19-15-50,ETH/USD,100,1291.086,1289.97,0.08643885844939729,-0.6635611415506028,0.75,False,Bittrex,Coinbase Pro
01-09-2021_19-15-50,XRP/USD,100,0.33012,0.3299,0.06664243305464618,-0.6833575669453538,0.75,False,Bittrex,Coinbase Pro
01-09-2021_19-15-50,BCH/USD,100,569.3,567.997,0.22887756894431713,-0.5211224310556829,0.75,False,Coinbase Pro,Bittrex
01-09-2021_19-15-51,BTC/USD,100,40550.71,40502.39,0.11915944258435848,-0.2308405574156415,0.35,False,Binance US,Bittrex
01-09-2021_19-15-52,ETH/USD,100,1291.086,1289.94,0.08876248367652954,-0.6612375163234705,0.75,False,Bittrex,Coinbase Pro
01-09-2021_19-15-52,XRP/USD,100,0.33013,0.33,0.03937842668038757,-0.7106215733196124,0.75,False,Bittrex,Coinbase Pro
01-09-2021_19-15-53,BCH/USD,100,569.31,567.997,0.2306300609509737,-0.5193699390490263,0.75,False,Coinbase Pro,Bittrex
01-09-2021_19-15-53,BTC/USD,100,40553.67,40502.39,0.12644971466207336,-0.22355028533792662,0.35,False,Binance US,Bittrex
01-09-2021_19-15-54,ETH/USD,100,1291.19,1290.17,0.07899689433778002,-0.28100310566222,0.36,False,Binance US,Kraken
01-09-2021_19-15-54,XRP/USD,100,0.33012,0.3299,0.06664243305464618,-0.6833575669453538,0.75,False,Bittrex,Coinbase Pro
01-09-2021_19-15-54,BCH/USD,100,569.31,567.997,0.2306300609509737,-0.5193699390490263,0.75,False,Coinbase Pro,Bittrex
01-09-2021_19-15-55,BTC/USD,100,40553.67,40502.53,0.12610449313218614,-0.22389550686781384,0.35,False,Binance US,Bittrex
01-09-2021_19-15-55,ETH/USD,100,1291.017,1290.17,0.06560719184952483,-0.44439280815047516,0.51,False,Bittrex,Kraken
01-09-2021_19-15-56,XRP/USD,100,0.33012,0.33,0.03635041802981007,-0.7136495819701899,0.75,False,Bittrex,Coinbase Pro
01-09-2021_19-15-56,BCH/USD,100,569.2,567.94,0.22136331693604896,-0.5386366830639511,0.76,False,Coinbase Pro,Kraken
01-09-2021_19-15-57,BTC/USD,100,40573.84,40502.53,0.1757536383048725,-0.17424636169512747,0.35,False,Binance US,Bittrex
01-09-2021_19-15-57,ETH/USD,100,1291.29,1290.59,0.05420935653494145,-0.5457906434650586,0.6,False,Binance US,Coinbase Pro
01-09-2021_19-15-57,XRP/USD,100,0.331,0.33,0.3021148036253779,-0.4478851963746221,0.75,False,Bittrex,Coinbase Pro
01-09-2021_19-15-58,BCH/USD,100,569.16,567.82,0.23543467566236528,-0.5245653243376347,0.76,False,Coinbase Pro,Kraken
01-09-2021_19-15-58,BTC/USD,100,40573.84,40535.36,0.09483943348718271,-0.25516056651281727,0.35,False,Binance US,Bittrex
01-09-2021_19-15-58,ETH/USD,100,1291.28,1290.59,0.053435350969584794,-0.5465646490304152,0.6,False,Binance US,Coinbase Pro
01-09-2021_19-15-59,XRP/USD,100,0.331,0.33,0.3021148036253779,-0.2078851963746221,0.51,False,Bittrex,Kraken
01-09-2021_19-15-59,BCH/USD,100,569.16,567.81,0.23719165085389396,-0.522782349146106,0.7599739999999999,False,Coinbase Pro,Kraken
01-09-2021_19-15-59,BTC/USD,100,40567.27,40527.56,0.09788679395975901,-0.652113206040241,0.75,False,Coinbase Pro,Bittrex
01-09-2021_19-16-00,ETH/USD,100,1291.16,1290.6,0.04337185166828068,-0.5566281483317193,0.6,False,Binance US,Coinbase Pro
01-09-2021_19-16-00,XRP/USD,100,0.33041,0.33,0.12408825398745982,-0.3859117460125402,0.51,False,Bittrex,Kraken
01-09-2021_19-16-01,BCH/USD,100,569.42,567.997,0.24990341048786516,-0.5000965895121349,0.75,False,Coinbase Pro,Bittrex
01-09-2021_19-16-01,BTC/USD,100,40568.57,40527.56,0.10108810835580853,-0.24891189164419145,0.35,False,Binance US,Bittrex
01-09-2021_19-16-02,ETH/USD,100,1291.009,1289.91,0.08512721445008771,-0.6648727855499122,0.75,False,Bittrex,Coinbase Pro
01-09-2021_19-16-02,XRP/USD,100,0.3301,0.33,0.03029385034837594,-0.7297061496516241,0.76,False,Coinbase Pro,Kraken
01-09-2021_19-16-03,BCH/USD,100,569.4,567.997,0.24639971900246227,-0.5036002809975377,0.75,False,Coinbase Pro,Bittrex
01-09-2021_19-16-03,BTC/USD,100,40564.18,40527.56,0.09027669239216131,-0.2597233076078387,0.35,False,Binance US,Bittrex
01-09-2021_19-16-04,ETH/USD,100,1291.003,1289.87,0.08776122131397358,-0.6622387786860264,0.75,False,Bittrex,Coinbase Pro
01-09-2021_19-16-04,XRP/USD,100,0.33041,0.33,0.12408825398745982,-0.3859117460125402,0.51,False,Bittrex,Kraken
01-09-2021_19-16-04,BCH/USD,100,569.4,567.997,0.24639971900246227,-0.5036002809975377,0.75,False,Coinbase Pro,Bittrex
01-09-2021_19-16-05,BTC/USD,100,40573.84,40520.18,0.1322527027266737,-0.21774729727332628,0.35,False,Binance US,Bittrex
01-09-2021_19-16-06,ETH/USD,100,1291.21,1289.88,0.10300415888971796,-0.256995841110282,0.36,False,Binance US,Kraken
01-09-2021_19-16-06,XRP/USD,100,0.3307,0.33,0.21167221046264845,-0.14832778953735154,0.36,False,Binance US,Kraken
01-09-2021_19-16-07,BCH/USD,100,569.37,567.99,0.24237314927024528,-0.5176268507297548,0.76,False,Coinbase Pro,Kraken
01-09-2021_19-16-07,BTC/USD,100,40581.17,40535.359,0.11288733173538743,-0.23611266826461255,0.349,False,Binance US,Bittrex
01-09-2021_19-16-08,ETH/USD,100,1291.21,1290.38,0.06428079088606248,-0.2957192091139375,0.36,False,Binance US,Kraken
01-09-2021_19-16-08,XRP/USD,100,0.3307,0.33041,0.08769277290596084,-0.26230722709403914,0.35,False,Binance US,Bittrex
01-09-2021_19-16-09,BCH/USD,100,569.56,567.997,0.27442236112086316,-0.47557763887913684,0.75,False,Coinbase Pro,Bittrex
01-09-2021_19-16-09,BTC/USD,100,40581.17,40535.349,0.11291197370602248,-0.23708802629397752,0.35,False,Binance US,Bittrex
01-09-2021_19-16-10,ETH/USD,100,1291.21,1290.38,0.06428079088606248,-0.2957192091139375,0.36,False,Binance US,Kraken
01-09-2021_19-16-10,XRP/USD,100,0.3309,0.33041,0.14808099123603685,-0.20191900876396313,0.35,False,Binance US,Bittrex
01-09-2021_19-16-10,BCH/USD,100,569.56,567.997,0.27442236112086316,-0.47557763887913684,0.75,False,Coinbase Pro,Bittrex
01-09-2021_19-16-11,BTC/USD,100,40581.17,40535.349,0.11291197370602248,-0.23708802629397752,0.35,False,Binance US,Bittrex
01-09-2021_19-16-11,ETH/USD,100,1291.21,1290.38,0.06428079088606248,-0.2957192091139375,0.36,False,Binance US,Kraken
01-09-2021_19-16-12,XRP/USD,100,0.331,0.33041,0.17824773413898337,-0.1717522658610166,0.35,False,Binance US,Bittrex
01-09-2021_19-16-12,BCH/USD,100,569.76,567.999,0.3090775063184441,-0.4409224936815559,0.75,False,Coinbase Pro,Bittrex
01-09-2021_19-16-13,BTC/USD,100,40581.17,40535.349,0.11291197370602248,-0.23708802629397752,0.35,False,Binance US,Bittrex
01-09-2021_19-16-13,ETH/USD,100,1291.58,1290.38,0.09290945973147757,-0.2670905402685224,0.36,False,Binance US,Kraken
01-09-2021_19-16-14,XRP/USD,100,0.331,0.3305,0.15105740181268895,-0.448942598187311,0.6,False,Binance US,Coinbase Pro
01-09-2021_19-16-14,BCH/USD,100,571.41,568.0,0.5967693950053322,-0.15323060499466779,0.75,False,Coinbase Pro,Bittrex
01-09-2021_19-16-15,BTC/USD,100,40581.17,40535.37,0.11286022556766018,-0.2371397744323398,0.35,False,Binance US,Bittrex
01-09-2021_19-16-15,ETH/USD,100,1291.57,1290.38,0.09213592759198706,-0.2678640724080129,0.36,False,Binance US,Kraken
01-09-2021_19-16-15,XRP/USD,100,0.331,0.3305,0.15105740181268895,-0.448942598187311,0.6,False,Binance US,Coinbase Pro
01-09-2021_19-16-16,BCH/USD,100,571.02,568.0,0.528878147875728,-0.22112185212427204,0.75,False,Coinbase Pro,Bittrex
01-09-2021_19-16-16,BTC/USD,100,40581.17,40535.359,0.11288733173538743,-0.23611266826461255,0.349,False,Binance US,Bittrex
01-09-2021_19-16-16,ETH/USD,100,1291.57,1290.38,0.09213592759198706,-0.2678640724080129,0.36,False,Binance US,Kraken
01-09-2021_19-16-17,XRP/USD,100,0.331,0.3306,0.12084592145015452,-0.4791540785498455,0.6,False,Binance US,Coinbase Pro
01-09-2021_19-16-17,BCH/USD,100,571.02,568.0,0.528878147875728,-0.22112185212427204,0.75,False,Coinbase Pro,Bittrex
01-09-2021_19-16-18,BTC/USD,100,40581.17,40535.359,0.11288733173538743,-0.23611266826461255,0.349,False,Binance US,Bittrex
01-09-2021_19-16-18,ETH/USD,100,1291.57,1290.8,0.05961736491246947,-0.5403826350875305,0.6,False,Binance US,Coinbase Pro
01-09-2021_19-16-18,XRP/USD,100,0.331,0.3306,0.12084592145015452,-0.4791540785498455,0.6,False,Binance US,Coinbase Pro
01-09-2021_19-16-18,BCH/USD,100,571.24,568.0,0.5671871717666847,-0.18281282823331535,0.75,False,Coinbase Pro,Bittrex
01-09-2021_19-16-19,BTC/USD,100,40581.17,40535.36,0.11288486753831316,-0.2371151324616868,0.35,False,Binance US,Bittrex
01-09-2021_19-16-19,ETH/USD,100,1291.57,1290.8,0.05961736491246947,-0.5403826350875305,0.6,False,Binance US,Coinbase Pro
01-09-2021_19-16-20,XRP/USD,100,0.331,0.3307,0.09063444108762009,-0.5093655589123799,0.6,False,Binance US,Coinbase Pro
01-09-2021_19-16-20,BCH/USD,100,571.24,568.0,0.5671871717666847,-0.18281282823331535,0.75,False,Coinbase Pro,Bittrex
01-09-2021_19-16-21,BTC/USD,100,40581.17,40535.35,0.11290950950896614,-0.23709049049103384,0.35,False,Binance US,Bittrex
01-09-2021_19-16-21,ETH/USD,100,1290.974,1290.26,0.05530707822155534,-0.6946929217784447,0.75,False,Bittrex,Coinbase Pro
01-09-2021_19-16-21,XRP/USD,100,0.331,0.3306,0.12084592145015452,-0.4791540785498455,0.6,False,Binance US,Coinbase Pro
01-09-2021_19-16-22,BCH/USD,100,570.41,568.0,0.4225031117967722,-0.3274968882032278,0.75,False,Coinbase Pro,Bittrex
01-09-2021_19-16-23,BTC/USD,100,40580.0,40528.788,0.12620009857072334,-0.38279990142927667,0.509,False,Kraken,Bittrex
01-09-2021_19-16-23,ETH/USD,100,1290.938,1289.92,0.0788573889683338,-0.6711426110316662,0.75,False,Bittrex,Coinbase Pro
01-09-2021_19-16-24,XRP/USD,100,0.331,0.3306,0.12084592145015452,-0.4791540785498455,0.6,False,Binance US,Coinbase Pro
01-09-2021_19-16-24,BCH/USD,100,570.77,568.0,0.48530931899013297,-0.26469068100986703,0.75,False,Coinbase Pro,Bittrex
01-09-2021_19-16-24,BTC/USD,100,40581.17,40528.788,0.12907957064815478,-0.2199204293518452,0.349,False,Binance US,Bittrex
01-09-2021_19-16-25,ETH/USD,100,1290.925,1289.94,0.07630187656137266,-0.6736981234386273,0.75,False,Bittrex,Coinbase Pro
01-09-2021_19-16-26,XRP/USD,100,0.331,0.3306,0.12084592145015452,-0.4791540785498455,0.6,False,Binance US,Coinbase Pro
01-09-2021_19-16-26,BCH/USD,100,570.59,568.0,0.4539161219089069,-0.2960838780910931,0.75,False,Coinbase Pro,Bittrex
01-09-2021_19-16-27,BTC/USD,100,40581.17,40532.944,0.11883836764685472,-0.23116163235314524,0.35,False,Binance US,Bittrex
01-09-2021_19-16-27,ETH/USD,100,1290.872,1289.93,0.07297392770158523,-0.6770260722984147,0.75,False,Bittrex,Coinbase Pro
01-09-2021_19-16-28,XRP/USD,100,0.331,0.3306,0.12084592145015452,-0.4791540785498455,0.6,False,Binance US,Coinbase Pro
01-09-2021_19-16-28,BCH/USD,100,570.59,568.0,0.4539161219089069,-0.2960838780910931,0.75,False,Coinbase Pro,Bittrex
01-09-2021_19-16-28,BTC/USD,100,40581.17,40532.944,0.11883836764685472,-0.23116163235314524,0.35,False,Binance US,Bittrex
01-09-2021_19-16-29,ETH/USD,100,1290.821,1289.92,0.06980053779724997,-0.6801994622027501,0.75,False,Bittrex,Coinbase Pro
01-09-2021_19-16-29,XRP/USD,100,0.331,0.3306,0.12084592145015452,-0.4791540785498455,0.6,False,Binance US,Coinbase Pro
01-09-2021_19-16-30,BCH/USD,100,571.23,568.0,0.5654464926562013,-0.18455350734379872,0.75,False,Coinbase Pro,Bittrex
01-09-2021_19-16-30,BTC/USD,100,40581.17,40532.944,0.11883836764685472,-0.23116163235314524,0.35,False,Binance US,Bittrex
01-09-2021_19-16-31,ETH/USD,100,1290.821,1289.94,0.06825113629231769,-0.6817488637076823,0.75,False,Bittrex,Coinbase Pro
01-09-2021_19-16-31,XRP/USD,100,0.331,0.3306,0.12084592145015452,-0.4791540785498455,0.6,False,Binance US,Coinbase Pro
01-09-2021_19-16-31,BCH/USD,100,571.23,568.0,0.5654464926562013,-0.18455350734379872,0.75,False,Coinbase Pro,Bittrex
01-09-2021_19-16-32,BTC/USD,100,40594.15,40532.944,0.15077541961094962,-0.19922458038905036,0.35,False,Binance US,Bittrex
01-09-2021_19-16-32,ETH/USD,100,1291.25,1289.94,0.1014520813165495,-0.4985479186834505,0.6,False,Binance US,Coinbase Pro
01-09-2021_19-16-33,XRP/USD,100,0.331,0.3307,0.09063444108762009,-0.5093655589123799,0.6,False,Binance US,Coinbase Pro
01-09-2021_19-16-33,BCH/USD,100,571.14,568.0,0.5497776377070397,-0.2002223622929603,0.75,False,Coinbase Pro,Bittrex
01-09-2021_19-16-34,BTC/USD,100,40594.16,40535.37,0.14482378746105565,-0.20517621253894433,0.35,False,Binance US,Bittrex
01-09-2021_19-16-34,ETH/USD,100,1291.73,1290.81,0.07122231426072576,-0.5287776857392742,0.6,False,Binance US,Coinbase Pro
01-09-2021_19-16-35,XRP/USD,100,0.33133,0.3307,0.1901427579754382,-0.5598572420245618,0.75,False,Bittrex,Coinbase Pro
01-09-2021_19-16-35,BCH/USD,100,571.23,568.0,0.5654464926562013,-0.18455350734379872,0.75,False,Coinbase Pro,Bittrex
01-09-2021_19-16-35,BTC/USD,100,40600.0,40535.37,0.15918719211822016,-0.19081280788177982,0.35,False,Binance US,Bittrex
01-09-2021_19-16-36,ETH/USD,100,1291.73,1290.79,0.07277062544030521,-0.5272293745596948,0.6,False,Binance US,Coinbase Pro
01-09-2021_19-16-36,XRP/USD,100,0.33133,0.3307,0.1901427579754382,-0.5598572420245618,0.75,False,Bittrex,Coinbase Pro
01-09-2021_19-16-36,BCH/USD,100,571.23,568.0,0.5654464926562013,-0.18455350734379872,0.75,False,Coinbase Pro,Bittrex
01-09-2021_19-16-37,BTC/USD,100,40600.0,40535.37,0.15918719211822016,-0.19081280788177982,0.35,False,Binance US,Bittrex
01-09-2021_19-16-37,ETH/USD,100,1292.24,1290.814,0.11035101838667205,-0.23864898161332793,0.349,False,Binance US,Bittrex
01-09-2021_19-16-37,XRP/USD,100,0.33133,0.3308,0.159961367820611,-0.590038632179389,0.75,False,Bittrex,Coinbase Pro
01-09-2021_19-16-38,BCH/USD,100,571.07,568.0,0.5375873360533822,-0.21241266394661784,0.75,False,Coinbase Pro,Bittrex
01-09-2021_19-16-38,BTC/USD,100,40600.0,40535.37,0.15918719211822016,-0.19081280788177982,0.35,False,Binance US,Bittrex
01-09-2021_19-16-39,ETH/USD,100,1292.24,1290.812,0.1105057883984485,-0.2394942116015515,0.35,False,Binance US,Bittrex
01-09-2021_19-16-39,XRP/USD,100,0.33105,0.33089,0.048331067814527555,-0.4616689021854724,0.50999997,False,Bittrex,Kraken
01-09-2021_19-16-39,BCH/USD,100,571.51,568.0,0.6141624818463353,-0.13583751815366474,0.75,False,Coinbase Pro,Bittrex
01-09-2021_19-16-40,BTC/USD,100,40600.0,40553.093,0.11553448275861883,-0.23446551724138115,0.35,False,Binance US,Bittrex
01-09-2021_19-16-40,ETH/USD,100,1292.23,1290.812,0.10973278750687726,-0.24026721249312272,0.35,False,Binance US,Bittrex
01-09-2021_19-16-41,XRP/USD,100,0.3313,0.3309,0.12073649260487652,-0.47926350739512347,0.6,False,Binance US,Coinbase Pro
01-09-2021_19-16-41,BCH/USD,100,571.51,568.0,0.6141624818463353,-0.13583751815366474,0.75,False,Coinbase Pro,Bittrex
01-09-2021_19-16-41,BTC/USD,100,40616.23,40553.093,0.1554477114198005,-0.1945522885801995,0.35,False,Binance US,Bittrex
01-09-2021_19-16-42,ETH/USD,100,1292.99,1290.812,0.16844677839736666,-0.18155322160263332,0.35,False,Binance US,Bittrex
01-09-2021_19-16-42,XRP/USD,100,0.3313,0.3309,0.12073649260487652,-0.47926350739512347,0.6,False,Binance US,Coinbase Pro
01-09-2021_19-16-42,BCH/USD,100,572.5,568.0,0.7860262008733624,0.03602620087336239,0.75,True,Coinbase Pro,Bittrex
01-09-2021_19-16-43,BTC/USD,100,40616.7,40558.669,0.1428747288676712,-0.36712527113232885,0.51,False,Kraken,Bittrex
01-09-2021_19-16-43,ETH/USD,100,1292.99,1290.811,0.16852411851600457,-0.1814758814839954,0.35,False,Binance US,Bittrex
01-09-2021_19-16-43,XRP/USD,100,0.3313,0.331,0.0905523694536574,-0.5094476305463426,0.6,False,Binance US,Coinbase Pro
01-09-2021_19-16-44,BCH/USD,100,572.5,568.0,0.7860262008733624,0.03602620087336239,0.75,True,Coinbase Pro,Bittrex
01-09-2021_19-16-44,BTC/USD,100,40616.7,40558.669,0.1428747288676712,-0.36712527113232885,0.51,False,Kraken,Bittrex
01-09-2021_19-16-45,ETH/USD,100,1292.99,1290.811,0.16852411851600457,-0.1814758814839954,0.35,False,Binance US,Bittrex
01-09-2021_19-16-45,XRP/USD,100,0.3313,0.331,0.0905523694536574,-0.5094476305463426,0.6,False,Binance US,Coinbase Pro
01-09-2021_19-16-45,BCH/USD,100,572.5,568.0,0.7860262008733624,0.03602620087336239,0.75,True,Coinbase Pro,Bittrex
01-09-2021_19-16-46,BTC/USD,100,40616.7,40558.66,0.1428968872409467,-0.3671031127590533,0.51,False,Kraken,Bittrex
01-09-2021_19-16-47,ETH/USD,100,1292.98,1290.811,0.1677520147256799,-0.18224798527432007,0.35,False,Binance US,Bittrex
01-09-2021_19-16-47,XRP/USD,100,0.3313,0.331,0.0905523694536574,-0.5094476305463426,0.6,False,Binance US,Coinbase Pro
01-09-2021_19-16-47,BCH/USD,100,572.5,568.0,0.7860262008733624,0.03602620087336239,0.75,True,Coinbase Pro,Bittrex
01-09-2021_19-16-48,BTC/USD,100,40616.7,40558.66,0.1428968872409467,-0.3671031127590533,0.51,False,Kraken,Bittrex
01-09-2021_19-16-49,ETH/USD,100,1292.71,1290.81,0.14697805385586024,-0.20302194614413974,0.35,False,Binance US,Bittrex
01-09-2021_19-16-49,XRP/USD,100,0.33199,0.331,0.2982017530648486,-0.4517982469351514,0.75,False,Bittrex,Coinbase Pro
01-09-2021_19-16-50,BCH/USD,100,572.41,568.0,0.7704267919847607,0.020426791984760717,0.75,True,Coinbase Pro,Bittrex
01-09-2021_19-16-50,BTC/USD,100,40616.7,40558.669,0.1428747288676712,-0.36712527113232885,0.51,False,Kraken,Bittrex
01-09-2021_19-16-51,ETH/USD,100,1292.69,1290.807,0.14566524069962933,-0.20433475930037065,0.35,False,Binance US,Bittrex
01-09-2021_19-16-51,XRP/USD,100,0.3313,0.33109,0.06338665861756353,-0.29661334138243645,0.36,False,Binance US,Kraken
01-09-2021_19-16-52,BCH/USD,100,572.5,568.0,0.7860262008733624,0.03602620087336239,0.75,True,Coinbase Pro,Bittrex
01-09-2021_19-16-52,BTC/USD,100,40616.7,40558.66,0.1428968872409467,-0.3671031127590533,0.51,False,Kraken,Bittrex
01-09-2021_19-16-53,ETH/USD,100,1292.69,1290.807,0.14566524069962933,-0.20433475930037065,0.35,False,Binance US,Bittrex
01-09-2021_19-16-53,XRP/USD,100,0.33198,0.3314,0.17470931983855198,-0.575280680161448,0.7499899999999999,False,Bittrex,Coinbase Pro
01-09-2021_19-16-53,BCH/USD,100,572.5,568.0,0.7860262008733624,0.03602620087336239,0.75,True,Coinbase Pro,Bittrex
01-09-2021_19-16-54,BTC/USD,100,40616.7,40558.66,0.1428968872409467,-0.3671031127590533,0.51,False,Kraken,Bittrex
01-09-2021_19-16-54,ETH/USD,100,1292.77,1290.806,0.15192184224571592,-0.3580781577542841,0.51,False,Kraken,Bittrex
01-09-2021_19-16-54,XRP/USD,100,0.33198,0.3314,0.17470931983855198,-0.575280680161448,0.7499899999999999,False,Bittrex,Coinbase Pro
01-09-2021_19-16-55,BCH/USD,100,572.5,568.0,0.7860262008733624,0.03602620087336239,0.75,True,Coinbase Pro,Bittrex
01-09-2021_19-16-56,BTC/USD,100,40626.7,40558.669,0.16745391577459012,-0.3425460842254099,0.51,False,Kraken,Bittrex
01-09-2021_19-16-56,ETH/USD,100,1292.77,1290.806,0.15192184224571592,-0.3580781577542841,0.51,False,Kraken,Bittrex
01-09-2021_19-16-56,XRP/USD,100,0.33162,0.3315,0.03618599601954314,-0.7138040039804567,0.7499899999999999,False,Bittrex,Coinbase Pro
01-09-2021_19-16-57,BCH/USD,100,573.59,568.0,0.9745637127565041,0.2245637127565041,0.75,True,Coinbase Pro,Bittrex
01-09-2021_19-16-57,BTC/USD,100,40627.09,40558.66,0.16843441162040654,-0.18156558837959344,0.35,False,Binance US,Bittrex
01-09-2021_19-16-57,ETH/USD,100,1292.77,1290.806,0.15192184224571592,-0.3580781577542841,0.51,False,Kraken,Bittrex
01-09-2021_19-16-58,XRP/USD,100,0.33172,0.3315,0.06632099360906728,-0.6936790063909327,0.76,False,Kraken,Coinbase Pro
01-09-2021_19-16-58,BCH/USD,100,573.59,568.0,0.9745637127565041,0.2245637127565041,0.75,True,Coinbase Pro,Bittrex
01-09-2021_19-16-58,BTC/USD,100,40633.16,40558.66,0.1833477878658711,-0.16665221213412887,0.35,False,Binance US,Bittrex
01-09-2021_19-16-59,ETH/USD,100,1293.05,1290.804,0.17369784617763176,-0.5753021538223683,0.749,False,Coinbase Pro,Bittrex
01-09-2021_19-16-59,XRP/USD,100,0.33172,0.3315,0.06632099360906728,-0.6936790063909327,0.76,False,Kraken,Coinbase Pro
01-09-2021_19-16-59,BCH/USD,100,573.18,568.0,0.9037300673435832,0.1537300673435832,0.75,True,Coinbase Pro,Bittrex
01-09-2021_19-17-00,BTC/USD,100,40633.17,40575.25,0.14254364106959475,-0.20745635893040523,0.35,False,Binance US,Bittrex
01-09-2021_19-17-00,ETH/USD,100,1293.05,1290.804,0.17369784617763176,-0.5753021538223683,0.749,False,Coinbase Pro,Bittrex
01-09-2021_19-17-00,XRP/USD,100,0.33172,0.3314,0.09646689979502063,-0.6635331002049794,0.76,False,Kraken,Coinbase Pro
01-09-2021_19-17-01,BCH/USD,100,572.97,568.0,0.8674101610904632,0.1174101610904632,0.75,True,Coinbase Pro,Bittrex
01-09-2021_19-17-01,BTC/USD,100,40633.17,40575.25,0.14254364106959475,-0.20745635893040523,0.35,False,Binance US,Bittrex
01-09-2021_19-17-02,ETH/USD,100,1293.01,1290.803,0.17068700164730977,-0.5793129983526902,0.75,False,Coinbase Pro,Bittrex
01-09-2021_19-17-02,XRP/USD,100,0.33162,0.3314,0.06634099270250692,-0.683649007297493,0.7499899999999999,False,Bittrex,Coinbase Pro
01-09-2021_19-17-03,BCH/USD,100,572.87,568.0,0.8501056086023014,0.10010560860230144,0.75,True,Coinbase Pro,Bittrex
01-09-2021_19-17-03,BTC/USD,100,40649.71,40599.99,0.12231329571601167,-0.2266867042839883,0.349,False,Binance US,Bittrex
01-09-2021_19-17-04,ETH/USD,100,1293.01,1290.803,0.17068700164730977,-0.5793129983526902,0.75,False,Coinbase Pro,Bittrex
01-09-2021_19-17-04,XRP/USD,100,0.3317,0.3314,0.09044317154055546,-0.5095568284594445,0.6,False,Binance US,Coinbase Pro
01-09-2021_19-17-05,BCH/USD,100,572.73,568.0,0.8258690831630993,0.07586908316309926,0.75,True,Coinbase Pro,Bittrex
01-09-2021_19-17-05,BTC/USD,100,40649.71,40599.999,0.12229115533664495,-0.22770884466335503,0.35,False,Binance US,Bittrex
01-09-2021_19-17-06,ETH/USD,100,1293.49,1292.92,0.044066826956523544,-0.5559331730434764,0.6,False,Binance US,Coinbase Pro
01-09-2021_19-17-06,XRP/USD,100,0.3317,0.3313,0.1205908953874017,-0.4794091046125983,0.6,False,Binance US,Coinbase Pro
01-09-2021_19-17-06,BCH/USD,100,572.73,568.0,0.8258690831630993,0.07586908316309926,0.75,True,Coinbase Pro,Bittrex
01-09-2021_19-17-07,BTC/USD,100,40656.64,40599.99,0.13933763340994595,-0.609662366590054,0.749,False,Coinbase Pro,Bittrex
01-09-2021_19-17-07,ETH/USD,100,1293.47,1292.91,0.043294394149067654,-0.5567056058509323,0.6,False,Binance US,Coinbase Pro
01-09-2021_19-17-08,XRP/USD,100,0.33162,0.3313,0.09649598938545396,-0.6534940106145459,0.7499899999999999,False,Bittrex,Coinbase Pro
01-09-2021_19-17-08,BCH/USD,100,572.24,568.0,0.7409478540472545,-0.009052145952745505,0.75,False,Coinbase Pro,Bittrex
01-09-2021_19-17-09,BTC/USD,100,40653.63,40599.99,0.13194393710967364,-0.6170560628903263,0.749,False,Coinbase Pro,Bittrex
01-09-2021_19-17-09,ETH/USD,100,1293.44,1290.801,0.2040295645720036,-0.14597043542799637,0.35,False,Binance US,Bittrex
01-09-2021_19-17-09,XRP/USD,100,0.33162,0.3313,0.09649598938545396,-0.6534940106145459,0.7499899999999999,False,Bittrex,Coinbase Pro
01-09-2021_19-17-09,BCH/USD,100,572.24,568.0,0.7409478540472545,-0.009052145952745505,0.75,False,Coinbase Pro,Bittrex
01-09-2021_19-17-10,BTC/USD,100,40653.63,40599.999,0.1319217988651787,-0.6180782011348213,0.75,False,Coinbase Pro,Bittrex
01-09-2021_19-17-10,ETH/USD,100,1293.47,1290.801,0.20634417497120894,-0.14365582502879104,0.35,False,Binance US,Bittrex
01-09-2021_19-17-10,XRP/USD,100,0.3317,0.3313,0.1205908953874017,-0.4794091046125983,0.6,False,Binance US,Coinbase Pro
01-09-2021_19-17-11,BCH/USD,100,572.55,568.0,0.7946904200506427,0.04469042005064272,0.75,True,Coinbase Pro,Bittrex
01-09-2021_19-17-12,BTC/USD,100,40666.76,40600.0,0.16416355765741367,-0.1858364423425863,0.35,False,Binance US,Bittrex
01-09-2021_19-17-12,ETH/USD,100,1293.45,1292.83,0.04793382040280786,-0.31206617959719213,0.36,False,Binance US,Kraken
01-09-2021_19-17-13,XRP/USD,100,0.33198,0.3316,0.11446472679076794,-0.635525273209232,0.7499899999999999,False,Bittrex,Coinbase Pro
01-09-2021_19-17-13,BCH/USD,100,572.38,568.0,0.7652258988783668,0.015225898878366784,0.75,True,Coinbase Pro,Bittrex
01-09-2021_19-17-14,BTC/USD,100,40666.76,40600.0,0.16416355765741367,-0.1858364423425863,0.35,False,Binance US,Bittrex
01-09-2021_19-17-14,ETH/USD,100,1293.45,1292.93,0.0402025590475072,-0.3197974409524928,0.36,False,Binance US,Kraken
01-09-2021_19-17-14,XRP/USD,100,0.332,0.3316,0.12048192771084681,-0.47951807228915316,0.6,False,Binance US,Coinbase Pro
01-09-2021_19-17-15,BCH/USD,100,572.35,568.0,0.7600244605573552,0.010024460557355175,0.75,True,Coinbase Pro,Bittrex
01-09-2021_19-17-15,BTC/USD,100,40680.0,40600.0,0.1966568338249754,-0.5533431661750245,0.75,False,Coinbase Pro,Bittrex
01-09-2021_19-17-15,ETH/USD,100,1293.59,1292.93,0.05102080257267407,-0.708979197427326,0.76,False,Coinbase Pro,Kraken
01-09-2021_19-17-16,XRP/USD,100,0.332,0.33172,0.0843373493975911,-0.2756626506024089,0.36,False,Binance US,Kraken
01-09-2021_19-17-16,BCH/USD,100,572.35,568.0,0.7600244605573552,0.010024460557355175,0.75,True,Coinbase Pro,Bittrex
01-09-2021_19-17-17,BTC/USD,100,40678.85,40600.0,0.19383537145223756,-0.5561646285477624,0.75,False,Coinbase Pro,Bittrex
01-09-2021_19-17-17,ETH/USD,100,1293.45,1292.93,0.0402025590475072,-0.3197974409524928,0.36,False,Binance US,Kraken
01-09-2021_19-17-17,XRP/USD,100,0.332,0.33172,0.0843373493975911,-0.2756626506024089,0.36,False,Binance US,Kraken
01-09-2021_19-17-18,BCH/USD,100,572.47,568.0,0.7808269428965757,0.030826942896575726,0.75,True,Coinbase Pro,Bittrex
01-09-2021_19-17-19,BTC/USD,100,40671.1,40600.0,0.17481700765408004,-0.57518299234592,0.75,False,Coinbase Pro,Bittrex
01-09-2021_19-17-19,ETH/USD,100,1293.45,1292.93,0.0402025590475072,-0.3197974409524928,0.36,False,Binance US,Kraken
01-09-2021_19-17-20,XRP/USD,100,0.33221,0.332,0.06321302790403299,-0.696786972095967,0.76,False,Kraken,Coinbase Pro
01-09-2021_19-17-20,BCH/USD,100,572.25,568.0,0.7426823940585409,-0.007317605941459138,0.75,False,Coinbase Pro,Bittrex
01-09-2021_19-17-21,BTC/USD,100,40666.76,40599.989,0.16419060677565814,-0.18580939322434184,0.35,False,Binance US,Bittrex
01-09-2021_19-17-21,ETH/USD,100,1293.45,1290.807,0.20433723762032002,-0.14566276237967996,0.35,False,Binance US,Bittrex
01-09-2021_19-17-21,XRP/USD,100,0.33244,0.332,0.13235471062447235,-0.6176452893755277,0.75,False,Bittrex,Coinbase Pro
01-09-2021_19-17-22,BCH/USD,100,571.97,568.0,0.6940923475007478,-0.055907652499252225,0.75,False,Coinbase Pro,Bittrex
01-09-2021_19-17-22,BTC/USD,100,40661.22,40599.98,0.15061033584333663,-0.5993896641566634,0.75,False,Coinbase Pro,Bittrex
01-09-2021_19-17-22,ETH/USD,100,1293.01,1290.807,0.17037764595787924,-0.5796223540421208,0.75,False,Coinbase Pro,Bittrex
01-09-2021_19-17-23,XRP/USD,100,0.33244,0.3319,0.16243532667550245,-0.5875646733244976,0.75,False,Bittrex,Coinbase Pro
01-09-2021_19-17-23,BCH/USD,100,571.97,568.0,0.6940923475007478,-0.055907652499252225,0.75,False,Coinbase Pro,Bittrex
01-09-2021_19-17-24,BTC/USD,100,40647.14,40597.28,0.12266545690545652,-0.6273345430945435,0.75,False,Coinbase Pro,Bittrex
01-09-2021_19-17-24,ETH/USD,100,1292.82,1290.807,0.15570613078386164,-0.35429386921613837,0.51,False,Kraken,Bittrex
01-09-2021_19-17-25,XRP/USD,100,0.33243,0.3319,0.1594320608850075,-0.5905679391149925,0.75,False,Bittrex,Coinbase Pro
01-09-2021_19-17-25,BCH/USD,100,571.61,568.0,0.6315494830391375,-0.1184505169608625,0.75,False,Coinbase Pro,Bittrex
01-09-2021_19-17-26,BTC/USD,100,40640.48,40590.94,0.12189816655709004,-0.6281018334429099,0.75,False,Coinbase Pro,Bittrex
01-09-2021_19-17-26,ETH/USD,100,1292.4,1290.807,0.12325905292479684,-0.22674094707520315,0.35,False,Binance US,Bittrex
01-09-2021_19-17-27,XRP/USD,100,0.33243,0.3321,0.09926901904160183,-0.6507309809583982,0.75,False,Bittrex,Coinbase Pro
01-09-2021_19-17-27,BCH/USD,100,571.35,568.0,0.5863306204603173,-0.16366937953968275,0.75,False,Coinbase Pro,Bittrex
01-09-2021_19-17-28,BTC/USD,100,40641.97,40590.94,0.12555985844189846,-0.22444014155810152,0.35,False,Binance US,Bittrex
01-09-2021_19-17-28,ETH/USD,100,1292.08,1290.807,0.09852331125007051,-0.25147668874992946,0.35,False,Binance US,Bittrex
01-09-2021_19-17-29,XRP/USD,100,0.3325,0.3322,0.09022556390978119,-0.5097744360902188,0.6,False,Binance US,Coinbase Pro
01-09-2021_19-17-29,BCH/USD,100,571.44,568.0,0.6019879602408047,-0.1480120397591953,0.75,False,Coinbase Pro,Bittrex
01-09-2021_19-17-30,BTC/USD,100,40643.03,40590.94,0.12816465701498267,-0.2218353429850173,0.35,False,Binance US,Bittrex
01-09-2021_19-17-30,ETH/USD,100,1292.08,1290.807,0.09852331125007051,-0.25147668874992946,0.35,False,Binance US,Bittrex
01-09-2021_19-17-31,XRP/USD,100,0.3326,0.33224,0.10823812387252765,-0.25176184612747243,0.35999997000000006,False,Binance US,Kraken
01-09-2021_19-17-31,BCH/USD,100,571.25,568.0,0.5689277899343544,-0.18107221006564556,0.75,False,Coinbase Pro,Bittrex
01-09-2021_19-17-32,BTC/USD,100,40636.5,40590.94,0.11211595486815466,-0.39788404513184533,0.51,False,Kraken,Bittrex
01-09-2021_19-17-32,ETH/USD,100,1292.01,1290.807,0.093110734437038,-0.416889265562962,0.51,False,Kraken,Bittrex
01-09-2021_19-17-33,XRP/USD,100,0.33298,0.33224,0.22223556970389166,-0.2877644002961083,0.50999997,False,Bittrex,Kraken
01-09-2021_19-17-33,BCH/USD,100,570.9,568.0,0.5079698721317178,-0.24203012786828215,0.75,False,Coinbase Pro,Bittrex
01-09-2021_19-17-34,BTC/USD,100,40636.5,40590.94,0.11211595486815466,-0.39788404513184533,0.51,False,Kraken,Bittrex
01-09-2021_19-17-34,ETH/USD,100,1291.74,1290.76,0.0758666604734713,-0.5241333395265286,0.6,False,Binance US,Coinbase Pro
01-09-2021_19-17-35,XRP/USD,100,0.33261,0.33224,0.1112413938246105,-0.39875857617538946,0.50999997,False,Bittrex,Kraken
01-09-2021_19-17-35,BCH/USD,100,571.09,568.0,0.5410705843212158,-0.2089294156787842,0.75,False,Coinbase Pro,Bittrex
01-09-2021_19-17-36,BTC/USD,100,40636.5,40590.94,0.11211595486815466,-0.39788404513184533,0.51,False,Kraken,Bittrex
01-09-2021_19-17-36,ETH/USD,100,1291.73,1290.71,0.07896387015862306,-0.5210361298413769,0.6,False,Binance US,Coinbase Pro
01-09-2021_19-17-36,XRP/USD,100,0.33261,0.33224,0.1112413938246105,-0.39875857617538946,0.50999997,False,Bittrex,Kraken
01-09-2021_19-17-37,BCH/USD,100,570.98,568.0,0.5219096991138076,0.1719096991138076,0.35,True,Binance US,Bittrex
01-09-2021_19-17-37,BTC/USD,100,40636.5,40576.037,0.14878988101830468,-0.3602101189816953,0.509,False,Kraken,Bittrex
01-09-2021_19-17-37,ETH/USD,100,1291.28,1290.71,0.044142246453126845,-0.5558577535468732,0.6,False,Binance US,Coinbase Pro
01-09-2021_19-17-38,XRP/USD,100,0.33261,0.3321,0.15333273202850498,-0.596667267971495,0.75,False,Bittrex,Coinbase Pro
01-09-2021_19-17-38,BCH/USD,100,570.65,568.0,0.46438272145798254,-0.28561727854201746,0.75,False,Coinbase Pro,Bittrex
01-09-2021_19-17-39,BTC/USD,100,40617.05,40568.45,0.11965418463429968,-0.2303458153657003,0.35,False,Binance US,Bittrex
01-09-2021_19-17-39,ETH/USD,100,1291.28,1290.52,0.058856328604174994,-0.541143671395825,0.6,False,Binance US,Coinbase Pro
01-09-2021_19-17-39,XRP/USD,100,0.3326,0.3321,0.15033072760072172,-0.44966927239927823,0.6,False,Binance US,Coinbase Pro
01-09-2021_19-17-40,BCH/USD,100,570.47,568.0,0.4329763177730691,0.08297631777306913,0.35,True,Binance US,Bittrex
01-09-2021_19-17-40,BTC/USD,100,40611.6,40552.556,0.1453870322764966,-0.3646129677235034,0.51,False,Kraken,Bittrex
01-09-2021_19-17-40,ETH/USD,100,1291.28,1290.51,0.05963075398054502,-0.5403692460194549,0.6,False,Binance US,Coinbase Pro
01-09-2021_19-17-41,XRP/USD,100,0.3326,0.3321,0.15033072760072172,-0.44966927239927823,0.6,False,Binance US,Coinbase Pro
01-09-2021_19-17-42,BCH/USD,100,570.28,568.0,0.3998036052465408,-0.3501963947534592,0.75,False,Coinbase Pro,Bittrex
01-09-2021_19-17-42,BTC/USD,100,40624.19,40552.55,0.17634813149505113,-0.17365186850494885,0.35,False,Binance US,Bittrex
01-09-2021_19-17-43,ETH/USD,100,1291.71,1290.7,0.07819092520766975,-0.5218090747923302,0.6,False,Binance US,Coinbase Pro
01-09-2021_19-17-43,XRP/USD,100,0.3326,0.3322,0.12026458208058072,-0.47973541791941926,0.6,False,Binance US,Coinbase Pro
01-09-2021_19-17-43,BCH/USD,100,570.28,568.0,0.3998036052465408,-0.3501963947534592,0.75,False,Coinbase Pro,Bittrex
01-09-2021_19-17-44,BTC/USD,100,40617.2,40557.08,0.14801611140106988,-0.36198388859893016,0.51,False,Kraken,Bittrex
01-09-2021_19-17-44,ETH/USD,100,1291.32,1290.7,0.04801288603908333,-0.5519871139609166,0.6,False,Binance US,Coinbase Pro
01-09-2021_19-17-45,XRP/USD,100,0.3326,0.3322,0.12026458208058072,-0.47973541791941926,0.6,False,Binance US,Coinbase Pro
01-09-2021_19-17-45,BCH/USD,100,570.28,568.0,0.3998036052465408,-0.3501963947534592,0.75,False,Coinbase Pro,Bittrex
01-09-2021_19-17-46,BTC/USD,100,40614.2,40557.08,0.14064046564993365,-0.36935953435006635,0.51,False,Kraken,Bittrex
01-09-2021_19-17-46,ETH/USD,100,1291.31,1290.55,0.05885496124090969,-0.5411450387590903,0.6,False,Binance US,Coinbase Pro
01-09-2021_19-17-47,XRP/USD,100,0.33263,0.3323,0.0992093316898647,-0.6507906683101353,0.75,False,Bittrex,Coinbase Pro
01-09-2021_19-17-47,BCH/USD,100,570.19,568.0,0.3840824988161936,-0.3659175011838064,0.75,False,Coinbase Pro,Bittrex
01-09-2021_19-17-47,BTC/USD,100,40614.2,40557.089,0.14061830591270333,-0.3693816940872967,0.51,False,Kraken,Bittrex
01-09-2021_19-17-48,ETH/USD,100,1291.31,1290.67,0.04956207262391468,-0.5504379273760853,0.6,False,Binance US,Coinbase Pro
01-09-2021_19-17-48,XRP/USD,100,0.33263,0.3323,0.0992093316898647,-0.6507906683101353,0.75,False,Bittrex,Coinbase Pro
01-09-2021_19-17-49,BCH/USD,100,569.92,568.0,0.33688938798427137,-0.41311061201572863,0.75,False,Coinbase Pro,Bittrex
01-09-2021_19-17-49,BTC/USD,100,40614.2,40557.08,0.14064046564993365,-0.36935953435006635,0.51,False,Kraken,Bittrex
01-09-2021_19-17-49,ETH/USD,100,1290.92,1290.13,0.06119666594366527,-0.5388033340563347,0.6,False,Binance US,Coinbase Pro
01-09-2021_19-17-50,XRP/USD,100,0.33262,0.3317,0.2765919066803054,-0.4734080933196946,0.75,False,Bittrex,Coinbase Pro
01-09-2021_19-17-50,BCH/USD,100,569.92,568.0,0.33688938798427137,-0.41311061201572863,0.75,False,Coinbase Pro,Bittrex
01-09-2021_19-17-51,BTC/USD,100,40611.7,40557.08,0.13449326179400356,-0.37550673820599645,0.51,False,Kraken,Bittrex
01-09-2021_19-17-51,ETH/USD,100,1290.92,1289.96,0.07436556874167542,-0.5256344312583245,0.6,False,Binance US,Coinbase Pro
01-09-2021_19-17-51,XRP/USD,100,0.33262,0.3317,0.2765919066803054,-0.4734080933196946,0.75,False,Bittrex,Coinbase Pro
01-09-2021_19-17-52,BCH/USD,100,569.3,568.0,0.2283506060073695,-0.5216493939926306,0.75,False,Coinbase Pro,Bittrex
01-09-2021_19-17-52,BTC/USD,100,40611.7,40543.9,0.16694696355975158,-0.3430530364402484,0.51,False,Kraken,Bittrex
01-09-2021_19-17-52,ETH/USD,100,1290.804,1289.96,0.06538560463091614,-0.6836143953690839,0.749,False,Bittrex,Coinbase Pro
01-09-2021_19-17-53,XRP/USD,100,0.33218,0.3316,0.174604130290797,-0.5753858697092029,0.7499899999999999,False,Bittrex,Coinbase Pro
01-09-2021_19-17-54,BCH/USD,100,568.99,567.999,0.17416826306261718,-0.5758317369373829,0.75,False,Coinbase Pro,Bittrex
01-09-2021_19-17-54,BTC/USD,100,40598.0,40543.9,0.13325779595053586,-0.21674220404946412,0.35,False,Binance US,Bittrex
01-09-2021_19-17-54,ETH/USD,100,1290.63,1289.52,0.0860045094256392,-0.6739954905743608,0.76,False,Kraken,Coinbase Pro
01-09-2021_19-17-55,XRP/USD,100,0.33218,0.3316,0.174604130290797,-0.5753858697092029,0.7499899999999999,False,Bittrex,Coinbase Pro
01-09-2021_19-17-55,BCH/USD,100,568.99,568.5,0.08611750645881458,-0.6738824935411855,0.76,False,Coinbase Pro,Kraken
01-09-2021_19-17-55,BTC/USD,100,40591.6,40543.9,0.11751199755613746,-0.39248800244386256,0.51,False,Kraken,Bittrex
01-09-2021_19-17-56,ETH/USD,100,1290.58,1289.29,0.09995505896573352,-0.6500449410342665,0.75,False,Bittrex,Coinbase Pro
01-09-2021_19-17-56,XRP/USD,100,0.332,0.3316,0.12048192771084681,-0.47951807228915316,0.6,False,Binance US,Coinbase Pro
01-09-2021_19-17-57,BCH/USD,100,568.856,568.1,0.1328983081834369,-0.3771016918165631,0.51,False,Bittrex,Kraken
01-09-2021_19-17-57,BTC/USD,100,40591.6,40577.21,0.03545068437804723,-0.7245493156219528,0.76,False,Kraken,Coinbase Pro
01-09-2021_19-17-58,ETH/USD,100,1290.577,1288.84,0.1345909620270685,-0.11548903797293153,0.25008,False,Bittrex,Binance US
01-09-2021_19-17-58,XRP/USD,100,0.33195,0.3313,0.19581262238290084,-0.5541773776170991,0.7499899999999999,False,Bittrex,Coinbase Pro
01-09-2021_19-17-59,BCH/USD,100,568.333,567.5,0.14656900092022987,-0.36343099907977017,0.51,False,Bittrex,Kraken
01-09-2021_19-17-59,BTC/USD,100,40570.8,40535.37,0.08732881777041687,-0.4226711822295831,0.51,False,Kraken,Bittrex
01-09-2021_19-18-00,ETH/USD,100,1290.577,1287.51,0.23764564222049572,-0.5123543577795042,0.75,False,Bittrex,Coinbase Pro
01-09-2021_19-18-00,XRP/USD,100,0.3317,0.3313,0.1205908953874017,-0.4794091046125983,0.6,False,Binance US,Coinbase Pro
01-09-2021_19-18-00,BCH/USD,100,568.333,567.5,0.14656900092022987,-0.36343099907977017,0.51,False,Bittrex,Kraken
01-09-2021_19-18-01,BTC/USD,100,40570.8,40525.807,0.11089995760498243,-0.39910004239501756,0.51,False,Kraken,Bittrex
01-09-2021_19-18-02,ETH/USD,100,1288.887,1287.19,0.1316639860592813,-0.6183360139407187,0.75,False,Bittrex,Coinbase Pro
01-09-2021_19-18-02,XRP/USD,100,0.33167,0.3312,0.14170711852142973,-0.6082928814785703,0.75,False,Bittrex,Coinbase Pro
01-09-2021_19-18-02,BCH/USD,100,568.014,567.31,0.12394060709772375,-0.38605939290227625,0.51,False,Bittrex,Kraken
01-09-2021_19-18-03,BTC/USD,100,40572.12,40545.058,0.06670097594112744,-0.28329902405887253,0.35,False,Binance US,Bittrex
01-09-2021_19-18-03,ETH/USD,100,1288.9,1288.03,0.06749941810847375,-0.2925005818915262,0.36,False,Binance US,Kraken
01-09-2021_19-18-04,XRP/USD,100,0.3317,0.33144,0.07838408200180358,-0.2816159179981964,0.36,False,Binance US,Kraken
01-09-2021_19-18-04,BCH/USD,100,568.78,567.31,0.25844790604452117,-0.5015520939554788,0.76,False,Coinbase Pro,Kraken
01-09-2021_19-18-05,BTC/USD,100,40572.13,40510.114,0.15285369538152419,-0.1971463046184758,0.35,False,Binance US,Bittrex
01-09-2021_19-18-05,ETH/USD,100,1289.69,1288.03,0.1287131015980648,-0.2312868984019352,0.36,False,Binance US,Kraken
01-09-2021_19-18-05,XRP/USD,100,0.3319,0.33143,0.1416089183488914,-0.2183910816511086,0.36,False,Binance US,Kraken
01-09-2021_19-18-06,BCH/USD,100,569.39,568.014,0.24166212964751338,-0.5083378703524866,0.75,False,Coinbase Pro,Bittrex
01-09-2021_19-18-06,BTC/USD,100,40591.07,40510.114,0.19944288238767374,-0.15055711761232624,0.35,False,Binance US,Bittrex
01-09-2021_19-18-06,ETH/USD,100,1289.69,1288.03,0.1287131015980648,-0.2312868984019352,0.36,False,Binance US,Kraken
01-09-2021_19-18-07,XRP/USD,100,0.332,0.33143,0.1716867469879563,-0.18831325301204369,0.36,False,Binance US,Kraken
01-09-2021_19-18-07,BCH/USD,100,569.39,568.23,0.20372679534237836,-0.5462732046576216,0.75,False,Coinbase Pro,Bittrex
01-09-2021_19-18-08,BTC/USD,100,40590.7,40531.642,0.14549638217620603,-0.364503617823794,0.51,False,Kraken,Bittrex
01-09-2021_19-18-08,ETH/USD,100,1289.69,1288.03,0.1287131015980648,-0.2312868984019352,0.36,False,Binance US,Kraken
01-09-2021_19-18-08,XRP/USD,100,0.332,0.3318,0.06024096385543177,-0.5397590361445682,0.6,False,Binance US,Coinbase Pro
01-09-2021_19-18-09,BCH/USD,100,569.34,568.23,0.19496258826009302,-0.555037411739907,0.75,False,Coinbase Pro,Bittrex
01-09-2021_19-18-09,BTC/USD,100,40590.7,40574.758,0.039275006343806484,-0.4707249936561935,0.51,False,Kraken,Bittrex
01-09-2021_19-18-09,ETH/USD,100,1289.68,1288.68,0.07753861422988648,-0.5224613857701135,0.6,False,Binance US,Coinbase Pro
01-09-2021_19-18-10,XRP/USD,100,0.33298,0.3318,0.3543756381764714,-0.3956243618235286,0.75,False,Bittrex,Coinbase Pro
01-09-2021_19-18-10,BCH/USD,100,569.34,568.23,0.19496258826009302,-0.555037411739907,0.75,False,Coinbase Pro,Bittrex
01-09-2021_19-18-11,BTC/USD,100,40590.2,40566.52,0.05833920502978624,-0.20166279497021378,0.260002,False,Kraken,Binance US
01-09-2021_19-18-11,ETH/USD,100,1289.43,1288.57,0.06669613705281616,-0.5333038629471838,0.6,False,Binance US,Coinbase Pro
01-09-2021_19-18-11,XRP/USD,100,0.33298,0.3318,0.3543756381764714,-0.3956243618235286,0.75,False,Bittrex,Coinbase Pro
01-09-2021_19-18-12,BCH/USD,100,568.82,568.23,0.10372349776731335,-0.6462765022326866,0.75,False,Coinbase Pro,Bittrex
01-09-2021_19-18-12,BTC/USD,100,40590.2,40534.089,0.13823780124265747,-0.3717621987573425,0.51,False,Kraken,Bittrex
01-09-2021_19-18-12,ETH/USD,100,1289.35,1288.57,0.06049559855741054,-0.6995044014425895,0.76,False,Kraken,Coinbase Pro
01-09-2021_19-18-13,XRP/USD,100,0.33235,0.3317,0.19557695200842,-0.5544230479915799,0.75,False,Bittrex,Coinbase Pro
01-09-2021_19-18-14,BCH/USD,100,568.228,567.07,0.20379143583207832,-0.5462085641679217,0.75,False,Bittrex,Coinbase Pro
01-09-2021_19-18-15,BTC/USD,100,40569.6,40524.439,0.11131734106325933,-0.3986826589367407,0.51,False,Kraken,Bittrex
01-09-2021_19-18-15,ETH/USD,100,1288.96,1288.28,0.05275571002979639,-0.5472442899702036,0.6,False,Binance US,Coinbase Pro
01-09-2021_19-18-15,XRP/USD,100,0.33235,0.3319,0.1353994283135267,-0.6146005716864733,0.75,False,Bittrex,Coinbase Pro
01-09-2021_19-18-16,BCH/USD,100,568.227,566.33,0.33384545260959697,-0.17615454739040304,0.51,False,Bittrex,Kraken
01-09-2021_19-18-16,BTC/USD,100,40569.6,40524.439,0.11131734106325933,-0.3986826589367407,0.51,False,Kraken,Bittrex
01-09-2021_19-18-17,ETH/USD,100,1288.96,1288.22,0.05741062562065611,-0.5425893743793438,0.6,False,Binance US,Coinbase Pro
01-09-2021_19-18-17,XRP/USD,100,0.33235,0.3319,0.1353994283135267,-0.6146005716864733,0.75,False,Bittrex,Coinbase Pro
01-09-2021_19-18-18,BCH/USD,100,568.227,566.05,0.383121534175606,0.132941534175606,0.25018,True,Bittrex,Binance US
01-09-2021_19-18-18,BTC/USD,100,40569.7,40530.105,0.09759746806112417,-0.4124025319388758,0.51,False,Kraken,Bittrex
01-09-2021_19-18-18,ETH/USD,100,1288.96,1288.22,0.05741062562065611,-0.5425893743793438,0.6,False,Binance US,Coinbase Pro
01-09-2021_19-18-18,XRP/USD,100,0.33235,0.3319,0.1353994283135267,-0.6146005716864733,0.75,False,Bittrex,Coinbase Pro
01-09-2021_19-18-19,BCH/USD,100,568.223,566.33,0.33314385373346656,-0.17685614626653345,0.51,False,Bittrex,Kraken
01-09-2021_19-18-19,BTC/USD,100,40569.7,40530.105,0.09759746806112417,-0.4124025319388758,0.51,False,Kraken,Bittrex
01-09-2021_19-18-20,ETH/USD,100,1288.871,1288.35,0.04042297483613065,-0.20965702516386936,0.25008,False,Bittrex,Binance US
01-09-2021_19-18-20,XRP/USD,100,0.33235,0.3319,0.1353994283135267,-0.6146005716864733,0.75,False,Bittrex,Coinbase Pro
01-09-2021_19-18-21,BCH/USD,100,568.223,565.73,0.4387362004001842,-0.07126379959981582,0.51,False,Bittrex,Kraken
01-09-2021_19-18-21,BTC/USD,100,40573.6,40530.105,0.10720024843739609,-0.40279975156260395,0.51,False,Kraken,Bittrex
01-09-2021_19-18-21,ETH/USD,100,1288.87,1288.22,0.05043177356908483,-0.6995682264309152,0.75,False,Bittrex,Coinbase Pro
01-09-2021_19-18-22,XRP/USD,100,0.33235,0.3319,0.1353994283135267,-0.6146005716864733,0.75,False,Bittrex,Coinbase Pro
01-09-2021_19-18-22,BCH/USD,100,568.221,565.73,0.43838576891737285,-0.07161423108262716,0.51,False,Bittrex,Kraken
01-09-2021_19-18-23,BTC/USD,100,40568.6,40530.105,0.0948886577303514,-0.41511134226964863,0.51,False,Kraken,Bittrex
01-09-2021_19-18-23,ETH/USD,100,1288.87,1288.22,0.05043177356908483,-0.6995682264309152,0.75,False,Bittrex,Coinbase Pro
01-09-2021_19-18-23,XRP/USD,100,0.33235,0.3319,0.1353994283135267,-0.6146005716864733,0.75,False,Bittrex,Coinbase Pro
01-09-2021_19-18-24,BCH/USD,100,568.221,565.29,0.5158204290232216,0.005846429023221633,0.5099739999999999,True,Bittrex,Kraken
01-09-2021_19-18-24,BTC/USD,100,40568.6,40530.105,0.0948886577303514,-0.41511134226964863,0.51,False,Kraken,Bittrex
01-09-2021_19-18-25,ETH/USD,100,1288.87,1288.35,0.04034541885527492,-0.2097345811447251,0.25008,False,Bittrex,Binance US
01-09-2021_19-18-25,XRP/USD,100,0.33235,0.3319,0.1353994283135267,-0.6146005716864733,0.75,False,Bittrex,Coinbase Pro
01-09-2021_19-18-25,BCH/USD,100,566.58,565.29,0.22768188075824725,-0.13229211924175277,0.359974,False,Binance US,Kraken
01-09-2021_19-18-26,BTC/USD,100,40572.9,40530.105,0.1054768084115216,-0.40426319158847845,0.5097400000000001,False,Kraken,Bittrex
01-09-2021_19-18-26,ETH/USD,100,1288.87,1288.35,0.04034541885527492,-0.2097345811447251,0.25008,False,Bittrex,Binance US
01-09-2021_19-18-26,XRP/USD,100,0.3324,0.3319,0.15042117930204588,-0.4495788206979541,0.6,False,Binance US,Coinbase Pro
01-09-2021_19-18-27,BCH/USD,100,567.69,565.689,0.35248110764679486,-0.39751889235320514,0.75,False,Coinbase Pro,Bittrex
01-09-2021_19-18-28,BTC/USD,100,40589.1,40530.105,0.14534690347900137,-0.36465309652099864,0.51,False,Kraken,Bittrex
01-09-2021_19-18-28,ETH/USD,100,1289.81,1288.869,0.07295648196246199,-0.277043518037538,0.35,False,Binance US,Bittrex
01-09-2021_19-18-28,XRP/USD,100,0.3324,0.33197,0.1293622141997551,-0.23063778580024488,0.36,False,Binance US,Kraken
01-09-2021_19-18-29,BCH/USD,100,567.25,565.59,0.29263992948434875,-0.46736007051565126,0.76,False,Coinbase Pro,Kraken
01-09-2021_19-18-29,BTC/USD,100,40599.62,40579.35,0.04992657566746702,-0.5500734243325329,0.6,False,Binance US,Coinbase Pro
01-09-2021_19-18-29,ETH/USD,100,1289.81,1288.869,0.07295648196246199,-0.277043518037538,0.35,False,Binance US,Bittrex
01-09-2021_19-18-30,XRP/USD,100,0.3324,0.3321,0.0902527075812175,-0.5097472924187825,0.6,False,Binance US,Coinbase Pro
01-09-2021_19-18-30,BCH/USD,100,567.25,565.59,0.29263992948434875,-0.46736007051565126,0.76,False,Coinbase Pro,Kraken
01-09-2021_19-18-31,BTC/USD,100,40593.1,40543.714,0.1216610704774915,-0.38807892952250855,0.5097400000000001,False,Kraken,Bittrex
01-09-2021_19-18-31,ETH/USD,100,1289.49,1288.39,0.08530504307903969,-0.6746689569209603,0.7599739999999999,False,Kraken,Coinbase Pro
01-09-2021_19-18-32,XRP/USD,100,0.33249,0.3321,0.11729676080483667,-0.6327032391951634,0.75,False,Bittrex,Coinbase Pro
01-09-2021_19-18-33,BCH/USD,100,566.93,565.45,0.26105515672127155,-0.49894484327872846,0.76,False,Coinbase Pro,Kraken
01-09-2021_19-18-33,BTC/USD,100,40588.4,40552.91,0.08743877561076062,-0.4225612243892394,0.51,False,Kraken,Bittrex
01-09-2021_19-18-34,ETH/USD,100,1289.14,1288.59,0.04266410164917556,-0.31733589835082443,0.36,False,Binance US,Kraken
01-09-2021_19-18-34,XRP/USD,100,0.33248,0.3321,0.1142925890279089,-0.635707410972091,0.75,False,Bittrex,Coinbase Pro
01-09-2021_19-18-34,BCH/USD,100,566.93,565.45,0.26105515672127155,-0.49894484327872846,0.76,False,Coinbase Pro,Kraken
01-09-2021_19-18-35,BTC/USD,100,40598.56,40552.91,0.11244241175055023,-0.23755758824944975,0.35,False,Binance US,Bittrex
01-09-2021_19-18-35,ETH/USD,100,1290.45,1288.59,0.1441357665930588,-0.2158642334069412,0.36,False,Binance US,Kraken
01-09-2021_19-18-35,XRP/USD,100,0.3326,0.3321,0.15033072760072172,-0.44966927239927823,0.6,False,Binance US,Coinbase Pro
01-09-2021_19-18-36,BCH/USD,100,566.75,565.49,0.2223202470224951,-0.5376797529775049,0.76,False,Coinbase Pro,Kraken
01-09-2021_19-18-36,BTC/USD,100,40598.37,40552.916,0.11196015997687882,-0.6380398400231212,0.75,False,Coinbase Pro,Bittrex
01-09-2021_19-18-37,ETH/USD,100,1290.41,1289.06,0.1046179121364633,-0.4043820878635367,0.509,False,Bittrex,Kraken
01-09-2021_19-18-37,XRP/USD,100,0.33299,0.3323,0.20721342983273489,-0.5427865701672652,0.75,False,Bittrex,Coinbase Pro
01-09-2021_19-18-37,BCH/USD,100,566.75,565.49,0.2223202470224951,-0.5376797529775049,0.76,False,Coinbase Pro,Kraken
01-09-2021_19-18-38,BTC/USD,100,40614.07,40599.999,0.03464562896551927,-0.3153543710344807,0.35,False,Binance US,Bittrex
01-09-2021_19-18-38,ETH/USD,100,1290.407,1289.06,0.10438567056750159,-0.4056143294324984,0.51,False,Bittrex,Kraken
01-09-2021_19-18-38,XRP/USD,100,0.33299,0.3324,0.1771824979729226,-0.5728175020270774,0.75,False,Bittrex,Coinbase Pro
01-09-2021_19-18-39,BCH/USD,100,566.28,565.01,0.22427067881613016,-0.5357293211838698,0.76,False,Coinbase Pro,Kraken
01-09-2021_19-18-39,BTC/USD,100,40611.21,40599.999,0.027605678333631756,-0.3223943216663682,0.35,False,Binance US,Bittrex
01-09-2021_19-18-39,ETH/USD,100,1290.407,1289.06,0.10438567056750159,-0.4056143294324984,0.51,False,Bittrex,Kraken
01-09-2021_19-18-40,XRP/USD,100,0.33282,0.3324,0.12619433928250448,-0.6238056607174955,0.75,False,Bittrex,Coinbase Pro
01-09-2021_19-18-40,BCH/USD,100,565.89,565.01,0.15550725405997554,-0.35449274594002445,0.51,False,Bittrex,Kraken
01-09-2021_19-18-41,BTC/USD,100,40616.65,40599.999,0.04099550307570422,-0.30900449692429577,0.35,False,Binance US,Bittrex
01-09-2021_20-03-03,BTC/USD,100,40601.57,40566.828,0.08556811965645261,-0.6644318803435474,0.75,False,Coinbase Pro,Bittrex
01-09-2021_20-03-03,ETH/USD,100,1292.89,1292.01,0.06806456852478625,-0.6919354314752137,0.76,False,Coinbase Pro,Kraken
01-09-2021_20-03-03,XRP/USD,100,0.33115,0.3309,0.07549448890230183,-0.6745055110976982,0.75,False,Bittrex,Coinbase Pro
01-09-2021_20-03-04,BCH/USD,100,569.58,567.33,0.39502791530601494,-0.36497208469398507,0.76,False,Coinbase Pro,Kraken
01-09-2021_20-03-04,BTC/USD,100,40601.57,40566.828,0.08556811965645261,-0.6644318803435474,0.75,False,Coinbase Pro,Bittrex
01-09-2021_20-03-05,ETH/USD,100,1292.87,1292.01,0.06651867550487675,-0.6934813244951232,0.76,False,Coinbase Pro,Kraken
01-09-2021_20-03-05,XRP/USD,100,0.3312,0.331,0.06038647342994505,-0.5396135265700549,0.6,False,Binance US,Coinbase Pro
01-09-2021_20-03-05,BCH/USD,100,569.54,567.33,0.3880324472381084,-0.3719675527618916,0.76,False,Coinbase Pro,Kraken
01-09-2021_20-03-06,BTC/USD,100,40601.57,40566.828,0.08556811965645261,-0.6644318803435474,0.75,False,Coinbase Pro,Bittrex
01-09-2021_20-03-06,ETH/USD,100,1292.87,1292.01,0.06651867550487675,-0.6934813244951232,0.76,False,Coinbase Pro,Kraken
01-09-2021_20-03-07,XRP/USD,100,0.3312,0.33101,0.05736714975844444,-0.30263285024155556,0.36,False,Binance US,Kraken
01-09-2021_20-03-07,BCH/USD,100,569.51,567.33,0.382785201313401,-0.377214798686599,0.76,False,Coinbase Pro,Kraken
01-09-2021_20-03-08,BTC/USD,100,40603.72,40566.828,0.09085867009229652,-0.25914132990770344,0.35,False,Binance US,Bittrex
01-09-2021_20-03-08,ETH/USD,100,1292.87,1292.01,0.06651867550487675,-0.6934813244951232,0.76,False,Coinbase Pro,Kraken
01-09-2021_20-03-09,XRP/USD,100,0.33141,0.33087,0.1629401647506065,-0.34705983524939354,0.51,False,Bittrex,Kraken
01-09-2021_20-03-09,BCH/USD,100,569.16,567.33,0.32152646004637137,-0.43847353995362864,0.76,False,Coinbase Pro,Kraken
01-09-2021_20-03-09,BTC/USD,100,40601.52,40566.828,0.08544507693306916,-0.6645549230669309,0.75,False,Coinbase Pro,Bittrex
01-09-2021_20-03-10,ETH/USD,100,1292.858,1291.92,0.07255243808677167,-0.6774475619132283,0.75,False,Bittrex,Coinbase Pro
01-09-2021_20-03-10,XRP/USD,100,0.3314,0.33087,0.15992757996378243,-0.3500724200362176,0.51,False,Bittrex,Kraken
01-09-2021_20-03-10,BCH/USD,100,569.36,567.31,0.3600533932836989,-0.14012660671630106,0.50018,False,Coinbase Pro,Binance US
01-09-2021_20-03-11,BTC/USD,100,40607.73,40566.828,0.10072466498374043,-0.24927533501625954,0.35,False,Binance US,Bittrex
01-09-2021_20-03-11,ETH/USD,100,1292.851,1292.01,0.06505003283441957,-0.44494996716558044,0.51,False,Bittrex,Kraken
01-09-2021_20-03-12,XRP/USD,100,0.3314,0.3309,0.15087507543752113,-0.39912492456247894,0.55,False,Bittrex,Binance US
01-09-2021_20-03-12,BCH/USD,100,569.36,567.11,0.39518055360404664,-0.3648194463959534,0.76,False,Coinbase Pro,Kraken
01-09-2021_20-03-12,BTC/USD,100,40629.37,40566.828,0.15393298000929198,-0.196067019990708,0.35,False,Binance US,Bittrex
01-09-2021_20-03-13,ETH/USD,100,1293.17,1292.01,0.08970205000116625,-0.6702979499988337,0.76,False,Coinbase Pro,Kraken
01-09-2021_20-03-13,XRP/USD,100,0.3314,0.3309,0.15087507543752113,-0.39912492456247894,0.55,False,Bittrex,Binance US
01-09-2021_20-03-13,BCH/USD,100,569.42,567.11,0.4056759509676417,-0.3543240490323583,0.76,False,Coinbase Pro,Kraken
01-09-2021_20-03-14,BTC/USD,100,40652.339,40615.9,0.08963567877360878,-0.4203643212263912,0.51,False,Bittrex,Kraken
01-09-2021_20-03-14,ETH/USD,100,1293.17,1292.01,0.08970205000116625,-0.6702979499988337,0.76,False,Coinbase Pro,Kraken
01-09-2021_20-03-15,XRP/USD,100,0.3314,0.3309,0.15087507543752113,-0.39912492456247894,0.55,False,Bittrex,Binance US
01-09-2021_20-03-15,BCH/USD,100,569.42,567.15,0.39865125917600047,-0.36134874082399954,0.76,False,Coinbase Pro,Kraken
01-09-2021_20-03-15,BTC/USD,100,40626.17,40595.622,0.0751929113672178,-0.6748070886327822,0.75,False,Coinbase Pro,Bittrex
01-09-2021_20-03-16,ETH/USD,100,1292.94,1292.01,0.07192909183721315,-0.6880709081627868,0.76,False,Coinbase Pro,Kraken
01-09-2021_20-03-16,XRP/USD,100,0.3314,0.3309,0.15087507543752113,-0.39912492456247894,0.55,False,Bittrex,Binance US
01-09-2021_20-03-16,BCH/USD,100,569.55,567.15,0.4213853041875125,-0.3386146958124875,0.76,False,Coinbase Pro,Kraken
01-09-2021_20-03-17,BTC/USD,100,40629.66,40595.62,0.08378115888737653,-0.26621884111262345,0.35,False,Binance US,Bittrex
01-09-2021_20-03-18,ETH/USD,100,1292.95,1291.75,0.09281101357361425,-0.6671889864263858,0.76,False,Coinbase Pro,Kraken
01-09-2021_20-03-18,XRP/USD,100,0.3314,0.3309,0.15087507543752113,-0.39912492456247894,0.55,False,Bittrex,Binance US
01-09-2021_20-03-19,BCH/USD,100,569.37,567.17,0.3863919770975017,-0.3736080229024983,0.76,False,Coinbase Pro,Kraken
01-09-2021_20-03-19,BTC/USD,100,40624.63,40595.62,0.07140988114844311,-0.2785901188515569,0.35,False,Binance US,Bittrex
01-09-2021_20-03-20,ETH/USD,100,1292.836,1291.57,0.09792425334691147,-0.41207574665308855,0.51,False,Bittrex,Kraken
01-09-2021_20-03-21,XRP/USD,100,0.3314,0.3308,0.1810500905250421,-0.368949909474958,0.55,False,Bittrex,Binance US
01-09-2021_20-03-21,BCH/USD,100,569.25,567.16,0.36714975845411185,-0.39285024154588816,0.76,False,Coinbase Pro,Kraken
01-09-2021_20-03-22,BTC/USD,100,40615.78,40595.62,0.04963588043857884,-0.7003641195614212,0.75,False,Coinbase Pro,Bittrex
01-09-2021_20-03-22,ETH/USD,100,1292.88,1291.68,0.09281603861147558,-0.6671839613885244,0.76,False,Coinbase Pro,Kraken
01-09-2021_20-03-22,XRP/USD,100,0.3314,0.3308,0.1810500905250421,-0.368949909474958,0.55,False,Bittrex,Binance US
01-09-2021_20-03-23,BCH/USD,100,568.75,567.16,0.2795604395604452,-0.4804395604395548,0.76,False,Coinbase Pro,Kraken
01-09-2021_20-03-23,BTC/USD,100,40615.7,40583.65,0.07891037209747866,-0.43108962790252137,0.51,False,Kraken,Bittrex
01-09-2021_20-03-24,ETH/USD,100,1292.833,1291.32,0.11702980972794995,-0.39294419027204996,0.5099739999999999,False,Bittrex,Kraken
01-09-2021_20-03-24,XRP/USD,100,0.3314,0.33074,0.19915509957754798,-0.31084490042245205,0.51,False,Bittrex,Kraken
01-09-2021_20-03-25,BCH/USD,100,568.11,566.07,0.35908538839308646,-0.40091461160691355,0.76,False,Coinbase Pro,Kraken
01-09-2021_20-03-25,BTC/USD,100,40615.7,40577.8,0.09331366934459873,-0.4166863306554013,0.51,False,Kraken,Bittrex
01-09-2021_20-03-26,ETH/USD,100,1292.825,1291.32,0.11641173399339501,-0.39256226600660504,0.508974,False,Bittrex,Kraken
01-09-2021_20-03-26,XRP/USD,100,0.33105,0.33062,0.12988974475154386,-0.38011025524845615,0.51,False,Bittrex,Kraken
01-09-2021_20-03-26,BCH/USD,100,568.11,566.07,0.35908538839308646,-0.40091461160691355,0.76,False,Coinbase Pro,Kraken
01-09-2021_20-03-27,BTC/USD,100,40615.7,40610.24,0.01344307743064659,-0.7465569225693535,0.76,False,Kraken,Coinbase Pro
01-09-2021_20-03-27,ETH/USD,100,1292.821,1291.07,0.13544025042909857,-0.37355974957090143,0.509,False,Bittrex,Kraken
01-09-2021_20-03-28,XRP/USD,100,0.33105,0.33073,0.09666213562905511,-0.4133378643709449,0.51,False,Bittrex,Kraken
01-09-2021_20-03-28,BCH/USD,100,568.64,566.53,0.37106077658976044,-0.38893922341023957,0.76,False,Coinbase Pro,Kraken
01-09-2021_20-03-29,BTC/USD,100,40625.41,40607.89,0.043125718608142224,-0.4568762813918577,0.500002,False,Coinbase Pro,Binance US
01-09-2021_20-03-29,ETH/USD,100,1292.818,1291.24,0.12205894410504607,-0.3879410558949539,0.51,False,Bittrex,Kraken
01-09-2021_20-03-30,XRP/USD,100,0.33121,0.33073,0.14492316053258672,-0.3650768394674133,0.51,False,Bittrex,Kraken
01-09-2021_20-03-30,BCH/USD,100,568.48,566.53,0.34301998311287035,-0.41698001688712966,0.76,False,Coinbase Pro,Kraken
01-09-2021_20-03-31,BTC/USD,100,40626.35,40596.855,0.07260066434714255,-0.6773993356528575,0.75,False,Coinbase Pro,Bittrex
01-09-2021_20-03-32,ETH/USD,100,1292.815,1290.94,0.14503235188329341,-0.36396764811670657,0.509,False,Bittrex,Kraken
01-09-2021_20-03-32,XRP/USD,100,0.3312,0.33073,0.14190821256037756,-0.36809178743962245,0.51,False,Bittrex,Kraken
01-09-2021_20-03-32,BCH/USD,100,568.11,566.49,0.2851560437239275,-0.4748439562760725,0.76,False,Coinbase Pro,Kraken
01-09-2021_20-03-33,BTC/USD,100,40626.35,40596.85,0.07261297163048121,-0.6763870283695188,0.749,False,Coinbase Pro,Bittrex
01-09-2021_20-03-34,ETH/USD,100,1292.807,1290.53,0.17612837801775855,-0.33387162198224146,0.51,False,Bittrex,Kraken
01-09-2021_20-03-34,XRP/USD,100,0.3312,0.3307,0.15096618357487937,-0.5990338164251207,0.75,False,Bittrex,Coinbase Pro
01-09-2021_20-03-35,BCH/USD,100,567.78,565.81,0.3469653739124357,-0.4130346260875643,0.76,False,Coinbase Pro,Kraken
01-09-2021_20-03-36,BTC/USD,100,40618.02,40596.85,0.05211972420122462,-0.6968802757987754,0.749,False,Coinbase Pro,Bittrex
01-09-2021_20-03-36,ETH/USD,100,1291.937,1290.53,0.10890623923611799,-0.40109376076388203,0.51,False,Bittrex,Kraken
01-09-2021_20-03-37,XRP/USD,100,0.3312,0.33051,0.20833333333332382,-0.3016666666666762,0.51,False,Bittrex,Kraken
01-09-2021_20-03-37,BCH/USD,100,568.08,565.96,0.37318687508801657,-0.38681312491198344,0.76,False,Coinbase Pro,Kraken
01-09-2021_20-03-38,BTC/USD,100,40615.7,40583.82,0.07849181474158363,-0.4315081852584164,0.51,False,Kraken,Bittrex
01-09-2021_20-03-38,ETH/USD,100,1291.936,1290.18,0.13592004557500204,-0.374079954424998,0.51,False,Bittrex,Kraken
01-09-2021_20-03-38,XRP/USD,100,0.33094,0.33051,0.1299329183537759,-0.3800670816462241,0.51,False,Bittrex,Kraken
01-09-2021_20-03-39,BCH/USD,100,567.96,565.96,0.3521374744700331,-0.40786252552996693,0.76,False,Coinbase Pro,Kraken
01-09-2021_20-03-39,BTC/USD,100,40606.44,40574.8,0.07791867496879662,-0.6720813250312034,0.75,False,Coinbase Pro,Bittrex
01-09-2021_20-03-39,ETH/USD,100,1291.936,1290.07,0.1444343992272052,-0.3655656007727948,0.51,False,Bittrex,Kraken
01-09-2021_20-03-40,XRP/USD,100,0.33094,0.33067,0.08158578594306898,-0.42841421405693103,0.51,False,Bittrex,Kraken
01-09-2021_20-03-40,BCH/USD,100,567.96,565.96,0.3521374744700331,-0.40786252552996693,0.76,False,Coinbase Pro,Kraken
01-09-2021_20-03-41,BTC/USD,100,40606.61,40574.8,0.07833699981357141,-0.6716630001864285,0.75,False,Coinbase Pro,Bittrex
01-09-2021_20-03-41,ETH/USD,100,1291.925,1290.07,0.14358418638853016,-0.36641581361146985,0.51,False,Bittrex,Kraken
01-09-2021_20-03-41,XRP/USD,100,0.3311,0.33067,0.1298701298701256,-0.3801298701298744,0.51,False,Bittrex,Kraken
01-09-2021_20-03-42,BCH/USD,100,567.99,565.82,0.3820489797355515,-0.3779510202644485,0.76,False,Coinbase Pro,Kraken
01-09-2021_20-03-42,BTC/USD,100,40607.44,40574.8,0.0803793590534134,-0.26962064094658655,0.35,False,Binance US,Bittrex
01-09-2021_20-03-42,ETH/USD,100,1291.925,1290.02,0.1474543800917215,-0.3625456199082785,0.51,False,Bittrex,Kraken
01-09-2021_20-03-43,XRP/USD,100,0.3311,0.33069,0.12382965871338611,-0.38617034128661387,0.51,False,Bittrex,Kraken
01-09-2021_20-03-43,BCH/USD,100,567.99,565.82,0.3820489797355515,-0.3779510202644485,0.76,False,Coinbase Pro,Kraken
01-09-2021_20-03-44,BTC/USD,100,40620.15,40602.3,0.043943707741105204,-0.7160562922588948,0.76,False,Coinbase Pro,Kraken
01-09-2021_20-03-44,ETH/USD,100,1291.922,1290.02,0.14722251033731476,-0.36277748966268525,0.51,False,Bittrex,Kraken
01-09-2021_20-03-44,XRP/USD,100,0.33109,0.33069,0.1208130719743911,-0.3891869280256089,0.51,False,Bittrex,Kraken
01-09-2021_20-03-45,BCH/USD,100,568.49,565.82,0.46966525356645833,-0.2903347464335417,0.76,False,Coinbase Pro,Kraken
01-09-2021_20-03-45,BTC/USD,100,40625.85,40602.3,0.057968017899922425,-0.7020319821000776,0.76,False,Coinbase Pro,Kraken
01-09-2021_20-03-45,ETH/USD,100,1291.922,1290.06,0.14412634818511336,-0.3658736518148866,0.51,False,Bittrex,Kraken
01-09-2021_20-03-46,XRP/USD,100,0.33109,0.33082,0.08154882358270939,-0.42845117641729064,0.51,False,Bittrex,Kraken
01-09-2021_20-03-46,BCH/USD,100,568.49,566.46,0.3570863163819896,-0.4029136836180104,0.76,False,Coinbase Pro,Kraken
01-09-2021_20-03-47,BTC/USD,100,40632.75,40594.019,0.09531966209523049,-0.2546803379047695,0.35,False,Binance US,Bittrex
01-09-2021_20-03-48,ETH/USD,100,1291.916,1290.06,0.1436625910662918,-0.3663374089337082,0.51,False,Bittrex,Kraken
01-09-2021_20-03-48,XRP/USD,100,0.33109,0.3309,0.05738620918782446,-0.45261379081217556,0.51,False,Bittrex,Kraken
01-09-2021_20-03-49,BCH/USD,100,568.62,566.46,0.37986704653370756,-0.38013295346629244,0.76,False,Coinbase Pro,Kraken
01-09-2021_20-03-49,BTC/USD,100,40630.59,40594.01,0.09003068870029815,-0.2599693112997018,0.35,False,Binance US,Bittrex
01-09-2021_20-03-49,ETH/USD,100,1291.916,1290.06,0.1436625910662918,-0.3663374089337082,0.51,False,Bittrex,Kraken
01-09-2021_20-03-50,XRP/USD,100,0.33109,0.33086,0.0694675163852753,-0.4405324836147247,0.51,False,Bittrex,Kraken
01-09-2021_20-03-50,BCH/USD,100,568.62,566.46,0.37986704653370756,-0.38013295346629244,0.76,False,Coinbase Pro,Kraken
01-09-2021_20-03-50,BTC/USD,100,40627.88,40594.01,0.0833663976559824,-0.6666336023440176,0.75,False,Coinbase Pro,Bittrex
01-09-2021_20-03-51,ETH/USD,100,1291.909,1290.06,0.14312153564996913,-0.3658784643500309,0.509,False,Bittrex,Kraken
01-09-2021_20-03-51,XRP/USD,100,0.33109,0.3308,0.08758947718143481,-0.4624105228185652,0.55,False,Bittrex,Binance US
01-09-2021_20-03-51,BCH/USD,100,568.72,566.61,0.3710085806723895,-0.12917141932761045,0.50018,False,Coinbase Pro,Binance US
01-09-2021_20-03-52,BTC/USD,100,40627.88,40594.01,0.0833663976559824,-0.6666336023440176,0.75,False,Coinbase Pro,Bittrex
01-09-2021_20-03-52,ETH/USD,100,1291.909,1290.06,0.14312153564996913,-0.3658784643500309,0.509,False,Bittrex,Kraken
01-09-2021_20-03-53,XRP/USD,100,0.33109,0.3308,0.08758947718143481,-0.4624105228185652,0.55,False,Bittrex,Binance US
01-09-2021_20-03-54,BCH/USD,100,568.58,566.43,0.37813500298992064,-0.38186499701007937,0.76,False,Coinbase Pro,Kraken
01-09-2021_20-03-54,BTC/USD,100,40611.71,40594.01,0.04358348860463421,-0.7064165113953658,0.75,False,Coinbase Pro,Bittrex
01-09-2021_20-03-55,ETH/USD,100,1291.903,1290.01,0.14652802880711857,-0.36347197119288144,0.51,False,Bittrex,Kraken
01-09-2021_20-03-55,XRP/USD,100,0.33109,0.3308,0.08758947718143481,-0.6624105228185652,0.75,False,Bittrex,Coinbase Pro
01-09-2021_20-03-56,BCH/USD,100,568.16,566.2,0.3449732469726701,-0.4150267530273299,0.76,False,Coinbase Pro,Kraken
01-09-2021_20-03-56,BTC/USD,100,40608.4,40574.47,0.08355414150766909,-0.4264458584923309,0.51,False,Kraken,Bittrex
01-09-2021_20-03-57,ETH/USD,100,1291.903,1290.01,0.14652802880711857,-0.36347197119288144,0.51,False,Bittrex,Kraken
01-09-2021_20-03-57,XRP/USD,100,0.33109,0.3308,0.08758947718143481,-0.6624105228185652,0.75,False,Bittrex,Coinbase Pro
01-09-2021_20-03-57,BCH/USD,100,568.16,566.2,0.3449732469726701,-0.4150267530273299,0.76,False,Coinbase Pro,Kraken
01-09-2021_20-03-58,BTC/USD,100,40604.37,40574.47,0.07363739420166217,-0.6763626057983378,0.75,False,Coinbase Pro,Bittrex
01-09-2021_20-03-58,ETH/USD,100,1291.897,1289.51,0.18476705186248932,-0.3252329481375107,0.51,False,Bittrex,Kraken
01-09-2021_20-03-58,XRP/USD,100,0.33109,0.3308,0.08758947718143481,-0.6624105228185652,0.75,False,Bittrex,Coinbase Pro
01-09-2021_20-03-59,BCH/USD,100,568.51,566.0,0.44150498671966915,-0.31849501328033086,0.76,False,Coinbase Pro,Kraken
01-09-2021_20-03-59,BTC/USD,100,40609.66,40601.0,0.021324975387638043,-0.738675024612362,0.76,False,Coinbase Pro,Kraken
01-09-2021_20-04-00,ETH/USD,100,1291.897,1289.51,0.18476705186248932,-0.3252329481375107,0.51,False,Bittrex,Kraken
01-09-2021_20-04-00,XRP/USD,100,0.33109,0.33081,0.08456915038207209,-0.42543084961792793,0.51,False,Bittrex,Kraken
01-09-2021_20-04-00,BCH/USD,100,568.51,566.0,0.44150498671966915,-0.31849501328033086,0.76,False,Coinbase Pro,Kraken
01-09-2021_20-04-01,BTC/USD,100,40603.85,40574.1,0.07326891415469224,-0.6767310858453077,0.75,False,Coinbase Pro,Bittrex
01-09-2021_20-04-01,ETH/USD,100,1290.86,1289.16,0.13169514897043974,-0.6283048510295602,0.76,False,Coinbase Pro,Kraken
01-09-2021_20-04-01,XRP/USD,100,0.33109,0.33081,0.08456915038207209,-0.42543084961792793,0.51,False,Bittrex,Kraken
01-09-2021_20-04-02,BCH/USD,100,568.4,566.14,0.39760731878958316,-0.36239268121041684,0.76,False,Coinbase Pro,Kraken
01-09-2021_20-04-02,BTC/USD,100,40603.85,40574.1,0.07326891415469224,-0.6767310858453077,0.75,False,Coinbase Pro,Bittrex
01-09-2021_20-04-03,ETH/USD,100,1290.821,1289.16,0.12867779498472917,-0.3813222050152708,0.51,False,Bittrex,Kraken
01-09-2021_20-04-03,XRP/USD,100,0.33109,0.3308,0.08758947718143481,-0.6624105228185652,0.75,False,Bittrex,Coinbase Pro
01-09-2021_20-04-03,BCH/USD,100,568.4,566.14,0.39760731878958316,-0.36239268121041684,0.76,False,Coinbase Pro,Kraken
01-09-2021_20-04-04,BTC/USD,100,40600.2,40563.691,0.08992320234875247,-0.42007679765124756,0.51,False,Kraken,Bittrex
01-09-2021_20-04-04,ETH/USD,100,1290.821,1289.16,0.12867779498472917,-0.3813222050152708,0.51,False,Bittrex,Kraken
01-09-2021_20-04-04,XRP/USD,100,0.33109,0.3308,0.08758947718143481,-0.6624105228185652,0.75,False,Bittrex,Coinbase Pro
01-09-2021_20-04-05,BCH/USD,100,568.4,566.08,0.40816326530611124,-0.35183673469388876,0.76,False,Coinbase Pro,Kraken
01-09-2021_20-04-05,BTC/USD,100,40600.2,40550.021,0.12359298722665518,-0.3864070127733448,0.51,False,Kraken,Bittrex
01-09-2021_20-04-06,ETH/USD,100,1290.814,1289.0,0.14053147858638643,-0.3684425214136136,0.508974,False,Bittrex,Kraken
01-09-2021_20-04-06,XRP/USD,100,0.33109,0.3307,0.11779274517502838,-0.39220725482497165,0.51,False,Bittrex,Kraken
01-09-2021_20-04-07,BCH/USD,100,568.53,566.08,0.4309359224667004,-0.3290640775332996,0.76,False,Coinbase Pro,Kraken
01-09-2021_20-04-07,BTC/USD,100,40600.2,40540.399,0.14729237787005847,-0.36270762212994156,0.51,False,Kraken,Bittrex
01-09-2021_20-04-07,ETH/USD,100,1290.814,1289.0,0.14053147858638643,-0.3684425214136136,0.508974,False,Bittrex,Kraken
01-09-2021_20-04-08,XRP/USD,100,0.33109,0.3307,0.11779274517502838,-0.39220725482497165,0.51,False,Bittrex,Kraken
01-09-2021_20-04-08,BCH/USD,100,568.53,566.08,0.4309359224667004,-0.3290640775332996,0.76,False,Coinbase Pro,Kraken
01-09-2021_20-04-09,BTC/USD,100,40600.2,40540.399,0.14729237787005847,-0.36270762212994156,0.51,False,Kraken,Bittrex
01-09-2021_20-04-09,ETH/USD,100,1290.81,1288.98,0.1417714458363297,-0.3682285541636703,0.51,False,Bittrex,Kraken
01-09-2021_20-04-10,XRP/USD,100,0.33119,0.33073,0.13889308252059557,-0.37110691747940444,0.51,False,Bittrex,Kraken
01-09-2021_20-04-10,BCH/USD,100,568.8,566.11,0.472925457102662,-0.287074542897338,0.76,False,Coinbase Pro,Kraken
01-09-2021_20-04-11,BTC/USD,100,40600.2,40546.97,0.13110772853334696,-0.37889227146665305,0.51,False,Kraken,Bittrex
01-09-2021_20-04-11,ETH/USD,100,1290.806,1289.15,0.12829193542638856,-0.38170806457361145,0.51,False,Bittrex,Kraken
01-09-2021_20-04-11,XRP/USD,100,0.33119,0.33073,0.13889308252059557,-0.37110691747940444,0.51,False,Bittrex,Kraken
01-09-2021_20-04-12,BCH/USD,100,568.85,566.11,0.48167355190296374,-0.27832644809703627,0.76,False,Coinbase Pro,Kraken
01-09-2021_20-04-12,BTC/USD,100,40600.2,40568.656,0.0776941985507323,-0.4323058014492677,0.51,False,Kraken,Bittrex
01-09-2021_20-04-13,ETH/USD,100,1291.27,1289.15,0.1641794512379201,-0.5958205487620799,0.76,False,Coinbase Pro,Kraken
01-09-2021_20-04-13,XRP/USD,100,0.33118,0.3309,0.0845461682468588,-0.46545383175314126,0.55,False,Bittrex,Binance US
01-09-2021_20-04-13,BCH/USD,100,568.85,566.11,0.48167355190296374,-0.27832644809703627,0.76,False,Coinbase Pro,Kraken
01-09-2021_20-04-14,BTC/USD,100,40600.81,40568.656,0.0791954643269309,-0.27080453567306906,0.35,False,Binance US,Bittrex
01-09-2021_20-04-14,ETH/USD,100,1291.19,1289.15,0.15799378867556005,-0.60200621132444,0.76,False,Coinbase Pro,Kraken
01-09-2021_20-04-14,XRP/USD,100,0.33118,0.3309,0.0845461682468588,-0.46545383175314126,0.55,False,Bittrex,Binance US
01-09-2021_20-04-15,BCH/USD,100,568.53,566.48,0.3605790371660167,-0.3994209628339833,0.76,False,Coinbase Pro,Kraken
