,Date,Symbol,Investment,High,Low,Adjusted Spread,Adj. Spread after fees,Fees,Profitable,Sell exchange,Buy exchange
0,01-13-2021_19-15-05,ALGO/USD,25.0,0.44112,0.4401,0.057807399347117615,-0.12469260065288237,0.1825,False,Bittrex,Coinbase Pro
1,01-13-2021_19-15-15,ALGO/USD,25.0,0.44112,0.44,0.06347479143997155,-0.11902520856002845,0.1825,False,Bittrex,Coinbase Pro
2,01-13-2021_19-15-26,ALGO/USD,25.0,0.44112,0.4399,0.06914218353282547,-0.11335781646717452,0.1825,False,Bittrex,Coinbase Pro
3,01-13-2021_19-15-38,ALGO/USD,25.0,0.44112,0.4401,0.057807399347117615,-0.12469260065288237,0.1825,False,Bittrex,Coinbase Pro
4,01-13-2021_19-15-49,ALGO/USD,25.0,0.44108,0.44,0.06121338532692626,-0.12128661467307374,0.1825,False,Bittrex,Coinbase Pro
5,01-13-2021_19-15-58,ALGO/USD,25.0,0.44108,0.4398,0.07254919742450368,-0.10995080257549632,0.1825,False,Bittrex,Coinbase Pro
6,01-13-2021_19-16-10,ALGO/USD,25.0,0.44105,0.4401,0.05384876998072817,-0.1286512300192718,0.1825,False,Bittrex,Coinbase Pro
7,01-13-2021_19-16-20,ALGO/USD,25.0,0.44102,0.4402,0.046483152691490344,-0.13601684730850966,0.1825,False,Bittrex,Coinbase Pro
8,01-13-2021_19-16-30,ALGO/USD,25.0,0.441,0.4401,0.05102040816326598,-0.09397959183673402,0.145,False,Binance US,Coinbase Pro
9,01-13-2021_19-16-41,ALGO/USD,25.0,0.441,0.4399,0.06235827664399036,-0.08264172335600964,0.145,False,Binance US,Coinbase Pro
10,01-13-2021_19-16-53,ALGO/USD,25.0,0.441,0.4393,0.09637188208616662,-0.04862811791383337,0.145,False,Binance US,Coinbase Pro
11,01-13-2021_19-17-06,ALGO/USD,25.0,0.441,0.439,0.11337868480725634,-0.03162131519274365,0.145,False,Binance US,Coinbase Pro
12,01-13-2021_19-17-17,ALGO/USD,25.0,0.441,0.4395,0.08503401360544226,-0.05996598639455773,0.145,False,Binance US,Coinbase Pro
13,01-13-2021_19-17-28,ALGO/USD,25.0,0.441,0.4393,0.09637188208616662,-0.04862811791383337,0.145,False,Binance US,Coinbase Pro
14,01-13-2021_19-17-38,ALGO/USD,25.0,0.441,0.4395,0.08503401360544226,-0.05996598639455773,0.145,False,Binance US,Coinbase Pro
15,01-13-2021_19-17-49,ALGO/USD,25.0,0.441,0.4393,0.09637188208616662,-0.04862811791383337,0.145,False,Binance US,Coinbase Pro
16,01-13-2021_19-18-00,ALGO/USD,25.0,0.441,0.4392,0.10204081632653196,-0.04295918367346803,0.145,False,Binance US,Coinbase Pro
17,01-13-2021_19-18-13,ALGO/USD,25.0,0.441,0.4392,0.10204081632653196,-0.04295918367346803,0.145,False,Binance US,Coinbase Pro
18,01-13-2021_19-18-24,ALGO/USD,25.0,0.44091,0.4393,0.09128847157016173,-0.09121152842983826,0.1825,False,Bittrex,Coinbase Pro
19,01-13-2021_19-18-35,ALGO/USD,25.0,0.44091,0.4394,0.08561838016828896,-0.09688161983171104,0.1825,False,Bittrex,Coinbase Pro
20,01-13-2021_19-18-46,ALGO/USD,25.0,0.44091,0.4393,0.09128847157016173,-0.09121152842983826,0.1825,False,Bittrex,Coinbase Pro
21,01-13-2021_19-18-56,ALGO/USD,25.0,0.44089,0.4394,0.08448819433418717,-0.09801180566581283,0.1825,False,Bittrex,Coinbase Pro
22,01-13-2021_19-19-08,ALGO/USD,25.0,0.44088,0.4389,0.11227544910179536,-0.07022455089820463,0.1825,False,Bittrex,Coinbase Pro
23,01-13-2021_19-19-20,ALGO/USD,25.0,0.44088,0.4391,0.1009344946470697,-0.08156550535293029,0.1825,False,Bittrex,Coinbase Pro
24,01-13-2021_19-19-30,ALGO/USD,25.0,0.44088,0.4389,0.11227544910179536,-0.07022455089820463,0.1825,False,Bittrex,Coinbase Pro
25,01-13-2021_19-19-42,ALGO/USD,25.0,0.44088,0.4391,0.1009344946470697,-0.08156550535293029,0.1825,False,Bittrex,Coinbase Pro
26,01-13-2021_19-19-53,ALGO/USD,25.0,0.44085,0.439,0.10491096744924681,-0.07758903255075318,0.1825,False,Bittrex,Coinbase Pro
27,01-13-2021_19-20-05,ALGO/USD,25.0,0.44085,0.439,0.10491096744924681,-0.07758903255075318,0.1825,False,Bittrex,Coinbase Pro
28,01-13-2021_19-20-17,ALGO/USD,25.0,0.44082,0.44,0.046504242094278135,-0.13599575790572185,0.1825,False,Bittrex,Coinbase Pro
29,01-13-2021_19-20-28,ALGO/USD,25.0,0.441,0.4402,0.04535147392290379,-0.0996485260770962,0.145,False,Binance US,Coinbase Pro
30,01-13-2021_19-20-39,ALGO/USD,25.0,0.441,0.4403,0.03968253968253846,-0.05031746031746154,0.09,False,Binance US,Kraken
31,01-13-2021_19-20-49,ALGO/USD,25.0,0.441,0.4403,0.03968253968253846,-0.05031746031746154,0.09,False,Binance US,Kraken
32,01-13-2021_19-20-59,ALGO/USD,25.0,0.441,0.4403,0.03968253968253846,-0.05031746031746154,0.09,False,Binance US,Kraken
33,01-13-2021_19-21-10,ALGO/USD,25.0,0.441,0.4403,0.03968253968253846,-0.05031746031746154,0.09,False,Binance US,Kraken
34,01-13-2021_19-21-20,ALGO/USD,25.0,0.44235,0.44106,0.07290606985418861,-0.05459393014581139,0.1275,False,Bittrex,Kraken
35,01-13-2021_19-21-31,ALGO/USD,25.0,0.44235,0.44106,0.07290606985418861,-0.05459393014581139,0.1275,False,Bittrex,Kraken
36,01-13-2021_19-21-41,ALGO/USD,25.0,0.44235,0.44106,0.07290606985418861,-0.05459393014581139,0.1275,False,Bittrex,Kraken
37,01-13-2021_19-21-52,ALGO/USD,25.0,0.44235,0.4412,0.06499378320334802,-0.11750621679665198,0.1825,False,Bittrex,Coinbase Pro
38,01-13-2021_19-22-03,ALGO/USD,25.0,0.44235,0.441,0.07629704984740691,-0.10620295015259308,0.1825,False,Bittrex,Coinbase Pro
39,01-13-2021_19-22-14,ALGO/USD,25.0,0.44235,0.4411,0.07064541652537747,-0.11185458347462253,0.1825,False,Bittrex,Coinbase Pro
40,01-13-2021_19-22-23,ALGO/USD,25.0,0.44235,0.441,0.07629704984740691,-0.10620295015259308,0.1825,False,Bittrex,Coinbase Pro
41,01-13-2021_19-22-33,ALGO/USD,25.0,0.44235,0.4407,0.09325194981349838,-0.08924805018650162,0.1825,False,Bittrex,Coinbase Pro
42,01-13-2021_19-22-43,ALGO/USD,25.0,0.44235,0.4406,0.09890358313552783,-0.08359641686447217,0.1825,False,Bittrex,Coinbase Pro
43,01-13-2021_19-22-53,ALGO/USD,25.0,0.44235,0.4406,0.09890358313552783,-0.08359641686447217,0.1825,False,Bittrex,Coinbase Pro
44,01-13-2021_19-23-02,ALGO/USD,25.0,0.44235,0.4405,0.10455521645755726,-0.07794478354244273,0.1825,False,Bittrex,Coinbase Pro
45,01-13-2021_19-23-12,ALGO/USD,25.0,0.44235,0.4406,0.09890358313552783,-0.08359641686447217,0.1825,False,Bittrex,Coinbase Pro
46,01-13-2021_19-23-22,ALGO/USD,25.0,0.44235,0.4406,0.09890358313552783,-0.08359641686447217,0.1825,False,Bittrex,Coinbase Pro
47,01-13-2021_19-23-32,ALGO/USD,25.0,0.44235,0.4407,0.09325194981349838,-0.08924805018650162,0.1825,False,Bittrex,Coinbase Pro
48,01-13-2021_19-23-41,ALGO/USD,25.0,0.44233,0.4403,0.11473334388352453,-0.06776665611647546,0.1825,False,Bittrex,Coinbase Pro
49,01-13-2021_19-23-50,ALGO/USD,25.0,0.44227,0.4403,0.1113573156668987,-0.0711426843331013,0.1825,False,Bittrex,Coinbase Pro
50,01-13-2021_19-24-00,ALGO/USD,25.0,0.44222,0.44,0.12550314323187553,-0.056996856768124465,0.1825,False,Bittrex,Coinbase Pro
51,01-13-2021_19-24-11,ALGO/USD,25.0,0.44216,0.4399,0.12778179844400128,-0.05471820155599871,0.1825,False,Bittrex,Coinbase Pro
52,01-13-2021_19-24-21,ALGO/USD,25.0,0.44216,0.44,0.12212773656594872,-0.060372263434051276,0.1825,False,Bittrex,Coinbase Pro
53,01-13-2021_19-24-31,ALGO/USD,25.0,0.44216,0.4399,0.12778179844400128,-0.05471820155599871,0.1825,False,Bittrex,Coinbase Pro
54,01-13-2021_19-24-40,ALGO/USD,25.0,0.44216,0.4398,0.13343586032205385,-0.04906413967794615,0.1825,False,Bittrex,Coinbase Pro
55,01-13-2021_19-24-49,ALGO/USD,25.0,0.44213,0.4398,0.13174858073417312,-0.05075141926582688,0.1825,False,Bittrex,Coinbase Pro
56,01-13-2021_19-24-59,ALGO/USD,25.0,0.44213,0.4398,0.13174858073417312,-0.05075141926582688,0.1825,False,Bittrex,Coinbase Pro
57,01-13-2021_19-25-10,ALGO/USD,25.0,0.44213,0.4399,0.12609413520910193,-0.05640586479089807,0.1825,False,Bittrex,Coinbase Pro
58,01-13-2021_19-25-19,ALGO/USD,25.0,0.44213,0.4403,0.10347635310881405,-0.07902364689118595,0.1825,False,Bittrex,Coinbase Pro
59,01-13-2021_19-25-29,ALGO/USD,25.0,0.44213,0.4403,0.10347635310881405,-0.07902364689118595,0.1825,False,Bittrex,Coinbase Pro
60,01-13-2021_19-25-39,ALGO/USD,25.0,0.44213,0.4404,0.09782190758374286,-0.08467809241625714,0.1825,False,Bittrex,Coinbase Pro
61,01-13-2021_19-25-48,ALGO/USD,25.0,0.44213,0.4407,0.08085857100852929,-0.1016414289914707,0.1825,False,Bittrex,Coinbase Pro
62,01-13-2021_19-25-58,ALGO/USD,25.0,0.4421,0.4406,0.08482243836236153,-0.09767756163763847,0.1825,False,Bittrex,Coinbase Pro
63,01-13-2021_19-26-08,ALGO/USD,25.0,0.44207,0.4407,0.07747641776189505,-0.10502358223810494,0.1825,False,Bittrex,Coinbase Pro
64,01-13-2021_19-26-18,ALGO/USD,25.0,0.44207,0.4407,0.07747641776189505,-0.10502358223810494,0.1825,False,Bittrex,Coinbase Pro
65,01-13-2021_19-26-29,ALGO/USD,25.0,0.44207,0.4408,0.07182120478657188,-0.11067879521342812,0.1825,False,Bittrex,Coinbase Pro
66,01-13-2021_19-26-39,ALGO/USD,25.0,0.44207,0.4405,0.0887868437125351,-0.09371315628746489,0.1825,False,Bittrex,Coinbase Pro
67,01-13-2021_19-26-50,ALGO/USD,25.0,0.44207,0.4405,0.0887868437125351,-0.09371315628746489,0.1825,False,Bittrex,Coinbase Pro
68,01-13-2021_19-26-58,ALGO/USD,25.0,0.44207,0.4405,0.0887868437125351,-0.09371315628746489,0.1825,False,Bittrex,Coinbase Pro
69,01-13-2021_19-27-08,ALGO/USD,25.0,0.44207,0.4404,0.09444205668785513,-0.08805794331214487,0.1825,False,Bittrex,Coinbase Pro
70,01-13-2021_19-27-18,ALGO/USD,25.0,0.44207,0.4404,0.09444205668785513,-0.08805794331214487,0.1825,False,Bittrex,Coinbase Pro
71,01-13-2021_19-27-29,ALGO/USD,25.0,0.44207,0.4404,0.09444205668785513,-0.08805794331214487,0.1825,False,Bittrex,Coinbase Pro
72,01-13-2021_19-27-39,ALGO/USD,25.0,0.44207,0.4405,0.0887868437125351,-0.09371315628746489,0.1825,False,Bittrex,Coinbase Pro
73,01-13-2021_19-27-50,ALGO/USD,25.0,0.44207,0.4405,0.0887868437125351,-0.09371315628746489,0.1825,False,Bittrex,Coinbase Pro
74,01-13-2021_19-28-02,ALGO/USD,25.0,0.44207,0.4404,0.09444205668785513,-0.08805794331214487,0.1825,False,Bittrex,Coinbase Pro
75,01-13-2021_19-28-12,ALGO/USD,25.0,0.44207,0.4405,0.0887868437125351,-0.09371315628746489,0.1825,False,Bittrex,Coinbase Pro
76,01-13-2021_19-28-22,ALGO/USD,25.0,0.44207,0.4404,0.09444205668785513,-0.08805794331214487,0.1825,False,Bittrex,Coinbase Pro
77,01-13-2021_19-28-32,ALGO/USD,25.0,0.44207,0.4404,0.09444205668785513,-0.08805794331214487,0.1825,False,Bittrex,Coinbase Pro
78,01-13-2021_19-28-43,ALGO/USD,25.0,0.44207,0.4405,0.0887868437125351,-0.09371315628746489,0.1825,False,Bittrex,Coinbase Pro
79,01-13-2021_19-28-52,ALGO/USD,25.0,0.44207,0.4404,0.09444205668785513,-0.08805794331214487,0.1825,False,Bittrex,Coinbase Pro
80,01-13-2021_19-29-04,ALGO/USD,25.0,0.44207,0.4404,0.09444205668785513,-0.08805794331214487,0.1825,False,Bittrex,Coinbase Pro
81,01-13-2021_19-29-16,ALGO/USD,25.0,0.44207,0.4405,0.0887868437125351,-0.09371315628746489,0.1825,False,Bittrex,Coinbase Pro
82,01-13-2021_19-29-28,ALGO/USD,25.0,0.44207,0.4405,0.0887868437125351,-0.09371315628746489,0.1825,False,Bittrex,Coinbase Pro
83,01-13-2021_19-29-39,ALGO/USD,25.0,0.44207,0.4404,0.09444205668785513,-0.08805794331214487,0.1825,False,Bittrex,Coinbase Pro
84,01-13-2021_19-30-10,ALGO/USD,25.0,0.44207,0.4403,0.10009726966317516,-0.08240273033682484,0.1825,False,Bittrex,Coinbase Pro
85,01-13-2021_19-30-21,ALGO/USD,25.0,0.44199,0.4402,0.10124663453924375,-0.08125336546075625,0.1825,False,Bittrex,Coinbase Pro
86,01-13-2021_19-30-31,ALGO/USD,25.0,0.44196,0.4392,0.15612272603855779,-0.02637727396144221,0.1825,False,Bittrex,Coinbase Pro
87,01-13-2021_19-30-43,ALGO/USD,25.0,0.44195,0.4392,0.155560583776447,-0.026939416223553003,0.1825,False,Bittrex,Coinbase Pro
88,01-13-2021_19-30-54,ALGO/USD,25.0,0.44195,0.4392,0.155560583776447,-0.026939416223553003,0.1825,False,Bittrex,Coinbase Pro
89,01-13-2021_19-31-05,ALGO/USD,25.0,0.44192,0.4393,0.1482168718320033,-0.034283128167996696,0.1825,False,Bittrex,Coinbase Pro
90,01-13-2021_19-31-17,ALGO/USD,25.0,0.44191,0.4393,0.14765449978502418,-0.034845500214975816,0.1825,False,Bittrex,Coinbase Pro
91,01-13-2021_19-31-28,ALGO/USD,25.0,0.44191,0.4393,0.14765449978502418,-0.034845500214975816,0.1825,False,Bittrex,Coinbase Pro
92,01-13-2021_19-31-40,ALGO/USD,25.0,0.44183,0.4392,0.1488128918362278,-0.033687108163772184,0.1825,False,Bittrex,Coinbase Pro
93,01-13-2021_19-31-52,ALGO/USD,25.0,0.44171,0.4392,0.14206153358538479,-0.04043846641461521,0.1825,False,Bittrex,Coinbase Pro
94,01-13-2021_19-32-04,ALGO/USD,25.0,0.44161,0.4392,0.13643259889948275,-0.04606740110051724,0.1825,False,Bittrex,Coinbase Pro
95,01-13-2021_19-32-15,ALGO/USD,25.0,0.44151,0.439,0.1421258861633945,-0.040374113836605496,0.1825,False,Bittrex,Coinbase Pro
96,01-13-2021_19-32-27,ALGO/USD,25.0,0.44146,0.4391,0.13364744257690553,-0.04885255742309447,0.1825,False,Bittrex,Coinbase Pro
97,01-13-2021_19-32-37,ALGO/USD,25.0,0.44139,0.4391,0.12970388998391527,-0.052796110016084724,0.1825,False,Bittrex,Coinbase Pro
98,01-13-2021_19-32-49,ALGO/USD,25.0,0.44135,0.4392,0.12178543106378388,-0.060714568936216115,0.1825,False,Bittrex,Coinbase Pro
99,01-13-2021_19-33-00,ALGO/USD,25.0,0.44135,0.4391,0.12744986971791264,-0.055050130282087356,0.1825,False,Bittrex,Coinbase Pro
100,01-13-2021_19-33-11,ALGO/USD,25.0,0.44127,0.4391,0.12294060325877611,-0.05955939674122389,0.1825,False,Bittrex,Coinbase Pro
101,01-13-2021_19-33-22,ALGO/USD,25.0,0.44121,0.4391,0.11955758029056464,-0.06294241970943536,0.1825,False,Bittrex,Coinbase Pro
102,01-13-2021_19-33-33,ALGO/USD,25.0,0.44119,0.43908,0.11956300006799794,-0.007936999932002059,0.1275,False,Bittrex,Kraken
103,01-13-2021_19-33-43,ALGO/USD,25.0,0.44118,0.439,0.1235323450745736,-0.058967654925426397,0.1825,False,Bittrex,Coinbase Pro
104,01-13-2021_19-33-54,ALGO/USD,25.0,0.44115,0.4387,0.13884166383316376,-0.04365833616683623,0.1825,False,Bittrex,Coinbase Pro
105,01-13-2021_19-34-04,ALGO/USD,25.0,0.44112,0.4386,0.14281828073993597,-0.03968171926006403,0.1825,False,Bittrex,Coinbase Pro
106,01-13-2021_19-34-15,ALGO/USD,25.0,0.44112,0.4386,0.14281828073993597,-0.03968171926006403,0.1825,False,Bittrex,Coinbase Pro
107,01-13-2021_19-34-24,ALGO/USD,25.0,0.44112,0.4386,0.14281828073993597,-0.03968171926006403,0.1825,False,Bittrex,Coinbase Pro
108,01-13-2021_19-34-35,ALGO/USD,25.0,0.44103,0.4386,0.13774573158288483,-0.04475426841711516,0.1825,False,Bittrex,Coinbase Pro
109,01-13-2021_19-34-45,ALGO/USD,25.0,0.44099,0.43945,0.087303566974307,-0.04019643302569301,0.1275,False,Bittrex,Kraken
110,01-13-2021_19-34-56,ALGO/USD,25.0,0.44099,0.43945,0.087303566974307,-0.04019643302569301,0.1275,False,Bittrex,Kraken
111,01-13-2021_19-35-07,ALGO/USD,25.0,0.44099,0.43945,0.087303566974307,-0.04019643302569301,0.1275,False,Bittrex,Kraken
112,01-13-2021_19-35-17,ALGO/USD,25.0,0.44099,0.4393,0.09580716116011527,-0.08669283883988473,0.1825,False,Bittrex,Coinbase Pro
113,01-13-2021_19-35-29,ALGO/USD,25.0,0.44099,0.43945,0.087303566974307,-0.04019643302569301,0.1275,False,Bittrex,Kraken
114,01-13-2021_19-35-39,ALGO/USD,25.0,0.44099,0.43945,0.087303566974307,-0.04019643302569301,0.1275,False,Bittrex,Kraken
115,01-13-2021_19-35-49,ALGO/USD,25.0,0.44099,0.4394,0.09013809836957642,-0.09236190163042357,0.1825,False,Bittrex,Coinbase Pro
116,01-13-2021_19-35-59,ALGO/USD,25.0,0.44099,0.4394,0.09013809836957642,-0.09236190163042357,0.1825,False,Bittrex,Coinbase Pro
117,01-13-2021_19-36-10,ALGO/USD,25.0,0.44099,0.43945,0.087303566974307,-0.04019643302569301,0.1275,False,Bittrex,Kraken
118,01-13-2021_19-36-20,ALGO/USD,25.0,0.44099,0.43945,0.087303566974307,-0.04019643302569301,0.1275,False,Bittrex,Kraken
119,01-13-2021_19-36-31,ALGO/USD,25.0,0.44099,0.43945,0.087303566974307,-0.04019643302569301,0.1275,False,Bittrex,Kraken
120,01-13-2021_19-36-41,ALGO/USD,25.0,0.44099,0.43945,0.087303566974307,-0.04019643302569301,0.1275,False,Bittrex,Kraken
121,01-13-2021_19-36-51,ALGO/USD,25.0,0.44099,0.43945,0.087303566974307,-0.04019643302569301,0.1275,False,Bittrex,Kraken
122,01-13-2021_19-37-01,ALGO/USD,25.0,0.44096,0.43945,0.0856086719883896,-0.0418913280116104,0.1275,False,Bittrex,Kraken
123,01-13-2021_19-37-11,ALGO/USD,25.0,0.44096,0.43945,0.0856086719883896,-0.0418913280116104,0.1275,False,Bittrex,Kraken
124,01-13-2021_19-37-21,ALGO/USD,25.0,0.44096,0.43945,0.0856086719883896,-0.0418913280116104,0.1275,False,Bittrex,Kraken
125,01-13-2021_19-37-34,ALGO/USD,25.0,0.44096,0.43945,0.0856086719883896,-0.0418913280116104,0.1275,False,Bittrex,Kraken
126,01-13-2021_19-37-45,ALGO/USD,25.0,0.44096,0.43945,0.0856086719883896,-0.0418913280116104,0.1275,False,Bittrex,Kraken
127,01-13-2021_19-37-56,ALGO/USD,25.0,0.44096,0.43945,0.0856086719883896,-0.0418913280116104,0.1275,False,Bittrex,Kraken
128,01-13-2021_19-38-07,ALGO/USD,25.0,0.44093,0.43945,0.08391354636790314,-0.04358645363209686,0.1275,False,Bittrex,Kraken
129,01-13-2021_19-38-17,ALGO/USD,25.0,0.44093,0.43945,0.08391354636790314,-0.04358645363209686,0.1275,False,Bittrex,Kraken
130,01-13-2021_19-38-28,ALGO/USD,25.0,0.44093,0.43945,0.08391354636790314,-0.04358645363209686,0.1275,False,Bittrex,Kraken
131,01-13-2021_19-38-39,ALGO/USD,25.0,0.44093,0.43945,0.08391354636790314,-0.04358645363209686,0.1275,False,Bittrex,Kraken
132,01-13-2021_19-38-49,ALGO/USD,25.0,0.44093,0.43945,0.08391354636790314,-0.04358645363209686,0.1275,False,Bittrex,Kraken
133,01-13-2021_19-39-00,ALGO/USD,25.0,0.44405,0.43945,0.25897984461209284,0.13147984461209283,0.1275,True,Bittrex,Kraken
134,01-13-2021_19-39-11,ALGO/USD,25.0,0.44088,0.43945,0.08108782435129666,-0.04641217564870334,0.1275,False,Bittrex,Kraken
135,01-13-2021_19-39-20,ALGO/USD,25.0,0.44088,0.43945,0.08108782435129666,-0.04641217564870334,0.1275,False,Bittrex,Kraken
136,01-13-2021_19-39-31,ALGO/USD,25.0,0.44085,0.43945,0.07939208347510561,-0.04810791652489439,0.1275,False,Bittrex,Kraken
137,01-13-2021_19-39-42,ALGO/USD,25.0,0.44085,0.43945,0.07939208347510561,-0.04810791652489439,0.1275,False,Bittrex,Kraken
138,01-13-2021_19-39-53,ALGO/USD,25.0,0.44082,0.43945,0.07769611179166,-0.04980388820834,0.1275,False,Bittrex,Kraken
139,01-13-2021_19-40-04,ALGO/USD,25.0,0.44079,0.43945,0.07599990925384015,-0.051500090746159854,0.1275,False,Bittrex,Kraken
140,01-13-2021_19-40-14,ALGO/USD,25.0,0.44079,0.43945,0.07599990925384015,-0.051500090746159854,0.1275,False,Bittrex,Kraken
141,01-13-2021_19-40-24,ALGO/USD,25.0,0.44079,0.43945,0.07599990925384015,-0.051500090746159854,0.1275,False,Bittrex,Kraken
142,01-13-2021_19-40-35,ALGO/USD,25.0,0.44079,0.43945,0.07599990925384015,-0.051500090746159854,0.1275,False,Bittrex,Kraken
143,01-13-2021_19-40-46,ALGO/USD,25.0,0.44079,0.43945,0.07599990925384015,-0.051500090746159854,0.1275,False,Bittrex,Kraken
144,01-13-2021_19-40-56,ALGO/USD,25.0,0.44079,0.43945,0.07599990925384015,-0.051500090746159854,0.1275,False,Bittrex,Kraken
145,01-13-2021_19-41-06,ALGO/USD,25.0,0.44079,0.43945,0.07599990925384015,-0.051500090746159854,0.1275,False,Bittrex,Kraken
146,01-13-2021_19-41-16,ALGO/USD,25.0,0.44079,0.43945,0.07599990925384015,-0.051500090746159854,0.1275,False,Bittrex,Kraken
147,01-13-2021_19-41-27,ALGO/USD,25.0,0.44079,0.44,0.04480591664965249,-0.0746940833503475,0.1195,False,Bittrex,Binance US
148,01-13-2021_19-41-37,ALGO/USD,25.0,0.44079,0.44,0.04480591664965249,-0.0746940833503475,0.1195,False,Bittrex,Binance US
149,01-13-2021_19-41-48,ALGO/USD,25.0,0.44079,0.44,0.04480591664965249,-0.0746940833503475,0.1195,False,Bittrex,Binance US
150,01-13-2021_19-41-59,ALGO/USD,25.0,0.44079,0.44,0.04480591664965249,-0.0746940833503475,0.1195,False,Bittrex,Binance US
151,01-13-2021_19-42-08,ALGO/USD,25.0,0.44079,0.44,0.04480591664965249,-0.0746940833503475,0.1195,False,Bittrex,Binance US
152,01-13-2021_19-42-18,ALGO/USD,25.0,0.441,0.4403,0.03968253968253846,-0.10531746031746153,0.145,False,Binance US,Coinbase Pro
153,01-13-2021_19-42-28,ALGO/USD,25.0,0.441,0.44033,0.037981859410431064,-0.05201814058956893,0.09,False,Binance US,Kraken
154,01-13-2021_19-42-39,ALGO/USD,25.0,0.441,0.4401,0.05102040816326598,-0.09397959183673402,0.145,False,Binance US,Coinbase Pro
155,01-13-2021_19-42-50,ALGO/USD,25.0,0.441,0.4403,0.03968253968253846,-0.10531746031746153,0.145,False,Binance US,Coinbase Pro
156,01-13-2021_19-43-01,ALGO/USD,25.0,0.441,0.44026,0.04195011337868585,-0.048049886621314146,0.09,False,Binance US,Kraken
157,01-13-2021_19-43-12,ALGO/USD,25.0,0.441,0.4396,0.07936507936508007,-0.06563492063491992,0.145,False,Binance US,Coinbase Pro
158,01-13-2021_19-43-22,ALGO/USD,25.0,0.441,0.4396,0.07936507936508007,-0.06563492063491992,0.145,False,Binance US,Coinbase Pro
159,01-13-2021_19-43-32,ALGO/USD,25.0,0.441,0.4396,0.07936507936508007,-0.06563492063491992,0.145,False,Binance US,Coinbase Pro
160,01-13-2021_19-43-42,ALGO/USD,25.0,0.441,0.4397,0.07369614512471788,-0.07130385487528211,0.145,False,Binance US,Coinbase Pro
161,01-13-2021_19-43-52,ALGO/USD,25.0,0.441,0.4396,0.07936507936508007,-0.06563492063491992,0.145,False,Binance US,Coinbase Pro
162,01-13-2021_19-44-03,ALGO/USD,25.0,0.44137,0.4398,0.08892765706776404,-0.09357234293223596,0.1825,False,Bittrex,Coinbase Pro
163,01-13-2021_19-44-14,ALGO/USD,25.0,0.44137,0.4398,0.08892765706776404,-0.09357234293223596,0.1825,False,Bittrex,Coinbase Pro
164,01-13-2021_19-44-25,ALGO/USD,25.0,0.44137,0.4398,0.08892765706776404,-0.09357234293223596,0.1825,False,Bittrex,Coinbase Pro
165,01-13-2021_19-44-36,ALGO/USD,25.0,0.44134,0.4398,0.08723433180767581,-0.09526566819232418,0.1825,False,Bittrex,Coinbase Pro
166,01-13-2021_19-44-46,ALGO/USD,25.0,0.44134,0.4396,0.09856346580867467,-0.08393653419132532,0.1825,False,Bittrex,Coinbase Pro
167,01-13-2021_19-44-57,ALGO/USD,25.0,0.44131,0.4396,0.0968706804740426,-0.0856293195259574,0.1825,False,Bittrex,Coinbase Pro
168,01-13-2021_19-45-08,ALGO/USD,25.0,0.4413,0.4396,0.09630636755042118,-0.08619363244957881,0.1825,False,Bittrex,Coinbase Pro
169,01-13-2021_19-45-19,ALGO/USD,25.0,0.4413,0.4401,0.06798096532970963,-0.11451903467029037,0.1825,False,Bittrex,Coinbase Pro
170,01-13-2021_19-45-29,ALGO/USD,25.0,0.4413,0.4399,0.07931112621799298,-0.10318887378200702,0.1825,False,Bittrex,Coinbase Pro
171,01-13-2021_19-45-39,ALGO/USD,25.0,0.44127,0.43996,0.07421759920230118,-0.05328240079769882,0.1275,False,Bittrex,Kraken
172,01-13-2021_19-45-50,ALGO/USD,25.0,0.44124,0.4399,0.07592240050766068,-0.10657759949233932,0.1825,False,Bittrex,Coinbase Pro
173,01-13-2021_19-46-01,ALGO/USD,25.0,0.44121,0.4401,0.06289521996328279,-0.1196047800367172,0.1825,False,Bittrex,Coinbase Pro
174,01-13-2021_19-46-22,ALGO/USD,25.0,0.44121,0.4399,0.0742276920287379,-0.1082723079712621,0.1825,False,Bittrex,Coinbase Pro
175,01-13-2021_19-46-32,ALGO/USD,25.0,0.44121,0.44,0.06856145599601034,-0.11393854400398966,0.1825,False,Bittrex,Coinbase Pro
176,01-13-2021_19-46-42,ALGO/USD,25.0,0.44121,0.44,0.06856145599601034,-0.11393854400398966,0.1825,False,Bittrex,Coinbase Pro
177,01-13-2021_19-46-54,ALGO/USD,25.0,0.44119,0.43997,0.06913121330945844,-0.05836878669054156,0.1275,False,Bittrex,Kraken
178,01-13-2021_19-47-06,ALGO/USD,25.0,0.44119,0.4401,0.06176477254697723,-0.12073522745302276,0.1825,False,Bittrex,Coinbase Pro
179,01-13-2021_19-47-16,ALGO/USD,25.0,0.44119,0.44,0.06743126544119452,-0.11506873455880548,0.1825,False,Bittrex,Coinbase Pro
180,01-13-2021_19-47-26,ALGO/USD,25.0,0.44119,0.4399,0.0730977583354118,-0.1094022416645882,0.1825,False,Bittrex,Coinbase Pro
181,01-13-2021_19-47-35,ALGO/USD,25.0,0.44119,0.4402,0.05609827965275994,-0.07140172034724007,0.1275,False,Bittrex,Kraken
182,01-13-2021_19-47-45,ALGO/USD,25.0,0.44119,0.4402,0.05609827965275994,-0.07140172034724007,0.1275,False,Bittrex,Kraken
183,01-13-2021_19-47-56,ALGO/USD,25.0,0.44119,0.4402,0.05609827965275994,-0.07140172034724007,0.1275,False,Bittrex,Kraken
184,01-13-2021_19-48-07,ALGO/USD,25.0,0.44119,0.4401,0.06176477254697723,-0.12073522745302276,0.1825,False,Bittrex,Coinbase Pro
185,01-13-2021_19-48-17,ALGO/USD,25.0,0.44119,0.4397,0.08443074412384952,-0.09806925587615048,0.1825,False,Bittrex,Coinbase Pro
186,01-13-2021_19-48-28,ALGO/USD,25.0,0.44119,0.4398,0.07876425122962909,-0.10373574877037091,0.1825,False,Bittrex,Coinbase Pro
187,01-13-2021_19-48-37,ALGO/USD,25.0,0.44117,0.4399,0.07196772219325845,-0.11053227780674155,0.1825,False,Bittrex,Coinbase Pro
188,01-13-2021_19-48-47,ALGO/USD,25.0,0.44117,0.4396,0.08896797153025,-0.09353202846974999,0.1825,False,Bittrex,Coinbase Pro
189,01-13-2021_19-48-57,ALGO/USD,25.0,0.44113,0.4396,0.08670913336204923,-0.09579086663795076,0.1825,False,Bittrex,Coinbase Pro
190,01-13-2021_19-49-08,ALGO/USD,25.0,0.44113,0.43983,0.07367442703964949,-0.05382557296035051,0.1275,False,Bittrex,Kraken
191,01-13-2021_19-49-18,ALGO/USD,25.0,0.4411,0.44002,0.061210609839037054,-0.06628939016096294,0.1275,False,Bittrex,Kraken
192,01-13-2021_19-49-30,ALGO/USD,25.0,0.4411,0.44,0.062344139650872245,-0.12015586034912776,0.1825,False,Bittrex,Coinbase Pro
193,01-13-2021_19-49-42,ALGO/USD,25.0,0.4411,0.4398,0.0736794377692115,-0.1088205622307885,0.1825,False,Bittrex,Coinbase Pro
194,01-13-2021_19-49-53,ALGO/USD,25.0,0.4411,0.4396,0.08501473588755391,-0.09748526411244608,0.1825,False,Bittrex,Coinbase Pro
195,01-13-2021_19-50-04,ALGO/USD,25.0,0.4411,0.4396,0.08501473588755391,-0.09748526411244608,0.1825,False,Bittrex,Coinbase Pro
196,01-13-2021_19-50-15,ALGO/USD,25.0,0.4411,0.4397,0.07934708682838429,-0.1031529131716157,0.1825,False,Bittrex,Coinbase Pro
197,01-13-2021_19-50-28,ALGO/USD,25.0,0.4411,0.4397,0.07934708682838429,-0.1031529131716157,0.1825,False,Bittrex,Coinbase Pro
198,01-13-2021_19-50-39,ALGO/USD,25.0,0.4411,0.4397,0.07934708682838429,-0.1031529131716157,0.1825,False,Bittrex,Coinbase Pro
199,01-13-2021_19-50-49,ALGO/USD,25.0,0.4411,0.4397,0.07934708682838429,-0.1031529131716157,0.1825,False,Bittrex,Coinbase Pro
200,01-13-2021_19-51-00,ALGO/USD,25.0,0.4411,0.4398,0.0736794377692115,-0.1088205622307885,0.1825,False,Bittrex,Coinbase Pro
201,01-13-2021_19-51-12,ALGO/USD,25.0,0.4411,0.4397,0.07934708682838429,-0.1031529131716157,0.1825,False,Bittrex,Coinbase Pro
202,01-13-2021_19-51-22,ALGO/USD,25.0,0.4411,0.4396,0.08501473588755391,-0.09748526411244608,0.1825,False,Bittrex,Coinbase Pro
203,01-13-2021_19-51-33,ALGO/USD,25.0,0.44107,0.4396,0.0833201079193794,-0.0991798920806206,0.1825,False,Bittrex,Coinbase Pro
204,01-13-2021_19-51-43,ALGO/USD,25.0,0.44104,0.43959,0.08219209142027974,-0.045307908579720266,0.1275,False,Bittrex,Kraken
205,01-13-2021_19-51-52,ALGO/USD,25.0,0.44104,0.43959,0.08219209142027974,-0.045307908579720266,0.1275,False,Bittrex,Kraken
206,01-13-2021_19-52-03,ALGO/USD,25.0,0.44101,0.4396,0.07993016031382635,-0.10256983968617364,0.1825,False,Bittrex,Coinbase Pro
207,01-13-2021_19-52-14,ALGO/USD,25.0,0.441,0.4396,0.07936507936508007,-0.06563492063491992,0.145,False,Binance US,Coinbase Pro
208,01-13-2021_19-52-24,ALGO/USD,25.0,0.441,0.43953,0.08333333333333486,-0.006666666666665141,0.09,False,Binance US,Kraken
209,01-13-2021_19-52-36,ALGO/USD,25.0,0.441,0.43958,0.08049886621315061,-0.009501133786849386,0.09,False,Binance US,Kraken
210,01-13-2021_19-52-47,ALGO/USD,25.0,0.441,0.43958,0.08049886621315061,-0.009501133786849386,0.09,False,Binance US,Kraken
211,01-13-2021_19-52-58,ALGO/USD,25.0,0.4414,0.4398,0.09062075215224231,-0.09187924784775768,0.1825,False,Bittrex,Coinbase Pro
212,01-13-2021_19-53-09,ALGO/USD,25.0,0.4413,0.4398,0.08497620666213467,-0.09752379333786533,0.1825,False,Bittrex,Coinbase Pro
213,01-13-2021_19-53-19,ALGO/USD,25.0,0.44127,0.4399,0.07761687855507865,-0.10488312144492135,0.1825,False,Bittrex,Coinbase Pro
214,01-13-2021_19-53-29,ALGO/USD,25.0,0.44127,0.4399,0.07761687855507865,-0.10488312144492135,0.1825,False,Bittrex,Coinbase Pro
215,01-13-2021_19-53-41,ALGO/USD,25.0,0.44127,0.43986,0.07988306479026573,-0.04761693520973427,0.1275,False,Bittrex,Kraken
216,01-13-2021_19-53-51,ALGO/USD,25.0,0.44127,0.4397,0.08894780973100459,-0.0935521902689954,0.1825,False,Bittrex,Coinbase Pro
217,01-13-2021_19-54-02,ALGO/USD,25.0,0.44115,0.4397,0.0821715969624848,-0.1003284030375152,0.1825,False,Bittrex,Coinbase Pro
218,01-13-2021_19-54-14,ALGO/USD,25.0,0.441,0.4397,0.07369614512471788,-0.07130385487528211,0.145,False,Binance US,Coinbase Pro
219,01-13-2021_19-54-25,ALGO/USD,25.0,0.441,0.4397,0.07369614512471788,-0.07130385487528211,0.145,False,Binance US,Coinbase Pro
220,01-13-2021_19-54-35,ALGO/USD,25.0,0.441,0.4397,0.07369614512471788,-0.07130385487528211,0.145,False,Binance US,Coinbase Pro
221,01-13-2021_19-54-46,ALGO/USD,25.0,0.441,0.4397,0.07369614512471788,-0.07130385487528211,0.145,False,Binance US,Coinbase Pro
222,01-13-2021_19-54-57,ALGO/USD,25.0,0.441,0.4397,0.07369614512471788,-0.07130385487528211,0.145,False,Binance US,Coinbase Pro
223,01-13-2021_19-55-07,ALGO/USD,25.0,0.441,0.4397,0.07369614512471788,-0.07130385487528211,0.145,False,Binance US,Coinbase Pro
224,01-13-2021_19-55-18,ALGO/USD,25.0,0.441,0.43971,0.07312925170068103,-0.016870748299318963,0.09,False,Binance US,Kraken
225,01-13-2021_19-55-28,ALGO/USD,25.0,0.441,0.4397,0.07369614512471788,-0.07130385487528211,0.145,False,Binance US,Coinbase Pro
226,01-13-2021_19-55-37,ALGO/USD,25.0,0.441,0.4397,0.07369614512471788,-0.07130385487528211,0.145,False,Binance US,Coinbase Pro
227,01-13-2021_19-55-50,ALGO/USD,25.0,0.441,0.43967,0.07539682539682527,-0.014603174603174729,0.09,False,Binance US,Kraken
228,01-13-2021_19-56-00,ALGO/USD,25.0,0.441,0.43963,0.07766439909296952,-0.01233560090703048,0.09,False,Binance US,Kraken
229,01-13-2021_19-56-10,ALGO/USD,25.0,0.441,0.43968,0.07482993197278842,-0.015170068027211575,0.09,False,Binance US,Kraken
230,01-13-2021_19-56-21,ALGO/USD,25.0,0.44099,0.43918,0.10261003650876313,-0.02488996349123687,0.1275,False,Bittrex,Kraken
231,01-13-2021_19-56-32,ALGO/USD,25.0,0.44099,0.43883,0.12245175627565223,-0.00504824372434777,0.1275,False,Bittrex,Kraken
232,01-13-2021_19-56-44,ALGO/USD,25.0,0.44099,0.439,0.11281434953173494,-0.06968565046826505,0.1825,False,Bittrex,Coinbase Pro
233,01-13-2021_19-56-56,ALGO/USD,25.0,0.44099,0.43867,0.13152225674051501,0.004022256740515012,0.1275,False,Bittrex,Kraken
234,01-13-2021_19-57-07,ALGO/USD,25.0,0.44099,0.4387,0.12982153790335463,-0.05267846209664537,0.1825,False,Bittrex,Coinbase Pro
235,01-13-2021_19-57-18,ALGO/USD,25.0,0.44099,0.4383,0.15249778906550998,-0.030002210934490015,0.1825,False,Bittrex,Coinbase Pro
236,01-13-2021_19-57-30,ALGO/USD,25.0,0.44099,0.4383,0.15249778906550998,-0.030002210934490015,0.1825,False,Bittrex,Coinbase Pro
237,01-13-2021_19-57-42,ALGO/USD,25.0,0.44099,0.43827,0.15419850790267353,0.02669850790267353,0.1275,True,Bittrex,Kraken
238,01-13-2021_19-57-54,ALGO/USD,25.0,0.44099,0.43822,0.15703303929794296,0.02953303929794296,0.1275,True,Bittrex,Kraken
239,01-13-2021_19-58-06,ALGO/USD,25.0,0.44099,0.4382,0.15816685185605198,-0.02433314814394802,0.1825,False,Bittrex,Coinbase Pro
240,01-13-2021_19-58-18,ALGO/USD,25.0,0.44099,0.4382,0.15816685185605198,-0.02433314814394802,0.1825,False,Bittrex,Coinbase Pro
241,01-13-2021_19-58-28,ALGO/USD,25.0,0.44099,0.4383,0.15249778906550998,-0.030002210934490015,0.1825,False,Bittrex,Coinbase Pro
242,01-13-2021_19-58-39,ALGO/USD,25.0,0.44099,0.4383,0.15249778906550998,-0.030002210934490015,0.1825,False,Bittrex,Coinbase Pro
243,01-13-2021_19-58-51,ALGO/USD,25.0,0.44099,0.4382,0.15816685185605198,-0.02433314814394802,0.1825,False,Bittrex,Coinbase Pro
244,01-13-2021_19-59-07,ALGO/USD,25.0,0.44099,0.43833,0.1507970702283496,0.023297070228349592,0.1275,True,Bittrex,Kraken
245,01-13-2021_19-59-18,ALGO/USD,25.0,0.44099,0.4385,0.14115966348443232,-0.04134033651556768,0.1825,False,Bittrex,Coinbase Pro
246,01-13-2021_19-59-30,ALGO/USD,25.0,0.44099,0.4385,0.14115966348443232,-0.04134033651556768,0.1825,False,Bittrex,Coinbase Pro
247,01-13-2021_19-59-42,ALGO/USD,25.0,0.44099,0.4385,0.14115966348443232,-0.04134033651556768,0.1825,False,Bittrex,Coinbase Pro
248,01-13-2021_19-59-54,ALGO/USD,25.0,0.44099,0.43856,0.13775822581010838,0.010258225810108379,0.1275,True,Bittrex,Kraken
249,01-13-2021_20-00-07,ALGO/USD,25.0,0.44099,0.4387,0.12982153790335463,0.0023215379033546257,0.1275,False,Bittrex,Kraken
250,01-13-2021_20-00-19,ALGO/USD,25.0,0.44099,0.43897,0.11451506836889534,-0.01298493163110466,0.1275,False,Bittrex,Kraken
251,01-13-2021_20-00-29,ALGO/USD,25.0,0.44099,0.43897,0.11451506836889534,-0.01298493163110466,0.1275,False,Bittrex,Kraken
252,01-13-2021_20-00-39,ALGO/USD,25.0,0.44099,0.43947,0.08616975441619797,-0.041330245583802036,0.1275,False,Bittrex,Kraken
253,01-13-2021_20-00-51,ALGO/USD,25.0,0.44099,0.43947,0.08616975441619797,-0.041330245583802036,0.1275,False,Bittrex,Kraken
254,01-13-2021_20-01-01,ALGO/USD,25.0,0.44099,0.43947,0.08616975441619797,-0.041330245583802036,0.1275,False,Bittrex,Kraken
255,01-13-2021_20-01-11,ALGO/USD,25.0,0.44099,0.43947,0.08616975441619797,-0.041330245583802036,0.1275,False,Bittrex,Kraken
256,01-13-2021_20-01-21,ALGO/USD,25.0,0.44099,0.43947,0.08616975441619797,-0.041330245583802036,0.1275,False,Bittrex,Kraken
257,01-13-2021_20-01-32,ALGO/USD,25.0,0.44099,0.43947,0.08616975441619797,-0.041330245583802036,0.1275,False,Bittrex,Kraken
258,01-13-2021_20-01-43,ALGO/USD,25.0,0.44099,0.43947,0.08616975441619797,-0.041330245583802036,0.1275,False,Bittrex,Kraken
259,01-13-2021_20-01-54,ALGO/USD,25.0,0.44099,0.43947,0.08616975441619797,-0.041330245583802036,0.1275,False,Bittrex,Kraken
260,01-13-2021_20-02-04,ALGO/USD,25.0,0.44099,0.43986,0.0640604095330971,-0.0634395904669029,0.1275,False,Bittrex,Kraken
261,01-13-2021_20-02-14,ALGO/USD,25.0,0.44099,0.4397,0.07313090999795989,-0.1093690900020401,0.1825,False,Bittrex,Coinbase Pro
262,01-13-2021_20-02-25,ALGO/USD,25.0,0.44099,0.4397,0.07313090999795989,-0.1093690900020401,0.1825,False,Bittrex,Coinbase Pro
263,01-13-2021_20-02-36,ALGO/USD,25.0,0.44099,0.4397,0.07313090999795989,-0.1093690900020401,0.1825,False,Bittrex,Coinbase Pro
264,01-13-2021_20-02-48,ALGO/USD,25.0,0.44099,0.4398,0.06746184720741791,-0.11503815279258209,0.1825,False,Bittrex,Coinbase Pro
265,01-13-2021_20-02-58,ALGO/USD,25.0,0.44099,0.4398,0.06746184720741791,-0.11503815279258209,0.1825,False,Bittrex,Coinbase Pro
266,01-13-2021_20-03-10,ALGO/USD,25.0,0.44099,0.4398,0.06746184720741791,-0.11503815279258209,0.1825,False,Bittrex,Coinbase Pro
267,01-13-2021_20-03-21,ALGO/USD,25.0,0.44099,0.4398,0.06746184720741791,-0.11503815279258209,0.1825,False,Bittrex,Coinbase Pro
268,01-13-2021_20-03-30,ALGO/USD,25.0,0.44099,0.43986,0.0640604095330971,-0.0634395904669029,0.1275,False,Bittrex,Kraken
269,01-13-2021_20-03-40,ALGO/USD,25.0,0.44099,0.43986,0.0640604095330971,-0.0634395904669029,0.1275,False,Bittrex,Kraken
270,01-13-2021_20-03-52,ALGO/USD,25.0,0.44099,0.43986,0.0640604095330971,-0.0634395904669029,0.1275,False,Bittrex,Kraken
271,01-13-2021_20-04-02,ALGO/USD,25.0,0.44099,0.43986,0.0640604095330971,-0.0634395904669029,0.1275,False,Bittrex,Kraken
272,01-13-2021_20-04-12,ALGO/USD,25.0,0.44099,0.43986,0.0640604095330971,-0.0634395904669029,0.1275,False,Bittrex,Kraken
273,01-13-2021_20-04-23,ALGO/USD,25.0,0.44099,0.43986,0.0640604095330971,-0.0634395904669029,0.1275,False,Bittrex,Kraken
274,01-13-2021_20-04-34,ALGO/USD,25.0,0.44099,0.43986,0.0640604095330971,-0.0634395904669029,0.1275,False,Bittrex,Kraken
275,01-13-2021_20-04-44,ALGO/USD,25.0,0.441,0.43986,0.06462585034013775,-0.025374149659862247,0.09,False,Binance US,Kraken
276,01-13-2021_20-04-55,ALGO/USD,25.0,0.441,0.43986,0.06462585034013775,-0.025374149659862247,0.09,False,Binance US,Kraken
277,01-13-2021_20-05-05,ALGO/USD,25.0,0.441,0.43986,0.06462585034013775,-0.025374149659862247,0.09,False,Binance US,Kraken
278,01-13-2021_20-05-16,ALGO/USD,25.0,0.441,0.43986,0.06462585034013775,-0.025374149659862247,0.09,False,Binance US,Kraken
279,01-13-2021_20-05-26,ALGO/USD,25.0,0.441,0.43986,0.06462585034013775,-0.025374149659862247,0.09,False,Binance US,Kraken
280,01-13-2021_20-05-35,ALGO/USD,25.0,0.441,0.43986,0.06462585034013775,-0.025374149659862247,0.09,False,Binance US,Kraken
281,01-13-2021_20-05-47,ALGO/USD,25.0,0.441,0.43986,0.06462585034013775,-0.025374149659862247,0.09,False,Binance US,Kraken
282,01-13-2021_20-05-57,ALGO/USD,25.0,0.441,0.43986,0.06462585034013775,-0.025374149659862247,0.09,False,Binance US,Kraken
283,01-13-2021_20-06-08,ALGO/USD,25.0,0.441,0.43986,0.06462585034013775,-0.025374149659862247,0.09,False,Binance US,Kraken
284,01-13-2021_20-06-19,ALGO/USD,25.0,0.441,0.43986,0.06462585034013775,-0.025374149659862247,0.09,False,Binance US,Kraken
285,01-13-2021_20-06-29,ALGO/USD,25.0,0.441,0.43986,0.06462585034013775,-0.025374149659862247,0.09,False,Binance US,Kraken
286,01-13-2021_20-06-40,ALGO/USD,25.0,0.441,0.43986,0.06462585034013775,-0.025374149659862247,0.09,False,Binance US,Kraken
287,01-13-2021_20-06-50,ALGO/USD,25.0,0.441,0.43986,0.06462585034013775,-0.025374149659862247,0.09,False,Binance US,Kraken
288,01-13-2021_20-07-00,ALGO/USD,25.0,0.441,0.43986,0.06462585034013775,-0.025374149659862247,0.09,False,Binance US,Kraken
289,01-13-2021_20-07-11,ALGO/USD,25.0,0.441,0.43986,0.06462585034013775,-0.025374149659862247,0.09,False,Binance US,Kraken
290,01-13-2021_20-07-21,ALGO/USD,25.0,0.441,0.43986,0.06462585034013775,-0.025374149659862247,0.09,False,Binance US,Kraken
291,01-13-2021_20-07-31,ALGO/USD,25.0,0.441,0.43986,0.06462585034013775,-0.025374149659862247,0.09,False,Binance US,Kraken
292,01-13-2021_20-07-42,ALGO/USD,25.0,0.441,0.43986,0.06462585034013775,-0.025374149659862247,0.09,False,Binance US,Kraken
293,01-13-2021_20-07-54,ALGO/USD,25.0,0.441,0.43986,0.06462585034013775,-0.025374149659862247,0.09,False,Binance US,Kraken
294,01-13-2021_20-08-04,ALGO/USD,25.0,0.441,0.43986,0.06462585034013775,-0.025374149659862247,0.09,False,Binance US,Kraken
295,01-13-2021_20-08-14,ALGO/USD,25.0,0.441,0.43986,0.06462585034013775,-0.025374149659862247,0.09,False,Binance US,Kraken
296,01-13-2021_20-08-24,ALGO/USD,25.0,0.441,0.44006,0.05328798185941023,-0.03671201814058977,0.09,False,Binance US,Kraken
297,01-13-2021_20-08-35,ALGO/USD,25.0,0.442,0.44049,0.08540723981900517,-0.0045927601809948315,0.09,False,Binance US,Kraken
298,01-13-2021_20-08-47,ALGO/USD,25.0,0.442,0.44058,0.08031674208144665,-0.009683257918553345,0.09,False,Binance US,Kraken
299,01-13-2021_20-08-58,ALGO/USD,25.0,0.442,0.44069,0.07409502262443313,-0.01590497737556687,0.09,False,Binance US,Kraken
300,01-13-2021_20-09-08,ALGO/USD,25.0,0.442,0.44142,0.032805429864254804,-0.05469457013574519,0.0875,False,Binance US,Bittrex
301,01-13-2021_20-09-19,ALGO/USD,25.0,0.44313,0.44161,0.08575361632026839,-0.041746383679731616,0.1275,False,Bittrex,Kraken
302,01-13-2021_20-09-30,ALGO/USD,25.0,0.44313,0.44161,0.08575361632026839,-0.041746383679731616,0.1275,False,Bittrex,Kraken
303,01-13-2021_20-09-40,ALGO/USD,25.0,0.444,0.44323,0.043355855855855455,-0.04414414414414454,0.0875,False,Binance US,Bittrex
304,01-13-2021_20-09-49,ALGO/USD,25.0,0.444,0.44323,0.043355855855855455,-0.04414414414414454,0.0875,False,Binance US,Bittrex
305,01-13-2021_20-10-00,ALGO/USD,25.0,0.444,0.4432,0.045045045045046334,-0.09995495495495366,0.145,False,Binance US,Coinbase Pro
306,01-13-2021_20-10-10,ALGO/USD,25.0,0.444,0.44323,0.043355855855855455,-0.04414414414414454,0.0875,False,Binance US,Bittrex
307,01-13-2021_20-10-20,ALGO/USD,25.0,0.4442,0.44323,0.054592525889237443,-0.12790747411076256,0.1825,False,Coinbase Pro,Bittrex
308,01-13-2021_20-10-30,ALGO/USD,25.0,0.4441,0.44323,0.04897545597838223,-0.13352454402161776,0.1825,False,Coinbase Pro,Bittrex
309,01-13-2021_20-10-42,ALGO/USD,25.0,0.4442,0.44323,0.054592525889237443,-0.12790747411076256,0.1825,False,Coinbase Pro,Bittrex
310,01-13-2021_20-10-52,ALGO/USD,25.0,0.4444,0.44323,0.06581908190819107,-0.11668091809180893,0.1825,False,Coinbase Pro,Bittrex
311,01-13-2021_20-11-02,ALGO/USD,25.0,0.445,0.44323,0.09943820224719066,-0.08306179775280934,0.1825,False,Coinbase Pro,Bittrex
312,01-13-2021_20-11-13,ALGO/USD,25.0,0.446,0.44323,0.15526905829596382,0.06776905829596383,0.0875,True,Binance US,Bittrex
313,01-13-2021_20-11-24,ALGO/USD,25.0,0.4464,0.44323,0.1775313620071688,-0.004968637992831204,0.1825,False,Coinbase Pro,Bittrex
314,01-13-2021_20-11-36,ALGO/USD,25.0,0.447,0.44323,0.210850111856823,0.12335011185682301,0.0875,True,Binance US,Bittrex
315,01-13-2021_20-11-48,ALGO/USD,25.0,0.447,0.44323,0.210850111856823,0.12335011185682301,0.0875,True,Binance US,Bittrex
316,01-13-2021_20-12-00,ALGO/USD,25.0,0.4473,0.44323,0.22747596691258457,0.04497596691258457,0.1825,True,Coinbase Pro,Bittrex
317,01-13-2021_20-12-13,ALGO/USD,25.0,0.448,0.44323,0.26618303571428553,0.17868303571428554,0.0875,True,Binance US,Bittrex
318,01-13-2021_20-12-24,ALGO/USD,25.0,0.447,0.44323,0.210850111856823,0.12335011185682301,0.0875,True,Binance US,Bittrex
319,01-13-2021_20-12-35,ALGO/USD,25.0,0.447,0.44323,0.210850111856823,0.12335011185682301,0.0875,True,Binance US,Bittrex
320,01-13-2021_20-12-46,ALGO/USD,25.0,0.447,0.44323,0.210850111856823,0.12335011185682301,0.0875,True,Binance US,Bittrex
321,01-13-2021_20-12-57,ALGO/USD,25.0,0.447,0.44323,0.210850111856823,0.12335011185682301,0.0875,True,Binance US,Bittrex
322,01-13-2021_20-13-08,ALGO/USD,25.0,0.447,0.44323,0.210850111856823,0.12335011185682301,0.0875,True,Binance US,Bittrex
323,01-13-2021_20-13-19,ALGO/USD,25.0,0.447,0.44323,0.210850111856823,0.12335011185682301,0.0875,True,Binance US,Bittrex
324,01-13-2021_20-13-30,ALGO/USD,25.0,0.447,0.44323,0.210850111856823,0.12335011185682301,0.0875,True,Binance US,Bittrex
325,01-13-2021_20-13-41,ALGO/USD,25.0,0.447,0.44323,0.210850111856823,0.12335011185682301,0.0875,True,Binance US,Bittrex
326,01-13-2021_20-13-51,ALGO/USD,25.0,0.447,0.44323,0.210850111856823,0.12335011185682301,0.0875,True,Binance US,Bittrex
327,01-13-2021_20-14-03,ALGO/USD,25.0,0.447,0.44323,0.210850111856823,0.12335011185682301,0.0875,True,Binance US,Bittrex
328,01-13-2021_20-14-15,ALGO/USD,25.0,0.447,0.44323,0.210850111856823,0.12335011185682301,0.0875,True,Binance US,Bittrex
329,01-13-2021_20-14-25,ALGO/USD,25.0,0.447,0.44323,0.210850111856823,0.12335011185682301,0.0875,True,Binance US,Bittrex
330,01-13-2021_20-14-36,ALGO/USD,25.0,0.447,0.44323,0.210850111856823,0.12335011185682301,0.0875,True,Binance US,Bittrex
331,01-13-2021_20-14-45,ALGO/USD,25.0,0.447,0.44323,0.210850111856823,0.12335011185682301,0.0875,True,Binance US,Bittrex
332,01-13-2021_20-14-56,ALGO/USD,25.0,0.446,0.44323,0.15526905829596382,0.06776905829596383,0.0875,True,Binance US,Bittrex
333,01-13-2021_20-15-06,ALGO/USD,25.0,0.445,0.44323,0.09943820224719066,-0.08306179775280934,0.1825,False,Coinbase Pro,Bittrex
334,01-13-2021_20-15-16,ALGO/USD,25.0,0.445,0.44323,0.09943820224719066,0.011938202247190666,0.0875,True,Binance US,Bittrex
335,01-13-2021_20-15-27,ALGO/USD,25.0,0.445,0.44323,0.09943820224719066,0.011938202247190666,0.0875,True,Binance US,Bittrex
336,01-13-2021_20-15-37,ALGO/USD,25.0,0.445,0.44323,0.09943820224719066,0.011938202247190666,0.0875,True,Binance US,Bittrex
337,01-13-2021_20-15-47,ALGO/USD,25.0,0.445,0.44323,0.09943820224719066,0.011938202247190666,0.0875,True,Binance US,Bittrex
338,01-13-2021_20-15-58,ALGO/USD,25.0,0.445,0.44323,0.09943820224719066,0.011938202247190666,0.0875,True,Binance US,Bittrex
339,01-13-2021_20-16-09,ALGO/USD,25.0,0.445,0.44323,0.09943820224719066,0.011938202247190666,0.0875,True,Binance US,Bittrex
340,01-13-2021_20-16-20,ALGO/USD,25.0,0.445,0.44323,0.09943820224719066,0.011938202247190666,0.0875,True,Binance US,Bittrex
341,01-13-2021_20-16-31,ALGO/USD,25.0,0.445,0.44323,0.09943820224719066,0.011938202247190666,0.0875,True,Binance US,Bittrex
342,01-13-2021_20-16-41,ALGO/USD,25.0,0.445,0.44323,0.09943820224719066,0.011938202247190666,0.0875,True,Binance US,Bittrex
343,01-13-2021_20-16-52,ALGO/USD,25.0,0.445,0.44323,0.09943820224719066,0.011938202247190666,0.0875,True,Binance US,Bittrex
344,01-13-2021_20-17-02,ALGO/USD,25.0,0.444,0.44323,0.043355855855855455,-0.13914414414414455,0.1825,False,Coinbase Pro,Bittrex
345,01-13-2021_20-17-13,ALGO/USD,25.0,0.444,0.44323,0.043355855855855455,-0.04414414414414454,0.0875,False,Binance US,Bittrex
346,01-13-2021_20-17-21,ALGO/USD,25.0,0.444,0.44323,0.043355855855855455,-0.04414414414414454,0.0875,False,Binance US,Bittrex
347,01-13-2021_20-17-31,ALGO/USD,25.0,0.444,0.44323,0.043355855855855455,-0.04414414414414454,0.0875,False,Binance US,Bittrex
348,01-13-2021_20-17-41,ALGO/USD,25.0,0.444,0.443,0.056306306306306356,-0.08869369369369363,0.145,False,Binance US,Coinbase Pro
349,01-13-2021_20-17-51,ALGO/USD,25.0,0.444,0.44323,0.043355855855855455,-0.04414414414414454,0.0875,False,Binance US,Bittrex
350,01-13-2021_20-18-02,ALGO/USD,25.0,0.444,0.4432,0.045045045045046334,-0.09995495495495366,0.145,False,Binance US,Coinbase Pro
351,01-13-2021_20-18-13,ALGO/USD,25.0,0.444,0.44299,0.05686936936936998,-0.033130630630630015,0.09,False,Binance US,Kraken
352,01-13-2021_20-18-24,ALGO/USD,25.0,0.444,0.44282,0.06644144144144225,-0.02355855855855775,0.09,False,Binance US,Kraken
353,01-13-2021_20-18-33,ALGO/USD,25.0,0.444,0.44292,0.06081081081081224,-0.02918918918918776,0.09,False,Binance US,Kraken
354,01-13-2021_20-18-44,ALGO/USD,25.0,0.444,0.44323,0.043355855855855455,-0.04414414414414454,0.0875,False,Binance US,Bittrex
355,01-13-2021_20-18-54,ALGO/USD,25.0,0.444,0.44294,0.059684684684684984,-0.030315315315315013,0.09,False,Binance US,Kraken
356,01-13-2021_20-19-04,ALGO/USD,25.0,0.444,0.44279,0.06813063063063,-0.021869369369369993,0.09,False,Binance US,Kraken
357,01-13-2021_20-19-14,ALGO/USD,25.0,0.444,0.44323,0.043355855855855455,-0.04414414414414454,0.0875,False,Binance US,Bittrex
358,01-13-2021_20-19-25,ALGO/USD,25.0,0.444,0.44319,0.04560810810810996,-0.04439189189189004,0.09,False,Binance US,Kraken
359,01-13-2021_20-19-36,ALGO/USD,25.0,0.444,0.44309,0.05123873873873997,-0.038761261261260026,0.09,False,Binance US,Kraken
360,01-13-2021_20-19-47,ALGO/USD,25.0,0.444,0.4428,0.06756756756756638,-0.02243243243243362,0.09,False,Binance US,Kraken
361,01-13-2021_20-19-59,ALGO/USD,25.0,0.444,0.4428,0.06756756756756638,-0.02243243243243362,0.09,False,Binance US,Kraken
362,01-13-2021_20-20-10,ALGO/USD,25.0,0.444,0.44299,0.05686936936936998,-0.033130630630630015,0.09,False,Binance US,Kraken
363,01-13-2021_20-20-21,ALGO/USD,25.0,0.444,0.44299,0.05686936936936998,-0.033130630630630015,0.09,False,Binance US,Kraken
364,01-13-2021_20-20-32,ALGO/USD,25.0,0.444,0.44295,0.05912162162162136,-0.03087837837837864,0.09,False,Binance US,Kraken
365,01-13-2021_20-20-44,ALGO/USD,25.0,0.444,0.44299,0.05686936936936998,-0.033130630630630015,0.09,False,Binance US,Kraken
366,01-13-2021_20-20-53,ALGO/USD,25.0,0.444,0.44275,0.07038288288288451,-0.019617117117115487,0.09,False,Binance US,Kraken
367,01-13-2021_20-21-04,ALGO/USD,25.0,0.444,0.44275,0.07038288288288451,-0.019617117117115487,0.09,False,Binance US,Kraken
368,01-13-2021_20-21-15,ALGO/USD,25.0,0.444,0.44323,0.043355855855855455,-0.04414414414414454,0.0875,False,Binance US,Bittrex
369,01-13-2021_20-21-26,ALGO/USD,25.0,0.444,0.44311,0.05011261261261272,-0.03988738738738728,0.09,False,Binance US,Kraken
370,01-13-2021_20-21-36,ALGO/USD,25.0,0.444,0.44309,0.05123873873873997,-0.038761261261260026,0.09,False,Binance US,Kraken
371,01-13-2021_20-21-47,ALGO/USD,25.0,0.444,0.44319,0.04560810810810996,-0.04439189189189004,0.09,False,Binance US,Kraken
372,01-13-2021_20-21-56,ALGO/USD,25.0,0.444,0.44309,0.05123873873873997,-0.038761261261260026,0.09,False,Binance US,Kraken
373,01-13-2021_20-22-06,ALGO/USD,25.0,0.444,0.44291,0.06137387387387274,-0.028626126126127256,0.09,False,Binance US,Kraken
374,01-13-2021_20-22-15,ALGO/USD,25.0,0.444,0.44285,0.06475225225225137,-0.025247747747748628,0.09,False,Binance US,Kraken
375,01-13-2021_20-22-26,ALGO/USD,25.0,0.44323,0.44277,0.02594589716400153,-0.10155410283599847,0.1275,False,Bittrex,Kraken
376,01-13-2021_20-22-35,ALGO/USD,25.0,0.44323,0.44289,0.01917740225165303,-0.10832259774834697,0.1275,False,Bittrex,Kraken
377,01-13-2021_20-22-46,ALGO/USD,25.0,0.44323,0.44299,0.013536989824696996,-0.11396301017530301,0.1275,False,Bittrex,Kraken
378,01-13-2021_20-22-56,ALGO/USD,25.0,0.444,0.44305,0.05349099099099135,-0.03650900900900865,0.09,False,Binance US,Kraken
379,01-13-2021_20-23-07,ALGO/USD,25.0,0.444,0.44298,0.05743243243243361,-0.03256756756756639,0.09,False,Binance US,Kraken
380,01-13-2021_20-23-16,ALGO/USD,25.0,0.444,0.44297,0.057995495495497235,-0.03200450450450276,0.09,False,Binance US,Kraken
381,01-13-2021_20-23-26,ALGO/USD,25.0,0.44323,0.4427,0.02989418586287201,-0.15260581413712798,0.1825,False,Bittrex,Coinbase Pro
382,01-13-2021_20-23-37,ALGO/USD,25.0,0.44323,0.44288,0.019741443494349264,-0.10775855650565073,0.1275,False,Bittrex,Kraken
383,01-13-2021_20-23-46,ALGO/USD,25.0,0.44322,0.4426,0.034971346058391396,-0.1475286539416086,0.1825,False,Bittrex,Coinbase Pro
384,01-13-2021_20-23-57,ALGO/USD,25.0,0.44322,0.4429,0.01804972699787842,-0.16445027300212156,0.1825,False,Bittrex,Coinbase Pro
385,01-13-2021_20-24-08,ALGO/USD,25.0,0.44322,0.44265,0.03215107621497309,-0.0953489237850269,0.1275,False,Bittrex,Kraken
386,01-13-2021_20-24-18,ALGO/USD,25.0,0.44322,0.4427,0.02933080637155478,-0.15316919362844522,0.1825,False,Bittrex,Coinbase Pro
387,01-13-2021_20-24-28,ALGO/USD,25.0,0.44322,0.4423,0.05189296511890124,-0.13060703488109876,0.1825,False,Bittrex,Coinbase Pro
388,01-13-2021_20-24-39,ALGO/USD,25.0,0.44322,0.4424,0.04625242543206463,-0.13624757456793538,0.1825,False,Bittrex,Coinbase Pro
389,01-13-2021_20-24-49,ALGO/USD,25.0,0.44322,0.44256,0.037227561933125417,-0.09027243806687459,0.1275,False,Bittrex,Kraken
390,01-13-2021_20-25-00,ALGO/USD,25.0,0.44322,0.4422,0.05753350480574099,-0.12496649519425901,0.1825,False,Bittrex,Coinbase Pro
391,01-13-2021_20-25-12,ALGO/USD,25.0,0.44322,0.44216,0.05978972068047501,-0.067710279319525,0.1275,False,Bittrex,Kraken
392,01-13-2021_20-25-22,ALGO/USD,25.0,0.44322,0.44194,0.07219890799151682,-0.05530109200848318,0.1275,False,Bittrex,Kraken
393,01-13-2021_20-25-33,ALGO/USD,25.0,0.44322,0.44219,0.058097558774422145,-0.06940244122557786,0.1275,False,Bittrex,Kraken
394,01-13-2021_20-25-44,ALGO/USD,25.0,0.44322,0.44157,0.09306890483281355,-0.034431095167186454,0.1275,False,Bittrex,Kraken
395,01-13-2021_20-25-55,ALGO/USD,25.0,0.44318,0.4415,0.09476961956767085,-0.08773038043232914,0.1825,False,Bittrex,Coinbase Pro
396,01-13-2021_20-26-07,ALGO/USD,25.0,0.44318,0.44128,0.10717992689200848,-0.020320073107991526,0.1275,False,Bittrex,Kraken
397,01-13-2021_20-26-20,ALGO/USD,25.0,0.44318,0.4415,0.09476961956767085,-0.08773038043232914,0.1825,False,Bittrex,Coinbase Pro
398,01-13-2021_20-26-32,ALGO/USD,25.0,0.44318,0.44103,0.12128254885148476,-0.006217451148515241,0.1275,False,Bittrex,Kraken
399,01-13-2021_20-26-44,ALGO/USD,25.0,0.44312,0.44083,0.12919750857555595,0.0016975085755559505,0.1275,False,Bittrex,Kraken
400,01-13-2021_20-26-56,ALGO/USD,25.0,0.44304,0.44079,0.12696370530877427,-0.000536294691225736,0.1275,False,Bittrex,Kraken
401,01-13-2021_20-27-10,ALGO/USD,25.0,0.44296,0.44075,0.12472909517789671,-0.002770904822103293,0.1275,False,Bittrex,Kraken
402,01-13-2021_20-27-23,ALGO/USD,25.0,0.44293,0.44074,0.1236086966337779,-0.003891303366222107,0.1275,False,Bittrex,Kraken
403,01-13-2021_20-27-35,ALGO/USD,25.0,0.44291,0.44114,0.09990743040347075,-0.027592569596529254,0.1275,False,Bittrex,Kraken
404,01-13-2021_20-27-45,ALGO/USD,25.0,0.44291,0.44118,0.097649635366102,-0.029850364633898008,0.1275,False,Bittrex,Kraken
405,01-13-2021_20-27-56,ALGO/USD,25.0,0.44288,0.4409,0.1117684248554903,-0.015731575144509707,0.1275,False,Bittrex,Kraken
406,01-13-2021_20-28-07,ALGO/USD,25.0,0.44288,0.44097,0.10781701589595503,-0.019682984104044968,0.1275,False,Bittrex,Kraken
407,01-13-2021_20-28-21,ALGO/USD,25.0,0.44279,0.44033,0.13889202556516733,0.01139202556516733,0.1275,True,Bittrex,Kraken
408,01-13-2021_20-28-34,ALGO/USD,25.0,0.44272,0.44064,0.11745572822551648,-0.010044271774483526,0.1275,False,Bittrex,Kraken
409,01-13-2021_20-28-47,ALGO/USD,25.0,0.44272,0.44049,0.12592609324177864,-0.0015739067582213606,0.1275,False,Bittrex,Kraken
410,01-13-2021_20-29-00,ALGO/USD,25.0,0.44264,0.44014,0.14119826495572035,0.013698264955720352,0.1275,True,Bittrex,Kraken
411,01-13-2021_20-29-12,ALGO/USD,25.0,0.44255,0.43983,0.15365495424245848,0.026154954242458478,0.1275,True,Bittrex,Kraken
412,01-13-2021_20-29-26,ALGO/USD,25.0,0.44249,0.43944,0.172320278424371,0.044820278424371,0.1275,True,Bittrex,Kraken
413,01-13-2021_20-29-38,ALGO/USD,25.0,0.44245,0.43908,0.19041699627076417,0.06291699627076416,0.1275,True,Bittrex,Kraken
414,01-13-2021_20-29-51,ALGO/USD,25.0,0.44235,0.43961,0.15485475302362497,0.027354753023624973,0.1275,True,Bittrex,Kraken
415,01-13-2021_20-30-06,ALGO/USD,25.0,0.44223,0.43984,0.13511068900798245,0.007610689007982452,0.1275,False,Bittrex,Kraken
416,01-13-2021_20-30-16,ALGO/USD,25.0,0.44219,0.44016,0.11476966914674866,-0.012730330853251343,0.1275,False,Bittrex,Kraken
417,01-13-2021_20-30-30,ALGO/USD,25.0,0.44219,0.4405,0.09554716298423895,-0.08695283701576105,0.1825,False,Bittrex,Coinbase Pro
418,01-13-2021_20-30-41,ALGO/USD,25.0,0.44219,0.44093,0.07123634636694853,-0.05626365363305147,0.1275,False,Bittrex,Kraken
419,01-13-2021_20-30-53,ALGO/USD,25.0,0.44219,0.44091,0.07236708202356472,-0.05513291797643528,0.1275,False,Bittrex,Kraken
420,01-13-2021_20-31-05,ALGO/USD,25.0,0.44219,0.4409,0.07293244985187437,-0.05456755014812563,0.1275,False,Bittrex,Kraken
421,01-13-2021_20-31-18,ALGO/USD,25.0,0.44216,0.43983,0.13173964175863934,0.004239641758639334,0.1275,False,Bittrex,Kraken
422,01-13-2021_20-31-29,ALGO/USD,25.0,0.44213,0.44017,0.11082713229140848,-0.016672867708591527,0.1275,False,Bittrex,Kraken
423,01-13-2021_20-31-42,ALGO/USD,25.0,0.4421,0.43995,0.12157882831938392,-0.00592117168061608,0.1275,False,Bittrex,Kraken
424,01-13-2021_20-31-54,ALGO/USD,25.0,0.44207,0.43997,0.11875947248173313,-0.008740527518266872,0.1275,False,Bittrex,Kraken
425,01-13-2021_20-32-07,ALGO/USD,25.0,0.44205,0.4396,0.1385589865399846,-0.04394101346001539,0.1825,False,Bittrex,Coinbase Pro
426,01-13-2021_20-32-20,ALGO/USD,25.0,0.44195,0.4394,0.1442470867745218,-0.03825291322547819,0.1825,False,Bittrex,Coinbase Pro
427,01-13-2021_20-32-32,ALGO/USD,25.0,0.44187,0.4391,0.15672030235137002,-0.025779697648629973,0.1825,False,Bittrex,Coinbase Pro
428,01-13-2021_20-32-45,ALGO/USD,25.0,0.4418,0.4387,0.17541874151199904,-0.007081258488000952,0.1825,False,Bittrex,Coinbase Pro
429,01-13-2021_20-32-57,ALGO/USD,25.0,0.44059,0.4377,0.16398465693728884,-0.01851534306271116,0.1825,False,Bittrex,Coinbase Pro
430,01-13-2021_20-33-09,ALGO/USD,25.0,0.43999,0.4377,0.13011659355894534,-0.05238340644105466,0.1825,False,Bittrex,Coinbase Pro
431,01-13-2021_20-33-22,ALGO/USD,25.0,0.43993,0.43865,0.07273884481622095,-0.05476115518377905,0.1275,False,Bittrex,Kraken
432,01-13-2021_20-33-36,ALGO/USD,25.0,0.43991,0.43837,0.0875179013889228,-0.039982098611077196,0.1275,False,Bittrex,Kraken
433,01-13-2021_20-33-48,ALGO/USD,25.0,0.43988,0.43793,0.1108256797308361,-0.016674320269163906,0.1275,False,Bittrex,Kraken
434,01-13-2021_20-34-00,ALGO/USD,25.0,0.43988,0.43751,0.13469582613439934,0.007195826134399341,0.1275,False,Bittrex,Kraken
435,01-13-2021_20-34-14,ALGO/USD,25.0,0.43988,0.4378,0.1182140583795564,-0.0642859416204436,0.1825,False,Bittrex,Coinbase Pro
436,01-13-2021_20-34-26,ALGO/USD,25.0,0.43979,0.43787,0.10914300006821624,-0.01835699993178376,0.1275,False,Bittrex,Kraken
437,01-13-2021_20-34-37,ALGO/USD,25.0,0.4397,0.43774,0.11143961792130783,-0.016060382078692176,0.1275,False,Bittrex,Kraken
438,01-13-2021_20-34-49,ALGO/USD,25.0,0.43967,0.4377,0.1120158300543605,-0.0704841699456395,0.1825,False,Bittrex,Coinbase Pro
439,01-13-2021_20-35-00,ALGO/USD,25.0,0.43965,0.43786,0.1017855112020902,-0.0257144887979098,0.1275,False,Bittrex,Kraken
440,01-13-2021_20-35-14,ALGO/USD,25.0,0.43961,0.43799,0.09212711266804727,-0.035372887331952735,0.1275,False,Bittrex,Kraken
441,01-13-2021_20-35-26,ALGO/USD,25.0,0.43961,0.438,0.09155842678737974,-0.09094157321262025,0.1825,False,Bittrex,Coinbase Pro
442,01-13-2021_20-35-38,ALGO/USD,25.0,0.43953,0.4377,0.1040884581257251,-0.07841154187427489,0.1825,False,Bittrex,Coinbase Pro
443,01-13-2021_20-35-51,ALGO/USD,25.0,0.43942,0.4376,0.10354558281370832,-0.07895441718629168,0.1825,False,Bittrex,Coinbase Pro
444,01-13-2021_20-36-02,ALGO/USD,25.0,0.43941,0.4379,0.08591065292096284,-0.09658934707903716,0.1825,False,Bittrex,Coinbase Pro
445,01-13-2021_20-36-14,ALGO/USD,25.0,0.43941,0.4377,0.09728954734758226,-0.08521045265241774,0.1825,False,Bittrex,Coinbase Pro
446,01-13-2021_20-36-27,ALGO/USD,25.0,0.43931,0.43771,0.09105187680681014,-0.036448123193189866,0.1275,False,Bittrex,Kraken
447,01-13-2021_20-36-38,ALGO/USD,25.0,0.43923,0.4377,0.0870842155590483,-0.0954157844409517,0.1825,False,Bittrex,Coinbase Pro
448,01-13-2021_20-36-50,ALGO/USD,25.0,0.43918,0.4377,0.08424791657179498,-0.09825208342820502,0.1825,False,Bittrex,Coinbase Pro
449,01-13-2021_20-37-01,ALGO/USD,25.0,0.43918,0.4377,0.08424791657179498,-0.09825208342820502,0.1825,False,Bittrex,Coinbase Pro
450,01-13-2021_20-37-14,ALGO/USD,25.0,0.43915,0.4377,0.08254582716611675,-0.09995417283388325,0.1825,False,Bittrex,Coinbase Pro
451,01-13-2021_20-37-26,ALGO/USD,25.0,0.43915,0.4364,0.1565524308322882,-0.025947569167711793,0.1825,False,Bittrex,Coinbase Pro
452,01-13-2021_20-37-37,ALGO/USD,25.0,0.43912,0.4362,0.16624157405720721,-0.01625842594279278,0.1825,False,Bittrex,Coinbase Pro
453,01-13-2021_20-37-49,ALGO/USD,25.0,0.43912,0.4365,0.1491619602842054,-0.033338039715794604,0.1825,False,Bittrex,Coinbase Pro
454,01-13-2021_20-38-00,ALGO/USD,25.0,0.43908,0.43648,0.14803680422702278,0.02053680422702278,0.1275,True,Bittrex,Kraken
455,01-13-2021_20-38-11,ALGO/USD,25.0,0.43908,0.43639,0.15316115514257228,0.02566115514257228,0.1275,True,Bittrex,Kraken
456,01-13-2021_20-38-23,ALGO/USD,25.0,0.43904,0.4367,0.13324526239067105,-0.04925473760932894,0.1825,False,Bittrex,Coinbase Pro
457,01-13-2021_20-38-34,ALGO/USD,25.0,0.43897,0.4367,0.12927990523270666,0.0017799052327066578,0.1275,False,Bittrex,Kraken
458,01-13-2021_20-38-46,ALGO/USD,25.0,0.43884,0.43643,0.13729377449640093,0.009793774496400925,0.1275,True,Bittrex,Kraken
459,01-13-2021_20-38-59,ALGO/USD,25.0,0.43874,0.43672,0.11510233851483918,-0.012397661485160819,0.1275,False,Bittrex,Kraken
460,01-13-2021_20-39-11,ALGO/USD,25.0,0.43862,0.43688,0.09917468423692599,-0.02832531576307401,0.1275,False,Bittrex,Kraken
461,01-13-2021_20-39-22,ALGO/USD,25.0,0.43858,0.4366,0.11286424369556507,-0.06963575630443493,0.1825,False,Bittrex,Coinbase Pro
462,01-13-2021_20-39-34,ALGO/USD,25.0,0.43852,0.4367,0.10375809541184232,-0.07874190458815768,0.1825,False,Bittrex,Coinbase Pro
463,01-13-2021_20-39-44,ALGO/USD,25.0,0.43845,0.43669,0.10035351807503615,-0.027146481924963856,0.1275,False,Bittrex,Kraken
464,01-13-2021_20-39-56,ALGO/USD,25.0,0.43835,0.43687,0.08440743697958462,-0.04309256302041538,0.1275,False,Bittrex,Kraken
465,01-13-2021_20-40-07,ALGO/USD,25.0,0.43829,0.4368,0.0849893905861411,-0.09751060941385889,0.1825,False,Bittrex,Coinbase Pro
466,01-13-2021_20-40-17,ALGO/USD,25.0,0.43824,0.43689,0.07701259583789806,-0.05048740416210194,0.1275,False,Bittrex,Kraken
467,01-13-2021_20-40-29,ALGO/USD,25.0,0.4501,0.43799,0.6726283048211514,0.5451283048211515,0.1275,True,Bittrex,Kraken
468,01-13-2021_20-40-42,ALGO/USD,25.0,0.44993,0.4384,0.6406552130331375,0.45815521303313755,0.1825,True,Bittrex,Coinbase Pro
469,01-13-2021_20-40-53,ALGO/USD,25.0,0.44979,0.4386,0.621956913226174,0.439456913226174,0.1825,True,Bittrex,Coinbase Pro
470,01-13-2021_20-41-04,ALGO/USD,25.0,0.44967,0.4388,0.6043320657370955,0.42183206573709553,0.1825,True,Bittrex,Coinbase Pro
471,01-13-2021_20-41-15,ALGO/USD,25.0,0.44954,0.4388,0.5972772167104136,0.41477721671041357,0.1825,True,Bittrex,Coinbase Pro
472,01-13-2021_20-41-25,ALGO/USD,25.0,0.44942,0.4388,0.5907614258377444,0.4082614258377444,0.1825,True,Bittrex,Coinbase Pro
473,01-13-2021_20-41-36,ALGO/USD,25.0,0.44934,0.4389,0.5808519161436776,0.3983519161436776,0.1825,True,Bittrex,Coinbase Pro
474,01-13-2021_20-41-47,ALGO/USD,25.0,0.44918,0.43908,0.5621354468141946,0.4346354468141946,0.1275,True,Bittrex,Kraken
475,01-13-2021_20-41-58,ALGO/USD,25.0,0.44901,0.43908,0.5528830092870979,0.4253830092870979,0.1275,True,Bittrex,Kraken
476,01-13-2021_20-42-09,ALGO/USD,25.0,0.44887,0.43908,0.5452580925434962,0.4177580925434962,0.1275,True,Bittrex,Kraken
477,01-13-2021_20-42-20,ALGO/USD,25.0,0.44876,0.43908,0.539263748997235,0.41176374899723495,0.1275,True,Bittrex,Kraken
478,01-13-2021_20-42-33,ALGO/USD,25.0,0.44291,0.43908,0.21618387482784313,0.08868387482784312,0.1275,True,Bittrex,Kraken
479,01-13-2021_20-42-43,ALGO/USD,25.0,0.44283,0.4389,0.22186843709775697,0.039368437097756975,0.1825,True,Bittrex,Coinbase Pro
480,01-13-2021_20-42-54,ALGO/USD,25.0,0.44101,0.438,0.17063105145008123,-0.011868948549918767,0.1825,False,Bittrex,Coinbase Pro
481,01-13-2021_20-43-04,ALGO/USD,25.0,0.44092,0.438,0.16556291390728353,-0.016937086092716463,0.1825,False,Bittrex,Coinbase Pro
482,01-13-2021_20-43-15,ALGO/USD,25.0,0.44088,0.43839,0.14119488296134958,0.013694882961349575,0.1275,True,Bittrex,Kraken
483,01-13-2021_20-43-26,ALGO/USD,25.0,0.44078,0.4385,0.12931621216933642,-0.053183787830663576,0.1825,False,Bittrex,Coinbase Pro
484,01-13-2021_20-43-42,ALGO/USD,25.0,0.44067,0.4386,0.11743481516781357,-0.06506518483218643,0.1825,False,Bittrex,Coinbase Pro
485,01-13-2021_20-43-53,ALGO/USD,25.0,0.44067,0.4385,0.12310799464451887,-0.05939200535548113,0.1825,False,Bittrex,Coinbase Pro
486,01-13-2021_20-44-05,ALGO/USD,25.0,0.44058,0.4385,0.11802623814063429,-0.06447376185936571,0.1825,False,Bittrex,Coinbase Pro
487,01-13-2021_20-44-16,ALGO/USD,25.0,0.44055,0.4385,0.11633185790489141,-0.06616814209510859,0.1825,False,Bittrex,Coinbase Pro
488,01-13-2021_20-44-27,ALGO/USD,25.0,0.44051,0.4387,0.1027218451340511,-0.0797781548659489,0.1825,False,Bittrex,Coinbase Pro
489,01-13-2021_20-44-39,ALGO/USD,25.0,0.44042,0.4387,0.09763407656328048,-0.08486592343671952,0.1825,False,Bittrex,Coinbase Pro
490,01-13-2021_20-44-50,ALGO/USD,25.0,0.44041,0.4387,0.09706864058491206,-0.08543135941508793,0.1825,False,Bittrex,Coinbase Pro
491,01-13-2021_20-45-00,ALGO/USD,25.0,0.44041,0.4386,0.10274516927408743,-0.07975483072591256,0.1825,False,Bittrex,Coinbase Pro
492,01-13-2021_20-45-10,ALGO/USD,25.0,0.44041,0.4384,0.11409822665243817,-0.06840177334756183,0.1825,False,Bittrex,Coinbase Pro
493,01-13-2021_20-45-21,ALGO/USD,25.0,0.44034,0.4382,0.12149702502611794,-0.06100297497388206,0.1825,False,Bittrex,Coinbase Pro
494,01-13-2021_20-45-32,ALGO/USD,25.0,0.44033,0.43838,0.11071242023028226,-0.016787579769717745,0.1275,False,Bittrex,Kraken
495,01-13-2021_20-45-42,ALGO/USD,25.0,0.44031,0.4382,0.11980195771161233,-0.06269804228838767,0.1825,False,Bittrex,Coinbase Pro
496,01-13-2021_20-45-52,ALGO/USD,25.0,0.44025,0.4382,0.11641113003974994,-0.06608886996025005,0.1825,False,Bittrex,Coinbase Pro
497,01-13-2021_20-46-02,ALGO/USD,25.0,0.44019,0.43847,0.09768509052908966,-0.02981490947091034,0.1275,False,Bittrex,Kraken
498,01-13-2021_20-46-14,ALGO/USD,25.0,0.44016,0.4383,0.10564340239912605,-0.07685659760087395,0.1825,False,Bittrex,Coinbase Pro
499,01-13-2021_20-46-25,ALGO/USD,25.0,0.44016,0.4387,0.08292439113049896,-0.09957560886950104,0.1825,False,Bittrex,Coinbase Pro
500,01-13-2021_20-46-37,ALGO/USD,25.0,0.44016,0.4387,0.08292439113049896,-0.09957560886950104,0.1825,False,Bittrex,Coinbase Pro
501,01-13-2021_20-46-48,ALGO/USD,25.0,0.44016,0.4389,0.07156488549618226,-0.11093511450381774,0.1825,False,Bittrex,Coinbase Pro
502,01-13-2021_20-46-59,ALGO/USD,25.0,0.44016,0.439,0.06588513267902549,-0.11661486732097451,0.1825,False,Bittrex,Coinbase Pro
503,01-13-2021_20-47-09,ALGO/USD,25.0,0.44016,0.439,0.06588513267902549,-0.11661486732097451,0.1825,False,Bittrex,Coinbase Pro
504,01-13-2021_20-47-20,ALGO/USD,25.0,0.44016,0.43887,0.07326881134133119,-0.054231188658668814,0.1275,False,Bittrex,Kraken
505,01-13-2021_20-47-29,ALGO/USD,25.0,0.44013,0.4385,0.09258628132597302,-0.08991371867402698,0.1825,False,Bittrex,Coinbase Pro
506,01-13-2021_20-47-40,ALGO/USD,25.0,0.44013,0.4388,0.07554586145002601,-0.10695413854997399,0.1825,False,Bittrex,Coinbase Pro
507,01-13-2021_20-47-51,ALGO/USD,25.0,0.44013,0.4389,0.06986572149137804,-0.11263427850862195,0.1825,False,Bittrex,Coinbase Pro
508,01-13-2021_20-48-03,ALGO/USD,25.0,0.44013,0.43908,0.05964146956580983,-0.06785853043419017,0.1275,False,Bittrex,Kraken
509,01-13-2021_20-48-14,ALGO/USD,25.0,0.44013,0.43908,0.05964146956580983,-0.06785853043419017,0.1275,False,Bittrex,Kraken
510,01-13-2021_20-48-26,ALGO/USD,25.0,0.44013,0.43908,0.05964146956580983,-0.06785853043419017,0.1275,False,Bittrex,Kraken
511,01-13-2021_20-48-37,ALGO/USD,25.0,0.44013,0.4398,0.018744461863540143,-0.16375553813645985,0.1825,False,Bittrex,Coinbase Pro
512,01-13-2021_20-48-49,ALGO/USD,25.0,0.44013,0.43985,0.015904391884216166,-0.11159560811578384,0.1275,False,Bittrex,Kraken
513,01-13-2021_20-48-59,ALGO/USD,25.0,0.44013,0.43978,0.019880489855270998,-0.10761951014472901,0.1275,False,Bittrex,Kraken
514,01-13-2021_20-49-10,ALGO/USD,25.0,0.44013,0.43978,0.019880489855270998,-0.10761951014472901,0.1275,False,Bittrex,Kraken
515,01-13-2021_20-49-20,ALGO/USD,25.0,0.44013,0.43978,0.019880489855270998,-0.10761951014472901,0.1275,False,Bittrex,Kraken
516,01-13-2021_20-49-30,ALGO/USD,25.0,0.44013,0.4397,0.024424601822191253,-0.15807539817780875,0.1825,False,Bittrex,Coinbase Pro
517,01-13-2021_20-49-40,ALGO/USD,25.0,0.44013,0.4395,0.035784881739487163,-0.14671511826051284,0.1825,False,Bittrex,Coinbase Pro
518,01-13-2021_20-49-51,ALGO/USD,25.0,0.44288,0.4395,0.19079660404624244,0.00829660404624244,0.1825,False,Bittrex,Coinbase Pro
519,01-13-2021_20-50-01,ALGO/USD,25.0,0.44274,0.4393,0.1942449293038803,0.011744929303880297,0.1825,True,Bittrex,Coinbase Pro
520,01-13-2021_20-50-12,ALGO/USD,25.0,0.44235,0.4395,0.16107154967785797,-0.021428450322142023,0.1825,False,Bittrex,Coinbase Pro
521,01-13-2021_20-50-24,ALGO/USD,25.0,0.44224,0.4395,0.1548932706222877,-0.027606729377712302,0.1825,False,Bittrex,Coinbase Pro
522,01-13-2021_20-50-35,ALGO/USD,25.0,0.44211,0.4395,0.14758770441745273,-0.03491229558254727,0.1825,False,Bittrex,Coinbase Pro
523,01-13-2021_20-50-45,ALGO/USD,25.0,0.44201,0.4395,0.14196511391145067,-0.04053488608854933,0.1825,False,Bittrex,Coinbase Pro
524,01-13-2021_20-50-55,ALGO/USD,25.0,0.44201,0.4397,0.13065315264360727,-0.05184684735639272,0.1825,False,Bittrex,Coinbase Pro
525,01-13-2021_20-51-06,ALGO/USD,25.0,0.44196,0.4397,0.1278396234953412,-0.0546603765046588,0.1825,False,Bittrex,Coinbase Pro
526,01-13-2021_20-51-15,ALGO/USD,25.0,0.44187,0.43985,0.11428700749088909,-0.013212992509110913,0.1275,False,Bittrex,Kraken
527,01-13-2021_20-51-26,ALGO/USD,25.0,0.44178,0.4398,0.11204672008692006,-0.07045327991307994,0.1825,False,Bittrex,Coinbase Pro
528,01-13-2021_20-51-35,ALGO/USD,25.0,0.44172,0.4399,0.10300642941229672,-0.07949357058770327,0.1825,False,Bittrex,Coinbase Pro
529,01-13-2021_20-51-45,ALGO/USD,25.0,0.44167,0.4398,0.10584825774899714,-0.07665174225100285,0.1825,False,Bittrex,Coinbase Pro
530,01-13-2021_20-51-56,ALGO/USD,25.0,0.44167,0.4397,0.11150859238798351,-0.07099140761201649,0.1825,False,Bittrex,Coinbase Pro
531,01-13-2021_20-52-06,ALGO/USD,25.0,0.44167,0.4394,0.1284895963049332,-0.054010403695066794,0.1825,False,Bittrex,Coinbase Pro
532,01-13-2021_20-52-16,ALGO/USD,25.0,0.44167,0.4395,0.12282926166594998,-0.05967073833405001,0.1825,False,Bittrex,Coinbase Pro
533,01-13-2021_20-52-26,ALGO/USD,25.0,0.44167,0.4396,0.11716892702696674,-0.06533107297303326,0.1825,False,Bittrex,Coinbase Pro
534,01-13-2021_20-52-36,ALGO/USD,25.0,0.44167,0.4396,0.11716892702696674,-0.06533107297303326,0.1825,False,Bittrex,Coinbase Pro
535,01-13-2021_20-52-47,ALGO/USD,25.0,0.44167,0.4396,0.11716892702696674,-0.06533107297303326,0.1825,False,Bittrex,Coinbase Pro
536,01-13-2021_20-52-57,ALGO/USD,25.0,0.44161,0.43978,0.1035981975045854,-0.023901802495414598,0.1275,False,Bittrex,Kraken
537,01-13-2021_20-53-07,ALGO/USD,25.0,0.44153,0.4395,0.11494122709668518,-0.06755877290331481,0.1825,False,Bittrex,Coinbase Pro
538,01-13-2021_20-53-17,ALGO/USD,25.0,0.44152,0.4395,0.1143776046385227,-0.0681223953614773,0.1825,False,Bittrex,Coinbase Pro
539,01-13-2021_20-53-28,ALGO/USD,25.0,0.44152,0.4396,0.10871534698315097,-0.07378465301684903,0.1825,False,Bittrex,Coinbase Pro
540,01-13-2021_20-53-38,ALGO/USD,25.0,0.44152,0.4395,0.1143776046385227,-0.0681223953614773,0.1825,False,Bittrex,Coinbase Pro
541,01-13-2021_20-53-48,ALGO/USD,25.0,0.44145,0.43939,0.11666100351115677,-0.010838996488843233,0.1275,False,Bittrex,Kraken
542,01-13-2021_20-53-58,ALGO/USD,25.0,0.4414,0.43927,0.12063887630267447,-0.006861123697325527,0.1275,False,Bittrex,Kraken
543,01-13-2021_20-54-10,ALGO/USD,25.0,0.44131,0.4392,0.11953048877206504,-0.06296951122793495,0.1825,False,Bittrex,Coinbase Pro
544,01-13-2021_20-54-20,ALGO/USD,25.0,0.44111,0.4377,0.19326245154270047,0.010762451542700474,0.1825,True,Bittrex,Coinbase Pro
545,01-13-2021_20-54-32,ALGO/USD,25.0,0.44102,0.4385,0.1428506643689641,-0.0396493356310359,0.1825,False,Bittrex,Coinbase Pro
546,01-13-2021_20-54-43,ALGO/USD,25.0,0.44102,0.4382,0.15985669584146095,-0.022643304158539046,0.1825,False,Bittrex,Coinbase Pro
547,01-13-2021_20-54-53,ALGO/USD,25.0,0.44102,0.4383,0.1541880186839599,-0.028311981316040097,0.1825,False,Bittrex,Coinbase Pro
548,01-13-2021_20-55-04,ALGO/USD,25.0,0.44095,0.43835,0.14740900328835418,0.019909003288354182,0.1275,True,Bittrex,Kraken
549,01-13-2021_20-55-14,ALGO/USD,25.0,0.44093,0.4385,0.13777697140135553,-0.044723028598644465,0.1825,False,Bittrex,Coinbase Pro
550,01-13-2021_20-55-25,ALGO/USD,25.0,0.44083,0.4385,0.132137105006465,-0.050362894993534996,0.1825,False,Bittrex,Coinbase Pro
551,01-13-2021_20-55-37,ALGO/USD,25.0,0.44083,0.43849,0.13270421704511992,0.005204217045119919,0.1275,False,Bittrex,Kraken
552,01-13-2021_20-55-47,ALGO/USD,25.0,0.44081,0.43846,0.1332773757401127,0.005777375740112695,0.1275,False,Bittrex,Kraken
553,01-13-2021_20-55-59,ALGO/USD,25.0,0.44076,0.4384,0.13385969688719332,-0.048640303112806677,0.1825,False,Bittrex,Coinbase Pro
554,01-13-2021_20-56-09,ALGO/USD,25.0,0.44069,0.4384,0.12990991399850316,-0.05259008600149684,0.1825,False,Bittrex,Coinbase Pro
555,01-13-2021_20-56-19,ALGO/USD,25.0,0.44062,0.4384,0.12595887612909082,-0.05654112387090918,0.1825,False,Bittrex,Coinbase Pro
556,01-13-2021_20-56-30,ALGO/USD,25.0,0.44061,0.4384,0.1253943396654632,-0.05710566033453679,0.1825,False,Bittrex,Coinbase Pro
557,01-13-2021_20-56-41,ALGO/USD,25.0,0.44058,0.4389,0.0953288846520504,-0.0871711153479496,0.1825,False,Bittrex,Coinbase Pro
558,01-13-2021_20-56-52,ALGO/USD,25.0,0.44058,0.4386,0.1123518997684891,-0.0701481002315109,0.1825,False,Bittrex,Coinbase Pro
559,01-13-2021_20-57-04,ALGO/USD,25.0,0.44058,0.4387,0.10667756139634392,-0.07582243860365608,0.1825,False,Bittrex,Coinbase Pro
560,01-13-2021_20-57-15,ALGO/USD,25.0,0.44058,0.4387,0.10667756139634392,-0.07582243860365608,0.1825,False,Bittrex,Coinbase Pro
561,01-13-2021_20-57-27,ALGO/USD,25.0,0.44058,0.4389,0.0953288846520504,-0.0871711153479496,0.1825,False,Bittrex,Coinbase Pro
562,01-13-2021_20-57-37,ALGO/USD,25.0,0.44058,0.4389,0.0953288846520504,-0.0871711153479496,0.1825,False,Bittrex,Coinbase Pro
563,01-13-2021_20-57-48,ALGO/USD,25.0,0.44058,0.43906,0.08624994325661749,-0.041250056743382515,0.1275,False,Bittrex,Kraken
564,01-13-2021_20-57-59,ALGO/USD,25.0,0.44058,0.4391,0.08398020790776003,-0.09851979209223996,0.1825,False,Bittrex,Coinbase Pro
565,01-13-2021_20-58-09,ALGO/USD,25.0,0.44058,0.4392,0.07830586953561486,-0.10419413046438514,0.1825,False,Bittrex,Coinbase Pro
566,01-13-2021_20-58-21,ALGO/USD,25.0,0.44055,0.4391,0.08228350924980178,-0.10021649075019821,0.1825,False,Bittrex,Coinbase Pro
567,01-13-2021_20-58-32,ALGO/USD,25.0,0.44055,0.43921,0.07604131199636863,-0.051458688003631375,0.1275,False,Bittrex,Kraken
568,01-13-2021_20-58-44,ALGO/USD,25.0,0.44055,0.43922,0.07547383951878323,-0.05202616048121678,0.1275,False,Bittrex,Kraken
569,01-13-2021_20-58-56,ALGO/USD,25.0,0.44055,0.43922,0.07547383951878323,-0.05202616048121678,0.1275,False,Bittrex,Kraken
570,01-13-2021_20-59-07,ALGO/USD,25.0,0.44055,0.43922,0.07547383951878323,-0.05202616048121678,0.1275,False,Bittrex,Kraken
571,01-13-2021_20-59-19,ALGO/USD,25.0,0.44055,0.43922,0.07547383951878323,-0.05202616048121678,0.1275,False,Bittrex,Kraken
572,01-13-2021_20-59-30,ALGO/USD,25.0,0.44055,0.43922,0.07547383951878323,-0.05202616048121678,0.1275,False,Bittrex,Kraken
573,01-13-2021_20-59-40,ALGO/USD,25.0,0.44055,0.43922,0.07547383951878323,-0.05202616048121678,0.1275,False,Bittrex,Kraken
574,01-13-2021_20-59-51,ALGO/USD,25.0,0.44055,0.43922,0.07547383951878323,-0.05202616048121678,0.1275,False,Bittrex,Kraken
575,01-13-2021_21-00-02,ALGO/USD,25.0,0.44055,0.43922,0.07547383951878323,-0.05202616048121678,0.1275,False,Bittrex,Kraken
576,01-13-2021_21-00-13,ALGO/USD,25.0,0.44055,0.43922,0.07547383951878323,-0.05202616048121678,0.1275,False,Bittrex,Kraken
577,01-13-2021_21-00-24,ALGO/USD,25.0,0.44055,0.43922,0.07547383951878323,-0.05202616048121678,0.1275,False,Bittrex,Kraken
578,01-13-2021_21-00-35,ALGO/USD,25.0,0.44055,0.43922,0.07547383951878323,-0.05202616048121678,0.1275,False,Bittrex,Kraken
579,01-13-2021_21-00-45,ALGO/USD,25.0,0.44055,0.43922,0.07547383951878323,-0.05202616048121678,0.1275,False,Bittrex,Kraken
580,01-13-2021_21-00-55,ALGO/USD,25.0,0.44053,0.43922,0.07434226953896318,-0.05315773046103682,0.1275,False,Bittrex,Kraken
581,01-13-2021_21-01-07,ALGO/USD,25.0,0.44055,0.43922,0.07547383951878323,-0.05202616048121678,0.1275,False,Bittrex,Kraken
582,01-13-2021_21-01-16,ALGO/USD,25.0,0.44055,0.43922,0.07547383951878323,-0.05202616048121678,0.1275,False,Bittrex,Kraken
583,01-13-2021_21-01-27,ALGO/USD,25.0,0.44055,0.439,0.08795823402564952,-0.09454176597435048,0.1825,False,Bittrex,Coinbase Pro
584,01-13-2021_21-01-37,ALGO/USD,25.0,0.44055,0.43903,0.08625581659289645,-0.04124418340710355,0.1275,False,Bittrex,Kraken
585,01-13-2021_21-01-47,ALGO/USD,25.0,0.44055,0.43894,0.0913630688911588,-0.0361369311088412,0.1275,False,Bittrex,Kraken
586,01-13-2021_21-01-57,ALGO/USD,25.0,0.44052,0.43894,0.08966675746844785,-0.03783324253155215,0.1275,False,Bittrex,Kraken
587,01-13-2021_21-02-07,ALGO/USD,25.0,0.44052,0.43895,0.08909924634522927,-0.03840075365477073,0.1275,False,Bittrex,Kraken
588,01-13-2021_21-02-18,ALGO/USD,25.0,0.44049,0.43909,0.07945696837612728,-0.04804303162387272,0.1275,False,Bittrex,Kraken
589,01-13-2021_21-02-29,ALGO/USD,25.0,0.44049,0.4391,0.07888941860201154,-0.10361058139798845,0.1825,False,Bittrex,Coinbase Pro
590,01-13-2021_21-02-39,ALGO/USD,25.0,0.44049,0.4391,0.07888941860201154,-0.10361058139798845,0.1825,False,Bittrex,Coinbase Pro
591,01-13-2021_21-02-50,ALGO/USD,25.0,0.44049,0.43918,0.07434902040908863,-0.053150979590911376,0.1275,False,Bittrex,Kraken
592,01-13-2021_21-03-01,ALGO/USD,25.0,0.44049,0.43918,0.07434902040908863,-0.053150979590911376,0.1275,False,Bittrex,Kraken
593,01-13-2021_21-03-12,ALGO/USD,25.0,0.44049,0.43918,0.07434902040908863,-0.053150979590911376,0.1275,False,Bittrex,Kraken
594,01-13-2021_21-03-22,ALGO/USD,25.0,0.44049,0.43918,0.07434902040908863,-0.053150979590911376,0.1275,False,Bittrex,Kraken
595,01-13-2021_21-03-33,ALGO/USD,25.0,0.44049,0.43918,0.07434902040908863,-0.053150979590911376,0.1275,False,Bittrex,Kraken
596,01-13-2021_21-03-44,ALGO/USD,25.0,0.44049,0.43999,0.028377488705759523,-0.09912251129424048,0.1275,False,Bittrex,Kraken
597,01-13-2021_21-03-54,ALGO/USD,25.0,0.44049,0.43998,0.028945038479875278,-0.09855496152012472,0.1275,False,Bittrex,Kraken
598,01-13-2021_21-04-04,ALGO/USD,25.0,0.44049,0.44,0.027809938931643765,-0.09969006106835623,0.1275,False,Bittrex,Kraken
599,01-13-2021_21-04-16,ALGO/USD,25.0,0.44049,0.44,0.027809938931643765,-0.09969006106835623,0.1275,False,Bittrex,Kraken
600,01-13-2021_21-04-26,ALGO/USD,25.0,0.441,0.44,0.05668934240362817,-0.03331065759637183,0.09,False,Binance US,Kraken
601,01-13-2021_21-04-37,ALGO/USD,25.0,0.44049,0.4398,0.039160934413946316,-0.1433390655860537,0.1825,False,Bittrex,Coinbase Pro
602,01-13-2021_21-04-50,ALGO/USD,25.0,0.44049,0.43993,0.03178278735045092,-0.09571721264954908,0.1275,False,Bittrex,Kraken
603,01-13-2021_21-05-00,ALGO/USD,25.0,0.44049,0.43993,0.03178278735045092,-0.09571721264954908,0.1275,False,Bittrex,Kraken
604,01-13-2021_21-05-11,ALGO/USD,25.0,0.44049,0.4397,0.04483643215510074,-0.13766356784489925,0.1825,False,Bittrex,Coinbase Pro
605,01-13-2021_21-05-20,ALGO/USD,25.0,0.44049,0.4398,0.039160934413946316,-0.1433390655860537,0.1825,False,Bittrex,Coinbase Pro
606,01-13-2021_21-05-31,ALGO/USD,25.0,0.44049,0.43993,0.03178278735045092,-0.09571721264954908,0.1275,False,Bittrex,Kraken
607,01-13-2021_21-05-42,ALGO/USD,25.0,0.44049,0.43999,0.028377488705759523,-0.09912251129424048,0.1275,False,Bittrex,Kraken
608,01-13-2021_21-05-51,ALGO/USD,25.0,0.44049,0.43999,0.028377488705759523,-0.09912251129424048,0.1275,False,Bittrex,Kraken
609,01-13-2021_21-06-01,ALGO/USD,25.0,0.44049,0.43993,0.03178278735045092,-0.09571721264954908,0.1275,False,Bittrex,Kraken
610,01-13-2021_21-06-12,ALGO/USD,25.0,0.44049,0.4398,0.039160934413946316,-0.08833906558605369,0.1275,False,Bittrex,Kraken
611,01-13-2021_21-06-22,ALGO/USD,25.0,0.44049,0.43976,0.04143113351040934,-0.08606886648959067,0.1275,False,Bittrex,Kraken
612,01-13-2021_21-06-33,ALGO/USD,25.0,0.44049,0.43977,0.040863583736293584,-0.08663641626370641,0.1275,False,Bittrex,Kraken
613,01-13-2021_21-06-43,ALGO/USD,25.0,0.44049,0.43988,0.03462053622102655,-0.09287946377897345,0.1275,False,Bittrex,Kraken
614,01-13-2021_21-06-55,ALGO/USD,25.0,0.44049,0.4399,0.033485436672795035,-0.14901456332720497,0.1825,False,Bittrex,Coinbase Pro
615,01-13-2021_21-07-06,ALGO/USD,25.0,0.44049,0.4399,0.033485436672795035,-0.14901456332720497,0.1825,False,Bittrex,Coinbase Pro
616,01-13-2021_21-07-18,ALGO/USD,25.0,0.44049,0.43987,0.03518808599514231,-0.09231191400485769,0.1275,False,Bittrex,Kraken
617,01-13-2021_21-07-31,ALGO/USD,25.0,0.44049,0.43975,0.0419986832845251,-0.0855013167154749,0.1275,False,Bittrex,Kraken
618,01-13-2021_21-07-42,ALGO/USD,25.0,0.44049,0.43979,0.03972848418806207,-0.08777151581193793,0.1275,False,Bittrex,Kraken
619,01-13-2021_21-07-54,ALGO/USD,25.0,0.44049,0.4397,0.04483643215510074,-0.13766356784489925,0.1825,False,Bittrex,Coinbase Pro
620,01-13-2021_21-08-05,ALGO/USD,25.0,0.44049,0.4398,0.039160934413946316,-0.1433390655860537,0.1825,False,Bittrex,Coinbase Pro
621,01-13-2021_21-08-16,ALGO/USD,25.0,0.44049,0.43959,0.05107947967036777,-0.07642052032963223,0.1275,False,Bittrex,Kraken
622,01-13-2021_21-08-26,ALGO/USD,25.0,0.44049,0.4398,0.039160934413946316,-0.1433390655860537,0.1825,False,Bittrex,Coinbase Pro
623,01-13-2021_21-08-37,ALGO/USD,25.0,0.441,0.43964,0.07709750566893582,-0.012902494331064177,0.09,False,Binance US,Kraken
624,01-13-2021_21-08-47,ALGO/USD,25.0,0.441,0.44,0.05668934240362817,-0.03331065759637183,0.09,False,Binance US,Kraken
625,01-13-2021_21-09-00,ALGO/USD,25.0,0.441,0.44,0.05668934240362817,-0.03331065759637183,0.09,False,Binance US,Kraken
626,01-13-2021_21-09-09,ALGO/USD,25.0,0.441,0.44,0.05668934240362817,-0.03331065759637183,0.09,False,Binance US,Kraken
627,01-13-2021_21-09-20,ALGO/USD,25.0,0.441,0.43997,0.058390022675735564,-0.03160997732426443,0.09,False,Binance US,Kraken
628,01-13-2021_21-09-30,ALGO/USD,25.0,0.441,0.43994,0.06009070294784611,-0.029909297052153887,0.09,False,Binance US,Kraken
629,01-13-2021_21-09-40,ALGO/USD,25.0,0.441,0.43997,0.058390022675735564,-0.03160997732426443,0.09,False,Binance US,Kraken
630,01-13-2021_21-09-50,ALGO/USD,25.0,0.441,0.44,0.05668934240362817,-0.03331065759637183,0.09,False,Binance US,Kraken
631,01-13-2021_21-10-00,ALGO/USD,25.0,0.441,0.43997,0.058390022675735564,-0.03160997732426443,0.09,False,Binance US,Kraken
632,01-13-2021_21-10-10,ALGO/USD,25.0,0.441,0.43992,0.06122448979591981,-0.028775510204080187,0.09,False,Binance US,Kraken
633,01-13-2021_21-10-20,ALGO/USD,25.0,0.441,0.43992,0.06122448979591981,-0.028775510204080187,0.09,False,Binance US,Kraken
634,01-13-2021_21-10-31,ALGO/USD,25.0,0.441,0.43992,0.06122448979591981,-0.028775510204080187,0.09,False,Binance US,Kraken
635,01-13-2021_21-10-42,ALGO/USD,25.0,0.441,0.44,0.05668934240362817,-0.03331065759637183,0.09,False,Binance US,Kraken
636,01-13-2021_21-10-55,ALGO/USD,25.0,0.441,0.43999,0.057256235827665015,-0.03274376417233498,0.09,False,Binance US,Kraken
637,01-13-2021_21-11-06,ALGO/USD,25.0,0.441,0.43999,0.057256235827665015,-0.03274376417233498,0.09,False,Binance US,Kraken
638,01-13-2021_21-11-17,ALGO/USD,25.0,0.441,0.43999,0.057256235827665015,-0.03274376417233498,0.09,False,Binance US,Kraken
639,01-13-2021_21-11-27,ALGO/USD,25.0,0.441,0.43999,0.057256235827665015,-0.03274376417233498,0.09,False,Binance US,Kraken
640,01-13-2021_21-11-37,ALGO/USD,25.0,0.441,0.43979,0.06859410430838939,-0.02140589569161061,0.09,False,Binance US,Kraken
641,01-13-2021_21-11-48,ALGO/USD,25.0,0.441,0.43977,0.06972789115646309,-0.020272108843536904,0.09,False,Binance US,Kraken
642,01-13-2021_21-11-57,ALGO/USD,25.0,0.441,0.43989,0.0629251700680272,-0.0270748299319728,0.09,False,Binance US,Kraken
643,01-13-2021_21-12-06,ALGO/USD,25.0,0.441,0.4399,0.06235827664399036,-0.02764172335600964,0.09,False,Binance US,Kraken
644,01-13-2021_21-12-16,ALGO/USD,25.0,0.441,0.44,0.05668934240362817,-0.03331065759637183,0.09,False,Binance US,Kraken
645,01-13-2021_21-12-25,ALGO/USD,25.0,0.4427,0.44,0.15247345832392029,0.024973458323920283,0.1275,True,Bittrex,Kraken
646,01-13-2021_21-12-37,ALGO/USD,25.0,0.44257,0.44,0.14517477461192674,0.017674774611926736,0.1275,True,Bittrex,Kraken
647,01-13-2021_21-12-49,ALGO/USD,25.0,0.44251,0.44,0.14180470497841927,0.014304704978419264,0.1275,True,Bittrex,Kraken
648,01-13-2021_21-12-59,ALGO/USD,25.0,0.44245,0.44,0.13843372132444387,0.010933721324443868,0.1275,True,Bittrex,Kraken
649,01-13-2021_21-13-11,ALGO/USD,25.0,0.44239,0.44,0.1350618232781032,0.007561823278103202,0.1275,False,Bittrex,Kraken
650,01-13-2021_21-13-21,ALGO/USD,25.0,0.44233,0.44,0.1316890104672981,0.00418901046729811,0.1275,False,Bittrex,Kraken
651,01-13-2021_21-13-31,ALGO/USD,25.0,0.44228,0.44,0.1288776340779599,0.001377634077959905,0.1275,False,Bittrex,Kraken
652,01-13-2021_21-13-41,ALGO/USD,25.0,0.44221,0.44,0.1249406390628881,-0.0025593609371118986,0.1275,False,Bittrex,Kraken
653,01-13-2021_21-13-51,ALGO/USD,25.0,0.44221,0.43999,0.12550598132109178,-0.0019940186789082215,0.1275,False,Bittrex,Kraken
654,01-13-2021_21-14-00,ALGO/USD,25.0,0.44215,0.43999,0.1221304986995361,-0.0053695013004639025,0.1275,False,Bittrex,Kraken
655,01-13-2021_21-14-11,ALGO/USD,25.0,0.44215,0.43999,0.1221304986995361,-0.0053695013004639025,0.1275,False,Bittrex,Kraken
656,01-13-2021_21-14-21,ALGO/USD,25.0,0.44213,0.44,0.12043968968403075,-0.007060310315969251,0.1275,False,Bittrex,Kraken
657,01-13-2021_21-14-31,ALGO/USD,25.0,0.44213,0.44,0.12043968968403075,-0.007060310315969251,0.1275,False,Bittrex,Kraken
658,01-13-2021_21-14-41,ALGO/USD,25.0,0.44213,0.44,0.12043968968403075,-0.007060310315969251,0.1275,False,Bittrex,Kraken
659,01-13-2021_21-14-51,ALGO/USD,25.0,0.4421,0.43998,0.11988237955213812,-0.007617620447861878,0.1275,False,Bittrex,Kraken
660,01-13-2021_21-15-01,ALGO/USD,25.0,0.44207,0.44,0.11706290858913837,-0.010437091410861632,0.1275,False,Bittrex,Kraken
661,01-13-2021_21-15-12,ALGO/USD,25.0,0.44204,0.44,0.11537417428286956,-0.012125825717130445,0.1275,False,Bittrex,Kraken
662,01-13-2021_21-15-22,ALGO/USD,25.0,0.44204,0.44,0.11537417428286956,-0.012125825717130445,0.1275,False,Bittrex,Kraken
663,01-13-2021_21-15-32,ALGO/USD,25.0,0.44204,0.44,0.11537417428286956,-0.012125825717130445,0.1275,False,Bittrex,Kraken
664,01-13-2021_21-15-42,ALGO/USD,25.0,0.44204,0.44,0.11537417428286956,-0.012125825717130445,0.1275,False,Bittrex,Kraken
665,01-13-2021_21-15-52,ALGO/USD,25.0,0.44204,0.44,0.11537417428286956,-0.012125825717130445,0.1275,False,Bittrex,Kraken
666,01-13-2021_21-16-04,ALGO/USD,25.0,0.44204,0.44,0.11537417428286956,-0.012125825717130445,0.1275,False,Bittrex,Kraken
667,01-13-2021_21-16-15,ALGO/USD,25.0,0.44204,0.44,0.11537417428286956,-0.012125825717130445,0.1275,False,Bittrex,Kraken
668,01-13-2021_21-16-26,ALGO/USD,25.0,0.44204,0.44,0.11537417428286956,-0.012125825717130445,0.1275,False,Bittrex,Kraken
669,01-13-2021_21-16-36,ALGO/USD,25.0,0.44204,0.44,0.11537417428286956,-0.012125825717130445,0.1275,False,Bittrex,Kraken
670,01-13-2021_21-16-46,ALGO/USD,25.0,0.44204,0.44,0.11537417428286956,-0.012125825717130445,0.1275,False,Bittrex,Kraken
671,01-13-2021_21-16-56,ALGO/USD,25.0,0.44204,0.44,0.11537417428286956,-0.012125825717130445,0.1275,False,Bittrex,Kraken
672,01-13-2021_21-17-07,ALGO/USD,25.0,0.44202,0.44,0.11424822406226084,-0.013251775937739158,0.1275,False,Bittrex,Kraken
673,01-13-2021_21-17-17,ALGO/USD,25.0,0.44198,0.44,0.11199601791936184,-0.015503982080638162,0.1275,False,Bittrex,Kraken
674,01-13-2021_21-17-28,ALGO/USD,25.0,0.44195,0.43999,0.11087227061884926,-0.016627729381150744,0.1275,False,Bittrex,Kraken
675,01-13-2021_21-17-37,ALGO/USD,25.0,0.44195,0.43999,0.11087227061884926,-0.016627729381150744,0.1275,False,Bittrex,Kraken
676,01-13-2021_21-17-47,ALGO/USD,25.0,0.44193,0.43999,0.10974588735772618,-0.01775411264227382,0.1275,False,Bittrex,Kraken
677,01-13-2021_21-17-57,ALGO/USD,25.0,0.4419,0.44,0.10749038243946667,-0.020009617560533335,0.1275,False,Bittrex,Kraken
678,01-13-2021_21-18-07,ALGO/USD,25.0,0.4419,0.44,0.10749038243946667,-0.020009617560533335,0.1275,False,Bittrex,Kraken
679,01-13-2021_21-18-17,ALGO/USD,25.0,0.44188,0.44,0.10636371865664845,-0.02113628134335155,0.1275,False,Bittrex,Kraken
680,01-13-2021_21-18-26,ALGO/USD,25.0,0.44185,0.44,0.10467353174154227,-0.02282646825845773,0.1275,False,Bittrex,Kraken
681,01-13-2021_21-18-36,ALGO/USD,25.0,0.44184,0.44,0.10411008509867872,-0.02338991490132128,0.1275,False,Bittrex,Kraken
682,01-13-2021_21-18-47,ALGO/USD,25.0,0.44184,0.44,0.10411008509867872,-0.02338991490132128,0.1275,False,Bittrex,Kraken
683,01-13-2021_21-18-57,ALGO/USD,25.0,0.44184,0.44,0.10411008509867872,-0.02338991490132128,0.1275,False,Bittrex,Kraken
684,01-13-2021_21-19-07,ALGO/USD,25.0,0.44184,0.44,0.10411008509867872,-0.02338991490132128,0.1275,False,Bittrex,Kraken
685,01-13-2021_21-19-17,ALGO/USD,25.0,0.44184,0.44,0.10411008509867872,-0.02338991490132128,0.1275,False,Bittrex,Kraken
686,01-13-2021_21-19-27,ALGO/USD,25.0,0.44184,0.44,0.10411008509867872,-0.02338991490132128,0.1275,False,Bittrex,Kraken
687,01-13-2021_21-19-38,ALGO/USD,25.0,0.44184,0.44,0.10411008509867872,-0.02338991490132128,0.1275,False,Bittrex,Kraken
688,01-13-2021_21-19-49,ALGO/USD,25.0,0.44184,0.43996,0.10637334781821434,-0.021126652181785666,0.1275,False,Bittrex,Kraken
689,01-13-2021_21-20-00,ALGO/USD,25.0,0.44184,0.44,0.10411008509867872,-0.02338991490132128,0.1275,False,Bittrex,Kraken
690,01-13-2021_21-20-10,ALGO/USD,25.0,0.44184,0.44,0.10411008509867872,-0.02338991490132128,0.1275,False,Bittrex,Kraken
691,01-13-2021_21-20-21,ALGO/USD,25.0,0.44184,0.44,0.10411008509867872,-0.02338991490132128,0.1275,False,Bittrex,Kraken
692,01-13-2021_21-20-31,ALGO/USD,25.0,0.44184,0.44013,0.09675448126018409,-0.030745518739815916,0.1275,False,Bittrex,Kraken
693,01-13-2021_21-20-43,ALGO/USD,25.0,0.44184,0.44013,0.09675448126018409,-0.030745518739815916,0.1275,False,Bittrex,Kraken
694,01-13-2021_21-20-53,ALGO/USD,25.0,0.44184,0.44013,0.09675448126018409,-0.030745518739815916,0.1275,False,Bittrex,Kraken
695,01-13-2021_21-21-04,ALGO/USD,25.0,0.44184,0.44013,0.09675448126018409,-0.030745518739815916,0.1275,False,Bittrex,Kraken
696,01-13-2021_21-21-14,ALGO/USD,25.0,0.442,0.44067,0.07522624434389127,-0.014773755656108722,0.09,False,Binance US,Kraken
697,01-13-2021_21-21-23,ALGO/USD,25.0,0.442,0.44067,0.07522624434389127,-0.014773755656108722,0.09,False,Binance US,Kraken
698,01-13-2021_21-21-33,ALGO/USD,25.0,0.442,0.44067,0.07522624434389127,-0.014773755656108722,0.09,False,Binance US,Kraken
699,01-13-2021_21-21-43,ALGO/USD,25.0,0.442,0.44067,0.07522624434389127,-0.014773755656108722,0.09,False,Binance US,Kraken
700,01-13-2021_21-21-54,ALGO/USD,25.0,0.442,0.44067,0.07522624434389127,-0.014773755656108722,0.09,False,Binance US,Kraken
701,01-13-2021_21-22-04,ALGO/USD,25.0,0.442,0.44067,0.07522624434389127,-0.014773755656108722,0.09,False,Binance US,Kraken
702,01-13-2021_21-22-15,ALGO/USD,25.0,0.442,0.44067,0.07522624434389127,-0.014773755656108722,0.09,False,Binance US,Kraken
703,01-13-2021_21-22-25,ALGO/USD,25.0,0.442,0.44067,0.07522624434389127,-0.014773755656108722,0.09,False,Binance US,Kraken
704,01-13-2021_21-22-35,ALGO/USD,25.0,0.44184,0.4405,0.07581930110447266,-0.10668069889552734,0.1825,False,Bittrex,Coinbase Pro
705,01-13-2021_21-22-48,ALGO/USD,25.0,0.44184,0.44067,0.0662004345464424,-0.06129956545355761,0.1275,False,Bittrex,Kraken
706,01-13-2021_21-22-59,ALGO/USD,25.0,0.44184,0.4404,0.08147745790331325,-0.10102254209668675,0.1825,False,Bittrex,Coinbase Pro
707,01-13-2021_21-23-11,ALGO/USD,25.0,0.4418,0.4404,0.07922136713445067,-0.10327863286554932,0.1825,False,Bittrex,Coinbase Pro
708,01-13-2021_21-23-21,ALGO/USD,25.0,0.44177,0.4404,0.07752903094370274,-0.10497096905629726,0.1825,False,Bittrex,Coinbase Pro
709,01-13-2021_21-23-33,ALGO/USD,25.0,0.44174,0.44033,0.07979807126364051,-0.04770192873635949,0.1275,False,Bittrex,Kraken
710,01-13-2021_21-23-44,ALGO/USD,25.0,0.44174,0.44036,0.07810023996016027,-0.04939976003983973,0.1275,False,Bittrex,Kraken
711,01-13-2021_21-23-55,ALGO/USD,25.0,0.44171,0.44031,0.0792375087727249,-0.048262491227275106,0.1275,False,Bittrex,Kraken
712,01-13-2021_21-24-06,ALGO/USD,25.0,0.44168,0.44017,0.08546911791342211,-0.04203088208657789,0.1275,False,Bittrex,Kraken
713,01-13-2021_21-24-17,ALGO/USD,25.0,0.44162,0.44011,0.08548073003940103,-0.04201926996059897,0.1275,False,Bittrex,Kraken
714,01-13-2021_21-24-29,ALGO/USD,25.0,0.44159,0.4399,0.09567698543898014,-0.08682301456101986,0.1825,False,Bittrex,Coinbase Pro
715,01-13-2021_21-24-39,ALGO/USD,25.0,0.44159,0.4396,0.11266106569442197,-0.06983893430557803,0.1825,False,Bittrex,Coinbase Pro
716,01-13-2021_21-24-51,ALGO/USD,25.0,0.44156,0.4396,0.11097019657577777,-0.07152980342422223,0.1825,False,Bittrex,Coinbase Pro
717,01-13-2021_21-25-02,ALGO/USD,25.0,0.44156,0.4391,0.13927892019204738,-0.04322107980795262,0.1825,False,Bittrex,Coinbase Pro
718,01-13-2021_21-25-14,ALGO/USD,25.0,0.44152,0.43892,0.14721869903968374,0.019718699039683735,0.1275,True,Bittrex,Kraken
719,01-13-2021_21-25-26,ALGO/USD,25.0,0.44149,0.43999,0.0849396362318513,-0.0425603637681487,0.1275,False,Bittrex,Kraken
720,01-13-2021_21-25-35,ALGO/USD,25.0,0.44149,0.44,0.08437337199030506,-0.09812662800969493,0.1825,False,Bittrex,Coinbase Pro
721,01-13-2021_21-25-45,ALGO/USD,25.0,0.44149,0.44007,0.08040952229948452,-0.047090477700515485,0.1275,False,Bittrex,Kraken
722,01-13-2021_21-25-55,ALGO/USD,25.0,0.44149,0.4399,0.09003601440576119,-0.09246398559423881,0.1825,False,Bittrex,Coinbase Pro
723,01-13-2021_21-26-07,ALGO/USD,25.0,0.44149,0.4395,0.11268658406758883,-0.06981341593241117,0.1825,False,Bittrex,Coinbase Pro
724,01-13-2021_21-26-17,ALGO/USD,25.0,0.44149,0.4395,0.11268658406758883,-0.06981341593241117,0.1825,False,Bittrex,Coinbase Pro
725,01-13-2021_21-26-28,ALGO/USD,25.0,0.44149,0.43949,0.11325284830913508,-0.01424715169086492,0.1275,False,Bittrex,Kraken
726,01-13-2021_21-26-37,ALGO/USD,25.0,0.44149,0.4394,0.11834922648304497,-0.06415077351695503,0.1825,False,Bittrex,Coinbase Pro
727,01-13-2021_21-26-48,ALGO/USD,25.0,0.44149,0.43938,0.11948175496613744,-0.008018245033862559,0.1275,False,Bittrex,Kraken
728,01-13-2021_21-26-58,ALGO/USD,25.0,0.44147,0.4396,0.10589621038802087,-0.07660378961197913,0.1825,False,Bittrex,Coinbase Pro
729,01-13-2021_21-27-08,ALGO/USD,25.0,0.44146,0.43968,0.10080188465546164,-0.026698115344538365,0.1275,False,Bittrex,Kraken
730,01-13-2021_21-27-19,ALGO/USD,25.0,0.44146,0.43974,0.09740406831876043,-0.03009593168123957,0.1275,False,Bittrex,Kraken
731,01-13-2021_21-27-29,ALGO/USD,25.0,0.44146,0.43975,0.09683776559597952,-0.03066223440402048,0.1275,False,Bittrex,Kraken
732,01-13-2021_21-27-38,ALGO/USD,25.0,0.44146,0.43975,0.09683776559597952,-0.03066223440402048,0.1275,False,Bittrex,Kraken
733,01-13-2021_21-27-49,ALGO/USD,25.0,0.44146,0.43975,0.09683776559597952,-0.03066223440402048,0.1275,False,Bittrex,Kraken
734,01-13-2021_21-27-58,ALGO/USD,25.0,0.44146,0.43975,0.09683776559597952,-0.03066223440402048,0.1275,False,Bittrex,Kraken
735,01-13-2021_21-28-08,ALGO/USD,25.0,0.44146,0.43966,0.10193449010102974,-0.02556550989897026,0.1275,False,Bittrex,Kraken
736,01-13-2021_21-28-18,ALGO/USD,25.0,0.44143,0.43975,0.09514532315429483,-0.03235467684570517,0.1275,False,Bittrex,Kraken
737,01-13-2021_21-28-28,ALGO/USD,25.0,0.44143,0.43965,0.1008087352468117,-0.026691264753188296,0.1275,False,Bittrex,Kraken
738,01-13-2021_21-28-38,ALGO/USD,25.0,0.44139,0.4397,0.09572033802306491,-0.03177966197693509,0.1275,False,Bittrex,Kraken
739,01-13-2021_21-28-48,ALGO/USD,25.0,0.44139,0.43975,0.09288837535966098,-0.034611624640339025,0.1275,False,Bittrex,Kraken
740,01-13-2021_21-28-58,ALGO/USD,25.0,0.44135,0.43974,0.09119746233148296,-0.03630253766851704,0.1275,False,Bittrex,Kraken
741,01-13-2021_21-29-08,ALGO/USD,25.0,0.44133,0.43974,0.09006865610767341,-0.03743134389232659,0.1275,False,Bittrex,Kraken
742,01-13-2021_21-29-18,ALGO/USD,25.0,0.44133,0.43975,0.08950218657240759,-0.03799781342759241,0.1275,False,Bittrex,Kraken
743,01-13-2021_21-29-27,ALGO/USD,25.0,0.44133,0.43975,0.08950218657240759,-0.03799781342759241,0.1275,False,Bittrex,Kraken
744,01-13-2021_21-29-38,ALGO/USD,25.0,0.44133,0.43975,0.08950218657240759,-0.03799781342759241,0.1275,False,Bittrex,Kraken
745,01-13-2021_21-29-48,ALGO/USD,25.0,0.44133,0.43975,0.08950218657240759,-0.03799781342759241,0.1275,False,Bittrex,Kraken
746,01-13-2021_21-29-58,ALGO/USD,25.0,0.44133,0.43975,0.08950218657240759,-0.03799781342759241,0.1275,False,Bittrex,Kraken
747,01-13-2021_21-30-07,ALGO/USD,25.0,0.44133,0.44002,0.07420750912015826,-0.05329249087984174,0.1275,False,Bittrex,Kraken
748,01-13-2021_21-30-18,ALGO/USD,25.0,0.44133,0.43982,0.08553689982552802,-0.04196310017447198,0.1275,False,Bittrex,Kraken
749,01-13-2021_21-30-28,ALGO/USD,25.0,0.44132,0.4398,0.08610532040242715,-0.09639467959757285,0.1825,False,Bittrex,Coinbase Pro
750,01-13-2021_21-30-37,ALGO/USD,25.0,0.44124,0.4397,0.08725410207597006,-0.09524589792402993,0.1825,False,Bittrex,Coinbase Pro
751,01-13-2021_21-30-46,ALGO/USD,25.0,0.44124,0.4397,0.08725410207597006,-0.09524589792402993,0.1825,False,Bittrex,Coinbase Pro
752,01-13-2021_21-30-58,ALGO/USD,25.0,0.44124,0.4395,0.09858580364427631,-0.08391419635572368,0.1825,False,Bittrex,Coinbase Pro
753,01-13-2021_21-31-10,ALGO/USD,25.0,0.44124,0.4397,0.08725410207597006,-0.09524589792402993,0.1825,False,Bittrex,Coinbase Pro
754,01-13-2021_21-31-20,ALGO/USD,25.0,0.44124,0.43969,0.08782068715438286,-0.03967931284561714,0.1275,False,Bittrex,Kraken
755,01-13-2021_21-31-31,ALGO/USD,25.0,0.44124,0.4396,0.0929199528601232,-0.0895800471398768,0.1825,False,Bittrex,Coinbase Pro
756,01-13-2021_21-31-42,ALGO/USD,25.0,0.44124,0.4395,0.09858580364427631,-0.08391419635572368,0.1825,False,Bittrex,Coinbase Pro
757,01-13-2021_21-31-53,ALGO/USD,25.0,0.44124,0.4396,0.0929199528601232,-0.0895800471398768,0.1825,False,Bittrex,Coinbase Pro
758,01-13-2021_21-32-04,ALGO/USD,25.0,0.44124,0.43965,0.09008702746804663,-0.03741297253195337,0.1275,False,Bittrex,Kraken
759,01-13-2021_21-32-13,ALGO/USD,25.0,0.44124,0.4396,0.0929199528601232,-0.0895800471398768,0.1825,False,Bittrex,Coinbase Pro
760,01-13-2021_21-32-23,ALGO/USD,25.0,0.44124,0.4396,0.0929199528601232,-0.0895800471398768,0.1825,False,Bittrex,Coinbase Pro
761,01-13-2021_21-32-34,ALGO/USD,25.0,0.44124,0.43963,0.09122019762487536,-0.03627980237512464,0.1275,False,Bittrex,Kraken
762,01-13-2021_21-32-44,ALGO/USD,25.0,0.44124,0.43966,0.0895204423896307,-0.03797955761036931,0.1275,False,Bittrex,Kraken
763,01-13-2021_21-32-55,ALGO/USD,25.0,0.44124,0.4397,0.08725410207597006,-0.09524589792402993,0.1825,False,Bittrex,Coinbase Pro
764,01-13-2021_21-33-07,ALGO/USD,25.0,0.44124,0.4397,0.08725410207597006,-0.09524589792402993,0.1825,False,Bittrex,Coinbase Pro
765,01-13-2021_21-33-17,ALGO/USD,25.0,0.44124,0.4397,0.08725410207597006,-0.09524589792402993,0.1825,False,Bittrex,Coinbase Pro
766,01-13-2021_21-33-28,ALGO/USD,25.0,0.44124,0.4397,0.08725410207597006,-0.09524589792402993,0.1825,False,Bittrex,Coinbase Pro
767,01-13-2021_21-33-39,ALGO/USD,25.0,0.44124,0.4397,0.08725410207597006,-0.09524589792402993,0.1825,False,Bittrex,Coinbase Pro
768,01-13-2021_21-33-50,ALGO/USD,25.0,0.44124,0.4396,0.0929199528601232,-0.0895800471398768,0.1825,False,Bittrex,Coinbase Pro
769,01-13-2021_21-34-01,ALGO/USD,25.0,0.44124,0.4396,0.0929199528601232,-0.0895800471398768,0.1825,False,Bittrex,Coinbase Pro
770,01-13-2021_21-34-12,ALGO/USD,25.0,0.44124,0.4396,0.0929199528601232,-0.0895800471398768,0.1825,False,Bittrex,Coinbase Pro
771,01-13-2021_21-34-22,ALGO/USD,25.0,0.44124,0.4397,0.08725410207597006,-0.09524589792402993,0.1825,False,Bittrex,Coinbase Pro
772,01-13-2021_21-34-35,ALGO/USD,25.0,0.44124,0.4395,0.09858580364427631,-0.08391419635572368,0.1825,False,Bittrex,Coinbase Pro
773,01-13-2021_21-34-44,ALGO/USD,25.0,0.44124,0.4394,0.10425165442842944,-0.07824834557157055,0.1825,False,Bittrex,Coinbase Pro
774,01-13-2021_21-34-55,ALGO/USD,25.0,0.44124,0.4394,0.10425165442842944,-0.07824834557157055,0.1825,False,Bittrex,Coinbase Pro
775,01-13-2021_21-35-06,ALGO/USD,25.0,0.44124,0.4394,0.10425165442842944,-0.07824834557157055,0.1825,False,Bittrex,Coinbase Pro
776,01-13-2021_21-35-16,ALGO/USD,25.0,0.44124,0.4394,0.10425165442842944,-0.07824834557157055,0.1825,False,Bittrex,Coinbase Pro
777,01-13-2021_21-35-27,ALGO/USD,25.0,0.44124,0.4394,0.10425165442842944,-0.07824834557157055,0.1825,False,Bittrex,Coinbase Pro
778,01-13-2021_21-35-38,ALGO/USD,25.0,0.44124,0.43939,0.10481823950684538,-0.022681760493154624,0.1275,False,Bittrex,Kraken
779,01-13-2021_21-35-49,ALGO/USD,25.0,0.44124,0.4394,0.10425165442842944,-0.07824834557157055,0.1825,False,Bittrex,Coinbase Pro
780,01-13-2021_21-35-59,ALGO/USD,25.0,0.44124,0.4394,0.10425165442842944,-0.07824834557157055,0.1825,False,Bittrex,Coinbase Pro
781,01-13-2021_21-36-10,ALGO/USD,25.0,0.44124,0.4394,0.10425165442842944,-0.07824834557157055,0.1825,False,Bittrex,Coinbase Pro
782,01-13-2021_21-36-21,ALGO/USD,25.0,0.44124,0.4394,0.10425165442842944,-0.07824834557157055,0.1825,False,Bittrex,Coinbase Pro
783,01-13-2021_21-36-31,ALGO/USD,25.0,0.44124,0.4394,0.10425165442842944,-0.07824834557157055,0.1825,False,Bittrex,Coinbase Pro
784,01-13-2021_21-36-41,ALGO/USD,25.0,0.44124,0.4394,0.10425165442842944,-0.07824834557157055,0.1825,False,Bittrex,Coinbase Pro
785,01-13-2021_21-36-53,ALGO/USD,25.0,0.44124,0.4394,0.10425165442842944,-0.07824834557157055,0.1825,False,Bittrex,Coinbase Pro
786,01-13-2021_21-37-02,ALGO/USD,25.0,0.44124,0.4394,0.10425165442842944,-0.07824834557157055,0.1825,False,Bittrex,Coinbase Pro
787,01-13-2021_21-37-13,ALGO/USD,25.0,0.44124,0.4395,0.09858580364427631,-0.08391419635572368,0.1825,False,Bittrex,Coinbase Pro
788,01-13-2021_21-37-23,ALGO/USD,25.0,0.44124,0.4395,0.09858580364427631,-0.08391419635572368,0.1825,False,Bittrex,Coinbase Pro
789,01-13-2021_21-37-35,ALGO/USD,25.0,0.44124,0.4395,0.09858580364427631,-0.08391419635572368,0.1825,False,Bittrex,Coinbase Pro
790,01-13-2021_21-37-45,ALGO/USD,25.0,0.44124,0.4392,0.11558335599673884,-0.06691664400326115,0.1825,False,Bittrex,Coinbase Pro
791,01-13-2021_21-37-56,ALGO/USD,25.0,0.44124,0.4395,0.09858580364427631,-0.08391419635572368,0.1825,False,Bittrex,Coinbase Pro
792,01-13-2021_21-38-08,ALGO/USD,25.0,0.44124,0.4395,0.09858580364427631,-0.08391419635572368,0.1825,False,Bittrex,Coinbase Pro
793,01-13-2021_21-38-19,ALGO/USD,25.0,0.44124,0.4394,0.10425165442842944,-0.07824834557157055,0.1825,False,Bittrex,Coinbase Pro
794,01-13-2021_21-38-30,ALGO/USD,25.0,0.44124,0.4395,0.09858580364427631,-0.08391419635572368,0.1825,False,Bittrex,Coinbase Pro
795,01-13-2021_21-38-42,ALGO/USD,25.0,0.44124,0.4394,0.10425165442842944,-0.07824834557157055,0.1825,False,Bittrex,Coinbase Pro
796,01-13-2021_21-38-53,ALGO/USD,25.0,0.44121,0.4392,0.11389134425783708,-0.06860865574216292,0.1825,False,Bittrex,Coinbase Pro
797,01-13-2021_21-39-05,ALGO/USD,25.0,0.44119,0.4392,0.11276320859493909,-0.06973679140506091,0.1825,False,Bittrex,Coinbase Pro
798,01-13-2021_21-39-16,ALGO/USD,25.0,0.44118,0.4392,0.11219910240718285,-0.07030089759281714,0.1825,False,Bittrex,Coinbase Pro
799,01-13-2021_21-39-27,ALGO/USD,25.0,0.44115,0.4394,0.0991726170236866,-0.0833273829763134,0.1825,False,Bittrex,Coinbase Pro
800,01-13-2021_21-39-37,ALGO/USD,25.0,0.44115,0.4393,0.10483962371075388,-0.07766037628924612,0.1825,False,Bittrex,Coinbase Pro
801,01-13-2021_21-39-48,ALGO/USD,25.0,0.44108,0.4395,0.08955291557087296,-0.09294708442912704,0.1825,False,Bittrex,Coinbase Pro
802,01-13-2021_21-39-59,ALGO/USD,25.0,0.44108,0.4395,0.08955291557087296,-0.09294708442912704,0.1825,False,Bittrex,Coinbase Pro
803,01-13-2021_21-40-10,ALGO/USD,25.0,0.44108,0.4395,0.08955291557087296,-0.09294708442912704,0.1825,False,Bittrex,Coinbase Pro
804,01-13-2021_21-40-20,ALGO/USD,25.0,0.44108,0.4395,0.08955291557087296,-0.09294708442912704,0.1825,False,Bittrex,Coinbase Pro
805,01-13-2021_21-40-31,ALGO/USD,25.0,0.44108,0.4395,0.08955291557087296,-0.09294708442912704,0.1825,False,Bittrex,Coinbase Pro
806,01-13-2021_21-40-42,ALGO/USD,25.0,0.44105,0.4395,0.08785851944223988,-0.09464148055776012,0.1825,False,Bittrex,Coinbase Pro
807,01-13-2021_21-40-52,ALGO/USD,25.0,0.44102,0.4395,0.0861638927939788,-0.09633610720602119,0.1825,False,Bittrex,Coinbase Pro
808,01-13-2021_21-41-03,ALGO/USD,25.0,0.44099,0.4395,0.08446903557903758,-0.09803096442096242,0.1825,False,Bittrex,Coinbase Pro
809,01-13-2021_21-41-14,ALGO/USD,25.0,0.44094,0.4394,0.08731346668480892,-0.09518653331519107,0.1825,False,Bittrex,Coinbase Pro
810,01-13-2021_21-41-26,ALGO/USD,25.0,0.44093,0.4394,0.08674846347492662,-0.09575153652507337,0.1825,False,Bittrex,Coinbase Pro
811,01-13-2021_21-41-37,ALGO/USD,25.0,0.4409,0.4394,0.08505330006804271,-0.09744669993195729,0.1825,False,Bittrex,Coinbase Pro
812,01-13-2021_21-41-47,ALGO/USD,25.0,0.4409,0.4395,0.07938308006350715,-0.10311691993649284,0.1825,False,Bittrex,Coinbase Pro
813,01-13-2021_21-41-58,ALGO/USD,25.0,0.44084,0.4394,0.08166228109971854,-0.10083771890028145,0.1825,False,Bittrex,Coinbase Pro
814,01-13-2021_21-42-11,ALGO/USD,25.0,0.4408,0.4394,0.07940108892922029,-0.1030989110707797,0.1825,False,Bittrex,Coinbase Pro
815,01-13-2021_21-42-21,ALGO/USD,25.0,0.4408,0.4392,0.09074410163339643,-0.09175589836660357,0.1825,False,Bittrex,Coinbase Pro
816,01-13-2021_21-42-33,ALGO/USD,25.0,0.44077,0.4389,0.10606438732218519,-0.0764356126778148,0.1825,False,Bittrex,Coinbase Pro
817,01-13-2021_21-42-44,ALGO/USD,25.0,0.44077,0.4385,0.12875195680286738,-0.05374804319713261,0.1825,False,Bittrex,Coinbase Pro
818,01-13-2021_21-42-57,ALGO/USD,25.0,0.44074,0.4384,0.13273131551481648,-0.04976868448518351,0.1825,False,Bittrex,Coinbase Pro
819,01-13-2021_21-43-08,ALGO/USD,25.0,0.44072,0.4384,0.1316028317298959,-0.0508971682701041,0.1825,False,Bittrex,Coinbase Pro
820,01-13-2021_21-43-19,ALGO/USD,25.0,0.44069,0.4384,0.12990991399850316,-0.05259008600149684,0.1825,False,Bittrex,Coinbase Pro
821,01-13-2021_21-43-31,ALGO/USD,25.0,0.44068,0.4383,0.13501860760642606,-0.047481392393573935,0.1825,False,Bittrex,Coinbase Pro
822,01-13-2021_21-43-42,ALGO/USD,25.0,0.44065,0.4383,0.1333257687507071,-0.049174231249292905,0.1825,False,Bittrex,Coinbase Pro
823,01-13-2021_21-43-54,ALGO/USD,25.0,0.44059,0.4383,0.12993939944165545,-0.05256060055834455,0.1825,False,Bittrex,Coinbase Pro
824,01-13-2021_21-44-06,ALGO/USD,25.0,0.44055,0.4384,0.12200658268073915,-0.06049341731926085,0.1825,False,Bittrex,Coinbase Pro
825,01-13-2021_21-44-16,ALGO/USD,25.0,0.44052,0.4384,0.12031235812221981,-0.062187641877780184,0.1825,False,Bittrex,Coinbase Pro
826,01-13-2021_21-44-25,ALGO/USD,25.0,0.44051,0.4384,0.11974756532201317,-0.06275243467798683,0.1825,False,Bittrex,Coinbase Pro
827,01-13-2021_21-44-36,ALGO/USD,25.0,0.44046,0.4384,0.11692321663715242,-0.06557678336284757,0.1825,False,Bittrex,Coinbase Pro
828,01-13-2021_21-44-47,ALGO/USD,25.0,0.44043,0.4384,0.11522829961628274,-0.06727170038371726,0.1825,False,Bittrex,Coinbase Pro
829,01-13-2021_21-44-59,ALGO/USD,25.0,0.44032,0.4384,0.10901162790697545,-0.07348837209302454,0.1825,False,Bittrex,Coinbase Pro
830,01-13-2021_21-45-10,ALGO/USD,25.0,0.44022,0.4385,0.09767843351051743,-0.08482156648948257,0.1825,False,Bittrex,Coinbase Pro
831,01-13-2021_21-45-20,ALGO/USD,25.0,0.44013,0.4386,0.08690614136732507,-0.09559385863267493,0.1825,False,Bittrex,Coinbase Pro
832,01-13-2021_21-45-31,ALGO/USD,25.0,0.44013,0.4385,0.09258628132597302,-0.08991371867402698,0.1825,False,Bittrex,Coinbase Pro
833,01-13-2021_21-45-42,ALGO/USD,25.0,0.4401,0.4385,0.09088843444671611,-0.09161156555328388,0.1825,False,Bittrex,Coinbase Pro
834,01-13-2021_21-45-51,ALGO/USD,25.0,0.44007,0.4385,0.0891903560797155,-0.0933096439202845,0.1825,False,Bittrex,Coinbase Pro
835,01-13-2021_21-46-02,ALGO/USD,25.0,0.44007,0.4385,0.0891903560797155,-0.0933096439202845,0.1825,False,Bittrex,Coinbase Pro
836,01-13-2021_21-46-14,ALGO/USD,25.0,0.44007,0.4385,0.0891903560797155,-0.0933096439202845,0.1825,False,Bittrex,Coinbase Pro
837,01-13-2021_21-46-25,ALGO/USD,25.0,0.44007,0.4387,0.0778285272797531,-0.10467147272024689,0.1825,False,Bittrex,Coinbase Pro
838,01-13-2021_21-46-35,ALGO/USD,25.0,0.44004,0.4384,0.09317334787746426,-0.08932665212253574,0.1825,False,Bittrex,Coinbase Pro
839,01-13-2021_21-46-45,ALGO/USD,25.0,0.44004,0.4387,0.07612944277792973,-0.10637055722207027,0.1825,False,Bittrex,Coinbase Pro
840,01-13-2021_21-46-55,ALGO/USD,25.0,0.44004,0.4386,0.08181074447777456,-0.10068925552222543,0.1825,False,Bittrex,Coinbase Pro
841,01-13-2021_21-47-06,ALGO/USD,25.0,0.44004,0.43878,0.07158440141805196,-0.05591559858194804,0.1275,False,Bittrex,Kraken
842,01-13-2021_21-47-18,ALGO/USD,25.0,0.44004,0.43878,0.07158440141805196,-0.05591559858194804,0.1275,False,Bittrex,Kraken
843,01-13-2021_21-47-29,ALGO/USD,25.0,0.44004,0.43878,0.07158440141805196,-0.05591559858194804,0.1275,False,Bittrex,Kraken
844,01-13-2021_21-47-40,ALGO/USD,25.0,0.44004,0.43878,0.07158440141805196,-0.05591559858194804,0.1275,False,Bittrex,Kraken
845,01-13-2021_21-47-50,ALGO/USD,25.0,0.44004,0.43878,0.07158440141805196,-0.05591559858194804,0.1275,False,Bittrex,Kraken
846,01-13-2021_21-48-00,ALGO/USD,25.0,0.44004,0.43878,0.07158440141805196,-0.05591559858194804,0.1275,False,Bittrex,Kraken
847,01-13-2021_21-48-09,ALGO/USD,25.0,0.44004,0.43878,0.07158440141805196,-0.05591559858194804,0.1275,False,Bittrex,Kraken
848,01-13-2021_21-48-19,ALGO/USD,25.0,0.44004,0.43878,0.07158440141805196,-0.05591559858194804,0.1275,False,Bittrex,Kraken
849,01-13-2021_21-48-30,ALGO/USD,25.0,0.44004,0.43878,0.07158440141805196,-0.05591559858194804,0.1275,False,Bittrex,Kraken
850,01-13-2021_21-48-41,ALGO/USD,25.0,0.44004,0.43878,0.07158440141805196,-0.05591559858194804,0.1275,False,Bittrex,Kraken
851,01-13-2021_21-48-52,ALGO/USD,25.0,0.44004,0.43878,0.07158440141805196,-0.05591559858194804,0.1275,False,Bittrex,Kraken
852,01-13-2021_21-49-03,ALGO/USD,25.0,0.44004,0.43878,0.07158440141805196,-0.05591559858194804,0.1275,False,Bittrex,Kraken
853,01-13-2021_21-49-14,ALGO/USD,25.0,0.44004,0.43878,0.07158440141805196,-0.05591559858194804,0.1275,False,Bittrex,Kraken
854,01-13-2021_21-49-25,ALGO/USD,25.0,0.44004,0.43878,0.07158440141805196,-0.05591559858194804,0.1275,False,Bittrex,Kraken
855,01-13-2021_21-49-35,ALGO/USD,25.0,0.44004,0.4396,0.02499772747931983,-0.15750227252068016,0.1825,False,Bittrex,Coinbase Pro
856,01-13-2021_21-49-45,ALGO/USD,25.0,0.44268,0.43963,0.17224631788199135,0.04474631788199135,0.1275,True,Bittrex,Kraken
857,01-13-2021_21-49-56,ALGO/USD,25.0,0.44257,0.43986,0.15308312809273367,0.025583128092733665,0.1275,True,Bittrex,Kraken
858,01-13-2021_21-50-07,ALGO/USD,25.0,0.44251,0.43986,0.14971413075410958,0.02221413075410958,0.1275,True,Bittrex,Kraken
859,01-13-2021_21-50-19,ALGO/USD,25.0,0.44242,0.4396,0.15935084309027558,-0.02314915690972441,0.1825,False,Bittrex,Coinbase Pro
860,01-13-2021_21-50-30,ALGO/USD,25.0,0.44232,0.4396,0.15373485259540606,-0.028765147404593933,0.1825,False,Bittrex,Coinbase Pro
861,01-13-2021_21-50-40,ALGO/USD,25.0,0.44222,0.43986,0.13341775586812157,0.005917755868121571,0.1275,False,Bittrex,Kraken
862,01-13-2021_21-50-51,ALGO/USD,25.0,0.44218,0.43986,0.13116830250124634,0.0036683025012463344,0.1275,False,Bittrex,Kraken
863,01-13-2021_21-51-00,ALGO/USD,25.0,0.44212,0.44011,0.11365692572152424,-0.013843074278475767,0.1275,False,Bittrex,Kraken
864,01-13-2021_21-51-10,ALGO/USD,25.0,0.44207,0.4399,0.12271812156445841,-0.059781878435541586,0.1825,False,Bittrex,Coinbase Pro
865,01-13-2021_21-51-21,ALGO/USD,25.0,0.44205,0.4399,0.12159258002488323,-0.06090741997511677,0.1825,False,Bittrex,Coinbase Pro
866,01-13-2021_21-51-31,ALGO/USD,25.0,0.44203,0.4401,0.10915548718412706,-0.07334451281587294,0.1825,False,Bittrex,Coinbase Pro
867,01-13-2021_21-51-41,ALGO/USD,25.0,0.44201,0.44015,0.10520123979095655,-0.02229876020904345,0.1275,False,Bittrex,Kraken
868,01-13-2021_21-51-52,ALGO/USD,25.0,0.44196,0.44015,0.10238483120644593,-0.025115168793554077,0.1275,False,Bittrex,Kraken
869,01-13-2021_21-52-04,ALGO/USD,25.0,0.442,0.44015,0.10463800904977479,0.014638009049774789,0.09,True,Binance US,Kraken
870,01-13-2021_21-52-16,ALGO/USD,25.0,0.442,0.4404,0.09049773755656053,0.0004977375565605319,0.09,False,Binance US,Kraken
871,01-13-2021_21-52-26,ALGO/USD,25.0,0.442,0.4404,0.09049773755656053,0.0004977375565605319,0.09,False,Binance US,Kraken
872,01-13-2021_21-52-36,ALGO/USD,25.0,0.442,0.4404,0.09049773755656053,0.0004977375565605319,0.09,False,Binance US,Kraken
873,01-13-2021_21-52-46,ALGO/USD,25.0,0.44196,0.4404,0.08824327993483605,-0.03925672006516395,0.1275,False,Bittrex,Kraken
874,01-13-2021_21-52-57,ALGO/USD,25.0,0.44196,0.4404,0.08824327993483605,-0.03925672006516395,0.1275,False,Bittrex,Kraken
875,01-13-2021_21-53-07,ALGO/USD,25.0,0.44196,0.4404,0.08824327993483605,-0.03925672006516395,0.1275,False,Bittrex,Kraken
876,01-13-2021_21-53-18,ALGO/USD,25.0,0.44196,0.4404,0.08824327993483605,-0.09425672006516395,0.1825,False,Bittrex,Coinbase Pro
877,01-13-2021_21-53-28,ALGO/USD,25.0,0.44196,0.4401,0.10521314146076727,-0.07728685853923273,0.1825,False,Bittrex,Coinbase Pro
878,01-13-2021_21-53-38,ALGO/USD,25.0,0.44196,0.44,0.11086976196940997,-0.07163023803059003,0.1825,False,Bittrex,Coinbase Pro
879,01-13-2021_21-53-49,ALGO/USD,25.0,0.44196,0.4404,0.08824327993483605,-0.03925672006516395,0.1275,False,Bittrex,Kraken
880,01-13-2021_21-54-00,ALGO/USD,25.0,0.44196,0.4404,0.08824327993483605,-0.03925672006516395,0.1275,False,Bittrex,Kraken
881,01-13-2021_21-54-11,ALGO/USD,25.0,0.442,0.4404,0.09049773755656053,0.0004977375565605319,0.09,False,Binance US,Kraken
882,01-13-2021_21-54-21,ALGO/USD,25.0,0.442,0.4418,0.01131221719456889,-0.1336877828054311,0.145,False,Binance US,Coinbase Pro
883,01-13-2021_21-54-33,ALGO/USD,25.0,0.4427,0.4419,0.04517732098486376,-0.13732267901513623,0.1825,False,Bittrex,Coinbase Pro
884,01-13-2021_21-54-43,ALGO/USD,25.0,0.4427,0.44162,0.06098938332956686,-0.06651061667043315,0.1275,False,Bittrex,Kraken
885,01-13-2021_21-54-53,ALGO/USD,25.0,0.4427,0.4417,0.05647165123108205,-0.12602834876891794,0.1825,False,Bittrex,Coinbase Pro
886,01-13-2021_21-55-04,ALGO/USD,25.0,0.4427,0.4418,0.050824486107971335,-0.13167551389202867,0.1825,False,Bittrex,Coinbase Pro
887,01-13-2021_21-55-13,ALGO/USD,25.0,0.4427,0.4417,0.05647165123108205,-0.12602834876891794,0.1825,False,Bittrex,Coinbase Pro
888,01-13-2021_21-55-25,ALGO/USD,25.0,0.443,0.44193,0.06038374717833044,-0.029616252821669554,0.09,False,Binance US,Kraken
889,01-13-2021_21-55-36,ALGO/USD,25.0,0.443,0.44193,0.06038374717833044,-0.029616252821669554,0.09,False,Binance US,Kraken
890,01-13-2021_21-55-48,ALGO/USD,25.0,0.443,0.44193,0.06038374717833044,-0.029616252821669554,0.09,False,Binance US,Kraken
891,01-13-2021_21-55-59,ALGO/USD,25.0,0.443,0.44193,0.06038374717833044,-0.029616252821669554,0.09,False,Binance US,Kraken
892,01-13-2021_21-56-09,ALGO/USD,25.0,0.443,0.44193,0.06038374717833044,-0.029616252821669554,0.09,False,Binance US,Kraken
893,01-13-2021_21-56-19,ALGO/USD,25.0,0.443,0.44199,0.0569977426636575,-0.033002257336342496,0.09,False,Binance US,Kraken
894,01-13-2021_21-56-31,ALGO/USD,25.0,0.45013,0.44199,0.4520916179770278,0.3245916179770278,0.1275,True,Bittrex,Kraken
895,01-13-2021_21-56-44,ALGO/USD,25.0,0.443,0.44199,0.0569977426636575,-0.033002257336342496,0.09,False,Binance US,Kraken
896,01-13-2021_21-56-55,ALGO/USD,25.0,0.443,0.44199,0.0569977426636575,-0.033002257336342496,0.09,False,Binance US,Kraken
897,01-13-2021_21-57-07,ALGO/USD,25.0,0.443,0.44199,0.0569977426636575,-0.033002257336342496,0.09,False,Binance US,Kraken
898,01-13-2021_21-57-19,ALGO/USD,25.0,0.44992,0.4429,0.3900693456614493,0.2075693456614493,0.1825,True,Bittrex,Coinbase Pro
899,01-13-2021_21-57-31,ALGO/USD,25.0,0.443,0.4427,0.0169300225733647,-0.12806997742663528,0.145,False,Binance US,Coinbase Pro
900,01-13-2021_21-57-41,ALGO/USD,25.0,0.443,0.4426,0.022573363431151888,-0.1224266365688481,0.145,False,Binance US,Coinbase Pro
901,01-13-2021_21-57-53,ALGO/USD,25.0,0.443,0.4424,0.03386004514672627,-0.11113995485327371,0.145,False,Binance US,Coinbase Pro
902,01-13-2021_21-58-05,ALGO/USD,25.0,0.443,0.4425,0.028216704288939076,-0.11678329571106091,0.145,False,Binance US,Coinbase Pro
903,01-13-2021_21-58-16,ALGO/USD,25.0,0.443,0.4425,0.028216704288939076,-0.11678329571106091,0.145,False,Binance US,Coinbase Pro
904,01-13-2021_21-58-26,ALGO/USD,25.0,0.443,0.4426,0.022573363431151888,-0.1224266365688481,0.145,False,Binance US,Coinbase Pro
905,01-13-2021_21-58-37,ALGO/USD,25.0,0.44528,0.4429,0.13362378727991336,-0.04887621272008663,0.1825,False,Bittrex,Coinbase Pro
906,01-13-2021_21-58-48,ALGO/USD,25.0,0.44528,0.443,0.12800934243622014,0.0005093424362201393,0.1275,False,Bittrex,Kraken
907,01-13-2021_21-59-01,ALGO/USD,25.0,0.44528,0.443,0.12800934243622014,0.0005093424362201393,0.1275,False,Bittrex,Kraken
908,01-13-2021_21-59-12,ALGO/USD,25.0,0.44526,0.443,0.12689215289942865,-0.0006078471005713515,0.1275,False,Bittrex,Kraken
909,01-13-2021_21-59-22,ALGO/USD,25.0,0.44526,0.4437,0.0875892736827924,-0.0949107263172076,0.1825,False,Bittrex,Coinbase Pro
910,01-13-2021_21-59-34,ALGO/USD,25.0,0.44526,0.4437,0.0875892736827924,-0.0949107263172076,0.1825,False,Bittrex,Coinbase Pro
911,01-13-2021_21-59-44,ALGO/USD,25.0,0.44526,0.4435,0.09881866774468759,-0.08368133225531241,0.1825,False,Bittrex,Coinbase Pro
912,01-13-2021_21-59-54,ALGO/USD,25.0,0.444,0.4424,0.09009009009008954,-0.054909909909910445,0.145,False,Binance US,Coinbase Pro
913,01-13-2021_22-00-04,ALGO/USD,25.0,0.443,0.4421,0.05079006772009097,-0.09420993227990902,0.145,False,Binance US,Coinbase Pro
914,01-13-2021_22-00-13,ALGO/USD,25.0,0.44549,0.44219,0.1851893420727721,0.0576893420727721,0.1275,True,Bittrex,Kraken
915,01-13-2021_22-00-23,ALGO/USD,25.0,0.44542,0.4429,0.14143954020923885,-0.041060459790761145,0.1825,False,Bittrex,Coinbase Pro
916,01-13-2021_22-00-33,ALGO/USD,25.0,0.44535,0.44271,0.14819804648029813,0.020698046480298132,0.1275,True,Bittrex,Kraken
917,01-13-2021_22-00-43,ALGO/USD,25.0,0.44532,0.4429,0.13585736099883106,-0.04664263900116894,0.1825,False,Bittrex,Coinbase Pro
918,01-13-2021_22-00-54,ALGO/USD,25.0,0.44522,0.443,0.12465747271012081,-0.05784252728987918,0.1825,False,Bittrex,Coinbase Pro
919,01-13-2021_22-01-05,ALGO/USD,25.0,0.44513,0.4432,0.10839530024936776,-0.07410469975063223,0.1825,False,Bittrex,Coinbase Pro
920,01-13-2021_22-01-15,ALGO/USD,25.0,0.4451,0.4432,0.10671759155246084,-0.07578240844753915,0.1825,False,Bittrex,Coinbase Pro
921,01-13-2021_22-01-26,ALGO/USD,25.0,0.44507,0.4432,0.10503965668322052,-0.07746034331677948,0.1825,False,Bittrex,Coinbase Pro
922,01-13-2021_22-01-37,ALGO/USD,25.0,0.44507,0.44354,0.08594153728627134,-0.041558462713728664,0.1275,False,Bittrex,Kraken
923,01-13-2021_22-01-49,ALGO/USD,25.0,0.44507,0.4438,0.07133709304154677,-0.11116290695845323,0.1825,False,Bittrex,Coinbase Pro
924,01-13-2021_22-02-00,ALGO/USD,25.0,0.44507,0.44379,0.07189880243557212,-0.055601197564427884,0.1275,False,Bittrex,Kraken
925,01-13-2021_22-02-11,ALGO/USD,25.0,0.44504,0.44318,0.10448499011324672,-0.023015009886753285,0.1275,False,Bittrex,Kraken
926,01-13-2021_22-02-22,ALGO/USD,25.0,0.44504,0.44308,0.110102462699983,-0.017397537300017002,0.1275,False,Bittrex,Kraken
927,01-13-2021_22-02-33,ALGO/USD,25.0,0.44504,0.4432,0.10336149559590196,-0.07913850440409803,0.1825,False,Bittrex,Coinbase Pro
928,01-13-2021_22-02-44,ALGO/USD,25.0,0.44504,0.44289,0.12077566061477538,-0.006724339385224626,0.1275,False,Bittrex,Kraken
929,01-13-2021_22-02-56,ALGO/USD,25.0,0.44504,0.44315,0.10617023188926854,-0.021329768110731465,0.1275,False,Bittrex,Kraken
930,01-13-2021_22-03-08,ALGO/USD,25.0,0.44497,0.4432,0.0994449063981838,-0.08305509360181619,0.1825,False,Bittrex,Coinbase Pro
931,01-13-2021_22-03-18,ALGO/USD,25.0,0.44493,0.4432,0.09720630211493995,-0.08529369788506004,0.1825,False,Bittrex,Coinbase Pro
932,01-13-2021_22-03-28,ALGO/USD,25.0,0.44493,0.4431,0.10282516350886647,-0.02467483649113353,0.1275,False,Bittrex,Kraken
933,01-13-2021_22-03-39,ALGO/USD,25.0,0.44493,0.44315,0.10001573281190322,-0.02748426718809678,0.1275,False,Bittrex,Kraken
934,01-13-2021_22-03-49,ALGO/USD,25.0,0.4449,0.44313,0.09946055293324307,-0.02803944706675693,0.1275,False,Bittrex,Kraken
935,01-13-2021_22-04-01,ALGO/USD,25.0,0.44487,0.44315,0.09665745049115468,-0.030842549508845324,0.1275,False,Bittrex,Kraken
936,01-13-2021_22-04-11,ALGO/USD,25.0,0.44487,0.4435,0.07698878324004667,-0.10551121675995333,0.1825,False,Bittrex,Coinbase Pro
937,01-13-2021_22-04-22,ALGO/USD,25.0,0.44487,0.4436,0.07136916402544527,-0.11113083597455473,0.1825,False,Bittrex,Coinbase Pro
938,01-13-2021_22-04-34,ALGO/USD,25.0,0.44484,0.4434,0.08092797410304811,-0.10157202589695188,0.1825,False,Bittrex,Coinbase Pro
939,01-13-2021_22-04-44,ALGO/USD,25.0,0.44481,0.4434,0.07924731908005479,-0.1032526809199452,0.1825,False,Bittrex,Coinbase Pro
940,01-13-2021_22-04-54,ALGO/USD,25.0,0.44478,0.4432,0.08880794999775314,-0.09369205000224685,0.1825,False,Bittrex,Coinbase Pro
941,01-13-2021_22-05-07,ALGO/USD,25.0,0.44478,0.4431,0.09442870632672415,-0.08807129367327585,0.1825,False,Bittrex,Coinbase Pro
942,01-13-2021_22-05-16,ALGO/USD,25.0,0.44478,0.4431,0.09442870632672415,-0.08807129367327585,0.1825,False,Bittrex,Coinbase Pro
943,01-13-2021_22-05-28,ALGO/USD,25.0,0.44478,0.443,0.10004946265569516,-0.08245053734430484,0.1825,False,Bittrex,Coinbase Pro
944,01-13-2021_22-05-40,ALGO/USD,25.0,0.44471,0.44296,0.09837871871556597,-0.02912128128443403,0.1275,False,Bittrex,Kraken
945,01-13-2021_22-05-52,ALGO/USD,25.0,0.44468,0.44296,0.09669874966267873,-0.03080125033732127,0.1275,False,Bittrex,Kraken
946,01-13-2021_22-06-02,ALGO/USD,25.0,0.44468,0.443,0.0944499415309894,-0.0880500584690106,0.1825,False,Bittrex,Coinbase Pro
947,01-13-2021_22-06-13,ALGO/USD,25.0,0.44468,0.44367,0.05678240532517826,-0.07071759467482175,0.1275,False,Bittrex,Kraken
948,01-13-2021_22-06-25,ALGO/USD,25.0,0.44468,0.44367,0.05678240532517826,-0.07071759467482175,0.1275,False,Bittrex,Kraken
949,01-13-2021_22-06-36,ALGO/USD,25.0,0.44468,0.44367,0.05678240532517826,-0.07071759467482175,0.1275,False,Bittrex,Kraken
950,01-13-2021_22-06-47,ALGO/USD,25.0,0.44468,0.4436,0.06071781955563693,-0.12178218044436306,0.1825,False,Bittrex,Coinbase Pro
951,01-13-2021_22-06-58,ALGO/USD,25.0,0.44468,0.4436,0.06071781955563693,-0.06678218044436307,0.1275,False,Bittrex,Kraken
952,01-13-2021_22-07-08,ALGO/USD,25.0,0.44468,0.4436,0.06071781955563693,-0.12178218044436306,0.1825,False,Bittrex,Coinbase Pro
953,01-13-2021_22-07-18,ALGO/USD,25.0,0.44468,0.4435,0.06633983988486182,-0.11616016011513818,0.1825,False,Bittrex,Coinbase Pro
954,01-13-2021_22-07-30,ALGO/USD,25.0,0.44468,0.4431,0.08882792120176451,-0.09367207879823548,0.1825,False,Bittrex,Coinbase Pro
955,01-13-2021_22-07-42,ALGO/USD,25.0,0.44468,0.44313,0.08714131510299516,-0.04035868489700484,0.1275,False,Bittrex,Kraken
956,01-13-2021_22-07-53,ALGO/USD,25.0,0.44462,0.4429,0.09671179883945837,-0.08578820116054163,0.1825,False,Bittrex,Coinbase Pro
957,01-13-2021_22-08-04,ALGO/USD,25.0,0.44457,0.4429,0.09391097015093262,-0.08858902984906737,0.1825,False,Bittrex,Coinbase Pro
958,01-13-2021_22-08-15,ALGO/USD,25.0,0.44457,0.4429,0.09391097015093262,-0.03358902984906738,0.1275,False,Bittrex,Kraken
959,01-13-2021_22-08-25,ALGO/USD,25.0,0.44457,0.443,0.08828755876464987,-0.09421244123535012,0.1825,False,Bittrex,Coinbase Pro
960,01-13-2021_22-08-37,ALGO/USD,25.0,0.44457,0.4432,0.07704073599208436,-0.10545926400791564,0.1825,False,Bittrex,Coinbase Pro
961,01-13-2021_22-08-48,ALGO/USD,25.0,0.44457,0.4432,0.07704073599208436,-0.10545926400791564,0.1825,False,Bittrex,Coinbase Pro
962,01-13-2021_22-08-59,ALGO/USD,25.0,0.44549,0.4429,0.14534557453590324,-0.03715442546409675,0.1825,False,Bittrex,Coinbase Pro
963,01-13-2021_22-09-10,ALGO/USD,25.0,0.44536,0.4428,0.1437039698221636,-0.038796030177836394,0.1825,False,Bittrex,Coinbase Pro
964,01-13-2021_22-09-22,ALGO/USD,25.0,0.44528,0.44282,0.13811534315486984,0.010615343154869838,0.1275,True,Bittrex,Kraken
965,01-13-2021_22-09-36,ALGO/USD,25.0,0.44523,0.4429,0.13083125575545215,-0.05166874424454784,0.1825,False,Bittrex,Coinbase Pro
966,01-13-2021_22-09-48,ALGO/USD,25.0,0.44513,0.44274,0.13423044953159768,0.006730449531597682,0.1275,False,Bittrex,Kraken
967,01-13-2021_22-10-00,ALGO/USD,25.0,0.44501,0.44274,0.12752522415226591,2.522415226591246e-05,0.1275,False,Bittrex,Kraken
968,01-13-2021_22-10-11,ALGO/USD,25.0,0.44496,0.44275,0.12416846458108849,-0.003331535418911513,0.1275,False,Bittrex,Kraken
969,01-13-2021_22-10-22,ALGO/USD,25.0,0.44486,0.44279,0.11632873263498408,-0.011171267365015919,0.1275,False,Bittrex,Kraken
970,01-13-2021_22-10-34,ALGO/USD,25.0,0.44476,0.4427,0.11579278712114434,-0.06670721287885566,0.1825,False,Bittrex,Coinbase Pro
971,01-13-2021_22-10-45,ALGO/USD,25.0,0.44473,0.4426,0.11973556989634278,-0.06276443010365722,0.1825,False,Bittrex,Coinbase Pro
972,01-13-2021_22-10-56,ALGO/USD,25.0,0.44466,0.4426,0.11581882786848414,-0.06668117213151585,0.1825,False,Bittrex,Coinbase Pro
973,01-13-2021_22-11-07,ALGO/USD,25.0,0.44461,0.4426,0.11302039990103752,-0.06947960009896248,0.1825,False,Bittrex,Coinbase Pro
974,01-13-2021_22-11-18,ALGO/USD,25.0,0.44454,0.4426,0.10910154316821868,-0.07339845683178131,0.1825,False,Bittrex,Coinbase Pro
975,01-13-2021_22-11-29,ALGO/USD,25.0,0.44446,0.4426,0.10462133825316272,-0.07787866174683727,0.1825,False,Bittrex,Coinbase Pro
976,01-13-2021_22-11-40,ALGO/USD,25.0,0.44435,0.4426,0.09845842241476478,-0.08404157758523521,0.1825,False,Bittrex,Coinbase Pro
977,01-13-2021_22-11-52,ALGO/USD,25.0,0.44432,0.4427,0.09115052214620152,-0.09134947785379847,0.1825,False,Bittrex,Coinbase Pro
978,01-13-2021_22-12-03,ALGO/USD,25.0,0.44424,0.44277,0.08272555375472868,-0.04477444624527133,0.1275,False,Bittrex,Kraken
979,01-13-2021_22-12-13,ALGO/USD,25.0,0.44422,0.44235,0.10524064652649491,-0.022259353473505092,0.1275,False,Bittrex,Kraken
980,01-13-2021_22-12-24,ALGO/USD,25.0,0.44422,0.44257,0.09285939399396609,-0.034640606006033914,0.1275,False,Bittrex,Kraken
981,01-13-2021_22-12-36,ALGO/USD,25.0,0.44422,0.44257,0.09285939399396609,-0.034640606006033914,0.1275,False,Bittrex,Kraken
982,01-13-2021_22-12-47,ALGO/USD,25.0,0.44422,0.44257,0.09285939399396609,-0.034640606006033914,0.1275,False,Bittrex,Kraken
983,01-13-2021_22-12-58,ALGO/USD,25.0,0.44422,0.44268,0.08666876772770168,-0.04083123227229832,0.1275,False,Bittrex,Kraken
984,01-13-2021_22-13-10,ALGO/USD,25.0,0.44418,0.4427,0.08329956324012995,-0.09920043675987004,0.1825,False,Bittrex,Coinbase Pro
985,01-13-2021_22-13-21,ALGO/USD,25.0,0.44415,0.4429,0.0703591129123029,-0.1121408870876971,0.1825,False,Bittrex,Coinbase Pro
986,01-13-2021_22-13-32,ALGO/USD,25.0,0.44415,0.4429,0.0703591129123029,-0.1121408870876971,0.1825,False,Bittrex,Coinbase Pro
987,01-13-2021_22-13-43,ALGO/USD,25.0,0.44415,0.4429,0.0703591129123029,-0.1121408870876971,0.1825,False,Bittrex,Coinbase Pro
988,01-13-2021_22-13-55,ALGO/USD,25.0,0.44415,0.4428,0.07598784194528664,-0.10651215805471335,0.1825,False,Bittrex,Coinbase Pro
989,01-13-2021_22-14-07,ALGO/USD,25.0,0.44412,0.44279,0.07486715302170571,-0.05263284697829429,0.1275,False,Bittrex,Kraken
990,01-13-2021_22-14-19,ALGO/USD,25.0,0.44409,0.4427,0.07824990429867833,-0.10425009570132167,0.1825,False,Bittrex,Coinbase Pro
991,01-13-2021_22-14-31,ALGO/USD,25.0,0.44409,0.4426,0.08387939381656823,-0.09862060618343177,0.1825,False,Bittrex,Coinbase Pro
992,01-13-2021_22-14-40,ALGO/USD,25.0,0.44409,0.4426,0.08387939381656823,-0.09862060618343177,0.1825,False,Bittrex,Coinbase Pro
993,01-13-2021_22-14-50,ALGO/USD,25.0,0.44406,0.44254,0.08557402152862345,-0.04192597847137655,0.1275,False,Bittrex,Kraken
994,01-13-2021_22-15-01,ALGO/USD,25.0,0.44406,0.4425,0.08782596946358633,-0.09467403053641367,0.1825,False,Bittrex,Coinbase Pro
995,01-13-2021_22-15-12,ALGO/USD,25.0,0.44406,0.4425,0.08782596946358633,-0.09467403053641367,0.1825,False,Bittrex,Coinbase Pro
996,01-13-2021_22-15-23,ALGO/USD,25.0,0.44406,0.4424,0.09345583930099506,-0.08904416069900493,0.1825,False,Bittrex,Coinbase Pro
997,01-13-2021_22-15-34,ALGO/USD,25.0,0.44406,0.44245,0.0906409043822907,-0.03685909561770931,0.1275,False,Bittrex,Kraken
998,01-13-2021_22-15-45,ALGO/USD,25.0,0.44406,0.44245,0.0906409043822907,-0.03685909561770931,0.1275,False,Bittrex,Kraken
999,01-13-2021_22-15-56,ALGO/USD,25.0,0.44406,0.4425,0.08782596946358633,-0.09467403053641367,0.1825,False,Bittrex,Coinbase Pro
1000,01-13-2021_22-16-08,ALGO/USD,25.0,0.44402,0.44234,0.09459033376874998,-0.03290966623125002,0.1275,False,Bittrex,Kraken
1001,01-13-2021_22-16-19,ALGO/USD,25.0,0.44402,0.44233,0.09515337146975501,-0.03234662853024499,0.1275,False,Bittrex,Kraken
1002,01-13-2021_22-16-28,ALGO/USD,25.0,0.44402,0.44234,0.09459033376874998,-0.03290966623125002,0.1275,False,Bittrex,Kraken
1003,01-13-2021_22-16-38,ALGO/USD,25.0,0.44399,0.44246,0.08615058897722785,-0.04134941102277215,0.1275,False,Bittrex,Kraken
1004,01-13-2021_22-16-48,ALGO/USD,25.0,0.44399,0.44248,0.08502443748733143,-0.04247556251266857,0.1275,False,Bittrex,Kraken
1005,01-13-2021_22-16-59,ALGO/USD,25.0,0.44399,0.4424,0.08952904344692338,-0.09297095655307662,0.1825,False,Bittrex,Coinbase Pro
1006,01-13-2021_22-17-09,ALGO/USD,25.0,0.44399,0.44253,0.08220905876258569,-0.04529094123741431,0.1275,False,Bittrex,Kraken
1007,01-13-2021_22-17-20,ALGO/USD,25.0,0.44399,0.44232,0.09403364940651844,-0.03346635059348156,0.1275,False,Bittrex,Kraken
1008,01-13-2021_22-17-31,ALGO/USD,25.0,0.44396,0.44232,0.09235066222182349,-0.03514933777817651,0.1275,False,Bittrex,Kraken
1009,01-13-2021_22-17-41,ALGO/USD,25.0,0.44396,0.44232,0.09235066222182349,-0.03514933777817651,0.1275,False,Bittrex,Kraken
1010,01-13-2021_22-17-52,ALGO/USD,25.0,0.44396,0.44232,0.09235066222182349,-0.03514933777817651,0.1275,False,Bittrex,Kraken
1011,01-13-2021_22-18-03,ALGO/USD,25.0,0.44396,0.44232,0.09235066222182349,-0.03514933777817651,0.1275,False,Bittrex,Kraken
1012,01-13-2021_22-18-13,ALGO/USD,25.0,0.44396,0.44232,0.09235066222182349,-0.03514933777817651,0.1275,False,Bittrex,Kraken
1013,01-13-2021_22-18-24,ALGO/USD,25.0,0.44396,0.4421,0.10473916569060435,-0.07776083430939565,0.1825,False,Bittrex,Coinbase Pro
1014,01-13-2021_22-18-35,ALGO/USD,25.0,0.44396,0.44207,0.1064285070727094,-0.021071492927290603,0.1275,False,Bittrex,Kraken
1015,01-13-2021_22-18-45,ALGO/USD,25.0,0.44396,0.442,0.1103703036309587,-0.07212969636904129,0.1825,False,Bittrex,Coinbase Pro
1016,01-13-2021_22-18-55,ALGO/USD,25.0,0.44396,0.442,0.1103703036309587,-0.07212969636904129,0.1825,False,Bittrex,Coinbase Pro
1017,01-13-2021_22-19-05,ALGO/USD,25.0,0.44396,0.44207,0.1064285070727094,-0.021071492927290603,0.1275,False,Bittrex,Kraken
1018,01-13-2021_22-19-15,ALGO/USD,25.0,0.44396,0.44198,0.11149653121903083,-0.01600346878096917,0.1275,False,Bittrex,Kraken
1019,01-13-2021_22-19-25,ALGO/USD,25.0,0.44392,0.44199,0.10869075509100667,-0.018809244908993328,0.1275,False,Bittrex,Kraken
1020,01-13-2021_22-19-36,ALGO/USD,25.0,0.44388,0.4416,0.12841308461746442,-0.05408691538253557,0.1825,False,Bittrex,Coinbase Pro
1021,01-13-2021_22-19-46,ALGO/USD,25.0,0.44388,0.44166,0.1250337929170046,-0.002466207082995414,0.1275,False,Bittrex,Kraken
1022,01-13-2021_22-19-56,ALGO/USD,25.0,0.44388,0.4416,0.12841308461746442,-0.05408691538253557,0.1825,False,Bittrex,Coinbase Pro
1023,01-13-2021_22-20-08,ALGO/USD,25.0,0.4438,0.4413,0.14082920234339494,-0.04167079765660506,0.1825,False,Bittrex,Coinbase Pro
1024,01-13-2021_22-20-18,ALGO/USD,25.0,0.44373,0.44129,0.13747098460775684,0.009970984607756833,0.1275,True,Bittrex,Kraken
1025,01-13-2021_22-20-29,ALGO/USD,25.0,0.44367,0.4413,0.1335452025153821,-0.048954797484617896,0.1825,False,Bittrex,Coinbase Pro
1026,01-13-2021_22-20-40,ALGO/USD,25.0,0.44359,0.4415,0.11778894925494154,-0.06471105074505845,0.1825,False,Bittrex,Coinbase Pro
1027,01-13-2021_22-20-50,ALGO/USD,25.0,0.44352,0.44152,0.11273448773448783,-0.014765512265512176,0.1275,False,Bittrex,Kraken
1028,01-13-2021_22-21-01,ALGO/USD,25.0,0.44341,0.4413,0.11896438961683321,-0.06353561038316678,0.1825,False,Bittrex,Coinbase Pro
1029,01-13-2021_22-21-11,ALGO/USD,25.0,0.44341,0.44128,0.12009201416296546,-0.007407985837034545,0.1275,False,Bittrex,Kraken
1030,01-13-2021_22-21-22,ALGO/USD,25.0,0.44335,0.44139,0.11052216082102273,-0.016977839178977272,0.1275,False,Bittrex,Kraken
1031,01-13-2021_22-21-33,ALGO/USD,25.0,0.44328,0.4415,0.10038801660350138,-0.08211198339649861,0.1825,False,Bittrex,Coinbase Pro
1032,01-13-2021_22-21-46,ALGO/USD,25.0,0.44322,0.4418,0.08009566355308745,-0.10240433644691255,0.1825,False,Bittrex,Coinbase Pro
1033,01-13-2021_22-21-56,ALGO/USD,25.0,0.4432,0.4415,0.09589350180505299,-0.08660649819494701,0.1825,False,Bittrex,Coinbase Pro
1034,01-13-2021_22-22-07,ALGO/USD,25.0,0.44318,0.44171,0.08292341712171278,-0.044576582878287224,0.1275,False,Bittrex,Kraken
1035,01-13-2021_22-22-18,ALGO/USD,25.0,0.44318,0.4418,0.07784647321629994,-0.10465352678370006,0.1825,False,Bittrex,Coinbase Pro
1036,01-13-2021_22-22-28,ALGO/USD,25.0,0.44318,0.44196,0.06882079516223649,-0.05867920483776351,0.1275,False,Bittrex,Kraken
1037,01-13-2021_22-22-39,ALGO/USD,25.0,0.44318,0.4415,0.09476961956767085,-0.08773038043232914,0.1825,False,Bittrex,Coinbase Pro
1038,01-13-2021_22-22-49,ALGO/USD,25.0,0.44318,0.4416,0.08912857078388159,-0.0933714292161184,0.1825,False,Bittrex,Coinbase Pro
1039,01-13-2021_22-22-59,ALGO/USD,25.0,0.44318,0.4416,0.08912857078388159,-0.0933714292161184,0.1825,False,Bittrex,Coinbase Pro
1040,01-13-2021_22-23-10,ALGO/USD,25.0,0.44318,0.4416,0.08912857078388159,-0.0933714292161184,0.1825,False,Bittrex,Coinbase Pro
1041,01-13-2021_22-23-20,ALGO/USD,25.0,0.44318,0.4416,0.08912857078388159,-0.0933714292161184,0.1825,False,Bittrex,Coinbase Pro
1042,01-13-2021_22-23-30,ALGO/USD,25.0,0.44318,0.44158,0.0902567805406407,-0.03724321945935931,0.1275,False,Bittrex,Kraken
1043,01-13-2021_22-23-41,ALGO/USD,25.0,0.44315,0.44158,0.08857046146902944,-0.03892953853097056,0.1275,False,Bittrex,Kraken
1044,01-13-2021_22-23-52,ALGO/USD,25.0,0.44312,0.44158,0.08688391406391278,-0.04061608593608722,0.1275,False,Bittrex,Kraken
1045,01-13-2021_22-24-04,ALGO/USD,25.0,0.44312,0.44162,0.08462718902328947,-0.04287281097671053,0.1275,False,Bittrex,Kraken
1046,01-13-2021_22-24-14,ALGO/USD,25.0,0.44309,0.44168,0.07955494369089615,-0.04794505630910385,0.1275,False,Bittrex,Kraken
1047,01-13-2021_22-24-25,ALGO/USD,25.0,0.44309,0.44179,0.07334852964408856,-0.054151470355911446,0.1275,False,Bittrex,Kraken
