,Date,Symbol,Investment,High,Low,Adjusted Spread,Adj. Spread after fees,Fees,Profitable,Sell exchange,Buy exchange
0,01-13-2021_19-15-11,ATOM/USD,25.0,6.14452304,6.0992,0.18440422350503718,0.05690422350503718,0.1275,True,Bittrex,Kraken
1,01-13-2021_19-15-20,ATOM/USD,25.0,6.14452304,6.0992,0.18440422350503718,0.05690422350503718,0.1275,True,Bittrex,Kraken
2,01-13-2021_19-15-32,ATOM/USD,25.0,6.1445229,6.0991,0.18481052450793273,0.057310524507932725,0.1275,True,Bittrex,Kraken
3,01-13-2021_19-15-43,ATOM/USD,25.0,6.14452274,6.0967,0.19457467253184899,0.06707467253184898,0.1275,True,Bittrex,Kraken
4,01-13-2021_19-15-54,ATOM/USD,25.0,6.14452273,6.098,0.18928536862943787,0.12278536862943787,0.0665,True,Bittrex,Binance US
5,01-13-2021_19-16-04,ATOM/USD,25.0,6.14281197,6.0985,0.18034073896616745,0.05284073896616745,0.1275,True,Bittrex,Kraken
6,01-13-2021_19-16-15,ATOM/USD,25.0,6.14281189,6.0988,0.179119476504107,0.051619476504107004,0.1275,True,Bittrex,Kraken
7,01-13-2021_19-16-26,ATOM/USD,25.0,6.14281183,6.0965,0.18847976823018073,0.06098002823018073,0.12749974,True,Bittrex,Kraken
8,01-13-2021_19-16-36,ATOM/USD,25.0,6.14281176,6.0965,0.18847948549216179,0.060979745492161785,0.12749974,True,Bittrex,Kraken
9,01-13-2021_19-16-47,ATOM/USD,25.0,6.14281171,6.0854,0.23365403625565556,0.10615430625565556,0.12749973,True,Bittrex,Kraken
10,01-13-2021_19-17-00,ATOM/USD,25.0,6.14199998,6.082,0.24422004312673304,0.051720043126733034,0.1925,True,Bittrex,Coinbase Pro
11,01-13-2021_19-17-12,ATOM/USD,25.0,6.14199984,6.07,0.2930635048665198,0.11056350486651978,0.1825,True,Bittrex,Coinbase Pro
12,01-13-2021_19-17-23,ATOM/USD,25.0,6.14199983,6.083,0.2401491030324541,0.0576491030324541,0.1825,True,Bittrex,Coinbase Pro
13,01-13-2021_19-17-34,ATOM/USD,25.0,6.14199983,6.081,0.24828977404904617,0.05578977404904617,0.1925,True,Bittrex,Coinbase Pro
14,01-13-2021_19-17-44,ATOM/USD,25.0,6.14199983,6.0793,0.2552093444131522,0.12770960441315218,0.12749974,True,Bittrex,Kraken
15,01-13-2021_19-17-56,ATOM/USD,25.0,6.12407816,6.081,0.17585569156092967,-0.016644308439070332,0.1925,False,Bittrex,Coinbase Pro
16,01-13-2021_19-18-08,ATOM/USD,25.0,6.12407805,6.0817,0.17299767268642155,0.04549767268642155,0.1275,True,Bittrex,Kraken
17,01-13-2021_19-18-19,ATOM/USD,25.0,6.12407805,6.0898,0.13993147099096528,0.012431470990965282,0.1275,True,Bittrex,Kraken
18,01-13-2021_19-18-31,ATOM/USD,25.0,6.12407805,6.096,0.11462153882901413,-0.06787846117098587,0.1825,False,Bittrex,Coinbase Pro
19,01-13-2021_19-18-41,ATOM/USD,25.0,6.12407805,6.0812,0.17503879624786817,0.04753905624786817,0.12749974,True,Bittrex,Kraken
20,01-13-2021_19-18-52,ATOM/USD,25.0,6.12407805,6.091,0.1350327744434912,-0.047467225556508785,0.1825,False,Bittrex,Coinbase Pro
21,01-13-2021_19-19-02,ATOM/USD,25.0,6.12407805,6.0901,0.13870679685409948,0.011206796854099477,0.1275,True,Bittrex,Kraken
22,01-13-2021_19-19-15,ATOM/USD,25.0,6.12407805,6.085,0.15952625718086516,0.09302625718086516,0.0665,True,Bittrex,Binance US
23,01-13-2021_19-19-26,ATOM/USD,25.0,6.12407805,6.085,0.15952625718086516,-0.022973742819134835,0.1825,False,Bittrex,Coinbase Pro
24,01-13-2021_19-19-38,ATOM/USD,25.0,6.12407805,6.09,0.13911502156638808,-0.043384978433611915,0.1825,False,Bittrex,Coinbase Pro
25,01-13-2021_19-19-49,ATOM/USD,25.0,6.12407805,6.0836,0.16524140315292005,0.037741403152920044,0.1275,True,Bittrex,Kraken
26,01-13-2021_19-20-00,ATOM/USD,25.0,6.12407805,6.089,0.14319726868928132,-0.03930273131071868,0.1825,False,Bittrex,Coinbase Pro
27,01-13-2021_19-20-11,ATOM/USD,25.0,6.12407805,6.094,0.12278603307480424,0.05628603307480423,0.0665,True,Bittrex,Binance US
28,01-13-2021_19-20-23,ATOM/USD,25.0,6.12407805,6.0945,0.12074490951335762,-0.0067548304866423825,0.12749974,False,Bittrex,Kraken
29,01-13-2021_19-20-34,ATOM/USD,25.0,6.12407805,6.0968,0.11135574113069809,-0.016143998869301915,0.12749974,False,Bittrex,Kraken
30,01-13-2021_19-20-45,ATOM/USD,25.0,6.12407805,6.0981,0.10604881987093542,-0.02145118012906458,0.1275,False,Bittrex,Kraken
31,01-13-2021_19-20-56,ATOM/USD,25.0,6.12407805,6.0981,0.10604881987093542,-0.02145118012906458,0.1275,False,Bittrex,Kraken
32,01-13-2021_19-21-05,ATOM/USD,25.0,6.12407805,6.0981,0.10604881987093542,-0.02145118012906458,0.1275,False,Bittrex,Kraken
33,01-13-2021_19-21-16,ATOM/USD,25.0,6.12407805,6.0981,0.10604881987093542,-0.02145118012906458,0.1275,False,Bittrex,Kraken
34,01-13-2021_19-21-26,ATOM/USD,25.0,6.12407805,6.0981,0.10604881987093542,-0.02145118012906458,0.1275,False,Bittrex,Kraken
35,01-13-2021_19-21-37,ATOM/USD,25.0,6.12407805,6.0981,0.10604881987093542,-0.02145118012906458,0.1275,False,Bittrex,Kraken
36,01-13-2021_19-21-48,ATOM/USD,25.0,6.12407805,6.0981,0.10604881987093542,-0.02145118012906458,0.1275,False,Bittrex,Kraken
37,01-13-2021_19-21-58,ATOM/USD,25.0,6.12407795,6.1021,0.08971942461966921,-0.03778057538033079,0.1275,False,Bittrex,Kraken
38,01-13-2021_19-22-09,ATOM/USD,25.0,6.12407795,6.113,0.045222930253524043,-0.13727706974647597,0.1825,False,Bittrex,Coinbase Pro
39,01-13-2021_19-22-19,ATOM/USD,25.0,6.12407795,6.113,0.045222930253524043,-0.13727706974647597,0.1825,False,Bittrex,Coinbase Pro
40,01-13-2021_19-22-29,ATOM/USD,25.0,6.12407795,6.112,0.04930517744307988,-0.1331948225569201,0.1825,False,Bittrex,Coinbase Pro
41,01-13-2021_19-22-38,ATOM/USD,25.0,6.12407795,6.109,0.06155191901174375,-0.12094808098825624,0.1825,False,Bittrex,Coinbase Pro
42,01-13-2021_19-22-49,ATOM/USD,25.0,6.12407795,6.113,0.045222930253524043,-0.13727706974647597,0.1825,False,Bittrex,Coinbase Pro
43,01-13-2021_19-22-58,ATOM/USD,25.0,6.12407795,6.115,0.037058435874416006,-0.14544156412558398,0.1825,False,Bittrex,Coinbase Pro
44,01-13-2021_19-23-08,ATOM/USD,25.0,6.12407795,6.114,0.04114068306397184,-0.14135931693602816,0.1825,False,Bittrex,Coinbase Pro
45,01-13-2021_19-23-17,ATOM/USD,25.0,6.12407795,6.114,0.04114068306397184,-0.14135931693602816,0.1825,False,Bittrex,Coinbase Pro
46,01-13-2021_19-23-27,ATOM/USD,25.0,6.12407795,6.117,0.028893941495307964,-0.15360605850469203,0.1825,False,Bittrex,Coinbase Pro
47,01-13-2021_19-23-37,ATOM/USD,25.0,6.12407795,6.118,0.02481169430575213,-0.15768830569424785,0.1825,False,Bittrex,Coinbase Pro
48,01-13-2021_19-23-46,ATOM/USD,25.0,6.12407795,6.1188,0.021545896554108913,-0.1059541034458911,0.1275,False,Bittrex,Kraken
49,01-13-2021_19-23-56,ATOM/USD,25.0,6.12407795,6.1188,0.021545896554108913,-0.1059541034458911,0.1275,False,Bittrex,Kraken
50,01-13-2021_19-24-07,ATOM/USD,25.0,6.12407795,6.119,0.020729447116199923,-0.04577055288380008,0.0665,False,Bittrex,Binance US
51,01-13-2021_19-24-17,ATOM/USD,25.0,6.12407795,6.119,0.020729447116199923,-0.04577055288380008,0.0665,False,Bittrex,Binance US
52,01-13-2021_19-24-27,ATOM/USD,25.0,6.12407795,6.1192,0.019912997678287307,-0.1075870023217127,0.1275,False,Bittrex,Kraken
53,01-13-2021_19-24-37,ATOM/USD,25.0,6.12407795,6.116,0.032976188684863794,-0.1495238113151362,0.1825,False,Bittrex,Coinbase Pro
54,01-13-2021_19-24-45,ATOM/USD,25.0,6.12407795,6.116,0.032976188684863794,-0.1495238113151362,0.1825,False,Bittrex,Coinbase Pro
55,01-13-2021_19-24-55,ATOM/USD,25.0,6.12407795,6.116,0.032976188684863794,-0.1495238113151362,0.1825,False,Bittrex,Coinbase Pro
56,01-13-2021_19-25-05,ATOM/USD,25.0,6.12407795,6.116,0.032976188684863794,-0.1495238113151362,0.1825,False,Bittrex,Coinbase Pro
57,01-13-2021_19-25-15,ATOM/USD,25.0,6.12407795,6.116,0.032976188684863794,-0.1495238113151362,0.1825,False,Bittrex,Coinbase Pro
58,01-13-2021_19-25-25,ATOM/USD,25.0,6.12407795,6.116,0.032976188684863794,-0.1495238113151362,0.1825,False,Bittrex,Coinbase Pro
59,01-13-2021_19-25-35,ATOM/USD,25.0,6.12407795,6.119,0.020729447116199923,-0.17177055288380008,0.1925,False,Bittrex,Coinbase Pro
60,01-13-2021_19-25-44,ATOM/USD,25.0,6.12407795,6.117,0.028893941495307964,-0.15360605850469203,0.1825,False,Bittrex,Coinbase Pro
61,01-13-2021_19-25-54,ATOM/USD,25.0,6.12407795,6.119,0.020729447116199923,-0.17177055288380008,0.1925,False,Bittrex,Coinbase Pro
62,01-13-2021_19-26-04,ATOM/USD,25.0,6.12407795,6.118,0.02481169430575213,-0.15768830569424785,0.1825,False,Bittrex,Coinbase Pro
63,01-13-2021_19-26-14,ATOM/USD,25.0,6.12407795,6.119,0.020729447116199923,-0.17177055288380008,0.1925,False,Bittrex,Coinbase Pro
64,01-13-2021_19-26-24,ATOM/USD,25.0,6.12407795,6.1191,0.020321222397241802,-0.10717877760275821,0.1275,False,Bittrex,Kraken
65,01-13-2021_19-26-35,ATOM/USD,25.0,6.12407795,6.1159,0.03338441340381829,-0.09411558659618172,0.1275,False,Bittrex,Kraken
66,01-13-2021_19-26-45,ATOM/USD,25.0,6.12407795,6.115,0.037058435874416006,-0.14544156412558398,0.1825,False,Bittrex,Coinbase Pro
67,01-13-2021_19-26-55,ATOM/USD,25.0,6.125,6.1195,0.02244897959183517,-0.06755102040816482,0.09,False,Binance US,Kraken
68,01-13-2021_19-27-04,ATOM/USD,25.0,6.125,6.1195,0.02244897959183517,-0.06755102040816482,0.09,False,Binance US,Kraken
69,01-13-2021_19-27-14,ATOM/USD,25.0,6.17799998,6.1195,0.2367270159816336,0.10922701598163359,0.1275,True,Bittrex,Kraken
70,01-13-2021_19-27-24,ATOM/USD,25.0,6.17799988,6.1195,0.23672661515169613,0.10922661515169613,0.1275,True,Bittrex,Kraken
71,01-13-2021_19-27-34,ATOM/USD,25.0,6.17799988,6.1195,0.23672661515169613,0.10922661515169613,0.1275,True,Bittrex,Kraken
72,01-13-2021_19-27-45,ATOM/USD,25.0,6.17799978,6.1195,0.23672621432174928,0.10922621432174928,0.1275,True,Bittrex,Kraken
73,01-13-2021_19-27-56,ATOM/USD,25.0,6.17699999,6.1195,0.2327181078722945,0.10521810787229449,0.1275,True,Bittrex,Kraken
74,01-13-2021_19-28-08,ATOM/USD,25.0,6.17599998,6.1195,0.22870782133648862,0.10120782133648862,0.1275,True,Bittrex,Kraken
75,01-13-2021_19-28-17,ATOM/USD,25.0,6.17599991,6.12,0.22668357681371676,0.09918357681371676,0.1275,True,Bittrex,Kraken
76,01-13-2021_19-28-28,ATOM/USD,25.0,6.17599985,6.12,0.22668333614030153,0.09918333614030153,0.1275,True,Bittrex,Kraken
77,01-13-2021_19-28-38,ATOM/USD,25.0,6.17599977,6.1202,0.22587342972002789,0.09837342972002788,0.1275,True,Bittrex,Kraken
78,01-13-2021_19-28-48,ATOM/USD,25.0,6.17599966,6.1172,0.23801677152294057,0.11051678152294056,0.12749999,True,Bittrex,Kraken
79,01-13-2021_19-28-59,ATOM/USD,25.0,6.17599957,6.116,0.24287392396952695,0.060373923969526955,0.1825,True,Bittrex,Coinbase Pro
80,01-13-2021_19-29-11,ATOM/USD,25.0,6.17599938,6.1202,0.22587186529154385,0.09837186529154385,0.1275,True,Bittrex,Kraken
81,01-13-2021_19-29-22,ATOM/USD,25.0,6.17599927,6.122,0.21858515375116075,0.03608515375116075,0.1825,True,Bittrex,Coinbase Pro
82,01-13-2021_19-29-34,ATOM/USD,25.0,6.17599913,6.1207,0.22384689843698158,0.09634689843698158,0.1275,True,Bittrex,Kraken
83,01-13-2021_19-30-05,ATOM/USD,25.0,6.17499959,6.12,0.22267041964289244,0.040170419642892446,0.1825,True,Bittrex,Coinbase Pro
84,01-13-2021_19-30-16,ATOM/USD,25.0,6.17499947,6.112,0.2550586048876223,0.07255860488762228,0.1825,True,Bittrex,Coinbase Pro
85,01-13-2021_19-30-26,ATOM/USD,25.0,6.17199999,6.106,0.2673363176722879,0.08483631767228789,0.1825,True,Bittrex,Coinbase Pro
86,01-13-2021_19-30-38,ATOM/USD,25.0,6.17199977,6.108,0.25923433402850143,0.07673434402850143,0.18249999,True,Bittrex,Coinbase Pro
87,01-13-2021_19-30-49,ATOM/USD,25.0,6.1667991,6.103,0.2586394455431532,0.07613945554315321,0.18249999,True,Bittrex,Coinbase Pro
88,01-13-2021_19-31-00,ATOM/USD,25.0,6.16599986,6.107,0.2392144880781757,0.056714488078175695,0.1825,True,Bittrex,Coinbase Pro
89,01-13-2021_19-31-11,ATOM/USD,25.0,6.16599946,6.106,0.24326737453201233,0.060767374532012336,0.1825,True,Bittrex,Coinbase Pro
90,01-13-2021_19-31-23,ATOM/USD,25.0,6.16599946,6.106,0.24326737453201233,0.060767374532012336,0.1825,True,Bittrex,Coinbase Pro
91,01-13-2021_19-31-34,ATOM/USD,25.0,6.16599913,6.106,0.24326604956884115,0.06076604956884116,0.1825,True,Bittrex,Coinbase Pro
92,01-13-2021_19-31-47,ATOM/USD,25.0,6.16599888,6.106,0.24326504580876684,0.06076504580876685,0.1825,True,Bittrex,Coinbase Pro
93,01-13-2021_19-31-59,ATOM/USD,25.0,6.1659988,6.106,0.2432647246055246,0.060764724605524595,0.1825,True,Bittrex,Coinbase Pro
94,01-13-2021_19-32-09,ATOM/USD,25.0,6.16599874,6.102,0.2594824565273902,0.06698245652739021,0.1925,True,Bittrex,Coinbase Pro
95,01-13-2021_19-32-21,ATOM/USD,25.0,6.16599856,6.102,0.25948173429349586,0.06698173429349585,0.1925,True,Bittrex,Coinbase Pro
96,01-13-2021_19-32-32,ATOM/USD,25.0,6.16599845,6.102,0.25948129292831607,0.06698129292831606,0.1925,True,Bittrex,Coinbase Pro
97,01-13-2021_19-32-44,ATOM/USD,25.0,6.16599845,6.111,0.2229908523574161,0.03049085235741608,0.1925,True,Bittrex,Coinbase Pro
98,01-13-2021_19-32-55,ATOM/USD,25.0,6.16599827,6.1153,0.20555580694316275,0.07805606694316275,0.12749974,True,Bittrex,Kraken
99,01-13-2021_19-33-06,ATOM/USD,25.0,6.16599816,6.1153,0.20555536461593593,0.07805563461593593,0.12749973,True,Bittrex,Kraken
100,01-13-2021_19-33-18,ATOM/USD,25.0,6.16599816,6.1153,0.20555536461593593,0.07805563461593593,0.12749973,True,Bittrex,Kraken
101,01-13-2021_19-33-28,ATOM/USD,25.0,6.16599816,6.1153,0.20555536461593593,0.07805563461593593,0.12749973,True,Bittrex,Kraken
102,01-13-2021_19-33-39,ATOM/USD,25.0,6.16599816,6.1153,0.20555536461593593,0.07805563461593593,0.12749973,True,Bittrex,Kraken
103,01-13-2021_19-33-49,ATOM/USD,25.0,6.16599802,6.1153,0.20555480165398904,0.07805506165398904,0.12749974,True,Bittrex,Kraken
104,01-13-2021_19-34-00,ATOM/USD,25.0,6.16599797,6.1153,0.20555460059614594,0.07805486059614594,0.12749974,True,Bittrex,Kraken
105,01-13-2021_19-34-11,ATOM/USD,25.0,6.16599787,6.1153,0.2055541984804464,0.0780544584804464,0.12749974,True,Bittrex,Kraken
106,01-13-2021_19-34-20,ATOM/USD,25.0,6.16599786,6.1153,0.20555415826887607,0.07805442826887607,0.12749973,True,Bittrex,Kraken
107,01-13-2021_19-34-30,ATOM/USD,25.0,6.16599773,6.1153,0.20555363551844655,0.07805389551844655,0.12749974,True,Bittrex,Kraken
108,01-13-2021_19-34-41,ATOM/USD,25.0,6.16599773,6.1153,0.20555363551844655,0.07805389551844655,0.12749974,True,Bittrex,Kraken
109,01-13-2021_19-34-52,ATOM/USD,25.0,6.16599773,6.1153,0.20555363551844655,0.07805389551844655,0.12749974,True,Bittrex,Kraken
110,01-13-2021_19-35-03,ATOM/USD,25.0,6.1659977,6.1153,0.20555351488372975,0.07805377488372975,0.12749974,True,Bittrex,Kraken
111,01-13-2021_19-35-13,ATOM/USD,25.0,6.16599764,6.124,0.17027917642861745,-0.022220823571382553,0.1925,False,Bittrex,Coinbase Pro
112,01-13-2021_19-35-24,ATOM/USD,25.0,6.16599753,6.124,0.17027873347202188,-0.022221266527978123,0.1925,False,Bittrex,Coinbase Pro
113,01-13-2021_19-35-35,ATOM/USD,25.0,6.16599738,6.124,0.17027812944027168,-0.022221870559728324,0.1925,False,Bittrex,Coinbase Pro
114,01-13-2021_19-35-45,ATOM/USD,25.0,6.16599722,6.124,0.17027748513970595,-0.022222514860294057,0.1925,False,Bittrex,Coinbase Pro
115,01-13-2021_19-35-55,ATOM/USD,25.0,6.16599715,6.124,0.1702772032581959,-0.022222796741804107,0.1925,False,Bittrex,Coinbase Pro
116,01-13-2021_19-36-05,ATOM/USD,25.0,6.165,6.1047,0.24452554744525465,0.11702580744525465,0.12749974,True,Bittrex,Kraken
117,01-13-2021_19-36-15,ATOM/USD,25.0,6.16499985,6.1156,0.20032380860479806,0.07282380860479806,0.1275,True,Bittrex,Kraken
118,01-13-2021_19-36-26,ATOM/USD,25.0,6.16499976,6.119,0.18653593589109868,0.12003593589109868,0.0665,True,Bittrex,Binance US
119,01-13-2021_19-36-36,ATOM/USD,25.0,6.16499956,6.1178,0.19140131130844776,0.06390131130844776,0.1275,True,Bittrex,Kraken
120,01-13-2021_19-36-46,ATOM/USD,25.0,6.16499949,6.1069,0.23560216871972176,0.10810216871972175,0.1275,True,Bittrex,Kraken
121,01-13-2021_19-36-56,ATOM/USD,25.0,6.16399989,6.109,0.22306899327345858,0.15656899327345858,0.0665,True,Bittrex,Binance US
122,01-13-2021_19-37-07,ATOM/USD,25.0,6.16399984,6.112,0.2109013682258616,0.14440137822586163,0.06649999,True,Bittrex,Binance US
123,01-13-2021_19-37-17,ATOM/USD,25.0,6.16399969,6.112,0.2109007649868965,0.1444007649868965,0.0665,True,Bittrex,Binance US
124,01-13-2021_19-37-29,ATOM/USD,25.0,6.16399969,6.112,0.2109007649868965,0.1444007649868965,0.0665,True,Bittrex,Binance US
125,01-13-2021_19-37-40,ATOM/USD,25.0,6.16399958,6.1098,0.21982310063687455,0.09232336063687455,0.12749974,True,Bittrex,Kraken
126,01-13-2021_19-37-50,ATOM/USD,25.0,6.16399936,6.111,0.21495524619911816,0.08745525619911815,0.12749999,True,Bittrex,Kraken
127,01-13-2021_19-38-02,ATOM/USD,25.0,6.1639992,6.1098,0.2198215729813861,0.0923218429813861,0.12749973,True,Bittrex,Kraken
128,01-13-2021_19-38-13,ATOM/USD,25.0,6.16399906,6.115,0.19873080577659868,0.01623080577659869,0.1825,True,Bittrex,Coinbase Pro
129,01-13-2021_19-38-23,ATOM/USD,25.0,6.16399898,6.1072,0.23036579087818063,0.10286605087818063,0.12749974,True,Bittrex,Kraken
130,01-13-2021_19-38-34,ATOM/USD,25.0,6.16399888,6.1099,0.2194147056691249,0.09191470566912491,0.1275,True,Bittrex,Kraken
131,01-13-2021_19-38-44,ATOM/USD,25.0,6.16399879,6.116,0.1946739107001037,0.012173910700103707,0.1825,True,Bittrex,Coinbase Pro
132,01-13-2021_19-38-54,ATOM/USD,25.0,6.16399872,6.1146,0.20035176126707613,0.07285176126707613,0.1275,True,Bittrex,Kraken
133,01-13-2021_19-39-07,ATOM/USD,25.0,6.16399865,6.114,0.20278496491883574,0.020284964918835746,0.1825,True,Bittrex,Coinbase Pro
134,01-13-2021_19-39-16,ATOM/USD,25.0,6.1639985,6.1124,0.20927365572850107,0.08177365572850107,0.1275,True,Bittrex,Kraken
135,01-13-2021_19-39-26,ATOM/USD,25.0,6.16399836,6.113,0.20683960727075643,0.02433960727075643,0.1825,True,Bittrex,Coinbase Pro
136,01-13-2021_19-39-38,ATOM/USD,25.0,6.16399828,6.11,0.21900671263652619,0.03650671263652619,0.1825,True,Bittrex,Coinbase Pro
137,01-13-2021_19-39-48,ATOM/USD,25.0,6.16399814,6.11,0.2190061497974431,0.1525061497974431,0.0665,True,Bittrex,Binance US
138,01-13-2021_19-39-59,ATOM/USD,25.0,6.16299996,6.111,0.21093607146478,0.01843607146477999,0.1925,True,Bittrex,Coinbase Pro
139,01-13-2021_19-40-09,ATOM/USD,25.0,6.1629998,6.112,0.2068789617679348,0.0243789717679348,0.18249999,True,Bittrex,Coinbase Pro
140,01-13-2021_19-40-19,ATOM/USD,25.0,6.16299955,6.112,0.206877956043337,0.024377956043337007,0.1825,True,Bittrex,Coinbase Pro
141,01-13-2021_19-40-30,ATOM/USD,25.0,6.16299949,6.107,0.22716004638189413,0.04466005638189413,0.18249999,True,Bittrex,Coinbase Pro
142,01-13-2021_19-40-41,ATOM/USD,25.0,6.16299935,6.107,0.22715948363680893,0.04465948363680894,0.1825,True,Bittrex,Coinbase Pro
143,01-13-2021_19-40-51,ATOM/USD,25.0,6.16199999,6.111,0.2069132995892792,0.0144132995892792,0.1925,True,Bittrex,Coinbase Pro
144,01-13-2021_19-41-01,ATOM/USD,25.0,6.16199984,6.1099,0.2113755329146533,0.0838755429146533,0.12749999,True,Bittrex,Kraken
145,01-13-2021_19-41-11,ATOM/USD,25.0,6.16199977,6.111,0.20691241440926192,0.014412414409261914,0.1925,True,Bittrex,Coinbase Pro
146,01-13-2021_19-41-22,ATOM/USD,25.0,6.1619997,6.115,0.19068363472980923,0.12418363472980923,0.0665,True,Bittrex,Binance US
147,01-13-2021_19-41-33,ATOM/USD,25.0,6.1619994,6.114,0.19473955158126166,0.012239551581261665,0.1825,True,Bittrex,Coinbase Pro
148,01-13-2021_19-41-44,ATOM/USD,25.0,6.16199928,6.116,0.18662481894999586,0.004124828949995857,0.18249999,False,Bittrex,Coinbase Pro
149,01-13-2021_19-41-54,ATOM/USD,25.0,6.1619991,6.1153,0.1894640815510654,0.061964341551065394,0.12749974,True,Bittrex,Kraken
150,01-13-2021_19-42-04,ATOM/USD,25.0,6.16199898,6.116,0.18662361089842408,0.004123610898424085,0.1825,False,Bittrex,Coinbase Pro
151,01-13-2021_19-42-14,ATOM/USD,25.0,6.16199898,6.116,0.18662361089842408,0.004123610898424085,0.1825,False,Bittrex,Coinbase Pro
152,01-13-2021_19-42-24,ATOM/USD,25.0,6.16199884,6.1152,0.18986874720021904,0.06236874720021904,0.1275,True,Bittrex,Kraken
153,01-13-2021_19-42-35,ATOM/USD,25.0,6.16199876,6.1152,0.1898684250952389,0.062368425095238905,0.1275,True,Bittrex,Kraken
154,01-13-2021_19-42-45,ATOM/USD,25.0,6.1619987,6.109,0.21502235954707294,0.03252235954707294,0.1825,True,Bittrex,Coinbase Pro
155,01-13-2021_19-42-55,ATOM/USD,25.0,6.16199861,6.106,0.22719337322278502,0.04469337322278502,0.1825,True,Bittrex,Coinbase Pro
156,01-13-2021_19-43-07,ATOM/USD,25.0,6.16199846,6.106,0.22719277018449838,0.044692780184498376,0.18249999,True,Bittrex,Coinbase Pro
157,01-13-2021_19-43-18,ATOM/USD,25.0,6.16199832,6.1,0.25153495984724933,0.12403495984724933,0.1275,True,Bittrex,Kraken
158,01-13-2021_19-43-27,ATOM/USD,25.0,6.16199824,6.101,0.24747751307374596,0.06497751307374597,0.1825,True,Bittrex,Coinbase Pro
159,01-13-2021_19-43-38,ATOM/USD,25.0,6.16099999,6.1,0.2475247122991799,0.055024712299179906,0.1925,True,Bittrex,Coinbase Pro
160,01-13-2021_19-43-48,ATOM/USD,25.0,6.16099999,6.1,0.2475247122991799,0.055024712299179906,0.1925,True,Bittrex,Coinbase Pro
161,01-13-2021_19-43-58,ATOM/USD,25.0,6.16099985,6.1,0.24752414983421878,0.05502414983421877,0.1925,True,Bittrex,Coinbase Pro
162,01-13-2021_19-44-09,ATOM/USD,25.0,6.16099975,6.112,0.19883035216808814,0.016330352168088147,0.1825,True,Bittrex,Coinbase Pro
163,01-13-2021_19-44-20,ATOM/USD,25.0,6.16099945,6.1175,0.17651133697147364,0.04901133697147364,0.1275,True,Bittrex,Kraken
164,01-13-2021_19-44-31,ATOM/USD,25.0,6.16099945,6.115,0.18665579494573747,0.004155794945737479,0.1825,False,Bittrex,Coinbase Pro
165,01-13-2021_19-44-42,ATOM/USD,25.0,6.16099928,6.115,0.1866551102729564,0.004155110272956397,0.1825,False,Bittrex,Coinbase Pro
166,01-13-2021_19-44-52,ATOM/USD,25.0,6.16099918,6.11,0.20694362436191643,0.02444362436191644,0.1825,True,Bittrex,Coinbase Pro
167,01-13-2021_19-45-03,ATOM/USD,25.0,6.15086954,6.11,0.1661128549964339,-0.01638713500356609,0.18249999,False,Bittrex,Coinbase Pro
168,01-13-2021_19-45-14,ATOM/USD,25.0,6.15086953,6.114,0.14985495067068877,-0.032645049329311226,0.1825,False,Bittrex,Coinbase Pro
169,01-13-2021_19-45-24,ATOM/USD,25.0,6.15086953,6.116,0.1417260186951158,-0.04077398130488419,0.1825,False,Bittrex,Coinbase Pro
170,01-13-2021_19-45-35,ATOM/USD,25.0,6.15086953,6.1175,0.13562931971343517,0.008129319713435168,0.1275,False,Bittrex,Kraken
171,01-13-2021_19-45-46,ATOM/USD,25.0,6.15086953,6.1175,0.13562931971343517,0.008129319713435168,0.1275,False,Bittrex,Kraken
172,01-13-2021_19-45-57,ATOM/USD,25.0,6.15086953,6.1175,0.13562931971343517,0.008129319713435168,0.1275,False,Bittrex,Kraken
173,01-13-2021_19-46-08,ATOM/USD,25.0,6.15086943,6.1175,0.1356289154718753,0.008128925471875298,0.12749999,False,Bittrex,Kraken
174,01-13-2021_19-46-29,ATOM/USD,25.0,6.15086943,6.1175,0.1356289154718753,0.008128925471875298,0.12749999,False,Bittrex,Kraken
175,01-13-2021_19-46-39,ATOM/USD,25.0,6.15086943,6.1175,0.1356289154718753,0.008128925471875298,0.12749999,False,Bittrex,Kraken
176,01-13-2021_19-46-50,ATOM/USD,25.0,6.15086943,6.1175,0.1356289154718753,0.008128925471875298,0.12749999,False,Bittrex,Kraken
177,01-13-2021_19-47-02,ATOM/USD,25.0,6.15086943,6.1175,0.1356289154718753,0.008128925471875298,0.12749999,False,Bittrex,Kraken
178,01-13-2021_19-47-12,ATOM/USD,25.0,6.15086943,6.1175,0.1356289154718753,0.008128925471875298,0.12749999,False,Bittrex,Kraken
179,01-13-2021_19-47-22,ATOM/USD,25.0,6.15086933,6.1175,0.13562851123029873,0.00812851123029873,0.1275,False,Bittrex,Kraken
180,01-13-2021_19-47-32,ATOM/USD,25.0,6.15086933,6.1175,0.13562851123029873,0.00812851123029873,0.1275,False,Bittrex,Kraken
181,01-13-2021_19-47-41,ATOM/USD,25.0,6.15086913,6.1175,0.1356277027471097,0.008127702747109694,0.1275,False,Bittrex,Kraken
182,01-13-2021_19-47-52,ATOM/USD,25.0,6.15086903,6.1175,0.13562729850549363,0.008127298505493624,0.1275,False,Bittrex,Kraken
183,01-13-2021_19-48-02,ATOM/USD,25.0,6.15086893,6.1175,0.13562689426386446,0.008126894263864454,0.1275,False,Bittrex,Kraken
184,01-13-2021_19-48-13,ATOM/USD,25.0,6.15086884,6.1175,0.1356265304463902,0.008126530446390196,0.1275,False,Bittrex,Kraken
185,01-13-2021_19-48-23,ATOM/USD,25.0,6.15086883,6.1175,0.13562649002222574,0.008126490022225735,0.1275,False,Bittrex,Kraken
186,01-13-2021_19-48-34,ATOM/USD,25.0,6.15086873,6.1175,0.13562608578057025,0.008126085780570252,0.1275,False,Bittrex,Kraken
187,01-13-2021_19-48-43,ATOM/USD,25.0,6.15086873,6.1175,0.13562608578057025,0.008126085780570252,0.1275,False,Bittrex,Kraken
188,01-13-2021_19-48-53,ATOM/USD,25.0,6.15086863,6.1175,0.13562568153890164,0.008125691538901636,0.12749999,False,Bittrex,Kraken
189,01-13-2021_19-49-03,ATOM/USD,25.0,6.15086863,6.1175,0.13562568153890164,0.008125691538901636,0.12749999,False,Bittrex,Kraken
190,01-13-2021_19-49-14,ATOM/USD,25.0,6.15086853,6.1175,0.13562527729722348,0.008125287297223477,0.12749999,False,Bittrex,Kraken
191,01-13-2021_19-49-25,ATOM/USD,25.0,6.15086853,6.1175,0.13562527729722348,0.008125287297223477,0.12749999,False,Bittrex,Kraken
192,01-13-2021_19-49-37,ATOM/USD,25.0,6.15086848,6.1175,0.13562507517637587,0.008125085176375862,0.12749999,False,Bittrex,Kraken
193,01-13-2021_19-49-48,ATOM/USD,25.0,6.15086833,6.1175,0.13562446881382056,0.008124468813820562,0.1275,False,Bittrex,Kraken
194,01-13-2021_19-49-59,ATOM/USD,25.0,6.15086823,6.1175,0.13562406457210296,0.008124064572102963,0.1275,False,Bittrex,Kraken
195,01-13-2021_19-50-10,ATOM/USD,25.0,6.15086808,6.1175,0.1356234582094983,0.008123458209498308,0.1275,False,Bittrex,Kraken
196,01-13-2021_19-50-24,ATOM/USD,25.0,6.15086791,6.1175,0.13562277099850753,0.008122770998507528,0.1275,False,Bittrex,Kraken
197,01-13-2021_19-50-34,ATOM/USD,25.0,6.15086784,6.1175,0.13562248802926793,0.008122498029267927,0.12749999,False,Bittrex,Kraken
198,01-13-2021_19-50-45,ATOM/USD,25.0,6.15086768,6.111,0.1620408781090882,-0.030459121890911794,0.1925,False,Bittrex,Coinbase Pro
199,01-13-2021_19-50-56,ATOM/USD,25.0,6.15086719,6.108,0.17423230203089438,0.046732302030894374,0.1275,True,Bittrex,Kraken
200,01-13-2021_19-51-07,ATOM/USD,25.0,6.15086685,6.1105,0.1640697603460553,0.0365697703460553,0.12749999,True,Bittrex,Kraken
201,01-13-2021_19-51-17,ATOM/USD,25.0,6.15086661,6.111,0.16203655731692013,-0.030463442683079878,0.1925,False,Bittrex,Coinbase Pro
202,01-13-2021_19-51-28,ATOM/USD,25.0,6.15086661,6.11,0.16610102523422815,-0.016398974765771845,0.1825,False,Bittrex,Coinbase Pro
203,01-13-2021_19-51-38,ATOM/USD,25.0,6.15086641,6.109,0.17016468579098887,-0.012335304209011133,0.18249999,False,Bittrex,Coinbase Pro
204,01-13-2021_19-51-48,ATOM/USD,25.0,6.15086628,6.109,0.1701641610066014,-0.012335838993398601,0.1825,False,Bittrex,Coinbase Pro
205,01-13-2021_19-51-58,ATOM/USD,25.0,6.15086598,6.107,0.1782918866328463,-0.004208113367153682,0.1825,False,Bittrex,Coinbase Pro
206,01-13-2021_19-52-09,ATOM/USD,25.0,6.15086586,6.105,0.18642033920082618,0.003920349200826179,0.18249999,False,Bittrex,Coinbase Pro
207,01-13-2021_19-52-20,ATOM/USD,25.0,6.15086572,6.105,0.18641977441835303,0.003919784418353028,0.18249999,False,Bittrex,Coinbase Pro
208,01-13-2021_19-52-31,ATOM/USD,25.0,6.15086545,6.105,0.18641868519494265,0.0039186851949426504,0.1825,False,Bittrex,Coinbase Pro
209,01-13-2021_19-52-43,ATOM/USD,25.0,6.15086535,6.108,0.1742248755291012,-0.008275114470898792,0.18249999,False,Bittrex,Coinbase Pro
210,01-13-2021_19-52-53,ATOM/USD,25.0,6.15086519,6.106,0.18235316745740746,-0.00014683254259253986,0.1825,False,Bittrex,Coinbase Pro
211,01-13-2021_19-53-05,ATOM/USD,25.0,6.15086496,6.109,0.17015883242541488,-0.012341167574585116,0.1825,False,Bittrex,Coinbase Pro
212,01-13-2021_19-53-14,ATOM/USD,25.0,6.15086479,6.11,0.16609367704862055,-0.01640632295137945,0.1825,False,Bittrex,Coinbase Pro
213,01-13-2021_19-53-25,ATOM/USD,25.0,6.15086467,6.113,0.15389978495494755,-0.028600215045052446,0.1825,False,Bittrex,Coinbase Pro
214,01-13-2021_19-53-36,ATOM/USD,25.0,6.15086453,6.11,0.16609262730746346,-0.01640737269253653,0.1825,False,Bittrex,Coinbase Pro
215,01-13-2021_19-53-47,ATOM/USD,25.0,6.15086436,6.111,0.162027471534099,-0.03047252846590101,0.1925,False,Bittrex,Coinbase Pro
216,01-13-2021_19-53-58,ATOM/USD,25.0,6.15086435,6.111,0.16202743115282736,-0.03047255884717265,0.19249999,False,Bittrex,Coinbase Pro
217,01-13-2021_19-54-09,ATOM/USD,25.0,6.1508642,6.104,0.19047811200253745,0.007978112002537452,0.1825,False,Bittrex,Coinbase Pro
218,01-13-2021_19-54-20,ATOM/USD,25.0,6.15086406,6.107,0.17828413850524832,-0.0042158614947516715,0.1825,False,Bittrex,Coinbase Pro
219,01-13-2021_19-54-31,ATOM/USD,25.0,6.15086397,6.108,0.17421930564983693,-0.00828069435016307,0.1825,False,Bittrex,Coinbase Pro
220,01-13-2021_19-54-42,ATOM/USD,25.0,6.15086389,6.108,0.1742189827582108,-0.008281017241789201,0.1825,False,Bittrex,Coinbase Pro
221,01-13-2021_19-54-52,ATOM/USD,25.0,6.15086375,6.107,0.17828288750502672,-0.00421711249497328,0.1825,False,Bittrex,Coinbase Pro
222,01-13-2021_19-55-03,ATOM/USD,25.0,6.1508635,6.112,0.1579595287718534,-0.024540471228146593,0.1825,False,Bittrex,Coinbase Pro
223,01-13-2021_19-55-13,ATOM/USD,25.0,6.15086334,6.112,0.15795888256558063,-0.024541107434419368,0.18249999,False,Bittrex,Coinbase Pro
224,01-13-2021_19-55-24,ATOM/USD,25.0,6.15086319,6.109,0.17015168727887092,-0.012348312721129073,0.1825,False,Bittrex,Coinbase Pro
225,01-13-2021_19-55-33,ATOM/USD,25.0,6.15086308,6.111,0.16202230273023707,-0.030477697269762932,0.1925,False,Bittrex,Coinbase Pro
226,01-13-2021_19-55-44,ATOM/USD,25.0,6.15086286,6.11,0.16608588473715308,-0.016414115262846918,0.1825,False,Bittrex,Coinbase Pro
227,01-13-2021_19-55-55,ATOM/USD,25.0,6.15086276,6.111,0.16202101052893636,-0.03047897947106365,0.19249999,False,Bittrex,Coinbase Pro
228,01-13-2021_19-56-06,ATOM/USD,25.0,6.15086244,6.111,0.1620197183275012,-0.03048027167249881,0.19249999,False,Bittrex,Coinbase Pro
229,01-13-2021_19-56-16,ATOM/USD,25.0,6.15086211,6.111,0.16201838574463062,-0.030481614255369383,0.1925,False,Bittrex,Coinbase Pro
230,01-13-2021_19-56-26,ATOM/USD,25.0,6.15086201,6.101,0.20266269150134944,0.02016270150134944,0.18249999,True,Bittrex,Coinbase Pro
231,01-13-2021_19-56-39,ATOM/USD,25.0,6.15086166,6.102,0.19859680928021403,0.006096809280214027,0.1925,False,Bittrex,Coinbase Pro
232,01-13-2021_19-56-51,ATOM/USD,25.0,6.15086156,6.102,0.19859640606185155,0.00609640606185155,0.1925,False,Bittrex,Coinbase Pro
233,01-13-2021_19-57-02,ATOM/USD,25.0,6.1508614,6.1,0.20672470363256967,0.014224703632569669,0.1925,True,Bittrex,Coinbase Pro
234,01-13-2021_19-57-13,ATOM/USD,25.0,6.15086128,6.1021,0.19818882990643508,0.07068882990643507,0.1275,True,Bittrex,Kraken
235,01-13-2021_19-57-25,ATOM/USD,25.0,6.15086115,6.105,0.18640133829065328,0.0039013382906532834,0.1825,False,Bittrex,Coinbase Pro
236,01-13-2021_19-57-37,ATOM/USD,25.0,6.15086103,6.106,0.1823363825860973,0.1158363825860973,0.0665,True,Bittrex,Binance US
237,01-13-2021_19-57-49,ATOM/USD,25.0,6.15086076,6.103,0.19452870853151874,0.01202871853151874,0.18249999,True,Bittrex,Coinbase Pro
238,01-13-2021_19-58-01,ATOM/USD,25.0,6.15086062,6.101,0.2026570876840954,0.02015708768409541,0.1825,True,Bittrex,Coinbase Pro
239,01-13-2021_19-58-12,ATOM/USD,25.0,6.15086042,6.0931,0.23476561023961648,0.10726561023961648,0.1275,True,Bittrex,Kraken
240,01-13-2021_19-58-23,ATOM/USD,25.0,6.15086042,6.095,0.22704311342509761,0.1605431134250976,0.0665,True,Bittrex,Binance US
241,01-13-2021_19-58-34,ATOM/USD,25.0,6.15086042,6.095,0.22704311342509761,0.1605431134250976,0.0665,True,Bittrex,Binance US
242,01-13-2021_19-58-46,ATOM/USD,25.0,6.15086042,6.0885,0.2534621814747671,0.12596218147476712,0.1275,True,Bittrex,Kraken
243,01-13-2021_19-58-57,ATOM/USD,25.0,6.15086042,6.0889,0.2518363926717107,0.1243363926717107,0.1275,True,Bittrex,Kraken
244,01-13-2021_19-59-13,ATOM/USD,25.0,6.14644961,6.085,0.24993945244432084,0.06743945244432084,0.1825,True,Bittrex,Coinbase Pro
245,01-13-2021_19-59-24,ATOM/USD,25.0,6.14644951,6.088,0.23773688332144122,0.05523688332144122,0.1825,True,Bittrex,Coinbase Pro
246,01-13-2021_19-59-36,ATOM/USD,25.0,6.14644951,6.085,0.24993904977184175,0.06743904977184176,0.1825,True,Bittrex,Coinbase Pro
247,01-13-2021_19-59-48,ATOM/USD,25.0,6.14644951,6.085,0.24993904977184175,0.06743904977184176,0.1825,True,Bittrex,Coinbase Pro
248,01-13-2021_20-00-01,ATOM/USD,25.0,6.14644951,6.085,0.24993904977184175,0.06743904977184176,0.1825,True,Bittrex,Coinbase Pro
249,01-13-2021_20-00-14,ATOM/USD,25.0,6.13351843,6.0888,0.182270708527078,0.05477071852707799,0.12749999,True,Bittrex,Kraken
250,01-13-2021_20-00-25,ATOM/USD,25.0,6.13351837,6.0888,0.1822704657522694,0.054770465752269404,0.1275,True,Bittrex,Kraken
251,01-13-2021_20-00-35,ATOM/USD,25.0,6.13351833,6.0943,0.1598525018184817,0.032352501818481705,0.1275,True,Bittrex,Kraken
252,01-13-2021_20-00-45,ATOM/USD,25.0,6.13351833,6.0943,0.1598525018184817,0.032352501818481705,0.1275,True,Bittrex,Kraken
253,01-13-2021_20-00-56,ATOM/USD,25.0,6.13351823,6.101,0.132543137480819,-0.049956862519180995,0.1825,False,Bittrex,Coinbase Pro
254,01-13-2021_20-01-07,ATOM/USD,25.0,6.13351823,6.101,0.132543137480819,-0.049956862519180995,0.1825,False,Bittrex,Coinbase Pro
255,01-13-2021_20-01-17,ATOM/USD,25.0,6.13351823,6.102,0.12846717339910657,-0.06403282660089343,0.1925,False,Bittrex,Coinbase Pro
256,01-13-2021_20-01-27,ATOM/USD,25.0,6.13351813,6.101,0.13254273204536735,-0.04995726795463265,0.1825,False,Bittrex,Coinbase Pro
257,01-13-2021_20-01-38,ATOM/USD,25.0,6.13351813,6.099,0.14069466034169645,-0.04180533965830355,0.1825,False,Bittrex,Coinbase Pro
258,01-13-2021_20-01-49,ATOM/USD,25.0,6.13351813,6.103,0.12439080374903826,-0.05810919625096174,0.1825,False,Bittrex,Coinbase Pro
259,01-13-2021_20-01-59,ATOM/USD,25.0,6.13351813,6.103,0.12439080374903826,-0.05810919625096174,0.1825,False,Bittrex,Coinbase Pro
260,01-13-2021_20-02-10,ATOM/USD,25.0,6.13351813,6.102,0.128466767897201,-0.06403323210279901,0.1925,False,Bittrex,Coinbase Pro
261,01-13-2021_20-02-20,ATOM/USD,25.0,6.13351813,6.101,0.13254273204536735,-0.04995726795463265,0.1825,False,Bittrex,Coinbase Pro
262,01-13-2021_20-02-31,ATOM/USD,25.0,6.13351813,6.101,0.13254273204536735,-0.04995726795463265,0.1825,False,Bittrex,Coinbase Pro
263,01-13-2021_20-02-43,ATOM/USD,25.0,6.13351803,6.099,0.14069425503914304,-0.041805744960856955,0.1825,False,Bittrex,Coinbase Pro
264,01-13-2021_20-02-53,ATOM/USD,25.0,6.13351803,6.099,0.14069425503914304,-0.041805744960856955,0.1825,False,Bittrex,Coinbase Pro
265,01-13-2021_20-03-04,ATOM/USD,25.0,6.13351793,6.101,0.13254192117442798,-0.049958078825572017,0.1825,False,Bittrex,Coinbase Pro
266,01-13-2021_20-03-16,ATOM/USD,25.0,6.13351793,6.101,0.13254192117442798,-0.049958078825572017,0.1825,False,Bittrex,Coinbase Pro
267,01-13-2021_20-03-26,ATOM/USD,25.0,6.13351793,6.101,0.13254192117442798,-0.049958078825572017,0.1825,False,Bittrex,Coinbase Pro
268,01-13-2021_20-03-36,ATOM/USD,25.0,6.13351783,6.1047,0.11746044765308641,-0.010039292346913586,0.12749974,False,Bittrex,Kraken
269,01-13-2021_20-03-47,ATOM/USD,25.0,6.13351783,6.103,0.12438958704388395,-0.05811041295611605,0.1825,False,Bittrex,Coinbase Pro
270,01-13-2021_20-03-57,ATOM/USD,25.0,6.13351783,6.103,0.12438958704388395,-0.05811041295611605,0.1825,False,Bittrex,Coinbase Pro
271,01-13-2021_20-04-07,ATOM/USD,25.0,6.13351783,6.103,0.12438958704388395,-0.05811041295611605,0.1825,False,Bittrex,Coinbase Pro
272,01-13-2021_20-04-18,ATOM/USD,25.0,6.13351779,6.098,0.1447692466870635,-0.03773075331293649,0.1825,False,Bittrex,Coinbase Pro
273,01-13-2021_20-04-29,ATOM/USD,25.0,6.13351773,6.101,0.13254111030343577,-0.04995888969656423,0.1825,False,Bittrex,Coinbase Pro
274,01-13-2021_20-04-40,ATOM/USD,25.0,6.13351761,6.1047,0.11745955515402823,-0.010040184845971772,0.12749974,False,Bittrex,Kraken
275,01-13-2021_20-04-50,ATOM/USD,25.0,6.13351761,6.1047,0.11745955515402823,-0.010040184845971772,0.12749974,False,Bittrex,Kraken
276,01-13-2021_20-05-01,ATOM/USD,25.0,6.13351761,6.1047,0.11745955515402823,-0.010040184845971772,0.12749974,False,Bittrex,Kraken
277,01-13-2021_20-05-11,ATOM/USD,25.0,6.13351761,6.1047,0.11745955515402823,-0.010040184845971772,0.12749974,False,Bittrex,Kraken
278,01-13-2021_20-05-22,ATOM/USD,25.0,6.13351761,6.1047,0.11745955515402823,-0.010040184845971772,0.12749974,False,Bittrex,Kraken
279,01-13-2021_20-05-31,ATOM/USD,25.0,6.13351761,6.1047,0.11745955515402823,-0.010040184845971772,0.12749974,False,Bittrex,Kraken
280,01-13-2021_20-05-42,ATOM/USD,25.0,6.13351761,6.1047,0.11745955515402823,-0.010040184845971772,0.12749974,False,Bittrex,Kraken
281,01-13-2021_20-05-52,ATOM/USD,25.0,6.13351761,6.1047,0.11745955515402823,-0.010040184845971772,0.12749974,False,Bittrex,Kraken
282,01-13-2021_20-06-03,ATOM/USD,25.0,6.13351761,6.1081,0.10360127587536129,-0.02389846412463871,0.12749974,False,Bittrex,Kraken
283,01-13-2021_20-06-14,ATOM/USD,25.0,6.13351761,6.1081,0.10360127587536129,-0.02389846412463871,0.12749974,False,Bittrex,Kraken
284,01-13-2021_20-06-25,ATOM/USD,25.0,6.13351761,6.1081,0.10360127587536129,-0.02389846412463871,0.12749974,False,Bittrex,Kraken
285,01-13-2021_20-06-36,ATOM/USD,25.0,6.13351761,6.1081,0.10360127587536129,-0.02389846412463871,0.12749974,False,Bittrex,Kraken
286,01-13-2021_20-06-45,ATOM/USD,25.0,6.13351761,6.1081,0.10360127587536129,-0.02389846412463871,0.12749974,False,Bittrex,Kraken
287,01-13-2021_20-06-56,ATOM/USD,25.0,6.115,6.10748508,0.03072330335241293,-0.05677669664758707,0.0875,False,Binance US,Bittrex
288,01-13-2021_20-07-06,ATOM/USD,25.0,6.114,6.10748508,0.026639352306181995,-0.060860647693818,0.0875,False,Binance US,Bittrex
289,01-13-2021_20-07-16,ATOM/USD,25.0,6.13351761,6.1081,0.10360127587536129,-0.02389846412463871,0.12749974,False,Bittrex,Kraken
290,01-13-2021_20-07-27,ATOM/USD,25.0,6.13351761,6.1081,0.10360127587536129,-0.02389846412463871,0.12749974,False,Bittrex,Kraken
291,01-13-2021_20-07-37,ATOM/USD,25.0,6.13351761,6.1081,0.10360127587536129,-0.02389846412463871,0.12749974,False,Bittrex,Kraken
292,01-13-2021_20-07-49,ATOM/USD,25.0,6.13351761,6.1081,0.10360127587536129,-0.02389846412463871,0.12749974,False,Bittrex,Kraken
293,01-13-2021_20-08-00,ATOM/USD,25.0,6.13351761,6.1081,0.10360127587536129,-0.02389846412463871,0.12749974,False,Bittrex,Kraken
294,01-13-2021_20-08-10,ATOM/USD,25.0,6.13351761,6.1081,0.10360127587536129,-0.02389846412463871,0.12749974,False,Bittrex,Kraken
295,01-13-2021_20-08-19,ATOM/USD,25.0,6.13351761,6.1081,0.10360127587536129,-0.02389846412463871,0.12749974,False,Bittrex,Kraken
296,01-13-2021_20-08-30,ATOM/USD,25.0,6.13351761,6.1081,0.10360127587536129,-0.02389846412463871,0.12749974,False,Bittrex,Kraken
297,01-13-2021_20-08-42,ATOM/USD,25.0,6.13351761,6.1081,0.10360127587536129,-0.02389846412463871,0.12749974,False,Bittrex,Kraken
298,01-13-2021_20-08-53,ATOM/USD,25.0,6.13351761,6.1081,0.10360127587536129,-0.02389846412463871,0.12749974,False,Bittrex,Kraken
299,01-13-2021_20-09-04,ATOM/USD,25.0,6.13351761,6.1081,0.10360127587536129,-0.02389846412463871,0.12749974,False,Bittrex,Kraken
300,01-13-2021_20-09-15,ATOM/USD,25.0,6.13351761,6.1081,0.10360127587536129,-0.02389846412463871,0.12749974,False,Bittrex,Kraken
301,01-13-2021_20-09-26,ATOM/USD,25.0,6.13351761,6.1081,0.10360127587536129,-0.02389846412463871,0.12749974,False,Bittrex,Kraken
302,01-13-2021_20-09-35,ATOM/USD,25.0,6.13351761,6.1081,0.10360127587536129,-0.02389846412463871,0.12749974,False,Bittrex,Kraken
303,01-13-2021_20-09-45,ATOM/USD,25.0,6.13351761,6.1081,0.10360127587536129,-0.02389846412463871,0.12749974,False,Bittrex,Kraken
304,01-13-2021_20-09-55,ATOM/USD,25.0,6.13351761,6.1081,0.10360127587536129,-0.02389846412463871,0.12749974,False,Bittrex,Kraken
305,01-13-2021_20-10-06,ATOM/USD,25.0,6.13351761,6.1081,0.10360127587536129,-0.02389846412463871,0.12749974,False,Bittrex,Kraken
306,01-13-2021_20-10-16,ATOM/USD,25.0,6.13351761,6.1081,0.10360127587536129,-0.02389846412463871,0.12749974,False,Bittrex,Kraken
307,01-13-2021_20-10-26,ATOM/USD,25.0,6.13351761,6.1081,0.10360127587536129,-0.02389846412463871,0.12749974,False,Bittrex,Kraken
308,01-13-2021_20-10-37,ATOM/USD,25.0,6.13351761,6.1081,0.10360127587536129,-0.02389846412463871,0.12749974,False,Bittrex,Kraken
309,01-13-2021_20-10-47,ATOM/USD,25.0,6.13351761,6.1081,0.10360127587536129,-0.02389846412463871,0.12749974,False,Bittrex,Kraken
310,01-13-2021_20-10-58,ATOM/USD,25.0,6.13351761,6.1081,0.10360127587536129,-0.02389846412463871,0.12749974,False,Bittrex,Kraken
311,01-13-2021_20-11-09,ATOM/USD,25.0,6.13351761,6.1081,0.10360127587536129,-0.02389846412463871,0.12749974,False,Bittrex,Kraken
312,01-13-2021_20-11-19,ATOM/USD,25.0,6.13351761,6.1081,0.10360127587536129,-0.02389846412463871,0.12749974,False,Bittrex,Kraken
313,01-13-2021_20-11-31,ATOM/USD,25.0,6.13351761,6.113,0.0836290498561059,-0.09887095014389409,0.1825,False,Bittrex,Coinbase Pro
314,01-13-2021_20-11-43,ATOM/USD,25.0,6.13351761,6.112,0.08770501434983274,-0.09479498565016725,0.1825,False,Bittrex,Coinbase Pro
315,01-13-2021_20-11-55,ATOM/USD,25.0,6.13351761,6.114,0.07955308536238268,-0.10294691463761732,0.1825,False,Bittrex,Coinbase Pro
316,01-13-2021_20-12-08,ATOM/USD,25.0,6.13351761,6.113,0.0836290498561059,-0.09887095014389409,0.1825,False,Bittrex,Coinbase Pro
317,01-13-2021_20-12-19,ATOM/USD,25.0,6.13351761,6.113,0.0836290498561059,-0.09887095014389409,0.1825,False,Bittrex,Coinbase Pro
318,01-13-2021_20-12-30,ATOM/USD,25.0,6.13351761,6.112,0.08770501434983274,-0.09479498565016725,0.1825,False,Bittrex,Coinbase Pro
319,01-13-2021_20-12-42,ATOM/USD,25.0,6.13351761,6.114,0.07955308536238268,-0.10294691463761732,0.1825,False,Bittrex,Coinbase Pro
320,01-13-2021_20-12-53,ATOM/USD,25.0,6.13351761,6.114,0.07955308536238268,-0.10294691463761732,0.1825,False,Bittrex,Coinbase Pro
321,01-13-2021_20-13-04,ATOM/USD,25.0,6.13351761,6.115,0.07547712086865584,-0.10702287913134416,0.1825,False,Bittrex,Coinbase Pro
322,01-13-2021_20-13-14,ATOM/USD,25.0,6.13351761,6.1152,0.07466192796991264,-0.05283807203008736,0.1275,False,Bittrex,Kraken
323,01-13-2021_20-13-26,ATOM/USD,25.0,6.13351761,6.1152,0.07466192796991264,-0.05283807203008736,0.1275,False,Bittrex,Kraken
324,01-13-2021_20-13-37,ATOM/USD,25.0,6.13351761,6.1152,0.07466192796991264,-0.05283807203008736,0.1275,False,Bittrex,Kraken
325,01-13-2021_20-13-47,ATOM/USD,25.0,6.13351761,6.1152,0.07466192796991264,-0.05283807203008736,0.1275,False,Bittrex,Kraken
326,01-13-2021_20-13-58,ATOM/USD,25.0,6.13351761,6.1152,0.07466192796991264,-0.05283807203008736,0.1275,False,Bittrex,Kraken
327,01-13-2021_20-14-10,ATOM/USD,25.0,6.13351761,6.1152,0.07466192796991264,-0.05283807203008736,0.1275,False,Bittrex,Kraken
328,01-13-2021_20-14-21,ATOM/USD,25.0,6.13351761,6.1152,0.07466192796991264,-0.05283807203008736,0.1275,False,Bittrex,Kraken
329,01-13-2021_20-14-31,ATOM/USD,25.0,6.13351761,6.1152,0.07466192796991264,-0.05283807203008736,0.1275,False,Bittrex,Kraken
330,01-13-2021_20-14-41,ATOM/USD,25.0,6.13351761,6.1152,0.07466192796991264,-0.05283807203008736,0.1275,False,Bittrex,Kraken
331,01-13-2021_20-14-52,ATOM/USD,25.0,6.13351761,6.1152,0.07466192796991264,-0.05283807203008736,0.1275,False,Bittrex,Kraken
332,01-13-2021_20-15-02,ATOM/USD,25.0,6.13351761,6.1152,0.07466192796991264,-0.05283807203008736,0.1275,False,Bittrex,Kraken
333,01-13-2021_20-15-12,ATOM/USD,25.0,6.13351761,6.1152,0.07466192796991264,-0.05283807203008736,0.1275,False,Bittrex,Kraken
334,01-13-2021_20-15-22,ATOM/USD,25.0,6.13351761,6.1152,0.07466192796991264,-0.05283807203008736,0.1275,False,Bittrex,Kraken
335,01-13-2021_20-15-32,ATOM/USD,25.0,6.13351761,6.1152,0.07466192796991264,-0.05283807203008736,0.1275,False,Bittrex,Kraken
336,01-13-2021_20-15-43,ATOM/USD,25.0,6.13351761,6.1152,0.07466192796991264,-0.05283807203008736,0.1275,False,Bittrex,Kraken
337,01-13-2021_20-15-54,ATOM/USD,25.0,6.13351761,6.1152,0.07466192796991264,-0.05283807203008736,0.1275,False,Bittrex,Kraken
338,01-13-2021_20-16-05,ATOM/USD,25.0,6.13351761,6.1152,0.07466192796991264,-0.05283807203008736,0.1275,False,Bittrex,Kraken
339,01-13-2021_20-16-15,ATOM/USD,25.0,6.13351761,6.1152,0.07466192796991264,-0.05283807203008736,0.1275,False,Bittrex,Kraken
340,01-13-2021_20-16-26,ATOM/USD,25.0,6.13351761,6.1152,0.07466192796991264,-0.05283807203008736,0.1275,False,Bittrex,Kraken
341,01-13-2021_20-16-37,ATOM/USD,25.0,6.13351761,6.1152,0.07466192796991264,-0.05283807203008736,0.1275,False,Bittrex,Kraken
342,01-13-2021_20-16-48,ATOM/USD,25.0,6.13351761,6.1152,0.07466192796991264,-0.05283807203008736,0.1275,False,Bittrex,Kraken
343,01-13-2021_20-16-58,ATOM/USD,25.0,6.13351761,6.1152,0.07466192796991264,-0.05283807203008736,0.1275,False,Bittrex,Kraken
344,01-13-2021_20-17-09,ATOM/USD,25.0,6.13351761,6.114,0.07955308536238268,-0.10294691463761732,0.1825,False,Bittrex,Coinbase Pro
345,01-13-2021_20-17-17,ATOM/USD,25.0,6.13351761,6.1156,0.07303154217242262,-0.05446845782757738,0.1275,False,Bittrex,Kraken
346,01-13-2021_20-17-26,ATOM/USD,25.0,6.13351761,6.1156,0.07303154217242262,-0.05446845782757738,0.1275,False,Bittrex,Kraken
347,01-13-2021_20-17-36,ATOM/USD,25.0,6.13351761,6.1156,0.07303154217242262,-0.05446845782757738,0.1275,False,Bittrex,Kraken
348,01-13-2021_20-17-47,ATOM/USD,25.0,6.13351761,6.1156,0.07303154217242262,-0.05446845782757738,0.1275,False,Bittrex,Kraken
349,01-13-2021_20-17-56,ATOM/USD,25.0,6.13351761,6.1156,0.07303154217242262,-0.05446845782757738,0.1275,False,Bittrex,Kraken
350,01-13-2021_20-18-08,ATOM/USD,25.0,6.13351761,6.118,0.06324922738747892,-0.06425077261252109,0.1275,False,Bittrex,Kraken
351,01-13-2021_20-18-19,ATOM/USD,25.0,6.13351761,6.118,0.06324922738747892,-0.06425077261252109,0.1275,False,Bittrex,Kraken
352,01-13-2021_20-18-29,ATOM/USD,25.0,6.13351761,6.118,0.06324922738747892,-0.06425077261252109,0.1275,False,Bittrex,Kraken
353,01-13-2021_20-18-39,ATOM/USD,25.0,6.13351761,6.118,0.06324922738747892,-0.06425077261252109,0.1275,False,Bittrex,Kraken
354,01-13-2021_20-18-49,ATOM/USD,25.0,6.13351761,6.118,0.06324922738747892,-0.06425077261252109,0.1275,False,Bittrex,Kraken
355,01-13-2021_20-18-59,ATOM/USD,25.0,6.13351761,6.114,0.07955308536238268,-0.10294691463761732,0.1825,False,Bittrex,Coinbase Pro
356,01-13-2021_20-19-10,ATOM/USD,25.0,6.13351761,6.118,0.06324922738747892,-0.06425077261252109,0.1275,False,Bittrex,Kraken
357,01-13-2021_20-19-20,ATOM/USD,25.0,6.13351761,6.118,0.06324922738747892,-0.06425077261252109,0.1275,False,Bittrex,Kraken
358,01-13-2021_20-19-31,ATOM/USD,25.0,6.13351761,6.118,0.06324922738747892,-0.06425077261252109,0.1275,False,Bittrex,Kraken
359,01-13-2021_20-19-42,ATOM/USD,25.0,6.13351761,6.118,0.06324922738747892,-0.06425077261252109,0.1275,False,Bittrex,Kraken
360,01-13-2021_20-19-54,ATOM/USD,25.0,6.13351761,6.118,0.06324922738747892,-0.06425077261252109,0.1275,False,Bittrex,Kraken
361,01-13-2021_20-20-06,ATOM/USD,25.0,6.13351761,6.118,0.06324922738747892,-0.06425077261252109,0.1275,False,Bittrex,Kraken
362,01-13-2021_20-20-17,ATOM/USD,25.0,6.13351761,6.117,0.06732519188120575,-0.11517480811879424,0.1825,False,Bittrex,Coinbase Pro
363,01-13-2021_20-20-27,ATOM/USD,25.0,6.13351761,6.118,0.06324922738747892,-0.11925077261252108,0.1825,False,Bittrex,Coinbase Pro
364,01-13-2021_20-20-39,ATOM/USD,25.0,6.13351761,6.118,0.06324922738747892,-0.11925077261252108,0.1825,False,Bittrex,Coinbase Pro
365,01-13-2021_20-20-49,ATOM/USD,25.0,6.13351761,6.118,0.06324922738747892,-0.11925077261252108,0.1825,False,Bittrex,Coinbase Pro
366,01-13-2021_20-20-59,ATOM/USD,25.0,6.13351761,6.118,0.06324922738747892,-0.11925077261252108,0.1825,False,Bittrex,Coinbase Pro
367,01-13-2021_20-21-10,ATOM/USD,25.0,6.13351761,6.118,0.06324922738747892,-0.06425077261252109,0.1275,False,Bittrex,Kraken
368,01-13-2021_20-21-20,ATOM/USD,25.0,6.13351761,6.118,0.06324922738747892,-0.06425077261252109,0.1275,False,Bittrex,Kraken
369,01-13-2021_20-21-32,ATOM/USD,25.0,6.13351761,6.118,0.06324922738747892,-0.06425077261252109,0.1275,False,Bittrex,Kraken
370,01-13-2021_20-21-43,ATOM/USD,25.0,6.13351761,6.121,0.051021333906301994,-0.14147866609369802,0.1925,False,Bittrex,Coinbase Pro
371,01-13-2021_20-21-52,ATOM/USD,25.0,6.13351761,6.118,0.06324922738747892,-0.11925077261252108,0.1825,False,Bittrex,Coinbase Pro
372,01-13-2021_20-22-02,ATOM/USD,25.0,6.13351761,6.119,0.059173262893755685,-0.13332673710624432,0.1925,False,Bittrex,Coinbase Pro
373,01-13-2021_20-22-11,ATOM/USD,25.0,6.13351761,6.121,0.051021333906301994,-0.14147866609369802,0.1925,False,Bittrex,Coinbase Pro
374,01-13-2021_20-22-21,ATOM/USD,25.0,6.13351761,6.121,0.051021333906301994,-0.14147866609369802,0.1925,False,Bittrex,Coinbase Pro
375,01-13-2021_20-22-31,ATOM/USD,25.0,6.13351761,6.121,0.051021333906301994,-0.14147866609369802,0.1925,False,Bittrex,Coinbase Pro
376,01-13-2021_20-22-41,ATOM/USD,25.0,6.13351761,6.115,0.07547712086865584,-0.10702287913134416,0.1825,False,Bittrex,Coinbase Pro
377,01-13-2021_20-22-51,ATOM/USD,25.0,6.13351761,6.12,0.05509729840002884,-0.12740270159997116,0.1825,False,Bittrex,Coinbase Pro
378,01-13-2021_20-23-02,ATOM/USD,25.0,6.13351761,6.119,0.059173262893755685,-0.13332673710624432,0.1925,False,Bittrex,Coinbase Pro
379,01-13-2021_20-23-12,ATOM/USD,25.0,6.13351761,6.115,0.07547712086865584,-0.10702287913134416,0.1825,False,Bittrex,Coinbase Pro
380,01-13-2021_20-23-22,ATOM/USD,25.0,6.13351761,6.115,0.07547712086865584,-0.10702287913134416,0.1825,False,Bittrex,Coinbase Pro
381,01-13-2021_20-23-32,ATOM/USD,25.0,6.13351748,6.112,0.08770448633334611,-0.09479551366665388,0.1825,False,Bittrex,Coinbase Pro
382,01-13-2021_20-23-43,ATOM/USD,25.0,6.13351747,6.115,0.07547655195640914,-0.10702344804359086,0.1825,False,Bittrex,Coinbase Pro
383,01-13-2021_20-23-52,ATOM/USD,25.0,6.13351747,6.114,0.07955251654317151,-0.10294748345682848,0.1825,False,Bittrex,Coinbase Pro
384,01-13-2021_20-24-04,ATOM/USD,25.0,6.13351738,6.112,0.08770408016680185,-0.09479591983319814,0.1825,False,Bittrex,Coinbase Pro
385,01-13-2021_20-24-14,ATOM/USD,25.0,6.13351732,6.107,0.10808365989908036,-0.07441634010091963,0.1825,False,Bittrex,Coinbase Pro
386,01-13-2021_20-24-24,ATOM/USD,25.0,6.13351725,6.098,0.14476705841171245,-0.03773294158828755,0.1825,False,Bittrex,Coinbase Pro
387,01-13-2021_20-24-34,ATOM/USD,25.0,6.13351719,6.096,0.15291874481564785,-0.029581255184352145,0.1825,False,Bittrex,Coinbase Pro
388,01-13-2021_20-24-45,ATOM/USD,25.0,6.13351703,6.1,0.13661423713370086,-0.05588576286629915,0.1925,False,Bittrex,Coinbase Pro
389,01-13-2021_20-24-56,ATOM/USD,25.0,6.13351702,6.103,0.1243863019393743,-0.05811369806062569,0.1825,False,Bittrex,Coinbase Pro
390,01-13-2021_20-25-07,ATOM/USD,25.0,6.13351702,6.1,0.1366141965967862,-0.05588580340321381,0.1925,False,Bittrex,Coinbase Pro
391,01-13-2021_20-25-18,ATOM/USD,25.0,6.13351702,6.098,0.1447661263683929,-0.0377338736316071,0.1825,False,Bittrex,Coinbase Pro
392,01-13-2021_20-25-28,ATOM/USD,25.0,6.13351702,6.098,0.1447661263683929,-0.0377338736316071,0.1825,False,Bittrex,Coinbase Pro
393,01-13-2021_20-25-39,ATOM/USD,25.0,6.13351702,6.091,0.1732978805690182,-0.009202119430981787,0.1825,False,Bittrex,Coinbase Pro
394,01-13-2021_20-25-50,ATOM/USD,25.0,6.13351702,6.087,0.18960174011223527,0.007101740112235272,0.1825,False,Bittrex,Coinbase Pro
395,01-13-2021_20-26-02,ATOM/USD,25.0,6.13351702,6.082,0.20998156454125386,0.017481564541253852,0.1925,True,Bittrex,Coinbase Pro
396,01-13-2021_20-26-14,ATOM/USD,25.0,6.13351702,6.084,0.20182963476964713,0.019329634769647136,0.1825,True,Bittrex,Coinbase Pro
397,01-13-2021_20-26-26,ATOM/USD,25.0,6.13351686,6.083,0.20590495287233998,0.023404952872339985,0.1825,True,Bittrex,Coinbase Pro
398,01-13-2021_20-26-39,ATOM/USD,25.0,6.13351683,6.083,0.2059048316005004,0.023404831600500414,0.1825,True,Bittrex,Coinbase Pro
399,01-13-2021_20-26-51,ATOM/USD,25.0,6.13351683,6.074,0.24258851670909878,0.06008851670909879,0.1825,True,Bittrex,Coinbase Pro
400,01-13-2021_20-27-04,ATOM/USD,25.0,6.13299986,6.078,0.22419640166109375,0.03169641166109374,0.19249999,True,Bittrex,Coinbase Pro
401,01-13-2021_20-27-18,ATOM/USD,25.0,6.1329995,6.093,0.16305031493969796,-0.01944967506030204,0.18249999,False,Bittrex,Coinbase Pro
402,01-13-2021_20-27-30,ATOM/USD,25.0,6.1329994,6.095,0.1548972921797463,-0.027602707820253702,0.1825,False,Bittrex,Coinbase Pro
403,01-13-2021_20-27-40,ATOM/USD,25.0,6.1329994,6.093,0.16304990996738125,-0.019450090032618744,0.1825,False,Bittrex,Coinbase Pro
404,01-13-2021_20-27-52,ATOM/USD,25.0,6.1329994,6.095,0.1548972921797463,-0.027602707820253702,0.1825,False,Bittrex,Coinbase Pro
405,01-13-2021_20-28-03,ATOM/USD,25.0,6.1329994,6.091,0.1712025277550162,-0.011297472244983786,0.1825,False,Bittrex,Coinbase Pro
406,01-13-2021_20-28-16,ATOM/USD,25.0,6.13299924,6.086,0.19158342501278333,0.009083425012783336,0.1825,True,Bittrex,Coinbase Pro
407,01-13-2021_20-28-29,ATOM/USD,25.0,6.13199999,6.0826,0.20140243835844943,0.07390244835844942,0.12749999,True,Bittrex,Kraken
408,01-13-2021_20-28-41,ATOM/USD,25.0,6.13199999,6.082,0.20384862231547346,0.01134863231547345,0.19249999,True,Bittrex,Coinbase Pro
409,01-13-2021_20-28-53,ATOM/USD,25.0,6.13199989,6.075,0.2323870312398202,0.04988703123982022,0.1825,True,Bittrex,Coinbase Pro
410,01-13-2021_20-29-08,ATOM/USD,25.0,6.12942448,6.072,0.23421644310723236,0.041716443107232354,0.1925,True,Bittrex,Coinbase Pro
411,01-13-2021_20-29-21,ATOM/USD,25.0,6.12899994,6.069,0.2447378878584227,0.062237887858422714,0.1825,True,Bittrex,Coinbase Pro
412,01-13-2021_20-29-33,ATOM/USD,25.0,6.12899977,6.061,0.27736895313996773,0.09486895313996774,0.1825,True,Bittrex,Coinbase Pro
413,01-13-2021_20-29-45,ATOM/USD,25.0,6.11995499,6.061,0.2408309787258752,0.0583309787258752,0.1825,True,Bittrex,Coinbase Pro
414,01-13-2021_20-29-59,ATOM/USD,25.0,6.11899999,6.064,0.22470987943243884,0.03220987943243883,0.1925,True,Bittrex,Coinbase Pro
415,01-13-2021_20-30-12,ATOM/USD,25.0,6.11899992,6.066,0.21653832608646453,0.03403833608646453,0.18249999,True,Bittrex,Coinbase Pro
416,01-13-2021_20-30-24,ATOM/USD,25.0,6.11899985,6.067,0.212452407561342,0.029952407561342015,0.1825,True,Bittrex,Coinbase Pro
417,01-13-2021_20-30-36,ATOM/USD,25.0,6.11899977,6.071,0.1961095432432111,0.013609543243211092,0.1825,True,Bittrex,Coinbase Pro
418,01-13-2021_20-30-48,ATOM/USD,25.0,6.1189997,6.071,0.19610925949220137,0.013609259492201375,0.1825,True,Bittrex,Coinbase Pro
419,01-13-2021_20-31-00,ATOM/USD,25.0,6.1189997,6.071,0.19610925949220137,0.013609259492201375,0.1825,True,Bittrex,Coinbase Pro
420,01-13-2021_20-31-12,ATOM/USD,25.0,6.1189997,6.066,0.216537435032069,0.03403743503206899,0.1825,True,Bittrex,Coinbase Pro
421,01-13-2021_20-31-25,ATOM/USD,25.0,6.11799993,6.074,0.17979703540140454,-0.002702964598595453,0.1825,False,Bittrex,Coinbase Pro
422,01-13-2021_20-31-36,ATOM/USD,25.0,6.11699988,6.062,0.22478290452410293,0.03228290452410293,0.1925,True,Bittrex,Coinbase Pro
423,01-13-2021_20-31-49,ATOM/USD,25.0,6.11699981,6.07,0.19208685409457277,0.009586854094572772,0.1825,True,Bittrex,Coinbase Pro
424,01-13-2021_20-32-01,ATOM/USD,25.0,6.11699965,6.069,0.19617317617469696,0.013673186174696955,0.18249999,True,Bittrex,Coinbase Pro
425,01-13-2021_20-32-15,ATOM/USD,25.0,6.11673132,6.055,0.2523051805388139,0.059805180538813896,0.1925,True,Bittrex,Coinbase Pro
426,01-13-2021_20-32-27,ATOM/USD,25.0,6.11673127,6.05,0.2727407297067671,0.0802407297067671,0.1925,True,Bittrex,Coinbase Pro
427,01-13-2021_20-32-39,ATOM/USD,25.0,6.1023255,6.041,0.25123823696392344,0.06873823696392345,0.1825,True,Bittrex,Coinbase Pro
428,01-13-2021_20-32-52,ATOM/USD,25.0,6.09618024,6.032,0.26319858285554804,0.08069858285554804,0.1825,True,Bittrex,Coinbase Pro
429,01-13-2021_20-33-03,ATOM/USD,25.0,6.09618022,6.03,0.27140035896117126,0.07890035896117126,0.1925,True,Bittrex,Coinbase Pro
430,01-13-2021_20-33-17,ATOM/USD,25.0,6.09599996,6.037,0.24196177980290046,0.05946177980290046,0.1825,True,Bittrex,Coinbase Pro
431,01-13-2021_20-33-30,ATOM/USD,25.0,6.09599979,6.041,0.22555688933184503,0.04305688933184504,0.1825,True,Bittrex,Coinbase Pro
432,01-13-2021_20-33-43,ATOM/USD,25.0,6.0959997,6.04,0.22965757363800432,0.04715758363800432,0.18249999,True,Bittrex,Coinbase Pro
433,01-13-2021_20-33-55,ATOM/USD,25.0,6.09599954,6.037,0.24196007403242148,0.059460074032421484,0.1825,True,Bittrex,Coinbase Pro
434,01-13-2021_20-34-08,ATOM/USD,25.0,6.09599948,6.0357,0.24729119563507332,0.11979119563507332,0.1275,True,Bittrex,Kraken
435,01-13-2021_20-34-20,ATOM/USD,25.0,6.09599948,6.041,0.2255556294765273,0.0430556294765273,0.1825,True,Bittrex,Coinbase Pro
436,01-13-2021_20-34-32,ATOM/USD,25.0,6.09599948,6.039,0.2337577299137171,0.051257729913717104,0.1825,True,Bittrex,Coinbase Pro
437,01-13-2021_20-34-44,ATOM/USD,25.0,6.09599935,6.039,0.2337572017621684,0.051257201762168414,0.1825,True,Bittrex,Coinbase Pro
438,01-13-2021_20-34-56,ATOM/USD,25.0,6.09599919,6.053,0.17634184593780985,-0.006158154062190141,0.1825,False,Bittrex,Coinbase Pro
439,01-13-2021_20-35-10,ATOM/USD,25.0,6.09599884,6.0542,0.17141915991572035,0.043919159915720346,0.1275,True,Bittrex,Kraken
440,01-13-2021_20-35-21,ATOM/USD,25.0,6.09599873,6.0559,0.16444692566397373,0.03694692566397373,0.1275,True,Bittrex,Kraken
441,01-13-2021_20-35-34,ATOM/USD,25.0,6.09599853,6.034,0.25425912463269706,0.07175912463269707,0.1825,True,Bittrex,Coinbase Pro
442,01-13-2021_20-35-45,ATOM/USD,25.0,6.09599823,6.035,0.25015685577060953,0.06765686577060953,0.18249999,True,Bittrex,Coinbase Pro
443,01-13-2021_20-35-57,ATOM/USD,25.0,6.09599823,6.0407,0.2267808647313206,0.0992808747313206,0.12749999,True,Bittrex,Kraken
444,01-13-2021_20-36-09,ATOM/USD,25.0,6.09599792,6.0464,0.2034036127098944,0.0759036127098944,0.1275,True,Bittrex,Kraken
445,01-13-2021_20-36-21,ATOM/USD,25.0,6.09599792,6.041,0.22554928955750006,0.043049289557500064,0.1825,True,Bittrex,Coinbase Pro
446,01-13-2021_20-36-33,ATOM/USD,25.0,6.09599776,6.0437,0.2144758005947827,0.08697580059478269,0.1275,True,Bittrex,Kraken
447,01-13-2021_20-36-45,ATOM/USD,25.0,6.09599762,6.043,0.21734596740213372,0.03484596740213372,0.1825,True,Bittrex,Coinbase Pro
448,01-13-2021_20-36-56,ATOM/USD,25.0,6.09599752,6.0493,0.19150893617817769,0.06400893617817768,0.1275,True,Bittrex,Kraken
449,01-13-2021_20-37-08,ATOM/USD,25.0,6.09599752,6.044,0.21324450932519598,0.030744509325195984,0.1825,True,Bittrex,Coinbase Pro
450,01-13-2021_20-37-20,ATOM/USD,25.0,6.09599742,6.036,0.24605251555372293,0.053552515553722924,0.1925,True,Bittrex,Coinbase Pro
451,01-13-2021_20-37-32,ATOM/USD,25.0,6.09599742,6.036,0.24605251555372293,0.053552515553722924,0.1925,True,Bittrex,Coinbase Pro
452,01-13-2021_20-37-44,ATOM/USD,25.0,6.09599731,6.0366,0.24359143787089205,0.11609143787089204,0.1275,True,Bittrex,Kraken
453,01-13-2021_20-37-54,ATOM/USD,25.0,6.09599731,6.035,0.25015312055641076,0.06765312055641076,0.1825,True,Bittrex,Coinbase Pro
454,01-13-2021_20-38-07,ATOM/USD,25.0,6.08117263,6.038,0.17748480690639404,-0.0050151930936059574,0.1825,False,Bittrex,Coinbase Pro
455,01-13-2021_20-38-18,ATOM/USD,25.0,6.08117239,6.0383,0.17625051244436238,0.048750512444362376,0.1275,True,Bittrex,Kraken
456,01-13-2021_20-38-29,ATOM/USD,25.0,6.08117238,6.044,0.15281749010377643,-0.029682509896223563,0.1825,False,Bittrex,Coinbase Pro
457,01-13-2021_20-38-41,ATOM/USD,25.0,6.08117238,6.0386,0.1750171568068598,0.047517156806859806,0.1275,True,Bittrex,Kraken
458,01-13-2021_20-38-54,ATOM/USD,25.0,6.08117238,6.0419,0.16145069382164057,0.03395095382164057,0.12749974,True,Bittrex,Kraken
459,01-13-2021_20-39-06,ATOM/USD,25.0,6.08117238,6.042,0.1610395888826955,-0.021460411117304484,0.1825,False,Bittrex,Coinbase Pro
460,01-13-2021_20-39-17,ATOM/USD,25.0,6.08117238,6.048,0.1363732925459346,0.0698732925459346,0.0665,True,Bittrex,Binance US
461,01-13-2021_20-39-29,ATOM/USD,25.0,6.08117224,6.048,0.13637272013857582,0.06987273013857583,0.06649999,True,Bittrex,Binance US
462,01-13-2021_20-39-40,ATOM/USD,25.0,6.08117207,6.042,0.16103832266663778,-0.02146167733336221,0.1825,False,Bittrex,Coinbase Pro
463,01-13-2021_20-39-52,ATOM/USD,25.0,6.081172,6.043,0.15692698710051053,-0.02557301289948946,0.1825,False,Bittrex,Coinbase Pro
464,01-13-2021_20-40-02,ATOM/USD,25.0,6.08117192,6.043,0.15692666028096736,-0.02557333971903264,0.1825,False,Bittrex,Coinbase Pro
465,01-13-2021_20-40-12,ATOM/USD,25.0,6.08117176,6.043,0.15692600664185152,-0.025573993358148472,0.1825,False,Bittrex,Coinbase Pro
466,01-13-2021_20-40-24,ATOM/USD,25.0,6.080166,6.043,0.1528165513902089,-0.029683448609791108,0.1825,False,Bittrex,Coinbase Pro
467,01-13-2021_20-40-37,ATOM/USD,25.0,6.08016599,6.0537,0.10882100111875465,-0.018678988881245362,0.12749999,False,Bittrex,Kraken
468,01-13-2021_20-40-48,ATOM/USD,25.0,6.08016589,6.0595,0.08497255820761856,-0.042527181792381435,0.12749974,False,Bittrex,Kraken
469,01-13-2021_20-40-59,ATOM/USD,25.0,6.08016589,6.0601,0.08250552025645347,-0.04499421974354653,0.12749974,False,Bittrex,Kraken
470,01-13-2021_20-41-10,ATOM/USD,25.0,6.08016589,6.0601,0.08250552025645347,-0.04499421974354653,0.12749974,False,Bittrex,Kraken
471,01-13-2021_20-41-21,ATOM/USD,25.0,6.08016589,6.0601,0.08250552025645347,-0.04499421974354653,0.12749974,False,Bittrex,Kraken
472,01-13-2021_20-41-32,ATOM/USD,25.0,6.08016589,6.069,0.045911123980862355,-0.02058887601913765,0.0665,False,Bittrex,Binance US
473,01-13-2021_20-41-43,ATOM/USD,25.0,6.082,6.0711,0.04480434067740655,-0.045195659322593444,0.09,False,Binance US,Kraken
474,01-13-2021_20-41-53,ATOM/USD,25.0,6.084,6.0711,0.05300788954634798,-0.03699211045365201,0.09,False,Binance US,Kraken
475,01-13-2021_20-42-04,ATOM/USD,25.0,6.12244529,6.0711,0.20966006051480593,0.08216006051480593,0.1275,True,Bittrex,Kraken
476,01-13-2021_20-42-15,ATOM/USD,25.0,6.12244519,6.0711,0.2096596556056685,0.08215965560566849,0.1275,True,Bittrex,Kraken
477,01-13-2021_20-42-28,ATOM/USD,25.0,6.12244517,6.0794,0.17576788686863845,0.04826788686863845,0.1275,True,Bittrex,Kraken
478,01-13-2021_20-42-39,ATOM/USD,25.0,6.12244517,6.08,0.17331788534416429,-0.00918211465583571,0.1825,False,Bittrex,Coinbase Pro
479,01-13-2021_20-42-49,ATOM/USD,25.0,6.10835218,6.0512,0.23390997406439698,0.10640997406439698,0.1275,True,Bittrex,Kraken
480,01-13-2021_20-42-59,ATOM/USD,25.0,6.10029894,6.0558,0.18236376789757958,0.054863767897579574,0.1275,True,Bittrex,Kraken
481,01-13-2021_20-43-10,ATOM/USD,25.0,6.10029878,6.0449,0.22703306017414437,0.09953306017414437,0.1275,True,Bittrex,Kraken
482,01-13-2021_20-43-21,ATOM/USD,25.0,6.08922577,6.0594,0.12245304709731404,-0.005046952902685961,0.1275,False,Bittrex,Kraken
483,01-13-2021_20-43-31,ATOM/USD,25.0,6.08922571,6.059,0.12409504688897405,-0.05840495311102595,0.1825,False,Bittrex,Coinbase Pro
484,01-13-2021_20-43-49,ATOM/USD,25.0,6.08922558,6.0566,0.1339479855499108,0.006448245549910803,0.12749974,False,Bittrex,Kraken
485,01-13-2021_20-43-59,ATOM/USD,25.0,6.08922551,6.0574,0.13066320974537204,0.003163209745372042,0.1275,False,Bittrex,Kraken
486,01-13-2021_20-44-11,ATOM/USD,25.0,6.08922541,6.058,0.12819943382585436,0.0006994338258543564,0.1275,False,Bittrex,Kraken
487,01-13-2021_20-44-23,ATOM/USD,25.0,6.08922533,6.0584,0.12655686203683267,-0.0009431379631673342,0.1275,False,Bittrex,Kraken
488,01-13-2021_20-44-34,ATOM/USD,25.0,6.08922531,6.0584,0.12655678034025644,-0.0009432196597435605,0.1275,False,Bittrex,Kraken
489,01-13-2021_20-44-45,ATOM/USD,25.0,6.08922531,6.0584,0.12655678034025644,-0.0009432196597435605,0.1275,False,Bittrex,Kraken
490,01-13-2021_20-44-55,ATOM/USD,25.0,6.08922531,6.0584,0.12655678034025644,-0.0009432196597435605,0.1275,False,Bittrex,Kraken
491,01-13-2021_20-45-05,ATOM/USD,25.0,6.08922531,6.0584,0.12655678034025644,-0.0009432196597435605,0.1275,False,Bittrex,Kraken
492,01-13-2021_20-45-16,ATOM/USD,25.0,6.08922531,6.0584,0.12655678034025644,-0.0009432196597435605,0.1275,False,Bittrex,Kraken
493,01-13-2021_20-45-27,ATOM/USD,25.0,6.0892252,6.0584,0.12655633100907393,-0.000943668990926072,0.1275,False,Bittrex,Kraken
494,01-13-2021_20-45-37,ATOM/USD,25.0,6.0892252,6.0584,0.12655633100907393,-0.000943668990926072,0.1275,False,Bittrex,Kraken
495,01-13-2021_20-45-47,ATOM/USD,25.0,6.0892252,6.0584,0.12655633100907393,-0.000943668990926072,0.1275,False,Bittrex,Kraken
496,01-13-2021_20-45-58,ATOM/USD,25.0,6.0892252,6.0584,0.12655633100907393,-0.000943668990926072,0.1275,False,Bittrex,Kraken
497,01-13-2021_20-46-08,ATOM/USD,25.0,6.0892252,6.058,0.12819857606842877,-0.054301423931571224,0.1825,False,Bittrex,Coinbase Pro
498,01-13-2021_20-46-20,ATOM/USD,25.0,6.0892251,6.0584,0.12655592252616996,-0.0009440774738300461,0.1275,False,Bittrex,Kraken
499,01-13-2021_20-46-32,ATOM/USD,25.0,6.0892251,6.0584,0.12655592252616996,-0.0009440774738300461,0.1275,False,Bittrex,Kraken
500,01-13-2021_20-46-43,ATOM/USD,25.0,6.0892251,6.0596,0.12162918726719643,-0.005870552732803569,0.12749974,False,Bittrex,Kraken
501,01-13-2021_20-46-55,ATOM/USD,25.0,6.0892251,6.0747,0.059634435258437805,-0.06786530474156219,0.12749974,False,Bittrex,Kraken
502,01-13-2021_20-47-05,ATOM/USD,25.0,6.0892251,6.0747,0.059634435258437805,-0.06786530474156219,0.12749974,False,Bittrex,Kraken
503,01-13-2021_20-47-15,ATOM/USD,25.0,6.0892251,6.075,0.05840275144369351,-0.1240972485563065,0.1825,False,Bittrex,Coinbase Pro
504,01-13-2021_20-47-25,ATOM/USD,25.0,6.0892251,6.0713,0.073593518492198,-0.053906481507802,0.1275,False,Bittrex,Kraken
505,01-13-2021_20-47-36,ATOM/USD,25.0,6.0892251,6.069,0.08303642773856487,-0.09946357226143512,0.1825,False,Bittrex,Coinbase Pro
506,01-13-2021_20-47-45,ATOM/USD,25.0,6.0892251,6.0725,0.06866678323322446,-0.05883321676677554,0.1275,False,Bittrex,Kraken
507,01-13-2021_20-47-57,ATOM/USD,25.0,6.0892251,6.0712,0.07400407976377822,-0.05349592023622178,0.1275,False,Bittrex,Kraken
508,01-13-2021_20-48-10,ATOM/USD,25.0,6.0892251,6.072,0.07071958959112919,-0.056780410408870816,0.1275,False,Bittrex,Kraken
509,01-13-2021_20-48-21,ATOM/USD,25.0,6.0892251,6.0718,0.07154071213429328,-0.05595902786570672,0.12749974,False,Bittrex,Kraken
510,01-13-2021_20-48-33,ATOM/USD,25.0,6.0892251,6.07,0.07893081502275176,-0.04856918497724824,0.1275,False,Bittrex,Kraken
511,01-13-2021_20-48-44,ATOM/USD,25.0,6.0892251,6.0701,0.07852025375117154,-0.04897974624882846,0.1275,False,Bittrex,Kraken
512,01-13-2021_20-48-55,ATOM/USD,25.0,6.0892251,6.0711,0.07441464103535844,-0.05308535896464156,0.1275,False,Bittrex,Kraken
513,01-13-2021_20-49-05,ATOM/USD,25.0,6.0892251,6.0711,0.07441464103535844,-0.05308535896464156,0.1275,False,Bittrex,Kraken
514,01-13-2021_20-49-15,ATOM/USD,25.0,6.0892251,6.0726,0.06825622196164059,-0.05924377803835941,0.1275,False,Bittrex,Kraken
515,01-13-2021_20-49-25,ATOM/USD,25.0,6.093,6.0755,0.07180370917446278,-0.018196290825537212,0.09,False,Binance US,Kraken
516,01-13-2021_20-49-35,ATOM/USD,25.0,6.0892251,6.0792,0.04115917803728429,-0.08634082196271571,0.1275,False,Bittrex,Kraken
517,01-13-2021_20-49-46,ATOM/USD,25.0,6.1304984,6.0792,0.20919343197283688,0.08169343197283688,0.1275,True,Bittrex,Kraken
518,01-13-2021_20-49-56,ATOM/USD,25.0,6.13049829,6.0792,0.20919298714950002,0.08169298714950002,0.1275,True,Bittrex,Kraken
519,01-13-2021_20-50-06,ATOM/USD,25.0,6.13049827,6.0814,0.20022136797699477,0.07272136797699477,0.1275,True,Bittrex,Kraken
520,01-13-2021_20-50-18,ATOM/USD,25.0,6.13049817,6.0814,0.20022096344578028,0.07272097344578027,0.12749999,True,Bittrex,Kraken
521,01-13-2021_20-50-29,ATOM/USD,25.0,6.13049817,6.0814,0.20022096344578028,0.07272097344578027,0.12749999,True,Bittrex,Kraken
522,01-13-2021_20-50-40,ATOM/USD,25.0,6.13049807,6.0838,0.19043342590922513,0.06293342590922513,0.1275,True,Bittrex,Kraken
523,01-13-2021_20-50-50,ATOM/USD,25.0,6.13049796,6.0838,0.1904329807492485,0.0629329807492485,0.1275,True,Bittrex,Kraken
524,01-13-2021_20-51-01,ATOM/USD,25.0,6.13049786,6.1,0.12436942600939323,0.057869426009393224,0.0665,True,Bittrex,Binance US
525,01-13-2021_20-51-11,ATOM/USD,25.0,6.13049786,6.1019,0.11662127878142889,-0.010878461218571112,0.12749974,False,Bittrex,Kraken
526,01-13-2021_20-51-21,ATOM/USD,25.0,6.13049786,6.105,0.10397956488316823,-0.07852043511683177,0.1825,False,Bittrex,Coinbase Pro
527,01-13-2021_20-51-31,ATOM/USD,25.0,6.13049786,6.106,0.09990159265792613,-0.08259840734207387,0.1825,False,Bittrex,Coinbase Pro
528,01-13-2021_20-51-40,ATOM/USD,25.0,6.13049786,6.104,0.10805753710841395,-0.07444246289158604,0.1825,False,Bittrex,Coinbase Pro
529,01-13-2021_20-51-51,ATOM/USD,25.0,6.13049786,6.104,0.10805753710841395,-0.07444246289158604,0.1825,False,Bittrex,Coinbase Pro
530,01-13-2021_20-52-01,ATOM/USD,25.0,6.13049786,6.095,0.1447592871356146,-0.037740712864385406,0.1825,False,Bittrex,Coinbase Pro
531,01-13-2021_20-52-11,ATOM/USD,25.0,6.13049786,6.096,0.14068131491036887,-0.04181868508963113,0.1825,False,Bittrex,Coinbase Pro
532,01-13-2021_20-52-22,ATOM/USD,25.0,6.13049786,6.092,0.15699320381134815,-0.025506796188651842,0.1825,False,Bittrex,Coinbase Pro
533,01-13-2021_20-52-31,ATOM/USD,25.0,6.13049786,6.095,0.1447592871356146,-0.037740712864385406,0.1825,False,Bittrex,Coinbase Pro
534,01-13-2021_20-52-43,ATOM/USD,25.0,6.13049786,6.098,0.13252537045988105,-0.04997462954011894,0.1825,False,Bittrex,Coinbase Pro
535,01-13-2021_20-52-53,ATOM/USD,25.0,6.13049786,6.1009,0.12069925100667099,-0.006800748993329012,0.1275,False,Bittrex,Kraken
536,01-13-2021_20-53-03,ATOM/USD,25.0,6.13049786,6.101,0.1202914537841475,-0.06220854621585249,0.1825,False,Bittrex,Coinbase Pro
537,01-13-2021_20-53-13,ATOM/USD,25.0,6.13049786,6.098,0.13252537045988105,-0.04997462954011894,0.1825,False,Bittrex,Coinbase Pro
538,01-13-2021_20-53-24,ATOM/USD,25.0,6.13049786,6.097,0.13660334268512314,-0.045896657314876854,0.1825,False,Bittrex,Coinbase Pro
539,01-13-2021_20-53-33,ATOM/USD,25.0,6.13049786,6.095,0.1447592871356146,-0.037740712864385406,0.1825,False,Bittrex,Coinbase Pro
540,01-13-2021_20-53-43,ATOM/USD,25.0,6.13049784,6.09,0.16514906724117062,-0.017350932758829374,0.1825,False,Bittrex,Coinbase Pro
541,01-13-2021_20-53-54,ATOM/USD,25.0,6.13049777,6.091,0.16107081138372084,-0.02142917861627916,0.18249999,False,Bittrex,Coinbase Pro
542,01-13-2021_20-54-04,ATOM/USD,25.0,6.13049773,6.092,0.1569926770040597,-0.0255073229959403,0.1825,False,Bittrex,Coinbase Pro
543,01-13-2021_20-54-15,ATOM/USD,25.0,6.13049769,6.081,0.20185021063110428,0.009350210631104278,0.1925,True,Bittrex,Coinbase Pro
544,01-13-2021_20-54-26,ATOM/USD,25.0,6.13049762,6.08,0.20592789986271864,0.02342789986271865,0.1825,True,Bittrex,Coinbase Pro
545,01-13-2021_20-54-38,ATOM/USD,25.0,6.13049738,6.075,0.226316791933774,0.043816791933773996,0.1825,True,Bittrex,Coinbase Pro
546,01-13-2021_20-54-49,ATOM/USD,25.0,6.12999995,6.0842,0.1867860945088594,0.05928609450885941,0.1275,True,Bittrex,Kraken
547,01-13-2021_20-54-59,ATOM/USD,25.0,6.12999973,6.0842,0.18678520398564402,0.05928520398564402,0.1275,True,Bittrex,Kraken
548,01-13-2021_20-55-10,ATOM/USD,25.0,6.12999967,6.0842,0.18678496111566703,0.05928496111566703,0.1275,True,Bittrex,Kraken
549,01-13-2021_20-55-21,ATOM/USD,25.0,6.1299996,6.0842,0.18678467776735097,0.05928467776735097,0.1275,True,Bittrex,Kraken
550,01-13-2021_20-55-31,ATOM/USD,25.0,6.12999952,6.0842,0.1867843539407002,0.059284353940700196,0.1275,True,Bittrex,Kraken
551,01-13-2021_20-55-43,ATOM/USD,25.0,6.12999947,6.0842,0.18678415154903558,0.059284151549035574,0.1275,True,Bittrex,Kraken
552,01-13-2021_20-55-53,ATOM/USD,25.0,6.12999947,6.0842,0.18678415154903558,0.059284151549035574,0.1275,True,Bittrex,Kraken
553,01-13-2021_20-56-05,ATOM/USD,25.0,6.12999947,6.0841,0.18719198192687314,0.05969224192687314,0.12749974,True,Bittrex,Kraken
554,01-13-2021_20-56-14,ATOM/USD,25.0,6.12999938,6.0842,0.18678378724403744,0.059283787244037434,0.1275,True,Bittrex,Kraken
555,01-13-2021_20-56-26,ATOM/USD,25.0,6.12999932,6.0842,0.18678354437402914,0.059283544374029135,0.1275,True,Bittrex,Kraken
556,01-13-2021_20-56-36,ATOM/USD,25.0,6.12999932,6.0842,0.18678354437402914,0.059283544374029135,0.1275,True,Bittrex,Kraken
557,01-13-2021_20-56-47,ATOM/USD,25.0,6.12999932,6.0837,0.18882269631311827,0.06132269631311826,0.1275,True,Bittrex,Kraken
558,01-13-2021_20-56-58,ATOM/USD,25.0,6.12999932,6.0842,0.18678354437402914,0.059283544374029135,0.1275,True,Bittrex,Kraken
559,01-13-2021_20-57-10,ATOM/USD,25.0,6.12999919,6.0842,0.1867830181556693,0.059283018155669304,0.1275,True,Bittrex,Kraken
560,01-13-2021_20-57-22,ATOM/USD,25.0,6.12999917,6.0842,0.18678293719899294,0.059282947198992936,0.12749999,True,Bittrex,Kraken
561,01-13-2021_20-57-32,ATOM/USD,25.0,6.12999917,6.0842,0.18678293719899294,0.059282947198992936,0.12749999,True,Bittrex,Kraken
562,01-13-2021_20-57-42,ATOM/USD,25.0,6.12999917,6.0842,0.18678293719899294,0.059282947198992936,0.12749999,True,Bittrex,Kraken
563,01-13-2021_20-57-54,ATOM/USD,25.0,6.12999917,6.0842,0.18678293719899294,0.059282947198992936,0.12749999,True,Bittrex,Kraken
564,01-13-2021_20-58-05,ATOM/USD,25.0,6.12999917,6.0842,0.18678293719899294,0.059282947198992936,0.12749999,True,Bittrex,Kraken
565,01-13-2021_20-58-16,ATOM/USD,25.0,6.12999917,6.0842,0.18678293719899294,0.059282947198992936,0.12749999,True,Bittrex,Kraken
566,01-13-2021_20-58-27,ATOM/USD,25.0,6.12999917,6.0842,0.18678293719899294,0.059282947198992936,0.12749999,True,Bittrex,Kraken
567,01-13-2021_20-58-39,ATOM/USD,25.0,6.12999917,6.0842,0.18678293719899294,0.059282947198992936,0.12749999,True,Bittrex,Kraken
568,01-13-2021_20-58-51,ATOM/USD,25.0,6.12999915,6.0842,0.18678285624231972,0.059282856242319715,0.1275,True,Bittrex,Kraken
569,01-13-2021_20-59-03,ATOM/USD,25.0,6.12999905,6.0842,0.1867824514589455,0.059282451458945506,0.1275,True,Bittrex,Kraken
570,01-13-2021_20-59-14,ATOM/USD,25.0,6.12999903,6.0842,0.18678237050226548,0.05928237050226548,0.1275,True,Bittrex,Kraken
571,01-13-2021_20-59-25,ATOM/USD,25.0,6.12999903,6.0842,0.18678237050226548,0.05928237050226548,0.1275,True,Bittrex,Kraken
572,01-13-2021_20-59-36,ATOM/USD,25.0,6.12999903,6.0842,0.18678237050226548,0.05928237050226548,0.1275,True,Bittrex,Kraken
573,01-13-2021_20-59-46,ATOM/USD,25.0,6.12999903,6.0842,0.18678237050226548,0.05928237050226548,0.1275,True,Bittrex,Kraken
574,01-13-2021_20-59-58,ATOM/USD,25.0,6.12999903,6.0842,0.18678237050226548,0.05928237050226548,0.1275,True,Bittrex,Kraken
575,01-13-2021_21-00-09,ATOM/USD,25.0,6.12999903,6.0842,0.18678237050226548,0.05928237050226548,0.1275,True,Bittrex,Kraken
576,01-13-2021_21-00-19,ATOM/USD,25.0,6.12999903,6.0842,0.18678237050226548,0.05928237050226548,0.1275,True,Bittrex,Kraken
577,01-13-2021_21-00-31,ATOM/USD,25.0,6.12999903,6.088,0.17128481503201598,-0.011215184967984015,0.1825,False,Bittrex,Coinbase Pro
578,01-13-2021_21-00-41,ATOM/USD,25.0,6.12999903,6.088,0.17128481503201598,-0.011215184967984015,0.1825,False,Bittrex,Coinbase Pro
579,01-13-2021_21-00-51,ATOM/USD,25.0,6.12999892,6.088,0.17128436949218975,-0.011215630507810243,0.1825,False,Bittrex,Coinbase Pro
580,01-13-2021_21-01-01,ATOM/USD,25.0,6.12999879,6.086,0.17944045140667902,0.11294045140667902,0.0665,True,Bittrex,Binance US
581,01-13-2021_21-01-12,ATOM/USD,25.0,6.12999879,6.088,0.17128384294509816,-0.011216157054901837,0.1825,False,Bittrex,Coinbase Pro
582,01-13-2021_21-01-22,ATOM/USD,25.0,6.12999879,6.0837,0.18882055113749793,0.06132055113749793,0.1275,True,Bittrex,Kraken
583,01-13-2021_21-01-33,ATOM/USD,25.0,6.12747844,6.088,0.1610713133737272,-0.02142867662627279,0.18249999,False,Bittrex,Coinbase Pro
584,01-13-2021_21-01-43,ATOM/USD,25.0,6.12747834,6.088,0.16107090800421994,-0.021429091995780053,0.1825,False,Bittrex,Coinbase Pro
585,01-13-2021_21-01-53,ATOM/USD,25.0,6.12747826,6.087,0.16515056554439914,-0.01734943445560086,0.1825,False,Bittrex,Coinbase Pro
586,01-13-2021_21-02-03,ATOM/USD,25.0,6.12747824,6.088,0.16107050263470302,-0.02142949736529698,0.1825,False,Bittrex,Coinbase Pro
587,01-13-2021_21-02-14,ATOM/USD,25.0,6.12747824,6.088,0.16107050263470302,-0.02142949736529698,0.1825,False,Bittrex,Coinbase Pro
588,01-13-2021_21-02-24,ATOM/USD,25.0,6.12747814,6.088,0.16107009726516927,-0.021429902734830725,0.1825,False,Bittrex,Coinbase Pro
589,01-13-2021_21-02-35,ATOM/USD,25.0,6.12747814,6.088,0.16107009726516927,-0.021429902734830725,0.1825,False,Bittrex,Coinbase Pro
590,01-13-2021_21-02-46,ATOM/USD,25.0,6.12747814,6.0934,0.13903819492043137,0.011538194920431372,0.1275,True,Bittrex,Kraken
591,01-13-2021_21-02-57,ATOM/USD,25.0,6.12747814,6.0934,0.13903819492043137,0.011538194920431372,0.1275,True,Bittrex,Kraken
592,01-13-2021_21-03-08,ATOM/USD,25.0,6.12747814,6.1063,0.08640642820799992,-0.041093311792000084,0.12749974,False,Bittrex,Kraken
593,01-13-2021_21-03-17,ATOM/USD,25.0,6.12747814,6.1063,0.08640642820799992,-0.041093311792000084,0.12749974,False,Bittrex,Kraken
594,01-13-2021_21-03-29,ATOM/USD,25.0,6.12747814,6.1063,0.08640642820799992,-0.041093311792000084,0.12749974,False,Bittrex,Kraken
595,01-13-2021_21-03-39,ATOM/USD,25.0,6.12747814,6.108,0.07947045895132465,0.012970458951324648,0.0665,True,Bittrex,Binance US
596,01-13-2021_21-03-50,ATOM/USD,25.0,6.12747814,6.1133,0.05784655479815503,-0.06965344520184497,0.1275,False,Bittrex,Kraken
597,01-13-2021_21-04-00,ATOM/USD,25.0,6.12747814,6.111,0.06723051320424724,0.0007305132042472323,0.0665,False,Bittrex,Binance US
598,01-13-2021_21-04-11,ATOM/USD,25.0,6.12747814,6.1106,0.06886250597052399,-0.058637234029476015,0.12749974,False,Bittrex,Kraken
599,01-13-2021_21-04-21,ATOM/USD,25.0,6.12747814,6.1,0.11211031427686322,0.04561031427686321,0.0665,True,Bittrex,Binance US
600,01-13-2021_21-04-32,ATOM/USD,25.0,6.12747814,6.1,0.11211031427686322,0.04561031427686321,0.0665,True,Bittrex,Binance US
601,01-13-2021_21-04-44,ATOM/USD,25.0,6.12747812,6.096,0.12843016075918706,0.06193017075918707,0.06649999,True,Bittrex,Binance US
602,01-13-2021_21-04-56,ATOM/USD,25.0,6.1274781,6.096,0.12843007957874292,-0.05406992042125708,0.1825,False,Bittrex,Coinbase Pro
603,01-13-2021_21-05-07,ATOM/USD,25.0,6.12747808,6.093,0.14066994426522864,0.07416994426522863,0.0665,True,Bittrex,Binance US
604,01-13-2021_21-05-16,ATOM/USD,25.0,6.12747802,6.091,0.14882966483492857,-0.033670335165071424,0.1825,False,Bittrex,Coinbase Pro
605,01-13-2021_21-05-27,ATOM/USD,25.0,6.12747794,6.0961,0.12802143193028162,0.0005216919302816203,0.12749974,False,Bittrex,Kraken
606,01-13-2021_21-05-37,ATOM/USD,25.0,6.12747794,6.097,0.1243494480863032,0.0578494480863032,0.0665,True,Bittrex,Binance US
607,01-13-2021_21-05-47,ATOM/USD,25.0,6.12747788,6.094,0.1365891507714407,-0.045910849228559286,0.1825,False,Bittrex,Coinbase Pro
608,01-13-2021_21-05-56,ATOM/USD,25.0,6.12747782,6.094,0.1365889073099896,-0.0459110926900104,0.1825,False,Bittrex,Coinbase Pro
609,01-13-2021_21-06-07,ATOM/USD,25.0,6.12747775,6.091,0.14882856979774234,0.08232857979774234,0.06649999,True,Bittrex,Binance US
610,01-13-2021_21-06-18,ATOM/USD,25.0,6.12747773,6.091,0.14882848868387338,0.08232849868387339,0.06649999,True,Bittrex,Binance US
611,01-13-2021_21-06-28,ATOM/USD,25.0,6.12747773,6.091,0.14882848868387338,0.08232849868387339,0.06649999,True,Bittrex,Binance US
612,01-13-2021_21-06-39,ATOM/USD,25.0,6.12747773,6.095,0.1325085599291117,0.06600856992911171,0.06649999,True,Bittrex,Binance US
613,01-13-2021_21-06-50,ATOM/USD,25.0,6.12747773,6.093,0.14066852430649254,0.07416853430649255,0.06649999,True,Bittrex,Binance US
614,01-13-2021_21-07-02,ATOM/USD,25.0,6.12747773,6.093,0.14066852430649254,0.07416853430649255,0.06649999,True,Bittrex,Binance US
615,01-13-2021_21-07-13,ATOM/USD,25.0,6.12747773,6.093,0.14066852430649254,0.07416853430649255,0.06649999,True,Bittrex,Binance US
616,01-13-2021_21-07-24,ATOM/USD,25.0,6.12747759,6.0942,0.13577197758466208,0.008271977584662082,0.1275,False,Bittrex,Kraken
617,01-13-2021_21-07-37,ATOM/USD,25.0,6.12747747,6.095,0.13250750475627573,0.06600750475627573,0.0665,True,Bittrex,Binance US
618,01-13-2021_21-07-49,ATOM/USD,25.0,6.12747747,6.0942,0.1357714906457249,0.00827149064572491,0.1275,False,Bittrex,Kraken
619,01-13-2021_21-08-00,ATOM/USD,25.0,6.12747747,6.0941,0.13617948888190518,0.008679488881905173,0.1275,False,Bittrex,Kraken
620,01-13-2021_21-08-11,ATOM/USD,25.0,6.12747747,6.0941,0.13617948888190518,0.008679488881905173,0.1275,False,Bittrex,Kraken
621,01-13-2021_21-08-22,ATOM/USD,25.0,6.12747747,6.0944,0.1349554941733608,0.007455494173360805,0.1275,False,Bittrex,Kraken
622,01-13-2021_21-08-33,ATOM/USD,25.0,6.12747747,6.095,0.13250750475627573,0.06600750475627573,0.0665,True,Bittrex,Binance US
623,01-13-2021_21-08-43,ATOM/USD,25.0,6.12747747,6.095,0.13250750475627573,0.06600750475627573,0.0665,True,Bittrex,Binance US
624,01-13-2021_21-08-54,ATOM/USD,25.0,6.12747747,6.1,0.11210759294721652,-0.08039240705278348,0.1925,False,Bittrex,Coinbase Pro
625,01-13-2021_21-09-05,ATOM/USD,25.0,6.12747737,6.0975,0.12230714284955456,-0.005192597150445441,0.12749974,False,Bittrex,Kraken
626,01-13-2021_21-09-15,ATOM/USD,25.0,6.12747737,6.099,0.11618716920695889,-0.06631283079304111,0.1825,False,Bittrex,Coinbase Pro
627,01-13-2021_21-09-26,ATOM/USD,25.0,6.12747735,6.0968,0.12516304935831538,-0.0023366906416846245,0.12749974,False,Bittrex,Kraken
628,01-13-2021_21-09-35,ATOM/USD,25.0,6.12747735,6.095,0.1325070177534015,0.06600701775340151,0.0665,True,Bittrex,Binance US
629,01-13-2021_21-09-45,ATOM/USD,25.0,6.12747733,6.0929,0.1410748997418135,0.013575169741813498,0.12749973,True,Bittrex,Kraken
630,01-13-2021_21-09-55,ATOM/USD,25.0,6.12747733,6.092,0.1447468839513437,0.0782468939513437,0.06649999,True,Bittrex,Binance US
631,01-13-2021_21-10-06,ATOM/USD,25.0,6.12747727,6.093,0.14066665807476755,0.07416665807476755,0.0665,True,Bittrex,Binance US
632,01-13-2021_21-10-16,ATOM/USD,25.0,6.12747721,6.093,0.14066641465321897,0.07416641465321896,0.0665,True,Bittrex,Binance US
633,01-13-2021_21-10-26,ATOM/USD,25.0,6.12747717,6.094,0.13658626981061192,0.009086269810611919,0.1275,True,Bittrex,Kraken
634,01-13-2021_21-10-37,ATOM/USD,25.0,6.12747717,6.096,0.1284263046874788,0.061926304687478784,0.0665,True,Bittrex,Binance US
635,01-13-2021_21-10-49,ATOM/USD,25.0,6.1274771,6.093,0.14066596838036385,0.07416597838036386,0.06649999,True,Bittrex,Binance US
636,01-13-2021_21-11-01,ATOM/USD,25.0,6.12747704,6.093,0.14066572495879814,0.07416572495879814,0.0665,True,Bittrex,Binance US
637,01-13-2021_21-11-13,ATOM/USD,25.0,6.12747704,6.0921,0.14433770934211165,0.01683770934211165,0.1275,True,Bittrex,Kraken
638,01-13-2021_21-11-23,ATOM/USD,25.0,6.12747687,6.093,0.1406650352643427,0.0741650352643427,0.0665,True,Bittrex,Binance US
639,01-13-2021_21-11-33,ATOM/USD,25.0,6.12747681,6.093,0.14066479184276234,0.07416479184276234,0.0665,True,Bittrex,Binance US
640,01-13-2021_21-11-44,ATOM/USD,25.0,6.12747675,6.092,0.1447445312623991,-0.037755468737600884,0.1825,False,Bittrex,Coinbase Pro
641,01-13-2021_21-11-52,ATOM/USD,25.0,6.10699999,6.093,0.0573112412924709,-0.009188758707529103,0.0665,False,Bittrex,Binance US
642,01-13-2021_21-12-02,ATOM/USD,25.0,6.10699998,6.092,0.06140486347275496,-0.06609513652724505,0.1275,False,Bittrex,Kraken
643,01-13-2021_21-12-12,ATOM/USD,25.0,6.10699998,6.092,0.06140486347275496,-0.06609513652724505,0.1275,False,Bittrex,Kraken
644,01-13-2021_21-12-21,ATOM/USD,25.0,6.10699998,6.0942,0.05239880482200562,-0.07510119517799438,0.1275,False,Bittrex,Kraken
645,01-13-2021_21-12-32,ATOM/USD,25.0,6.10699998,6.094,0.05321753742661721,-0.013282462573382794,0.0665,False,Bittrex,Binance US
646,01-13-2021_21-12-43,ATOM/USD,25.0,6.10699998,6.0943,0.051989438519699824,-0.07551056148030018,0.1275,False,Bittrex,Kraken
647,01-13-2021_21-12-55,ATOM/USD,25.0,6.10699998,6.092,0.06140486347275496,-0.005095136527245046,0.0665,False,Bittrex,Binance US
648,01-13-2021_21-13-06,ATOM/USD,25.0,6.10699998,6.0941,0.052808171124311416,-0.07469182887568859,0.1275,False,Bittrex,Kraken
649,01-13-2021_21-13-16,ATOM/USD,25.0,6.10699998,6.0941,0.052808171124311416,-0.07469182887568859,0.1275,False,Bittrex,Kraken
650,01-13-2021_21-13-27,ATOM/USD,25.0,6.10699998,6.0941,0.052808171124311416,-0.07469182887568859,0.1275,False,Bittrex,Kraken
651,01-13-2021_21-13-37,ATOM/USD,25.0,6.10699998,6.0941,0.052808171124311416,-0.07469182887568859,0.1275,False,Bittrex,Kraken
652,01-13-2021_21-13-47,ATOM/USD,25.0,6.10699998,6.0941,0.052808171124311416,-0.07469182887568859,0.1275,False,Bittrex,Kraken
653,01-13-2021_21-13-56,ATOM/USD,25.0,6.10699998,6.0928,0.05812993305429768,-0.06937006694570233,0.1275,False,Bittrex,Kraken
654,01-13-2021_21-14-06,ATOM/USD,25.0,6.10699998,6.093,0.05731120044968609,-0.07018853955031391,0.12749974,False,Bittrex,Kraken
655,01-13-2021_21-14-16,ATOM/USD,25.0,6.10699998,6.0932,0.05649246784507086,-0.07100753215492914,0.1275,False,Bittrex,Kraken
656,01-13-2021_21-14-27,ATOM/USD,25.0,6.10699998,6.0943,0.051989438519699824,-0.07551056148030018,0.1275,False,Bittrex,Kraken
657,01-13-2021_21-14-36,ATOM/USD,25.0,6.10699998,6.0943,0.051989438519699824,-0.07551056148030018,0.1275,False,Bittrex,Kraken
658,01-13-2021_21-14-46,ATOM/USD,25.0,6.10699998,6.0943,0.051989438519699824,-0.07551056148030018,0.1275,False,Bittrex,Kraken
659,01-13-2021_21-14-56,ATOM/USD,25.0,6.10699998,6.089,0.07368585254195431,-0.10881414745804568,0.1825,False,Bittrex,Coinbase Pro
660,01-13-2021_21-15-07,ATOM/USD,25.0,6.10699988,6.089,0.07368544438222437,-0.10881455561777563,0.1825,False,Bittrex,Coinbase Pro
661,01-13-2021_21-15-18,ATOM/USD,25.0,6.10699988,6.094,0.05321712893172573,-0.07428287106827428,0.1275,False,Bittrex,Kraken
662,01-13-2021_21-15-28,ATOM/USD,25.0,6.10699988,6.094,0.05321712893172573,-0.07428287106827428,0.1275,False,Bittrex,Kraken
663,01-13-2021_21-15-38,ATOM/USD,25.0,6.10699988,6.094,0.05321712893172573,-0.07428287106827428,0.1275,False,Bittrex,Kraken
664,01-13-2021_21-15-48,ATOM/USD,25.0,6.10699988,6.094,0.05321712893172573,-0.07428287106827428,0.1275,False,Bittrex,Kraken
665,01-13-2021_21-15-59,ATOM/USD,25.0,6.10699988,6.09,0.06959178129212681,-0.11290821870787318,0.1825,False,Bittrex,Coinbase Pro
666,01-13-2021_21-16-10,ATOM/USD,25.0,6.10699988,6.0943,0.05198903000469864,-0.07551096999530135,0.1275,False,Bittrex,Kraken
667,01-13-2021_21-16-21,ATOM/USD,25.0,6.10699988,6.0943,0.05198903000469864,-0.07551096999530135,0.1275,False,Bittrex,Kraken
668,01-13-2021_21-16-31,ATOM/USD,25.0,6.10699988,6.0943,0.05198903000469864,-0.07551096999530135,0.1275,False,Bittrex,Kraken
669,01-13-2021_21-16-41,ATOM/USD,25.0,6.10699988,6.0943,0.05198903000469864,-0.07551096999530135,0.1275,False,Bittrex,Kraken
670,01-13-2021_21-16-51,ATOM/USD,25.0,6.10699988,6.0943,0.05198903000469864,-0.07551096999530135,0.1275,False,Bittrex,Kraken
671,01-13-2021_21-17-02,ATOM/USD,25.0,6.10699988,6.092,0.06140445511192809,-0.12109554488807191,0.1825,False,Bittrex,Coinbase Pro
672,01-13-2021_21-17-13,ATOM/USD,25.0,6.10699988,6.091,0.06549811820202564,-0.11700188179797436,0.1825,False,Bittrex,Coinbase Pro
673,01-13-2021_21-17-23,ATOM/USD,25.0,6.10699988,6.0919,0.061813821420937116,-0.06568617857906289,0.1275,False,Bittrex,Kraken
674,01-13-2021_21-17-34,ATOM/USD,25.0,6.10699988,6.088,0.07777910747232554,-0.04972089252767446,0.1275,False,Bittrex,Kraken
675,01-13-2021_21-17-42,ATOM/USD,25.0,6.10699988,6.0872,0.08105403794440504,-0.046445962055594966,0.1275,False,Bittrex,Kraken
676,01-13-2021_21-17-53,ATOM/USD,25.0,6.10699988,6.085,0.09006009674262545,-0.09243990325737454,0.1825,False,Bittrex,Coinbase Pro
677,01-13-2021_21-18-03,ATOM/USD,25.0,6.10699988,6.0875,0.07982593901737432,-0.04767406098262568,0.1275,False,Bittrex,Kraken
678,01-13-2021_21-18-12,ATOM/USD,25.0,6.10699988,6.084,0.09415375983272664,-0.08834624016727335,0.1825,False,Bittrex,Coinbase Pro
679,01-13-2021_21-18-22,ATOM/USD,25.0,6.10699988,6.0838,0.0949724924507447,-0.032527507549255305,0.1275,False,Bittrex,Kraken
680,01-13-2021_21-18-32,ATOM/USD,25.0,6.10699988,6.0879,0.07818847378133457,-0.04931152621866543,0.1275,False,Bittrex,Kraken
681,01-13-2021_21-18-42,ATOM/USD,25.0,6.10699988,6.086,0.08596643365252428,-0.09653356634747572,0.1825,False,Bittrex,Coinbase Pro
682,01-13-2021_21-18-53,ATOM/USD,25.0,6.10699984,6.084,0.094153596702897,-0.088346403297103,0.1825,False,Bittrex,Coinbase Pro
683,01-13-2021_21-19-03,ATOM/USD,25.0,6.10699979,6.081,0.10643438224188682,-0.08606561775811318,0.1925,False,Bittrex,Coinbase Pro
684,01-13-2021_21-19-13,ATOM/USD,25.0,6.10699972,6.081,0.10643409690544299,-0.08606590309455701,0.1925,False,Bittrex,Coinbase Pro
685,01-13-2021_21-19-23,ATOM/USD,25.0,6.10699966,6.08,0.1105275155689117,-0.0719724844310883,0.1825,False,Bittrex,Coinbase Pro
686,01-13-2021_21-19-33,ATOM/USD,25.0,6.10699958,6.082,0.10233986294133757,0.035839862941337564,0.0665,True,Bittrex,Binance US
687,01-13-2021_21-19-44,ATOM/USD,25.0,6.10699949,6.082,0.10233949601983634,0.03583949601983634,0.0665,True,Bittrex,Binance US
688,01-13-2021_21-19-55,ATOM/USD,25.0,6.10699942,6.081,0.10643287403488803,-0.08606712596511197,0.1925,False,Bittrex,Coinbase Pro
689,01-13-2021_21-20-06,ATOM/USD,25.0,6.10699937,6.081,0.1064326702231148,-0.0860673297768852,0.1925,False,Bittrex,Coinbase Pro
690,01-13-2021_21-20-16,ATOM/USD,25.0,6.10699937,6.082,0.10233900679115245,0.03583900679115244,0.0665,True,Bittrex,Binance US
691,01-13-2021_21-20-26,ATOM/USD,25.0,6.10699937,6.081,0.1064326702231148,0.039932670223114794,0.0665,True,Bittrex,Binance US
692,01-13-2021_21-20-38,ATOM/USD,25.0,6.10699937,6.084,0.09415167992722409,0.027651679927224088,0.0665,True,Bittrex,Binance US
693,01-13-2021_21-20-48,ATOM/USD,25.0,6.10699937,6.0879,0.07818639254255927,-0.049313607457440733,0.1275,False,Bittrex,Kraken
694,01-13-2021_21-20-59,ATOM/USD,25.0,6.10699927,6.0879,0.07818598445648696,-0.04931400554351305,0.12749999,False,Bittrex,Kraken
695,01-13-2021_21-21-10,ATOM/USD,25.0,6.10699927,6.0879,0.07818598445648696,-0.04931400554351305,0.12749999,False,Bittrex,Kraken
696,01-13-2021_21-21-19,ATOM/USD,25.0,6.10699927,6.0879,0.07818598445648696,-0.04931400554351305,0.12749999,False,Bittrex,Kraken
697,01-13-2021_21-21-29,ATOM/USD,25.0,6.10699927,6.0879,0.07818598445648696,-0.04931400554351305,0.12749999,False,Bittrex,Kraken
698,01-13-2021_21-21-39,ATOM/USD,25.0,6.10699927,6.0876,0.07941408350618681,-0.048085906493813196,0.12749999,False,Bittrex,Kraken
699,01-13-2021_21-21-49,ATOM/USD,25.0,6.10699927,6.086,0.0859639451045812,0.01946395510458121,0.06649999,True,Bittrex,Binance US
700,01-13-2021_21-22-00,ATOM/USD,25.0,6.10699926,6.081,0.10643222183720985,0.03993222183720985,0.0665,True,Bittrex,Binance US
701,01-13-2021_21-22-10,ATOM/USD,25.0,6.10699919,6.0727,0.14040934398748295,0.012909343987482946,0.1275,True,Bittrex,Kraken
702,01-13-2021_21-22-20,ATOM/USD,25.0,6.10699903,6.0671,0.16333320917524344,0.035833209175243436,0.1275,True,Bittrex,Kraken
703,01-13-2021_21-22-31,ATOM/USD,25.0,6.10699895,6.064,0.176023241333619,-0.016476758666381014,0.1925,False,Bittrex,Coinbase Pro
704,01-13-2021_21-22-42,ATOM/USD,25.0,6.10331892,6.0605,0.17539194887754694,0.04789194887754694,0.1275,True,Bittrex,Kraken
705,01-13-2021_21-22-54,ATOM/USD,25.0,6.10331876,6.061,0.17334323203528568,0.045843232035285675,0.1275,True,Bittrex,Kraken
706,01-13-2021_21-23-06,ATOM/USD,25.0,6.10331866,6.061,0.17334282526221678,0.04584282526221678,0.1275,True,Bittrex,Kraken
707,01-13-2021_21-23-17,ATOM/USD,25.0,6.10331848,6.0633,0.1639209887667558,0.03642124876675579,0.12749974,True,Bittrex,Kraken
708,01-13-2021_21-23-28,ATOM/USD,25.0,6.10130559,6.055,0.18973639869757872,0.062236398697578715,0.1275,True,Bittrex,Kraken
709,01-13-2021_21-23-40,ATOM/USD,25.0,6.09325242,6.0467,0.19099988311332497,0.06349988311332497,0.1275,True,Bittrex,Kraken
710,01-13-2021_21-23-50,ATOM/USD,25.0,6.08318586,6.047,0.14871261881845854,0.08221261881845854,0.0665,True,Bittrex,Binance US
711,01-13-2021_21-24-02,ATOM/USD,25.0,6.07714596,6.031,0.1898340121486916,0.0073340121486916154,0.1825,False,Bittrex,Coinbase Pro
712,01-13-2021_21-24-13,ATOM/USD,25.0,6.07714588,6.029,0.19806123199398934,0.015561231993989344,0.1825,True,Bittrex,Coinbase Pro
713,01-13-2021_21-24-24,ATOM/USD,25.0,6.06808609,6.032,0.1486716300031943,0.0821716300031943,0.0665,True,Bittrex,Binance US
714,01-13-2021_21-24-35,ATOM/USD,25.0,6.06808608,6.032,0.14867158904904484,0.021171589049044842,0.1275,True,Bittrex,Kraken
715,01-13-2021_21-24-46,ATOM/USD,25.0,6.06808608,6.036,0.13219192829907916,0.06569192829907916,0.0665,True,Bittrex,Binance US
716,01-13-2021_21-24-57,ATOM/USD,25.0,6.06808602,6.027,0.1692709194653104,0.04177091946531039,0.1275,True,Bittrex,Kraken
717,01-13-2021_21-25-08,ATOM/USD,25.0,6.06808596,6.0241,0.18121842822411396,0.05371842822411396,0.1275,True,Bittrex,Kraken
718,01-13-2021_21-25-21,ATOM/USD,25.0,6.0680858,6.0347,0.13754667081339086,0.010046670813390862,0.1275,True,Bittrex,Kraken
719,01-13-2021_21-25-31,ATOM/USD,25.0,6.06808579,6.0339,0.14084256214841498,0.013342562148414977,0.1275,True,Bittrex,Kraken
720,01-13-2021_21-25-41,ATOM/USD,25.0,6.06808579,6.0314,0.1511423506093836,0.023642350609383606,0.1275,True,Bittrex,Kraken
721,01-13-2021_21-25-51,ATOM/USD,25.0,6.06808579,6.0309,0.15320230830157588,0.025702308301575882,0.1275,True,Bittrex,Kraken
722,01-13-2021_21-26-01,ATOM/USD,25.0,6.06808563,6.037,0.12807016864724005,0.06157016864724005,0.0665,True,Bittrex,Binance US
723,01-13-2021_21-26-13,ATOM/USD,25.0,6.06808555,6.031,0.15278933402644784,0.08628934402644785,0.06649999,True,Bittrex,Binance US
724,01-13-2021_21-26-23,ATOM/USD,25.0,6.06808541,6.044,0.09922985741230911,0.032729857412309105,0.0665,True,Bittrex,Binance US
725,01-13-2021_21-26-34,ATOM/USD,25.0,6.06808541,6.0406,0.11323757059642191,-0.014262429403578095,0.1275,False,Bittrex,Kraken
726,01-13-2021_21-26-44,ATOM/USD,25.0,6.06808541,6.0458,0.0918140092560113,-0.035685990743988705,0.1275,False,Bittrex,Kraken
727,01-13-2021_21-26-53,ATOM/USD,25.0,6.06808541,6.048,0.08275019484275882,0.016250194842758817,0.0665,True,Bittrex,Binance US
728,01-13-2021_21-27-04,ATOM/USD,25.0,6.06808541,6.0548,0.0547347684745259,-0.0727652315254741,0.1275,False,Bittrex,Kraken
729,01-13-2021_21-27-15,ATOM/USD,25.0,6.06808541,6.0538,0.058854684116914385,-0.06864531588308562,0.1275,False,Bittrex,Kraken
730,01-13-2021_21-27-25,ATOM/USD,25.0,6.06808541,6.0531,0.061738625066585964,-0.06576137493341404,0.1275,False,Bittrex,Kraken
731,01-13-2021_21-27-34,ATOM/USD,25.0,6.06808541,6.0529,0.06256260819506146,-0.06493739180493854,0.1275,False,Bittrex,Kraken
732,01-13-2021_21-27-44,ATOM/USD,25.0,6.06808541,6.0529,0.06256260819506146,-0.06493739180493854,0.1275,False,Bittrex,Kraken
733,01-13-2021_21-27-54,ATOM/USD,25.0,6.06808541,6.0494,0.07698231294341568,-0.050517687056584326,0.1275,False,Bittrex,Kraken
734,01-13-2021_21-28-04,ATOM/USD,25.0,6.06808541,6.048,0.08275019484275882,-0.09974980515724118,0.1825,False,Bittrex,Coinbase Pro
735,01-13-2021_21-28-14,ATOM/USD,25.0,6.06808535,6.0383,0.12271313059233768,-0.00478686940766232,0.1275,False,Bittrex,Kraken
736,01-13-2021_21-28-24,ATOM/USD,25.0,6.06808521,6.0378,0.12477251452439529,-0.002727225475604708,0.12749974,False,Bittrex,Kraken
737,01-13-2021_21-28-34,ATOM/USD,25.0,6.06808513,6.0412,0.11076447274562273,-0.016735517254377275,0.12749999,False,Bittrex,Kraken
738,01-13-2021_21-28-44,ATOM/USD,25.0,6.068085,6.0449,0.09552025062272441,-0.03197974937727559,0.1275,False,Bittrex,Kraken
739,01-13-2021_21-28-54,ATOM/USD,25.0,6.06808499,6.045,0.09510821798822597,-0.032391782011774034,0.1275,False,Bittrex,Kraken
740,01-13-2021_21-29-03,ATOM/USD,25.0,6.06808499,6.0442,0.09840415073026192,-0.029095589269738084,0.12749974,False,Bittrex,Kraken
741,01-13-2021_21-29-13,ATOM/USD,25.0,6.06808499,6.0442,0.09840415073026192,-0.029095589269738084,0.12749974,False,Bittrex,Kraken
742,01-13-2021_21-29-23,ATOM/USD,25.0,6.06808499,6.0515,0.06832876445918126,-0.05917097554081874,0.12749974,False,Bittrex,Kraken
743,01-13-2021_21-29-34,ATOM/USD,25.0,6.06808499,6.0518,0.06709278968091688,-0.060407210319083124,0.1275,False,Bittrex,Kraken
744,01-13-2021_21-29-44,ATOM/USD,25.0,6.06808499,6.0535,0.06008893260409143,-0.06741106739590857,0.1275,False,Bittrex,Kraken
745,01-13-2021_21-29-53,ATOM/USD,25.0,6.06808489,6.0535,0.060088521602736145,-0.06741146839726386,0.12749999,False,Bittrex,Kraken
746,01-13-2021_21-30-03,ATOM/USD,25.0,6.06808489,6.0535,0.060088521602736145,-0.06741146839726386,0.12749999,False,Bittrex,Kraken
747,01-13-2021_21-30-13,ATOM/USD,25.0,6.06808489,6.0535,0.060088521602736145,-0.06741146839726386,0.12749999,False,Bittrex,Kraken
748,01-13-2021_21-30-23,ATOM/USD,25.0,6.06808489,6.0535,0.060088521602736145,-0.06741146839726386,0.12749999,False,Bittrex,Kraken
749,01-13-2021_21-30-33,ATOM/USD,25.0,6.06808489,6.0535,0.060088521602736145,-0.06741146839726386,0.12749999,False,Bittrex,Kraken
750,01-13-2021_21-30-42,ATOM/USD,25.0,6.06808489,6.0535,0.060088521602736145,-0.06741146839726386,0.12749999,False,Bittrex,Kraken
751,01-13-2021_21-30-52,ATOM/USD,25.0,6.06808489,6.0535,0.060088521602736145,-0.06741146839726386,0.12749999,False,Bittrex,Kraken
752,01-13-2021_21-31-05,ATOM/USD,25.0,6.06808489,6.0505,0.07244826958905357,-0.05505172041094644,0.12749999,False,Bittrex,Kraken
753,01-13-2021_21-31-15,ATOM/USD,25.0,6.06808489,6.0513,0.06915233679270176,-0.05834765320729825,0.12749999,False,Bittrex,Kraken
754,01-13-2021_21-31-26,ATOM/USD,25.0,6.06808489,6.048,0.08274805957765567,-0.09975193042234433,0.18249999,False,Bittrex,Coinbase Pro
755,01-13-2021_21-31-37,ATOM/USD,25.0,6.06808489,6.0525,0.06420843759817406,-0.06329155240182595,0.12749999,False,Bittrex,Kraken
756,01-13-2021_21-31-48,ATOM/USD,25.0,6.06808489,6.0525,0.06420843759817406,-0.06329155240182595,0.12749999,False,Bittrex,Kraken
757,01-13-2021_21-31-59,ATOM/USD,25.0,6.06808489,6.0525,0.06420843759817406,-0.06329155240182595,0.12749999,False,Bittrex,Kraken
758,01-13-2021_21-32-10,ATOM/USD,25.0,6.06808489,6.0525,0.06420843759817406,-0.06329155240182595,0.12749999,False,Bittrex,Kraken
759,01-13-2021_21-32-19,ATOM/USD,25.0,6.06808489,6.0535,0.060088521602736145,-0.06741146839726386,0.12749999,False,Bittrex,Kraken
760,01-13-2021_21-32-29,ATOM/USD,25.0,6.06808489,6.0535,0.060088521602736145,-0.06741146839726386,0.12749999,False,Bittrex,Kraken
761,01-13-2021_21-32-40,ATOM/USD,25.0,6.06808489,6.0535,0.060088521602736145,-0.06741146839726386,0.12749999,False,Bittrex,Kraken
762,01-13-2021_21-32-50,ATOM/USD,25.0,6.06808489,6.0535,0.060088521602736145,-0.06741146839726386,0.12749999,False,Bittrex,Kraken
763,01-13-2021_21-33-02,ATOM/USD,25.0,6.06808489,6.0535,0.060088521602736145,-0.06741146839726386,0.12749999,False,Bittrex,Kraken
764,01-13-2021_21-33-13,ATOM/USD,25.0,6.06808489,6.0535,0.060088521602736145,-0.06741146839726386,0.12749999,False,Bittrex,Kraken
765,01-13-2021_21-33-23,ATOM/USD,25.0,6.06808489,6.0624,0.023421269243315983,-0.10407872075668402,0.12749999,False,Bittrex,Kraken
766,01-13-2021_21-33-34,ATOM/USD,25.0,6.06808489,6.0608,0.03001313483601958,-0.09748659516398042,0.12749973,False,Bittrex,Kraken
767,01-13-2021_21-33-46,ATOM/USD,25.0,6.06808489,6.0535,0.060088521602736145,-0.06741146839726386,0.12749999,False,Bittrex,Kraken
768,01-13-2021_21-33-57,ATOM/USD,25.0,6.06808489,6.0418,0.10829153874938395,-0.019208191250616055,0.12749973,False,Bittrex,Kraken
769,01-13-2021_21-34-07,ATOM/USD,25.0,6.06808489,6.048,0.08274805957765567,0.016248069577655677,0.06649999,True,Bittrex,Binance US
770,01-13-2021_21-34-18,ATOM/USD,25.0,6.06808489,6.0535,0.060088521602736145,-0.06741146839726386,0.12749999,False,Bittrex,Kraken
771,01-13-2021_21-34-30,ATOM/USD,25.0,6.06808489,6.0459,0.0913998831680819,-0.03609984683191811,0.12749973,False,Bittrex,Kraken
772,01-13-2021_21-34-41,ATOM/USD,25.0,6.06808487,6.0408,0.11241137271700645,-0.015088627282993552,0.1275,False,Bittrex,Kraken
773,01-13-2021_21-34-51,ATOM/USD,25.0,6.06808487,6.044,0.09922764148814656,-0.08327235851185344,0.1825,False,Bittrex,Coinbase Pro
774,01-13-2021_21-35-00,ATOM/USD,25.0,6.06808487,6.0447,0.09634370028183255,-0.031156039718167453,0.12749974,False,Bittrex,Kraken
775,01-13-2021_21-35-11,ATOM/USD,25.0,6.06808487,6.04,0.11570730552422143,-0.011792434475778574,0.12749974,False,Bittrex,Kraken
776,01-13-2021_21-35-23,ATOM/USD,25.0,6.06808487,6.0396,0.11735527192782891,-0.010144468072171092,0.12749974,False,Bittrex,Kraken
777,01-13-2021_21-35-33,ATOM/USD,25.0,6.06808477,6.0391,0.11941481990865141,-0.008085170091348598,0.12749999,False,Bittrex,Kraken
778,01-13-2021_21-35-45,ATOM/USD,25.0,6.06808467,6.0397,0.11694246019807239,-0.010557529801927618,0.12749999,False,Bittrex,Kraken
779,01-13-2021_21-35-55,ATOM/USD,25.0,6.06808467,6.0398,0.11653046858359248,-0.010969261416407527,0.12749973,False,Bittrex,Kraken
780,01-13-2021_21-36-06,ATOM/USD,25.0,6.06808447,6.0405,0.1136457070446807,-0.0138542929553193,0.1275,False,Bittrex,Kraken
781,01-13-2021_21-36-16,ATOM/USD,25.0,6.0680844,6.0405,0.11364541996152973,-0.013854580038470274,0.1275,False,Bittrex,Kraken
782,01-13-2021_21-36-27,ATOM/USD,25.0,6.06808427,6.053,0.06214593160223206,-0.004354058397767938,0.06649999,False,Bittrex,Binance US
783,01-13-2021_21-36-37,ATOM/USD,25.0,6.06808417,6.0492,0.07780120327500235,-0.04969879672499765,0.1275,False,Bittrex,Kraken
784,01-13-2021_21-36-48,ATOM/USD,25.0,6.06808417,6.0495,0.07656522832971666,-0.050934771670283346,0.1275,False,Bittrex,Kraken
785,01-13-2021_21-36-58,ATOM/USD,25.0,6.06808407,6.0567,0.046901418424152116,-0.08059858157584789,0.1275,False,Bittrex,Kraken
786,01-13-2021_21-37-09,ATOM/USD,25.0,6.06808407,6.058,0.041545526906322364,-0.02495447309367764,0.0665,False,Bittrex,Binance US
787,01-13-2021_21-37-19,ATOM/USD,25.0,6.06808407,6.058,0.041545526906322364,-0.02495447309367764,0.0665,False,Bittrex,Binance US
788,01-13-2021_21-37-29,ATOM/USD,25.0,6.07,6.0652,0.019769357495882864,-0.07023064250411713,0.09,False,Binance US,Kraken
789,01-13-2021_21-37-40,ATOM/USD,25.0,6.09224575,6.0652,0.11098431969852862,-0.01651568030147138,0.1275,False,Bittrex,Kraken
790,01-13-2021_21-37-51,ATOM/USD,25.0,6.09224559,6.0652,0.110983666040949,-0.016516333959051,0.1275,False,Bittrex,Kraken
791,01-13-2021_21-38-03,ATOM/USD,25.0,6.09224559,6.0652,0.110983666040949,-0.016516333959051,0.1275,False,Bittrex,Kraken
792,01-13-2021_21-38-14,ATOM/USD,25.0,6.09224559,6.0652,0.110983666040949,-0.016516333959051,0.1275,False,Bittrex,Kraken
793,01-13-2021_21-38-25,ATOM/USD,25.0,6.09224559,6.0652,0.110983666040949,-0.016516333959051,0.1275,False,Bittrex,Kraken
794,01-13-2021_21-38-37,ATOM/USD,25.0,6.09224559,6.0662,0.10688008885734955,-0.02061965114265045,0.12749974,False,Bittrex,Kraken
795,01-13-2021_21-38-47,ATOM/USD,25.0,6.09224555,6.066,0.10770064085811719,-0.019799359141882814,0.1275,False,Bittrex,Kraken
796,01-13-2021_21-38-59,ATOM/USD,25.0,6.09224546,6.0662,0.10687955767297558,-0.020620182327024422,0.12749974,False,Bittrex,Kraken
797,01-13-2021_21-39-11,ATOM/USD,25.0,6.09224538,6.0662,0.10687923079027122,-0.020620509209728785,0.12749974,False,Bittrex,Kraken
798,01-13-2021_21-39-22,ATOM/USD,25.0,6.09224531,6.0662,0.10687894476790104,-0.020620795232098962,0.12749974,False,Bittrex,Kraken
799,01-13-2021_21-39-33,ATOM/USD,25.0,6.09224521,6.0662,0.10687853616450003,-0.02062119383549997,0.12749973,False,Bittrex,Kraken
800,01-13-2021_21-39-43,ATOM/USD,25.0,6.09224516,6.0662,0.10687833186279634,-0.02062140813720366,0.12749974,False,Bittrex,Kraken
801,01-13-2021_21-39-54,ATOM/USD,25.0,6.09224509,6.0662,0.10687804584040188,-0.020621694159598122,0.12749974,False,Bittrex,Kraken
802,01-13-2021_21-40-05,ATOM/USD,25.0,6.09224509,6.0662,0.10687804584040188,-0.020621694159598122,0.12749974,False,Bittrex,Kraken
803,01-13-2021_21-40-16,ATOM/USD,25.0,6.09224509,6.0729,0.07938407645382436,-0.04811592354617564,0.1275,False,Bittrex,Kraken
804,01-13-2021_21-40-27,ATOM/USD,25.0,6.09224509,6.073,0.07897371870178317,-0.04852602129821683,0.12749974,False,Bittrex,Kraken
805,01-13-2021_21-40-37,ATOM/USD,25.0,6.09224509,6.0729,0.07938407645382436,-0.04811592354617564,0.1275,False,Bittrex,Kraken
806,01-13-2021_21-40-48,ATOM/USD,25.0,6.09224509,6.073,0.07897371870178317,-0.04852602129821683,0.12749974,False,Bittrex,Kraken
807,01-13-2021_21-40-59,ATOM/USD,25.0,6.09224509,6.0728,0.07979443420586191,-0.047705565794138094,0.1275,False,Bittrex,Kraken
808,01-13-2021_21-41-10,ATOM/USD,25.0,6.09224509,6.073,0.07897371870178317,-0.04852602129821683,0.12749974,False,Bittrex,Kraken
809,01-13-2021_21-41-22,ATOM/USD,25.0,6.09224509,6.084,0.03383436597755112,-0.14866563402244887,0.1825,False,Bittrex,Coinbase Pro
810,01-13-2021_21-41-32,ATOM/USD,25.0,6.09224509,6.0844,0.0321929349693973,-0.09530706503060271,0.1275,False,Bittrex,Kraken
811,01-13-2021_21-41-42,ATOM/USD,25.0,6.09224509,6.0837,0.03506543923366376,-0.09243456076633624,0.1275,False,Bittrex,Kraken
812,01-13-2021_21-41-54,ATOM/USD,25.0,6.09224509,6.083,0.03793794349793387,-0.08956205650206614,0.1275,False,Bittrex,Kraken
813,01-13-2021_21-42-06,ATOM/USD,25.0,6.09224509,6.083,0.03793794349793387,-0.08956205650206614,0.1275,False,Bittrex,Kraken
814,01-13-2021_21-42-17,ATOM/USD,25.0,6.09224507,6.0704,0.08964293847752036,-0.03785706152247964,0.1275,False,Bittrex,Kraken
815,01-13-2021_21-42-28,ATOM/USD,25.0,6.09224499,6.0702,0.09046332688600715,-0.03703667311399285,0.1275,False,Bittrex,Kraken
816,01-13-2021_21-42-39,ATOM/USD,25.0,6.09224491,6.0575,0.1425784358363873,0.015078435836387294,0.1275,True,Bittrex,Kraken
817,01-13-2021_21-42-51,ATOM/USD,25.0,6.09224483,6.0489,0.1778688776038592,0.05036887760385919,0.1275,True,Bittrex,Kraken
818,01-13-2021_21-43-04,ATOM/USD,25.0,6.09224473,6.049,0.17745811238938697,-0.005041887610613027,0.1825,False,Bittrex,Coinbase Pro
819,01-13-2021_21-43-15,ATOM/USD,25.0,6.09224447,6.048,0.1815606309705418,-0.0009393690294582091,0.1825,False,Bittrex,Coinbase Pro
820,01-13-2021_21-43-26,ATOM/USD,25.0,6.09224423,6.0503,0.17212142363504834,0.04462142363504834,0.1275,True,Bittrex,Kraken
821,01-13-2021_21-43-36,ATOM/USD,25.0,6.092244,6.0503,0.17212048631013457,0.044620496310134566,0.12749999,True,Bittrex,Kraken
822,01-13-2021_21-43-49,ATOM/USD,25.0,6.09224384,6.0503,0.1721198342579803,0.044619844257980296,0.12749999,True,Bittrex,Kraken
823,01-13-2021_21-44-00,ATOM/USD,25.0,6.09224375,6.0503,0.17211946747862694,0.04461946747862694,0.1275,True,Bittrex,Kraken
824,01-13-2021_21-44-12,ATOM/USD,25.0,6.0922435,6.0711,0.08676401394658625,-0.04073598605341375,0.1275,False,Bittrex,Kraken
825,01-13-2021_21-44-21,ATOM/USD,25.0,6.0922435,6.0711,0.08676401394658625,-0.04073598605341375,0.1275,False,Bittrex,Kraken
826,01-13-2021_21-44-32,ATOM/USD,25.0,6.0922435,6.0708,0.08799508752399739,-0.039504912476002615,0.1275,False,Bittrex,Kraken
827,01-13-2021_21-44-43,ATOM/USD,25.0,6.0922435,6.0711,0.08676401394658625,-0.04073598605341375,0.1275,False,Bittrex,Kraken
828,01-13-2021_21-44-54,ATOM/USD,25.0,6.0922435,6.0711,0.08676401394658625,-0.04073598605341375,0.1275,False,Bittrex,Kraken
829,01-13-2021_21-45-05,ATOM/USD,25.0,6.0922435,6.0711,0.08676401394658625,-0.04073598605341375,0.1275,False,Bittrex,Kraken
830,01-13-2021_21-45-16,ATOM/USD,25.0,6.0922435,6.0711,0.08676401394658625,-0.04073598605341375,0.1275,False,Bittrex,Kraken
831,01-13-2021_21-45-26,ATOM/USD,25.0,6.0922435,6.0711,0.08676401394658625,-0.04073598605341375,0.1275,False,Bittrex,Kraken
832,01-13-2021_21-45-37,ATOM/USD,25.0,6.0922435,6.068,0.09948510757982977,-0.08301489242017022,0.1825,False,Bittrex,Coinbase Pro
833,01-13-2021_21-45-47,ATOM/USD,25.0,6.0922435,6.0675,0.10153689687551257,-0.025963103124487436,0.1275,False,Bittrex,Kraken
834,01-13-2021_21-45-58,ATOM/USD,25.0,6.0922435,6.0686,0.0970229604250075,-0.030477039574992495,0.1275,False,Bittrex,Kraken
835,01-13-2021_21-46-09,ATOM/USD,25.0,6.0922435,6.0694,0.09374009755191358,-0.033759902448086423,0.1275,False,Bittrex,Kraken
836,01-13-2021_21-46-20,ATOM/USD,25.0,6.0922435,6.0709,0.08758472966486157,-0.03991501033513843,0.12749974,False,Bittrex,Kraken
837,01-13-2021_21-46-31,ATOM/USD,25.0,6.0922434,6.0711,0.08676360501289107,-0.04073639498710893,0.1275,False,Bittrex,Kraken
838,01-13-2021_21-46-40,ATOM/USD,25.0,6.0922434,6.0711,0.08676360501289107,-0.04073639498710893,0.1275,False,Bittrex,Kraken
839,01-13-2021_21-46-51,ATOM/USD,25.0,6.0922434,6.0711,0.08676360501289107,-0.04073639498710893,0.1275,False,Bittrex,Kraken
840,01-13-2021_21-47-01,ATOM/USD,25.0,6.0922434,6.0711,0.08676360501289107,-0.04073639498710893,0.1275,False,Bittrex,Kraken
841,01-13-2021_21-47-12,ATOM/USD,25.0,6.09224338,6.0711,0.08676352322615115,-0.040736476773848854,0.1275,False,Bittrex,Kraken
842,01-13-2021_21-47-24,ATOM/USD,25.0,6.09224338,6.0853,0.028492706080957875,-0.09900729391904213,0.1275,False,Bittrex,Kraken
843,01-13-2021_21-47-36,ATOM/USD,25.0,6.093,6.086,0.028721483669783655,-0.11627851633021634,0.145,False,Binance US,Coinbase Pro
844,01-13-2021_21-47-46,ATOM/USD,25.0,6.09224337,6.0863,0.024389086413009912,-0.1031109035869901,0.12749999,False,Bittrex,Kraken
845,01-13-2021_21-47-56,ATOM/USD,25.0,6.09224337,6.0861,0.025209802148794504,-0.1022901878512055,0.12749999,False,Bittrex,Kraken
846,01-13-2021_21-48-05,ATOM/USD,25.0,6.09224337,6.0864,0.023978728545113973,-0.10352126145488603,0.12749999,False,Bittrex,Kraken
847,01-13-2021_21-48-15,ATOM/USD,25.0,6.09224337,6.084,0.03382731737455458,-0.14867267262544542,0.18249999,False,Bittrex,Coinbase Pro
848,01-13-2021_21-48-25,ATOM/USD,25.0,6.09224333,6.0725,0.08101830857107213,-0.04648169142892787,0.1275,False,Bittrex,Kraken
849,01-13-2021_21-48-37,ATOM/USD,25.0,6.09224328,6.0732,0.07814559893937785,-0.04935439106062216,0.12749999,False,Bittrex,Kraken
850,01-13-2021_21-48-47,ATOM/USD,25.0,6.0922432,6.0661,0.10728068111266803,-0.020219318887331972,0.1275,False,Bittrex,Kraken
851,01-13-2021_21-48-58,ATOM/USD,25.0,6.09224311,6.0616,0.12574641821869018,-0.0017535717813098317,0.12749999,False,Bittrex,Kraken
852,01-13-2021_21-49-10,ATOM/USD,25.0,6.09224304,6.0629,0.12041147984142,-0.007088520158579997,0.1275,False,Bittrex,Kraken
853,01-13-2021_21-49-21,ATOM/USD,25.0,6.09224298,6.0619,0.12451481375419612,-0.002985186245803878,0.1275,False,Bittrex,Kraken
854,01-13-2021_21-49-31,ATOM/USD,25.0,6.09224291,6.0619,0.1245145279343465,-0.0029854720656534994,0.1275,False,Bittrex,Kraken
855,01-13-2021_21-49-40,ATOM/USD,25.0,6.09224286,6.0612,0.12738682909301915,-0.00011291090698084538,0.12749974,False,Bittrex,Kraken
856,01-13-2021_21-49-52,ATOM/USD,25.0,6.09224276,6.0619,0.1245139154632144,-0.002986084536785602,0.1275,False,Bittrex,Kraken
857,01-13-2021_21-50-03,ATOM/USD,25.0,6.09224275,6.0619,0.12451387463180114,-0.0029861253681988664,0.1275,False,Bittrex,Kraken
858,01-13-2021_21-50-14,ATOM/USD,25.0,6.09224275,6.0619,0.12451387463180114,-0.0029861253681988664,0.1275,False,Bittrex,Kraken
859,01-13-2021_21-50-25,ATOM/USD,25.0,6.09224275,6.0619,0.12451387463180114,-0.0029861253681988664,0.1275,False,Bittrex,Kraken
860,01-13-2021_21-50-36,ATOM/USD,25.0,6.09224275,6.0619,0.12451387463180114,-0.0029861253681988664,0.1275,False,Bittrex,Kraken
861,01-13-2021_21-50-47,ATOM/USD,25.0,6.09224275,6.0619,0.12451387463180114,-0.0029861253681988664,0.1275,False,Bittrex,Kraken
862,01-13-2021_21-50-56,ATOM/USD,25.0,6.09224275,6.0619,0.12451387463180114,-0.0029861253681988664,0.1275,False,Bittrex,Kraken
863,01-13-2021_21-51-05,ATOM/USD,25.0,6.09224275,6.0632,0.11917922180628576,-0.008320518193714238,0.12749974,False,Bittrex,Kraken
864,01-13-2021_21-51-17,ATOM/USD,25.0,6.09224275,6.074,0.07486056756356169,0.008360567563561683,0.0665,False,Bittrex,Binance US
865,01-13-2021_21-51-26,ATOM/USD,25.0,6.09224275,6.0861,0.025207260495322233,-0.10229273950467777,0.1275,False,Bittrex,Kraken
866,01-13-2021_21-51-37,ATOM/USD,25.0,6.09224275,6.0864,0.023976186766356863,-0.10352381323364314,0.1275,False,Bittrex,Kraken
867,01-13-2021_21-51-47,ATOM/USD,25.0,6.096,6.0864,0.039370078740156786,-0.1456299212598432,0.185,False,Coinbase Pro,Kraken
868,01-13-2021_21-51-58,ATOM/USD,25.0,6.12781251,6.0864,0.16895307229300247,0.04145307229300246,0.1275,True,Bittrex,Kraken
869,01-13-2021_21-52-11,ATOM/USD,25.0,6.12781248,6.0864,0.1689529507273694,0.0414529507273694,0.1275,True,Bittrex,Kraken
870,01-13-2021_21-52-21,ATOM/USD,25.0,6.09224425,6.083,0.03793450172323633,-0.028565488276763668,0.06649999,False,Bittrex,Binance US
871,01-13-2021_21-52-32,ATOM/USD,25.0,6.09224425,6.0818,0.04285879542666043,-0.08464093457333957,0.12749973,False,Bittrex,Kraken
872,01-13-2021_21-52-41,ATOM/USD,25.0,6.09224425,6.0822,0.041217364192185725,-0.08628262580781429,0.12749999,False,Bittrex,Kraken
873,01-13-2021_21-52-53,ATOM/USD,25.0,6.09224425,6.0839,0.03424128144566916,-0.09325870855433085,0.12749999,False,Bittrex,Kraken
874,01-13-2021_21-53-03,ATOM/USD,25.0,6.09224425,6.0839,0.03424128144566916,-0.09325870855433085,0.12749999,False,Bittrex,Kraken
875,01-13-2021_21-53-13,ATOM/USD,25.0,6.09224425,6.077,0.06255597024036048,-0.003944019759639511,0.06649999,False,Bittrex,Binance US
876,01-13-2021_21-53-24,ATOM/USD,25.0,6.09224425,6.0761,0.06624919051792764,-0.06125079948207236,0.12749999,False,Bittrex,Kraken
877,01-13-2021_21-53-34,ATOM/USD,25.0,6.09224425,6.0761,0.06624919051792764,-0.06125079948207236,0.12749999,False,Bittrex,Kraken
878,01-13-2021_21-53-44,ATOM/USD,25.0,6.09224425,6.0761,0.06624919051792764,-0.06125079948207236,0.12749999,False,Bittrex,Kraken
879,01-13-2021_21-53-54,ATOM/USD,25.0,6.09224425,6.0761,0.06624919051792764,-0.06125079948207236,0.12749999,False,Bittrex,Kraken
880,01-13-2021_21-54-07,ATOM/USD,25.0,6.09224425,6.0761,0.06624919051792764,-0.06125079948207236,0.12749999,False,Bittrex,Kraken
881,01-13-2021_21-54-17,ATOM/USD,25.0,6.09224425,6.0761,0.06624919051792764,-0.06125079948207236,0.12749999,False,Bittrex,Kraken
882,01-13-2021_21-54-28,ATOM/USD,25.0,6.09224425,6.0761,0.06624919051792764,-0.06125079948207236,0.12749999,False,Bittrex,Kraken
883,01-13-2021_21-54-38,ATOM/USD,25.0,6.09224425,6.0761,0.06624919051792764,-0.06125079948207236,0.12749999,False,Bittrex,Kraken
884,01-13-2021_21-54-48,ATOM/USD,25.0,6.09224425,6.088,0.017416611292300745,-0.11008337870769927,0.12749999,False,Bittrex,Kraken
885,01-13-2021_21-54-59,ATOM/USD,25.0,6.093,6.0873,0.023387493845396512,-0.16161250615460349,0.185,False,Coinbase Pro,Kraken
886,01-13-2021_21-55-09,ATOM/USD,25.0,6.093,6.087,0.024618414574102358,-0.09938158542589764,0.124,False,Coinbase Pro,Binance US
887,01-13-2021_21-55-20,ATOM/USD,25.0,6.095,6.0882,0.027891714520099014,-0.157108285479901,0.185,False,Coinbase Pro,Kraken
888,01-13-2021_21-55-32,ATOM/USD,25.0,6.13049843,6.0882,0.1724918066735426,0.0449918166735426,0.12749999,True,Bittrex,Kraken
889,01-13-2021_21-55-43,ATOM/USD,25.0,6.095,6.0882,0.027891714520099014,-0.157108285479901,0.185,False,Coinbase Pro,Kraken
890,01-13-2021_21-55-54,ATOM/USD,25.0,6.13049812,6.0882,0.17249055122457477,0.044990551224574765,0.1275,True,Bittrex,Kraken
891,01-13-2021_21-56-05,ATOM/USD,25.0,6.13049803,6.0882,0.17249018673936525,0.04499018673936525,0.1275,True,Bittrex,Kraken
892,01-13-2021_21-56-15,ATOM/USD,25.0,6.13049796,6.0882,0.17248990325086075,0.04498990325086075,0.1275,True,Bittrex,Kraken
893,01-13-2021_21-56-26,ATOM/USD,25.0,6.1304978,6.0882,0.17248925527711653,0.04498925527711653,0.1275,True,Bittrex,Kraken
894,01-13-2021_21-56-38,ATOM/USD,25.0,6.1304978,6.0882,0.17248925527711653,0.04498925527711653,0.1275,True,Bittrex,Kraken
895,01-13-2021_21-56-49,ATOM/USD,25.0,6.1304978,6.0938,0.14965261059224172,0.022152610592241717,0.1275,True,Bittrex,Kraken
896,01-13-2021_21-57-02,ATOM/USD,25.0,6.1304978,6.0938,0.14965261059224172,0.022152610592241717,0.1275,True,Bittrex,Kraken
897,01-13-2021_21-57-13,ATOM/USD,25.0,6.1304976,6.0938,0.1496517998799971,0.022151809879997097,0.12749999,True,Bittrex,Kraken
898,01-13-2021_21-57-25,ATOM/USD,25.0,6.1304976,6.0938,0.1496517998799971,0.022151809879997097,0.12749999,True,Bittrex,Kraken
899,01-13-2021_21-57-36,ATOM/USD,25.0,6.1304975,6.0938,0.1496513945238532,0.0221513945238532,0.1275,True,Bittrex,Kraken
900,01-13-2021_21-57-48,ATOM/USD,25.0,6.1304975,6.0938,0.1496513945238532,0.0221513945238532,0.1275,True,Bittrex,Kraken
901,01-13-2021_21-58-00,ATOM/USD,25.0,6.1304975,6.116,0.05912040580719612,-0.12337959419280387,0.1825,False,Bittrex,Coinbase Pro
902,01-13-2021_21-58-11,ATOM/USD,25.0,6.1304974,6.12,0.042808108849374166,-0.13969189115062583,0.1825,False,Bittrex,Coinbase Pro
903,01-13-2021_21-58-22,ATOM/USD,25.0,6.1304974,6.12,0.042808108849374166,-0.13969189115062583,0.1825,False,Bittrex,Coinbase Pro
904,01-13-2021_21-58-32,ATOM/USD,25.0,6.135,6.128,0.028524857375711792,-0.16647514262428822,0.195,False,Coinbase Pro,Kraken
905,01-13-2021_21-58-44,ATOM/USD,25.0,6.16599988,6.145,0.08514385504659074,-0.10735613495340927,0.19249999,False,Bittrex,Coinbase Pro
906,01-13-2021_21-58-56,ATOM/USD,25.0,6.16599988,6.15,0.06487139276428211,-0.11762859723571789,0.18249999,False,Bittrex,Coinbase Pro
907,01-13-2021_21-59-08,ATOM/USD,25.0,6.16599988,6.1533,0.05149156765796288,-0.07600842234203713,0.12749999,False,Bittrex,Kraken
908,01-13-2021_21-59-18,ATOM/USD,25.0,6.16599988,6.1533,0.05149156765796288,-0.07600842234203713,0.12749999,False,Bittrex,Kraken
909,01-13-2021_21-59-28,ATOM/USD,25.0,6.17727604,6.162,0.06182352828772011,-0.12067647171227988,0.1825,False,Bittrex,Coinbase Pro
910,01-13-2021_21-59-40,ATOM/USD,25.0,6.17727584,6.1664,0.04401551865943446,-0.08348448134056555,0.1275,False,Bittrex,Kraken
911,01-13-2021_21-59-50,ATOM/USD,25.0,6.17727584,6.1693,0.032278953565396756,-0.09522104643460325,0.1275,False,Bittrex,Kraken
912,01-13-2021_22-00-00,ATOM/USD,25.0,6.179,6.1693,0.03924583265900828,-0.05075416734099172,0.09,False,Binance US,Kraken
913,01-13-2021_22-00-09,ATOM/USD,25.0,6.179,6.1695,0.03843664023304768,-0.05156335976695232,0.09,False,Binance US,Kraken
914,01-13-2021_22-00-19,ATOM/USD,25.0,6.179,6.1695,0.03843664023304768,-0.05156335976695232,0.09,False,Binance US,Kraken
915,01-13-2021_22-00-29,ATOM/USD,25.0,6.17727594,6.1688,0.034302903425098945,-0.09319709657490105,0.1275,False,Bittrex,Kraken
916,01-13-2021_22-00-39,ATOM/USD,25.0,6.17727594,6.1695,0.03146993948274289,-0.09603006051725711,0.1275,False,Bittrex,Kraken
917,01-13-2021_22-00-49,ATOM/USD,25.0,6.17727594,6.1713,0.024185175059545705,-0.1033145649404543,0.12749974,False,Bittrex,Kraken
918,01-13-2021_22-01-01,ATOM/USD,25.0,6.178,6.1713,0.02711233408870335,-0.15788740591129666,0.18499974,False,Coinbase Pro,Kraken
919,01-13-2021_22-01-11,ATOM/USD,25.0,6.17727605,6.1712,0.024590328936327403,-0.1029096710636726,0.1275,False,Bittrex,Kraken
920,01-13-2021_22-01-22,ATOM/USD,25.0,6.17727604,6.1712,0.02459028850522256,-0.10290971149477744,0.1275,False,Bittrex,Kraken
921,01-13-2021_22-01-32,ATOM/USD,25.0,6.17727604,6.1683,0.036326853219268665,-0.09117314678073134,0.1275,False,Bittrex,Kraken
922,01-13-2021_22-01-43,ATOM/USD,25.0,6.17727603,6.1673,0.040373904094422514,-0.08712609590557749,0.1275,False,Bittrex,Kraken
923,01-13-2021_22-01-55,ATOM/USD,25.0,6.178,6.1713,0.02711233408870335,-0.06288740591129664,0.08999974,False,Binance US,Kraken
924,01-13-2021_22-02-06,ATOM/USD,25.0,6.17727603,6.1693,0.03227972151990763,-0.09522027848009237,0.1275,False,Bittrex,Kraken
925,01-13-2021_22-02-17,ATOM/USD,25.0,6.17727605,6.165,0.049682294836085765,-0.13281770516391422,0.1825,False,Bittrex,Coinbase Pro
926,01-13-2021_22-02-28,ATOM/USD,25.0,6.16599998,6.1497,0.06608814487864885,-0.06141185512135115,0.1275,False,Bittrex,Kraken
927,01-13-2021_22-02-40,ATOM/USD,25.0,6.16599998,6.1489,0.06933173879121286,-0.05816800120878714,0.12749974,False,Bittrex,Kraken
928,01-13-2021_22-02-51,ATOM/USD,25.0,6.16599998,6.1476,0.07460257889913208,-0.052897421100867925,0.1275,False,Bittrex,Kraken
929,01-13-2021_22-03-03,ATOM/USD,25.0,6.16599998,6.1391,0.10906576422012737,-0.018434235779872632,0.1275,False,Bittrex,Kraken
930,01-13-2021_22-03-15,ATOM/USD,25.0,6.16599998,6.1399,0.10582217030756336,-0.021677829692436645,0.1275,False,Bittrex,Kraken
931,01-13-2021_22-03-25,ATOM/USD,25.0,6.16599998,6.1486,0.07054808650842527,-0.05695165349157473,0.12749974,False,Bittrex,Kraken
932,01-13-2021_22-03-35,ATOM/USD,25.0,6.16599998,6.1637,0.009325251408771502,-0.1181744885912285,0.12749974,False,Bittrex,Kraken
933,01-13-2021_22-03-46,ATOM/USD,25.0,6.16599998,6.1617,0.017434236190185123,-0.11006576380981488,0.1275,False,Bittrex,Kraken
934,01-13-2021_22-03-57,ATOM/USD,25.0,6.166,6.1638,0.008919883230620344,-0.08108011676937965,0.09,False,Binance US,Kraken
935,01-13-2021_22-04-07,ATOM/USD,25.0,6.16599997,6.1611,0.01986689111190273,-0.10763283888809727,0.12749973,False,Bittrex,Kraken
936,01-13-2021_22-04-18,ATOM/USD,25.0,6.168,6.1601,0.032020103761349866,-0.15297989623865013,0.185,False,Coinbase Pro,Kraken
937,01-13-2021_22-04-29,ATOM/USD,25.0,6.166,6.163,0.01216347713266345,-0.13283652286733655,0.145,False,Binance US,Coinbase Pro
938,01-13-2021_22-04-39,ATOM/USD,25.0,6.16599997,6.1598,0.025137731228370177,-0.10236199877162983,0.12749973,False,Bittrex,Kraken
939,01-13-2021_22-04-50,ATOM/USD,25.0,6.166,6.1602,0.023516055789817924,-0.06648368421018207,0.08999974,False,Binance US,Kraken
940,01-13-2021_22-05-02,ATOM/USD,25.0,6.16599997,6.1602,0.023515934269457948,-0.10398379573054206,0.12749973,False,Bittrex,Kraken
941,01-13-2021_22-05-12,ATOM/USD,25.0,6.16599997,6.1575,0.0344630637421164,-0.09303692625788361,0.12749999,False,Bittrex,Kraken
942,01-13-2021_22-05-24,ATOM/USD,25.0,6.166,6.1597,0.025543301978593967,-0.06445669802140602,0.09,False,Binance US,Kraken
943,01-13-2021_22-05-35,ATOM/USD,25.0,6.166,6.1613,0.01905611417450775,-0.16594388582549224,0.185,False,Coinbase Pro,Kraken
944,01-13-2021_22-05-47,ATOM/USD,25.0,6.166,6.1598,0.02513785274083948,-0.1598618872591605,0.18499974,False,Coinbase Pro,Kraken
945,01-13-2021_22-05-58,ATOM/USD,25.0,6.16599997,6.1577,0.03365216526265848,-0.09384756473734152,0.12749973,False,Bittrex,Kraken
946,01-13-2021_22-06-08,ATOM/USD,25.0,6.16599997,6.1608,0.021083238831087803,-0.10641675116891221,0.12749999,False,Bittrex,Kraken
947,01-13-2021_22-06-19,ATOM/USD,25.0,6.16599997,6.1599,0.024732281988639422,-0.10276770801136059,0.12749999,False,Bittrex,Kraken
948,01-13-2021_22-06-31,ATOM/USD,25.0,6.16599997,6.15,0.0648717567217216,-0.0626279732782784,0.12749973,False,Bittrex,Kraken
949,01-13-2021_22-06-43,ATOM/USD,25.0,6.16599997,6.1469,0.07744068315329589,-0.05005930684670412,0.12749999,False,Bittrex,Kraken
950,01-13-2021_22-06-54,ATOM/USD,25.0,6.16599997,6.1469,0.07744068315329589,-0.05005930684670412,0.12749999,False,Bittrex,Kraken
951,01-13-2021_22-07-04,ATOM/USD,25.0,6.16599997,6.1407,0.10257853601643724,-0.02492145398356277,0.12749999,False,Bittrex,Kraken
952,01-13-2021_22-07-14,ATOM/USD,25.0,6.16599995,6.131,0.14190703164050286,-0.040592968359497134,0.1825,False,Bittrex,Coinbase Pro
953,01-13-2021_22-07-24,ATOM/USD,25.0,6.16599991,6.128,0.1540703476915876,0.026570347691587587,0.1275,True,Bittrex,Kraken
954,01-13-2021_22-07-37,ATOM/USD,25.0,6.16599982,6.1321,0.13744656580284884,0.009946565802848834,0.1275,True,Bittrex,Kraken
955,01-13-2021_22-07-48,ATOM/USD,25.0,6.16599967,6.1271,0.15771842394535546,0.030218423945355455,0.1275,True,Bittrex,Kraken
956,01-13-2021_22-07-59,ATOM/USD,25.0,6.16599964,6.1258,0.16298914347649873,0.03548914347649873,0.1275,True,Bittrex,Kraken
957,01-13-2021_22-08-11,ATOM/USD,25.0,6.16599955,6.133,0.1337964337023039,-0.0587035662976961,0.1925,False,Bittrex,Coinbase Pro
958,01-13-2021_22-08-21,ATOM/USD,25.0,6.16599947,6.133,0.13379611107880954,0.00629612107880953,0.12749999,False,Bittrex,Kraken
959,01-13-2021_22-08-32,ATOM/USD,25.0,6.16599939,6.1297,0.14717561462489834,0.019675614624898335,0.1275,True,Bittrex,Kraken
960,01-13-2021_22-08-43,ATOM/USD,25.0,6.16599923,6.1297,0.14717496972506117,0.019674969725061164,0.1275,True,Bittrex,Kraken
961,01-13-2021_22-08-54,ATOM/USD,25.0,6.16599909,6.127,0.15812153647268828,0.030621536472688282,0.1275,True,Bittrex,Kraken
962,01-13-2021_22-09-05,ATOM/USD,25.0,6.16599909,6.1248,0.1670414210197366,0.039541421019736595,0.1275,True,Bittrex,Kraken
963,01-13-2021_22-09-17,ATOM/USD,25.0,6.16599909,6.1248,0.1670414210197366,0.039541421019736595,0.1275,True,Bittrex,Kraken
964,01-13-2021_22-09-30,ATOM/USD,25.0,6.16599909,6.1285,0.15203979700879203,0.024539797008792025,0.1275,True,Bittrex,Kraken
965,01-13-2021_22-09-43,ATOM/USD,25.0,6.16599909,6.131,0.14190356456896372,0.07540356456896372,0.0665,True,Bittrex,Binance US
966,01-13-2021_22-09-55,ATOM/USD,25.0,6.16599909,6.131,0.14190356456896372,0.07540356456896372,0.0665,True,Bittrex,Binance US
967,01-13-2021_22-10-06,ATOM/USD,25.0,6.16599909,6.131,0.14190356456896372,0.07540356456896372,0.0665,True,Bittrex,Binance US
968,01-13-2021_22-10-17,ATOM/USD,25.0,6.16599909,6.1311,0.1414981152713716,0.013998115271371597,0.1275,True,Bittrex,Kraken
969,01-13-2021_22-10-29,ATOM/USD,25.0,6.16599909,6.1326,0.13541637580747534,0.00791637580747534,0.1275,False,Bittrex,Kraken
970,01-13-2021_22-10-40,ATOM/USD,25.0,6.16599909,6.1311,0.1414981152713716,0.013998115271371597,0.1275,True,Bittrex,Kraken
971,01-13-2021_22-10-52,ATOM/USD,25.0,6.16599909,6.1375,0.11554936022541445,-0.011950639774585547,0.1275,False,Bittrex,Kraken
972,01-13-2021_22-11-03,ATOM/USD,25.0,6.16599909,6.1384,0.11190031654707813,-0.01559968345292187,0.1275,False,Bittrex,Kraken
973,01-13-2021_22-11-13,ATOM/USD,25.0,6.16599909,6.1396,0.10703492497596186,-0.020465075024038146,0.1275,False,Bittrex,Kraken
974,01-13-2021_22-11-24,ATOM/USD,25.0,6.16599909,6.146,0.08108616993000471,0.014586169930004708,0.0665,True,Bittrex,Binance US
975,01-13-2021_22-11-35,ATOM/USD,25.0,6.16599909,6.1419,0.0977095911313214,-0.029790408868678606,0.1275,False,Bittrex,Kraken
976,01-13-2021_22-11-47,ATOM/USD,25.0,6.16599909,6.1434,0.09162785166742514,-0.03587214833257486,0.1275,False,Bittrex,Kraken
977,01-13-2021_22-11-58,ATOM/USD,25.0,6.16599909,6.1443,0.08797880798908522,-0.03952093201091478,0.12749974,False,Bittrex,Kraken
978,01-13-2021_22-12-09,ATOM/USD,25.0,6.16599909,6.1443,0.08797880798908522,-0.03952093201091478,0.12749974,False,Bittrex,Kraken
979,01-13-2021_22-12-20,ATOM/USD,25.0,6.16599909,6.146,0.08108616993000471,0.014586169930004708,0.0665,True,Bittrex,Binance US
980,01-13-2021_22-12-30,ATOM/USD,25.0,6.16599909,6.146,0.08108616993000471,0.014586169930004708,0.0665,True,Bittrex,Binance US
981,01-13-2021_22-12-42,ATOM/USD,25.0,6.16599909,6.146,0.08108616993000471,0.014586169930004708,0.0665,True,Bittrex,Binance US
982,01-13-2021_22-12-53,ATOM/USD,25.0,6.16599909,6.1471,0.07662622765648056,-0.05087377234351945,0.1275,False,Bittrex,Kraken
983,01-13-2021_22-13-04,ATOM/USD,25.0,6.16599909,6.1444,0.0875733586914931,-0.0399266413085069,0.1275,False,Bittrex,Kraken
984,01-13-2021_22-13-16,ATOM/USD,25.0,6.16599899,6.15,0.06486779362900907,-0.11763220637099092,0.1825,False,Bittrex,Coinbase Pro
985,01-13-2021_22-13-28,ATOM/USD,25.0,6.16599899,6.1485,0.07094953319153881,-0.056550466808461194,0.1275,False,Bittrex,Kraken
986,01-13-2021_22-13-39,ATOM/USD,25.0,6.16599899,6.1496,0.06648959084568343,-0.061010409154316575,0.1275,False,Bittrex,Kraken
987,01-13-2021_22-13-50,ATOM/USD,25.0,6.16599899,6.1496,0.06648959084568343,-0.061010409154316575,0.1275,False,Bittrex,Kraken
988,01-13-2021_22-14-03,ATOM/USD,25.0,6.16599899,6.1478,0.07378767832071984,-0.053712061679280165,0.12749974,False,Bittrex,Kraken
989,01-13-2021_22-14-13,ATOM/USD,25.0,6.16599899,6.1479,0.07338222901655214,-0.05411777098344786,0.1275,False,Bittrex,Kraken
990,01-13-2021_22-14-26,ATOM/USD,25.0,6.16599899,6.149,0.06892228667069676,0.0024222866706967577,0.0665,False,Bittrex,Binance US
991,01-13-2021_22-14-36,ATOM/USD,25.0,6.16599879,6.1494,0.0672996807383405,-0.0602003192616595,0.1275,False,Bittrex,Kraken
992,01-13-2021_22-14-46,ATOM/USD,25.0,6.16599869,6.1502,0.06405568178932117,-0.06344430821067884,0.12749999,False,Bittrex,Kraken
993,01-13-2021_22-14-56,ATOM/USD,25.0,6.16599859,6.147,0.07702965595391019,0.010529655953910186,0.0665,True,Bittrex,Binance US
994,01-13-2021_22-15-07,ATOM/USD,25.0,6.16599859,6.147,0.07702965595391019,0.010529655953910186,0.0665,True,Bittrex,Binance US
995,01-13-2021_22-15-18,ATOM/USD,25.0,6.16599859,6.147,0.07702965595391019,0.010529655953910186,0.0665,True,Bittrex,Binance US
996,01-13-2021_22-15-29,ATOM/USD,25.0,6.16599859,6.147,0.07702965595391019,0.010529655953910186,0.0665,True,Bittrex,Binance US
997,01-13-2021_22-15-41,ATOM/USD,25.0,6.16599859,6.147,0.07702965595391019,0.010529655953910186,0.0665,True,Bittrex,Binance US
998,01-13-2021_22-15-51,ATOM/USD,25.0,6.16599859,6.147,0.07702965595391019,0.010529655953910186,0.0665,True,Bittrex,Binance US
999,01-13-2021_22-16-02,ATOM/USD,25.0,6.16599859,6.147,0.07702965595391019,0.010529655953910186,0.0665,True,Bittrex,Binance US
1000,01-13-2021_22-16-14,ATOM/USD,25.0,6.16599859,6.147,0.07702965595391019,0.010529655953910186,0.0665,True,Bittrex,Binance US
1001,01-13-2021_22-16-24,ATOM/USD,25.0,6.16599859,6.147,0.07702965595391019,0.010529655953910186,0.0665,True,Bittrex,Binance US
1002,01-13-2021_22-16-33,ATOM/USD,25.0,6.16599859,6.147,0.07702965595391019,0.010529655953910186,0.0665,True,Bittrex,Binance US
1003,01-13-2021_22-16-44,ATOM/USD,25.0,6.16599859,6.15,0.0648661760397828,-0.0626335639602172,0.12749974,False,Bittrex,Kraken
1004,01-13-2021_22-16-54,ATOM/USD,25.0,6.16599859,6.15,0.0648661760397828,-0.0016338239602172039,0.0665,False,Bittrex,Binance US
1005,01-13-2021_22-17-05,ATOM/USD,25.0,6.16599859,6.1502,0.0640552773788429,-0.0634447226211571,0.1275,False,Bittrex,Kraken
1006,01-13-2021_22-17-16,ATOM/USD,25.0,6.16599859,6.1502,0.0640552773788429,-0.0634447226211571,0.1275,False,Bittrex,Kraken
1007,01-13-2021_22-17-25,ATOM/USD,25.0,6.16599859,6.1498,0.0656770747007263,-0.061822925299273704,0.1275,False,Bittrex,Kraken
1008,01-13-2021_22-17-37,ATOM/USD,25.0,6.16599859,6.1489,0.06932611867496308,-0.05817362132503692,0.12749974,False,Bittrex,Kraken
1009,01-13-2021_22-17-47,ATOM/USD,25.0,6.16599859,6.1502,0.0640552773788429,-0.0634447226211571,0.1275,False,Bittrex,Kraken
1010,01-13-2021_22-17-59,ATOM/USD,25.0,6.16599859,6.1502,0.0640552773788429,-0.0634447226211571,0.1275,False,Bittrex,Kraken
1011,01-13-2021_22-18-09,ATOM/USD,25.0,6.16599859,6.1502,0.0640552773788429,-0.0634447226211571,0.1275,False,Bittrex,Kraken
1012,01-13-2021_22-18-20,ATOM/USD,25.0,6.16599859,6.1502,0.0640552773788429,-0.0634447226211571,0.1275,False,Bittrex,Kraken
1013,01-13-2021_22-18-30,ATOM/USD,25.0,6.16599859,6.1502,0.0640552773788429,-0.0634447226211571,0.1275,False,Bittrex,Kraken
1014,01-13-2021_22-18-41,ATOM/USD,25.0,6.16599859,6.1502,0.0640552773788429,-0.0634447226211571,0.1275,False,Bittrex,Kraken
1015,01-13-2021_22-18-51,ATOM/USD,25.0,6.16599859,6.1502,0.0640552773788429,-0.0634447226211571,0.1275,False,Bittrex,Kraken
1016,01-13-2021_22-19-01,ATOM/USD,25.0,6.16599859,6.1502,0.0640552773788429,-0.0634447226211571,0.1275,False,Bittrex,Kraken
1017,01-13-2021_22-19-10,ATOM/USD,25.0,6.16599859,6.1502,0.0640552773788429,-0.0634447226211571,0.1275,False,Bittrex,Kraken
1018,01-13-2021_22-19-21,ATOM/USD,25.0,6.16599859,6.1482,0.07216426398825995,-0.05533573601174005,0.1275,False,Bittrex,Kraken
1019,01-13-2021_22-19-31,ATOM/USD,25.0,6.16599859,6.1499,0.06527162537025635,-0.06222837462974365,0.1275,False,Bittrex,Kraken
1020,01-13-2021_22-19-41,ATOM/USD,25.0,6.16599859,6.1499,0.06527162537025635,-0.06222837462974365,0.1275,False,Bittrex,Kraken
1021,01-13-2021_22-19-52,ATOM/USD,25.0,6.16599859,6.1483,0.07175881465779001,-0.055741185342209995,0.1275,False,Bittrex,Kraken
1022,01-13-2021_22-20-02,ATOM/USD,25.0,6.16599859,6.1486,0.07054246666637655,-0.05695727333362345,0.12749974,False,Bittrex,Kraken
1023,01-13-2021_22-20-13,ATOM/USD,25.0,6.16599849,6.1418,0.09811261728025435,-0.02938711271974566,0.12749973,False,Bittrex,Kraken
1024,01-13-2021_22-20-24,ATOM/USD,25.0,6.16599849,6.1467,0.07824559976497708,-0.049254130235022925,0.12749973,False,Bittrex,Kraken
1025,01-13-2021_22-20-35,ATOM/USD,25.0,6.16599849,6.1483,0.07175841037223438,-0.05574157962776563,0.12749999,False,Bittrex,Kraken
1026,01-13-2021_22-20-45,ATOM/USD,25.0,6.16599849,6.149,0.06892026501290853,0.002420275012908535,0.06649999,False,Bittrex,Binance US
1027,01-13-2021_22-20-56,ATOM/USD,25.0,6.16599849,6.148,0.07297475838337453,0.006474768383374532,0.06649999,False,Bittrex,Binance US
1028,01-13-2021_22-21-07,ATOM/USD,25.0,6.16599849,6.149,0.06892026501290853,0.002420275012908535,0.06649999,False,Bittrex,Binance US
1029,01-13-2021_22-21-17,ATOM/USD,25.0,6.16599849,6.149,0.06892026501290853,0.002420275012908535,0.06649999,False,Bittrex,Binance US
1030,01-13-2021_22-21-28,ATOM/USD,25.0,6.16599849,6.1501,0.06446032230539701,-0.063039667694603,0.12749999,False,Bittrex,Kraken
1031,01-13-2021_22-21-41,ATOM/USD,25.0,6.16599849,6.1502,0.0640548729683515,-0.06344511703164851,0.12749999,False,Bittrex,Kraken
1032,01-13-2021_22-21-51,ATOM/USD,25.0,6.16599849,6.1521,0.05635133556446863,-0.07114865443553138,0.12749999,False,Bittrex,Kraken
1033,01-13-2021_22-22-02,ATOM/USD,25.0,6.16599849,6.1521,0.05635133556446863,-0.07114865443553138,0.12749999,False,Bittrex,Kraken
1034,01-13-2021_22-22-13,ATOM/USD,25.0,6.16599849,6.1502,0.0640548729683515,-0.06344511703164851,0.12749999,False,Bittrex,Kraken
1035,01-13-2021_22-22-24,ATOM/USD,25.0,6.16599849,6.1521,0.05635133556446863,-0.07114865443553138,0.12749999,False,Bittrex,Kraken
1036,01-13-2021_22-22-34,ATOM/USD,25.0,6.16599849,6.1529,0.05310774086809727,-0.07439224913190273,0.12749999,False,Bittrex,Kraken
1037,01-13-2021_22-22-44,ATOM/USD,25.0,6.16599849,6.154,0.04864779816058575,-0.017852191839414243,0.06649999,False,Bittrex,Binance US
1038,01-13-2021_22-22-55,ATOM/USD,25.0,6.16599849,6.155,0.044593304790119755,-0.02190668520988024,0.06649999,False,Bittrex,Binance US
1039,01-13-2021_22-23-06,ATOM/USD,25.0,6.16599849,6.152,0.056756784901514146,-0.07074320509848586,0.12749999,False,Bittrex,Kraken
1040,01-13-2021_22-23-15,ATOM/USD,25.0,6.16599849,6.1535,0.050675044845816954,-0.07682468515418306,0.12749973,False,Bittrex,Kraken
1041,01-13-2021_22-23-25,ATOM/USD,25.0,6.16599849,6.1535,0.050675044845816954,-0.07682468515418306,0.12749973,False,Bittrex,Kraken
1042,01-13-2021_22-23-37,ATOM/USD,25.0,6.16599849,6.1535,0.050675044845816954,-0.07682468515418306,0.12749973,False,Bittrex,Kraken
1043,01-13-2021_22-23-47,ATOM/USD,25.0,6.16599838,6.155,0.04459285959137452,-0.021907140408625486,0.0665,False,Bittrex,Binance US
1044,01-13-2021_22-23-58,ATOM/USD,25.0,6.169,6.1565,0.050656508348189695,-0.1343434916518103,0.185,False,Coinbase Pro,Kraken
1045,01-13-2021_22-24-09,ATOM/USD,25.0,6.17727594,6.1565,0.08408212698362981,-0.04341787301637019,0.1275,False,Bittrex,Kraken
1046,01-13-2021_22-24-20,ATOM/USD,25.0,6.17727594,6.1565,0.08408212698362981,-0.04341787301637019,0.1275,False,Bittrex,Kraken
