,Date,Symbol,Investment,High,Low,Adjusted Spread,Adj. Spread after fees,Fees,Profitable,Sell exchange,Buy exchange
0,01-13-2021_19-15-04,BTC/USD,25.0,35850.1,35809.153,0.028554313656028937,-0.09844568634397106,0.127,False,Kraken,Bittrex
1,01-13-2021_19-15-15,BTC/USD,25.0,35839.5,35800.932,0.02690327711045027,-0.10009672288954974,0.127,False,Kraken,Bittrex
2,01-13-2021_19-15-26,BTC/USD,25.0,35824.1,35800.922,0.016174865523488298,-0.11082513447651171,0.127,False,Kraken,Bittrex
3,01-13-2021_19-15-37,BTC/USD,25.0,35824.1,35789.598,0.0240773669122186,-0.1029226330877814,0.127,False,Kraken,Bittrex
4,01-13-2021_19-15-48,BTC/USD,25.0,35793.1,35755.022,0.02659590814989575,-0.10040409185010425,0.127,False,Kraken,Bittrex
5,01-13-2021_19-15-58,BTC/USD,25.0,35772.7,35738.114,0.024170666457938382,-0.10256932354206161,0.12673999,False,Kraken,Bittrex
6,01-13-2021_19-16-09,BTC/USD,25.0,35791.96,35738.114,0.037610401889137765,-0.05438959811086223,0.092,False,Binance US,Bittrex
7,01-13-2021_19-16-19,BTC/USD,25.0,35788.52,35748.668,0.02783853593275089,-0.06416146406724911,0.092,False,Binance US,Bittrex
8,01-13-2021_19-16-30,BTC/USD,25.0,35777.18,35739.944,0.026019378833097764,-0.055980621166902236,0.082,False,Binance US,Bittrex
9,01-13-2021_19-16-40,BTC/USD,25.0,35776.9,35717.58,0.04145132753256969,-0.02354967246743031,0.065001,False,Kraken,Binance US
10,01-13-2021_19-16-52,BTC/USD,25.0,35696.3,35662.529,0.02365161095127551,-0.1033483890487245,0.127,False,Kraken,Bittrex
11,01-13-2021_19-17-05,BTC/USD,25.0,35608.407,35598.13,0.007215290479016558,-0.17478470952098343,0.182,False,Bittrex,Coinbase Pro
12,01-13-2021_19-17-16,BTC/USD,25.0,35654.5,35631.784,0.01592786324306914,-0.11107213675693087,0.127,False,Kraken,Bittrex
13,01-13-2021_19-17-27,BTC/USD,25.0,35661.45,35640.313,0.01481782148510168,-0.06718217851489833,0.082,False,Binance US,Bittrex
14,01-13-2021_19-17-38,BTC/USD,25.0,35684.749,35663.89,0.014613385679134254,-0.16738661432086574,0.182,False,Bittrex,Coinbase Pro
15,01-13-2021_19-17-49,BTC/USD,25.0,35679.8,35661.26,0.012990543668967366,-0.17200945633103262,0.185,False,Kraken,Coinbase Pro
16,01-13-2021_19-18-00,BTC/USD,25.0,35670.1,35642.26,0.019512140420125335,-0.10748785957987467,0.127,False,Kraken,Bittrex
17,01-13-2021_19-18-12,BTC/USD,25.0,35670.07,35646.69,0.016386286878605355,-0.06561371312139465,0.082,False,Binance US,Bittrex
18,01-13-2021_19-18-24,BTC/USD,25.0,35723.82,35694.68,0.020392556003248963,-0.07160744399675104,0.092,False,Binance US,Bittrex
19,01-13-2021_19-18-35,BTC/USD,25.0,35714.64,35688.82,0.018073820707698376,-0.12192617929230161,0.13999999999999999,False,Binance US,Coinbase Pro
20,01-13-2021_19-18-45,BTC/USD,25.0,35708.94,35690.1,0.013189974275352184,-0.11381002572464782,0.127,False,Bittrex,Kraken
21,01-13-2021_19-18-56,BTC/USD,25.0,35709.2,35690.96,0.012769818422141888,-0.11423018157785811,0.127,False,Kraken,Bittrex
22,01-13-2021_19-19-08,BTC/USD,25.0,35705.8,35677.17,0.020045762873261947,-0.16495423712673804,0.185,False,Kraken,Coinbase Pro
23,01-13-2021_19-19-19,BTC/USD,25.0,35715.29,35695.584,0.013793812118002059,-0.06820618788199795,0.082,False,Binance US,Bittrex
24,01-13-2021_19-19-30,BTC/USD,25.0,35713.9,35695.483,0.012892039234024622,-0.11410796076597537,0.127,False,Kraken,Bittrex
25,01-13-2021_19-19-42,BTC/USD,25.0,35721.8,35704.34,0.01221942903213612,-0.052781570967863886,0.065001,False,Kraken,Binance US
26,01-13-2021_19-19-53,BTC/USD,25.0,35706.6,35678.517,0.019662331333702116,-0.10733766866629789,0.127,False,Kraken,Bittrex
27,01-13-2021_19-20-04,BTC/USD,25.0,35689.5,35673.84,0.01096961291136293,-0.05403138708863707,0.065001,False,Kraken,Binance US
28,01-13-2021_19-20-16,BTC/USD,25.0,35680.1,35659.6,0.01436374898052416,-0.11263625101947584,0.127,False,Kraken,Bittrex
29,01-13-2021_19-20-27,BTC/USD,25.0,35692.45,35662.62,0.02089377445369712,-0.11910622554630287,0.13999999999999999,False,Binance US,Coinbase Pro
30,01-13-2021_19-20-38,BTC/USD,25.0,35722.33,35712.09,0.007166385843256331,-0.13283361415674366,0.13999999999999999,False,Binance US,Coinbase Pro
31,01-13-2021_19-20-49,BTC/USD,25.0,35741.4,35713.91,0.019228401797354022,-0.10777159820264598,0.127,False,Kraken,Bittrex
32,01-13-2021_19-20-59,BTC/USD,25.0,35743.1,35713.77,0.020514448942594337,-0.10648555105740566,0.127,False,Kraken,Bittrex
33,01-13-2021_19-21-09,BTC/USD,25.0,35766.3,35733.59,0.02286370130542326,-0.16213629869457674,0.185,False,Kraken,Coinbase Pro
34,01-13-2021_19-21-19,BTC/USD,25.0,35792.0,35751.91,0.028002067501115127,-0.09899793249888487,0.127,False,Kraken,Bittrex
35,01-13-2021_19-21-30,BTC/USD,25.0,35789.8,35751.91,0.026467038094652257,-0.10053296190534775,0.127,False,Kraken,Bittrex
36,01-13-2021_19-21-41,BTC/USD,25.0,35777.3,35751.9,0.017748684221560496,-0.10925131577843951,0.127,False,Kraken,Bittrex
37,01-13-2021_19-21-52,BTC/USD,25.0,35794.4,35751.9,0.0296834141653443,-0.0973165858346557,0.127,False,Kraken,Bittrex
38,01-13-2021_19-22-02,BTC/USD,25.0,35787.6,35751.9,0.024938805619821595,-0.10206119438017841,0.127,False,Kraken,Bittrex
39,01-13-2021_19-22-13,BTC/USD,25.0,35779.4,35751.9,0.01921496727167029,-0.1077850327283297,0.127,False,Kraken,Bittrex
40,01-13-2021_19-22-23,BTC/USD,25.0,35779.5,35751.9,0.019284785980798042,-0.10771521401920196,0.127,False,Kraken,Bittrex
41,01-13-2021_19-22-32,BTC/USD,25.0,35775.1,35733.98,0.028735069922931972,-0.036265930077068034,0.065001,False,Kraken,Binance US
42,01-13-2021_19-22-42,BTC/USD,25.0,35750.1,35724.61,0.01782512496468399,-0.04717587503531601,0.065001,False,Kraken,Binance US
43,01-13-2021_19-22-52,BTC/USD,25.0,35767.7,35758.04,0.006751901855582144,-0.12024809814441786,0.127,False,Kraken,Bittrex
44,01-13-2021_19-23-01,BTC/USD,25.0,35771.39,35754.72,0.011650371987220971,-0.12834962801277902,0.13999999999999999,False,Binance US,Coinbase Pro
45,01-13-2021_19-23-11,BTC/USD,25.0,35767.7,35751.89,0.011050472912710121,-0.11594952708728988,0.127,False,Kraken,Bittrex
46,01-13-2021_19-23-21,BTC/USD,25.0,35767.7,35751.88,0.011057462459145899,-0.1159425375408541,0.127,False,Kraken,Bittrex
47,01-13-2021_19-23-31,BTC/USD,25.0,35791.5,35751.889,0.02766788203902962,-0.09933211796097038,0.127,False,Kraken,Bittrex
48,01-13-2021_19-23-40,BTC/USD,25.0,35799.1,35751.89,0.03296870591718725,-0.09403129408281274,0.127,False,Kraken,Bittrex
49,01-13-2021_19-23-49,BTC/USD,25.0,35791.1,35751.889,0.027388792185763844,-0.09961120781423616,0.127,False,Kraken,Bittrex
50,01-13-2021_19-24-00,BTC/USD,25.0,35786.7,35751.89,0.024317693444769757,-0.10268230655523025,0.127,False,Kraken,Bittrex
51,01-13-2021_19-24-11,BTC/USD,25.0,35795.9,35783.45,0.0086951298891803,-0.11830487011081971,0.127,False,Kraken,Bittrex
52,01-13-2021_19-24-20,BTC/USD,25.0,35800.0,35795.209,0.003345670391059664,-0.08865432960894033,0.092,False,Binance US,Bittrex
53,01-13-2021_19-24-31,BTC/USD,25.0,35800.0,35797.63,0.001655027932962723,-0.11834597206703727,0.120001,False,Coinbase Pro,Binance US
54,01-13-2021_19-24-39,BTC/USD,25.0,35800.23,35787.93,0.008589330292014122,-0.07341066970798588,0.082,False,Binance US,Bittrex
55,01-13-2021_19-24-49,BTC/USD,25.0,35798.2,35786.59,0.008107949561710215,-0.1768920504382898,0.185,False,Kraken,Coinbase Pro
56,01-13-2021_19-24-58,BTC/USD,25.0,35798.3,35787.089,0.007829282396093507,-0.11917071760390649,0.127,False,Kraken,Bittrex
57,01-13-2021_19-25-09,BTC/USD,25.0,35796.64,35787.928,0.0060843699296913994,-0.0759156300703086,0.082,False,Binance US,Bittrex
58,01-13-2021_19-25-19,BTC/USD,25.0,35796.64,35785.16,0.008017512258130879,-0.1319824877418691,0.13999999999999999,False,Binance US,Coinbase Pro
59,01-13-2021_19-25-28,BTC/USD,25.0,35806.34,35787.0,0.013503195244191746,-0.12649680475580824,0.13999999999999999,False,Binance US,Coinbase Pro
60,01-13-2021_19-25-38,BTC/USD,25.0,35811.94,35787.929,0.016761867689942152,-0.06523813231005784,0.082,False,Binance US,Bittrex
61,01-13-2021_19-25-48,BTC/USD,25.0,35800.1,35767.82,0.022541836475316296,-0.1624581635246837,0.185,False,Kraken,Coinbase Pro
62,01-13-2021_19-25-57,BTC/USD,25.0,35786.1,35750.01,0.025212303100922224,-0.15978769689907776,0.185,False,Kraken,Coinbase Pro
63,01-13-2021_19-26-08,BTC/USD,25.0,35753.2,35738.47,0.010299777362582878,-0.1747002226374171,0.185,False,Kraken,Coinbase Pro
64,01-13-2021_19-26-18,BTC/USD,25.0,35753.3,35743.784,0.006653931245509686,-0.12034606875449032,0.127,False,Kraken,Bittrex
65,01-13-2021_19-26-28,BTC/USD,25.0,35775.5,35758.9,0.011600117398777476,-0.05340088260122253,0.065001,False,Kraken,Binance US
66,01-13-2021_19-26-38,BTC/USD,25.0,35777.0,35758.9,0.01264779047991625,-0.05235320952008375,0.065001,False,Kraken,Binance US
67,01-13-2021_19-26-49,BTC/USD,25.0,35776.5,35758.9,0.012298575880814603,-0.0527024241191854,0.065001,False,Kraken,Binance US
68,01-13-2021_19-26-58,BTC/USD,25.0,35773.9,35765.18,0.0060938281819994215,-0.05890717181800058,0.065001,False,Kraken,Binance US
69,01-13-2021_19-27-08,BTC/USD,25.0,35773.8,35757.52,0.01137704129838465,-0.053623958701615355,0.065001,False,Kraken,Binance US
70,01-13-2021_19-27-18,BTC/USD,25.0,35759.28,35744.16,0.010570682631190662,-0.13942931736880934,0.15,False,Binance US,Coinbase Pro
71,01-13-2021_19-27-28,BTC/USD,25.0,35799.66,35780.0,0.013729180668198728,-0.08127081933180128,0.095,False,Binance US,Kraken
72,01-13-2021_19-27-39,BTC/USD,25.0,35828.24,35787.929,0.028127951582328295,-0.0638720484176717,0.092,False,Binance US,Bittrex
73,01-13-2021_19-27-49,BTC/USD,25.0,35830.37,35820.0,0.007235482078473247,-0.08776451792152676,0.095,False,Binance US,Kraken
74,01-13-2021_19-28-02,BTC/USD,25.0,35840.38,35829.02,0.007924023126987341,-0.14207597687301265,0.15,False,Binance US,Coinbase Pro
75,01-13-2021_19-28-11,BTC/USD,25.0,35840.39,35835.934,0.003108225105808218,-0.08889177489419178,0.092,False,Binance US,Bittrex
76,01-13-2021_19-28-21,BTC/USD,25.0,35835.932,35830.5,0.0037894926243307266,-0.12321050737566927,0.127,False,Bittrex,Kraken
77,01-13-2021_19-28-32,BTC/USD,25.0,35836.28,35830.73,0.003871774637319802,-0.1461282253626802,0.15,False,Binance US,Coinbase Pro
78,01-13-2021_19-28-42,BTC/USD,25.0,35835.931,35829.0,0.004835230874842388,-0.1771647691251576,0.182,False,Bittrex,Coinbase Pro
79,01-13-2021_19-28-52,BTC/USD,25.0,35815.332,35804.19,0.007777395446173599,-0.0542236045538264,0.062001,False,Bittrex,Binance US
80,01-13-2021_19-29-03,BTC/USD,25.0,35810.45,35799.67,0.007525736202699797,-0.0544752637973002,0.062001,False,Bittrex,Binance US
81,01-13-2021_19-29-15,BTC/USD,25.0,35832.647,35801.1,0.022009956451164957,-0.10499004354883504,0.127,False,Bittrex,Kraken
82,01-13-2021_19-29-27,BTC/USD,25.0,35839.037,35815.35,0.016523183923718487,-0.04547781607628151,0.062001,False,Bittrex,Binance US
83,01-13-2021_19-29-38,BTC/USD,25.0,35845.484,35824.92,0.014342113500265813,-0.04765888649973419,0.062001,False,Bittrex,Binance US
84,01-13-2021_19-30-09,BTC/USD,25.0,35802.5,35772.91,0.020661964946579504,-0.0443390350534205,0.065001,False,Kraken,Binance US
85,01-13-2021_19-30-20,BTC/USD,25.0,35761.6,35747.62,0.0097730526598334,-0.17522694734016658,0.185,False,Kraken,Coinbase Pro
86,01-13-2021_19-30-31,BTC/USD,25.0,35752.4,35724.68,0.019383314127164306,-0.16561668587283568,0.185,False,Kraken,Coinbase Pro
87,01-13-2021_19-30-42,BTC/USD,25.0,35750.1,35729.44,0.014447512034928724,-0.17055248796507128,0.185,False,Kraken,Coinbase Pro
88,01-13-2021_19-30-54,BTC/USD,25.0,35750.1,35715.59,0.024132799628533933,-0.16086720037146607,0.185,False,Kraken,Coinbase Pro
89,01-13-2021_19-31-05,BTC/USD,25.0,35750.1,35721.95,0.019685259621652424,-0.10731474037834758,0.127,False,Kraken,Bittrex
90,01-13-2021_19-31-16,BTC/USD,25.0,35750.1,35714.32,0.025020909032421473,-0.16997909096757854,0.195,False,Kraken,Coinbase Pro
91,01-13-2021_19-31-28,BTC/USD,25.0,35743.1,35721.95,0.014793064955195168,-0.11220693504480483,0.127,False,Kraken,Bittrex
92,01-13-2021_19-31-39,BTC/USD,25.0,35743.1,35721.95,0.014793064955195168,-0.11220693504480483,0.127,False,Kraken,Bittrex
93,01-13-2021_19-31-51,BTC/USD,25.0,35740.7,35732.6,0.0056658095672430485,-0.12107418043275694,0.12673999,False,Kraken,Bittrex
94,01-13-2021_19-32-03,BTC/USD,25.0,35740.7,35700.95,0.027804435839253287,-0.03693655416074671,0.06474099,False,Kraken,Binance US
95,01-13-2021_19-32-14,BTC/USD,25.0,35717.637,35703.1,0.010174945223842704,-0.1168250547761573,0.127,False,Bittrex,Kraken
96,01-13-2021_19-32-26,BTC/USD,25.0,35721.33,35703.1,0.012758483516713404,-0.0722415164832866,0.085,False,Binance US,Kraken
97,01-13-2021_19-32-36,BTC/USD,25.0,35757.17,35733.3,0.01668896056371026,-0.07805102943628973,0.09473999,False,Binance US,Kraken
98,01-13-2021_19-32-49,BTC/USD,25.0,35801.26,35797.826,0.0023979602952529503,-0.07960203970474705,0.082,False,Binance US,Bittrex
99,01-13-2021_19-32-59,BTC/USD,25.0,35825.73,35798.9,0.01872257732082622,-0.06627742267917379,0.085,False,Binance US,Kraken
100,01-13-2021_19-33-11,BTC/USD,25.0,35829.245,35798.9,0.02117334596361238,-0.10582665403638762,0.127,False,Bittrex,Kraken
101,01-13-2021_19-33-22,BTC/USD,25.0,35826.15,35798.9,0.019015439839335232,-0.10798456016066477,0.127,False,Bittrex,Kraken
102,01-13-2021_19-33-32,BTC/USD,25.0,35826.079,35798.9,0.018965932610150033,-0.10803406738984997,0.127,False,Bittrex,Kraken
103,01-13-2021_19-33-43,BTC/USD,25.0,35828.14,35799.0,0.020333179450565547,-0.16466682054943446,0.185,False,Coinbase Pro,Kraken
104,01-13-2021_19-33-53,BTC/USD,25.0,35828.86,35799.0,0.020835159142658027,-0.16416484085734198,0.185,False,Coinbase Pro,Kraken
105,01-13-2021_19-34-04,BTC/USD,25.0,35831.17,35822.1,0.0063282890287979085,-0.08867171097120209,0.095,False,Binance US,Kraken
106,01-13-2021_19-34-15,BTC/USD,25.0,35831.99,35821.94,0.00701189077134401,-0.074988109228656,0.082,False,Binance US,Bittrex
107,01-13-2021_19-34-24,BTC/USD,25.0,35831.34,35821.94,0.006558504370750703,-0.0754414956292493,0.082,False,Binance US,Bittrex
108,01-13-2021_19-34-34,BTC/USD,25.0,35847.07,35829.9,0.011974479364699999,-0.1730255206353,0.185,False,Coinbase Pro,Kraken
109,01-13-2021_19-34-45,BTC/USD,25.0,35855.68,35843.9,0.00821348249426509,-0.1187865175057349,0.127,False,Bittrex,Kraken
110,01-13-2021_19-34-56,BTC/USD,25.0,35855.609,35844.0,0.008094270550527215,-0.11890572944947278,0.127,False,Bittrex,Kraken
111,01-13-2021_19-35-07,BTC/USD,25.0,35862.07,35844.0,0.012596874636628414,-0.08240312536337159,0.095,False,Binance US,Kraken
112,01-13-2021_19-35-17,BTC/USD,25.0,35855.59,35844.0,0.008081027254046375,-0.11891897274595363,0.127,False,Bittrex,Kraken
113,01-13-2021_19-35-29,BTC/USD,25.0,35861.77,35844.0,0.012387843656348251,-0.17261215634365173,0.185,False,Coinbase Pro,Kraken
114,01-13-2021_19-35-39,BTC/USD,25.0,35869.96,35844.0,0.018093134199201177,-0.07690686580079882,0.095,False,Binance US,Kraken
115,01-13-2021_19-35-48,BTC/USD,25.0,35872.33,35844.0,0.01974362970010712,-0.06525637029989288,0.085,False,Binance US,Kraken
116,01-13-2021_19-35-59,BTC/USD,25.0,35880.0,35850.7,0.020415273132666466,-0.16458472686733353,0.185,False,Coinbase Pro,Kraken
117,01-13-2021_19-36-09,BTC/USD,25.0,35894.72,35887.8,0.004819650355259947,-0.17992033964474005,0.18473999,False,Coinbase Pro,Kraken
118,01-13-2021_19-36-19,BTC/USD,25.0,35900.0,35894.19,0.004045961002783894,-0.0879540389972161,0.092,False,Binance US,Bittrex
119,01-13-2021_19-36-30,BTC/USD,25.0,35913.06,35894.22,0.013115006072997197,-0.1688849939270028,0.182,False,Coinbase Pro,Bittrex
120,01-13-2021_19-36-40,BTC/USD,25.0,35905.0,35883.64,0.014872580420554646,-0.10512841957944535,0.120001,False,Coinbase Pro,Binance US
121,01-13-2021_19-36-50,BTC/USD,25.0,35850.1,35830.07,0.013967882934774824,-0.17103211706522517,0.185,False,Kraken,Coinbase Pro
122,01-13-2021_19-37-00,BTC/USD,25.0,35907.58,35879.8,0.019341320133519743,-0.06565867986648026,0.085,False,Binance US,Kraken
123,01-13-2021_19-37-10,BTC/USD,25.0,35916.72,35896.23,0.014262159796327422,-0.10573884020367258,0.120001,False,Coinbase Pro,Binance US
124,01-13-2021_19-37-21,BTC/USD,25.0,35921.0,35899.999,0.014616102001612263,-0.11238389799838774,0.127,False,Kraken,Bittrex
125,01-13-2021_19-37-34,BTC/USD,25.0,35974.22,35921.0,0.03698481857285659,-0.1450151814271434,0.182,False,Coinbase Pro,Bittrex
126,01-13-2021_19-37-45,BTC/USD,25.0,35981.9,35939.99,0.02911880695572183,-0.09788119304427817,0.127,False,Kraken,Bittrex
127,01-13-2021_19-37-56,BTC/USD,25.0,35999.1,35949.0,0.034792536480077664,-0.057207463519922334,0.092,False,Binance US,Bittrex
128,01-13-2021_19-38-07,BTC/USD,25.0,36000.0,35950.0,0.034722222222222224,-0.14727777777777779,0.182,False,Coinbase Pro,Bittrex
129,01-13-2021_19-38-16,BTC/USD,25.0,35999.99,35970.999,0.020132644481286335,-0.16186735551871367,0.182,False,Coinbase Pro,Bittrex
130,01-13-2021_19-38-27,BTC/USD,25.0,36032.33,35970.999,0.04255275748196016,-0.03944724251803984,0.082,False,Binance US,Bittrex
131,01-13-2021_19-38-38,BTC/USD,25.0,36076.9,36000.0,0.05328894666670463,-0.038711053333295366,0.092,False,Binance US,Bittrex
132,01-13-2021_19-38-49,BTC/USD,25.0,36125.9,36000.0,0.08712585707207395,-0.03987414292792606,0.127,False,Kraken,Bittrex
133,01-13-2021_19-38-59,BTC/USD,25.0,36150.3,36046.7,0.07164532521168968,-0.055354674788310326,0.127,False,Kraken,Bittrex
134,01-13-2021_19-39-11,BTC/USD,25.0,36104.51,36046.709,0.0400233931993534,-0.0519766068006466,0.092,False,Binance US,Bittrex
135,01-13-2021_19-39-20,BTC/USD,25.0,36186.29,36057.0,0.0893225030805872,-0.0026774969194127973,0.092,False,Binance US,Bittrex
136,01-13-2021_19-39-31,BTC/USD,25.0,36134.26,36071.0,0.043767327738275276,-0.13823267226172473,0.182,False,Coinbase Pro,Bittrex
137,01-13-2021_19-39-42,BTC/USD,25.0,36105.1,36066.232,0.026913095379873575,-0.10008690462012643,0.127,False,Kraken,Bittrex
138,01-13-2021_19-39-53,BTC/USD,25.0,36100.01,36070.998,0.02009140717689721,-0.07190859282310279,0.092,False,Binance US,Bittrex
139,01-13-2021_19-40-03,BTC/USD,25.0,36116.22,36057.448,0.04068255205002384,-0.051317447949976155,0.092,False,Binance US,Bittrex
140,01-13-2021_19-40-14,BTC/USD,25.0,36156.0,36071.0,0.05877309436884611,-0.12322690563115388,0.182,False,Coinbase Pro,Bittrex
141,01-13-2021_19-40-24,BTC/USD,25.0,36149.85,36071.0,0.054529963471493345,-0.12747003652850664,0.182,False,Coinbase Pro,Bittrex
142,01-13-2021_19-40-34,BTC/USD,25.0,36150.22,36072.366,0.05384061286487285,-0.03815938713512715,0.092,False,Binance US,Bittrex
143,01-13-2021_19-40-45,BTC/USD,25.0,36194.58,36094.222,0.06931838965944637,-0.012681610340553637,0.082,False,Binance US,Bittrex
144,01-13-2021_19-40-55,BTC/USD,25.0,36182.5,36100.0,0.057002694672839076,-0.024997305327160928,0.082,False,Binance US,Bittrex
145,01-13-2021_19-41-05,BTC/USD,25.0,36166.2,36119.993,0.031940734719154124,-0.09505926528084588,0.127,False,Kraken,Bittrex
146,01-13-2021_19-41-16,BTC/USD,25.0,36150.1,36100.78,0.034107789466695605,-0.0928922105333044,0.127,False,Kraken,Bittrex
147,01-13-2021_19-41-27,BTC/USD,25.0,36151.5,36105.238,0.031991756911886396,-0.0950082430881136,0.127,False,Kraken,Bittrex
148,01-13-2021_19-41-37,BTC/USD,25.0,36151.73,36105.238,0.03215060524074895,-0.049849394759251056,0.082,False,Binance US,Bittrex
149,01-13-2021_19-41-48,BTC/USD,25.0,36151.19,36105.238,0.03177765379231276,-0.06022234620768724,0.092,False,Binance US,Bittrex
150,01-13-2021_19-41-58,BTC/USD,25.0,36146.7,36115.039,0.021897572945801455,-0.07010242705419854,0.092,False,Binance US,Bittrex
151,01-13-2021_19-42-08,BTC/USD,25.0,36120.2,36087.659,0.022522715821062342,-0.10447728417893766,0.127,False,Kraken,Bittrex
152,01-13-2021_19-42-17,BTC/USD,25.0,36119.611,36109.57,0.006949825677799686,-0.055051174322200316,0.062001,False,Bittrex,Binance US
153,01-13-2021_19-42-28,BTC/USD,25.0,36097.7,36071.173,0.01837166910910847,-0.10862833089089154,0.127,False,Kraken,Bittrex
154,01-13-2021_19-42-38,BTC/USD,25.0,36124.73,36092.03,0.022629926922640226,-0.12737007307735976,0.15,False,Binance US,Coinbase Pro
155,01-13-2021_19-42-49,BTC/USD,25.0,36120.5,36090.814,0.020546504062790877,-0.10645349593720912,0.127,False,Kraken,Bittrex
156,01-13-2021_19-43-01,BTC/USD,25.0,36116.0,36090.814,0.01743410122937307,-0.10956589877062693,0.127,False,Kraken,Bittrex
157,01-13-2021_19-43-11,BTC/USD,25.0,36105.6,36090.814,0.010238024018434854,-0.11676197598156515,0.127,False,Kraken,Bittrex
158,01-13-2021_19-43-22,BTC/USD,25.0,36089.8,36072.465,0.01200824055550765,-0.11499175944449236,0.127,False,Kraken,Bittrex
159,01-13-2021_19-43-32,BTC/USD,25.0,36078.8,36057.401,0.01482795990997822,-0.11217204009002178,0.127,False,Kraken,Bittrex
160,01-13-2021_19-43-42,BTC/USD,25.0,36073.69,36054.932,0.012999779063357276,-0.07900022093664272,0.092,False,Binance US,Bittrex
161,01-13-2021_19-43-52,BTC/USD,25.0,36063.0,36044.797,0.012618889166182333,-0.11438111083381766,0.127,False,Kraken,Bittrex
162,01-13-2021_19-44-02,BTC/USD,25.0,36060.4,36051.454,0.006202094264070525,-0.12079790573592948,0.127,False,Kraken,Bittrex
163,01-13-2021_19-44-14,BTC/USD,25.0,36081.2,36056.739,0.01694857709831969,-0.16505142290168032,0.182,False,Coinbase Pro,Bittrex
164,01-13-2021_19-44-24,BTC/USD,25.0,36097.7,36086.322,0.00788000343511981,-0.11911999656488019,0.127,False,Kraken,Bittrex
165,01-13-2021_19-44-35,BTC/USD,25.0,36097.8,36062.08,0.024738349705523025,-0.16026165029447698,0.185,False,Kraken,Coinbase Pro
166,01-13-2021_19-44-45,BTC/USD,25.0,36066.49,36053.29,0.00914976755431225,-0.07285023244568775,0.082,False,Binance US,Bittrex
167,01-13-2021_19-44-56,BTC/USD,25.0,36050.1,36030.386,0.013671251952144336,-0.11306873804785567,0.12673999,False,Kraken,Bittrex
168,01-13-2021_19-45-07,BTC/USD,25.0,36049.7,36039.422,0.007127659869567867,-0.11987234013043213,0.127,False,Kraken,Bittrex
169,01-13-2021_19-45-18,BTC/USD,25.0,36096.8,36086.369,0.007224324593872678,-0.11977567540612732,0.127,False,Kraken,Bittrex
170,01-13-2021_19-45-28,BTC/USD,25.0,36093.5,36086.149,0.005091636998353156,-0.12190836300164684,0.127,False,Kraken,Bittrex
171,01-13-2021_19-45-39,BTC/USD,25.0,36079.1,36063.767,0.010624572120700572,-0.11637542787929943,0.127,False,Kraken,Bittrex
172,01-13-2021_19-45-50,BTC/USD,25.0,36056.36,36050.0,0.004409762937801113,-0.07759023706219889,0.082,False,Binance US,Bittrex
173,01-13-2021_19-46-00,BTC/USD,25.0,36091.42,36053.89,0.025996483374718174,-0.06600351662528182,0.092,False,Binance US,Bittrex
174,01-13-2021_19-46-21,BTC/USD,25.0,36082.7,36062.601,0.013925648579509505,-0.1130743514204905,0.127,False,Kraken,Bittrex
175,01-13-2021_19-46-32,BTC/USD,25.0,36097.39,36062.601,0.024093847228287855,-0.15790615277171213,0.182,False,Coinbase Pro,Bittrex
176,01-13-2021_19-46-42,BTC/USD,25.0,36087.53,36079.589,0.005501207757914502,-0.1764987922420855,0.182,False,Coinbase Pro,Bittrex
177,01-13-2021_19-46-54,BTC/USD,25.0,36081.94,36058.882,0.015976136538116116,-0.06602386346188388,0.082,False,Binance US,Bittrex
178,01-13-2021_19-47-05,BTC/USD,25.0,36087.05,36075.017,0.008336092864339898,-0.1736639071356601,0.182,False,Coinbase Pro,Bittrex
179,01-13-2021_19-47-15,BTC/USD,25.0,36077.9,36073.21,0.0032499119959880757,-0.061751088004011925,0.065001,False,Kraken,Binance US
180,01-13-2021_19-47-25,BTC/USD,25.0,36076.17,36072.3,0.0026818257037785217,-0.18231817429622146,0.185,False,Coinbase Pro,Kraken
181,01-13-2021_19-47-35,BTC/USD,25.0,36101.23,36077.9,0.016155959229091188,-0.07884404077090881,0.095,False,Binance US,Kraken
182,01-13-2021_19-47-45,BTC/USD,25.0,36097.13,36078.0,0.013248975749593793,-0.0814910142504062,0.09473999,False,Binance US,Kraken
183,01-13-2021_19-47-56,BTC/USD,25.0,36078.579,36073.36,0.003616411832626032,-0.17838358816737396,0.182,False,Bittrex,Coinbase Pro
184,01-13-2021_19-48-07,BTC/USD,25.0,36075.1,36061.71,0.009279253557162293,-0.055721746442837713,0.065001,False,Kraken,Binance US
185,01-13-2021_19-48-17,BTC/USD,25.0,36056.0,36029.601,0.018304165742177178,-0.10869583425782282,0.127,False,Kraken,Bittrex
186,01-13-2021_19-48-27,BTC/USD,25.0,36050.4,36035.77,0.010145518496330592,-0.17485448150366942,0.185,False,Kraken,Coinbase Pro
187,01-13-2021_19-48-37,BTC/USD,25.0,36044.16,36027.999,0.011209166755446691,-0.0807908332445533,0.092,False,Binance US,Bittrex
188,01-13-2021_19-48-47,BTC/USD,25.0,36020.4,36009.96,0.007245893993405354,-0.17775410600659464,0.185,False,Kraken,Coinbase Pro
189,01-13-2021_19-48-57,BTC/USD,25.0,36020.4,36004.0,0.011382438840213779,-0.17361756115978622,0.185,False,Kraken,Coinbase Pro
190,01-13-2021_19-49-07,BTC/USD,25.0,36026.78,36021.075,0.003958860603141432,-0.08804113939685856,0.092,False,Binance US,Bittrex
191,01-13-2021_19-49-17,BTC/USD,25.0,36025.6,36007.22,0.012754818795521367,-0.17224518120447863,0.185,False,Kraken,Coinbase Pro
192,01-13-2021_19-49-29,BTC/USD,25.0,36075.69,36056.312,0.013428710580451995,-0.078571289419548,0.092,False,Binance US,Bittrex
193,01-13-2021_19-49-41,BTC/USD,25.0,36056.7,36041.23,0.01072616185063656,-0.17427383814936342,0.185,False,Kraken,Coinbase Pro
194,01-13-2021_19-49-52,BTC/USD,25.0,36049.6,36043.04,0.00454928764812763,-0.18045071235187238,0.185,False,Kraken,Coinbase Pro
195,01-13-2021_19-50-04,BTC/USD,25.0,36036.1,36030.55,0.0038503056657044153,-0.1811496943342956,0.185,False,Kraken,Coinbase Pro
196,01-13-2021_19-50-14,BTC/USD,25.0,36027.9,36022.22,0.003941389867297491,-0.061059610132702516,0.065001,False,Kraken,Binance US
197,01-13-2021_19-50-28,BTC/USD,25.0,36035.8,36028.5,0.0050644081718755445,-0.08993559182812445,0.095,False,Binance US,Kraken
198,01-13-2021_19-50-39,BTC/USD,25.0,36054.36,36041.99,0.008577326015496196,-0.1114236739845038,0.120001,False,Coinbase Pro,Binance US
199,01-13-2021_19-50-49,BTC/USD,25.0,36050.55,36030.0,0.014250822802982833,-0.17074917719701715,0.185,False,Coinbase Pro,Kraken
200,01-13-2021_19-51-00,BTC/USD,25.0,36034.7,36023.8,0.0075621553669061896,-0.11943784463309381,0.127,False,Bittrex,Kraken
201,01-13-2021_19-51-12,BTC/USD,25.0,36028.66,36022.0,0.0046213209150739246,-0.09037867908492608,0.095,False,Binance US,Kraken
202,01-13-2021_19-51-21,BTC/USD,25.0,36028.47,36010.0,0.012816253368517428,-0.07218374663148258,0.085,False,Binance US,Kraken
203,01-13-2021_19-51-32,BTC/USD,25.0,36020.51,36010.0,0.007294455297830345,-0.07770554470216966,0.085,False,Binance US,Kraken
204,01-13-2021_19-51-42,BTC/USD,25.0,36004.53,35997.83,0.004652192376901663,-0.1353478076230983,0.13999999999999999,False,Binance US,Coinbase Pro
205,01-13-2021_19-51-52,BTC/USD,25.0,36004.52,35990.5,0.009734888841732094,-0.0852651111582679,0.095,False,Binance US,Kraken
206,01-13-2021_19-52-03,BTC/USD,25.0,36011.169,35999.97,0.007774671241580996,-0.174225328758419,0.182,False,Bittrex,Coinbase Pro
207,01-13-2021_19-52-13,BTC/USD,25.0,36004.52,35990.0,0.010082067473748296,-0.08491793252625171,0.095,False,Binance US,Kraken
208,01-13-2021_19-52-24,BTC/USD,25.0,36000.15,35981.7,0.012812446614808803,-0.049188553385191194,0.062001,False,Bittrex,Binance US
209,01-13-2021_19-52-35,BTC/USD,25.0,36004.51,35998.3,0.004311959807256873,-0.09068804019274312,0.095,False,Binance US,Kraken
210,01-13-2021_19-52-47,BTC/USD,25.0,36027.2,36000.249,0.01870184194163969,-0.0732981580583603,0.092,False,Binance US,Bittrex
211,01-13-2021_19-52-57,BTC/USD,25.0,36047.38,36009.9,0.02599356735496167,-0.15900643264503833,0.185,False,Coinbase Pro,Kraken
212,01-13-2021_19-53-08,BTC/USD,25.0,36077.64,36030.0,0.033012137157529854,-0.04898786284247015,0.082,False,Binance US,Bittrex
213,01-13-2021_19-53-18,BTC/USD,25.0,36087.51,36050.39,0.025715268246550273,-0.15628473175344973,0.182,False,Coinbase Pro,Bittrex
214,01-13-2021_19-53-29,BTC/USD,25.0,36100.0,36099.12,0.0006094182825466625,-0.18439058171745334,0.185,False,Kraken,Coinbase Pro
215,01-13-2021_19-53-40,BTC/USD,25.0,36088.73,36075.6,0.00909563733609125,-0.08590436266390875,0.095,False,Binance US,Kraken
216,01-13-2021_19-53-51,BTC/USD,25.0,36118.66,36096.8,0.015130683142730502,-0.1698693168572695,0.185,False,Coinbase Pro,Kraken
217,01-13-2021_19-54-02,BTC/USD,25.0,36105.59,36090.2,0.010656244642449702,-0.0843437553575503,0.095,False,Binance US,Kraken
218,01-13-2021_19-54-13,BTC/USD,25.0,36119.37,36098.7,0.014306727941271904,-0.17069327205872808,0.185,False,Coinbase Pro,Kraken
219,01-13-2021_19-54-24,BTC/USD,25.0,36134.09,36099.0,0.024277628134537575,-0.16072237186546243,0.185,False,Coinbase Pro,Kraken
220,01-13-2021_19-54-35,BTC/USD,25.0,36149.48,36100.0,0.034219026110474615,-0.15078097388952538,0.185,False,Coinbase Pro,Kraken
221,01-13-2021_19-54-46,BTC/USD,25.0,36139.37,36100.0,0.02723484111649056,-0.15776515888350945,0.185,False,Coinbase Pro,Kraken
222,01-13-2021_19-54-57,BTC/USD,25.0,36145.07,36100.0,0.03117299261005699,-0.06382700738994301,0.095,False,Binance US,Kraken
223,01-13-2021_19-55-07,BTC/USD,25.0,36154.8,36119.993,0.02406803522630515,-0.15793196477369484,0.182,False,Coinbase Pro,Bittrex
224,01-13-2021_19-55-17,BTC/USD,25.0,36130.89,36119.993,0.007539947120038564,-0.17446005287996144,0.182,False,Coinbase Pro,Bittrex
225,01-13-2021_19-55-27,BTC/USD,25.0,36120.1,36111.183,0.0061717713959826255,-0.12082822860401737,0.127,False,Kraken,Bittrex
226,01-13-2021_19-55-37,BTC/USD,25.0,36120.1,36109.4,0.007405848821014539,-0.05759515117898546,0.065001,False,Kraken,Binance US
227,01-13-2021_19-55-49,BTC/USD,25.0,36120.1,36075.01,0.031208385358842107,-0.1537916146411579,0.185,False,Kraken,Coinbase Pro
228,01-13-2021_19-55-59,BTC/USD,25.0,36095.589,36065.3,0.020978325080106764,-0.10602167491989324,0.127,False,Bittrex,Kraken
229,01-13-2021_19-56-10,BTC/USD,25.0,36082.35,36073.8,0.005923948966735561,-0.08907605103326444,0.095,False,Binance US,Kraken
230,01-13-2021_19-56-20,BTC/USD,25.0,36070.848,36062.58,0.0057303892605993015,-0.0562706107394007,0.062001,False,Bittrex,Binance US
231,01-13-2021_19-56-32,BTC/USD,25.0,36070.837,36052.6,0.0126397122417765,-0.1143602877582235,0.127,False,Bittrex,Kraken
232,01-13-2021_19-56-43,BTC/USD,25.0,36056.94,36048.1,0.006129194546184301,-0.07887080545381571,0.085,False,Binance US,Kraken
233,01-13-2021_19-56-55,BTC/USD,25.0,36049.293,36043.45,0.004052090563884815,-0.1779479094361152,0.182,False,Bittrex,Coinbase Pro
234,01-13-2021_19-57-06,BTC/USD,25.0,36069.623,36066.5,0.002164563793749378,-0.12483543620625062,0.127,False,Bittrex,Kraken
235,01-13-2021_19-57-18,BTC/USD,25.0,36111.953,36106.02,0.00410736577997079,-0.05789363422002921,0.062001,False,Bittrex,Binance US
236,01-13-2021_19-57-29,BTC/USD,25.0,36096.8,36081.39,0.010672691208087346,-0.17432730879191266,0.185,False,Kraken,Coinbase Pro
237,01-13-2021_19-57-42,BTC/USD,25.0,36109.9,36097.38,0.00866798301851021,-0.05633301698148979,0.065001,False,Kraken,Binance US
238,01-13-2021_19-57-53,BTC/USD,25.0,36083.689,36079.21,0.0031032026686623974,-0.058897797331337605,0.062001,False,Bittrex,Binance US
239,01-13-2021_19-58-06,BTC/USD,25.0,36080.78,36077.0,0.0026191229790478725,-0.18238087702095213,0.185,False,Coinbase Pro,Kraken
240,01-13-2021_19-58-17,BTC/USD,25.0,36083.888,36062.74,0.014651968767889595,-0.04734903123211041,0.062001,False,Bittrex,Binance US
241,01-13-2021_19-58-28,BTC/USD,25.0,36083.888,36067.72,0.011201675384868342,-0.05079932461513166,0.062001,False,Bittrex,Binance US
242,01-13-2021_19-58-38,BTC/USD,25.0,36081.259,36071.03,0.007087474414348568,-0.054913525585651435,0.062001,False,Bittrex,Binance US
243,01-13-2021_19-58-51,BTC/USD,25.0,36055.826,36051.23,0.003186724941482224,-0.17881327505851777,0.182,False,Bittrex,Coinbase Pro
244,01-13-2021_19-59-07,BTC/USD,25.0,36050.585,36044.46,0.0042475038893266225,-0.17775249611067337,0.182,False,Bittrex,Coinbase Pro
245,01-13-2021_19-59-18,BTC/USD,25.0,36046.4,36040.0,0.004438723423144513,-0.18056127657685547,0.185,False,Kraken,Coinbase Pro
246,01-13-2021_19-59-29,BTC/USD,25.0,36043.263,36010.41,0.02278719881715171,-0.03921380118284829,0.062001,False,Bittrex,Binance US
247,01-13-2021_19-59-41,BTC/USD,25.0,36000.977,35992.5,0.005886645798528574,-0.12111335420147143,0.127,False,Bittrex,Kraken
248,01-13-2021_19-59-54,BTC/USD,25.0,36004.409,35996.32,0.005616673224659751,-0.17638332677534024,0.182,False,Bittrex,Coinbase Pro
249,01-13-2021_20-00-07,BTC/USD,25.0,36082.71,36040.3,0.029383879425905247,-0.05561612057409476,0.085,False,Binance US,Kraken
250,01-13-2021_20-00-18,BTC/USD,25.0,36098.49,36080.1,0.012735989787938096,-0.08226401021206191,0.095,False,Binance US,Kraken
251,01-13-2021_20-00-29,BTC/USD,25.0,36059.5,36034.39,0.017408727242474647,-0.16759127275752536,0.185,False,Kraken,Coinbase Pro
252,01-13-2021_20-00-39,BTC/USD,25.0,36078.526,36057.9,0.014292435339512324,-0.04770856466048767,0.062001,False,Bittrex,Binance US
253,01-13-2021_20-00-50,BTC/USD,25.0,36078.66,36071.707,0.00481794501237112,-0.07718205498762888,0.082,False,Binance US,Bittrex
254,01-13-2021_20-01-00,BTC/USD,25.0,36095.741,36080.0,0.010902255753664818,-0.11609774424633518,0.127,False,Bittrex,Kraken
255,01-13-2021_20-01-10,BTC/USD,25.0,36106.102,36080.1,0.01800388200310325,-0.10899611799689675,0.127,False,Bittrex,Kraken
256,01-13-2021_20-01-20,BTC/USD,25.0,36071.717,36060.75,0.007600830312566571,-0.17439916968743344,0.182,False,Bittrex,Coinbase Pro
257,01-13-2021_20-01-32,BTC/USD,25.0,36101.251,36080.1,0.014646999351904747,-0.11235300064809525,0.127,False,Bittrex,Kraken
258,01-13-2021_20-01-42,BTC/USD,25.0,36101.251,36080.1,0.014646999351904747,-0.11235300064809525,0.127,False,Bittrex,Kraken
259,01-13-2021_20-01-53,BTC/USD,25.0,36106.67,36079.79,0.01861151969982096,-0.16338848030017902,0.182,False,Bittrex,Coinbase Pro
260,01-13-2021_20-02-04,BTC/USD,25.0,36090.39,36080.1,0.00712793627334096,-0.11987206372665904,0.127,False,Bittrex,Kraken
261,01-13-2021_20-02-14,BTC/USD,25.0,36100.0,36080.1,0.013781163434904055,-0.11321883656509595,0.127,False,Bittrex,Kraken
262,01-13-2021_20-02-24,BTC/USD,25.0,36090.24,36080.1,0.007024059690375721,-0.17797594030962427,0.185,False,Coinbase Pro,Kraken
263,01-13-2021_20-02-35,BTC/USD,25.0,36084.443,36067.8,0.011530592283214952,-0.11546940771678504,0.127,False,Bittrex,Kraken
264,01-13-2021_20-02-47,BTC/USD,25.0,36084.492,36070.45,0.009728555968032807,-0.052272444031967194,0.062001,False,Bittrex,Binance US
265,01-13-2021_20-02-57,BTC/USD,25.0,36084.492,36065.2,0.013365852566250124,-0.11363414743374987,0.127,False,Bittrex,Kraken
266,01-13-2021_20-03-09,BTC/USD,25.0,36065.2,36042.92,0.01544425096769104,-0.049556749032308965,0.065001,False,Kraken,Binance US
267,01-13-2021_20-03-20,BTC/USD,25.0,36065.2,36047.41,0.01233183234807626,-0.05266916765192374,0.065001,False,Kraken,Binance US
268,01-13-2021_20-03-30,BTC/USD,25.0,36085.739,36065.2,0.014229305377398745,-0.11277069462260125,0.127,False,Bittrex,Kraken
269,01-13-2021_20-03-40,BTC/USD,25.0,36077.58,36059.9,0.012251376062363584,-0.11448861393763642,0.12673999,False,Bittrex,Kraken
270,01-13-2021_20-03-51,BTC/USD,25.0,36072.4,36055.22,0.01190661003980903,-0.17009338996019097,0.182,False,Bittrex,Coinbase Pro
271,01-13-2021_20-04-01,BTC/USD,25.0,36077.699,36069.4,0.005750782498628217,-0.12124921750137178,0.127,False,Bittrex,Kraken
272,01-13-2021_20-04-11,BTC/USD,25.0,36077.639,36045.1,0.022547900099563267,-0.10445209990043673,0.127,False,Bittrex,Kraken
273,01-13-2021_20-04-22,BTC/USD,25.0,36074.555,36059.25,0.010606506442006208,-0.05139449355799379,0.062001,False,Bittrex,Binance US
274,01-13-2021_20-04-33,BTC/USD,25.0,36105.51,36069.4,0.025003108943759955,-0.15999689105624004,0.185,False,Coinbase Pro,Kraken
275,01-13-2021_20-04-44,BTC/USD,25.0,36109.89,36069.4,0.028032486390846083,-0.15696751360915392,0.185,False,Coinbase Pro,Kraken
276,01-13-2021_20-04-54,BTC/USD,25.0,36100.0,36092.97,0.0048684210526307725,-0.06013257894736923,0.065001,False,Kraken,Binance US
277,01-13-2021_20-05-05,BTC/USD,25.0,36102.24,36093.58,0.005996857812698199,-0.1140041421873018,0.120001,False,Coinbase Pro,Binance US
278,01-13-2021_20-05-16,BTC/USD,25.0,36121.86,36100.0,0.01512934273041351,-0.1698706572695865,0.185,False,Coinbase Pro,Kraken
279,01-13-2021_20-05-25,BTC/USD,25.0,36162.0,36104.6,0.039682539682540686,-0.14531746031745932,0.185,False,Coinbase Pro,Kraken
280,01-13-2021_20-05-35,BTC/USD,25.0,36157.87,36126.789,0.021489789083265678,-0.1605102109167343,0.182,False,Coinbase Pro,Bittrex
281,01-13-2021_20-05-46,BTC/USD,25.0,36133.62,36123.99,0.0066627700186174645,-0.11333822998138253,0.120001,False,Coinbase Pro,Binance US
282,01-13-2021_20-05-57,BTC/USD,25.0,36138.2,36126.57,0.008045503096444608,-0.05695549690355539,0.065001,False,Kraken,Binance US
283,01-13-2021_20-06-07,BTC/USD,25.0,36123.68,36119.01,0.0032319520048886587,-0.058769047995111345,0.062001,False,Bittrex,Binance US
284,01-13-2021_20-06-18,BTC/USD,25.0,36127.9,36122.7,0.0035983270547169676,-0.18140167294528303,0.185,False,Coinbase Pro,Kraken
285,01-13-2021_20-06-29,BTC/USD,25.0,36122.8,36119.989,0.0019454471967853496,-0.12505455280321465,0.127,False,Kraken,Bittrex
286,01-13-2021_20-06-39,BTC/USD,25.0,36129.77,36120.28,0.006566606983657772,-0.11343439301634223,0.120001,False,Coinbase Pro,Binance US
287,01-13-2021_20-06-49,BTC/USD,25.0,36126.8,36117.69,0.0063041841513783265,-0.05569681584862168,0.062001,False,Bittrex,Binance US
288,01-13-2021_20-07-00,BTC/USD,25.0,36135.05,36122.7,0.008544335762649988,-0.17645566423735,0.185,False,Coinbase Pro,Kraken
289,01-13-2021_20-07-10,BTC/USD,25.0,36135.31,36121.81,0.009339894967000422,-0.11066110503299957,0.120001,False,Coinbase Pro,Binance US
290,01-13-2021_20-07-20,BTC/USD,25.0,36153.9,36122.7,0.02157443595297075,-0.17342556404702925,0.195,False,Coinbase Pro,Kraken
291,01-13-2021_20-07-31,BTC/USD,25.0,36167.47,36145.02,0.01551808849223098,-0.10448291150776902,0.120001,False,Coinbase Pro,Binance US
292,01-13-2021_20-07-41,BTC/USD,25.0,36167.57,36146.733,0.014403096475654525,-0.16759690352434548,0.182,False,Coinbase Pro,Bittrex
293,01-13-2021_20-07-53,BTC/USD,25.0,36161.55,36146.734,0.010242923768482109,-0.1717570762315179,0.182,False,Coinbase Pro,Bittrex
294,01-13-2021_20-08-04,BTC/USD,25.0,36184.39,36146.734,0.026016743684225907,-0.1559832563157741,0.182,False,Coinbase Pro,Bittrex
295,01-13-2021_20-08-14,BTC/USD,25.0,36219.51,36194.222,0.01745468119253992,-0.16454531880746007,0.182,False,Coinbase Pro,Bittrex
296,01-13-2021_20-08-24,BTC/USD,25.0,36232.19,36199.247,0.022730478063842745,-0.15926952193615726,0.182,False,Coinbase Pro,Bittrex
297,01-13-2021_20-08-35,BTC/USD,25.0,36248.16,36200.0,0.03321547907535409,-0.1487845209246459,0.182,False,Coinbase Pro,Bittrex
298,01-13-2021_20-08-46,BTC/USD,25.0,36239.6,36209.297,0.02090461815251816,-0.10609538184748184,0.127,False,Kraken,Bittrex
299,01-13-2021_20-08-58,BTC/USD,25.0,36239.6,36219.993,0.013525949513789015,-0.11347405048621098,0.127,False,Kraken,Bittrex
300,01-13-2021_20-09-08,BTC/USD,25.0,36258.97,36222.0,0.02549024420715837,-0.15650975579284163,0.182,False,Coinbase Pro,Bittrex
301,01-13-2021_20-09-19,BTC/USD,25.0,36259.4,36234.603,0.017096945895408267,-0.10990305410459174,0.127,False,Kraken,Bittrex
302,01-13-2021_20-09-29,BTC/USD,25.0,36274.33,36246.744,0.019012067211167626,-0.16298793278883236,0.182,False,Coinbase Pro,Bittrex
303,01-13-2021_20-09-39,BTC/USD,25.0,36253.6,36239.773,0.00953491515325202,-0.11746508484674797,0.127,False,Kraken,Bittrex
304,01-13-2021_20-09-49,BTC/USD,25.0,36249.5,36243.27,0.00429661098773997,-0.18070338901226002,0.185,False,Kraken,Coinbase Pro
305,01-13-2021_20-09-59,BTC/USD,25.0,36225.1,36206.23,0.013022738377530596,-0.1719772616224694,0.185,False,Kraken,Coinbase Pro
306,01-13-2021_20-10-09,BTC/USD,25.0,36245.96,36235.8,0.007007677545301749,-0.08799232245469825,0.095,False,Binance US,Kraken
307,01-13-2021_20-10-20,BTC/USD,25.0,36258.91,36244.1,0.010211283240453827,-0.17452870675954615,0.18473999,False,Coinbase Pro,Kraken
308,01-13-2021_20-10-29,BTC/USD,25.0,36286.53,36246.8,0.027372416155523778,-0.15462758384447622,0.182,False,Coinbase Pro,Bittrex
309,01-13-2021_20-10-41,BTC/USD,25.0,36282.73,36247.843,0.02403829590551927,-0.15796170409448074,0.182,False,Coinbase Pro,Bittrex
310,01-13-2021_20-10-52,BTC/USD,25.0,36297.41,36256.784,0.027981335307397853,-0.15401866469260214,0.182,False,Coinbase Pro,Bittrex
311,01-13-2021_20-11-02,BTC/USD,25.0,36302.58,36273.27,0.020184515811276324,-0.16181548418872366,0.182,False,Coinbase Pro,Bittrex
312,01-13-2021_20-11-12,BTC/USD,25.0,36299.79,36273.26,0.018271455564893648,-0.16372854443510634,0.182,False,Coinbase Pro,Bittrex
313,01-13-2021_20-11-24,BTC/USD,25.0,36293.17,36279.57,0.009368153842719268,-0.07263184615728073,0.082,False,Binance US,Bittrex
314,01-13-2021_20-11-35,BTC/USD,25.0,36307.15,36280.0,0.018694664824973492,-0.1633053351750265,0.182,False,Coinbase Pro,Bittrex
315,01-13-2021_20-11-47,BTC/USD,25.0,36300.01,36280.0,0.013780987939123182,-0.1682190120608768,0.182,False,Coinbase Pro,Bittrex
316,01-13-2021_20-12-00,BTC/USD,25.0,36311.76,36285.873,0.017822738418629698,-0.1741772615813703,0.192,False,Coinbase Pro,Bittrex
317,01-13-2021_20-12-12,BTC/USD,25.0,36305.0,36285.873,0.01317105081944664,-0.16882894918055336,0.182,False,Coinbase Pro,Bittrex
318,01-13-2021_20-12-23,BTC/USD,25.0,36315.61,36298.2,0.011985204158764985,-0.17301479584123503,0.185,False,Coinbase Pro,Kraken
319,01-13-2021_20-12-34,BTC/USD,25.0,36315.21,36299.701,0.010676655869536618,-0.17132334413046338,0.182,False,Coinbase Pro,Bittrex
320,01-13-2021_20-12-46,BTC/USD,25.0,36354.18,36321.705,0.022332370032826038,-0.15966762996717396,0.182,False,Coinbase Pro,Bittrex
321,01-13-2021_20-12-57,BTC/USD,25.0,36387.55,36342.731,0.030792812376762888,-0.1512071876232371,0.182,False,Coinbase Pro,Bittrex
322,01-13-2021_20-13-08,BTC/USD,25.0,36378.0,36342.731,0.02423786354390032,-0.10276213645609969,0.127,False,Kraken,Bittrex
323,01-13-2021_20-13-19,BTC/USD,25.0,36399.99,36345.0,0.03776786751864353,-0.15423213248135648,0.192,False,Coinbase Pro,Bittrex
324,01-13-2021_20-13-29,BTC/USD,25.0,36365.87,36345.0,0.014347243720556265,-0.16765275627944373,0.182,False,Coinbase Pro,Bittrex
325,01-13-2021_20-13-40,BTC/USD,25.0,36359.4,36344.99,0.009908029285414151,-0.11709197071458585,0.127,False,Kraken,Bittrex
326,01-13-2021_20-13-51,BTC/USD,25.0,36370.1,36345.0,0.017253183246676903,-0.1097468167533231,0.127,False,Kraken,Bittrex
327,01-13-2021_20-14-02,BTC/USD,25.0,36370.1,36344.999,0.017253870624493135,-0.10974612937550687,0.127,False,Kraken,Bittrex
328,01-13-2021_20-14-14,BTC/USD,25.0,36344.78,36320.65,0.016597981883503893,-0.04540301811649611,0.062001,False,Bittrex,Binance US
329,01-13-2021_20-14-25,BTC/USD,25.0,36315.4,36309.57,0.004013448839887311,-0.12272654116011268,0.12673999,False,Kraken,Bittrex
330,01-13-2021_20-14-35,BTC/USD,25.0,36338.32,36330.0,0.005723985038383522,-0.12127601496161648,0.127,False,Bittrex,Kraken
331,01-13-2021_20-14-45,BTC/USD,25.0,36334.04,36318.237,0.01087341237032813,-0.17112658762967187,0.182,False,Coinbase Pro,Bittrex
332,01-13-2021_20-14-56,BTC/USD,25.0,36326.7,36306.81,0.013688278869261054,-0.05131272113073895,0.065001,False,Kraken,Binance US
333,01-13-2021_20-15-06,BTC/USD,25.0,36355.6,36345.0,0.0072891108935064656,-0.11971088910649354,0.127,False,Kraken,Bittrex
334,01-13-2021_20-15-16,BTC/USD,25.0,36399.99,36356.784,0.029674458701773213,-0.1623255412982268,0.192,False,Coinbase Pro,Bittrex
335,01-13-2021_20-15-26,BTC/USD,25.0,36427.02,36386.301,0.02794560191857399,-0.15405439808142601,0.182,False,Coinbase Pro,Bittrex
336,01-13-2021_20-15-37,BTC/USD,25.0,36419.69,36393.09,0.01825935366281661,-0.16374064633718338,0.182,False,Coinbase Pro,Bittrex
337,01-13-2021_20-15-47,BTC/USD,25.0,36433.1,36393.1,0.027447568282687997,-0.154552431717312,0.182,False,Coinbase Pro,Bittrex
338,01-13-2021_20-15-58,BTC/USD,25.0,36418.49,36393.1,0.017429333286470294,-0.1645706667135297,0.182,False,Coinbase Pro,Bittrex
339,01-13-2021_20-16-09,BTC/USD,25.0,36441.012,36372.23,0.047187218620601996,-0.014813781379398004,0.062001,False,Bittrex,Binance US
340,01-13-2021_20-16-19,BTC/USD,25.0,36420.41,36376.58,0.03008615224265854,-0.11991384775734146,0.15,False,Binance US,Coinbase Pro
341,01-13-2021_20-16-30,BTC/USD,25.0,36449.98,36400.0,0.03427985420019654,-0.15072014579980347,0.185,False,Coinbase Pro,Kraken
342,01-13-2021_20-16-41,BTC/USD,25.0,36465.0,36441.014,0.016444535856298608,-0.1655554641437014,0.182,False,Coinbase Pro,Bittrex
343,01-13-2021_20-16-52,BTC/USD,25.0,36471.98,36449.2,0.015614726702530347,-0.16938527329746966,0.185,False,Coinbase Pro,Kraken
344,01-13-2021_20-17-02,BTC/USD,25.0,36481.99,36450.0,0.02192177564875022,-0.16281821435124977,0.18473999,False,Coinbase Pro,Kraken
345,01-13-2021_20-17-12,BTC/USD,25.0,36432.709,36405.5,0.018670722509272205,-0.1083292774907278,0.127,False,Bittrex,Kraken
346,01-13-2021_20-17-21,BTC/USD,25.0,36461.56,36412.8,0.03343246970233498,-0.09356753029766501,0.127,False,Bittrex,Kraken
347,01-13-2021_20-17-31,BTC/USD,25.0,36420.69,36401.49,0.013179321973309926,-0.048821678026690074,0.062001,False,Bittrex,Binance US
348,01-13-2021_20-17-40,BTC/USD,25.0,36413.728,36400.25,0.009253378286344914,-0.05274762171365509,0.062001,False,Bittrex,Binance US
349,01-13-2021_20-17-50,BTC/USD,25.0,36444.429,36420.11,0.016682247923266866,-0.04531875207673314,0.062001,False,Bittrex,Binance US
350,01-13-2021_20-18-01,BTC/USD,25.0,36434.02,36405.4,0.019638239206101433,-0.16536176079389855,0.185,False,Coinbase Pro,Kraken
351,01-13-2021_20-18-12,BTC/USD,25.0,36426.21,36409.3,0.011605654280253296,-0.1083953457197467,0.120001,False,Coinbase Pro,Binance US
352,01-13-2021_20-18-23,BTC/USD,25.0,36454.89,36439.35,0.01065700650859245,-0.10934399349140755,0.120001,False,Coinbase Pro,Binance US
353,01-13-2021_20-18-33,BTC/USD,25.0,36458.36,36450.0,0.005732567235608364,-0.17900742276439163,0.18473999,False,Coinbase Pro,Kraken
354,01-13-2021_20-18-43,BTC/USD,25.0,36470.04,36446.76,0.015958304405478328,-0.10404269559452167,0.120001,False,Coinbase Pro,Binance US
355,01-13-2021_20-18-53,BTC/USD,25.0,36453.172,36436.34,0.011543577058261319,-0.05045742294173868,0.062001,False,Bittrex,Binance US
356,01-13-2021_20-19-03,BTC/USD,25.0,36453.159,36436.35,0.01152780750771223,-0.05047319249228777,0.062001,False,Bittrex,Binance US
357,01-13-2021_20-19-14,BTC/USD,25.0,36456.41,36442.2,0.009744514064883516,-0.17525548593511647,0.185,False,Coinbase Pro,Kraken
358,01-13-2021_20-19-24,BTC/USD,25.0,36463.78,36444.1,0.01349284138945571,-0.17150715861054427,0.185,False,Coinbase Pro,Kraken
359,01-13-2021_20-19-35,BTC/USD,25.0,36460.418,36445.0,0.010571738371182311,-0.1164282616288177,0.127,False,Bittrex,Kraken
360,01-13-2021_20-19-47,BTC/USD,25.0,36460.418,36444.4,0.010983143418704355,-0.11601685658129565,0.127,False,Bittrex,Kraken
361,01-13-2021_20-19-59,BTC/USD,25.0,36447.209,36405.73,0.028451424085723105,-0.033549575914276895,0.062001,False,Bittrex,Binance US
362,01-13-2021_20-20-10,BTC/USD,25.0,36406.431,36390.2,0.011145695660197897,-0.11585430433980211,0.127,False,Bittrex,Kraken
363,01-13-2021_20-20-21,BTC/USD,25.0,36406.349,36377.88,0.019549474735852116,-0.04245152526414789,0.062001,False,Bittrex,Binance US
364,01-13-2021_20-20-32,BTC/USD,25.0,36400.001,36375.9,0.016552884160631696,-0.11044711583936831,0.127,False,Bittrex,Kraken
365,01-13-2021_20-20-43,BTC/USD,25.0,36388.303,36376.8,0.007902951671033527,-0.11909704832896648,0.127,False,Bittrex,Kraken
366,01-13-2021_20-20-53,BTC/USD,25.0,36434.889,36405.73,0.020007608641266647,-0.041993391358733353,0.062001,False,Bittrex,Binance US
367,01-13-2021_20-21-04,BTC/USD,25.0,36425.86,36380.01,0.03146802848306021,-0.03053297151693979,0.062001,False,Bittrex,Binance US
368,01-13-2021_20-21-14,BTC/USD,25.0,36425.942,36401.5,0.01677513240426475,-0.045225867595735256,0.062001,False,Bittrex,Binance US
369,01-13-2021_20-21-25,BTC/USD,25.0,36407.329,36384.68,0.015552500431985559,-0.17644749956801445,0.192,False,Bittrex,Coinbase Pro
370,01-13-2021_20-21-35,BTC/USD,25.0,36388.56,36375.03,0.009295503861652423,-0.052705496138347574,0.062001,False,Bittrex,Binance US
371,01-13-2021_20-21-46,BTC/USD,25.0,36420.12,36399.18,0.014373922985428335,-0.13562607701457166,0.15,False,Binance US,Coinbase Pro
372,01-13-2021_20-21-56,BTC/USD,25.0,36415.183,36398.0,0.011796590449646555,-0.11520340955035345,0.127,False,Bittrex,Kraken
373,01-13-2021_20-22-05,BTC/USD,25.0,36401.63,36390.01,0.007980411866168729,-0.13201958813383124,0.13999999999999999,False,Binance US,Coinbase Pro
374,01-13-2021_20-22-14,BTC/USD,25.0,36400.1,36387.95,0.008344757294623818,-0.1766552427053762,0.185,False,Kraken,Coinbase Pro
375,01-13-2021_20-22-25,BTC/USD,25.0,36400.2,36388.3,0.008173032016303605,-0.1768269679836964,0.185,False,Kraken,Coinbase Pro
376,01-13-2021_20-22-35,BTC/USD,25.0,36400.2,36391.19,0.006188152812343587,-0.17881184718765641,0.185,False,Kraken,Coinbase Pro
377,01-13-2021_20-22-45,BTC/USD,25.0,36389.427,36370.37,0.013092401812208183,-0.1689075981877918,0.182,False,Bittrex,Coinbase Pro
378,01-13-2021_20-22-55,BTC/USD,25.0,36422.67,36377.2,0.031209957973976896,-0.05379004202602311,0.085,False,Binance US,Kraken
379,01-13-2021_20-23-06,BTC/USD,25.0,36403.474,36386.07,0.011952155994783815,-0.1700478440052162,0.182,False,Bittrex,Coinbase Pro
380,01-13-2021_20-23-15,BTC/USD,25.0,36403.465,36385.46,0.01236489438573868,-0.04963610561426132,0.062001,False,Bittrex,Binance US
381,01-13-2021_20-23-25,BTC/USD,25.0,36360.62,36329.44,0.021438028284446395,-0.1605619717155536,0.182,False,Bittrex,Coinbase Pro
382,01-13-2021_20-23-36,BTC/USD,25.0,36380.969,36351.1,0.020525154236545197,-0.10647484576345481,0.127,False,Bittrex,Kraken
383,01-13-2021_20-23-46,BTC/USD,25.0,36380.94,36351.1,0.020505242580320753,-0.10649475741967925,0.127,False,Bittrex,Kraken
384,01-13-2021_20-23-57,BTC/USD,25.0,36373.25,36351.1,0.015224100128529521,-0.11177589987147048,0.127,False,Bittrex,Kraken
385,01-13-2021_20-24-08,BTC/USD,25.0,36353.49,36331.82,0.01490228310954344,-0.16709771689045655,0.182,False,Bittrex,Coinbase Pro
386,01-13-2021_20-24-18,BTC/USD,25.0,36328.3,36312.89,0.010604680097887523,-0.05439631990211248,0.065001,False,Kraken,Binance US
387,01-13-2021_20-24-28,BTC/USD,25.0,36306.954,36269.96,0.025473081547958264,-0.15652691845204172,0.182,False,Bittrex,Coinbase Pro
388,01-13-2021_20-24-38,BTC/USD,25.0,36273.974,36236.26,0.025992465010864222,-0.03600853498913578,0.062001,False,Bittrex,Binance US
389,01-13-2021_20-24-49,BTC/USD,25.0,36265.17,36258.62,0.004515351782437277,-0.11548564821756271,0.120001,False,Coinbase Pro,Binance US
390,01-13-2021_20-25-00,BTC/USD,25.0,36307.587,36275.5,0.022093867047677622,-0.03990713295232238,0.062001,False,Bittrex,Binance US
391,01-13-2021_20-25-11,BTC/USD,25.0,36275.38,36230.44,0.03097141918292452,-0.1510285808170755,0.182,False,Bittrex,Coinbase Pro
392,01-13-2021_20-25-22,BTC/USD,25.0,36241.903,36224.53,0.011984056135241844,-0.17001594386475816,0.182,False,Bittrex,Coinbase Pro
393,01-13-2021_20-25-32,BTC/USD,25.0,36244.386,36220.53,0.016454962156070025,-0.16554503784392996,0.182,False,Bittrex,Coinbase Pro
394,01-13-2021_20-25-43,BTC/USD,25.0,36237.742,36212.31,0.01754524329910008,-0.04445575670089992,0.062001,False,Bittrex,Binance US
395,01-13-2021_20-25-54,BTC/USD,25.0,36182.836,36120.51,0.043063235839225625,-0.018937764160774376,0.062001,False,Bittrex,Binance US
396,01-13-2021_20-26-07,BTC/USD,25.0,36175.49,36149.4,0.018030163516787545,-0.10896983648321246,0.127,False,Bittrex,Kraken
397,01-13-2021_20-26-19,BTC/USD,25.0,36181.354,36155.6,0.017795077541874756,-0.10920492245812524,0.127,False,Bittrex,Kraken
398,01-13-2021_20-26-31,BTC/USD,25.0,36166.889,36138.45,0.019658174082933813,-0.1623418259170662,0.182,False,Bittrex,Coinbase Pro
399,01-13-2021_20-26-43,BTC/USD,25.0,36158.849,36114.0,0.03100831555783342,-0.15099168444216657,0.182,False,Bittrex,Coinbase Pro
400,01-13-2021_20-26-56,BTC/USD,25.0,36131.448,36111.27,0.013961521829958133,-0.16803847817004186,0.182,False,Bittrex,Coinbase Pro
401,01-13-2021_20-27-10,BTC/USD,25.0,36122.8,36088.89,0.02346855725470028,-0.1615314427452997,0.185,False,Kraken,Coinbase Pro
402,01-13-2021_20-27-23,BTC/USD,25.0,36122.8,36100.45,0.015468070027798106,-0.1695319299722019,0.185,False,Kraken,Coinbase Pro
403,01-13-2021_20-27-34,BTC/USD,25.0,36122.8,36088.15,0.023980699170607935,-0.16101930082939206,0.185,False,Kraken,Coinbase Pro
404,01-13-2021_20-27-44,BTC/USD,25.0,36121.2,36099.18,0.015240357463204988,-0.169759642536795,0.185,False,Kraken,Coinbase Pro
405,01-13-2021_20-27-56,BTC/USD,25.0,36108.71,36094.37,0.009928352466756987,-0.05207264753324301,0.062001,False,Bittrex,Binance US
406,01-13-2021_20-28-07,BTC/USD,25.0,36108.69,36090.29,0.01273931566058022,-0.16926068433941976,0.182,False,Bittrex,Coinbase Pro
407,01-13-2021_20-28-20,BTC/USD,25.0,36082.01,36030.0,0.036035963628413464,-0.09096403637158654,0.127,False,Bittrex,Kraken
408,01-13-2021_20-28-33,BTC/USD,25.0,36044.81,36010.98,0.023463849580559915,-0.15853615041944008,0.182,False,Bittrex,Coinbase Pro
409,01-13-2021_20-28-47,BTC/USD,25.0,36011.679,35988.1,0.016368995180700896,-0.1106310048192991,0.127,False,Bittrex,Kraken
410,01-13-2021_20-28-59,BTC/USD,25.0,35999.989,35957.86,0.02925625893941302,-0.15274374106058697,0.182,False,Bittrex,Coinbase Pro
411,01-13-2021_20-29-12,BTC/USD,25.0,35946.319,35895.76,0.035162849358790466,-0.026838150641209535,0.062001,False,Bittrex,Binance US
412,01-13-2021_20-29-25,BTC/USD,25.0,35893.309,35887.1,0.004324622174011987,-0.12267537782598802,0.127,False,Bittrex,Kraken
413,01-13-2021_20-29-37,BTC/USD,25.0,35894.34,35846.69,0.033187683629225515,-0.14881231637077447,0.182,False,Bittrex,Coinbase Pro
414,01-13-2021_20-29-50,BTC/USD,25.0,35942.45,35900.0,0.029526367846374618,-0.09747363215362538,0.127,False,Bittrex,Kraken
415,01-13-2021_20-30-05,BTC/USD,25.0,35958.96,35930.4,0.019855969138149205,-0.0751440308618508,0.095,False,Binance US,Kraken
416,01-13-2021_20-30-16,BTC/USD,25.0,35994.35,35981.16,0.009161160015387868,-0.17283883998461214,0.182,False,Bittrex,Coinbase Pro
417,01-13-2021_20-30-29,BTC/USD,25.0,36012.5,35994.359,0.012593543908367413,-0.1144064560916326,0.127,False,Kraken,Bittrex
418,01-13-2021_20-30-40,BTC/USD,25.0,36040.839,36026.96,0.009627273105379716,-0.17237272689462027,0.182,False,Bittrex,Coinbase Pro
419,01-13-2021_20-30-53,BTC/USD,25.0,36028.67,36002.13,0.01841588934590208,-0.16358411065409792,0.182,False,Bittrex,Coinbase Pro
420,01-13-2021_20-31-05,BTC/USD,25.0,36027.87,36008.88,0.013177298574690398,-0.16882270142530958,0.182,False,Bittrex,Coinbase Pro
421,01-13-2021_20-31-18,BTC/USD,25.0,35949.999,35908.3,0.028997914575742075,-0.09800208542425792,0.127,False,Bittrex,Kraken
422,01-13-2021_20-31-29,BTC/USD,25.0,35935.289,35920.93,0.009989484153026251,-0.17201051584697374,0.182,False,Bittrex,Coinbase Pro
423,01-13-2021_20-31-41,BTC/USD,25.0,35919.1,35910.66,0.005874311995564374,-0.15412568800443563,0.16,False,Binance US,Coinbase Pro
424,01-13-2021_20-31-54,BTC/USD,25.0,35916.81,35894.1,0.01580736151122492,-0.11119263848877509,0.127,False,Bittrex,Kraken
425,01-13-2021_20-32-06,BTC/USD,25.0,35875.22,35855.15,0.013985976950106303,-0.16801402304989368,0.182,False,Bittrex,Coinbase Pro
426,01-13-2021_20-32-19,BTC/USD,25.0,35863.38,35844.35,0.013265620808746163,-0.16873437919125384,0.182,False,Bittrex,Coinbase Pro
427,01-13-2021_20-32-31,BTC/USD,25.0,35815.63,35767.82,0.033372301422589574,-0.14862769857741043,0.182,False,Bittrex,Coinbase Pro
428,01-13-2021_20-32-45,BTC/USD,25.0,35780.283,35766.53,0.00960934266506797,-0.17239065733493203,0.182,False,Bittrex,Coinbase Pro
429,01-13-2021_20-32-56,BTC/USD,25.0,35779.41,35749.6,0.020829018700982593,-0.0741709812990174,0.095,False,Binance US,Kraken
430,01-13-2021_20-33-08,BTC/USD,25.0,35775.42,35724.5,0.03558309028936505,-0.049416909710634956,0.085,False,Binance US,Kraken
431,01-13-2021_20-33-21,BTC/USD,25.0,35800.8,35749.5,0.035823221827447224,-0.05917677817255278,0.095,False,Binance US,Kraken
432,01-13-2021_20-33-35,BTC/USD,25.0,35830.21,35800.0,0.021078581454029386,-0.06392141854597062,0.085,False,Binance US,Kraken
433,01-13-2021_20-33-48,BTC/USD,25.0,35794.9,35747.6,0.03303543242193924,-0.14896456757806076,0.182,False,Bittrex,Coinbase Pro
434,01-13-2021_20-34-00,BTC/USD,25.0,35759.6,35738.4,0.014821194867949508,-0.08017880513205049,0.095,False,Binance US,Kraken
435,01-13-2021_20-34-13,BTC/USD,25.0,35803.93,35778.658,0.017646107564167682,-0.07435389243583232,0.092,False,Binance US,Bittrex
436,01-13-2021_20-34-25,BTC/USD,25.0,35823.7,35790.0,0.02351795040713068,-0.06848204959286933,0.092,False,Binance US,Bittrex
437,01-13-2021_20-34-36,BTC/USD,25.0,35821.61,35794.91,0.01863400332927323,-0.07336599667072677,0.092,False,Binance US,Bittrex
438,01-13-2021_20-34-48,BTC/USD,25.0,35839.82,35800.0,0.027776367180415325,-0.06722363281958468,0.095,False,Binance US,Kraken
439,01-13-2021_20-35-00,BTC/USD,25.0,35862.14,35833.5,0.019965345068643014,-0.165034654931357,0.185,False,Coinbase Pro,Kraken
440,01-13-2021_20-35-14,BTC/USD,25.0,35883.85,35865.7,0.0126449642387881,-0.1143550357612119,0.127,False,Bittrex,Kraken
441,01-13-2021_20-35-25,BTC/USD,25.0,35883.73,35837.49,0.032215157119957455,-0.14978484288004254,0.182,False,Bittrex,Coinbase Pro
442,01-13-2021_20-35-38,BTC/USD,25.0,35830.17,35800.0,0.02105069554512179,-0.10594930445487821,0.127,False,Bittrex,Kraken
443,01-13-2021_20-35-50,BTC/USD,25.0,35833.22,35826.84,0.004451176868841718,-0.15554882313115828,0.16,False,Binance US,Coinbase Pro
444,01-13-2021_20-36-02,BTC/USD,25.0,35842.96,35829.9,0.009109180714983968,-0.11789081928501603,0.127,False,Bittrex,Kraken
445,01-13-2021_20-36-13,BTC/USD,25.0,35842.979,35809.75,0.023176784496623005,-0.158823215503377,0.182,False,Bittrex,Coinbase Pro
446,01-13-2021_20-36-26,BTC/USD,25.0,35792.95,35773.0,0.013934308292552787,-0.1710656917074472,0.185,False,Coinbase Pro,Kraken
447,01-13-2021_20-36-38,BTC/USD,25.0,35791.949,35771.88,0.014017817247115505,-0.16798218275288448,0.182,False,Bittrex,Coinbase Pro
448,01-13-2021_20-36-49,BTC/USD,25.0,35805.89,35784.8,0.014725230960602088,-0.11227476903939791,0.127,False,Bittrex,Kraken
449,01-13-2021_20-37-01,BTC/USD,25.0,35795.064,35773.2,0.015270261843924486,-0.11172973815607551,0.127,False,Bittrex,Kraken
450,01-13-2021_20-37-13,BTC/USD,25.0,35801.75,35764.59,0.025948452240465544,-0.15605154775953445,0.182,False,Bittrex,Coinbase Pro
451,01-13-2021_20-37-25,BTC/USD,25.0,35795.61,35781.8,0.009645037478057835,-0.17535496252194216,0.185,False,Coinbase Pro,Kraken
452,01-13-2021_20-37-36,BTC/USD,25.0,35795.287,35779.01,0.01136811670206373,-0.17063188329793627,0.182,False,Bittrex,Coinbase Pro
453,01-13-2021_20-37-48,BTC/USD,25.0,35817.03,35785.9,0.021728490609074357,-0.07327150939092564,0.095,False,Binance US,Kraken
454,01-13-2021_20-38-00,BTC/USD,25.0,35816.098,35796.8,0.013470199908428905,-0.1135298000915711,0.127,False,Bittrex,Kraken
455,01-13-2021_20-38-11,BTC/USD,25.0,35808.86,35795.0,0.00967637618176101,-0.11732362381823899,0.127,False,Bittrex,Kraken
456,01-13-2021_20-38-22,BTC/USD,25.0,35851.85,35830.0,0.015236312770469686,-0.07976368722953031,0.095,False,Binance US,Kraken
457,01-13-2021_20-38-34,BTC/USD,25.0,35847.19,35817.0,0.021054648913905332,-0.10594535108609467,0.127,False,Bittrex,Kraken
458,01-13-2021_20-38-45,BTC/USD,25.0,35797.2,35782.1,0.01054551752650944,-0.08445448247349056,0.095,False,Binance US,Kraken
459,01-13-2021_20-38-58,BTC/USD,25.0,35821.34,35799.48,0.015256269028457134,-0.13474373097154285,0.15,False,Binance US,Coinbase Pro
460,01-13-2021_20-39-10,BTC/USD,25.0,35849.65,35815.7,0.02367526600678414,-0.07132473399321586,0.095,False,Binance US,Kraken
461,01-13-2021_20-39-21,BTC/USD,25.0,35846.927,35790.27,0.03951314989985509,-0.02248785010014491,0.062001,False,Bittrex,Binance US
462,01-13-2021_20-39-33,BTC/USD,25.0,35817.089,35790.4,0.018628677500842187,-0.10837132249915782,0.127,False,Bittrex,Kraken
463,01-13-2021_20-39-44,BTC/USD,25.0,35814.168,35790.7,0.016381784996374032,-0.11061821500362597,0.127,False,Bittrex,Kraken
464,01-13-2021_20-39-56,BTC/USD,25.0,35832.3,35813.7,0.0129771184099303,-0.0817628715900697,0.09473999,False,Binance US,Kraken
465,01-13-2021_20-40-06,BTC/USD,25.0,35841.719,35812.4,0.020450330521253647,-0.10654966947874636,0.127,False,Bittrex,Kraken
466,01-13-2021_20-40-17,BTC/USD,25.0,35841.716,35816.2,0.017797696962949028,-0.10920230303705097,0.127,False,Bittrex,Kraken
467,01-13-2021_20-40-29,BTC/USD,25.0,35847.75,35820.0,0.019352679038433376,-0.06564732096156663,0.085,False,Binance US,Kraken
468,01-13-2021_20-40-41,BTC/USD,25.0,35848.298,35820.0,0.019734549182783032,-0.10726545081721697,0.127,False,Bittrex,Kraken
469,01-13-2021_20-40-52,BTC/USD,25.0,35852.73,35820.0,0.022822529832458503,-0.06217747016754151,0.085,False,Binance US,Kraken
470,01-13-2021_20-41-03,BTC/USD,25.0,35863.499,35836.0,0.019169211570797533,-0.10783078842920246,0.127,False,Bittrex,Kraken
471,01-13-2021_20-41-14,BTC/USD,25.0,35865.88,35851.9,0.009744637521786672,-0.08525536247821333,0.095,False,Binance US,Kraken
472,01-13-2021_20-41-24,BTC/USD,25.0,35873.369,35855.1,0.012731589274483972,-0.11426841072551602,0.127,False,Bittrex,Kraken
473,01-13-2021_20-41-36,BTC/USD,25.0,35911.03,35861.0,0.034829131885105245,-0.09217086811489475,0.127,False,Bittrex,Kraken
474,01-13-2021_20-41-47,BTC/USD,25.0,35919.5,35899.2,0.01412881582427575,-0.17087118417572425,0.185,False,Coinbase Pro,Kraken
475,01-13-2021_20-41-57,BTC/USD,25.0,35966.26,35900.0,0.04605705458393647,-0.04894294541606353,0.095,False,Binance US,Kraken
476,01-13-2021_20-42-09,BTC/USD,25.0,36001.06,35994.359,0.004653335207352875,-0.08734666479264712,0.092,False,Binance US,Bittrex
477,01-13-2021_20-42-20,BTC/USD,25.0,36040.83,36015.6,0.01750098430030829,-0.10923900569969171,0.12673999,False,Bittrex,Kraken
478,01-13-2021_20-42-32,BTC/USD,25.0,36056.49,36035.7,0.014414880649780993,-0.112585119350219,0.127,False,Bittrex,Kraken
479,01-13-2021_20-42-43,BTC/USD,25.0,36047.6,35959.28,0.0612523441227708,-0.12074765587722919,0.182,False,Bittrex,Coinbase Pro
480,01-13-2021_20-42-54,BTC/USD,25.0,35889.94,35861.1,0.020089194910888526,-0.07491080508911148,0.095,False,Binance US,Kraken
481,01-13-2021_20-43-04,BTC/USD,25.0,35898.45,35876.4,0.015355816198189362,-0.07964418380181064,0.095,False,Binance US,Kraken
482,01-13-2021_20-43-14,BTC/USD,25.0,35929.706,35897.0,0.022756935445003578,-0.10424306455499642,0.127,False,Bittrex,Kraken
483,01-13-2021_20-43-25,BTC/USD,25.0,35934.668,35905.26,0.02045935139848503,-0.16154064860151496,0.182,False,Bittrex,Coinbase Pro
484,01-13-2021_20-43-42,BTC/USD,25.0,35933.61,35900.1,0.023313827917652886,-0.10368617208234712,0.127,False,Bittrex,Kraken
485,01-13-2021_20-43-52,BTC/USD,25.0,35930.946,35900.1,0.021462001028309276,-0.10553799897169072,0.127,False,Bittrex,Kraken
486,01-13-2021_20-44-05,BTC/USD,25.0,35934.15,35902.5,0.02201944389946712,-0.1629805561005329,0.185,False,Coinbase Pro,Kraken
487,01-13-2021_20-44-15,BTC/USD,25.0,35941.736,35921.4,0.014145115305501449,-0.11285488469449856,0.127,False,Bittrex,Kraken
488,01-13-2021_20-44-26,BTC/USD,25.0,35963.647,35940.7,0.01595152460483229,-0.11104847539516771,0.127,False,Bittrex,Kraken
489,01-13-2021_20-44-38,BTC/USD,25.0,35980.999,35950.5,0.021191045862847938,-0.10580895413715206,0.127,False,Bittrex,Kraken
490,01-13-2021_20-44-49,BTC/USD,25.0,35996.338,35968.8,0.01912555660523055,-0.10787444339476945,0.127,False,Bittrex,Kraken
491,01-13-2021_20-44-59,BTC/USD,25.0,35982.856,35964.34,0.012864459674909672,-0.16913554032509032,0.182,False,Bittrex,Coinbase Pro
492,01-13-2021_20-45-10,BTC/USD,25.0,35977.57,35935.01,0.0295739817892076,-0.15242601821079238,0.182,False,Bittrex,Coinbase Pro
493,01-13-2021_20-45-20,BTC/USD,25.0,35919.571,35896.25,0.01623140209553418,-0.16576859790446583,0.182,False,Bittrex,Coinbase Pro
494,01-13-2021_20-45-31,BTC/USD,25.0,35910.418,35876.9,0.023334454085160185,-0.10366554591483981,0.127,False,Bittrex,Kraken
495,01-13-2021_20-45-41,BTC/USD,25.0,35930.019,35899.16,0.021471600112427398,-0.040529399887572606,0.062001,False,Bittrex,Binance US
496,01-13-2021_20-45-51,BTC/USD,25.0,35919.384,35882.1,0.025949776866997253,-0.10105022313300274,0.127,False,Bittrex,Kraken
497,01-13-2021_20-46-01,BTC/USD,25.0,35912.337,35844.64,0.04712656266285324,-0.01487443733714676,0.062001,False,Bittrex,Binance US
498,01-13-2021_20-46-13,BTC/USD,25.0,35833.136,35801.2,0.02228105293379954,-0.10471894706620047,0.127,False,Bittrex,Kraken
499,01-13-2021_20-46-25,BTC/USD,25.0,35937.02,35898.96,0.02647687537809039,-0.09352412462190961,0.120001,False,Coinbase Pro,Binance US
500,01-13-2021_20-46-37,BTC/USD,25.0,35957.886,35900.1,0.04017616608495843,-0.08682383391504157,0.127,False,Bittrex,Kraken
501,01-13-2021_20-46-47,BTC/USD,25.0,35986.539,35956.1,0.021146101324163523,-0.04085489867583648,0.062001,False,Bittrex,Binance US
502,01-13-2021_20-46-59,BTC/USD,25.0,35999.999,35968.0,0.022221528395044838,-0.10477847160495517,0.127,False,Bittrex,Kraken
503,01-13-2021_20-47-09,BTC/USD,25.0,35999.258,35985.9,0.009276580089511967,-0.11772341991048804,0.127,False,Bittrex,Kraken
504,01-13-2021_20-47-19,BTC/USD,25.0,35966.428,35939.06,0.01902329583577372,-0.04297770416422628,0.062001,False,Bittrex,Binance US
505,01-13-2021_20-47-29,BTC/USD,25.0,35941.694,35908.7,0.02294966953978717,-0.10405033046021284,0.127,False,Bittrex,Kraken
506,01-13-2021_20-47-40,BTC/USD,25.0,35973.27,35953.7,0.0136003760569999,-0.0813996239430001,0.095,False,Binance US,Kraken
507,01-13-2021_20-47-50,BTC/USD,25.0,35994.342,35954.6,0.027602949374653366,-0.09939705062534664,0.127,False,Bittrex,Kraken
508,01-13-2021_20-48-03,BTC/USD,25.0,35986.33,35950.6,0.024821925436688878,-0.10217807456331113,0.127,False,Bittrex,Kraken
509,01-13-2021_20-48-14,BTC/USD,25.0,35988.627,35956.2,0.022525866296596503,-0.1044741337034035,0.127,False,Bittrex,Kraken
510,01-13-2021_20-48-25,BTC/USD,25.0,36012.691,35956.2,0.039216036368957964,-0.08778396363104204,0.127,False,Bittrex,Kraken
511,01-13-2021_20-48-37,BTC/USD,25.0,35999.99,35978.3,0.015062504184025504,-0.0699374958159745,0.085,False,Binance US,Kraken
512,01-13-2021_20-48-48,BTC/USD,25.0,36010.515,35978.3,0.02236499533538781,-0.10463500466461219,0.127,False,Bittrex,Kraken
513,01-13-2021_20-48-58,BTC/USD,25.0,36010.508,35990.0,0.014237510895431987,-0.11276248910456801,0.127,False,Bittrex,Kraken
514,01-13-2021_20-49-09,BTC/USD,25.0,36023.0,36000.0,0.01596202426227688,-0.07903797573772312,0.095,False,Binance US,Kraken
515,01-13-2021_20-49-19,BTC/USD,25.0,36047.71,36000.0,0.033088093529380316,-0.09391190647061969,0.127,False,Bittrex,Kraken
516,01-13-2021_20-49-29,BTC/USD,25.0,36047.77,36009.9,0.026263760559942645,-0.10073623944005736,0.127,False,Bittrex,Kraken
517,01-13-2021_20-49-40,BTC/USD,25.0,36053.415,36037.62,0.010952499229267361,-0.17104750077073264,0.182,False,Bittrex,Coinbase Pro
518,01-13-2021_20-49-50,BTC/USD,25.0,36089.012,36046.1,0.029726499578323105,-0.0972735004216769,0.127,False,Bittrex,Kraken
519,01-13-2021_20-50-00,BTC/USD,25.0,36089.011,36061.7,0.018919193989550942,-0.04308180601044906,0.062001,False,Bittrex,Binance US
520,01-13-2021_20-50-11,BTC/USD,25.0,36099.998,36074.3,0.017796399877914593,-0.10920360012208541,0.127,False,Bittrex,Kraken
521,01-13-2021_20-50-23,BTC/USD,25.0,36100.0,36094.3,0.003947368421050616,-0.08105263157894939,0.085,False,Binance US,Kraken
522,01-13-2021_20-50-34,BTC/USD,25.0,36124.604,36113.15,0.007926730490940403,-0.1740732695090596,0.182,False,Bittrex,Coinbase Pro
523,01-13-2021_20-50-45,BTC/USD,25.0,36149.401,36113.3,0.024966527107873178,-0.10203347289212683,0.127,False,Bittrex,Kraken
524,01-13-2021_20-50-54,BTC/USD,25.0,36178.924,36158.27,0.014272121525782711,-0.16772787847421727,0.182,False,Bittrex,Coinbase Pro
525,01-13-2021_20-51-05,BTC/USD,25.0,36199.992,36172.9,0.01870994888617442,-0.10829005111382559,0.127,False,Bittrex,Kraken
526,01-13-2021_20-51-15,BTC/USD,25.0,36221.07,36209.297,0.008125795289869299,-0.1738742047101307,0.182,False,Coinbase Pro,Bittrex
527,01-13-2021_20-51-25,BTC/USD,25.0,36233.272,36188.5,0.030891496633258245,-0.09610850336674176,0.127,False,Bittrex,Kraken
528,01-13-2021_20-51-34,BTC/USD,25.0,36233.263,36215.0,0.012600990421425066,-0.04940000957857493,0.062001,False,Bittrex,Binance US
529,01-13-2021_20-51-45,BTC/USD,25.0,36233.255,36215.0,0.012595473412475213,-0.049405526587524784,0.062001,False,Bittrex,Binance US
530,01-13-2021_20-51-55,BTC/USD,25.0,36233.251,36218.41,0.010239903673005408,-0.1717600963269946,0.182,False,Bittrex,Coinbase Pro
531,01-13-2021_20-52-05,BTC/USD,25.0,36214.024,36184.7,0.020243538801432648,-0.10675646119856735,0.127,False,Bittrex,Kraken
532,01-13-2021_20-52-15,BTC/USD,25.0,36217.397,36200.0,0.012008731604867411,-0.049992268395132586,0.062001,False,Bittrex,Binance US
533,01-13-2021_20-52-25,BTC/USD,25.0,36233.52,36200.0,0.02312775573557082,-0.07187224426442917,0.095,False,Binance US,Kraken
534,01-13-2021_20-52-35,BTC/USD,25.0,36236.43,36213.2,0.016026689163366258,-0.07897331083663374,0.095,False,Binance US,Kraken
535,01-13-2021_20-52-46,BTC/USD,25.0,36256.484,36223.1,0.023019330831968013,-0.10398066916803199,0.127,False,Bittrex,Kraken
536,01-13-2021_20-52-56,BTC/USD,25.0,36256.477,36223.1,0.02301450855249974,-0.10398549144750026,0.127,False,Bittrex,Kraken
537,01-13-2021_20-53-07,BTC/USD,25.0,36256.476,36221.6,0.024048117638352275,-0.037952882361647726,0.062001,False,Bittrex,Binance US
538,01-13-2021_20-53-17,BTC/USD,25.0,36243.576,36206.1,0.025850098235341335,-0.10114990176465867,0.127,False,Bittrex,Kraken
539,01-13-2021_20-53-27,BTC/USD,25.0,36243.537,36213.3,0.020856822003874592,-0.10614317799612541,0.127,False,Bittrex,Kraken
540,01-13-2021_20-53-37,BTC/USD,25.0,36242.774,36209.2,0.02315909924554928,-0.10384090075445072,0.127,False,Bittrex,Kraken
541,01-13-2021_20-53-47,BTC/USD,25.0,36213.523,36200.0,0.009335600957687165,-0.17266439904231284,0.182,False,Bittrex,Coinbase Pro
542,01-13-2021_20-53-57,BTC/USD,25.0,36215.91,36200.0,0.010982742115277161,-0.13901725788472283,0.15,False,Binance US,Coinbase Pro
543,01-13-2021_20-54-09,BTC/USD,25.0,36231.029,36198.1,0.02272154621940473,-0.10427845378059528,0.127,False,Bittrex,Kraken
544,01-13-2021_20-54-19,BTC/USD,25.0,36187.407,36141.62,0.031631860221427735,-0.030369139778572266,0.062001,False,Bittrex,Binance US
545,01-13-2021_20-54-32,BTC/USD,25.0,36195.23,36176.4,0.0130058574016533,-0.0719941425983467,0.085,False,Binance US,Kraken
546,01-13-2021_20-54-42,BTC/USD,25.0,36180.845,36145.9,0.024146064029184303,-0.1028539359708157,0.127,False,Bittrex,Kraken
547,01-13-2021_20-54-53,BTC/USD,25.0,36180.839,36161.67,0.013245270514595921,-0.048755729485404076,0.062001,False,Bittrex,Binance US
548,01-13-2021_20-55-03,BTC/USD,25.0,36180.818,36153.4,0.01894512169404092,-0.10805487830595908,0.127,False,Bittrex,Kraken
549,01-13-2021_20-55-14,BTC/USD,25.0,36183.85,36154.8,0.020071109072138285,-0.16492889092786173,0.185,False,Coinbase Pro,Kraken
550,01-13-2021_20-55-25,BTC/USD,25.0,36193.389,36153.4,0.027621757111499973,-0.09937824288850003,0.127,False,Bittrex,Kraken
551,01-13-2021_20-55-36,BTC/USD,25.0,36193.409,36154.8,0.02666852962095719,-0.10033147037904282,0.127,False,Bittrex,Kraken
552,01-13-2021_20-55-47,BTC/USD,25.0,36208.97,36192.6,0.011302447984575798,-0.1736975520154242,0.185,False,Coinbase Pro,Kraken
553,01-13-2021_20-55-58,BTC/USD,25.0,36233.294,36200.0,0.02297196605972513,-0.03902903394027487,0.062001,False,Bittrex,Binance US
554,01-13-2021_20-56-09,BTC/USD,25.0,36220.497,36192.22,0.0195172639403608,-0.042483736059639204,0.062001,False,Bittrex,Binance US
555,01-13-2021_20-56-19,BTC/USD,25.0,36220.49,36192.45,0.019353686269844,-0.042647313730156,0.062001,False,Bittrex,Binance US
556,01-13-2021_20-56-30,BTC/USD,25.0,36220.481,36200.0,0.014136339050825807,-0.11286366094917419,0.127,False,Bittrex,Kraken
557,01-13-2021_20-56-40,BTC/USD,25.0,36238.551,36200.0,0.02659529626336293,-0.10040470373663707,0.127,False,Bittrex,Kraken
558,01-13-2021_20-56-52,BTC/USD,25.0,36210.697,36183.71,0.01863192525678323,-0.16336807474321677,0.182,False,Bittrex,Coinbase Pro
559,01-13-2021_20-57-04,BTC/USD,25.0,36210.689,36180.32,0.020966875278180138,-0.04103412472181986,0.062001,False,Bittrex,Binance US
560,01-13-2021_20-57-15,BTC/USD,25.0,36215.014,36167.97,0.03247548102563324,-0.02952551897436676,0.062001,False,Bittrex,Binance US
561,01-13-2021_20-57-26,BTC/USD,25.0,36199.994,36167.52,0.022426799297260918,-0.03957420070273908,0.062001,False,Bittrex,Binance US
562,01-13-2021_20-57-37,BTC/USD,25.0,36216.84,36190.0,0.018527292828416638,-0.11147370717158336,0.130001,False,Coinbase Pro,Binance US
563,01-13-2021_20-57-47,BTC/USD,25.0,36225.68,36190.0,0.024623416316822962,-0.037377583683177035,0.062001,False,Bittrex,Binance US
564,01-13-2021_20-57-58,BTC/USD,25.0,36243.85,36220.0,0.016451066870654295,-0.1035499331293457,0.120001,False,Coinbase Pro,Binance US
565,01-13-2021_20-58-09,BTC/USD,25.0,36243.258,36219.4,0.016456853851273646,-0.11054314614872636,0.127,False,Bittrex,Kraken
566,01-13-2021_20-58-21,BTC/USD,25.0,36243.219,36207.57,0.024590117119562157,-0.03741088288043784,0.062001,False,Bittrex,Binance US
567,01-13-2021_20-58-31,BTC/USD,25.0,36217.477,36192.8,0.017033903272718334,-0.10996609672728166,0.127,False,Bittrex,Kraken
568,01-13-2021_20-58-44,BTC/USD,25.0,36238.099,36192.8,0.03125094944963798,-0.09574905055036202,0.127,False,Bittrex,Kraken
569,01-13-2021_20-58-55,BTC/USD,25.0,36237.999,36192.8,0.031182047331035388,-0.09581795266896462,0.127,False,Bittrex,Kraken
570,01-13-2021_20-59-07,BTC/USD,25.0,36219.86,36185.19,0.02393024158569239,-0.03807075841430761,0.062001,False,Bittrex,Binance US
571,01-13-2021_20-59-19,BTC/USD,25.0,36219.866,36189.21,0.021159658624912276,-0.04084134137508773,0.062001,False,Bittrex,Binance US
572,01-13-2021_20-59-29,BTC/USD,25.0,36219.846,36195.0,0.01714943790760301,-0.10985056209239699,0.127,False,Bittrex,Kraken
573,01-13-2021_20-59-39,BTC/USD,25.0,36222.36,36195.0,0.018883363756530897,-0.1661166362434691,0.185,False,Coinbase Pro,Kraken
574,01-13-2021_20-59-50,BTC/USD,25.0,36246.03,36220.0,0.017953690376572854,-0.10204730962342715,0.120001,False,Coinbase Pro,Binance US
575,01-13-2021_21-00-02,BTC/USD,25.0,36249.919,36225.77,0.016654519972861794,-0.0453464800271382,0.062001,False,Bittrex,Binance US
576,01-13-2021_21-00-13,BTC/USD,25.0,36259.0,36249.4,0.0066190463057437775,-0.17838095369425622,0.185,False,Coinbase Pro,Kraken
577,01-13-2021_21-00-23,BTC/USD,25.0,36277.92,36261.3,0.011453247595228271,-0.17354675240477171,0.185,False,Coinbase Pro,Kraken
578,01-13-2021_21-00-34,BTC/USD,25.0,36286.7,36269.16,0.01208431739452306,-0.10791668260547693,0.120001,False,Coinbase Pro,Binance US
579,01-13-2021_21-00-44,BTC/USD,25.0,36287.16,36269.15,0.012407970202133507,-0.10759302979786649,0.120001,False,Coinbase Pro,Binance US
580,01-13-2021_21-00-55,BTC/USD,25.0,36287.37,36269.16,0.01254568738379161,-0.10745531261620839,0.120001,False,Coinbase Pro,Binance US
581,01-13-2021_21-01-06,BTC/USD,25.0,36285.86,36273.2,0.008722405917899901,-0.0532785940821001,0.062001,False,Bittrex,Binance US
582,01-13-2021_21-01-15,BTC/USD,25.0,36252.68,36231.9,0.014329975052878046,-0.11267002494712196,0.127,False,Bittrex,Kraken
583,01-13-2021_21-01-26,BTC/USD,25.0,36225.739,36202.52,0.016023827698866677,-0.04597717230113332,0.062001,False,Bittrex,Binance US
584,01-13-2021_21-01-36,BTC/USD,25.0,36241.471,36208.81,0.022530128537001204,-0.0394708714629988,0.062001,False,Bittrex,Binance US
585,01-13-2021_21-01-46,BTC/USD,25.0,36222.66,36194.02,0.019766632268314013,-0.042234367731685984,0.062001,False,Bittrex,Binance US
586,01-13-2021_21-01-56,BTC/USD,25.0,36208.899,36184.3,0.0169840844925958,-0.10975590550740419,0.12673999,False,Bittrex,Kraken
587,01-13-2021_21-02-06,BTC/USD,25.0,36194.149,36165.62,0.019705533068338613,-0.04229546693166139,0.062001,False,Bittrex,Binance US
588,01-13-2021_21-02-17,BTC/USD,25.0,36173.1,36161.25,0.00818978743873109,-0.05681121256126891,0.065001,False,Kraken,Binance US
589,01-13-2021_21-02-28,BTC/USD,25.0,36179.068,36147.7,0.021675516903864284,-0.10532448309613572,0.127,False,Bittrex,Kraken
590,01-13-2021_21-02-38,BTC/USD,25.0,36199.91,36169.4,0.02107049437415869,-0.10592950562584132,0.127,False,Bittrex,Kraken
591,01-13-2021_21-02-50,BTC/USD,25.0,36232.51,36194.3,0.026364444527855736,-0.06863555547214427,0.095,False,Binance US,Kraken
592,01-13-2021_21-03-01,BTC/USD,25.0,36280.75,36238.8,0.028906513784856355,-0.15609348621514363,0.185,False,Coinbase Pro,Kraken
593,01-13-2021_21-03-12,BTC/USD,25.0,36274.169,36249.8,0.016795009142731,-0.11020499085726901,0.127,False,Bittrex,Kraken
594,01-13-2021_21-03-21,BTC/USD,25.0,36285.51,36250.9,0.023845606689833338,-0.16115439331016665,0.185,False,Coinbase Pro,Kraken
595,01-13-2021_21-03-33,BTC/USD,25.0,36313.38,36283.5,0.020570930053879163,-0.16442906994612083,0.185,False,Coinbase Pro,Kraken
596,01-13-2021_21-03-44,BTC/USD,25.0,36328.02,36308.2,0.013639609315343715,-0.10636139068465628,0.120001,False,Coinbase Pro,Binance US
597,01-13-2021_21-03-54,BTC/USD,25.0,36334.0,36311.19,0.015694666152913022,-0.16630533384708698,0.182,False,Coinbase Pro,Bittrex
598,01-13-2021_21-04-04,BTC/USD,25.0,36349.999,36312.0,0.026134113511257204,-0.1008658864887428,0.127,False,Bittrex,Kraken
599,01-13-2021_21-04-15,BTC/USD,25.0,36351.2,36345.29,0.004064515064149338,-0.18093548493585065,0.185,False,Kraken,Coinbase Pro
600,01-13-2021_21-04-26,BTC/USD,25.0,36388.0,36353.9,0.023428053204352085,-0.1615719467956479,0.185,False,Coinbase Pro,Kraken
601,01-13-2021_21-04-36,BTC/USD,25.0,36390.04,36359.9,0.020706215217130442,-0.10629378478286956,0.127,False,Bittrex,Kraken
602,01-13-2021_21-04-49,BTC/USD,25.0,36387.82,36375.6,0.008395666462020234,-0.11860433353797976,0.127,False,Bittrex,Kraken
603,01-13-2021_21-04-59,BTC/USD,25.0,36391.27,36377.0,0.009803175321991237,-0.17519682467800876,0.185,False,Coinbase Pro,Kraken
604,01-13-2021_21-05-10,BTC/USD,25.0,36358.33,36323.51,0.023942243771922216,-0.15805775622807777,0.182,False,Bittrex,Coinbase Pro
605,01-13-2021_21-05-20,BTC/USD,25.0,36358.746,36319.5,0.026985254111898678,-0.10001474588810133,0.127,False,Bittrex,Kraken
606,01-13-2021_21-05-30,BTC/USD,25.0,36382.36,36376.21,0.0042259490588306085,-0.057775050941169394,0.062001,False,Bittrex,Binance US
607,01-13-2021_21-05-41,BTC/USD,25.0,36388.534,36367.9,0.014176168789870866,-0.11282383121012914,0.127,False,Bittrex,Kraken
608,01-13-2021_21-05-50,BTC/USD,25.0,36394.92,36374.5,0.014026682844747465,-0.08097331715525254,0.095,False,Binance US,Kraken
609,01-13-2021_21-06-00,BTC/USD,25.0,36399.98,36380.0,0.013722535012384074,-0.18127746498761593,0.195,False,Coinbase Pro,Kraken
610,01-13-2021_21-06-11,BTC/USD,25.0,36382.059,36372.81,0.006355467677079131,-0.05564553232292087,0.062001,False,Bittrex,Binance US
611,01-13-2021_21-06-22,BTC/USD,25.0,36380.546,36365.84,0.01010567570921392,-0.05189532429078608,0.062001,False,Bittrex,Binance US
612,01-13-2021_21-06-32,BTC/USD,25.0,36388.927,36376.48,0.008551365089715419,-0.05344963491028458,0.062001,False,Bittrex,Binance US
613,01-13-2021_21-06-43,BTC/USD,25.0,36409.0,36390.04,0.013018759098024614,-0.10698224090197539,0.120001,False,Coinbase Pro,Binance US
614,01-13-2021_21-06-54,BTC/USD,25.0,36402.15,36390.04,0.008316816451775913,-0.11168418354822408,0.120001,False,Coinbase Pro,Binance US
615,01-13-2021_21-07-06,BTC/USD,25.0,36401.77,36380.54,0.014580334967225446,-0.047420665032774555,0.062001,False,Bittrex,Binance US
616,01-13-2021_21-07-17,BTC/USD,25.0,36399.05,36380.54,0.012713243889608407,-0.1072877561103916,0.120001,False,Coinbase Pro,Binance US
617,01-13-2021_21-07-30,BTC/USD,25.0,36396.744,36381.61,0.0103951606220588,-0.0516058393779412,0.062001,False,Bittrex,Binance US
618,01-13-2021_21-07-41,BTC/USD,25.0,36396.732,36381.61,0.010386921551090786,-0.051614078448909216,0.062001,False,Bittrex,Binance US
619,01-13-2021_21-07-53,BTC/USD,25.0,36381.2,36364.7,0.011338273613844515,-0.17366172638615548,0.185,False,Kraken,Coinbase Pro
620,01-13-2021_21-08-04,BTC/USD,25.0,36381.2,36352.81,0.01950870229679025,-0.045492297703209755,0.065001,False,Kraken,Binance US
621,01-13-2021_21-08-15,BTC/USD,25.0,36359.61,36346.7,0.008876607862407966,-0.11812339213759204,0.127,False,Bittrex,Kraken
622,01-13-2021_21-08-26,BTC/USD,25.0,36352.67,36338.1,0.010019896750362292,-0.11698010324963772,0.127,False,Bittrex,Kraken
623,01-13-2021_21-08-37,BTC/USD,25.0,36338.0,36306.0,0.022015520942264295,-0.03998547905773571,0.062001,False,Bittrex,Binance US
624,01-13-2021_21-08-47,BTC/USD,25.0,36361.077,36344.2,0.01160375420123035,-0.11539624579876966,0.127,False,Bittrex,Kraken
625,01-13-2021_21-08-59,BTC/USD,25.0,36356.669,36322.38,0.02357820514305388,-0.03842279485694612,0.062001,False,Bittrex,Binance US
626,01-13-2021_21-09-08,BTC/USD,25.0,36375.855,36320.0,0.038387413849106225,-0.023613586150893776,0.062001,False,Bittrex,Binance US
627,01-13-2021_21-09-19,BTC/USD,25.0,36334.035,36306.0,0.019289765092153605,-0.042711234907846396,0.062001,False,Bittrex,Binance US
628,01-13-2021_21-09-30,BTC/USD,25.0,36355.088,36320.0,0.024128672168255632,-0.037872327831744365,0.062001,False,Bittrex,Binance US
629,01-13-2021_21-09-39,BTC/USD,25.0,36360.459,36320.0,0.02781799316669968,-0.03418300683330032,0.062001,False,Bittrex,Binance US
630,01-13-2021_21-09-50,BTC/USD,25.0,36361.356,36320.0,0.028434033098215426,-0.033566966901784574,0.062001,False,Bittrex,Binance US
631,01-13-2021_21-10-00,BTC/USD,25.0,36356.51,36320.0,0.025105545059194375,-0.03689545494080562,0.062001,False,Bittrex,Binance US
632,01-13-2021_21-10-10,BTC/USD,25.0,36356.501,36320.0,0.025099362559667507,-0.036901637440332494,0.062001,False,Bittrex,Binance US
633,01-13-2021_21-10-20,BTC/USD,25.0,36356.46,36320.0,0.025071197800885407,-0.0369298021991146,0.062001,False,Bittrex,Binance US
634,01-13-2021_21-10-30,BTC/USD,25.0,36356.4,36320.0,0.025029980966213273,-0.03697101903378673,0.062001,False,Bittrex,Binance US
635,01-13-2021_21-10-42,BTC/USD,25.0,36354.738,36320.0,0.02388822056701217,-0.038112779432987826,0.062001,False,Bittrex,Binance US
636,01-13-2021_21-10-54,BTC/USD,25.0,36336.33,36302.49,0.02328248339884888,-0.03871851660115112,0.062001,False,Bittrex,Binance US
637,01-13-2021_21-11-06,BTC/USD,25.0,36339.99,36318.77,0.014598242872384641,-0.04740275712761536,0.062001,False,Bittrex,Binance US
638,01-13-2021_21-11-17,BTC/USD,25.0,36339.35,36311.23,0.01934542032259475,-0.10065557967740524,0.120001,False,Coinbase Pro,Binance US
639,01-13-2021_21-11-27,BTC/USD,25.0,36339.61,36281.5,0.039977038828980675,-0.022023961171019325,0.062001,False,Bittrex,Binance US
640,01-13-2021_21-11-37,BTC/USD,25.0,36303.527,36267.72,0.024658072478743385,-0.03734292752125662,0.062001,False,Bittrex,Binance US
641,01-13-2021_21-11-47,BTC/USD,25.0,36309.446,36255.53,0.03712257135512664,-0.024878428644873357,0.062001,False,Bittrex,Binance US
642,01-13-2021_21-11-56,BTC/USD,25.0,36295.001,36255.53,0.027187628400945445,-0.03481337159905455,0.062001,False,Bittrex,Binance US
643,01-13-2021_21-12-06,BTC/USD,25.0,36288.33,36255.53,0.02259679627031811,-0.03940420372968189,0.062001,False,Bittrex,Binance US
644,01-13-2021_21-12-15,BTC/USD,25.0,36309.41,36264.9,0.030646325566844813,-0.09635367443315519,0.127,False,Bittrex,Kraken
645,01-13-2021_21-12-25,BTC/USD,25.0,36336.485,36290.0,0.031982317497138604,-0.030018682502861396,0.062001,False,Bittrex,Binance US
646,01-13-2021_21-12-36,BTC/USD,25.0,36368.97,36320.0,0.03366193763529814,-0.08633906236470185,0.120001,False,Coinbase Pro,Binance US
647,01-13-2021_21-12-48,BTC/USD,25.0,36369.04,36320.0,0.03370999069538327,-0.08629100930461672,0.120001,False,Coinbase Pro,Binance US
648,01-13-2021_21-12-59,BTC/USD,25.0,36342.395,36319.99,0.015412440484452688,-0.046588559515547315,0.062001,False,Bittrex,Binance US
649,01-13-2021_21-13-11,BTC/USD,25.0,36360.164,36319.99,0.0276222626498598,-0.0343787373501402,0.062001,False,Bittrex,Binance US
650,01-13-2021_21-13-21,BTC/USD,25.0,36338.956,36319.98,0.013054860464342392,-0.04894613953565761,0.062001,False,Bittrex,Binance US
651,01-13-2021_21-13-31,BTC/USD,25.0,36357.876,36319.99,0.026050751699575773,-0.03595024830042423,0.062001,False,Bittrex,Binance US
652,01-13-2021_21-13-40,BTC/USD,25.0,36360.166,36319.99,0.02762363626172628,-0.03437736373827372,0.062001,False,Bittrex,Binance US
653,01-13-2021_21-13-50,BTC/USD,25.0,36360.164,36317.86,0.02908677749638069,-0.032914222503619306,0.062001,False,Bittrex,Binance US
654,01-13-2021_21-13-59,BTC/USD,25.0,36338.08,36319.98,0.012452501618136226,-0.04954849838186377,0.062001,False,Bittrex,Binance US
655,01-13-2021_21-14-10,BTC/USD,25.0,36358.391,36319.99,0.02640449628258116,-0.03559650371741884,0.062001,False,Bittrex,Binance US
656,01-13-2021_21-14-20,BTC/USD,25.0,36344.428,36319.0,0.017490989265259507,-0.04451001073474049,0.062001,False,Bittrex,Binance US
657,01-13-2021_21-14-31,BTC/USD,25.0,36352.703,36319.0,0.02317778130556161,-0.03882321869443839,0.062001,False,Bittrex,Binance US
658,01-13-2021_21-14-40,BTC/USD,25.0,36352.698,36319.0,0.02317434595913396,-0.03882665404086604,0.062001,False,Bittrex,Binance US
659,01-13-2021_21-14-50,BTC/USD,25.0,36340.801,36313.1,0.019056404397911408,-0.10794359560208859,0.127,False,Bittrex,Kraken
660,01-13-2021_21-15-01,BTC/USD,25.0,36322.886,36272.14,0.034927015435942496,-0.027073984564057504,0.062001,False,Bittrex,Binance US
661,01-13-2021_21-15-11,BTC/USD,25.0,36340.35,36310.05,0.020844598359671576,-0.041156401640328424,0.062001,False,Bittrex,Binance US
662,01-13-2021_21-15-22,BTC/USD,25.0,36352.8,36319.0,0.02324442683920008,-0.04175657316079992,0.065001,False,Kraken,Binance US
663,01-13-2021_21-15-31,BTC/USD,25.0,36350.0,36319.0,0.021320495185694635,-0.04368050481430537,0.065001,False,Kraken,Binance US
664,01-13-2021_21-15-41,BTC/USD,25.0,36350.0,36319.0,0.021320495185694635,-0.04368050481430537,0.065001,False,Kraken,Binance US
665,01-13-2021_21-15-52,BTC/USD,25.0,36368.25,36319.0,0.033855079636771084,-0.0861459203632289,0.120001,False,Coinbase Pro,Binance US
666,01-13-2021_21-16-03,BTC/USD,25.0,36346.53,36297.0,0.03406790139251177,-0.08593309860748823,0.120001,False,Coinbase Pro,Binance US
667,01-13-2021_21-16-15,BTC/USD,25.0,36387.65,36357.98,0.020384663477854607,-0.09961633652214538,0.120001,False,Coinbase Pro,Binance US
668,01-13-2021_21-16-25,BTC/USD,25.0,36398.98,36375.485,0.01613712801842429,-0.1658628719815757,0.182,False,Coinbase Pro,Bittrex
669,01-13-2021_21-16-35,BTC/USD,25.0,36381.97,36366.55,0.01059590780817961,-0.10940509219182039,0.120001,False,Coinbase Pro,Binance US
670,01-13-2021_21-16-45,BTC/USD,25.0,36392.86,36364.91,0.01920019476347633,-0.10080080523652367,0.120001,False,Coinbase Pro,Binance US
671,01-13-2021_21-16-55,BTC/USD,25.0,36382.58,36362.59,0.013735969246824468,-0.10626503075317553,0.120001,False,Coinbase Pro,Binance US
672,01-13-2021_21-17-07,BTC/USD,25.0,36390.42,36363.47,0.018514488153748357,-0.10148651184625164,0.120001,False,Coinbase Pro,Binance US
673,01-13-2021_21-17-17,BTC/USD,25.0,36389.28,36363.47,0.017731870484932428,-0.11226912951506758,0.130001,False,Coinbase Pro,Binance US
674,01-13-2021_21-17-27,BTC/USD,25.0,36386.6,36363.47,0.015891839303478053,-0.10410916069652194,0.120001,False,Coinbase Pro,Binance US
675,01-13-2021_21-17-37,BTC/USD,25.0,36370.456,36349.9,0.014129600134788563,-0.04787139986521144,0.062001,False,Bittrex,Binance US
676,01-13-2021_21-17-46,BTC/USD,25.0,36352.865,36339.9,0.008916078553916252,-0.11808392144608375,0.127,False,Bittrex,Kraken
677,01-13-2021_21-17-56,BTC/USD,25.0,36366.257,36340.1,0.017981641608042893,-0.10901835839195712,0.127,False,Bittrex,Kraken
678,01-13-2021_21-18-06,BTC/USD,25.0,36353.635,36342.59,0.007595526554638573,-0.17440447344536142,0.182,False,Bittrex,Coinbase Pro
679,01-13-2021_21-18-16,BTC/USD,25.0,36342.223,36334.9,0.0050375289370690685,-0.12196247106293093,0.127,False,Bittrex,Kraken
680,01-13-2021_21-18-26,BTC/USD,25.0,36363.25,36334.9,0.01949083209008996,-0.07550916790991004,0.095,False,Binance US,Kraken
681,01-13-2021_21-18-36,BTC/USD,25.0,36397.43,36360.0,0.02570923276725877,-0.09429176723274123,0.120001,False,Coinbase Pro,Binance US
682,01-13-2021_21-18-46,BTC/USD,25.0,36386.452,36359.99,0.018181217558666845,-0.04381978244133315,0.062001,False,Bittrex,Binance US
683,01-13-2021_21-18-56,BTC/USD,25.0,36377.96,36359.99,0.012349510527803899,-0.1076514894721961,0.120001,False,Coinbase Pro,Binance US
684,01-13-2021_21-19-06,BTC/USD,25.0,36372.395,36354.0,0.012643517150848053,-0.11435648284915195,0.127,False,Bittrex,Kraken
685,01-13-2021_21-19-16,BTC/USD,25.0,36386.57,36358.2,0.019492081831292852,-0.16550791816870714,0.185,False,Coinbase Pro,Kraken
686,01-13-2021_21-19-26,BTC/USD,25.0,36382.3,36340.0,0.029066331705254276,-0.09093466829474572,0.120001,False,Coinbase Pro,Binance US
687,01-13-2021_21-19-37,BTC/USD,25.0,36382.906,36340.0,0.029482251912479638,-0.032518748087520366,0.062001,False,Bittrex,Binance US
688,01-13-2021_21-19-48,BTC/USD,25.0,36382.609,36346.01,0.025148691233217158,-0.036852308766782846,0.062001,False,Bittrex,Binance US
689,01-13-2021_21-19-59,BTC/USD,25.0,36373.414,36358.3,0.010388081800620999,-0.11661191819937901,0.127,False,Bittrex,Kraken
690,01-13-2021_21-20-09,BTC/USD,25.0,36362.096,36342.81,0.01325968668032782,-0.04874131331967218,0.062001,False,Bittrex,Binance US
691,01-13-2021_21-20-20,BTC/USD,25.0,36395.69,36363.9,0.021836376779778642,-0.09816462322022135,0.120001,False,Coinbase Pro,Binance US
692,01-13-2021_21-20-31,BTC/USD,25.0,36400.0,36381.1,0.01298076923077023,-0.18175922076922976,0.19473999,False,Coinbase Pro,Kraken
693,01-13-2021_21-20-42,BTC/USD,25.0,36412.056,36390.86,0.014552872268457098,-0.0474481277315429,0.062001,False,Bittrex,Binance US
694,01-13-2021_21-20-53,BTC/USD,25.0,36412.27,36400.0,0.00842435805292886,-0.17657564194707115,0.185,False,Coinbase Pro,Kraken
695,01-13-2021_21-21-03,BTC/USD,25.0,36415.57,36399.99,0.010695974276938235,-0.10930502572306176,0.120001,False,Coinbase Pro,Binance US
696,01-13-2021_21-21-13,BTC/USD,25.0,36437.49,36398.0,0.027094347058481502,-0.15790565294151848,0.185,False,Coinbase Pro,Kraken
697,01-13-2021_21-21-22,BTC/USD,25.0,36449.39,36400.0,0.03387573838684229,-0.1511242616131577,0.185,False,Coinbase Pro,Kraken
698,01-13-2021_21-21-33,BTC/USD,25.0,36450.0,36400.0,0.034293552812071325,-0.09270644718792867,0.127,False,Bittrex,Kraken
699,01-13-2021_21-21-43,BTC/USD,25.0,36477.4,36423.0,0.03728335901133404,-0.08271764098866596,0.120001,False,Coinbase Pro,Binance US
700,01-13-2021_21-21-54,BTC/USD,25.0,36477.38,36442.99,0.023569401091854337,-0.09643159890814566,0.120001,False,Coinbase Pro,Binance US
701,01-13-2021_21-22-04,BTC/USD,25.0,36488.31,36443.0,0.031044189221148964,-0.08895681077885104,0.120001,False,Coinbase Pro,Binance US
702,01-13-2021_21-22-14,BTC/USD,25.0,36490.19,36443.0,0.032330607212515426,-0.08767039278748456,0.120001,False,Coinbase Pro,Binance US
703,01-13-2021_21-22-24,BTC/USD,25.0,36494.95,36443.0,0.03558711547761889,-0.09441388452238111,0.130001,False,Coinbase Pro,Binance US
704,01-13-2021_21-22-35,BTC/USD,25.0,36455.087,36442.37,0.008721005109655146,-0.17327899489034485,0.182,False,Bittrex,Coinbase Pro
705,01-13-2021_21-22-47,BTC/USD,25.0,36474.71,36454.45,0.013886333846110111,-0.10611466615388988,0.120001,False,Coinbase Pro,Binance US
706,01-13-2021_21-22-58,BTC/USD,25.0,36478.95,36461.809,0.011747185705726169,-0.08025281429427383,0.092,False,Binance US,Bittrex
707,01-13-2021_21-23-10,BTC/USD,25.0,36462.44,36445.92,0.01132672415779366,-0.13867327584220634,0.15,False,Binance US,Coinbase Pro
708,01-13-2021_21-23-21,BTC/USD,25.0,36408.1,36385.91,0.015236993965625131,-0.04976400603437487,0.065001,False,Kraken,Binance US
709,01-13-2021_21-23-33,BTC/USD,25.0,36417.002,36394.2,0.01565340277049942,-0.11134659722950058,0.127,False,Bittrex,Kraken
710,01-13-2021_21-23-44,BTC/USD,25.0,36416.35,36380.8,0.024405246544474967,-0.10259475345552503,0.127,False,Bittrex,Kraken
711,01-13-2021_21-23-54,BTC/USD,25.0,36431.69,36399.5,0.022089285454505628,-0.10491071454549437,0.127,False,Bittrex,Kraken
712,01-13-2021_21-24-06,BTC/USD,25.0,36385.87,36366.87,0.013054518141245489,-0.1369454818587545,0.15,False,Binance US,Coinbase Pro
713,01-13-2021_21-24-17,BTC/USD,25.0,36344.33,36324.3,0.013777940052821742,-0.08122205994717827,0.095,False,Binance US,Kraken
714,01-13-2021_21-24-28,BTC/USD,25.0,36314.3,36299.01,0.010526156362645618,-0.17447384363735438,0.185,False,Kraken,Coinbase Pro
715,01-13-2021_21-24-39,BTC/USD,25.0,36279.39,36268.94,0.007201058231682706,-0.14279894176831728,0.15,False,Binance US,Coinbase Pro
716,01-13-2021_21-24-50,BTC/USD,25.0,36261.9,36246.01,0.01095502441956945,-0.17104497558043055,0.182,False,Bittrex,Coinbase Pro
717,01-13-2021_21-25-01,BTC/USD,25.0,36199.919,36163.05,0.025462073547732784,-0.15653792645226722,0.182,False,Bittrex,Coinbase Pro
718,01-13-2021_21-25-13,BTC/USD,25.0,36161.3,36139.1,0.015347899550074503,-0.0796521004499255,0.095,False,Binance US,Kraken
719,01-13-2021_21-25-25,BTC/USD,25.0,36229.35,36194.2,0.02425519640843781,-0.07074480359156218,0.095,False,Binance US,Kraken
720,01-13-2021_21-25-34,BTC/USD,25.0,36236.75,36208.8,0.01928291030514401,-0.075717089694856,0.095,False,Binance US,Kraken
721,01-13-2021_21-25-45,BTC/USD,25.0,36256.44,36210.03,0.03200121137100298,-0.05999878862899702,0.092,False,Binance US,Bittrex
722,01-13-2021_21-25-55,BTC/USD,25.0,36278.88,36266.9,0.008255491900518929,-0.08674450809948107,0.095,False,Binance US,Kraken
723,01-13-2021_21-26-06,BTC/USD,25.0,36252.86,36244.4,0.0058340224743641785,-0.05616697752563582,0.062001,False,Bittrex,Binance US
724,01-13-2021_21-26-17,BTC/USD,25.0,36251.94,36240.6,0.007820271135836995,-0.087179728864163,0.095,False,Binance US,Kraken
725,01-13-2021_21-26-27,BTC/USD,25.0,36255.36,36240.58,0.010191596497730843,-0.12980840350226913,0.13999999999999999,False,Binance US,Coinbase Pro
726,01-13-2021_21-26-37,BTC/USD,25.0,36254.5,36232.82,0.014949868292212202,-0.1700501317077878,0.185,False,Kraken,Coinbase Pro
727,01-13-2021_21-26-47,BTC/USD,25.0,36248.699,36237.6,0.007654757485228628,-0.11934524251477137,0.127,False,Bittrex,Kraken
728,01-13-2021_21-26-57,BTC/USD,25.0,36258.67,36249.2,0.006529472812985946,-0.12047052718701405,0.127,False,Bittrex,Kraken
729,01-13-2021_21-27-08,BTC/USD,25.0,36256.09,36246.3,0.006750590038800101,-0.0879893999611999,0.09473999,False,Binance US,Kraken
730,01-13-2021_21-27-18,BTC/USD,25.0,36256.08,36245.53,0.007274641935920065,-0.13272535806407992,0.13999999999999999,False,Binance US,Coinbase Pro
731,01-13-2021_21-27-29,BTC/USD,25.0,36254.851,36243.8,0.007620359548574255,-0.11937964045142575,0.127,False,Bittrex,Kraken
732,01-13-2021_21-27-37,BTC/USD,25.0,36254.851,36248.17,0.0046069696990370555,-0.17739303030096293,0.182,False,Bittrex,Coinbase Pro
733,01-13-2021_21-27-48,BTC/USD,25.0,36232.8,36201.29,0.021741350378663832,-0.16325864962133615,0.185,False,Kraken,Coinbase Pro
734,01-13-2021_21-27-58,BTC/USD,25.0,36225.22,36206.84,0.01268453304079634,-0.10731646695920366,0.120001,False,Coinbase Pro,Binance US
735,01-13-2021_21-28-07,BTC/USD,25.0,36143.33,36115.0,0.01959559343314641,-0.0754044065668536,0.095,False,Binance US,Kraken
736,01-13-2021_21-28-18,BTC/USD,25.0,36160.63,36145.0,0.010805951113128686,-0.08419404888687132,0.095,False,Binance US,Kraken
737,01-13-2021_21-28-28,BTC/USD,25.0,36169.43,36154.7,0.010181249745989362,-0.17481875025401064,0.185,False,Coinbase Pro,Kraken
738,01-13-2021_21-28-38,BTC/USD,25.0,36197.76,36180.24,0.012100196255240708,-0.1798998037447593,0.192,False,Bittrex,Coinbase Pro
739,01-13-2021_21-28-47,BTC/USD,25.0,36174.952,36169.7,0.003629583254181241,-0.17837041674581874,0.182,False,Bittrex,Coinbase Pro
740,01-13-2021_21-28-57,BTC/USD,25.0,36180.909,36148.3,0.022531910406118277,-0.03946908959388172,0.062001,False,Bittrex,Binance US
741,01-13-2021_21-29-07,BTC/USD,25.0,36162.8,36158.88,0.0027099671485653278,-0.18229003285143466,0.185,False,Kraken,Coinbase Pro
742,01-13-2021_21-29-17,BTC/USD,25.0,36163.151,36151.7,0.007916207301737156,-0.11908379269826284,0.127,False,Bittrex,Kraken
743,01-13-2021_21-29-26,BTC/USD,25.0,36189.759,36172.2,0.01212981274619783,-0.11487018725380217,0.127,False,Bittrex,Kraken
744,01-13-2021_21-29-37,BTC/USD,25.0,36189.719,36172.2,0.012102193996035335,-0.11489780600396467,0.127,False,Bittrex,Kraken
745,01-13-2021_21-29-47,BTC/USD,25.0,36189.71,36172.2,0.012095979768836251,-0.11490402023116375,0.127,False,Bittrex,Kraken
746,01-13-2021_21-29-57,BTC/USD,25.0,36217.44,36172.2,0.031228049249205102,-0.1537719507507949,0.185,False,Coinbase Pro,Kraken
747,01-13-2021_21-30-07,BTC/USD,25.0,36227.05,36216.3,0.0074184897749057675,-0.11958151022509424,0.127,False,Bittrex,Kraken
748,01-13-2021_21-30-17,BTC/USD,25.0,36190.609,36155.9,0.023976523854569075,-0.10302347614543092,0.127,False,Bittrex,Kraken
749,01-13-2021_21-30-27,BTC/USD,25.0,36180.48,36172.73,0.005355097555366871,-0.11464590244463313,0.120001,False,Coinbase Pro,Binance US
750,01-13-2021_21-30-37,BTC/USD,25.0,36202.84,36183.3,0.01349341653858758,-0.08150658346141242,0.095,False,Binance US,Kraken
751,01-13-2021_21-30-46,BTC/USD,25.0,36218.01,36195.9,0.01526174408809359,-0.0797382559119064,0.095,False,Binance US,Kraken
752,01-13-2021_21-30-57,BTC/USD,25.0,36193.85,36180.5,0.00922117984132563,-0.11777882015867437,0.127,False,Bittrex,Kraken
753,01-13-2021_21-31-09,BTC/USD,25.0,36215.46,36200.0,0.010672237768068615,-0.08132776223193139,0.092,False,Binance US,Bittrex
754,01-13-2021_21-31-20,BTC/USD,25.0,36215.46,36200.0,0.010672237768068615,-0.08132776223193139,0.092,False,Binance US,Bittrex
755,01-13-2021_21-31-30,BTC/USD,25.0,36204.98,36192.9,0.008341393918738352,-0.07665860608126165,0.085,False,Binance US,Kraken
756,01-13-2021_21-31-41,BTC/USD,25.0,36211.37,36200.0,0.007849744431101762,-0.08415025556889824,0.092,False,Binance US,Bittrex
757,01-13-2021_21-31-52,BTC/USD,25.0,36224.15,36200.0,0.01666705775014835,-0.07533294224985165,0.092,False,Binance US,Bittrex
758,01-13-2021_21-32-03,BTC/USD,25.0,36219.99,36200.0,0.013797629430597555,-0.16820237056940243,0.182,False,Coinbase Pro,Bittrex
759,01-13-2021_21-32-13,BTC/USD,25.0,36223.09,36200.0,0.0159359679143859,-0.06606403208561411,0.082,False,Binance US,Bittrex
760,01-13-2021_21-32-23,BTC/USD,25.0,36228.3,36200.0,0.019528931801935854,-0.06247106819806415,0.082,False,Binance US,Bittrex
761,01-13-2021_21-32-33,BTC/USD,25.0,36228.41,36200.0,0.019604779784707285,-0.1623952202152927,0.182,False,Coinbase Pro,Bittrex
762,01-13-2021_21-32-43,BTC/USD,25.0,36264.57,36244.42,0.01389096851279462,-0.13610903148720538,0.15,False,Binance US,Coinbase Pro
763,01-13-2021_21-32-55,BTC/USD,25.0,36286.179,36280.39,0.0039884331717573735,-0.05801256682824263,0.062001,False,Bittrex,Binance US
764,01-13-2021_21-33-06,BTC/USD,25.0,36294.76,36286.2,0.005896167931682801,-0.12110383206831721,0.127,False,Bittrex,Kraken
765,01-13-2021_21-33-16,BTC/USD,25.0,36304.54,36299.9,0.0031951926673629647,-0.18180480733263704,0.185,False,Coinbase Pro,Kraken
766,01-13-2021_21-33-27,BTC/USD,25.0,36357.32,36300.0,0.03941434627194724,-0.08758565372805277,0.127,False,Bittrex,Kraken
767,01-13-2021_21-33-38,BTC/USD,25.0,36368.279,36344.44,0.016387220302615874,-0.04561377969738413,0.062001,False,Bittrex,Binance US
768,01-13-2021_21-33-50,BTC/USD,25.0,36348.3,36314.66,0.02313725813861956,-0.16186274186138044,0.185,False,Kraken,Coinbase Pro
769,01-13-2021_21-34-00,BTC/USD,25.0,36327.06,36311.5,0.010708270914297546,-0.13929172908570245,0.15,False,Binance US,Coinbase Pro
770,01-13-2021_21-34-12,BTC/USD,25.0,36327.18,36319.9,0.005010022798355691,-0.1799899772016443,0.185,False,Coinbase Pro,Kraken
771,01-13-2021_21-34-21,BTC/USD,25.0,36354.78,36320.0,0.02391707500361633,-0.06108292499638368,0.085,False,Binance US,Kraken
772,01-13-2021_21-34-34,BTC/USD,25.0,36354.77,36320.0,0.023910204905708936,-0.07108979509429106,0.095,False,Binance US,Kraken
773,01-13-2021_21-34-44,BTC/USD,25.0,36332.53,36312.6,0.013713605961379712,-0.08128639403862029,0.095,False,Binance US,Kraken
774,01-13-2021_21-34-54,BTC/USD,25.0,36348.96,36320.0,0.019918038920507718,-0.07508196107949228,0.095,False,Binance US,Kraken
775,01-13-2021_21-35-06,BTC/USD,25.0,36345.21,36330.17,0.010345242192850773,-0.13965475780714923,0.15,False,Binance US,Coinbase Pro
776,01-13-2021_21-35-15,BTC/USD,25.0,36344.27,36330.45,0.009506312824552337,-0.13049368717544765,0.13999999999999999,False,Binance US,Coinbase Pro
777,01-13-2021_21-35-26,BTC/USD,25.0,36338.59,36325.9,0.008730388273179459,-0.07626961172682055,0.085,False,Binance US,Kraken
778,01-13-2021_21-35-38,BTC/USD,25.0,36328.935,36318.3,0.007318546497437072,-0.11968145350256293,0.127,False,Bittrex,Kraken
779,01-13-2021_21-35-48,BTC/USD,25.0,36352.55,36337.8,0.0101437175658929,-0.0848562824341071,0.095,False,Binance US,Kraken
780,01-13-2021_21-35-59,BTC/USD,25.0,36345.21,36336.1,0.006266300291015364,-0.08873369970898463,0.095,False,Binance US,Kraken
781,01-13-2021_21-36-10,BTC/USD,25.0,36352.66,36338.2,0.009944251672371706,-0.1170557483276283,0.127,False,Bittrex,Kraken
782,01-13-2021_21-36-20,BTC/USD,25.0,36352.644,36341.54,0.007636308379659646,-0.17436369162034035,0.182,False,Bittrex,Coinbase Pro
783,01-13-2021_21-36-31,BTC/USD,25.0,36368.65,36345.22,0.016105904398431264,-0.045895095601568736,0.062001,False,Bittrex,Binance US
784,01-13-2021_21-36-41,BTC/USD,25.0,36346.903,36335.42,0.007898196993565157,-0.17410180300643485,0.182,False,Bittrex,Coinbase Pro
785,01-13-2021_21-36-52,BTC/USD,25.0,36359.925,36339.69,0.013912982493776168,-0.04808801750622383,0.062001,False,Bittrex,Binance US
786,01-13-2021_21-37-02,BTC/USD,25.0,36350.2,36333.49,0.011492371431243245,-0.05050862856875676,0.062001,False,Bittrex,Binance US
787,01-13-2021_21-37-12,BTC/USD,25.0,36354.134,36333.49,0.014196459747879177,-0.047804540252120824,0.062001,False,Bittrex,Binance US
788,01-13-2021_21-37-22,BTC/USD,25.0,36352.642,36340.0,0.00869400358851485,-0.11830599641148515,0.127,False,Bittrex,Kraken
789,01-13-2021_21-37-34,BTC/USD,25.0,36352.642,36339.0,0.00938171151356745,-0.11761828848643255,0.127,False,Bittrex,Kraken
790,01-13-2021_21-37-44,BTC/USD,25.0,36352.641,36321.3,0.02155345467197304,-0.16044654532802696,0.182,False,Bittrex,Coinbase Pro
791,01-13-2021_21-37-56,BTC/USD,25.0,36352.639,36338.6,0.009654732356572727,-0.11734526764342727,0.127,False,Bittrex,Kraken
792,01-13-2021_21-38-08,BTC/USD,25.0,36348.211,36336.9,0.007779612592213625,-0.11922038740778637,0.127,False,Bittrex,Kraken
793,01-13-2021_21-38-19,BTC/USD,25.0,36349.679,36336.8,0.008857712333576274,-0.11814228766642373,0.127,False,Bittrex,Kraken
794,01-13-2021_21-38-29,BTC/USD,25.0,36349.678,36328.38,0.014647997707161603,-0.0473530022928384,0.062001,False,Bittrex,Binance US
795,01-13-2021_21-38-41,BTC/USD,25.0,36342.666,36305.24,0.0257452218832814,-0.1562547781167186,0.182,False,Bittrex,Coinbase Pro
796,01-13-2021_21-38-52,BTC/USD,25.0,36269.013,36243.7,0.01744808991631639,-0.10955191008368362,0.127,False,Bittrex,Kraken
797,01-13-2021_21-39-05,BTC/USD,25.0,36296.93,36275.054,0.0150673899968977,-0.1669326100031023,0.182,False,Coinbase Pro,Bittrex
798,01-13-2021_21-39-15,BTC/USD,25.0,36302.314,36268.11,0.02355497228082892,-0.15844502771917107,0.182,False,Bittrex,Coinbase Pro
799,01-13-2021_21-39-26,BTC/USD,25.0,36331.73,36291.2,0.027888845370153105,-0.0991111546298469,0.127,False,Bittrex,Kraken
800,01-13-2021_21-39-37,BTC/USD,25.0,36341.627,36321.0,0.014189650892625425,-0.04781134910737458,0.062001,False,Bittrex,Binance US
801,01-13-2021_21-39-48,BTC/USD,25.0,36342.665,36333.67,0.006187630984135739,-0.05581336901586426,0.062001,False,Bittrex,Binance US
802,01-13-2021_21-39-59,BTC/USD,25.0,36352.78,36336.9,0.010920760393013535,-0.11607923960698646,0.127,False,Bittrex,Kraken
803,01-13-2021_21-40-10,BTC/USD,25.0,36448.148,36389.0,0.040569962567097405,-0.08643003743290259,0.127,False,Bittrex,Kraken
804,01-13-2021_21-40-20,BTC/USD,25.0,36433.64,36362.38,0.04889711815783575,-0.013103881842164253,0.062001,False,Bittrex,Binance US
805,01-13-2021_21-40-31,BTC/USD,25.0,36432.535,36399.5,0.0226686119974931,-0.10433138800250691,0.127,False,Bittrex,Kraken
806,01-13-2021_21-40-41,BTC/USD,25.0,36435.91,36400.0,0.024639154065318723,-0.16036084593468128,0.185,False,Coinbase Pro,Kraken
807,01-13-2021_21-40-52,BTC/USD,25.0,36449.2,36400.0,0.033745596611171914,-0.1512544033888281,0.185,False,Coinbase Pro,Kraken
808,01-13-2021_21-41-03,BTC/USD,25.0,36436.69,36400.0,0.02517380146220906,-0.15982619853779095,0.185,False,Coinbase Pro,Kraken
809,01-13-2021_21-41-14,BTC/USD,25.0,36445.78,36400.0,0.0314028126164393,-0.1535971873835607,0.185,False,Coinbase Pro,Kraken
810,01-13-2021_21-41-26,BTC/USD,25.0,36443.57,36400.0,0.029888674463012067,-0.15511132553698792,0.185,False,Coinbase Pro,Kraken
811,01-13-2021_21-41-37,BTC/USD,25.0,36458.37,36400.0,0.04002510260332717,-0.05497489739667283,0.095,False,Binance US,Kraken
812,01-13-2021_21-41-47,BTC/USD,25.0,36438.7,36400.0,0.02655144118752665,-0.15844855881247336,0.185,False,Coinbase Pro,Kraken
813,01-13-2021_21-41-58,BTC/USD,25.0,36458.55,36400.0,0.04014833283276687,-0.05485166716723313,0.095,False,Binance US,Kraken
814,01-13-2021_21-42-10,BTC/USD,25.0,36469.6,36449.0,0.014121350384977176,-0.08087864961502282,0.095,False,Binance US,Kraken
815,01-13-2021_21-42-21,BTC/USD,25.0,36464.03,36449.0,0.010304675594002388,-0.1746953244059976,0.185,False,Coinbase Pro,Kraken
816,01-13-2021_21-42-33,BTC/USD,25.0,36462.07,36449.0,0.008961367250954012,-0.176038632749046,0.185,False,Coinbase Pro,Kraken
817,01-13-2021_21-42-44,BTC/USD,25.0,36462.15,36446.6,0.010661741010885885,-0.17433825898911412,0.185,False,Coinbase Pro,Kraken
818,01-13-2021_21-42-56,BTC/USD,25.0,36455.08,36441.5,0.009312831023825586,-0.17568716897617442,0.185,False,Coinbase Pro,Kraken
819,01-13-2021_21-43-08,BTC/USD,25.0,36459.99,36443.3,0.011444051410871927,-0.17355594858912807,0.185,False,Coinbase Pro,Kraken
820,01-13-2021_21-43-19,BTC/USD,25.0,36449.996,36443.73,0.0042976685100294554,-0.05770333148997055,0.062001,False,Bittrex,Binance US
821,01-13-2021_21-43-31,BTC/USD,25.0,36449.791,36433.3,0.011310764443062601,-0.1156892355569374,0.127,False,Bittrex,Kraken
822,01-13-2021_21-43-42,BTC/USD,25.0,36444.287,36418.1,0.017963720898146587,-0.10903627910185341,0.127,False,Bittrex,Kraken
823,01-13-2021_21-43-54,BTC/USD,25.0,36439.31,36425.54,0.009447215109175228,-0.052553784890824774,0.062001,False,Bittrex,Binance US
824,01-13-2021_21-44-05,BTC/USD,25.0,36449.997,36400.0,0.03429149802125019,-0.027709501978749808,0.062001,False,Bittrex,Binance US
825,01-13-2021_21-44-15,BTC/USD,25.0,36449.793,36400.0,0.03415177145175958,-0.027849228548240422,0.062001,False,Bittrex,Binance US
826,01-13-2021_21-44-25,BTC/USD,25.0,36446.884,36400.0,0.03215912778716433,-0.02984187221283567,0.062001,False,Bittrex,Binance US
827,01-13-2021_21-44-36,BTC/USD,25.0,36446.884,36400.0,0.03215912778716433,-0.02984187221283567,0.062001,False,Bittrex,Binance US
828,01-13-2021_21-44-47,BTC/USD,25.0,36449.786,36400.0,0.03414697688485747,-0.027854023115142533,0.062001,False,Bittrex,Binance US
829,01-13-2021_21-44-58,BTC/USD,25.0,36449.789,36400.0,0.03414903169946816,-0.02785196830053184,0.062001,False,Bittrex,Binance US
830,01-13-2021_21-45-09,BTC/USD,25.0,36442.161,36400.0,0.028923229882004017,-0.03307777011799598,0.062001,False,Bittrex,Binance US
831,01-13-2021_21-45-20,BTC/USD,25.0,36442.159,36400.0,0.02892185943209323,-0.03307914056790677,0.062001,False,Bittrex,Binance US
832,01-13-2021_21-45-30,BTC/USD,25.0,36442.11,36400.0,0.02888828336229748,-0.033112716637702516,0.062001,False,Bittrex,Binance US
833,01-13-2021_21-45-41,BTC/USD,25.0,36444.8,36400.0,0.03073140749846542,-0.08926959250153457,0.120001,False,Coinbase Pro,Binance US
834,01-13-2021_21-45-51,BTC/USD,25.0,36448.99,36400.0,0.033601754122678,-0.086399245877322,0.120001,False,Coinbase Pro,Binance US
835,01-13-2021_21-46-01,BTC/USD,25.0,36480.0,36450.0,0.020559210526315787,-0.0994417894736842,0.120001,False,Coinbase Pro,Binance US
836,01-13-2021_21-46-13,BTC/USD,25.0,36500.0,36496.73,0.0022397260273950676,-0.11776127397260493,0.120001,False,Coinbase Pro,Binance US
837,01-13-2021_21-46-24,BTC/USD,25.0,36512.4,36500.0,0.0084902663204839,-0.1765097336795161,0.185,False,Kraken,Coinbase Pro
838,01-13-2021_21-46-35,BTC/USD,25.0,36561.3,36500.0,0.04191590561604956,-0.08508409438395044,0.127,False,Kraken,Bittrex
839,01-13-2021_21-46-44,BTC/USD,25.0,36579.09,36549.99,0.019888411658134843,-0.16211158834186515,0.182,False,Coinbase Pro,Bittrex
840,01-13-2021_21-46-55,BTC/USD,25.0,36589.95,36549.989,0.027303262234572398,-0.15469673776542758,0.182,False,Coinbase Pro,Bittrex
841,01-13-2021_21-47-06,BTC/USD,25.0,36696.0,36599.0,0.06608349683889253,-0.025916503161107468,0.092,False,Binance US,Bittrex
842,01-13-2021_21-47-17,BTC/USD,25.0,36823.0,36747.706,0.051118865926188584,-0.040881134073811415,0.092,False,Binance US,Bittrex
843,01-13-2021_21-47-29,BTC/USD,25.0,36949.04,36853.645,0.06454497870580946,-0.017455021294190548,0.082,False,Binance US,Bittrex
844,01-13-2021_21-47-40,BTC/USD,25.0,36987.08,36899.0,0.059534302248245706,-0.03246569775175429,0.092,False,Binance US,Bittrex
845,01-13-2021_21-47-49,BTC/USD,25.0,36938.47,36896.0,0.028743746018717858,-0.15625625398128215,0.185,False,Coinbase Pro,Kraken
846,01-13-2021_21-47-59,BTC/USD,25.0,36950.04,36894.44,0.03761836252409913,-0.11238163747590087,0.15,False,Binance US,Coinbase Pro
847,01-13-2021_21-48-09,BTC/USD,25.0,37031.81,36969.876,0.04181135083594422,-0.14018864916405577,0.182,False,Coinbase Pro,Bittrex
848,01-13-2021_21-48-19,BTC/USD,25.0,37001.8,36976.3,0.01722889156743726,-0.16777110843256274,0.185,False,Coinbase Pro,Kraken
849,01-13-2021_21-48-30,BTC/USD,25.0,36993.09,36984.33,0.005920024523495308,-0.08607997547650469,0.092,False,Binance US,Bittrex
850,01-13-2021_21-48-41,BTC/USD,25.0,37035.45,36999.9,0.0239972782833715,-0.1580027217166285,0.182,False,Coinbase Pro,Bittrex
851,01-13-2021_21-48-52,BTC/USD,25.0,37030.89,36999.9,0.020921722378261745,-0.16107827762173826,0.182,False,Coinbase Pro,Bittrex
852,01-13-2021_21-49-02,BTC/USD,25.0,37021.07,36999.1,0.014836146010907549,-0.17016385398909245,0.185,False,Coinbase Pro,Kraken
853,01-13-2021_21-49-13,BTC/USD,25.0,37000.01,36949.9,0.033858098957270946,-0.061141901042729055,0.095,False,Binance US,Kraken
854,01-13-2021_21-49-25,BTC/USD,25.0,37085.98,37050.001,0.024253774607012297,-0.1577462253929877,0.182,False,Coinbase Pro,Bittrex
855,01-13-2021_21-49-35,BTC/USD,25.0,37200.0,37128.0,0.048387096774193554,-0.14661290322580645,0.195,False,Coinbase Pro,Kraken
856,01-13-2021_21-49-44,BTC/USD,25.0,37217.18,37139.7,0.05204585624166259,-0.13295414375833742,0.185,False,Coinbase Pro,Kraken
857,01-13-2021_21-49-55,BTC/USD,25.0,37179.999,37147.65,0.02175161435588122,-0.040249385644118785,0.062001,False,Bittrex,Binance US
858,01-13-2021_21-50-06,BTC/USD,25.0,37167.81,37082.8,0.057179855364087075,-0.12782014463591293,0.185,False,Coinbase Pro,Kraken
859,01-13-2021_21-50-18,BTC/USD,25.0,37158.15,37151.911,0.00419759864255984,-0.07780240135744017,0.082,False,Binance US,Bittrex
860,01-13-2021_21-50-29,BTC/USD,25.0,37185.77,37158.397,0.018402872926928496,-0.1635971270730715,0.182,False,Coinbase Pro,Bittrex
861,01-13-2021_21-50-40,BTC/USD,25.0,37199.0,37172.678,0.017689991666442723,-0.10931000833355728,0.127,False,Kraken,Bittrex
862,01-13-2021_21-50-50,BTC/USD,25.0,37210.86,37196.831,0.009425339806713867,-0.17257466019328613,0.182,False,Coinbase Pro,Bittrex
863,01-13-2021_21-50-59,BTC/USD,25.0,37253.025,37200.0,0.035584358585646035,-0.09141564141435396,0.127,False,Bittrex,Kraken
864,01-13-2021_21-51-10,BTC/USD,25.0,37200.01,37176.24,0.015974458071384975,-0.13402554192861502,0.15,False,Binance US,Coinbase Pro
865,01-13-2021_21-51-20,BTC/USD,25.0,37218.04,37196.8,0.014267274687220204,-0.0807327253127798,0.095,False,Binance US,Kraken
866,01-13-2021_21-51-30,BTC/USD,25.0,37296.413,37227.7,0.04605871883711939,-0.0809412811628806,0.127,False,Bittrex,Kraken
867,01-13-2021_21-51-41,BTC/USD,25.0,37290.74,37250.0,0.02731241053408833,-0.15768758946591166,0.185,False,Coinbase Pro,Kraken
868,01-13-2021_21-51-51,BTC/USD,25.0,37364.7,37329.4,0.02361854905833289,-0.061381450941667116,0.085,False,Binance US,Kraken
869,01-13-2021_21-52-03,BTC/USD,25.0,37418.68,37394.0,0.01648909047566636,-0.16851090952433365,0.185,False,Coinbase Pro,Kraken
870,01-13-2021_21-52-15,BTC/USD,25.0,37434.3,37400.1,0.02284001570752249,-0.1038999742924775,0.12673999,False,Bittrex,Kraken
871,01-13-2021_21-52-25,BTC/USD,25.0,37400.5,37324.8,0.05060092779508101,-0.04439907220491899,0.095,False,Binance US,Kraken
872,01-13-2021_21-52-35,BTC/USD,25.0,37395.59,37327.5,0.04552007335624102,-0.13947992664375897,0.185,False,Coinbase Pro,Kraken
873,01-13-2021_21-52-45,BTC/USD,25.0,37361.812,37317.3,0.029784422661295957,-0.09721557733870405,0.127,False,Bittrex,Kraken
874,01-13-2021_21-52-57,BTC/USD,25.0,37362.899,37316.9,0.03077852711589387,-0.09622147288410612,0.127,False,Bittrex,Kraken
875,01-13-2021_21-53-07,BTC/USD,25.0,37347.548,37298.1,0.03309989721413836,-0.09364009278586163,0.12673999,False,Bittrex,Kraken
876,01-13-2021_21-53-17,BTC/USD,25.0,37255.771,37199.1,0.038028336603208465,-0.08871165339679153,0.12673999,False,Bittrex,Kraken
877,01-13-2021_21-53-28,BTC/USD,25.0,37200.29,37091.4,0.0731781929656996,-0.0118218070343004,0.085,False,Binance US,Kraken
878,01-13-2021_21-53-38,BTC/USD,25.0,37166.98,37108.7,0.03920146323430509,-0.1457985367656949,0.185,False,Coinbase Pro,Kraken
879,01-13-2021_21-53-48,BTC/USD,25.0,37308.19,37240.0,0.045693720333258143,-0.04930627966674186,0.095,False,Binance US,Kraken
880,01-13-2021_21-53-59,BTC/USD,25.0,37278.76,37230.0,0.03269958550123585,-0.05230041449876416,0.085,False,Binance US,Kraken
881,01-13-2021_21-54-11,BTC/USD,25.0,37360.55,37300.0,0.04051733713770468,-0.08648266286229532,0.127,False,Bittrex,Kraken
882,01-13-2021_21-54-21,BTC/USD,25.0,37359.821,37300.0,0.04003030421371903,-0.08696969578628097,0.127,False,Bittrex,Kraken
883,01-13-2021_21-54-32,BTC/USD,25.0,37359.818,37312.0,0.031998282218612055,-0.09500171778138794,0.127,False,Bittrex,Kraken
884,01-13-2021_21-54-42,BTC/USD,25.0,37354.567,37283.53,0.04754237949003926,-0.13445762050996074,0.182,False,Bittrex,Coinbase Pro
885,01-13-2021_21-54-53,BTC/USD,25.0,37367.56,37312.0,0.03717127904524518,-0.14782872095475483,0.185,False,Coinbase Pro,Kraken
886,01-13-2021_21-55-03,BTC/USD,25.0,37367.79,37318.8,0.03277555349138788,-0.09422444650861211,0.127,False,Bittrex,Kraken
887,01-13-2021_21-55-13,BTC/USD,25.0,37365.43,37303.5,0.04143535883301777,-0.08556464116698223,0.127,False,Bittrex,Kraken
888,01-13-2021_21-55-24,BTC/USD,25.0,37373.13,37345.05,0.018783548501285864,-0.10121745149871414,0.120001,False,Coinbase Pro,Binance US
889,01-13-2021_21-55-36,BTC/USD,25.0,37384.3,37345.1,0.026214212918260045,-0.058525777081739956,0.08473999,False,Binance US,Kraken
890,01-13-2021_21-55-47,BTC/USD,25.0,37426.08,37385.0,0.027440757888617873,-0.15755924211138211,0.185,False,Coinbase Pro,Kraken
891,01-13-2021_21-55-58,BTC/USD,25.0,37383.509,37307.9,0.0505630704704558,-0.0764369295295442,0.127,False,Bittrex,Kraken
892,01-13-2021_21-56-09,BTC/USD,25.0,37361.389,37315.6,0.03063925166165818,-0.09636074833834182,0.127,False,Bittrex,Kraken
893,01-13-2021_21-56-19,BTC/USD,25.0,37312.071,37276.2,0.02403444719003031,-0.10296555280996969,0.127,False,Bittrex,Kraken
894,01-13-2021_21-56-31,BTC/USD,25.0,37407.008,37300.3,0.07131551392722904,-0.05568448607277096,0.127,False,Bittrex,Kraken
895,01-13-2021_21-56-43,BTC/USD,25.0,37404.026,37358.7,0.030294867188896277,-0.09670513281110373,0.127,False,Bittrex,Kraken
896,01-13-2021_21-56-55,BTC/USD,25.0,37363.562,37312.1,0.03443328021027515,-0.09230670978972486,0.12673999,False,Bittrex,Kraken
897,01-13-2021_21-57-06,BTC/USD,25.0,37307.07,37265.0,0.028191707362706122,-0.09180929263729387,0.120001,False,Coinbase Pro,Binance US
898,01-13-2021_21-57-18,BTC/USD,25.0,37341.68,37290.1,0.03453245810044014,-0.09246754189955986,0.127,False,Bittrex,Kraken
899,01-13-2021_21-57-30,BTC/USD,25.0,37310.09,37268.5,0.02786779662016127,-0.06687219337983873,0.09473999,False,Binance US,Kraken
900,01-13-2021_21-57-41,BTC/USD,25.0,37306.667,37268.7,0.025442503346656636,-0.10155749665334336,0.127,False,Bittrex,Kraken
901,01-13-2021_21-57-52,BTC/USD,25.0,37288.13,37227.6,0.04058261972375581,-0.14141738027624418,0.182,False,Bittrex,Coinbase Pro
902,01-13-2021_21-58-04,BTC/USD,25.0,37250.01,37196.3,0.03604697018873224,-0.05895302981126776,0.095,False,Binance US,Kraken
903,01-13-2021_21-58-15,BTC/USD,25.0,37226.663,37184.4,0.028382210890080996,-0.098617789109919,0.127,False,Bittrex,Kraken
904,01-13-2021_21-58-26,BTC/USD,25.0,37227.68,37158.7,0.04632305854138855,-0.08067694145861146,0.127,False,Bittrex,Kraken
905,01-13-2021_21-58-36,BTC/USD,25.0,37226.665,37192.12,0.023199096669012827,-0.038801903330987174,0.062001,False,Bittrex,Binance US
906,01-13-2021_21-58-48,BTC/USD,25.0,37280.335,37192.12,0.0591565231374641,-0.0028444768625359024,0.062001,False,Bittrex,Binance US
907,01-13-2021_21-59-00,BTC/USD,25.0,37270.93,37192.12,0.05286291487762559,-0.009138085122374413,0.062001,False,Bittrex,Binance US
908,01-13-2021_21-59-12,BTC/USD,25.0,37270.869,37192.12,0.05282208472251892,-0.009178915277481083,0.062001,False,Bittrex,Binance US
909,01-13-2021_21-59-22,BTC/USD,25.0,37299.72,37192.12,0.07211850383863373,-0.047882496161366264,0.120001,False,Coinbase Pro,Binance US
910,01-13-2021_21-59-33,BTC/USD,25.0,37301.94,37192.12,0.07360207002638448,-0.04639892997361551,0.120001,False,Coinbase Pro,Binance US
911,01-13-2021_21-59-43,BTC/USD,25.0,37301.83,37289.2,0.008464732159256434,-0.17653526784074355,0.185,False,Coinbase Pro,Kraken
912,01-13-2021_21-59-53,BTC/USD,25.0,37299.969,37275.1,0.01666824441596639,-0.11033175558403362,0.127,False,Bittrex,Kraken
913,01-13-2021_22-00-03,BTC/USD,25.0,37323.84,37299.998,0.015969685862974523,-0.16603031413702546,0.182,False,Coinbase Pro,Bittrex
914,01-13-2021_22-00-13,BTC/USD,25.0,37399.25,37393.4,0.003910506226728173,-0.18108949377327183,0.185,False,Coinbase Pro,Kraken
915,01-13-2021_22-00-23,BTC/USD,25.0,37449.36,37400.0,0.032951163918422496,-0.1620488360815775,0.195,False,Coinbase Pro,Kraken
916,01-13-2021_22-00-32,BTC/USD,25.0,37451.27,37400.0,0.03422447356257665,-0.15077552643742334,0.185,False,Coinbase Pro,Kraken
917,01-13-2021_22-00-42,BTC/USD,25.0,37445.96,37412.6,0.022272095574529655,-0.07272790442547035,0.095,False,Binance US,Kraken
918,01-13-2021_22-00-53,BTC/USD,25.0,37500.0,37450.0,0.03333333333333333,-0.15166666666666667,0.185,False,Coinbase Pro,Kraken
919,01-13-2021_22-01-05,BTC/USD,25.0,37571.98,37499.99,0.04790138821537036,-0.07209961178462965,0.120001,False,Coinbase Pro,Binance US
920,01-13-2021_22-01-15,BTC/USD,25.0,37594.43,37500.0,0.0627952066303441,-0.057205793369655894,0.120001,False,Coinbase Pro,Binance US
921,01-13-2021_22-01-25,BTC/USD,25.0,37649.94,37587.442,0.04149940212388093,-0.14050059787611907,0.182,False,Coinbase Pro,Bittrex
922,01-13-2021_22-01-36,BTC/USD,25.0,37760.54,37655.53,0.06952363499039078,-0.05047736500960921,0.120001,False,Coinbase Pro,Binance US
923,01-13-2021_22-01-48,BTC/USD,25.0,37838.45,37771.86,0.0439962524891985,-0.1480037475108015,0.192,False,Coinbase Pro,Bittrex
924,01-13-2021_22-01-59,BTC/USD,25.0,37865.44,37765.13,0.06622793766558961,-0.053773062334410385,0.120001,False,Coinbase Pro,Binance US
925,01-13-2021_22-02-10,BTC/USD,25.0,37819.08,37800.1,0.01254657701879792,-0.1724534229812021,0.185,False,Coinbase Pro,Kraken
926,01-13-2021_22-02-22,BTC/USD,25.0,37808.783,37741.0,0.04481961241651383,-0.08192037758348616,0.12673999,False,Bittrex,Kraken
927,01-13-2021_22-02-33,BTC/USD,25.0,37716.37,37685.7,0.020329368918592595,-0.07467063108140741,0.095,False,Binance US,Kraken
928,01-13-2021_22-02-44,BTC/USD,25.0,37699.889,37652.1,0.03169041160837656,-0.09530958839162344,0.127,False,Bittrex,Kraken
929,01-13-2021_22-02-55,BTC/USD,25.0,37671.48,37624.5,0.031177431839685618,-0.06382256816031438,0.095,False,Binance US,Kraken
930,01-13-2021_22-03-08,BTC/USD,25.0,37642.29,37614.6,0.01839022014866944,-0.06660977985133057,0.085,False,Binance US,Kraken
931,01-13-2021_22-03-18,BTC/USD,25.0,37642.87,37627.4,0.01027419003917685,-0.17472580996082315,0.185,False,Coinbase Pro,Kraken
932,01-13-2021_22-03-28,BTC/USD,25.0,37676.73,37620.6,0.03724447424179637,-0.14775552575820364,0.185,False,Coinbase Pro,Kraken
933,01-13-2021_22-03-38,BTC/USD,25.0,37713.31,37696.72,0.010997443608103154,-0.10900355639189685,0.120001,False,Coinbase Pro,Binance US
934,01-13-2021_22-03-49,BTC/USD,25.0,37743.07,37723.8,0.012763932557683304,-0.1822360674423167,0.195,False,Coinbase Pro,Kraken
935,01-13-2021_22-04-00,BTC/USD,25.0,37756.2,37710.9,0.02999507365677401,-0.055004926343226,0.085,False,Binance US,Kraken
936,01-13-2021_22-04-11,BTC/USD,25.0,37756.16,37730.6,0.01692439061599812,-0.07807560938400188,0.095,False,Binance US,Kraken
937,01-13-2021_22-04-22,BTC/USD,25.0,37707.39,37690.79,0.011005800189298798,-0.1709941998107012,0.182,False,Bittrex,Coinbase Pro
938,01-13-2021_22-04-33,BTC/USD,25.0,37681.323,37639.4,0.027814177331297013,-0.09918582266870299,0.127,False,Bittrex,Kraken
939,01-13-2021_22-04-44,BTC/USD,25.0,37666.46,37637.39,0.019294353650435764,-0.13070564634956422,0.15,False,Binance US,Coinbase Pro
940,01-13-2021_22-04-54,BTC/USD,25.0,37678.299,37620.4,0.03841667586957523,-0.08858332413042477,0.127,False,Bittrex,Kraken
941,01-13-2021_22-05-06,BTC/USD,25.0,37666.24,37620.3,0.03049149583286987,-0.054508504167130135,0.085,False,Binance US,Kraken
942,01-13-2021_22-05-16,BTC/USD,25.0,37652.35,37588.1,0.04266001989251667,-0.05233998010748333,0.095,False,Binance US,Kraken
943,01-13-2021_22-05-27,BTC/USD,25.0,37652.26,37573.5,0.05229433771040705,-0.04244565228959295,0.09473999,False,Binance US,Kraken
944,01-13-2021_22-05-39,BTC/USD,25.0,37652.26,37564.9,0.05800448631768756,-0.03699551368231244,0.095,False,Binance US,Kraken
945,01-13-2021_22-05-51,BTC/USD,25.0,37652.39,37565.0,0.05802420510358002,-0.026975794896419984,0.085,False,Binance US,Kraken
946,01-13-2021_22-06-01,BTC/USD,25.0,37705.743,37620.3,0.056651184409759074,-0.07034881559024092,0.127,False,Bittrex,Kraken
947,01-13-2021_22-06-12,BTC/USD,25.0,37734.55,37675.8,0.03892321493167402,-0.14607678506832597,0.185,False,Coinbase Pro,Kraken
948,01-13-2021_22-06-24,BTC/USD,25.0,37741.22,37700.0,0.027304363769905398,-0.0996956362300946,0.127,False,Bittrex,Kraken
949,01-13-2021_22-06-36,BTC/USD,25.0,37773.91,37700.0,0.04891603755078802,-0.07808396244921198,0.127,False,Bittrex,Kraken
950,01-13-2021_22-06-47,BTC/USD,25.0,37674.427,37610.6,0.04235432698153894,-0.08464567301846107,0.127,False,Bittrex,Kraken
951,01-13-2021_22-06-57,BTC/USD,25.0,37674.524,37629.2,0.030076026972497734,-0.09692397302750227,0.127,False,Bittrex,Kraken
952,01-13-2021_22-07-08,BTC/USD,25.0,37657.621,37602.1,0.036859072961619534,-0.09014092703838048,0.127,False,Bittrex,Kraken
953,01-13-2021_22-07-17,BTC/USD,25.0,37653.71,37587.2,0.044158995222517275,-0.050841004777482726,0.095,False,Binance US,Kraken
954,01-13-2021_22-07-29,BTC/USD,25.0,37653.55,37565.7,0.058327833630564596,-0.036672166369435405,0.095,False,Binance US,Kraken
955,01-13-2021_22-07-41,BTC/USD,25.0,37653.43,37530.7,0.08148660029113099,-0.0035133997088690194,0.085,False,Binance US,Kraken
956,01-13-2021_22-07-52,BTC/USD,25.0,37653.33,37519.6,0.08879028760537461,0.003790287605374601,0.085,False,Binance US,Kraken
957,01-13-2021_22-08-04,BTC/USD,25.0,37653.25,37522.8,0.08661270939427346,-0.008387290605726544,0.095,False,Binance US,Kraken
958,01-13-2021_22-08-15,BTC/USD,25.0,37652.3,37597.6,0.036319162441606725,-0.058680837558393276,0.095,False,Binance US,Kraken
959,01-13-2021_22-08-25,BTC/USD,25.0,37652.23,37568.1,0.0558599052433313,-0.029140094756668705,0.085,False,Binance US,Kraken
960,01-13-2021_22-08-37,BTC/USD,25.0,37600.91,37541.3,0.039633349299259366,-0.08736665070074064,0.127,False,Bittrex,Kraken
961,01-13-2021_22-08-48,BTC/USD,25.0,37583.409,37532.85,0.03363119614827989,-0.1483688038517201,0.182,False,Bittrex,Coinbase Pro
962,01-13-2021_22-08-58,BTC/USD,25.0,37554.867,37521.32,0.022331992282117963,-0.03966900771788204,0.062001,False,Bittrex,Binance US
963,01-13-2021_22-09-10,BTC/USD,25.0,37596.964,37545.0,0.03455332191184369,-0.027447678088156312,0.062001,False,Bittrex,Binance US
964,01-13-2021_22-09-22,BTC/USD,25.0,37572.486,37529.36,0.02869519999288613,-0.15330480000711386,0.182,False,Bittrex,Coinbase Pro
965,01-13-2021_22-09-35,BTC/USD,25.0,37573.28,37551.6,0.014425144677281496,-0.0805748553227185,0.095,False,Binance US,Kraken
966,01-13-2021_22-09-48,BTC/USD,25.0,37574.04,37545.5,0.018989174440651627,-0.10801082555934838,0.127,False,Bittrex,Kraken
967,01-13-2021_22-09-59,BTC/USD,25.0,37574.029,37541.8,0.02144366791221628,-0.10555633208778373,0.127,False,Bittrex,Kraken
968,01-13-2021_22-10-10,BTC/USD,25.0,37574.03,37549.0,0.01665378986496713,-0.11034621013503287,0.127,False,Bittrex,Kraken
969,01-13-2021_22-10-21,BTC/USD,25.0,37574.028,37533.1,0.02723157602373632,-0.09976842397626368,0.127,False,Bittrex,Kraken
970,01-13-2021_22-10-33,BTC/USD,25.0,37561.079,37532.61,0.018948470569760074,-0.16305152943023993,0.182,False,Bittrex,Coinbase Pro
971,01-13-2021_22-10-44,BTC/USD,25.0,37559.95,37449.92,0.07323625297690682,-0.07676374702309317,0.15,False,Binance US,Coinbase Pro
972,01-13-2021_22-10-55,BTC/USD,25.0,37500.01,37400.0,0.06667331555378388,-0.028326684446216124,0.095,False,Binance US,Kraken
973,01-13-2021_22-11-07,BTC/USD,25.0,37500.01,37434.6,0.04360665503822765,-0.051133334961772345,0.09473999,False,Binance US,Kraken
974,01-13-2021_22-11-17,BTC/USD,25.0,37469.96,37440.0,0.019989346132207726,-0.04201165386779228,0.062001,False,Bittrex,Binance US
975,01-13-2021_22-11-29,BTC/USD,25.0,37495.899,37442.5,0.03560322690222577,-0.09139677309777423,0.127,False,Bittrex,Kraken
976,01-13-2021_22-11-39,BTC/USD,25.0,37471.933,37442.5,0.01963669715143683,-0.10736330284856317,0.127,False,Bittrex,Kraken
977,01-13-2021_22-11-51,BTC/USD,25.0,37478.06,37453.8,0.016182801350973584,-0.16881719864902642,0.185,False,Coinbase Pro,Kraken
978,01-13-2021_22-12-02,BTC/USD,25.0,37473.4,37467.69,0.0038093687789199316,-0.11619163122108006,0.120001,False,Coinbase Pro,Binance US
979,01-13-2021_22-12-13,BTC/USD,25.0,37478.15,37467.7,0.006970728277679371,-0.11303027172232062,0.120001,False,Coinbase Pro,Binance US
980,01-13-2021_22-12-24,BTC/USD,25.0,37499.97,37463.7,0.02418001934401819,-0.06081998065598182,0.085,False,Binance US,Kraken
981,01-13-2021_22-12-35,BTC/USD,25.0,37500.0,37479.4,0.013733333333332362,-0.08126666666666764,0.095,False,Binance US,Kraken
982,01-13-2021_22-12-47,BTC/USD,25.0,37499.99,37470.26,0.019820005285332027,-0.13017999471466796,0.15,False,Binance US,Coinbase Pro
983,01-13-2021_22-12-57,BTC/USD,25.0,37474.099,37443.09,0.020686955008581708,-0.1613130449914183,0.182,False,Bittrex,Coinbase Pro
984,01-13-2021_22-13-09,BTC/USD,25.0,37427.0,37397.47,0.019725064792795868,-0.16227493520720412,0.182,False,Bittrex,Coinbase Pro
985,01-13-2021_22-13-20,BTC/USD,25.0,37409.22,37382.42,0.017910023250954518,-0.16408997674904546,0.182,False,Bittrex,Coinbase Pro
986,01-13-2021_22-13-32,BTC/USD,25.0,37407.01,37343.53,0.04242520319052712,-0.10757479680947288,0.15,False,Binance US,Coinbase Pro
987,01-13-2021_22-13-43,BTC/USD,25.0,37407.01,37356.0,0.03409120376100765,-0.06090879623899235,0.095,False,Binance US,Kraken
988,01-13-2021_22-13-55,BTC/USD,25.0,37407.01,37341.7,0.043648235985718285,-0.051351764014281716,0.095,False,Binance US,Kraken
989,01-13-2021_22-14-06,BTC/USD,25.0,37406.96,37314.1,0.062060643259971265,-0.022679346740028736,0.08473999,False,Binance US,Kraken
990,01-13-2021_22-14-18,BTC/USD,25.0,37401.99,37298.09,0.06944817642056042,-0.08055182357943957,0.15,False,Binance US,Coinbase Pro
991,01-13-2021_22-14-30,BTC/USD,25.0,37401.93,37289.9,0.07488249937904197,-0.02011750062095803,0.095,False,Binance US,Kraken
992,01-13-2021_22-14-40,BTC/USD,25.0,37319.98,37245.37,0.04997993032150645,-0.10002006967849354,0.15,False,Binance US,Coinbase Pro
993,01-13-2021_22-14-49,BTC/USD,25.0,37274.99,37235.5,0.026485587253006617,-0.06851441274699338,0.095,False,Binance US,Kraken
994,01-13-2021_22-15-00,BTC/USD,25.0,37279.43,37259.15,0.01359999334753699,-0.136400006652463,0.15,False,Binance US,Coinbase Pro
995,01-13-2021_22-15-11,BTC/USD,25.0,37306.02,37279.43,0.017818839962019876,-0.10218216003798011,0.120001,False,Coinbase Pro,Binance US
996,01-13-2021_22-15-22,BTC/USD,25.0,37305.96,37272.7,0.022288663795276973,-0.16271133620472303,0.185,False,Coinbase Pro,Kraken
997,01-13-2021_22-15-34,BTC/USD,25.0,37321.654,37279.43,0.0282838482989004,-0.033717151701099596,0.062001,False,Bittrex,Binance US
998,01-13-2021_22-15-44,BTC/USD,25.0,37321.639,37279.43,0.028273811876270066,-0.033727188123729934,0.062001,False,Bittrex,Binance US
999,01-13-2021_22-15-56,BTC/USD,25.0,37321.606,37279.43,0.028251731718082738,-0.033749268281917266,0.062001,False,Bittrex,Binance US
1000,01-13-2021_22-16-07,BTC/USD,25.0,37320.0,37279.43,0.027177116827438175,-0.09282388317256182,0.120001,False,Coinbase Pro,Binance US
1001,01-13-2021_22-16-18,BTC/USD,25.0,37399.99,37279.43,0.08058825684177835,-0.039412743158221644,0.120001,False,Coinbase Pro,Binance US
1002,01-13-2021_22-16-27,BTC/USD,25.0,37465.2,37409.449,0.0372018566563081,-0.0547981433436919,0.092,False,Binance US,Bittrex
1003,01-13-2021_22-16-38,BTC/USD,25.0,37495.89,37450.9,0.02999662096298952,-0.06500337903701048,0.095,False,Binance US,Kraken
1004,01-13-2021_22-16-47,BTC/USD,25.0,37500.0,37473.569,0.01762066666666457,-0.16437933333333543,0.182,False,Coinbase Pro,Bittrex
1005,01-13-2021_22-16-58,BTC/USD,25.0,37553.319,37533.1,0.013460195089550273,-0.11353980491044972,0.127,False,Bittrex,Kraken
1006,01-13-2021_22-17-08,BTC/USD,25.0,37573.28,37528.8,0.029595499780692505,-0.0654045002193075,0.095,False,Binance US,Kraken
1007,01-13-2021_22-17-19,BTC/USD,25.0,37553.32,37508.61,0.02976434573560948,-0.03223665426439052,0.062001,False,Bittrex,Binance US
1008,01-13-2021_22-17-30,BTC/USD,25.0,37504.19,37478.37,0.017211410245095086,-0.1747885897549049,0.192,False,Bittrex,Coinbase Pro
1009,01-13-2021_22-17-41,BTC/USD,25.0,37490.029,37465.6,0.016290331490543607,-0.11070966850945639,0.127,False,Bittrex,Kraken
1010,01-13-2021_22-17-51,BTC/USD,25.0,37541.55,37497.398,0.029402089151887616,-0.06259791084811238,0.092,False,Binance US,Bittrex
1011,01-13-2021_22-18-03,BTC/USD,25.0,37548.55,37487.07,0.04093367120701279,-0.021067328792987214,0.062001,False,Bittrex,Binance US
1012,01-13-2021_22-18-13,BTC/USD,25.0,37534.25,37487.07,0.03142463216928558,-0.08857636783071442,0.120001,False,Coinbase Pro,Binance US
1013,01-13-2021_22-18-24,BTC/USD,25.0,37522.98,37487.06,0.023932001136373983,-0.09606899886362602,0.120001,False,Coinbase Pro,Binance US
1014,01-13-2021_22-18-35,BTC/USD,25.0,37527.2,37487.06,0.026740604148457265,-0.09326039585154274,0.120001,False,Coinbase Pro,Binance US
1015,01-13-2021_22-18-44,BTC/USD,25.0,37529.68,37487.07,0.028384201517306158,-0.09161679848269384,0.120001,False,Coinbase Pro,Binance US
1016,01-13-2021_22-18-55,BTC/USD,25.0,37545.24,37487.06,0.03873993081413269,-0.08126106918586731,0.120001,False,Coinbase Pro,Binance US
1017,01-13-2021_22-19-05,BTC/USD,25.0,37519.17,37487.06,0.021395729169915393,-0.04060527083008461,0.062001,False,Bittrex,Binance US
1018,01-13-2021_22-19-14,BTC/USD,25.0,37519.19,37487.06,0.02140904427841103,-0.04059195572158897,0.062001,False,Bittrex,Binance US
1019,01-13-2021_22-19-25,BTC/USD,25.0,37519.18,37487.07,0.021395723467304312,-0.04060527653269569,0.062001,False,Bittrex,Binance US
1020,01-13-2021_22-19-35,BTC/USD,25.0,37519.17,37487.07,0.02138906590950609,-0.040611934090493906,0.062001,False,Bittrex,Binance US
1021,01-13-2021_22-19-45,BTC/USD,25.0,37519.16,37493.4,0.017164563385748798,-0.1095754266142512,0.12673999,False,Bittrex,Kraken
1022,01-13-2021_22-19-56,BTC/USD,25.0,37515.659,37492.7,0.015299611290316505,-0.11170038870968349,0.127,False,Bittrex,Kraken
1023,01-13-2021_22-20-07,BTC/USD,25.0,37465.709,37418.0,0.031835110874321476,-0.09516488912567853,0.127,False,Bittrex,Kraken
1024,01-13-2021_22-20-17,BTC/USD,25.0,37428.8,37400.1,0.01916973026119216,-0.07557025973880784,0.09473999,False,Binance US,Kraken
1025,01-13-2021_22-20-29,BTC/USD,25.0,37512.05,37472.2,0.026558132653377926,-0.06844186734662208,0.095,False,Binance US,Kraken
1026,01-13-2021_22-20-39,BTC/USD,25.0,37528.25,37496.2,0.021350582561139215,-0.07364941743886079,0.095,False,Binance US,Kraken
1027,01-13-2021_22-20-50,BTC/USD,25.0,37528.25,37508.8,0.012956905797630511,-0.0820430942023695,0.095,False,Binance US,Kraken
1028,01-13-2021_22-21-00,BTC/USD,25.0,37555.55,37496.1,0.03957470999626178,-0.05542529000373822,0.095,False,Binance US,Kraken
1029,01-13-2021_22-21-11,BTC/USD,25.0,37528.25,37494.999,0.02215064651295795,-0.06984935348704205,0.092,False,Binance US,Bittrex
1030,01-13-2021_22-21-22,BTC/USD,25.0,37520.09,37495.0,0.01671771043192894,-0.06528228956807106,0.082,False,Binance US,Bittrex
1031,01-13-2021_22-21-33,BTC/USD,25.0,37590.37,37553.1,0.02478693346195054,-0.10221306653804946,0.127,False,Bittrex,Kraken
1032,01-13-2021_22-21-45,BTC/USD,25.0,37582.36,37566.5,0.01055016236340705,-0.11618982763659294,0.12673999,False,Bittrex,Kraken
1033,01-13-2021_22-21-55,BTC/USD,25.0,37533.137,37514.5,0.012413697261704,-0.11458630273829601,0.127,False,Bittrex,Kraken
1034,01-13-2021_22-22-07,BTC/USD,25.0,37570.17,37550.292,0.013227249171348557,-0.17877275082865146,0.192,False,Coinbase Pro,Bittrex
1035,01-13-2021_22-22-18,BTC/USD,25.0,37585.5,37559.02,0.01761317529366591,-0.1093868247063341,0.127,False,Kraken,Bittrex
1036,01-13-2021_22-22-28,BTC/USD,25.0,37596.86,37559.019,0.025162340684834018,-0.05683765931516599,0.082,False,Binance US,Bittrex
1037,01-13-2021_22-22-38,BTC/USD,25.0,37576.32,37559.019,0.011510573680445208,-0.1704894263195548,0.182,False,Coinbase Pro,Bittrex
1038,01-13-2021_22-22-48,BTC/USD,25.0,37576.65,37570.0,0.004424290084401786,-0.1775757099155982,0.182,False,Bittrex,Coinbase Pro
1039,01-13-2021_22-22-58,BTC/USD,25.0,37576.49,37562.5,0.009307681478497568,-0.11769231852150243,0.127,False,Bittrex,Kraken
1040,01-13-2021_22-23-09,BTC/USD,25.0,37570.22,37562.5,0.005137047374224294,-0.07986295262577571,0.085,False,Binance US,Kraken
1041,01-13-2021_22-23-20,BTC/USD,25.0,37569.81,37560.28,0.006341527944910313,-0.1756584720550897,0.182,False,Bittrex,Coinbase Pro
1042,01-13-2021_22-23-30,BTC/USD,25.0,37527.66,37507.7,0.01329685890354368,-0.07170314109645633,0.085,False,Binance US,Kraken
1043,01-13-2021_22-23-41,BTC/USD,25.0,37500.1,37494.701,0.0035993237351351157,-0.12340067626486488,0.127,False,Kraken,Bittrex
1044,01-13-2021_22-23-52,BTC/USD,25.0,37518.27,37492.89,0.01691176059023869,-0.1650882394097613,0.182,False,Bittrex,Coinbase Pro
1045,01-13-2021_22-24-03,BTC/USD,25.0,37514.236,37475.9,0.02554763476990155,-0.10145236523009846,0.127,False,Bittrex,Kraken
1046,01-13-2021_22-24-13,BTC/USD,25.0,37556.64,37520.0,0.0243898282700472,-0.1026101717299528,0.127,False,Bittrex,Kraken
1047,01-13-2021_22-24-24,BTC/USD,25.0,37570.15,37552.5,0.01174469625487352,-0.08325530374512648,0.095,False,Binance US,Kraken
1048,01-13-2021_22-24-35,BTC/USD,25.0,37573.579,37555.4,0.012095600475001628,-0.11490439952499837,0.127,False,Bittrex,Kraken
1049,01-13-2021_22-24-47,BTC/USD,25.0,37573.539,37561.9,0.007744146751784266,-0.11899584324821573,0.12673999,False,Bittrex,Kraken
1050,01-13-2021_22-24-58,BTC/USD,25.0,37597.08,37562.4,0.023060301491499,-0.06193969850850101,0.085,False,Binance US,Kraken
1051,01-13-2021_22-25-09,BTC/USD,25.0,37597.08,37562.4,0.023060301491499,-0.06193969850850101,0.085,False,Binance US,Kraken
1052,01-13-2021_22-25-18,BTC/USD,25.0,37615.18,37562.4,0.03507892292420164,-0.059921077075798364,0.095,False,Binance US,Kraken
1053,01-13-2021_22-25-29,BTC/USD,25.0,37615.16,37570.0,0.03001449415608194,-0.054985505843918064,0.085,False,Binance US,Kraken
1054,01-13-2021_22-25-41,BTC/USD,25.0,37629.04,37579.0,0.03324559967514509,-0.1517544003248549,0.185,False,Coinbase Pro,Kraken
1055,01-13-2021_22-25-52,BTC/USD,25.0,37630.45,37605.687,0.01645143759907137,-0.16554856240092863,0.182,False,Coinbase Pro,Bittrex
1056,01-13-2021_22-26-04,BTC/USD,25.0,37631.7,37612.3,0.012888070429979366,-0.11411192957002064,0.127,False,Bittrex,Kraken
1057,01-13-2021_22-26-15,BTC/USD,25.0,37631.703,37614.6,0.011362095411947468,-0.11563790458805254,0.127,False,Bittrex,Kraken
1058,01-13-2021_22-26-24,BTC/USD,25.0,37625.939,37573.9,0.034576545717568026,-0.14742345428243198,0.182,False,Bittrex,Coinbase Pro
1059,01-13-2021_22-26-36,BTC/USD,25.0,37562.67,37540.1,0.015021562631197216,-0.06997843736880278,0.085,False,Binance US,Kraken
1060,01-13-2021_22-26-46,BTC/USD,25.0,37556.32,37535.3,0.013992318736231878,-0.08100768126376812,0.095,False,Binance US,Kraken
1061,01-13-2021_22-26-57,BTC/USD,25.0,37562.69,37535.3,0.01822952509524705,-0.06677047490475296,0.085,False,Binance US,Kraken
1062,01-13-2021_22-27-08,BTC/USD,25.0,37543.569,37530.1,0.008968912891582442,-0.11803108710841756,0.127,False,Bittrex,Kraken
1063,01-13-2021_22-27-20,BTC/USD,25.0,37515.862,37500.1,0.010503557135380792,-0.11649644286461922,0.127,False,Bittrex,Kraken
1064,01-13-2021_22-27-32,BTC/USD,25.0,37515.749,37481.4,0.02288972026121748,-0.10411027973878252,0.127,False,Bittrex,Kraken
1065,01-13-2021_22-27-42,BTC/USD,25.0,37500.439,37464.3,0.024092384625147706,-0.1029076153748523,0.127,False,Bittrex,Kraken
1066,01-13-2021_22-27-52,BTC/USD,25.0,37485.814,37453.8,0.021350743510595484,-0.10564925648940451,0.127,False,Bittrex,Kraken
1067,01-13-2021_22-28-04,BTC/USD,25.0,37474.13,37449.71,0.016291238782593656,-0.16570876121740635,0.182,False,Bittrex,Coinbase Pro
1068,01-13-2021_22-28-16,BTC/USD,25.0,37451.888,37426.22,0.017133982671312758,-0.16486601732868725,0.182,False,Bittrex,Coinbase Pro
1069,01-13-2021_22-28-27,BTC/USD,25.0,37457.709,37424.6,0.0220975874418828,-0.1046424025581172,0.12673999,False,Bittrex,Kraken
1070,01-13-2021_22-28-37,BTC/USD,25.0,37457.708,37424.6,0.02209692061244122,-0.10464306938755878,0.12673999,False,Bittrex,Kraken
1071,01-13-2021_22-28-49,BTC/USD,25.0,37465.906,37441.5,0.016285472984426612,-0.11071452701557338,0.127,False,Bittrex,Kraken
1072,01-13-2021_22-29-00,BTC/USD,25.0,37476.318,37448.44,0.018597077759878233,-0.16340292224012176,0.182,False,Bittrex,Coinbase Pro
1073,01-13-2021_22-29-12,BTC/USD,25.0,37481.131,37437.4,0.029168676900384737,-0.09757131309961525,0.12673999,False,Bittrex,Kraken
1074,01-13-2021_22-29-23,BTC/USD,25.0,37457.71,37441.73,0.010665361016460914,-0.17133463898353907,0.182,False,Bittrex,Coinbase Pro
1075,01-13-2021_22-29-35,BTC/USD,25.0,37431.429,37403.96,0.018346213819406498,-0.1636537861805935,0.182,False,Bittrex,Coinbase Pro
1076,01-13-2021_22-29-46,BTC/USD,25.0,37418.495,37395.1,0.01563063934025411,-0.1113693606597459,0.127,False,Bittrex,Kraken
1077,01-13-2021_22-29-58,BTC/USD,25.0,37395.1,37352.0,0.02881393551561471,-0.1561860644843853,0.185,False,Kraken,Coinbase Pro
1078,01-13-2021_22-30-11,BTC/USD,25.0,37428.786,37396.8,0.021364572177145384,-0.10563542782285462,0.127,False,Bittrex,Kraken
1079,01-13-2021_22-30-22,BTC/USD,25.0,37457.669,37431.0,0.01779942579982866,-0.10920057420017135,0.127,False,Bittrex,Kraken
1080,01-13-2021_22-30-33,BTC/USD,25.0,37487.78,37463.6,0.016125254682992893,-0.11087474531700711,0.127,False,Bittrex,Kraken
1081,01-13-2021_22-30-43,BTC/USD,25.0,37504.96,37475.0,0.019970691876487222,-0.07476929812351277,0.09473999,False,Binance US,Kraken
1082,01-13-2021_22-30-54,BTC/USD,25.0,37450.38,37416.46,0.022643294941198364,-0.15935670505880162,0.182,False,Bittrex,Coinbase Pro
1083,01-13-2021_22-31-04,BTC/USD,25.0,37420.408,37380.82,0.02644813493214944,-0.15555186506785057,0.182,False,Bittrex,Coinbase Pro
1084,01-13-2021_22-31-16,BTC/USD,25.0,37402.415,37373.1,0.019594322986899594,-0.10740567701310041,0.127,False,Bittrex,Kraken
1085,01-13-2021_22-31-26,BTC/USD,25.0,37448.38,37416.7,0.021149112458269417,-0.06385088754173059,0.085,False,Binance US,Kraken
1086,01-13-2021_22-31-36,BTC/USD,25.0,37460.388,37445.2,0.010136040235356025,-0.11686395976464398,0.127,False,Bittrex,Kraken
1087,01-13-2021_22-31-47,BTC/USD,25.0,37471.1,37448.1,0.015345159336128376,-0.07965484066387163,0.095,False,Binance US,Kraken
1088,01-13-2021_22-31-57,BTC/USD,25.0,37470.83,37450.0,0.013897477050816426,-0.13610252294918357,0.15,False,Binance US,Coinbase Pro
1089,01-13-2021_22-32-07,BTC/USD,25.0,37465.73,37457.7,0.0053582300411643595,-0.08964176995883565,0.095,False,Binance US,Kraken
1090,01-13-2021_22-32-17,BTC/USD,25.0,37492.251,37457.9,0.022905399838486034,-0.10383459016151396,0.12673999,False,Bittrex,Kraken
1091,01-13-2021_22-32-27,BTC/USD,25.0,37505.06,37475.0,0.020037296300817593,-0.07470269369918241,0.09473999,False,Binance US,Kraken
1092,01-13-2021_22-32-37,BTC/USD,25.0,37530.34,37475.0,0.03686350829755107,-0.057876481702448926,0.09473999,False,Binance US,Kraken
1093,01-13-2021_22-32-48,BTC/USD,25.0,37526.42,37483.8,0.02839332928640365,-0.15660667071359635,0.185,False,Coinbase Pro,Kraken
1094,01-13-2021_22-32-59,BTC/USD,25.0,37526.42,37483.8,0.02839332928640365,-0.15660667071359635,0.185,False,Coinbase Pro,Kraken
1095,01-13-2021_22-33-10,BTC/USD,25.0,37547.299,37513.2,0.022704029922366708,-0.10429597007763329,0.127,False,Bittrex,Kraken
1096,01-13-2021_22-33-20,BTC/USD,25.0,37472.216,37442.94,0.019531804577555555,-0.16246819542244445,0.182,False,Bittrex,Coinbase Pro
1097,01-13-2021_22-33-32,BTC/USD,25.0,37446.6,37402.47,0.029461953822241125,-0.03553904617775888,0.065001,False,Kraken,Binance US
1098,01-13-2021_22-33-43,BTC/USD,25.0,37420.71,37393.83,0.017957970332469226,-0.16404202966753076,0.182,False,Bittrex,Coinbase Pro
1099,01-13-2021_22-33-54,BTC/USD,25.0,37476.17,37463.0,0.008785582945107687,-0.07621441705489232,0.085,False,Binance US,Kraken
1100,01-13-2021_22-34-05,BTC/USD,25.0,37496.389,37455.8,0.027061939217667027,-0.09993806078233297,0.127,False,Bittrex,Kraken
1101,01-13-2021_22-34-15,BTC/USD,25.0,37483.853,37454.8,0.019377010148876557,-0.10762298985112345,0.127,False,Bittrex,Kraken
1102,01-13-2021_22-34-25,BTC/USD,25.0,37483.852,37455.1,0.019176257552185678,-0.10782374244781433,0.127,False,Bittrex,Kraken
0,01-13-2021_17-35-02,BTC/USD,25.0,37433.373,37402.2,0.020818989515052854,-0.10618101048494714,0.127,False,Bittrex,Kraken
0,01-13-2021_17-35-02,BTC/USD,25.0,37433.373,37402.2,0.020818989515052854,-0.10618101048494714,0.127,False,Bittrex,Kraken
1,01-13-2021_17-35-13,BTC/USD,25.0,37456.098,37430.2,0.01728556989572235,-0.10971443010427764,0.127,False,Bittrex,Kraken
