,Date,Symbol,Investment,High,Low,Adjusted Spread,Adj. Spread after fees,Fees,Profitable,Sell exchange,Buy exchange
0,01-13-2021_19-15-05,COMP/USD,25.0,215.305,214.42,0.10276119922900297,-0.07923880077099703,0.182,False,Bittrex,Coinbase Pro
1,01-13-2021_19-15-16,COMP/USD,25.0,215.299,214.47,0.09626147822330895,-0.08573852177669104,0.182,False,Bittrex,Coinbase Pro
2,01-13-2021_19-15-26,COMP/USD,25.0,215.292,214.5,0.09196811771919086,-0.09003188228080913,0.182,False,Bittrex,Coinbase Pro
3,01-13-2021_19-15-38,COMP/USD,25.0,215.282,214.5,0.09081112215605701,-0.09118887784394299,0.182,False,Bittrex,Coinbase Pro
4,01-13-2021_19-15-49,COMP/USD,25.0,215.273,214.47,0.09325368253334107,-0.08874631746665892,0.182,False,Bittrex,Coinbase Pro
5,01-13-2021_19-15-59,COMP/USD,25.0,215.267,214.39,0.10185026037432694,-0.08014973962567305,0.182,False,Bittrex,Coinbase Pro
6,01-13-2021_19-16-10,COMP/USD,25.0,215.259,214.41,0.09860214903906336,-0.08339785096093663,0.182,False,Bittrex,Coinbase Pro
7,01-13-2021_19-16-20,COMP/USD,25.0,215.251,214.44,0.0941923614756734,-0.08780763852432659,0.182,False,Bittrex,Coinbase Pro
8,01-13-2021_19-16-31,COMP/USD,25.0,215.243,214.34,0.1048814595596595,-0.0771185404403405,0.182,False,Bittrex,Coinbase Pro
9,01-13-2021_19-16-41,COMP/USD,25.0,215.236,214.34,0.10407180954858697,-0.07792819045141303,0.182,False,Bittrex,Coinbase Pro
10,01-13-2021_19-16-53,COMP/USD,25.0,215.23,214.01,0.14170886958137793,-0.04029113041862206,0.182,False,Bittrex,Coinbase Pro
11,01-13-2021_19-17-06,COMP/USD,25.0,215.219,213.62,0.18574103587508417,0.0037410358750841755,0.182,False,Bittrex,Coinbase Pro
12,01-13-2021_19-17-17,COMP/USD,25.0,215.213,213.47,0.20247382825386884,0.020473828253868842,0.182,True,Bittrex,Coinbase Pro
13,01-13-2021_19-17-28,COMP/USD,25.0,215.202,213.53,0.19423611304727617,0.012236113047276176,0.182,True,Bittrex,Coinbase Pro
14,01-13-2021_19-17-38,COMP/USD,25.0,215.192,213.53,0.19308338599948024,0.01108338599948025,0.182,True,Bittrex,Coinbase Pro
15,01-13-2021_19-17-50,COMP/USD,25.0,215.183,213.57,0.1873986327916238,0.005398632791623809,0.182,False,Bittrex,Coinbase Pro
16,01-13-2021_19-18-01,COMP/USD,25.0,215.173,213.51,0.19321662104446316,0.011216621044463165,0.182,True,Bittrex,Coinbase Pro
17,01-13-2021_19-18-13,COMP/USD,25.0,215.157,213.54,0.1878860552991558,0.005886055299155812,0.182,False,Bittrex,Coinbase Pro
18,01-13-2021_19-18-25,COMP/USD,25.0,215.138,213.53,0.18685680818823316,0.004856808188233169,0.182,False,Bittrex,Coinbase Pro
19,01-13-2021_19-18-36,COMP/USD,25.0,215.124,213.54,0.18407987951135196,0.0020798795113519675,0.182,False,Bittrex,Coinbase Pro
20,01-13-2021_19-18-46,COMP/USD,25.0,215.111,213.81,0.15120100785175883,-0.030798992148241167,0.182,False,Bittrex,Coinbase Pro
21,01-13-2021_19-18-57,COMP/USD,25.0,215.101,213.72,0.16050599485822942,-0.021494005141770578,0.182,False,Bittrex,Coinbase Pro
22,01-13-2021_19-19-09,COMP/USD,25.0,215.089,213.78,0.15214632082533247,-0.029853679174667525,0.182,False,Bittrex,Coinbase Pro
23,01-13-2021_19-19-20,COMP/USD,25.0,215.079,213.88,0.13936739523617048,-0.04263260476382952,0.182,False,Bittrex,Coinbase Pro
24,01-13-2021_19-19-31,COMP/USD,25.0,215.068,213.93,0.13228374281622615,-0.04971625718377384,0.182,False,Bittrex,Coinbase Pro
25,01-13-2021_19-19-43,COMP/USD,25.0,215.056,213.95,0.1285711628599089,-0.053428837140091084,0.182,False,Bittrex,Coinbase Pro
26,01-13-2021_19-19-54,COMP/USD,25.0,215.048,213.93,0.1299709832223498,-0.052029016777650205,0.182,False,Bittrex,Coinbase Pro
27,01-13-2021_19-20-06,COMP/USD,25.0,215.036,213.95,0.12625792890492904,-0.055742071095070955,0.182,False,Bittrex,Coinbase Pro
28,01-13-2021_19-20-17,COMP/USD,25.0,215.028,213.9,0.13114571125620686,-0.050854288743793136,0.182,False,Bittrex,Coinbase Pro
29,01-13-2021_19-20-28,COMP/USD,25.0,215.017,213.89,0.1310361506299513,-0.05096384937004869,0.182,False,Bittrex,Coinbase Pro
30,01-13-2021_19-20-39,COMP/USD,25.0,215.012,214.2,0.09441333506967191,-0.08758666493032809,0.182,False,Bittrex,Coinbase Pro
31,01-13-2021_19-20-50,COMP/USD,25.0,215.004,214.25,0.08767278748302249,-0.09432721251697751,0.182,False,Bittrex,Coinbase Pro
32,01-13-2021_19-21-00,COMP/USD,25.0,214.995,214.07,0.10756064094513958,-0.07443935905486042,0.182,False,Bittrex,Coinbase Pro
33,01-13-2021_19-21-10,COMP/USD,25.0,214.986,213.88,0.12861302596448076,-0.05338697403551923,0.182,False,Bittrex,Coinbase Pro
34,01-13-2021_19-21-20,COMP/USD,25.0,214.981,214.18,0.09314776654680969,-0.08885223345319031,0.182,False,Bittrex,Coinbase Pro
35,01-13-2021_19-21-32,COMP/USD,25.0,214.973,214.18,0.09222088355281899,-0.089779116447181,0.182,False,Bittrex,Coinbase Pro
36,01-13-2021_19-21-42,COMP/USD,25.0,214.965,214.14,0.09594585165027063,-0.08605414834972937,0.182,False,Bittrex,Coinbase Pro
37,01-13-2021_19-21-53,COMP/USD,25.0,214.957,214.18,0.09036691059141908,-0.09163308940858092,0.182,False,Bittrex,Coinbase Pro
38,01-13-2021_19-22-03,COMP/USD,25.0,214.948,214.18,0.08932392950853237,-0.09267607049146763,0.182,False,Bittrex,Coinbase Pro
39,01-13-2021_19-22-14,COMP/USD,25.0,214.937,213.93,0.11712734429158368,-0.06487265570841631,0.182,False,Bittrex,Coinbase Pro
40,01-13-2021_19-22-24,COMP/USD,25.0,214.929,214.05,0.10224306631492151,-0.07975693368507848,0.182,False,Bittrex,Coinbase Pro
41,01-13-2021_19-22-33,COMP/USD,25.0,214.919,213.92,0.11620657084762441,-0.06579342915237558,0.182,False,Bittrex,Coinbase Pro
42,01-13-2021_19-22-43,COMP/USD,25.0,214.914,213.9,0.11795415840754693,-0.06404584159245306,0.182,False,Bittrex,Coinbase Pro
43,01-13-2021_19-22-53,COMP/USD,25.0,214.903,213.92,0.11435391781408404,-0.06764608218591596,0.182,False,Bittrex,Coinbase Pro
44,01-13-2021_19-23-02,COMP/USD,25.0,214.898,213.93,0.11261156455620683,-0.06938843544379317,0.182,False,Bittrex,Coinbase Pro
45,01-13-2021_19-23-12,COMP/USD,25.0,214.888,213.98,0.1056364245560496,-0.0763635754439504,0.182,False,Bittrex,Coinbase Pro
46,01-13-2021_19-23-22,COMP/USD,25.0,214.883,213.98,0.10505717064635406,-0.07694282935364594,0.182,False,Bittrex,Coinbase Pro
47,01-13-2021_19-23-32,COMP/USD,25.0,214.878,214.0,0.10215098800249281,-0.07984901199750719,0.182,False,Bittrex,Coinbase Pro
48,01-13-2021_19-23-41,COMP/USD,25.0,214.87,214.09,0.09075254805231082,-0.09124745194768917,0.182,False,Bittrex,Coinbase Pro
49,01-13-2021_19-23-50,COMP/USD,25.0,214.864,213.98,0.10285575992255735,-0.07914424007744264,0.182,False,Bittrex,Coinbase Pro
50,01-13-2021_19-24-01,COMP/USD,25.0,214.857,214.03,0.09622679270398429,-0.0857732072960157,0.182,False,Bittrex,Coinbase Pro
51,01-13-2021_19-24-12,COMP/USD,25.0,214.849,214.0,0.09879031319670903,-0.08320968680329097,0.182,False,Bittrex,Coinbase Pro
52,01-13-2021_19-24-21,COMP/USD,25.0,214.842,214.14,0.08168793811266263,-0.10031206188733736,0.182,False,Bittrex,Coinbase Pro
53,01-13-2021_19-24-32,COMP/USD,25.0,214.838,214.01,0.09635166963014027,-0.08564833036985972,0.182,False,Bittrex,Coinbase Pro
54,01-13-2021_19-24-40,COMP/USD,25.0,214.833,214.05,0.09111728645040415,-0.09088271354959584,0.182,False,Bittrex,Coinbase Pro
55,01-13-2021_19-24-50,COMP/USD,25.0,214.825,213.95,0.10182706854416386,-0.08017293145583614,0.182,False,Bittrex,Coinbase Pro
56,01-13-2021_19-24-59,COMP/USD,25.0,214.819,214.03,0.09182148692620151,-0.09017851307379848,0.182,False,Bittrex,Coinbase Pro
57,01-13-2021_19-25-10,COMP/USD,25.0,214.81,214.04,0.08961407755691195,-0.09238592244308805,0.182,False,Bittrex,Coinbase Pro
58,01-13-2021_19-25-19,COMP/USD,25.0,214.801,214.11,0.08042327549685221,-0.10157672450314778,0.182,False,Bittrex,Coinbase Pro
59,01-13-2021_19-25-29,COMP/USD,25.0,214.794,214.09,0.08193897408680034,-0.10006102591319965,0.182,False,Bittrex,Coinbase Pro
60,01-13-2021_19-25-39,COMP/USD,25.0,214.785,214.07,0.0832227576413627,-0.0987772423586373,0.182,False,Bittrex,Coinbase Pro
61,01-13-2021_19-25-49,COMP/USD,25.0,214.777,214.04,0.08578665313324924,-0.09621334686675076,0.182,False,Bittrex,Coinbase Pro
62,01-13-2021_19-25-58,COMP/USD,25.0,214.769,214.04,0.08485861553576324,-0.09714138446423676,0.182,False,Bittrex,Coinbase Pro
63,01-13-2021_19-26-09,COMP/USD,25.0,214.762,214.02,0.08637468453450683,-0.09562531546549316,0.182,False,Bittrex,Coinbase Pro
64,01-13-2021_19-26-19,COMP/USD,25.0,214.754,214.12,0.07380537731543839,-0.1081946226845616,0.182,False,Bittrex,Coinbase Pro
65,01-13-2021_19-26-29,COMP/USD,25.0,214.745,214.1,0.07508905911662789,-0.10691094088337211,0.182,False,Bittrex,Coinbase Pro
66,01-13-2021_19-26-40,COMP/USD,25.0,214.735,214.13,0.07043565324702752,-0.11156434675297247,0.182,False,Bittrex,Coinbase Pro
67,01-13-2021_19-26-50,COMP/USD,25.0,214.728,214.13,0.06962296486718234,-0.11237703513281766,0.182,False,Bittrex,Coinbase Pro
68,01-13-2021_19-26-59,COMP/USD,25.0,214.72,214.1,0.07218703427719873,-0.10981296572280126,0.182,False,Bittrex,Coinbase Pro
69,01-13-2021_19-27-09,COMP/USD,25.0,214.713,214.26,0.05274482681533058,-0.12925517318466942,0.182,False,Bittrex,Coinbase Pro
70,01-13-2021_19-27-19,COMP/USD,25.0,214.709,214.14,0.06625246263547602,-0.11574753736452398,0.182,False,Bittrex,Coinbase Pro
71,01-13-2021_19-27-29,COMP/USD,25.0,214.704,214.21,0.05752105223936207,-0.12447894776063792,0.182,False,Bittrex,Coinbase Pro
72,01-13-2021_19-27-39,COMP/USD,25.0,214.696,214.11,0.06823601743860905,-0.11376398256139095,0.182,False,Bittrex,Coinbase Pro
73,01-13-2021_19-27-50,COMP/USD,25.0,214.686,213.82,0.10084495495747439,-0.0811550450425256,0.182,False,Bittrex,Coinbase Pro
74,01-13-2021_19-28-03,COMP/USD,25.0,214.677,213.72,0.11144649869338513,-0.07055350130661486,0.182,False,Bittrex,Coinbase Pro
75,01-13-2021_19-28-12,COMP/USD,25.0,214.671,213.8,0.10143428781716918,-0.08056571218283082,0.182,False,Bittrex,Coinbase Pro
76,01-13-2021_19-28-22,COMP/USD,25.0,214.662,213.85,0.09456727320159272,-0.08743272679840727,0.182,False,Bittrex,Coinbase Pro
77,01-13-2021_19-28-33,COMP/USD,25.0,214.653,213.85,0.09352303485159738,-0.08847696514840261,0.182,False,Bittrex,Coinbase Pro
78,01-13-2021_19-28-43,COMP/USD,25.0,214.645,213.83,0.09492417712967896,-0.08707582287032103,0.182,False,Bittrex,Coinbase Pro
79,01-13-2021_19-28-53,COMP/USD,25.0,214.638,213.66,0.11391272747603041,-0.06808727252396958,0.182,False,Bittrex,Coinbase Pro
80,01-13-2021_19-29-05,COMP/USD,25.0,214.629,213.51,0.1303411934081601,-0.051658806591839884,0.182,False,Bittrex,Coinbase Pro
81,01-13-2021_19-29-16,COMP/USD,25.0,214.622,213.66,0.11205747779817743,-0.06994252220182257,0.182,False,Bittrex,Coinbase Pro
82,01-13-2021_19-29-28,COMP/USD,25.0,214.61,213.65,0.11183076277899537,-0.07016923722100463,0.182,False,Bittrex,Coinbase Pro
83,01-13-2021_19-29-39,COMP/USD,25.0,214.602,213.59,0.11789265710478006,-0.06410734289521994,0.182,False,Bittrex,Coinbase Pro
84,01-13-2021_19-30-11,COMP/USD,25.0,214.582,213.49,0.12722409148949873,-0.054775908510501264,0.182,False,Bittrex,Coinbase Pro
85,01-13-2021_19-30-21,COMP/USD,25.0,214.575,213.44,0.1322381451706852,-0.049761854829314806,0.182,False,Bittrex,Coinbase Pro
86,01-13-2021_19-30-32,COMP/USD,25.0,214.567,213.28,0.14995316148336021,-0.03204683851663978,0.182,False,Bittrex,Coinbase Pro
87,01-13-2021_19-30-44,COMP/USD,25.0,214.561,213.32,0.14459757365038542,-0.037402426349614576,0.182,False,Bittrex,Coinbase Pro
88,01-13-2021_19-30-55,COMP/USD,25.0,214.552,213.38,0.13656363026212726,-0.04543636973787274,0.182,False,Bittrex,Coinbase Pro
89,01-13-2021_19-31-06,COMP/USD,25.0,214.541,213.0,0.17956940631394427,-0.002430593686055721,0.182,False,Bittrex,Coinbase Pro
90,01-13-2021_19-31-17,COMP/USD,25.0,214.529,213.17,0.15837019703629915,-0.023629802963700847,0.182,False,Bittrex,Coinbase Pro
91,01-13-2021_19-31-29,COMP/USD,25.0,214.513,213.12,0.16234447329532484,-0.019655526704675158,0.182,False,Bittrex,Coinbase Pro
92,01-13-2021_19-31-40,COMP/USD,25.0,214.501,213.12,0.16095496058293438,-0.02104503941706562,0.182,False,Bittrex,Coinbase Pro
93,01-13-2021_19-31-52,COMP/USD,25.0,214.487,213.14,0.15700252229738965,0.09488252229738964,0.06212,True,Bittrex,Binance US
94,01-13-2021_19-32-04,COMP/USD,25.0,214.469,213.16,0.15258615464239558,-0.029413845357604412,0.182,False,Bittrex,Coinbase Pro
95,01-13-2021_19-32-15,COMP/USD,25.0,214.455,213.17,0.14979832598913817,-0.032201674010861825,0.182,False,Bittrex,Coinbase Pro
96,01-13-2021_19-32-28,COMP/USD,25.0,214.44,213.17,0.14806006342100475,-0.033939936578995245,0.182,False,Bittrex,Coinbase Pro
97,01-13-2021_19-32-38,COMP/USD,25.0,214.426,213.0,0.16625782321173596,0.03925782321173596,0.127,True,Bittrex,Kraken
98,01-13-2021_19-32-50,COMP/USD,25.0,214.418,213.58,0.09770634928037686,-0.08429365071962314,0.182,False,Bittrex,Coinbase Pro
99,01-13-2021_19-33-00,COMP/USD,25.0,214.41,213.66,0.0874492794179376,-0.09455072058206239,0.182,False,Bittrex,Coinbase Pro
100,01-13-2021_19-33-12,COMP/USD,25.0,214.399,213.67,0.08500506065793374,-0.09699493934206625,0.182,False,Bittrex,Coinbase Pro
101,01-13-2021_19-33-23,COMP/USD,25.0,214.391,213.76,0.07358051410740192,-0.10841948589259807,0.182,False,Bittrex,Coinbase Pro
102,01-13-2021_19-33-33,COMP/USD,25.0,214.385,213.76,0.07288289759078294,-0.10911710240921706,0.182,False,Bittrex,Coinbase Pro
103,01-13-2021_19-33-44,COMP/USD,25.0,214.379,213.72,0.07684987801976778,-0.10515012198023221,0.182,False,Bittrex,Coinbase Pro
104,01-13-2021_19-33-54,COMP/USD,25.0,214.37,213.79,0.06764006157578165,-0.11435993842421835,0.182,False,Bittrex,Coinbase Pro
105,01-13-2021_19-34-05,COMP/USD,25.0,214.363,213.77,0.069158390207264,-0.112841609792736,0.182,False,Bittrex,Coinbase Pro
106,01-13-2021_19-34-15,COMP/USD,25.0,214.354,213.85,0.05878126836914859,-0.1232187316308514,0.182,False,Bittrex,Coinbase Pro
107,01-13-2021_19-34-24,COMP/USD,25.0,214.349,213.89,0.05353418956934756,-0.12846581043065244,0.182,False,Bittrex,Coinbase Pro
108,01-13-2021_19-34-35,COMP/USD,25.0,214.344,213.89,0.05295226365095451,-0.12904773634904548,0.182,False,Bittrex,Coinbase Pro
109,01-13-2021_19-34-46,COMP/USD,25.0,214.338,213.86,0.05575306291931205,-0.12624693708068796,0.182,False,Bittrex,Coinbase Pro
110,01-13-2021_19-34-57,COMP/USD,25.0,214.334,213.79,0.06345236873291348,-0.11854763126708652,0.182,False,Bittrex,Coinbase Pro
111,01-13-2021_19-35-08,COMP/USD,25.0,214.327,213.85,0.055639280165355263,-0.12636071983464472,0.182,False,Bittrex,Coinbase Pro
112,01-13-2021_19-35-19,COMP/USD,25.0,214.322,213.77,0.06438909677961112,-0.11761090322038888,0.182,False,Bittrex,Coinbase Pro
113,01-13-2021_19-35-30,COMP/USD,25.0,214.316,213.76,0.06485750013998157,-0.11714249986001843,0.182,False,Bittrex,Coinbase Pro
114,01-13-2021_19-35-40,COMP/USD,25.0,214.311,213.8,0.05960963273000402,-0.12239036726999597,0.182,False,Bittrex,Coinbase Pro
115,01-13-2021_19-35-49,COMP/USD,25.0,214.303,213.86,0.05167916454739127,-0.13032083545260872,0.182,False,Bittrex,Coinbase Pro
116,01-13-2021_19-36-00,COMP/USD,25.0,214.294,213.82,0.05529786181601187,-0.12670213818398812,0.182,False,Bittrex,Coinbase Pro
117,01-13-2021_19-36-10,COMP/USD,25.0,214.287,213.85,0.0509830274351701,-0.1310169725648299,0.182,False,Bittrex,Coinbase Pro
118,01-13-2021_19-36-21,COMP/USD,25.0,214.3,213.9,0.046663555762949796,-0.09333644423705019,0.13999999999999999,False,Binance US,Coinbase Pro
119,01-13-2021_19-36-31,COMP/USD,25.0,214.43,213.9,0.06179172690388485,-0.12320827309611515,0.185,False,Kraken,Coinbase Pro
120,01-13-2021_19-36-41,COMP/USD,25.0,214.43,213.88,0.06412349018327791,-0.12087650981672209,0.185,False,Kraken,Coinbase Pro
121,01-13-2021_19-36-51,COMP/USD,25.0,214.29,213.8,0.05716552335619729,-0.0828344766438027,0.13999999999999999,False,Binance US,Coinbase Pro
122,01-13-2021_19-37-01,COMP/USD,25.0,214.29,213.86,0.05016566335339708,-0.0898343366466029,0.13999999999999999,False,Binance US,Coinbase Pro
123,01-13-2021_19-37-11,COMP/USD,25.0,214.29,213.84,0.052498950020998254,-0.13250104997900175,0.185,False,Kraken,Coinbase Pro
124,01-13-2021_19-37-22,COMP/USD,25.0,214.34,214.04,0.03499113557898798,-0.15000886442101202,0.185,False,Kraken,Coinbase Pro
125,01-13-2021_19-37-35,COMP/USD,25.0,215.225,214.64,0.06795214310605273,-0.11404785689394727,0.182,False,Bittrex,Coinbase Pro
126,01-13-2021_19-37-46,COMP/USD,25.0,215.218,214.65,0.06597961137079422,-0.11602038862920577,0.182,False,Bittrex,Coinbase Pro
127,01-13-2021_19-37-57,COMP/USD,25.0,215.211,214.63,0.06749190329490792,-0.11450809670509207,0.182,False,Bittrex,Coinbase Pro
128,01-13-2021_19-38-08,COMP/USD,25.0,215.29,214.79,0.05806121975010451,-0.03693878024989549,0.095,False,Binance US,Kraken
129,01-13-2021_19-38-18,COMP/USD,25.0,215.57,215.227,0.03977826228139228,-0.05222173771860772,0.092,False,Binance US,Bittrex
130,01-13-2021_19-38-29,COMP/USD,25.0,215.51,215.24,0.031321052387358106,-0.1536789476126419,0.185,False,Kraken,Coinbase Pro
131,01-13-2021_19-38-39,COMP/USD,25.0,215.56,215.16,0.04639079606606115,-0.13860920393393886,0.185,False,Kraken,Coinbase Pro
132,01-13-2021_19-38-50,COMP/USD,25.0,215.44,215.218,0.025761232825845762,-0.10123876717415424,0.127,False,Kraken,Bittrex
133,01-13-2021_19-39-01,COMP/USD,25.0,215.51,215.213,0.034453157626095895,-0.0925468423739041,0.127,False,Kraken,Bittrex
134,01-13-2021_19-39-11,COMP/USD,25.0,215.54,215.12,0.04871485571123545,-0.13628514428876454,0.185,False,Kraken,Coinbase Pro
135,01-13-2021_19-39-21,COMP/USD,25.0,215.41,215.21,0.023211550067312178,-0.16178844993268782,0.185,False,Kraken,Coinbase Pro
136,01-13-2021_19-39-32,COMP/USD,25.0,215.53,215.225,0.035377905627987614,-0.056622094372012384,0.092,False,Binance US,Bittrex
137,01-13-2021_19-39-43,COMP/USD,25.0,215.57,215.21,0.041749779653939,-0.085250220346061,0.127,False,Kraken,Bittrex
138,01-13-2021_19-39-54,COMP/USD,25.0,215.53,215.209,0.03723379575929081,-0.05476620424070919,0.092,False,Binance US,Bittrex
139,01-13-2021_19-40-04,COMP/USD,25.0,215.53,215.226,0.03526191249478055,-0.05673808750521945,0.092,False,Binance US,Bittrex
140,01-13-2021_19-40-15,COMP/USD,25.0,216.026,215.44,0.06781591104774573,-0.11418408895225426,0.182,False,Bittrex,Coinbase Pro
141,01-13-2021_19-40-24,COMP/USD,25.0,216.018,215.44,0.06689257376700124,-0.11510742623299876,0.182,False,Bittrex,Coinbase Pro
142,01-13-2021_19-40-35,COMP/USD,25.0,216.01,215.68,0.038192676264985896,-0.1468073237350141,0.185,False,Kraken,Coinbase Pro
143,01-13-2021_19-40-46,COMP/USD,25.0,216.001,215.7,0.034837801676845956,-0.14716219832315403,0.182,False,Bittrex,Coinbase Pro
144,01-13-2021_19-40-56,COMP/USD,25.0,215.992,215.71,0.03264009778139726,-0.14935990221860274,0.182,False,Bittrex,Coinbase Pro
145,01-13-2021_19-41-06,COMP/USD,25.0,215.985,215.68,0.03530337754936764,-0.14669662245063236,0.182,False,Bittrex,Coinbase Pro
146,01-13-2021_19-41-17,COMP/USD,25.0,215.977,215.58,0.04595396732059332,-0.13604603267940668,0.182,False,Bittrex,Coinbase Pro
147,01-13-2021_19-41-28,COMP/USD,25.0,215.71,215.347,0.042070372259051456,-0.08492962774094855,0.127,False,Kraken,Bittrex
148,01-13-2021_19-41-38,COMP/USD,25.0,215.5,215.209,0.03375870069605531,-0.09324129930394469,0.127,False,Kraken,Bittrex
149,01-13-2021_19-41-49,COMP/USD,25.0,215.36,215.209,0.017528789004458863,-0.10947121099554113,0.127,False,Kraken,Bittrex
150,01-13-2021_19-41-59,COMP/USD,25.0,215.208,215.04,0.01951600312256124,-0.16248399687743875,0.182,False,Bittrex,Coinbase Pro
151,01-13-2021_19-42-09,COMP/USD,25.0,215.206,214.94,0.030900625447244867,-0.15109937455275513,0.182,False,Bittrex,Coinbase Pro
152,01-13-2021_19-42-18,COMP/USD,25.0,215.201,214.95,0.029158786436866556,-0.15284121356313343,0.182,False,Bittrex,Coinbase Pro
153,01-13-2021_19-42-29,COMP/USD,25.0,215.194,214.79,0.04693439408161895,-0.13506560591838104,0.182,False,Bittrex,Coinbase Pro
154,01-13-2021_19-42-40,COMP/USD,25.0,215.187,214.91,0.03218131206810997,-0.14981868793189002,0.182,False,Bittrex,Coinbase Pro
155,01-13-2021_19-42-50,COMP/USD,25.0,215.187,214.79,0.04612267469689384,-0.13587732530310614,0.182,False,Bittrex,Coinbase Pro
156,01-13-2021_19-43-02,COMP/USD,25.0,215.179,214.7,0.05565134144131321,-0.006468658558686793,0.06212,False,Bittrex,Binance US
157,01-13-2021_19-43-12,COMP/USD,25.0,215.171,214.5,0.07796124942487513,-0.04903875057512487,0.127,False,Bittrex,Kraken
158,01-13-2021_19-43-23,COMP/USD,25.0,215.164,214.32,0.0980647320183667,-0.0839352679816333,0.182,False,Bittrex,Coinbase Pro
159,01-13-2021_19-43-33,COMP/USD,25.0,215.159,214.3,0.0998099080215074,-0.0821900919784926,0.182,False,Bittrex,Coinbase Pro
160,01-13-2021_19-43-43,COMP/USD,25.0,215.153,214.15,0.11654497032344262,-0.06545502967655738,0.182,False,Bittrex,Coinbase Pro
161,01-13-2021_19-43-53,COMP/USD,25.0,215.147,214.11,0.12049900765522849,-0.06150099234477151,0.182,False,Bittrex,Coinbase Pro
162,01-13-2021_19-44-04,COMP/USD,25.0,215.139,214.13,0.11724977805047139,-0.0647502219495286,0.182,False,Bittrex,Coinbase Pro
163,01-13-2021_19-44-15,COMP/USD,25.0,215.131,214.12,0.1174865547038776,-0.0645134452961224,0.182,False,Bittrex,Coinbase Pro
164,01-13-2021_19-44-25,COMP/USD,25.0,215.127,214.02,0.1286449399656946,-0.0533550600343054,0.182,False,Bittrex,Coinbase Pro
165,01-13-2021_19-44-36,COMP/USD,25.0,215.118,214.0,0.12992869030020673,-0.05207130969979326,0.182,False,Bittrex,Coinbase Pro
166,01-13-2021_19-44-46,COMP/USD,25.0,215.113,214.04,0.1247019008614086,-0.057298099138591393,0.182,False,Bittrex,Coinbase Pro
167,01-13-2021_19-44-57,COMP/USD,25.0,215.104,213.62,0.17247470990776656,-0.009525290092233435,0.182,False,Bittrex,Coinbase Pro
168,01-13-2021_19-45-09,COMP/USD,25.0,215.093,213.59,0.17469187746695453,-0.007308122533045469,0.182,False,Bittrex,Coinbase Pro
169,01-13-2021_19-45-20,COMP/USD,25.0,215.08,213.73,0.15691835596057543,-0.02508164403942456,0.182,False,Bittrex,Coinbase Pro
170,01-13-2021_19-45-29,COMP/USD,25.0,215.068,213.66,0.16366916510127208,-0.018330834898727916,0.182,False,Bittrex,Coinbase Pro
171,01-13-2021_19-45-40,COMP/USD,25.0,215.058,213.39,0.19390118014675184,0.011901180146751844,0.182,True,Bittrex,Coinbase Pro
172,01-13-2021_19-45-51,COMP/USD,25.0,215.047,213.3,0.20309513734206774,0.02109513734206775,0.182,True,Bittrex,Coinbase Pro
173,01-13-2021_19-46-01,COMP/USD,25.0,215.035,213.37,0.19357313925639918,0.01157313925639919,0.182,True,Bittrex,Coinbase Pro
174,01-13-2021_19-46-23,COMP/USD,25.0,215.013,213.25,0.2049876054006043,0.022987605400604294,0.182,True,Bittrex,Coinbase Pro
175,01-13-2021_19-46-33,COMP/USD,25.0,215.002,213.01,0.23162575231858523,0.04962575231858524,0.182,True,Bittrex,Coinbase Pro
176,01-13-2021_19-46-43,COMP/USD,25.0,214.988,213.07,0.2230357043183813,0.0410357043183813,0.182,True,Bittrex,Coinbase Pro
177,01-13-2021_19-46-55,COMP/USD,25.0,214.973,213.09,0.218980988310161,0.036980988310161,0.182,True,Bittrex,Coinbase Pro
178,01-13-2021_19-47-06,COMP/USD,25.0,214.956,213.34,0.18794543999702096,0.060945439997020956,0.127,True,Bittrex,Kraken
179,01-13-2021_19-47-16,COMP/USD,25.0,214.944,214.06,0.10281747804079042,-0.07918252195920958,0.182,False,Bittrex,Coinbase Pro
180,01-13-2021_19-47-26,COMP/USD,25.0,214.936,214.12,0.09491197379685144,-0.08708802620314855,0.182,False,Bittrex,Coinbase Pro
181,01-13-2021_19-47-36,COMP/USD,25.0,214.929,214.1,0.09642719223557636,-0.08557280776442364,0.182,False,Bittrex,Coinbase Pro
182,01-13-2021_19-47-46,COMP/USD,25.0,214.921,214.13,0.09201055271471807,-0.08998944728528192,0.182,False,Bittrex,Coinbase Pro
183,01-13-2021_19-47-57,COMP/USD,25.0,214.915,213.95,0.11225368168810965,-0.06974631831189035,0.182,False,Bittrex,Coinbase Pro
184,01-13-2021_19-48-08,COMP/USD,25.0,214.909,213.78,0.1313346579249811,-0.05066534207501888,0.182,False,Bittrex,Coinbase Pro
185,01-13-2021_19-48-18,COMP/USD,25.0,214.901,213.79,0.1292455595832521,-0.0527544404167479,0.182,False,Bittrex,Coinbase Pro
186,01-13-2021_19-48-28,COMP/USD,25.0,214.894,213.8,0.12727205040624612,-0.05472794959375388,0.182,False,Bittrex,Coinbase Pro
187,01-13-2021_19-48-38,COMP/USD,25.0,214.885,213.81,0.12506689624682837,-0.05693310375317162,0.182,False,Bittrex,Coinbase Pro
188,01-13-2021_19-48-47,COMP/USD,25.0,214.878,213.4,0.17195804130715805,-0.01004195869284194,0.182,False,Bittrex,Coinbase Pro
189,01-13-2021_19-48-58,COMP/USD,25.0,214.87,213.32,0.18034160189882387,-0.0016583981011761284,0.182,False,Bittrex,Coinbase Pro
190,01-13-2021_19-49-08,COMP/USD,25.0,214.859,213.3,0.1813980331287027,-0.0006019668712972936,0.182,False,Bittrex,Coinbase Pro
191,01-13-2021_19-49-18,COMP/USD,25.0,214.849,213.17,0.19536977132776998,0.01336977132776998,0.182,True,Bittrex,Coinbase Pro
192,01-13-2021_19-49-31,COMP/USD,25.0,214.83,213.28,0.1803751803751817,-0.0016248196248183078,0.182,False,Bittrex,Coinbase Pro
193,01-13-2021_19-49-42,COMP/USD,25.0,214.807,213.2,0.18702835568673268,0.005028355686732683,0.182,False,Bittrex,Coinbase Pro
194,01-13-2021_19-49-53,COMP/USD,25.0,214.793,213.16,0.19006671539575426,0.008066715395754265,0.182,False,Bittrex,Coinbase Pro
195,01-13-2021_19-50-05,COMP/USD,25.0,214.783,213.15,0.1900755646396574,0.008075564639657418,0.182,False,Bittrex,Coinbase Pro
196,01-13-2021_19-50-16,COMP/USD,25.0,214.763,213.25,0.17612437896658237,-0.005875621033417627,0.182,False,Bittrex,Coinbase Pro
197,01-13-2021_19-50-29,COMP/USD,25.0,214.743,213.19,0.1807975114439117,-0.001202488556088288,0.182,False,Bittrex,Coinbase Pro
198,01-13-2021_19-50-40,COMP/USD,25.0,214.729,213.14,0.18500062869943357,0.003000628699433572,0.182,False,Bittrex,Coinbase Pro
199,01-13-2021_19-50-50,COMP/USD,25.0,214.714,213.03,0.19607477854261918,0.014074778542619182,0.182,True,Bittrex,Coinbase Pro
200,01-13-2021_19-51-01,COMP/USD,25.0,214.696,213.03,0.19399523046540187,0.01199523046540188,0.182,True,Bittrex,Coinbase Pro
201,01-13-2021_19-51-13,COMP/USD,25.0,214.683,213.14,0.1796835333957517,-0.0023164666042483073,0.182,False,Bittrex,Coinbase Pro
202,01-13-2021_19-51-23,COMP/USD,25.0,214.669,213.06,0.18738150361719774,0.005381503617197747,0.182,False,Bittrex,Coinbase Pro
203,01-13-2021_19-51-33,COMP/USD,25.0,214.654,213.1,0.1809889403412005,-0.0010110596587994958,0.182,False,Bittrex,Coinbase Pro
204,01-13-2021_19-51-43,COMP/USD,25.0,214.639,213.11,0.17808972274376933,-0.003910277256230665,0.182,False,Bittrex,Coinbase Pro
205,01-13-2021_19-51-53,COMP/USD,25.0,214.623,212.87,0.2041952633221959,0.0771952633221959,0.127,True,Bittrex,Kraken
206,01-13-2021_19-52-04,COMP/USD,25.0,214.605,212.87,0.20211551454998547,0.07511551454998547,0.127,True,Bittrex,Kraken
207,01-13-2021_19-52-15,COMP/USD,25.0,214.588,212.87,0.20015098700765996,0.07315098700765996,0.127,True,Bittrex,Kraken
208,01-13-2021_19-52-25,COMP/USD,25.0,214.57,212.87,0.19807055972409804,0.07107055972409804,0.127,True,Bittrex,Kraken
209,01-13-2021_19-52-36,COMP/USD,25.0,214.559,212.87,0.1967990156553667,0.0697990156553667,0.127,True,Bittrex,Kraken
210,01-13-2021_19-52-48,COMP/USD,25.0,214.545,212.87,0.19518049826376555,0.06818049826376554,0.127,True,Bittrex,Kraken
211,01-13-2021_19-52-58,COMP/USD,25.0,214.531,212.87,0.19356176962769966,0.06656176962769966,0.127,True,Bittrex,Kraken
212,01-13-2021_19-53-09,COMP/USD,25.0,214.515,213.17,0.15674894529520067,0.02974894529520067,0.127,True,Bittrex,Kraken
213,01-13-2021_19-53-19,COMP/USD,25.0,214.506,212.89,0.18833972010107103,0.06133972010107103,0.127,True,Bittrex,Kraken
214,01-13-2021_19-53-30,COMP/USD,25.0,214.492,212.89,0.18672025063871892,0.059720250638718914,0.127,True,Bittrex,Kraken
215,01-13-2021_19-53-41,COMP/USD,25.0,214.479,212.89,0.18521626825936652,0.058216268259366516,0.127,True,Bittrex,Kraken
216,01-13-2021_19-53-52,COMP/USD,25.0,214.465,212.89,0.18359639101951566,0.05659639101951566,0.127,True,Bittrex,Kraken
217,01-13-2021_19-54-03,COMP/USD,25.0,214.453,212.89,0.18220775647811135,0.05520775647811135,0.127,True,Bittrex,Kraken
218,01-13-2021_19-54-14,COMP/USD,25.0,214.439,212.89,0.18058748641804973,0.05358748641804972,0.127,True,Bittrex,Kraken
219,01-13-2021_19-54-25,COMP/USD,25.0,214.419,212.89,0.1782724478707606,0.0512724478707606,0.127,True,Bittrex,Kraken
220,01-13-2021_19-54-36,COMP/USD,25.0,214.407,213.26,0.1337409692780576,-0.0482590307219424,0.182,False,Bittrex,Coinbase Pro
221,01-13-2021_19-54-47,COMP/USD,25.0,214.389,213.3,0.12698879140254382,-0.055011208597456174,0.182,False,Bittrex,Coinbase Pro
222,01-13-2021_19-54-58,COMP/USD,25.0,214.382,213.35,0.12034592456456357,-0.061654075435436426,0.182,False,Bittrex,Coinbase Pro
223,01-13-2021_19-55-08,COMP/USD,25.0,214.372,213.29,0.12618252383707085,-0.05581747616292915,0.182,False,Bittrex,Coinbase Pro
224,01-13-2021_19-55-18,COMP/USD,25.0,214.365,213.26,0.1288689851421662,-0.05313101485783381,0.182,False,Bittrex,Coinbase Pro
225,01-13-2021_19-55-28,COMP/USD,25.0,214.359,213.25,0.1293390993613528,-0.0526609006386472,0.182,False,Bittrex,Coinbase Pro
226,01-13-2021_19-55-38,COMP/USD,25.0,214.353,213.23,0.1309755403469999,-0.05102445965300009,0.182,False,Bittrex,Coinbase Pro
227,01-13-2021_19-55-50,COMP/USD,25.0,214.344,213.17,0.13692942186392046,-0.04507057813607954,0.182,False,Bittrex,Coinbase Pro
228,01-13-2021_19-56-00,COMP/USD,25.0,214.337,213.17,0.13611742256353332,-0.045882577436466676,0.182,False,Bittrex,Coinbase Pro
229,01-13-2021_19-56-10,COMP/USD,25.0,214.332,213.17,0.13553739059029987,-0.04646260940970012,0.182,False,Bittrex,Coinbase Pro
230,01-13-2021_19-56-21,COMP/USD,25.0,214.324,212.96,0.15910490659002308,-0.02289509340997692,0.182,False,Bittrex,Coinbase Pro
231,01-13-2021_19-56-33,COMP/USD,25.0,214.317,212.84,0.17229151210589966,-0.009708487894100337,0.182,False,Bittrex,Coinbase Pro
232,01-13-2021_19-56-44,COMP/USD,25.0,214.306,212.62,0.1966813808292823,0.1345613808292823,0.06212,True,Bittrex,Binance US
233,01-13-2021_19-56-56,COMP/USD,25.0,214.291,212.43,0.21711131125432123,0.03511131125432124,0.182,True,Bittrex,Coinbase Pro
234,01-13-2021_19-57-08,COMP/USD,25.0,214.276,212.54,0.20254251526069394,0.02054251526069395,0.182,True,Bittrex,Coinbase Pro
235,01-13-2021_19-57-19,COMP/USD,25.0,214.265,212.48,0.20827013277950163,0.02627013277950163,0.182,True,Bittrex,Coinbase Pro
236,01-13-2021_19-57-31,COMP/USD,25.0,214.254,211.97,0.2665061095708822,0.08450610957088223,0.182,True,Bittrex,Coinbase Pro
237,01-13-2021_19-57-43,COMP/USD,25.0,214.239,212.16,0.2426028874294605,0.06060288742946052,0.182,True,Bittrex,Coinbase Pro
238,01-13-2021_19-57-55,COMP/USD,25.0,213.89,211.74,0.25129739585768124,0.06929739585768124,0.182,True,Bittrex,Coinbase Pro
239,01-13-2021_19-58-07,COMP/USD,25.0,213.876,211.78,0.24500177673044235,0.06300177673044235,0.182,True,Bittrex,Coinbase Pro
240,01-13-2021_19-58-18,COMP/USD,25.0,213.865,211.77,0.24489748205643735,0.06289748205643736,0.182,True,Bittrex,Coinbase Pro
241,01-13-2021_19-58-29,COMP/USD,25.0,213.853,211.75,0.24584644592313512,0.06384644592313513,0.182,True,Bittrex,Coinbase Pro
242,01-13-2021_19-58-39,COMP/USD,25.0,213.839,211.89,0.22785834202367347,0.045858342023673476,0.182,True,Bittrex,Coinbase Pro
243,01-13-2021_19-58-51,COMP/USD,25.0,213.816,212.03,0.208824409772889,0.026824409772888996,0.182,True,Bittrex,Coinbase Pro
244,01-13-2021_19-59-08,COMP/USD,25.0,213.795,212.04,0.20521995369395865,0.023219953693958656,0.182,True,Bittrex,Coinbase Pro
245,01-13-2021_19-59-19,COMP/USD,25.0,213.779,212.07,0.19985592597963356,0.017855925979633563,0.182,True,Bittrex,Coinbase Pro
246,01-13-2021_19-59-30,COMP/USD,25.0,213.763,211.88,0.22022052459967462,0.03822052459967462,0.182,True,Bittrex,Coinbase Pro
247,01-13-2021_19-59-42,COMP/USD,25.0,213.746,211.96,0.20889279799388075,0.02689279799388075,0.182,True,Bittrex,Coinbase Pro
248,01-13-2021_19-59-55,COMP/USD,25.0,213.731,211.97,0.20598322190042576,0.02398322190042576,0.182,True,Bittrex,Coinbase Pro
249,01-13-2021_20-00-08,COMP/USD,25.0,213.72,213.32,0.0467901927755949,-0.1352098072244051,0.182,False,Bittrex,Coinbase Pro
250,01-13-2021_20-00-19,COMP/USD,25.0,213.81,213.51,0.035077872877790024,-0.05992212712220998,0.095,False,Binance US,Kraken
251,01-13-2021_20-00-30,COMP/USD,25.0,213.712,212.73,0.11487422325372457,-0.06712577674627543,0.182,False,Bittrex,Coinbase Pro
252,01-13-2021_20-00-40,COMP/USD,25.0,213.706,213.17,0.06270296575669394,-0.11929703424330605,0.182,False,Bittrex,Coinbase Pro
253,01-13-2021_20-00-51,COMP/USD,25.0,213.699,213.35,0.040828454976394125,-0.14117154502360588,0.182,False,Bittrex,Coinbase Pro
254,01-13-2021_20-01-01,COMP/USD,25.0,213.693,213.5,0.022579120514009822,-0.10442087948599019,0.127,False,Bittrex,Kraken
255,01-13-2021_20-01-12,COMP/USD,25.0,213.692,213.51,0.02129232727477121,-0.1057076727252288,0.127,False,Bittrex,Kraken
256,01-13-2021_20-01-21,COMP/USD,25.0,213.689,213.37,0.03732059207539794,-0.14467940792460204,0.182,False,Bittrex,Coinbase Pro
257,01-13-2021_20-01-33,COMP/USD,25.0,213.687,213.51,0.020707857754568706,-0.10629214224543129,0.127,False,Bittrex,Kraken
258,01-13-2021_20-01-43,COMP/USD,25.0,213.684,213.42,0.030886729937666137,-0.15111327006233385,0.182,False,Bittrex,Coinbase Pro
259,01-13-2021_20-01-54,COMP/USD,25.0,213.681,213.44,0.028196236445918666,-0.15380376355408132,0.182,False,Bittrex,Coinbase Pro
260,01-13-2021_20-02-05,COMP/USD,25.0,213.676,213.25,0.04984181658211354,-0.13215818341788646,0.182,False,Bittrex,Coinbase Pro
261,01-13-2021_20-02-14,COMP/USD,25.0,213.673,213.24,0.05066152485339663,-0.13133847514660335,0.182,False,Bittrex,Coinbase Pro
262,01-13-2021_20-02-25,COMP/USD,25.0,213.669,213.2,0.054874595753247137,-0.12712540424675287,0.182,False,Bittrex,Coinbase Pro
263,01-13-2021_20-02-37,COMP/USD,25.0,213.661,213.47,0.022348486621330346,-0.10465151337866965,0.127,False,Bittrex,Kraken
264,01-13-2021_20-02-48,COMP/USD,25.0,213.657,213.51,0.017200466167738453,-0.10979953383226154,0.127,False,Bittrex,Kraken
265,01-13-2021_20-02-58,COMP/USD,25.0,213.657,213.51,0.017200466167738453,-0.10979953383226154,0.127,False,Bittrex,Kraken
266,01-13-2021_20-03-10,COMP/USD,25.0,213.655,213.48,0.020476937118252717,-0.16152306288174728,0.182,False,Bittrex,Coinbase Pro
267,01-13-2021_20-03-21,COMP/USD,25.0,213.651,213.51,0.01649886965191124,-0.11050113034808876,0.127,False,Bittrex,Kraken
268,01-13-2021_20-03-31,COMP/USD,25.0,213.79,213.51,0.03274241077693077,-0.06225758922306923,0.095,False,Binance US,Kraken
269,01-13-2021_20-03-41,COMP/USD,25.0,213.79,213.51,0.03274241077693077,-0.06225758922306923,0.095,False,Binance US,Kraken
270,01-13-2021_20-03-52,COMP/USD,25.0,214.432,213.51,0.10749328458439004,-0.019506715415609957,0.127,False,Bittrex,Kraken
271,01-13-2021_20-04-02,COMP/USD,25.0,214.424,213.51,0.10656456366824792,-0.020435436331752085,0.127,False,Bittrex,Kraken
272,01-13-2021_20-04-12,COMP/USD,25.0,214.416,213.51,0.10563577344974324,-0.021364226550256757,0.127,False,Bittrex,Kraken
273,01-13-2021_20-04-23,COMP/USD,25.0,214.409,213.51,0.10482302515286217,-0.022176974847137834,0.127,False,Bittrex,Kraken
274,01-13-2021_20-04-34,COMP/USD,25.0,214.4,213.51,0.1037779850746286,-0.023222014925371404,0.127,False,Bittrex,Kraken
275,01-13-2021_20-04-45,COMP/USD,25.0,214.394,213.51,0.10308124294523337,-0.023918757054766634,0.127,False,Bittrex,Kraken
276,01-13-2021_20-04-55,COMP/USD,25.0,214.387,213.98,0.047460900147864686,-0.1345390998521353,0.182,False,Bittrex,Coinbase Pro
277,01-13-2021_20-05-06,COMP/USD,25.0,214.379,214.03,0.04069894905750908,-0.1413010509424909,0.182,False,Bittrex,Coinbase Pro
278,01-13-2021_20-05-17,COMP/USD,25.0,214.373,214.01,0.042332756457203045,-0.08466724354279695,0.127,False,Bittrex,Kraken
279,01-13-2021_20-05-26,COMP/USD,25.0,214.365,214.05,0.03673640752921392,-0.14526359247078607,0.182,False,Bittrex,Coinbase Pro
280,01-13-2021_20-05-36,COMP/USD,25.0,214.36,214.05,0.036154133233812544,-0.14584586676618744,0.182,False,Bittrex,Coinbase Pro
281,01-13-2021_20-05-48,COMP/USD,25.0,214.439,214.43,0.0010492494369011853,-0.1809507505630988,0.182,False,Bittrex,Coinbase Pro
282,01-13-2021_20-05-58,COMP/USD,25.0,214.67,214.4,0.031443611124048754,-0.15355638887595124,0.185,False,Kraken,Coinbase Pro
283,01-13-2021_20-06-09,COMP/USD,25.0,214.45,214.01,0.05129400792725551,-0.13370599207274447,0.185,False,Kraken,Coinbase Pro
284,01-13-2021_20-06-19,COMP/USD,25.0,214.49,214.11,0.04429110914261684,-0.10570889085738316,0.15,False,Binance US,Coinbase Pro
285,01-13-2021_20-06-30,COMP/USD,25.0,214.62,214.26,0.04193458205200047,-0.14306541794799954,0.185,False,Kraken,Coinbase Pro
286,01-13-2021_20-06-40,COMP/USD,25.0,214.56,214.29,0.03145973154362535,-0.15354026845637464,0.185,False,Kraken,Coinbase Pro
287,01-13-2021_20-06-50,COMP/USD,25.0,214.51,214.36,0.017481702484729997,-0.16751829751527,0.185,False,Kraken,Coinbase Pro
288,01-13-2021_20-07-01,COMP/USD,25.0,214.49,214.24,0.029138887593827215,-0.15586111240617279,0.185,False,Kraken,Coinbase Pro
289,01-13-2021_20-07-11,COMP/USD,25.0,214.46,214.427,0.003846871211416518,-0.07815312878858349,0.082,False,Binance US,Bittrex
290,01-13-2021_20-07-21,COMP/USD,25.0,216.093,214.5,0.18429565048381824,0.0022956504838182457,0.182,False,Bittrex,Coinbase Pro
291,01-13-2021_20-07-32,COMP/USD,25.0,214.63,214.43,0.023295904579973516,-0.12670409542002647,0.15,False,Binance US,Coinbase Pro
292,01-13-2021_20-07-43,COMP/USD,25.0,214.63,214.44,0.022131109350975835,-0.12786889064902415,0.15,False,Binance US,Coinbase Pro
293,01-13-2021_20-07-55,COMP/USD,25.0,214.63,214.42,0.02446069980897451,-0.1255393001910255,0.15,False,Binance US,Coinbase Pro
294,01-13-2021_20-08-05,COMP/USD,25.0,214.63,214.43,0.023295904579973516,-0.12670409542002647,0.15,False,Binance US,Coinbase Pro
295,01-13-2021_20-08-15,COMP/USD,25.0,216.086,214.53,0.18002091759762448,-0.001979082402375515,0.182,False,Bittrex,Coinbase Pro
296,01-13-2021_20-08-25,COMP/USD,25.0,216.077,214.6,0.1708881556111946,-0.011111844388805386,0.182,False,Bittrex,Coinbase Pro
297,01-13-2021_20-08-36,COMP/USD,25.0,216.059,214.63,0.16534835392184566,-0.016651646078154336,0.182,False,Bittrex,Coinbase Pro
298,01-13-2021_20-08-47,COMP/USD,25.0,216.045,214.58,0.1695248675044522,-0.012475132495547797,0.182,False,Bittrex,Coinbase Pro
299,01-13-2021_20-08-59,COMP/USD,25.0,216.03,214.52,0.1747442484840058,-0.0072557515159941965,0.182,False,Bittrex,Coinbase Pro
300,01-13-2021_20-09-09,COMP/USD,25.0,216.015,214.7,0.15218850542786355,-0.029811494572136443,0.182,False,Bittrex,Coinbase Pro
301,01-13-2021_20-09-20,COMP/USD,25.0,216.004,214.71,0.14976574507879284,0.08764574507879283,0.06212,True,Bittrex,Binance US
302,01-13-2021_20-09-30,COMP/USD,25.0,215.989,214.93,0.12257568672478662,-0.05942431327521337,0.182,False,Bittrex,Coinbase Pro
303,01-13-2021_20-09-40,COMP/USD,25.0,215.98,214.88,0.12732660431521373,-0.05467339568478627,0.182,False,Bittrex,Coinbase Pro
304,01-13-2021_20-09-50,COMP/USD,25.0,215.972,214.92,0.12177504491323192,-0.060224955086768076,0.182,False,Bittrex,Coinbase Pro
305,01-13-2021_20-10-01,COMP/USD,25.0,215.962,214.72,0.14377529380168622,-0.03822470619831378,0.182,False,Bittrex,Coinbase Pro
306,01-13-2021_20-10-10,COMP/USD,25.0,215.953,214.72,0.14273939236778418,-0.03926060763221581,0.182,False,Bittrex,Coinbase Pro
307,01-13-2021_20-10-21,COMP/USD,25.0,215.944,214.72,0.14170340458637304,-0.04029659541362696,0.182,False,Bittrex,Coinbase Pro
308,01-13-2021_20-10-30,COMP/USD,25.0,215.936,214.6,0.15467545939537786,-0.02732454060462214,0.182,False,Bittrex,Coinbase Pro
309,01-13-2021_20-10-42,COMP/USD,25.0,214.69,214.4,0.03376962131445247,-0.15123037868554753,0.185,False,Kraken,Coinbase Pro
310,01-13-2021_20-10-53,COMP/USD,25.0,214.61,214.44,0.019803364242115453,-0.06219663575788455,0.082,False,Binance US,Bittrex
311,01-13-2021_20-11-03,COMP/USD,25.0,214.68,214.37,0.03610024222098033,-0.14889975777901968,0.185,False,Kraken,Coinbase Pro
312,01-13-2021_20-11-14,COMP/USD,25.0,214.54,214.4,0.016313974084085296,-0.1686860259159147,0.185,False,Kraken,Coinbase Pro
313,01-13-2021_20-11-24,COMP/USD,25.0,214.434,214.04,0.04593487972989422,-0.13606512027010578,0.182,False,Bittrex,Coinbase Pro
314,01-13-2021_20-11-37,COMP/USD,25.0,214.429,214.14,0.03369413652071498,-0.148305863479285,0.182,False,Bittrex,Coinbase Pro
315,01-13-2021_20-11-49,COMP/USD,25.0,214.426,214.18,0.028681223359105345,-0.15331877664089466,0.182,False,Bittrex,Coinbase Pro
316,01-13-2021_20-12-02,COMP/USD,25.0,214.42,213.88,0.06296054472530456,-0.11903945527469544,0.182,False,Bittrex,Coinbase Pro
317,01-13-2021_20-12-13,COMP/USD,25.0,214.414,213.79,0.07275644314270469,-0.10924355685729531,0.182,False,Bittrex,Coinbase Pro
318,01-13-2021_20-12-25,COMP/USD,25.0,214.404,213.72,0.07975597470196423,-0.10224402529803577,0.182,False,Bittrex,Coinbase Pro
319,01-13-2021_20-12-36,COMP/USD,25.0,214.396,213.83,0.06599936565980406,-0.11600063434019593,0.182,False,Bittrex,Coinbase Pro
320,01-13-2021_20-12-47,COMP/USD,25.0,214.387,213.76,0.07311544076833128,-0.10888455923166872,0.182,False,Bittrex,Coinbase Pro
321,01-13-2021_20-12-58,COMP/USD,25.0,214.381,213.83,0.06425476138277036,-0.11774523861722963,0.182,False,Bittrex,Coinbase Pro
322,01-13-2021_20-13-10,COMP/USD,25.0,214.373,213.95,0.049329906284840186,-0.1326700937151598,0.182,False,Bittrex,Coinbase Pro
323,01-13-2021_20-13-20,COMP/USD,25.0,214.42,214.01,0.047803376550694505,-0.1021966234493055,0.15,False,Binance US,Coinbase Pro
324,01-13-2021_20-13-31,COMP/USD,25.0,214.5,214.36,0.016317016317014727,-0.16868298368298526,0.185,False,Kraken,Coinbase Pro
325,01-13-2021_20-13-42,COMP/USD,25.0,214.41,214.24,0.019821836668064398,-0.1651781633319356,0.185,False,Kraken,Coinbase Pro
326,01-13-2021_20-13-52,COMP/USD,25.0,214.49,214.24,0.029138887593827215,-0.15586111240617279,0.185,False,Kraken,Coinbase Pro
327,01-13-2021_20-14-04,COMP/USD,25.0,214.437,214.25,0.021801274966541665,-0.16019872503345833,0.182,False,Bittrex,Coinbase Pro
328,01-13-2021_20-14-16,COMP/USD,25.0,214.433,214.26,0.0201694701841603,-0.1618305298158397,0.182,False,Bittrex,Coinbase Pro
329,01-13-2021_20-14-26,COMP/USD,25.0,214.431,214.26,0.019936483064484693,-0.1620635169355153,0.182,False,Bittrex,Coinbase Pro
330,01-13-2021_20-14-37,COMP/USD,25.0,214.428,214.25,0.02075288674986444,-0.16124711325013555,0.182,False,Bittrex,Coinbase Pro
331,01-13-2021_20-14-46,COMP/USD,25.0,214.426,214.32,0.012358575918964415,-0.16964142408103558,0.182,False,Bittrex,Coinbase Pro
332,01-13-2021_20-14-57,COMP/USD,25.0,214.54,214.31,0.026801528852427262,-0.15819847114757274,0.185,False,Kraken,Coinbase Pro
333,01-13-2021_20-15-07,COMP/USD,25.0,214.54,214.34,0.02330567726297994,-0.16169432273702006,0.185,False,Kraken,Coinbase Pro
334,01-13-2021_20-15-17,COMP/USD,25.0,214.63,214.38,0.02911988072496855,-0.15588011927503145,0.185,False,Kraken,Coinbase Pro
335,01-13-2021_20-15-28,COMP/USD,25.0,215.829,214.59,0.1435163949237596,-0.03848360507624041,0.182,False,Bittrex,Coinbase Pro
336,01-13-2021_20-15-38,COMP/USD,25.0,214.59,214.29,0.03495037047392834,-0.15004962952607165,0.185,False,Kraken,Coinbase Pro
337,01-13-2021_20-15-48,COMP/USD,25.0,214.55,214.26,0.0337916569564228,-0.1512083430435772,0.185,False,Kraken,Coinbase Pro
338,01-13-2021_20-15-59,COMP/USD,25.0,214.435,214.15,0.03322685195980094,-0.14877314804019906,0.182,False,Bittrex,Coinbase Pro
339,01-13-2021_20-16-10,COMP/USD,25.0,214.433,214.23,0.023667066169852934,-0.15833293383014707,0.182,False,Bittrex,Coinbase Pro
340,01-13-2021_20-16-21,COMP/USD,25.0,214.429,213.92,0.059343652211223126,-0.12265634778877688,0.182,False,Bittrex,Coinbase Pro
341,01-13-2021_20-16-32,COMP/USD,25.0,214.423,213.84,0.06797311855537867,-0.11402688144462132,0.182,False,Bittrex,Coinbase Pro
342,01-13-2021_20-16-42,COMP/USD,25.0,214.415,213.81,0.0705407737331798,-0.1114592262668202,0.182,False,Bittrex,Coinbase Pro
343,01-13-2021_20-16-53,COMP/USD,25.0,214.408,213.78,0.07322487966866743,-0.10877512033133256,0.182,False,Bittrex,Coinbase Pro
344,01-13-2021_20-17-03,COMP/USD,25.0,214.401,213.84,0.06541480683392416,-0.11658519316607584,0.182,False,Bittrex,Coinbase Pro
345,01-13-2021_20-17-13,COMP/USD,25.0,214.393,213.76,0.07381304426917037,-0.10818695573082962,0.182,False,Bittrex,Coinbase Pro
346,01-13-2021_20-17-22,COMP/USD,25.0,214.386,213.77,0.07183304879982665,-0.11016695120017335,0.182,False,Bittrex,Coinbase Pro
347,01-13-2021_20-17-31,COMP/USD,25.0,214.381,213.76,0.07241779821905968,-0.10958220178094032,0.182,False,Bittrex,Coinbase Pro
348,01-13-2021_20-17-41,COMP/USD,25.0,214.373,213.67,0.08198327214714574,-0.10001672785285426,0.182,False,Bittrex,Coinbase Pro
349,01-13-2021_20-17-51,COMP/USD,25.0,214.368,213.62,0.08723316912971975,-0.09476683087028025,0.182,False,Bittrex,Coinbase Pro
350,01-13-2021_20-18-03,COMP/USD,25.0,214.359,213.58,0.09085226185977686,-0.09114773814022313,0.182,False,Bittrex,Coinbase Pro
351,01-13-2021_20-18-13,COMP/USD,25.0,214.352,213.66,0.0807083675449736,-0.1012916324550264,0.182,False,Bittrex,Coinbase Pro
352,01-13-2021_20-18-24,COMP/USD,25.0,214.344,213.78,0.06578210726682261,-0.11621789273317738,0.182,False,Bittrex,Coinbase Pro
353,01-13-2021_20-18-33,COMP/USD,25.0,214.337,213.73,0.07079972193321725,-0.11120027806678275,0.182,False,Bittrex,Coinbase Pro
354,01-13-2021_20-18-44,COMP/USD,25.0,214.331,213.7,0.07360111229826767,-0.10839888770173232,0.182,False,Bittrex,Coinbase Pro
355,01-13-2021_20-18-54,COMP/USD,25.0,214.324,213.65,0.07861928668744594,-0.10338071331255405,0.182,False,Bittrex,Coinbase Pro
356,01-13-2021_20-19-04,COMP/USD,25.0,214.317,213.62,0.08130479616642668,-0.10069520383357332,0.182,False,Bittrex,Coinbase Pro
357,01-13-2021_20-19-15,COMP/USD,25.0,214.31,213.67,0.07465820540338934,-0.10734179459661065,0.182,False,Bittrex,Coinbase Pro
358,01-13-2021_20-19-25,COMP/USD,25.0,214.302,213.42,0.10289218019430582,-0.07910781980569417,0.182,False,Bittrex,Coinbase Pro
359,01-13-2021_20-19-36,COMP/USD,25.0,214.294,213.57,0.08446340074850647,-0.09753659925149352,0.182,False,Bittrex,Coinbase Pro
360,01-13-2021_20-19-48,COMP/USD,25.0,214.286,213.57,0.08353322195570502,-0.09846677804429498,0.182,False,Bittrex,Coinbase Pro
361,01-13-2021_20-20-00,COMP/USD,25.0,214.28,213.45,0.09683591562441811,-0.08516408437558189,0.182,False,Bittrex,Coinbase Pro
362,01-13-2021_20-20-11,COMP/USD,25.0,214.271,213.39,0.10279039160689037,-0.07920960839310963,0.182,False,Bittrex,Coinbase Pro
363,01-13-2021_20-20-22,COMP/USD,25.0,214.263,213.14,0.13103055590559484,-0.05096944409440515,0.182,False,Bittrex,Coinbase Pro
364,01-13-2021_20-20-33,COMP/USD,25.0,214.255,213.09,0.13593615084828733,-0.04606384915171266,0.182,False,Bittrex,Coinbase Pro
365,01-13-2021_20-20-44,COMP/USD,25.0,214.244,213.25,0.11598924590653643,-0.06601075409346356,0.182,False,Bittrex,Coinbase Pro
366,01-13-2021_20-20-54,COMP/USD,25.0,214.236,213.3,0.10922534027894222,-0.07277465972105777,0.182,False,Bittrex,Coinbase Pro
367,01-13-2021_20-21-05,COMP/USD,25.0,214.227,213.24,0.11518155974737017,-0.06681844025262983,0.182,False,Bittrex,Coinbase Pro
368,01-13-2021_20-21-15,COMP/USD,25.0,214.224,213.28,0.1101650608708628,-0.0718349391291372,0.182,False,Bittrex,Coinbase Pro
369,01-13-2021_20-21-26,COMP/USD,25.0,214.215,213.11,0.12895922321032488,-0.053040776789675115,0.182,False,Bittrex,Coinbase Pro
370,01-13-2021_20-21-36,COMP/USD,25.0,214.206,213.12,0.1267471499397758,-0.05525285006022421,0.182,False,Bittrex,Coinbase Pro
371,01-13-2021_20-21-48,COMP/USD,25.0,214.195,213.22,0.1137981745605633,-0.013201825439436696,0.127,False,Bittrex,Kraken
372,01-13-2021_20-21-57,COMP/USD,25.0,214.189,213.29,0.1049306920523464,-0.0770693079476536,0.182,False,Bittrex,Coinbase Pro
373,01-13-2021_20-22-06,COMP/USD,25.0,214.178,213.26,0.10715386267497203,-0.07484613732502797,0.182,False,Bittrex,Coinbase Pro
374,01-13-2021_20-22-16,COMP/USD,25.0,214.168,213.26,0.10599155802921251,-0.07600844197078749,0.182,False,Bittrex,Coinbase Pro
375,01-13-2021_20-22-26,COMP/USD,25.0,214.157,213.34,0.09537395462207718,-0.08662604537792282,0.182,False,Bittrex,Coinbase Pro
376,01-13-2021_20-22-36,COMP/USD,25.0,214.152,213.32,0.09712727408569541,-0.08487272591430459,0.182,False,Bittrex,Coinbase Pro
377,01-13-2021_20-22-46,COMP/USD,25.0,214.143,213.31,0.09724810056831164,-0.08475189943168836,0.182,False,Bittrex,Coinbase Pro
378,01-13-2021_20-22-56,COMP/USD,25.0,214.136,213.36,0.0905966301789496,-0.09140336982105039,0.182,False,Bittrex,Coinbase Pro
379,01-13-2021_20-23-07,COMP/USD,25.0,214.126,213.29,0.09760608240008369,-0.08439391759991631,0.182,False,Bittrex,Coinbase Pro
380,01-13-2021_20-23-17,COMP/USD,25.0,214.121,213.36,0.08885163062006946,-0.09314836937993054,0.182,False,Bittrex,Coinbase Pro
381,01-13-2021_20-23-26,COMP/USD,25.0,214.111,213.22,0.10403482305906647,-0.07796517694093352,0.182,False,Bittrex,Coinbase Pro
382,01-13-2021_20-23-38,COMP/USD,25.0,214.102,213.34,0.08897628233271998,-0.09302371766728001,0.182,False,Bittrex,Coinbase Pro
383,01-13-2021_20-23-47,COMP/USD,25.0,214.095,213.42,0.0788201499334421,-0.1031798500665579,0.182,False,Bittrex,Coinbase Pro
384,01-13-2021_20-23-58,COMP/USD,25.0,214.088,213.32,0.0896827472814918,-0.0923172527185082,0.182,False,Bittrex,Coinbase Pro
385,01-13-2021_20-24-09,COMP/USD,25.0,214.082,213.32,0.0889845946880168,-0.0930154053119832,0.182,False,Bittrex,Coinbase Pro
386,01-13-2021_20-24-19,COMP/USD,25.0,214.075,213.16,0.10685507415625271,-0.07514492584374728,0.182,False,Bittrex,Coinbase Pro
387,01-13-2021_20-24-29,COMP/USD,25.0,214.07,212.57,0.17517634418648106,-0.006823655813518931,0.182,False,Bittrex,Coinbase Pro
388,01-13-2021_20-24-39,COMP/USD,25.0,214.064,212.62,0.16864115404738633,-0.013358845952613663,0.182,False,Bittrex,Coinbase Pro
389,01-13-2021_20-24-50,COMP/USD,25.0,214.054,212.6,0.16981696207499133,-0.01218303792500866,0.182,False,Bittrex,Coinbase Pro
390,01-13-2021_20-25-01,COMP/USD,25.0,214.046,212.51,0.1794006895714007,-0.0025993104285992885,0.182,False,Bittrex,Coinbase Pro
391,01-13-2021_20-25-12,COMP/USD,25.0,214.035,212.39,0.19214147218912916,0.01014147218912917,0.182,True,Bittrex,Coinbase Pro
392,01-13-2021_20-25-23,COMP/USD,25.0,214.017,212.48,0.17954181209903958,-0.002458187900960418,0.182,False,Bittrex,Coinbase Pro
393,01-13-2021_20-25-33,COMP/USD,25.0,214.006,212.5,0.1759296468323318,-0.0060703531676681854,0.182,False,Bittrex,Coinbase Pro
394,01-13-2021_20-25-44,COMP/USD,25.0,213.993,212.51,0.1732533307164258,-0.008746669283574204,0.182,False,Bittrex,Coinbase Pro
395,01-13-2021_20-25-56,COMP/USD,25.0,213.981,212.21,0.2069108939578732,0.024910893957873215,0.182,True,Bittrex,Coinbase Pro
396,01-13-2021_20-26-08,COMP/USD,25.0,213.971,212.33,0.19173158979487773,0.009731589794877732,0.182,True,Bittrex,Coinbase Pro
397,01-13-2021_20-26-21,COMP/USD,25.0,213.961,212.38,0.18472992741668073,0.0027299274166807386,0.182,False,Bittrex,Coinbase Pro
398,01-13-2021_20-26-32,COMP/USD,25.0,213.945,212.31,0.1910537755030488,0.009053775503048811,0.182,True,Bittrex,Coinbase Pro
399,01-13-2021_20-26-44,COMP/USD,25.0,213.931,212.17,0.20579065212615563,0.023790652126155637,0.182,True,Bittrex,Coinbase Pro
400,01-13-2021_20-26-56,COMP/USD,25.0,213.915,212.14,0.20744220835378605,0.02544220835378605,0.182,True,Bittrex,Coinbase Pro
401,01-13-2021_20-27-11,COMP/USD,25.0,213.898,212.08,0.2124844552076204,0.030484455207620414,0.182,True,Bittrex,Coinbase Pro
402,01-13-2021_20-27-24,COMP/USD,25.0,213.882,212.4,0.17322635845933732,0.04622635845933731,0.127,True,Bittrex,Kraken
403,01-13-2021_20-27-35,COMP/USD,25.0,213.871,212.36,0.1766251618966568,-0.005374838103343188,0.182,False,Bittrex,Coinbase Pro
404,01-13-2021_20-27-46,COMP/USD,25.0,213.857,212.39,0.1714931005297948,0.0444931005297948,0.127,True,Bittrex,Kraken
405,01-13-2021_20-27-57,COMP/USD,25.0,213.843,212.42,0.16636036718527167,-0.015639632814728327,0.182,False,Bittrex,Coinbase Pro
406,01-13-2021_20-28-08,COMP/USD,25.0,213.828,212.14,0.1973548833642012,0.01535488336420121,0.182,True,Bittrex,Coinbase Pro
407,01-13-2021_20-28-22,COMP/USD,25.0,213.814,211.85,0.22963884497741013,0.04763884497741014,0.182,True,Bittrex,Coinbase Pro
408,01-13-2021_20-28-35,COMP/USD,25.0,213.798,211.74,0.24064771419751269,0.05864771419751269,0.182,True,Bittrex,Coinbase Pro
409,01-13-2021_20-28-48,COMP/USD,25.0,213.782,211.98,0.21072868623177124,0.028728686231771244,0.182,True,Bittrex,Coinbase Pro
410,01-13-2021_20-29-01,COMP/USD,25.0,213.766,211.87,0.22173778804861236,0.03973778804861236,0.182,True,Bittrex,Coinbase Pro
411,01-13-2021_20-29-14,COMP/USD,25.0,213.424,211.42,0.2347439838068843,0.052743983806884304,0.182,True,Bittrex,Coinbase Pro
412,01-13-2021_20-29-27,COMP/USD,25.0,213.414,211.08,0.2734122409963703,0.0914122409963703,0.182,True,Bittrex,Coinbase Pro
413,01-13-2021_20-29-39,COMP/USD,25.0,212.888,210.51,0.27925481943557345,0.09725481943557346,0.182,True,Bittrex,Coinbase Pro
414,01-13-2021_20-29-52,COMP/USD,25.0,212.872,210.64,0.262129354729606,0.08012935472960603,0.182,True,Bittrex,Coinbase Pro
415,01-13-2021_20-30-07,COMP/USD,25.0,212.86,211.95,0.10687776003006964,-0.02012223996993036,0.127,False,Bittrex,Kraken
416,01-13-2021_20-30-17,COMP/USD,25.0,212.853,211.93,0.10840815022574286,-0.07359184977425713,0.182,False,Bittrex,Coinbase Pro
417,01-13-2021_20-30-31,COMP/USD,25.0,212.844,212.03,0.09560993027757336,-0.03139006972242664,0.127,False,Bittrex,Kraken
418,01-13-2021_20-30-41,COMP/USD,25.0,212.836,212.2,0.07470540698002501,0.012585406980025006,0.06212,True,Bittrex,Binance US
419,01-13-2021_20-30-54,COMP/USD,25.0,212.828,212.08,0.0878643787471562,-0.09413562125284379,0.182,False,Bittrex,Coinbase Pro
420,01-13-2021_20-31-06,COMP/USD,25.0,212.817,212.15,0.07835370294666329,-0.10364629705333671,0.182,False,Bittrex,Coinbase Pro
421,01-13-2021_20-31-19,COMP/USD,25.0,212.81,212.23,0.06813589586955647,-0.11386410413044352,0.182,False,Bittrex,Coinbase Pro
422,01-13-2021_20-31-30,COMP/USD,25.0,212.804,212.19,0.07213210278002344,-0.10986789721997656,0.182,False,Bittrex,Coinbase Pro
423,01-13-2021_20-31-42,COMP/USD,25.0,212.794,212.19,0.07096064738667601,-0.05603935261332399,0.127,False,Bittrex,Kraken
424,01-13-2021_20-31-55,COMP/USD,25.0,212.787,212.52,0.03136939756658018,-0.1506306024334198,0.182,False,Bittrex,Coinbase Pro
425,01-13-2021_20-32-07,COMP/USD,25.0,212.783,212.3,0.05674795448884259,-0.1252520455111574,0.182,False,Bittrex,Coinbase Pro
426,01-13-2021_20-32-21,COMP/USD,25.0,212.773,212.16,0.07202511596866139,-0.10997488403133861,0.182,False,Bittrex,Coinbase Pro
427,01-13-2021_20-32-32,COMP/USD,25.0,212.766,211.68,0.12760497447900326,-0.05439502552099673,0.182,False,Bittrex,Coinbase Pro
428,01-13-2021_20-32-46,COMP/USD,25.0,212.758,211.63,0.13254495718140025,0.005544957181400245,0.127,False,Bittrex,Kraken
429,01-13-2021_20-32-57,COMP/USD,25.0,212.752,211.21,0.18119688651575563,-0.000803113484244361,0.182,False,Bittrex,Coinbase Pro
430,01-13-2021_20-33-10,COMP/USD,25.0,212.743,210.74,0.23537789727511435,0.053377897275114355,0.182,True,Bittrex,Coinbase Pro
431,01-13-2021_20-33-23,COMP/USD,25.0,212.737,211.65,0.12773988539840145,-0.05426011460159855,0.182,False,Bittrex,Coinbase Pro
432,01-13-2021_20-33-36,COMP/USD,25.0,212.731,211.63,0.12938875857303345,-0.05261124142696655,0.182,False,Bittrex,Coinbase Pro
433,01-13-2021_20-33-49,COMP/USD,25.0,212.724,211.58,0.1344465128523318,-0.04755348714766819,0.182,False,Bittrex,Coinbase Pro
434,01-13-2021_20-34-01,COMP/USD,25.0,212.715,211.51,0.14162141832969144,-0.040378581670308555,0.182,False,Bittrex,Coinbase Pro
435,01-13-2021_20-34-14,COMP/USD,25.0,212.706,211.51,0.140569612516807,-0.041430387483193,0.182,False,Bittrex,Coinbase Pro
436,01-13-2021_20-34-26,COMP/USD,25.0,212.699,211.88,0.09626279390124269,-0.0857372060987573,0.182,False,Bittrex,Coinbase Pro
437,01-13-2021_20-34-37,COMP/USD,25.0,212.691,211.9,0.09297525518240038,-0.08902474481759962,0.182,False,Bittrex,Coinbase Pro
438,01-13-2021_20-34-49,COMP/USD,25.0,212.686,211.91,0.09121427832579607,0.029094278325796065,0.06212,True,Bittrex,Binance US
439,01-13-2021_20-35-01,COMP/USD,25.0,212.676,211.91,0.09004307021008379,0.027923070210083785,0.06212,True,Bittrex,Binance US
440,01-13-2021_20-35-15,COMP/USD,25.0,212.667,211.92,0.08781334198535905,-0.09418665801464095,0.182,False,Bittrex,Coinbase Pro
441,01-13-2021_20-35-27,COMP/USD,25.0,212.658,211.83,0.09733939000648631,-0.08466060999351369,0.182,False,Bittrex,Coinbase Pro
442,01-13-2021_20-35-39,COMP/USD,25.0,212.652,211.72,0.109568684987678,-0.072431315012322,0.182,False,Bittrex,Coinbase Pro
443,01-13-2021_20-35-51,COMP/USD,25.0,212.644,211.86,0.09217283346814296,-0.08982716653185703,0.182,False,Bittrex,Coinbase Pro
444,01-13-2021_20-36-03,COMP/USD,25.0,212.639,212.0,0.07512732847690334,-0.10687267152309665,0.182,False,Bittrex,Coinbase Pro
445,01-13-2021_20-36-15,COMP/USD,25.0,212.629,212.01,0.07277934806635028,-0.10922065193364972,0.182,False,Bittrex,Coinbase Pro
446,01-13-2021_20-36-27,COMP/USD,25.0,212.62,211.97,0.07642742921644315,-0.10557257078355685,0.182,False,Bittrex,Coinbase Pro
447,01-13-2021_20-36-39,COMP/USD,25.0,212.615,211.86,0.08877548620746366,-0.09322451379253634,0.182,False,Bittrex,Coinbase Pro
448,01-13-2021_20-36-50,COMP/USD,25.0,212.61,211.55,0.12464136211843307,-0.05735863788156692,0.182,False,Bittrex,Coinbase Pro
449,01-13-2021_20-37-02,COMP/USD,25.0,212.602,211.55,0.12370532732523594,-0.058294672674764056,0.182,False,Bittrex,Coinbase Pro
450,01-13-2021_20-37-15,COMP/USD,25.0,212.596,211.07,0.17944834333665854,-0.0025516566633414506,0.182,False,Bittrex,Coinbase Pro
451,01-13-2021_20-37-26,COMP/USD,25.0,212.588,211.22,0.1608745554782014,-0.021125444521798598,0.182,False,Bittrex,Coinbase Pro
452,01-13-2021_20-37-37,COMP/USD,25.0,212.579,210.66,0.22568080572399096,0.04368080572399097,0.182,True,Bittrex,Coinbase Pro
453,01-13-2021_20-37-49,COMP/USD,25.0,212.568,211.09,0.17382672838809327,-0.00817327161190673,0.182,False,Bittrex,Coinbase Pro
454,01-13-2021_20-38-01,COMP/USD,25.0,212.548,210.99,0.1832527240905575,0.0012527240905575165,0.182,False,Bittrex,Coinbase Pro
455,01-13-2021_20-38-12,COMP/USD,25.0,212.532,211.09,0.1696215158187952,-0.012378484181204796,0.182,False,Bittrex,Coinbase Pro
456,01-13-2021_20-38-23,COMP/USD,25.0,212.523,211.4,0.1321033488140096,-0.049896651185990404,0.182,False,Bittrex,Coinbase Pro
457,01-13-2021_20-38-35,COMP/USD,25.0,212.513,211.33,0.1391679567838194,-0.04283204321618059,0.182,False,Bittrex,Coinbase Pro
458,01-13-2021_20-38-47,COMP/USD,25.0,212.504,211.04,0.1722320521025485,-0.009767947897451501,0.182,False,Bittrex,Coinbase Pro
459,01-13-2021_20-38-59,COMP/USD,25.0,212.494,211.28,0.1428275621899911,-0.0391724378100089,0.182,False,Bittrex,Coinbase Pro
460,01-13-2021_20-39-11,COMP/USD,25.0,212.486,211.31,0.13836205679432853,-0.043637943205671464,0.182,False,Bittrex,Coinbase Pro
461,01-13-2021_20-39-22,COMP/USD,25.0,212.479,211.21,0.14930887287684963,-0.032691127123150365,0.182,False,Bittrex,Coinbase Pro
462,01-13-2021_20-39-34,COMP/USD,25.0,212.468,211.48,0.11625280042171052,-0.06574719957828948,0.182,False,Bittrex,Coinbase Pro
463,01-13-2021_20-39-45,COMP/USD,25.0,212.462,211.68,0.09201645470719261,-0.034983545292807394,0.127,False,Bittrex,Kraken
464,01-13-2021_20-39-57,COMP/USD,25.0,212.454,211.62,0.09813889124233989,-0.0838611087576601,0.182,False,Bittrex,Coinbase Pro
465,01-13-2021_20-40-07,COMP/USD,25.0,212.446,211.53,0.107792097756606,-0.07420790224339399,0.182,False,Bittrex,Coinbase Pro
466,01-13-2021_20-40-18,COMP/USD,25.0,212.438,211.6,0.09861700825652589,-0.0833829917434741,0.182,False,Bittrex,Coinbase Pro
467,01-13-2021_20-40-30,COMP/USD,25.0,212.52,212.23,0.034114436288351736,-0.15088556371164827,0.185,False,Kraken,Coinbase Pro
468,01-13-2021_20-40-43,COMP/USD,25.0,212.425,211.78,0.07590914440390846,-0.10609085559609154,0.182,False,Bittrex,Coinbase Pro
469,01-13-2021_20-40-53,COMP/USD,25.0,212.419,211.87,0.06461286419764788,-0.11738713580235212,0.182,False,Bittrex,Coinbase Pro
470,01-13-2021_20-41-05,COMP/USD,25.0,212.419,212.02,0.04695907616550319,-0.1350409238344968,0.182,False,Bittrex,Coinbase Pro
471,01-13-2021_20-41-15,COMP/USD,25.0,212.419,211.98,0.051666752974077336,-0.07533324702592267,0.127,False,Bittrex,Kraken
472,01-13-2021_20-41-27,COMP/USD,25.0,212.419,212.0,0.04931291456979026,-0.07768708543020975,0.127,False,Bittrex,Kraken
473,01-13-2021_20-41-38,COMP/USD,25.0,212.419,212.0,0.04931291456979026,-0.07768708543020975,0.127,False,Bittrex,Kraken
474,01-13-2021_20-41-48,COMP/USD,25.0,212.419,212.0,0.04931291456979026,-0.07768708543020975,0.127,False,Bittrex,Kraken
475,01-13-2021_20-41-59,COMP/USD,25.0,213.576,212.37,0.14116754691538247,-0.040832453084617526,0.182,False,Bittrex,Coinbase Pro
476,01-13-2021_20-42-10,COMP/USD,25.0,213.56,212.52,0.1217456452519189,-0.06025435474808109,0.182,False,Bittrex,Coinbase Pro
477,01-13-2021_20-42-22,COMP/USD,25.0,213.549,212.35,0.1403659113365097,-0.041634088663490304,0.182,False,Bittrex,Coinbase Pro
478,01-13-2021_20-42-33,COMP/USD,25.0,213.539,212.3,0.14505546996098792,-0.036944530039012075,0.182,False,Bittrex,Coinbase Pro
479,01-13-2021_20-42-44,COMP/USD,25.0,213.533,212.01,0.1783096757878169,-0.0036903242121830993,0.182,False,Bittrex,Coinbase Pro
480,01-13-2021_20-42-54,COMP/USD,25.0,213.527,212.01,0.17761219892566232,-0.004387801074337672,0.182,False,Bittrex,Coinbase Pro
481,01-13-2021_20-43-05,COMP/USD,25.0,213.518,212.01,0.17656591013404138,-0.005434089865958613,0.182,False,Bittrex,Coinbase Pro
482,01-13-2021_20-43-16,COMP/USD,25.0,213.505,212.01,0.17505444837357492,-0.006945551626425073,0.182,False,Bittrex,Coinbase Pro
483,01-13-2021_20-43-26,COMP/USD,25.0,213.495,212.01,0.1738916602262364,-0.008108339773763601,0.182,False,Bittrex,Coinbase Pro
484,01-13-2021_20-43-43,COMP/USD,25.0,213.477,212.08,0.16360076261142786,-0.01839923738857213,0.182,False,Bittrex,Coinbase Pro
485,01-13-2021_20-43-53,COMP/USD,25.0,213.47,212.08,0.16278634000093528,-0.019213659999064714,0.182,False,Bittrex,Coinbase Pro
486,01-13-2021_20-44-06,COMP/USD,25.0,213.452,212.23,0.1431235125461472,-0.038876487453852804,0.182,False,Bittrex,Coinbase Pro
487,01-13-2021_20-44-17,COMP/USD,25.0,213.444,212.26,0.13867806075598255,0.011678060755982544,0.127,True,Bittrex,Kraken
488,01-13-2021_20-44-27,COMP/USD,25.0,213.433,212.26,0.1373967474570476,0.010396747457047606,0.127,True,Bittrex,Kraken
489,01-13-2021_20-44-39,COMP/USD,25.0,213.423,212.72,0.08234820052196845,-0.09965179947803154,0.182,False,Bittrex,Coinbase Pro
490,01-13-2021_20-44-50,COMP/USD,25.0,213.416,212.72,0.08153090677362498,-0.10046909322637501,0.182,False,Bittrex,Coinbase Pro
491,01-13-2021_20-45-00,COMP/USD,25.0,213.409,212.39,0.1193717228420551,-0.06262827715794489,0.182,False,Bittrex,Coinbase Pro
492,01-13-2021_20-45-11,COMP/USD,25.0,213.4,212.19,0.14175257731958857,-0.04024742268041143,0.182,False,Bittrex,Coinbase Pro
493,01-13-2021_20-45-21,COMP/USD,25.0,213.392,211.98,0.16542325860388465,-0.01657674139611534,0.182,False,Bittrex,Coinbase Pro
494,01-13-2021_20-45-33,COMP/USD,25.0,213.385,211.84,0.1810108489350221,-0.0009891510649779056,0.182,False,Bittrex,Coinbase Pro
495,01-13-2021_20-45-43,COMP/USD,25.0,213.377,211.88,0.17539378658431018,-0.006606213415689816,0.182,False,Bittrex,Coinbase Pro
496,01-13-2021_20-45-52,COMP/USD,25.0,213.367,211.89,0.17305862668547664,-0.008941373314523354,0.182,False,Bittrex,Coinbase Pro
497,01-13-2021_20-46-02,COMP/USD,25.0,213.353,211.72,0.19134954746359434,0.009349547463594343,0.182,True,Bittrex,Coinbase Pro
498,01-13-2021_20-46-14,COMP/USD,25.0,213.342,211.53,0.21233512388559353,0.030335123885593535,0.182,True,Bittrex,Coinbase Pro
499,01-13-2021_20-46-26,COMP/USD,25.0,213.329,211.88,0.16980813672777872,-0.01219186327222127,0.182,False,Bittrex,Coinbase Pro
500,01-13-2021_20-46-38,COMP/USD,25.0,213.315,211.66,0.1939619811077516,0.011961981107751596,0.182,True,Bittrex,Coinbase Pro
501,01-13-2021_20-46-49,COMP/USD,25.0,213.298,211.81,0.17440388564355966,-0.007596114356440337,0.182,False,Bittrex,Coinbase Pro
502,01-13-2021_20-47-00,COMP/USD,25.0,213.286,211.99,0.15190870474386414,-0.030091295256135853,0.182,False,Bittrex,Coinbase Pro
503,01-13-2021_20-47-10,COMP/USD,25.0,213.278,212.01,0.14863230150320247,-0.03336769849679752,0.182,False,Bittrex,Coinbase Pro
504,01-13-2021_20-47-20,COMP/USD,25.0,213.262,211.77,0.1749022329341362,-0.0070977670658637915,0.182,False,Bittrex,Coinbase Pro
505,01-13-2021_20-47-30,COMP/USD,25.0,213.251,211.71,0.18065565929350821,-0.0013443407064917812,0.182,False,Bittrex,Coinbase Pro
506,01-13-2021_20-47-41,COMP/USD,25.0,213.239,212.0,0.14525954445481412,-0.036740455545185874,0.182,False,Bittrex,Coinbase Pro
507,01-13-2021_20-47-51,COMP/USD,25.0,213.228,211.96,0.1486671544074888,-0.03333284559251121,0.182,False,Bittrex,Coinbase Pro
508,01-13-2021_20-48-04,COMP/USD,25.0,213.22,211.92,0.1524247256354952,-0.0295752743645048,0.182,False,Bittrex,Coinbase Pro
509,01-13-2021_20-48-15,COMP/USD,25.0,213.209,212.0,0.14176230834533288,0.07964230834533287,0.06212,True,Bittrex,Binance US
510,01-13-2021_20-48-26,COMP/USD,25.0,213.195,212.56,0.0744623466779229,-0.1075376533220771,0.182,False,Bittrex,Coinbase Pro
511,01-13-2021_20-48-38,COMP/USD,25.0,213.186,212.59,0.06989201917574367,-0.11210798082425633,0.182,False,Bittrex,Coinbase Pro
512,01-13-2021_20-48-50,COMP/USD,25.0,213.176,212.59,0.06872255788643941,-0.11327744211356058,0.182,False,Bittrex,Coinbase Pro
513,01-13-2021_20-49-00,COMP/USD,25.0,213.169,212.57,0.07024942651136164,-0.11175057348863836,0.182,False,Bittrex,Coinbase Pro
514,01-13-2021_20-49-10,COMP/USD,25.0,213.163,212.67,0.05781960283914462,-0.004300397160855382,0.06212,False,Bittrex,Binance US
515,01-13-2021_20-49-20,COMP/USD,25.0,213.159,212.72,0.051487387349348726,-0.13051261265065128,0.182,False,Bittrex,Coinbase Pro
516,01-13-2021_20-49-30,COMP/USD,25.0,213.156,212.92,0.027679258383533467,-0.15432074161646653,0.182,False,Bittrex,Coinbase Pro
517,01-13-2021_20-49-41,COMP/USD,25.0,213.25,212.94,0.03634232121922653,-0.14865767878077346,0.185,False,Kraken,Coinbase Pro
518,01-13-2021_20-49-51,COMP/USD,25.0,213.21,212.99,0.02579616340696952,-0.15920383659303047,0.185,False,Kraken,Coinbase Pro
519,01-13-2021_20-50-02,COMP/USD,25.0,213.19,213.02,0.019935269008863863,-0.04518473099113614,0.06512,False,Kraken,Binance US
520,01-13-2021_20-50-12,COMP/USD,25.0,214.182,213.32,0.10061536450308556,-0.08138463549691444,0.182,False,Bittrex,Coinbase Pro
521,01-13-2021_20-50-24,COMP/USD,25.0,214.172,213.35,0.09595091795379447,-0.08604908204620552,0.182,False,Bittrex,Coinbase Pro
522,01-13-2021_20-50-35,COMP/USD,25.0,214.161,213.37,0.09233707351011584,-0.03466292648988416,0.127,False,Bittrex,Kraken
523,01-13-2021_20-50-46,COMP/USD,25.0,214.22,214.0,0.025674540192325512,-0.15932545980767449,0.185,False,Kraken,Coinbase Pro
524,01-13-2021_20-50-55,COMP/USD,25.0,214.2,214.12,0.009337068160595714,-0.05578293183940428,0.06512,False,Kraken,Binance US
525,01-13-2021_20-51-06,COMP/USD,25.0,214.168,214.1,0.007937693773114103,-0.1740623062268859,0.182,False,Bittrex,Coinbase Pro
526,01-13-2021_20-51-16,COMP/USD,25.0,215.588,214.23,0.15747629738204402,0.03047629738204402,0.127,True,Bittrex,Kraken
527,01-13-2021_20-51-26,COMP/USD,25.0,215.578,214.38,0.1389288331833498,-0.043071166816650186,0.182,False,Bittrex,Coinbase Pro
528,01-13-2021_20-51-35,COMP/USD,25.0,215.572,214.34,0.14287569814261583,-0.039124301857384164,0.182,False,Bittrex,Coinbase Pro
529,01-13-2021_20-51-46,COMP/USD,25.0,214.28,214.09,0.022167257793540895,-0.1628327422064591,0.185,False,Kraken,Coinbase Pro
530,01-13-2021_20-51-56,COMP/USD,25.0,214.19,214.05,0.016340632149024974,-0.16865936785097502,0.185,False,Kraken,Coinbase Pro
531,01-13-2021_20-52-06,COMP/USD,25.0,214.23,214.01,0.02567334173551777,-0.15932665826448222,0.185,False,Kraken,Coinbase Pro
532,01-13-2021_20-52-16,COMP/USD,25.0,214.167,214.01,0.01832681972479545,-0.16367318027520456,0.182,False,Bittrex,Coinbase Pro
533,01-13-2021_20-52-26,COMP/USD,25.0,214.32,214.168,0.01773049645389917,-0.06426950354610084,0.082,False,Binance US,Bittrex
534,01-13-2021_20-52-36,COMP/USD,25.0,215.548,214.32,0.14242767272255002,0.08030767272255002,0.06212,True,Bittrex,Binance US
535,01-13-2021_20-52-47,COMP/USD,25.0,215.54,214.35,0.13802542451517094,-0.043974575484829054,0.182,False,Bittrex,Coinbase Pro
536,01-13-2021_20-52-57,COMP/USD,25.0,215.529,214.45,0.12515717142472796,0.06303717142472795,0.06212,True,Bittrex,Binance US
537,01-13-2021_20-53-08,COMP/USD,25.0,215.521,214.06,0.16947304439010402,-0.012526955609895973,0.182,False,Bittrex,Coinbase Pro
538,01-13-2021_20-53-18,COMP/USD,25.0,214.2,214.168,0.003734827264236959,-0.17826517273576303,0.182,False,Coinbase Pro,Bittrex
539,01-13-2021_20-53-28,COMP/USD,25.0,214.39,214.16,0.02682028079667776,-0.06817971920332225,0.095,False,Binance US,Kraken
540,01-13-2021_20-53-38,COMP/USD,25.0,215.551,214.16,0.1613307291545842,-0.020669270845415783,0.182,False,Bittrex,Coinbase Pro
541,01-13-2021_20-53-48,COMP/USD,25.0,214.27,214.1,0.019834787884446713,-0.1651652121155533,0.185,False,Kraken,Coinbase Pro
542,01-13-2021_20-53-59,COMP/USD,25.0,214.36,214.12,0.027990296697146047,-0.15700970330285396,0.185,False,Kraken,Coinbase Pro
543,01-13-2021_20-54-10,COMP/USD,25.0,214.2,213.92,0.03267973856209164,-0.15232026143790836,0.185,False,Kraken,Coinbase Pro
544,01-13-2021_20-54-21,COMP/USD,25.0,214.162,213.75,0.04809443318609349,-0.1339055668139065,0.182,False,Bittrex,Coinbase Pro
545,01-13-2021_20-54-33,COMP/USD,25.0,214.159,213.85,0.036071330179912764,-0.09092866982008724,0.127,False,Bittrex,Kraken
546,01-13-2021_20-54-43,COMP/USD,25.0,214.22,213.81,0.047848006722061034,-0.13715199327793898,0.185,False,Kraken,Coinbase Pro
547,01-13-2021_20-54-54,COMP/USD,25.0,214.17,213.96,0.024513237148057566,-0.12548676285194243,0.15,False,Binance US,Coinbase Pro
548,01-13-2021_20-55-05,COMP/USD,25.0,214.24,213.94,0.03500746825989677,-0.14999253174010324,0.185,False,Kraken,Coinbase Pro
549,01-13-2021_20-55-15,COMP/USD,25.0,214.21,214.149,0.007119182111013381,-0.17488081788898663,0.182,False,Coinbase Pro,Bittrex
550,01-13-2021_20-55-26,COMP/USD,25.0,214.3,214.1,0.023331777881476556,-0.11666822211852343,0.13999999999999999,False,Binance US,Coinbase Pro
551,01-13-2021_20-55-37,COMP/USD,25.0,214.3,214.168,0.015398973401773798,-0.0666010265982262,0.082,False,Binance US,Bittrex
552,01-13-2021_20-55-48,COMP/USD,25.0,214.165,214.06,0.012256904722992758,-0.16974309527700723,0.182,False,Bittrex,Coinbase Pro
553,01-13-2021_20-56-00,COMP/USD,25.0,214.161,213.97,0.02229630978562886,-0.15970369021437114,0.182,False,Bittrex,Coinbase Pro
554,01-13-2021_20-56-10,COMP/USD,25.0,214.158,213.79,0.04295893685970113,-0.13904106314029885,0.182,False,Bittrex,Coinbase Pro
555,01-13-2021_20-56-20,COMP/USD,25.0,214.153,213.82,0.03887407601107601,-0.143125923988924,0.182,False,Bittrex,Coinbase Pro
556,01-13-2021_20-56-31,COMP/USD,25.0,214.148,213.75,0.04646319367913734,-0.13553680632086265,0.182,False,Bittrex,Coinbase Pro
557,01-13-2021_20-56-42,COMP/USD,25.0,214.144,213.77,0.04366220860729173,-0.13833779139270827,0.182,False,Bittrex,Coinbase Pro
558,01-13-2021_20-56-53,COMP/USD,25.0,214.139,213.78,0.04191202910259328,-0.1400879708974067,0.182,False,Bittrex,Coinbase Pro
559,01-13-2021_20-57-05,COMP/USD,25.0,215.542,214.28,0.14637518441881403,-0.035624815581185965,0.182,False,Bittrex,Coinbase Pro
560,01-13-2021_20-57-16,COMP/USD,25.0,215.53,214.32,0.14035169117988308,-0.041648308820116914,0.182,False,Bittrex,Coinbase Pro
561,01-13-2021_20-57-27,COMP/USD,25.0,215.522,214.29,0.14290884457271175,-0.03909115542728825,0.182,False,Bittrex,Coinbase Pro
562,01-13-2021_20-57-37,COMP/USD,25.0,215.514,214.42,0.12690590866486892,-0.055094091335131073,0.182,False,Bittrex,Coinbase Pro
563,01-13-2021_20-57-48,COMP/USD,25.0,215.508,214.45,0.12273326280231141,0.060613262802311406,0.06212,True,Bittrex,Binance US
564,01-13-2021_20-58-00,COMP/USD,25.0,215.497,214.45,0.12146340784326759,-0.060536592156732405,0.182,False,Bittrex,Coinbase Pro
565,01-13-2021_20-58-10,COMP/USD,25.0,215.488,214.45,0.12042433917434044,0.058304339174340435,0.06212,True,Bittrex,Binance US
566,01-13-2021_20-58-22,COMP/USD,25.0,215.479,214.36,0.1298270365093582,-0.052172963490641794,0.182,False,Bittrex,Coinbase Pro
567,01-13-2021_20-58-33,COMP/USD,25.0,215.471,214.45,0.11846141708165078,0.05634141708165078,0.06212,True,Bittrex,Binance US
568,01-13-2021_20-58-45,COMP/USD,25.0,215.461,214.41,0.12194782350402349,-0.06005217649597651,0.182,False,Bittrex,Coinbase Pro
569,01-13-2021_20-58-57,COMP/USD,25.0,215.453,214.43,0.11870338310443532,-0.06329661689556468,0.182,False,Bittrex,Coinbase Pro
570,01-13-2021_20-59-08,COMP/USD,25.0,215.442,214.36,0.12555583405278375,-0.05644416594721624,0.182,False,Bittrex,Coinbase Pro
571,01-13-2021_20-59-20,COMP/USD,25.0,215.435,214.43,0.11662450391069179,-0.0653754960893082,0.182,False,Bittrex,Coinbase Pro
572,01-13-2021_20-59-30,COMP/USD,25.0,215.424,214.64,0.09098336304218892,-0.09101663695781108,0.182,False,Bittrex,Coinbase Pro
573,01-13-2021_20-59-40,COMP/USD,25.0,215.415,214.74,0.07833716315019648,-0.10366283684980351,0.182,False,Bittrex,Coinbase Pro
574,01-13-2021_20-59-51,COMP/USD,25.0,215.406,214.84,0.06568990650214043,-0.11631009349785956,0.182,False,Bittrex,Coinbase Pro
575,01-13-2021_21-00-03,COMP/USD,25.0,215.399,214.84,0.06487959554129749,-0.1171204044587025,0.182,False,Bittrex,Coinbase Pro
576,01-13-2021_21-00-14,COMP/USD,25.0,215.522,215.28,0.028071380183924407,-0.15392861981607558,0.182,False,Bittrex,Coinbase Pro
577,01-13-2021_21-00-25,COMP/USD,25.0,215.516,214.8,0.08305647840531327,-0.09894352159468672,0.182,False,Bittrex,Coinbase Pro
578,01-13-2021_21-00-35,COMP/USD,25.0,215.508,214.77,0.08561167102845364,-0.09638832897154635,0.182,False,Bittrex,Coinbase Pro
579,01-13-2021_21-00-46,COMP/USD,25.0,215.5,214.8,0.08120649651972026,-0.10079350348027974,0.182,False,Bittrex,Coinbase Pro
580,01-13-2021_21-00-56,COMP/USD,25.0,215.489,214.78,0.08225477866619678,-0.09974522133380322,0.182,False,Bittrex,Coinbase Pro
581,01-13-2021_21-01-07,COMP/USD,25.0,215.478,214.54,0.10882781536862424,-0.07317218463137576,0.182,False,Bittrex,Coinbase Pro
582,01-13-2021_21-01-17,COMP/USD,25.0,215.472,214.44,0.1197371352194265,-0.062262864780573496,0.182,False,Bittrex,Coinbase Pro
583,01-13-2021_21-01-27,COMP/USD,25.0,215.463,214.49,0.11289641376941573,0.050776413769415725,0.06212,True,Bittrex,Binance US
584,01-13-2021_21-01-37,COMP/USD,25.0,214.46,213.93,0.06178308309241829,-0.12321691690758171,0.185,False,Kraken,Coinbase Pro
585,01-13-2021_21-01-47,COMP/USD,25.0,214.165,213.82,0.04027268694698,-0.14172731305302,0.182,False,Bittrex,Coinbase Pro
586,01-13-2021_21-01-57,COMP/USD,25.0,214.16,213.87,0.03385319387373833,-0.14814680612626166,0.182,False,Bittrex,Coinbase Pro
587,01-13-2021_21-02-08,COMP/USD,25.0,214.158,213.95,0.02428113822504861,-0.1577188617749514,0.182,False,Bittrex,Coinbase Pro
588,01-13-2021_21-02-18,COMP/USD,25.0,214.153,213.94,0.02486539997104802,-0.15713460002895197,0.182,False,Bittrex,Coinbase Pro
589,01-13-2021_21-02-29,COMP/USD,25.0,214.149,213.96,0.022064076881049288,-0.15993592311895072,0.182,False,Bittrex,Coinbase Pro
590,01-13-2021_21-02-39,COMP/USD,25.0,214.146,213.95,0.022881585460386603,-0.1591184145396134,0.182,False,Bittrex,Coinbase Pro
591,01-13-2021_21-02-51,COMP/USD,25.0,214.19,214.13,0.007003128063868793,-0.1429968719361312,0.15,False,Binance US,Coinbase Pro
592,01-13-2021_21-03-01,COMP/USD,25.0,215.487,214.64,0.0982657886554651,-0.08373421134453489,0.182,False,Bittrex,Coinbase Pro
593,01-13-2021_21-03-13,COMP/USD,25.0,215.479,214.64,0.09734127223534858,-0.02965872776465142,0.127,False,Bittrex,Kraken
594,01-13-2021_21-03-22,COMP/USD,25.0,215.471,214.72,0.08713469562029284,0.02501469562029284,0.06212,True,Bittrex,Binance US
595,01-13-2021_21-03-34,COMP/USD,25.0,215.464,215.16,0.03527271377121027,-0.026847286228789728,0.06212,False,Bittrex,Binance US
596,01-13-2021_21-03-45,COMP/USD,25.0,215.461,215.18,0.03260450847253168,-0.1493954915274683,0.182,False,Bittrex,Coinbase Pro
597,01-13-2021_21-03-55,COMP/USD,25.0,215.48,215.22,0.030165212548727366,-0.10983478745127262,0.13999999999999999,False,Binance US,Coinbase Pro
598,01-13-2021_21-04-05,COMP/USD,25.0,215.48,215.3,0.020883608687578707,-0.11911639131242127,0.13999999999999999,False,Binance US,Coinbase Pro
599,01-13-2021_21-04-16,COMP/USD,25.0,216.899,215.51,0.16009755692741898,-0.021902443072581018,0.182,False,Bittrex,Coinbase Pro
600,01-13-2021_21-04-26,COMP/USD,25.0,216.886,215.68,0.1390131221010103,-0.042986877898989695,0.182,False,Bittrex,Coinbase Pro
601,01-13-2021_21-04-38,COMP/USD,25.0,216.874,215.7,0.13533203611313557,0.008332036113135571,0.127,False,Bittrex,Kraken
602,01-13-2021_21-04-50,COMP/USD,25.0,216.865,215.66,0.13891130426763337,-0.04308869573236662,0.182,False,Bittrex,Coinbase Pro
603,01-13-2021_21-05-01,COMP/USD,25.0,216.857,215.63,0.14145266235353296,-0.040547337646467035,0.182,False,Bittrex,Coinbase Pro
604,01-13-2021_21-05-11,COMP/USD,25.0,216.847,215.46,0.1599053710680803,-0.022094628931919685,0.182,False,Bittrex,Coinbase Pro
605,01-13-2021_21-05-21,COMP/USD,25.0,215.68,215.51,0.019705118694363862,-0.13029488130563613,0.15,False,Binance US,Coinbase Pro
606,01-13-2021_21-05-32,COMP/USD,25.0,216.834,215.63,0.1388158683601289,-0.04318413163987109,0.182,False,Bittrex,Coinbase Pro
607,01-13-2021_21-05-43,COMP/USD,25.0,216.825,215.67,0.13317191283292992,-0.04882808716707007,0.182,False,Bittrex,Coinbase Pro
608,01-13-2021_21-05-51,COMP/USD,25.0,216.819,215.65,0.13478984775319308,-0.04721015224680691,0.182,False,Bittrex,Coinbase Pro
609,01-13-2021_21-06-01,COMP/USD,25.0,216.811,215.54,0.14655621716610492,0.08443621716610492,0.06212,True,Bittrex,Binance US
610,01-13-2021_21-06-12,COMP/USD,25.0,215.515,215.21,0.035380367955824235,-0.14661963204417577,0.182,False,Bittrex,Coinbase Pro
611,01-13-2021_21-06-23,COMP/USD,25.0,215.507,215.1,0.047214243620858104,-0.1347857563791419,0.182,False,Bittrex,Coinbase Pro
612,01-13-2021_21-06-34,COMP/USD,25.0,215.502,215.2,0.035034477638261,-0.146965522361739,0.182,False,Bittrex,Coinbase Pro
613,01-13-2021_21-06-44,COMP/USD,25.0,216.878,215.16,0.19803760639622156,0.016037606396221565,0.182,True,Bittrex,Coinbase Pro
614,01-13-2021_21-06-55,COMP/USD,25.0,216.822,215.06,0.20316204075232222,0.021162040752322225,0.182,True,Bittrex,Coinbase Pro
615,01-13-2021_21-07-07,COMP/USD,25.0,216.808,215.07,0.2004077340319545,0.018407734031954504,0.182,True,Bittrex,Coinbase Pro
616,01-13-2021_21-07-18,COMP/USD,25.0,216.794,215.09,0.19649990313385143,0.014499903133851438,0.182,True,Bittrex,Coinbase Pro
617,01-13-2021_21-07-31,COMP/USD,25.0,216.78,215.09,0.1948980533259523,0.012898053325952313,0.182,True,Bittrex,Coinbase Pro
618,01-13-2021_21-07-42,COMP/USD,25.0,216.764,215.05,0.19768042663910965,0.07068042663910964,0.127,True,Bittrex,Kraken
619,01-13-2021_21-07-54,COMP/USD,25.0,216.751,215.04,0.19734626368505942,0.015346263685059425,0.182,True,Bittrex,Coinbase Pro
620,01-13-2021_21-08-05,COMP/USD,25.0,216.737,215.06,0.1934372073065504,0.011437207306550401,0.182,True,Bittrex,Coinbase Pro
621,01-13-2021_21-08-17,COMP/USD,25.0,216.719,214.87,0.2132946349881632,0.031294634988163206,0.182,True,Bittrex,Coinbase Pro
622,01-13-2021_21-08-27,COMP/USD,25.0,216.705,214.87,0.21169331579797512,0.02969331579797513,0.182,True,Bittrex,Coinbase Pro
623,01-13-2021_21-08-38,COMP/USD,25.0,216.691,214.79,0.21932152235210628,0.037321522352106284,0.182,True,Bittrex,Coinbase Pro
624,01-13-2021_21-08-48,COMP/USD,25.0,216.58,214.87,0.1973866469664798,0.015386646966479817,0.182,True,Bittrex,Coinbase Pro
625,01-13-2021_21-09-00,COMP/USD,25.0,216.564,214.92,0.1897822352745615,0.007782235274561511,0.182,False,Bittrex,Coinbase Pro
626,01-13-2021_21-09-09,COMP/USD,25.0,216.551,214.95,0.18482943971627921,0.1227094397162792,0.06212,True,Bittrex,Binance US
627,01-13-2021_21-09-20,COMP/USD,25.0,216.537,214.74,0.20747031685116135,0.025470316851161356,0.182,True,Bittrex,Coinbase Pro
628,01-13-2021_21-09-31,COMP/USD,25.0,216.309,214.65,0.1917395947464035,0.009739594746403513,0.182,True,Bittrex,Coinbase Pro
629,01-13-2021_21-09-40,COMP/USD,25.0,216.297,214.67,0.1880516142156398,0.0060516142156397945,0.182,False,Bittrex,Coinbase Pro
630,01-13-2021_21-09-50,COMP/USD,25.0,216.288,214.67,0.18701915963900254,0.005019159639002541,0.182,False,Bittrex,Coinbase Pro
631,01-13-2021_21-10-01,COMP/USD,25.0,216.275,214.68,0.1843717489307593,0.00237174893075931,0.182,False,Bittrex,Coinbase Pro
632,01-13-2021_21-10-10,COMP/USD,25.0,216.263,214.55,0.19802277782144817,0.13590277782144816,0.06212,True,Bittrex,Binance US
633,01-13-2021_21-10-21,COMP/USD,25.0,216.246,214.68,0.18104381121500543,-0.0009561887849945661,0.182,False,Bittrex,Coinbase Pro
634,01-13-2021_21-10-31,COMP/USD,25.0,216.23,214.45,0.2057993802895067,0.023799380289506705,0.182,True,Bittrex,Coinbase Pro
635,01-13-2021_21-10-43,COMP/USD,25.0,216.218,214.42,0.20789203489071237,0.025892034890712373,0.182,True,Bittrex,Coinbase Pro
636,01-13-2021_21-10-55,COMP/USD,25.0,216.075,214.33,0.2018974892976948,0.019897489297694804,0.182,True,Bittrex,Coinbase Pro
637,01-13-2021_21-11-07,COMP/USD,25.0,216.061,214.38,0.19450525546026487,0.13238525546026486,0.06212,True,Bittrex,Binance US
638,01-13-2021_21-11-18,COMP/USD,25.0,216.046,214.45,0.1846828916064176,0.0026828916064176034,0.182,False,Bittrex,Coinbase Pro
639,01-13-2021_21-11-28,COMP/USD,25.0,216.032,214.45,0.1830747296696811,0.056074729669681106,0.127,True,Bittrex,Kraken
640,01-13-2021_21-11-38,COMP/USD,25.0,216.02,214.55,0.1701231367465974,0.1080031367465974,0.06212,True,Bittrex,Binance US
641,01-13-2021_21-11-48,COMP/USD,25.0,216.007,214.46,0.17904512353766278,-0.0029548764623372192,0.182,False,Bittrex,Coinbase Pro
642,01-13-2021_21-11-57,COMP/USD,25.0,215.996,214.55,0.16736421044834138,0.10524421044834137,0.06212,True,Bittrex,Binance US
643,01-13-2021_21-12-07,COMP/USD,25.0,215.987,214.66,0.15359720723932438,-0.028402792760675616,0.182,False,Bittrex,Coinbase Pro
644,01-13-2021_21-12-16,COMP/USD,25.0,215.981,214.72,0.14596191331644862,-0.03603808668355138,0.182,False,Bittrex,Coinbase Pro
645,01-13-2021_21-12-26,COMP/USD,25.0,215.975,214.72,0.14527144345410298,-0.03672855654589702,0.182,False,Bittrex,Coinbase Pro
646,01-13-2021_21-12-38,COMP/USD,25.0,215.967,214.75,0.14087800450994978,-0.04112199549005022,0.182,False,Bittrex,Coinbase Pro
647,01-13-2021_21-12-50,COMP/USD,25.0,215.96,214.69,0.1470179662900549,-0.0349820337099451,0.182,False,Bittrex,Coinbase Pro
648,01-13-2021_21-13-01,COMP/USD,25.0,215.951,214.54,0.16334724080925783,-0.018652759190742163,0.182,False,Bittrex,Coinbase Pro
649,01-13-2021_21-13-12,COMP/USD,25.0,215.937,214.53,0.16289473318606937,-0.019105266813930627,0.182,False,Bittrex,Coinbase Pro
650,01-13-2021_21-13-22,COMP/USD,25.0,215.926,214.47,0.16857627150042015,-0.013423728499579846,0.182,False,Bittrex,Coinbase Pro
651,01-13-2021_21-13-32,COMP/USD,25.0,215.912,214.45,0.16928192967505482,-0.01271807032494518,0.182,False,Bittrex,Coinbase Pro
652,01-13-2021_21-13-41,COMP/USD,25.0,215.901,214.58,0.15296362684749004,-0.029036373152509953,0.182,False,Bittrex,Coinbase Pro
653,01-13-2021_21-13-51,COMP/USD,25.0,215.889,214.45,0.16663655860187657,-0.015363441398123429,0.182,False,Bittrex,Coinbase Pro
654,01-13-2021_21-14-00,COMP/USD,25.0,215.874,214.46,0.1637529299498767,-0.0182470700501233,0.182,False,Bittrex,Coinbase Pro
655,01-13-2021_21-14-11,COMP/USD,25.0,215.862,215.0,0.09983230026591003,-0.08216769973408997,0.182,False,Bittrex,Coinbase Pro
656,01-13-2021_21-14-21,COMP/USD,25.0,215.85,215.31,0.06254343293954043,-0.06445656706045957,0.127,False,Bittrex,Kraken
657,01-13-2021_21-14-32,COMP/USD,25.0,215.85,215.43,0.04864489228630849,-0.013475107713691509,0.06212,False,Bittrex,Binance US
658,01-13-2021_21-14-41,COMP/USD,25.0,215.85,215.39,0.05327773917072133,-0.12872226082927868,0.182,False,Bittrex,Coinbase Pro
659,01-13-2021_21-14-51,COMP/USD,25.0,215.842,215.14,0.08130947637624125,-0.10069052362375874,0.182,False,Bittrex,Coinbase Pro
660,01-13-2021_21-15-02,COMP/USD,25.0,215.833,215.14,0.0802703942399925,-0.10172960576000749,0.182,False,Bittrex,Coinbase Pro
661,01-13-2021_21-15-13,COMP/USD,25.0,215.825,215.28,0.06312985057337976,-0.11887014942662023,0.182,False,Bittrex,Coinbase Pro
662,01-13-2021_21-15-23,COMP/USD,25.0,215.817,215.33,0.05641353554168517,-0.12558646445831484,0.182,False,Bittrex,Coinbase Pro
663,01-13-2021_21-15-32,COMP/USD,25.0,215.81,215.19,0.07182243640239153,-0.11017756359760847,0.182,False,Bittrex,Coinbase Pro
664,01-13-2021_21-15-42,COMP/USD,25.0,215.803,215.2,0.06985537735805442,-0.057144622641945586,0.127,False,Bittrex,Kraken
665,01-13-2021_21-15-53,COMP/USD,25.0,215.797,215.14,0.076113198978671,0.013993198978670997,0.06212,True,Bittrex,Binance US
666,01-13-2021_21-16-04,COMP/USD,25.0,215.789,215.1,0.07982334595368543,-0.047176654046314576,0.127,False,Bittrex,Kraken
667,01-13-2021_21-16-16,COMP/USD,25.0,215.781,215.33,0.05225205184886452,-0.00986794815113548,0.06212,False,Bittrex,Binance US
668,01-13-2021_21-16-26,COMP/USD,25.0,215.773,215.33,0.05132708911680141,-0.010792910883198593,0.06212,False,Bittrex,Binance US
669,01-13-2021_21-16-36,COMP/USD,25.0,215.765,215.1,0.07705142168562928,-0.10494857831437071,0.182,False,Bittrex,Coinbase Pro
670,01-13-2021_21-16-46,COMP/USD,25.0,215.758,215.09,0.07740153319923321,-0.10459846680076679,0.182,False,Bittrex,Coinbase Pro
671,01-13-2021_21-16-56,COMP/USD,25.0,215.75,215.1,0.07531865585168085,-0.10668134414831915,0.182,False,Bittrex,Coinbase Pro
672,01-13-2021_21-17-08,COMP/USD,25.0,215.742,215.0,0.08598233074690953,-0.09601766925309047,0.182,False,Bittrex,Coinbase Pro
673,01-13-2021_21-17-18,COMP/USD,25.0,215.731,214.94,0.09166508290417195,-0.09033491709582804,0.182,False,Bittrex,Coinbase Pro
674,01-13-2021_21-17-28,COMP/USD,25.0,215.723,215.07,0.07567575084715351,-0.10632424915284648,0.182,False,Bittrex,Coinbase Pro
675,01-13-2021_21-17-38,COMP/USD,25.0,215.72,214.98,0.08575931763397102,-0.09624068236602898,0.182,False,Bittrex,Coinbase Pro
676,01-13-2021_21-17-47,COMP/USD,25.0,215.717,215.12,0.06918787114599317,-0.11281212885400682,0.182,False,Bittrex,Coinbase Pro
677,01-13-2021_21-17-57,COMP/USD,25.0,215.714,215.04,0.0781126862419693,-0.10388731375803069,0.182,False,Bittrex,Coinbase Pro
678,01-13-2021_21-18-07,COMP/USD,25.0,215.711,215.06,0.07544816907807327,-0.10655183092192673,0.182,False,Bittrex,Coinbase Pro
679,01-13-2021_21-18-17,COMP/USD,25.0,215.704,215.12,0.06768534658606275,-0.11431465341393725,0.182,False,Bittrex,Coinbase Pro
680,01-13-2021_21-18-27,COMP/USD,25.0,215.698,215.13,0.06583278472679534,-0.11616721527320466,0.182,False,Bittrex,Coinbase Pro
681,01-13-2021_21-18-37,COMP/USD,25.0,215.697,215.29,0.047172654232558946,-0.13482734576744104,0.182,False,Bittrex,Coinbase Pro
682,01-13-2021_21-18-47,COMP/USD,25.0,215.695,215.07,0.07244025128074365,-0.10955974871925635,0.182,False,Bittrex,Coinbase Pro
683,01-13-2021_21-18-57,COMP/USD,25.0,215.693,215.28,0.04786896190418916,-0.13413103809581084,0.182,False,Bittrex,Coinbase Pro
684,01-13-2021_21-19-07,COMP/USD,25.0,215.69,214.83,0.09968009643469623,-0.08231990356530376,0.182,False,Bittrex,Coinbase Pro
685,01-13-2021_21-19-17,COMP/USD,25.0,215.688,214.88,0.09365379622417482,-0.08834620377582518,0.182,False,Bittrex,Coinbase Pro
686,01-13-2021_21-19-27,COMP/USD,25.0,215.685,214.88,0.0933073695435481,-0.033692630456451905,0.127,False,Bittrex,Kraken
687,01-13-2021_21-19-38,COMP/USD,25.0,215.682,214.85,0.09643827486762846,-0.08556172513237154,0.182,False,Bittrex,Coinbase Pro
688,01-13-2021_21-19-49,COMP/USD,25.0,215.678,214.69,0.11452257532061678,-0.06747742467938321,0.182,False,Bittrex,Coinbase Pro
689,01-13-2021_21-20-00,COMP/USD,25.0,215.666,214.6,0.12357070655550742,-0.058429293444492575,0.182,False,Bittrex,Coinbase Pro
690,01-13-2021_21-20-10,COMP/USD,25.0,215.656,214.54,0.12937270467782183,0.06725270467782182,0.06212,True,Bittrex,Binance US
691,01-13-2021_21-20-21,COMP/USD,25.0,215.649,214.89,0.08799020630747355,-0.09400979369252645,0.182,False,Bittrex,Coinbase Pro
692,01-13-2021_21-20-32,COMP/USD,25.0,215.64,214.76,0.10202188833240533,0.03990188833240533,0.06212,True,Bittrex,Binance US
693,01-13-2021_21-20-43,COMP/USD,25.0,215.633,214.67,0.11164803160926462,-0.07035196839073538,0.182,False,Bittrex,Coinbase Pro
694,01-13-2021_21-20-54,COMP/USD,25.0,215.624,214.67,0.1106092086224177,-0.0713907913775823,0.182,False,Bittrex,Coinbase Pro
695,01-13-2021_21-21-04,COMP/USD,25.0,215.619,214.63,0.1146698574800927,-0.0673301425199073,0.182,False,Bittrex,Coinbase Pro
696,01-13-2021_21-21-14,COMP/USD,25.0,215.611,214.75,0.09983256883925103,-0.08216743116074897,0.182,False,Bittrex,Coinbase Pro
697,01-13-2021_21-21-23,COMP/USD,25.0,215.603,214.76,0.09774910367666703,0.03562910367666703,0.06212,True,Bittrex,Binance US
698,01-13-2021_21-21-34,COMP/USD,25.0,215.594,214.69,0.10482666493501631,-0.07717333506498368,0.182,False,Bittrex,Coinbase Pro
699,01-13-2021_21-21-44,COMP/USD,25.0,215.586,214.66,0.10738174092937576,-0.07461825907062423,0.182,False,Bittrex,Coinbase Pro
700,01-13-2021_21-21-55,COMP/USD,25.0,215.58,214.64,0.10900825679562415,-0.07299174320437585,0.182,False,Bittrex,Coinbase Pro
701,01-13-2021_21-22-05,COMP/USD,25.0,215.572,214.32,0.1451951088267504,-0.03680489117324959,0.182,False,Bittrex,Coinbase Pro
702,01-13-2021_21-22-15,COMP/USD,25.0,215.563,214.28,0.14879640754674817,-0.03320359245325183,0.182,False,Bittrex,Coinbase Pro
703,01-13-2021_21-22-26,COMP/USD,25.0,215.55,214.28,0.14729761076316517,-0.03470238923683483,0.182,False,Bittrex,Coinbase Pro
704,01-13-2021_21-22-36,COMP/USD,25.0,215.539,213.84,0.1970641044080171,0.015064104408017115,0.182,True,Bittrex,Coinbase Pro
705,01-13-2021_21-22-48,COMP/USD,25.0,215.529,214.04,0.17271457669269616,-0.009285423307303836,0.182,False,Bittrex,Coinbase Pro
706,01-13-2021_21-22-59,COMP/USD,25.0,215.513,213.74,0.20567204762589683,0.023672047625896836,0.182,True,Bittrex,Coinbase Pro
707,01-13-2021_21-23-11,COMP/USD,25.0,215.499,213.67,0.21218195908101753,0.030181959081017534,0.182,True,Bittrex,Coinbase Pro
708,01-13-2021_21-23-22,COMP/USD,25.0,215.484,213.7,0.20697592396651493,0.024975923966514935,0.182,True,Bittrex,Coinbase Pro
709,01-13-2021_21-23-34,COMP/USD,25.0,215.47,213.52,0.22624959391098398,0.044249593910983986,0.182,True,Bittrex,Coinbase Pro
710,01-13-2021_21-23-44,COMP/USD,25.0,215.462,213.52,0.22532975652318957,0.04332975652318957,0.182,True,Bittrex,Coinbase Pro
711,01-13-2021_21-23-56,COMP/USD,25.0,215.442,213.54,0.22070905394491502,0.03870905394491503,0.182,True,Bittrex,Coinbase Pro
712,01-13-2021_21-24-07,COMP/USD,25.0,215.432,213.5,0.22420067585131134,0.04220067585131135,0.182,True,Bittrex,Coinbase Pro
713,01-13-2021_21-24-18,COMP/USD,25.0,215.418,213.66,0.20402194802662843,0.07702194802662843,0.127,True,Bittrex,Kraken
714,01-13-2021_21-24-29,COMP/USD,25.0,215.402,213.54,0.21610755703289602,0.03410755703289603,0.182,True,Bittrex,Coinbase Pro
715,01-13-2021_21-24-40,COMP/USD,25.0,215.389,213.49,0.22041515583432775,0.03841515583432775,0.182,True,Bittrex,Coinbase Pro
716,01-13-2021_21-24-52,COMP/USD,25.0,215.268,213.2,0.24016574688295658,0.05816574688295659,0.182,True,Bittrex,Coinbase Pro
717,01-13-2021_21-25-03,COMP/USD,25.0,215.256,213.07,0.25388374772364153,0.07188374772364153,0.182,True,Bittrex,Coinbase Pro
718,01-13-2021_21-25-15,COMP/USD,25.0,215.089,213.29,0.20909948904872014,0.08209948904872014,0.127,True,Bittrex,Kraken
719,01-13-2021_21-25-26,COMP/USD,25.0,215.084,214.24,0.09810120697029928,-0.08389879302970071,0.182,False,Bittrex,Coinbase Pro
720,01-13-2021_21-25-35,COMP/USD,25.0,215.076,214.38,0.08090163477096445,-0.10109836522903555,0.182,False,Bittrex,Coinbase Pro
721,01-13-2021_21-25-46,COMP/USD,25.0,215.071,214.42,0.07567268483431175,-0.05132731516568825,0.127,False,Bittrex,Kraken
722,01-13-2021_21-25-56,COMP/USD,25.0,215.064,214.57,0.05742476658111072,-0.12457523341888928,0.182,False,Bittrex,Coinbase Pro
723,01-13-2021_21-26-08,COMP/USD,25.0,215.055,214.64,0.04824347260003493,-0.13375652739996508,0.182,False,Bittrex,Coinbase Pro
724,01-13-2021_21-26-18,COMP/USD,25.0,215.047,214.72,0.03801494557003797,-0.08898505442996203,0.127,False,Bittrex,Kraken
725,01-13-2021_21-26-28,COMP/USD,25.0,215.05,214.9,0.017437805161590988,-0.167562194838409,0.185,False,Kraken,Coinbase Pro
726,01-13-2021_21-26-38,COMP/USD,25.0,215.042,214.75,0.03394685689307224,-0.028173143106927763,0.06212,False,Bittrex,Binance US
727,01-13-2021_21-26-48,COMP/USD,25.0,215.036,214.61,0.04952659089640662,-0.13247340910359337,0.182,False,Bittrex,Coinbase Pro
728,01-13-2021_21-26-59,COMP/USD,25.0,215.029,214.54,0.05685279659952894,-0.12514720340047106,0.182,False,Bittrex,Coinbase Pro
729,01-13-2021_21-27-09,COMP/USD,25.0,215.58,215.025,0.0643612580016707,-0.0626387419983293,0.127,False,Kraken,Bittrex
730,01-13-2021_21-27-19,COMP/USD,25.0,215.396,215.05,0.04015859161729735,-0.14184140838270265,0.182,False,Bittrex,Coinbase Pro
731,01-13-2021_21-27-29,COMP/USD,25.0,215.6,215.37,0.026669758812614772,-0.03845024118738523,0.06512,False,Kraken,Binance US
732,01-13-2021_21-27-39,COMP/USD,25.0,215.62,215.5,0.01391336610704069,-0.1360866338929593,0.15,False,Binance US,Coinbase Pro
733,01-13-2021_21-27-49,COMP/USD,25.0,215.62,215.49,0.015072813282626317,-0.13492718671737366,0.15,False,Binance US,Coinbase Pro
734,01-13-2021_21-27-59,COMP/USD,25.0,216.607,215.61,0.11507015008748397,-0.011929849912516027,0.127,False,Bittrex,Kraken
735,01-13-2021_21-28-08,COMP/USD,25.0,215.82,215.584,0.027337596144934438,-0.06466240385506555,0.092,False,Binance US,Bittrex
736,01-13-2021_21-28-19,COMP/USD,25.0,216.593,215.63,0.11115317669546038,-0.015846823304539626,0.127,False,Bittrex,Kraken
737,01-13-2021_21-28-29,COMP/USD,25.0,216.585,215.63,0.11023385737701277,-0.01676614262298723,0.127,False,Bittrex,Kraken
738,01-13-2021_21-28-39,COMP/USD,25.0,216.582,216.16,0.04871134258617949,-0.1332886574138205,0.182,False,Bittrex,Coinbase Pro
739,01-13-2021_21-28-48,COMP/USD,25.0,216.576,216.34,0.027242169030731705,-0.1547578309692683,0.182,False,Bittrex,Coinbase Pro
740,01-13-2021_21-28-58,COMP/USD,25.0,216.569,215.85,0.0829989518352112,-0.0990010481647888,0.182,False,Bittrex,Coinbase Pro
741,01-13-2021_21-29-08,COMP/USD,25.0,216.562,215.86,0.08103914814233315,-0.10096085185766684,0.182,False,Bittrex,Coinbase Pro
742,01-13-2021_21-29-18,COMP/USD,25.0,216.553,215.95,0.06961344336028694,-0.11238655663971306,0.182,False,Bittrex,Coinbase Pro
743,01-13-2021_21-29-28,COMP/USD,25.0,216.59,216.33,0.030010619142156945,-0.15498938085784306,0.185,False,Kraken,Coinbase Pro
744,01-13-2021_21-29-38,COMP/USD,25.0,216.54,216.04,0.05772605523228965,-0.12427394476771034,0.182,False,Bittrex,Coinbase Pro
745,01-13-2021_21-29-48,COMP/USD,25.0,216.53,216.19,0.03925553041149072,-0.14274446958850928,0.182,False,Bittrex,Coinbase Pro
746,01-13-2021_21-29-58,COMP/USD,25.0,216.58,216.34,0.02770338904792791,-0.1572966109520721,0.185,False,Kraken,Coinbase Pro
747,01-13-2021_21-30-08,COMP/USD,25.0,216.518,216.17,0.04018141678752034,-0.14181858321247964,0.182,False,Bittrex,Coinbase Pro
748,01-13-2021_21-30-18,COMP/USD,25.0,216.509,216.06,0.051845419820883185,-0.1301545801791168,0.182,False,Bittrex,Coinbase Pro
749,01-13-2021_21-30-28,COMP/USD,25.0,216.502,216.26,0.027944314602176726,-0.15405568539782327,0.182,False,Bittrex,Coinbase Pro
750,01-13-2021_21-30-38,COMP/USD,25.0,216.497,216.19,0.03545083765595093,-0.14654916234404908,0.182,False,Bittrex,Coinbase Pro
751,01-13-2021_21-30-47,COMP/USD,25.0,216.49,216.14,0.0404175712504068,-0.1415824287495932,0.182,False,Bittrex,Coinbase Pro
752,01-13-2021_21-30-58,COMP/USD,25.0,216.481,215.92,0.06478628609439248,-0.11721371390560752,0.182,False,Bittrex,Coinbase Pro
753,01-13-2021_21-31-10,COMP/USD,25.0,216.471,215.83,0.07402839179381894,-0.10797160820618106,0.182,False,Bittrex,Coinbase Pro
754,01-13-2021_21-31-21,COMP/USD,25.0,216.462,215.93,0.06144265506185639,-0.0006773449381436147,0.06212,False,Bittrex,Binance US
755,01-13-2021_21-31-31,COMP/USD,25.0,216.456,215.72,0.0850057286469294,-0.0969942713530706,0.182,False,Bittrex,Coinbase Pro
756,01-13-2021_21-31-42,COMP/USD,25.0,216.447,215.74,0.08165971346334133,0.01953971346334133,0.06212,True,Bittrex,Binance US
757,01-13-2021_21-31-53,COMP/USD,25.0,216.44,215.74,0.08085381630012806,0.018733816300128055,0.06212,True,Bittrex,Binance US
758,01-13-2021_21-32-04,COMP/USD,25.0,216.428,215.63,0.09217846119725749,-0.0898215388027425,0.182,False,Bittrex,Coinbase Pro
759,01-13-2021_21-32-14,COMP/USD,25.0,216.835,215.67,0.13431872160859876,-0.04768127839140124,0.182,False,Bittrex,Coinbase Pro
760,01-13-2021_21-32-24,COMP/USD,25.0,216.827,215.58,0.14377821950218211,-0.03822178049781788,0.182,False,Bittrex,Coinbase Pro
761,01-13-2021_21-32-35,COMP/USD,25.0,216.81,215.55,0.14528850145288397,-0.03671149854711603,0.182,False,Bittrex,Coinbase Pro
762,01-13-2021_21-32-44,COMP/USD,25.0,215.81,215.5,0.03591121820119576,-0.14908878179880425,0.185,False,Kraken,Coinbase Pro
763,01-13-2021_21-32-56,COMP/USD,25.0,215.75,215.29,0.05330243337195921,-0.13169756662804077,0.185,False,Kraken,Coinbase Pro
764,01-13-2021_21-33-07,COMP/USD,25.0,215.51,215.14,0.042921442160457124,-0.14207855783954287,0.185,False,Kraken,Coinbase Pro
765,01-13-2021_21-33-17,COMP/USD,25.0,215.49,215.27,0.02552322613578343,-0.12447677386421657,0.15,False,Binance US,Coinbase Pro
766,01-13-2021_21-33-28,COMP/USD,25.0,215.5,215.26,0.02784222737819131,-0.12215777262180869,0.15,False,Binance US,Coinbase Pro
767,01-13-2021_21-33-40,COMP/USD,25.0,215.49,215.32,0.019722492923107328,-0.13027750707689267,0.15,False,Binance US,Coinbase Pro
768,01-13-2021_21-33-51,COMP/USD,25.0,215.39,214.88,0.059194948697710074,-0.12280505130228991,0.182,False,Bittrex,Coinbase Pro
769,01-13-2021_21-34-02,COMP/USD,25.0,215.381,214.42,0.11154651524507882,-0.07045348475492118,0.182,False,Bittrex,Coinbase Pro
770,01-13-2021_21-34-13,COMP/USD,25.0,215.375,214.51,0.10040626813697145,-0.08159373186302854,0.182,False,Bittrex,Coinbase Pro
771,01-13-2021_21-34-22,COMP/USD,25.0,215.367,214.69,0.07858678441915341,-0.10341321558084658,0.182,False,Bittrex,Coinbase Pro
772,01-13-2021_21-34-35,COMP/USD,25.0,215.358,214.62,0.08567130081074299,0.02355130081074299,0.06212,True,Bittrex,Binance US
773,01-13-2021_21-34-45,COMP/USD,25.0,215.351,214.62,0.08486145873480905,0.022741458734809046,0.06212,True,Bittrex,Binance US
774,01-13-2021_21-34-56,COMP/USD,25.0,215.342,214.61,0.08498109983189524,-0.09701890016810476,0.182,False,Bittrex,Coinbase Pro
775,01-13-2021_21-35-07,COMP/USD,25.0,215.333,214.41,0.10715960860620548,-0.07484039139379452,0.182,False,Bittrex,Coinbase Pro
776,01-13-2021_21-35-16,COMP/USD,25.0,215.328,214.29,0.12051382077574803,-0.061486179224251966,0.182,False,Bittrex,Coinbase Pro
777,01-13-2021_21-35-27,COMP/USD,25.0,215.32,214.24,0.12539476128552668,0.06327476128552667,0.06212,True,Bittrex,Binance US
778,01-13-2021_21-35-39,COMP/USD,25.0,215.312,214.22,0.12679274726908077,-0.055207252730919226,0.182,False,Bittrex,Coinbase Pro
779,01-13-2021_21-35-49,COMP/USD,25.0,215.306,214.24,0.12377732157951966,0.06165732157951966,0.06212,True,Bittrex,Binance US
780,01-13-2021_21-36-00,COMP/USD,25.0,215.299,214.24,0.12296852284497345,0.06084852284497345,0.06212,True,Bittrex,Binance US
781,01-13-2021_21-36-11,COMP/USD,25.0,215.29,214.21,0.1254122346602239,-0.05658776533977611,0.182,False,Bittrex,Coinbase Pro
782,01-13-2021_21-36-22,COMP/USD,25.0,215.283,214.25,0.11995838036444902,0.057838380364449014,0.06212,True,Bittrex,Binance US
783,01-13-2021_21-36-32,COMP/USD,25.0,215.276,214.4,0.10172987234991415,-0.08027012765008584,0.182,False,Bittrex,Coinbase Pro
784,01-13-2021_21-36-42,COMP/USD,25.0,215.269,214.42,0.0985975686234453,0.036477568623445304,0.06212,True,Bittrex,Binance US
785,01-13-2021_21-36-53,COMP/USD,25.0,215.261,214.6,0.07676727321716444,-0.10523272678283556,0.182,False,Bittrex,Coinbase Pro
786,01-13-2021_21-37-03,COMP/USD,25.0,215.252,214.63,0.0722409083307024,-0.10975909166929759,0.182,False,Bittrex,Coinbase Pro
787,01-13-2021_21-37-13,COMP/USD,25.0,215.245,214.63,0.07143023066738009,-0.1105697693326199,0.182,False,Bittrex,Coinbase Pro
788,01-13-2021_21-37-23,COMP/USD,25.0,215.237,214.61,0.07282669801195672,-0.10917330198804327,0.182,False,Bittrex,Coinbase Pro
789,01-13-2021_21-37-35,COMP/USD,25.0,215.23,214.92,0.036007991451006166,-0.026112008548993836,0.06212,False,Bittrex,Binance US
790,01-13-2021_21-37-46,COMP/USD,25.0,215.226,214.99,0.027413044892344557,-0.15458695510765544,0.182,False,Bittrex,Coinbase Pro
791,01-13-2021_21-37-57,COMP/USD,25.0,215.225,215.09,0.015681263793703208,-0.16631873620629678,0.182,False,Bittrex,Coinbase Pro
792,01-13-2021_21-38-09,COMP/USD,25.0,215.222,215.1,0.014171413703061733,-0.11282858629693827,0.127,False,Bittrex,Kraken
793,01-13-2021_21-38-20,COMP/USD,25.0,215.222,215.1,0.014171413703061733,-0.11282858629693827,0.127,False,Bittrex,Kraken
794,01-13-2021_21-38-30,COMP/USD,25.0,215.219,214.68,0.06261064311236314,-0.11938935688763685,0.182,False,Bittrex,Coinbase Pro
795,01-13-2021_21-38-42,COMP/USD,25.0,215.214,214.6,0.07132435622217936,-0.11067564377782063,0.182,False,Bittrex,Coinbase Pro
796,01-13-2021_21-38-53,COMP/USD,25.0,215.206,214.29,0.10640967259277122,-0.07559032740722878,0.182,False,Bittrex,Coinbase Pro
797,01-13-2021_21-39-06,COMP/USD,25.0,215.199,214.28,0.10676164852067285,-0.07523835147932714,0.182,False,Bittrex,Coinbase Pro
798,01-13-2021_21-39-17,COMP/USD,25.0,215.192,214.29,0.1047901408974329,-0.0772098591025671,0.182,False,Bittrex,Coinbase Pro
799,01-13-2021_21-39-28,COMP/USD,25.0,215.18,214.36,0.09526907705176982,-0.031730922948230184,0.127,False,Bittrex,Kraken
800,01-13-2021_21-39-38,COMP/USD,25.0,215.174,214.46,0.08295611923373626,-0.09904388076626373,0.182,False,Bittrex,Coinbase Pro
801,01-13-2021_21-39-48,COMP/USD,25.0,215.168,214.52,0.07529000594883953,-0.10670999405116047,0.182,False,Bittrex,Coinbase Pro
802,01-13-2021_21-40-00,COMP/USD,25.0,215.162,214.56,0.06994729552616213,-0.11205270447383786,0.182,False,Bittrex,Coinbase Pro
803,01-13-2021_21-40-11,COMP/USD,25.0,215.154,214.58,0.06669641280199111,-0.11530358719800889,0.182,False,Bittrex,Coinbase Pro
804,01-13-2021_21-40-21,COMP/USD,25.0,215.147,214.52,0.07285716277707581,-0.10914283722292419,0.182,False,Bittrex,Coinbase Pro
805,01-13-2021_21-40-32,COMP/USD,25.0,215.139,214.37,0.08936083183430311,-0.09263916816569688,0.182,False,Bittrex,Coinbase Pro
806,01-13-2021_21-40-42,COMP/USD,25.0,215.133,214.4,0.08517986547856489,-0.0968201345214351,0.182,False,Bittrex,Coinbase Pro
807,01-13-2021_21-40-53,COMP/USD,25.0,215.126,214.39,0.08553127004639355,-0.09646872995360645,0.182,False,Bittrex,Coinbase Pro
808,01-13-2021_21-41-04,COMP/USD,25.0,215.117,214.66,0.05311063281841901,-0.00900936718158099,0.06212,False,Bittrex,Binance US
809,01-13-2021_21-41-15,COMP/USD,25.0,215.11,214.67,0.0511366277718407,-0.1308633722281593,0.182,False,Bittrex,Coinbase Pro
810,01-13-2021_21-41-27,COMP/USD,25.0,215.103,214.66,0.05148696206003776,-0.13051303793996225,0.182,False,Bittrex,Coinbase Pro
811,01-13-2021_21-41-37,COMP/USD,25.0,215.092,214.32,0.08972904617559227,-0.09227095382440773,0.182,False,Bittrex,Coinbase Pro
812,01-13-2021_21-41-48,COMP/USD,25.0,215.086,214.24,0.09833275991928851,-0.08366724008071148,0.182,False,Bittrex,Coinbase Pro
813,01-13-2021_21-41-59,COMP/USD,25.0,215.077,214.16,0.10658973297935177,-0.07541026702064822,0.182,False,Bittrex,Coinbase Pro
814,01-13-2021_21-42-11,COMP/USD,25.0,215.068,213.97,0.1276340506258501,-0.0543659493741499,0.182,False,Bittrex,Coinbase Pro
815,01-13-2021_21-42-22,COMP/USD,25.0,215.06,213.1,0.22784339254161723,0.045843392541617234,0.182,True,Bittrex,Coinbase Pro
816,01-13-2021_21-42-34,COMP/USD,25.0,215.048,213.48,0.1822848852349257,0.0002848852349257025,0.182,False,Bittrex,Coinbase Pro
817,01-13-2021_21-42-45,COMP/USD,25.0,215.036,213.39,0.19136330660912765,0.009363306609127653,0.182,True,Bittrex,Coinbase Pro
818,01-13-2021_21-42-57,COMP/USD,25.0,215.018,213.59,0.1660326112232461,0.1039126112232461,0.06212,True,Bittrex,Binance US
819,01-13-2021_21-43-09,COMP/USD,25.0,214.996,213.7,0.15070047814843307,0.02370047814843307,0.127,True,Bittrex,Kraken
820,01-13-2021_21-43-20,COMP/USD,25.0,214.987,213.8,0.1380316019108113,-0.043968398089188704,0.182,False,Bittrex,Coinbase Pro
821,01-13-2021_21-43-31,COMP/USD,25.0,214.979,213.64,0.1557128835839811,-0.026287116416018885,0.182,False,Bittrex,Coinbase Pro
822,01-13-2021_21-43-42,COMP/USD,25.0,214.966,213.74,0.14258068717843742,-0.03941931282156258,0.182,False,Bittrex,Coinbase Pro
823,01-13-2021_21-43-55,COMP/USD,25.0,214.955,214.0,0.11106975878672425,-0.07093024121327575,0.182,False,Bittrex,Coinbase Pro
824,01-13-2021_21-44-06,COMP/USD,25.0,214.947,214.01,0.10898035329639537,-0.018019646703604633,0.127,False,Bittrex,Kraken
825,01-13-2021_21-44-16,COMP/USD,25.0,214.94,213.74,0.13957383455848013,-0.042426165441519864,0.182,False,Bittrex,Coinbase Pro
826,01-13-2021_21-44-26,COMP/USD,25.0,214.933,213.8,0.13178525400938682,-0.05021474599061318,0.182,False,Bittrex,Coinbase Pro
827,01-13-2021_21-44-37,COMP/USD,25.0,214.923,213.7,0.14226025134583237,-0.03973974865416763,0.182,False,Bittrex,Coinbase Pro
828,01-13-2021_21-44-48,COMP/USD,25.0,214.915,213.7,0.1413349463741483,-0.04066505362585168,0.182,False,Bittrex,Coinbase Pro
829,01-13-2021_21-44-59,COMP/USD,25.0,214.907,213.68,0.14273616029259212,-0.03926383970740788,0.182,False,Bittrex,Coinbase Pro
830,01-13-2021_21-45-10,COMP/USD,25.0,214.9,213.69,0.14076314564914005,0.013763145649140052,0.127,True,Bittrex,Kraken
831,01-13-2021_21-45-21,COMP/USD,25.0,214.894,213.64,0.14588587861922844,-0.03611412138077155,0.182,False,Bittrex,Coinbase Pro
832,01-13-2021_21-45-32,COMP/USD,25.0,214.884,213.69,0.13891215725693729,-0.04308784274306271,0.182,False,Bittrex,Coinbase Pro
833,01-13-2021_21-45-42,COMP/USD,25.0,214.876,213.67,0.14031348312515327,-0.04168651687484673,0.182,False,Bittrex,Coinbase Pro
834,01-13-2021_21-45-52,COMP/USD,25.0,214.869,213.64,0.14299410338392385,-0.03900589661607615,0.182,False,Bittrex,Coinbase Pro
835,01-13-2021_21-46-03,COMP/USD,25.0,214.861,213.64,0.14206859318350046,-0.03993140681649954,0.182,False,Bittrex,Coinbase Pro
836,01-13-2021_21-46-14,COMP/USD,25.0,214.854,213.62,0.14358587692107302,0.016585876921073023,0.127,True,Bittrex,Kraken
837,01-13-2021_21-46-25,COMP/USD,25.0,214.841,213.53,0.15255467997263175,-0.029445320027368244,0.182,False,Bittrex,Coinbase Pro
838,01-13-2021_21-46-35,COMP/USD,25.0,214.829,213.54,0.15000302566227275,-0.031996974337727246,0.182,False,Bittrex,Coinbase Pro
839,01-13-2021_21-46-45,COMP/USD,25.0,214.818,213.65,0.13592901898351237,-0.04607098101648763,0.182,False,Bittrex,Coinbase Pro
840,01-13-2021_21-46-56,COMP/USD,25.0,214.808,213.54,0.14757364716397908,-0.03442635283602091,0.182,False,Bittrex,Coinbase Pro
841,01-13-2021_21-47-07,COMP/USD,25.0,214.796,213.62,0.13687405724501245,0.009874057245012446,0.127,True,Bittrex,Kraken
842,01-13-2021_21-47-19,COMP/USD,25.0,214.785,213.69,0.12745303442977848,-0.05454696557022151,0.182,False,Bittrex,Coinbase Pro
843,01-13-2021_21-47-30,COMP/USD,25.0,214.776,213.31,0.17064290237270552,0.04364290237270552,0.127,True,Bittrex,Kraken
844,01-13-2021_21-47-40,COMP/USD,25.0,214.768,213.89,0.10220330775534697,-0.07979669224465302,0.182,False,Bittrex,Coinbase Pro
845,01-13-2021_21-47-50,COMP/USD,25.0,214.759,213.8,0.11163676493185092,-0.07036323506814908,0.182,False,Bittrex,Coinbase Pro
846,01-13-2021_21-48-00,COMP/USD,25.0,214.751,213.96,0.09208338960004805,-0.03491661039995195,0.127,False,Bittrex,Kraken
847,01-13-2021_21-48-10,COMP/USD,25.0,214.743,213.95,0.09231965651965447,-0.08968034348034552,0.182,False,Bittrex,Coinbase Pro
848,01-13-2021_21-48-19,COMP/USD,25.0,214.733,213.69,0.12142986872069109,-0.06057013127930891,0.182,False,Bittrex,Coinbase Pro
849,01-13-2021_21-48-31,COMP/USD,25.0,214.725,213.75,0.1135172895564087,-0.06848271044359129,0.182,False,Bittrex,Coinbase Pro
850,01-13-2021_21-48-42,COMP/USD,25.0,214.719,213.87,0.09885012504715343,-0.08314987495284656,0.182,False,Bittrex,Coinbase Pro
851,01-13-2021_21-48-53,COMP/USD,25.0,214.713,213.65,0.123769869546789,-0.058230130453211,0.182,False,Bittrex,Coinbase Pro
852,01-13-2021_21-49-04,COMP/USD,25.0,214.704,213.41,0.15067255384156922,-0.03132744615843078,0.182,False,Bittrex,Coinbase Pro
853,01-13-2021_21-49-14,COMP/USD,25.0,214.696,213.62,0.12529343816372843,-0.001706561836271575,0.127,False,Bittrex,Kraken
854,01-13-2021_21-49-26,COMP/USD,25.0,214.687,213.59,0.12774411119443752,-0.05425588880556248,0.182,False,Bittrex,Coinbase Pro
855,01-13-2021_21-49-36,COMP/USD,25.0,214.681,214.0,0.07930371108761505,-0.10269628891238494,0.182,False,Bittrex,Coinbase Pro
856,01-13-2021_21-49-46,COMP/USD,25.0,214.675,213.97,0.08210085012227931,-0.09989914987772068,0.182,False,Bittrex,Coinbase Pro
857,01-13-2021_21-49-57,COMP/USD,25.0,214.668,213.8,0.10108632865634316,-0.08091367134365683,0.182,False,Bittrex,Coinbase Pro
858,01-13-2021_21-50-08,COMP/USD,25.0,214.658,213.71,0.11040818418134651,-0.07159181581865348,0.182,False,Bittrex,Coinbase Pro
859,01-13-2021_21-50-19,COMP/USD,25.0,214.651,213.49,0.13521949583277054,-0.04678050416722945,0.182,False,Bittrex,Coinbase Pro
860,01-13-2021_21-50-31,COMP/USD,25.0,214.644,213.5,0.13324388289446776,-0.04875611710553224,0.182,False,Bittrex,Coinbase Pro
861,01-13-2021_21-50-41,COMP/USD,25.0,214.637,213.47,0.13592717005921642,-0.04607282994078357,0.182,False,Bittrex,Coinbase Pro
862,01-13-2021_21-50-51,COMP/USD,25.0,214.63,213.32,0.15258817499883548,-0.029411825001164515,0.182,False,Bittrex,Coinbase Pro
863,01-13-2021_21-51-00,COMP/USD,25.0,214.623,213.22,0.16342610065090782,-0.018573899349092177,0.182,False,Bittrex,Coinbase Pro
864,01-13-2021_21-51-11,COMP/USD,25.0,213.34,212.771,0.06667760382488244,-0.015322396175117561,0.082,False,Binance US,Bittrex
865,01-13-2021_21-51-21,COMP/USD,25.0,213.34,212.771,0.06667760382488244,-0.015322396175117561,0.082,False,Binance US,Bittrex
866,01-13-2021_21-51-31,COMP/USD,25.0,213.34,212.771,0.06667760382488244,-0.015322396175117561,0.082,False,Binance US,Bittrex
867,01-13-2021_21-51-42,COMP/USD,25.0,213.34,212.771,0.06667760382488244,-0.015322396175117561,0.082,False,Binance US,Bittrex
868,01-13-2021_21-51-52,COMP/USD,25.0,213.59,212.768,0.0962123694929541,-0.0857876305070459,0.182,False,Coinbase Pro,Bittrex
869,01-13-2021_21-52-06,COMP/USD,25.0,214.07,212.771,0.15170271406549338,0.024702714065493375,0.127,True,Kraken,Bittrex
870,01-13-2021_21-52-16,COMP/USD,25.0,214.573,213.41,0.13550167076006894,-0.04649832923993105,0.182,False,Bittrex,Coinbase Pro
871,01-13-2021_21-52-26,COMP/USD,25.0,214.564,213.24,0.15426632613112914,-0.02773367386887085,0.182,False,Bittrex,Coinbase Pro
872,01-13-2021_21-52-36,COMP/USD,25.0,214.551,213.39,0.1352825202399431,-0.046717479760056885,0.182,False,Bittrex,Coinbase Pro
873,01-13-2021_21-52-46,COMP/USD,25.0,214.541,213.27,0.14810688865997484,-0.03389311134002515,0.182,False,Bittrex,Coinbase Pro
874,01-13-2021_21-52-58,COMP/USD,25.0,213.17,212.475,0.0815077168457092,-0.0454922831542908,0.127,False,Kraken,Bittrex
875,01-13-2021_21-53-08,COMP/USD,25.0,213.12,212.474,0.07577890390390567,-0.01622109609609433,0.092,False,Binance US,Bittrex
876,01-13-2021_21-53-18,COMP/USD,25.0,212.88,212.472,0.04791431792559036,-0.07908568207440964,0.127,False,Kraken,Bittrex
877,01-13-2021_21-53-29,COMP/USD,25.0,212.61,212.2,0.04821033817788733,-0.10178966182211266,0.15,False,Binance US,Coinbase Pro
878,01-13-2021_21-53-39,COMP/USD,25.0,212.76,212.22,0.06345177664974526,-0.12154822335025474,0.185,False,Kraken,Coinbase Pro
879,01-13-2021_21-53-50,COMP/USD,25.0,213.07,212.458,0.07180738724362824,-0.020192612756371756,0.092,False,Binance US,Bittrex
880,01-13-2021_21-54-01,COMP/USD,25.0,213.07,212.458,0.07180738724362824,-0.020192612756371756,0.092,False,Binance US,Bittrex
881,01-13-2021_21-54-11,COMP/USD,25.0,213.07,212.457,0.07192471957572623,-0.02007528042427377,0.092,False,Binance US,Bittrex
882,01-13-2021_21-54-22,COMP/USD,25.0,213.56,212.456,0.12923768495973184,0.0022376849597318393,0.127,False,Kraken,Bittrex
883,01-13-2021_21-54-33,COMP/USD,25.0,213.07,212.455,0.07215938423991888,-0.019840615760081115,0.092,False,Binance US,Bittrex
884,01-13-2021_21-54-43,COMP/USD,25.0,212.9,212.453,0.052489431658055745,-0.039510568341944254,0.092,False,Binance US,Bittrex
885,01-13-2021_21-54-54,COMP/USD,25.0,213.07,212.454,0.07227671657201688,-0.019723283427983115,0.092,False,Binance US,Bittrex
886,01-13-2021_21-55-04,COMP/USD,25.0,214.058,213.03,0.1200609180689336,-0.0619390819310664,0.182,False,Bittrex,Coinbase Pro
887,01-13-2021_21-55-14,COMP/USD,25.0,214.045,212.85,0.13957345418019496,-0.04242654581980504,0.182,False,Bittrex,Coinbase Pro
888,01-13-2021_21-55-25,COMP/USD,25.0,214.029,212.98,0.12253012442239214,-0.059469875577607856,0.182,False,Bittrex,Coinbase Pro
889,01-13-2021_21-55-37,COMP/USD,25.0,214.017,212.92,0.1281440259418654,-0.05385597405813458,0.182,False,Bittrex,Coinbase Pro
890,01-13-2021_21-55-49,COMP/USD,25.0,213.638,212.97,0.07816961401997846,-0.10383038598002153,0.182,False,Bittrex,Coinbase Pro
891,01-13-2021_21-55-59,COMP/USD,25.0,213.626,212.72,0.10602642000505626,-0.07597357999494374,0.182,False,Bittrex,Coinbase Pro
892,01-13-2021_21-56-10,COMP/USD,25.0,213.613,212.69,0.10802245181707128,-0.07397754818292872,0.182,False,Bittrex,Coinbase Pro
893,01-13-2021_21-56-20,COMP/USD,25.0,213.602,212.76,0.0985477664066831,-0.0834522335933169,0.182,False,Bittrex,Coinbase Pro
894,01-13-2021_21-56-32,COMP/USD,25.0,213.588,212.75,0.0980860347959616,-0.028913965204038397,0.127,False,Bittrex,Kraken
895,01-13-2021_21-56-44,COMP/USD,25.0,213.571,212.75,0.09610387178034448,-0.030896128219655525,0.127,False,Bittrex,Kraken
896,01-13-2021_21-56-56,COMP/USD,25.0,213.551,212.83,0.08440606693482766,-0.09759393306517233,0.182,False,Bittrex,Coinbase Pro
897,01-13-2021_21-57-08,COMP/USD,25.0,213.538,212.87,0.07820622090681827,-0.10379377909318173,0.182,False,Bittrex,Coinbase Pro
898,01-13-2021_21-57-20,COMP/USD,25.0,213.524,212.82,0.08242633146625294,-0.09957366853374705,0.182,False,Bittrex,Coinbase Pro
899,01-13-2021_21-57-31,COMP/USD,25.0,213.511,212.85,0.07739648074338107,-0.04960351925661893,0.127,False,Bittrex,Kraken
900,01-13-2021_21-57-42,COMP/USD,25.0,213.492,212.5,0.11616360332002959,-0.010836396679970411,0.127,False,Bittrex,Kraken
901,01-13-2021_21-57-53,COMP/USD,25.0,213.478,212.5,0.1145317081853878,-0.012468291814612203,0.127,False,Bittrex,Kraken
902,01-13-2021_21-58-05,COMP/USD,25.0,213.462,212.5,0.11266642306358851,-0.01433357693641149,0.127,False,Bittrex,Kraken
903,01-13-2021_21-58-16,COMP/USD,25.0,213.442,212.5,0.1103344234030799,-0.016665576596920098,0.127,False,Bittrex,Kraken
904,01-13-2021_21-58-27,COMP/USD,25.0,213.43,212.79,0.07496603101719705,-0.10703396898280294,0.182,False,Bittrex,Coinbase Pro
905,01-13-2021_21-58-37,COMP/USD,25.0,213.418,212.89,0.06185045310142771,-0.06514954689857229,0.127,False,Bittrex,Kraken
906,01-13-2021_21-58-49,COMP/USD,25.0,213.51,213.412,0.01147487237131572,-0.11552512762868428,0.127,False,Kraken,Bittrex
907,01-13-2021_21-59-02,COMP/USD,25.0,214.057,213.75,0.03585493583484632,-0.09114506416515368,0.127,False,Bittrex,Kraken
908,01-13-2021_21-59-13,COMP/USD,25.0,214.041,213.91,0.015300806854761498,-0.046819193145238504,0.06212,False,Bittrex,Binance US
909,01-13-2021_21-59-23,COMP/USD,25.0,214.688,214.05,0.07429385899537665,-0.10770614100462335,0.182,False,Bittrex,Coinbase Pro
910,01-13-2021_21-59-35,COMP/USD,25.0,214.668,214.06,0.07080701362103389,-0.1111929863789661,0.182,False,Bittrex,Coinbase Pro
911,01-13-2021_21-59-44,COMP/USD,25.0,214.657,213.88,0.09049320543937715,-0.09150679456062284,0.182,False,Bittrex,Coinbase Pro
912,01-13-2021_21-59-54,COMP/USD,25.0,214.64,213.98,0.07687290346626871,-0.10512709653373128,0.182,False,Bittrex,Coinbase Pro
913,01-13-2021_22-00-04,COMP/USD,25.0,214.626,213.93,0.08107125884096031,-0.10092874115903969,0.182,False,Bittrex,Coinbase Pro
914,01-13-2021_22-00-14,COMP/USD,25.0,214.62,213.93,0.08037461559966426,-0.10162538440033574,0.182,False,Bittrex,Coinbase Pro
915,01-13-2021_22-00-24,COMP/USD,25.0,214.609,214.13,0.055799151014171516,-0.12620084898582848,0.182,False,Bittrex,Coinbase Pro
916,01-13-2021_22-00-34,COMP/USD,25.0,214.599,214.23,0.04298715278263177,-0.13901284721736823,0.182,False,Bittrex,Coinbase Pro
917,01-13-2021_22-00-43,COMP/USD,25.0,214.591,214.39,0.023416639094838765,-0.15858336090516123,0.182,False,Bittrex,Coinbase Pro
918,01-13-2021_22-00-55,COMP/USD,25.0,214.68,214.53,0.017467859139184565,-0.13253214086081544,0.15,False,Binance US,Coinbase Pro
919,01-13-2021_22-01-06,COMP/USD,25.0,215.455,214.69,0.0887656355155386,0.026645635515538592,0.06212,True,Bittrex,Binance US
920,01-13-2021_22-01-16,COMP/USD,25.0,215.445,214.69,0.0876093666597038,0.025489366659703798,0.06212,True,Bittrex,Binance US
921,01-13-2021_22-01-26,COMP/USD,25.0,215.432,214.97,0.05361320509487787,-0.12838679490512211,0.182,False,Bittrex,Coinbase Pro
922,01-13-2021_22-01-37,COMP/USD,25.0,215.423,215.07,0.04096591357468894,-0.14103408642531107,0.182,False,Bittrex,Coinbase Pro
923,01-13-2021_22-01-49,COMP/USD,25.0,215.47,215.1,0.042929410126700304,-0.14207058987329968,0.185,False,Kraken,Coinbase Pro
924,01-13-2021_22-02-00,COMP/USD,25.0,215.412,215.22,0.02228288117653697,-0.159717118823463,0.182,False,Bittrex,Coinbase Pro
925,01-13-2021_22-02-12,COMP/USD,25.0,215.399,214.94,0.053273227823713576,-0.12872677217628642,0.182,False,Bittrex,Coinbase Pro
926,01-13-2021_22-02-23,COMP/USD,25.0,215.393,214.78,0.07114901598473483,-0.11085098401526516,0.182,False,Bittrex,Coinbase Pro
927,01-13-2021_22-02-34,COMP/USD,25.0,215.378,214.6,0.0903063451234564,-0.0916936548765436,0.182,False,Bittrex,Coinbase Pro
928,01-13-2021_22-02-45,COMP/USD,25.0,215.363,214.47,0.10366218895539167,-0.07833781104460832,0.182,False,Bittrex,Coinbase Pro
929,01-13-2021_22-02-57,COMP/USD,25.0,215.35,214.34,0.11725098676572915,-0.06474901323427085,0.182,False,Bittrex,Coinbase Pro
930,01-13-2021_22-03-09,COMP/USD,25.0,215.335,214.22,0.12944946246546185,-0.052550537534538144,0.182,False,Bittrex,Coinbase Pro
931,01-13-2021_22-03-19,COMP/USD,25.0,215.324,214.24,0.12585684828444613,-0.05614315171555387,0.182,False,Bittrex,Coinbase Pro
932,01-13-2021_22-03-29,COMP/USD,25.0,215.305,213.93,0.15965723044053784,-0.022342769559462156,0.182,False,Bittrex,Coinbase Pro
933,01-13-2021_22-03-39,COMP/USD,25.0,215.291,214.31,0.11391558402348387,-0.06808441597651613,0.182,False,Bittrex,Coinbase Pro
934,01-13-2021_22-03-50,COMP/USD,25.0,215.278,214.33,0.11009020893913672,-0.07190979106086327,0.182,False,Bittrex,Coinbase Pro
935,01-13-2021_22-04-01,COMP/USD,25.0,215.265,214.33,0.10858709033051982,-0.07341290966948018,0.182,False,Bittrex,Coinbase Pro
936,01-13-2021_22-04-11,COMP/USD,25.0,215.248,214.34,0.10545974875492305,0.043339748754923045,0.06212,True,Bittrex,Binance US
937,01-13-2021_22-04-23,COMP/USD,25.0,215.233,214.33,0.10488633248618841,0.042766332486188406,0.06212,True,Bittrex,Binance US
938,01-13-2021_22-04-34,COMP/USD,25.0,215.22,214.32,0.10454418734318438,-0.07745581265681561,0.182,False,Bittrex,Coinbase Pro
939,01-13-2021_22-04-45,COMP/USD,25.0,215.201,214.27,0.10815470188335362,-0.018845298116646383,0.127,False,Bittrex,Kraken
940,01-13-2021_22-04-55,COMP/USD,25.0,215.188,214.23,0.11129802777106512,-0.01570197222893488,0.127,False,Bittrex,Kraken
941,01-13-2021_22-05-07,COMP/USD,25.0,215.169,214.21,0.11142404342633037,-0.015575956573669628,0.127,False,Bittrex,Kraken
942,01-13-2021_22-05-17,COMP/USD,25.0,215.156,214.27,0.10294855825540487,-0.07905144174459512,0.182,False,Bittrex,Coinbase Pro
943,01-13-2021_22-05-29,COMP/USD,25.0,215.14,214.25,0.10342102816770317,-0.07857897183229683,0.182,False,Bittrex,Coinbase Pro
944,01-13-2021_22-05-40,COMP/USD,25.0,215.121,214.31,0.09424928296168285,-0.08775071703831715,0.182,False,Bittrex,Coinbase Pro
945,01-13-2021_22-05-52,COMP/USD,25.0,215.106,214.33,0.0901880933121324,-0.0918119066878676,0.182,False,Bittrex,Coinbase Pro
946,01-13-2021_22-06-03,COMP/USD,25.0,215.093,214.27,0.09565629750851715,-0.08634370249148285,0.182,False,Bittrex,Coinbase Pro
947,01-13-2021_22-06-13,COMP/USD,25.0,215.077,214.29,0.09147886570856091,-0.09052113429143908,0.182,False,Bittrex,Coinbase Pro
948,01-13-2021_22-06-25,COMP/USD,25.0,215.061,214.31,0.08730081232766572,-0.03969918767233428,0.127,False,Bittrex,Kraken
949,01-13-2021_22-06-37,COMP/USD,25.0,215.049,214.16,0.10334853917014378,-0.07865146082985622,0.182,False,Bittrex,Coinbase Pro
950,01-13-2021_22-06-48,COMP/USD,25.0,215.037,214.04,0.11591028520673351,-0.06608971479326649,0.182,False,Bittrex,Coinbase Pro
951,01-13-2021_22-06-58,COMP/USD,25.0,215.021,214.06,0.11173327256407332,-0.07026672743592667,0.182,False,Bittrex,Coinbase Pro
952,01-13-2021_22-07-09,COMP/USD,25.0,215.006,214.06,0.10999693031822344,-0.07200306968177655,0.182,False,Bittrex,Coinbase Pro
953,01-13-2021_22-07-18,COMP/USD,25.0,214.993,214.06,0.10849190438758387,-0.07350809561241613,0.182,False,Bittrex,Coinbase Pro
954,01-13-2021_22-07-30,COMP/USD,25.0,214.974,213.98,0.11559537432433686,-0.06640462567566313,0.182,False,Bittrex,Coinbase Pro
955,01-13-2021_22-07-42,COMP/USD,25.0,214.96,213.94,0.11862672125046639,-0.06337327874953361,0.182,False,Bittrex,Coinbase Pro
956,01-13-2021_22-07-53,COMP/USD,25.0,214.941,213.93,0.11759040853071258,-0.06440959146928742,0.182,False,Bittrex,Coinbase Pro
957,01-13-2021_22-08-05,COMP/USD,25.0,214.923,213.92,0.11666969100561764,-0.06533030899438236,0.182,False,Bittrex,Coinbase Pro
958,01-13-2021_22-08-16,COMP/USD,25.0,214.909,214.04,0.10108929826112445,-0.08091070173887555,0.182,False,Bittrex,Coinbase Pro
959,01-13-2021_22-08-26,COMP/USD,25.0,214.894,214.0,0.10400476514002316,-0.07799523485997684,0.182,False,Bittrex,Coinbase Pro
960,01-13-2021_22-08-38,COMP/USD,25.0,214.878,213.96,0.10680479155613627,-0.07519520844386372,0.182,False,Bittrex,Coinbase Pro
961,01-13-2021_22-08-48,COMP/USD,25.0,214.859,213.96,0.1046034841454164,-0.0773965158545836,0.182,False,Bittrex,Coinbase Pro
962,01-13-2021_22-08-59,COMP/USD,25.0,214.84,213.96,0.10240178737665187,-0.07959821262334812,0.182,False,Bittrex,Coinbase Pro
963,01-13-2021_22-09-11,COMP/USD,25.0,214.822,213.92,0.10497062684455215,-0.07702937315544785,0.182,False,Bittrex,Coinbase Pro
964,01-13-2021_22-09-23,COMP/USD,25.0,214.803,214.01,0.09229386926625867,-0.08970613073374133,0.182,False,Bittrex,Coinbase Pro
965,01-13-2021_22-09-36,COMP/USD,25.0,214.786,213.99,0.09265035896194261,-0.08934964103805738,0.182,False,Bittrex,Coinbase Pro
966,01-13-2021_22-09-49,COMP/USD,25.0,214.763,214.02,0.08649068973705841,-0.09550931026294159,0.182,False,Bittrex,Coinbase Pro
967,01-13-2021_22-10-00,COMP/USD,25.0,214.744,214.02,0.08428640613940197,-0.09771359386059802,0.182,False,Bittrex,Coinbase Pro
968,01-13-2021_22-10-11,COMP/USD,25.0,214.729,214.0,0.08487442311006121,-0.09712557688993878,0.182,False,Bittrex,Coinbase Pro
969,01-13-2021_22-10-22,COMP/USD,25.0,214.713,214.04,0.07836041599716853,-0.10363958400283146,0.182,False,Bittrex,Coinbase Pro
970,01-13-2021_22-10-34,COMP/USD,25.0,214.698,213.99,0.08244138277953199,-0.09955861722046801,0.182,False,Bittrex,Coinbase Pro
971,01-13-2021_22-10-45,COMP/USD,25.0,214.685,213.94,0.0867550131588146,-0.09524498684118539,0.182,False,Bittrex,Coinbase Pro
972,01-13-2021_22-10-57,COMP/USD,25.0,214.671,213.84,0.09677599675782814,-0.08522400324217186,0.182,False,Bittrex,Coinbase Pro
973,01-13-2021_22-11-08,COMP/USD,25.0,214.651,213.72,0.10843182654634867,-0.07356817345365133,0.182,False,Bittrex,Coinbase Pro
974,01-13-2021_22-11-18,COMP/USD,25.0,214.635,213.77,0.10075244018915609,-0.0812475598108439,0.182,False,Bittrex,Coinbase Pro
975,01-13-2021_22-11-29,COMP/USD,25.0,214.62,213.93,0.08037461559966426,-0.10162538440033574,0.182,False,Bittrex,Coinbase Pro
976,01-13-2021_22-11-41,COMP/USD,25.0,214.607,213.93,0.07886508827764152,-0.10313491172235847,0.182,False,Bittrex,Coinbase Pro
977,01-13-2021_22-11-52,COMP/USD,25.0,214.588,213.93,0.0766585270378571,-0.1053414729621429,0.182,False,Bittrex,Coinbase Pro
978,01-13-2021_22-12-04,COMP/USD,25.0,214.568,213.95,0.07200514522203023,-0.10999485477796976,0.182,False,Bittrex,Coinbase Pro
979,01-13-2021_22-12-14,COMP/USD,25.0,214.557,213.96,0.0695619345908057,-0.1124380654091943,0.182,False,Bittrex,Coinbase Pro
980,01-13-2021_22-12-25,COMP/USD,25.0,214.539,214.05,0.05698264651182022,-0.12501735348817977,0.182,False,Bittrex,Coinbase Pro
981,01-13-2021_22-12-36,COMP/USD,25.0,214.522,214.04,0.05617139500843729,-0.1258286049915627,0.182,False,Bittrex,Coinbase Pro
982,01-13-2021_22-12-48,COMP/USD,25.0,214.507,214.0,0.059088980779182614,-0.12291101922081737,0.182,False,Bittrex,Coinbase Pro
983,01-13-2021_22-12-58,COMP/USD,25.0,214.497,214.04,0.05326414821652774,-0.12873585178347224,0.182,False,Bittrex,Coinbase Pro
984,01-13-2021_22-13-11,COMP/USD,25.0,214.488,214.04,0.05221737346611553,-0.12978262653388445,0.182,False,Bittrex,Coinbase Pro
985,01-13-2021_22-13-22,COMP/USD,25.0,214.473,214.04,0.050472553654774856,-0.13152744634522515,0.182,False,Bittrex,Coinbase Pro
986,01-13-2021_22-13-33,COMP/USD,25.0,214.462,214.06,0.04686144864824385,-0.13513855135175615,0.182,False,Bittrex,Coinbase Pro
987,01-13-2021_22-13-44,COMP/USD,25.0,214.451,214.04,0.04791304307277669,-0.1340869569272233,0.182,False,Bittrex,Coinbase Pro
988,01-13-2021_22-13-56,COMP/USD,25.0,214.439,214.01,0.05001422315903381,-0.13198577684096618,0.182,False,Bittrex,Coinbase Pro
989,01-13-2021_22-14-08,COMP/USD,25.0,214.424,214.01,0.04826885050181133,-0.13373114949818865,0.182,False,Bittrex,Coinbase Pro
990,01-13-2021_22-14-19,COMP/USD,25.0,214.411,213.71,0.08173554528452288,-0.10026445471547711,0.182,False,Bittrex,Coinbase Pro
991,01-13-2021_22-14-31,COMP/USD,25.0,214.393,213.62,0.09013820413912722,-0.09186179586087277,0.182,False,Bittrex,Coinbase Pro
992,01-13-2021_22-14-41,COMP/USD,25.0,214.382,213.57,0.09469078560700198,-0.08730921439299802,0.182,False,Bittrex,Coinbase Pro
993,01-13-2021_22-14-50,COMP/USD,25.0,214.37,213.63,0.08629938890703097,-0.09570061109296903,0.182,False,Bittrex,Coinbase Pro
994,01-13-2021_22-15-01,COMP/USD,25.0,214.353,213.63,0.08432352241396356,-0.09767647758603644,0.182,False,Bittrex,Coinbase Pro
995,01-13-2021_22-15-12,COMP/USD,25.0,214.335,213.67,0.07756549326988364,-0.10443450673011635,0.182,False,Bittrex,Coinbase Pro
996,01-13-2021_22-15-23,COMP/USD,25.0,214.325,213.58,0.08690073486527192,-0.09509926513472808,0.182,False,Bittrex,Coinbase Pro
997,01-13-2021_22-15-35,COMP/USD,25.0,214.312,213.64,0.07839038411288513,-0.10360961588711487,0.182,False,Bittrex,Coinbase Pro
998,01-13-2021_22-15-45,COMP/USD,25.0,214.298,213.61,0.08026206497494007,-0.10173793502505993,0.182,False,Bittrex,Coinbase Pro
999,01-13-2021_22-15-57,COMP/USD,25.0,214.28,213.6,0.079335448945306,-0.10266455105469399,0.182,False,Bittrex,Coinbase Pro
1000,01-13-2021_22-16-08,COMP/USD,25.0,214.266,213.63,0.07420682702808608,-0.10779317297191392,0.182,False,Bittrex,Coinbase Pro
1001,01-13-2021_22-16-19,COMP/USD,25.0,214.248,213.66,0.06861207572532695,-0.11338792427467305,0.182,False,Bittrex,Coinbase Pro
1002,01-13-2021_22-16-28,COMP/USD,25.0,214.236,213.53,0.08238578016766426,-0.09961421983233573,0.182,False,Bittrex,Coinbase Pro
1003,01-13-2021_22-16-39,COMP/USD,25.0,214.225,213.39,0.09744427587816641,-0.08455572412183358,0.182,False,Bittrex,Coinbase Pro
1004,01-13-2021_22-16-48,COMP/USD,25.0,214.214,213.24,0.11367137535361713,-0.06832862464638287,0.182,False,Bittrex,Coinbase Pro
1005,01-13-2021_22-16-59,COMP/USD,25.0,214.2,213.3,0.10504201680672004,-0.07695798319327996,0.182,False,Bittrex,Coinbase Pro
1006,01-13-2021_22-17-10,COMP/USD,25.0,214.186,213.67,0.06022802610815128,-0.12177197389184871,0.182,False,Bittrex,Coinbase Pro
1007,01-13-2021_22-17-20,COMP/USD,25.0,214.176,213.67,0.059063573883161545,-0.12293642611683844,0.182,False,Bittrex,Coinbase Pro
1008,01-13-2021_22-17-31,COMP/USD,25.0,214.155,213.67,0.05661787023417777,-0.12538212976582222,0.182,False,Bittrex,Coinbase Pro
1009,01-13-2021_22-17-42,COMP/USD,25.0,214.138,213.33,0.094331692646797,-0.087668307353203,0.182,False,Bittrex,Coinbase Pro
1010,01-13-2021_22-17-52,COMP/USD,25.0,214.121,213.45,0.0783435534113913,-0.10365644658860869,0.182,False,Bittrex,Coinbase Pro
1011,01-13-2021_22-18-04,COMP/USD,25.0,214.105,213.55,0.06480465192311931,-0.11719534807688069,0.182,False,Bittrex,Coinbase Pro
1012,01-13-2021_22-18-14,COMP/USD,25.0,214.092,213.54,0.06445827027633223,-0.11754172972366776,0.182,False,Bittrex,Coinbase Pro
1013,01-13-2021_22-18-25,COMP/USD,25.0,214.074,213.5,0.06703289516709318,-0.11496710483290681,0.182,False,Bittrex,Coinbase Pro
1014,01-13-2021_22-18-36,COMP/USD,25.0,214.06,213.44,0.07240960478370603,-0.10959039521629396,0.182,False,Bittrex,Coinbase Pro
1015,01-13-2021_22-18-45,COMP/USD,25.0,214.042,213.51,0.062137337531887514,-0.11986266246811247,0.182,False,Bittrex,Coinbase Pro
1016,01-13-2021_22-18-55,COMP/USD,25.0,214.023,213.67,0.04123388607766556,-0.14076611392233443,0.182,False,Bittrex,Coinbase Pro
1017,01-13-2021_22-19-06,COMP/USD,25.0,214.01,213.67,0.03971777019765471,-0.14228222980234528,0.182,False,Bittrex,Coinbase Pro
1018,01-13-2021_22-19-16,COMP/USD,25.0,213.995,213.67,0.03796817682656336,-0.14403182317343663,0.182,False,Bittrex,Coinbase Pro
1019,01-13-2021_22-19-26,COMP/USD,25.0,213.98,213.67,0.03621833816244535,-0.14578166183755464,0.182,False,Bittrex,Coinbase Pro
1020,01-13-2021_22-19-36,COMP/USD,25.0,213.959,213.43,0.06181090769726868,-0.12018909230273131,0.182,False,Bittrex,Coinbase Pro
1021,01-13-2021_22-19-47,COMP/USD,25.0,213.943,213.4,0.06345148006712142,0.0013314800671214225,0.06212,False,Bittrex,Binance US
1022,01-13-2021_22-19-57,COMP/USD,25.0,213.932,213.23,0.08203541312192639,-0.09996458687807361,0.182,False,Bittrex,Coinbase Pro
1023,01-13-2021_22-20-08,COMP/USD,25.0,213.914,213.09,0.0963003823966622,-0.08569961760333779,0.182,False,Bittrex,Coinbase Pro
1024,01-13-2021_22-20-19,COMP/USD,25.0,213.899,212.99,0.10624173091038198,-0.07575826908961801,0.182,False,Bittrex,Coinbase Pro
1025,01-13-2021_22-20-30,COMP/USD,25.0,213.886,213.16,0.08485828899507203,-0.09714171100492797,0.182,False,Bittrex,Coinbase Pro
1026,01-13-2021_22-20-40,COMP/USD,25.0,213.867,213.12,0.08732062450027187,-0.09467937549972813,0.182,False,Bittrex,Coinbase Pro
1027,01-13-2021_22-20-51,COMP/USD,25.0,213.849,213.18,0.0782093907383227,-0.1037906092616773,0.182,False,Bittrex,Coinbase Pro
1028,01-13-2021_22-21-01,COMP/USD,25.0,213.833,213.16,0.07868289740124323,-0.10331710259875676,0.182,False,Bittrex,Coinbase Pro
1029,01-13-2021_22-21-12,COMP/USD,25.0,213.817,213.2,0.0721411300317583,-0.10985886996824169,0.182,False,Bittrex,Coinbase Pro
1030,01-13-2021_22-21-23,COMP/USD,25.0,213.803,213.16,0.07518603574318423,-0.10681396425681576,0.182,False,Bittrex,Coinbase Pro
1031,01-13-2021_22-21-34,COMP/USD,25.0,213.786,213.29,0.05800192716080675,-0.06899807283919325,0.127,False,Bittrex,Kraken
1032,01-13-2021_22-21-46,COMP/USD,25.0,213.768,213.29,0.05590172523483504,-0.07109827476516496,0.127,False,Bittrex,Kraken
1033,01-13-2021_22-21-56,COMP/USD,25.0,213.759,213.29,0.05485149163310014,-0.07214850836689987,0.127,False,Bittrex,Kraken
1034,01-13-2021_22-22-08,COMP/USD,25.0,213.74,213.63,0.012866098998785163,-0.16913390100121484,0.182,False,Bittrex,Coinbase Pro
1035,01-13-2021_22-22-19,COMP/USD,25.0,213.81,213.63,0.021046723726674012,-0.16395327627332598,0.185,False,Kraken,Coinbase Pro
1036,01-13-2021_22-22-29,COMP/USD,25.0,213.79,213.62,0.01987932082884928,-0.16512067917115072,0.185,False,Kraken,Coinbase Pro
1037,01-13-2021_22-22-39,COMP/USD,25.0,213.76,213.64,0.014034431137725083,-0.1709655688622749,0.185,False,Kraken,Coinbase Pro
1038,01-13-2021_22-22-49,COMP/USD,25.0,213.7,213.6,0.011698642957416275,-0.17330135704258373,0.185,False,Kraken,Coinbase Pro
1039,01-13-2021_22-22-59,COMP/USD,25.0,213.8,213.63,0.019878391019646387,-0.1651216089803536,0.185,False,Kraken,Coinbase Pro
1040,01-13-2021_22-23-10,COMP/USD,25.0,213.71,213.59,0.014037714660053874,-0.17096228533994612,0.185,False,Kraken,Coinbase Pro
1041,01-13-2021_22-23-21,COMP/USD,25.0,213.69,213.61,0.009359352332816708,-0.13064064766718328,0.13999999999999999,False,Binance US,Coinbase Pro
1042,01-13-2021_22-23-31,COMP/USD,25.0,213.79,213.643,0.017189765657887573,-0.10981023434211243,0.127,False,Kraken,Bittrex
1043,01-13-2021_22-23-42,COMP/USD,25.0,214.56,213.64,0.10719612229679529,-0.07480387770320471,0.182,False,Bittrex,Coinbase Pro
1044,01-13-2021_22-23-53,COMP/USD,25.0,214.542,213.51,0.12025617361635609,-0.06174382638364391,0.182,False,Bittrex,Coinbase Pro
1045,01-13-2021_22-24-04,COMP/USD,25.0,214.523,213.51,0.118052609743478,-0.06394739025652199,0.182,False,Bittrex,Coinbase Pro
1046,01-13-2021_22-24-14,COMP/USD,25.0,214.508,213.51,0.11631267831503007,-0.06568732168496992,0.182,False,Bittrex,Coinbase Pro
1047,01-13-2021_22-24-25,COMP/USD,25.0,214.487,213.49,0.1162075090798027,-0.06579249092019729,0.182,False,Bittrex,Coinbase Pro
