,Date,Symbol,Investment,High,Low,Adjusted Spread,Adj. Spread after fees,Fees,Profitable,Sell exchange,Buy exchange
0,01-13-2021_19-15-10,DAI/USD,25.0,1.0058,1.000426,0.13357526347186294,-0.04892473652813706,0.1825,False,Bittrex,Coinbase Pro
1,01-13-2021_19-15-19,DAI/USD,25.0,1.0058,1.000413,0.13389838934181822,-0.048601610658181776,0.1825,False,Bittrex,Coinbase Pro
2,01-13-2021_19-15-31,DAI/USD,25.0,1.0058,1.000397,0.13429608272022386,-0.04820391727977613,0.1825,False,Bittrex,Coinbase Pro
3,01-13-2021_19-15-42,DAI/USD,25.0,1.0058,1.000444,0.1331278584211552,-0.049372141578844786,0.1825,False,Bittrex,Coinbase Pro
4,01-13-2021_19-15-53,DAI/USD,25.0,1.0058,1.000387,0.13454464108172876,-0.04795535891827124,0.1825,False,Bittrex,Coinbase Pro
5,01-13-2021_19-16-04,DAI/USD,25.0,1.0058,1.000448,0.13302843507655654,-0.049471564923443456,0.1825,False,Bittrex,Coinbase Pro
6,01-13-2021_19-16-14,DAI/USD,25.0,1.0058,1.000331,0.135936567906143,-0.04656343209385699,0.1825,False,Bittrex,Coinbase Pro
7,01-13-2021_19-16-25,DAI/USD,25.0,1.0058,1.000307,0.13653310797375148,-0.04596689202624851,0.1825,False,Bittrex,Coinbase Pro
8,01-13-2021_19-16-35,DAI/USD,25.0,1.0058,1.000316,0.13630940544840037,-0.04619059455159963,0.1825,False,Bittrex,Coinbase Pro
9,01-13-2021_19-16-46,DAI/USD,25.0,1.0058,1.000269,0.13747762974746353,-0.04502237025253647,0.1825,False,Bittrex,Coinbase Pro
10,01-13-2021_19-16-59,DAI/USD,25.0,1.0058,1.000243,0.13812388148737406,-0.044376118512625934,0.1825,False,Bittrex,Coinbase Pro
11,01-13-2021_19-17-11,DAI/USD,25.0,1.0058,1.0008,0.12427918075164335,0.041779180751643344,0.0825,True,Bittrex,Binance US
12,01-13-2021_19-17-22,DAI/USD,25.0,1.0058,1.000591,0.1294740505070595,-0.05302594949294048,0.1825,False,Bittrex,Coinbase Pro
13,01-13-2021_19-17-33,DAI/USD,25.0,1.0058,1.000508,0.13153708490753813,-0.05096291509246187,0.1825,False,Bittrex,Coinbase Pro
14,01-13-2021_19-17-43,DAI/USD,25.0,1.0058,1.000448,0.13302843507655654,-0.049471564923443456,0.1825,False,Bittrex,Coinbase Pro
15,01-13-2021_19-17-55,DAI/USD,25.0,1.0058,1.000448,0.13302843507655654,-0.049471564923443456,0.1825,False,Bittrex,Coinbase Pro
16,01-13-2021_19-18-07,DAI/USD,25.0,1.0058,1.000448,0.13302843507655654,-0.049471564923443456,0.1825,False,Bittrex,Coinbase Pro
17,01-13-2021_19-18-18,DAI/USD,25.0,1.0058,1.000448,0.13302843507655654,-0.049471564923443456,0.1825,False,Bittrex,Coinbase Pro
18,01-13-2021_19-18-30,DAI/USD,25.0,1.0058,1.000411,0.1339481010141203,-0.04855189898587969,0.1825,False,Bittrex,Coinbase Pro
19,01-13-2021_19-18-40,DAI/USD,25.0,1.0058,1.000329,0.13598627957844509,-0.04651372042155491,0.1825,False,Bittrex,Coinbase Pro
20,01-13-2021_19-18-51,DAI/USD,25.0,1.0058,1.000329,0.13598627957844509,-0.04651372042155491,0.1825,False,Bittrex,Coinbase Pro
21,01-13-2021_19-19-01,DAI/USD,25.0,1.0058,1.000332,0.13591171206999472,-0.04658828793000527,0.1825,False,Bittrex,Coinbase Pro
22,01-13-2021_19-19-14,DAI/USD,25.0,1.0058,1.000356,0.13531517200238627,-0.047184827997613726,0.1825,False,Bittrex,Coinbase Pro
23,01-13-2021_19-19-25,DAI/USD,25.0,1.0058,1.000537,0.1308162656591772,-0.051683734340822796,0.1825,False,Bittrex,Coinbase Pro
24,01-13-2021_19-19-36,DAI/USD,25.0,1.0058,1.0006,0.12925034798170842,0.01675034798170842,0.1125,True,Bittrex,Kraken
25,01-13-2021_19-19-47,DAI/USD,25.0,1.0058,1.000636,0.12835553788029294,-0.054144462119707054,0.1825,False,Bittrex,Coinbase Pro
26,01-13-2021_19-19-58,DAI/USD,25.0,1.0058,1.0007,0.12676476436667589,-0.05573523563332411,0.1825,False,Bittrex,Coinbase Pro
27,01-13-2021_19-20-10,DAI/USD,25.0,1.0058,1.00058,0.1297474647047127,0.01724746470471271,0.1125,True,Bittrex,Kraken
28,01-13-2021_19-20-22,DAI/USD,25.0,1.0058,1.00058,0.1297474647047127,0.01724746470471271,0.1125,True,Bittrex,Kraken
29,01-13-2021_19-20-33,DAI/USD,25.0,1.0058,1.00058,0.1297474647047127,0.01724746470471271,0.1125,True,Bittrex,Kraken
30,01-13-2021_19-20-44,DAI/USD,25.0,1.0058,1.00058,0.1297474647047127,0.01724746470471271,0.1125,True,Bittrex,Kraken
31,01-13-2021_19-20-54,DAI/USD,25.0,1.0058,1.00054,0.13074169815072684,0.018241698150726834,0.1125,True,Bittrex,Kraken
32,01-13-2021_19-21-04,DAI/USD,25.0,1.0058,1.00054,0.13074169815072684,0.018241698150726834,0.1125,True,Bittrex,Kraken
33,01-13-2021_19-21-15,DAI/USD,25.0,1.0058,1.000531,0.13096540067607795,-0.05153459932392204,0.1825,False,Bittrex,Coinbase Pro
34,01-13-2021_19-21-24,DAI/USD,25.0,1.0058,1.000478,0.13228275999204733,-0.05021724000795266,0.1825,False,Bittrex,Coinbase Pro
35,01-13-2021_19-21-36,DAI/USD,25.0,1.0058,1.000315,0.13633426128454865,-0.04616573871545135,0.1825,False,Bittrex,Coinbase Pro
36,01-13-2021_19-21-47,DAI/USD,25.0,1.0058,1.000315,0.13633426128454865,-0.04616573871545135,0.1825,False,Bittrex,Coinbase Pro
37,01-13-2021_19-21-57,DAI/USD,25.0,1.0058,1.000315,0.13633426128454865,-0.04616573871545135,0.1825,False,Bittrex,Coinbase Pro
38,01-13-2021_19-22-08,DAI/USD,25.0,1.0058,1.000309,0.13648339630145492,-0.04601660369854507,0.1825,False,Bittrex,Coinbase Pro
39,01-13-2021_19-22-18,DAI/USD,25.0,1.0058,1.000313,0.13638397295685076,-0.04611602704314924,0.1825,False,Bittrex,Coinbase Pro
40,01-13-2021_19-22-28,DAI/USD,25.0,1.0058,1.000313,0.13638397295685076,-0.04611602704314924,0.1825,False,Bittrex,Coinbase Pro
41,01-13-2021_19-22-37,DAI/USD,25.0,1.0058,1.000313,0.13638397295685076,-0.04611602704314924,0.1825,False,Bittrex,Coinbase Pro
42,01-13-2021_19-22-47,DAI/USD,25.0,1.0058,1.000254,0.1378504672897209,-0.044649532710279105,0.1825,False,Bittrex,Coinbase Pro
43,01-13-2021_19-22-57,DAI/USD,25.0,1.0058,1.000254,0.1378504672897209,-0.044649532710279105,0.1825,False,Bittrex,Coinbase Pro
44,01-13-2021_19-23-07,DAI/USD,25.0,1.0058,1.000254,0.1378504672897209,-0.044649532710279105,0.1825,False,Bittrex,Coinbase Pro
45,01-13-2021_19-23-16,DAI/USD,25.0,1.0058,1.000212,0.13889441240803158,-0.04360558759196842,0.1825,False,Bittrex,Coinbase Pro
46,01-13-2021_19-23-26,DAI/USD,25.0,1.0058,1.000212,0.13889441240803158,-0.04360558759196842,0.1825,False,Bittrex,Coinbase Pro
47,01-13-2021_19-23-36,DAI/USD,25.0,1.0058,1.000212,0.13889441240803158,-0.04360558759196842,0.1825,False,Bittrex,Coinbase Pro
48,01-13-2021_19-23-45,DAI/USD,25.0,1.0058,1.000212,0.13889441240803158,-0.04360558759196842,0.1825,False,Bittrex,Coinbase Pro
49,01-13-2021_19-23-54,DAI/USD,25.0,1.0058,1.000209,0.13896897991648746,-0.043531020083512534,0.1825,False,Bittrex,Coinbase Pro
50,01-13-2021_19-24-05,DAI/USD,25.0,1.0058,1.000205,0.1390684032610861,-0.04343159673891389,0.1825,False,Bittrex,Coinbase Pro
51,01-13-2021_19-24-16,DAI/USD,25.0,1.0058,1.00021,0.13894412408033366,-0.04355587591966634,0.1825,False,Bittrex,Coinbase Pro
52,01-13-2021_19-24-26,DAI/USD,25.0,1.0058,1.000206,0.13904354742493782,-0.04345645257506217,0.1825,False,Bittrex,Coinbase Pro
53,01-13-2021_19-24-36,DAI/USD,25.0,1.0058,1.000196,0.13929210578643722,-0.043207894213562775,0.1825,False,Bittrex,Coinbase Pro
54,01-13-2021_19-24-44,DAI/USD,25.0,1.0058,1.000196,0.13929210578643722,-0.043207894213562775,0.1825,False,Bittrex,Coinbase Pro
55,01-13-2021_19-24-54,DAI/USD,25.0,1.0058,1.00021,0.13894412408033366,-0.04355587591966634,0.1825,False,Bittrex,Coinbase Pro
56,01-13-2021_19-25-04,DAI/USD,25.0,1.0058,1.000205,0.1390684032610861,-0.04343159673891389,0.1825,False,Bittrex,Coinbase Pro
57,01-13-2021_19-25-14,DAI/USD,25.0,1.0058,1.000208,0.13899383575263574,-0.043506164247364254,0.1825,False,Bittrex,Coinbase Pro
58,01-13-2021_19-25-24,DAI/USD,25.0,1.0058,1.00016,0.14018691588785268,-0.04231308411214732,0.1825,False,Bittrex,Coinbase Pro
59,01-13-2021_19-25-33,DAI/USD,25.0,1.0058,1.00016,0.14018691588785268,-0.04231308411214732,0.1825,False,Bittrex,Coinbase Pro
60,01-13-2021_19-25-43,DAI/USD,25.0,1.0058,1.000205,0.1390684032610861,-0.04343159673891389,0.1825,False,Bittrex,Coinbase Pro
61,01-13-2021_19-25-53,DAI/USD,25.0,1.0058,1.000133,0.14085802346391152,-0.041641976536088476,0.1825,False,Bittrex,Coinbase Pro
62,01-13-2021_19-26-03,DAI/USD,25.0,1.0058,1.000066,0.1425233644859845,-0.03997663551401551,0.1825,False,Bittrex,Coinbase Pro
63,01-13-2021_19-26-13,DAI/USD,25.0,1.0058,1.000061,0.1426476436667314,-0.039852356333268585,0.1825,False,Bittrex,Coinbase Pro
64,01-13-2021_19-26-23,DAI/USD,25.0,1.0058,1.000129,0.14095744680851016,-0.041542553191489834,0.1825,False,Bittrex,Coinbase Pro
65,01-13-2021_19-26-34,DAI/USD,25.0,1.0058,1.000132,0.1408828793000598,-0.0416171206999402,0.1825,False,Bittrex,Coinbase Pro
66,01-13-2021_19-26-44,DAI/USD,25.0,1.0058,1.000132,0.1408828793000598,-0.0416171206999402,0.1825,False,Bittrex,Coinbase Pro
67,01-13-2021_19-26-54,DAI/USD,25.0,1.0058,1.00013,0.14093259097236188,-0.041567409027638114,0.1825,False,Bittrex,Coinbase Pro
68,01-13-2021_19-27-03,DAI/USD,25.0,1.0058,1.000132,0.1408828793000598,-0.0416171206999402,0.1825,False,Bittrex,Coinbase Pro
69,01-13-2021_19-27-13,DAI/USD,25.0,1.0058,1.000131,0.14090773513620808,-0.04159226486379192,0.1825,False,Bittrex,Coinbase Pro
70,01-13-2021_19-27-23,DAI/USD,25.0,1.0058,1.000131,0.14090773513620808,-0.04159226486379192,0.1825,False,Bittrex,Coinbase Pro
71,01-13-2021_19-27-33,DAI/USD,25.0,1.0058,1.00013,0.14093259097236188,-0.041567409027638114,0.1825,False,Bittrex,Coinbase Pro
72,01-13-2021_19-27-44,DAI/USD,25.0,1.0058,1.000131,0.14090773513620808,-0.04159226486379192,0.1825,False,Bittrex,Coinbase Pro
73,01-13-2021_19-27-55,DAI/USD,25.0,1.0058,1.000129,0.14095744680851016,-0.041542553191489834,0.1825,False,Bittrex,Coinbase Pro
74,01-13-2021_19-28-06,DAI/USD,25.0,1.0058,1.000129,0.14095744680851016,-0.041542553191489834,0.1825,False,Bittrex,Coinbase Pro
75,01-13-2021_19-28-16,DAI/USD,25.0,1.0058,1.000076,0.14227480612447957,-0.040225193875520426,0.1825,False,Bittrex,Coinbase Pro
76,01-13-2021_19-28-26,DAI/USD,25.0,1.00579,1.000131,0.14066057526918788,-0.04183942473081212,0.1825,False,Bittrex,Coinbase Pro
77,01-13-2021_19-28-37,DAI/USD,25.0,1.00579,1.000131,0.14066057526918788,-0.04183942473081212,0.1825,False,Bittrex,Coinbase Pro
78,01-13-2021_19-28-47,DAI/USD,25.0,1.00579,1.000124,0.14083456785213486,-0.04166543214786514,0.1825,False,Bittrex,Coinbase Pro
79,01-13-2021_19-28-57,DAI/USD,25.0,1.00579,1.00012,0.14093399218524902,-0.04156600781475098,0.1825,False,Bittrex,Coinbase Pro
80,01-13-2021_19-29-10,DAI/USD,25.0,1.00579,1.000095,0.1415553942671931,-0.040944605732806894,0.1825,False,Bittrex,Coinbase Pro
81,01-13-2021_19-29-21,DAI/USD,25.0,1.00579,1.000118,0.14098370435180058,-0.04151629564819942,0.1825,False,Bittrex,Coinbase Pro
82,01-13-2021_19-29-32,DAI/USD,25.0,1.00579,1.000119,0.14095884826852478,-0.04154115173147521,0.1825,False,Bittrex,Coinbase Pro
83,01-13-2021_19-30-04,DAI/USD,25.0,1.00579,1.000113,0.14110798476819048,-0.04139201523180952,0.1825,False,Bittrex,Coinbase Pro
84,01-13-2021_19-30-14,DAI/USD,25.0,1.00579,1.000114,0.1410831286849147,-0.041416871315085285,0.1825,False,Bittrex,Coinbase Pro
85,01-13-2021_19-30-25,DAI/USD,25.0,1.00579,1.0,0.14391672217858506,0.05141672217858506,0.0925,True,Bittrex,Binance US
86,01-13-2021_19-30-36,DAI/USD,25.0,1.00579,1.0,0.14391672217858506,0.05141672217858506,0.0925,True,Bittrex,Binance US
87,01-13-2021_19-30-48,DAI/USD,25.0,1.00579,1.0,0.14391672217858506,0.05141672217858506,0.0925,True,Bittrex,Binance US
88,01-13-2021_19-30-59,DAI/USD,25.0,1.00579,1.0,0.14391672217858506,0.05141672217858506,0.0925,True,Bittrex,Binance US
89,01-13-2021_19-31-10,DAI/USD,25.0,1.00579,1.000096,0.1415305381839118,-0.04096946181608818,0.1825,False,Bittrex,Coinbase Pro
90,01-13-2021_19-31-22,DAI/USD,25.0,1.00579,1.000095,0.1415553942671931,-0.040944605732806894,0.1825,False,Bittrex,Coinbase Pro
91,01-13-2021_19-31-32,DAI/USD,25.0,1.00579,1.000093,0.14160510643375018,-0.04089489356624981,0.1825,False,Bittrex,Coinbase Pro
92,01-13-2021_19-31-46,DAI/USD,25.0,1.00579,1.000095,0.1415553942671931,-0.040944605732806894,0.1825,False,Bittrex,Coinbase Pro
93,01-13-2021_19-31-58,DAI/USD,25.0,1.00579,1.000097,0.14150568210063602,-0.040994317899363975,0.1825,False,Bittrex,Coinbase Pro
94,01-13-2021_19-32-08,DAI/USD,25.0,1.00579,1.000097,0.14150568210063602,-0.040994317899363975,0.1825,False,Bittrex,Coinbase Pro
95,01-13-2021_19-32-20,DAI/USD,25.0,1.00579,1.00009,0.14167967468358303,-0.04082032531641697,0.1825,False,Bittrex,Coinbase Pro
96,01-13-2021_19-32-31,DAI/USD,25.0,1.00579,1.000097,0.14150568210063602,-0.040994317899363975,0.1825,False,Bittrex,Coinbase Pro
97,01-13-2021_19-32-42,DAI/USD,25.0,1.00579,1.00007,0.14217679634913719,-0.04032320365086281,0.1825,False,Bittrex,Coinbase Pro
98,01-13-2021_19-32-54,DAI/USD,25.0,1.00579,1.000082,0.1418785233498058,-0.040621476650194194,0.1825,False,Bittrex,Coinbase Pro
99,01-13-2021_19-33-05,DAI/USD,25.0,1.00579,1.000095,0.1415553942671931,-0.040944605732806894,0.1825,False,Bittrex,Coinbase Pro
100,01-13-2021_19-33-16,DAI/USD,25.0,1.00579,1.000095,0.1415553942671931,-0.040944605732806894,0.1825,False,Bittrex,Coinbase Pro
101,01-13-2021_19-33-27,DAI/USD,25.0,1.00579,1.000095,0.1415553942671931,-0.040944605732806894,0.1825,False,Bittrex,Coinbase Pro
102,01-13-2021_19-33-38,DAI/USD,25.0,1.00579,1.000095,0.1415553942671931,-0.040944605732806894,0.1825,False,Bittrex,Coinbase Pro
103,01-13-2021_19-33-48,DAI/USD,25.0,1.00579,1.000094,0.14158025035046887,-0.04091974964953113,0.1825,False,Bittrex,Coinbase Pro
104,01-13-2021_19-33-59,DAI/USD,25.0,1.00579,1.000094,0.14158025035046887,-0.04091974964953113,0.1825,False,Bittrex,Coinbase Pro
105,01-13-2021_19-34-10,DAI/USD,25.0,1.00579,1.000094,0.14158025035046887,-0.04091974964953113,0.1825,False,Bittrex,Coinbase Pro
106,01-13-2021_19-34-19,DAI/USD,25.0,1.00579,1.000094,0.14158025035046887,-0.04091974964953113,0.1825,False,Bittrex,Coinbase Pro
107,01-13-2021_19-34-29,DAI/USD,25.0,1.00579,1.000082,0.1418785233498058,-0.040621476650194194,0.1825,False,Bittrex,Coinbase Pro
108,01-13-2021_19-34-40,DAI/USD,25.0,1.00579,1.000081,0.14190337943308157,-0.04059662056691843,0.1825,False,Bittrex,Coinbase Pro
109,01-13-2021_19-34-50,DAI/USD,25.0,1.00579,1.000082,0.1418785233498058,-0.040621476650194194,0.1825,False,Bittrex,Coinbase Pro
110,01-13-2021_19-35-02,DAI/USD,25.0,1.00579,1.000064,0.14232593284880288,-0.04017406715119712,0.1825,False,Bittrex,Coinbase Pro
111,01-13-2021_19-35-12,DAI/USD,25.0,1.00579,1.000026,0.14327046401335966,-0.039229535986640335,0.1825,False,Bittrex,Coinbase Pro
112,01-13-2021_19-35-23,DAI/USD,25.0,1.00579,1.000075,0.14205251593274726,-0.04044748406725274,0.1825,False,Bittrex,Coinbase Pro
113,01-13-2021_19-35-34,DAI/USD,25.0,1.00579,1.000075,0.14205251593274726,-0.04044748406725274,0.1825,False,Bittrex,Coinbase Pro
114,01-13-2021_19-35-44,DAI/USD,25.0,1.00579,1.000075,0.14205251593274726,-0.04044748406725274,0.1825,False,Bittrex,Coinbase Pro
115,01-13-2021_19-35-53,DAI/USD,25.0,1.00579,1.000073,0.14210222809930434,-0.040397771900695656,0.1825,False,Bittrex,Coinbase Pro
116,01-13-2021_19-36-04,DAI/USD,25.0,1.00579,1.000073,0.14210222809930434,-0.040397771900695656,0.1825,False,Bittrex,Coinbase Pro
117,01-13-2021_19-36-14,DAI/USD,25.0,1.00579,1.000073,0.14210222809930434,-0.040397771900695656,0.1825,False,Bittrex,Coinbase Pro
118,01-13-2021_19-36-25,DAI/USD,25.0,1.00579,1.000073,0.14210222809930434,-0.040397771900695656,0.1825,False,Bittrex,Coinbase Pro
119,01-13-2021_19-36-35,DAI/USD,25.0,1.00578,1.000073,0.1418550776511739,-0.04064492234882611,0.1825,False,Bittrex,Coinbase Pro
120,01-13-2021_19-36-45,DAI/USD,25.0,1.00578,1.000073,0.1418550776511739,-0.04064492234882611,0.1825,False,Bittrex,Coinbase Pro
121,01-13-2021_19-36-55,DAI/USD,25.0,1.00578,1.000071,0.14190479031199577,-0.04059520968800423,0.1825,False,Bittrex,Coinbase Pro
122,01-13-2021_19-37-06,DAI/USD,25.0,1.00578,1.000061,0.14215335361609416,-0.04034664638390584,0.1825,False,Bittrex,Coinbase Pro
123,01-13-2021_19-37-16,DAI/USD,25.0,1.00578,1.000071,0.14190479031199577,-0.04059520968800423,0.1825,False,Bittrex,Coinbase Pro
124,01-13-2021_19-37-27,DAI/USD,25.0,1.00578,1.000542,0.13019745868877522,-0.052302541311224776,0.1825,False,Bittrex,Coinbase Pro
125,01-13-2021_19-37-39,DAI/USD,25.0,1.00578,1.000399,0.13375191393743807,-0.048748086062561924,0.1825,False,Bittrex,Coinbase Pro
126,01-13-2021_19-37-49,DAI/USD,25.0,1.00578,1.000337,0.13529300642287242,-0.04720699357712757,0.1825,False,Bittrex,Coinbase Pro
127,01-13-2021_19-38-01,DAI/USD,25.0,1.00578,1.000291,0.1364363976217427,-0.046063602378257296,0.1825,False,Bittrex,Coinbase Pro
128,01-13-2021_19-38-12,DAI/USD,25.0,1.00578,1.000273,0.13688381156912865,-0.04561618843087134,0.1825,False,Bittrex,Coinbase Pro
129,01-13-2021_19-38-22,DAI/USD,25.0,1.00578,1.000196,0.13879774901071337,-0.04370225098928662,0.1825,False,Bittrex,Coinbase Pro
130,01-13-2021_19-38-33,DAI/USD,25.0,1.00578,1.000289,0.1364861102825646,-0.04601388971743539,0.1825,False,Bittrex,Coinbase Pro
131,01-13-2021_19-38-43,DAI/USD,25.0,1.00578,1.000285,0.13658553560420286,-0.04591446439579713,0.1825,False,Bittrex,Coinbase Pro
132,01-13-2021_19-38-53,DAI/USD,25.0,1.00578,1.000265,0.1370826622124107,-0.0454173377875893,0.1825,False,Bittrex,Coinbase Pro
133,01-13-2021_19-39-05,DAI/USD,25.0,1.00578,1.000104,0.14108453140845395,-0.041415468591546045,0.1825,False,Bittrex,Coinbase Pro
134,01-13-2021_19-39-15,DAI/USD,25.0,1.00578,1.000066,0.14202907196404774,-0.04047092803595226,0.1825,False,Bittrex,Coinbase Pro
135,01-13-2021_19-39-25,DAI/USD,25.0,1.00578,1.000169,0.13946886993178953,-0.043031130068210466,0.1825,False,Bittrex,Coinbase Pro
136,01-13-2021_19-39-37,DAI/USD,25.0,1.00578,1.000148,0.13999085287040555,-0.04250914712959444,0.1825,False,Bittrex,Coinbase Pro
137,01-13-2021_19-39-47,DAI/USD,25.0,1.00578,1.000134,0.14033884149614773,-0.04216115850385227,0.1825,False,Bittrex,Coinbase Pro
138,01-13-2021_19-39-58,DAI/USD,25.0,1.00578,1.000126,0.14053769213942974,-0.04196230786057026,0.1825,False,Bittrex,Coinbase Pro
139,01-13-2021_19-40-08,DAI/USD,25.0,1.00578,1.00009,0.14143252003420165,-0.04106747996579835,0.1825,False,Bittrex,Coinbase Pro
140,01-13-2021_19-40-18,DAI/USD,25.0,1.00578,1.000108,0.1409851060868157,-0.0415148939131843,0.1825,False,Bittrex,Coinbase Pro
141,01-13-2021_19-40-29,DAI/USD,25.0,1.00578,1.000125,0.14056254846984345,-0.041937451530156544,0.1825,False,Bittrex,Coinbase Pro
142,01-13-2021_19-40-40,DAI/USD,25.0,1.00578,1.000134,0.14033884149614773,-0.04216115850385227,0.1825,False,Bittrex,Coinbase Pro
143,01-13-2021_19-40-50,DAI/USD,25.0,1.00578,1.000132,0.1403885541569696,-0.04211144584303039,0.1825,False,Bittrex,Coinbase Pro
144,01-13-2021_19-41-00,DAI/USD,25.0,1.00578,1.000134,0.14033884149614773,-0.04216115850385227,0.1825,False,Bittrex,Coinbase Pro
145,01-13-2021_19-41-10,DAI/USD,25.0,1.00578,1.000132,0.1403885541569696,-0.04211144584303039,0.1825,False,Bittrex,Coinbase Pro
146,01-13-2021_19-41-21,DAI/USD,25.0,1.00578,1.000134,0.14033884149614773,-0.04216115850385227,0.1825,False,Bittrex,Coinbase Pro
147,01-13-2021_19-41-32,DAI/USD,25.0,1.00578,1.000443,0.13265823539938967,-0.04984176460061032,0.1825,False,Bittrex,Coinbase Pro
148,01-13-2021_19-41-43,DAI/USD,25.0,1.00578,1.000411,0.13345363797251777,-0.04904636202748222,0.1825,False,Bittrex,Coinbase Pro
149,01-13-2021_19-41-53,DAI/USD,25.0,1.00578,1.000411,0.13345363797251777,-0.04904636202748222,0.1825,False,Bittrex,Coinbase Pro
150,01-13-2021_19-42-03,DAI/USD,25.0,1.00578,1.000431,0.13295651136430994,-0.04954348863569005,0.1825,False,Bittrex,Coinbase Pro
151,01-13-2021_19-42-13,DAI/USD,25.0,1.00578,1.00043,0.13298136769472366,-0.04951863230527634,0.1825,False,Bittrex,Coinbase Pro
152,01-13-2021_19-42-23,DAI/USD,25.0,1.00578,1.00043,0.13298136769472366,-0.04951863230527634,0.1825,False,Bittrex,Coinbase Pro
153,01-13-2021_19-42-34,DAI/USD,25.0,1.00578,1.00043,0.13298136769472366,-0.04951863230527634,0.1825,False,Bittrex,Coinbase Pro
154,01-13-2021_19-42-44,DAI/USD,25.0,1.00578,1.000387,0.13405018990236386,-0.04844981009763613,0.1825,False,Bittrex,Coinbase Pro
155,01-13-2021_19-42-54,DAI/USD,25.0,1.00578,1.000341,0.13519358110123417,-0.04730641889876583,0.1825,False,Bittrex,Coinbase Pro
156,01-13-2021_19-43-06,DAI/USD,25.0,1.00578,1.000341,0.13519358110123417,-0.04730641889876583,0.1825,False,Bittrex,Coinbase Pro
157,01-13-2021_19-43-17,DAI/USD,25.0,1.00578,1.000341,0.13519358110123417,-0.04730641889876583,0.1825,False,Bittrex,Coinbase Pro
158,01-13-2021_19-43-27,DAI/USD,25.0,1.00578,1.000341,0.13519358110123417,-0.04730641889876583,0.1825,False,Bittrex,Coinbase Pro
159,01-13-2021_19-43-37,DAI/USD,25.0,1.00578,1.000463,0.13216110879118184,-0.050338891208818154,0.1825,False,Bittrex,Coinbase Pro
160,01-13-2021_19-43-47,DAI/USD,25.0,1.00578,1.000302,0.13616297798723062,-0.046337022012769374,0.1825,False,Bittrex,Coinbase Pro
161,01-13-2021_19-43-57,DAI/USD,25.0,1.00578,1.000208,0.13849947304579308,-0.04400052695420692,0.1825,False,Bittrex,Coinbase Pro
162,01-13-2021_19-44-08,DAI/USD,25.0,1.00578,1.000137,0.14026427250491766,-0.04223572749508234,0.1825,False,Bittrex,Coinbase Pro
163,01-13-2021_19-44-18,DAI/USD,25.0,1.00578,1.000135,0.14031398516573954,-0.04218601483426046,0.1825,False,Bittrex,Coinbase Pro
164,01-13-2021_19-44-30,DAI/USD,25.0,1.00578,1.000127,0.14051283580902157,-0.04198716419097842,0.1825,False,Bittrex,Coinbase Pro
165,01-13-2021_19-44-40,DAI/USD,25.0,1.00578,1.000222,0.1381514844200509,-0.044348515579949094,0.1825,False,Bittrex,Coinbase Pro
166,01-13-2021_19-44-51,DAI/USD,25.0,1.00578,1.000285,0.13658553560420286,-0.04591446439579713,0.1825,False,Bittrex,Coinbase Pro
167,01-13-2021_19-45-02,DAI/USD,25.0,1.0045,1.000285,0.10490293678446634,-0.07759706321553365,0.1825,False,Bittrex,Coinbase Pro
168,01-13-2021_19-45-13,DAI/USD,25.0,1.0045,1.000205,0.10689397710303479,-0.0756060228969652,0.1825,False,Bittrex,Coinbase Pro
169,01-13-2021_19-45-23,DAI/USD,25.0,1.0045,1.000116,0.1091090094574401,-0.07339099054255989,0.1825,False,Bittrex,Coinbase Pro
170,01-13-2021_19-45-33,DAI/USD,25.0,1.0045,1.000187,0.10734196117471406,-0.07515803882528593,0.1825,False,Bittrex,Coinbase Pro
171,01-13-2021_19-45-45,DAI/USD,25.0,1.0045,1.000114,0.1091587854654057,-0.0733412145345943,0.1825,False,Bittrex,Coinbase Pro
172,01-13-2021_19-45-56,DAI/USD,25.0,1.0045,1.000114,0.1091587854654057,-0.0733412145345943,0.1825,False,Bittrex,Coinbase Pro
173,01-13-2021_19-46-06,DAI/USD,25.0,1.0045,1.000057,0.11057740169238364,-0.07192259830761635,0.1825,False,Bittrex,Coinbase Pro
174,01-13-2021_19-46-27,DAI/USD,25.0,1.0045,1.000099,0.10953210552513383,-0.07296789447486617,0.1825,False,Bittrex,Coinbase Pro
175,01-13-2021_19-46-37,DAI/USD,25.0,1.0045,1.000089,0.10978098556495626,-0.07271901443504374,0.1825,False,Bittrex,Coinbase Pro
176,01-13-2021_19-46-48,DAI/USD,25.0,1.0045,0.999948,0.11329019412643107,-0.06920980587356892,0.1825,False,Bittrex,Coinbase Pro
177,01-13-2021_19-47-01,DAI/USD,25.0,1.0045,0.999948,0.11329019412643107,-0.06920980587356892,0.1825,False,Bittrex,Coinbase Pro
178,01-13-2021_19-47-11,DAI/USD,25.0,1.0045,1.000094,0.10965654554504504,-0.07284345445495495,0.1825,False,Bittrex,Coinbase Pro
179,01-13-2021_19-47-20,DAI/USD,25.0,1.0045,1.000105,0.10938277750124258,-0.07311722249875742,0.1825,False,Bittrex,Coinbase Pro
180,01-13-2021_19-47-30,DAI/USD,25.0,1.0045,1.000108,0.10930811348929695,-0.07319188651070305,0.1825,False,Bittrex,Coinbase Pro
181,01-13-2021_19-47-40,DAI/USD,25.0,1.0045,1.000096,0.10960676953707946,-0.07289323046292054,0.1825,False,Bittrex,Coinbase Pro
182,01-13-2021_19-47-51,DAI/USD,25.0,1.0045,1.000027,0.11132404181184542,-0.07117595818815457,0.1825,False,Bittrex,Coinbase Pro
183,01-13-2021_19-48-01,DAI/USD,25.0,1.0045,1.000108,0.10930811348929695,-0.07319188651070305,0.1825,False,Bittrex,Coinbase Pro
184,01-13-2021_19-48-12,DAI/USD,25.0,1.0045,1.000109,0.10928322548531691,-0.07321677451468309,0.1825,False,Bittrex,Coinbase Pro
185,01-13-2021_19-48-22,DAI/USD,25.0,1.0045,1.000109,0.10928322548531691,-0.07321677451468309,0.1825,False,Bittrex,Coinbase Pro
186,01-13-2021_19-48-32,DAI/USD,25.0,1.0045,1.000108,0.10930811348929695,-0.07319188651070305,0.1825,False,Bittrex,Coinbase Pro
187,01-13-2021_19-48-42,DAI/USD,25.0,1.0045,1.000087,0.10983076157292186,-0.07266923842707813,0.1825,False,Bittrex,Coinbase Pro
188,01-13-2021_19-48-51,DAI/USD,25.0,1.0045,1.000069,0.11027874564459561,-0.07222125435540439,0.1825,False,Bittrex,Coinbase Pro
189,01-13-2021_19-49-02,DAI/USD,25.0,1.0045,1.000054,0.11065206570432927,-0.07184793429567073,0.1825,False,Bittrex,Coinbase Pro
190,01-13-2021_19-49-13,DAI/USD,25.0,1.0045,1.000047,0.11082628173220607,-0.07167371826779392,0.1825,False,Bittrex,Coinbase Pro
191,01-13-2021_19-49-23,DAI/USD,25.0,1.0045,1.000047,0.11082628173220607,-0.07167371826779392,0.1825,False,Bittrex,Coinbase Pro
192,01-13-2021_19-49-35,DAI/USD,25.0,1.0045,1.000258,0.10557491289198251,-0.07692508710801749,0.1825,False,Bittrex,Coinbase Pro
193,01-13-2021_19-49-47,DAI/USD,25.0,1.0045,1.000258,0.10557491289198251,-0.07692508710801749,0.1825,False,Bittrex,Coinbase Pro
194,01-13-2021_19-49-58,DAI/USD,25.0,1.0045,1.000259,0.10555002488800247,-0.07694997511199753,0.1825,False,Bittrex,Coinbase Pro
195,01-13-2021_19-50-09,DAI/USD,25.0,1.0045,1.000258,0.10557491289198251,-0.07692508710801749,0.1825,False,Bittrex,Coinbase Pro
196,01-13-2021_19-50-20,DAI/USD,25.0,1.0045,1.000276,0.10512692882030875,-0.07737307117969125,0.1825,False,Bittrex,Coinbase Pro
197,01-13-2021_19-50-33,DAI/USD,25.0,1.0045,1.000279,0.10505226480836312,-0.07744773519163688,0.1825,False,Bittrex,Coinbase Pro
198,01-13-2021_19-50-44,DAI/USD,25.0,1.0045,1.000258,0.10557491289198251,-0.07692508710801749,0.1825,False,Bittrex,Coinbase Pro
199,01-13-2021_19-50-54,DAI/USD,25.0,1.0045,1.000258,0.10557491289198251,-0.07692508710801749,0.1825,False,Bittrex,Coinbase Pro
200,01-13-2021_19-51-06,DAI/USD,25.0,1.0045,1.000289,0.10480338476854069,-0.0776966152314593,0.1825,False,Bittrex,Coinbase Pro
201,01-13-2021_19-51-17,DAI/USD,25.0,1.0045,1.000287,0.10485316077650628,-0.07764683922349372,0.1825,False,Bittrex,Coinbase Pro
202,01-13-2021_19-51-27,DAI/USD,25.0,1.0045,1.000283,0.10495271279243193,-0.07754728720756807,0.1825,False,Bittrex,Coinbase Pro
203,01-13-2021_19-51-37,DAI/USD,25.0,1.0045,1.000283,0.10495271279243193,-0.07754728720756807,0.1825,False,Bittrex,Coinbase Pro
204,01-13-2021_19-51-47,DAI/USD,25.0,1.0045,1.000286,0.10487804878048632,-0.07762195121951368,0.1825,False,Bittrex,Coinbase Pro
205,01-13-2021_19-51-57,DAI/USD,25.0,1.0045,1.000286,0.10487804878048632,-0.07762195121951368,0.1825,False,Bittrex,Coinbase Pro
206,01-13-2021_19-52-08,DAI/USD,25.0,1.0045,1.00028,0.10502737680437756,-0.07747262319562244,0.1825,False,Bittrex,Coinbase Pro
207,01-13-2021_19-52-19,DAI/USD,25.0,1.0045,1.000277,0.10510204081632318,-0.07739795918367681,0.1825,False,Bittrex,Coinbase Pro
208,01-13-2021_19-52-30,DAI/USD,25.0,1.0045,1.000278,0.10507715281234316,-0.07742284718765684,0.1825,False,Bittrex,Coinbase Pro
209,01-13-2021_19-52-42,DAI/USD,25.0,1.0045,1.000278,0.10507715281234316,-0.07742284718765684,0.1825,False,Bittrex,Coinbase Pro
210,01-13-2021_19-52-52,DAI/USD,25.0,1.0045,1.000273,0.10520159283225437,-0.07729840716774562,0.1825,False,Bittrex,Coinbase Pro
211,01-13-2021_19-53-04,DAI/USD,25.0,1.0045,1.000228,0.10632155301144981,-0.07617844698855018,0.1825,False,Bittrex,Coinbase Pro
212,01-13-2021_19-53-13,DAI/USD,25.0,1.0045,1.000268,0.10532603285216559,-0.07717396714783441,0.1825,False,Bittrex,Coinbase Pro
213,01-13-2021_19-53-24,DAI/USD,25.0,1.0045,1.000274,0.10517670482826881,-0.07732329517173119,0.1825,False,Bittrex,Coinbase Pro
214,01-13-2021_19-53-35,DAI/USD,25.0,1.0045,1.000273,0.10520159283225437,-0.07729840716774562,0.1825,False,Bittrex,Coinbase Pro
215,01-13-2021_19-53-46,DAI/USD,25.0,1.0045,1.000272,0.10522648083623441,-0.07727351916376558,0.1825,False,Bittrex,Coinbase Pro
216,01-13-2021_19-53-57,DAI/USD,25.0,1.0045,1.000209,0.10679442508710912,-0.07570557491289087,0.1825,False,Bittrex,Coinbase Pro
217,01-13-2021_19-54-07,DAI/USD,25.0,1.0045,1.000209,0.10679442508710912,-0.07570557491289087,0.1825,False,Bittrex,Coinbase Pro
218,01-13-2021_19-54-19,DAI/USD,25.0,1.0045,1.000271,0.10525136884021996,-0.07724863115978003,0.1825,False,Bittrex,Coinbase Pro
219,01-13-2021_19-54-30,DAI/USD,25.0,1.0045,1.000256,0.1056246888999481,-0.0768753111000519,0.1825,False,Bittrex,Coinbase Pro
220,01-13-2021_19-54-41,DAI/USD,25.0,1.0045,1.00021,0.10676953708312356,-0.07573046291687643,0.1825,False,Bittrex,Coinbase Pro
221,01-13-2021_19-54-51,DAI/USD,25.0,1.0045,1.00021,0.10676953708312356,-0.07573046291687643,0.1825,False,Bittrex,Coinbase Pro
222,01-13-2021_19-55-02,DAI/USD,25.0,1.0045,1.000186,0.1073668491786941,-0.0751331508213059,0.1825,False,Bittrex,Coinbase Pro
223,01-13-2021_19-55-12,DAI/USD,25.0,1.0045,1.000186,0.1073668491786941,-0.0751331508213059,0.1825,False,Bittrex,Coinbase Pro
224,01-13-2021_19-55-22,DAI/USD,25.0,1.0045,1.000186,0.1073668491786941,-0.0751331508213059,0.1825,False,Bittrex,Coinbase Pro
225,01-13-2021_19-55-32,DAI/USD,25.0,1.0045,1.000184,0.10741662518665969,-0.0750833748133403,0.1825,False,Bittrex,Coinbase Pro
226,01-13-2021_19-55-43,DAI/USD,25.0,1.0045,1.000186,0.1073668491786941,-0.0751331508213059,0.1825,False,Bittrex,Coinbase Pro
227,01-13-2021_19-55-54,DAI/USD,25.0,1.0045,1.000186,0.1073668491786941,-0.0751331508213059,0.1825,False,Bittrex,Coinbase Pro
228,01-13-2021_19-56-05,DAI/USD,25.0,1.0045,1.000186,0.1073668491786941,-0.0751331508213059,0.1825,False,Bittrex,Coinbase Pro
229,01-13-2021_19-56-15,DAI/USD,25.0,1.0045,1.000186,0.1073668491786941,-0.0751331508213059,0.1825,False,Bittrex,Coinbase Pro
230,01-13-2021_19-56-26,DAI/USD,25.0,1.0045,1.00017,0.10776505724240779,-0.07473494275759221,0.1825,False,Bittrex,Coinbase Pro
231,01-13-2021_19-56-38,DAI/USD,25.0,1.0045,1.000171,0.10774016923842776,-0.07475983076157224,0.1825,False,Bittrex,Coinbase Pro
232,01-13-2021_19-56-50,DAI/USD,25.0,1.0045,1.000171,0.10774016923842776,-0.07475983076157224,0.1825,False,Bittrex,Coinbase Pro
233,01-13-2021_19-57-01,DAI/USD,25.0,1.0045,1.000158,0.1080637132901903,-0.0744362867098097,0.1825,False,Bittrex,Coinbase Pro
234,01-13-2021_19-57-12,DAI/USD,25.0,1.0045,1.000158,0.1080637132901903,-0.0744362867098097,0.1825,False,Bittrex,Coinbase Pro
235,01-13-2021_19-57-24,DAI/USD,25.0,1.0045,1.000158,0.1080637132901903,-0.0744362867098097,0.1825,False,Bittrex,Coinbase Pro
236,01-13-2021_19-57-36,DAI/USD,25.0,1.0045,1.000157,0.10808860129417586,-0.07441139870582414,0.1825,False,Bittrex,Coinbase Pro
237,01-13-2021_19-57-48,DAI/USD,25.0,1.0045,1.000169,0.10778994524638782,-0.07471005475361217,0.1825,False,Bittrex,Coinbase Pro
238,01-13-2021_19-58-00,DAI/USD,25.0,1.0045,1.000144,0.10841214534594391,-0.07408785465405608,0.1825,False,Bittrex,Coinbase Pro
239,01-13-2021_19-58-11,DAI/USD,25.0,1.0045,1.000113,0.10918367346938573,-0.07331632653061426,0.1825,False,Bittrex,Coinbase Pro
240,01-13-2021_19-58-22,DAI/USD,25.0,1.0045,1.000129,0.10878546540567204,-0.07371453459432796,0.1825,False,Bittrex,Coinbase Pro
241,01-13-2021_19-58-33,DAI/USD,25.0,1.0045,1.000129,0.10878546540567204,-0.07371453459432796,0.1825,False,Bittrex,Coinbase Pro
242,01-13-2021_19-58-45,DAI/USD,25.0,1.0045,1.000111,0.10923344947735132,-0.07326655052264867,0.1825,False,Bittrex,Coinbase Pro
243,01-13-2021_19-58-56,DAI/USD,25.0,1.0045,1.00013,0.10876057740169201,-0.07373942259830799,0.1825,False,Bittrex,Coinbase Pro
244,01-13-2021_19-59-12,DAI/USD,25.0,1.0045,1.000131,0.10873568939770645,-0.07376431060229355,0.1825,False,Bittrex,Coinbase Pro
245,01-13-2021_19-59-23,DAI/USD,25.0,1.0045,1.00013,0.10876057740169201,-0.07373942259830799,0.1825,False,Bittrex,Coinbase Pro
246,01-13-2021_19-59-34,DAI/USD,25.0,1.0045,1.00013,0.10876057740169201,-0.07373942259830799,0.1825,False,Bittrex,Coinbase Pro
247,01-13-2021_19-59-47,DAI/USD,25.0,1.0045,1.00013,0.10876057740169201,-0.07373942259830799,0.1825,False,Bittrex,Coinbase Pro
248,01-13-2021_20-00-00,DAI/USD,25.0,1.0045,1.000126,0.10886012941761766,-0.07363987058238233,0.1825,False,Bittrex,Coinbase Pro
249,01-13-2021_20-00-13,DAI/USD,25.0,1.0045,1.000118,0.10905923344947452,-0.07344076655052548,0.1825,False,Bittrex,Coinbase Pro
250,01-13-2021_20-00-24,DAI/USD,25.0,1.0045,1.000113,0.10918367346938573,-0.07331632653061426,0.1825,False,Bittrex,Coinbase Pro
251,01-13-2021_20-00-34,DAI/USD,25.0,1.0045,1.000129,0.10878546540567204,-0.07371453459432796,0.1825,False,Bittrex,Coinbase Pro
252,01-13-2021_20-00-44,DAI/USD,25.0,1.0045,1.00013,0.10876057740169201,-0.07373942259830799,0.1825,False,Bittrex,Coinbase Pro
253,01-13-2021_20-00-55,DAI/USD,25.0,1.0045,1.00013,0.10876057740169201,-0.07373942259830799,0.1825,False,Bittrex,Coinbase Pro
254,01-13-2021_20-01-06,DAI/USD,25.0,1.0045,1.000552,0.09825783972125038,-0.08424216027874962,0.1825,False,Bittrex,Coinbase Pro
255,01-13-2021_20-01-16,DAI/USD,25.0,1.0045,1.000468,0.10034843205575002,-0.08215156794424998,0.1825,False,Bittrex,Coinbase Pro
256,01-13-2021_20-01-26,DAI/USD,25.0,1.0045,1.000437,0.10111996017919182,-0.08138003982080817,0.1825,False,Bittrex,Coinbase Pro
257,01-13-2021_20-01-37,DAI/USD,25.0,1.0045,1.000425,0.10141861622697985,-0.08108138377302014,0.1825,False,Bittrex,Coinbase Pro
258,01-13-2021_20-01-48,DAI/USD,25.0,1.0045,1.000413,0.10171727227476236,-0.08078272772523763,0.1825,False,Bittrex,Coinbase Pro
259,01-13-2021_20-01-58,DAI/USD,25.0,1.0045,1.000405,0.1019163763066192,-0.08058362369338079,0.1825,False,Bittrex,Coinbase Pro
260,01-13-2021_20-02-09,DAI/USD,25.0,1.0045,1.000391,0.1022648083623673,-0.0802351916376327,0.1825,False,Bittrex,Coinbase Pro
261,01-13-2021_20-02-18,DAI/USD,25.0,1.0045,1.0006,0.09706321553011485,0.014563215530114845,0.0825,True,Bittrex,Binance US
262,01-13-2021_20-02-30,DAI/USD,25.0,1.0045,1.0006,0.09706321553011485,0.014563215530114845,0.0825,True,Bittrex,Binance US
263,01-13-2021_20-02-41,DAI/USD,25.0,1.0045,1.0006,0.09706321553011485,0.014563215530114845,0.0825,True,Bittrex,Binance US
264,01-13-2021_20-02-52,DAI/USD,25.0,1.0045,1.000528,0.09885515181682092,-0.08364484818317908,0.1825,False,Bittrex,Coinbase Pro
265,01-13-2021_20-03-03,DAI/USD,25.0,1.0045,1.0006,0.09706321553011485,0.014563215530114845,0.0825,True,Bittrex,Binance US
266,01-13-2021_20-03-14,DAI/USD,25.0,1.0045,1.0006,0.09706321553011485,0.014563215530114845,0.0825,True,Bittrex,Binance US
267,01-13-2021_20-03-25,DAI/USD,25.0,1.0045,1.0006,0.09706321553011485,0.014563215530114845,0.0825,True,Bittrex,Binance US
268,01-13-2021_20-03-35,DAI/USD,25.0,1.0045,1.0006,0.09706321553011485,0.014563215530114845,0.0825,True,Bittrex,Binance US
269,01-13-2021_20-03-45,DAI/USD,25.0,1.0045,1.0006,0.09706321553011485,0.014563215530114845,0.0825,True,Bittrex,Binance US
270,01-13-2021_20-03-56,DAI/USD,25.0,1.0045,1.000592,0.09726231956197169,-0.0852376804380283,0.1825,False,Bittrex,Coinbase Pro
271,01-13-2021_20-04-06,DAI/USD,25.0,1.0045,1.00059,0.09731209556993176,-0.08518790443006824,0.1825,False,Bittrex,Coinbase Pro
272,01-13-2021_20-04-17,DAI/USD,25.0,1.0045,1.000519,0.09907914385266332,-0.08342085614733667,0.1825,False,Bittrex,Coinbase Pro
273,01-13-2021_20-04-28,DAI/USD,25.0,1.0045,1.000306,0.10438028870084697,-0.07811971129915303,0.1825,False,Bittrex,Coinbase Pro
274,01-13-2021_20-04-39,DAI/USD,25.0,1.0045,1.000383,0.10246391239422414,-0.08003608760577585,0.1825,False,Bittrex,Coinbase Pro
275,01-13-2021_20-04-49,DAI/USD,25.0,1.0045,1.000382,0.10248880039820418,-0.08001119960179581,0.1825,False,Bittrex,Coinbase Pro
276,01-13-2021_20-04-59,DAI/USD,25.0,1.0045,1.000382,0.10248880039820418,-0.08001119960179581,0.1825,False,Bittrex,Coinbase Pro
277,01-13-2021_20-05-10,DAI/USD,25.0,1.0045,1.000363,0.10296167247386902,-0.07953832752613098,0.1825,False,Bittrex,Coinbase Pro
278,01-13-2021_20-05-21,DAI/USD,25.0,1.0045,1.000363,0.10296167247386902,-0.07953832752613098,0.1825,False,Bittrex,Coinbase Pro
279,01-13-2021_20-05-30,DAI/USD,25.0,1.0045,1.00037,0.10278745644599221,-0.07971254355400778,0.1825,False,Bittrex,Coinbase Pro
280,01-13-2021_20-05-40,DAI/USD,25.0,1.0045,1.00037,0.10278745644599221,-0.07971254355400778,0.1825,False,Bittrex,Coinbase Pro
281,01-13-2021_20-05-51,DAI/USD,25.0,1.0045,1.000381,0.10251368840218975,-0.07998631159781025,0.1825,False,Bittrex,Coinbase Pro
282,01-13-2021_20-06-02,DAI/USD,25.0,1.0045,1.000381,0.10251368840218975,-0.07998631159781025,0.1825,False,Bittrex,Coinbase Pro
283,01-13-2021_20-06-13,DAI/USD,25.0,1.0045,1.000346,0.10338476854156274,-0.07911523145843725,0.1825,False,Bittrex,Coinbase Pro
284,01-13-2021_20-06-24,DAI/USD,25.0,1.0045,1.000345,0.10340965654554278,-0.07909034345445722,0.1825,False,Bittrex,Coinbase Pro
285,01-13-2021_20-06-34,DAI/USD,25.0,1.0045,1.000382,0.10248880039820418,-0.08001119960179581,0.1825,False,Bittrex,Coinbase Pro
286,01-13-2021_20-06-44,DAI/USD,25.0,1.0045,1.000382,0.10248880039820418,-0.08001119960179581,0.1825,False,Bittrex,Coinbase Pro
287,01-13-2021_20-06-55,DAI/USD,25.0,1.0045,1.000382,0.10248880039820418,-0.08001119960179581,0.1825,False,Bittrex,Coinbase Pro
288,01-13-2021_20-07-05,DAI/USD,25.0,1.0045,1.000382,0.10248880039820418,-0.08001119960179581,0.1825,False,Bittrex,Coinbase Pro
289,01-13-2021_20-07-15,DAI/USD,25.0,1.0045,1.00051,0.0993031358885002,-0.08319686411149979,0.1825,False,Bittrex,Coinbase Pro
290,01-13-2021_20-07-26,DAI/USD,25.0,1.0045,1.000505,0.09942757590841142,-0.08307242409158858,0.1825,False,Bittrex,Coinbase Pro
291,01-13-2021_20-07-36,DAI/USD,25.0,1.0045,1.000504,0.09945246391239145,-0.08304753608760855,0.1825,False,Bittrex,Coinbase Pro
292,01-13-2021_20-07-47,DAI/USD,25.0,1.0045,1.000505,0.09942757590841142,-0.08307242409158858,0.1825,False,Bittrex,Coinbase Pro
293,01-13-2021_20-07-59,DAI/USD,25.0,1.0045,1.000467,0.10037332005973004,-0.08212667994026995,0.1825,False,Bittrex,Coinbase Pro
294,01-13-2021_20-08-09,DAI/USD,25.0,1.0045,1.000469,0.10032354405176445,-0.08217645594823554,0.1825,False,Bittrex,Coinbase Pro
295,01-13-2021_20-08-18,DAI/USD,25.0,1.0045,1.000504,0.09945246391239145,-0.08304753608760855,0.1825,False,Bittrex,Coinbase Pro
296,01-13-2021_20-08-29,DAI/USD,25.0,1.0045,1.0006,0.09706321553011485,0.014563215530114845,0.0825,True,Bittrex,Binance US
297,01-13-2021_20-08-40,DAI/USD,25.0,1.0045,1.0006,0.09706321553011485,0.014563215530114845,0.0825,True,Bittrex,Binance US
298,01-13-2021_20-08-52,DAI/USD,25.0,1.0045,1.000676,0.09517172722747759,-0.0873282727725224,0.1825,False,Bittrex,Coinbase Pro
299,01-13-2021_20-09-03,DAI/USD,25.0,1.0045,1.000676,0.09517172722747759,-0.0873282727725224,0.1825,False,Bittrex,Coinbase Pro
300,01-13-2021_20-09-14,DAI/USD,25.0,1.0045,1.00058,0.0975609756097542,-0.014939024390245803,0.1125,False,Bittrex,Kraken
301,01-13-2021_20-09-24,DAI/USD,25.0,1.0045,1.00054,0.09855649576903841,-0.013943504230961593,0.1125,False,Bittrex,Kraken
302,01-13-2021_20-09-34,DAI/USD,25.0,1.0045,1.00052,0.09905425584867776,-0.013445744151322242,0.1125,False,Bittrex,Kraken
303,01-13-2021_20-09-44,DAI/USD,25.0,1.0045,1.0006,0.09706321553011485,-0.015436784469885154,0.1125,False,Bittrex,Kraken
304,01-13-2021_20-09-54,DAI/USD,25.0,1.0045,1.00057,0.09780985564957663,-0.014690144350423373,0.1125,False,Bittrex,Kraken
305,01-13-2021_20-10-05,DAI/USD,25.0,1.0045,1.00051,0.0993031358885002,-0.013196864111499798,0.1125,False,Bittrex,Kraken
306,01-13-2021_20-10-15,DAI/USD,25.0,1.0045,1.00051,0.0993031358885002,-0.013196864111499798,0.1125,False,Bittrex,Kraken
307,01-13-2021_20-10-24,DAI/USD,25.0,1.0045,1.0007,0.09457441513190705,0.012074415131907046,0.0825,True,Bittrex,Binance US
308,01-13-2021_20-10-35,DAI/USD,25.0,1.0045,1.00062,0.09656545545046998,-0.015934544549530028,0.1125,False,Bittrex,Kraken
309,01-13-2021_20-10-46,DAI/USD,25.0,1.0045,1.00065,0.09581881533100818,-0.016681184668991822,0.1125,False,Bittrex,Kraken
310,01-13-2021_20-10-57,DAI/USD,25.0,1.0045,1.00066,0.09556993529118575,-0.016930064708814252,0.1125,False,Bittrex,Kraken
311,01-13-2021_20-11-08,DAI/USD,25.0,1.0045,1.0007,0.09457441513190705,0.012074415131907046,0.0825,True,Bittrex,Binance US
312,01-13-2021_20-11-18,DAI/USD,25.0,1.0045,1.0007,0.09457441513190705,0.012074415131907046,0.0825,True,Bittrex,Binance US
313,01-13-2021_20-11-29,DAI/USD,25.0,1.0045,1.0007,0.09457441513190705,0.012074415131907046,0.0825,True,Bittrex,Binance US
314,01-13-2021_20-11-41,DAI/USD,25.0,1.0045,1.0007,0.09457441513190705,0.012074415131907046,0.0825,True,Bittrex,Binance US
315,01-13-2021_20-11-53,DAI/USD,25.0,1.0045,1.0007,0.09457441513190705,0.012074415131907046,0.0825,True,Bittrex,Binance US
316,01-13-2021_20-12-06,DAI/USD,25.0,1.0045,1.0007,0.09457441513190705,0.012074415131907046,0.0825,True,Bittrex,Binance US
317,01-13-2021_20-12-18,DAI/USD,25.0,1.0045,1.0007,0.09457441513190705,0.012074415131907046,0.0825,True,Bittrex,Binance US
318,01-13-2021_20-12-29,DAI/USD,25.0,1.0045,1.00069,0.09482329517172397,-0.017676704828276033,0.1125,False,Bittrex,Kraken
319,01-13-2021_20-12-40,DAI/USD,25.0,1.0045,1.0007,0.09457441513190705,0.012074415131907046,0.0825,True,Bittrex,Binance US
320,01-13-2021_20-12-51,DAI/USD,25.0,1.0045,1.000623,0.09649079143852435,-0.08600920856147565,0.1825,False,Bittrex,Coinbase Pro
321,01-13-2021_20-13-03,DAI/USD,25.0,1.0045,1.00065,0.09581881533100818,-0.016681184668991822,0.1125,False,Bittrex,Kraken
322,01-13-2021_20-13-14,DAI/USD,25.0,1.0045,1.0007,0.09457441513190705,-0.017925584868092953,0.1125,False,Bittrex,Kraken
323,01-13-2021_20-13-24,DAI/USD,25.0,1.0045,1.000589,0.09733698357391732,-0.08516301642608268,0.1825,False,Bittrex,Coinbase Pro
324,01-13-2021_20-13-36,DAI/USD,25.0,1.0045,1.000577,0.09763563962169981,-0.08486436037830018,0.1825,False,Bittrex,Coinbase Pro
325,01-13-2021_20-13-46,DAI/USD,25.0,1.0045,1.000553,0.09823295171727035,-0.08426704828272964,0.1825,False,Bittrex,Coinbase Pro
326,01-13-2021_20-13-57,DAI/USD,25.0,1.0045,1.000566,0.09790940766550228,-0.08459059233449771,0.1825,False,Bittrex,Coinbase Pro
327,01-13-2021_20-14-09,DAI/USD,25.0,1.0045,1.000614,0.09671478347436675,-0.08578521652563324,0.1825,False,Bittrex,Coinbase Pro
328,01-13-2021_20-14-20,DAI/USD,25.0,1.0045,1.000456,0.10064708810353251,-0.08185291189646748,0.1825,False,Bittrex,Coinbase Pro
329,01-13-2021_20-14-30,DAI/USD,25.0,1.0045,1.000394,0.10219014435042167,-0.08030985564957832,0.1825,False,Bittrex,Coinbase Pro
330,01-13-2021_20-14-40,DAI/USD,25.0,1.0045,1.000351,0.10326032852165153,-0.07923967147834847,0.1825,False,Bittrex,Coinbase Pro
331,01-13-2021_20-14-50,DAI/USD,25.0,1.0045,1.000296,0.10462916874066387,-0.07787083125933612,0.1825,False,Bittrex,Coinbase Pro
332,01-13-2021_20-15-01,DAI/USD,25.0,1.0045,1.000293,0.1047038327526095,-0.0777961672473905,0.1825,False,Bittrex,Coinbase Pro
333,01-13-2021_20-15-11,DAI/USD,25.0,1.0045,1.000293,0.1047038327526095,-0.0777961672473905,0.1825,False,Bittrex,Coinbase Pro
334,01-13-2021_20-15-21,DAI/USD,25.0,1.0045,1.000376,0.10263812842210096,-0.07986187157789904,0.1825,False,Bittrex,Coinbase Pro
335,01-13-2021_20-15-31,DAI/USD,25.0,1.0045,1.000482,0.09999999999999638,-0.08250000000000361,0.1825,False,Bittrex,Coinbase Pro
336,01-13-2021_20-15-42,DAI/USD,25.0,1.0045,1.000522,0.0990044798407177,-0.0834955201592823,0.1825,False,Bittrex,Coinbase Pro
337,01-13-2021_20-15-53,DAI/USD,25.0,1.0045,1.00054,0.09855649576903841,-0.013943504230961593,0.1125,False,Bittrex,Kraken
338,01-13-2021_20-16-04,DAI/USD,25.0,1.0045,1.00054,0.09855649576903841,-0.013943504230961593,0.1125,False,Bittrex,Kraken
339,01-13-2021_20-16-14,DAI/USD,25.0,1.0045,1.00054,0.09855649576903841,-0.013943504230961593,0.1125,False,Bittrex,Kraken
340,01-13-2021_20-16-25,DAI/USD,25.0,1.0045,1.00054,0.09855649576903841,-0.013943504230961593,0.1125,False,Bittrex,Kraken
341,01-13-2021_20-16-36,DAI/USD,25.0,1.0045,1.00054,0.09855649576903841,-0.013943504230961593,0.1125,False,Bittrex,Kraken
342,01-13-2021_20-16-46,DAI/USD,25.0,1.0045,1.0007,0.09457441513190705,0.012074415131907046,0.0825,True,Bittrex,Binance US
343,01-13-2021_20-16-57,DAI/USD,25.0,1.0045,1.00067,0.09532105525136884,-0.01717894474863116,0.1125,False,Bittrex,Kraken
344,01-13-2021_20-17-07,DAI/USD,25.0,1.0045,1.000576,0.09766052762568538,-0.08483947237431462,0.1825,False,Bittrex,Coinbase Pro
345,01-13-2021_20-17-16,DAI/USD,25.0,1.0045,1.00046,0.10054753608760686,-0.08195246391239314,0.1825,False,Bittrex,Coinbase Pro
346,01-13-2021_20-17-25,DAI/USD,25.0,1.0045,1.000509,0.09932802389248023,-0.08317197610751977,0.1825,False,Bittrex,Coinbase Pro
347,01-13-2021_20-17-35,DAI/USD,25.0,1.0045,1.000509,0.09932802389248023,-0.08317197610751977,0.1825,False,Bittrex,Coinbase Pro
348,01-13-2021_20-17-46,DAI/USD,25.0,1.0045,1.000526,0.0989049278247865,-0.08359507217521349,0.1825,False,Bittrex,Coinbase Pro
349,01-13-2021_20-17-55,DAI/USD,25.0,1.0045,1.000483,0.09997511199601636,-0.08252488800398364,0.1825,False,Bittrex,Coinbase Pro
350,01-13-2021_20-18-07,DAI/USD,25.0,1.0045,1.000499,0.09957690393230267,-0.08292309606769732,0.1825,False,Bittrex,Coinbase Pro
351,01-13-2021_20-18-18,DAI/USD,25.0,1.0045,1.000491,0.09977600796415952,-0.08272399203584048,0.1825,False,Bittrex,Coinbase Pro
352,01-13-2021_20-18-28,DAI/USD,25.0,1.0045,1.000395,0.10216525634644165,-0.08033474365355835,0.1825,False,Bittrex,Coinbase Pro
353,01-13-2021_20-18-38,DAI/USD,25.0,1.0045,1.00049,0.09980089596813954,-0.08269910403186045,0.1825,False,Bittrex,Coinbase Pro
354,01-13-2021_20-18-48,DAI/USD,25.0,1.0045,1.000383,0.10246391239422414,-0.08003608760577585,0.1825,False,Bittrex,Coinbase Pro
355,01-13-2021_20-18-58,DAI/USD,25.0,1.0045,1.000344,0.10343454454952833,-0.07906545545047167,0.1825,False,Bittrex,Coinbase Pro
356,01-13-2021_20-19-09,DAI/USD,25.0,1.0045,1.000559,0.0980836236933791,-0.0844163763066209,0.1825,False,Bittrex,Coinbase Pro
357,01-13-2021_20-19-19,DAI/USD,25.0,1.0045,1.000463,0.10047287207565571,-0.08202712792434429,0.1825,False,Bittrex,Coinbase Pro
358,01-13-2021_20-19-29,DAI/USD,25.0,1.0045,1.0002,0.107018417122946,0.024518417122946,0.0825,True,Bittrex,Binance US
359,01-13-2021_20-19-41,DAI/USD,25.0,1.0045,1.0002,0.107018417122946,0.024518417122946,0.0825,True,Bittrex,Binance US
360,01-13-2021_20-19-53,DAI/USD,25.0,1.0045,1.0002,0.107018417122946,0.024518417122946,0.0825,True,Bittrex,Binance US
361,01-13-2021_20-20-04,DAI/USD,25.0,1.0045,1.0002,0.107018417122946,0.024518417122946,0.0825,True,Bittrex,Binance US
362,01-13-2021_20-20-15,DAI/USD,25.0,1.0045,1.0002,0.107018417122946,0.024518417122946,0.0825,True,Bittrex,Binance US
363,01-13-2021_20-20-26,DAI/USD,25.0,1.0045,1.0002,0.107018417122946,0.024518417122946,0.0825,True,Bittrex,Binance US
364,01-13-2021_20-20-37,DAI/USD,25.0,1.0045,1.0002,0.107018417122946,0.024518417122946,0.0825,True,Bittrex,Binance US
365,01-13-2021_20-20-48,DAI/USD,25.0,1.0045,1.00054,0.09855649576903841,-0.013943504230961593,0.1125,False,Bittrex,Kraken
366,01-13-2021_20-20-58,DAI/USD,25.0,1.0045,1.000401,0.10201592832254487,-0.08048407167745512,0.1825,False,Bittrex,Coinbase Pro
367,01-13-2021_20-21-09,DAI/USD,25.0,1.0045,1.00035,0.10328521652563155,-0.07921478347436844,0.1825,False,Bittrex,Coinbase Pro
368,01-13-2021_20-21-19,DAI/USD,25.0,1.00449,1.00041,0.10154406713854999,-0.01095593286145001,0.1125,False,Bittrex,Kraken
369,01-13-2021_20-21-30,DAI/USD,25.0,1.00449,1.00042,0.10129518462105191,-0.011204815378948088,0.1125,False,Bittrex,Kraken
370,01-13-2021_20-21-42,DAI/USD,25.0,1.00449,1.00042,0.10129518462105191,-0.011204815378948088,0.1125,False,Bittrex,Kraken
371,01-13-2021_20-21-52,DAI/USD,25.0,1.00449,1.00042,0.10129518462105191,-0.011204815378948088,0.1125,False,Bittrex,Kraken
372,01-13-2021_20-22-00,DAI/USD,25.0,1.00449,1.00042,0.10129518462105191,-0.011204815378948088,0.1125,False,Bittrex,Kraken
373,01-13-2021_20-22-10,DAI/USD,25.0,1.00449,1.00042,0.10129518462105191,-0.011204815378948088,0.1125,False,Bittrex,Kraken
374,01-13-2021_20-22-20,DAI/USD,25.0,1.00449,1.00042,0.10129518462105191,-0.011204815378948088,0.1125,False,Bittrex,Kraken
375,01-13-2021_20-22-30,DAI/USD,25.0,1.00449,1.00042,0.10129518462105191,-0.011204815378948088,0.1125,False,Bittrex,Kraken
376,01-13-2021_20-22-40,DAI/USD,25.0,1.00449,1.000209,0.10654660574023138,-0.07595339425976862,0.1825,False,Bittrex,Coinbase Pro
377,01-13-2021_20-22-50,DAI/USD,25.0,1.00449,1.00042,0.10129518462105191,-0.011204815378948088,0.1125,False,Bittrex,Kraken
378,01-13-2021_20-23-00,DAI/USD,25.0,1.00449,1.00042,0.10129518462105191,-0.011204815378948088,0.1125,False,Bittrex,Kraken
379,01-13-2021_20-23-11,DAI/USD,25.0,1.00449,1.000315,0.10390845105476508,-0.07859154894523492,0.1825,False,Bittrex,Coinbase Pro
380,01-13-2021_20-23-21,DAI/USD,25.0,1.00449,1.000465,0.10017521329232165,-0.08232478670767834,0.1825,False,Bittrex,Coinbase Pro
381,01-13-2021_20-23-31,DAI/USD,25.0,1.00449,1.000513,0.09898057720833753,-0.08351942279166247,0.1825,False,Bittrex,Coinbase Pro
382,01-13-2021_20-23-42,DAI/USD,25.0,1.00449,1.000507,0.09912990671883416,-0.08337009328116583,0.1825,False,Bittrex,Coinbase Pro
383,01-13-2021_20-23-51,DAI/USD,25.0,1.00449,1.000406,0.10164362014555142,-0.08085637985444857,0.1825,False,Bittrex,Coinbase Pro
384,01-13-2021_20-24-03,DAI/USD,25.0,1.00449,1.000378,0.10234049119453939,-0.0801595088054606,0.1825,False,Bittrex,Coinbase Pro
385,01-13-2021_20-24-13,DAI/USD,25.0,1.00449,1.000492,0.09950323049508128,-0.08299676950491872,0.1825,False,Bittrex,Coinbase Pro
386,01-13-2021_20-24-23,DAI/USD,25.0,1.00449,1.00057,0.09756194685860847,-0.01493805314139153,0.1125,False,Bittrex,Kraken
387,01-13-2021_20-24-33,DAI/USD,25.0,1.00449,1.000541,0.09828370615934956,-0.08421629384065044,0.1825,False,Bittrex,Coinbase Pro
388,01-13-2021_20-24-44,DAI/USD,25.0,1.00449,1.00054,0.09830859441109717,-0.014191405588902833,0.1125,False,Bittrex,Kraken
389,01-13-2021_20-24-55,DAI/USD,25.0,1.00449,1.000453,0.10047387231331491,-0.08202612768668509,0.1825,False,Bittrex,Coinbase Pro
390,01-13-2021_20-25-06,DAI/USD,25.0,1.00449,1.00051,0.09905524196358585,-0.01344475803641415,0.1125,False,Bittrex,Kraken
391,01-13-2021_20-25-17,DAI/USD,25.0,1.00449,1.0005,0.09930412448108392,-0.013195875518916086,0.1125,False,Bittrex,Kraken
392,01-13-2021_20-25-27,DAI/USD,25.0,1.00449,1.0005,0.09930412448108392,-0.013195875518916086,0.1125,False,Bittrex,Kraken
393,01-13-2021_20-25-38,DAI/USD,25.0,1.00449,1.0005,0.09930412448108392,-0.013195875518916086,0.1125,False,Bittrex,Kraken
394,01-13-2021_20-25-49,DAI/USD,25.0,1.00449,1.0005,0.09930412448108392,-0.013195875518916086,0.1125,False,Bittrex,Kraken
395,01-13-2021_20-26-01,DAI/USD,25.0,1.00449,1.00064,0.09581976923613303,-0.016680230763866974,0.1125,False,Bittrex,Kraken
396,01-13-2021_20-26-13,DAI/USD,25.0,1.00449,1.00067,0.09507312168364435,-0.017426878316355657,0.1125,False,Bittrex,Kraken
397,01-13-2021_20-26-25,DAI/USD,25.0,1.00449,1.00063,0.09606865175363109,-0.01643134824636891,0.1125,False,Bittrex,Kraken
398,01-13-2021_20-26-38,DAI/USD,25.0,1.00449,1.00065,0.09557088671863495,-0.016929113281365052,0.1125,False,Bittrex,Kraken
399,01-13-2021_20-26-50,DAI/USD,25.0,1.00449,1.00067,0.09507312168364435,-0.017426878316355657,0.1125,False,Bittrex,Kraken
400,01-13-2021_20-27-02,DAI/USD,25.0,1.00449,1.0007,0.09432647413115565,0.011826474131155645,0.0825,True,Bittrex,Binance US
401,01-13-2021_20-27-17,DAI/USD,25.0,1.00449,1.00063,0.09606865175363109,-0.01643134824636891,0.1125,False,Bittrex,Kraken
402,01-13-2021_20-27-29,DAI/USD,25.0,1.00449,1.00063,0.09606865175363109,-0.01643134824636891,0.1125,False,Bittrex,Kraken
403,01-13-2021_20-27-39,DAI/USD,25.0,1.00449,1.00063,0.09606865175363109,-0.01643134824636891,0.1125,False,Bittrex,Kraken
404,01-13-2021_20-27-50,DAI/USD,25.0,1.00449,1.0007,0.09432647413115565,0.011826474131155645,0.0825,True,Bittrex,Binance US
405,01-13-2021_20-28-01,DAI/USD,25.0,1.00449,1.0007,0.09432647413115565,0.011826474131155645,0.0825,True,Bittrex,Binance US
406,01-13-2021_20-28-14,DAI/USD,25.0,1.00449,1.0007,0.09432647413115565,0.011826474131155645,0.0825,True,Bittrex,Binance US
407,01-13-2021_20-28-28,DAI/USD,25.0,1.00449,1.000672,0.09502334518014362,-0.08747665481985638,0.1825,False,Bittrex,Coinbase Pro
408,01-13-2021_20-28-41,DAI/USD,25.0,1.00449,1.00048,0.09980188951607454,-0.08269811048392546,0.1825,False,Bittrex,Coinbase Pro
409,01-13-2021_20-28-53,DAI/USD,25.0,1.00449,1.000439,0.10082230783780889,-0.0816776921621911,0.1825,False,Bittrex,Coinbase Pro
410,01-13-2021_20-29-06,DAI/USD,25.0,1.00449,1.0007,0.09432647413115565,0.011826474131155645,0.0825,True,Bittrex,Binance US
411,01-13-2021_20-29-20,DAI/USD,25.0,1.00449,1.0007,0.09432647413115565,-0.018173525868844354,0.1125,False,Bittrex,Kraken
412,01-13-2021_20-29-31,DAI/USD,25.0,1.00449,1.00049,0.09955300699857647,-0.012946993001423532,0.1125,False,Bittrex,Kraken
413,01-13-2021_20-29-44,DAI/USD,25.0,1.00449,1.00044,0.1007974195860613,-0.011702580413938707,0.1125,False,Bittrex,Kraken
414,01-13-2021_20-29-58,DAI/USD,25.0,1.00449,1.00039,0.10204183217354613,-0.010458167826453868,0.1125,False,Bittrex,Kraken
415,01-13-2021_20-30-11,DAI/USD,25.0,1.00449,1.00039,0.10204183217354613,-0.010458167826453868,0.1125,False,Bittrex,Kraken
416,01-13-2021_20-30-23,DAI/USD,25.0,1.00449,1.00039,0.10204183217354613,-0.010458167826453868,0.1125,False,Bittrex,Kraken
417,01-13-2021_20-30-35,DAI/USD,25.0,1.00449,1.00039,0.10204183217354613,-0.010458167826453868,0.1125,False,Bittrex,Kraken
418,01-13-2021_20-30-47,DAI/USD,25.0,1.00449,1.00039,0.10204183217354613,-0.010458167826453868,0.1125,False,Bittrex,Kraken
419,01-13-2021_20-30-58,DAI/USD,25.0,1.00449,1.0006,0.09681529930611979,0.014315299306119786,0.0825,True,Bittrex,Binance US
420,01-13-2021_20-31-11,DAI/USD,25.0,1.00449,1.0006,0.09681529930611979,0.014315299306119786,0.0825,True,Bittrex,Binance US
421,01-13-2021_20-31-24,DAI/USD,25.0,1.00449,1.0006,0.09681529930611979,0.014315299306119786,0.0825,True,Bittrex,Binance US
422,01-13-2021_20-31-35,DAI/USD,25.0,1.00449,1.0006,0.09681529930611979,0.014315299306119786,0.0825,True,Bittrex,Binance US
423,01-13-2021_20-31-47,DAI/USD,25.0,1.00449,1.0006,0.09681529930611979,0.014315299306119786,0.0825,True,Bittrex,Binance US
424,01-13-2021_20-32-00,DAI/USD,25.0,1.00449,1.0006,0.09681529930611979,0.014315299306119786,0.0825,True,Bittrex,Binance US
425,01-13-2021_20-32-12,DAI/USD,25.0,1.00449,1.0006,0.09681529930611979,0.014315299306119786,0.0825,True,Bittrex,Binance US
426,01-13-2021_20-32-25,DAI/USD,25.0,1.00449,1.0006,0.09681529930611979,0.014315299306119786,0.0825,True,Bittrex,Binance US
427,01-13-2021_20-32-38,DAI/USD,25.0,1.00449,1.0006,0.09681529930611979,0.014315299306119786,0.0825,True,Bittrex,Binance US
428,01-13-2021_20-32-51,DAI/USD,25.0,1.00449,1.0006,0.09681529930611979,0.014315299306119786,0.0825,True,Bittrex,Binance US
429,01-13-2021_20-33-02,DAI/USD,25.0,1.00449,1.0006,0.09681529930611979,0.014315299306119786,0.0825,True,Bittrex,Binance US
430,01-13-2021_20-33-15,DAI/USD,25.0,1.00449,1.0006,0.09681529930611979,0.014315299306119786,0.0825,True,Bittrex,Binance US
431,01-13-2021_20-33-28,DAI/USD,25.0,1.00449,1.0006,0.09681529930611979,0.014315299306119786,0.0825,True,Bittrex,Binance US
432,01-13-2021_20-33-41,DAI/USD,25.0,1.00449,1.0006,0.09681529930611979,0.014315299306119786,0.0825,True,Bittrex,Binance US
433,01-13-2021_20-33-54,DAI/USD,25.0,1.00449,1.0006,0.09681529930611979,0.014315299306119786,0.0825,True,Bittrex,Binance US
434,01-13-2021_20-34-06,DAI/USD,25.0,1.00449,1.0006,0.09681529930611979,0.014315299306119786,0.0825,True,Bittrex,Binance US
435,01-13-2021_20-34-19,DAI/USD,25.0,1.00449,1.0006,0.09681529930611979,0.014315299306119786,0.0825,True,Bittrex,Binance US
436,01-13-2021_20-34-30,DAI/USD,25.0,1.00449,1.0006,0.09681529930611979,0.014315299306119786,0.0825,True,Bittrex,Binance US
437,01-13-2021_20-34-42,DAI/USD,25.0,1.00449,1.0006,0.09681529930611979,0.014315299306119786,0.0825,True,Bittrex,Binance US
438,01-13-2021_20-34-54,DAI/USD,25.0,1.00449,1.0006,0.09681529930611979,0.014315299306119786,0.0825,True,Bittrex,Binance US
439,01-13-2021_20-35-09,DAI/USD,25.0,1.00449,1.0006,0.09681529930611979,0.014315299306119786,0.0825,True,Bittrex,Binance US
440,01-13-2021_20-35-19,DAI/USD,25.0,1.00449,1.0007,0.09432647413115565,0.011826474131155645,0.0825,True,Bittrex,Binance US
441,01-13-2021_20-35-33,DAI/USD,25.0,1.00449,1.0007,0.09432647413115565,-0.018173525868844354,0.1125,False,Bittrex,Kraken
442,01-13-2021_20-35-44,DAI/USD,25.0,1.00449,1.0007,0.09432647413115565,-0.018173525868844354,0.1125,False,Bittrex,Kraken
443,01-13-2021_20-35-56,DAI/USD,25.0,1.00449,1.0007,0.09432647413115565,-0.018173525868844354,0.1125,False,Bittrex,Kraken
444,01-13-2021_20-36-08,DAI/USD,25.0,1.00449,1.0006,0.09681529930611979,0.014315299306119786,0.0825,True,Bittrex,Binance US
445,01-13-2021_20-36-19,DAI/USD,25.0,1.00449,1.0006,0.09681529930611979,0.014315299306119786,0.0825,True,Bittrex,Binance US
446,01-13-2021_20-36-32,DAI/USD,25.0,1.00449,1.0006,0.09681529930611979,0.014315299306119786,0.0825,True,Bittrex,Binance US
447,01-13-2021_20-36-43,DAI/USD,25.0,1.00449,1.0006,0.09681529930611979,0.014315299306119786,0.0825,True,Bittrex,Binance US
448,01-13-2021_20-36-55,DAI/USD,25.0,1.00449,1.0006,0.09681529930611979,0.014315299306119786,0.0825,True,Bittrex,Binance US
449,01-13-2021_20-37-06,DAI/USD,25.0,1.00449,1.0006,0.09681529930611979,0.014315299306119786,0.0825,True,Bittrex,Binance US
450,01-13-2021_20-37-19,DAI/USD,25.0,1.00449,1.00059,0.09706418182361233,-0.015435818176387672,0.1125,False,Bittrex,Kraken
451,01-13-2021_20-37-30,DAI/USD,25.0,1.00449,1.0006,0.09681529930611979,0.014315299306119786,0.0825,True,Bittrex,Binance US
452,01-13-2021_20-37-42,DAI/USD,25.0,1.00449,1.0006,0.09681529930611979,0.014315299306119786,0.0825,True,Bittrex,Binance US
453,01-13-2021_20-37-53,DAI/USD,25.0,1.00449,1.0006,0.09681529930611979,0.014315299306119786,0.0825,True,Bittrex,Binance US
454,01-13-2021_20-38-05,DAI/USD,25.0,1.00449,1.0006,0.09681529930611979,0.014315299306119786,0.0825,True,Bittrex,Binance US
455,01-13-2021_20-38-16,DAI/USD,25.0,1.00449,1.000355,0.10291292098477832,-0.07958707901522168,0.1825,False,Bittrex,Coinbase Pro
456,01-13-2021_20-38-28,DAI/USD,25.0,1.00449,1.00047,0.10005077203357261,-0.08244922796642738,0.1825,False,Bittrex,Coinbase Pro
457,01-13-2021_20-38-39,DAI/USD,25.0,1.00449,1.0006,0.09681529930611979,0.014315299306119786,0.0825,True,Bittrex,Binance US
458,01-13-2021_20-38-52,DAI/USD,25.0,1.00449,1.0006,0.09681529930611979,0.014315299306119786,0.0825,True,Bittrex,Binance US
459,01-13-2021_20-39-04,DAI/USD,25.0,1.00449,1.0006,0.09681529930611979,0.014315299306119786,0.0825,True,Bittrex,Binance US
460,01-13-2021_20-39-16,DAI/USD,25.0,1.00449,1.0006,0.09681529930611979,0.014315299306119786,0.0825,True,Bittrex,Binance US
461,01-13-2021_20-39-27,DAI/USD,25.0,1.00449,1.0006,0.09681529930611979,0.014315299306119786,0.0825,True,Bittrex,Binance US
462,01-13-2021_20-39-39,DAI/USD,25.0,1.00449,1.000523,0.09873169469083946,-0.08376830530916053,0.1825,False,Bittrex,Coinbase Pro
463,01-13-2021_20-39-50,DAI/USD,25.0,1.00449,1.0006,0.09681529930611979,0.014315299306119786,0.0825,True,Bittrex,Binance US
464,01-13-2021_20-40-01,DAI/USD,25.0,1.00449,1.000529,0.09858236518034283,-0.08391763481965717,0.1825,False,Bittrex,Coinbase Pro
465,01-13-2021_20-40-12,DAI/USD,25.0,1.00449,1.00047,0.10005077203357261,-0.08244922796642738,0.1825,False,Bittrex,Coinbase Pro
466,01-13-2021_20-40-22,DAI/USD,25.0,1.00449,1.000464,0.10020010154406925,-0.08229989845593075,0.1825,False,Bittrex,Coinbase Pro
467,01-13-2021_20-40-35,DAI/USD,25.0,1.00449,1.0006,0.09681529930611979,0.014315299306119786,0.0825,True,Bittrex,Binance US
468,01-13-2021_20-40-46,DAI/USD,25.0,1.00449,1.0006,0.09681529930611979,0.014315299306119786,0.0825,True,Bittrex,Binance US
469,01-13-2021_20-40-58,DAI/USD,25.0,1.00449,1.0006,0.09681529930611979,0.014315299306119786,0.0825,True,Bittrex,Binance US
470,01-13-2021_20-41-09,DAI/USD,25.0,1.00449,1.0006,0.09681529930611979,0.014315299306119786,0.0825,True,Bittrex,Binance US
471,01-13-2021_20-41-19,DAI/USD,25.0,1.00449,1.0006,0.09681529930611979,0.014315299306119786,0.0825,True,Bittrex,Binance US
472,01-13-2021_20-41-30,DAI/USD,25.0,1.00449,1.0006,0.09681529930611979,0.014315299306119786,0.0825,True,Bittrex,Binance US
473,01-13-2021_20-41-42,DAI/USD,25.0,1.00449,1.000278,0.10482931636950353,-0.07767068363049646,0.1825,False,Bittrex,Coinbase Pro
474,01-13-2021_20-41-52,DAI/USD,25.0,1.00449,1.000414,0.10144451413155407,-0.08105548586844592,0.1825,False,Bittrex,Coinbase Pro
475,01-13-2021_20-42-03,DAI/USD,25.0,1.00449,1.000469,0.10007566028532021,-0.08242433971467979,0.1825,False,Bittrex,Coinbase Pro
476,01-13-2021_20-42-14,DAI/USD,25.0,1.00449,1.000479,0.09982677776782767,-0.08267322223217233,0.1825,False,Bittrex,Coinbase Pro
477,01-13-2021_20-42-26,DAI/USD,25.0,1.00449,1.0005,0.09930412448108392,0.016804124481083912,0.0825,True,Bittrex,Binance US
478,01-13-2021_20-42-37,DAI/USD,25.0,1.00449,1.00052,0.09880635944608777,-0.013693640553912229,0.1125,False,Bittrex,Kraken
479,01-13-2021_20-42-48,DAI/USD,25.0,1.00449,1.0005,0.09930412448108392,-0.013195875518916086,0.1125,False,Bittrex,Kraken
480,01-13-2021_20-42-58,DAI/USD,25.0,1.00449,1.0005,0.09930412448108392,-0.013195875518916086,0.1125,False,Bittrex,Kraken
481,01-13-2021_20-43-09,DAI/USD,25.0,1.00449,1.0005,0.09930412448108392,-0.013195875518916086,0.1125,False,Bittrex,Kraken
482,01-13-2021_20-43-20,DAI/USD,25.0,1.00449,1.0005,0.09930412448108392,-0.013195875518916086,0.1125,False,Bittrex,Kraken
483,01-13-2021_20-43-30,DAI/USD,25.0,1.00449,1.0005,0.09930412448108392,-0.013195875518916086,0.1125,False,Bittrex,Kraken
484,01-13-2021_20-43-47,DAI/USD,25.0,1.00449,1.0003,0.1042817748310122,0.021781774831012193,0.0825,True,Bittrex,Binance US
485,01-13-2021_20-43-58,DAI/USD,25.0,1.00449,1.0003,0.1042817748310122,0.021781774831012193,0.0825,True,Bittrex,Binance US
486,01-13-2021_20-44-10,DAI/USD,25.0,1.00449,1.0003,0.1042817748310122,0.021781774831012193,0.0825,True,Bittrex,Binance US
487,01-13-2021_20-44-21,DAI/USD,25.0,1.00449,1.0003,0.1042817748310122,0.021781774831012193,0.0825,True,Bittrex,Binance US
488,01-13-2021_20-44-33,DAI/USD,25.0,1.00449,1.00036,0.10278847972603482,-0.07971152027396518,0.1825,False,Bittrex,Coinbase Pro
489,01-13-2021_20-44-44,DAI/USD,25.0,1.00449,1.00036,0.10278847972603482,-0.07971152027396518,0.1825,False,Bittrex,Coinbase Pro
490,01-13-2021_20-44-54,DAI/USD,25.0,1.00449,1.00061,0.09656641678862171,-0.08593358321137828,0.1825,False,Bittrex,Coinbase Pro
491,01-13-2021_20-45-04,DAI/USD,25.0,1.00449,1.000593,0.09698951706836402,-0.08551048293163598,0.1825,False,Bittrex,Coinbase Pro
492,01-13-2021_20-45-15,DAI/USD,25.0,1.00449,1.000573,0.09748728210336016,-0.08501271789663983,0.1825,False,Bittrex,Coinbase Pro
493,01-13-2021_20-45-25,DAI/USD,25.0,1.00449,1.0007,0.09432647413115565,0.011826474131155645,0.0825,True,Bittrex,Binance US
494,01-13-2021_20-45-37,DAI/USD,25.0,1.00449,1.000612,0.096516640285121,-0.085983359714879,0.1825,False,Bittrex,Coinbase Pro
495,01-13-2021_20-45-46,DAI/USD,25.0,1.00449,1.000594,0.09696462881661642,-0.08553537118338357,0.1825,False,Bittrex,Coinbase Pro
496,01-13-2021_20-45-56,DAI/USD,25.0,1.00449,1.0007,0.09432647413115565,0.011826474131155645,0.0825,True,Bittrex,Binance US
497,01-13-2021_20-46-07,DAI/USD,25.0,1.00449,1.000681,0.09479935091439867,-0.08770064908560132,0.1825,False,Bittrex,Coinbase Pro
498,01-13-2021_20-46-19,DAI/USD,25.0,1.00449,1.000662,0.0952722276976417,-0.0872277723023583,0.1825,False,Bittrex,Coinbase Pro
499,01-13-2021_20-46-31,DAI/USD,25.0,1.00449,1.0007,0.09432647413115565,0.011826474131155645,0.0825,True,Bittrex,Binance US
500,01-13-2021_20-46-42,DAI/USD,25.0,1.00449,1.000632,0.09601887525013038,-0.08648112474986962,0.1825,False,Bittrex,Coinbase Pro
501,01-13-2021_20-46-53,DAI/USD,25.0,1.00449,1.0007,0.09432647413115565,-0.018173525868844354,0.1125,False,Bittrex,Kraken
502,01-13-2021_20-47-04,DAI/USD,25.0,1.00449,1.000536,0.09840814741809308,-0.08409185258190692,0.1825,False,Bittrex,Coinbase Pro
503,01-13-2021_20-47-14,DAI/USD,25.0,1.00449,1.000554,0.09796015888660319,-0.08453984111339681,0.1825,False,Bittrex,Coinbase Pro
504,01-13-2021_20-47-24,DAI/USD,25.0,1.00449,1.00068,0.09482423916614627,-0.017675760833853735,0.1125,False,Bittrex,Kraken
505,01-13-2021_20-47-34,DAI/USD,25.0,1.00449,1.00067,0.09507312168364435,-0.017426878316355657,0.1125,False,Bittrex,Kraken
506,01-13-2021_20-47-45,DAI/USD,25.0,1.00449,1.00066,0.09532200420113689,-0.017177995798863116,0.1125,False,Bittrex,Kraken
507,01-13-2021_20-47-56,DAI/USD,25.0,1.00449,1.00066,0.09532200420113689,-0.017177995798863116,0.1125,False,Bittrex,Kraken
508,01-13-2021_20-48-09,DAI/USD,25.0,1.00449,1.00065,0.09557088671863495,-0.016929113281365052,0.1125,False,Bittrex,Kraken
509,01-13-2021_20-48-20,DAI/USD,25.0,1.00449,1.00065,0.09557088671863495,-0.016929113281365052,0.1125,False,Bittrex,Kraken
510,01-13-2021_20-48-32,DAI/USD,25.0,1.00449,1.000555,0.09793527063485005,-0.08456472936514994,0.1825,False,Bittrex,Coinbase Pro
511,01-13-2021_20-48-43,DAI/USD,25.0,1.00449,1.00063,0.09606865175363109,-0.01643134824636891,0.1125,False,Bittrex,Kraken
512,01-13-2021_20-48-54,DAI/USD,25.0,1.00449,1.000617,0.09639219902637196,-0.08610780097362804,0.1825,False,Bittrex,Coinbase Pro
513,01-13-2021_20-49-04,DAI/USD,25.0,1.00449,1.0006,0.09681529930611979,-0.0856847006938802,0.1825,False,Bittrex,Coinbase Pro
514,01-13-2021_20-49-14,DAI/USD,25.0,1.00449,1.000605,0.09669085804737075,-0.08580914195262924,0.1825,False,Bittrex,Coinbase Pro
515,01-13-2021_20-49-24,DAI/USD,25.0,1.00449,1.000586,0.09716373483061377,-0.08533626516938622,0.1825,False,Bittrex,Coinbase Pro
516,01-13-2021_20-49-35,DAI/USD,25.0,1.00449,1.000568,0.0976117233621092,-0.0848882766378908,0.1825,False,Bittrex,Coinbase Pro
517,01-13-2021_20-49-45,DAI/USD,25.0,1.00449,1.000516,0.09890591245308922,-0.08359408754691078,0.1825,False,Bittrex,Coinbase Pro
518,01-13-2021_20-49-55,DAI/USD,25.0,1.00449,1.000458,0.10034943105456587,-0.08215056894543413,0.1825,False,Bittrex,Coinbase Pro
519,01-13-2021_20-50-06,DAI/USD,25.0,1.00449,1.000476,0.09990144252307598,-0.08259855747692402,0.1825,False,Bittrex,Coinbase Pro
520,01-13-2021_20-50-17,DAI/USD,25.0,1.00449,1.000466,0.10015032504056852,-0.08234967495943148,0.1825,False,Bittrex,Coinbase Pro
521,01-13-2021_20-50-28,DAI/USD,25.0,1.00449,1.000475,0.09992633077482357,-0.08257366922517642,0.1825,False,Bittrex,Coinbase Pro
522,01-13-2021_20-50-39,DAI/USD,25.0,1.00449,1.000493,0.09947834224332815,-0.08302165775667185,0.1825,False,Bittrex,Coinbase Pro
523,01-13-2021_20-50-49,DAI/USD,25.0,1.00449,1.000412,0.10149429063504926,-0.08100570936495073,0.1825,False,Bittrex,Coinbase Pro
524,01-13-2021_20-51-00,DAI/USD,25.0,1.00449,1.00036,0.10278847972603482,-0.07971152027396518,0.1825,False,Bittrex,Coinbase Pro
525,01-13-2021_20-51-10,DAI/USD,25.0,1.00449,1.00036,0.10278847972603482,-0.07971152027396518,0.1825,False,Bittrex,Coinbase Pro
526,01-13-2021_20-51-20,DAI/USD,25.0,1.00449,1.00036,0.10278847972603482,-0.07971152027396518,0.1825,False,Bittrex,Coinbase Pro
527,01-13-2021_20-51-30,DAI/USD,25.0,1.00449,1.00036,0.10278847972603482,-0.07971152027396518,0.1825,False,Bittrex,Coinbase Pro
528,01-13-2021_20-51-39,DAI/USD,25.0,1.00449,1.000585,0.09718862308236137,-0.08531137691763863,0.1825,False,Bittrex,Coinbase Pro
529,01-13-2021_20-51-50,DAI/USD,25.0,1.00449,1.000505,0.09917968322233489,-0.0833203167776651,0.1825,False,Bittrex,Coinbase Pro
530,01-13-2021_20-52-00,DAI/USD,25.0,1.00449,1.00067,0.09507312168364435,-0.017426878316355657,0.1125,False,Bittrex,Kraken
531,01-13-2021_20-52-10,DAI/USD,25.0,1.00449,1.000489,0.09957789525032959,-0.0829221047496704,0.1825,False,Bittrex,Coinbase Pro
532,01-13-2021_20-52-20,DAI/USD,25.0,1.00449,1.000468,0.10010054853707333,-0.08239945146292667,0.1825,False,Bittrex,Coinbase Pro
533,01-13-2021_20-52-31,DAI/USD,25.0,1.00449,1.00067,0.09507312168364435,-0.017426878316355657,0.1125,False,Bittrex,Kraken
534,01-13-2021_20-52-42,DAI/USD,25.0,1.00449,1.00067,0.09507312168364435,-0.08742687831635565,0.1825,False,Bittrex,Coinbase Pro
535,01-13-2021_20-52-52,DAI/USD,25.0,1.00449,1.000411,0.10151917888680238,-0.08098082111319761,0.1825,False,Bittrex,Coinbase Pro
536,01-13-2021_20-53-02,DAI/USD,25.0,1.00449,1.00067,0.09507312168364435,-0.017426878316355657,0.1125,False,Bittrex,Kraken
537,01-13-2021_20-53-12,DAI/USD,25.0,1.00449,1.0007,0.09432647413115565,0.011826474131155645,0.0825,True,Bittrex,Binance US
538,01-13-2021_20-53-23,DAI/USD,25.0,1.00449,1.000654,0.09547133371163904,-0.08702866628836095,0.1825,False,Bittrex,Coinbase Pro
539,01-13-2021_20-53-32,DAI/USD,25.0,1.00449,1.000655,0.09544644545988593,-0.08705355454011407,0.1825,False,Bittrex,Coinbase Pro
540,01-13-2021_20-53-42,DAI/USD,25.0,1.00449,1.000629,0.09609354000537869,-0.0864064599946213,0.1825,False,Bittrex,Coinbase Pro
541,01-13-2021_20-53-52,DAI/USD,25.0,1.00449,1.00069,0.09457535664864819,-0.017924643351351813,0.1125,False,Bittrex,Kraken
542,01-13-2021_20-54-03,DAI/USD,25.0,1.00449,1.00069,0.09457535664864819,-0.017924643351351813,0.1125,False,Bittrex,Kraken
543,01-13-2021_20-54-14,DAI/USD,25.0,1.00449,1.000645,0.09569532797738399,-0.086804672022616,0.1825,False,Bittrex,Coinbase Pro
544,01-13-2021_20-54-25,DAI/USD,25.0,1.00449,1.000584,0.09721351133411449,-0.08528648866588551,0.1825,False,Bittrex,Coinbase Pro
545,01-13-2021_20-54-37,DAI/USD,25.0,1.00449,1.000584,0.09721351133411449,-0.08528648866588551,0.1825,False,Bittrex,Coinbase Pro
546,01-13-2021_20-54-47,DAI/USD,25.0,1.00449,1.00058,0.09731306434111041,-0.08518693565888959,0.1825,False,Bittrex,Coinbase Pro
547,01-13-2021_20-54-58,DAI/USD,25.0,1.00449,1.00058,0.09731306434111041,-0.08518693565888959,0.1825,False,Bittrex,Coinbase Pro
548,01-13-2021_20-55-09,DAI/USD,25.0,1.00449,1.000555,0.09793527063485005,-0.08456472936514994,0.1825,False,Bittrex,Coinbase Pro
549,01-13-2021_20-55-20,DAI/USD,25.0,1.00449,1.0005,0.09930412448108392,-0.08319587551891608,0.1825,False,Bittrex,Coinbase Pro
550,01-13-2021_20-55-30,DAI/USD,25.0,1.00449,1.000373,0.10246493245328843,-0.08003506754671157,0.1825,False,Bittrex,Coinbase Pro
551,01-13-2021_20-55-41,DAI/USD,25.0,1.00449,1.000377,0.10236537944628699,-0.08013462055371301,0.1825,False,Bittrex,Coinbase Pro
552,01-13-2021_20-55-52,DAI/USD,25.0,1.00449,1.000565,0.09768638811735751,-0.08481361188264248,0.1825,False,Bittrex,Coinbase Pro
553,01-13-2021_20-56-04,DAI/USD,25.0,1.00449,1.000562,0.09776105287260582,-0.08473894712739417,0.1825,False,Bittrex,Coinbase Pro
554,01-13-2021_20-56-13,DAI/USD,25.0,1.00449,1.000469,0.10007566028532021,-0.08242433971467979,0.1825,False,Bittrex,Coinbase Pro
555,01-13-2021_20-56-25,DAI/USD,25.0,1.00449,1.000602,0.09676552280261906,-0.08573447719738093,0.1825,False,Bittrex,Coinbase Pro
556,01-13-2021_20-56-35,DAI/USD,25.0,1.00449,1.00067,0.09507312168364435,-0.08742687831635565,0.1825,False,Bittrex,Coinbase Pro
557,01-13-2021_20-56-45,DAI/USD,25.0,1.00449,1.0007,0.09432647413115565,0.011826474131155645,0.0825,True,Bittrex,Binance US
558,01-13-2021_20-56-57,DAI/USD,25.0,1.00449,1.0007,0.09432647413115565,0.011826474131155645,0.0825,True,Bittrex,Binance US
559,01-13-2021_20-57-09,DAI/USD,25.0,1.00449,1.000666,0.09517267469064025,-0.08732732530935974,0.1825,False,Bittrex,Coinbase Pro
560,01-13-2021_20-57-20,DAI/USD,25.0,1.00449,1.0007,0.09432647413115565,0.011826474131155645,0.0825,True,Bittrex,Binance US
561,01-13-2021_20-57-31,DAI/USD,25.0,1.00449,1.000691,0.0945504683969006,-0.0879495316030994,0.1825,False,Bittrex,Coinbase Pro
562,01-13-2021_20-57-41,DAI/USD,25.0,1.00449,1.000665,0.09519756294239337,-0.08730243705760662,0.1825,False,Bittrex,Coinbase Pro
563,01-13-2021_20-57-53,DAI/USD,25.0,1.00449,1.000535,0.0984330356698462,-0.0840669643301538,0.1825,False,Bittrex,Coinbase Pro
564,01-13-2021_20-58-04,DAI/USD,25.0,1.00449,1.000535,0.0984330356698462,-0.0840669643301538,0.1825,False,Bittrex,Coinbase Pro
565,01-13-2021_20-58-15,DAI/USD,25.0,1.00449,1.0007,0.09432647413115565,0.011826474131155645,0.0825,True,Bittrex,Binance US
566,01-13-2021_20-58-26,DAI/USD,25.0,1.00449,1.0007,0.09432647413115565,0.011826474131155645,0.0825,True,Bittrex,Binance US
567,01-13-2021_20-58-37,DAI/USD,25.0,1.00449,1.0007,0.09432647413115565,0.011826474131155645,0.0825,True,Bittrex,Binance US
568,01-13-2021_20-58-49,DAI/USD,25.0,1.00449,1.0007,0.09432647413115565,0.011826474131155645,0.0825,True,Bittrex,Binance US
569,01-13-2021_20-59-01,DAI/USD,25.0,1.00449,1.0007,0.09432647413115565,0.011826474131155645,0.0825,True,Bittrex,Binance US
570,01-13-2021_20-59-12,DAI/USD,25.0,1.00449,1.0007,0.09432647413115565,0.011826474131155645,0.0825,True,Bittrex,Binance US
571,01-13-2021_20-59-24,DAI/USD,25.0,1.00449,1.000586,0.09716373483061377,-0.08533626516938622,0.1825,False,Bittrex,Coinbase Pro
572,01-13-2021_20-59-35,DAI/USD,25.0,1.00449,1.000639,0.09584465748788062,-0.08665534251211937,0.1825,False,Bittrex,Coinbase Pro
573,01-13-2021_20-59-45,DAI/USD,25.0,1.00449,1.0007,0.09432647413115565,0.011826474131155645,0.0825,True,Bittrex,Binance US
574,01-13-2021_20-59-56,DAI/USD,25.0,1.00449,1.0007,0.09432647413115565,0.011826474131155645,0.0825,True,Bittrex,Binance US
575,01-13-2021_21-00-08,DAI/USD,25.0,1.00449,1.0007,0.09432647413115565,0.011826474131155645,0.0825,True,Bittrex,Binance US
576,01-13-2021_21-00-17,DAI/USD,25.0,1.00449,1.0007,0.09432647413115565,0.011826474131155645,0.0825,True,Bittrex,Binance US
577,01-13-2021_21-00-30,DAI/USD,25.0,1.00449,1.000647,0.09564555147388328,-0.08685444852611672,0.1825,False,Bittrex,Coinbase Pro
578,01-13-2021_21-00-40,DAI/USD,25.0,1.00449,1.000637,0.09589443399138134,-0.08660556600861866,0.1825,False,Bittrex,Coinbase Pro
579,01-13-2021_21-00-50,DAI/USD,25.0,1.00449,1.000591,0.09703929357186473,-0.08546070642813526,0.1825,False,Bittrex,Coinbase Pro
580,01-13-2021_21-01-00,DAI/USD,25.0,1.00449,1.000632,0.09601887525013038,-0.08648112474986962,0.1825,False,Bittrex,Coinbase Pro
581,01-13-2021_21-01-11,DAI/USD,25.0,1.00449,1.000508,0.09910501846708657,-0.08339498153291343,0.1825,False,Bittrex,Coinbase Pro
582,01-13-2021_21-01-21,DAI/USD,25.0,1.00449,1.00057,0.09756194685860847,-0.08493805314139152,0.1825,False,Bittrex,Coinbase Pro
583,01-13-2021_21-01-32,DAI/USD,25.0,1.00449,1.000553,0.09798504713835078,-0.08451495286164921,0.1825,False,Bittrex,Coinbase Pro
584,01-13-2021_21-01-42,DAI/USD,25.0,1.00449,1.00041,0.10154406713854999,-0.08095593286145,0.1825,False,Bittrex,Coinbase Pro
585,01-13-2021_21-01-52,DAI/USD,25.0,1.00449,1.000373,0.10246493245328843,-0.08003506754671157,0.1825,False,Bittrex,Coinbase Pro
586,01-13-2021_21-02-02,DAI/USD,25.0,1.00449,1.000373,0.10246493245328843,-0.08003506754671157,0.1825,False,Bittrex,Coinbase Pro
587,01-13-2021_21-02-13,DAI/USD,25.0,1.00449,1.000411,0.10151917888680238,-0.08098082111319761,0.1825,False,Bittrex,Coinbase Pro
588,01-13-2021_21-02-23,DAI/USD,25.0,1.00449,1.000411,0.10151917888680238,-0.08098082111319761,0.1825,False,Bittrex,Coinbase Pro
589,01-13-2021_21-02-34,DAI/USD,25.0,1.00449,1.000411,0.10151917888680238,-0.08098082111319761,0.1825,False,Bittrex,Coinbase Pro
590,01-13-2021_21-02-45,DAI/USD,25.0,1.00449,1.000465,0.10017521329232165,-0.08232478670767834,0.1825,False,Bittrex,Coinbase Pro
591,01-13-2021_21-02-56,DAI/USD,25.0,1.00449,1.000414,0.10144451413155407,-0.08105548586844592,0.1825,False,Bittrex,Coinbase Pro
592,01-13-2021_21-03-07,DAI/USD,25.0,1.00449,1.00048,0.09980188951607454,-0.08269811048392546,0.1825,False,Bittrex,Coinbase Pro
593,01-13-2021_21-03-16,DAI/USD,25.0,1.00449,1.00038,0.10229071469103868,-0.08020928530896132,0.1825,False,Bittrex,Coinbase Pro
594,01-13-2021_21-03-28,DAI/USD,25.0,1.00449,1.00031,0.10403289231351412,-0.07846710768648588,0.1825,False,Bittrex,Coinbase Pro
595,01-13-2021_21-03-38,DAI/USD,25.0,1.00449,1.000616,0.09641708727812508,-0.08608291272187492,0.1825,False,Bittrex,Coinbase Pro
596,01-13-2021_21-03-49,DAI/USD,25.0,1.00449,1.000619,0.09634242252287677,-0.08615757747712323,0.1825,False,Bittrex,Coinbase Pro
597,01-13-2021_21-03-59,DAI/USD,25.0,1.00449,1.000588,0.09711395832711305,-0.08538604167288695,0.1825,False,Bittrex,Coinbase Pro
598,01-13-2021_21-04-10,DAI/USD,25.0,1.00449,1.000584,0.09721351133411449,-0.08528648866588551,0.1825,False,Bittrex,Coinbase Pro
599,01-13-2021_21-04-20,DAI/USD,25.0,1.00449,1.000571,0.09753705860685535,-0.08496294139314464,0.1825,False,Bittrex,Coinbase Pro
600,01-13-2021_21-04-30,DAI/USD,25.0,1.00449,1.0007,0.09432647413115565,0.011826474131155645,0.0825,True,Bittrex,Binance US
601,01-13-2021_21-04-42,DAI/USD,25.0,1.00449,1.000683,0.09474957441089796,-0.08775042558910204,0.1825,False,Bittrex,Coinbase Pro
602,01-13-2021_21-04-54,DAI/USD,25.0,1.00449,1.000575,0.09743750559985943,-0.08506249440014056,0.1825,False,Bittrex,Coinbase Pro
603,01-13-2021_21-05-06,DAI/USD,25.0,1.00449,1.000575,0.09743750559985943,-0.08506249440014056,0.1825,False,Bittrex,Coinbase Pro
604,01-13-2021_21-05-15,DAI/USD,25.0,1.00449,1.000573,0.09748728210336016,-0.08501271789663983,0.1825,False,Bittrex,Coinbase Pro
605,01-13-2021_21-05-25,DAI/USD,25.0,1.00449,1.000573,0.09748728210336016,-0.08501271789663983,0.1825,False,Bittrex,Coinbase Pro
606,01-13-2021_21-05-36,DAI/USD,25.0,1.00449,1.000575,0.09743750559985943,-0.08506249440014056,0.1825,False,Bittrex,Coinbase Pro
607,01-13-2021_21-05-46,DAI/USD,25.0,1.00449,1.00046,0.10029965455107068,-0.08220034544892932,0.1825,False,Bittrex,Coinbase Pro
608,01-13-2021_21-05-55,DAI/USD,25.0,1.00449,1.00057,0.09756194685860847,-0.08493805314139152,0.1825,False,Bittrex,Coinbase Pro
609,01-13-2021_21-06-06,DAI/USD,25.0,1.00449,1.000554,0.09796015888660319,-0.08453984111339681,0.1825,False,Bittrex,Coinbase Pro
610,01-13-2021_21-06-17,DAI/USD,25.0,1.00449,1.000537,0.09838325916634548,-0.08411674083365452,0.1825,False,Bittrex,Coinbase Pro
611,01-13-2021_21-06-27,DAI/USD,25.0,1.00449,1.000568,0.0976117233621092,-0.0848882766378908,0.1825,False,Bittrex,Coinbase Pro
612,01-13-2021_21-06-38,DAI/USD,25.0,1.00449,1.000556,0.09791038238310246,-0.08458961761689754,0.1825,False,Bittrex,Coinbase Pro
613,01-13-2021_21-06-49,DAI/USD,25.0,1.00449,1.000425,0.1011707433623084,-0.0813292566376916,0.1825,False,Bittrex,Coinbase Pro
614,01-13-2021_21-07-00,DAI/USD,25.0,1.00449,1.000422,0.10124540811755672,-0.08125459188244327,0.1825,False,Bittrex,Coinbase Pro
615,01-13-2021_21-07-12,DAI/USD,25.0,1.00449,1.000397,0.10186761441129637,-0.08063238558870363,0.1825,False,Bittrex,Coinbase Pro
616,01-13-2021_21-07-23,DAI/USD,25.0,1.00449,1.000493,0.09947834224332815,-0.08302165775667185,0.1825,False,Bittrex,Coinbase Pro
617,01-13-2021_21-07-36,DAI/USD,25.0,1.00449,1.000431,0.10102141385180624,-0.08147858614819375,0.1825,False,Bittrex,Coinbase Pro
618,01-13-2021_21-07-48,DAI/USD,25.0,1.00449,1.000433,0.10097163734831105,-0.08152836265168895,0.1825,False,Bittrex,Coinbase Pro
619,01-13-2021_21-07-59,DAI/USD,25.0,1.00449,1.000381,0.10226582643929108,-0.08023417356070892,0.1825,False,Bittrex,Coinbase Pro
620,01-13-2021_21-08-10,DAI/USD,25.0,1.00449,1.000353,0.10296269748827905,-0.07953730251172095,0.1825,False,Bittrex,Coinbase Pro
621,01-13-2021_21-08-21,DAI/USD,25.0,1.00449,1.000237,0.10584973469123789,-0.07665026530876211,0.1825,False,Bittrex,Coinbase Pro
622,01-13-2021_21-08-32,DAI/USD,25.0,1.00449,1.000237,0.10584973469123789,-0.07665026530876211,0.1825,False,Bittrex,Coinbase Pro
623,01-13-2021_21-08-42,DAI/USD,25.0,1.00449,1.000302,0.10423199832751147,-0.07826800167248853,0.1825,False,Bittrex,Coinbase Pro
624,01-13-2021_21-08-53,DAI/USD,25.0,1.00449,1.000378,0.10234049119453939,-0.0801595088054606,0.1825,False,Bittrex,Coinbase Pro
625,01-13-2021_21-09-04,DAI/USD,25.0,1.00449,1.000376,0.10239026769804012,-0.08010973230195988,0.1825,False,Bittrex,Coinbase Pro
626,01-13-2021_21-09-14,DAI/USD,25.0,1.00449,1.000376,0.10239026769804012,-0.08010973230195988,0.1825,False,Bittrex,Coinbase Pro
627,01-13-2021_21-09-24,DAI/USD,25.0,1.00449,1.000518,0.0988561359495885,-0.08364386405041149,0.1825,False,Bittrex,Coinbase Pro
628,01-13-2021_21-09-34,DAI/USD,25.0,1.00449,1.000475,0.09992633077482357,-0.08257366922517642,0.1825,False,Bittrex,Coinbase Pro
629,01-13-2021_21-09-44,DAI/USD,25.0,1.00449,1.000409,0.10156895539029759,-0.08093104460970241,0.1825,False,Bittrex,Coinbase Pro
630,01-13-2021_21-09-54,DAI/USD,25.0,1.00449,1.000396,0.10189250266304398,-0.08060749733695602,0.1825,False,Bittrex,Coinbase Pro
631,01-13-2021_21-10-05,DAI/USD,25.0,1.00449,1.000376,0.10239026769804012,-0.08010973230195988,0.1825,False,Bittrex,Coinbase Pro
632,01-13-2021_21-10-15,DAI/USD,25.0,1.00449,1.000345,0.1031618035022764,-0.0793381964977236,0.1825,False,Bittrex,Coinbase Pro
633,01-13-2021_21-10-24,DAI/USD,25.0,1.00449,1.000333,0.10346046252327519,-0.0790395374767248,0.1825,False,Bittrex,Coinbase Pro
634,01-13-2021_21-10-36,DAI/USD,25.0,1.00449,1.000328,0.10358490378201869,-0.0789150962179813,0.1825,False,Bittrex,Coinbase Pro
635,01-13-2021_21-10-48,DAI/USD,25.0,1.00449,1.000349,0.10306225049528049,-0.0794377495047195,0.1825,False,Bittrex,Coinbase Pro
636,01-13-2021_21-11-00,DAI/USD,25.0,1.00449,1.000339,0.10331113301277303,-0.07918886698722696,0.1825,False,Bittrex,Coinbase Pro
637,01-13-2021_21-11-12,DAI/USD,25.0,1.00449,1.000239,0.10579995818773716,-0.07670004181226284,0.1825,False,Bittrex,Coinbase Pro
638,01-13-2021_21-11-22,DAI/USD,25.0,1.00449,1.000376,0.10239026769804012,-0.08010973230195988,0.1825,False,Bittrex,Coinbase Pro
639,01-13-2021_21-11-32,DAI/USD,25.0,1.00449,1.00025,0.1055261874184915,-0.0769738125815085,0.1825,False,Bittrex,Coinbase Pro
640,01-13-2021_21-11-42,DAI/USD,25.0,1.00449,1.000233,0.10594928769823933,-0.07655071230176066,0.1825,False,Bittrex,Coinbase Pro
641,01-13-2021_21-11-52,DAI/USD,25.0,1.00449,1.00043,0.10104630210355937,-0.08145369789644062,0.1825,False,Bittrex,Coinbase Pro
642,01-13-2021_21-12-01,DAI/USD,25.0,1.00449,1.000345,0.1031618035022764,-0.0793381964977236,0.1825,False,Bittrex,Coinbase Pro
643,01-13-2021_21-12-11,DAI/USD,25.0,1.00449,1.000175,0.10739280629971598,-0.07510719370028401,0.1825,False,Bittrex,Coinbase Pro
644,01-13-2021_21-12-20,DAI/USD,25.0,1.00449,1.000175,0.10739280629971598,-0.07510719370028401,0.1825,False,Bittrex,Coinbase Pro
645,01-13-2021_21-12-31,DAI/USD,25.0,1.00449,1.000156,0.107865683082959,-0.07463431691704099,0.1825,False,Bittrex,Coinbase Pro
646,01-13-2021_21-12-42,DAI/USD,25.0,1.00449,1.000448,0.10059831357206395,-0.08190168642793605,0.1825,False,Bittrex,Coinbase Pro
647,01-13-2021_21-12-54,DAI/USD,25.0,1.00449,1.000307,0.10410755706876244,-0.07839244293123755,0.1825,False,Bittrex,Coinbase Pro
648,01-13-2021_21-13-05,DAI/USD,25.0,1.00449,1.000304,0.10418222182401075,-0.07831777817598924,0.1825,False,Bittrex,Coinbase Pro
649,01-13-2021_21-13-15,DAI/USD,25.0,1.00449,1.000112,0.1089607661599472,-0.0735392338400528,0.1825,False,Bittrex,Coinbase Pro
650,01-13-2021_21-13-25,DAI/USD,25.0,1.00449,1.00027,0.10502842238350088,-0.007471577616499123,0.1125,False,Bittrex,Kraken
651,01-13-2021_21-13-36,DAI/USD,25.0,1.00449,1.00027,0.10502842238350088,-0.007471577616499123,0.1125,False,Bittrex,Kraken
652,01-13-2021_21-13-45,DAI/USD,25.0,1.00449,1.00027,0.10502842238350088,-0.007471577616499123,0.1125,False,Bittrex,Kraken
653,01-13-2021_21-13-55,DAI/USD,25.0,1.00449,1.00027,0.10502842238350088,-0.007471577616499123,0.1125,False,Bittrex,Kraken
654,01-13-2021_21-14-04,DAI/USD,25.0,1.00449,1.00027,0.10502842238350088,-0.007471577616499123,0.1125,False,Bittrex,Kraken
655,01-13-2021_21-14-15,DAI/USD,25.0,1.00449,1.00027,0.10502842238350088,-0.007471577616499123,0.1125,False,Bittrex,Kraken
656,01-13-2021_21-14-26,DAI/USD,25.0,1.00449,1.00027,0.10502842238350088,-0.007471577616499123,0.1125,False,Bittrex,Kraken
657,01-13-2021_21-14-36,DAI/USD,25.0,1.00449,1.00027,0.10502842238350088,-0.007471577616499123,0.1125,False,Bittrex,Kraken
658,01-13-2021_21-14-45,DAI/USD,25.0,1.00449,1.00027,0.10502842238350088,-0.007471577616499123,0.1125,False,Bittrex,Kraken
659,01-13-2021_21-14-55,DAI/USD,25.0,1.00449,1.00027,0.10502842238350088,-0.007471577616499123,0.1125,False,Bittrex,Kraken
660,01-13-2021_21-15-06,DAI/USD,25.0,1.00449,1.00027,0.10502842238350088,-0.007471577616499123,0.1125,False,Bittrex,Kraken
661,01-13-2021_21-15-16,DAI/USD,25.0,1.00449,1.00027,0.10502842238350088,-0.007471577616499123,0.1125,False,Bittrex,Kraken
662,01-13-2021_21-15-27,DAI/USD,25.0,1.00449,1.00027,0.10502842238350088,-0.007471577616499123,0.1125,False,Bittrex,Kraken
663,01-13-2021_21-15-37,DAI/USD,25.0,1.00449,1.00022,0.10627283497098018,-0.006227165029019821,0.1125,False,Bittrex,Kraken
664,01-13-2021_21-15-47,DAI/USD,25.0,1.00449,1.00022,0.10627283497098018,-0.006227165029019821,0.1125,False,Bittrex,Kraken
665,01-13-2021_21-15-58,DAI/USD,25.0,1.00449,1.00022,0.10627283497098018,-0.006227165029019821,0.1125,False,Bittrex,Kraken
666,01-13-2021_21-16-09,DAI/USD,25.0,1.00449,1.00022,0.10627283497098018,-0.006227165029019821,0.1125,False,Bittrex,Kraken
667,01-13-2021_21-16-20,DAI/USD,25.0,1.00449,1.00028,0.10477953986600282,-0.007720460133997187,0.1125,False,Bittrex,Kraken
668,01-13-2021_21-16-31,DAI/USD,25.0,1.00449,1.00028,0.10477953986600282,-0.007720460133997187,0.1125,False,Bittrex,Kraken
669,01-13-2021_21-16-40,DAI/USD,25.0,1.00449,1.00028,0.10477953986600282,-0.007720460133997187,0.1125,False,Bittrex,Kraken
670,01-13-2021_21-16-50,DAI/USD,25.0,1.00449,1.00028,0.10477953986600282,-0.007720460133997187,0.1125,False,Bittrex,Kraken
671,01-13-2021_21-17-01,DAI/USD,25.0,1.00449,1.00028,0.10477953986600282,-0.007720460133997187,0.1125,False,Bittrex,Kraken
672,01-13-2021_21-17-12,DAI/USD,25.0,1.00449,1.00028,0.10477953986600282,-0.007720460133997187,0.1125,False,Bittrex,Kraken
673,01-13-2021_21-17-22,DAI/USD,25.0,1.00449,1.00028,0.10477953986600282,-0.007720460133997187,0.1125,False,Bittrex,Kraken
674,01-13-2021_21-17-33,DAI/USD,25.0,1.00449,1.00027,0.10502842238350088,-0.007471577616499123,0.1125,False,Bittrex,Kraken
675,01-13-2021_21-17-41,DAI/USD,25.0,1.00449,1.00026,0.10527730490099896,-0.007222695099001045,0.1125,False,Bittrex,Kraken
676,01-13-2021_21-17-52,DAI/USD,25.0,1.00449,1.000243,0.10570040518074125,-0.07679959481925874,0.1825,False,Bittrex,Coinbase Pro
677,01-13-2021_21-18-02,DAI/USD,25.0,1.00449,1.00028,0.10477953986600282,-0.007720460133997187,0.1125,False,Bittrex,Kraken
678,01-13-2021_21-18-11,DAI/USD,25.0,1.00449,1.00028,0.10477953986600282,-0.007720460133997187,0.1125,False,Bittrex,Kraken
679,01-13-2021_21-18-21,DAI/USD,25.0,1.00449,1.00028,0.10477953986600282,-0.007720460133997187,0.1125,False,Bittrex,Kraken
680,01-13-2021_21-18-31,DAI/USD,25.0,1.00449,1.00028,0.10477953986600282,-0.007720460133997187,0.1125,False,Bittrex,Kraken
681,01-13-2021_21-18-41,DAI/USD,25.0,1.00449,1.000256,0.10537685790799486,-0.07712314209200513,0.1825,False,Bittrex,Coinbase Pro
682,01-13-2021_21-18-51,DAI/USD,25.0,1.00449,1.00028,0.10477953986600282,-0.007720460133997187,0.1125,False,Bittrex,Kraken
683,01-13-2021_21-19-02,DAI/USD,25.0,1.00449,1.00028,0.10477953986600282,-0.007720460133997187,0.1125,False,Bittrex,Kraken
684,01-13-2021_21-19-12,DAI/USD,25.0,1.00449,1.00028,0.10477953986600282,-0.007720460133997187,0.1125,False,Bittrex,Kraken
685,01-13-2021_21-19-22,DAI/USD,25.0,1.00449,1.00028,0.10477953986600282,-0.007720460133997187,0.1125,False,Bittrex,Kraken
686,01-13-2021_21-19-32,DAI/USD,25.0,1.00449,1.000388,0.10209160867704133,-0.08040839132295867,0.1825,False,Bittrex,Coinbase Pro
687,01-13-2021_21-19-43,DAI/USD,25.0,1.00449,1.000388,0.10209160867704133,-0.08040839132295867,0.1825,False,Bittrex,Coinbase Pro
688,01-13-2021_21-19-54,DAI/USD,25.0,1.00449,1.000334,0.10343557427152207,-0.07906442572847792,0.1825,False,Bittrex,Coinbase Pro
689,01-13-2021_21-20-05,DAI/USD,25.0,1.00449,1.00036,0.10278847972603482,-0.009711520273965185,0.1125,False,Bittrex,Kraken
690,01-13-2021_21-20-15,DAI/USD,25.0,1.00449,1.00035,0.10303736224352736,-0.009462637756472644,0.1125,False,Bittrex,Kraken
691,01-13-2021_21-20-26,DAI/USD,25.0,1.00449,1.00035,0.10303736224352736,-0.009462637756472644,0.1125,False,Bittrex,Kraken
692,01-13-2021_21-20-37,DAI/USD,25.0,1.00449,1.000438,0.10084719608956202,-0.08165280391043797,0.1825,False,Bittrex,Coinbase Pro
693,01-13-2021_21-20-47,DAI/USD,25.0,1.00449,1.000283,0.10470487511075449,-0.0777951248892455,0.1825,False,Bittrex,Coinbase Pro
694,01-13-2021_21-20-59,DAI/USD,25.0,1.00449,1.00049,0.09955300699857647,-0.012946993001423532,0.1125,False,Bittrex,Kraken
695,01-13-2021_21-21-09,DAI/USD,25.0,1.00449,1.000477,0.09987655427132286,-0.08262344572867714,0.1825,False,Bittrex,Coinbase Pro
696,01-13-2021_21-21-18,DAI/USD,25.0,1.00449,1.00045,0.10054853706856323,-0.011951462931436771,0.1125,False,Bittrex,Kraken
697,01-13-2021_21-21-28,DAI/USD,25.0,1.00449,1.000451,0.10052364881681564,-0.08197635118318436,0.1825,False,Bittrex,Coinbase Pro
698,01-13-2021_21-21-38,DAI/USD,25.0,1.00449,1.000411,0.10151917888680238,-0.08098082111319761,0.1825,False,Bittrex,Coinbase Pro
699,01-13-2021_21-21-48,DAI/USD,25.0,1.00449,1.000367,0.10261426196378506,-0.07988573803621493,0.1825,False,Bittrex,Coinbase Pro
700,01-13-2021_21-21-59,DAI/USD,25.0,1.00449,1.000367,0.10261426196378506,-0.07988573803621493,0.1825,False,Bittrex,Coinbase Pro
701,01-13-2021_21-22-09,DAI/USD,25.0,1.00449,1.000367,0.10261426196378506,-0.07988573803621493,0.1825,False,Bittrex,Coinbase Pro
702,01-13-2021_21-22-19,DAI/USD,25.0,1.00449,1.00054,0.09830859441109717,-0.014191405588902833,0.1125,False,Bittrex,Kraken
703,01-13-2021_21-22-30,DAI/USD,25.0,1.00449,1.00063,0.09606865175363109,-0.01643134824636891,0.1125,False,Bittrex,Kraken
704,01-13-2021_21-22-41,DAI/USD,25.0,1.00449,1.000548,0.0981094883970998,-0.08439051160290019,0.1825,False,Bittrex,Coinbase Pro
705,01-13-2021_21-22-53,DAI/USD,25.0,1.00449,1.0005,0.09930412448108392,-0.013195875518916086,0.1125,False,Bittrex,Kraken
706,01-13-2021_21-23-05,DAI/USD,25.0,1.00449,1.000486,0.0996525600055779,-0.0828474399944221,0.1825,False,Bittrex,Coinbase Pro
707,01-13-2021_21-23-16,DAI/USD,25.0,1.00449,1.000317,0.10385867455126989,-0.0786413254487301,0.1825,False,Bittrex,Coinbase Pro
708,01-13-2021_21-23-27,DAI/USD,25.0,1.00449,1.00057,0.09756194685860847,-0.01493805314139153,0.1125,False,Bittrex,Kraken
709,01-13-2021_21-23-38,DAI/USD,25.0,1.00449,1.00046,0.10029965455107068,-0.012200345448929326,0.1125,False,Bittrex,Kraken
710,01-13-2021_21-23-49,DAI/USD,25.0,1.00449,1.00041,0.10154406713854999,-0.01095593286145001,0.1125,False,Bittrex,Kraken
711,01-13-2021_21-24-01,DAI/USD,25.0,1.00449,1.00034,0.10328624476102544,-0.009213755238974566,0.1125,False,Bittrex,Kraken
712,01-13-2021_21-24-12,DAI/USD,25.0,1.00449,1.000281,0.1047546516142552,-0.07774534838574479,0.1825,False,Bittrex,Coinbase Pro
713,01-13-2021_21-24-23,DAI/USD,25.0,1.00449,1.000234,0.1059243994464862,-0.0765756005535138,0.1825,False,Bittrex,Coinbase Pro
714,01-13-2021_21-24-35,DAI/USD,25.0,1.00449,1.000335,0.10341068601977448,-0.07908931398022552,0.1825,False,Bittrex,Coinbase Pro
715,01-13-2021_21-24-45,DAI/USD,25.0,1.00449,1.000493,0.09947834224332815,-0.08302165775667185,0.1825,False,Bittrex,Coinbase Pro
716,01-13-2021_21-24-56,DAI/USD,25.0,1.00449,1.000414,0.10144451413155407,-0.08105548586844592,0.1825,False,Bittrex,Coinbase Pro
717,01-13-2021_21-25-07,DAI/USD,25.0,1.00449,1.000203,0.10669593525072801,-0.07580406474927198,0.1825,False,Bittrex,Coinbase Pro
718,01-13-2021_21-25-19,DAI/USD,25.0,1.00449,1.00039,0.10204183217354613,-0.08045816782645386,0.1825,False,Bittrex,Coinbase Pro
719,01-13-2021_21-25-30,DAI/USD,25.0,1.00449,1.000356,0.10288803273303072,-0.07961196726696927,0.1825,False,Bittrex,Coinbase Pro
720,01-13-2021_21-25-40,DAI/USD,25.0,1.00449,1.000291,0.10450576909675714,-0.07799423090324285,0.1825,False,Bittrex,Coinbase Pro
721,01-13-2021_21-25-50,DAI/USD,25.0,1.00449,1.000212,0.10647194098497753,-0.07602805901502246,0.1825,False,Bittrex,Coinbase Pro
722,01-13-2021_21-26-00,DAI/USD,25.0,1.00449,1.000212,0.10647194098497753,-0.07602805901502246,0.1825,False,Bittrex,Coinbase Pro
723,01-13-2021_21-26-12,DAI/USD,25.0,1.00449,1.000212,0.10647194098497753,-0.07602805901502246,0.1825,False,Bittrex,Coinbase Pro
724,01-13-2021_21-26-22,DAI/USD,25.0,1.00449,1.000294,0.10443110434150883,-0.07806889565849116,0.1825,False,Bittrex,Coinbase Pro
725,01-13-2021_21-26-33,DAI/USD,25.0,1.00449,1.000184,0.10716881203397104,-0.07533118796602896,0.1825,False,Bittrex,Coinbase Pro
726,01-13-2021_21-26-43,DAI/USD,25.0,1.00449,1.000385,0.10216627343228964,-0.08033372656771036,0.1825,False,Bittrex,Coinbase Pro
727,01-13-2021_21-26-52,DAI/USD,25.0,1.00449,1.000332,0.10348535077502279,-0.07901464922497721,0.1825,False,Bittrex,Coinbase Pro
728,01-13-2021_21-27-03,DAI/USD,25.0,1.00449,1.000402,0.10174317315254734,-0.08075682684745265,0.1825,False,Bittrex,Coinbase Pro
729,01-13-2021_21-27-13,DAI/USD,25.0,1.00449,1.000344,0.10318669175402952,-0.07931330824597048,0.1825,False,Bittrex,Coinbase Pro
730,01-13-2021_21-27-24,DAI/USD,25.0,1.00449,1.00034,0.10328624476102544,-0.07921375523897456,0.1825,False,Bittrex,Coinbase Pro
731,01-13-2021_21-27-33,DAI/USD,25.0,1.00449,1.000261,0.10525241664924583,-0.07724758335075417,0.1825,False,Bittrex,Coinbase Pro
732,01-13-2021_21-27-43,DAI/USD,25.0,1.00449,1.000403,0.10171828490079975,-0.08078171509920025,0.1825,False,Bittrex,Coinbase Pro
733,01-13-2021_21-27-53,DAI/USD,25.0,1.00449,1.000374,0.10244004420153531,-0.08005995579846469,0.1825,False,Bittrex,Coinbase Pro
734,01-13-2021_21-28-03,DAI/USD,25.0,1.00449,1.000357,0.10286314448128313,-0.07963685551871687,0.1825,False,Bittrex,Coinbase Pro
735,01-13-2021_21-28-13,DAI/USD,25.0,1.00449,1.000349,0.10306225049528049,-0.0794377495047195,0.1825,False,Bittrex,Coinbase Pro
736,01-13-2021_21-28-23,DAI/USD,25.0,1.00449,1.000336,0.10338579776802687,-0.07911420223197313,0.1825,False,Bittrex,Coinbase Pro
737,01-13-2021_21-28-33,DAI/USD,25.0,1.00449,1.000349,0.10306225049528049,-0.0794377495047195,0.1825,False,Bittrex,Coinbase Pro
738,01-13-2021_21-28-43,DAI/USD,25.0,1.00449,1.000343,0.10321158000577711,-0.07928841999422288,0.1825,False,Bittrex,Coinbase Pro
739,01-13-2021_21-28-52,DAI/USD,25.0,1.00449,1.000329,0.1035600155302711,-0.0789399844697289,0.1825,False,Bittrex,Coinbase Pro
740,01-13-2021_21-29-02,DAI/USD,25.0,1.00449,1.000316,0.10388356280301748,-0.07861643719698251,0.1825,False,Bittrex,Coinbase Pro
741,01-13-2021_21-29-12,DAI/USD,25.0,1.00449,1.000433,0.10097163734831105,-0.08152836265168895,0.1825,False,Bittrex,Coinbase Pro
742,01-13-2021_21-29-22,DAI/USD,25.0,1.00449,1.000465,0.10017521329232165,-0.08232478670767834,0.1825,False,Bittrex,Coinbase Pro
743,01-13-2021_21-29-33,DAI/USD,25.0,1.00449,1.000323,0.10370934504076773,-0.07879065495923226,0.1825,False,Bittrex,Coinbase Pro
744,01-13-2021_21-29-43,DAI/USD,25.0,1.00449,1.000278,0.10482931636950353,-0.07767068363049646,0.1825,False,Bittrex,Coinbase Pro
745,01-13-2021_21-29-52,DAI/USD,25.0,1.00449,1.000372,0.10248982070503602,-0.08001017929496397,0.1825,False,Bittrex,Coinbase Pro
746,01-13-2021_21-30-02,DAI/USD,25.0,1.00449,1.000384,0.10219116168404276,-0.08030883831595724,0.1825,False,Bittrex,Coinbase Pro
747,01-13-2021_21-30-12,DAI/USD,25.0,1.00449,1.000355,0.10291292098477832,-0.07958707901522168,0.1825,False,Bittrex,Coinbase Pro
748,01-13-2021_21-30-22,DAI/USD,25.0,1.00449,1.000531,0.09853258867684211,-0.08396741132315788,0.1825,False,Bittrex,Coinbase Pro
749,01-13-2021_21-30-32,DAI/USD,25.0,1.00449,1.000576,0.09741261734811184,-0.08508738265188816,0.1825,False,Bittrex,Coinbase Pro
750,01-13-2021_21-30-42,DAI/USD,25.0,1.00449,1.000537,0.09838325916634548,-0.08411674083365452,0.1825,False,Bittrex,Coinbase Pro
751,01-13-2021_21-30-51,DAI/USD,25.0,1.00449,1.000507,0.09912990671883416,-0.08337009328116583,0.1825,False,Bittrex,Coinbase Pro
752,01-13-2021_21-31-04,DAI/USD,25.0,1.00449,1.0005,0.09930412448108392,-0.013195875518916086,0.1125,False,Bittrex,Kraken
753,01-13-2021_21-31-14,DAI/USD,25.0,1.00449,1.0005,0.09930412448108392,-0.013195875518916086,0.1125,False,Bittrex,Kraken
754,01-13-2021_21-31-25,DAI/USD,25.0,1.00449,1.00046,0.10029965455107068,-0.012200345448929326,0.1125,False,Bittrex,Kraken
755,01-13-2021_21-31-36,DAI/USD,25.0,1.00449,1.00046,0.10029965455107068,-0.012200345448929326,0.1125,False,Bittrex,Kraken
756,01-13-2021_21-31-47,DAI/USD,25.0,1.00449,1.00044,0.1007974195860613,-0.011702580413938707,0.1125,False,Bittrex,Kraken
757,01-13-2021_21-31-58,DAI/USD,25.0,1.00449,1.00044,0.1007974195860613,-0.011702580413938707,0.1125,False,Bittrex,Kraken
758,01-13-2021_21-32-08,DAI/USD,25.0,1.00449,1.00044,0.1007974195860613,-0.011702580413938707,0.1125,False,Bittrex,Kraken
759,01-13-2021_21-32-18,DAI/USD,25.0,1.00449,1.00044,0.1007974195860613,-0.011702580413938707,0.1125,False,Bittrex,Kraken
760,01-13-2021_21-32-29,DAI/USD,25.0,1.00449,1.00044,0.1007974195860613,-0.011702580413938707,0.1125,False,Bittrex,Kraken
761,01-13-2021_21-32-38,DAI/USD,25.0,1.00449,1.00044,0.1007974195860613,-0.011702580413938707,0.1125,False,Bittrex,Kraken
762,01-13-2021_21-32-49,DAI/USD,25.0,1.00449,1.00044,0.1007974195860613,-0.011702580413938707,0.1125,False,Bittrex,Kraken
763,01-13-2021_21-33-00,DAI/USD,25.0,1.00449,1.000452,0.10049876056506803,-0.08200123943493197,0.1825,False,Bittrex,Coinbase Pro
764,01-13-2021_21-33-12,DAI/USD,25.0,1.00449,1.00063,0.09606865175363109,-0.01643134824636891,0.1125,False,Bittrex,Kraken
765,01-13-2021_21-33-22,DAI/USD,25.0,1.00449,1.00069,0.09457535664864819,-0.017924643351351813,0.1125,False,Bittrex,Kraken
766,01-13-2021_21-33-33,DAI/USD,25.0,1.00449,1.00055,0.09805971189359909,-0.014440288106400911,0.1125,False,Bittrex,Kraken
767,01-13-2021_21-33-44,DAI/USD,25.0,1.00449,1.000471,0.1000258837818195,-0.0824741162181805,0.1825,False,Bittrex,Coinbase Pro
768,01-13-2021_21-33-55,DAI/USD,25.0,1.00449,1.000457,0.100374319306319,-0.082125680693681,0.1825,False,Bittrex,Coinbase Pro
769,01-13-2021_21-34-06,DAI/USD,25.0,1.00449,1.00043,0.10104630210355937,-0.08145369789644062,0.1825,False,Bittrex,Coinbase Pro
770,01-13-2021_21-34-17,DAI/USD,25.0,1.00449,1.000406,0.10164362014555142,-0.08085637985444857,0.1825,False,Bittrex,Coinbase Pro
771,01-13-2021_21-34-29,DAI/USD,25.0,1.00449,1.000437,0.10087208434130962,-0.08162791565869038,0.1825,False,Bittrex,Coinbase Pro
772,01-13-2021_21-34-40,DAI/USD,25.0,1.00449,1.00043,0.10104630210355937,-0.011453697896440629,0.1125,False,Bittrex,Kraken
773,01-13-2021_21-34-50,DAI/USD,25.0,1.00449,1.000613,0.0964917520333734,-0.0860082479666266,0.1825,False,Bittrex,Coinbase Pro
774,01-13-2021_21-34-59,DAI/USD,25.0,1.00449,1.000599,0.09684018755786739,-0.08565981244213261,0.1825,False,Bittrex,Coinbase Pro
775,01-13-2021_21-35-10,DAI/USD,25.0,1.00449,1.000488,0.09960278350207719,-0.08289721649792281,0.1825,False,Bittrex,Coinbase Pro
776,01-13-2021_21-35-22,DAI/USD,25.0,1.00449,1.000438,0.10084719608956202,-0.08165280391043797,0.1825,False,Bittrex,Coinbase Pro
777,01-13-2021_21-35-32,DAI/USD,25.0,1.00449,1.000524,0.09870680643909187,-0.08379319356090813,0.1825,False,Bittrex,Coinbase Pro
778,01-13-2021_21-35-43,DAI/USD,25.0,1.00449,1.000485,0.0996774482573255,-0.0828225517426745,0.1825,False,Bittrex,Coinbase Pro
779,01-13-2021_21-35-54,DAI/USD,25.0,1.00449,1.00067,0.09507312168364435,-0.017426878316355657,0.1125,False,Bittrex,Kraken
780,01-13-2021_21-36-05,DAI/USD,25.0,1.00449,1.00067,0.09507312168364435,-0.017426878316355657,0.1125,False,Bittrex,Kraken
781,01-13-2021_21-36-15,DAI/USD,25.0,1.00449,1.00063,0.09606865175363109,-0.01643134824636891,0.1125,False,Bittrex,Kraken
782,01-13-2021_21-36-26,DAI/USD,25.0,1.00449,1.00068,0.09482423916614627,-0.017675760833853735,0.1125,False,Bittrex,Kraken
783,01-13-2021_21-36-36,DAI/USD,25.0,1.00449,1.00061,0.09656641678862171,-0.01593358321137829,0.1125,False,Bittrex,Kraken
784,01-13-2021_21-36-47,DAI/USD,25.0,1.00449,1.00057,0.09756194685860847,-0.01493805314139153,0.1125,False,Bittrex,Kraken
785,01-13-2021_21-36-57,DAI/USD,25.0,1.00449,1.00065,0.09557088671863495,-0.016929113281365052,0.1125,False,Bittrex,Kraken
786,01-13-2021_21-37-07,DAI/USD,25.0,1.00449,1.00063,0.09606865175363109,-0.01643134824636891,0.1125,False,Bittrex,Kraken
787,01-13-2021_21-37-18,DAI/USD,25.0,1.00449,1.00065,0.09557088671863495,-0.016929113281365052,0.1125,False,Bittrex,Kraken
788,01-13-2021_21-37-28,DAI/USD,25.0,1.00449,1.00068,0.09482423916614627,-0.017675760833853735,0.1125,False,Bittrex,Kraken
789,01-13-2021_21-37-39,DAI/USD,25.0,1.00449,1.00068,0.09482423916614627,-0.017675760833853735,0.1125,False,Bittrex,Kraken
790,01-13-2021_21-37-50,DAI/USD,25.0,1.00449,1.0007,0.09432647413115565,0.011826474131155645,0.0825,True,Bittrex,Binance US
791,01-13-2021_21-38-01,DAI/USD,25.0,1.00449,1.0007,0.09432647413115565,0.011826474131155645,0.0825,True,Bittrex,Binance US
792,01-13-2021_21-38-13,DAI/USD,25.0,1.00449,1.00069,0.09457535664864819,-0.017924643351351813,0.1125,False,Bittrex,Kraken
793,01-13-2021_21-38-24,DAI/USD,25.0,1.00449,1.00068,0.09482423916614627,-0.017675760833853735,0.1125,False,Bittrex,Kraken
794,01-13-2021_21-38-36,DAI/USD,25.0,1.00449,1.0007,0.09432647413115565,0.011826474131155645,0.0825,True,Bittrex,Binance US
795,01-13-2021_21-38-46,DAI/USD,25.0,1.00449,1.0007,0.09432647413115565,-0.018173525868844354,0.1125,False,Bittrex,Kraken
796,01-13-2021_21-38-58,DAI/USD,25.0,1.00449,1.0007,0.09432647413115565,0.011826474131155645,0.0825,True,Bittrex,Binance US
797,01-13-2021_21-39-09,DAI/USD,25.0,1.00449,1.0007,0.09432647413115565,0.011826474131155645,0.0825,True,Bittrex,Binance US
798,01-13-2021_21-39-21,DAI/USD,25.0,1.00449,1.0007,0.09432647413115565,0.011826474131155645,0.0825,True,Bittrex,Binance US
799,01-13-2021_21-39-32,DAI/USD,25.0,1.00449,1.0007,0.09432647413115565,0.011826474131155645,0.0825,True,Bittrex,Binance US
800,01-13-2021_21-39-42,DAI/USD,25.0,1.00449,1.0007,0.09432647413115565,0.011826474131155645,0.0825,True,Bittrex,Binance US
801,01-13-2021_21-39-53,DAI/USD,25.0,1.00449,1.0007,0.09432647413115565,0.011826474131155645,0.0825,True,Bittrex,Binance US
802,01-13-2021_21-40-04,DAI/USD,25.0,1.00449,1.000545,0.09818415315234813,-0.08431584684765187,0.1825,False,Bittrex,Coinbase Pro
803,01-13-2021_21-40-15,DAI/USD,25.0,1.00449,1.000379,0.1023156029427918,-0.0801843970572082,0.1825,False,Bittrex,Coinbase Pro
804,01-13-2021_21-40-25,DAI/USD,25.0,1.00449,1.0007,0.09432647413115565,0.011826474131155645,0.0825,True,Bittrex,Binance US
805,01-13-2021_21-40-36,DAI/USD,25.0,1.00449,1.0007,0.09432647413115565,0.011826474131155645,0.0825,True,Bittrex,Binance US
806,01-13-2021_21-40-46,DAI/USD,25.0,1.00449,1.0007,0.09432647413115565,0.011826474131155645,0.0825,True,Bittrex,Binance US
807,01-13-2021_21-40-57,DAI/USD,25.0,1.00449,1.0007,0.09432647413115565,0.011826474131155645,0.0825,True,Bittrex,Binance US
808,01-13-2021_21-41-09,DAI/USD,25.0,1.00449,1.00069,0.09457535664864819,-0.017924643351351813,0.1125,False,Bittrex,Kraken
809,01-13-2021_21-41-20,DAI/USD,25.0,1.00449,1.0007,0.09432647413115565,0.011826474131155645,0.0825,True,Bittrex,Binance US
810,01-13-2021_21-41-31,DAI/USD,25.0,1.00449,1.0007,0.09432647413115565,0.011826474131155645,0.0825,True,Bittrex,Binance US
811,01-13-2021_21-41-41,DAI/USD,25.0,1.00449,1.0007,0.09432647413115565,0.011826474131155645,0.0825,True,Bittrex,Binance US
812,01-13-2021_21-41-52,DAI/USD,25.0,1.00449,1.0007,0.09432647413115565,0.011826474131155645,0.0825,True,Bittrex,Binance US
813,01-13-2021_21-42-04,DAI/USD,25.0,1.00449,1.0007,0.09432647413115565,0.011826474131155645,0.0825,True,Bittrex,Binance US
814,01-13-2021_21-42-16,DAI/USD,25.0,1.00449,1.0007,0.09432647413115565,0.011826474131155645,0.0825,True,Bittrex,Binance US
815,01-13-2021_21-42-26,DAI/USD,25.0,1.00449,1.0007,0.09432647413115565,0.011826474131155645,0.0825,True,Bittrex,Binance US
816,01-13-2021_21-42-38,DAI/USD,25.0,1.00449,1.0007,0.09432647413115565,0.011826474131155645,0.0825,True,Bittrex,Binance US
817,01-13-2021_21-42-50,DAI/USD,25.0,1.00449,1.0007,0.09432647413115565,0.011826474131155645,0.0825,True,Bittrex,Binance US
818,01-13-2021_21-43-02,DAI/USD,25.0,1.00449,1.0007,0.09432647413115565,0.011826474131155645,0.0825,True,Bittrex,Binance US
819,01-13-2021_21-43-14,DAI/USD,25.0,1.00449,1.000636,0.09591932224312893,-0.08658067775687106,0.1825,False,Bittrex,Coinbase Pro
820,01-13-2021_21-43-24,DAI/USD,25.0,1.00449,1.0007,0.09432647413115565,0.011826474131155645,0.0825,True,Bittrex,Binance US
821,01-13-2021_21-43-35,DAI/USD,25.0,1.00449,1.000545,0.09818415315234813,-0.08431584684765187,0.1825,False,Bittrex,Coinbase Pro
822,01-13-2021_21-43-48,DAI/USD,25.0,1.00449,1.000527,0.09863214168384354,-0.08386785831615645,0.1825,False,Bittrex,Coinbase Pro
823,01-13-2021_21-43-59,DAI/USD,25.0,1.00449,1.000379,0.1023156029427918,-0.0801843970572082,0.1825,False,Bittrex,Coinbase Pro
824,01-13-2021_21-44-11,DAI/USD,25.0,1.00449,1.000595,0.09693974056486883,-0.08556025943513117,0.1825,False,Bittrex,Coinbase Pro
825,01-13-2021_21-44-20,DAI/USD,25.0,1.00449,1.000583,0.09723839958586208,-0.08526160041413791,0.1825,False,Bittrex,Coinbase Pro
826,01-13-2021_21-44-31,DAI/USD,25.0,1.00449,1.000409,0.10156895539029759,-0.08093104460970241,0.1825,False,Bittrex,Coinbase Pro
827,01-13-2021_21-44-42,DAI/USD,25.0,1.00449,1.000349,0.10306225049528049,-0.0794377495047195,0.1825,False,Bittrex,Coinbase Pro
828,01-13-2021_21-44-52,DAI/USD,25.0,1.00449,1.00049,0.09955300699857647,-0.08294699300142352,0.1825,False,Bittrex,Coinbase Pro
829,01-13-2021_21-45-04,DAI/USD,25.0,1.00449,1.000587,0.09713884657886618,-0.08536115342113382,0.1825,False,Bittrex,Coinbase Pro
830,01-13-2021_21-45-15,DAI/USD,25.0,1.00449,1.000576,0.09741261734811184,-0.08508738265188816,0.1825,False,Bittrex,Coinbase Pro
831,01-13-2021_21-45-25,DAI/USD,25.0,1.00449,1.000581,0.09728817608936281,-0.08521182391063718,0.1825,False,Bittrex,Coinbase Pro
832,01-13-2021_21-45-36,DAI/USD,25.0,1.00449,1.000568,0.0976117233621092,-0.0848882766378908,0.1825,False,Bittrex,Coinbase Pro
833,01-13-2021_21-45-46,DAI/USD,25.0,1.00449,1.000464,0.10020010154406925,-0.08229989845593075,0.1825,False,Bittrex,Coinbase Pro
834,01-13-2021_21-45-56,DAI/USD,25.0,1.00449,1.0007,0.09432647413115565,0.011826474131155645,0.0825,True,Bittrex,Binance US
835,01-13-2021_21-46-07,DAI/USD,25.0,1.00449,1.000691,0.0945504683969006,-0.0879495316030994,0.1825,False,Bittrex,Coinbase Pro
836,01-13-2021_21-46-19,DAI/USD,25.0,1.00449,1.000675,0.09494868042489531,-0.08755131957510469,0.1825,False,Bittrex,Coinbase Pro
837,01-13-2021_21-46-29,DAI/USD,25.0,1.00449,1.000576,0.09741261734811184,-0.08508738265188816,0.1825,False,Bittrex,Coinbase Pro
838,01-13-2021_21-46-39,DAI/USD,25.0,1.00449,1.000556,0.09791038238310246,-0.08458961761689754,0.1825,False,Bittrex,Coinbase Pro
839,01-13-2021_21-46-50,DAI/USD,25.0,1.00449,1.000498,0.09935390098457912,-0.08314609901542087,0.1825,False,Bittrex,Coinbase Pro
840,01-13-2021_21-47-00,DAI/USD,25.0,1.00449,1.000492,0.09950323049508128,-0.08299676950491872,0.1825,False,Bittrex,Coinbase Pro
841,01-13-2021_21-47-11,DAI/USD,25.0,1.00449,1.00048,0.09980188951607454,-0.08269811048392546,0.1825,False,Bittrex,Coinbase Pro
842,01-13-2021_21-47-23,DAI/USD,25.0,1.00449,1.0007,0.09432647413115565,0.011826474131155645,0.0825,True,Bittrex,Binance US
843,01-13-2021_21-47-35,DAI/USD,25.0,1.00449,1.0007,0.09432647413115565,0.011826474131155645,0.0825,True,Bittrex,Binance US
844,01-13-2021_21-47-44,DAI/USD,25.0,1.00449,1.0007,0.09432647413115565,0.011826474131155645,0.0825,True,Bittrex,Binance US
845,01-13-2021_21-47-55,DAI/USD,25.0,1.00449,1.000534,0.09845792392159379,-0.0840420760784062,0.1825,False,Bittrex,Coinbase Pro
846,01-13-2021_21-48-04,DAI/USD,25.0,1.00449,1.000505,0.09917968322233489,-0.0833203167776651,0.1825,False,Bittrex,Coinbase Pro
847,01-13-2021_21-48-14,DAI/USD,25.0,1.00449,1.0007,0.09432647413115565,0.011826474131155645,0.0825,True,Bittrex,Binance US
848,01-13-2021_21-48-24,DAI/USD,25.0,1.00449,1.0007,0.09432647413115565,0.011826474131155645,0.0825,True,Bittrex,Binance US
849,01-13-2021_21-48-35,DAI/USD,25.0,1.00449,1.0007,0.09432647413115565,0.011826474131155645,0.0825,True,Bittrex,Binance US
850,01-13-2021_21-48-46,DAI/USD,25.0,1.00449,1.00069,0.09457535664864819,-0.017924643351351813,0.1125,False,Bittrex,Kraken
851,01-13-2021_21-48-57,DAI/USD,25.0,1.00449,1.0007,0.09432647413115565,-0.018173525868844354,0.1125,False,Bittrex,Kraken
852,01-13-2021_21-49-08,DAI/USD,25.0,1.00449,1.0007,0.09432647413115565,0.011826474131155645,0.0825,True,Bittrex,Binance US
853,01-13-2021_21-49-18,DAI/USD,25.0,1.00449,1.0007,0.09432647413115565,0.011826474131155645,0.0825,True,Bittrex,Binance US
854,01-13-2021_21-49-30,DAI/USD,25.0,1.00449,1.000574,0.09746239385160703,-0.08503760614839297,0.1825,False,Bittrex,Coinbase Pro
855,01-13-2021_21-49-40,DAI/USD,25.0,1.00449,1.000576,0.09741261734811184,-0.08508738265188816,0.1825,False,Bittrex,Coinbase Pro
856,01-13-2021_21-49-50,DAI/USD,25.0,1.00449,1.000333,0.10346046252327519,-0.0790395374767248,0.1825,False,Bittrex,Coinbase Pro
857,01-13-2021_21-50-02,DAI/USD,25.0,1.00449,1.000531,0.09853258867684211,-0.08396741132315788,0.1825,False,Bittrex,Coinbase Pro
858,01-13-2021_21-50-13,DAI/USD,25.0,1.00449,1.000508,0.09910501846708657,-0.08339498153291343,0.1825,False,Bittrex,Coinbase Pro
859,01-13-2021_21-50-24,DAI/USD,25.0,1.00449,1.000375,0.10241515594978771,-0.08008484405021228,0.1825,False,Bittrex,Coinbase Pro
860,01-13-2021_21-50-35,DAI/USD,25.0,1.00449,1.000287,0.10460532210375859,-0.07789467789624141,0.1825,False,Bittrex,Coinbase Pro
861,01-13-2021_21-50-45,DAI/USD,25.0,1.00449,1.000271,0.10500353413175328,-0.07749646586824671,0.1825,False,Bittrex,Coinbase Pro
862,01-13-2021_21-50-55,DAI/USD,25.0,1.00449,1.000231,0.10599906420173452,-0.07650093579826547,0.1825,False,Bittrex,Coinbase Pro
863,01-13-2021_21-51-05,DAI/USD,25.0,1.00449,1.000157,0.10784079483121141,-0.07465920516878859,0.1825,False,Bittrex,Coinbase Pro
864,01-13-2021_21-51-15,DAI/USD,25.0,1.00449,1.000064,0.11015540224392578,-0.07234459775607421,0.1825,False,Bittrex,Coinbase Pro
865,01-13-2021_21-51-25,DAI/USD,25.0,1.00449,1.000064,0.11015540224392578,-0.07234459775607421,0.1825,False,Bittrex,Coinbase Pro
866,01-13-2021_21-51-36,DAI/USD,25.0,1.00449,1.0007,0.09432647413115565,0.011826474131155645,0.0825,True,Bittrex,Binance US
867,01-13-2021_21-51-46,DAI/USD,25.0,1.00449,1.000601,0.09679041105436667,-0.08570958894563332,0.1825,False,Bittrex,Coinbase Pro
868,01-13-2021_21-51-57,DAI/USD,25.0,1.00449,1.000188,0.1070692590269696,-0.0754307409730304,0.1825,False,Bittrex,Coinbase Pro
869,01-13-2021_21-52-10,DAI/USD,25.0,1.00449,1.000079,0.1097820784676842,-0.0727179215323158,0.1825,False,Bittrex,Coinbase Pro
870,01-13-2021_21-52-21,DAI/USD,25.0,1.00449,1.000183,0.10719370028571863,-0.07530629971428136,0.1825,False,Bittrex,Coinbase Pro
871,01-13-2021_21-52-31,DAI/USD,25.0,1.00449,1.000657,0.09539666895639072,-0.08710333104360928,0.1825,False,Bittrex,Coinbase Pro
872,01-13-2021_21-52-40,DAI/USD,25.0,1.00449,1.000328,0.10358490378201869,-0.0789150962179813,0.1825,False,Bittrex,Coinbase Pro
873,01-13-2021_21-52-51,DAI/USD,25.0,1.00449,1.000431,0.10102141385180624,-0.08147858614819375,0.1825,False,Bittrex,Coinbase Pro
874,01-13-2021_21-53-02,DAI/USD,25.0,1.00449,1.000405,0.10166850839729902,-0.08083149160270098,0.1825,False,Bittrex,Coinbase Pro
875,01-13-2021_21-53-12,DAI/USD,25.0,1.00449,1.00027,0.10502842238350088,-0.07747157761649912,0.1825,False,Bittrex,Coinbase Pro
876,01-13-2021_21-53-23,DAI/USD,25.0,1.00449,1.000163,0.10769146532071477,-0.07480853467928522,0.1825,False,Bittrex,Coinbase Pro
877,01-13-2021_21-53-33,DAI/USD,25.0,1.00449,0.99997,0.11249489790839329,-0.07000510209160671,0.1825,False,Bittrex,Coinbase Pro
878,01-13-2021_21-53-43,DAI/USD,25.0,1.00449,1.000319,0.10380889804776917,-0.07869110195223082,0.1825,False,Bittrex,Coinbase Pro
879,01-13-2021_21-53-53,DAI/USD,25.0,1.00449,1.00021,0.10652171748847826,-0.07597828251152174,0.1825,False,Bittrex,Coinbase Pro
880,01-13-2021_21-54-06,DAI/USD,25.0,1.00449,1.000299,0.10430666308275979,-0.0781933369172402,0.1825,False,Bittrex,Coinbase Pro
881,01-13-2021_21-54-16,DAI/USD,25.0,1.00449,1.000296,0.1043813278380081,-0.07811867216199189,0.1825,False,Bittrex,Coinbase Pro
882,01-13-2021_21-54-27,DAI/USD,25.0,1.00449,1.000274,0.10492886937649944,-0.07757113062350056,0.1825,False,Bittrex,Coinbase Pro
883,01-13-2021_21-54-37,DAI/USD,25.0,1.00449,1.000262,0.10522752839749823,-0.07727247160250177,0.1825,False,Bittrex,Coinbase Pro
884,01-13-2021_21-54-47,DAI/USD,25.0,1.00449,1.000261,0.10525241664924583,-0.07724758335075417,0.1825,False,Bittrex,Coinbase Pro
885,01-13-2021_21-54-58,DAI/USD,25.0,1.00449,1.000228,0.10607372895698836,-0.07642627104301164,0.1825,False,Bittrex,Coinbase Pro
886,01-13-2021_21-55-08,DAI/USD,25.0,1.00449,1.000216,0.10637238797798163,-0.07612761202201837,0.1825,False,Bittrex,Coinbase Pro
887,01-13-2021_21-55-18,DAI/USD,25.0,1.00449,1.000397,0.10186761441129637,-0.08063238558870363,0.1825,False,Bittrex,Coinbase Pro
888,01-13-2021_21-55-31,DAI/USD,25.0,1.00449,1.00067,0.09507312168364435,-0.08742687831635565,0.1825,False,Bittrex,Coinbase Pro
889,01-13-2021_21-55-42,DAI/USD,25.0,1.00449,1.000602,0.09676552280261906,-0.08573447719738093,0.1825,False,Bittrex,Coinbase Pro
890,01-13-2021_21-55-53,DAI/USD,25.0,1.00449,1.00061,0.09656641678862171,-0.08593358321137828,0.1825,False,Bittrex,Coinbase Pro
891,01-13-2021_21-56-03,DAI/USD,25.0,1.00449,1.00057,0.09756194685860847,-0.08493805314139152,0.1825,False,Bittrex,Coinbase Pro
892,01-13-2021_21-56-14,DAI/USD,25.0,1.00449,1.000448,0.10059831357206395,-0.08190168642793605,0.1825,False,Bittrex,Coinbase Pro
893,01-13-2021_21-56-25,DAI/USD,25.0,1.00449,1.000494,0.09945345399158055,-0.08304654600841944,0.1825,False,Bittrex,Coinbase Pro
894,01-13-2021_21-56-37,DAI/USD,25.0,1.00449,1.0007,0.09432647413115565,0.011826474131155645,0.0825,True,Bittrex,Binance US
895,01-13-2021_21-56-48,DAI/USD,25.0,1.00449,1.000518,0.0988561359495885,-0.08364386405041149,0.1825,False,Bittrex,Coinbase Pro
896,01-13-2021_21-57-00,DAI/USD,25.0,1.00449,1.000391,0.102016943921793,-0.080483056078207,0.1825,False,Bittrex,Coinbase Pro
897,01-13-2021_21-57-12,DAI/USD,25.0,1.00449,1.000491,0.09952811874682888,-0.08297188125317112,0.1825,False,Bittrex,Coinbase Pro
898,01-13-2021_21-57-24,DAI/USD,25.0,1.00449,1.00059,0.09706418182361233,-0.015435818176387672,0.1125,False,Bittrex,Kraken
899,01-13-2021_21-57-35,DAI/USD,25.0,1.00449,1.000515,0.09893080070483681,-0.08356919929516318,0.1825,False,Bittrex,Coinbase Pro
900,01-13-2021_21-57-46,DAI/USD,25.0,1.00449,1.00058,0.09731306434111041,-0.015186935658889594,0.1125,False,Bittrex,Kraken
901,01-13-2021_21-57-59,DAI/USD,25.0,1.00449,1.00058,0.09731306434111041,-0.015186935658889594,0.1125,False,Bittrex,Kraken
902,01-13-2021_21-58-10,DAI/USD,25.0,1.00449,1.00058,0.09731306434111041,-0.015186935658889594,0.1125,False,Bittrex,Kraken
903,01-13-2021_21-58-21,DAI/USD,25.0,1.00449,1.000657,0.09539666895639072,-0.08710333104360928,0.1825,False,Bittrex,Coinbase Pro
904,01-13-2021_21-58-31,DAI/USD,25.0,1.00449,1.000547,0.0981343766488474,-0.0843656233511526,0.1825,False,Bittrex,Coinbase Pro
905,01-13-2021_21-58-42,DAI/USD,25.0,1.00449,1.000657,0.09539666895639072,-0.08710333104360928,0.1825,False,Bittrex,Coinbase Pro
906,01-13-2021_21-58-54,DAI/USD,25.0,1.00449,1.000555,0.09793527063485005,-0.08456472936514994,0.1825,False,Bittrex,Coinbase Pro
907,01-13-2021_21-59-07,DAI/USD,25.0,1.00449,1.0007,0.09432647413115565,0.011826474131155645,0.0825,True,Bittrex,Binance US
908,01-13-2021_21-59-17,DAI/USD,25.0,1.00449,1.000542,0.09825881790759644,-0.08424118209240355,0.1825,False,Bittrex,Coinbase Pro
909,01-13-2021_21-59-27,DAI/USD,25.0,1.00449,1.000464,0.10020010154406925,-0.08229989845593075,0.1825,False,Bittrex,Coinbase Pro
910,01-13-2021_21-59-39,DAI/USD,25.0,1.00449,1.000321,0.10375912154426846,-0.07874087845573154,0.1825,False,Bittrex,Coinbase Pro
911,01-13-2021_21-59-48,DAI/USD,25.0,1.00449,1.000627,0.09614331650887942,-0.08635668349112058,0.1825,False,Bittrex,Coinbase Pro
912,01-13-2021_21-59-58,DAI/USD,25.0,1.00449,1.000366,0.10263915021553266,-0.07986084978446734,0.1825,False,Bittrex,Coinbase Pro
913,01-13-2021_22-00-08,DAI/USD,25.0,1.00449,1.000529,0.09858236518034283,-0.08391763481965717,0.1825,False,Bittrex,Coinbase Pro
914,01-13-2021_22-00-18,DAI/USD,25.0,1.00449,1.000428,0.10109607860705457,-0.08140392139294543,0.1825,False,Bittrex,Coinbase Pro
915,01-13-2021_22-00-28,DAI/USD,25.0,1.00449,1.000352,0.10298758574003217,-0.07951241425996783,0.1825,False,Bittrex,Coinbase Pro
916,01-13-2021_22-00-38,DAI/USD,25.0,1.00449,1.00034,0.10328624476102544,-0.07921375523897456,0.1825,False,Bittrex,Coinbase Pro
917,01-13-2021_22-00-48,DAI/USD,25.0,1.00449,1.00032,0.10378400979601606,-0.07871599020398394,0.1825,False,Bittrex,Coinbase Pro
918,01-13-2021_22-01-00,DAI/USD,25.0,1.00449,1.0007,0.09432647413115565,0.011826474131155645,0.0825,True,Bittrex,Binance US
919,01-13-2021_22-01-10,DAI/USD,25.0,1.00449,1.00044,0.1007974195860613,-0.011702580413938707,0.1125,False,Bittrex,Kraken
920,01-13-2021_22-01-20,DAI/USD,25.0,1.00449,1.000628,0.0961184282571263,-0.0863815717428737,0.1825,False,Bittrex,Coinbase Pro
921,01-13-2021_22-01-31,DAI/USD,25.0,1.00449,1.00034,0.10328624476102544,-0.07921375523897456,0.1825,False,Bittrex,Coinbase Pro
922,01-13-2021_22-01-42,DAI/USD,25.0,1.00449,1.0007,0.09432647413115565,0.011826474131155645,0.0825,True,Bittrex,Binance US
923,01-13-2021_22-01-54,DAI/USD,25.0,1.00449,1.000184,0.10716881203397104,-0.07533118796602896,0.1825,False,Bittrex,Coinbase Pro
924,01-13-2021_22-02-05,DAI/USD,25.0,1.00449,1.000368,0.10258937371203747,-0.07991062628796253,0.1825,False,Bittrex,Coinbase Pro
925,01-13-2021_22-02-15,DAI/USD,25.0,1.00449,1.000368,0.10258937371203747,-0.07991062628796253,0.1825,False,Bittrex,Coinbase Pro
926,01-13-2021_22-02-27,DAI/USD,25.0,1.00449,1.000351,0.10301247399177976,-0.07948752600822023,0.1825,False,Bittrex,Coinbase Pro
927,01-13-2021_22-02-38,DAI/USD,25.0,1.00449,1.000512,0.09900546546008514,-0.08349453453991486,0.1825,False,Bittrex,Coinbase Pro
928,01-13-2021_22-02-49,DAI/USD,25.0,1.00449,1.000358,0.10283825622953001,-0.07966174377046999,0.1825,False,Bittrex,Coinbase Pro
929,01-13-2021_22-03-01,DAI/USD,25.0,1.00449,1.000155,0.10789057133471212,-0.07460942866528787,0.1825,False,Bittrex,Coinbase Pro
930,01-13-2021_22-03-13,DAI/USD,25.0,1.00449,1.000315,0.10390845105476508,-0.07859154894523492,0.1825,False,Bittrex,Coinbase Pro
931,01-13-2021_22-03-24,DAI/USD,25.0,1.00449,1.000607,0.09664108154387004,-0.08585891845612996,0.1825,False,Bittrex,Coinbase Pro
932,01-13-2021_22-03-34,DAI/USD,25.0,1.00449,1.000587,0.09713884657886618,-0.08536115342113382,0.1825,False,Bittrex,Coinbase Pro
933,01-13-2021_22-03-44,DAI/USD,25.0,1.00449,1.000306,0.10413244532051556,-0.07836755467948443,0.1825,False,Bittrex,Coinbase Pro
934,01-13-2021_22-03-56,DAI/USD,25.0,1.00449,1.000527,0.09863214168384354,-0.08386785831615645,0.1825,False,Bittrex,Coinbase Pro
935,01-13-2021_22-04-06,DAI/USD,25.0,1.00449,1.000584,0.09721351133411449,-0.08528648866588551,0.1825,False,Bittrex,Coinbase Pro
936,01-13-2021_22-04-17,DAI/USD,25.0,1.00449,1.000573,0.09748728210336016,-0.08501271789663983,0.1825,False,Bittrex,Coinbase Pro
937,01-13-2021_22-04-28,DAI/USD,25.0,1.00449,1.000483,0.09972722476082622,-0.08277277523917377,0.1825,False,Bittrex,Coinbase Pro
938,01-13-2021_22-04-38,DAI/USD,25.0,1.00449,1.000258,0.10532708140449415,-0.07717291859550585,0.1825,False,Bittrex,Coinbase Pro
939,01-13-2021_22-04-49,DAI/USD,25.0,1.00449,1.0002,0.10677060000597632,-0.07572939999402367,0.1825,False,Bittrex,Coinbase Pro
940,01-13-2021_22-05-01,DAI/USD,25.0,1.00449,1.000456,0.1003992075580666,-0.0821007924419334,0.1825,False,Bittrex,Coinbase Pro
941,01-13-2021_22-05-11,DAI/USD,25.0,1.00449,1.000388,0.10209160867704133,-0.08040839132295867,0.1825,False,Bittrex,Coinbase Pro
942,01-13-2021_22-05-23,DAI/USD,25.0,1.00449,1.000428,0.10109607860705457,-0.08140392139294543,0.1825,False,Bittrex,Coinbase Pro
943,01-13-2021_22-05-34,DAI/USD,25.0,1.00449,1.000545,0.09818415315234813,-0.08431584684765187,0.1825,False,Bittrex,Coinbase Pro
944,01-13-2021_22-05-46,DAI/USD,25.0,1.00449,1.000407,0.1016187318937983,-0.08088126810620169,0.1825,False,Bittrex,Coinbase Pro
945,01-13-2021_22-05-57,DAI/USD,25.0,1.00449,1.000298,0.10433155133451291,-0.07816844866548708,0.1825,False,Bittrex,Coinbase Pro
946,01-13-2021_22-06-07,DAI/USD,25.0,1.00449,1.000283,0.10470487511075449,-0.0777951248892455,0.1825,False,Bittrex,Coinbase Pro
947,01-13-2021_22-06-18,DAI/USD,25.0,1.00449,1.000221,0.10624794671923259,-0.07625205328076741,0.1825,False,Bittrex,Coinbase Pro
948,01-13-2021_22-06-30,DAI/USD,25.0,1.00449,1.000423,0.1012205198658036,-0.08127948013419639,0.1825,False,Bittrex,Coinbase Pro
949,01-13-2021_22-06-42,DAI/USD,25.0,1.00449,1.000326,0.10363468028551942,-0.07886531971448058,0.1825,False,Bittrex,Coinbase Pro
950,01-13-2021_22-06-53,DAI/USD,25.0,1.00449,1.000131,0.10848788937669865,-0.07401211062330135,0.1825,False,Bittrex,Coinbase Pro
951,01-13-2021_22-07-03,DAI/USD,25.0,1.00449,1.000399,0.10181783790779565,-0.08068216209220434,0.1825,False,Bittrex,Coinbase Pro
952,01-13-2021_22-07-13,DAI/USD,25.0,1.00449,1.000629,0.09609354000537869,-0.0864064599946213,0.1825,False,Bittrex,Coinbase Pro
953,01-13-2021_22-07-23,DAI/USD,25.0,1.00449,1.000576,0.09741261734811184,-0.08508738265188816,0.1825,False,Bittrex,Coinbase Pro
954,01-13-2021_22-07-35,DAI/USD,25.0,1.00449,1.000333,0.10346046252327519,-0.0790395374767248,0.1825,False,Bittrex,Coinbase Pro
955,01-13-2021_22-07-47,DAI/USD,25.0,1.00449,1.000444,0.10069786657905985,-0.08180213342094014,0.1825,False,Bittrex,Coinbase Pro
956,01-13-2021_22-07-59,DAI/USD,25.0,1.00449,0.999976,0.11234556839789665,-0.07015443160210334,0.1825,False,Bittrex,Coinbase Pro
957,01-13-2021_22-08-10,DAI/USD,25.0,1.00449,1.00044,0.1007974195860613,-0.0817025804139387,0.1825,False,Bittrex,Coinbase Pro
958,01-13-2021_22-08-20,DAI/USD,25.0,1.00449,1.000349,0.10306225049528049,-0.0794377495047195,0.1825,False,Bittrex,Coinbase Pro
959,01-13-2021_22-08-31,DAI/USD,25.0,1.00449,1.000227,0.10609861720873595,-0.07640138279126404,0.1825,False,Bittrex,Coinbase Pro
960,01-13-2021_22-08-42,DAI/USD,25.0,1.00449,1.000219,0.10629772322273331,-0.07620227677726668,0.1825,False,Bittrex,Coinbase Pro
961,01-13-2021_22-08-53,DAI/USD,25.0,1.00449,1.00033,0.1035351272785235,-0.0789648727214765,0.1825,False,Bittrex,Coinbase Pro
962,01-13-2021_22-09-04,DAI/USD,25.0,1.00449,1.000385,0.10216627343228964,-0.08033372656771036,0.1825,False,Bittrex,Coinbase Pro
963,01-13-2021_22-09-16,DAI/USD,25.0,1.00449,1.000188,0.1070692590269696,-0.0754307409730304,0.1825,False,Bittrex,Coinbase Pro
964,01-13-2021_22-09-29,DAI/USD,25.0,1.00449,1.000211,0.10649682923673066,-0.07600317076326933,0.1825,False,Bittrex,Coinbase Pro
965,01-13-2021_22-09-42,DAI/USD,25.0,1.00449,1.000119,0.10878654839769744,-0.07371345160230255,0.1825,False,Bittrex,Coinbase Pro
966,01-13-2021_22-09-54,DAI/USD,25.0,1.00449,1.000293,0.10445599259325643,-0.07804400740674357,0.1825,False,Bittrex,Coinbase Pro
967,01-13-2021_22-10-05,DAI/USD,25.0,1.00449,1.000291,0.10450576909675714,-0.07799423090324285,0.1825,False,Bittrex,Coinbase Pro
968,01-13-2021_22-10-16,DAI/USD,25.0,1.00449,1.000223,0.10619817021573187,-0.07630182978426812,0.1825,False,Bittrex,Coinbase Pro
969,01-13-2021_22-10-28,DAI/USD,25.0,1.00449,1.00023,0.10602395245348764,-0.07647604754651235,0.1825,False,Bittrex,Coinbase Pro
970,01-13-2021_22-10-39,DAI/USD,25.0,1.00449,1.000216,0.10637238797798163,-0.07612761202201837,0.1825,False,Bittrex,Coinbase Pro
971,01-13-2021_22-10-50,DAI/USD,25.0,1.00449,1.00021,0.10652171748847826,-0.07597828251152174,0.1825,False,Bittrex,Coinbase Pro
972,01-13-2021_22-11-02,DAI/USD,25.0,1.00449,1.000244,0.10567551692899366,-0.07682448307100634,0.1825,False,Bittrex,Coinbase Pro
973,01-13-2021_22-11-12,DAI/USD,25.0,1.00449,1.000187,0.10709414727872271,-0.07540585272127728,0.1825,False,Bittrex,Coinbase Pro
974,01-13-2021_22-11-23,DAI/USD,25.0,1.00449,1.000479,0.09982677776782767,-0.08267322223217233,0.1825,False,Bittrex,Coinbase Pro
975,01-13-2021_22-11-34,DAI/USD,25.0,1.00449,1.00046,0.10029965455107068,-0.08220034544892932,0.1825,False,Bittrex,Coinbase Pro
976,01-13-2021_22-11-45,DAI/USD,25.0,1.00449,1.000516,0.09890591245308922,-0.08359408754691078,0.1825,False,Bittrex,Coinbase Pro
977,01-13-2021_22-11-57,DAI/USD,25.0,1.00449,1.00067,0.09507312168364435,-0.017426878316355657,0.1125,False,Bittrex,Kraken
978,01-13-2021_22-12-08,DAI/USD,25.0,1.00449,1.00067,0.09507312168364435,-0.017426878316355657,0.1125,False,Bittrex,Kraken
979,01-13-2021_22-12-19,DAI/USD,25.0,1.00449,1.00067,0.09507312168364435,-0.017426878316355657,0.1125,False,Bittrex,Kraken
980,01-13-2021_22-12-29,DAI/USD,25.0,1.00449,1.000587,0.09713884657886618,-0.08536115342113382,0.1825,False,Bittrex,Coinbase Pro
981,01-13-2021_22-12-41,DAI/USD,25.0,1.00449,1.000658,0.0953717807046376,-0.0871282192953624,0.1825,False,Bittrex,Coinbase Pro
982,01-13-2021_22-12-52,DAI/USD,25.0,1.00449,1.000637,0.09589443399138134,-0.08660556600861866,0.1825,False,Bittrex,Coinbase Pro
983,01-13-2021_22-13-03,DAI/USD,25.0,1.00449,1.00067,0.09507312168364435,-0.017426878316355657,0.1125,False,Bittrex,Kraken
984,01-13-2021_22-13-15,DAI/USD,25.0,1.00449,1.000639,0.09584465748788062,-0.08665534251211937,0.1825,False,Bittrex,Coinbase Pro
985,01-13-2021_22-13-26,DAI/USD,25.0,1.00449,1.0002,0.10677060000597632,0.02427060000597632,0.0825,True,Bittrex,Binance US
986,01-13-2021_22-13-37,DAI/USD,25.0,1.00449,1.0002,0.10677060000597632,0.02427060000597632,0.0825,True,Bittrex,Binance US
987,01-13-2021_22-13-49,DAI/USD,25.0,1.00449,1.0002,0.10677060000597632,0.02427060000597632,0.0825,True,Bittrex,Binance US
988,01-13-2021_22-14-00,DAI/USD,25.0,1.00449,1.0002,0.10677060000597632,0.02427060000597632,0.0825,True,Bittrex,Binance US
989,01-13-2021_22-14-12,DAI/USD,25.0,1.00449,1.0002,0.10677060000597632,0.02427060000597632,0.0825,True,Bittrex,Binance US
990,01-13-2021_22-14-24,DAI/USD,25.0,1.00449,1.000646,0.0956704397256364,-0.0868295602743636,0.1825,False,Bittrex,Coinbase Pro
991,01-13-2021_22-14-35,DAI/USD,25.0,1.00449,1.000487,0.0996276717538303,-0.08287232824616969,0.1825,False,Bittrex,Coinbase Pro
992,01-13-2021_22-14-45,DAI/USD,25.0,1.00449,1.000487,0.0996276717538303,-0.08287232824616969,0.1825,False,Bittrex,Coinbase Pro
993,01-13-2021_22-14-55,DAI/USD,25.0,1.00449,1.00067,0.09507312168364435,-0.017426878316355657,0.1125,False,Bittrex,Kraken
994,01-13-2021_22-15-06,DAI/USD,25.0,1.00449,1.00067,0.09507312168364435,-0.017426878316355657,0.1125,False,Bittrex,Kraken
995,01-13-2021_22-15-17,DAI/USD,25.0,1.00449,1.000599,0.09684018755786739,-0.08565981244213261,0.1825,False,Bittrex,Coinbase Pro
996,01-13-2021_22-15-28,DAI/USD,25.0,1.00449,1.00066,0.09532200420113689,-0.017177995798863116,0.1125,False,Bittrex,Kraken
997,01-13-2021_22-15-39,DAI/USD,25.0,1.00449,1.00066,0.09532200420113689,-0.017177995798863116,0.1125,False,Bittrex,Kraken
998,01-13-2021_22-15-50,DAI/USD,25.0,1.00449,1.00066,0.09532200420113689,-0.017177995798863116,0.1125,False,Bittrex,Kraken
999,01-13-2021_22-16-01,DAI/USD,25.0,1.00449,1.00066,0.09532200420113689,-0.017177995798863116,0.1125,False,Bittrex,Kraken
1000,01-13-2021_22-16-13,DAI/USD,25.0,1.00449,1.00067,0.09507312168364435,-0.017426878316355657,0.1125,False,Bittrex,Kraken
1001,01-13-2021_22-16-23,DAI/USD,25.0,1.00449,1.00067,0.09507312168364435,-0.017426878316355657,0.1125,False,Bittrex,Kraken
1002,01-13-2021_22-16-32,DAI/USD,25.0,1.00449,1.00067,0.09507312168364435,-0.017426878316355657,0.1125,False,Bittrex,Kraken
1003,01-13-2021_22-16-43,DAI/USD,25.0,1.00449,1.00065,0.09557088671863495,-0.016929113281365052,0.1125,False,Bittrex,Kraken
1004,01-13-2021_22-16-53,DAI/USD,25.0,1.00449,1.0,0.1117482503559046,0.019248250355904606,0.0925,True,Bittrex,Binance US
1005,01-13-2021_22-17-03,DAI/USD,25.0,1.00449,1.0,0.1117482503559046,0.019248250355904606,0.0925,True,Bittrex,Binance US
1006,01-13-2021_22-17-14,DAI/USD,25.0,1.00449,1.0,0.1117482503559046,0.019248250355904606,0.0925,True,Bittrex,Binance US
1007,01-13-2021_22-17-24,DAI/USD,25.0,1.00449,1.00067,0.09507312168364435,-0.017426878316355657,0.1125,False,Bittrex,Kraken
1008,01-13-2021_22-17-36,DAI/USD,25.0,1.00449,1.00066,0.09532200420113689,-0.017177995798863116,0.1125,False,Bittrex,Kraken
1009,01-13-2021_22-17-46,DAI/USD,25.0,1.00449,1.000531,0.09853258867684211,-0.08396741132315788,0.1825,False,Bittrex,Coinbase Pro
1010,01-13-2021_22-17-58,DAI/USD,25.0,1.00449,1.00067,0.09507312168364435,-0.017426878316355657,0.1125,False,Bittrex,Kraken
1011,01-13-2021_22-18-08,DAI/USD,25.0,1.00449,1.000446,0.10064809007556466,-0.08185190992443533,0.1825,False,Bittrex,Coinbase Pro
1012,01-13-2021_22-18-19,DAI/USD,25.0,1.00449,1.000466,0.10015032504056852,-0.08234967495943148,0.1825,False,Bittrex,Coinbase Pro
1013,01-13-2021_22-18-30,DAI/USD,25.0,1.00449,1.000455,0.10042409580981419,-0.0820759041901858,0.1825,False,Bittrex,Coinbase Pro
1014,01-13-2021_22-18-40,DAI/USD,25.0,1.00449,1.00066,0.09532200420113689,-0.017177995798863116,0.1125,False,Bittrex,Kraken
1015,01-13-2021_22-18-49,DAI/USD,25.0,1.00449,1.00067,0.09507312168364435,-0.017426878316355657,0.1125,False,Bittrex,Kraken
1016,01-13-2021_22-19-00,DAI/USD,25.0,1.00449,1.000627,0.09614331650887942,-0.08635668349112058,0.1825,False,Bittrex,Coinbase Pro
1017,01-13-2021_22-19-10,DAI/USD,25.0,1.0045,1.000571,0.09778496764559107,-0.08471503235440893,0.1825,False,Bittrex,Coinbase Pro
1018,01-13-2021_22-19-20,DAI/USD,25.0,1.0045,1.000367,0.10286212045793783,-0.07963787954206217,0.1825,False,Bittrex,Coinbase Pro
1019,01-13-2021_22-19-30,DAI/USD,25.0,1.0045,1.00066,0.09556993529118575,-0.016930064708814252,0.1125,False,Bittrex,Kraken
1020,01-13-2021_22-19-40,DAI/USD,25.0,1.0045,1.00066,0.09556993529118575,-0.016930064708814252,0.1125,False,Bittrex,Kraken
1021,01-13-2021_22-19-50,DAI/USD,25.0,1.0045,1.00067,0.09532105525136884,-0.01717894474863116,0.1125,False,Bittrex,Kraken
1022,01-13-2021_22-20-01,DAI/USD,25.0,1.0045,1.00061,0.0968143354902924,-0.015685664509707598,0.1125,False,Bittrex,Kraken
1023,01-13-2021_22-20-12,DAI/USD,25.0,1.0045,1.00061,0.0968143354902924,-0.015685664509707598,0.1125,False,Bittrex,Kraken
1024,01-13-2021_22-20-23,DAI/USD,25.0,1.0045,1.00062,0.09656545545046998,-0.015934544549530028,0.1125,False,Bittrex,Kraken
1025,01-13-2021_22-20-34,DAI/USD,25.0,1.0045,1.00066,0.09556993529118575,-0.016930064708814252,0.1125,False,Bittrex,Kraken
1026,01-13-2021_22-20-44,DAI/USD,25.0,1.0045,1.00067,0.09532105525136884,-0.01717894474863116,0.1125,False,Bittrex,Kraken
1027,01-13-2021_22-20-55,DAI/USD,25.0,1.0045,1.00066,0.09556993529118575,-0.016930064708814252,0.1125,False,Bittrex,Kraken
1028,01-13-2021_22-21-06,DAI/USD,25.0,1.0045,1.000495,0.09967645594823385,-0.08282354405176615,0.1825,False,Bittrex,Coinbase Pro
1029,01-13-2021_22-21-16,DAI/USD,25.0,1.0045,1.000514,0.09920358387257454,-0.08329641612742546,0.1825,False,Bittrex,Coinbase Pro
1030,01-13-2021_22-21-27,DAI/USD,25.0,1.0045,1.000423,0.10146839223493992,-0.08103160776506008,0.1825,False,Bittrex,Coinbase Pro
1031,01-13-2021_22-21-39,DAI/USD,25.0,1.0045,1.000397,0.10211548033847605,-0.08038451966152395,0.1825,False,Bittrex,Coinbase Pro
1032,01-13-2021_22-21-50,DAI/USD,25.0,1.0045,1.000369,0.10281234444997224,-0.07968765555002776,0.1825,False,Bittrex,Coinbase Pro
1033,01-13-2021_22-22-01,DAI/USD,25.0,1.0045,1.000364,0.10293678446988345,-0.07956321553011654,0.1825,False,Bittrex,Coinbase Pro
1034,01-13-2021_22-22-12,DAI/USD,25.0,1.0045,1.000364,0.10293678446988345,-0.07956321553011654,0.1825,False,Bittrex,Coinbase Pro
1035,01-13-2021_22-22-23,DAI/USD,25.0,1.0045,1.000364,0.10293678446988345,-0.07956321553011654,0.1825,False,Bittrex,Coinbase Pro
1036,01-13-2021_22-22-33,DAI/USD,25.0,1.0045,1.000364,0.10293678446988345,-0.07956321553011654,0.1825,False,Bittrex,Coinbase Pro
1037,01-13-2021_22-22-43,DAI/USD,25.0,1.0045,1.000364,0.10293678446988345,-0.07956321553011654,0.1825,False,Bittrex,Coinbase Pro
1038,01-13-2021_22-22-54,DAI/USD,25.0,1.0045,1.000385,0.10241413638625856,-0.08008586361374144,0.1825,False,Bittrex,Coinbase Pro
1039,01-13-2021_22-23-04,DAI/USD,25.0,1.0045,1.000326,0.10388252862120209,-0.0786174713787979,0.1825,False,Bittrex,Coinbase Pro
1040,01-13-2021_22-23-14,DAI/USD,25.0,1.0045,1.000294,0.10467894474862946,-0.07782105525137054,0.1825,False,Bittrex,Coinbase Pro
1041,01-13-2021_22-23-25,DAI/USD,25.0,1.0045,1.000274,0.10517670482826881,-0.07732329517173119,0.1825,False,Bittrex,Coinbase Pro
1042,01-13-2021_22-23-36,DAI/USD,25.0,1.0045,1.000264,0.10542558486809125,-0.07707441513190874,0.1825,False,Bittrex,Coinbase Pro
1043,01-13-2021_22-23-46,DAI/USD,25.0,1.0045,1.000408,0.10184171229467358,-0.08065828770532642,0.1825,False,Bittrex,Coinbase Pro
1044,01-13-2021_22-23-57,DAI/USD,25.0,1.0045,1.000344,0.10343454454952833,-0.07906545545047167,0.1825,False,Bittrex,Coinbase Pro
1045,01-13-2021_22-24-08,DAI/USD,25.0,1.0045,1.000301,0.10450472872075266,-0.07799527127924734,0.1825,False,Bittrex,Coinbase Pro
1046,01-13-2021_22-24-18,DAI/USD,25.0,1.0045,1.000296,0.10462916874066387,-0.07787083125933612,0.1825,False,Bittrex,Coinbase Pro
1047,01-13-2021_22-24-29,DAI/USD,25.0,1.0045,1.000511,0.09927824788452017,-0.08322175211547983,0.1825,False,Bittrex,Coinbase Pro
1048,01-13-2021_22-24-42,DAI/USD,25.0,1.0045,1.000439,0.10107018417122623,-0.08142981582877376,0.1825,False,Bittrex,Coinbase Pro
1049,01-13-2021_22-24-53,DAI/USD,25.0,1.0045,1.000592,0.09726231956197169,-0.0852376804380283,0.1825,False,Bittrex,Coinbase Pro
1050,01-13-2021_22-25-03,DAI/USD,25.0,1.0045,1.000559,0.0980836236933791,-0.0844163763066209,0.1825,False,Bittrex,Coinbase Pro
1051,01-13-2021_22-25-13,DAI/USD,25.0,1.0045,1.000412,0.10174216027874239,-0.08075783972125761,0.1825,False,Bittrex,Coinbase Pro
1052,01-13-2021_22-25-24,DAI/USD,25.0,1.0045,1.000336,0.10363364858138518,-0.07886635141861481,0.1825,False,Bittrex,Coinbase Pro
1053,01-13-2021_22-25-35,DAI/USD,25.0,1.0045,1.000072,0.11020408163264998,-0.07229591836735001,0.1825,False,Bittrex,Coinbase Pro
1054,01-13-2021_22-25-47,DAI/USD,25.0,1.0045,1.000303,0.10445495271279259,-0.0780450472872074,0.1825,False,Bittrex,Coinbase Pro
1055,01-13-2021_22-25-59,DAI/USD,25.0,1.0045,1.000269,0.10530114484818003,-0.07719885515181997,0.1825,False,Bittrex,Coinbase Pro
1056,01-13-2021_22-26-10,DAI/USD,25.0,1.0045,1.000497,0.09962667994026826,-0.08287332005973173,0.1825,False,Bittrex,Coinbase Pro
1057,01-13-2021_22-26-20,DAI/USD,25.0,1.0045,1.000421,0.10151816824290552,-0.08098183175709447,0.1825,False,Bittrex,Coinbase Pro
1058,01-13-2021_22-26-31,DAI/USD,25.0,1.0045,1.000418,0.10159283225485115,-0.08090716774514885,0.1825,False,Bittrex,Coinbase Pro
1059,01-13-2021_22-26-42,DAI/USD,25.0,1.0045,1.000411,0.10176704828272795,-0.08073295171727204,0.1825,False,Bittrex,Coinbase Pro
1060,01-13-2021_22-26-52,DAI/USD,25.0,1.0045,1.000333,0.1037083125933308,-0.0787916874066692,0.1825,False,Bittrex,Coinbase Pro
1061,01-13-2021_22-27-02,DAI/USD,25.0,1.0045,1.000254,0.10567446490791368,-0.07682553509208631,0.1825,False,Bittrex,Coinbase Pro
1062,01-13-2021_22-27-14,DAI/USD,25.0,1.0045,1.000329,0.10380786460925646,-0.07869213539074353,0.1825,False,Bittrex,Coinbase Pro
1063,01-13-2021_22-27-26,DAI/USD,25.0,1.0045,1.000473,0.10022399203583879,-0.08227600796416121,0.1825,False,Bittrex,Coinbase Pro
1064,01-13-2021_22-27-36,DAI/USD,25.0,1.0045,1.000432,0.10124440019910305,-0.08125559980089694,0.1825,False,Bittrex,Coinbase Pro
1065,01-13-2021_22-27-46,DAI/USD,25.0,1.0045,1.000126,0.10886012941761766,-0.07363987058238233,0.1825,False,Bittrex,Coinbase Pro
1066,01-13-2021_22-27-58,DAI/USD,25.0,1.0045,1.000304,0.10443006470880703,-0.07806993529119297,0.1825,False,Bittrex,Coinbase Pro
1067,01-13-2021_22-28-09,DAI/USD,25.0,1.0045,1.0005,0.09955201592832263,0.01705201592832263,0.0825,True,Bittrex,Binance US
1068,01-13-2021_22-28-22,DAI/USD,25.0,1.0045,1.0005,0.09955201592832263,0.01705201592832263,0.0825,True,Bittrex,Binance US
1069,01-13-2021_22-28-33,DAI/USD,25.0,1.0045,1.000328,0.10383275261323649,-0.0786672473867635,0.1825,False,Bittrex,Coinbase Pro
1070,01-13-2021_22-28-44,DAI/USD,25.0,1.0045,1.000464,0.10044798407167567,-0.08205201592832433,0.1825,False,Bittrex,Coinbase Pro
1071,01-13-2021_22-28-54,DAI/USD,25.0,1.0045,1.000463,0.10047287207565571,-0.08202712792434429,0.1825,False,Bittrex,Coinbase Pro
1072,01-13-2021_22-29-05,DAI/USD,25.0,1.0045,1.000347,0.10335988053757718,-0.07914011946242282,0.1825,False,Bittrex,Coinbase Pro
1073,01-13-2021_22-29-17,DAI/USD,25.0,1.0045,1.0005,0.09955201592832263,0.01705201592832263,0.0825,True,Bittrex,Binance US
1074,01-13-2021_22-29-28,DAI/USD,25.0,1.0045,1.000326,0.10388252862120209,-0.0786174713787979,0.1825,False,Bittrex,Coinbase Pro
1075,01-13-2021_22-29-41,DAI/USD,25.0,1.0045,1.000258,0.10557491289198251,-0.07692508710801749,0.1825,False,Bittrex,Coinbase Pro
1076,01-13-2021_22-29-52,DAI/USD,25.0,1.0045,1.000255,0.10564957690393366,-0.07685042309606634,0.1825,False,Bittrex,Coinbase Pro
1077,01-13-2021_22-30-05,DAI/USD,25.0,1.0045,1.0005,0.09955201592832263,0.01705201592832263,0.0825,True,Bittrex,Binance US
1078,01-13-2021_22-30-16,DAI/USD,25.0,1.0045,1.00066,0.09556993529118575,-0.016930064708814252,0.1125,False,Bittrex,Kraken
1079,01-13-2021_22-30-28,DAI/USD,25.0,1.0045,1.000592,0.09726231956197169,-0.0852376804380283,0.1825,False,Bittrex,Coinbase Pro
1080,01-13-2021_22-30-38,DAI/USD,25.0,1.0045,1.000502,0.09950223992035705,-0.08299776007964295,0.1825,False,Bittrex,Coinbase Pro
1081,01-13-2021_22-30-48,DAI/USD,25.0,1.0045,1.00066,0.09556993529118575,-0.016930064708814252,0.1125,False,Bittrex,Kraken
1082,01-13-2021_22-30-59,DAI/USD,25.0,1.0045,1.000596,0.0971627675460405,-0.0853372324539595,0.1825,False,Bittrex,Coinbase Pro
1083,01-13-2021_22-31-10,DAI/USD,25.0,1.0045,1.0005,0.09955201592832263,0.01705201592832263,0.0825,True,Bittrex,Binance US
1084,01-13-2021_22-31-21,DAI/USD,25.0,1.0045,1.000575,0.09768541562966541,-0.08481458437033458,0.1825,False,Bittrex,Coinbase Pro
1085,01-13-2021_22-31-31,DAI/USD,25.0,1.0045,1.000573,0.097735191637631,-0.08476480836236899,0.1825,False,Bittrex,Coinbase Pro
1086,01-13-2021_22-31-42,DAI/USD,25.0,1.0045,1.00051,0.0993031358885002,-0.08319686411149979,0.1825,False,Bittrex,Coinbase Pro
1087,01-13-2021_22-31-52,DAI/USD,25.0,1.0045,1.000406,0.10189148830263918,-0.08060851169736082,0.1825,False,Bittrex,Coinbase Pro
1088,01-13-2021_22-32-02,DAI/USD,25.0,1.0045,1.000337,0.10360876057739962,-0.07889123942260037,0.1825,False,Bittrex,Coinbase Pro
1089,01-13-2021_22-32-12,DAI/USD,25.0,1.0045,1.000616,0.09666500746640115,-0.08583499253359884,0.1825,False,Bittrex,Coinbase Pro
1090,01-13-2021_22-32-21,DAI/USD,25.0,1.0045,1.000521,0.09902936784469772,-0.08347063215530227,0.1825,False,Bittrex,Coinbase Pro
1091,01-13-2021_22-32-32,DAI/USD,25.0,1.0045,1.000466,0.10039820806371008,-0.08210179193628991,0.1825,False,Bittrex,Coinbase Pro
1092,01-13-2021_22-32-42,DAI/USD,25.0,1.0045,1.000516,0.09915380786460895,-0.08334619213539105,0.1825,False,Bittrex,Coinbase Pro
1093,01-13-2021_22-32-53,DAI/USD,25.0,1.0045,1.000502,0.09950223992035705,-0.08299776007964295,0.1825,False,Bittrex,Coinbase Pro
1094,01-13-2021_22-33-05,DAI/USD,25.0,1.0045,1.000488,0.09985067197610514,-0.08264932802389485,0.1825,False,Bittrex,Coinbase Pro
1095,01-13-2021_22-33-16,DAI/USD,25.0,1.0045,1.000473,0.10022399203583879,-0.08227600796416121,0.1825,False,Bittrex,Coinbase Pro
1096,01-13-2021_22-33-27,DAI/USD,25.0,1.0045,1.000425,0.10141861622697985,-0.08108138377302014,0.1825,False,Bittrex,Coinbase Pro
1097,01-13-2021_22-33-38,DAI/USD,25.0,1.0045,1.000425,0.10141861622697985,-0.08108138377302014,0.1825,False,Bittrex,Coinbase Pro
1098,01-13-2021_22-33-49,DAI/USD,25.0,1.0045,1.000425,0.10141861622697985,-0.08108138377302014,0.1825,False,Bittrex,Coinbase Pro
1099,01-13-2021_22-34-00,DAI/USD,25.0,1.0045,1.000425,0.10141861622697985,-0.08108138377302014,0.1825,False,Bittrex,Coinbase Pro
1100,01-13-2021_22-34-11,DAI/USD,25.0,1.0045,1.000425,0.10141861622697985,-0.08108138377302014,0.1825,False,Bittrex,Coinbase Pro
1101,01-13-2021_22-34-21,DAI/USD,25.0,1.0045,1.000417,0.1016177202588367,-0.0808822797411633,0.1825,False,Bittrex,Coinbase Pro
1102,01-13-2021_22-34-31,DAI/USD,25.0,1.0045,1.000375,0.10266301642608099,-0.07983698357391901,0.1825,False,Bittrex,Coinbase Pro
0,01-13-2021_17-35-08,DAI/USD,25.0,1.0045,1.000589,0.09733698357391732,-0.08516301642608268,0.1825,False,Bittrex,Coinbase Pro
