,Date,Symbol,Investment,High,Low,Adjusted Spread,Adj. Spread after fees,Fees,Profitable,Sell exchange,Buy exchange
0,01-14-2021_00-22-30,DASH/USD,25.0,133.87432114,133.778,0.01798723220028251,-0.1095127677997175,0.1275,False,Bittrex,Kraken
0,01-14-2021_00-26-56,DASH/USD,25.0,133.461,133.347,0.021354553015488477,-0.16364544698451153,0.185,False,Kraken,Coinbase Pro
1,01-14-2021_00-27-08,DASH/USD,25.0,133.59,133.454,0.025451006811886306,-0.0695489931881137,0.095,False,Binance US,Kraken
2,01-14-2021_00-27-19,DASH/USD,25.0,133.532,133.47,0.011607704520267017,-0.05358229547973298,0.06519,False,Kraken,Binance US
3,01-14-2021_00-27-30,DASH/USD,25.0,133.6,133.5,0.018712574850298338,-0.13128742514970165,0.15,False,Binance US,Coinbase Pro
4,01-14-2021_00-27-41,DASH/USD,25.0,133.619,133.499,0.022451896811083106,-0.16254810318891688,0.185,False,Kraken,Coinbase Pro
5,01-14-2021_00-27-52,DASH/USD,25.0,133.579,133.43,0.027886119824224037,-0.15711388017577596,0.185,False,Kraken,Coinbase Pro
6,01-14-2021_00-28-03,DASH/USD,25.0,133.53878507,133.414,0.023361203626083266,-0.15913879637391673,0.1825,False,Bittrex,Coinbase Pro
7,01-14-2021_00-28-14,DASH/USD,25.0,133.6377835,133.484,0.028768716446124488,-0.09873128355387552,0.1275,False,Bittrex,Kraken
8,01-14-2021_00-28-26,DASH/USD,25.0,133.59348085,133.478,0.02161049500043458,-0.16088950499956542,0.1825,False,Bittrex,Coinbase Pro
9,01-14-2021_00-28-37,DASH/USD,25.0,133.52347773,133.438,0.016004250985143964,-0.17649574901485604,0.1925,False,Bittrex,Coinbase Pro
10,01-14-2021_00-28-49,DASH/USD,25.0,133.59,133.445,0.027135264615616855,-0.06786473538438315,0.095,False,Binance US,Kraken
11,01-14-2021_00-28-59,DASH/USD,25.0,133.56,133.406,0.0288259958071272,-0.1111740041928728,0.13999999999999999,False,Binance US,Coinbase Pro
12,01-14-2021_00-29-12,DASH/USD,25.0,133.52347744,133.429,0.017689293637975723,-0.16481070636202427,0.1825,False,Bittrex,Coinbase Pro
13,01-14-2021_00-29-25,DASH/USD,25.0,133.612,133.482,0.024324162500373368,-0.16067583749962663,0.185,False,Kraken,Coinbase Pro
14,01-14-2021_00-29-37,DASH/USD,25.0,133.64882031,133.5,0.027837939320152678,-0.1546620606798473,0.1825,False,Bittrex,Coinbase Pro
15,01-14-2021_00-29-49,DASH/USD,25.0,133.64882023,133.5,0.027837924372228578,-0.15466207562777143,0.1825,False,Bittrex,Coinbase Pro
16,01-14-2021_00-30-03,DASH/USD,25.0,133.64882016,133.5,0.027837911292791662,-0.15466208870720832,0.1825,False,Bittrex,Coinbase Pro
17,01-14-2021_00-30-14,DASH/USD,25.0,133.507,133.368,0.026028597751430637,-0.15897140224856937,0.185,False,Kraken,Coinbase Pro
18,01-14-2021_00-30-26,DASH/USD,25.0,133.442,133.357,0.015924521514966792,-0.1690754784850332,0.185,False,Kraken,Coinbase Pro
19,01-14-2021_00-30-37,DASH/USD,25.0,133.405,133.293,0.02098871856377099,-0.17401128143622902,0.195,False,Kraken,Coinbase Pro
20,01-14-2021_00-30-49,DASH/USD,25.0,133.324,133.153,0.032064744532121124,-0.15293525546787887,0.185,False,Kraken,Coinbase Pro
21,01-14-2021_00-31-00,DASH/USD,25.0,133.225,133.082,0.026834302871082884,-0.15816569712891712,0.185,False,Kraken,Coinbase Pro
22,01-14-2021_00-31-11,DASH/USD,25.0,133.172,133.085,0.0163322620370628,-0.1686677379629372,0.185,False,Kraken,Coinbase Pro
23,01-14-2021_00-31-24,DASH/USD,25.0,133.15293386,133.09,0.011816085867502739,-0.17068391413249726,0.1825,False,Bittrex,Coinbase Pro
24,01-14-2021_00-31-35,DASH/USD,25.0,133.27,133.05,0.041269603061453976,-0.10873039693854603,0.15,False,Binance US,Coinbase Pro
25,01-14-2021_00-31-46,DASH/USD,25.0,133.23,133.05,0.03377617653681198,-0.11622382346318802,0.15,False,Binance US,Coinbase Pro
26,01-14-2021_00-31-57,DASH/USD,25.0,133.15293363,133.05,0.019326203935923644,-0.16317379606407634,0.1825,False,Bittrex,Coinbase Pro
27,01-14-2021_00-32-09,DASH/USD,25.0,133.15293361,133.05,0.01932620018374291,-0.16317379981625707,0.1825,False,Bittrex,Coinbase Pro
28,01-14-2021_00-32-19,DASH/USD,25.0,133.17,133.0,0.031914094766086115,-0.11808590523391388,0.15,False,Binance US,Coinbase Pro
29,01-14-2021_00-32-30,DASH/USD,25.0,133.11,133.0,0.020659604838106384,-0.1193403951618936,0.13999999999999999,False,Binance US,Coinbase Pro
30,01-14-2021_00-32-42,DASH/USD,25.0,133.09557138,133.0,0.017951645387044947,-0.16454835461295506,0.1825,False,Bittrex,Coinbase Pro
31,01-14-2021_00-32-54,DASH/USD,25.0,133.20178734,133.05,0.028488232596413764,-0.15401176740358624,0.1825,False,Bittrex,Coinbase Pro
32,01-14-2021_00-33-06,DASH/USD,25.0,133.20178724,133.05,0.028488213849279884,-0.15401178615072011,0.1825,False,Bittrex,Coinbase Pro
33,01-14-2021_00-33-18,DASH/USD,25.0,133.3,133.077,0.041822955738937205,-0.0431770442610628,0.085,False,Binance US,Kraken
34,01-14-2021_00-33-30,DASH/USD,25.0,133.34974778,133.077,0.05113391373825123,-0.07636608626174878,0.1275,False,Bittrex,Kraken
35,01-14-2021_00-33-41,DASH/USD,25.0,133.412,133.309,0.019301112343718823,-0.16569888765628119,0.185,False,Coinbase Pro,Kraken
36,01-14-2021_00-33-52,DASH/USD,25.0,133.49252422,133.35,0.026691423514684655,-0.03599857648531534,0.06269,False,Bittrex,Binance US
37,01-14-2021_00-34-03,DASH/USD,25.0,133.49252413,133.35,0.026691406677800712,-0.035998593322199283,0.06269,False,Bittrex,Binance US
38,01-14-2021_00-34-15,DASH/USD,25.0,133.6,133.499,0.018899700598802225,-0.13110029940119777,0.15,False,Binance US,Coinbase Pro
39,01-14-2021_00-34-26,DASH/USD,25.0,133.581,133.491,0.01684371280346288,-0.1681562871965371,0.185,False,Kraken,Coinbase Pro
40,01-14-2021_00-34-38,DASH/USD,25.0,133.52604557,133.345,0.03389705155034666,-0.14860294844965333,0.1825,False,Bittrex,Coinbase Pro
41,01-14-2021_00-34-48,DASH/USD,25.0,133.41815242,133.241,0.03319496200230748,-0.1493050379976925,0.1825,False,Bittrex,Coinbase Pro
42,01-14-2021_00-35-01,DASH/USD,25.0,133.34557367,133.272,0.013793796819622962,-0.16870620318037705,0.1825,False,Bittrex,Coinbase Pro
43,01-14-2021_00-35-14,DASH/USD,25.0,133.5,133.275,0.042134831460673094,-0.1078651685393269,0.15,False,Binance US,Coinbase Pro
44,01-14-2021_00-35-25,DASH/USD,25.0,133.40182256,133.262,0.026203270187165374,-0.15629672981283463,0.1825,False,Bittrex,Coinbase Pro
45,01-14-2021_00-35-38,DASH/USD,25.0,133.40182256,133.081,0.060123346488709796,-0.1223766535112902,0.1825,False,Bittrex,Coinbase Pro
46,01-14-2021_00-35-49,DASH/USD,25.0,133.24567723,133.047,0.0372764869619507,-0.0902235130380493,0.1275,False,Bittrex,Kraken
47,01-14-2021_00-36-00,DASH/USD,25.0,133.24567723,133.083,0.03052204645243599,-0.09697795354756401,0.1275,False,Bittrex,Kraken
48,01-14-2021_00-36-12,DASH/USD,25.0,133.31,133.215,0.01781561773310308,-0.1321843822668969,0.15,False,Binance US,Coinbase Pro
49,01-14-2021_00-36-24,DASH/USD,25.0,133.28318908,133.16,0.023106642490010838,-0.10439335750998917,0.1275,False,Bittrex,Kraken
50,01-14-2021_00-36-35,DASH/USD,25.0,133.28318898,133.213,0.013165385022889876,-0.1693346149771101,0.1825,False,Bittrex,Coinbase Pro
51,01-14-2021_00-36-47,DASH/USD,25.0,133.2676707,133.106,0.030328191967116364,-0.15217180803288363,0.1825,False,Bittrex,Coinbase Pro
52,01-14-2021_00-36-58,DASH/USD,25.0,133.26767064,133.161,0.02001059962399977,-0.16248940037600024,0.1825,False,Bittrex,Coinbase Pro
53,01-14-2021_00-37-11,DASH/USD,25.0,133.31,133.163,0.02756732428174769,-0.12243267571825231,0.15,False,Binance US,Coinbase Pro
54,01-14-2021_00-37-22,DASH/USD,25.0,133.274,133.223,0.009566757206954792,-0.17543064279304518,0.18499739999999998,False,Kraken,Coinbase Pro
55,01-14-2021_00-37-34,DASH/USD,25.0,133.36576863,133.278,0.016452615783945666,-0.11104738421605434,0.1275,False,Bittrex,Kraken
56,01-14-2021_00-37-45,DASH/USD,25.0,133.49,133.278,0.03970334856543889,-0.05529665143456111,0.095,False,Binance US,Kraken
57,01-14-2021_00-37-57,DASH/USD,25.0,133.41,133.278,0.024735776928267186,-0.07026422307173281,0.095,False,Binance US,Kraken
58,01-14-2021_00-38-09,DASH/USD,25.0,133.49,133.278,0.03970334856543889,-0.05529665143456111,0.095,False,Binance US,Kraken
59,01-14-2021_00-38-19,DASH/USD,25.0,133.5365371,133.278,0.04840194032559129,-0.07909805967440872,0.1275,False,Bittrex,Kraken
60,01-14-2021_00-38-30,DASH/USD,25.0,133.53653707,133.278,0.04840193472002562,-0.07909806527997437,0.1275,False,Bittrex,Kraken
61,01-14-2021_00-38-43,DASH/USD,25.0,133.7,133.5,0.03739715781600386,-0.14760284218399614,0.185,False,Kraken,Coinbase Pro
62,01-14-2021_00-38-55,DASH/USD,25.0,133.633,133.499,0.025068658190719087,-0.15993134180928092,0.185,False,Kraken,Coinbase Pro
63,01-14-2021_00-39-07,DASH/USD,25.0,133.62,133.53,0.016838796587337862,-0.13316120341266213,0.15,False,Binance US,Coinbase Pro
64,01-14-2021_00-39-18,DASH/USD,25.0,133.61,133.534,0.014220492478112008,-0.125779507521888,0.13999999999999999,False,Binance US,Coinbase Pro
65,01-14-2021_00-39-31,DASH/USD,25.0,133.70903555,133.536,0.03235300241457928,-0.15014698758542072,0.18249999,False,Bittrex,Coinbase Pro
66,01-14-2021_00-39-43,DASH/USD,25.0,133.64912185,133.473,0.03294481990642183,-0.14955518009357816,0.1825,False,Bittrex,Coinbase Pro
67,01-14-2021_00-39-54,DASH/USD,25.0,133.53000106,133.366,0.030704908765462325,-0.09679509123453768,0.1275,False,Bittrex,Kraken
68,01-14-2021_00-40-06,DASH/USD,25.0,133.46488591,133.326,0.026015440138624675,-0.10148455986137533,0.1275,False,Bittrex,Kraken
69,01-14-2021_00-40-18,DASH/USD,25.0,133.46488583,133.337,0.02395495811589171,-0.10354504188410829,0.1275,False,Bittrex,Kraken
70,01-14-2021_00-40-30,DASH/USD,25.0,133.63,133.382,0.0463967671929938,-0.0486032328070062,0.095,False,Binance US,Kraken
71,01-14-2021_00-40-42,DASH/USD,25.0,133.63,133.477,0.0286238120182578,-0.0663761879817422,0.095,False,Binance US,Kraken
72,01-14-2021_00-40-53,DASH/USD,25.0,133.62,133.533,0.016277503367762593,-0.1337224966322374,0.15,False,Binance US,Coinbase Pro
73,01-14-2021_00-41-05,DASH/USD,25.0,133.65152145,133.6,0.009637273380997423,-0.05305272661900257,0.06269,False,Bittrex,Binance US
74,01-14-2021_00-41-17,DASH/USD,25.0,133.64172523,133.598,0.008179561795675423,-0.11932043820432459,0.1275,False,Bittrex,Kraken
75,01-14-2021_00-41-30,DASH/USD,25.0,133.64172515,133.592,0.00930195078374451,-0.17319804921625548,0.1825,False,Bittrex,Coinbase Pro
76,01-14-2021_00-41-41,DASH/USD,25.0,133.64172508,133.577,0.012107947566757817,-0.17039205243324218,0.1825,False,Bittrex,Coinbase Pro
77,01-14-2021_00-41-52,DASH/USD,25.0,133.64172498,133.602,0.0074312457441591245,-0.17506875425584087,0.1825,False,Bittrex,Coinbase Pro
78,01-14-2021_00-42-04,DASH/USD,25.0,133.64172497,133.601,0.0076183111990577035,-0.1198816888009423,0.1275,False,Bittrex,Kraken
79,01-14-2021_00-42-14,DASH/USD,25.0,133.71303927,133.597,0.021695578575114734,-0.16080441142488527,0.18249999,False,Bittrex,Coinbase Pro
80,01-14-2021_00-42-26,DASH/USD,25.0,133.62782437,133.511,0.021856295751052635,-0.16064370424894736,0.1825,False,Bittrex,Coinbase Pro
81,01-14-2021_00-42-38,DASH/USD,25.0,133.62782425,133.537,0.01699201691521913,-0.16550798308478087,0.1825,False,Bittrex,Coinbase Pro
82,01-14-2021_00-42-48,DASH/USD,25.0,133.62782417,133.547,0.015121134109236099,-0.1673788658907639,0.1825,False,Bittrex,Coinbase Pro
83,01-14-2021_00-42-59,DASH/USD,25.0,133.62782415,133.556,0.013437349305219089,-0.1690626506947809,0.1825,False,Bittrex,Coinbase Pro
84,01-14-2021_00-43-10,DASH/USD,25.0,133.63,133.537,0.017398787697371347,-0.13260121230262864,0.15,False,Binance US,Coinbase Pro
85,01-14-2021_00-43-21,DASH/USD,25.0,133.63,133.49,0.026191723415398185,-0.1238082765846018,0.15,False,Binance US,Coinbase Pro
86,01-14-2021_00-43-33,DASH/USD,25.0,133.63,133.485,0.0271271421088045,-0.0678728578911955,0.095,False,Binance US,Kraken
87,01-14-2021_00-43-44,DASH/USD,25.0,133.63,133.469,0.0301204819277111,-0.0648769180722889,0.0949974,False,Binance US,Kraken
88,01-14-2021_00-43-54,DASH/USD,25.0,133.63,133.454,0.032926738007930056,-0.062073261992069945,0.095,False,Binance US,Kraken
89,01-14-2021_00-44-06,DASH/USD,25.0,133.63,133.454,0.032926738007930056,-0.062073261992069945,0.095,False,Binance US,Kraken
90,01-14-2021_00-44-18,DASH/USD,25.0,133.63,133.44,0.035545910349472,-0.059454089650528,0.095,False,Binance US,Kraken
91,01-14-2021_00-44-30,DASH/USD,25.0,133.63,133.44,0.035545910349472,-0.059454089650528,0.095,False,Binance US,Kraken
92,01-14-2021_00-44-42,DASH/USD,25.0,133.63,133.44,0.035545910349472,-0.059454089650528,0.095,False,Binance US,Kraken
93,01-14-2021_00-44-53,DASH/USD,25.0,133.57733256,133.321,0.047974561830104144,-0.13452543816989584,0.1825,False,Bittrex,Coinbase Pro
94,01-14-2021_00-45-06,DASH/USD,25.0,133.40062865,133.272,0.024105705366928198,-0.1583942946330718,0.1825,False,Bittrex,Coinbase Pro
95,01-14-2021_00-45-17,DASH/USD,25.0,133.41569754,133.22,0.03667063614109663,-0.14582936385890338,0.1825,False,Bittrex,Coinbase Pro
96,01-14-2021_00-45-29,DASH/USD,25.0,133.27340361,133.154,0.022398244279372276,-0.1601017557206277,0.1825,False,Bittrex,Coinbase Pro
97,01-14-2021_00-45-41,DASH/USD,25.0,133.27340356,133.126,0.027650595704495746,-0.15484940429550426,0.1825,False,Bittrex,Coinbase Pro
98,01-14-2021_00-45-53,DASH/USD,25.0,133.25315225,133.049,0.03830157984123652,-0.14419842015876347,0.1825,False,Bittrex,Coinbase Pro
99,01-14-2021_00-46-05,DASH/USD,25.0,133.25315217,133.045,0.03905201614563902,-0.14344798385436097,0.1825,False,Bittrex,Coinbase Pro
100,01-14-2021_00-46-17,DASH/USD,25.0,133.2531521,133.065,0.035299746579127336,-0.15720025342087268,0.1925,False,Bittrex,Coinbase Pro
101,01-14-2021_00-46-29,DASH/USD,25.0,133.2,132.983,0.04072822822822533,-0.10927177177177466,0.15,False,Binance US,Coinbase Pro
102,01-14-2021_00-46-41,DASH/USD,25.0,133.32,133.073,0.04631713171316863,-0.10368286828683136,0.15,False,Binance US,Coinbase Pro
103,01-14-2021_00-46-52,DASH/USD,25.0,133.26,133.088,0.03226774726099299,-0.117732252739007,0.15,False,Binance US,Coinbase Pro
104,01-14-2021_00-47-03,DASH/USD,25.0,133.2,133.025,0.03284534534534215,-0.11715465465465785,0.15,False,Binance US,Coinbase Pro
105,01-14-2021_00-47-14,DASH/USD,25.0,133.248,133.064,0.034522094140249295,-0.1504779058597507,0.185,False,Kraken,Coinbase Pro
106,01-14-2021_00-47-25,DASH/USD,25.0,133.2,133.028,0.03228228228228173,-0.11771771771771827,0.15,False,Binance US,Coinbase Pro
107,01-14-2021_00-47-36,DASH/USD,25.0,133.2,133.073,0.023836336336332798,-0.12616366366366719,0.15,False,Binance US,Coinbase Pro
108,01-14-2021_00-47-46,DASH/USD,25.0,133.2,132.993,0.03885135135135016,-0.11114864864864984,0.15,False,Binance US,Coinbase Pro
109,01-14-2021_00-47-58,DASH/USD,25.0,133.2,132.983,0.04072822822822533,-0.10927177177177466,0.15,False,Binance US,Coinbase Pro
110,01-14-2021_00-48-10,DASH/USD,25.0,133.18,133.057,0.023089052410275354,-0.12691094758972465,0.15,False,Binance US,Coinbase Pro
111,01-14-2021_00-48-21,DASH/USD,25.0,133.18,133.039,0.026467938128851846,-0.12353206187114815,0.15,False,Binance US,Coinbase Pro
112,01-14-2021_00-48-32,DASH/USD,25.0,133.18,133.033,0.027594233368377345,-0.12240576663162264,0.15,False,Binance US,Coinbase Pro
113,01-14-2021_00-48-43,DASH/USD,25.0,133.16,132.996,0.0307900270351433,-0.11920997296485669,0.15,False,Binance US,Coinbase Pro
114,01-14-2021_00-48-52,DASH/USD,25.0,133.14,133.034,0.019903860597865884,-0.1300961394021341,0.15,False,Binance US,Coinbase Pro
115,01-14-2021_00-49-03,DASH/USD,25.0,133.14,132.936,0.03830554303740036,-0.11169445696259964,0.15,False,Binance US,Coinbase Pro
116,01-14-2021_00-49-14,DASH/USD,25.0,133.05,132.919,0.024614806463735477,-0.1253851935362645,0.15,False,Binance US,Coinbase Pro
117,01-14-2021_00-49-26,DASH/USD,25.0,133.02835344,132.74,0.054190221960846274,-0.008499778039153721,0.06269,False,Bittrex,Binance US
118,01-14-2021_00-49-36,DASH/USD,25.0,133.14156501,132.74,0.07540188707595255,0.012711887075952555,0.06269,True,Bittrex,Binance US
119,01-14-2021_00-49-49,DASH/USD,25.0,133.02913114,132.956,0.013743444645040171,-0.16875655535495981,0.1825,False,Bittrex,Coinbase Pro
120,01-14-2021_00-49-59,DASH/USD,25.0,133.02913113,132.917,0.021072664507298156,-0.16142733549270183,0.1825,False,Bittrex,Coinbase Pro
121,01-14-2021_00-50-12,DASH/USD,25.0,133.02913104,132.935,0.017689929879287837,-0.16481007012071217,0.1825,False,Bittrex,Coinbase Pro
122,01-14-2021_00-50-23,DASH/USD,25.0,133.02913104,132.944,0.015998571014950076,-0.1665014289850499,0.1825,False,Bittrex,Coinbase Pro
123,01-14-2021_00-50-33,DASH/USD,25.0,133.02913104,132.919,0.02069679008255793,-0.16180320991744207,0.1825,False,Bittrex,Coinbase Pro
124,01-14-2021_00-50-43,DASH/USD,25.0,133.02913096,132.921,0.020320917535070676,-0.16217908246492932,0.1825,False,Bittrex,Coinbase Pro
125,01-14-2021_00-50-55,DASH/USD,25.0,133.052,132.97,0.015407509845773389,-0.10478249015422661,0.12018999999999999,False,Coinbase Pro,Binance US
126,01-14-2021_00-51-06,DASH/USD,25.0,133.0291309,132.97,0.011112396886299914,-0.051577603113700084,0.06269,False,Bittrex,Binance US
127,01-14-2021_00-51-18,DASH/USD,25.0,133.06,133.001,0.011085224710656377,-0.07391477528934363,0.085,False,Binance US,Kraken
128,01-14-2021_00-51-30,DASH/USD,25.0,133.06,133.001,0.011085224710656377,-0.07391477528934363,0.085,False,Binance US,Kraken
129,01-14-2021_00-51-41,DASH/USD,25.0,133.06,133.001,0.011085224710656377,-0.07391477528934363,0.085,False,Binance US,Kraken
130,01-14-2021_00-51-52,DASH/USD,25.0,133.03,132.925,0.019732391189955227,-0.13026760881004476,0.15,False,Binance US,Coinbase Pro
131,01-14-2021_00-52-04,DASH/USD,25.0,133.001,132.825,0.03308245802663441,-0.1519175419733656,0.185,False,Kraken,Coinbase Pro
132,01-14-2021_00-52-16,DASH/USD,25.0,133.001,132.704,0.055826647919939895,-0.1291733520800601,0.185,False,Kraken,Coinbase Pro
133,01-14-2021_00-52-26,DASH/USD,25.0,133.001,132.754,0.046428222344195545,-0.13857177765580445,0.185,False,Kraken,Coinbase Pro
134,01-14-2021_00-52-38,DASH/USD,25.0,132.83969704,132.72,0.022526594584893346,-0.04016340541510665,0.06269,False,Bittrex,Binance US
135,01-14-2021_00-52-50,DASH/USD,25.0,132.9872379,132.87,0.022039314044583244,-0.04065068595541675,0.06269,False,Bittrex,Binance US
136,01-14-2021_00-53-02,DASH/USD,25.0,132.9872378,132.824,0.0306867415814524,-0.1518132584185476,0.1825,False,Bittrex,Coinbase Pro
137,01-14-2021_00-53-13,DASH/USD,25.0,132.98723773,132.749,0.04478582570526346,-0.13771417429473654,0.1825,False,Bittrex,Coinbase Pro
138,01-14-2021_00-53-25,DASH/USD,25.0,132.85488458,132.632,0.041941359684405585,-0.1405586403155944,0.1825,False,Bittrex,Coinbase Pro
139,01-14-2021_00-53-37,DASH/USD,25.0,132.91,132.632,0.05229102400120224,-0.09770897599879776,0.15,False,Binance US,Coinbase Pro
140,01-14-2021_00-53-47,DASH/USD,25.0,132.91,132.622,0.05417199608757477,-0.09582800391242523,0.15,False,Binance US,Coinbase Pro
141,01-14-2021_00-53-59,DASH/USD,25.0,132.730545,132.629,0.01912615517400606,-0.16337384482599393,0.1825,False,Bittrex,Coinbase Pro
142,01-14-2021_00-54-11,DASH/USD,25.0,132.73054495,132.603,0.02402328530483189,-0.1584767146951681,0.1825,False,Bittrex,Coinbase Pro
143,01-14-2021_00-54-22,DASH/USD,25.0,132.54269146,132.315,0.04294681537923638,-0.1395531846207636,0.1825,False,Bittrex,Coinbase Pro
144,01-14-2021_00-54-34,DASH/USD,25.0,132.54269142,132.459,0.015785747803854284,-0.16671425219614572,0.1825,False,Bittrex,Coinbase Pro
145,01-14-2021_00-54-46,DASH/USD,25.0,132.70602719,132.587,0.022423094210630986,-0.160076905789369,0.1825,False,Bittrex,Coinbase Pro
146,01-14-2021_00-54-57,DASH/USD,25.0,132.7060271,132.585,0.02279984990975441,-0.1047001500902456,0.1275,False,Bittrex,Kraken
147,01-14-2021_00-55-09,DASH/USD,25.0,132.70602703,132.64,0.012438589165413088,-0.1700614108345869,0.1825,False,Bittrex,Coinbase Pro
148,01-14-2021_00-55-19,DASH/USD,25.0,132.70477642,132.569,0.025578661081928925,-0.15692133891807108,0.1825,False,Bittrex,Coinbase Pro
149,01-14-2021_00-55-30,DASH/USD,25.0,132.70477639,132.529,0.033114179229583415,-0.14938582077041657,0.1825,False,Bittrex,Coinbase Pro
150,01-14-2021_00-55-44,DASH/USD,25.0,132.70477636,132.59,0.021622499797717073,-0.10587750020228293,0.1275,False,Bittrex,Kraken
151,01-14-2021_00-55-55,DASH/USD,25.0,132.70477627,132.62,0.015970840007202683,-0.04671915999279731,0.06269,False,Bittrex,Binance US
152,01-14-2021_00-56-07,DASH/USD,25.0,132.842,132.65,0.03613315066018414,-0.14886684933981587,0.185,False,Coinbase Pro,Kraken
153,01-14-2021_00-56-18,DASH/USD,25.0,132.821,132.65,0.03218617537889194,-0.15281382462110804,0.185,False,Coinbase Pro,Kraken
154,01-14-2021_00-56-29,DASH/USD,25.0,132.91,132.65,0.048905274245728485,-0.046094725754271516,0.095,False,Binance US,Kraken
155,01-14-2021_00-56-43,DASH/USD,25.0,132.91,132.65,0.048905274245728485,-0.046094725754271516,0.095,False,Binance US,Kraken
156,01-14-2021_00-56-54,DASH/USD,25.0,132.93,132.65,0.05265929436545571,-0.04234070563454429,0.095,False,Binance US,Kraken
157,01-14-2021_00-57-06,DASH/USD,25.0,132.88,132.65,0.043272125225765685,-0.04172787477423432,0.085,False,Binance US,Kraken
158,01-14-2021_00-57-19,DASH/USD,25.0,132.87,132.65,0.04139384360653249,-0.05360615639346751,0.095,False,Binance US,Kraken
159,01-14-2021_00-57-30,DASH/USD,25.0,132.82,132.65,0.03199819304321403,-0.06300180695678598,0.095,False,Binance US,Kraken
160,01-14-2021_00-57-41,DASH/USD,25.0,132.82,132.65,0.03199819304321403,-0.06300180695678598,0.095,False,Binance US,Kraken
161,01-14-2021_00-57-52,DASH/USD,25.0,132.86,132.65,0.039515279241308134,-0.05548472075869187,0.095,False,Binance US,Kraken
162,01-14-2021_00-58-03,DASH/USD,25.0,132.8,132.65,0.02823795180722998,-0.06676204819277001,0.095,False,Binance US,Kraken
163,01-14-2021_00-58-16,DASH/USD,25.0,132.9,132.65,0.04702784048156509,-0.04797215951843491,0.095,False,Binance US,Kraken
164,01-14-2021_00-58-27,DASH/USD,25.0,132.87,132.65,0.04139384360653249,-0.05360615639346751,0.095,False,Binance US,Kraken
165,01-14-2021_00-58-42,DASH/USD,25.0,132.9,132.553,0.06527464258841392,-0.02972535741158608,0.095,False,Binance US,Kraken
166,01-14-2021_00-58-53,DASH/USD,25.0,132.77,132.65,0.02259546584318832,-0.062404534156811686,0.085,False,Binance US,Kraken
167,01-14-2021_00-59-05,DASH/USD,25.0,132.76,132.65,0.02071407050316082,-0.06428592949683919,0.085,False,Binance US,Kraken
168,01-14-2021_00-59-16,DASH/USD,25.0,132.76,132.65,0.02071407050316082,-0.06428592949683919,0.085,False,Binance US,Kraken
169,01-14-2021_00-59-27,DASH/USD,25.0,132.91,132.65,0.048905274245728485,-0.046094725754271516,0.095,False,Binance US,Kraken
170,01-14-2021_00-59-39,DASH/USD,25.0,132.88,132.65,0.043272125225765685,-0.04172787477423432,0.085,False,Binance US,Kraken
171,01-14-2021_00-59-49,DASH/USD,25.0,132.87,132.65,0.04139384360653249,-0.05360615639346751,0.095,False,Binance US,Kraken
172,01-14-2021_01-00-03,DASH/USD,25.0,132.85,132.65,0.037636432066237985,-0.057363567933762016,0.095,False,Binance US,Kraken
173,01-14-2021_01-00-15,DASH/USD,25.0,132.88,132.65,0.043272125225765685,-0.04172787477423432,0.085,False,Binance US,Kraken
174,01-14-2021_01-00-26,DASH/USD,25.0,132.83,132.65,0.03387788903109366,-0.061122110968906344,0.095,False,Binance US,Kraken
175,01-14-2021_01-00-38,DASH/USD,25.0,132.92,132.65,0.05078242551910582,-0.04421757448089418,0.095,False,Binance US,Kraken
176,01-14-2021_01-01-00,DASH/USD,25.0,132.59684906,132.523,0.013923607635389234,-0.11357639236461077,0.1275,False,Bittrex,Kraken
177,01-14-2021_01-01-12,DASH/USD,25.0,132.50411364,132.351,0.028888469156514072,-0.09861153084348592,0.1275,False,Bittrex,Kraken
178,01-14-2021_01-01-24,DASH/USD,25.0,132.42,132.254,0.03133967678598339,-0.1186603232140166,0.15,False,Binance US,Coinbase Pro
179,01-14-2021_01-01-37,DASH/USD,25.0,132.41840496,132.276,0.026885416729458777,-0.15561458327054123,0.1825,False,Bittrex,Coinbase Pro
180,01-14-2021_01-01-48,DASH/USD,25.0,132.4184049,132.273,0.0274517919374244,-0.1550482080625756,0.1825,False,Bittrex,Coinbase Pro
181,01-14-2021_01-02-01,DASH/USD,25.0,132.51,132.389,0.022828465776164236,-0.12717153422383576,0.15,False,Binance US,Coinbase Pro
182,01-14-2021_01-02-14,DASH/USD,25.0,132.46,132.319,0.026611807338068012,-0.158388192661932,0.185,False,Kraken,Coinbase Pro
183,01-14-2021_01-02-26,DASH/USD,25.0,132.436,132.229,0.039075477966714796,-0.1459245220332852,0.185,False,Kraken,Coinbase Pro
184,01-14-2021_01-02-39,DASH/USD,25.0,132.407,132.264,0.027000083077178823,-0.15799991692282117,0.185,False,Kraken,Coinbase Pro
185,01-14-2021_01-02-51,DASH/USD,25.0,132.51,132.199,0.058674816994939746,-0.10132518300506026,0.16,False,Binance US,Coinbase Pro
186,01-14-2021_01-03-04,DASH/USD,25.0,132.433,132.199,0.044173280073693956,-0.15082671992630606,0.195,False,Kraken,Coinbase Pro
187,01-14-2021_01-03-18,DASH/USD,25.0,132.405,132.341,0.01208413579547467,-0.17291586420452532,0.185,False,Kraken,Coinbase Pro
188,01-14-2021_01-03-31,DASH/USD,25.0,132.48,132.24,0.045289855072460125,-0.09471014492753986,0.13999999999999999,False,Binance US,Coinbase Pro
189,01-14-2021_01-03-44,DASH/USD,25.0,132.48,132.244,0.04453502415458749,-0.0954649758454125,0.13999999999999999,False,Binance US,Coinbase Pro
190,01-14-2021_01-03-57,DASH/USD,25.0,132.48,132.211,0.05076237922704881,-0.08923762077295118,0.13999999999999999,False,Binance US,Coinbase Pro
191,01-14-2021_01-04-10,DASH/USD,25.0,132.48,132.183,0.05604619565217336,-0.08395380434782662,0.13999999999999999,False,Binance US,Coinbase Pro
192,01-14-2021_01-04-35,DASH/USD,25.0,132.0,131.552,0.08484848484848627,-0.06515151515151373,0.15,False,Binance US,Coinbase Pro
193,01-14-2021_01-04-48,DASH/USD,25.0,131.75260433,131.261,0.09328171016048432,-0.08921828983951567,0.1825,False,Bittrex,Coinbase Pro
194,01-14-2021_01-05-00,DASH/USD,25.0,131.6489491,131.189,0.08734386091655043,-0.09515613908344957,0.1825,False,Bittrex,Coinbase Pro
195,01-14-2021_01-05-13,DASH/USD,25.0,131.284,131.18035741,0.019736333064195304,-0.10776366693580469,0.1275,False,Kraken,Bittrex
196,01-14-2021_01-05-26,DASH/USD,25.0,131.74,131.266,0.08994990132078676,-0.06005009867921324,0.15,False,Binance US,Coinbase Pro
197,01-14-2021_01-05-38,DASH/USD,25.0,131.58,131.266,0.059659522723822266,-0.08034047727617771,0.13999999999999999,False,Binance US,Coinbase Pro
198,01-14-2021_01-05-49,DASH/USD,25.0,131.99,131.6489491,0.06459786726267124,-0.027902132737328764,0.0925,False,Binance US,Bittrex
199,01-14-2021_01-06-12,DASH/USD,25.0,132.3,131.805,0.09353741496598725,-0.04646258503401274,0.13999999999999999,False,Binance US,Coinbase Pro
200,01-14-2021_01-06-24,DASH/USD,25.0,132.49,132.142,0.0656653332326993,-0.0843346667673007,0.15,False,Binance US,Coinbase Pro
201,01-14-2021_01-06-37,DASH/USD,25.0,132.43,132.237,0.036434342671602366,-0.058565657328397636,0.095,False,Binance US,Kraken
202,01-14-2021_01-06-50,DASH/USD,25.0,132.42,132.284,0.025675879776468,-0.069324120223532,0.095,False,Binance US,Kraken
203,01-14-2021_01-07-02,DASH/USD,25.0,133.09,132.289,0.1504620933203126,0.0554620933203126,0.095,True,Binance US,Kraken
204,01-14-2021_01-07-17,DASH/USD,25.0,132.69,132.438,0.047479086592812116,-0.047520913407187886,0.095,False,Binance US,Kraken
205,01-14-2021_01-07-30,DASH/USD,25.0,132.69,132.438,0.047479086592812116,-0.047520913407187886,0.095,False,Binance US,Kraken
206,01-14-2021_01-07-42,DASH/USD,25.0,132.69,132.355,0.06311703971663425,-0.08688296028336574,0.15,False,Binance US,Coinbase Pro
207,01-14-2021_01-08-05,DASH/USD,25.0,132.67,132.438,0.04371749453531306,-0.05128250546468694,0.095,False,Binance US,Kraken
208,01-14-2021_01-08-16,DASH/USD,25.0,132.67,132.438,0.04371749453531306,-0.05128250546468694,0.095,False,Binance US,Kraken
209,01-14-2021_01-08-27,DASH/USD,25.0,132.67,132.438,0.04371749453531306,-0.05128250546468694,0.095,False,Binance US,Kraken
210,01-14-2021_01-08-39,DASH/USD,25.0,132.66,132.438,0.04183627317955835,-0.053163726820441654,0.095,False,Binance US,Kraken
211,01-14-2021_01-09-01,DASH/USD,25.0,132.59206408,132.15,0.08335040318349542,0.02066040318349542,0.06269,True,Bittrex,Binance US
212,01-14-2021_01-09-13,DASH/USD,25.0,132.59206399,132.438,0.02904849380948719,-0.09845150619051281,0.1275,False,Bittrex,Kraken
213,01-14-2021_01-09-25,DASH/USD,25.0,132.66,132.438,0.04183627317955835,-0.053163726820441654,0.095,False,Binance US,Kraken
214,01-14-2021_01-09-37,DASH/USD,25.0,132.86,132.438,0.07940689447539241,-0.01559310552460759,0.095,False,Binance US,Kraken
215,01-14-2021_01-09-49,DASH/USD,25.0,132.77,132.438,0.06251412216615614,-0.02248587783384387,0.085,False,Binance US,Kraken
216,01-14-2021_01-10-01,DASH/USD,25.0,132.72479797,132.438,0.05402117283027144,-0.07347882716972856,0.1275,False,Bittrex,Kraken
217,01-14-2021_01-10-12,DASH/USD,25.0,132.6,132.359,0.045437405731520636,-0.10456259426847936,0.15,False,Binance US,Coinbase Pro
218,01-14-2021_01-10-23,DASH/USD,25.0,132.47,132.167,0.05718275836038297,-0.09281724163961702,0.15,False,Binance US,Coinbase Pro
219,01-14-2021_01-10-47,DASH/USD,25.0,131.9389005,131.638,0.05701512193516862,-0.12548487806483138,0.1825,False,Bittrex,Coinbase Pro
220,01-14-2021_01-10-58,DASH/USD,25.0,131.85856429,131.653,0.03897439106570078,-0.14352560893429922,0.1825,False,Bittrex,Coinbase Pro
221,01-14-2021_01-11-10,DASH/USD,25.0,131.85856421,131.668,0.036130419579060366,-0.09136958042093964,0.1275,False,Bittrex,Kraken
222,01-14-2021_01-11-22,DASH/USD,25.0,132.01,131.693,0.060033330808268094,-0.0799666691917319,0.13999999999999999,False,Binance US,Coinbase Pro
223,01-14-2021_01-11-46,DASH/USD,25.0,131.89,131.676,0.0405641064523464,-0.1094358935476536,0.15,False,Binance US,Coinbase Pro
224,01-14-2021_01-12-10,DASH/USD,25.0,131.82176812,131.627,0.036937776434369074,-0.14556222356563092,0.1825,False,Bittrex,Coinbase Pro
225,01-14-2021_01-12-23,DASH/USD,25.0,131.66,131.359,0.05715479264772667,-0.09284520735227333,0.15,False,Binance US,Coinbase Pro
226,01-14-2021_01-12-36,DASH/USD,25.0,131.62,131.318,0.05736210302385513,-0.09263789697614486,0.15,False,Binance US,Coinbase Pro
227,01-14-2021_01-12-58,DASH/USD,25.0,131.47480146,131.114,0.0686065801190381,-0.1138934198809619,0.1825,False,Bittrex,Coinbase Pro
228,01-14-2021_01-13-11,DASH/USD,25.0,131.29,131.001,0.055030847741638224,-0.09496915225836178,0.15,False,Binance US,Coinbase Pro
229,01-14-2021_01-13-24,DASH/USD,25.0,131.06,130.801,0.049404852739206195,-0.1005951472607938,0.15,False,Binance US,Coinbase Pro
230,01-14-2021_01-13-46,DASH/USD,25.0,130.64535632,130.499,0.028006414487766643,-0.15449358551223336,0.1825,False,Bittrex,Coinbase Pro
231,01-14-2021_01-14-00,DASH/USD,25.0,130.779,130.499,0.053525413101492045,-0.13147458689850794,0.185,False,Kraken,Coinbase Pro
232,01-14-2021_01-14-13,DASH/USD,25.0,130.71,130.578,0.02524672940096492,-0.15975327059903507,0.185,False,Kraken,Coinbase Pro
233,01-14-2021_01-14-36,DASH/USD,25.0,130.96906602,130.843,0.0240640831898376,-0.1584359168101624,0.1825,False,Bittrex,Coinbase Pro
234,01-14-2021_01-14-47,DASH/USD,25.0,131.07,130.921,0.028419928282597262,-0.13158007171740274,0.16,False,Binance US,Coinbase Pro
235,01-14-2021_01-14-58,DASH/USD,25.0,131.02,130.957,0.012021065486188481,-0.08297893451381153,0.095,False,Binance US,Kraken
236,01-14-2021_01-15-12,DASH/USD,25.0,131.571,131.405,0.03154190513106931,-0.1534580948689307,0.185,False,Kraken,Coinbase Pro
237,01-14-2021_01-15-23,DASH/USD,25.0,131.542,131.379,0.030978698818630343,-0.15402130118136964,0.185,False,Kraken,Coinbase Pro
238,01-14-2021_01-15-35,DASH/USD,25.0,131.67,131.57,0.018986861092123174,-0.06601313890787683,0.085,False,Binance US,Kraken
239,01-14-2021_01-15-47,DASH/USD,25.0,131.83,131.578,0.04778881893347674,-0.047211181066523264,0.095,False,Binance US,Kraken
240,01-14-2021_01-16-09,DASH/USD,25.0,131.97,131.747,0.04224444949609471,-0.05275555050390529,0.095,False,Binance US,Kraken
241,01-14-2021_01-16-21,DASH/USD,25.0,131.97,131.747,0.04224444949609471,-0.05275555050390529,0.095,False,Binance US,Kraken
242,01-14-2021_01-16-33,DASH/USD,25.0,132.33420876,132.12,0.04046738216957906,-0.08703261783042093,0.1275,False,Bittrex,Kraken
243,01-14-2021_01-16-45,DASH/USD,25.0,132.32717744,132.12,0.03914113563216222,-0.08835886436783778,0.1275,False,Bittrex,Kraken
244,01-14-2021_01-16-58,DASH/USD,25.0,132.32717736,132.12,0.039141120541771005,-0.088358879458229,0.1275,False,Bittrex,Kraken
245,01-14-2021_01-17-10,DASH/USD,25.0,132.32717726,132.12,0.039141101678784644,-0.08835889832121535,0.1275,False,Bittrex,Kraken
246,01-14-2021_01-17-22,DASH/USD,25.0,132.32717714,132.12,0.03914107904319776,-0.08835892095680224,0.1275,False,Bittrex,Kraken
247,01-14-2021_01-17-36,DASH/USD,25.0,132.29228549,132.12,0.0325577355780565,-0.0949422644219435,0.1275,False,Bittrex,Kraken
248,01-14-2021_01-17-48,DASH/USD,25.0,132.29228542,132.12,0.032557722366999484,-0.09494227763300052,0.1275,False,Bittrex,Kraken
249,01-14-2021_01-18-11,DASH/USD,25.0,132.22,131.795,0.08035849342005963,-0.05964150657994036,0.13999999999999999,False,Binance US,Coinbase Pro
250,01-14-2021_01-18-35,DASH/USD,25.0,131.88,131.618,0.04966636336063097,-0.10033363663936903,0.15,False,Binance US,Coinbase Pro
251,01-14-2021_01-18-48,DASH/USD,25.0,131.88,131.561,0.06047164088565143,-0.08952835911434856,0.15,False,Binance US,Coinbase Pro
252,01-14-2021_01-19-00,DASH/USD,25.0,131.88,131.512,0.06976038823172487,-0.08023961176827513,0.15,False,Binance US,Coinbase Pro
253,01-14-2021_01-19-16,DASH/USD,25.0,131.72,131.49,0.04365320376556137,-0.10634679623443863,0.15,False,Binance US,Coinbase Pro
254,01-14-2021_01-19-28,DASH/USD,25.0,131.42,131.063,0.06791203774159173,-0.09208796225840828,0.16,False,Binance US,Coinbase Pro
255,01-14-2021_01-19-52,DASH/USD,25.0,131.1,130.819,0.053585049580474046,-0.041414950419525955,0.095,False,Binance US,Kraken
256,01-14-2021_01-20-07,DASH/USD,25.0,131.09,130.886,0.038904569379816865,-0.10109543062018311,0.13999999999999999,False,Binance US,Coinbase Pro
257,01-14-2021_01-20-30,DASH/USD,25.0,131.09,130.823,0.050919215805934066,-0.08908078419406593,0.13999999999999999,False,Binance US,Coinbase Pro
258,01-14-2021_01-20-44,DASH/USD,25.0,131.09,130.835,0.04863071172476837,-0.09136928827523161,0.13999999999999999,False,Binance US,Coinbase Pro
259,01-14-2021_01-21-07,DASH/USD,25.0,131.09,130.868,0.04233732550156541,-0.09766267449843458,0.13999999999999999,False,Binance US,Coinbase Pro
260,01-14-2021_01-21-20,DASH/USD,25.0,131.28,131.15,0.024756246191345876,-0.12524375380865413,0.15,False,Binance US,Coinbase Pro
261,01-14-2021_01-21-33,DASH/USD,25.0,131.28,131.145,0.025708409506396808,-0.1242915904936032,0.15,False,Binance US,Coinbase Pro
262,01-14-2021_01-21-56,DASH/USD,25.0,131.28,131.131,0.028374466788543745,-0.12162553321145625,0.15,False,Binance US,Coinbase Pro
263,01-14-2021_01-22-09,DASH/USD,25.0,131.28,131.148,0.025137111517368412,-0.15986288848263158,0.185,False,Kraken,Coinbase Pro
264,01-14-2021_01-22-21,DASH/USD,25.0,131.28,131.114,0.03161182205971908,-0.11838817794028092,0.15,False,Binance US,Coinbase Pro
265,01-14-2021_01-22-33,DASH/USD,25.0,131.27,131.161,0.020758741525102625,-0.07424125847489738,0.095,False,Binance US,Kraken
266,01-14-2021_01-22-44,DASH/USD,25.0,131.55153566,131.335,0.041150348210234874,-0.1413496517897651,0.1825,False,Bittrex,Coinbase Pro
267,01-14-2021_01-22-54,DASH/USD,25.0,131.627,131.465,0.03076876324766312,-0.15423123675233688,0.185,False,Kraken,Coinbase Pro
268,01-14-2021_01-23-07,DASH/USD,25.0,131.72,131.484,0.04479198299422829,-0.1052080170057717,0.15,False,Binance US,Coinbase Pro
269,01-14-2021_01-23-19,DASH/USD,25.0,131.72,131.347,0.07079410871545522,-0.07920589128454478,0.15,False,Binance US,Coinbase Pro
270,01-14-2021_01-23-30,DASH/USD,25.0,131.72,131.347,0.07079410871545522,-0.07920589128454478,0.15,False,Binance US,Coinbase Pro
271,01-14-2021_01-23-43,DASH/USD,25.0,131.72,131.565,0.029418463407227667,-0.06558153659277233,0.095,False,Binance US,Kraken
272,01-14-2021_01-23-55,DASH/USD,25.0,131.72,131.565,0.029418463407227667,-0.06558153659277233,0.095,False,Binance US,Kraken
273,01-14-2021_01-24-07,DASH/USD,25.0,131.88,131.565,0.059713375796177914,-0.03528662420382209,0.095,False,Binance US,Kraken
274,01-14-2021_01-24-19,DASH/USD,25.0,131.81,131.583,0.043054396479782236,-0.09694560352021775,0.13999999999999999,False,Binance US,Coinbase Pro
275,01-14-2021_01-24-31,DASH/USD,25.0,131.75,131.565,0.03510436432637614,-0.11489563567362385,0.15,False,Binance US,Coinbase Pro
276,01-14-2021_01-24-43,DASH/USD,25.0,131.72,131.563,0.02979805648345177,-0.12020194351654823,0.15,False,Binance US,Coinbase Pro
277,01-14-2021_01-24-55,DASH/USD,25.0,131.86,131.55,0.05877445775822885,-0.09122554224177115,0.15,False,Binance US,Coinbase Pro
278,01-14-2021_01-25-09,DASH/USD,25.0,131.86,131.531,0.06237676323373421,-0.0876232367662658,0.15,False,Binance US,Coinbase Pro
279,01-14-2021_01-25-20,DASH/USD,25.0,131.86,131.555,0.057826482633097,-0.09217351736690299,0.15,False,Binance US,Coinbase Pro
280,01-14-2021_01-25-33,DASH/USD,25.0,131.85,131.534,0.05991657186196483,-0.08008342813803515,0.13999999999999999,False,Binance US,Coinbase Pro
281,01-14-2021_01-25-54,DASH/USD,25.0,131.85,131.549,0.05707243079256498,-0.082927569207435,0.13999999999999999,False,Binance US,Coinbase Pro
282,01-14-2021_01-26-06,DASH/USD,25.0,131.85,131.55,0.056882821387937606,-0.08311717861206239,0.13999999999999999,False,Binance US,Coinbase Pro
283,01-14-2021_01-26-17,DASH/USD,25.0,131.85,131.583,0.05062571103526657,-0.08937428896473341,0.13999999999999999,False,Binance US,Coinbase Pro
284,01-14-2021_01-26-29,DASH/USD,25.0,131.85,131.583,0.05062571103526657,-0.08937428896473341,0.13999999999999999,False,Binance US,Coinbase Pro
285,01-14-2021_01-26-41,DASH/USD,25.0,131.85,131.583,0.05062571103526657,-0.08937428896473341,0.13999999999999999,False,Binance US,Coinbase Pro
286,01-14-2021_01-26-52,DASH/USD,25.0,132.05,131.627,0.08008330177962926,-0.014916698220370742,0.095,False,Binance US,Kraken
287,01-14-2021_01-27-05,DASH/USD,25.0,132.05,131.777,0.05168496781522615,-0.04331503218477385,0.095,False,Binance US,Kraken
288,01-14-2021_01-27-27,DASH/USD,25.0,132.05,131.777,0.05168496781522615,-0.04331503218477385,0.095,False,Binance US,Kraken
289,01-14-2021_01-27-37,DASH/USD,25.0,132.05,131.777,0.05168496781522615,-0.04331503218477385,0.095,False,Binance US,Kraken
290,01-14-2021_01-27-47,DASH/USD,25.0,132.25,131.777,0.08941398865784748,-0.0055860113421525165,0.095,False,Binance US,Kraken
291,01-14-2021_01-27-59,DASH/USD,25.0,132.52952894,132.228,0.05687957665202827,-0.12562042334797172,0.1825,False,Bittrex,Coinbase Pro
292,01-14-2021_01-28-12,DASH/USD,25.0,132.52952884,132.415,0.02160440035561582,-0.16089559964438419,0.1825,False,Bittrex,Coinbase Pro
293,01-14-2021_01-28-25,DASH/USD,25.0,132.52952883,132.29,0.04518404919164531,-0.13731595080835468,0.1825,False,Bittrex,Coinbase Pro
294,01-14-2021_01-28-37,DASH/USD,25.0,132.52952876,132.168,0.06819777512653377,-0.11430222487346622,0.1825,False,Bittrex,Coinbase Pro
295,01-14-2021_01-28-49,DASH/USD,25.0,132.25,131.994,0.04839319470699437,-0.04660680529300563,0.095,False,Binance US,Kraken
296,01-14-2021_01-29-12,DASH/USD,25.0,132.24,131.794,0.08431639443436137,-0.055683605565638616,0.13999999999999999,False,Binance US,Coinbase Pro
297,01-14-2021_01-29-24,DASH/USD,25.0,132.24,131.869,0.07013762855414574,-0.01486237144585427,0.085,False,Binance US,Kraken
298,01-14-2021_01-29-36,DASH/USD,25.0,132.24,131.851,0.07354053236539813,-0.011459467634601872,0.085,False,Binance US,Kraken
299,01-14-2021_01-29-48,DASH/USD,25.0,132.44,131.978,0.08720930232557933,-0.052790697674420656,0.13999999999999999,False,Binance US,Coinbase Pro
300,01-14-2021_01-29-59,DASH/USD,25.0,132.44,132.003,0.08249018423437252,-0.0025098157656274905,0.085,False,Binance US,Kraken
301,01-14-2021_01-30-10,DASH/USD,25.0,132.46,132.003,0.08625245357089349,-0.00874754642910651,0.095,False,Binance US,Kraken
302,01-14-2021_01-30-23,DASH/USD,25.0,132.45,132.003,0.08437146092865284,-0.010628539071347157,0.095,False,Binance US,Kraken
303,01-14-2021_01-30-36,DASH/USD,25.0,132.39,131.98,0.07742276606994422,-0.06257723393005576,0.13999999999999999,False,Binance US,Coinbase Pro
304,01-14-2021_01-30-48,DASH/USD,25.0,132.39,132.003,0.07307953772943585,-0.011920462270564161,0.085,False,Binance US,Kraken
305,01-14-2021_01-31-13,DASH/USD,25.0,132.04,131.711,0.06229172977885098,-0.07770827022114901,0.13999999999999999,False,Binance US,Coinbase Pro
306,01-14-2021_01-31-26,DASH/USD,25.0,132.04,131.666,0.07081187518933567,-0.06918812481066432,0.13999999999999999,False,Binance US,Coinbase Pro
307,01-14-2021_01-31-52,DASH/USD,25.0,132.04,131.651,0.07365192365949363,-0.06634807634050635,0.13999999999999999,False,Binance US,Coinbase Pro
308,01-14-2021_01-32-15,DASH/USD,25.0,131.87,131.569,0.057063774929858216,-0.09293622507014178,0.15,False,Binance US,Coinbase Pro
309,01-14-2021_01-32-29,DASH/USD,25.0,131.73,131.425,0.05788354968495757,-0.08211645031504242,0.13999999999999999,False,Binance US,Coinbase Pro
310,01-14-2021_01-32-53,DASH/USD,25.0,131.73,131.306,0.0804676231685983,-0.05953237683140168,0.13999999999999999,False,Binance US,Coinbase Pro
311,01-14-2021_01-33-08,DASH/USD,25.0,131.73,131.179,0.10456995369315793,-0.03543004630684206,0.13999999999999999,False,Binance US,Coinbase Pro
312,01-14-2021_01-33-21,DASH/USD,25.0,131.73,131.152,0.10969407120625578,-0.030305928793744205,0.13999999999999999,False,Binance US,Coinbase Pro
313,01-14-2021_01-33-34,DASH/USD,25.0,131.73,131.133,0.11329993167842936,-0.026700068321570625,0.13999999999999999,False,Binance US,Coinbase Pro
314,01-14-2021_01-33-58,DASH/USD,25.0,131.43,131.068,0.06885794719622514,-0.08114205280377486,0.15,False,Binance US,Coinbase Pro
315,01-14-2021_01-34-10,DASH/USD,25.0,131.43,131.072,0.06809708590124097,-0.08190291409875902,0.15,False,Binance US,Coinbase Pro
316,01-14-2021_01-34-22,DASH/USD,25.0,131.58,131.343,0.0450296397628863,-0.03997036023711371,0.085,False,Binance US,Kraken
317,01-14-2021_01-34-33,DASH/USD,25.0,131.78359559,131.569,0.040709844999915146,-0.14179015500008485,0.1825,False,Bittrex,Coinbase Pro
318,01-14-2021_01-34-45,DASH/USD,25.0,131.87,131.621,0.047205581254264654,-0.04779441874573535,0.095,False,Binance US,Kraken
319,01-14-2021_01-34-57,DASH/USD,25.0,131.87,131.62,0.047395161901873054,-0.10260483809812694,0.15,False,Binance US,Coinbase Pro
320,01-14-2021_01-35-09,DASH/USD,25.0,131.87,131.609,0.04948054902555465,-0.10051945097444534,0.15,False,Binance US,Coinbase Pro
321,01-14-2021_01-35-20,DASH/USD,25.0,131.87,131.603,0.050618032911199644,-0.09938196708880034,0.15,False,Binance US,Coinbase Pro
322,01-14-2021_01-35-32,DASH/USD,25.0,131.66,131.293,0.06968707276317603,-0.08031292723682397,0.15,False,Binance US,Coinbase Pro
323,01-14-2021_01-35-56,DASH/USD,25.0,131.51,131.093,0.0792715382860622,-0.07072846171393779,0.15,False,Binance US,Coinbase Pro
324,01-14-2021_01-36-09,DASH/USD,25.0,131.51,131.063,0.08497452665196616,-0.07502547334803385,0.16,False,Binance US,Coinbase Pro
325,01-14-2021_01-36-33,DASH/USD,25.0,131.51,131.048,0.08782602083491543,-0.06217397916508456,0.15,False,Binance US,Coinbase Pro
326,01-14-2021_01-36-45,DASH/USD,25.0,131.29,130.97,0.06093381064818212,-0.08906618935181787,0.15,False,Binance US,Coinbase Pro
327,01-14-2021_01-37-08,DASH/USD,25.0,131.14,130.886,0.04842153423821693,-0.09157846576178305,0.13999999999999999,False,Binance US,Coinbase Pro
328,01-14-2021_01-37-22,DASH/USD,25.0,131.14,130.843,0.056618880585633115,-0.02838111941436689,0.085,False,Binance US,Kraken
329,01-14-2021_01-37-46,DASH/USD,25.0,131.07,130.843,0.04329747463187684,-0.05170252536812316,0.095,False,Binance US,Kraken
330,01-14-2021_01-37-57,DASH/USD,25.0,131.28,130.843,0.08321907373552938,-0.011780926264470623,0.095,False,Binance US,Kraken
331,01-14-2021_01-38-21,DASH/USD,25.0,131.4,131.012,0.07382039573820495,-0.07617960426179504,0.15,False,Binance US,Coinbase Pro
332,01-14-2021_01-38-32,DASH/USD,25.0,131.4,131.073,0.06221461187214577,-0.08778538812785422,0.15,False,Binance US,Coinbase Pro
333,01-14-2021_01-38-44,DASH/USD,25.0,131.4,131.073,0.06221461187214577,-0.08778538812785422,0.15,False,Binance US,Coinbase Pro
334,01-14-2021_01-38-56,DASH/USD,25.0,131.65,131.17,0.09115077857957048,-0.05884922142042952,0.15,False,Binance US,Coinbase Pro
335,01-14-2021_01-39-08,DASH/USD,25.0,131.66,131.308,0.06683882728239478,-0.08316117271760522,0.15,False,Binance US,Coinbase Pro
336,01-14-2021_01-39-19,DASH/USD,25.0,131.66,131.394,0.05050888652589836,-0.09949111347410164,0.15,False,Binance US,Coinbase Pro
337,01-14-2021_01-39-31,DASH/USD,25.0,131.66,131.414,0.046711225884856704,-0.10328877411514328,0.15,False,Binance US,Coinbase Pro
338,01-14-2021_01-39-43,DASH/USD,25.0,131.86,131.352,0.09631427271348585,-0.05368572728651415,0.15,False,Binance US,Coinbase Pro
339,01-14-2021_01-40-07,DASH/USD,25.0,131.86,131.493,0.06958137418474493,-0.08041862581525507,0.15,False,Binance US,Coinbase Pro
340,01-14-2021_01-40-18,DASH/USD,25.0,131.86,131.501,0.06806461398453073,-0.02693538601546927,0.095,False,Binance US,Kraken
341,01-14-2021_01-40-30,DASH/USD,25.0,131.86,131.467,0.07451084483543165,-0.07548915516456835,0.15,False,Binance US,Coinbase Pro
342,01-14-2021_01-40-43,DASH/USD,25.0,131.86,131.491,0.06996056423479444,-0.025039435765205564,0.095,False,Binance US,Kraken
343,01-14-2021_01-40-54,DASH/USD,25.0,131.86,131.49,0.07015015925982188,-0.024849840740178125,0.095,False,Binance US,Kraken
344,01-14-2021_01-41-08,DASH/USD,25.0,131.86,131.408,0.08569695131200261,-0.06430304868799738,0.15,False,Binance US,Coinbase Pro
345,01-14-2021_01-41-21,DASH/USD,25.0,131.86,131.49,0.07015015925982188,-0.024849840740178125,0.095,False,Binance US,Kraken
346,01-14-2021_01-41-32,DASH/USD,25.0,131.86,131.477,0.07261489458516794,-0.07738510541483205,0.15,False,Binance US,Coinbase Pro
347,01-14-2021_01-41-44,DASH/USD,25.0,131.86,131.388,0.08948885181253004,-0.06051114818746996,0.15,False,Binance US,Coinbase Pro
348,01-14-2021_01-41-56,DASH/USD,25.0,131.86,131.433,0.08095707568633795,-0.06904292431366205,0.15,False,Binance US,Coinbase Pro
349,01-14-2021_01-42-08,DASH/USD,25.0,131.86,131.372,0.09252237221295304,-0.05747762778704696,0.15,False,Binance US,Coinbase Pro
350,01-14-2021_01-42-19,DASH/USD,25.0,131.86,131.356,0.09555589261338145,-0.05444410738661855,0.15,False,Binance US,Coinbase Pro
351,01-14-2021_01-42-30,DASH/USD,25.0,131.7,131.323,0.07156416097190227,-0.06843583902809772,0.13999999999999999,False,Binance US,Coinbase Pro
352,01-14-2021_01-42-42,DASH/USD,25.0,131.43,131.218,0.040325648634257305,-0.10967435136574269,0.15,False,Binance US,Coinbase Pro
353,01-14-2021_01-43-05,DASH/USD,25.0,131.57,131.299,0.05149350155810341,-0.09850649844189659,0.15,False,Binance US,Coinbase Pro
354,01-14-2021_01-43-17,DASH/USD,25.0,131.7,131.385,0.05979498861047793,-0.08020501138952205,0.13999999999999999,False,Binance US,Coinbase Pro
355,01-14-2021_01-43-29,DASH/USD,25.0,131.7,131.386,0.05960516324980884,-0.08039483675019114,0.13999999999999999,False,Binance US,Coinbase Pro
356,01-14-2021_01-43-42,DASH/USD,25.0,131.7,131.491,0.03967350037964593,-0.04532649962035407,0.085,False,Binance US,Kraken
357,01-14-2021_01-43-53,DASH/USD,25.0,131.71,131.491,0.041568597676712865,-0.04343140232328714,0.085,False,Binance US,Kraken
358,01-14-2021_01-44-05,DASH/USD,25.0,131.71,131.491,0.041568597676712865,-0.04343140232328714,0.085,False,Binance US,Kraken
359,01-14-2021_01-44-18,DASH/USD,25.0,131.71,131.49,0.04175840862500927,-0.043241591374990736,0.085,False,Binance US,Kraken
360,01-14-2021_01-44-41,DASH/USD,25.0,131.87,131.491,0.07185106544323779,-0.023148934556762216,0.095,False,Binance US,Kraken
361,01-14-2021_01-44-53,DASH/USD,25.0,131.63,131.312,0.06039656613233754,-0.07960343386766244,0.13999999999999999,False,Binance US,Coinbase Pro
362,01-14-2021_01-45-05,DASH/USD,25.0,131.49,131.387,0.019583238269071535,-0.13041676173092845,0.15,False,Binance US,Coinbase Pro
363,01-14-2021_01-45-17,DASH/USD,25.0,131.49,131.26,0.04372956118336341,-0.10627043881663659,0.15,False,Binance US,Coinbase Pro
364,01-14-2021_01-45-28,DASH/USD,25.0,131.49,131.1,0.07415012548483055,-0.07584987451516945,0.15,False,Binance US,Coinbase Pro
365,01-14-2021_01-45-39,DASH/USD,25.0,131.49,131.14,0.06654498440946512,-0.08345501559053488,0.15,False,Binance US,Coinbase Pro
366,01-14-2021_01-45-52,DASH/USD,25.0,131.49,131.159,0.06293254239866478,-0.08706745760133522,0.15,False,Binance US,Coinbase Pro
367,01-14-2021_01-46-15,DASH/USD,25.0,131.26,131.087,0.032949870486058554,-0.11705012951394145,0.15,False,Binance US,Coinbase Pro
368,01-14-2021_01-46-28,DASH/USD,25.0,131.26,131.074,0.035425872314486254,-0.11457412768551374,0.15,False,Binance US,Coinbase Pro
369,01-14-2021_01-46-39,DASH/USD,25.0,131.26,131.046,0.04075879932957463,-0.10924120067042536,0.15,False,Binance US,Coinbase Pro
370,01-14-2021_01-47-01,DASH/USD,25.0,131.26,130.993,0.05085326832241275,-0.09914673167758725,0.15,False,Binance US,Coinbase Pro
371,01-14-2021_01-47-15,DASH/USD,25.0,131.49,131.185,0.057989200699674275,-0.09201079930032571,0.15,False,Binance US,Coinbase Pro
372,01-14-2021_01-47-26,DASH/USD,25.0,131.49,131.198,0.05551752985017902,-0.09448247014982097,0.15,False,Binance US,Coinbase Pro
373,01-14-2021_01-47-38,DASH/USD,25.0,131.49,131.145,0.06559434177503971,-0.029405658224960288,0.095,False,Binance US,Kraken
374,01-14-2021_01-47-49,DASH/USD,25.0,131.49,131.15,0.06464369914061971,-0.030356300859380292,0.095,False,Binance US,Kraken
375,01-14-2021_01-48-03,DASH/USD,25.0,131.49,131.16,0.0627424138717797,-0.0322575861282203,0.095,False,Binance US,Kraken
376,01-14-2021_01-48-15,DASH/USD,25.0,131.49,131.16,0.0627424138717797,-0.0872575861282203,0.15,False,Binance US,Coinbase Pro
377,01-14-2021_01-48-38,DASH/USD,25.0,131.29,131.084,0.03922614060476595,-0.11077385939523404,0.15,False,Binance US,Coinbase Pro
378,01-14-2021_01-48-49,DASH/USD,25.0,131.13,130.973,0.029932128422173087,-0.1200678715778269,0.15,False,Binance US,Coinbase Pro
379,01-14-2021_01-49-00,DASH/USD,25.0,131.29,131.006,0.05407875695026122,-0.09592124304973877,0.15,False,Binance US,Coinbase Pro
380,01-14-2021_01-49-12,DASH/USD,25.0,131.15,131.013,0.026115135341212438,-0.12388486465878756,0.15,False,Binance US,Coinbase Pro
381,01-14-2021_01-49-23,DASH/USD,25.0,131.29,131.063,0.04322492192855585,-0.05177507807144415,0.095,False,Binance US,Kraken
382,01-14-2021_01-49-35,DASH/USD,25.0,131.28,131.037,0.046275137111516415,-0.10372486288848358,0.15,False,Binance US,Coinbase Pro
383,01-14-2021_01-49-46,DASH/USD,25.0,131.28,131.035,0.04665600243753896,-0.10334399756246104,0.15,False,Binance US,Coinbase Pro
384,01-14-2021_01-49-58,DASH/USD,25.0,131.48,131.131,0.0663599026467884,-0.0836400973532116,0.15,False,Binance US,Coinbase Pro
385,01-14-2021_01-50-21,DASH/USD,25.0,131.48,131.203,0.052669607544871246,-0.09733039245512876,0.15,False,Binance US,Coinbase Pro
386,01-14-2021_01-50-32,DASH/USD,25.0,131.48,131.148,0.06312747185883665,-0.08687252814116335,0.15,False,Binance US,Coinbase Pro
387,01-14-2021_01-50-45,DASH/USD,25.0,131.48,131.1857397,0.05595153255247768,-0.03654846744752232,0.0925,False,Binance US,Bittrex
388,01-14-2021_01-50-57,DASH/USD,25.0,131.48,131.172,0.05856404015819759,-0.0914359598418024,0.15,False,Binance US,Coinbase Pro
389,01-14-2021_01-51-10,DASH/USD,25.0,131.48,131.157,0.061416184971094294,-0.0885838150289057,0.15,False,Binance US,Coinbase Pro
390,01-14-2021_01-51-21,DASH/USD,25.0,131.48,131.228,0.04791603285670466,-0.04708396714329534,0.095,False,Binance US,Kraken
391,01-14-2021_01-51-33,DASH/USD,25.0,131.48,131.227,0.04810617584423219,-0.10189382415576781,0.15,False,Binance US,Coinbase Pro
392,01-14-2021_01-51-44,DASH/USD,25.0,131.63,131.295,0.06362531337841068,-0.0763746866215893,0.13999999999999999,False,Binance US,Coinbase Pro
393,01-14-2021_01-51-55,DASH/USD,25.0,131.63,131.333,0.0564081136519025,-0.08359188634809749,0.13999999999999999,False,Binance US,Coinbase Pro
394,01-14-2021_01-52-06,DASH/USD,25.0,131.63,131.303,0.0621059029096707,-0.0778940970903293,0.13999999999999999,False,Binance US,Coinbase Pro
395,01-14-2021_01-52-18,DASH/USD,25.0,131.63,131.4,0.04368305097621928,-0.038816949023780724,0.0825,False,Binance US,Bittrex
396,01-14-2021_01-52-28,DASH/USD,25.0,131.75,131.401,0.06622390891840409,-0.028776091081595914,0.095,False,Binance US,Kraken
397,01-14-2021_01-52-40,DASH/USD,25.0,131.75,131.401,0.06622390891840409,-0.028776091081595914,0.095,False,Binance US,Kraken
398,01-14-2021_01-52-51,DASH/USD,25.0,131.75,131.401,0.06622390891840409,-0.028776091081595914,0.095,False,Binance US,Kraken
399,01-14-2021_01-53-03,DASH/USD,25.0,131.75,131.401,0.06622390891840409,-0.028776091081595914,0.095,False,Binance US,Kraken
400,01-14-2021_01-53-14,DASH/USD,25.0,131.75,131.401,0.06622390891840409,-0.028776091081595914,0.095,False,Binance US,Kraken
401,01-14-2021_01-53-26,DASH/USD,25.0,131.6,131.401,0.03780395136777809,-0.05719604863222191,0.095,False,Binance US,Kraken
402,01-14-2021_01-53-37,DASH/USD,25.0,131.6,131.401,0.03780395136777809,-0.05719604863222191,0.095,False,Binance US,Kraken
403,01-14-2021_01-53-47,DASH/USD,25.0,131.6,131.414,0.03533434650456061,-0.11466565349543939,0.15,False,Binance US,Coinbase Pro
404,01-14-2021_01-53-59,DASH/USD,25.0,131.6,131.296,0.05775075987841984,-0.09224924012158014,0.15,False,Binance US,Coinbase Pro
405,01-14-2021_01-54-11,DASH/USD,25.0,131.6,131.351,0.047302431610941345,-0.10269756838905865,0.15,False,Binance US,Coinbase Pro
406,01-14-2021_01-54-21,DASH/USD,25.0,131.59,131.403,0.03552701573068087,-0.05947298426931913,0.095,False,Binance US,Kraken
407,01-14-2021_01-54-32,DASH/USD,25.0,131.59,131.435,0.029447526407781963,-0.06555247359221804,0.095,False,Binance US,Kraken
408,01-14-2021_01-54-43,DASH/USD,25.0,131.59,131.4,0.03609696785469978,-0.05640303214530022,0.0925,False,Binance US,Bittrex
409,01-14-2021_01-54-55,DASH/USD,25.0,131.59,131.4,0.03609696785469978,-0.05640303214530022,0.0925,False,Binance US,Bittrex
410,01-14-2021_01-55-07,DASH/USD,25.0,131.58,131.4,0.03419972640219007,-0.04830027359780993,0.0825,False,Binance US,Bittrex
411,01-14-2021_01-55-18,DASH/USD,25.0,131.58,131.4,0.03419972640219007,-0.04830027359780993,0.0825,False,Binance US,Bittrex
412,01-14-2021_01-55-29,DASH/USD,25.0,131.58,131.4,0.03419972640219007,-0.04830027359780993,0.0825,False,Binance US,Bittrex
413,01-14-2021_01-55-40,DASH/USD,25.0,131.58,131.4,0.03419972640219007,-0.04830027359780993,0.0825,False,Binance US,Bittrex
414,01-14-2021_01-55-50,DASH/USD,25.0,131.58,131.4,0.03419972640219007,-0.04830027359780993,0.0825,False,Binance US,Bittrex
415,01-14-2021_01-56-02,DASH/USD,25.0,131.58,131.4,0.03419972640219007,-0.04830027359780993,0.0825,False,Binance US,Bittrex
416,01-14-2021_01-56-13,DASH/USD,25.0,131.58,131.4,0.03419972640219007,-0.10580027359780991,0.13999999999999999,False,Binance US,Coinbase Pro
417,01-14-2021_01-56-24,DASH/USD,25.0,131.58,131.4,0.03419972640219007,-0.10580027359780991,0.13999999999999999,False,Binance US,Coinbase Pro
418,01-14-2021_01-56-35,DASH/USD,25.0,131.58,131.435,0.027549779601765127,-0.05745022039823488,0.085,False,Binance US,Kraken
419,01-14-2021_01-56-46,DASH/USD,25.0,131.58,131.435,0.027549779601765127,-0.05745022039823488,0.085,False,Binance US,Kraken
420,01-14-2021_01-56-57,DASH/USD,25.0,131.58,131.403,0.033629730962156275,-0.10637026903784372,0.13999999999999999,False,Binance US,Coinbase Pro
421,01-14-2021_01-57-08,DASH/USD,25.0,131.58,131.366,0.04065967472260196,-0.09934032527739803,0.13999999999999999,False,Binance US,Coinbase Pro
422,01-14-2021_01-57-18,DASH/USD,25.0,131.58,131.272,0.058519531843749265,-0.08148046815625072,0.13999999999999999,False,Binance US,Coinbase Pro
423,01-14-2021_01-57-29,DASH/USD,25.0,131.48,131.236,0.046394888956495246,-0.11360511104350476,0.16,False,Binance US,Coinbase Pro
424,01-14-2021_01-57-40,DASH/USD,25.0,131.48,131.252,0.04335260115606561,-0.10664739884393439,0.15,False,Binance US,Coinbase Pro
425,01-14-2021_01-57-51,DASH/USD,25.0,131.45,131.328,0.02320273868390751,-0.12679726131609248,0.15,False,Binance US,Coinbase Pro
426,01-14-2021_01-58-04,DASH/USD,25.0,131.49943633,131.32,0.0341135169487946,-0.0933864830512054,0.1275,False,Bittrex,Kraken
427,01-14-2021_01-58-16,DASH/USD,25.0,131.49943612,131.271,0.04342910637874646,-0.13907089362125352,0.1825,False,Bittrex,Coinbase Pro
428,01-14-2021_01-58-26,DASH/USD,25.0,131.42879086,131.2,0.043519927883175026,-0.13898007211682498,0.1825,False,Bittrex,Coinbase Pro
429,01-14-2021_01-58-38,DASH/USD,25.0,131.42879082,131.2,0.04351992028773662,-0.13898007971226337,0.1825,False,Bittrex,Coinbase Pro
430,01-14-2021_01-58-48,DASH/USD,25.0,131.35,131.2,0.028549676437001462,-0.12145032356299854,0.15,False,Binance US,Coinbase Pro
431,01-14-2021_01-59-00,DASH/USD,25.0,131.4287908,131.272,0.02982428717589826,-0.09767571282410174,0.1275,False,Bittrex,Kraken
432,01-14-2021_01-59-11,DASH/USD,25.0,131.42,131.264,0.029675848424892997,-0.065324151575107,0.095,False,Binance US,Kraken
433,01-14-2021_01-59-22,DASH/USD,25.0,131.48,131.294,0.035366595679947266,-0.11463340432005273,0.15,False,Binance US,Coinbase Pro
434,01-14-2021_01-59-34,DASH/USD,25.0,131.48,131.261,0.041641314268328664,-0.10835868573167133,0.15,False,Binance US,Coinbase Pro
435,01-14-2021_01-59-45,DASH/USD,25.0,131.48,131.271,0.039739884393064195,-0.1102601156069358,0.15,False,Binance US,Coinbase Pro
436,01-14-2021_01-59-57,DASH/USD,25.0,131.48,131.291,0.03593702464252985,-0.11406297535747015,0.15,False,Binance US,Coinbase Pro
437,01-14-2021_02-00-08,DASH/USD,25.0,131.48,131.291,0.03593702464252985,-0.059062975357470154,0.095,False,Binance US,Kraken
438,01-14-2021_02-00-19,DASH/USD,25.0,131.48,131.373,0.020345299665348215,-0.1296547003346518,0.15,False,Binance US,Coinbase Pro
439,01-14-2021_02-00-30,DASH/USD,25.0,131.48,131.391,0.016922725889868925,-0.13307727411013107,0.15,False,Binance US,Coinbase Pro
440,01-14-2021_02-00-41,DASH/USD,25.0,131.48,131.385,0.018063583815028688,-0.13193641618497132,0.15,False,Binance US,Coinbase Pro
441,01-14-2021_02-00-53,DASH/USD,25.0,131.48,131.307,0.032894736842105615,-0.11710526315789438,0.15,False,Binance US,Coinbase Pro
442,01-14-2021_02-01-05,DASH/USD,25.0,131.48,131.27,0.03993002738058632,-0.11006997261941368,0.15,False,Binance US,Coinbase Pro
443,01-14-2021_02-01-18,DASH/USD,25.0,131.48,131.336,0.02738059020382892,-0.06761940979617108,0.095,False,Binance US,Kraken
444,01-14-2021_02-01-28,DASH/USD,25.0,131.48,131.348,0.025098874353509392,-0.1249011256464906,0.15,False,Binance US,Coinbase Pro
445,01-14-2021_02-01-38,DASH/USD,25.0,131.73,131.435,0.05598572838381301,-0.029014271616187,0.085,False,Binance US,Kraken
446,01-14-2021_02-01-49,DASH/USD,25.0,131.73,131.435,0.05598572838381301,-0.029014271616187,0.085,False,Binance US,Kraken
447,01-14-2021_02-02-00,DASH/USD,25.0,131.73,131.435,0.05598572838381301,-0.029014271616187,0.085,False,Binance US,Kraken
448,01-14-2021_02-02-12,DASH/USD,25.0,131.73,131.435,0.05598572838381301,-0.029014271616187,0.085,False,Binance US,Kraken
449,01-14-2021_02-02-23,DASH/USD,25.0,131.73,131.435,0.05598572838381301,-0.029014271616187,0.085,False,Binance US,Kraken
450,01-14-2021_02-02-34,DASH/USD,25.0,131.86,131.464,0.07507962991051399,-0.01992037008948601,0.095,False,Binance US,Kraken
451,01-14-2021_02-02-46,DASH/USD,25.0,131.86,131.464,0.07507962991051399,-0.01992037008948601,0.095,False,Binance US,Kraken
452,01-14-2021_02-02-57,DASH/USD,25.0,131.86,131.77,0.017063552252389542,-0.07793644774761047,0.095,False,Binance US,Kraken
453,01-14-2021_02-03-09,DASH/USD,25.0,132.03,131.84482089,0.0350638320836187,-0.047436167916381305,0.0825,False,Binance US,Bittrex
454,01-14-2021_02-03-21,DASH/USD,25.0,132.03,131.902,0.024236915852460485,-0.1157630841475395,0.13999999999999999,False,Binance US,Coinbase Pro
455,01-14-2021_02-03-34,DASH/USD,25.0,132.03,131.914,0.021964704991292484,-0.06303529500870753,0.085,False,Binance US,Kraken
456,01-14-2021_02-03-45,DASH/USD,25.0,132.03,131.852,0.03370446110732357,-0.10629553889267641,0.13999999999999999,False,Binance US,Coinbase Pro
457,01-14-2021_02-03-57,DASH/USD,25.0,132.03,131.886,0.027266530334016027,-0.11273346966598397,0.13999999999999999,False,Binance US,Coinbase Pro
458,01-14-2021_02-04-08,DASH/USD,25.0,132.03,131.905,0.023668863137165794,-0.1163311368628342,0.13999999999999999,False,Binance US,Coinbase Pro
459,01-14-2021_02-04-20,DASH/USD,25.0,132.07185986,131.922,0.02836710639171132,-0.1541328936082887,0.1825,False,Bittrex,Coinbase Pro
460,01-14-2021_02-04-33,DASH/USD,25.0,132.19,131.885,0.05768212421514616,-0.09231787578485384,0.15,False,Binance US,Coinbase Pro
461,01-14-2021_02-04-44,DASH/USD,25.0,132.19,131.833,0.0675164535895301,-0.0824835464104699,0.15,False,Binance US,Coinbase Pro
462,01-14-2021_02-04-55,DASH/USD,25.0,132.19,131.862,0.06203192374612357,-0.08796807625387643,0.15,False,Binance US,Coinbase Pro
463,01-14-2021_02-05-07,DASH/USD,25.0,132.19,131.872,0.06014070655873811,-0.08985929344126188,0.15,False,Binance US,Coinbase Pro
464,01-14-2021_02-05-19,DASH/USD,25.0,132.17,131.867,0.057312552016342076,-0.0826874479836579,0.13999999999999999,False,Binance US,Coinbase Pro
465,01-14-2021_02-05-31,DASH/USD,25.0,132.17,131.894,0.05220549292577401,-0.08779450707422598,0.13999999999999999,False,Binance US,Coinbase Pro
466,01-14-2021_02-05-42,DASH/USD,25.0,132.17,131.925,0.046341832488457316,-0.03865816751154269,0.085,False,Binance US,Kraken
467,01-14-2021_02-05-53,DASH/USD,25.0,132.17,131.925,0.046341832488457316,-0.03865816751154269,0.085,False,Binance US,Kraken
468,01-14-2021_02-06-05,DASH/USD,25.0,132.17,131.925,0.046341832488457316,-0.03865816751154269,0.085,False,Binance US,Kraken
469,01-14-2021_02-06-17,DASH/USD,25.0,132.17,131.957,0.040289021714457494,-0.09971097828554248,0.13999999999999999,False,Binance US,Coinbase Pro
470,01-14-2021_02-06-28,DASH/USD,25.0,132.17,131.955,0.04066732238782912,-0.09933267761217086,0.13999999999999999,False,Binance US,Coinbase Pro
471,01-14-2021_02-06-41,DASH/USD,25.0,132.17,131.911,0.048989937202085596,-0.09101006279791439,0.13999999999999999,False,Binance US,Coinbase Pro
472,01-14-2021_02-06-51,DASH/USD,25.0,131.98,131.74,0.04546143355053431,-0.10453856644946569,0.15,False,Binance US,Coinbase Pro
473,01-14-2021_02-07-04,DASH/USD,25.0,131.95,131.611,0.06422887457370191,-0.08577112542629808,0.15,False,Binance US,Coinbase Pro
474,01-14-2021_02-07-16,DASH/USD,25.0,131.93,131.545,0.07295535511256335,-0.06704464488743664,0.13999999999999999,False,Binance US,Coinbase Pro
475,01-14-2021_02-07-30,DASH/USD,25.0,131.89,131.513,0.07146106603987815,-0.07853893396012185,0.15,False,Binance US,Coinbase Pro
476,01-14-2021_02-07-42,DASH/USD,25.0,131.701,131.346,0.06738749136300974,-0.11761250863699026,0.185,False,Kraken,Coinbase Pro
477,01-14-2021_02-07-54,DASH/USD,25.0,131.67,131.594,0.01443001443001318,-0.1255699855699868,0.13999999999999999,False,Binance US,Coinbase Pro
478,01-14-2021_02-08-07,DASH/USD,25.0,131.67,131.379,0.05525176577808097,-0.08474823422191902,0.13999999999999999,False,Binance US,Coinbase Pro
479,01-14-2021_02-08-19,DASH/USD,25.0,131.66,131.362,0.05658514355157258,-0.09341485644842742,0.15,False,Binance US,Coinbase Pro
480,01-14-2021_02-08-31,DASH/USD,25.0,131.54,131.342,0.03763113881708589,-0.1023688611829141,0.13999999999999999,False,Binance US,Coinbase Pro
481,01-14-2021_02-08-56,DASH/USD,25.0,131.52,131.207,0.059496654501219694,-0.09050334549878031,0.15,False,Binance US,Coinbase Pro
482,01-14-2021_02-09-08,DASH/USD,25.0,131.39,131.193,0.037483826775244374,-0.11251617322475563,0.15,False,Binance US,Coinbase Pro
483,01-14-2021_02-09-21,DASH/USD,25.0,131.39,131.124,0.0506126798082029,-0.0993873201917971,0.15,False,Binance US,Coinbase Pro
484,01-14-2021_02-09-33,DASH/USD,25.0,131.25,130.989,0.04971428571428489,-0.1002857142857151,0.15,False,Binance US,Coinbase Pro
485,01-14-2021_02-09-44,DASH/USD,25.0,131.25,130.979,0.05161904761904506,-0.09838095238095493,0.15,False,Binance US,Coinbase Pro
486,01-14-2021_02-09-55,DASH/USD,25.0,131.23,130.936,0.056008534633845676,-0.09399146536615433,0.15,False,Binance US,Coinbase Pro
487,01-14-2021_02-10-08,DASH/USD,25.0,131.23,130.964,0.05067438847824262,-0.09932561152175737,0.15,False,Binance US,Coinbase Pro
488,01-14-2021_02-10-30,DASH/USD,25.0,131.2,130.901,0.0569740853658495,-0.08302591463415049,0.13999999999999999,False,Binance US,Coinbase Pro
489,01-14-2021_02-10-43,DASH/USD,25.0,131.14,130.863,0.05280616135427536,-0.08719383864572462,0.13999999999999999,False,Binance US,Coinbase Pro
490,01-14-2021_02-10-56,DASH/USD,25.0,131.09,130.864,0.0431001601952855,-0.09689983980471448,0.13999999999999999,False,Binance US,Coinbase Pro
491,01-14-2021_02-11-09,DASH/USD,25.0,131.08,130.864,0.04119621605126796,-0.10880378394873202,0.15,False,Binance US,Coinbase Pro
492,01-14-2021_02-11-23,DASH/USD,25.0,131.22,130.991,0.04362901996646566,-0.09637098003353432,0.13999999999999999,False,Binance US,Coinbase Pro
493,01-14-2021_02-11-36,DASH/USD,25.0,131.22,130.997,0.042485901539396576,-0.04251409846060343,0.085,False,Binance US,Kraken
494,01-14-2021_02-11-48,DASH/USD,25.0,131.22,130.997,0.042485901539396576,-0.04251409846060343,0.085,False,Binance US,Kraken
495,01-14-2021_02-12-00,DASH/USD,25.0,131.22,130.997,0.042485901539396576,-0.04251409846060343,0.085,False,Binance US,Kraken
496,01-14-2021_02-12-23,DASH/USD,25.0,131.22,130.997,0.042485901539396576,-0.04251409846060343,0.085,False,Binance US,Kraken
497,01-14-2021_02-12-37,DASH/USD,25.0,131.21,130.942,0.051063181159972694,-0.09893681884002731,0.15,False,Binance US,Coinbase Pro
498,01-14-2021_02-13-00,DASH/USD,25.0,131.08,130.85733284,0.04246779829112269,-0.05003220170887731,0.0925,False,Binance US,Bittrex
499,01-14-2021_02-13-12,DASH/USD,25.0,130.94,130.73,0.04009469986253398,-0.14490530013746603,0.185,False,Kraken,Coinbase Pro
500,01-14-2021_02-13-26,DASH/USD,25.0,130.84,130.559,0.05369153164170091,-0.0313084683582991,0.085,False,Binance US,Kraken
501,01-14-2021_02-13-38,DASH/USD,25.0,130.72,130.462,0.04934210526315977,-0.10065789473684023,0.15,False,Binance US,Coinbase Pro
502,01-14-2021_02-14-00,DASH/USD,25.0,130.65,130.364,0.05472636815920424,-0.03027363184079577,0.085,False,Binance US,Kraken
503,01-14-2021_02-14-12,DASH/USD,25.0,130.61,130.384,0.04325855600643662,-0.05174144399356338,0.095,False,Binance US,Kraken
504,01-14-2021_02-14-36,DASH/USD,25.0,130.64,130.29,0.06697795468462844,-0.07302204531537154,0.13999999999999999,False,Binance US,Coinbase Pro
505,01-14-2021_02-14-48,DASH/USD,25.0,130.6,130.29,0.059341500765697226,-0.09065849923430278,0.15,False,Binance US,Coinbase Pro
506,01-14-2021_02-14-59,DASH/USD,25.0,130.52,130.289,0.044246092552869855,-0.09575390744713014,0.13999999999999999,False,Binance US,Coinbase Pro
507,01-14-2021_02-15-11,DASH/USD,25.0,130.46,130.287,0.03315192396136782,-0.11684807603863218,0.15,False,Binance US,Coinbase Pro
508,01-14-2021_02-15-24,DASH/USD,25.0,130.42,130.226,0.03718754792209562,-0.11281245207790437,0.15,False,Binance US,Coinbase Pro
509,01-14-2021_02-15-45,DASH/USD,25.0,130.64,130.493,0.02813074096754275,-0.05686925903245726,0.085,False,Binance US,Kraken
510,01-14-2021_02-15-56,DASH/USD,25.0,130.709,130.589,0.02295174777559398,-0.16204825222440603,0.185,False,Kraken,Coinbase Pro
511,01-14-2021_02-16-09,DASH/USD,25.0,130.72447599,130.629,0.018259011802677808,-0.1642409881973222,0.1825,False,Bittrex,Coinbase Pro
512,01-14-2021_02-16-21,DASH/USD,25.0,130.991,130.848,0.027291951355436758,-0.15770804864456323,0.185,False,Kraken,Coinbase Pro
513,01-14-2021_02-16-42,DASH/USD,25.0,131.35,130.997,0.06718690521507047,-0.027813094784929535,0.095,False,Binance US,Kraken
514,01-14-2021_02-16-53,DASH/USD,25.0,131.35438427,130.997,0.0680190981036036,-0.059480901896396404,0.1275,False,Bittrex,Kraken
515,01-14-2021_02-17-04,DASH/USD,25.0,131.38,130.997,0.07288019485461664,-0.022119805145383364,0.095,False,Binance US,Kraken
516,01-14-2021_02-17-16,DASH/USD,25.0,131.74135119,131.506,0.04466160166760408,-0.08283839833239592,0.1275,False,Bittrex,Kraken
517,01-14-2021_02-17-26,DASH/USD,25.0,131.74135116,131.506,0.044661595984801905,-0.0828384040151981,0.1275,False,Bittrex,Kraken
518,01-14-2021_02-17-38,DASH/USD,25.0,131.74135113,131.506,0.04466159030199973,-0.08283840969800027,0.1275,False,Bittrex,Kraken
519,01-14-2021_02-17-49,DASH/USD,25.0,131.79,131.43085019,0.06812918468775914,-0.024370815312240862,0.0925,False,Binance US,Bittrex
520,01-14-2021_02-18-00,DASH/USD,25.0,131.79,131.36875,0.07990932544198846,-0.012590674558011536,0.0925,False,Binance US,Bittrex
521,01-14-2021_02-18-12,DASH/USD,25.0,131.79,131.36875,0.07990932544198846,-0.012590674558011536,0.0925,False,Binance US,Bittrex
522,01-14-2021_02-18-23,DASH/USD,25.0,131.75,131.36875,0.07234345351043536,-0.020156546489564636,0.0925,False,Binance US,Bittrex
523,01-14-2021_02-18-34,DASH/USD,25.0,131.73,131.319,0.07800045547711254,-0.061999544522887445,0.13999999999999999,False,Binance US,Coinbase Pro
524,01-14-2021_02-18-46,DASH/USD,25.0,131.54,131.297,0.04618367036642751,-0.0388163296335725,0.085,False,Binance US,Kraken
525,01-14-2021_02-18-58,DASH/USD,25.0,131.52,131.36875,0.028750380170317162,-0.06374961982968283,0.0925,False,Binance US,Bittrex
526,01-14-2021_02-19-12,DASH/USD,25.0,131.51,131.255,0.04847540111018088,-0.04652459888981912,0.095,False,Binance US,Kraken
527,01-14-2021_02-19-23,DASH/USD,25.0,131.51,131.246,0.05018629761994936,-0.09981370238005063,0.15,False,Binance US,Coinbase Pro
528,01-14-2021_02-19-34,DASH/USD,25.0,131.37,131.198,0.032731978381669524,-0.10726802161833046,0.13999999999999999,False,Binance US,Coinbase Pro
529,01-14-2021_02-19-46,DASH/USD,25.0,131.37,131.145,0.04281799497602084,-0.09718200502397914,0.13999999999999999,False,Binance US,Coinbase Pro
530,01-14-2021_02-19-58,DASH/USD,25.0,131.37,131.205,0.03139986298241456,-0.10860013701758542,0.13999999999999999,False,Binance US,Coinbase Pro
531,01-14-2021_02-20-11,DASH/USD,25.0,131.37,131.224,0.027784121184443747,-0.05721587881555626,0.085,False,Binance US,Kraken
532,01-14-2021_02-20-23,DASH/USD,25.0,131.37,131.161,0.039773159777727635,-0.10022684022227235,0.13999999999999999,False,Binance US,Coinbase Pro
533,01-14-2021_02-20-34,DASH/USD,25.0,131.37,131.152,0.04148587957677128,-0.09851412042322871,0.13999999999999999,False,Binance US,Coinbase Pro
534,01-14-2021_02-20-48,DASH/USD,25.0,131.37,131.179,0.03634772017964575,-0.10365227982035424,0.13999999999999999,False,Binance US,Coinbase Pro
535,01-14-2021_02-21-12,DASH/USD,25.0,131.37,131.018,0.06698637436248836,-0.018013625637511646,0.085,False,Binance US,Kraken
536,01-14-2021_02-21-25,DASH/USD,25.0,131.37,130.976,0.07497906675801276,-0.06502093324198722,0.13999999999999999,False,Binance US,Coinbase Pro
537,01-14-2021_02-21-37,DASH/USD,25.0,131.08,130.757,0.06160360085444146,-0.03339639914555854,0.095,False,Binance US,Kraken
538,01-14-2021_02-22-00,DASH/USD,25.0,130.95,130.501,0.08571974035891254,-0.06428025964108745,0.15,False,Binance US,Coinbase Pro
539,01-14-2021_02-22-13,DASH/USD,25.0,130.68,130.5,0.034435261707990286,-0.11556473829200971,0.15,False,Binance US,Coinbase Pro
540,01-14-2021_02-22-27,DASH/USD,25.0,130.66,130.51,0.028700443900200077,-0.11129955609979991,0.13999999999999999,False,Binance US,Coinbase Pro
541,01-14-2021_02-22-52,DASH/USD,25.0,130.85,130.684,0.03171570500573114,-0.053284294994268865,0.085,False,Binance US,Kraken
542,01-14-2021_02-23-06,DASH/USD,25.0,130.86272859,130.777,0.01637757956824256,-0.16612242043175743,0.1825,False,Bittrex,Coinbase Pro
543,01-14-2021_02-23-18,DASH/USD,25.0,130.8627285,130.699,0.03127867305624584,-0.09622132694375415,0.1275,False,Bittrex,Kraken
544,01-14-2021_02-23-33,DASH/USD,25.0,130.86,130.619,0.046041571144737475,-0.048958428855262526,0.095,False,Binance US,Kraken
545,01-14-2021_02-23-56,DASH/USD,25.0,130.8,130.611,0.03612385321101325,-0.04887614678898675,0.085,False,Binance US,Kraken
546,01-14-2021_02-24-08,DASH/USD,25.0,130.84,130.68,0.030571690614490325,-0.10942830938550965,0.13999999999999999,False,Binance US,Coinbase Pro
547,01-14-2021_02-24-31,DASH/USD,25.0,130.925,130.81184327,0.021607166316596187,-0.10589023368340379,0.12749739999999998,False,Kraken,Bittrex
548,01-14-2021_02-24-44,DASH/USD,25.0,130.99,130.81184327,0.03400197152454614,-0.04849802847545386,0.0825,False,Binance US,Bittrex
549,01-14-2021_02-24-57,DASH/USD,25.0,131.01,130.888,0.023280665598043218,-0.12671933440195676,0.15,False,Binance US,Coinbase Pro
550,01-14-2021_02-25-09,DASH/USD,25.0,130.98,130.796,0.03511986562833973,-0.11488013437166027,0.15,False,Binance US,Coinbase Pro
551,01-14-2021_02-25-22,DASH/USD,25.0,130.98,130.756,0.04275461902580347,-0.10724538097419653,0.15,False,Binance US,Coinbase Pro
552,01-14-2021_02-25-45,DASH/USD,25.0,131.0,130.859,0.026908396946563194,-0.1230916030534368,0.15,False,Binance US,Coinbase Pro
553,01-14-2021_02-25-56,DASH/USD,25.0,131.0,130.839,0.030725190839694917,-0.06427480916030509,0.095,False,Binance US,Kraken
554,01-14-2021_02-26-08,DASH/USD,25.0,131.15970629,131.1,0.011380455874915384,-0.11611954412508461,0.1275,False,Bittrex,Kraken
555,01-14-2021_02-26-21,DASH/USD,25.0,131.28,131.093,0.035610907982939484,-0.05938909201706052,0.095,False,Binance US,Kraken
556,01-14-2021_02-26-32,DASH/USD,25.0,131.32990244,131.223,0.020349980852387914,-0.10715001914761209,0.1275,False,Bittrex,Kraken
557,01-14-2021_02-26-43,DASH/USD,25.0,131.42,131.168,0.047937908994061244,-0.10206209100593874,0.15,False,Binance US,Coinbase Pro
558,01-14-2021_02-26-56,DASH/USD,25.0,131.373,131.248,0.023787231775174503,-0.1612127682248255,0.185,False,Coinbase Pro,Kraken
559,01-14-2021_02-27-09,DASH/USD,25.0,131.37,131.248,0.023216868387001235,-0.06178313161299877,0.085,False,Binance US,Kraken
560,01-14-2021_02-27-20,DASH/USD,25.0,131.37,131.248,0.023216868387001235,-0.06178313161299877,0.085,False,Binance US,Kraken
561,01-14-2021_02-27-31,DASH/USD,25.0,131.32,131.119,0.038265306122447725,-0.10173469387755227,0.13999999999999999,False,Binance US,Coinbase Pro
562,01-14-2021_02-27-42,DASH/USD,25.0,131.41,131.159,0.04775131268548907,-0.09224868731451091,0.13999999999999999,False,Binance US,Coinbase Pro
563,01-14-2021_02-27-54,DASH/USD,25.0,131.39,131.129,0.04966131364639541,-0.10033868635360459,0.15,False,Binance US,Coinbase Pro
564,01-14-2021_02-28-06,DASH/USD,25.0,131.38,131.248,0.025117978383316527,-0.06988202161668347,0.095,False,Binance US,Kraken
565,01-14-2021_02-28-18,DASH/USD,25.0,131.37,131.147,0.04243739057623757,-0.09756260942376241,0.13999999999999999,False,Binance US,Coinbase Pro
566,01-14-2021_02-28-32,DASH/USD,25.0,131.43,131.228,0.03842349539678882,-0.11157650460321117,0.15,False,Binance US,Coinbase Pro
567,01-14-2021_02-28-43,DASH/USD,25.0,131.38,131.23,0.02854315725376878,-0.12145684274623121,0.15,False,Binance US,Coinbase Pro
568,01-14-2021_02-28-54,DASH/USD,25.0,131.34,131.179,0.030645652504949245,-0.10935434749505074,0.13999999999999999,False,Binance US,Coinbase Pro
569,01-14-2021_02-29-05,DASH/USD,25.0,131.34,131.219,0.023031825795646665,-0.11696817420435332,0.13999999999999999,False,Binance US,Coinbase Pro
570,01-14-2021_02-29-17,DASH/USD,25.0,131.34,131.241,0.018844221105525645,-0.12115577889447435,0.13999999999999999,False,Binance US,Coinbase Pro
571,01-14-2021_02-29-30,DASH/USD,25.0,131.34,131.241,0.018844221105525645,-0.12115577889447435,0.13999999999999999,False,Binance US,Coinbase Pro
572,01-14-2021_02-29-41,DASH/USD,25.0,131.34,131.212,0.024364245469775832,-0.11563575453022415,0.13999999999999999,False,Binance US,Coinbase Pro
573,01-14-2021_02-29-51,DASH/USD,25.0,131.34,131.213,0.02417389980204232,-0.11582610019795767,0.13999999999999999,False,Binance US,Coinbase Pro
574,01-14-2021_02-30-02,DASH/USD,25.0,131.43,131.248,0.03461918892186266,-0.06038081107813734,0.095,False,Binance US,Kraken
575,01-14-2021_02-30-13,DASH/USD,25.0,131.43,131.248,0.03461918892186266,-0.06038081107813734,0.095,False,Binance US,Kraken
576,01-14-2021_02-30-24,DASH/USD,25.0,131.41,131.248,0.03081957233087401,-0.054180427669125994,0.085,False,Binance US,Kraken
577,01-14-2021_02-30-35,DASH/USD,25.0,131.43,131.248,0.03461918892186266,-0.06038081107813734,0.095,False,Binance US,Kraken
578,01-14-2021_02-30-46,DASH/USD,25.0,131.55,131.248,0.057392626377807086,-0.037607373622192915,0.095,False,Binance US,Kraken
579,01-14-2021_02-30-57,DASH/USD,25.0,131.54,131.248,0.05549642694237525,-0.029503573057624757,0.085,False,Binance US,Kraken
580,01-14-2021_02-31-09,DASH/USD,25.0,131.51,131.248,0.04980609839555936,-0.04519390160444064,0.095,False,Binance US,Kraken
581,01-14-2021_02-31-19,DASH/USD,25.0,131.45,131.232,0.04146063141878839,-0.1085393685812116,0.15,False,Binance US,Coinbase Pro
582,01-14-2021_02-31-31,DASH/USD,25.0,131.56,131.248,0.05928853754940936,-0.03571146245059064,0.095,False,Binance US,Kraken
583,01-14-2021_02-31-43,DASH/USD,25.0,131.54,131.248,0.05549642694237525,-0.029503573057624757,0.085,False,Binance US,Kraken
584,01-14-2021_02-31-54,DASH/USD,25.0,131.5,131.248,0.0479087452471501,-0.037091254752849905,0.085,False,Binance US,Kraken
585,01-14-2021_02-32-06,DASH/USD,25.0,131.59560252,131.398,0.037539727053184015,-0.144960272946816,0.1825,False,Bittrex,Coinbase Pro
586,01-14-2021_02-32-17,DASH/USD,25.0,131.59560258,131.522,0.013982720272748972,-0.11351727972725104,0.1275,False,Bittrex,Kraken
587,01-14-2021_02-32-28,DASH/USD,25.0,131.72,131.522,0.03757971454600811,-0.057420285453991894,0.095,False,Binance US,Kraken
588,01-14-2021_02-32-38,DASH/USD,25.0,131.76079169,131.522,0.045307804950393764,-0.08219219504960623,0.1275,False,Bittrex,Kraken
589,01-14-2021_02-32-49,DASH/USD,25.0,131.76079161,131.522,0.04530778979888468,-0.08219221020111532,0.1275,False,Bittrex,Kraken
590,01-14-2021_02-33-02,DASH/USD,25.0,131.76079161,131.522,0.04530778979888468,-0.08219221020111532,0.1275,False,Bittrex,Kraken
591,01-14-2021_02-33-13,DASH/USD,25.0,131.73783959,131.522,0.04096005951512235,-0.08653994048487765,0.1275,False,Bittrex,Kraken
592,01-14-2021_02-33-24,DASH/USD,25.0,131.72,131.522,0.03757971454600811,-0.057420285453991894,0.095,False,Binance US,Kraken
593,01-14-2021_02-33-34,DASH/USD,25.0,131.72,131.522,0.03757971454600811,-0.057420285453991894,0.095,False,Binance US,Kraken
594,01-14-2021_02-33-45,DASH/USD,25.0,132.18,131.997,0.03461189287335314,-0.05038810712664687,0.085,False,Binance US,Kraken
595,01-14-2021_02-33-56,DASH/USD,25.0,132.3414626,132.127,0.04051311580411503,-0.14198688419588495,0.1825,False,Bittrex,Coinbase Pro
596,01-14-2021_02-34-07,DASH/USD,25.0,132.556,132.216,0.06412384199885394,-0.12087615800114605,0.185,False,Kraken,Coinbase Pro
597,01-14-2021_02-34-17,DASH/USD,25.0,132.549,132.274,0.05186761122302048,-0.13313238877697953,0.185,False,Kraken,Coinbase Pro
598,01-14-2021_02-34-29,DASH/USD,25.0,132.69,132.531,0.029957042731176393,-0.12004295726882361,0.15,False,Binance US,Coinbase Pro
599,01-14-2021_02-34-41,DASH/USD,25.0,132.70792904,132.531,0.03333053293798965,-0.14916946706201034,0.1825,False,Bittrex,Coinbase Pro
600,01-14-2021_02-34-52,DASH/USD,25.0,132.771,132.531,0.045190591318883776,-0.13980940868111622,0.185,False,Kraken,Coinbase Pro
601,01-14-2021_02-35-02,DASH/USD,25.0,132.733,132.531,0.03804630348142478,-0.1469536965185752,0.185,False,Kraken,Coinbase Pro
602,01-14-2021_02-35-14,DASH/USD,25.0,132.703,132.515,0.035417435928354404,-0.1495825640716456,0.185,False,Kraken,Coinbase Pro
603,01-14-2021_02-35-27,DASH/USD,25.0,132.74,132.488,0.04746120235046134,-0.09253879764953865,0.13999999999999999,False,Binance US,Coinbase Pro
604,01-14-2021_02-35-37,DASH/USD,25.0,132.68,132.431,0.04691739523665873,-0.10308260476334127,0.15,False,Binance US,Coinbase Pro
605,01-14-2021_02-35-48,DASH/USD,25.0,132.65,132.478,0.03241613267998437,-0.11758386732001563,0.15,False,Binance US,Coinbase Pro
606,01-14-2021_02-35-59,DASH/USD,25.0,132.72,132.47199874,0.04671512582881164,-0.04578487417118836,0.0925,False,Binance US,Bittrex
607,01-14-2021_02-36-09,DASH/USD,25.0,132.66,132.47199874,0.03542915347504767,-0.057070846524952326,0.0925,False,Binance US,Bittrex
608,01-14-2021_02-36-21,DASH/USD,25.0,132.64,132.5,0.02638721351025075,-0.13361278648974925,0.16,False,Binance US,Coinbase Pro
609,01-14-2021_02-36-33,DASH/USD,25.0,132.77,132.589,0.03408149431347661,-0.10591850568652338,0.13999999999999999,False,Binance US,Coinbase Pro
610,01-14-2021_02-36-44,DASH/USD,25.0,132.73,132.591,0.026180968884197544,-0.06881903111580245,0.095,False,Binance US,Kraken
611,01-14-2021_02-36-55,DASH/USD,25.0,132.71,132.591,0.022417300881621534,-0.06258269911837847,0.085,False,Binance US,Kraken
612,01-14-2021_02-37-07,DASH/USD,25.0,132.71,132.591,0.022417300881621534,-0.06258269911837847,0.085,False,Binance US,Kraken
613,01-14-2021_02-37-18,DASH/USD,25.0,132.71,132.591,0.022417300881621534,-0.11758269911837846,0.13999999999999999,False,Binance US,Coinbase Pro
614,01-14-2021_02-37-29,DASH/USD,25.0,132.71,132.59,0.022605681561299926,-0.12739431843870008,0.15,False,Binance US,Coinbase Pro
615,01-14-2021_02-37-40,DASH/USD,25.0,132.71,132.588,0.02298244292065671,-0.11701755707934328,0.13999999999999999,False,Binance US,Coinbase Pro
616,01-14-2021_02-37-52,DASH/USD,25.0,132.7,132.525,0.03296910324038865,-0.11703089675961134,0.15,False,Binance US,Coinbase Pro
617,01-14-2021_02-38-03,DASH/USD,25.0,132.586,132.299,0.05411581916642898,-0.130884180833571,0.185,False,Kraken,Coinbase Pro
618,01-14-2021_02-38-14,DASH/USD,25.0,132.35,132.169,0.03418964865885591,-0.11581035134114409,0.15,False,Binance US,Coinbase Pro
619,01-14-2021_02-38-24,DASH/USD,25.0,132.31,132.169,0.02664197717481504,-0.11335802282518495,0.13999999999999999,False,Binance US,Coinbase Pro
620,01-14-2021_02-38-35,DASH/USD,25.0,132.3019707,132.163,0.026260134158377156,-0.15623986584162283,0.1825,False,Bittrex,Coinbase Pro
621,01-14-2021_02-38-46,DASH/USD,25.0,132.263,132.146,0.022115028390407493,-0.1628849716095925,0.185,False,Kraken,Coinbase Pro
622,01-14-2021_02-38-57,DASH/USD,25.0,132.26,132.19614138,0.012070660063509498,-0.1154293399364905,0.1275,False,Kraken,Bittrex
623,01-14-2021_02-39-08,DASH/USD,25.0,132.44657168,132.3,0.027666189872041592,-0.1548338101279584,0.1825,False,Bittrex,Coinbase Pro
624,01-14-2021_02-39-19,DASH/USD,25.0,132.42,132.21,0.03964657906660239,-0.1103534209333976,0.15,False,Binance US,Coinbase Pro
625,01-14-2021_02-39-30,DASH/USD,25.0,132.42,132.174,0.04644313547802087,-0.10355686452197913,0.15,False,Binance US,Coinbase Pro
626,01-14-2021_02-39-40,DASH/USD,25.0,132.42,132.115,0.057581936263400246,-0.09241806373659975,0.15,False,Binance US,Coinbase Pro
627,01-14-2021_02-39-50,DASH/USD,25.0,132.42,132.183,0.04474399637516893,-0.10525600362483106,0.15,False,Binance US,Coinbase Pro
628,01-14-2021_02-40-00,DASH/USD,25.0,132.42,132.177,0.04587675577707201,-0.10412324422292799,0.15,False,Binance US,Coinbase Pro
629,01-14-2021_02-40-11,DASH/USD,25.0,132.42,132.183,0.04474399637516893,-0.10525600362483106,0.15,False,Binance US,Coinbase Pro
630,01-14-2021_02-40-21,DASH/USD,25.0,132.42,132.11,0.05852590243165192,-0.09147409756834807,0.15,False,Binance US,Coinbase Pro
631,01-14-2021_02-40-32,DASH/USD,25.0,132.21,131.918,0.055215187958551085,-0.0847848120414489,0.13999999999999999,False,Binance US,Coinbase Pro
632,01-14-2021_02-40-43,DASH/USD,25.0,132.19,131.962,0.04311975187230665,-0.10688024812769334,0.15,False,Binance US,Coinbase Pro
633,01-14-2021_02-40-53,DASH/USD,25.0,132.13,131.84,0.054870203587374565,-0.08512979641262541,0.13999999999999999,False,Binance US,Coinbase Pro
634,01-14-2021_02-41-04,DASH/USD,25.0,132.11,131.803,0.0580955264552298,-0.09190447354477019,0.15,False,Binance US,Coinbase Pro
635,01-14-2021_02-41-13,DASH/USD,25.0,132.0,131.807,0.036553030303032585,-0.11344696969696741,0.15,False,Binance US,Coinbase Pro
636,01-14-2021_02-41-24,DASH/USD,25.0,131.96,131.844,0.021976356471660703,-0.11802364352833929,0.13999999999999999,False,Binance US,Coinbase Pro
637,01-14-2021_02-41-34,DASH/USD,25.0,131.932,131.817,0.02179152896946546,-0.16320847103053454,0.185,False,Kraken,Coinbase Pro
638,01-14-2021_02-41-45,DASH/USD,25.0,132.04,131.85,0.035973947288699966,-0.10402605271130003,0.13999999999999999,False,Binance US,Coinbase Pro
639,01-14-2021_02-41-56,DASH/USD,25.0,132.04,131.957,0.01571493486822145,-0.06928506513177855,0.085,False,Binance US,Kraken
640,01-14-2021_02-42-07,DASH/USD,25.0,132.16,131.945,0.04067039951573914,-0.09932960048426084,0.13999999999999999,False,Binance US,Coinbase Pro
641,01-14-2021_02-42-17,DASH/USD,25.0,132.382,132.26214969,0.022633422595217608,-0.10486657740478239,0.1275,False,Kraken,Bittrex
642,01-14-2021_02-42-28,DASH/USD,25.0,132.41020942,132.3,0.020808331261377606,-0.04188166873862239,0.06269,False,Bittrex,Binance US
643,01-14-2021_02-42-39,DASH/USD,25.0,132.51,132.294,0.04075164138555199,-0.10924835861444801,0.15,False,Binance US,Coinbase Pro
644,01-14-2021_02-42-50,DASH/USD,25.0,132.72479787,132.296,0.08076822810836107,-0.10173177189163893,0.1825,False,Bittrex,Coinbase Pro
645,01-14-2021_02-43-01,DASH/USD,25.0,132.5,132.357,0.026981132075471828,-0.12301886792452817,0.15,False,Binance US,Coinbase Pro
646,01-14-2021_02-43-11,DASH/USD,25.0,132.49258295,132.382,0.020865875571642403,-0.1066341244283576,0.1275,False,Bittrex,Kraken
647,01-14-2021_02-43-23,DASH/USD,25.0,132.49258294,132.34,0.028790845610787902,-0.1537091543892121,0.1825,False,Bittrex,Coinbase Pro
648,01-14-2021_02-43-34,DASH/USD,25.0,132.54,132.375,0.031122679945675278,-0.06387732005432473,0.095,False,Binance US,Kraken
649,01-14-2021_02-43-44,DASH/USD,25.0,132.47518461,132.365,0.020793443376656215,-0.16170655662334377,0.1825,False,Bittrex,Coinbase Pro
650,01-14-2021_02-43-54,DASH/USD,25.0,132.55,132.382,0.031686156167485165,-0.05331384383251484,0.085,False,Binance US,Kraken
651,01-14-2021_02-44-05,DASH/USD,25.0,132.72479812,132.566,0.02991116246724794,-0.15258883753275204,0.1825,False,Bittrex,Coinbase Pro
652,01-14-2021_02-44-17,DASH/USD,25.0,132.72479817,132.566,0.029911171873965747,-0.15258882812603425,0.1825,False,Bittrex,Coinbase Pro
653,01-14-2021_02-44-27,DASH/USD,25.0,132.72479813,132.565,0.03009952402479741,-0.1524004759752026,0.1825,False,Bittrex,Coinbase Pro
654,01-14-2021_02-44-38,DASH/USD,25.0,132.69,132.566,0.02336272514884227,-0.12663727485115772,0.15,False,Binance US,Coinbase Pro
655,01-14-2021_02-44-49,DASH/USD,25.0,132.72479819,132.566,0.02991117563664966,-0.15258882436335033,0.1825,False,Bittrex,Coinbase Pro
656,01-14-2021_02-45-01,DASH/USD,25.0,132.79,132.69,0.018826718879432623,-0.12117328112056736,0.13999999999999999,False,Binance US,Coinbase Pro
657,01-14-2021_02-45-12,DASH/USD,25.0,132.82,132.691,0.024280981779850677,-0.07071901822014932,0.095,False,Binance US,Kraken
658,01-14-2021_02-45-23,DASH/USD,25.0,132.89,132.691,0.03743697795168633,-0.05756302204831367,0.095,False,Binance US,Kraken
659,01-14-2021_02-45-34,DASH/USD,25.0,132.91,132.691,0.04119328869159471,-0.053806711308405294,0.095,False,Binance US,Kraken
660,01-14-2021_02-45-45,DASH/USD,25.0,132.85,132.691,0.029920963492659356,-0.06507903650734065,0.095,False,Binance US,Kraken
661,01-14-2021_02-45-57,DASH/USD,25.0,132.89683088,132.691,0.038720050477701745,-0.08877994952229826,0.1275,False,Bittrex,Kraken
662,01-14-2021_02-46-08,DASH/USD,25.0,132.92,132.691,0.043071020162500945,-0.051928979837499056,0.095,False,Binance US,Kraken
663,01-14-2021_02-46-19,DASH/USD,25.0,132.92,132.691,0.043071020162500945,-0.051928979837499056,0.095,False,Binance US,Kraken
664,01-14-2021_02-46-30,DASH/USD,25.0,132.92,132.691,0.043071020162500945,-0.051928979837499056,0.095,False,Binance US,Kraken
665,01-14-2021_02-46-41,DASH/USD,25.0,132.92,132.691,0.043071020162500945,-0.051928979837499056,0.095,False,Binance US,Kraken
666,01-14-2021_02-46-51,DASH/USD,25.0,132.92,132.691,0.043071020162500945,-0.051928979837499056,0.095,False,Binance US,Kraken
667,01-14-2021_02-47-02,DASH/USD,25.0,132.92,132.691,0.043071020162500945,-0.051928979837499056,0.095,False,Binance US,Kraken
668,01-14-2021_02-47-12,DASH/USD,25.0,132.92,132.645,0.051722840806495876,-0.09827715919350412,0.15,False,Binance US,Coinbase Pro
669,01-14-2021_02-47-23,DASH/USD,25.0,132.92,132.645,0.051722840806495876,-0.09827715919350412,0.15,False,Binance US,Coinbase Pro
670,01-14-2021_02-47-34,DASH/USD,25.0,132.92,132.67689078,0.04572472539873225,-0.04677527460126775,0.0925,False,Binance US,Bittrex
671,01-14-2021_02-47-45,DASH/USD,25.0,132.92,132.67689077,0.045724727279564316,-0.04677527272043568,0.0925,False,Binance US,Bittrex
672,01-14-2021_02-47-56,DASH/USD,25.0,132.92,132.67689077,0.045724727279564316,-0.04677527272043568,0.0925,False,Binance US,Bittrex
673,01-14-2021_02-48-07,DASH/USD,25.0,132.92,132.691,0.043071020162500945,-0.051928979837499056,0.095,False,Binance US,Kraken
674,01-14-2021_02-48-19,DASH/USD,25.0,132.92,132.691,0.043071020162500945,-0.051928979837499056,0.095,False,Binance US,Kraken
675,01-14-2021_02-48-29,DASH/USD,25.0,132.92,132.691,0.043071020162500945,-0.051928979837499056,0.095,False,Binance US,Kraken
676,01-14-2021_02-48-40,DASH/USD,25.0,132.92,132.691,0.043071020162500945,-0.051928979837499056,0.095,False,Binance US,Kraken
677,01-14-2021_02-48-52,DASH/USD,25.0,132.92,132.638,0.0530394222088441,-0.0969605777911559,0.15,False,Binance US,Coinbase Pro
678,01-14-2021_02-49-04,DASH/USD,25.0,132.92,132.667,0.04758501354197749,-0.1024149864580225,0.15,False,Binance US,Coinbase Pro
679,01-14-2021_02-49-14,DASH/USD,25.0,132.92,132.664,0.048149262714414734,-0.10185073728558526,0.15,False,Binance US,Coinbase Pro
680,01-14-2021_02-49-25,DASH/USD,25.0,132.92,132.603,0.05962232922057984,-0.09037767077942016,0.15,False,Binance US,Coinbase Pro
681,01-14-2021_02-49-35,DASH/USD,25.0,132.92,132.624,0.05567258501354053,-0.09432741498645947,0.15,False,Binance US,Coinbase Pro
682,01-14-2021_02-49-44,DASH/USD,25.0,132.72,132.509,0.0397453285111537,-0.1102546714888463,0.15,False,Binance US,Coinbase Pro
683,01-14-2021_02-49-55,DASH/USD,25.0,132.72,132.512,0.03918022905364648,-0.11081977094635351,0.15,False,Binance US,Coinbase Pro
684,01-14-2021_02-50-05,DASH/USD,25.0,132.72,132.419,0.05669831223628461,-0.09330168776371539,0.15,False,Binance US,Coinbase Pro
685,01-14-2021_02-50-15,DASH/USD,25.0,132.57,132.397,0.032624273968469834,-0.11737572603153015,0.15,False,Binance US,Coinbase Pro
686,01-14-2021_02-50-27,DASH/USD,25.0,132.57,132.449,0.022818133816093555,-0.12718186618390645,0.15,False,Binance US,Coinbase Pro
687,01-14-2021_02-50-37,DASH/USD,25.0,132.57,132.414,0.02941842045711811,-0.12058157954288189,0.15,False,Binance US,Coinbase Pro
688,01-14-2021_02-50-48,DASH/USD,25.0,132.57,132.323,0.04657916572376587,-0.10342083427623412,0.15,False,Binance US,Coinbase Pro
689,01-14-2021_02-50-59,DASH/USD,25.0,132.57,132.391,0.03375575167835899,-0.11624424832164101,0.15,False,Binance US,Coinbase Pro
690,01-14-2021_02-51-11,DASH/USD,25.0,132.57,132.386,0.034698649769932394,-0.1153013502300676,0.15,False,Binance US,Coinbase Pro
691,01-14-2021_02-51-20,DASH/USD,25.0,132.57,132.375,0.03677302557139496,-0.11322697442860503,0.15,False,Binance US,Coinbase Pro
692,01-14-2021_02-51-32,DASH/USD,25.0,132.57,132.379,0.03601870709813731,-0.11398129290186268,0.15,False,Binance US,Coinbase Pro
693,01-14-2021_02-51-44,DASH/USD,25.0,132.34,132.214,0.023802327338674018,-0.12619767266132598,0.15,False,Binance US,Coinbase Pro
694,01-14-2021_02-51-55,DASH/USD,25.0,132.34,132.209,0.02474686413782685,-0.12525313586217315,0.15,False,Binance US,Coinbase Pro
695,01-14-2021_02-52-07,DASH/USD,25.0,132.34,132.21567218,0.023486440229709582,-0.06901355977029042,0.0925,False,Binance US,Bittrex
696,01-14-2021_02-52-20,DASH/USD,25.0,132.428,132.306,0.02303138309118647,-0.16196861690881353,0.185,False,Kraken,Coinbase Pro
697,01-14-2021_02-52-31,DASH/USD,25.0,132.425,132.251,0.03284878232962178,-0.1521512176703782,0.185,False,Kraken,Coinbase Pro
698,01-14-2021_02-52-43,DASH/USD,25.0,132.399,132.24,0.030022885369223297,-0.1549771146307767,0.185,False,Kraken,Coinbase Pro
699,01-14-2021_02-52-53,DASH/USD,25.0,132.409,132.246,0.030775853605114173,-0.15422414639488582,0.185,False,Kraken,Coinbase Pro
700,01-14-2021_02-53-03,DASH/USD,25.0,132.304,132.161,0.027021102914500068,-0.15797889708549992,0.185,False,Kraken,Coinbase Pro
701,01-14-2021_02-53-14,DASH/USD,25.0,132.278,131.96,0.06010069701688558,-0.12489930298311441,0.185,False,Kraken,Coinbase Pro
702,01-14-2021_02-53-25,DASH/USD,25.0,132.29,132.10864373,0.0342724828029293,-0.0582275171970707,0.0925,False,Binance US,Bittrex
703,01-14-2021_02-53-36,DASH/USD,25.0,132.29,132.173,0.02211051477813709,-0.12788948522186291,0.15,False,Binance US,Coinbase Pro
704,01-14-2021_02-53-45,DASH/USD,25.0,132.29,132.187,0.01946481215511003,-0.07553518784488997,0.095,False,Binance US,Kraken
705,01-14-2021_02-53-56,DASH/USD,25.0,132.24211126,132.135,0.020249083098314295,-0.1622509069016857,0.18249999,False,Bittrex,Coinbase Pro
706,01-14-2021_02-54-07,DASH/USD,25.0,132.23537433,132.134,0.019165508948279307,-0.16333449105172068,0.1825,False,Bittrex,Coinbase Pro
707,01-14-2021_02-54-17,DASH/USD,25.0,132.33823556,131.87,0.08845432274705144,0.02576432274705144,0.06269,True,Bittrex,Binance US
708,01-14-2021_02-54-28,DASH/USD,25.0,132.33823547,131.87,0.08845430580532058,0.02576430580532059,0.06269,True,Bittrex,Binance US
709,01-14-2021_02-54-38,DASH/USD,25.0,132.37,132.205,0.031162650147312843,-0.11883734985268715,0.15,False,Binance US,Coinbase Pro
710,01-14-2021_02-54-47,DASH/USD,25.0,132.3382353,132.183,0.02932548171889052,-0.15317451828110948,0.1825,False,Bittrex,Coinbase Pro
711,01-14-2021_02-54-58,DASH/USD,25.0,132.33823522,132.183,0.029325466623826544,-0.15317453337617346,0.1825,False,Bittrex,Coinbase Pro
712,01-14-2021_02-55-08,DASH/USD,25.0,132.37,132.218,0.028707411044801547,-0.12129258895519845,0.15,False,Binance US,Coinbase Pro
713,01-14-2021_02-55-18,DASH/USD,25.0,132.356,132.218,0.026066064250960523,-0.15893393574903947,0.185,False,Kraken,Coinbase Pro
714,01-14-2021_02-55-28,DASH/USD,25.0,132.34,132.188,0.028713918694275205,-0.1562860813057248,0.185,False,Kraken,Coinbase Pro
715,01-14-2021_02-55-40,DASH/USD,25.0,132.341,132.228,0.021346370361414745,-0.16365362963858526,0.185,False,Kraken,Coinbase Pro
716,01-14-2021_02-55-51,DASH/USD,25.0,132.338,132.199,0.026258519850681887,-0.1687414801493181,0.195,False,Kraken,Coinbase Pro
717,01-14-2021_02-56-03,DASH/USD,25.0,132.34,132.28700257,0.010011604579115327,-0.08248839542088467,0.0925,False,Binance US,Bittrex
718,01-14-2021_02-56-15,DASH/USD,25.0,132.5,132.357,0.026981132075471828,-0.12301886792452817,0.15,False,Binance US,Coinbase Pro
719,01-14-2021_02-56-25,DASH/USD,25.0,132.60595848,132.437,0.0318534856835768,-0.09564651431642321,0.1275,False,Bittrex,Kraken
720,01-14-2021_02-56-36,DASH/USD,25.0,132.5,132.383,0.022075471698111363,-0.12792452830188863,0.15,False,Binance US,Coinbase Pro
721,01-14-2021_02-56-46,DASH/USD,25.0,132.434,132.341,0.017555914644273623,-0.16744408535572639,0.185,False,Kraken,Coinbase Pro
722,01-14-2021_02-56-56,DASH/USD,25.0,132.52,132.248,0.0513130093570819,-0.08868699064291809,0.13999999999999999,False,Binance US,Coinbase Pro
723,01-14-2021_02-57-07,DASH/USD,25.0,132.4,132.173,0.04286253776435118,-0.09713746223564881,0.13999999999999999,False,Binance US,Coinbase Pro
724,01-14-2021_02-57-18,DASH/USD,25.0,132.374,132.197,0.033428014564792274,-0.15157198543520772,0.185,False,Kraken,Coinbase Pro
725,01-14-2021_02-57-28,DASH/USD,25.0,132.328,132.019,0.05837766761380764,-0.12662233238619236,0.185,False,Kraken,Coinbase Pro
726,01-14-2021_02-57-40,DASH/USD,25.0,132.185,132.033,0.028747588606879607,-0.1562524113931204,0.185,False,Kraken,Coinbase Pro
727,01-14-2021_02-57-49,DASH/USD,25.0,132.182,132.055,0.024019911939594865,-0.16098008806040515,0.185,False,Kraken,Coinbase Pro
728,01-14-2021_02-58-01,DASH/USD,25.0,132.16959933,132.064,0.019974209374797044,-0.16252579062520295,0.1825,False,Bittrex,Coinbase Pro
729,01-14-2021_02-58-13,DASH/USD,25.0,132.169,132.033,0.025724640422493946,-0.15927535957750605,0.185,False,Kraken,Coinbase Pro
730,01-14-2021_02-58-24,DASH/USD,25.0,132.16842856,132.042,0.023914289020732248,-0.15858571097926774,0.1825,False,Bittrex,Coinbase Pro
731,01-14-2021_02-58-36,DASH/USD,25.0,132.2,132.049,0.028555219364595697,-0.1214447806354043,0.15,False,Binance US,Coinbase Pro
732,01-14-2021_02-58-48,DASH/USD,25.0,132.161,132.013,0.027996156203417825,-0.15700384379658217,0.185,False,Kraken,Coinbase Pro
733,01-14-2021_02-58-59,DASH/USD,25.0,132.15,132.04,0.020809685962923503,-0.16419031403707648,0.185,False,Kraken,Coinbase Pro
734,01-14-2021_02-59-11,DASH/USD,25.0,132.149,131.965,0.034809192653746435,-0.15019080734625356,0.185,False,Kraken,Coinbase Pro
735,01-14-2021_02-59-23,DASH/USD,25.0,132.21,132.012,0.03744043567052558,-0.10255956432947441,0.13999999999999999,False,Binance US,Coinbase Pro
736,01-14-2021_02-59-34,DASH/USD,25.0,132.19318451,132.061,0.02499835950128021,-0.15750164049871979,0.1825,False,Bittrex,Coinbase Pro
737,01-14-2021_02-59-44,DASH/USD,25.0,132.19318448,131.962,0.04372095295786622,-0.13877904704213379,0.1825,False,Bittrex,Coinbase Pro
738,01-14-2021_02-59-55,DASH/USD,25.0,132.22,132.038,0.03441234306458704,-0.10558765693541294,0.13999999999999999,False,Binance US,Coinbase Pro
739,01-14-2021_03-00-07,DASH/USD,25.0,132.22,132.054,0.03138708213583361,-0.10861291786416638,0.13999999999999999,False,Binance US,Coinbase Pro
740,01-14-2021_03-00-18,DASH/USD,25.0,132.22,132.09,0.024580245046134368,-0.11541975495386561,0.13999999999999999,False,Binance US,Coinbase Pro
741,01-14-2021_03-00-29,DASH/USD,25.0,132.22,131.972,0.046891544395702325,-0.09310845560429766,0.13999999999999999,False,Binance US,Coinbase Pro
742,01-14-2021_03-00-41,DASH/USD,25.0,132.22,132.077,0.02703826955074888,-0.1129617304492511,0.13999999999999999,False,Binance US,Coinbase Pro
743,01-14-2021_03-00-51,DASH/USD,25.0,132.22,132.063,0.02968537286341149,-0.11031462713658849,0.13999999999999999,False,Binance US,Coinbase Pro
744,01-14-2021_03-01-03,DASH/USD,25.0,132.22,132.021,0.03762668280139394,-0.10237331719860604,0.13999999999999999,False,Binance US,Coinbase Pro
745,01-14-2021_03-01-14,DASH/USD,25.0,132.22,131.893,0.061828770231432115,-0.07817122976856787,0.13999999999999999,False,Binance US,Coinbase Pro
746,01-14-2021_03-01-26,DASH/USD,25.0,132.04,131.922,0.022341714631928772,-0.16265828536807123,0.185,False,Kraken,Coinbase Pro
747,01-14-2021_03-01-38,DASH/USD,25.0,132.012,131.862,0.02840650849922842,-0.15659349150077156,0.185,False,Kraken,Coinbase Pro
748,01-14-2021_03-01-48,DASH/USD,25.0,132.083,131.919,0.031041087800850086,-0.15395891219914992,0.185,False,Kraken,Coinbase Pro
749,01-14-2021_03-02-00,DASH/USD,25.0,132.011,131.845,0.03143677420820932,-0.1535632257917907,0.185,False,Kraken,Coinbase Pro
750,01-14-2021_03-02-12,DASH/USD,25.0,132.77713492,132.007,0.14500518490326297,-0.03749481509673702,0.1825,False,Bittrex,Coinbase Pro
751,01-14-2021_03-02-23,DASH/USD,25.0,132.77713485,131.97,0.15197173272940434,0.08928173272940435,0.06269,True,Bittrex,Binance US
752,01-14-2021_03-02-34,DASH/USD,25.0,132.7771347,132.048,0.13728544106020743,-0.045214558939792565,0.1825,False,Bittrex,Coinbase Pro
753,01-14-2021_03-02-45,DASH/USD,25.0,132.77713458,132.103,0.12692971988972454,-0.0005702801102754618,0.1275,False,Bittrex,Kraken
754,01-14-2021_03-02-56,DASH/USD,25.0,132.77713447,132.103,0.1269296992834824,-0.0005703007165175911,0.1275,False,Bittrex,Kraken
755,01-14-2021_03-03-09,DASH/USD,25.0,132.77713433,132.055,0.13596737375827442,-0.04653262624172558,0.1825,False,Bittrex,Coinbase Pro
756,01-14-2021_03-03-20,DASH/USD,25.0,132.77713424,132.103,0.1269296561977072,-0.0005703438022927887,0.1275,False,Bittrex,Kraken
757,01-14-2021_03-03-32,DASH/USD,25.0,132.77713409,132.103,0.1269296280982855,-0.0005703719017144948,0.1275,False,Bittrex,Kraken
758,01-14-2021_03-03-45,DASH/USD,25.0,132.77713398,132.101,0.12730617835557587,-0.05519382164442413,0.1825,False,Bittrex,Coinbase Pro
759,01-14-2021_03-04-08,DASH/USD,25.0,132.77713378,132.103,0.12692957002615102,-0.0005704299738489849,0.1275,False,Bittrex,Kraken
760,01-14-2021_03-04-20,DASH/USD,25.0,132.77713362,132.103,0.1269295400534329,-0.0005704599465670979,0.1275,False,Bittrex,Kraken
761,01-14-2021_03-04-43,DASH/USD,25.0,132.7771334,132.169,0.11450266029014632,-0.06799733970985368,0.1825,False,Bittrex,Coinbase Pro
762,01-14-2021_03-04-54,DASH/USD,25.0,132.7771333,132.174,0.11356121438419323,-0.06893878561580677,0.1825,False,Bittrex,Coinbase Pro
763,01-14-2021_03-05-18,DASH/USD,25.0,132.77713312,132.129,0.1220340251310909,-0.06046597486890909,0.1825,False,Bittrex,Coinbase Pro
764,01-14-2021_03-05-28,DASH/USD,25.0,132.77713297,132.087,0.1299419852204404,-0.0525580147795596,0.1825,False,Bittrex,Coinbase Pro
765,01-14-2021_03-05-40,DASH/USD,25.0,132.77713283,132.096,0.1282473900969224,-0.05425260990307759,0.1825,False,Bittrex,Coinbase Pro
766,01-14-2021_03-06-03,DASH/USD,25.0,132.77713259,132.089,0.12956534317638882,-0.052934656823611176,0.1825,False,Bittrex,Coinbase Pro
767,01-14-2021_03-06-15,DASH/USD,25.0,132.77713246,132.146,0.11883304909264711,-0.06366695090735289,0.1825,False,Bittrex,Coinbase Pro
768,01-14-2021_03-06-37,DASH/USD,25.0,132.77713226,132.025,0.14161554915329744,-0.04088445084670256,0.1825,False,Bittrex,Coinbase Pro
769,01-14-2021_03-06-47,DASH/USD,25.0,132.77713216,132.087,0.12994183350194502,-0.052558166498054976,0.1825,False,Bittrex,Coinbase Pro
770,01-14-2021_03-06-58,DASH/USD,25.0,132.77713205,132.026,0.1414272244028326,-0.041072775597167405,0.1825,False,Bittrex,Coinbase Pro
771,01-14-2021_03-07-10,DASH/USD,25.0,132.77713196,132.004,0.1455694871148655,-0.03693051288513449,0.1825,False,Bittrex,Coinbase Pro
772,01-14-2021_03-07-21,DASH/USD,25.0,132.77713184,131.992,0.147828889869779,-0.034671110130221006,0.1825,False,Bittrex,Coinbase Pro
773,01-14-2021_03-07-44,DASH/USD,25.0,132.77713164,132.004,0.1455694272143569,-0.0369305727856431,0.1825,False,Bittrex,Coinbase Pro
774,01-14-2021_03-07-55,DASH/USD,25.0,132.77713157,131.997,0.14688741215739695,-0.035612587842603044,0.1825,False,Bittrex,Coinbase Pro
775,01-14-2021_03-08-08,DASH/USD,25.0,132.77713157,132.075,0.1322011482131324,-0.050298851786867604,0.1825,False,Bittrex,Coinbase Pro
776,01-14-2021_03-08-31,DASH/USD,25.0,132.77713157,132.14,0.11996259492624167,-0.06253740507375832,0.1825,False,Bittrex,Coinbase Pro
777,01-14-2021_03-08-42,DASH/USD,25.0,132.77713157,132.184,0.1116780357781902,-0.0158219642218098,0.1275,False,Bittrex,Kraken
778,01-14-2021_03-08-54,DASH/USD,25.0,132.77713157,132.281,0.09341434856544338,-0.03408565143455662,0.1275,False,Bittrex,Kraken
779,01-14-2021_03-09-05,DASH/USD,25.0,132.77713153,132.266,0.09623862259076478,-0.08626137740923522,0.1825,False,Bittrex,Coinbase Pro
780,01-14-2021_03-09-17,DASH/USD,25.0,132.77713141,132.281,0.09341431855234336,-0.03408568144765664,0.1275,False,Bittrex,Kraken
781,01-14-2021_03-09-27,DASH/USD,25.0,132.77713132,132.268,0.09586201233195812,-0.08663798766804187,0.1825,False,Bittrex,Coinbase Pro
782,01-14-2021_03-09-50,DASH/USD,25.0,132.77713107,132.281,0.0934142547744969,-0.0340857452255031,0.1275,False,Bittrex,Kraken
783,01-14-2021_03-10-03,DASH/USD,25.0,132.77713096,132.281,0.09341423414048815,-0.034085765859511855,0.1275,False,Bittrex,Kraken
784,01-14-2021_03-10-14,DASH/USD,25.0,132.77713081,132.251,0.09906276909102306,-0.08343723090897694,0.1825,False,Bittrex,Coinbase Pro
785,01-14-2021_03-10-37,DASH/USD,25.0,132.77713057,132.269,0.09567358622276174,-0.08682641377723825,0.1825,False,Bittrex,Coinbase Pro
786,01-14-2021_03-10-48,DASH/USD,25.0,132.77713029,132.257,0.09793295894857326,-0.08456704105142673,0.1825,False,Bittrex,Coinbase Pro
787,01-14-2021_03-11-00,DASH/USD,25.0,132.77713016,132.211,0.10659406467774196,-0.07590593532225803,0.1825,False,Bittrex,Coinbase Pro
788,01-14-2021_03-11-13,DASH/USD,25.0,132.77712992,132.121,0.12353970905895294,-0.05896029094104706,0.1825,False,Bittrex,Coinbase Pro
789,01-14-2021_03-11-36,DASH/USD,25.0,132.77712964,132.0,0.14632219458784768,0.08363219458784768,0.06269,True,Bittrex,Binance US
790,01-14-2021_03-11-48,DASH/USD,25.0,132.77712952,132.0,0.14632217212583487,0.08363217212583487,0.06269,True,Bittrex,Binance US
791,01-14-2021_03-12-12,DASH/USD,25.0,132.77712926,132.0,0.1463221234581483,0.0836321234581483,0.06269,True,Bittrex,Binance US
792,01-14-2021_03-12-37,DASH/USD,25.0,132.777129,132.0,0.14632207479045622,0.08363207479045623,0.06269,True,Bittrex,Binance US
793,01-14-2021_03-12-50,DASH/USD,25.0,132.77712888,132.0,0.1463220523284432,0.0836320523284432,0.06269,True,Bittrex,Binance US
794,01-14-2021_03-13-13,DASH/USD,25.0,132.77712861,132.0,0.1463220017889204,0.08363200178892041,0.06269,True,Bittrex,Binance US
795,01-14-2021_03-13-25,DASH/USD,25.0,132.77712844,132.0,0.14632196996773908,0.08363196996773908,0.06269,True,Bittrex,Binance US
796,01-14-2021_03-13-37,DASH/USD,25.0,132.77712831,132.0,0.14632194563389012,0.08363194563389012,0.06269,True,Bittrex,Binance US
797,01-14-2021_03-13-51,DASH/USD,25.0,132.77712813,132.0,0.14632191194087288,0.08363191194087288,0.06269,True,Bittrex,Binance US
798,01-14-2021_03-14-03,DASH/USD,25.0,132.77712791,132.0,0.14632187076051775,0.08363187076051776,0.06269,True,Bittrex,Binance US
799,01-14-2021_03-14-14,DASH/USD,25.0,132.77712782,132.0,0.14632185391401173,0.08363185391401173,0.06269,True,Bittrex,Binance US
800,01-14-2021_03-14-26,DASH/USD,25.0,132.77712772,132.0,0.14632183519566985,0.08363183519566986,0.06269,True,Bittrex,Binance US
801,01-14-2021_03-14-39,DASH/USD,25.0,132.77712761,132.0,0.1463218146054922,0.08363181460549221,0.06269,True,Bittrex,Binance US
802,01-14-2021_03-14-50,DASH/USD,25.0,132.77712746,132.0,0.14632178652797664,0.08363178652797665,0.06269,True,Bittrex,Binance US
803,01-14-2021_03-15-03,DASH/USD,25.0,132.7771273,132.0,0.14632175657862526,0.08363175657862526,0.06269,True,Bittrex,Binance US
804,01-14-2021_03-15-14,DASH/USD,25.0,132.77712722,132.0,0.14632174160395484,0.08363174160395484,0.06269,True,Bittrex,Binance US
805,01-14-2021_03-15-26,DASH/USD,25.0,132.77712712,132.0,0.1463217228856075,0.0836317228856075,0.06269,True,Bittrex,Binance US
806,01-14-2021_03-15-39,DASH/USD,25.0,132.77712703,132.0,0.14632170603910125,0.08363170603910125,0.06269,True,Bittrex,Binance US
807,01-14-2021_03-15-52,DASH/USD,25.0,132.77712695,132.0,0.14632169106442547,0.08363169106442547,0.06269,True,Bittrex,Binance US
808,01-14-2021_03-16-06,DASH/USD,25.0,132.77712683,132.0,0.14632166860241175,0.08363166860241175,0.06269,True,Bittrex,Binance US
809,01-14-2021_03-16-19,DASH/USD,25.0,132.77712675,132.0,0.14632165362774122,0.08363165362774122,0.06269,True,Bittrex,Binance US
810,01-14-2021_03-16-32,DASH/USD,25.0,132.77712665,132.0,0.14632163490939906,0.08363163490939907,0.06269,True,Bittrex,Binance US
811,01-14-2021_03-16-43,DASH/USD,25.0,132.77712649,132.0,0.1463216049600473,0.08363160496004732,0.06269,True,Bittrex,Binance US
812,01-14-2021_03-17-06,DASH/USD,25.0,132.77712629,131.969,0.15215841624614254,-0.030341583753857454,0.1825,False,Bittrex,Coinbase Pro
813,01-14-2021_03-17-29,DASH/USD,25.0,132.77712607,131.981,0.14989894975967036,-0.03260105024032964,0.1825,False,Bittrex,Coinbase Pro
814,01-14-2021_03-17-42,DASH/USD,25.0,132.77712595,131.907,0.1638320500941653,-0.018667949905834702,0.1825,False,Bittrex,Coinbase Pro
815,01-14-2021_03-17-54,DASH/USD,25.0,132.77712581,131.925,0.16044288592663086,-0.022057114073369133,0.1825,False,Bittrex,Coinbase Pro
816,01-14-2021_03-18-17,DASH/USD,25.0,132.77712556,131.897,0.16571483158111727,-0.016785168418882723,0.1825,False,Bittrex,Coinbase Pro
817,01-14-2021_03-18-42,DASH/USD,25.0,132.77712529,131.818,0.18058933116399725,-0.0019106688360027435,0.1825,False,Bittrex,Coinbase Pro
818,01-14-2021_03-18-56,DASH/USD,25.0,132.77712506,131.708,0.2013006870567658,0.018800687056765797,0.1825,True,Bittrex,Coinbase Pro
819,01-14-2021_03-19-21,DASH/USD,25.0,132.77712474,131.66,0.21033832864424631,0.02783832864424632,0.1825,True,Bittrex,Coinbase Pro
820,01-14-2021_03-19-45,DASH/USD,25.0,132.7771245,131.65,0.21222113828802033,0.08472113828802033,0.1275,True,Bittrex,Kraken
821,01-14-2021_03-20-09,DASH/USD,25.0,132.7771242,131.63,0.2159867911945647,0.0884867911945647,0.1275,True,Bittrex,Kraken
822,01-14-2021_03-20-35,DASH/USD,25.0,132.77712394,131.6,0.22163530604336748,0.039135306043367485,0.1825,True,Bittrex,Coinbase Pro
823,01-14-2021_03-20-49,DASH/USD,25.0,132.77712379,131.6,0.22163527805093378,0.09413527805093377,0.1275,True,Bittrex,Kraken
824,01-14-2021_03-21-00,DASH/USD,25.0,132.77712368,131.672,0.2080787053844077,0.0805787053844077,0.1275,True,Bittrex,Kraken
825,01-14-2021_03-21-26,DASH/USD,25.0,132.77712337,131.672,0.20807864750173063,0.08057864750173063,0.1275,True,Bittrex,Kraken
826,01-14-2021_03-21-40,DASH/USD,25.0,132.77712318,131.672,0.20807861202524824,0.08057862202524824,0.12749999,True,Bittrex,Kraken
827,01-14-2021_03-21-53,DASH/USD,25.0,132.77712304,131.672,0.20807858588468392,0.08057858588468392,0.1275,True,Bittrex,Kraken
828,01-14-2021_03-22-16,DASH/USD,25.0,132.77712273,131.983,0.14952175376153332,0.022021753761533314,0.1275,True,Bittrex,Kraken
829,01-14-2021_03-22-28,DASH/USD,25.0,132.77712252,131.983,0.14952171445807325,0.022021714458073244,0.1275,True,Bittrex,Kraken
830,01-14-2021_03-22-41,DASH/USD,25.0,132.77712238,131.983,0.14952168825576645,0.022021688255766447,0.1275,True,Bittrex,Kraken
831,01-14-2021_03-22-54,DASH/USD,25.0,132.77712225,131.983,0.14952166392504918,0.022021663925049173,0.1275,True,Bittrex,Kraken
832,01-14-2021_03-23-18,DASH/USD,25.0,132.77712201,131.983,0.14952161900680952,0.022021619006809517,0.1275,True,Bittrex,Kraken
833,01-14-2021_03-23-30,DASH/USD,25.0,132.77712189,131.983,0.14952159654768696,0.022021596547686956,0.1275,True,Bittrex,Kraken
834,01-14-2021_03-23-43,DASH/USD,25.0,132.77712179,131.983,0.14952157783175413,0.022021577831754124,0.1275,True,Bittrex,Kraken
835,01-14-2021_03-23-56,DASH/USD,25.0,132.77712165,131.983,0.14952155162944705,0.02202155162944705,0.1275,True,Bittrex,Kraken
836,01-14-2021_03-24-20,DASH/USD,25.0,132.77712147,132.197,0.10922843174662976,-0.018271568253370243,0.1275,False,Bittrex,Kraken
837,01-14-2021_03-24-33,DASH/USD,25.0,132.7771213,132.197,0.10922839987795431,-0.018271600122045692,0.1275,False,Bittrex,Kraken
838,01-14-2021_03-24-45,DASH/USD,25.0,132.77712125,132.368,0.07703157858605823,-0.05046842141394177,0.1275,False,Bittrex,Kraken
839,01-14-2021_03-24-56,DASH/USD,25.0,132.7771211,132.368,0.0770315504302633,-0.0504684495697367,0.1275,False,Bittrex,Kraken
840,01-14-2021_03-25-10,DASH/USD,25.0,132.77712088,132.368,0.0770315091351033,-0.0504684908648967,0.1275,False,Bittrex,Kraken
841,01-14-2021_03-25-21,DASH/USD,25.0,132.77712073,132.368,0.0770314809793082,-0.0504685190206918,0.1275,False,Bittrex,Kraken
842,01-14-2021_03-25-34,DASH/USD,25.0,132.77712057,132.368,0.0770314509464586,-0.05046854905354141,0.1275,False,Bittrex,Kraken
843,01-14-2021_03-25-46,DASH/USD,25.0,132.77712033,132.368,0.07703140589718939,-0.05046859410281061,0.1275,False,Bittrex,Kraken
844,01-14-2021_03-25-57,DASH/USD,25.0,132.7771202,132.368,0.07703138149550294,-0.05046861850449706,0.1275,False,Bittrex,Kraken
845,01-14-2021_03-26-10,DASH/USD,25.0,132.77712007,132.368,0.07703135709381112,-0.05046864290618888,0.1275,False,Bittrex,Kraken
846,01-14-2021_03-26-22,DASH/USD,25.0,132.77711993,132.368,0.07703133081507012,-0.050468669184929885,0.1275,False,Bittrex,Kraken
847,01-14-2021_03-26-45,DASH/USD,25.0,132.77711955,132.368,0.07703125948705934,-0.05046874051294066,0.1275,False,Bittrex,Kraken
848,01-14-2021_03-26-57,DASH/USD,25.0,132.77711941,132.368,0.07703123320831813,-0.05046876679168187,0.1275,False,Bittrex,Kraken
849,01-14-2021_03-27-09,DASH/USD,25.0,132.7771193,132.368,0.07703121256073496,-0.05046878743926504,0.1275,False,Bittrex,Kraken
850,01-14-2021_03-27-21,DASH/USD,25.0,132.77711922,132.368,0.07703119754430986,-0.050468802455690145,0.1275,False,Bittrex,Kraken
851,01-14-2021_03-27-33,DASH/USD,25.0,132.88,132.368,0.09632751354605668,0.01132751354605667,0.085,True,Binance US,Kraken
852,01-14-2021_03-27-46,DASH/USD,25.0,132.86,132.368,0.09257865422249334,-0.0024213457775066616,0.095,False,Binance US,Kraken
853,01-14-2021_03-27-58,DASH/USD,25.0,132.86,132.368,0.09257865422249334,-0.0024213457775066616,0.095,False,Binance US,Kraken
854,01-14-2021_03-28-10,DASH/USD,25.0,132.84,132.368,0.08882866606444,-0.0061713339355600055,0.095,False,Binance US,Kraken
855,01-14-2021_03-28-33,DASH/USD,25.0,132.84,132.368,0.08882866606444,-0.0061713339355600055,0.095,False,Binance US,Kraken
856,01-14-2021_03-28-45,DASH/USD,25.0,133.27039324,132.368,0.16927864060079237,0.041778640600792366,0.1275,True,Bittrex,Kraken
857,01-14-2021_03-28-57,DASH/USD,25.0,133.27039312,133.035,0.04415705440818424,-0.13834294559181576,0.1825,False,Bittrex,Coinbase Pro
858,01-14-2021_03-29-09,DASH/USD,25.0,133.27039295,133.19,0.01508079705860952,-0.047609202941390476,0.06269,False,Bittrex,Binance US
859,01-14-2021_03-29-22,DASH/USD,25.0,134.02538072,133.159,0.1616075842026519,0.03410758420265189,0.1275,True,Bittrex,Kraken
860,01-14-2021_03-29-35,DASH/USD,25.0,134.02538059,133.18,0.1576903916031608,0.09500039160316082,0.06269,True,Bittrex,Binance US
861,01-14-2021_03-29-46,DASH/USD,25.0,134.02538047,133.2,0.15395973268375662,0.09126973268375663,0.06269,True,Bittrex,Binance US
862,01-14-2021_03-30-09,DASH/USD,25.0,134.02538023,133.2,0.15395968819181455,0.09126968819181455,0.06269,True,Bittrex,Binance US
863,01-14-2021_03-30-20,DASH/USD,25.0,134.02538013,133.2,0.15395966965350577,0.09126966965350577,0.06269,True,Bittrex,Binance US
864,01-14-2021_03-30-32,DASH/USD,25.0,134.02538,133.2,0.1539596455537048,0.09126964555370481,0.06269,True,Bittrex,Binance US
865,01-14-2021_03-30-43,DASH/USD,25.0,134.02537987,133.2,0.15395962145389855,0.09126962145389855,0.06269,True,Bittrex,Binance US
866,01-14-2021_03-30-55,DASH/USD,25.0,134.02537974,133.2,0.1539595973540975,0.09126959735409751,0.06269,True,Bittrex,Binance US
867,01-14-2021_03-31-08,DASH/USD,25.0,134.02537961,133.153,0.16272656950096512,-0.019773430499034877,0.1825,False,Bittrex,Coinbase Pro
868,01-14-2021_03-31-18,DASH/USD,25.0,134.02537952,133.051,0.18175280000878702,-0.0007471999912129768,0.1825,False,Bittrex,Coinbase Pro
869,01-14-2021_03-31-28,DASH/USD,25.0,134.02537945,133.096,0.17335885445985935,-0.009141145540140644,0.1825,False,Bittrex,Coinbase Pro
870,01-14-2021_03-31-39,DASH/USD,25.0,134.02537932,133.051,0.1817527629736436,-0.000747237026356401,0.1825,False,Bittrex,Coinbase Pro
871,01-14-2021_03-31-49,DASH/USD,25.0,134.02537924,132.858,0.21775339242084327,0.03525339242084327,0.1825,True,Bittrex,Coinbase Pro
872,01-14-2021_03-32-02,DASH/USD,25.0,134.02537911,132.924,0.2054422672246344,0.02294226722463441,0.1825,True,Bittrex,Coinbase Pro
873,01-14-2021_03-32-14,DASH/USD,25.0,134.02537894,132.939,0.2026442582352909,0.07514425823529089,0.1275,True,Bittrex,Kraken
874,01-14-2021_03-32-26,DASH/USD,25.0,134.02537882,132.933,0.2037634270497176,0.07626342704971759,0.1275,True,Bittrex,Kraken
875,01-14-2021_03-32-39,DASH/USD,25.0,134.02537874,133.106,0.17149340457816287,0.043993404578162865,0.1275,True,Bittrex,Kraken
876,01-14-2021_03-32-51,DASH/USD,25.0,134.02537866,133.2,0.1539593971403469,0.0912693971403469,0.06269,True,Bittrex,Binance US
877,01-14-2021_03-33-03,DASH/USD,25.0,134.0253786,133.2,0.15395938601736242,0.09126938601736242,0.06269,True,Bittrex,Binance US
878,01-14-2021_03-33-14,DASH/USD,25.0,134.02537856,133.2,0.15395937860203768,0.09126937860203768,0.06269,True,Bittrex,Binance US
879,01-14-2021_03-33-36,DASH/USD,25.0,134.02537835,133.22,0.15022870293579965,0.08753870293579966,0.06269,True,Bittrex,Binance US
880,01-14-2021_03-33-48,DASH/USD,25.0,134.02537829,133.22,0.15022869181113974,0.08753869181113974,0.06269,True,Bittrex,Binance US
881,01-14-2021_03-33-58,DASH/USD,25.0,134.02537818,133.22,0.15022867141593602,0.08753867141593602,0.06269,True,Bittrex,Binance US
882,01-14-2021_03-34-10,DASH/USD,25.0,134.02537809,133.22,0.15022865472895397,0.08753865472895397,0.06269,True,Bittrex,Binance US
883,01-14-2021_03-34-33,DASH/USD,25.0,134.02537786,133.05,0.18193902445454008,-0.0005609755454599186,0.1825,False,Bittrex,Coinbase Pro
884,01-14-2021_03-34-44,DASH/USD,25.0,134.02537772,133.059,0.18026021199114084,-0.002239788008859156,0.1825,False,Bittrex,Coinbase Pro
885,01-14-2021_03-34-58,DASH/USD,25.0,134.02537751,132.972,0.19648844300427257,0.013988443004272572,0.1825,True,Bittrex,Coinbase Pro
886,01-14-2021_03-35-10,DASH/USD,25.0,134.02537739,132.969,0.19704801631075536,0.014548016310755363,0.1825,True,Bittrex,Coinbase Pro
887,01-14-2021_03-35-22,DASH/USD,25.0,134.02537727,132.975,0.1959288030736115,0.013428803073611495,0.1825,True,Bittrex,Coinbase Pro
888,01-14-2021_03-35-34,DASH/USD,25.0,134.02537715,132.999,0.1914520167421894,0.0089520167421894,0.1825,False,Bittrex,Coinbase Pro
889,01-14-2021_03-35-57,DASH/USD,25.0,134.02537687,133.02,0.18753479629741554,0.005034806297415539,0.18249999,False,Bittrex,Coinbase Pro
890,01-14-2021_03-36-09,DASH/USD,25.0,134.02537673,133.13,0.1670162680840258,0.10432626808402581,0.06269,True,Bittrex,Binance US
891,01-14-2021_03-36-32,DASH/USD,25.0,134.02537645,133.103,0.1720525758687398,-0.010447424131260208,0.1825,False,Bittrex,Coinbase Pro
892,01-14-2021_03-36-44,DASH/USD,25.0,134.02537633,133.077,0.17690238146858298,-0.00559761853141702,0.1825,False,Bittrex,Coinbase Pro
893,01-14-2021_03-36-54,DASH/USD,25.0,134.02537627,133.033,0.18510977130197287,0.002609771301972874,0.1825,False,Bittrex,Coinbase Pro
894,01-14-2021_03-37-06,DASH/USD,25.0,134.02537613,133.008,0.18977304137784745,0.007273041377847456,0.1825,False,Bittrex,Coinbase Pro
895,01-14-2021_03-37-18,DASH/USD,25.0,134.02537604,132.993,0.19257100231748073,0.010071002317480732,0.1825,True,Bittrex,Coinbase Pro
896,01-14-2021_03-37-41,DASH/USD,25.0,134.02537569,132.895,0.2108510579023757,0.08335105790237571,0.1275,True,Bittrex,Kraken
897,01-14-2021_03-37-52,DASH/USD,25.0,134.02537553,132.913,0.20749345517614085,0.07999345517614084,0.1275,True,Bittrex,Kraken
898,01-14-2021_03-38-14,DASH/USD,25.0,134.0253753,132.907,0.2086126036761034,0.0811126036761034,0.1275,True,Bittrex,Kraken
899,01-14-2021_03-38-26,DASH/USD,25.0,134.02537515,132.821,0.2246543142766954,0.042154314276695415,0.1825,True,Bittrex,Coinbase Pro
900,01-14-2021_03-38-38,DASH/USD,25.0,134.02537499,132.894,0.21103746027280254,0.08353746027280254,0.1275,True,Bittrex,Kraken
901,01-14-2021_03-38-49,DASH/USD,25.0,134.02537485,132.789,0.23062327775313893,0.04812327775313893,0.1825,True,Bittrex,Coinbase Pro
902,01-14-2021_03-39-12,DASH/USD,25.0,134.02537458,132.785,0.2313693552222878,0.0488693552222878,0.1825,True,Bittrex,Coinbase Pro
903,01-14-2021_03-39-23,DASH/USD,25.0,134.02537447,132.843,0.2205504880467008,0.0380504880467008,0.1825,True,Bittrex,Coinbase Pro
904,01-14-2021_03-39-35,DASH/USD,25.0,134.02537422,132.848,0.21961778261244652,0.09211778261244652,0.1275,True,Bittrex,Kraken
905,01-14-2021_03-39-47,DASH/USD,25.0,134.025374,132.767,0.23472682120625968,0.05222682120625968,0.1825,True,Bittrex,Coinbase Pro
906,01-14-2021_03-39-58,DASH/USD,25.0,134.0253739,132.784,0.23155576139750902,0.04905576139750903,0.1825,True,Bittrex,Coinbase Pro
907,01-14-2021_03-40-08,DASH/USD,25.0,134.0253738,132.717,0.24405337640625147,0.11655337640625146,0.1275,True,Bittrex,Kraken
908,01-14-2021_03-40-18,DASH/USD,25.0,134.0253737,132.711,0.2451725489947237,0.11767514899472373,0.12749739999999998,True,Bittrex,Kraken
909,01-14-2021_03-40-40,DASH/USD,25.0,134.0253734,132.654,0.2558048086736407,0.0733048086736407,0.1825,True,Bittrex,Coinbase Pro
910,01-14-2021_03-41-04,DASH/USD,25.0,134.02537304,132.79,0.23043641140086862,0.10293641140086862,0.1275,True,Bittrex,Kraken
911,01-14-2021_03-41-17,DASH/USD,25.0,134.0253728,132.79,0.2304363670458713,0.10293636704587131,0.1275,True,Bittrex,Kraken
912,01-14-2021_03-41-40,DASH/USD,25.0,134.02537246,132.79,0.23043630420962005,0.10293630420962005,0.1275,True,Bittrex,Kraken
913,01-14-2021_03-41-51,DASH/USD,25.0,134.02537234,132.79,0.2304362820321186,0.1029362820321186,0.1275,True,Bittrex,Kraken
914,01-14-2021_03-42-02,DASH/USD,25.0,134.0253722,132.79,0.2304362561583695,0.10293625615836949,0.1275,True,Bittrex,Kraken
915,01-14-2021_03-42-14,DASH/USD,25.0,134.02537209,132.79,0.2304362358289944,0.10293623582899439,0.1275,True,Bittrex,Kraken
916,01-14-2021_03-42-35,DASH/USD,25.0,133.88444996,132.79,0.2043646518186024,0.07686465181860239,0.1275,True,Bittrex,Kraken
917,01-14-2021_03-42-45,DASH/USD,25.0,133.88444982,132.79,0.20436462589035162,0.07686462589035162,0.1275,True,Bittrex,Kraken
918,01-14-2021_03-42-56,DASH/USD,25.0,133.8844497,132.79,0.20436460366614417,0.07686460366614417,0.1275,True,Bittrex,Kraken
919,01-14-2021_03-43-07,DASH/USD,25.0,133.88444958,132.79,0.2043645814419314,0.0768645814419314,0.1275,True,Bittrex,Kraken
920,01-14-2021_03-43-17,DASH/USD,25.0,133.88444952,132.79,0.20436457032982763,0.07686457032982763,0.1275,True,Bittrex,Kraken
921,01-14-2021_03-43-29,DASH/USD,25.0,133.88444939,132.79,0.20436454625359574,0.07686454625359573,0.1275,True,Bittrex,Kraken
922,01-14-2021_03-43-40,DASH/USD,25.0,133.88444924,132.79,0.20436451847333623,0.07686451847333622,0.1275,True,Bittrex,Kraken
923,01-14-2021_03-43-51,DASH/USD,25.0,133.88444908,132.79,0.20436448884105232,0.07686448884105232,0.1275,True,Bittrex,Kraken
924,01-14-2021_03-44-01,DASH/USD,25.0,133.88444894,132.79,0.20436446291280652,0.07686446291280652,0.1275,True,Bittrex,Kraken
925,01-14-2021_03-44-12,DASH/USD,25.0,133.88444878,132.79,0.20436443328052772,0.07686443328052772,0.1275,True,Bittrex,Kraken
926,01-14-2021_03-44-22,DASH/USD,25.0,133.88444868,132.79,0.20436441476034753,0.07686441476034753,0.1275,True,Bittrex,Kraken
927,01-14-2021_03-44-33,DASH/USD,25.0,133.88444857,132.79,0.20436439438815351,0.07686439438815351,0.1275,True,Bittrex,Kraken
928,01-14-2021_03-44-44,DASH/USD,25.0,133.88444845,132.79,0.20436437216394562,0.07686437216394562,0.1275,True,Bittrex,Kraken
929,01-14-2021_03-44-55,DASH/USD,25.0,133.88444837,132.79,0.20436435734780353,0.07686435734780353,0.1275,True,Bittrex,Kraken
930,01-14-2021_03-45-06,DASH/USD,25.0,133.88444822,132.79,0.2043643295675383,0.0768643295675383,0.1275,True,Bittrex,Kraken
931,01-14-2021_03-45-16,DASH/USD,25.0,133.8844481,132.79,0.20436430734332503,0.07686430734332503,0.1275,True,Bittrex,Kraken
932,01-14-2021_03-45-25,DASH/USD,25.0,133.88444799,132.79,0.2043642869711361,0.07686428697113609,0.1275,True,Bittrex,Kraken
933,01-14-2021_03-45-35,DASH/USD,25.0,133.88444786,132.79,0.20436426289490367,0.07686426289490367,0.1275,True,Bittrex,Kraken
934,01-14-2021_03-45-45,DASH/USD,25.0,133.72227597,132.79,0.17429331860331898,0.04679331860331898,0.1275,True,Bittrex,Kraken
935,01-14-2021_03-45-57,DASH/USD,25.0,133.72227585,132.79,0.17429329632516802,0.046793296325168016,0.1275,True,Bittrex,Kraken
936,01-14-2021_03-46-07,DASH/USD,25.0,133.72227573,132.79,0.1742932740470223,0.0467932740470223,0.1275,True,Bittrex,Kraken
937,01-14-2021_03-46-19,DASH/USD,25.0,133.72227562,132.79,0.17429325362538517,0.04679325362538517,0.1275,True,Bittrex,Kraken
938,01-14-2021_03-46-30,DASH/USD,25.0,133.72227552,132.79,0.1742932350602619,0.046793235060261895,0.1275,True,Bittrex,Kraken
939,01-14-2021_03-46-42,DASH/USD,25.0,133.72227536,132.79,0.1742932053560604,0.04679320535606041,0.1275,True,Bittrex,Kraken
940,01-14-2021_03-46-53,DASH/USD,25.0,133.72227523,132.79,0.1742931812214006,-0.008206818778599384,0.1825,False,Bittrex,Coinbase Pro
941,01-14-2021_03-47-05,DASH/USD,25.0,133.7222751,132.751,0.1815843881046834,-0.0009156118953166092,0.1825,False,Bittrex,Coinbase Pro
942,01-14-2021_03-47-17,DASH/USD,25.0,133.72227497,132.766,0.1787800443520995,-0.003719955647900508,0.1825,False,Bittrex,Coinbase Pro
943,01-14-2021_03-47-29,DASH/USD,25.0,133.72227484,132.718,0.18775384303057335,0.0052538430305733574,0.1825,False,Bittrex,Coinbase Pro
944,01-14-2021_03-47-42,DASH/USD,25.0,133.72227468,132.744,0.18289299264857495,0.0003929926485749524,0.1825,False,Bittrex,Coinbase Pro
945,01-14-2021_03-47-54,DASH/USD,25.0,133.72227458,132.733,0.18494947515422377,0.002449475154223779,0.1825,False,Bittrex,Coinbase Pro
946,01-14-2021_03-48-16,DASH/USD,25.0,133.72227436,132.681,0.19467107573954454,0.01217107573954454,0.1825,True,Bittrex,Coinbase Pro
947,01-14-2021_03-48-26,DASH/USD,25.0,133.72227417,132.562,0.2169186429863085,0.034418642986308506,0.1825,True,Bittrex,Coinbase Pro
948,01-14-2021_03-48-50,DASH/USD,25.0,133.51072177,132.443,0.19993183990109878,0.07243183990109878,0.1275,True,Bittrex,Kraken
949,01-14-2021_03-49-03,DASH/USD,25.0,133.10932943,132.317,0.14881177626559006,-0.03368822373440994,0.1825,False,Bittrex,Coinbase Pro
950,01-14-2021_03-49-15,DASH/USD,25.0,133.10932932,132.225,0.16609078501816432,0.03859078501816432,0.1275,True,Bittrex,Kraken
951,01-14-2021_03-49-27,DASH/USD,25.0,133.10932924,132.129,0.1841210615358975,0.0016210615358975,0.1825,False,Bittrex,Coinbase Pro
952,01-14-2021_03-49-48,DASH/USD,25.0,133.09926279,132.144,0.17942676202256486,-0.0030732379774351393,0.1825,False,Bittrex,Coinbase Pro
953,01-14-2021_03-50-00,DASH/USD,25.0,133.09926269,132.165,0.17548231881944715,0.047982318819447145,0.1275,True,Bittrex,Kraken
954,01-14-2021_03-50-13,DASH/USD,25.0,133.09926263,131.995,0.20741336356417533,0.02491336356417534,0.1825,True,Bittrex,Coinbase Pro
955,01-14-2021_03-50-37,DASH/USD,25.0,133.09926247,132.192,0.1704108747793586,0.04291087477935859,0.1275,True,Bittrex,Kraken
956,01-14-2021_03-50-49,DASH/USD,25.0,133.09926239,132.283,0.15331835341210487,0.025818353412104866,0.1275,True,Bittrex,Kraken
957,01-14-2021_03-51-01,DASH/USD,25.0,133.09926224,132.29,0.15200351722100003,-0.030496482778999967,0.1825,False,Bittrex,Coinbase Pro
958,01-14-2021_03-51-12,DASH/USD,25.0,133.09926218,132.256,0.15838971722841044,0.03088971722841044,0.1275,True,Bittrex,Kraken
959,01-14-2021_03-51-23,DASH/USD,25.0,133.09926212,132.346,0.14148502929356213,0.013985029293562129,0.1275,True,Bittrex,Kraken
960,01-14-2021_03-51-35,DASH/USD,25.0,133.09926194,132.327,0.1450537607691848,0.0175537607691848,0.1275,True,Bittrex,Kraken
961,01-14-2021_03-51-46,DASH/USD,25.0,133.09926187,132.319,0.1465563856323443,-0.035943614367655696,0.1825,False,Bittrex,Coinbase Pro
962,01-14-2021_03-51-57,DASH/USD,25.0,133.09926177,132.367,0.13754053934299446,-0.04495946065700554,0.1825,False,Bittrex,Coinbase Pro
963,01-14-2021_03-52-09,DASH/USD,25.0,133.09926167,132.298,0.15050077287179334,-0.03199922712820666,0.1825,False,Bittrex,Coinbase Pro
964,01-14-2021_03-52-31,DASH/USD,25.0,133.09926139,132.338,0.14298753089421926,-0.03951246910578074,0.1825,False,Bittrex,Coinbase Pro
965,01-14-2021_03-52-44,DASH/USD,25.0,133.09926127,132.086,0.19032060364792788,0.007820603647927887,0.1825,False,Bittrex,Coinbase Pro
966,01-14-2021_03-52-56,DASH/USD,25.0,133.06906339,132.157,0.17135150852585895,0.04385150852585895,0.1275,True,Bittrex,Kraken
967,01-14-2021_03-53-21,DASH/USD,25.0,133.06906322,132.123,0.17773913731471697,-0.004760862685283029,0.1825,False,Bittrex,Coinbase Pro
968,01-14-2021_03-53-46,DASH/USD,25.0,132.85766689,131.649,0.2274364209256944,0.044936420925694415,0.1825,True,Bittrex,Coinbase Pro
969,01-14-2021_03-53-59,DASH/USD,25.0,132.6060044,131.619,0.18607837640268826,0.003578376402688266,0.1825,False,Bittrex,Coinbase Pro
970,01-14-2021_03-54-10,DASH/USD,25.0,132.60600431,131.654,0.1794798649868177,0.0519798649868177,0.1275,True,Bittrex,Kraken
971,01-14-2021_03-54-35,DASH/USD,25.0,132.26374349,131.246,0.19237008252320764,0.009870082523207646,0.1825,True,Bittrex,Coinbase Pro
972,01-14-2021_03-55-00,DASH/USD,25.0,132.12281219,131.334,0.1492573797297077,-0.03324262027029229,0.1825,False,Bittrex,Coinbase Pro
973,01-14-2021_03-55-24,DASH/USD,25.0,132.12281181,131.248,0.16553004700998183,-0.01696995299001816,0.1825,False,Bittrex,Coinbase Pro
974,01-14-2021_03-55-38,DASH/USD,25.0,132.12281168,131.225,0.1698820341059854,-0.012617965894014593,0.1825,False,Bittrex,Coinbase Pro
975,01-14-2021_03-56-01,DASH/USD,25.0,132.12281142,131.169,0.18047818725412226,0.05297818725412226,0.1275,True,Bittrex,Kraken
976,01-14-2021_03-56-26,DASH/USD,25.0,132.12281121,131.178,0.17877518676511886,0.05127518676511886,0.1275,True,Bittrex,Kraken
977,01-14-2021_03-56-40,DASH/USD,25.0,132.12281106,131.187,0.17707219754335582,0.04957219754335582,0.1275,True,Bittrex,Kraken
978,01-14-2021_03-57-03,DASH/USD,25.0,132.12281076,131.123,0.18918208639538986,0.0066820863953898635,0.1825,False,Bittrex,Coinbase Pro
979,01-14-2021_03-57-28,DASH/USD,25.0,132.12281041,131.205,0.17366615332202331,0.04616615332202331,0.1275,True,Bittrex,Kraken
980,01-14-2021_03-57-52,DASH/USD,25.0,132.12281024,131.205,0.17366612137843562,0.04616612137843562,0.1275,True,Bittrex,Kraken
981,01-14-2021_03-58-03,DASH/USD,25.0,132.12281014,131.205,0.1736661025880902,0.0461661025880902,0.1275,True,Bittrex,Kraken
982,01-14-2021_03-58-26,DASH/USD,25.0,132.11274591,131.205,0.171774854830884,0.044274854830884,0.1275,True,Bittrex,Kraken
983,01-14-2021_03-58-40,DASH/USD,25.0,132.11274578,131.205,0.17177483039971356,0.044274830399713555,0.1275,True,Bittrex,Kraken
984,01-14-2021_03-59-04,DASH/USD,25.0,132.05234674,131.205,0.16041872047687505,0.03291872047687505,0.1275,True,Bittrex,Kraken
985,01-14-2021_03-59-26,DASH/USD,25.0,132.05234649,131.205,0.1604186734508625,0.032918673450862496,0.1275,True,Bittrex,Kraken
986,01-14-2021_03-59-38,DASH/USD,25.0,132.05234636,131.205,0.16041864899733785,0.032918648997337846,0.1275,True,Bittrex,Kraken
987,01-14-2021_04-00-00,DASH/USD,25.0,132.05234611,131.205,0.160418601971325,0.032918601971324984,0.1275,True,Bittrex,Kraken
988,01-14-2021_04-00-13,DASH/USD,25.0,132.05234598,131.19,0.16325836046309647,-0.019241639536903526,0.1825,False,Bittrex,Coinbase Pro
989,01-14-2021_04-00-25,DASH/USD,25.0,132.05234579,131.205,0.16041854177802856,0.032918541778028554,0.1275,True,Bittrex,Kraken
990,01-14-2021_04-00-38,DASH/USD,25.0,132.05234564,131.205,0.16041851356241954,0.03291851356241954,0.1275,True,Bittrex,Kraken
991,01-14-2021_04-00-48,DASH/USD,25.0,132.05234554,131.205,0.16041849475201528,0.032918494752015276,0.1275,True,Bittrex,Kraken
992,01-14-2021_04-01-00,DASH/USD,25.0,132.05234541,131.205,0.16041847029848494,0.032918470298484936,0.1275,True,Bittrex,Kraken
993,01-14-2021_04-01-14,DASH/USD,25.0,132.05234526,131.205,0.1604184420828811,0.03291844208288111,0.1275,True,Bittrex,Kraken
994,01-14-2021_04-01-26,DASH/USD,25.0,132.05234514,131.205,0.16041841951039268,0.03291841951039268,0.1275,True,Bittrex,Kraken
995,01-14-2021_04-01-40,DASH/USD,25.0,132.05234494,131.205,0.16041838188958388,0.03291839188958387,0.12749999,True,Bittrex,Kraken
996,01-14-2021_04-01-51,DASH/USD,25.0,132.05234481,131.205,0.1604183574360533,0.032918357436053286,0.1275,True,Bittrex,Kraken
997,01-14-2021_04-02-14,DASH/USD,25.0,132.05234457,131.205,0.16041831229108142,0.032918312291081414,0.1275,True,Bittrex,Kraken
998,01-14-2021_04-02-26,DASH/USD,25.0,132.0523444,131.205,0.1604182803133931,0.03291828031339311,0.1275,True,Bittrex,Kraken
999,01-14-2021_04-02-39,DASH/USD,25.0,132.05234421,131.205,0.16041824457362064,0.032918244573620636,0.1275,True,Bittrex,Kraken
1000,01-14-2021_04-02-50,DASH/USD,25.0,132.05234407,131.028,0.19392765747819946,0.01142765747819946,0.1825,True,Bittrex,Coinbase Pro
1001,01-14-2021_04-03-14,DASH/USD,25.0,132.05234383,130.865,0.22478658756874317,0.04228658756874318,0.1825,True,Bittrex,Coinbase Pro
1002,01-14-2021_04-03-38,DASH/USD,25.0,132.05234347,130.79,0.23898543502312045,0.11148543502312044,0.1275,True,Bittrex,Kraken
1003,01-14-2021_04-03-50,DASH/USD,25.0,131.16,130.8,0.06861848124427898,-0.023881518755721018,0.0925,False,Binance US,Bittrex
1004,01-14-2021_04-04-01,DASH/USD,25.0,131.15,130.8,0.06671749904689178,-0.025782500953108217,0.0925,False,Binance US,Bittrex
1005,01-14-2021_04-04-24,DASH/USD,25.0,131.8610834,130.957,0.17140830650873046,-0.011091693491269539,0.1825,False,Bittrex,Coinbase Pro
1006,01-14-2021_04-04-36,DASH/USD,25.0,131.86108321,130.934,0.17576892048648415,0.04826892048648415,0.1275,True,Bittrex,Kraken
1007,01-14-2021_04-04-48,DASH/USD,25.0,131.86108306,130.865,0.18885084152288273,0.006350841522882733,0.1825,False,Bittrex,Coinbase Pro
1008,01-14-2021_04-05-00,DASH/USD,25.0,131.86108292,130.865,0.18885081518030505,0.006350815180305058,0.1825,False,Bittrex,Coinbase Pro
1009,01-14-2021_04-05-11,DASH/USD,25.0,131.86108281,130.88,0.186006892460768,0.0035068924607679908,0.1825,False,Bittrex,Coinbase Pro
1010,01-14-2021_04-05-23,DASH/USD,25.0,131.86108268,130.914,0.1795606900745687,-0.0029393099254312882,0.1825,False,Bittrex,Coinbase Pro
1011,01-14-2021_04-05-34,DASH/USD,25.0,131.86108255,130.918,0.17880229173046205,-0.0036977082695379415,0.1825,False,Bittrex,Coinbase Pro
1012,01-14-2021_04-05-45,DASH/USD,25.0,131.86108241,130.918,0.17880226537721552,-0.003697734622784471,0.1825,False,Bittrex,Coinbase Pro
1013,01-14-2021_04-05-57,DASH/USD,25.0,131.86108222,130.918,0.17880222961209283,-0.0036977703879071677,0.1825,False,Bittrex,Coinbase Pro
1014,01-14-2021_04-06-08,DASH/USD,25.0,131.86108209,130.915,0.17937098554869074,-0.0031290144513092533,0.1825,False,Bittrex,Coinbase Pro
1015,01-14-2021_04-06-30,DASH/USD,25.0,131.86108165,130.909,0.18050846354482275,0.05300846354482275,0.1275,True,Bittrex,Kraken
1016,01-14-2021_04-06-55,DASH/USD,25.0,131.86108145,130.646,0.23037150852974705,0.10287150852974705,0.1275,True,Bittrex,Kraken
1017,01-14-2021_04-07-21,DASH/USD,25.0,131.86108126,130.734,0.21368724744825116,0.08618724744825115,0.1275,True,Bittrex,Kraken
1018,01-14-2021_04-07-34,DASH/USD,25.0,131.86108113,130.813,0.1987093388394726,0.07120933883947259,0.1275,True,Bittrex,Kraken
1019,01-14-2021_04-07-57,DASH/USD,25.0,131.86108089,130.708,0.21861660814117045,0.03611660814117046,0.1825,True,Bittrex,Coinbase Pro
1020,01-14-2021_04-08-10,DASH/USD,25.0,131.86108076,130.899,0.18240423073565445,-0.01009576926434555,0.1925,False,Bittrex,Coinbase Pro
1021,01-14-2021_04-08-32,DASH/USD,25.0,131.8610805,130.876,0.18676483164416532,0.05926483164416532,0.1275,True,Bittrex,Kraken
1022,01-14-2021_04-08-45,DASH/USD,25.0,131.86108036,130.826,0.19624447888150062,0.06874447888150062,0.1275,True,Bittrex,Kraken
1023,01-14-2021_04-09-09,DASH/USD,25.0,131.86108014,130.928,0.17690590335854642,0.049405903358546416,0.1275,True,Bittrex,Kraken
1024,01-14-2021_04-09-21,DASH/USD,25.0,131.86107999,130.909,0.18050815109208473,-0.0019918489079152613,0.1825,False,Bittrex,Coinbase Pro
1025,01-14-2021_04-09-43,DASH/USD,25.0,131.86107977,130.928,0.17690583370535487,0.04940583370535487,0.1275,True,Bittrex,Kraken
1026,01-14-2021_04-09-54,DASH/USD,25.0,131.79999991,130.928,0.16540210747258102,0.03790210747258102,0.1275,True,Bittrex,Kraken
1027,01-14-2021_04-10-07,DASH/USD,25.0,131.79999982,130.928,0.16540209051420873,0.03790209051420873,0.1275,True,Bittrex,Kraken
1028,01-14-2021_04-10-21,DASH/USD,25.0,131.79999967,130.86,0.17830039308679002,-0.0041996069132099745,0.1825,False,Bittrex,Coinbase Pro
1029,01-14-2021_04-10-43,DASH/USD,25.0,131.79999938,130.657,0.21680564973004024,0.034305649730040244,0.1825,True,Bittrex,Coinbase Pro
1030,01-14-2021_04-10-55,DASH/USD,25.0,131.79999928,130.559,0.2353944018929002,0.052894401892900206,0.1825,True,Bittrex,Coinbase Pro
1031,01-14-2021_04-11-18,DASH/USD,25.0,131.79999902,130.578,0.23179040764153686,0.10429040764153685,0.1275,True,Bittrex,Kraken
1032,01-14-2021_04-11-31,DASH/USD,25.0,131.79999892,130.687,0.21111512312598038,0.028615123125980385,0.1825,True,Bittrex,Coinbase Pro
1033,01-14-2021_04-11-43,DASH/USD,25.0,131.79999878,130.861,0.17811054413729407,0.05061054413729407,0.1275,True,Bittrex,Kraken
1034,01-14-2021_04-11-54,DASH/USD,25.0,131.79999866,130.861,0.1781105215376961,0.0506105215376961,0.1275,True,Bittrex,Kraken
1035,01-14-2021_04-12-07,DASH/USD,25.0,131.79999847,130.861,0.1781104857550006,0.0506104857550006,0.1275,True,Bittrex,Kraken
1036,01-14-2021_04-12-18,DASH/USD,25.0,131.79999842,130.861,0.1781104763385054,0.050610476338505406,0.1275,True,Bittrex,Kraken
1037,01-14-2021_04-12-29,DASH/USD,25.0,131.79999834,130.861,0.1781104612721067,0.050610461272106694,0.1275,True,Bittrex,Kraken
1038,01-14-2021_04-12-40,DASH/USD,25.0,131.79999823,130.839,0.18228342998969427,-0.00021657001030572776,0.1825,False,Bittrex,Coinbase Pro
1039,01-14-2021_04-12-51,DASH/USD,25.0,131.79999814,130.839,0.1822834130428492,-0.0002165869571507939,0.1825,False,Bittrex,Coinbase Pro
1040,01-14-2021_04-13-03,DASH/USD,25.0,131.79999802,130.839,0.18228339044705041,-0.0002166095529495815,0.1825,False,Bittrex,Coinbase Pro
1041,01-14-2021_04-13-25,DASH/USD,25.0,131.79999785,130.839,0.1822833584363394,-0.00021664156366060783,0.1825,False,Bittrex,Coinbase Pro
1042,01-14-2021_04-13-37,DASH/USD,25.0,131.79999768,130.861,0.1781103369743246,0.0506103369743246,0.1275,True,Bittrex,Kraken
1043,01-14-2021_04-13-48,DASH/USD,25.0,131.79999756,130.861,0.17811031437473163,0.050610314374731624,0.1275,True,Bittrex,Kraken
1044,01-14-2021_04-14-11,DASH/USD,25.0,131.79999729,130.861,0.17811026352563653,0.05061026352563652,0.1275,True,Bittrex,Kraken
1045,01-14-2021_04-14-24,DASH/USD,25.0,131.79999718,130.861,0.1781102428093393,0.05061024280933929,0.1275,True,Bittrex,Kraken
1046,01-14-2021_04-14-46,DASH/USD,25.0,131.79999694,130.861,0.17811019761014757,0.05061019761014757,0.1275,True,Bittrex,Kraken
1047,01-14-2021_04-14-58,DASH/USD,25.0,131.79999679,130.861,0.17811016936065066,0.05061016936065066,0.1275,True,Bittrex,Kraken
1048,01-14-2021_04-15-10,DASH/USD,25.0,131.79999668,130.861,0.17811014864435323,0.05061014864435323,0.1275,True,Bittrex,Kraken
1049,01-14-2021_04-15-21,DASH/USD,25.0,131.79999644,130.861,0.17811010344516118,0.050610103445161175,0.1275,True,Bittrex,Kraken
1050,01-14-2021_04-15-32,DASH/USD,25.0,131.79999633,130.928,0.16540143290609485,0.03790143290609485,0.1275,True,Bittrex,Kraken
1051,01-14-2021_04-15-44,DASH/USD,25.0,131.7999962,131.257,0.10299624727910359,-0.024503752720896416,0.1275,False,Bittrex,Kraken
1052,01-14-2021_04-15-56,DASH/USD,25.0,131.79999608,131.501,0.05671397740757711,-0.07078602259242289,0.1275,False,Bittrex,Kraken
1053,01-14-2021_04-16-07,DASH/USD,25.0,131.79999593,131.591,0.03964262831066124,-0.08785737168933877,0.1275,False,Bittrex,Kraken
1054,01-14-2021_04-16-17,DASH/USD,25.0,131.991,131.72,0.0513292572978489,-0.013860742702151096,0.06519,False,Kraken,Binance US
1055,01-14-2021_04-16-26,DASH/USD,25.0,131.986,131.72,0.05038413165032487,-0.014805868349675129,0.06519,False,Kraken,Binance US
1056,01-14-2021_04-16-38,DASH/USD,25.0,131.978,131.72,0.04887178166058164,-0.016318218339418357,0.06519,False,Kraken,Binance US
1057,01-14-2021_04-16-47,DASH/USD,25.0,132.074,131.72,0.06700788951648572,0.0018178895164857184,0.06519,False,Kraken,Binance US
1058,01-14-2021_04-16-57,DASH/USD,25.0,132.047,131.72,0.0619097745499705,-0.0032802254500294975,0.06519,False,Kraken,Binance US
1059,01-14-2021_04-17-08,DASH/USD,25.0,131.942,131.72,0.04206393718452206,-0.07812606281547793,0.12018999999999999,False,Coinbase Pro,Binance US
1060,01-14-2021_04-17-18,DASH/USD,25.0,132.019,131.72,0.0566206379384798,-0.008569362061520196,0.06519,False,Kraken,Binance US
1061,01-14-2021_04-17-28,DASH/USD,25.0,132.012,131.72,0.05529800321182953,-0.009891996788170467,0.06519,False,Kraken,Binance US
1062,01-14-2021_04-17-38,DASH/USD,25.0,132.12281175,131.72,0.0762191904381743,0.013529190438174299,0.06269,True,Bittrex,Binance US
1063,01-14-2021_04-17-49,DASH/USD,25.0,132.12281163,131.72,0.07621916780125106,0.01352916780125106,0.06269,True,Bittrex,Binance US
1064,01-14-2021_04-18-00,DASH/USD,25.0,132.12281154,131.72,0.07621915082355726,0.013529150823557268,0.06269,True,Bittrex,Binance US
1065,01-14-2021_04-18-10,DASH/USD,25.0,132.12281143,131.72,0.07621913007305094,0.01352913007305094,0.06269,True,Bittrex,Binance US
1066,01-14-2021_04-18-20,DASH/USD,25.0,132.12281132,131.72,0.07621910932253921,0.013529109322539215,0.06269,True,Bittrex,Binance US
1067,01-14-2021_04-18-30,DASH/USD,25.0,132.12281121,131.667,0.08624763691932182,-0.09625236308067818,0.1825,False,Bittrex,Coinbase Pro
1068,01-14-2021_04-18-41,DASH/USD,25.0,132.12281109,131.72,0.07621906593510402,0.013529065935104029,0.06269,True,Bittrex,Binance US
1069,01-14-2021_04-18-50,DASH/USD,25.0,132.12281102,131.72,0.07621905273023336,0.01352905273023336,0.06269,True,Bittrex,Binance US
1070,01-14-2021_04-19-01,DASH/USD,25.0,132.12281098,131.72,0.07621904518459219,0.013529045184592192,0.06269,True,Bittrex,Binance US
1071,01-14-2021_04-19-11,DASH/USD,25.0,132.1228109,131.72,0.07621903009330987,0.013529030093309871,0.06269,True,Bittrex,Binance US
1072,01-14-2021_04-19-21,DASH/USD,25.0,132.12281081,131.72,0.07621901311562125,0.013529013115621255,0.06269,True,Bittrex,Binance US
1073,01-14-2021_04-19-31,DASH/USD,25.0,132.12281059,131.72,0.07621897161459737,0.013528971614597374,0.06269,True,Bittrex,Binance US
1074,01-14-2021_04-19-42,DASH/USD,25.0,132.12281051,131.72,0.07621895652331497,0.01352895652331497,0.06269,True,Bittrex,Binance US
1075,01-14-2021_04-19-51,DASH/USD,25.0,132.12281037,131.72,0.07621893011357336,0.013528930113573367,0.06269,True,Bittrex,Binance US
1076,01-14-2021_04-20-02,DASH/USD,25.0,132.12281024,131.72,0.07621890559024337,0.013528905590243376,0.06269,True,Bittrex,Binance US
1077,01-14-2021_04-20-12,DASH/USD,25.0,132.12281016,131.72,0.07621889049896086,0.01352889049896086,0.06269,True,Bittrex,Binance US
1078,01-14-2021_04-20-23,DASH/USD,25.0,132.12281005,131.72,0.07621886974844874,0.013528869748448746,0.06269,True,Bittrex,Binance US
1079,01-14-2021_04-20-33,DASH/USD,25.0,132.12280995,131.62,0.09514064039931501,-0.08735935960068499,0.1825,False,Bittrex,Coinbase Pro
1080,01-14-2021_04-20-43,DASH/USD,25.0,132.12280984,131.72,0.07621883013383604,0.013528830133836045,0.06269,True,Bittrex,Binance US
1081,01-14-2021_04-20-54,DASH/USD,25.0,132.12280977,131.72,0.07621881692896512,0.013528816928965126,0.06269,True,Bittrex,Binance US
1082,01-14-2021_04-21-04,DASH/USD,25.0,132.12280963,131.72,0.07621879051922324,0.013528790519223247,0.06269,True,Bittrex,Binance US
1083,01-14-2021_04-21-15,DASH/USD,25.0,132.12280941,131.72,0.07621874901819863,0.01352874901819863,0.06269,True,Bittrex,Binance US
1084,01-14-2021_04-21-26,DASH/USD,25.0,132.12280929,131.72,0.07621872638127458,0.013528726381274586,0.06269,True,Bittrex,Binance US
1085,01-14-2021_04-21-35,DASH/USD,25.0,132.12280921,131.72,0.07621871128999723,0.013528711289997233,0.06269,True,Bittrex,Binance US
1086,01-14-2021_04-21-45,DASH/USD,25.0,132.12280906,131.72,0.07621868299384343,0.013528682993843438,0.06269,True,Bittrex,Binance US
1087,01-14-2021_04-21-56,DASH/USD,25.0,132.12280895,131.72,0.07621866224333096,0.013528662243330963,0.06269,True,Bittrex,Binance US
1088,01-14-2021_04-22-08,DASH/USD,25.0,132.1228088,131.72,0.07621863394717705,0.013528633947177057,0.06269,True,Bittrex,Binance US
1089,01-14-2021_04-22-18,DASH/USD,25.0,132.12280863,131.72,0.07621860187820505,0.013528601878205052,0.06269,True,Bittrex,Binance US
1090,01-14-2021_04-22-29,DASH/USD,25.0,132.12280844,131.72,0.07621856603640956,0.013528566036409562,0.06269,True,Bittrex,Binance US
1091,01-14-2021_04-22-41,DASH/USD,25.0,132.12280832,131.72,0.07621854339948518,0.013528543399485185,0.06269,True,Bittrex,Binance US
1092,01-14-2021_04-22-52,DASH/USD,25.0,132.1228082,131.72,0.07621852076256612,0.013528520762566124,0.06269,True,Bittrex,Binance US
1093,01-14-2021_04-23-03,DASH/USD,25.0,132.12280804,131.72,0.07621849058000019,0.013528490580000191,0.06269,True,Bittrex,Binance US
1094,01-14-2021_04-23-14,DASH/USD,25.0,132.12280793,131.72,0.07621846982948739,0.013528469829487397,0.06269,True,Bittrex,Binance US
1095,01-14-2021_04-23-24,DASH/USD,25.0,132.12280778,131.72,0.07621844153333304,0.013528441533333047,0.06269,True,Bittrex,Binance US
1096,01-14-2021_04-23-35,DASH/USD,25.0,132.12280765,131.72,0.07621841701000209,0.013528417010002097,0.06269,True,Bittrex,Binance US
1097,01-14-2021_04-23-45,DASH/USD,25.0,132.1228075,131.72,0.07621838871384762,0.013528388713847622,0.06269,True,Bittrex,Binance US
1098,01-14-2021_04-23-55,DASH/USD,25.0,132.12280745,131.72,0.07621837928179968,0.013528379281799688,0.06269,True,Bittrex,Binance US
1099,01-14-2021_04-24-07,DASH/USD,25.0,132.12280734,131.72,0.07621835853128672,0.013528358531286727,0.06269,True,Bittrex,Binance US
1100,01-14-2021_04-24-18,DASH/USD,25.0,132.12280724,131.72,0.07621833966718007,0.013528339667180075,0.06269,True,Bittrex,Binance US
1101,01-14-2021_04-24-30,DASH/USD,25.0,132.12280714,131.72,0.07621832080307878,0.01352832080307878,0.06269,True,Bittrex,Binance US
1102,01-14-2021_04-24-40,DASH/USD,25.0,132.12280702,131.72,0.07621829816615933,0.01352829816615933,0.06269,True,Bittrex,Binance US
1103,01-14-2021_04-24-50,DASH/USD,25.0,132.12280695,131.72,0.07621828496128782,0.013528284961287829,0.06269,True,Bittrex,Binance US
1104,01-14-2021_04-25-01,DASH/USD,25.0,132.12280682,131.72,0.07621826043795121,0.013528260437951217,0.06269,True,Bittrex,Binance US
1105,01-14-2021_04-25-12,DASH/USD,25.0,132.12280674,131.72,0.07621824534666793,0.013528245346667939,0.06269,True,Bittrex,Binance US
1106,01-14-2021_04-25-22,DASH/USD,25.0,132.12280659,131.72,0.07621821705051843,0.013528217050518432,0.06269,True,Bittrex,Binance US
1107,01-14-2021_04-25-32,DASH/USD,25.0,132.12280654,131.72,0.07621820761846501,0.013528207618465016,0.06269,True,Bittrex,Binance US
1108,01-14-2021_04-25-42,DASH/USD,25.0,132.12280654,131.72,0.07621820761846501,0.013528207618465016,0.06269,True,Bittrex,Binance US
1109,01-14-2021_04-25-53,DASH/USD,25.0,132.12280654,131.72,0.07621820761846501,0.013528207618465016,0.06269,True,Bittrex,Binance US
1110,01-14-2021_04-26-04,DASH/USD,25.0,132.12280654,131.72,0.07621820761846501,0.013528207618465016,0.06269,True,Bittrex,Binance US
1111,01-14-2021_04-26-14,DASH/USD,25.0,132.12280654,131.72,0.07621820761846501,0.013528207618465016,0.06269,True,Bittrex,Binance US
1112,01-14-2021_04-26-24,DASH/USD,25.0,132.12280654,131.72,0.07621820761846501,0.013528207618465016,0.06269,True,Bittrex,Binance US
1113,01-14-2021_04-26-35,DASH/USD,25.0,132.12280654,131.72,0.07621820761846501,0.013528207618465016,0.06269,True,Bittrex,Binance US
1114,01-14-2021_04-26-45,DASH/USD,25.0,132.12280654,131.72,0.07621820761846501,0.013528207618465016,0.06269,True,Bittrex,Binance US
1115,01-14-2021_04-26-56,DASH/USD,25.0,132.12280653,131.72,0.07621820573205325,0.013528205732053253,0.06269,True,Bittrex,Binance US
1116,01-14-2021_04-27-06,DASH/USD,25.0,132.12280644,131.72,0.07621818875436351,0.013528188754363513,0.06269,True,Bittrex,Binance US
1117,01-14-2021_04-27-17,DASH/USD,25.0,132.12280633,131.72,0.07621816800385021,0.013528168003850219,0.06269,True,Bittrex,Binance US
1118,01-14-2021_04-27-27,DASH/USD,25.0,132.12280623,131.72,0.07621814913974866,0.01352814913974866,0.06269,True,Bittrex,Binance US
1119,01-14-2021_04-27-36,DASH/USD,25.0,132.12280615,131.72,0.07621813404846525,0.013528134048465257,0.06269,True,Bittrex,Binance US
1120,01-14-2021_04-27-46,DASH/USD,25.0,132.12280602,131.72,0.07621810952513368,0.013528109525133683,0.06269,True,Bittrex,Binance US
1121,01-14-2021_04-27-57,DASH/USD,25.0,132.12280591,131.72,0.07621808877462026,0.013528088774620264,0.06269,True,Bittrex,Binance US
1122,01-14-2021_04-28-08,DASH/USD,25.0,132.12280587,131.72,0.07621808122897851,0.013528081228978514,0.06269,True,Bittrex,Binance US
1123,01-14-2021_04-28-19,DASH/USD,25.0,132.1228058,131.72,0.07621806802410679,0.01352806802410679,0.06269,True,Bittrex,Binance US
1124,01-14-2021_04-28-29,DASH/USD,25.0,132.12280574,131.72,0.07621805670564148,0.013528056705641486,0.06269,True,Bittrex,Binance US
1125,01-14-2021_04-28-40,DASH/USD,25.0,132.12280585,131.72,0.07621807745615496,0.01352807745615496,0.06269,True,Bittrex,Binance US
1126,01-14-2021_04-28-51,DASH/USD,25.0,132.60600399,131.72,0.167036929577265,0.10434692957726499,0.06269,True,Bittrex,Binance US
1127,01-14-2021_04-29-02,DASH/USD,25.0,132.60600381,131.72,0.16703689586888648,0.10434689586888649,0.06269,True,Bittrex,Binance US
1128,01-14-2021_04-29-13,DASH/USD,25.0,132.60600369,131.72,0.1670368733966323,0.10434687339663232,0.06269,True,Bittrex,Binance US
1129,01-14-2021_04-29-23,DASH/USD,25.0,132.60600357,131.72,0.16703685092438342,0.10434685092438342,0.06269,True,Bittrex,Binance US
1130,01-14-2021_04-29-34,DASH/USD,25.0,132.60600338,131.72,0.16703681534331552,0.10434681534331552,0.06269,True,Bittrex,Binance US
1131,01-14-2021_04-29-46,DASH/USD,25.0,132.60600331,131.72,0.16703680223450182,0.10434680223450182,0.06269,True,Bittrex,Binance US
1132,01-14-2021_04-29-58,DASH/USD,25.0,132.60600317,131.72,0.16703677601687444,0.10434677601687445,0.06269,True,Bittrex,Binance US
1133,01-14-2021_04-30-08,DASH/USD,25.0,132.60600306,131.72,0.16703675541730925,0.10434675541730926,0.06269,True,Bittrex,Binance US
1134,01-14-2021_04-30-20,DASH/USD,25.0,132.6060029,131.72,0.16703672545430334,0.10434672545430335,0.06269,True,Bittrex,Binance US
1135,01-14-2021_04-30-30,DASH/USD,25.0,132.60600282,131.72,0.16703671047280036,0.10434671047280036,0.06269,True,Bittrex,Binance US
1136,01-14-2021_04-30-41,DASH/USD,25.0,132.60600274,131.72,0.16703669549130268,0.10434669549130268,0.06269,True,Bittrex,Binance US
1137,01-14-2021_04-30-51,DASH/USD,25.0,132.60600268,131.72,0.16703668425517276,0.10434668425517277,0.06269,True,Bittrex,Binance US
1138,01-14-2021_04-31-03,DASH/USD,25.0,132.6060026,131.72,0.16703666927367505,0.10434666927367506,0.06269,True,Bittrex,Binance US
1139,01-14-2021_04-31-13,DASH/USD,25.0,132.631,131.72,0.17171701939968811,0.05152701939968812,0.12018999999999999,True,Coinbase Pro,Binance US
1140,01-14-2021_04-31-23,DASH/USD,25.0,132.9599166,131.72,0.23313729274707118,0.17044729274707118,0.06269,True,Bittrex,Binance US
1141,01-14-2021_04-31-33,DASH/USD,25.0,132.95991646,131.72,0.23313726666882514,0.17044726666882515,0.06269,True,Bittrex,Binance US
1142,01-14-2021_04-31-44,DASH/USD,25.0,133.141,131.72,0.266822391299448,0.20163239129944802,0.06519,True,Kraken,Binance US
1143,01-14-2021_04-31-54,DASH/USD,25.0,133.52205576,131.72,0.33740788174335734,0.2747178817433573,0.06269,True,Bittrex,Binance US
1144,01-14-2021_04-32-06,DASH/USD,25.0,133.52205565,131.72,0.33740786142547674,0.2747178614254767,0.06269,True,Bittrex,Binance US
1145,01-14-2021_04-32-17,DASH/USD,25.0,133.52205557,131.72,0.33740784664883533,0.27471784664883536,0.06269,True,Bittrex,Binance US
1146,01-14-2021_04-32-28,DASH/USD,25.0,133.52205552,131.72,0.3374078374134384,0.27471783741343836,0.06269,True,Bittrex,Binance US
1147,01-14-2021_04-32-39,DASH/USD,25.0,133.52205526,131.72,0.33740778938935634,0.2747177893893563,0.06269,True,Bittrex,Binance US
1148,01-14-2021_04-32-50,DASH/USD,25.0,133.52205516,131.72,0.33740777091855706,0.2747177709185571,0.06269,True,Bittrex,Binance US
1149,01-14-2021_04-33-01,DASH/USD,25.0,133.52205494,131.72,0.3374077302827955,0.27471773028279556,0.06269,True,Bittrex,Binance US
1150,01-14-2021_04-33-12,DASH/USD,25.0,133.52205474,131.72,0.33740769334119153,0.2747177033411915,0.06268999,True,Bittrex,Binance US
1151,01-14-2021_04-33-22,DASH/USD,25.0,133.52205465,133.1,0.07902339637940983,0.016333396379409837,0.06269,True,Bittrex,Binance US
1152,01-14-2021_04-33-34,DASH/USD,25.0,133.52205439,133.22,0.056555149518171484,-0.006134850481828512,0.06269,False,Bittrex,Binance US
1153,01-14-2021_04-33-44,DASH/USD,25.0,133.52205407,133.22,0.05655508973851666,-0.006134910261483335,0.06269,False,Bittrex,Binance US
1154,01-14-2021_04-33-55,DASH/USD,25.0,133.52205395,133.22,0.05655506732114404,-0.006134932678855953,0.06269,False,Bittrex,Binance US
1155,01-14-2021_04-34-06,DASH/USD,25.0,133.52205371,133.22,0.05655502248640398,-0.006134977513596013,0.06269,False,Bittrex,Binance US
1156,01-14-2021_04-34-15,DASH/USD,25.0,133.52205361,133.22,0.05655500380526268,-0.006134996194737313,0.06269,False,Bittrex,Binance US
1157,01-14-2021_04-34-26,DASH/USD,25.0,133.52205341,133.22,0.056554966442980005,-0.006135033557019991,0.06269,False,Bittrex,Binance US
1158,01-14-2021_04-34-37,DASH/USD,25.0,133.52205325,133.22,0.05655493655314954,-0.006135063446850456,0.06269,False,Bittrex,Binance US
1159,01-14-2021_04-34-49,DASH/USD,25.0,133.52205315,133.22,0.05655491787200811,-0.006135082127991888,0.06269,False,Bittrex,Binance US
1160,01-14-2021_04-34-59,DASH/USD,25.0,133.52205307,133.118,0.07565287169981114,-0.10684712830018886,0.1825,False,Bittrex,Coinbase Pro
1161,01-14-2021_04-35-10,DASH/USD,25.0,133.52205279,133.16,0.06778894992152236,0.005098949921522364,0.06269,False,Bittrex,Binance US
1162,01-14-2021_04-35-21,DASH/USD,25.0,133.52205268,133.172,0.06554210951934351,-0.11695789048065648,0.1825,False,Bittrex,Coinbase Pro
1163,01-14-2021_04-35-31,DASH/USD,25.0,133.52205255,133.197,0.060861210525184034,-0.12163878947481596,0.1825,False,Bittrex,Coinbase Pro
1164,01-14-2021_04-35-41,DASH/USD,25.0,133.52205242,133.2,0.06029948127725269,-0.0023905187227473076,0.06269,False,Bittrex,Binance US
1165,01-14-2021_04-35-51,DASH/USD,25.0,133.52205237,133.188,0.06254629180547985,-0.11995370819452014,0.1825,False,Bittrex,Coinbase Pro
1166,01-14-2021_04-36-02,DASH/USD,25.0,133.52205217,133.214,0.057678144732187187,-0.12482185526781281,0.1825,False,Bittrex,Coinbase Pro
1167,01-14-2021_04-36-11,DASH/USD,25.0,133.52205209,133.218,0.05692918983057831,-0.07057081016942168,0.1275,False,Bittrex,Kraken
1168,01-14-2021_04-36-22,DASH/USD,25.0,133.52205198,133.22,0.0565546993026349,-0.0061353006973650925,0.06269,False,Bittrex,Binance US
1169,01-14-2021_04-36-33,DASH/USD,25.0,133.52205185,133.22,0.05655467501715111,-0.006135324982848883,0.06269,False,Bittrex,Binance US
1170,01-14-2021_04-36-43,DASH/USD,25.0,133.5220517,133.22,0.05655464699543572,-0.006135353004564276,0.06269,False,Bittrex,Binance US
1171,01-14-2021_04-36-53,DASH/USD,25.0,133.52205161,133.22,0.05655463018240964,-0.006135369817590358,0.06269,False,Bittrex,Binance US
1172,01-14-2021_04-37-04,DASH/USD,25.0,133.52205148,133.22,0.05655460589692041,-0.006135394103079589,0.06269,False,Bittrex,Binance US
1173,01-14-2021_04-37-14,DASH/USD,25.0,133.52205139,133.22,0.05655458908389428,-0.006135410916105713,0.06269,False,Bittrex,Binance US
1174,01-14-2021_04-37-24,DASH/USD,25.0,133.52205127,132.969,0.10355054927999337,-0.07894945072000663,0.1825,False,Bittrex,Coinbase Pro
1175,01-14-2021_04-37-33,DASH/USD,25.0,133.52205118,132.857,0.12452085144787357,-0.002979148552126429,0.1275,False,Bittrex,Kraken
1176,01-14-2021_04-37-43,DASH/USD,25.0,133.52205111,132.954,0.10635904430722443,-0.021140955692775576,0.1275,False,Bittrex,Kraken
1177,01-14-2021_04-37-53,DASH/USD,25.0,133.52205096,133.098,0.07939717764802454,-0.048102822351975466,0.1275,False,Bittrex,Kraken
1178,01-14-2021_04-38-04,DASH/USD,25.0,133.52205073,133.043,0.08969505923944536,-0.03780494076055464,0.1275,False,Bittrex,Kraken
1179,01-14-2021_04-38-16,DASH/USD,25.0,133.52205059,133.22,0.05655443963474731,-0.0061355603652526874,0.06269,False,Bittrex,Binance US
1180,01-14-2021_04-38-26,DASH/USD,25.0,133.52205044,133.22,0.05655441161303139,-0.006135588386968607,0.06269,False,Bittrex,Binance US
1181,01-14-2021_04-38-36,DASH/USD,25.0,133.52205032,133.18,0.06404378886862469,0.0013537888686246946,0.06269,False,Bittrex,Binance US
1182,01-14-2021_04-38-46,DASH/USD,25.0,133.5220502,133.22,0.05655436677828897,-0.006135633221711026,0.06269,False,Bittrex,Binance US
1183,01-14-2021_04-38-57,DASH/USD,25.0,133.5220501,133.22,0.0565543480971467,-0.006135651902853298,0.06269,False,Bittrex,Binance US
1184,01-14-2021_04-39-07,DASH/USD,25.0,133.52205003,133.22,0.05655433502034655,-0.006135664979653448,0.06269,False,Bittrex,Binance US
1185,01-14-2021_04-39-17,DASH/USD,25.0,133.52204993,133.22,0.05655431633920423,-0.006135683660795768,0.06269,False,Bittrex,Binance US
1186,01-14-2021_04-39-27,DASH/USD,25.0,133.52204972,133.22,0.056554277108803654,-0.006135722891196342,0.06269,False,Bittrex,Binance US
1187,01-14-2021_04-39-38,DASH/USD,25.0,133.52204955,133.22,0.0565542453508557,-0.006135754649144294,0.06269,False,Bittrex,Binance US
1188,01-14-2021_04-39-49,DASH/USD,25.0,133.52204944,133.119,0.07546495910046405,-0.10703504089953594,0.1825,False,Bittrex,Coinbase Pro
1189,01-14-2021_04-39-58,DASH/USD,25.0,133.52204935,133.031,0.0919416217004007,-0.0905583782995993,0.1825,False,Bittrex,Coinbase Pro
1190,01-14-2021_04-40-08,DASH/USD,25.0,133.52204904,133.122,0.07490317945168626,-0.052596820548313744,0.1275,False,Bittrex,Kraken
1191,01-14-2021_04-40-18,DASH/USD,25.0,133.52204886,133.007,0.09643517014557729,-0.08606482985442271,0.1825,False,Bittrex,Coinbase Pro
1192,01-14-2021_04-40-28,DASH/USD,25.0,133.52204873,133.051,0.08819680616055636,-0.09430319383944363,0.1825,False,Bittrex,Coinbase Pro
1193,01-14-2021_04-40-38,DASH/USD,25.0,133.52204862,132.937,0.10954157497706851,-0.07295842502293148,0.1825,False,Bittrex,Coinbase Pro
1194,01-14-2021_04-40-48,DASH/USD,25.0,133.52204854,132.932,0.11047773503550495,-0.07202226496449504,0.1825,False,Bittrex,Coinbase Pro
1195,01-14-2021_04-40-58,DASH/USD,25.0,133.52204841,132.831,0.1293884452472668,-0.05311155475273319,0.1825,False,Bittrex,Coinbase Pro
1196,01-14-2021_04-41-08,DASH/USD,25.0,133.52204832,132.917,0.11328621894526833,-0.014213781054731672,0.1275,False,Bittrex,Kraken
1197,01-14-2021_04-41-19,DASH/USD,25.0,133.52204819,132.917,0.11328619471501362,-0.014213805284986378,0.1275,False,Bittrex,Kraken
1198,01-14-2021_04-41-30,DASH/USD,25.0,133.52204809,132.917,0.1132861760763598,-0.014213823923640206,0.1275,False,Bittrex,Kraken
1199,01-14-2021_04-41-39,DASH/USD,25.0,133.52204797,132.917,0.11328615370997198,-0.014213846290028018,0.1275,False,Bittrex,Kraken
1200,01-14-2021_04-41-50,DASH/USD,25.0,133.52204785,132.917,0.11328613134358945,-0.014213868656410555,0.1275,False,Bittrex,Kraken
1201,01-14-2021_04-42-01,DASH/USD,25.0,133.52204771,132.917,0.11328610524947288,-0.014213894750527117,0.1275,False,Bittrex,Kraken
1202,01-14-2021_04-42-12,DASH/USD,25.0,133.52204759,132.917,0.11328608288308495,-0.014213917116915054,0.1275,False,Bittrex,Kraken
1203,01-14-2021_04-42-23,DASH/USD,25.0,133.52204751,132.917,0.11328606797215963,-0.014213932027840367,0.1275,False,Bittrex,Kraken
1204,01-14-2021_04-42-35,DASH/USD,25.0,133.52204737,132.894,0.11759244678514066,-0.06490755321485933,0.1825,False,Bittrex,Coinbase Pro
1205,01-14-2021_04-42-47,DASH/USD,25.0,133.52204723,132.88,0.12021371064174083,-0.06228628935825917,0.1825,False,Bittrex,Coinbase Pro
1206,01-14-2021_04-42-57,DASH/USD,25.0,133.52204714,132.917,0.11328599900913909,-0.014214000990860912,0.1275,False,Bittrex,Kraken
1207,01-14-2021_04-43-08,DASH/USD,25.0,133.52204696,132.917,0.11328596545955953,-0.01421403454044047,0.1275,False,Bittrex,Kraken
1208,01-14-2021_04-43-18,DASH/USD,25.0,133.52204684,132.908,0.11497105806351016,-0.012528941936489846,0.1275,False,Bittrex,Kraken
1209,01-14-2021_04-43-28,DASH/USD,25.0,133.52204674,132.768,0.14118393898430867,-0.041316061015691324,0.1825,False,Bittrex,Coinbase Pro
1210,01-14-2021_04-43-39,DASH/USD,25.0,133.52204668,132.768,0.14118392781364825,0.013683927813648245,0.1275,True,Bittrex,Kraken
1211,01-14-2021_04-43-49,DASH/USD,25.0,133.52204657,132.847,0.12639234256458154,-0.0011076574354184632,0.1275,False,Bittrex,Kraken
1212,01-14-2021_04-44-00,DASH/USD,25.0,133.52204647,132.762,0.14230729869968714,0.014807298699687138,0.1275,True,Bittrex,Kraken
1213,01-14-2021_04-44-10,DASH/USD,25.0,133.52204634,132.688,0.15616266430567624,0.02866266430567624,0.1275,True,Bittrex,Kraken
1214,01-14-2021_04-44-21,DASH/USD,25.0,133.52204619,132.688,0.1561626363958603,0.028662636395860308,0.1275,True,Bittrex,Kraken
1215,01-14-2021_04-44-33,DASH/USD,25.0,133.52204604,132.688,0.15616260848604432,0.028662608486044322,0.1275,True,Bittrex,Kraken
1216,01-14-2021_04-44-45,DASH/USD,25.0,133.52204591,132.688,0.15616258429753987,0.028662584297539873,0.1275,True,Bittrex,Kraken
1217,01-14-2021_04-44-57,DASH/USD,25.0,133.52204574,132.688,0.1561625526664174,0.0286625526664174,0.1275,True,Bittrex,Kraken
1218,01-14-2021_04-45-09,DASH/USD,25.0,133.52204557,132.861,0.12377086629740114,-0.0037291337025988636,0.1275,False,Bittrex,Kraken
1219,01-14-2021_04-45-21,DASH/USD,25.0,133.52204546,132.917,0.11328568587972283,-0.014214314120277169,0.1275,False,Bittrex,Kraken
1220,01-14-2021_04-45-32,DASH/USD,25.0,133.52204536,132.917,0.11328566724106826,-0.014214332758931747,0.1275,False,Bittrex,Kraken
1221,01-14-2021_04-45-42,DASH/USD,25.0,133.52204523,132.917,0.11328564301081777,-0.014214356989182234,0.1275,False,Bittrex,Kraken
1222,01-14-2021_04-45-53,DASH/USD,25.0,133.52204513,132.917,0.11328562437216312,-0.014214375627836881,0.1275,False,Bittrex,Kraken
1223,01-14-2021_04-46-03,DASH/USD,25.0,133.52204504,132.917,0.11328560759737019,-0.01421439240262981,0.1275,False,Bittrex,Kraken
1224,01-14-2021_04-46-12,DASH/USD,25.0,133.52204496,132.917,0.11328559268644431,-0.014214407313555694,0.1275,False,Bittrex,Kraken
1225,01-14-2021_04-46-22,DASH/USD,25.0,133.52204488,132.917,0.11328557777552371,-0.014214422224476289,0.1275,False,Bittrex,Kraken
1226,01-14-2021_04-46-32,DASH/USD,25.0,133.52204473,132.917,0.11328554981753892,-0.014214450182461077,0.1275,False,Bittrex,Kraken
1227,01-14-2021_04-46-42,DASH/USD,25.0,133.52204462,132.917,0.11328552931501705,-0.014214470684982952,0.1275,False,Bittrex,Kraken
1228,01-14-2021_04-46-52,DASH/USD,25.0,133.52204451,132.917,0.11328550881249515,-0.01421448118750486,0.12749999,False,Bittrex,Kraken
1229,01-14-2021_04-47-02,DASH/USD,25.0,133.52204435,132.917,0.11328547899064313,-0.01421452100935687,0.1275,False,Bittrex,Kraken
1230,01-14-2021_04-47-12,DASH/USD,25.0,133.52204427,132.917,0.1132854640797224,-0.014214535920277604,0.1275,False,Bittrex,Kraken
1231,01-14-2021_04-47-23,DASH/USD,25.0,133.52204421,132.917,0.11328545289652521,-0.014214547103474792,0.1275,False,Bittrex,Kraken
1232,01-14-2021_04-47-34,DASH/USD,25.0,133.52204405,132.917,0.11328542307467834,-0.01421457692532166,0.1275,False,Bittrex,Kraken
1233,01-14-2021_04-47-46,DASH/USD,25.0,133.52204393,132.917,0.1132854007082892,-0.014214599291710803,0.1275,False,Bittrex,Kraken
1234,01-14-2021_04-47-57,DASH/USD,25.0,133.52204384,132.917,0.11328538393350128,-0.014214616066498723,0.1275,False,Bittrex,Kraken
1235,01-14-2021_04-48-08,DASH/USD,25.0,133.52204377,132.917,0.11328537088644221,-0.014214629113557795,0.1275,False,Bittrex,Kraken
1236,01-14-2021_04-48-19,DASH/USD,25.0,133.52204364,132.917,0.11328534665618585,-0.014214653343814151,0.1275,False,Bittrex,Kraken
1237,01-14-2021_04-48-30,DASH/USD,25.0,133.52204355,132.945,0.10804274984450934,-0.019457250155490657,0.1275,False,Bittrex,Kraken
1238,01-14-2021_04-48-42,DASH/USD,25.0,133.52204347,132.945,0.10804273493044202,-0.019457265069557986,0.1275,False,Bittrex,Kraken
1239,01-14-2021_04-48-52,DASH/USD,25.0,133.52204333,133.22,0.0565530833836745,-0.006136916616325497,0.06269,False,Bittrex,Binance US
1240,01-14-2021_04-49-03,DASH/USD,25.0,133.5220432,133.22,0.05655305909818757,-0.006136940901812424,0.06269,False,Bittrex,Binance US
1241,01-14-2021_04-49-14,DASH/USD,25.0,133.52204307,133.22,0.056553034812695274,-0.0061369651873047215,0.06269,False,Bittrex,Binance US
1242,01-14-2021_04-49-24,DASH/USD,25.0,133.52204298,133.22,0.05655301799966702,-0.006136982000332976,0.06269,False,Bittrex,Binance US
1243,01-14-2021_04-49-34,DASH/USD,25.0,133.52204289,133.22,0.056553001186633436,-0.0061369888133665645,0.06268999,False,Bittrex,Binance US
1244,01-14-2021_04-49-46,DASH/USD,25.0,133.5220428,133.22,0.05655298437360514,-0.006137015626394855,0.06269,False,Bittrex,Binance US
1245,01-14-2021_04-49-57,DASH/USD,25.0,133.52204271,133.22,0.056552967560571515,-0.00613703243942848,0.06269,False,Bittrex,Binance US
1246,01-14-2021_04-50-07,DASH/USD,25.0,133.5220426,133.22,0.056552947011311104,-0.006137052988688892,0.06269,False,Bittrex,Binance US
1247,01-14-2021_04-50-18,DASH/USD,25.0,133.52204249,133.22,0.056552926462050665,-0.006137073537949331,0.06269,False,Bittrex,Binance US
1248,01-14-2021_04-50-29,DASH/USD,25.0,133.52204237,133.22,0.056552904044679456,-0.00613709595532054,0.06269,False,Bittrex,Binance US
1249,01-14-2021_04-50-39,DASH/USD,25.0,133.52204226,133.22,0.056552883495418954,-0.006137116504581042,0.06269,False,Bittrex,Binance US
1250,01-14-2021_04-50-50,DASH/USD,25.0,133.52204219,133.22,0.05655287041861728,-0.006137129581382718,0.06269,False,Bittrex,Binance US
1251,01-14-2021_04-51-02,DASH/USD,25.0,133.356,133.22,0.025495665736823932,-0.03969433426317606,0.06519,False,Kraken,Binance US
1252,01-14-2021_04-51-14,DASH/USD,25.0,133.354,133.22,0.025121106228537304,-0.040068893771462694,0.06519,False,Kraken,Binance US
1253,01-14-2021_04-51-24,DASH/USD,25.0,133.35381035,133.22,0.02508558803996794,-0.03760441196003206,0.06269,False,Bittrex,Binance US
1254,01-14-2021_04-51-34,DASH/USD,25.0,133.35381026,133.22,0.025085571184486597,-0.0376044288155134,0.06269,False,Bittrex,Binance US
1255,01-14-2021_04-51-45,DASH/USD,25.0,133.35381013,133.22,0.025085546837686094,-0.0376044531623139,0.06269,False,Bittrex,Binance US
1256,01-14-2021_04-51-57,DASH/USD,25.0,133.35381001,133.22,0.02508552436371267,-0.03760447563628733,0.06269,False,Bittrex,Binance US
1257,01-14-2021_04-52-08,DASH/USD,25.0,133.35380993,133.22,0.025085509381069016,-0.03760449061893098,0.06269,False,Bittrex,Binance US
1258,01-14-2021_04-52-17,DASH/USD,25.0,133.3538098,133.22,0.025085485034263066,-0.03760451496573693,0.06269,False,Bittrex,Binance US
1259,01-14-2021_04-52-28,DASH/USD,25.0,133.361,133.22,0.0264320153568118,-0.09375798464318819,0.12018999999999999,False,Coinbase Pro,Binance US
1260,01-14-2021_04-52-38,DASH/USD,25.0,133.35380964,133.22,0.025085455068970332,-0.037604534931029665,0.06268999,False,Bittrex,Binance US
1261,01-14-2021_04-52-49,DASH/USD,25.0,133.4,133.22,0.033733133433284636,-0.08645686656671536,0.12018999999999999,False,Coinbase Pro,Binance US
1262,01-14-2021_04-53-00,DASH/USD,25.0,133.47360665,133.22,0.04750127316650185,-0.015188726833498145,0.06269,False,Bittrex,Binance US
1263,01-14-2021_04-53-12,DASH/USD,25.0,133.4736066,133.22,0.04750126381915192,-0.015188736180848074,0.06269,False,Bittrex,Binance US
1264,01-14-2021_04-53-23,DASH/USD,25.0,133.488,133.22,0.05019177753805599,-0.06999822246194401,0.12018999999999999,False,Coinbase Pro,Binance US
1265,01-14-2021_04-53-34,DASH/USD,25.0,133.61616798,133.22,0.07412425943455075,0.011434259434550759,0.06269,True,Bittrex,Binance US
1266,01-14-2021_04-53-45,DASH/USD,25.0,133.61616789,133.22,0.07412424264520177,0.011434242645201778,0.06269,True,Bittrex,Binance US
1267,01-14-2021_04-53-55,DASH/USD,25.0,133.893,133.22,0.12566004197381525,0.06047004197381525,0.06519,True,Kraken,Binance US
1268,01-14-2021_04-54-04,DASH/USD,25.0,133.883,133.22,0.12380212573665268,0.058612125736652684,0.06519,True,Kraken,Binance US
1269,01-14-2021_04-54-14,DASH/USD,25.0,133.96702127,133.22,0.13940394862076577,0.07671394862076578,0.06269,True,Bittrex,Binance US
1270,01-14-2021_04-54-25,DASH/USD,25.0,133.98,133.22,0.14181221077772635,0.02162221077772636,0.12018999999999999,True,Coinbase Pro,Binance US
1271,01-14-2021_04-54-36,DASH/USD,25.0,133.98,133.22,0.14181221077772635,0.02162221077772636,0.12018999999999999,True,Coinbase Pro,Binance US
1272,01-14-2021_04-54-48,DASH/USD,25.0,133.971,133.22,0.14014226959565965,0.019952269595659655,0.12018999999999999,True,Coinbase Pro,Binance US
1273,01-14-2021_04-54-58,DASH/USD,25.0,133.96702119,133.22,0.13940393377496396,0.07671393377496397,0.06269,True,Bittrex,Binance US
1274,01-14-2021_04-55-09,DASH/USD,25.0,133.96702115,133.22,0.13940392635206303,0.07671392635206303,0.06269,True,Bittrex,Binance US
1275,01-14-2021_04-55-20,DASH/USD,25.0,133.713,133.22,0.0921750315975251,0.02698763159752511,0.06518739999999999,True,Kraken,Binance US
1276,01-14-2021_04-55-30,DASH/USD,25.0,133.59686674,133.22,0.0705231247551332,0.007833124755133203,0.06269,False,Bittrex,Binance US
1277,01-14-2021_04-55-40,DASH/USD,25.0,133.59686666,133.22,0.07052310982695138,0.007833109826951387,0.06269,False,Bittrex,Binance US
1278,01-14-2021_04-55-50,DASH/USD,25.0,133.59686659,133.22,0.07052309676479361,0.007833096764793615,0.06269,False,Bittrex,Binance US
1279,01-14-2021_04-56-02,DASH/USD,25.0,133.56440866,133.22,0.0644649018880325,0.001774901888032504,0.06269,False,Bittrex,Binance US
1280,01-14-2021_04-56-12,DASH/USD,25.0,133.56440857,133.22,0.06446488508566849,0.00177488508566849,0.06269,False,Bittrex,Binance US
1281,01-14-2021_04-56-23,DASH/USD,25.0,133.56440847,133.22,0.06446486641636802,0.0017748664163680233,0.06269,False,Bittrex,Binance US
1282,01-14-2021_04-56-33,DASH/USD,25.0,133.41836128,133.22,0.037169036948315366,-0.02552096305168463,0.06269,False,Bittrex,Binance US
1283,01-14-2021_04-56-43,DASH/USD,25.0,133.23990549,133.126,0.02137225510276208,-0.10612774489723792,0.1275,False,Bittrex,Kraken
1284,01-14-2021_04-56-53,DASH/USD,25.0,133.23990543,133.059,0.03394355268719356,-0.09355644731280643,0.1275,False,Bittrex,Kraken
1285,01-14-2021_04-57-02,DASH/USD,25.0,133.23990537,133.094,0.02737643981261414,-0.10012356018738586,0.1275,False,Bittrex,Kraken
1286,01-14-2021_04-57-12,DASH/USD,25.0,133.23990534,133.164,0.014242230922921602,-0.11325776907707841,0.1275,False,Bittrex,Kraken
1287,01-14-2021_04-57-24,DASH/USD,25.0,133.457,133.22,0.04439632241096285,-0.07579367758903714,0.12018999999999999,False,Coinbase Pro,Binance US
1288,01-14-2021_04-57-34,DASH/USD,25.0,133.425,133.22,0.03841109237399522,-0.02677890762600478,0.06519,False,Kraken,Binance US
1289,01-14-2021_04-57-45,DASH/USD,25.0,133.422,133.22,0.03784982986314067,-0.027340170136859326,0.06519,False,Kraken,Binance US
1290,01-14-2021_04-57-57,DASH/USD,25.0,133.425,133.22,0.03841109237399522,-0.08177890762600477,0.12018999999999999,False,Coinbase Pro,Binance US
1291,01-14-2021_04-58-09,DASH/USD,25.0,133.544,133.22,0.06065416641706334,-0.059535833582936654,0.12018999999999999,False,Coinbase Pro,Binance US
1292,01-14-2021_04-58-20,DASH/USD,25.0,133.579,133.22,0.06718870481138668,-0.05300129518861331,0.12018999999999999,False,Coinbase Pro,Binance US
1293,01-14-2021_04-58-31,DASH/USD,25.0,133.55883672,133.22,0.06342461650634634,0.0007346165063463472,0.06269,False,Bittrex,Binance US
1294,01-14-2021_04-58-41,DASH/USD,25.0,133.55883658,133.22,0.06342459036715123,0.0007345903671512333,0.06269,False,Bittrex,Binance US
1295,01-14-2021_04-58-52,DASH/USD,25.0,133.55883651,133.22,0.06342457729755366,0.0007345772975536624,0.06269,False,Bittrex,Binance US
1296,01-14-2021_04-59-03,DASH/USD,25.0,133.563,133.22,0.06420191220622279,-0.0559880877937772,0.12018999999999999,False,Coinbase Pro,Binance US
1297,01-14-2021_04-59-14,DASH/USD,25.0,133.55883647,133.22,0.06342456982921142,0.0007345698292114261,0.06269,False,Bittrex,Binance US
1298,01-14-2021_04-59-27,DASH/USD,25.0,133.55883633,133.22,0.06342454369001621,0.000734543690016215,0.06269,False,Bittrex,Binance US
1299,01-14-2021_04-59-39,DASH/USD,25.0,133.55883623,133.22,0.06342452501916322,0.0007345250191632263,0.06269,False,Bittrex,Binance US
1300,01-14-2021_04-59-50,DASH/USD,25.0,133.5588362,133.22,0.06342451941790785,0.0007345194179078501,0.06269,False,Bittrex,Binance US
1301,01-14-2021_05-00-03,DASH/USD,25.0,133.65837343,133.22,0.08199513033682082,0.019305130336820825,0.06269,True,Bittrex,Binance US
1302,01-14-2021_05-00-16,DASH/USD,25.0,133.65837333,133.22,0.08199511169376103,0.019305111693761035,0.06269,True,Bittrex,Binance US
1303,01-14-2021_05-00-30,DASH/USD,25.0,133.65837318,133.22,0.08199508372918186,0.01930508372918187,0.06269,True,Bittrex,Binance US
1304,01-14-2021_05-00-42,DASH/USD,25.0,133.65837306,133.22,0.0819950613575132,0.019305061357513198,0.06269,True,Bittrex,Binance US
1305,01-14-2021_05-00-54,DASH/USD,25.0,133.59051697,133.22,0.06933818702176613,0.00664818702176613,0.06269,False,Bittrex,Binance US
1306,01-14-2021_05-01-07,DASH/USD,25.0,133.54,133.239,0.05635015725625051,-0.09364984274374949,0.15,False,Binance US,Coinbase Pro
1307,01-14-2021_05-01-31,DASH/USD,25.0,133.54,133.078,0.08649093904447902,-0.06350906095552097,0.15,False,Binance US,Coinbase Pro
1308,01-14-2021_05-01-44,DASH/USD,25.0,133.2,133.009,0.035848348348348824,-0.11415165165165117,0.15,False,Binance US,Coinbase Pro
1309,01-14-2021_05-02-07,DASH/USD,25.0,133.05467999,132.891,0.030754271479274828,-0.15174572852072515,0.1825,False,Bittrex,Coinbase Pro
1310,01-14-2021_05-02-31,DASH/USD,25.0,133.17926872,133.015,0.03083601554108757,-0.15166398445891244,0.1825,False,Bittrex,Coinbase Pro
1311,01-14-2021_05-02-43,DASH/USD,25.0,133.17926853,133.006,0.032525432057199447,-0.14997456794280056,0.1825,False,Bittrex,Coinbase Pro
1312,01-14-2021_05-02-56,DASH/USD,25.0,133.18,132.991,0.03547830004505049,-0.11452169995494951,0.15,False,Binance US,Coinbase Pro
1313,01-14-2021_05-03-20,DASH/USD,25.0,133.17926812,133.082,0.01825887042575441,-0.16424112957424558,0.1825,False,Bittrex,Coinbase Pro
1314,01-14-2021_05-03-32,DASH/USD,25.0,133.17926797,132.952,0.042662039945137786,-0.1398379600548622,0.1825,False,Bittrex,Coinbase Pro
1315,01-14-2021_05-03-54,DASH/USD,25.0,133.08144264,132.952,0.024316433123993918,-0.15818356687600607,0.1825,False,Bittrex,Coinbase Pro
1316,01-14-2021_05-04-07,DASH/USD,25.0,132.972,132.885,0.01635682700117647,-0.16864317299882353,0.185,False,Kraken,Coinbase Pro
1317,01-14-2021_05-04-31,DASH/USD,25.0,132.96448314,132.826,0.026037618604923735,-0.15646238139507626,0.1825,False,Bittrex,Coinbase Pro
1318,01-14-2021_05-04-54,DASH/USD,25.0,132.85,132.766,0.01580730146782145,-0.07919269853217856,0.095,False,Binance US,Kraken
1319,01-14-2021_05-05-07,DASH/USD,25.0,132.82282682,132.674,0.028012282143654175,-0.15448771785634582,0.1825,False,Bittrex,Coinbase Pro
1320,01-14-2021_05-05-19,DASH/USD,25.0,132.97,132.666,0.05715574941716215,-0.09284425058283785,0.15,False,Binance US,Coinbase Pro
1321,01-14-2021_05-05-42,DASH/USD,25.0,132.97,132.752,0.04098668872677847,-0.05401331127322153,0.095,False,Binance US,Kraken
1322,01-14-2021_05-05-53,DASH/USD,25.0,132.97,132.752,0.04098668872677847,-0.05401331127322153,0.095,False,Binance US,Kraken
1323,01-14-2021_05-06-05,DASH/USD,25.0,132.97,132.752,0.04098668872677847,-0.05401331127322153,0.095,False,Binance US,Kraken
1324,01-14-2021_05-06-18,DASH/USD,25.0,132.82,132.656,0.03086884505345341,-0.11913115494654658,0.15,False,Binance US,Coinbase Pro
1325,01-14-2021_05-06-30,DASH/USD,25.0,132.82,132.678,0.026727902424332914,-0.12327209757566708,0.15,False,Binance US,Coinbase Pro
1326,01-14-2021_05-06-53,DASH/USD,25.0,132.82,132.637,0.03444511368769627,-0.11555488631230373,0.15,False,Binance US,Coinbase Pro
1327,01-14-2021_05-07-04,DASH/USD,25.0,132.82,132.6060041,0.0402793065803317,-0.0522206934196683,0.0925,False,Binance US,Bittrex
1328,01-14-2021_05-07-15,DASH/USD,25.0,132.82,132.699,0.022775184460168067,-0.07222481553983193,0.095,False,Binance US,Kraken
1329,01-14-2021_05-07-38,DASH/USD,25.0,132.82,132.67,0.028233699744015527,-0.12176630025598446,0.15,False,Binance US,Coinbase Pro
1330,01-14-2021_05-08-01,DASH/USD,25.0,132.79,132.699,0.017132314180280852,-0.06786768581971915,0.085,False,Binance US,Kraken
1331,01-14-2021_05-08-13,DASH/USD,25.0,132.94,132.699,0.04532119753271879,-0.04967880246728121,0.095,False,Binance US,Kraken
1332,01-14-2021_05-08-27,DASH/USD,25.0,132.87,132.699,0.032174305712348965,-0.06282569428765103,0.095,False,Binance US,Kraken
1333,01-14-2021_05-08-40,DASH/USD,25.0,132.9,132.699,0.03781038374717709,-0.057189616252822914,0.095,False,Binance US,Kraken
1334,01-14-2021_05-09-02,DASH/USD,25.0,132.88,132.699,0.034053281155927,-0.05094671884407301,0.085,False,Binance US,Kraken
1335,01-14-2021_05-09-14,DASH/USD,25.0,132.88,132.699,0.034053281155927,-0.05094671884407301,0.085,False,Binance US,Kraken
1336,01-14-2021_05-09-38,DASH/USD,25.0,132.85,132.699,0.02841550621000791,-0.0665844937899921,0.095,False,Binance US,Kraken
1337,01-14-2021_05-09-50,DASH/USD,25.0,132.651,132.545,0.01997723349240167,-0.16502276650759834,0.185,False,Kraken,Coinbase Pro
1338,01-14-2021_05-10-02,DASH/USD,25.0,132.651,132.59,0.01149633248147527,-0.053693667518524724,0.06519,False,Kraken,Binance US
1339,01-14-2021_05-10-12,DASH/USD,25.0,132.651,132.59,0.01149633248147527,-0.053693667518524724,0.06519,False,Kraken,Binance US
1340,01-14-2021_05-10-23,DASH/USD,25.0,132.651,132.545,0.01997723349240167,-0.16502276650759834,0.185,False,Kraken,Coinbase Pro
1341,01-14-2021_05-10-36,DASH/USD,25.0,132.614,132.415,0.03751489284691139,-0.1474851071530886,0.185,False,Kraken,Coinbase Pro
1342,01-14-2021_05-10-46,DASH/USD,25.0,132.593,132.48439056,0.020477973950355763,-0.10702202604964424,0.1275,False,Kraken,Bittrex
1343,01-14-2021_05-10-57,DASH/USD,25.0,132.592,132.398,0.03657837576928035,-0.14842162423071964,0.185,False,Kraken,Coinbase Pro
1344,01-14-2021_05-11-21,DASH/USD,25.0,132.493,132.417,0.014340380246502344,-0.17065961975349767,0.185,False,Kraken,Coinbase Pro
1345,01-14-2021_05-11-33,DASH/USD,25.0,132.47198897,132.34,0.0249088450747689,-0.1575911549252311,0.1825,False,Bittrex,Coinbase Pro
1346,01-14-2021_05-11-55,DASH/USD,25.0,132.65,132.458,0.03618545043347291,-0.1238145495665271,0.16,False,Binance US,Coinbase Pro
1347,01-14-2021_05-12-07,DASH/USD,25.0,132.62,132.575,0.00848288342633387,-0.1415171165736661,0.15,False,Binance US,Coinbase Pro
1348,01-14-2021_05-12-19,DASH/USD,25.0,132.715,132.604,0.020909467656254,-0.164090532343746,0.185,False,Coinbase Pro,Kraken
1349,01-14-2021_05-12-31,DASH/USD,25.0,132.97,132.699,0.050951342408059444,-0.04404865759194056,0.095,False,Binance US,Kraken
1350,01-14-2021_05-12-43,DASH/USD,25.0,133.26,132.924,0.06303466906798445,-0.03196533093201555,0.095,False,Binance US,Kraken
1351,01-14-2021_05-12-55,DASH/USD,25.0,133.11,132.878,0.043572984749460544,-0.09642701525053944,0.13999999999999999,False,Binance US,Coinbase Pro
1352,01-14-2021_05-13-17,DASH/USD,25.0,133.04871244,132.924,0.02343360520234963,-0.10406639479765037,0.1275,False,Bittrex,Kraken
1353,01-14-2021_05-13-29,DASH/USD,25.0,133.18,132.924,0.04805526355308609,-0.04694473644691391,0.095,False,Binance US,Kraken
1354,01-14-2021_05-13-51,DASH/USD,25.0,133.09194485,132.764,0.06160118299601105,-0.12089881700398894,0.1825,False,Bittrex,Coinbase Pro
1355,01-14-2021_05-14-04,DASH/USD,25.0,132.99,132.733,0.04831190315061376,-0.10168809684938623,0.15,False,Binance US,Coinbase Pro
1356,01-14-2021_05-14-15,DASH/USD,25.0,132.96,132.786,0.03271660649819619,-0.06228339350180381,0.095,False,Binance US,Kraken
1357,01-14-2021_05-14-37,DASH/USD,25.0,133.35,132.886,0.08698912635920485,-0.06301087364079515,0.15,False,Binance US,Coinbase Pro
1358,01-14-2021_05-14-48,DASH/USD,25.0,133.14,132.924,0.04055881027489481,-0.05444118972510519,0.095,False,Binance US,Kraken
1359,01-14-2021_05-15-10,DASH/USD,25.0,133.02,132.924,0.01804239963915269,-0.07695760036084731,0.095,False,Binance US,Kraken
1360,01-14-2021_05-15-24,DASH/USD,25.0,133.31,132.924,0.07238766784187152,-0.02261233215812848,0.095,False,Binance US,Kraken
1361,01-14-2021_05-15-37,DASH/USD,25.0,133.27,132.924,0.06490583026937863,-0.030094169730621373,0.095,False,Binance US,Kraken
1362,01-14-2021_05-16-00,DASH/USD,25.0,133.26,132.924,0.06303466906798445,-0.03196533093201555,0.095,False,Binance US,Kraken
1363,01-14-2021_05-16-12,DASH/USD,25.0,133.42,132.924,0.0929395892669729,-0.002060410733027096,0.095,False,Binance US,Kraken
1364,01-14-2021_05-16-24,DASH/USD,25.0,133.35,132.972,0.07086614173228083,-0.024133858267719174,0.095,False,Binance US,Kraken
1365,01-14-2021_05-16-36,DASH/USD,25.0,133.34,132.972,0.06899655017249043,-0.016003449827509578,0.085,False,Binance US,Kraken
1366,01-14-2021_05-16-59,DASH/USD,25.0,133.29032906,132.972,0.059705955834331775,-0.06779404416566823,0.1275,False,Bittrex,Kraken
1367,01-14-2021_05-17-23,DASH/USD,25.0,133.29032888,132.972,0.05970592215407168,-0.06779407784592832,0.1275,False,Bittrex,Kraken
1368,01-14-2021_05-17-35,DASH/USD,25.0,133.37,132.972,0.07460448376696337,-0.020395516233036634,0.095,False,Binance US,Kraken
1369,01-14-2021_05-17-48,DASH/USD,25.0,133.29032878,132.972,0.05970590344281721,-0.0677940965571828,0.1275,False,Bittrex,Kraken
1370,01-14-2021_05-18-10,DASH/USD,25.0,133.29032866,132.972,0.059705880989308624,-0.06779411901069138,0.1275,False,Bittrex,Kraken
1371,01-14-2021_05-18-21,DASH/USD,25.0,133.2622055,132.972,0.05444257411753267,-0.07305742588246733,0.1275,False,Bittrex,Kraken
1372,01-14-2021_05-18-44,DASH/USD,25.0,133.35,132.972,0.07086614173228083,-0.024133858267719174,0.095,False,Binance US,Kraken
1373,01-14-2021_05-18-57,DASH/USD,25.0,133.39,132.972,0.0783417047754663,-0.0166582952245337,0.095,False,Binance US,Kraken
1374,01-14-2021_05-19-20,DASH/USD,25.0,133.42,132.972,0.08394543546694258,-0.01105456453305742,0.095,False,Binance US,Kraken
1375,01-14-2021_05-19-33,DASH/USD,25.0,133.38,133.109,0.05079472184735091,-0.04420527815264909,0.095,False,Binance US,Kraken
1376,01-14-2021_05-19-56,DASH/USD,25.0,133.4,133.109,0.054535232383807496,-0.040464767616192505,0.095,False,Binance US,Kraken
1377,01-14-2021_05-20-09,DASH/USD,25.0,133.38,133.109,0.05079472184735091,-0.04420527815264909,0.095,False,Binance US,Kraken
1378,01-14-2021_05-20-31,DASH/USD,25.0,133.41,133.109,0.05640506708642301,-0.03859493291357699,0.095,False,Binance US,Kraken
1379,01-14-2021_05-20-44,DASH/USD,25.0,133.37,133.109,0.04892404588738016,-0.04607595411261984,0.095,False,Binance US,Kraken
1380,01-14-2021_05-21-07,DASH/USD,25.0,133.3102242,133.109,0.03773607786040773,-0.08976392213959228,0.1275,False,Bittrex,Kraken
1381,01-14-2021_05-21-20,DASH/USD,25.0,133.17,133.014,0.029285875197112246,-0.12071412480288775,0.15,False,Binance US,Coinbase Pro
1382,01-14-2021_05-21-45,DASH/USD,25.0,133.071,132.898,0.032501446596178325,-0.15249855340382168,0.185,False,Kraken,Coinbase Pro
1383,01-14-2021_05-21-57,DASH/USD,25.0,133.2,132.978,0.04166666666666292,-0.10833333333333708,0.15,False,Binance US,Coinbase Pro
1384,01-14-2021_05-22-09,DASH/USD,25.0,133.11,132.977,0.02497934039516373,-0.11502065960483626,0.13999999999999999,False,Binance US,Coinbase Pro
1385,01-14-2021_05-22-21,DASH/USD,25.0,133.109,132.966,0.02685768806016135,-0.15814231193983866,0.185,False,Kraken,Coinbase Pro
1386,01-14-2021_05-22-34,DASH/USD,25.0,133.109,133.001,0.020284128045437215,-0.16471587195456278,0.185,False,Kraken,Coinbase Pro
1387,01-14-2021_05-22-47,DASH/USD,25.0,133.109,132.991,0.022162288049642587,-0.1628377119503574,0.185,False,Kraken,Coinbase Pro
1388,01-14-2021_05-22-59,DASH/USD,25.0,133.109,133.001,0.020284128045437215,-0.16471587195456278,0.185,False,Kraken,Coinbase Pro
1389,01-14-2021_05-23-11,DASH/USD,25.0,133.25,132.965,0.05347091932457722,-0.09652908067542278,0.15,False,Binance US,Coinbase Pro
1390,01-14-2021_05-23-34,DASH/USD,25.0,133.25,133.03343201,0.04063189305815896,-0.05186810694184104,0.0925,False,Binance US,Bittrex
1391,01-14-2021_05-23-47,DASH/USD,25.0,133.25,133.057,0.03621013133208481,-0.11378986866791518,0.15,False,Binance US,Coinbase Pro
1392,01-14-2021_05-24-11,DASH/USD,25.0,133.25,133.036,0.04015009380863013,-0.10984990619136986,0.15,False,Binance US,Coinbase Pro
1393,01-14-2021_05-24-33,DASH/USD,25.0,133.25,133.092,0.02964352720450038,-0.12035647279549962,0.15,False,Binance US,Coinbase Pro
1394,01-14-2021_05-24-45,DASH/USD,25.0,133.25,133.109,0.026454033771105275,-0.06854596622889472,0.095,False,Binance US,Kraken
1395,01-14-2021_05-25-09,DASH/USD,25.0,133.25,133.064,0.03489681050656793,-0.11510318949343207,0.15,False,Binance US,Coinbase Pro
1396,01-14-2021_05-25-21,DASH/USD,25.0,133.25,133.018,0.04352720450281413,-0.10647279549718586,0.15,False,Binance US,Coinbase Pro
1397,01-14-2021_05-25-43,DASH/USD,25.0,133.25,133.018,0.04352720450281413,-0.10647279549718586,0.15,False,Binance US,Coinbase Pro
1398,01-14-2021_05-25-57,DASH/USD,25.0,133.25,133.035,0.040337711069419024,-0.10966228893058097,0.15,False,Binance US,Coinbase Pro
1399,01-14-2021_05-26-20,DASH/USD,25.0,133.25,133.017,0.043714821763603015,-0.10628517823639698,0.15,False,Binance US,Coinbase Pro
1400,01-14-2021_05-26-44,DASH/USD,25.0,133.25,133.109,0.026454033771105275,-0.12354596622889472,0.15,False,Binance US,Coinbase Pro
1401,01-14-2021_05-26-56,DASH/USD,25.0,133.25,133.039,0.0395872420262688,-0.1104127579737312,0.15,False,Binance US,Coinbase Pro
1402,01-14-2021_05-27-07,DASH/USD,25.0,133.25,133.077,0.032457786116323044,-0.11754221388367694,0.15,False,Binance US,Coinbase Pro
1403,01-14-2021_05-27-29,DASH/USD,25.0,133.25,133.064,0.03489681050656793,-0.11510318949343207,0.15,False,Binance US,Coinbase Pro
1404,01-14-2021_05-27-41,DASH/USD,25.0,133.25,133.049,0.03771106941838525,-0.11228893058161474,0.15,False,Binance US,Coinbase Pro
1405,01-14-2021_05-27-53,DASH/USD,25.0,133.25,133.015,0.04409005628518079,-0.10590994371481921,0.15,False,Binance US,Coinbase Pro
1406,01-14-2021_05-28-17,DASH/USD,25.0,133.25,133.024,0.04240150093808613,-0.10759849906191386,0.15,False,Binance US,Coinbase Pro
1407,01-14-2021_05-28-29,DASH/USD,25.0,133.25,132.997,0.04746716697935945,-0.10253283302064053,0.15,False,Binance US,Coinbase Pro
1408,01-14-2021_05-28-53,DASH/USD,25.0,133.25,133.014,0.04427767354596435,-0.10572232645403565,0.15,False,Binance US,Coinbase Pro
1409,01-14-2021_05-29-06,DASH/USD,25.0,133.25,133.008,0.045403377110692346,-0.10459662288930766,0.15,False,Binance US,Coinbase Pro
1410,01-14-2021_05-29-18,DASH/USD,25.0,133.25,133.025,0.04221388367729724,-0.10778611632270275,0.15,False,Binance US,Coinbase Pro
1411,01-14-2021_05-29-31,DASH/USD,25.0,133.25,133.025,0.04221388367729724,-0.10778611632270275,0.15,False,Binance US,Coinbase Pro
1412,01-14-2021_05-29-43,DASH/USD,25.0,133.25,133.023,0.042589118198875016,-0.10741088180112499,0.15,False,Binance US,Coinbase Pro
1413,01-14-2021_05-30-06,DASH/USD,25.0,133.25,132.937,0.05872420262663943,-0.09127579737336056,0.15,False,Binance US,Coinbase Pro
1414,01-14-2021_05-30-17,DASH/USD,25.0,133.25,132.994,0.04803001876172612,-0.10196998123827387,0.15,False,Binance US,Coinbase Pro
1415,01-14-2021_05-30-40,DASH/USD,25.0,133.25,133.045,0.03846153846154081,-0.11153846153845919,0.15,False,Binance US,Coinbase Pro
1416,01-14-2021_05-30-53,DASH/USD,25.0,133.25,133.105,0.02720450281426083,-0.06779549718573917,0.095,False,Binance US,Kraken
1417,01-14-2021_05-31-17,DASH/USD,25.0,133.1499103,133.063,0.016318129656299054,-0.16618187034370094,0.1825,False,Bittrex,Coinbase Pro
1418,01-14-2021_05-31-32,DASH/USD,25.0,133.14991017,133.088,0.011624147909855933,-0.17087585209014405,0.1825,False,Bittrex,Coinbase Pro
1419,01-14-2021_05-31-44,DASH/USD,25.0,133.25,133.105,0.02720450281426083,-0.06779549718573917,0.095,False,Binance US,Kraken
1420,01-14-2021_05-32-06,DASH/USD,25.0,133.22327063,133.105,0.022194063664839038,-0.10530593633516097,0.1275,False,Bittrex,Kraken
1421,01-14-2021_05-32-17,DASH/USD,25.0,133.22327057,133.105,0.02219405241554213,-0.10530594758445787,0.1275,False,Bittrex,Kraken
1422,01-14-2021_05-32-40,DASH/USD,25.0,133.37,133.105,0.049673839694086896,-0.045326160305913105,0.095,False,Binance US,Kraken
1423,01-14-2021_05-33-02,DASH/USD,25.0,133.37,133.105,0.049673839694086896,-0.045326160305913105,0.095,False,Binance US,Kraken
1424,01-14-2021_05-33-14,DASH/USD,25.0,133.37,133.105,0.049673839694086896,-0.045326160305913105,0.095,False,Binance US,Kraken
1425,01-14-2021_05-33-26,DASH/USD,25.0,133.35,133.105,0.04593175853018458,-0.04906824146981542,0.095,False,Binance US,Kraken
1426,01-14-2021_05-33-50,DASH/USD,25.0,133.35,133.105,0.04593175853018458,-0.04906824146981542,0.095,False,Binance US,Kraken
1427,01-14-2021_05-34-01,DASH/USD,25.0,133.35,133.105,0.04593175853018458,-0.04906824146981542,0.095,False,Binance US,Kraken
1428,01-14-2021_05-34-13,DASH/USD,25.0,133.25457439,133.105,0.028061773992507436,-0.09943822600749257,0.1275,False,Bittrex,Kraken
1429,01-14-2021_05-34-24,DASH/USD,25.0,133.2545743,133.105,0.028061757126489093,-0.09943824287351091,0.1275,False,Bittrex,Kraken
1430,01-14-2021_05-34-46,DASH/USD,25.0,133.22720493,133.105,0.02293167714210812,-0.10456832285789189,0.1275,False,Bittrex,Kraken
1431,01-14-2021_05-34-58,DASH/USD,25.0,133.22720493,133.105,0.02293167714210812,-0.10456832285789189,0.1275,False,Bittrex,Kraken
1432,01-14-2021_05-35-21,DASH/USD,25.0,133.22720476,133.105,0.022931645270979087,-0.10456835472902092,0.1275,False,Bittrex,Kraken
1433,01-14-2021_05-35-45,DASH/USD,25.0,133.09228931,132.688,0.07594153502355594,-0.10655846497644406,0.1825,False,Bittrex,Coinbase Pro
1434,01-14-2021_05-35-56,DASH/USD,25.0,132.99,132.678,0.058651026392964094,-0.0913489736070359,0.15,False,Binance US,Coinbase Pro
1435,01-14-2021_05-36-20,DASH/USD,25.0,132.993,132.859,0.025189295677213487,-0.15981070432278652,0.185,False,Kraken,Coinbase Pro
1436,01-14-2021_05-36-32,DASH/USD,25.0,132.89,132.75,0.026337572428321614,-0.12366242757167838,0.15,False,Binance US,Coinbase Pro
1437,01-14-2021_05-36-55,DASH/USD,25.0,132.989,132.75,0.044928527923362896,-0.14007147207663712,0.185,False,Kraken,Coinbase Pro
1438,01-14-2021_05-37-06,DASH/USD,25.0,132.82,132.672,0.027857250414093537,-0.12214274958590646,0.15,False,Binance US,Coinbase Pro
1439,01-14-2021_05-37-20,DASH/USD,25.0,132.79509721,132.627,0.03164597442444707,-0.15085402557555294,0.1825,False,Bittrex,Coinbase Pro
1440,01-14-2021_05-37-42,DASH/USD,25.0,132.60600406,132.563,0.008107487346605638,-0.17439251265339437,0.1825,False,Bittrex,Coinbase Pro
1441,01-14-2021_05-37-56,DASH/USD,25.0,132.593,132.433,0.03016750507191115,-0.15483249492808884,0.185,False,Kraken,Coinbase Pro
1442,01-14-2021_05-38-19,DASH/USD,25.0,132.526,132.295,0.043576354828490815,-0.14142364517150918,0.185,False,Kraken,Coinbase Pro
1443,01-14-2021_05-38-32,DASH/USD,25.0,132.513,132.24,0.05150438070226999,-0.13349561929773002,0.185,False,Kraken,Coinbase Pro
1444,01-14-2021_05-38-54,DASH/USD,25.0,132.407,132.118,0.054566601463671795,-0.1304333985363282,0.185,False,Kraken,Coinbase Pro
1445,01-14-2021_05-39-07,DASH/USD,25.0,132.244,132.12,0.023441517195486226,-0.04174848280451377,0.06519,False,Kraken,Binance US
1446,01-14-2021_05-39-32,DASH/USD,25.0,132.503,132.199,0.057357191912630966,-0.13764280808736903,0.195,False,Kraken,Coinbase Pro
1447,01-14-2021_05-39-45,DASH/USD,25.0,132.502,132.279,0.04207483660624239,-0.1429251633937576,0.185,False,Kraken,Coinbase Pro
1448,01-14-2021_05-39-58,DASH/USD,25.0,132.49,132.234,0.04830553249301838,-0.1366944675069816,0.185,False,Kraken,Coinbase Pro
1449,01-14-2021_05-40-21,DASH/USD,25.0,132.463,132.248,0.040577368774677346,-0.14442263122532265,0.185,False,Kraken,Coinbase Pro
1450,01-14-2021_05-40-33,DASH/USD,25.0,132.42133995,132.276,0.027438921486308603,-0.15506107851369139,0.1825,False,Bittrex,Coinbase Pro
1451,01-14-2021_05-40-44,DASH/USD,25.0,132.42133985,132.195,0.04273099982533072,-0.13976900017466928,0.1825,False,Bittrex,Coinbase Pro
1452,01-14-2021_05-41-08,DASH/USD,25.0,132.42,132.226,0.03662588732819597,-0.11337411267180403,0.15,False,Binance US,Coinbase Pro
1453,01-14-2021_05-41-20,DASH/USD,25.0,132.4,132.243,0.029645015105742197,-0.1103549848942578,0.13999999999999999,False,Binance US,Coinbase Pro
1454,01-14-2021_05-41-42,DASH/USD,25.0,132.38,132.278,0.019262728508838922,-0.16573727149116108,0.185,False,Kraken,Coinbase Pro
1455,01-14-2021_05-41-55,DASH/USD,25.0,132.452,132.245,0.03907075770845167,-0.14592924229154833,0.185,False,Kraken,Coinbase Pro
1456,01-14-2021_05-42-18,DASH/USD,25.0,132.371,132.178,0.03645058207613677,-0.14854941792386323,0.185,False,Kraken,Coinbase Pro
1457,01-14-2021_05-42-29,DASH/USD,25.0,132.366,132.178,0.03550760769382179,-0.14949239230617822,0.185,False,Kraken,Coinbase Pro
1458,01-14-2021_05-42-51,DASH/USD,25.0,132.2,132.029,0.03233736762480943,-0.11766263237519056,0.15,False,Binance US,Coinbase Pro
1459,01-14-2021_05-43-04,DASH/USD,25.0,132.2,132.045,0.02931164901664167,-0.12068835098335833,0.15,False,Binance US,Coinbase Pro
1460,01-14-2021_05-43-26,DASH/USD,25.0,132.32198679,132.215,0.020213343336848422,-0.10728665666315158,0.1275,False,Bittrex,Kraken
1461,01-14-2021_05-43-38,DASH/USD,25.0,132.4,132.238,0.030589123867070644,-0.10941087613292934,0.13999999999999999,False,Binance US,Coinbase Pro
1462,01-14-2021_05-43-49,DASH/USD,25.0,132.32198661,132.212,0.020780108585467166,-0.16171989141453283,0.1825,False,Bittrex,Coinbase Pro
1463,01-14-2021_05-44-13,DASH/USD,25.0,132.33,132.258,0.013602357742009128,-0.13639764225799086,0.15,False,Binance US,Coinbase Pro
1464,01-14-2021_05-44-24,DASH/USD,25.0,132.4,132.285,0.021714501510575735,-0.11828549848942425,0.13999999999999999,False,Binance US,Coinbase Pro
1465,01-14-2021_05-44-36,DASH/USD,25.0,132.39087867,132.296,0.01791639102201869,-0.1645836089779813,0.1825,False,Bittrex,Coinbase Pro
1466,01-14-2021_05-44-49,DASH/USD,25.0,132.39087856,132.295,0.01810520502675047,-0.16439479497324952,0.1825,False,Bittrex,Coinbase Pro
1467,01-14-2021_05-45-12,DASH/USD,25.0,132.57,132.376,0.036584445953079206,-0.058415554046920795,0.095,False,Binance US,Kraken
1468,01-14-2021_05-45-36,DASH/USD,25.0,132.55362602,132.376,0.03350078480184134,-0.09399921519815865,0.1275,False,Bittrex,Kraken
1469,01-14-2021_05-45-48,DASH/USD,25.0,132.55362596,132.376,0.033500773500832325,-0.09399922649916767,0.1275,False,Bittrex,Kraken
1470,01-14-2021_05-46-11,DASH/USD,25.0,132.55362577,132.376,0.03350073771429656,-0.09399926228570343,0.1275,False,Bittrex,Kraken
1471,01-14-2021_05-46-34,DASH/USD,25.0,132.74,132.588,0.028627391893930845,-0.11137260810606914,0.13999999999999999,False,Binance US,Coinbase Pro
1472,01-14-2021_05-46-57,DASH/USD,25.0,132.927,132.76,0.031408216539905665,-0.03378178346009433,0.06519,False,Kraken,Binance US
1473,01-14-2021_05-47-07,DASH/USD,25.0,132.925,132.76,0.031032537145010426,-0.03415746285498957,0.06519,False,Kraken,Binance US
1474,01-14-2021_05-47-20,DASH/USD,25.0,133.07583627,132.76,0.05933388788915808,-0.0033561121108419134,0.06269,False,Bittrex,Binance US
1475,01-14-2021_05-47-31,DASH/USD,25.0,133.0378171,132.76,0.05220641507354177,-0.010483584926458227,0.06269,False,Bittrex,Binance US
1476,01-14-2021_05-47-42,DASH/USD,25.0,132.971,132.76,0.03967030405126169,-0.025519695948738305,0.06519,False,Kraken,Binance US
1477,01-14-2021_05-47-53,DASH/USD,25.0,132.971,132.76,0.03967030405126169,-0.025519695948738305,0.06519,False,Kraken,Binance US
1478,01-14-2021_05-48-05,DASH/USD,25.0,132.971,132.76,0.03967030405126169,-0.025519695948738305,0.06519,False,Kraken,Binance US
1479,01-14-2021_05-48-15,DASH/USD,25.0,132.856,132.76,0.018064671524056806,-0.047125328475943196,0.06519,False,Kraken,Binance US
1480,01-14-2021_05-48-25,DASH/USD,25.0,132.85,132.718,0.02484004516371942,-0.16015995483628057,0.185,False,Kraken,Coinbase Pro
1481,01-14-2021_05-48-34,DASH/USD,25.0,132.835,132.556,0.052508751458575746,-0.13249124854142424,0.185,False,Kraken,Coinbase Pro
1482,01-14-2021_05-49-06,DASH/USD,25.0,132.53785232,132.44,0.018457429007480885,-0.04423257099251911,0.06269,False,Bittrex,Binance US
1483,01-14-2021_05-49-16,DASH/USD,25.0,132.69,132.453,0.044652950486094425,-0.10534704951390557,0.15,False,Binance US,Coinbase Pro
1484,01-14-2021_05-49-27,DASH/USD,25.0,132.61,132.427,0.034499660659079466,-0.11550033934092052,0.15,False,Binance US,Coinbase Pro
1485,01-14-2021_05-49-38,DASH/USD,25.0,132.53,132.423,0.020184109258281017,-0.12981589074171898,0.15,False,Binance US,Coinbase Pro
1486,01-14-2021_05-49-49,DASH/USD,25.0,132.77,132.484,0.053852526926263716,-0.08614747307373627,0.13999999999999999,False,Binance US,Coinbase Pro
1487,01-14-2021_05-50-00,DASH/USD,25.0,132.75,132.501,0.04689265536723074,-0.10310734463276926,0.15,False,Binance US,Coinbase Pro
1488,01-14-2021_05-50-12,DASH/USD,25.0,132.67,132.452,0.04107936986507676,-0.10892063013492323,0.15,False,Binance US,Coinbase Pro
1489,01-14-2021_05-50-22,DASH/USD,25.0,132.63,132.452,0.03355198673000025,-0.11644801326999975,0.15,False,Binance US,Coinbase Pro
1490,01-14-2021_05-50-33,DASH/USD,25.0,132.59,132.476,0.021494833697866415,-0.12850516630213357,0.15,False,Binance US,Coinbase Pro
1491,01-14-2021_05-50-44,DASH/USD,25.0,132.57,132.435,0.025458248472503376,-0.12454175152749662,0.15,False,Binance US,Coinbase Pro
1492,01-14-2021_05-50-55,DASH/USD,25.0,132.561,132.476,0.016030355836182578,-0.16896964416381743,0.185,False,Kraken,Coinbase Pro
1493,01-14-2021_05-51-06,DASH/USD,25.0,132.63,132.476,0.029028123350674128,-0.12097187664932586,0.15,False,Binance US,Coinbase Pro
1494,01-14-2021_05-51-17,DASH/USD,25.0,132.85,132.475,0.07056831012420023,-0.07943168987579977,0.15,False,Binance US,Coinbase Pro
1495,01-14-2021_05-51-28,DASH/USD,25.0,132.64,132.476,0.030910735826294347,-0.11908926417370565,0.15,False,Binance US,Coinbase Pro
1496,01-14-2021_05-51-39,DASH/USD,25.0,132.608,132.476,0.02488537644787739,-0.1601120235521226,0.18499739999999998,False,Kraken,Coinbase Pro
1497,01-14-2021_05-52-00,DASH/USD,25.0,132.68,132.382,0.05615013566475765,-0.09384986433524234,0.15,False,Binance US,Coinbase Pro
1498,01-14-2021_05-52-11,DASH/USD,25.0,132.55,132.289,0.04922670690305999,-0.13577329309694,0.185,False,Kraken,Coinbase Pro
1499,01-14-2021_05-52-22,DASH/USD,25.0,132.491,132.202,0.054532005947576755,-0.13046799405242324,0.185,False,Kraken,Coinbase Pro
1500,01-14-2021_05-52-34,DASH/USD,25.0,132.429,132.158,0.051159489235744246,-0.13384051076425574,0.185,False,Kraken,Coinbase Pro
1501,01-14-2021_05-52-45,DASH/USD,25.0,132.366,132.103,0.049672876720608994,-0.135327123279391,0.185,False,Kraken,Coinbase Pro
1502,01-14-2021_05-53-07,DASH/USD,25.0,132.47,132.163,0.05793764625952818,-0.09206235374047181,0.15,False,Binance US,Coinbase Pro
1503,01-14-2021_05-53-18,DASH/USD,25.0,132.37,132.163,0.039094961093902245,-0.11090503890609775,0.15,False,Binance US,Coinbase Pro
1504,01-14-2021_05-53-29,DASH/USD,25.0,132.342,132.163,0.03381390639404007,-0.15118609360595991,0.185,False,Kraken,Coinbase Pro
1505,01-14-2021_05-53-42,DASH/USD,25.0,133.18,132.225,0.17926865895780383,0.02926865895780384,0.15,True,Binance US,Coinbase Pro
1506,01-14-2021_05-53-54,DASH/USD,25.0,132.52,132.316,0.03848475701781009,-0.10151524298218989,0.13999999999999999,False,Binance US,Coinbase Pro
1507,01-14-2021_05-54-04,DASH/USD,25.0,132.5,132.235,0.04999999999999743,-0.10000000000000256,0.15,False,Binance US,Coinbase Pro
1508,01-14-2021_05-54-15,DASH/USD,25.0,132.491,132.224,0.05038078058132709,-0.13461921941867291,0.185,False,Kraken,Coinbase Pro
1509,01-14-2021_05-54-37,DASH/USD,25.0,132.459,132.253,0.03887995530692842,-0.14612004469307158,0.185,False,Kraken,Coinbase Pro
1510,01-14-2021_05-54-49,DASH/USD,25.0,132.457,132.254,0.03831432087394456,-0.14668567912605543,0.185,False,Kraken,Coinbase Pro
1511,01-14-2021_05-55-10,DASH/USD,25.0,132.453,132.24,0.04020293991075964,-0.14479706008924037,0.185,False,Kraken,Coinbase Pro
1512,01-14-2021_05-55-21,DASH/USD,25.0,132.443,132.254,0.03567572465136348,-0.14932427534863651,0.185,False,Kraken,Coinbase Pro
1513,01-14-2021_05-55-32,DASH/USD,25.0,132.44,132.24,0.037752944729686766,-0.14724705527031323,0.185,False,Kraken,Coinbase Pro
1514,01-14-2021_05-55-54,DASH/USD,25.0,132.5,132.272,0.043018867924529934,-0.10698113207547005,0.15,False,Binance US,Coinbase Pro
1515,01-14-2021_05-56-05,DASH/USD,25.0,132.48,132.235,0.04623339371980226,-0.09376660628019773,0.13999999999999999,False,Binance US,Coinbase Pro
1516,01-14-2021_05-56-17,DASH/USD,25.0,132.49,132.26,0.0433995018491996,-0.10660049815080039,0.15,False,Binance US,Coinbase Pro
1517,01-14-2021_05-56-27,DASH/USD,25.0,132.48,132.254,0.04264794685990321,-0.09735205314009678,0.13999999999999999,False,Binance US,Coinbase Pro
1518,01-14-2021_05-56-37,DASH/USD,25.0,132.431,132.219,0.040020841041753345,-0.14497915895824665,0.185,False,Kraken,Coinbase Pro
1519,01-14-2021_05-56-48,DASH/USD,25.0,132.429,132.301,0.02416389159474404,-0.16083610840525597,0.185,False,Kraken,Coinbase Pro
1520,01-14-2021_05-56-59,DASH/USD,25.0,132.427,132.268,0.030016537413063767,-0.15498346258693624,0.185,False,Kraken,Coinbase Pro
1521,01-14-2021_05-57-10,DASH/USD,25.0,132.427,132.283,0.027184788600513012,-0.15781521139948698,0.185,False,Kraken,Coinbase Pro
1522,01-14-2021_05-57-21,DASH/USD,25.0,132.427,132.265,0.03058288717557714,-0.15441711282442286,0.185,False,Kraken,Coinbase Pro
1523,01-14-2021_05-57-32,DASH/USD,25.0,132.427,132.279,0.02793992161719214,-0.15706007838280786,0.185,False,Kraken,Coinbase Pro
1524,01-14-2021_05-57-44,DASH/USD,25.0,132.427,132.279,0.02793992161719214,-0.15706007838280786,0.185,False,Kraken,Coinbase Pro
1525,01-14-2021_05-57-54,DASH/USD,25.0,132.427,132.295,0.02491938955047026,-0.16008061044952973,0.185,False,Kraken,Coinbase Pro
1526,01-14-2021_05-58-04,DASH/USD,25.0,132.43496794,132.342,0.01754973430471049,-0.1649502656952895,0.1825,False,Bittrex,Coinbase Pro
1527,01-14-2021_05-58-15,DASH/USD,25.0,132.54390038,132.38,0.03091435734313366,-0.03177564265686633,0.06269,False,Bittrex,Binance US
1528,01-14-2021_05-58-27,DASH/USD,25.0,132.54390036,132.38,0.030914353575465757,-0.03177564642453424,0.06269,False,Bittrex,Binance US
1529,01-14-2021_05-58-38,DASH/USD,25.0,132.43496793,132.375,0.011320259848534837,-0.17117974015146517,0.1825,False,Bittrex,Coinbase Pro
1530,01-14-2021_05-58-50,DASH/USD,25.0,132.55,132.37,0.03394945303659125,-0.10605054696340874,0.13999999999999999,False,Binance US,Coinbase Pro
1531,01-14-2021_05-59-01,DASH/USD,25.0,132.55,132.405,0.0273481705016994,-0.11265182949830059,0.13999999999999999,False,Binance US,Coinbase Pro
1532,01-14-2021_05-59-12,DASH/USD,25.0,132.55,132.42,0.024519049415319474,-0.11548095058468051,0.13999999999999999,False,Binance US,Coinbase Pro
1533,01-14-2021_05-59-22,DASH/USD,25.0,132.55,132.389,0.030365899660505725,-0.10963410033949426,0.13999999999999999,False,Binance US,Coinbase Pro
1534,01-14-2021_05-59-33,DASH/USD,25.0,132.55,132.406,0.027159562429272997,-0.11284043757072698,0.13999999999999999,False,Binance US,Coinbase Pro
1535,01-14-2021_05-59-44,DASH/USD,25.0,132.75,132.408,0.06440677966101939,-0.0855932203389806,0.15,False,Binance US,Coinbase Pro
1536,01-14-2021_05-59-54,DASH/USD,25.0,132.6,132.407,0.036387631975864185,-0.11361236802413581,0.15,False,Binance US,Coinbase Pro
1537,01-14-2021_06-00-04,DASH/USD,25.0,132.6,132.407,0.036387631975864185,-0.11361236802413581,0.15,False,Binance US,Coinbase Pro
1538,01-14-2021_06-00-15,DASH/USD,25.0,132.6,132.365,0.04430618401206358,-0.10569381598793642,0.15,False,Binance US,Coinbase Pro
1539,01-14-2021_06-00-27,DASH/USD,25.0,132.6,132.347,0.047699849170434745,-0.10230015082956526,0.15,False,Binance US,Coinbase Pro
1540,01-14-2021_06-00-37,DASH/USD,25.0,132.6,132.432,0.03167420814479758,-0.11832579185520242,0.15,False,Binance US,Coinbase Pro
1541,01-14-2021_06-00-47,DASH/USD,25.0,132.6,132.386,0.040346907993966556,-0.10965309200603343,0.15,False,Binance US,Coinbase Pro
1542,01-14-2021_06-00-59,DASH/USD,25.0,132.6,132.366,0.04411764705881984,-0.10588235294118015,0.15,False,Binance US,Coinbase Pro
1543,01-14-2021_06-01-09,DASH/USD,25.0,132.6,132.384,0.04072398190045403,-0.10927601809954596,0.15,False,Binance US,Coinbase Pro
1544,01-14-2021_06-01-21,DASH/USD,25.0,132.6,132.413,0.03525641025640713,-0.11474358974359286,0.15,False,Binance US,Coinbase Pro
1545,01-14-2021_06-01-31,DASH/USD,25.0,132.81676756,132.539,0.052283978352830975,-0.07521602164716903,0.1275,False,Bittrex,Kraken
1546,01-14-2021_06-01-42,DASH/USD,25.0,132.81,132.609,0.037836006324823694,-0.05716399367517631,0.095,False,Binance US,Kraken
1547,01-14-2021_06-01-53,DASH/USD,25.0,132.95,132.609,0.06412185031966525,-0.030878149680334754,0.095,False,Binance US,Kraken
1548,01-14-2021_06-02-03,DASH/USD,25.0,133.17,132.807,0.0681459788240594,-0.1168540211759406,0.185,False,Kraken,Coinbase Pro
1549,01-14-2021_06-02-15,DASH/USD,25.0,133.147,132.96,0.03511156841685945,-0.030078431583140545,0.06519,False,Kraken,Binance US
1550,01-14-2021_06-02-26,DASH/USD,25.0,133.15,133.034,0.021779947427715707,-0.11822005257228428,0.13999999999999999,False,Binance US,Coinbase Pro
1551,01-14-2021_06-02-37,DASH/USD,25.0,133.15,132.963,0.03511077731881558,-0.1048892226811844,0.13999999999999999,False,Binance US,Coinbase Pro
1552,01-14-2021_06-02-47,DASH/USD,25.0,133.15,132.828,0.060458129928652404,-0.07954187007134758,0.13999999999999999,False,Binance US,Coinbase Pro
1553,01-14-2021_06-02-58,DASH/USD,25.0,133.15,132.829,0.06027037176117122,-0.07972962823882876,0.13999999999999999,False,Binance US,Coinbase Pro
1554,01-14-2021_06-03-10,DASH/USD,25.0,133.15,132.867,0.053135561396923665,-0.08686443860307633,0.13999999999999999,False,Binance US,Coinbase Pro
1555,01-14-2021_06-03-21,DASH/USD,25.0,133.15,132.918,0.04355989485542608,-0.0964401051445739,0.13999999999999999,False,Binance US,Coinbase Pro
1556,01-14-2021_06-03-32,DASH/USD,25.0,133.15,132.933,0.040743522343224356,-0.09925647765677563,0.13999999999999999,False,Binance US,Coinbase Pro
1557,01-14-2021_06-03-43,DASH/USD,25.0,133.15,132.99,0.030041306796845017,-0.10995869320315496,0.13999999999999999,False,Binance US,Coinbase Pro
1558,01-14-2021_06-03-55,DASH/USD,25.0,133.15,132.975,0.032857679309052076,-0.10714232069094791,0.13999999999999999,False,Binance US,Coinbase Pro
1559,01-14-2021_06-04-05,DASH/USD,25.0,133.15,133.035,0.021592189260234526,-0.11840781073976546,0.13999999999999999,False,Binance US,Coinbase Pro
1560,01-14-2021_06-04-17,DASH/USD,25.0,133.15,133.025,0.02346977093503567,-0.11653022906496431,0.13999999999999999,False,Binance US,Coinbase Pro
1561,01-14-2021_06-04-29,DASH/USD,25.0,133.15,133.035,0.021592189260234526,-0.11840781073976546,0.13999999999999999,False,Binance US,Coinbase Pro
1562,01-14-2021_06-04-40,DASH/USD,25.0,133.15,132.896,0.04769057453999607,-0.09230942546000392,0.13999999999999999,False,Binance US,Coinbase Pro
1563,01-14-2021_06-04-52,DASH/USD,25.0,133.15,133.06052186,0.016800251595946544,-0.06569974840405346,0.0825,False,Binance US,Bittrex
1564,01-14-2021_06-05-03,DASH/USD,25.0,133.15,133.063,0.016334960570788114,-0.12366503942921186,0.13999999999999999,False,Binance US,Coinbase Pro
1565,01-14-2021_06-05-13,DASH/USD,25.0,133.15,133.083,0.012579797221180486,-0.1274202027788195,0.13999999999999999,False,Binance US,Coinbase Pro
1566,01-14-2021_06-05-24,DASH/USD,25.0,133.20531645,133.099,0.019953492254176548,-0.16254650774582344,0.1825,False,Bittrex,Coinbase Pro
1567,01-14-2021_06-05-35,DASH/USD,25.0,133.20531644,133.099,0.019953490378871043,-0.10754650962112897,0.1275,False,Bittrex,Kraken
1568,01-14-2021_06-05-45,DASH/USD,25.0,133.20531639,133.099,0.019953481002354174,-0.10754651899764583,0.1275,False,Bittrex,Kraken
1569,01-14-2021_06-05-55,DASH/USD,25.0,133.37800086,133.099,0.052295142040112236,-0.07520485795988777,0.1275,False,Bittrex,Kraken
1570,01-14-2021_06-06-07,DASH/USD,25.0,133.35,133.099,0.04705661792276055,-0.04794338207723945,0.095,False,Binance US,Kraken
1571,01-14-2021_06-06-17,DASH/USD,25.0,133.35,133.136,0.04011998500187451,-0.10988001499812548,0.15,False,Binance US,Coinbase Pro
1572,01-14-2021_06-06-29,DASH/USD,25.0,133.35,133.136,0.04011998500187451,-0.10988001499812548,0.15,False,Binance US,Coinbase Pro
1573,01-14-2021_06-06-39,DASH/USD,25.0,133.37800074,133.14,0.04461019408739754,-0.08288980591260246,0.1275,False,Bittrex,Kraken
1574,01-14-2021_06-06-49,DASH/USD,25.0,133.37800086,133.14,0.04461021653972323,-0.08288978346027677,0.1275,False,Bittrex,Kraken
1575,01-14-2021_06-06-59,DASH/USD,25.0,133.37800086,133.14,0.04461021653972323,-0.08288978346027677,0.1275,False,Bittrex,Kraken
1576,01-14-2021_06-07-09,DASH/USD,25.0,133.55,133.14,0.0767502807937149,-0.018249719206285098,0.095,False,Binance US,Kraken
1577,01-14-2021_06-07-20,DASH/USD,25.0,133.55,133.14,0.0767502807937149,-0.018249719206285098,0.095,False,Binance US,Kraken
1578,01-14-2021_06-07-31,DASH/USD,25.0,133.53,133.14,0.07301729948326496,-0.021982700516735038,0.095,False,Binance US,Kraken
1579,01-14-2021_06-07-42,DASH/USD,25.0,133.38,133.14,0.04498425551057301,-0.05001574448942699,0.095,False,Binance US,Kraken
1580,01-14-2021_06-07-53,DASH/USD,25.0,133.38,133.14,0.04498425551057301,-0.05001574448942699,0.095,False,Binance US,Kraken
1581,01-14-2021_06-08-05,DASH/USD,25.0,133.38,133.14,0.04498425551057301,-0.05001574448942699,0.095,False,Binance US,Kraken
1582,01-14-2021_06-08-15,DASH/USD,25.0,133.49999992,133.14,0.06741571539620549,-0.060084284603794516,0.1275,False,Bittrex,Kraken
1583,01-14-2021_06-08-26,DASH/USD,25.0,133.49999984,133.14,0.06741570045532976,-0.06008429954467025,0.1275,False,Bittrex,Kraken
1584,01-14-2021_06-08-36,DASH/USD,25.0,133.49999971,133.14,0.06741567617641064,-0.06008432382358936,0.1275,False,Bittrex,Kraken
1585,01-14-2021_06-08-47,DASH/USD,25.0,133.36,133.049,0.058300839832034906,-0.09169916016796509,0.15,False,Binance US,Coinbase Pro
1586,01-14-2021_06-08-59,DASH/USD,25.0,133.36,133.038,0.0603629274145176,-0.0896370725854824,0.15,False,Binance US,Coinbase Pro
1587,01-14-2021_06-09-09,DASH/USD,25.0,133.38,133.104,0.05173189383715363,-0.09826810616284637,0.15,False,Binance US,Coinbase Pro
1588,01-14-2021_06-09-22,DASH/USD,25.0,133.38,133.14,0.04498425551057301,-0.05001574448942699,0.095,False,Binance US,Kraken
1589,01-14-2021_06-09-32,DASH/USD,25.0,133.38,133.14,0.04498425551057301,-0.05001574448942699,0.095,False,Binance US,Kraken
1590,01-14-2021_06-09-43,DASH/USD,25.0,133.38,133.14,0.04498425551057301,-0.05001574448942699,0.095,False,Binance US,Kraken
1591,01-14-2021_06-09-54,DASH/USD,25.0,133.55,133.14,0.0767502807937149,-0.018249719206285098,0.095,False,Binance US,Kraken
1592,01-14-2021_06-10-06,DASH/USD,25.0,133.55,133.14,0.0767502807937149,-0.018249719206285098,0.095,False,Binance US,Kraken
1593,01-14-2021_06-10-17,DASH/USD,25.0,133.55,133.387,0.030512916510672203,-0.0644870834893278,0.095,False,Binance US,Kraken
1594,01-14-2021_06-10-30,DASH/USD,25.0,133.75,133.5,0.04672897196261682,-0.03577102803738318,0.0825,False,Binance US,Bittrex
1595,01-14-2021_06-10-41,DASH/USD,25.0,133.95,133.5,0.08398656215005387,0.001486562150053869,0.0825,False,Binance US,Bittrex
1596,01-14-2021_06-10-53,DASH/USD,25.0,133.95,133.716,0.043673012318025464,-0.09632698768197452,0.13999999999999999,False,Binance US,Coinbase Pro
1597,01-14-2021_06-11-04,DASH/USD,25.0,133.95,133.707,0.0453527435610293,-0.09464725643897068,0.13999999999999999,False,Binance US,Coinbase Pro
1598,01-14-2021_06-11-14,DASH/USD,25.0,133.95,133.741,0.03900709219857685,-0.10099290780142314,0.13999999999999999,False,Binance US,Coinbase Pro
1599,01-14-2021_06-11-25,DASH/USD,25.0,133.95,133.756,0.03620754012691086,-0.10379245987308913,0.13999999999999999,False,Binance US,Coinbase Pro
1600,01-14-2021_06-11-38,DASH/USD,25.0,133.95,133.758,0.035834266517353275,-0.10416573348264671,0.13999999999999999,False,Binance US,Coinbase Pro
1601,01-14-2021_06-12-01,DASH/USD,25.0,133.95,133.757,0.03602090332213207,-0.10397909667786792,0.13999999999999999,False,Binance US,Coinbase Pro
1602,01-14-2021_06-12-15,DASH/USD,25.0,133.95,133.758,0.035834266517353275,-0.10416573348264671,0.13999999999999999,False,Binance US,Coinbase Pro
1603,01-14-2021_06-12-38,DASH/USD,25.0,133.95,133.842,0.020156774916008896,-0.11984322508399109,0.13999999999999999,False,Binance US,Coinbase Pro
1604,01-14-2021_06-12-49,DASH/USD,25.0,133.96,133.842,0.022021498954910977,-0.117978501045089,0.13999999999999999,False,Binance US,Coinbase Pro
1605,01-14-2021_06-13-12,DASH/USD,25.0,134.05124097,133.893,0.029511284053577322,-0.09798871594642268,0.1275,False,Bittrex,Kraken
1606,01-14-2021_06-13-24,DASH/USD,25.0,134.05124085,133.893,0.029511261700491478,-0.09798873829950852,0.1275,False,Bittrex,Kraken
1607,01-14-2021_06-13-36,DASH/USD,25.0,134.05124074,133.893,0.029511241210164078,-0.09798875878983593,0.1275,False,Bittrex,Kraken
1608,01-14-2021_06-14-00,DASH/USD,25.0,134.13085417,133.96,0.031844680900831424,-0.030845319099168572,0.06269,False,Bittrex,Binance US
1609,01-14-2021_06-14-11,DASH/USD,25.0,134.26854324,133.96,0.05744890660065038,-0.005241093399349618,0.06269,False,Bittrex,Binance US
1610,01-14-2021_06-14-23,DASH/USD,25.0,134.35,133.996,0.06587272050613789,-0.02912727949386211,0.095,False,Binance US,Kraken
1611,01-14-2021_06-14-45,DASH/USD,25.0,134.35,133.996,0.06587272050613789,-0.02912727949386211,0.095,False,Binance US,Kraken
1612,01-14-2021_06-14-56,DASH/USD,25.0,134.35,133.996,0.06587272050613789,-0.02912727949386211,0.095,False,Binance US,Kraken
1613,01-14-2021_06-15-07,DASH/USD,25.0,134.38653403,134.034,0.06558209729579689,-0.06191790270420311,0.1275,False,Bittrex,Kraken
1614,01-14-2021_06-15-17,DASH/USD,25.0,134.38653399,134.079,0.05721071540227392,-0.07028928459772608,0.1275,False,Bittrex,Kraken
1615,01-14-2021_06-15-28,DASH/USD,25.0,134.38653391,134.079,0.05721070055388659,-0.07028929944611341,0.1275,False,Bittrex,Kraken
1616,01-14-2021_06-15-40,DASH/USD,25.0,134.38653382,134.079,0.057210683849454776,-0.07028931615054523,0.1275,False,Bittrex,Kraken
1617,01-14-2021_06-15-52,DASH/USD,25.0,134.38653381,134.079,0.05721068199340503,-0.07028931800659496,0.1275,False,Bittrex,Kraken
1618,01-14-2021_06-16-04,DASH/USD,25.0,134.38653372,134.031,0.06614013141018135,-0.11635986858981864,0.1825,False,Bittrex,Coinbase Pro
1619,01-14-2021_06-16-15,DASH/USD,25.0,134.32,133.988,0.06179273377010007,-0.07820726622989992,0.13999999999999999,False,Binance US,Coinbase Pro
1620,01-14-2021_06-16-26,DASH/USD,25.0,134.32,133.889,0.08021888028588132,-0.05978111971411866,0.13999999999999999,False,Binance US,Coinbase Pro
1621,01-14-2021_06-16-38,DASH/USD,25.0,134.07,133.909,0.03002163049153453,-0.11997836950846547,0.15,False,Binance US,Coinbase Pro
1622,01-14-2021_06-17-00,DASH/USD,25.0,134.07,133.923,0.027411053927051423,-0.12258894607294857,0.15,False,Binance US,Coinbase Pro
1623,01-14-2021_06-17-10,DASH/USD,25.0,134.07,133.923,0.027411053927051423,-0.12258894607294857,0.15,False,Binance US,Coinbase Pro
1624,01-14-2021_06-17-22,DASH/USD,25.0,134.07,133.867,0.03785336018497855,-0.11214663981502145,0.15,False,Binance US,Coinbase Pro
1625,01-14-2021_06-17-33,DASH/USD,25.0,134.07,133.878,0.03580219288431552,-0.11419780711568447,0.15,False,Binance US,Coinbase Pro
1626,01-14-2021_06-17-44,DASH/USD,25.0,134.07,133.893,0.033005146565225726,-0.11699485343477427,0.15,False,Binance US,Coinbase Pro
1627,01-14-2021_06-17-56,DASH/USD,25.0,134.07,133.88,0.03542925337510214,-0.11457074662489786,0.15,False,Binance US,Coinbase Pro
1628,01-14-2021_06-18-07,DASH/USD,25.0,134.07,133.882,0.03505631386588875,-0.11494368613411124,0.15,False,Binance US,Coinbase Pro
1629,01-14-2021_06-18-28,DASH/USD,25.0,133.97,133.736,0.04366649249832217,-0.10633350750167783,0.15,False,Binance US,Coinbase Pro
1630,01-14-2021_06-18-39,DASH/USD,25.0,133.97,133.757,0.039747704710008554,-0.11025229528999145,0.15,False,Binance US,Coinbase Pro
1631,01-14-2021_06-18-50,DASH/USD,25.0,133.905,133.561,0.06422463686942124,-0.12077536313057875,0.185,False,Kraken,Coinbase Pro
1632,01-14-2021_06-19-00,DASH/USD,25.0,133.71,133.454,0.047864781990875814,-0.09213521800912416,0.13999999999999999,False,Binance US,Coinbase Pro
1633,01-14-2021_06-19-12,DASH/USD,25.0,133.71,133.384,0.06095280831650995,-0.07904719168349003,0.13999999999999999,False,Binance US,Coinbase Pro
1634,01-14-2021_06-19-34,DASH/USD,25.0,133.71,133.43,0.05235210530252059,-0.0876478946974794,0.13999999999999999,False,Binance US,Coinbase Pro
1635,01-14-2021_06-19-47,DASH/USD,25.0,133.71,133.43,0.05235210530252059,-0.0876478946974794,0.13999999999999999,False,Binance US,Coinbase Pro
1636,01-14-2021_06-19-58,DASH/USD,25.0,133.71,133.43,0.05235210530252059,-0.0876478946974794,0.13999999999999999,False,Binance US,Coinbase Pro
1637,01-14-2021_06-20-21,DASH/USD,25.0,133.72,133.494,0.04225246784325439,-0.1077475321567456,0.15,False,Binance US,Coinbase Pro
1638,01-14-2021_06-20-32,DASH/USD,25.0,133.72,133.561,0.029726293748128893,-0.1202737062518711,0.15,False,Binance US,Coinbase Pro
1639,01-14-2021_06-20-43,DASH/USD,25.0,133.72,133.546,0.03253066108286094,-0.11746933891713905,0.15,False,Binance US,Coinbase Pro
1640,01-14-2021_06-20-54,DASH/USD,25.0,133.69,133.384,0.05722193133368457,-0.09277806866631542,0.15,False,Binance US,Coinbase Pro
1641,01-14-2021_06-21-06,DASH/USD,25.0,133.48,133.168,0.058435720707218954,-0.09156427929278105,0.15,False,Binance US,Coinbase Pro
1642,01-14-2021_06-21-16,DASH/USD,25.0,133.48,133.214,0.04982019778243766,-0.10017980221756234,0.15,False,Binance US,Coinbase Pro
1643,01-14-2021_06-21-28,DASH/USD,25.0,133.48,133.167,0.05862301468384556,-0.09137698531615443,0.15,False,Binance US,Coinbase Pro
1644,01-14-2021_06-21-50,DASH/USD,25.0,133.32,133.133,0.03506600660065695,-0.11493399339934304,0.15,False,Binance US,Coinbase Pro
1645,01-14-2021_06-22-00,DASH/USD,25.0,133.32,133.15,0.03187818781877953,-0.11812181218122046,0.15,False,Binance US,Coinbase Pro
1646,01-14-2021_06-22-11,DASH/USD,25.0,133.32,133.096,0.04200420042004004,-0.10799579957995994,0.15,False,Binance US,Coinbase Pro
1647,01-14-2021_06-22-23,DASH/USD,25.0,133.31,132.873,0.08195184157227738,-0.06804815842772262,0.15,False,Binance US,Coinbase Pro
1648,01-14-2021_06-22-45,DASH/USD,25.0,133.14,132.927,0.03999549346552386,-0.11000450653447613,0.15,False,Binance US,Coinbase Pro
1649,01-14-2021_06-22-56,DASH/USD,25.0,133.13,132.875,0.047885525426274216,-0.10211447457372577,0.15,False,Binance US,Coinbase Pro
1650,01-14-2021_06-23-07,DASH/USD,25.0,133.13,132.848,0.05295575753023028,-0.09704424246976971,0.15,False,Binance US,Coinbase Pro
1651,01-14-2021_06-23-19,DASH/USD,25.0,133.18,132.95,0.043174650848479164,-0.10682534915152084,0.15,False,Binance US,Coinbase Pro
1652,01-14-2021_06-23-31,DASH/USD,25.0,133.18,132.949,0.04336236672172897,-0.10663763327827103,0.15,False,Binance US,Coinbase Pro
1653,01-14-2021_06-23-42,DASH/USD,25.0,133.32,132.96,0.06750675067506473,-0.08249324932493526,0.15,False,Binance US,Coinbase Pro
1654,01-14-2021_06-23-54,DASH/USD,25.0,133.32,132.959,0.06769426942694082,-0.08230573057305918,0.15,False,Binance US,Coinbase Pro
1655,01-14-2021_06-24-06,DASH/USD,25.0,133.32,132.955,0.06844434443443982,-0.08155565556556017,0.15,False,Binance US,Coinbase Pro
1656,01-14-2021_06-24-28,DASH/USD,25.0,133.32,132.997,0.060568556855681646,-0.08943144314431835,0.15,False,Binance US,Coinbase Pro
1657,01-14-2021_06-24-40,DASH/USD,25.0,133.32,133.014,0.05738073807380423,-0.09261926192619577,0.15,False,Binance US,Coinbase Pro
1658,01-14-2021_06-24-52,DASH/USD,25.0,133.32,133.014,0.05738073807380423,-0.09261926192619577,0.15,False,Binance US,Coinbase Pro
1659,01-14-2021_06-25-14,DASH/USD,25.0,133.32,133.014,0.05738073807380423,-0.09261926192619577,0.15,False,Binance US,Coinbase Pro
1660,01-14-2021_06-25-26,DASH/USD,25.0,133.32,133.012,0.057755775577556394,-0.0922442244224436,0.15,False,Binance US,Coinbase Pro
1661,01-14-2021_06-25-39,DASH/USD,25.0,133.32,133.058,0.049129912991299214,-0.10087008700870079,0.15,False,Binance US,Coinbase Pro
1662,01-14-2021_06-25-51,DASH/USD,25.0,133.32,133.075,0.045942094209421795,-0.10405790579057819,0.15,False,Binance US,Coinbase Pro
1663,01-14-2021_06-26-12,DASH/USD,25.0,133.32,132.949,0.06956945694569099,-0.08043054305430901,0.15,False,Binance US,Coinbase Pro
1664,01-14-2021_06-26-24,DASH/USD,25.0,133.32,132.969,0.06581908190819065,-0.08418091809180935,0.15,False,Binance US,Coinbase Pro
1665,01-14-2021_06-26-35,DASH/USD,25.0,133.32,133.104,0.04050405040503671,-0.10949594959496328,0.15,False,Binance US,Coinbase Pro
1666,01-14-2021_06-26-47,DASH/USD,25.0,133.31,133.018,0.05475958292701253,-0.09524041707298747,0.15,False,Binance US,Coinbase Pro
1667,01-14-2021_06-27-10,DASH/USD,25.0,133.31,133.05,0.04875853274322836,-0.10124146725677163,0.15,False,Binance US,Coinbase Pro
1668,01-14-2021_06-27-22,DASH/USD,25.0,133.31,133.092,0.04088215437701397,-0.10911784562298601,0.15,False,Binance US,Coinbase Pro
1669,01-14-2021_06-27-32,DASH/USD,25.0,133.31,133.166,0.027004725827020754,-0.12299527417297924,0.15,False,Binance US,Coinbase Pro
1670,01-14-2021_06-27-55,DASH/USD,25.0,133.43764559,133.285,0.02859867418318552,-0.15390132581681448,0.1825,False,Bittrex,Coinbase Pro
1671,01-14-2021_06-28-06,DASH/USD,25.0,133.48,133.326,0.028843272400358926,-0.12115672759964106,0.15,False,Binance US,Coinbase Pro
1672,01-14-2021_06-28-15,DASH/USD,25.0,133.48,133.354,0.02359904105483525,-0.12640095894516473,0.15,False,Binance US,Coinbase Pro
1673,01-14-2021_06-28-27,DASH/USD,25.0,133.48,133.354,0.02359904105483525,-0.12640095894516473,0.15,False,Binance US,Coinbase Pro
1674,01-14-2021_06-28-36,DASH/USD,25.0,133.69,133.47542462,0.04012554790933975,-0.05237445209066025,0.0925,False,Binance US,Bittrex
1675,01-14-2021_06-28-46,DASH/USD,25.0,133.69,133.47542466,0.040125540429353415,-0.052374459570646584,0.0925,False,Binance US,Bittrex
1676,01-14-2021_06-28-55,DASH/USD,25.0,133.69,133.535,0.02898496521804195,-0.12101503478195805,0.15,False,Binance US,Coinbase Pro
1677,01-14-2021_06-29-07,DASH/USD,25.0,133.68,133.379,0.05629114302812989,-0.0937088569718701,0.15,False,Binance US,Coinbase Pro
1678,01-14-2021_06-29-17,DASH/USD,25.0,133.64,133.34,0.05612092187967356,-0.09387907812032643,0.15,False,Binance US,Coinbase Pro
1679,01-14-2021_06-29-30,DASH/USD,25.0,133.64,133.436,0.038162226878176324,-0.11183777312182366,0.15,False,Binance US,Coinbase Pro
1680,01-14-2021_06-29-40,DASH/USD,25.0,133.63,133.369,0.04882885579585342,-0.10117114420414658,0.15,False,Binance US,Coinbase Pro
1681,01-14-2021_06-29-51,DASH/USD,25.0,133.63,133.272,0.06697597844795408,-0.08302402155204591,0.15,False,Binance US,Coinbase Pro
1682,01-14-2021_06-30-04,DASH/USD,25.0,133.63,133.36,0.05051260944398373,-0.09948739055601627,0.15,False,Binance US,Coinbase Pro
1683,01-14-2021_06-30-14,DASH/USD,25.0,133.63,133.407,0.04171967372595689,-0.1082803262740431,0.15,False,Binance US,Coinbase Pro
1684,01-14-2021_06-30-24,DASH/USD,25.0,133.63,133.404,0.042280924942003875,-0.10771907505799612,0.15,False,Binance US,Coinbase Pro
1685,01-14-2021_06-30-34,DASH/USD,25.0,133.62,133.4,0.041161502769046336,-0.10883849723095365,0.15,False,Binance US,Coinbase Pro
1686,01-14-2021_06-30-44,DASH/USD,25.0,133.62,133.371,0.04658733722496543,-0.10341266277503457,0.15,False,Binance US,Coinbase Pro
1687,01-14-2021_06-30-54,DASH/USD,25.0,133.68,133.415,0.049558647516459976,-0.10044135248354003,0.15,False,Binance US,Coinbase Pro
1688,01-14-2021_06-31-03,DASH/USD,25.0,133.69,133.505,0.034594958486050244,-0.11540504151394976,0.15,False,Binance US,Coinbase Pro
1689,01-14-2021_06-31-14,DASH/USD,25.0,133.69,133.524,0.031041962749644107,-0.11895803725035589,0.15,False,Binance US,Coinbase Pro
1690,01-14-2021_06-31-23,DASH/USD,25.0,133.69,133.541,0.027862966564440293,-0.06713703343555971,0.095,False,Binance US,Kraken
1691,01-14-2021_06-31-35,DASH/USD,25.0,133.69,133.541,0.027862966564440293,-0.06713703343555971,0.095,False,Binance US,Kraken
1692,01-14-2021_06-31-45,DASH/USD,25.0,133.69,133.541,0.027862966564440293,-0.06713703343555971,0.095,False,Binance US,Kraken
1693,01-14-2021_06-31-57,DASH/USD,25.0,133.67,133.436,0.04376449465100256,-0.10623550534899744,0.15,False,Binance US,Coinbase Pro
1694,01-14-2021_06-32-07,DASH/USD,25.0,133.69,133.472,0.040765951080856705,-0.10923404891914329,0.15,False,Binance US,Coinbase Pro
1695,01-14-2021_06-32-18,DASH/USD,25.0,133.69,133.47542474,0.04012552546937013,-0.05237447453062987,0.0925,False,Binance US,Bittrex
1696,01-14-2021_06-32-28,DASH/USD,25.0,133.69,133.541,0.027862966564440293,-0.06713703343555971,0.095,False,Binance US,Kraken
1697,01-14-2021_06-32-38,DASH/USD,25.0,133.88,133.541,0.0633029578727216,-0.031697042127278405,0.095,False,Binance US,Kraken
1698,01-14-2021_06-32-49,DASH/USD,25.0,133.89,133.541,0.06516543431174651,-0.02983456568825349,0.095,False,Binance US,Kraken
1699,01-14-2021_06-32-58,DASH/USD,25.0,133.89,133.541,0.06516543431174651,-0.02983456568825349,0.095,False,Binance US,Kraken
1700,01-14-2021_06-33-09,DASH/USD,25.0,133.88,133.541,0.0633029578727216,-0.031697042127278405,0.095,False,Binance US,Kraken
1701,01-14-2021_06-33-19,DASH/USD,25.0,133.88,133.576,0.056767254257544454,-0.03823274574245555,0.095,False,Binance US,Kraken
1702,01-14-2021_06-33-29,DASH/USD,25.0,133.89,133.576,0.0586302188363569,-0.0363697811636431,0.095,False,Binance US,Kraken
1703,01-14-2021_06-33-38,DASH/USD,25.0,133.89,133.576,0.0586302188363569,-0.0363697811636431,0.095,False,Binance US,Kraken
1704,01-14-2021_06-33-48,DASH/USD,25.0,133.89,133.723,0.031182313839714166,-0.11881768616028583,0.15,False,Binance US,Coinbase Pro
1705,01-14-2021_06-33-59,DASH/USD,25.0,133.89,133.679,0.03939801329449256,-0.11060198670550744,0.15,False,Binance US,Coinbase Pro
1706,01-14-2021_06-34-09,DASH/USD,25.0,133.89,133.7,0.03547688400926091,-0.11452311599073908,0.15,False,Binance US,Coinbase Pro
1707,01-14-2021_06-34-20,DASH/USD,25.0,133.89,133.686,0.03809097019941357,-0.11190902980058642,0.15,False,Binance US,Coinbase Pro
1708,01-14-2021_06-34-30,DASH/USD,25.0,133.89,133.713,0.03304951826125785,-0.11695048173874215,0.15,False,Binance US,Coinbase Pro
1709,01-14-2021_06-34-42,DASH/USD,25.0,133.89,133.75,0.02614086190155844,-0.12385913809844155,0.15,False,Binance US,Coinbase Pro
1710,01-14-2021_06-34-53,DASH/USD,25.0,133.89,133.77,0.022406453058476387,-0.1275935469415236,0.15,False,Binance US,Coinbase Pro
1711,01-14-2021_06-35-03,DASH/USD,25.0,133.89,133.773,0.021846291732017,-0.128153708267983,0.15,False,Binance US,Coinbase Pro
1712,01-14-2021_06-35-13,DASH/USD,25.0,133.89,133.781,0.020352528194783115,-0.12964747180521688,0.15,False,Binance US,Coinbase Pro
1713,01-14-2021_06-35-23,DASH/USD,25.0,133.89,133.781,0.020352528194783115,-0.12964747180521688,0.15,False,Binance US,Coinbase Pro
1714,01-14-2021_06-35-33,DASH/USD,25.0,133.89,133.76,0.024273657480020066,-0.12572634251997994,0.15,False,Binance US,Coinbase Pro
1715,01-14-2021_06-35-44,DASH/USD,25.0,133.89,133.76,0.024273657480020066,-0.12572634251997994,0.15,False,Binance US,Coinbase Pro
1716,01-14-2021_06-35-54,DASH/USD,25.0,133.89,133.781,0.020352528194783115,-0.12964747180521688,0.15,False,Binance US,Coinbase Pro
1717,01-14-2021_06-36-04,DASH/USD,25.0,133.89,133.788,0.019045485099704135,-0.13095451490029586,0.15,False,Binance US,Coinbase Pro
1718,01-14-2021_06-36-14,DASH/USD,25.0,133.89,133.799,0.016991560236010863,-0.13300843976398913,0.15,False,Binance US,Coinbase Pro
1719,01-14-2021_06-36-24,DASH/USD,25.0,133.89,133.792,0.018298603331089847,-0.13170139666891015,0.15,False,Binance US,Coinbase Pro
1720,01-14-2021_06-36-34,DASH/USD,25.0,133.91754644,133.832,0.015969983447674953,-0.16653001655232505,0.1825,False,Bittrex,Coinbase Pro
1721,01-14-2021_06-36-47,DASH/USD,25.0,133.91754634,133.854,0.011862960033379713,-0.17063703996662027,0.1825,False,Bittrex,Coinbase Pro
1722,01-14-2021_06-36-57,DASH/USD,25.0,133.91754625,133.866,0.009622758824998412,-0.17287724117500158,0.1825,False,Bittrex,Coinbase Pro
1723,01-14-2021_06-37-09,DASH/USD,25.0,133.91754624,133.866,0.009622756958900448,-0.11787724304109956,0.1275,False,Bittrex,Kraken
1724,01-14-2021_06-37-18,DASH/USD,25.0,133.91754624,133.734,0.03426478552538895,-0.09323521447461106,0.1275,False,Bittrex,Kraken
1725,01-14-2021_06-37-28,DASH/USD,25.0,133.94368544,133.866,0.01449964582966122,-0.11300035417033878,0.1275,False,Bittrex,Kraken
1726,01-14-2021_06-37-38,DASH/USD,25.0,133.94368538,133.743,0.03745704387456994,-0.09004294612543007,0.12749999,False,Bittrex,Kraken
1727,01-14-2021_06-37-48,DASH/USD,25.0,133.94368531,133.82,0.02308531934778323,-0.03960468065221677,0.06269,False,Bittrex,Binance US
1728,01-14-2021_06-37-59,DASH/USD,25.0,133.94368522,133.771,0.03223093715026077,-0.09526906284973924,0.1275,False,Bittrex,Kraken
1729,01-14-2021_06-38-09,DASH/USD,25.0,134.01717163,133.82,0.03678103850459799,-0.025908961495402005,0.06269,False,Bittrex,Binance US
1730,01-14-2021_06-38-18,DASH/USD,25.0,134.01717163,133.82,0.03678103850459799,-0.025908961495402005,0.06269,False,Bittrex,Binance US
1731,01-14-2021_06-38-27,DASH/USD,25.0,134.01717159,133.82,0.03678103105384501,-0.025908968946154985,0.06269,False,Bittrex,Binance US
1732,01-14-2021_06-38-37,DASH/USD,25.0,134.0171715,133.82,0.03678101428964945,-0.025908985710350545,0.06269,False,Bittrex,Binance US
1733,01-14-2021_06-38-46,DASH/USD,25.0,134.01717146,133.866,0.028200016899530687,-0.09929998310046931,0.1275,False,Bittrex,Kraken
1734,01-14-2021_06-38-56,DASH/USD,25.0,134.08417487,133.866,0.04067871361618806,-0.08682128638381195,0.1275,False,Bittrex,Kraken
1735,01-14-2021_06-39-04,DASH/USD,25.0,134.08417481,133.866,0.04067870244739018,-0.08682129755260982,0.1275,False,Bittrex,Kraken
1736,01-14-2021_06-39-14,DASH/USD,25.0,134.08417473,133.866,0.040678687555656144,-0.08682131244434385,0.1275,False,Bittrex,Kraken
1737,01-14-2021_06-39-25,DASH/USD,25.0,134.03172314,133.866,0.030911178360901993,-0.09658882163909802,0.1275,False,Bittrex,Kraken
1738,01-14-2021_06-39-35,DASH/USD,25.0,134.12700204,133.866,0.04864830273365773,-0.07885169726634228,0.1275,False,Bittrex,Kraken
1739,01-14-2021_06-39-45,DASH/USD,25.0,134.03172319,133.866,0.03091118767552313,-0.09658881232447687,0.1275,False,Bittrex,Kraken
1740,01-14-2021_06-39-55,DASH/USD,25.0,134.12700193,133.866,0.048648282270598864,-0.07885171772940114,0.1275,False,Bittrex,Kraken
1741,01-14-2021_06-40-07,DASH/USD,25.0,134.245,133.9,0.06424820291258498,-0.05594179708741501,0.12018999999999999,False,Coinbase Pro,Binance US
1742,01-14-2021_06-40-19,DASH/USD,25.0,134.33,134.046,0.05285490955110925,-0.09714509044889075,0.15,False,Binance US,Coinbase Pro
1743,01-14-2021_06-40-29,DASH/USD,25.0,134.35,134.079,0.05042798660215605,-0.04457201339784395,0.095,False,Binance US,Kraken
1744,01-14-2021_06-40-39,DASH/USD,25.0,134.35,134.079,0.05042798660215605,-0.04457201339784395,0.095,False,Binance US,Kraken
1745,01-14-2021_06-40-50,DASH/USD,25.0,134.34,134.079,0.04857079053148647,-0.04642920946851353,0.095,False,Binance US,Kraken
1746,01-14-2021_06-41-01,DASH/USD,25.0,134.32,134.03172319,0.05365485594103355,-0.028845144058966453,0.0825,False,Binance US,Bittrex
1747,01-14-2021_06-41-11,DASH/USD,25.0,134.31,134.028,0.05249050703596357,-0.09750949296403642,0.15,False,Binance US,Coinbase Pro
1748,01-14-2021_06-41-21,DASH/USD,25.0,134.35,134.079,0.05042798660215605,-0.04457201339784395,0.095,False,Binance US,Kraken
1749,01-14-2021_06-41-33,DASH/USD,25.0,134.35,134.03172319,0.05922530889467551,-0.03327469110532449,0.0925,False,Binance US,Bittrex
1750,01-14-2021_06-41-44,DASH/USD,25.0,134.35,134.079,0.05042798660215605,-0.04457201339784395,0.095,False,Binance US,Kraken
1751,01-14-2021_06-41-55,DASH/USD,25.0,134.35,134.079,0.05042798660215605,-0.04457201339784395,0.095,False,Binance US,Kraken
1752,01-14-2021_06-42-04,DASH/USD,25.0,134.35,134.079,0.05042798660215605,-0.04457201339784395,0.095,False,Binance US,Kraken
1753,01-14-2021_06-42-15,DASH/USD,25.0,134.35,134.079,0.05042798660215605,-0.04457201339784395,0.095,False,Binance US,Kraken
1754,01-14-2021_06-42-25,DASH/USD,25.0,134.35,134.079,0.05042798660215605,-0.04457201339784395,0.095,False,Binance US,Kraken
1755,01-14-2021_06-42-35,DASH/USD,25.0,134.35,134.079,0.05042798660215605,-0.04457201339784395,0.095,False,Binance US,Kraken
1756,01-14-2021_06-42-45,DASH/USD,25.0,134.35,134.201,0.027726088574618703,-0.06727131142538129,0.0949974,False,Binance US,Kraken
1757,01-14-2021_06-42-56,DASH/USD,25.0,134.35,134.201,0.027726088574618703,-0.06727131142538129,0.0949974,False,Binance US,Kraken
1758,01-14-2021_06-43-07,DASH/USD,25.0,134.7,134.22,0.0890868596881941,-0.005913140311805898,0.095,False,Binance US,Kraken
1759,01-14-2021_06-43-17,DASH/USD,25.0,134.7,134.425,0.05103934669635807,-0.09896065330364193,0.15,False,Binance US,Coinbase Pro
1760,01-14-2021_06-43-28,DASH/USD,25.0,134.7,134.44,0.04825538233110448,-0.10174461766889552,0.15,False,Binance US,Coinbase Pro
1761,01-14-2021_06-43-37,DASH/USD,25.0,134.7,134.447,0.04695619896065069,-0.1030438010393493,0.15,False,Binance US,Coinbase Pro
1762,01-14-2021_06-43-48,DASH/USD,25.0,134.94,134.642,0.05520972283978098,-0.02979027716021903,0.085,False,Binance US,Kraken
1763,01-14-2021_06-43-58,DASH/USD,25.0,134.94,134.642,0.05520972283978098,-0.02979027716021903,0.085,False,Binance US,Kraken
1764,01-14-2021_06-44-08,DASH/USD,25.0,134.94,134.642,0.05520972283978098,-0.02979027716021903,0.085,False,Binance US,Kraken
1765,01-14-2021_06-44-21,DASH/USD,25.0,134.98,134.642,0.06260186694324972,-0.03239813305675028,0.095,False,Binance US,Kraken
1766,01-14-2021_06-44-32,DASH/USD,25.0,134.98,134.642,0.06260186694324972,-0.03239813305675028,0.095,False,Binance US,Kraken
1767,01-14-2021_06-44-43,DASH/USD,25.0,134.98,134.642,0.06260186694324972,-0.03239813305675028,0.095,False,Binance US,Kraken
1768,01-14-2021_06-44-54,DASH/USD,25.0,134.93,134.642,0.05336100200103959,-0.04163899799896041,0.095,False,Binance US,Kraken
1769,01-14-2021_06-45-05,DASH/USD,25.0,134.93,134.642,0.05336100200103959,-0.04163899799896041,0.095,False,Binance US,Kraken
1770,01-14-2021_06-45-15,DASH/USD,25.0,134.93,134.642,0.05336100200103959,-0.04163899799896041,0.095,False,Binance US,Kraken
1771,01-14-2021_06-45-25,DASH/USD,25.0,134.93,134.642,0.05336100200103959,-0.04163899799896041,0.095,False,Binance US,Kraken
1772,01-14-2021_06-45-36,DASH/USD,25.0,134.91,134.642,0.049662738121710896,-0.045337261878289105,0.095,False,Binance US,Kraken
1773,01-14-2021_06-45-45,DASH/USD,25.0,134.91,134.642,0.049662738121710896,-0.045337261878289105,0.095,False,Binance US,Kraken
1774,01-14-2021_06-45-55,DASH/USD,25.0,134.92,134.642,0.051512007115326046,-0.03348799288467396,0.085,False,Binance US,Kraken
1775,01-14-2021_06-46-06,DASH/USD,25.0,134.92,134.642,0.051512007115326046,-0.03348799288467396,0.085,False,Binance US,Kraken
1776,01-14-2021_06-46-17,DASH/USD,25.0,134.92,134.642,0.051512007115326046,-0.03348799288467396,0.085,False,Binance US,Kraken
1777,01-14-2021_06-46-27,DASH/USD,25.0,134.92,134.758,0.030017788318999726,-0.10998221168100025,0.13999999999999999,False,Binance US,Coinbase Pro
1778,01-14-2021_06-46-36,DASH/USD,25.0,134.92,134.695,0.041691372665282084,-0.0983086273347179,0.13999999999999999,False,Binance US,Coinbase Pro
1779,01-14-2021_06-46-45,DASH/USD,25.0,134.91636723,134.685,0.042872342835462623,-0.13962765716453737,0.1825,False,Bittrex,Coinbase Pro
1780,01-14-2021_06-46-56,DASH/USD,25.0,134.91636712,134.696,0.040834022717938366,-0.14166597728206162,0.1825,False,Bittrex,Coinbase Pro
1781,01-14-2021_06-47-06,DASH/USD,25.0,134.845,134.628,0.04023137676591883,-0.14476862323408118,0.185,False,Kraken,Coinbase Pro
1782,01-14-2021_06-47-16,DASH/USD,25.0,134.84,134.653,0.03467072085434808,-0.15032927914565192,0.185,False,Kraken,Coinbase Pro
1783,01-14-2021_06-47-25,DASH/USD,25.0,134.84,134.664,0.032631266686446184,-0.15236873331355383,0.185,False,Kraken,Coinbase Pro
1784,01-14-2021_06-47-36,DASH/USD,25.0,134.84,134.5,0.06303767428062952,-0.06446232571937048,0.1275,False,Kraken,Bittrex
1785,01-14-2021_06-47-46,DASH/USD,25.0,134.84,134.5,0.06303767428062952,-0.06446232571937048,0.1275,False,Kraken,Bittrex
1786,01-14-2021_06-47-57,DASH/USD,25.0,134.838,134.5,0.06266779394532584,-0.06483220605467416,0.1275,False,Kraken,Bittrex
1787,01-14-2021_06-48-07,DASH/USD,25.0,134.846,134.5,0.06414724945493445,-0.06335275054506555,0.1275,False,Kraken,Bittrex
1788,01-14-2021_06-48-17,DASH/USD,25.0,134.824,134.5,0.060078324333948746,-0.06742167566605126,0.1275,False,Kraken,Bittrex
1789,01-14-2021_06-48-28,DASH/USD,25.0,134.763,134.5,0.04878935612890875,-0.07871064387109125,0.1275,False,Kraken,Bittrex
1790,01-14-2021_06-48-40,DASH/USD,25.0,134.753,134.5,0.04693773051434586,-0.08056226948565415,0.1275,False,Kraken,Bittrex
1791,01-14-2021_06-48-50,DASH/USD,25.0,134.704,134.5,0.037860791067824216,-0.08963920893217578,0.1275,False,Kraken,Bittrex
1792,01-14-2021_06-49-01,DASH/USD,25.0,134.674,134.5,0.0323002212750803,-0.09519977872491969,0.1275,False,Kraken,Bittrex
1793,01-14-2021_06-49-12,DASH/USD,25.0,134.674,134.5,0.0323002212750803,-0.09519977872491969,0.1275,False,Kraken,Bittrex
1794,01-14-2021_06-49-23,DASH/USD,25.0,134.71,134.5,0.03897260782421646,-0.05352739217578354,0.0925,False,Binance US,Bittrex
1795,01-14-2021_06-49-33,DASH/USD,25.0,134.682,134.5,0.03378328210154066,-0.09371671789845934,0.1275,False,Kraken,Bittrex
1796,01-14-2021_06-49-44,DASH/USD,25.0,134.678,134.5,0.03304177371211283,-0.09445822628788716,0.1275,False,Kraken,Bittrex
1797,01-14-2021_06-49-56,DASH/USD,25.0,134.678,134.5,0.03304177371211283,-0.09445822628788716,0.1275,False,Kraken,Bittrex
1798,01-14-2021_06-50-07,DASH/USD,25.0,134.678,134.5,0.03304177371211283,-0.09445822628788716,0.1275,False,Kraken,Bittrex
1799,01-14-2021_06-50-18,DASH/USD,25.0,134.672,134.479,0.035827788998452466,-0.14917221100154754,0.185,False,Kraken,Coinbase Pro
1800,01-14-2021_06-50-29,DASH/USD,25.0,134.695,134.5,0.03619288021084546,-0.09130711978915454,0.1275,False,Kraken,Bittrex
1801,01-14-2021_06-50-41,DASH/USD,25.0,134.687,134.5,0.03471010565236656,-0.09278989434763343,0.1275,False,Kraken,Bittrex
1802,01-14-2021_06-50-53,DASH/USD,25.0,134.83,134.5,0.06118816287176676,-0.06631183712823324,0.1275,False,Kraken,Bittrex
1803,01-14-2021_06-51-04,DASH/USD,25.0,134.828,134.5,0.060818227667844026,-0.06668177233215597,0.1275,False,Kraken,Bittrex
1804,01-14-2021_06-51-16,DASH/USD,25.0,134.828,134.5,0.060818227667844026,-0.06668177233215597,0.1275,False,Kraken,Bittrex
1805,01-14-2021_06-51-27,DASH/USD,25.0,134.828,134.5,0.060818227667844026,-0.06668177233215597,0.1275,False,Kraken,Bittrex
1806,01-14-2021_06-51-39,DASH/USD,25.0,134.828,134.5,0.060818227667844026,-0.06668177233215597,0.1275,False,Kraken,Bittrex
1807,01-14-2021_06-51-51,DASH/USD,25.0,134.826,134.5,0.06044828148873241,-0.0670517185112676,0.1275,False,Kraken,Bittrex
1808,01-14-2021_06-52-03,DASH/USD,25.0,134.822,134.5,0.05970835620299408,-0.0677890437970059,0.12749739999999998,False,Kraken,Bittrex
1809,01-14-2021_06-52-14,DASH/USD,25.0,134.796,134.5,0.05489777144722252,-0.07260222855277748,0.1275,False,Kraken,Bittrex
1810,01-14-2021_06-52-25,DASH/USD,25.0,134.796,134.5,0.05489777144722252,-0.07260222855277748,0.1275,False,Kraken,Bittrex
1811,01-14-2021_06-52-36,DASH/USD,25.0,134.816,134.5,0.058598385948255866,-0.06890161405174414,0.1275,False,Kraken,Bittrex
1812,01-14-2021_06-52-58,DASH/USD,25.0,134.812,134.5,0.05785835088864712,-0.06964164911135289,0.1275,False,Kraken,Bittrex
1813,01-14-2021_06-53-09,DASH/USD,25.0,134.823,134.5,0.059893341640522665,-0.06760665835947734,0.1275,False,Kraken,Bittrex
1814,01-14-2021_06-53-19,DASH/USD,25.0,134.823,134.5,0.059893341640522665,-0.06760665835947734,0.1275,False,Kraken,Bittrex
1815,01-14-2021_06-53-30,DASH/USD,25.0,134.823,134.5,0.059893341640522665,-0.06760665835947734,0.1275,False,Kraken,Bittrex
1816,01-14-2021_06-53-41,DASH/USD,25.0,134.823,134.49,0.06174762466344733,-0.003442375336552665,0.06519,False,Kraken,Binance US
1817,01-14-2021_06-53-52,DASH/USD,25.0,134.823,134.49,0.06174762466344733,-0.003442375336552665,0.06519,False,Kraken,Binance US
1818,01-14-2021_06-54-04,DASH/USD,25.0,134.823,134.49,0.06174762466344733,-0.003442375336552665,0.06519,False,Kraken,Binance US
1819,01-14-2021_06-54-26,DASH/USD,25.0,134.82,134.49,0.06119270137961432,-0.003997298620385677,0.06519,False,Kraken,Binance US
1820,01-14-2021_06-54-36,DASH/USD,25.0,134.818,134.49,0.06082273880342442,-0.0043672611965755795,0.06519,False,Kraken,Binance US
1821,01-14-2021_06-54-47,DASH/USD,25.0,134.805,134.49,0.058417714476465585,-0.006772285523534413,0.06519,False,Kraken,Binance US
1822,01-14-2021_06-55-01,DASH/USD,25.0,134.803,134.49,0.058047669562247904,-0.007142330437752094,0.06519,False,Kraken,Binance US
1823,01-14-2021_06-55-11,DASH/USD,25.0,134.803,134.49,0.058047669562247904,-0.007142330437752094,0.06519,False,Kraken,Binance US
1824,01-14-2021_06-55-21,DASH/USD,25.0,134.801,134.49,0.057677613667550434,-0.007512386332449564,0.06519,False,Kraken,Binance US
1825,01-14-2021_06-55-33,DASH/USD,25.0,134.792,134.49,0.05601222624487961,-0.00917777375512039,0.06519,False,Kraken,Binance US
1826,01-14-2021_06-55-43,DASH/USD,25.0,134.792,134.49,0.05601222624487961,-0.00917777375512039,0.06519,False,Kraken,Binance US
1827,01-14-2021_06-56-05,DASH/USD,25.0,134.766,134.49,0.05119985753082789,-0.013990142469172108,0.06519,False,Kraken,Binance US
1828,01-14-2021_06-56-18,DASH/USD,25.0,134.753,134.49,0.048792976779733446,-0.01639702322026655,0.06519,False,Kraken,Binance US
1829,01-14-2021_06-56-29,DASH/USD,25.0,134.693,134.453,0.044545744767732744,-0.14045425523226726,0.185,False,Kraken,Coinbase Pro
1830,01-14-2021_06-56-52,DASH/USD,25.0,134.508,134.344,0.0304814583519225,-0.1545185416480775,0.185,False,Kraken,Coinbase Pro
1831,01-14-2021_06-57-04,DASH/USD,25.0,134.507,134.341,0.030853412833532233,-0.15414658716646776,0.185,False,Kraken,Coinbase Pro
1832,01-14-2021_06-57-16,DASH/USD,25.0,134.506,134.315,0.03550027508066601,-0.149499724919334,0.185,False,Kraken,Coinbase Pro
1833,01-14-2021_06-57-38,DASH/USD,25.0,134.508,134.449,0.010965890504653533,-0.17403410949534648,0.185,False,Kraken,Coinbase Pro
1834,01-14-2021_06-57-49,DASH/USD,25.0,134.508,134.401,0.01988729294911814,-0.16511270705088185,0.185,False,Kraken,Coinbase Pro
1835,01-14-2021_06-58-00,DASH/USD,25.0,134.508,134.365,0.026578344782466595,-0.1584216552175334,0.185,False,Kraken,Coinbase Pro
1836,01-14-2021_06-58-11,DASH/USD,25.0,134.5,134.34,0.029739776951672226,-0.15526022304832776,0.185,False,Kraken,Coinbase Pro
1837,01-14-2021_06-58-23,DASH/USD,25.0,134.489,134.338,0.028069210121275803,-0.1569307898787242,0.185,False,Kraken,Coinbase Pro
1838,01-14-2021_06-58-47,DASH/USD,25.0,134.501,134.326,0.03252763919971067,-0.15247236080028934,0.185,False,Kraken,Coinbase Pro
1839,01-14-2021_06-58-57,DASH/USD,25.0,134.508,134.304,0.03791596038897458,-0.14708403961102542,0.185,False,Kraken,Coinbase Pro
1840,01-14-2021_06-59-10,DASH/USD,25.0,134.508,134.302,0.03828768549082903,-0.14671231450917097,0.185,False,Kraken,Coinbase Pro
1841,01-14-2021_06-59-22,DASH/USD,25.0,134.488,134.295,0.03587680685265824,-0.14912319314734176,0.185,False,Kraken,Coinbase Pro
1842,01-14-2021_06-59-44,DASH/USD,25.0,134.372,134.235,0.02548894114845363,-0.15951105885154637,0.185,False,Kraken,Coinbase Pro
1843,01-14-2021_06-59-55,DASH/USD,25.0,134.45,134.202,0.04611379695053746,-0.10388620304946253,0.15,False,Binance US,Coinbase Pro
1844,01-14-2021_07-00-06,DASH/USD,25.0,134.45,134.166,0.05280773521755147,-0.09719226478244852,0.15,False,Binance US,Coinbase Pro
1845,01-14-2021_07-00-16,DASH/USD,25.0,134.45,134.231,0.040721457790999276,-0.10927854220900071,0.15,False,Binance US,Coinbase Pro
1846,01-14-2021_07-00-26,DASH/USD,25.0,134.45,134.206,0.045370026031982105,-0.10462997396801789,0.15,False,Binance US,Coinbase Pro
1847,01-14-2021_07-00-37,DASH/USD,25.0,134.252,134.1,0.028304978696782026,-0.15669502130321797,0.185,False,Kraken,Coinbase Pro
1848,01-14-2021_07-00-48,DASH/USD,25.0,134.25,134.046,0.037988826815643896,-0.1020111731843561,0.13999999999999999,False,Binance US,Coinbase Pro
1849,01-14-2021_07-00-59,DASH/USD,25.0,134.25,134.064,0.0346368715083812,-0.10536312849161879,0.13999999999999999,False,Binance US,Coinbase Pro
1850,01-14-2021_07-01-09,DASH/USD,25.0,134.25,134.012,0.04432029795158278,-0.0956797020484172,0.13999999999999999,False,Binance US,Coinbase Pro
1851,01-14-2021_07-01-20,DASH/USD,25.0,134.25,133.864,0.07188081936685208,-0.06811918063314791,0.13999999999999999,False,Binance US,Coinbase Pro
1852,01-14-2021_07-01-31,DASH/USD,25.0,134.25,133.97,0.052141527001862406,-0.08785847299813758,0.13999999999999999,False,Binance US,Coinbase Pro
1853,01-14-2021_07-01-41,DASH/USD,25.0,134.25,133.943,0.057169459962753806,-0.08283054003724619,0.13999999999999999,False,Binance US,Coinbase Pro
1854,01-14-2021_07-01-52,DASH/USD,25.0,134.25,134.003,0.045996275605216776,-0.09400372439478322,0.13999999999999999,False,Binance US,Coinbase Pro
1855,01-14-2021_07-02-03,DASH/USD,25.0,134.25,133.943,0.057169459962753806,-0.08283054003724619,0.13999999999999999,False,Binance US,Coinbase Pro
1856,01-14-2021_07-02-14,DASH/USD,25.0,134.25,133.933,0.059031657355681055,-0.08096834264431893,0.13999999999999999,False,Binance US,Coinbase Pro
1857,01-14-2021_07-02-26,DASH/USD,25.0,133.94,133.765,0.03266387934896434,-0.11733612065103566,0.15,False,Binance US,Coinbase Pro
1858,01-14-2021_07-02-38,DASH/USD,25.0,133.94,133.762,0.03322383156637249,-0.11677616843362751,0.15,False,Binance US,Coinbase Pro
1859,01-14-2021_07-02-49,DASH/USD,25.0,133.94,133.702,0.04442287591458854,-0.10557712408541145,0.15,False,Binance US,Coinbase Pro
1860,01-14-2021_07-02-59,DASH/USD,25.0,133.94,133.757,0.034157085262056276,-0.11584291473794373,0.15,False,Binance US,Coinbase Pro
1861,01-14-2021_07-03-22,DASH/USD,25.0,133.94,133.713,0.04236971778408315,-0.10763028221591685,0.15,False,Binance US,Coinbase Pro
1862,01-14-2021_07-03-33,DASH/USD,25.0,133.94,133.614,0.06084814095863696,-0.08915185904136302,0.15,False,Binance US,Coinbase Pro
1863,01-14-2021_07-03-44,DASH/USD,25.0,133.68,133.52,0.029922202274086734,-0.12007779772591326,0.15,False,Binance US,Coinbase Pro
1864,01-14-2021_07-03-55,DASH/USD,25.0,133.68,133.47542474,0.03825838943746499,-0.05424161056253501,0.0925,False,Binance US,Bittrex
1865,01-14-2021_07-04-06,DASH/USD,25.0,133.68,133.564,0.021693596648715938,-0.12830640335128407,0.15,False,Binance US,Coinbase Pro
1866,01-14-2021_07-04-16,DASH/USD,25.0,133.68,133.556,0.02318970676241682,-0.12681029323758317,0.15,False,Binance US,Coinbase Pro
1867,01-14-2021_07-04-27,DASH/USD,25.0,133.68,133.583,0.018140335128667043,-0.13185966487133294,0.15,False,Binance US,Coinbase Pro
1868,01-14-2021_07-04-38,DASH/USD,25.0,133.68,133.609,0.013277977259125889,-0.1367220227408741,0.15,False,Binance US,Coinbase Pro
1869,01-14-2021_07-04-49,DASH/USD,25.0,133.68,133.609,0.013277977259125889,-0.1367220227408741,0.15,False,Binance US,Coinbase Pro
1870,01-14-2021_07-05-00,DASH/USD,25.0,133.74,133.562,0.03327351577688,-0.10672648422311998,0.13999999999999999,False,Binance US,Coinbase Pro
1871,01-14-2021_07-05-10,DASH/USD,25.0,133.74,133.609,0.02448781217287278,-0.1155121878271272,0.13999999999999999,False,Binance US,Coinbase Pro
1872,01-14-2021_07-05-23,DASH/USD,25.0,134.03172291,133.631,0.07474404217520424,-0.052755957824795766,0.1275,False,Bittrex,Kraken
1873,01-14-2021_07-05-45,DASH/USD,25.0,133.91,133.631,0.05208722276155559,-0.032912777238444414,0.085,False,Binance US,Kraken
1874,01-14-2021_07-05-57,DASH/USD,25.0,133.91,133.631,0.05208722276155559,-0.032912777238444414,0.085,False,Binance US,Kraken
1875,01-14-2021_07-06-07,DASH/USD,25.0,133.93676471,133.631,0.057072587698763555,-0.07042741230123645,0.1275,False,Bittrex,Kraken
1876,01-14-2021_07-06-18,DASH/USD,25.0,133.93676465,133.631,0.05707257652501206,-0.07042741347498795,0.12749999,False,Bittrex,Kraken
1877,01-14-2021_07-06-28,DASH/USD,25.0,134.03172287,133.771,0.04863081373894292,-0.07886918626105707,0.1275,False,Bittrex,Kraken
1878,01-14-2021_07-06-38,DASH/USD,25.0,134.03172277,133.771,0.048630795122921074,-0.07886920487707894,0.1275,False,Bittrex,Kraken
1879,01-14-2021_07-06-50,DASH/USD,25.0,133.95497513,133.771,0.0343352551522402,-0.0931647448477598,0.1275,False,Bittrex,Kraken
1880,01-14-2021_07-07-00,DASH/USD,25.0,133.94,133.771,0.031543974914142736,-0.06345602508585726,0.095,False,Binance US,Kraken
1881,01-14-2021_07-07-10,DASH/USD,25.0,133.94,133.771,0.031543974914142736,-0.06345602508585726,0.095,False,Binance US,Kraken
1882,01-14-2021_07-07-22,DASH/USD,25.0,133.94,133.711,0.04274301926235348,-0.10725698073764652,0.15,False,Binance US,Coinbase Pro
1883,01-14-2021_07-07-33,DASH/USD,25.0,133.91,133.653,0.047979986558137,-0.09202001344186299,0.13999999999999999,False,Binance US,Coinbase Pro
1884,01-14-2021_07-07-45,DASH/USD,25.0,134.03172289,133.771,0.04863081746214412,-0.07886918253785588,0.1275,False,Bittrex,Kraken
1885,01-14-2021_07-07-56,DASH/USD,25.0,134.03172277,133.771,0.048630795122921074,-0.07886920487707894,0.1275,False,Bittrex,Kraken
1886,01-14-2021_07-08-07,DASH/USD,25.0,134.03172269,133.771,0.048630780230110984,-0.07886921976988902,0.1275,False,Bittrex,Kraken
1887,01-14-2021_07-08-19,DASH/USD,25.0,134.03172253,133.771,0.04863075044448016,-0.07886924955551984,0.1275,False,Bittrex,Kraken
1888,01-14-2021_07-08-31,DASH/USD,25.0,134.03172242,133.771,0.04863072996686025,-0.07886927003313976,0.1275,False,Bittrex,Kraken
1889,01-14-2021_07-08-43,DASH/USD,25.0,134.03172233,133.771,0.04863071321244682,-0.07886928678755317,0.1275,False,Bittrex,Kraken
1890,01-14-2021_07-08-55,DASH/USD,25.0,134.03172223,133.771,0.048630694596430116,-0.07886930540356989,0.1275,False,Bittrex,Kraken
1891,01-14-2021_07-09-16,DASH/USD,25.0,134.25,133.771,0.08919925512104533,0.0041992551210453255,0.085,False,Binance US,Kraken
1892,01-14-2021_07-09-28,DASH/USD,25.0,134.21,133.771,0.08177483048953531,-0.0032251695104646982,0.085,False,Binance US,Kraken
1893,01-14-2021_07-09-39,DASH/USD,25.0,134.23,133.771,0.08548759591745571,-0.009512404082544293,0.095,False,Binance US,Kraken
1894,01-14-2021_07-10-01,DASH/USD,25.0,134.23,134.013,0.04041570438798788,-0.05458429561201212,0.095,False,Binance US,Kraken
1895,01-14-2021_07-10-11,DASH/USD,25.0,134.25,134.013,0.044134078212289526,-0.04086592178771048,0.085,False,Binance US,Kraken
1896,01-14-2021_07-10-22,DASH/USD,25.0,134.46,134.013,0.08311021865238784,-0.011889781347612163,0.095,False,Binance US,Kraken
1897,01-14-2021_07-10-33,DASH/USD,25.0,134.48,134.36841307,0.020744149687683525,-0.07175585031231647,0.0925,False,Binance US,Bittrex
1898,01-14-2021_07-10-43,DASH/USD,25.0,134.48,134.36841302,0.020744158982748076,-0.07175584101725192,0.0925,False,Binance US,Bittrex
1899,01-14-2021_07-10-54,DASH/USD,25.0,134.4646155,134.349,0.02149552496954455,-0.16100447503045545,0.1825,False,Bittrex,Coinbase Pro
1900,01-14-2021_07-11-06,DASH/USD,25.0,134.393,134.273,0.022322591206388086,-0.16267740879361192,0.185,False,Kraken,Coinbase Pro
1901,01-14-2021_07-11-17,DASH/USD,25.0,134.391,134.292,0.018416411813289124,-0.16658358818671087,0.185,False,Kraken,Coinbase Pro
1902,01-14-2021_07-11-29,DASH/USD,25.0,134.394,134.338,0.010417131717191911,-0.17458286828280808,0.185,False,Kraken,Coinbase Pro
1903,01-14-2021_07-11-41,DASH/USD,25.0,134.394,134.324,0.013021414646485924,-0.17197858535351407,0.185,False,Kraken,Coinbase Pro
1904,01-14-2021_07-11-53,DASH/USD,25.0,134.48,134.394,0.015987507436047054,-0.07901249256395294,0.095,False,Binance US,Kraken
1905,01-14-2021_07-12-03,DASH/USD,25.0,134.48,134.393,0.016173408685304338,-0.14382659131469566,0.16,False,Binance US,Coinbase Pro
1906,01-14-2021_07-12-15,DASH/USD,25.0,134.4999999,134.394,0.019702583657771524,-0.10779741634222847,0.1275,False,Bittrex,Kraken
1907,01-14-2021_07-12-26,DASH/USD,25.0,134.49999986,134.394,0.01970257622868617,-0.10779742377131384,0.1275,False,Bittrex,Kraken
1908,01-14-2021_07-12-36,DASH/USD,25.0,134.49999985,134.394,0.01970257437141351,-0.10779742562858649,0.1275,False,Bittrex,Kraken
1909,01-14-2021_07-12-46,DASH/USD,25.0,134.48,134.394,0.015987507436047054,-0.07901249256395294,0.095,False,Binance US,Kraken
1910,01-14-2021_07-12-56,DASH/USD,25.0,134.49999993,134.394,0.01970258922958422,-0.10779741077041578,0.1275,False,Bittrex,Kraken
1911,01-14-2021_07-13-06,DASH/USD,25.0,134.49999996,134.394,0.019702594801396914,-0.10779740519860309,0.1275,False,Bittrex,Kraken
1912,01-14-2021_07-13-15,DASH/USD,25.0,134.49999998,134.394,0.019702598515942225,-0.10779740148405778,0.1275,False,Bittrex,Kraken
1913,01-14-2021_07-13-25,DASH/USD,25.0,134.565,134.394,0.03176903355255681,-0.1532309664474432,0.185,False,Coinbase Pro,Kraken
1914,01-14-2021_07-13-34,DASH/USD,25.0,134.547,134.394,0.028428727507858145,-0.15657127249214187,0.185,False,Coinbase Pro,Kraken
1915,01-14-2021_07-13-45,DASH/USD,25.0,134.565,134.394,0.03176903355255681,-0.1532309664474432,0.185,False,Coinbase Pro,Kraken
1916,01-14-2021_07-13-57,DASH/USD,25.0,134.695,134.394,0.05586695868443293,-0.12913304131556708,0.185,False,Coinbase Pro,Kraken
1917,01-14-2021_07-14-08,DASH/USD,25.0,134.749,134.394,0.06586319750053614,-0.11913680249946386,0.185,False,Coinbase Pro,Kraken
1918,01-14-2021_07-14-18,DASH/USD,25.0,135.015,134.49,0.09721142095322322,0.03202142095322322,0.06519,True,Kraken,Binance US
1919,01-14-2021_07-14-29,DASH/USD,25.0,134.99,134.49,0.09259945181124526,0.027409451811245267,0.06519,True,Kraken,Binance US
1920,01-14-2021_07-14-40,DASH/USD,25.0,134.99,134.49,0.09259945181124526,0.027409451811245267,0.06519,True,Kraken,Binance US
1921,01-14-2021_07-15-03,DASH/USD,25.0,134.99,134.49,0.09259945181124526,0.027409451811245267,0.06519,True,Kraken,Binance US
1922,01-14-2021_07-15-14,DASH/USD,25.0,135.025,134.49,0.09905573042029191,0.03386573042029191,0.06519,True,Kraken,Binance US
1923,01-14-2021_07-15-26,DASH/USD,25.0,135.025,134.49,0.09905573042029191,0.03386573042029191,0.06519,True,Kraken,Binance US
1924,01-14-2021_07-15-37,DASH/USD,25.0,135.025,134.49,0.09905573042029191,0.03386573042029191,0.06519,True,Kraken,Binance US
1925,01-14-2021_07-15-48,DASH/USD,25.0,135.025,134.49,0.09905573042029191,0.03386573042029191,0.06519,True,Kraken,Binance US
1926,01-14-2021_07-15-58,DASH/USD,25.0,135.025,134.49,0.09905573042029191,0.03386573042029191,0.06519,True,Kraken,Binance US
1927,01-14-2021_07-16-09,DASH/USD,25.0,135.025,134.49,0.09905573042029191,0.03386573042029191,0.06519,True,Kraken,Binance US
1928,01-14-2021_07-16-21,DASH/USD,25.0,135.025,134.49,0.09905573042029191,0.03386573042029191,0.06519,True,Kraken,Binance US
1929,01-14-2021_07-16-31,DASH/USD,25.0,135.1386792,134.49,0.12000250480470946,0.057312504804709466,0.06269,True,Bittrex,Binance US
1930,01-14-2021_07-16-43,DASH/USD,25.0,135.13867912,134.49,0.12000249007613598,0.05731249007613598,0.06269,True,Bittrex,Binance US
1931,01-14-2021_07-16-54,DASH/USD,25.0,135.13867902,134.49,0.12000247166542174,0.05731247166542175,0.06269,True,Bittrex,Binance US
1932,01-14-2021_07-17-04,DASH/USD,25.0,135.13867896,134.49,0.12000246061898899,0.057312460618988995,0.06269,True,Bittrex,Binance US
1933,01-14-2021_07-17-15,DASH/USD,25.0,135.08525023,134.49,0.1101619586495407,0.04747195864954071,0.06269,True,Bittrex,Binance US
1934,01-14-2021_07-17-26,DASH/USD,25.0,135.08525023,134.49,0.1101619586495407,0.04747195864954071,0.06269,True,Bittrex,Binance US
1935,01-14-2021_07-17-37,DASH/USD,25.0,135.08525023,134.49,0.1101619586495407,0.04747195864954071,0.06269,True,Bittrex,Binance US
1936,01-14-2021_07-17-48,DASH/USD,25.0,135.08525021,134.49,0.11016195496448142,0.04747195496448142,0.06269,True,Bittrex,Binance US
1937,01-14-2021_07-18-13,DASH/USD,25.0,135.19965078,134.49,0.13122274649118068,0.06853274649118068,0.06269,True,Bittrex,Binance US
1938,01-14-2021_07-18-25,DASH/USD,25.0,135.19965068,134.49,0.131222728097063,0.06853272809706301,0.06269,True,Bittrex,Binance US
1939,01-14-2021_07-18-49,DASH/USD,25.0,135.1996505,134.49,0.13122269498765843,0.06853269498765843,0.06269,True,Bittrex,Binance US
1940,01-14-2021_07-19-01,DASH/USD,25.0,135.19965041,134.49,0.13122267843295873,0.06853267843295874,0.06269,True,Bittrex,Binance US
1941,01-14-2021_07-19-13,DASH/USD,25.0,135.1996503,134.49,0.13122265819943335,0.06853265819943336,0.06269,True,Bittrex,Binance US
1942,01-14-2021_07-19-36,DASH/USD,25.0,135.1996501,134.49,0.1312226214112082,0.0685326214112082,0.06269,True,Bittrex,Binance US
1943,01-14-2021_07-19-48,DASH/USD,25.0,135.19965004,134.49,0.1312226103747364,0.0685326103747364,0.06269,True,Bittrex,Binance US
1944,01-14-2021_07-20-00,DASH/USD,25.0,135.19964995,134.49,0.1312225938200366,0.0685325938200366,0.06269,True,Bittrex,Binance US
1945,01-14-2021_07-20-23,DASH/USD,25.0,135.19964989,134.49,0.13122258278356483,0.06853258278356483,0.06269,True,Bittrex,Binance US
1946,01-14-2021_07-20-34,DASH/USD,25.0,135.19964984,134.49,0.13122257358651107,0.06853257358651108,0.06269,True,Bittrex,Binance US
1947,01-14-2021_07-20-45,DASH/USD,25.0,135.19964984,134.49,0.13122257358651107,0.06853257358651108,0.06269,True,Bittrex,Binance US
1948,01-14-2021_07-21-07,DASH/USD,25.0,135.09743188,134.49,0.11240625960594292,0.04971625960594292,0.06269,True,Bittrex,Binance US
1949,01-14-2021_07-21-20,DASH/USD,25.0,135.21152704,134.49,0.13340708736070492,0.07071708736070492,0.06269,True,Bittrex,Binance US
1950,01-14-2021_07-21-32,DASH/USD,25.0,135.21152697,134.49,0.1334070744870875,0.0707170744870875,0.06269,True,Bittrex,Binance US
1951,01-14-2021_07-21-55,DASH/USD,25.0,135.08980171,134.49,0.11100055341105364,0.04831055341105364,0.06269,True,Bittrex,Binance US
1952,01-14-2021_07-22-05,DASH/USD,25.0,135.08980171,134.49,0.11100055341105364,0.04831055341105364,0.06269,True,Bittrex,Binance US
1953,01-14-2021_07-22-27,DASH/USD,25.0,135.13736718,134.49,0.11976095019257783,0.05707095019257784,0.06269,True,Bittrex,Binance US
1954,01-14-2021_07-22-38,DASH/USD,25.0,135.13736714,134.49,0.11976094282814811,0.05707094282814812,0.06269,True,Bittrex,Binance US
1955,01-14-2021_07-22-48,DASH/USD,25.0,135.13736707,134.49,0.11976092994039737,0.05707092994039738,0.06269,True,Bittrex,Binance US
1956,01-14-2021_07-22-59,DASH/USD,25.0,135.13736705,134.49,0.11976092625817988,0.05707092625817989,0.06269,True,Bittrex,Binance US
1957,01-14-2021_07-23-21,DASH/USD,25.0,135.29440395,134.49,0.1486395457821879,0.08594954578218791,0.06269,True,Bittrex,Binance US
1958,01-14-2021_07-23-31,DASH/USD,25.0,135.46195623,134.49,0.17937808094800267,0.11668808094800268,0.06269,True,Bittrex,Binance US
1959,01-14-2021_07-23-42,DASH/USD,25.0,135.46195616,134.49,0.17937806812194027,0.11668807812194026,0.06268999,True,Bittrex,Binance US
1960,01-14-2021_07-23-52,DASH/USD,25.0,135.46195616,134.49,0.17937806812194027,0.11668807812194026,0.06268999,True,Bittrex,Binance US
1961,01-14-2021_07-24-03,DASH/USD,25.0,135.634,135.23,0.07446510461978494,0.009285104619784934,0.06518,True,Kraken,Binance US
1962,01-14-2021_07-24-15,DASH/USD,25.0,135.71367904,135.23,0.08909916882023362,0.026419168820233624,0.06268,True,Bittrex,Binance US
1963,01-14-2021_07-24-37,DASH/USD,25.0,135.81737979,135.23,0.10811940837546032,0.045439408375460316,0.06268,True,Bittrex,Binance US
1964,01-14-2021_07-24-59,DASH/USD,25.0,135.99167207,135.23,0.14002182236717076,0.07734182236717076,0.06268,True,Bittrex,Binance US
1965,01-14-2021_07-25-10,DASH/USD,25.0,135.73036394,135.23,0.0921613862726374,0.029481386272637397,0.06268,True,Bittrex,Binance US
1966,01-14-2021_07-25-21,DASH/USD,25.0,135.4129813,135.23,0.033782082456821086,-0.028897917543178914,0.06268,False,Bittrex,Binance US
1967,01-14-2021_07-25-31,DASH/USD,25.0,135.555,135.23,0.05993877024086478,-0.00524122975913522,0.06518,False,Kraken,Binance US
1968,01-14-2021_07-25-41,DASH/USD,25.0,135.53567338,135.23,0.0563824586503858,-0.006297541349614202,0.06268,False,Bittrex,Binance US
1969,01-14-2021_07-25-51,DASH/USD,25.0,135.467,135.23,0.043737589228377234,-0.021442410771622768,0.06518,False,Kraken,Binance US
1970,01-14-2021_07-26-03,DASH/USD,25.0,135.465,135.23,0.043369135939175,-0.021810864060825004,0.06518,False,Kraken,Binance US
1971,01-14-2021_07-26-13,DASH/USD,25.0,135.448,135.23,0.04023684365956266,-0.02494315634043734,0.06518,False,Kraken,Binance US
1972,01-14-2021_07-26-24,DASH/USD,25.0,135.394,135.114,0.05170096163788667,-0.13329903836211332,0.185,False,Kraken,Coinbase Pro
1973,01-14-2021_07-26-34,DASH/USD,25.0,135.259,134.9,0.06635417975882944,-0.11864582024117055,0.185,False,Kraken,Coinbase Pro
1974,01-14-2021_07-26-45,DASH/USD,25.0,135.26595604,135.122,0.02660611069747069,-0.15589388930252931,0.1825,False,Bittrex,Coinbase Pro
1975,01-14-2021_07-26-56,DASH/USD,25.0,135.26595603,135.23,0.006645432275665882,-0.1758545677243341,0.1825,False,Bittrex,Coinbase Pro
1976,01-14-2021_07-27-06,DASH/USD,25.0,135.372,135.23,0.02622403451231132,-0.03895596548768868,0.06518,False,Kraken,Binance US
1977,01-14-2021_07-27-16,DASH/USD,25.0,135.372,135.23,0.02622403451231132,-0.03895596548768868,0.06518,False,Kraken,Binance US
1978,01-14-2021_07-27-27,DASH/USD,25.0,135.372,135.23,0.02622403451231132,-0.03895596548768868,0.06518,False,Kraken,Binance US
1979,01-14-2021_07-27-38,DASH/USD,25.0,135.40570831,135.235,0.03151793084106143,-0.09598206915893857,0.1275,False,Bittrex,Kraken
1980,01-14-2021_07-27-50,DASH/USD,25.0,135.40570824,135.235,0.03151791793323254,-0.09598208206676746,0.1275,False,Bittrex,Kraken
1981,01-14-2021_07-28-00,DASH/USD,25.0,135.40570819,135.235,0.03151790871335775,-0.09598209128664226,0.1275,False,Bittrex,Kraken
1982,01-14-2021_07-28-20,DASH/USD,25.0,135.5472304,135.37,0.032687941958861474,-0.029992058041138525,0.06268,False,Bittrex,Binance US
1983,01-14-2021_07-28-31,DASH/USD,25.0,135.452,135.35,0.01882585713020182,-0.04635414286979818,0.06518,False,Kraken,Binance US
1984,01-14-2021_07-28-42,DASH/USD,25.0,135.54723033,135.37,0.03268792906511361,-0.029992070934886386,0.06268,False,Bittrex,Binance US
1985,01-14-2021_07-28-51,DASH/USD,25.0,135.54723025,135.37,0.03268791432940549,-0.029992085670594512,0.06268,False,Bittrex,Binance US
1986,01-14-2021_07-29-03,DASH/USD,25.0,135.54723012,135.37,0.03268789038386994,-0.02999210961613006,0.06268,False,Bittrex,Binance US
1987,01-14-2021_07-29-13,DASH/USD,25.0,135.643,135.37,0.050315902774193316,-0.014864097225806686,0.06518,False,Kraken,Binance US
1988,01-14-2021_07-29-25,DASH/USD,25.0,135.632,135.37,0.04829243836262837,-0.01688756163737163,0.06518,False,Kraken,Binance US
1989,01-14-2021_07-29-35,DASH/USD,25.0,135.629,135.37,0.04774052746831175,-0.017439472531688253,0.06518,False,Kraken,Binance US
1990,01-14-2021_07-29-46,DASH/USD,25.0,135.704,135.37,0.06153097919000235,-0.003649020809997655,0.06518,False,Kraken,Binance US
1991,01-14-2021_07-29-58,DASH/USD,25.0,135.704,135.37,0.06153097919000235,-0.003649020809997655,0.06518,False,Kraken,Binance US
1992,01-14-2021_07-30-09,DASH/USD,25.0,135.71,135.37,0.06263355684916427,-0.0025464431508357283,0.06518,False,Kraken,Binance US
1993,01-14-2021_07-30-19,DASH/USD,25.0,135.678,135.37,0.05675201580211839,-0.008427984197881613,0.06518,False,Kraken,Binance US
1994,01-14-2021_07-30-28,DASH/USD,25.0,135.499,135.35,0.027490977793194215,-0.03768902220680578,0.06518,False,Kraken,Binance US
1995,01-14-2021_07-30-39,DASH/USD,25.0,135.489,135.318,0.03155237694572848,-0.1534476230542715,0.185,False,Kraken,Coinbase Pro
1996,01-14-2021_07-30-50,DASH/USD,25.0,135.459,135.357,0.018824884282329684,-0.16617511571767032,0.185,False,Kraken,Coinbase Pro
1997,01-14-2021_07-31-01,DASH/USD,25.0,135.426,135.282,0.026582783217398626,-0.15841721678260137,0.185,False,Kraken,Coinbase Pro
1998,01-14-2021_07-31-10,DASH/USD,25.0,135.425,135.28,0.026767583533322915,-0.15823241646667707,0.185,False,Kraken,Coinbase Pro
1999,01-14-2021_07-31-19,DASH/USD,25.0,135.43227648,135.37,0.011495871150258095,-0.051184128849741904,0.06268,False,Bittrex,Binance US
2000,01-14-2021_07-31-30,DASH/USD,25.0,135.488,135.32407185,0.03024772489076594,-0.09725227510923407,0.1275,False,Kraken,Bittrex
2001,01-14-2021_07-31-40,DASH/USD,25.0,135.458,135.32407182,0.02471765787181231,-0.1027823421281877,0.1275,False,Kraken,Bittrex
2002,01-14-2021_07-31-50,DASH/USD,25.0,135.458,135.37,0.016241196533241645,-0.04893880346675836,0.06518,False,Kraken,Binance US
2003,01-14-2021_07-32-01,DASH/USD,25.0,135.458,135.305,0.028237534881659185,-0.1567624651183408,0.185,False,Kraken,Coinbase Pro
2004,01-14-2021_07-32-11,DASH/USD,25.0,135.44,135.324,0.021411695215590935,-0.16358830478440906,0.185,False,Kraken,Coinbase Pro
2005,01-14-2021_07-32-22,DASH/USD,25.0,135.497,135.37,0.023432253112616798,-0.09674774688738319,0.12018,False,Coinbase Pro,Binance US
2006,01-14-2021_07-32-33,DASH/USD,25.0,135.47101045,135.37,0.018640602455178217,-0.04403939754482178,0.06268,False,Bittrex,Binance US
2007,01-14-2021_07-32-45,DASH/USD,25.0,135.56282666,135.37,0.03556038641840027,-0.027119613581599727,0.06268,False,Bittrex,Binance US
2008,01-14-2021_07-32-55,DASH/USD,25.0,135.62169035,135.37,0.04639566675331404,-0.01628433324668596,0.06268,False,Bittrex,Binance US
2009,01-14-2021_07-33-05,DASH/USD,25.0,135.47535378,135.37,0.01944150302258792,-0.04323849697741208,0.06268,False,Bittrex,Binance US
2010,01-14-2021_07-33-15,DASH/USD,25.0,135.47535369,135.35,0.02313219463645698,-0.03954780536354302,0.06268,False,Bittrex,Binance US
2011,01-14-2021_07-33-28,DASH/USD,25.0,135.443,135.305,0.025471969758497155,-0.15952803024150283,0.185,False,Kraken,Coinbase Pro
2012,01-14-2021_07-33-39,DASH/USD,25.0,135.444,135.338,0.019565281592391424,-0.16543471840760857,0.185,False,Kraken,Coinbase Pro
2013,01-14-2021_07-33-50,DASH/USD,25.0,135.45175427,135.37,0.015089186264254921,-0.04759081373574508,0.06268,False,Bittrex,Binance US
2014,01-14-2021_07-34-01,DASH/USD,25.0,135.45175426,135.338,0.02099534639131654,-0.16150465360868346,0.1825,False,Bittrex,Coinbase Pro
2015,01-14-2021_07-34-11,DASH/USD,25.0,135.45175422,135.318,0.0246866902481645,-0.1578133097518355,0.1825,False,Bittrex,Coinbase Pro
2016,01-14-2021_07-34-22,DASH/USD,25.0,135.351,135.232,0.021979889324792536,-0.16302011067520747,0.185,False,Kraken,Coinbase Pro
2017,01-14-2021_07-34-32,DASH/USD,25.0,135.348,135.24247883,0.019490714676242523,-0.10800928532375748,0.1275,False,Kraken,Bittrex
2018,01-14-2021_07-34-42,DASH/USD,25.0,135.344,135.24,0.019210308547106817,-0.04596969145289319,0.06518,False,Kraken,Binance US
2019,01-14-2021_07-34-53,DASH/USD,25.0,135.344,135.242,0.018840879536588966,-0.16615912046341103,0.185,False,Kraken,Coinbase Pro
2020,01-14-2021_07-35-03,DASH/USD,25.0,135.344,135.237,0.01976445206289147,-0.16523554793710854,0.185,False,Kraken,Coinbase Pro
2021,01-14-2021_07-35-14,DASH/USD,25.0,135.3713778,135.323,0.00893427414018631,-0.1735657258598137,0.1825,False,Bittrex,Coinbase Pro
2022,01-14-2021_07-35-25,DASH/USD,25.0,135.35,135.211,0.025674178056886144,-0.15932582194311384,0.185,False,Kraken,Coinbase Pro
2023,01-14-2021_07-35-36,DASH/USD,25.0,135.35,135.229,0.022349464351677298,-0.1626505356483227,0.185,False,Kraken,Coinbase Pro
2024,01-14-2021_07-35-46,DASH/USD,25.0,135.354,135.226,0.0236417098866702,-0.1613582901133298,0.185,False,Kraken,Coinbase Pro
2025,01-14-2021_07-35-56,DASH/USD,25.0,135.345,135.221,0.022904429421108135,-0.16209557057889187,0.185,False,Kraken,Coinbase Pro
2026,01-14-2021_07-36-05,DASH/USD,25.0,135.344,135.221,0.02271988414706054,-0.16228011585293944,0.185,False,Kraken,Coinbase Pro
2027,01-14-2021_07-36-15,DASH/USD,25.0,135.444,135.274,0.03137828179911763,-0.15362171820088238,0.185,False,Kraken,Coinbase Pro
2028,01-14-2021_07-36-25,DASH/USD,25.0,135.48820365,135.366,0.02254876194160627,-0.15995123805839373,0.1825,False,Bittrex,Coinbase Pro
2029,01-14-2021_07-36-36,DASH/USD,25.0,135.48820354,135.366,0.02254874166294278,-0.1599512583370572,0.1825,False,Bittrex,Coinbase Pro
2030,01-14-2021_07-36-45,DASH/USD,25.0,135.48820347,135.364,0.022917764576363832,-0.15958223542363617,0.1825,False,Bittrex,Coinbase Pro
2031,01-14-2021_07-36-55,DASH/USD,25.0,135.48820341,135.366,0.02254871769725191,-0.15995128230274808,0.1825,False,Bittrex,Coinbase Pro
2032,01-14-2021_07-37-05,DASH/USD,25.0,135.444,135.325,0.02196479725938391,-0.1630352027406161,0.185,False,Kraken,Coinbase Pro
2033,01-14-2021_07-37-15,DASH/USD,25.0,135.444,135.313,0.024179734798145405,-0.1608202652018546,0.185,False,Kraken,Coinbase Pro
2034,01-14-2021_07-37-25,DASH/USD,25.0,135.41561587,135.331,0.015621512603327364,-0.16687848739667263,0.1825,False,Bittrex,Coinbase Pro
2035,01-14-2021_07-37-35,DASH/USD,25.0,135.42,135.237,0.03378378378378244,-0.15121621621621756,0.185,False,Kraken,Coinbase Pro
2036,01-14-2021_07-37-46,DASH/USD,25.0,135.316,135.149,0.030853705400692006,-0.15414629459930798,0.185,False,Kraken,Coinbase Pro
2037,01-14-2021_07-37-56,DASH/USD,25.0,135.295,135.11,0.03418455966591039,-0.1508154403340896,0.185,False,Kraken,Coinbase Pro
2038,01-14-2021_07-38-06,DASH/USD,25.0,135.255,135.134,0.022365162101217945,-0.16263483789878205,0.185,False,Kraken,Coinbase Pro
2039,01-14-2021_07-38-16,DASH/USD,25.0,135.25298266,135.111,0.02624390553310636,-0.15625609446689365,0.1825,False,Bittrex,Coinbase Pro
2040,01-14-2021_07-38-25,DASH/USD,25.0,135.12,134.944,0.03256364712848138,-0.11743635287151862,0.15,False,Binance US,Coinbase Pro
2041,01-14-2021_07-38-36,DASH/USD,25.0,135.06,134.959,0.018695394639419348,-0.13130460536058064,0.15,False,Binance US,Coinbase Pro
2042,01-14-2021_07-38-46,DASH/USD,25.0,135.04483763,134.931,0.021074043258112827,-0.16142595674188717,0.1825,False,Bittrex,Coinbase Pro
2043,01-14-2021_07-38-56,DASH/USD,25.0,134.95,134.815,0.025009262689883457,-0.15999073731011654,0.185,False,Kraken,Coinbase Pro
2044,01-14-2021_07-39-06,DASH/USD,25.0,134.88678509,134.815,0.013304692885981155,-0.11419530711401885,0.1275,False,Bittrex,Kraken
2045,01-14-2021_07-39-16,DASH/USD,25.0,135.14,134.905,0.04347343495633884,-0.10652656504366115,0.15,False,Binance US,Coinbase Pro
2046,01-14-2021_07-39-26,DASH/USD,25.0,135.08,134.756,0.05996446550192705,-0.09003553449807294,0.15,False,Binance US,Coinbase Pro
2047,01-14-2021_07-39-37,DASH/USD,25.0,134.876,134.744,0.024466917761500378,-0.16053308223849963,0.185,False,Kraken,Coinbase Pro
2048,01-14-2021_07-39-49,DASH/USD,25.0,134.84437168,134.697,0.027322549351507353,-0.15517745064849264,0.1825,False,Bittrex,Coinbase Pro
2049,01-14-2021_07-40-00,DASH/USD,25.0,134.86,134.697,0.030216520836424978,-0.15478347916357502,0.185,False,Kraken,Coinbase Pro
2050,01-14-2021_07-40-11,DASH/USD,25.0,135.03,134.864,0.030733910982743983,-0.05426608901725602,0.085,False,Binance US,Kraken
2051,01-14-2021_07-40-23,DASH/USD,25.0,135.07137947,134.864,0.038383310886016826,-0.08911668911398318,0.1275,False,Bittrex,Kraken
2052,01-14-2021_07-40-33,DASH/USD,25.0,134.98,134.864,0.02148466439472245,-0.07351533560527755,0.095,False,Binance US,Kraken
2053,01-14-2021_07-40-44,DASH/USD,25.0,134.98,134.864,0.02148466439472245,-0.07351533560527755,0.095,False,Binance US,Kraken
2054,01-14-2021_07-40-56,DASH/USD,25.0,134.98,134.864,0.02148466439472245,-0.07351533560527755,0.095,False,Binance US,Kraken
2055,01-14-2021_07-41-07,DASH/USD,25.0,134.98,134.864,0.02148466439472245,-0.07351533560527755,0.095,False,Binance US,Kraken
2056,01-14-2021_07-41-18,DASH/USD,25.0,134.98,134.864,0.02148466439472245,-0.07351533560527755,0.095,False,Binance US,Kraken
2057,01-14-2021_07-41-29,DASH/USD,25.0,134.98,134.77,0.03889465105941242,-0.11110534894058757,0.15,False,Binance US,Coinbase Pro
2058,01-14-2021_07-41-40,DASH/USD,25.0,135.1783041,134.981,0.036489601884270986,-0.09101039811572902,0.1275,False,Bittrex,Kraken
2059,01-14-2021_07-41-51,DASH/USD,25.0,135.17830409,134.981,0.036489600037564934,-0.09101039996243507,0.1275,False,Bittrex,Kraken
2060,01-14-2021_07-42-01,DASH/USD,25.0,135.37,134.981,0.07184014183349523,-0.023159858166504774,0.095,False,Binance US,Kraken
2061,01-14-2021_07-42-11,DASH/USD,25.0,135.21399402,134.981,0.04307875484499476,-0.08442124515500524,0.1275,False,Bittrex,Kraken
2062,01-14-2021_07-42-21,DASH/USD,25.0,135.21399399,134.981,0.04307874930779036,-0.08442125069220964,0.1275,False,Bittrex,Kraken
2063,01-14-2021_07-42-30,DASH/USD,25.0,135.16439526,134.981,0.03392077840603315,-0.09357922159396685,0.1275,False,Bittrex,Kraken
2064,01-14-2021_07-42-40,DASH/USD,25.0,135.16439525,134.981,0.03392077655894702,-0.09357922344105299,0.1275,False,Bittrex,Kraken
2065,01-14-2021_07-42-51,DASH/USD,25.0,135.32,134.981,0.06262932308601808,-0.022370676913981924,0.085,False,Binance US,Kraken
2066,01-14-2021_07-43-02,DASH/USD,25.0,135.26,134.981,0.051567351766966654,-0.04343264823303335,0.095,False,Binance US,Kraken
2067,01-14-2021_07-43-12,DASH/USD,25.0,135.35168379,135.163,0.03485065436879684,-0.14764934563120316,0.1825,False,Bittrex,Coinbase Pro
2068,01-14-2021_07-43-23,DASH/USD,25.0,135.32,135.23,0.016627253916642663,-0.06837274608335735,0.085,False,Binance US,Kraken
2069,01-14-2021_07-43-34,DASH/USD,25.0,135.48831443,135.23,0.04766359945629683,-0.07983640054370317,0.1275,False,Bittrex,Kraken
2070,01-14-2021_07-43-45,DASH/USD,25.0,135.42391043,135.23,0.03579693375126842,-0.09170306624873159,0.1275,False,Bittrex,Kraken
2071,01-14-2021_07-43-56,DASH/USD,25.0,135.42391043,135.23,0.03579693375126842,-0.09170306624873159,0.1275,False,Bittrex,Kraken
2072,01-14-2021_07-44-06,DASH/USD,25.0,135.42391043,135.23,0.03579693375126842,-0.09170306624873159,0.1275,False,Bittrex,Kraken
2073,01-14-2021_07-44-16,DASH/USD,25.0,135.42141493,135.23,0.03533690186647197,-0.09216309813352803,0.1275,False,Bittrex,Kraken
2074,01-14-2021_07-44-27,DASH/USD,25.0,135.42141491,135.23,0.03533689817951485,-0.09216310182048515,0.1275,False,Bittrex,Kraken
2075,01-14-2021_07-44-37,DASH/USD,25.0,135.42141487,135.23,0.03533689080559539,-0.09216310919440461,0.1275,False,Bittrex,Kraken
2076,01-14-2021_07-44-47,DASH/USD,25.0,135.42141483,135.23,0.035336883431675924,-0.09216311656832407,0.1275,False,Bittrex,Kraken
2077,01-14-2021_07-44-58,DASH/USD,25.0,135.42141483,135.23,0.035336883431675924,-0.09216311656832407,0.1275,False,Bittrex,Kraken
2078,01-14-2021_07-45-08,DASH/USD,25.0,135.42141482,135.23,0.03533688158819474,-0.09216311841180526,0.1275,False,Bittrex,Kraken
2079,01-14-2021_07-45-18,DASH/USD,25.0,135.37640565,135.206,0.03146886068917073,-0.15103113931082926,0.1825,False,Bittrex,Coinbase Pro
2080,01-14-2021_07-45-30,DASH/USD,25.0,135.37640564,135.23,0.02703677190051516,-0.15546322809948485,0.1825,False,Bittrex,Coinbase Pro
2081,01-14-2021_07-45-41,DASH/USD,25.0,135.37640567,135.23,0.02703677743463152,-0.10046322256536848,0.1275,False,Bittrex,Kraken
2082,01-14-2021_07-45-52,DASH/USD,25.0,135.37640565,135.23,0.027036773745222363,-0.10046322625477763,0.1275,False,Bittrex,Kraken
2083,01-14-2021_07-46-03,DASH/USD,25.0,135.37640562,135.23,0.027036768211106,-0.100463231788894,0.1275,False,Bittrex,Kraken
2084,01-14-2021_07-46-14,DASH/USD,25.0,135.26,135.178,0.015155995859824346,-0.13484400414017564,0.15,False,Binance US,Coinbase Pro
2085,01-14-2021_07-46-24,DASH/USD,25.0,135.35890391,135.139,0.04061496947149727,-0.1418850305285027,0.1825,False,Bittrex,Coinbase Pro
2086,01-14-2021_07-46-36,DASH/USD,25.0,135.215,134.993,0.041045741966499356,-0.14395425803350065,0.185,False,Kraken,Coinbase Pro
2087,01-14-2021_07-46-47,DASH/USD,25.0,135.114,134.951,0.030159716979737648,-0.15484028302026234,0.185,False,Kraken,Coinbase Pro
2088,01-14-2021_07-46-59,DASH/USD,25.0,135.23,135.057,0.03198254825112805,-0.11801745174887195,0.15,False,Binance US,Coinbase Pro
2089,01-14-2021_07-47-10,DASH/USD,25.0,135.19,134.912,0.05140912789407345,-0.09859087210592654,0.15,False,Binance US,Coinbase Pro
2090,01-14-2021_07-47-21,DASH/USD,25.0,135.035,134.87,0.030547635798124938,-0.15445236420187505,0.185,False,Kraken,Coinbase Pro
2091,01-14-2021_07-47-33,DASH/USD,25.0,134.93,134.751,0.033165344993700815,-0.11683465500629918,0.15,False,Binance US,Coinbase Pro
2092,01-14-2021_07-47-44,DASH/USD,25.0,134.96032064,134.852,0.020065275387298475,-0.10743472461270152,0.1275,False,Bittrex,Kraken
2093,01-14-2021_07-47-56,DASH/USD,25.0,136.62358788,134.999,0.29727441381259223,0.16977441381259223,0.1275,True,Bittrex,Kraken
2094,01-14-2021_07-48-08,DASH/USD,25.0,135.09648189,135.001,0.01766920364324264,-0.16483079635675735,0.1825,False,Bittrex,Coinbase Pro
2095,01-14-2021_07-48-19,DASH/USD,25.0,135.09648179,134.98,0.02155529671399724,-0.10594470328600276,0.1275,False,Bittrex,Kraken
2096,01-14-2021_07-48-31,DASH/USD,25.0,135.0964817,134.964,0.024516126980677615,-0.15798387301932237,0.1825,False,Bittrex,Coinbase Pro
2097,01-14-2021_07-48-44,DASH/USD,25.0,134.98,134.937,0.007964142835971615,-0.1770358571640284,0.185,False,Kraken,Coinbase Pro
2098,01-14-2021_07-49-07,DASH/USD,25.0,135.22,134.924,0.054725632302912344,-0.09527436769708765,0.15,False,Binance US,Coinbase Pro
2099,01-14-2021_07-49-17,DASH/USD,25.0,135.22,134.908,0.05768377458955995,-0.09231622541044004,0.15,False,Binance US,Coinbase Pro
2100,01-14-2021_07-49-41,DASH/USD,25.0,134.92,134.782,0.025570708568036025,-0.15942929143196397,0.185,False,Kraken,Coinbase Pro
2101,01-14-2021_07-49-53,DASH/USD,25.0,134.891,134.792,0.018348147763748053,-0.16665185223625195,0.185,False,Kraken,Coinbase Pro
2102,01-14-2021_07-50-05,DASH/USD,25.0,134.86484438,134.751,0.02110342033970267,-0.16139657966029733,0.1825,False,Bittrex,Coinbase Pro
2103,01-14-2021_07-50-16,DASH/USD,25.0,134.78430369,134.686,0.01823351965116245,-0.16426648034883753,0.1825,False,Bittrex,Coinbase Pro
2104,01-14-2021_07-50-39,DASH/USD,25.0,134.51083791,134.359,0.028220385873586034,-0.15427961412641397,0.1825,False,Bittrex,Coinbase Pro
2105,01-14-2021_07-50-50,DASH/USD,25.0,134.425,134.318,0.019899572252185103,-0.1651004277478149,0.185,False,Kraken,Coinbase Pro
2106,01-14-2021_07-51-13,DASH/USD,25.0,134.4113667,134.254,0.02926960417552458,-0.15323039582447542,0.1825,False,Bittrex,Coinbase Pro
2107,01-14-2021_07-51-36,DASH/USD,25.0,134.29684672,134.184,0.021006956372414145,-0.16149304362758585,0.1825,False,Bittrex,Coinbase Pro
2108,01-14-2021_07-51-48,DASH/USD,25.0,134.29684662,134.18,0.02175155689444695,-0.16074844310555306,0.1825,False,Bittrex,Coinbase Pro
2109,01-14-2021_07-52-12,DASH/USD,25.0,134.26015519,134.05,0.03913208459028497,-0.14336791540971502,0.1825,False,Bittrex,Coinbase Pro
2110,01-14-2021_07-52-23,DASH/USD,25.0,134.16909102,134.007,0.030202749897110994,-0.152297250102889,0.1825,False,Bittrex,Coinbase Pro
2111,01-14-2021_07-52-37,DASH/USD,25.0,134.029,133.857,0.032082608987606606,-0.15291739101239338,0.185,False,Kraken,Coinbase Pro
2112,01-14-2021_07-52-50,DASH/USD,25.0,133.99648889,133.947,0.009233243798018171,-0.17326675620198181,0.1825,False,Bittrex,Coinbase Pro
2113,01-14-2021_07-53-14,DASH/USD,25.0,134.1,133.934,0.03094705443698673,-0.11905294556301327,0.15,False,Binance US,Coinbase Pro
2114,01-14-2021_07-53-25,DASH/USD,25.0,134.214,133.987,0.042283219336284567,-0.14271678066371543,0.185,False,Kraken,Coinbase Pro
2115,01-14-2021_07-53-48,DASH/USD,25.0,134.21,134.109,0.018813799269800886,-0.1211862007301991,0.13999999999999999,False,Binance US,Coinbase Pro
2116,01-14-2021_07-53-58,DASH/USD,25.0,134.208,134.042,0.030922150691463406,-0.1540778493085366,0.185,False,Kraken,Coinbase Pro
2117,01-14-2021_07-54-22,DASH/USD,25.0,134.43411726,134.209,0.04186386324176292,-0.08563613675823709,0.1275,False,Bittrex,Kraken
2118,01-14-2021_07-54-35,DASH/USD,25.0,134.571,134.532,0.0072452460039658,-0.1777547539960342,0.185,False,Kraken,Coinbase Pro
2119,01-14-2021_07-54-58,DASH/USD,25.0,134.6391815,134.479,0.029742735029920152,-0.15275726497007985,0.1825,False,Bittrex,Coinbase Pro
2120,01-14-2021_07-55-09,DASH/USD,25.0,134.571,134.472,0.0183917783177634,-0.1666082216822366,0.185,False,Kraken,Coinbase Pro
2121,01-14-2021_07-55-21,DASH/USD,25.0,134.571,134.432,0.025822799860298652,-0.15917720013970135,0.185,False,Kraken,Coinbase Pro
2122,01-14-2021_07-55-43,DASH/USD,25.0,134.35728305,134.173,0.03428973960634224,-0.14821026039365776,0.1825,False,Bittrex,Coinbase Pro
2123,01-14-2021_07-55-55,DASH/USD,25.0,134.38190899,133.99,0.07290955176659124,0.010219551766591242,0.06269,True,Bittrex,Binance US
2124,01-14-2021_07-56-07,DASH/USD,25.0,134.38190889,133.99,0.07290953321715318,0.010219533217153187,0.06269,True,Bittrex,Binance US
2125,01-14-2021_07-56-21,DASH/USD,25.0,134.31850926,133.99,0.06114370644259265,-0.0015462935574073466,0.06269,False,Bittrex,Binance US
2126,01-14-2021_07-56-43,DASH/USD,25.0,134.31033804,133.99,0.05962646745490906,-0.0030635325450909384,0.06269,False,Bittrex,Binance US
2127,01-14-2021_07-56-54,DASH/USD,25.0,134.31033801,133.99,0.05962646188414584,-0.003063538115854157,0.06269,False,Bittrex,Binance US
2128,01-14-2021_07-57-06,DASH/USD,25.0,134.31033797,134.174,0.025377415480566448,-0.15712258451943356,0.1825,False,Bittrex,Coinbase Pro
2129,01-14-2021_07-57-29,DASH/USD,25.0,134.36,134.164,0.03646918725811744,-0.11353081274188256,0.15,False,Binance US,Coinbase Pro
2130,01-14-2021_07-57-40,DASH/USD,25.0,134.238,134.075,0.030356530937590498,-0.1546434690624095,0.185,False,Kraken,Coinbase Pro
2131,01-14-2021_07-57-51,DASH/USD,25.0,134.233768,134.021,0.03962639266745666,-0.15287360733254335,0.1925,False,Bittrex,Coinbase Pro
2132,01-14-2021_07-58-02,DASH/USD,25.0,134.18,134.041,0.02589804739901811,-0.12410195260098189,0.15,False,Binance US,Coinbase Pro
2133,01-14-2021_07-58-15,DASH/USD,25.0,134.149,134.041,0.020126873849228115,-0.16487312615077188,0.185,False,Kraken,Coinbase Pro
2134,01-14-2021_07-58-26,DASH/USD,25.0,134.27409599,134.109,0.030738615066209972,-0.15176138493379002,0.1825,False,Bittrex,Coinbase Pro
2135,01-14-2021_07-58-38,DASH/USD,25.0,134.081,133.94,0.02629007838545192,-0.15870992161454808,0.185,False,Kraken,Coinbase Pro
2136,01-14-2021_07-58-49,DASH/USD,25.0,134.23,134.075,0.028868360277136473,-0.12113163972286352,0.15,False,Binance US,Coinbase Pro
2137,01-14-2021_07-58-59,DASH/USD,25.0,134.23,134.074,0.02905460776279101,-0.12094539223720899,0.15,False,Binance US,Coinbase Pro
2138,01-14-2021_07-59-10,DASH/USD,25.0,134.074,133.903,0.03188537673225619,-0.1531146232677438,0.185,False,Kraken,Coinbase Pro
2139,01-14-2021_07-59-31,DASH/USD,25.0,134.17,134.016,0.028694939256166875,-0.12130506074383313,0.15,False,Binance US,Coinbase Pro
2140,01-14-2021_07-59-44,DASH/USD,25.0,134.15316099,133.998,0.028914896386895237,-0.15358510361310476,0.1825,False,Bittrex,Coinbase Pro
2141,01-14-2021_07-59-55,DASH/USD,25.0,134.15316091,134.0,0.028542173170028527,-0.15395782682997147,0.1825,False,Bittrex,Coinbase Pro
2142,01-14-2021_08-00-06,DASH/USD,25.0,134.13323053,133.982,0.02818662634949517,-0.09931337365050483,0.1275,False,Bittrex,Kraken
2143,01-14-2021_08-00-28,DASH/USD,25.0,134.12606072,133.99,0.02536060465609808,-0.037329395343901915,0.06269,False,Bittrex,Binance US
2144,01-14-2021_08-00-40,DASH/USD,25.0,134.1260606,133.99,0.02536058231176796,-0.03732941768823203,0.06269,False,Bittrex,Binance US
2145,01-14-2021_08-00-52,DASH/USD,25.0,134.31950685,134.0,0.05946769339259424,-0.003222306607405759,0.06269,False,Bittrex,Binance US
2146,01-14-2021_08-01-03,DASH/USD,25.0,134.3849312,134.0,0.07160981453849401,0.008919814538494011,0.06269,False,Bittrex,Binance US
2147,01-14-2021_08-01-14,DASH/USD,25.0,134.38493112,134.0,0.07160979969850144,0.008919799698501443,0.06269,False,Bittrex,Binance US
2148,01-14-2021_08-01-24,DASH/USD,25.0,134.63918092,134.0,0.1186840479183749,0.05599404791837491,0.06269,True,Bittrex,Binance US
2149,01-14-2021_08-01-35,DASH/USD,25.0,134.6391809,134.0,0.11868404422237792,0.05599404422237793,0.06269,True,Bittrex,Binance US
2150,01-14-2021_08-01-57,DASH/USD,25.0,135.23441947,134.0,0.2281999425216311,0.1655099425216311,0.06269,True,Bittrex,Binance US
2151,01-14-2021_08-02-08,DASH/USD,25.0,134.92210394,134.0,0.17085857562858273,0.10816857562858273,0.06269,True,Bittrex,Binance US
2152,01-14-2021_08-02-19,DASH/USD,25.0,134.92210388,134.0,0.1708585645870394,0.10816856458703941,0.06269,True,Bittrex,Binance US
2153,01-14-2021_08-02-31,DASH/USD,25.0,135.036,134.0,0.19180070499718618,0.12661070499718619,0.06519,True,Kraken,Binance US
2154,01-14-2021_08-02-41,DASH/USD,25.0,134.963,134.0,0.17838222327600783,0.11319222327600784,0.06519,True,Kraken,Binance US
2155,01-14-2021_08-02-52,DASH/USD,25.0,134.886,134.0,0.16421274261227922,0.09902274261227922,0.06519,True,Kraken,Binance US
2156,01-14-2021_08-03-04,DASH/USD,25.0,134.874,134.0,0.16200305470290702,0.09681305470290702,0.06519,True,Kraken,Binance US
2157,01-14-2021_08-03-15,DASH/USD,25.0,134.868,134.0,0.16089806329151377,0.09570806329151377,0.06519,True,Kraken,Binance US
2158,01-14-2021_08-03-26,DASH/USD,25.0,134.66675429,134.0,0.12377856240675571,0.06108856240675571,0.06269,True,Bittrex,Binance US
2159,01-14-2021_08-03-37,DASH/USD,25.0,134.487,134.0,0.09052919613048005,0.02533919613048005,0.06519,True,Kraken,Binance US
2160,01-14-2021_08-03-48,DASH/USD,25.0,134.59789294,134.0,0.11105169013799725,0.048361700137997246,0.06268999,True,Bittrex,Binance US
2161,01-14-2021_08-04-00,DASH/USD,25.0,134.469,134.0,0.08719481813652107,0.022004818136521068,0.06519,True,Kraken,Binance US
2162,01-14-2021_08-04-23,DASH/USD,25.0,134.44111878,134.0,0.0820282485007171,0.019338258500717104,0.06268999,True,Bittrex,Binance US
2163,01-14-2021_08-04-34,DASH/USD,25.0,134.23677875,133.982,0.04744950533908987,-0.13505049466091013,0.1825,False,Bittrex,Coinbase Pro
2164,01-14-2021_08-04-46,DASH/USD,25.0,134.333,134.0,0.061972858493445096,-0.003217141506554902,0.06519,False,Kraken,Binance US
2165,01-14-2021_08-04-56,DASH/USD,25.0,134.32575604,134.0,0.06062799302298041,-0.0020620069770195884,0.06269,False,Bittrex,Binance US
2166,01-14-2021_08-05-05,DASH/USD,25.0,134.242,133.903,0.06313225369109493,-0.12186774630890507,0.185,False,Kraken,Coinbase Pro
2167,01-14-2021_08-05-16,DASH/USD,25.0,134.13046146,134.0,0.02431615059322265,-0.03837384940677735,0.06269,False,Bittrex,Binance US
2168,01-14-2021_08-05-26,DASH/USD,25.0,134.13046138,134.0,0.024316135696873655,-0.03837386430312634,0.06269,False,Bittrex,Binance US
2169,01-14-2021_08-05-48,DASH/USD,25.0,134.131,133.964,0.031126286988094026,-0.15387371301190597,0.185,False,Kraken,Coinbase Pro
2170,01-14-2021_08-05-59,DASH/USD,25.0,134.13046114,134.0,0.02431609100781069,-0.0383739089921893,0.06269,False,Bittrex,Binance US
2171,01-14-2021_08-06-11,DASH/USD,25.0,134.13046105,134.0,0.02431607424941601,-0.03837392575058399,0.06269,False,Bittrex,Binance US
2172,01-14-2021_08-06-21,DASH/USD,25.0,134.234,134.0,0.0435806129594605,-0.021609387040539496,0.06519,False,Kraken,Binance US
2173,01-14-2021_08-06-43,DASH/USD,25.0,134.42035655,134.0,0.07817948129077629,0.015489481290776291,0.06269,True,Bittrex,Binance US
2174,01-14-2021_08-06-55,DASH/USD,25.0,134.53142784,134.0,0.09875533333222819,0.036065333332228194,0.06269,True,Bittrex,Binance US
2175,01-14-2021_08-07-05,DASH/USD,25.0,134.62599156,134.0,0.11624641585666562,0.05355641585666562,0.06269,True,Bittrex,Binance US
2176,01-14-2021_08-07-15,DASH/USD,25.0,134.62599148,134.0,0.11624640106977549,0.053556401069775494,0.06269,True,Bittrex,Binance US
2177,01-14-2021_08-07-26,DASH/USD,25.0,134.6259914,134.0,0.11624638628288009,0.05355638628288009,0.06269,True,Bittrex,Binance US
2178,01-14-2021_08-07-38,DASH/USD,25.0,134.67861473,134.0,0.1259692808989127,0.06327928089891272,0.06269,True,Bittrex,Binance US
2179,01-14-2021_08-07-49,DASH/USD,25.0,135.0482467,134.0,0.19405040894914352,0.13136040894914353,0.06269,True,Bittrex,Binance US
2180,01-14-2021_08-07-59,DASH/USD,25.0,135.001,134.0,0.1853689972666878,0.12017899726668779,0.06519,True,Kraken,Binance US
2181,01-14-2021_08-08-10,DASH/USD,25.0,134.9475619,134.0,0.17554261200772586,0.11285261200772587,0.06269,True,Bittrex,Binance US
2182,01-14-2021_08-08-20,DASH/USD,25.0,134.94756183,134.0,0.17554259913078343,0.11285259913078344,0.06269,True,Bittrex,Binance US
2183,01-14-2021_08-08-31,DASH/USD,25.0,135.004,134.0,0.1859204171728228,0.12073041717282279,0.06519,True,Kraken,Binance US
2184,01-14-2021_08-08-42,DASH/USD,25.0,134.93411905,134.0,0.17306946837772247,0.11037947837772247,0.06268999,True,Bittrex,Binance US
2185,01-14-2021_08-08-53,DASH/USD,25.0,134.93411898,134.0,0.17306945549821418,0.11037945549821418,0.06269,True,Bittrex,Binance US
2186,01-14-2021_08-09-05,DASH/USD,25.0,134.88989051,134.0,0.1649290592933677,0.10223905929336771,0.06269,True,Bittrex,Binance US
2187,01-14-2021_08-09-26,DASH/USD,25.0,135.10365589,134.0,0.2042239128781578,0.1415339128781578,0.06269,True,Bittrex,Binance US
2188,01-14-2021_08-09-36,DASH/USD,25.0,135.10365585,134.0,0.20422390553689737,0.14153390553689738,0.06269,True,Bittrex,Binance US
2189,01-14-2021_08-09-47,DASH/USD,25.0,135.08167311,134.0,0.20018872380992178,0.13749872380992179,0.06269,True,Bittrex,Binance US
2190,01-14-2021_08-09-59,DASH/USD,25.0,134.887,134.0,0.16439686552447613,0.09920686552447613,0.06519,True,Kraken,Binance US
2191,01-14-2021_08-10-10,DASH/USD,25.0,134.881,134.0,0.16329208709899842,0.09810208709899843,0.06519,True,Kraken,Binance US
2192,01-14-2021_08-10-21,DASH/USD,25.0,134.88,134.0,0.16310794780545587,0.09791794780545587,0.06519,True,Kraken,Binance US
2193,01-14-2021_08-10-31,DASH/USD,25.0,134.872,134.0,0.16163473515629895,0.09644473515629895,0.06519,True,Kraken,Binance US
2194,01-14-2021_08-10-40,DASH/USD,25.0,134.80790241,133.9,0.16836965670579326,0.10567965670579327,0.06269,True,Bittrex,Binance US
2195,01-14-2021_08-10-50,DASH/USD,25.0,134.74458224,133.9,0.15670059344123913,0.09401059344123913,0.06269,True,Bittrex,Binance US
2196,01-14-2021_08-11-02,DASH/USD,25.0,134.74458211,133.9,0.15670056947271582,0.09401056947271583,0.06269,True,Bittrex,Binance US
2197,01-14-2021_08-11-12,DASH/USD,25.0,134.74458204,133.9,0.15670055656658702,0.09401055656658702,0.06269,True,Bittrex,Binance US
2198,01-14-2021_08-11-34,DASH/USD,25.0,134.697,133.9,0.14792460114182146,0.08273460114182146,0.06519,True,Kraken,Binance US
2199,01-14-2021_08-11-45,DASH/USD,25.0,134.659,133.9,0.14091148753517888,0.07572148753517888,0.06519,True,Kraken,Binance US
2200,01-14-2021_08-12-08,DASH/USD,25.0,134.488,133.9,0.1093034322764845,0.044113432276484496,0.06519,True,Kraken,Binance US
2201,01-14-2021_08-12-20,DASH/USD,25.0,134.481,133.9,0.10800782266639691,0.042817822666396915,0.06519,True,Kraken,Binance US
2202,01-14-2021_08-12-42,DASH/USD,25.0,134.472,133.9,0.10634184068058829,0.04115184068058829,0.06519,True,Kraken,Binance US
2203,01-14-2021_08-13-05,DASH/USD,25.0,134.47,133.9,0.10597159217669243,0.04078159217669243,0.06519,True,Kraken,Binance US
2204,01-14-2021_08-13-18,DASH/USD,25.0,134.46314792,133.9,0.10470302248446828,0.04201302248446828,0.06269,True,Bittrex,Binance US
2205,01-14-2021_08-13-41,DASH/USD,25.0,134.671103,133.9,0.14314559375072142,0.08045559375072142,0.06269,True,Bittrex,Binance US
2206,01-14-2021_08-13-53,DASH/USD,25.0,134.67110295,133.9,0.14314558452199852,0.08045558452199852,0.06269,True,Bittrex,Binance US
2207,01-14-2021_08-14-16,DASH/USD,25.0,134.71518588,133.9,0.15127950770266965,0.08858950770266966,0.06269,True,Bittrex,Binance US
2208,01-14-2021_08-14-28,DASH/USD,25.0,134.71518587,133.9,0.15127950585813074,0.08858950585813075,0.06269,True,Bittrex,Binance US
2209,01-14-2021_08-14-40,DASH/USD,25.0,134.61230585,133.9,0.13228839768812395,0.06959839768812395,0.06269,True,Bittrex,Binance US
2210,01-14-2021_08-15-02,DASH/USD,25.0,134.61230574,133.9,0.1322883773671859,0.06959837736718591,0.06269,True,Bittrex,Binance US
2211,01-14-2021_08-15-13,DASH/USD,25.0,134.76718385,133.9,0.16086702734791983,0.09817702734791983,0.06269,True,Bittrex,Binance US
2212,01-14-2021_08-15-36,DASH/USD,25.0,134.76718367,133.9,0.16086699417186143,0.09817699417186143,0.06269,True,Bittrex,Binance US
2213,01-14-2021_08-15-47,DASH/USD,25.0,134.76718367,133.9,0.16086699417186143,0.09817699417186143,0.06269,True,Bittrex,Binance US
2214,01-14-2021_08-15-58,DASH/USD,25.0,134.7671836,133.9,0.16086698127006124,0.09817698127006125,0.06269,True,Bittrex,Binance US
2215,01-14-2021_08-16-21,DASH/USD,25.0,134.89098567,133.9,0.18366417612670455,0.12097417612670455,0.06269,True,Bittrex,Binance US
2216,01-14-2021_08-16-34,DASH/USD,25.0,134.79661835,133.9,0.16629095762475093,0.10360095762475094,0.06269,True,Bittrex,Binance US
2217,01-14-2021_08-16-56,DASH/USD,25.0,134.63299266,133.9,0.13610940481934758,0.07341940481934758,0.06269,True,Bittrex,Binance US
2218,01-14-2021_08-17-08,DASH/USD,25.0,134.52530708,133.9,0.11620621680278696,0.05351621680278697,0.06269,True,Bittrex,Binance US
2219,01-14-2021_08-17-31,DASH/USD,25.0,134.469,133.9,0.10578646379462708,0.040596463794627086,0.06519,True,Kraken,Binance US
2220,01-14-2021_08-17-43,DASH/USD,25.0,134.445,133.9,0.1013425564357149,0.0361525564357149,0.06519,True,Kraken,Binance US
2221,01-14-2021_08-18-05,DASH/USD,25.0,134.419,133.9,0.09652653270743076,0.03133653270743077,0.06519,True,Kraken,Binance US
2222,01-14-2021_08-18-28,DASH/USD,25.0,134.30442134,133.9,0.07528071971960275,0.012590719719602753,0.06269,True,Bittrex,Binance US
2223,01-14-2021_08-18-41,DASH/USD,25.0,134.20334572,133.9,0.05650859864419437,-0.006181401355805624,0.06269,False,Bittrex,Binance US
2224,01-14-2021_08-19-03,DASH/USD,25.0,134.41,133.9,0.09485901346625826,0.029669013466258262,0.06519,True,Kraken,Binance US
2225,01-14-2021_08-19-16,DASH/USD,25.0,134.27087895,133.9,0.06905424186172554,0.006364241861725545,0.06269,False,Bittrex,Binance US
2226,01-14-2021_08-19-29,DASH/USD,25.0,134.2708789,133.9,0.06905423257790415,0.0063642325779041525,0.06269,False,Bittrex,Binance US
2227,01-14-2021_08-19-52,DASH/USD,25.0,134.409,133.9,0.09467371976578692,0.029483719765786925,0.06519,True,Kraken,Binance US
2228,01-14-2021_08-20-15,DASH/USD,25.0,134.363,133.9,0.0861472280315254,0.0209572280315254,0.06519,True,Kraken,Binance US
2229,01-14-2021_08-20-28,DASH/USD,25.0,134.344,133.9,0.082623712261059,0.017433712261058998,0.06519,True,Kraken,Binance US
2230,01-14-2021_08-20-50,DASH/USD,25.0,134.20401301,133.9,0.05663262282204491,-0.006057377177955084,0.06269,False,Bittrex,Binance US
2231,01-14-2021_08-21-01,DASH/USD,25.0,134.192,133.9,0.054399666149994336,-0.010790333850005662,0.06519,False,Kraken,Binance US
2232,01-14-2021_08-21-23,DASH/USD,25.0,134.19024703,133.9,0.054073793815861394,-0.008616206184138601,0.06269,False,Bittrex,Binance US
2233,01-14-2021_08-21-34,DASH/USD,25.0,134.19024695,133.9,0.05407377894388443,-0.008616221056115564,0.06269,False,Bittrex,Binance US
2234,01-14-2021_08-21-45,DASH/USD,25.0,134.07913543,133.769,0.057826937242207596,-0.1246730627577924,0.1825,False,Bittrex,Coinbase Pro
2235,01-14-2021_08-22-08,DASH/USD,25.0,134.02562968,133.9,0.02343389102143313,-0.039256108978566864,0.06269,False,Bittrex,Binance US
2236,01-14-2021_08-22-18,DASH/USD,25.0,133.92712574,133.85,0.014396960207624817,-0.048293039792375175,0.06269,False,Bittrex,Binance US
2237,01-14-2021_08-22-40,DASH/USD,25.0,133.92300774,133.812,0.02072230565032987,-0.10677509434967011,0.12749739999999998,False,Bittrex,Kraken
2238,01-14-2021_08-22-52,DASH/USD,25.0,133.92300764,133.809,0.021282310263385895,-0.1612176897366141,0.1825,False,Bittrex,Coinbase Pro
2239,01-14-2021_08-23-04,DASH/USD,25.0,134.06242643,133.9,0.030289327577699855,-0.032400672422300145,0.06269,False,Bittrex,Binance US
2240,01-14-2021_08-23-14,DASH/USD,25.0,134.06242633,133.87,0.03588371762090973,-0.026806282379090267,0.06269,False,Bittrex,Binance US
2241,01-14-2021_08-23-36,DASH/USD,25.0,134.02614302,133.858,0.031363847420221434,-0.15113615257977855,0.1825,False,Bittrex,Coinbase Pro
2242,01-14-2021_08-23-48,DASH/USD,25.0,134.02614294,133.856,0.03173689406181258,-0.15076310593818743,0.1825,False,Bittrex,Coinbase Pro
2243,01-14-2021_08-23-58,DASH/USD,25.0,133.993,133.856,0.025561036770577653,-0.15943896322942236,0.185,False,Kraken,Coinbase Pro
2244,01-14-2021_08-24-10,DASH/USD,25.0,133.903,133.723,0.033606416585135954,-0.15139358341486403,0.185,False,Kraken,Coinbase Pro
2245,01-14-2021_08-24-21,DASH/USD,25.0,133.878,133.685,0.03604027547468285,-0.14895972452531714,0.185,False,Kraken,Coinbase Pro
2246,01-14-2021_08-24-33,DASH/USD,25.0,133.875,133.769,0.019794584500465836,-0.16520541549953416,0.185,False,Kraken,Coinbase Pro
2247,01-14-2021_08-24-44,DASH/USD,25.0,133.92138174,133.796,0.023405847962989102,-0.15909415203701088,0.1825,False,Bittrex,Coinbase Pro
2248,01-14-2021_08-24-55,DASH/USD,25.0,133.92138166,133.783,0.02583262998871707,-0.15666737001128292,0.1825,False,Bittrex,Coinbase Pro
2249,01-14-2021_08-25-06,DASH/USD,25.0,133.92138155,133.737,0.03441973713718978,-0.14808026286281023,0.1825,False,Bittrex,Coinbase Pro
2250,01-14-2021_08-25-28,DASH/USD,25.0,133.89,133.752,0.025767421017248642,-0.12423257898275135,0.15,False,Binance US,Coinbase Pro
2251,01-14-2021_08-25-38,DASH/USD,25.0,133.861,133.718,0.026706807808099576,-0.1582931921919004,0.185,False,Kraken,Coinbase Pro
2252,01-14-2021_08-25-48,DASH/USD,25.0,133.851,133.717,0.02502782945214943,-0.15997217054785057,0.185,False,Kraken,Coinbase Pro
2253,01-14-2021_08-25-59,DASH/USD,25.0,133.85,133.714,0.025401568920432514,-0.12459843107956747,0.15,False,Binance US,Coinbase Pro
2254,01-14-2021_08-26-10,DASH/USD,25.0,133.8475764,133.695,0.028498162630910207,-0.1540018373690898,0.1825,False,Bittrex,Coinbase Pro
2255,01-14-2021_08-26-21,DASH/USD,25.0,133.84757633,133.72,0.02382865896754688,-0.15867134103245312,0.1825,False,Bittrex,Coinbase Pro
2256,01-14-2021_08-26-31,DASH/USD,25.0,133.84757633,133.722,0.023455099719249663,-0.16904490028075034,0.1925,False,Bittrex,Coinbase Pro
2257,01-14-2021_08-26-41,DASH/USD,25.0,133.84757633,133.666,0.033914758671523874,-0.14858524132847611,0.1825,False,Bittrex,Coinbase Pro
2258,01-14-2021_08-26-52,DASH/USD,25.0,133.84757633,133.665,0.03410153829567248,-0.14839846170432752,0.1825,False,Bittrex,Coinbase Pro
2259,01-14-2021_08-27-03,DASH/USD,25.0,133.84757633,133.666,0.033914758671523874,-0.14858524132847611,0.1825,False,Bittrex,Coinbase Pro
2260,01-14-2021_08-27-13,DASH/USD,25.0,133.84757633,133.666,0.033914758671523874,-0.14858524132847611,0.1825,False,Bittrex,Coinbase Pro
2261,01-14-2021_08-27-24,DASH/USD,25.0,133.84757633,133.665,0.03410153829567248,-0.14839846170432752,0.1825,False,Bittrex,Coinbase Pro
2262,01-14-2021_08-27-35,DASH/USD,25.0,133.86,133.647,0.03978036754818883,-0.11021963245181116,0.15,False,Binance US,Coinbase Pro
2263,01-14-2021_08-27-47,DASH/USD,25.0,133.832,133.666,0.031009026241854865,-0.15399097375814513,0.185,False,Kraken,Coinbase Pro
2264,01-14-2021_08-27-58,DASH/USD,25.0,133.89,133.35600852,0.09970712525207212,0.007207125252072122,0.0925,False,Binance US,Bittrex
2265,01-14-2021_08-28-09,DASH/USD,25.0,133.832,133.35600852,0.08891585719409496,-0.03858414280590504,0.1275,False,Kraken,Bittrex
2266,01-14-2021_08-28-19,DASH/USD,25.0,133.809,133.35600852,0.08463397080914,-0.04286602919086001,0.1275,False,Kraken,Bittrex
2267,01-14-2021_08-28-30,DASH/USD,25.0,133.786,133.35600852,0.08035061217167948,-0.047149387828320524,0.1275,False,Kraken,Bittrex
2268,01-14-2021_08-28-41,DASH/USD,25.0,133.78,133.35600852,0.07923297204365604,-0.048267027956343966,0.1275,False,Kraken,Bittrex
2269,01-14-2021_08-29-03,DASH/USD,25.0,133.84,133.35600852,0.0904048640167391,-0.0020951359832609012,0.0925,False,Binance US,Bittrex
2270,01-14-2021_08-29-14,DASH/USD,25.0,133.832,133.35600852,0.08891585719409496,-0.03858414280590504,0.1275,False,Kraken,Bittrex
2271,01-14-2021_08-29-23,DASH/USD,25.0,133.89,133.35600852,0.09970712525207212,0.007207125252072122,0.0925,False,Binance US,Bittrex
2272,01-14-2021_08-29-34,DASH/USD,25.0,133.831,133.35600852,0.08872971882448759,-0.038770281175512414,0.1275,False,Kraken,Bittrex
2273,01-14-2021_08-29-44,DASH/USD,25.0,133.807,133.35600852,0.0842615632963894,-0.043238436703610605,0.1275,False,Kraken,Bittrex
2274,01-14-2021_08-29-55,DASH/USD,25.0,133.785,133.35600852,0.08016434577867616,-0.04733565422132384,0.1275,False,Kraken,Bittrex
2275,01-14-2021_08-30-18,DASH/USD,25.0,133.87,133.35600852,0.09598705460521693,0.0034870546052169354,0.0925,False,Binance US,Bittrex
2276,01-14-2021_08-30-28,DASH/USD,25.0,134.11309803,133.832,0.052399436395304644,-0.07510056360469536,0.1275,False,Bittrex,Kraken
2277,01-14-2021_08-30-38,DASH/USD,25.0,134.11309793,133.832,0.052399417793393674,-0.07510058220660633,0.1275,False,Bittrex,Kraken
2278,01-14-2021_08-30-49,DASH/USD,25.0,134.11309776,133.832,0.05239938617013913,-0.07510061382986087,0.1275,False,Bittrex,Kraken
2279,01-14-2021_08-30-59,DASH/USD,25.0,133.99145279,133.8,0.03572108257906134,-0.14677891742093865,0.1825,False,Bittrex,Coinbase Pro
2280,01-14-2021_08-31-09,DASH/USD,25.0,133.99145275,133.865,0.023593435888021326,-0.15890656411197868,0.1825,False,Bittrex,Coinbase Pro
2281,01-14-2021_08-31-20,DASH/USD,25.0,133.99145268,133.829,0.030310269190821575,-0.15218973080917841,0.1825,False,Bittrex,Coinbase Pro
2282,01-14-2021_08-31-31,DASH/USD,25.0,133.99145259,133.807,0.034414991858550174,-0.14808500814144981,0.1825,False,Bittrex,Coinbase Pro
2283,01-14-2021_08-31-42,DASH/USD,25.0,133.99145251,133.793,0.037027083870363034,-0.14547291612963698,0.1825,False,Bittrex,Coinbase Pro
2284,01-14-2021_08-32-04,DASH/USD,25.0,133.87440421,133.654,0.041158765803779876,-0.14134123419622013,0.1825,False,Bittrex,Coinbase Pro
2285,01-14-2021_08-32-15,DASH/USD,25.0,133.87440412,133.771,0.019309912279298392,-0.1631900877207016,0.1825,False,Bittrex,Coinbase Pro
2286,01-14-2021_08-32-25,DASH/USD,25.0,133.87440404,133.727,0.027526553910177512,-0.1549734460898225,0.1825,False,Bittrex,Coinbase Pro
2287,01-14-2021_08-32-36,DASH/USD,25.0,133.904,133.776,0.02389771776795053,-0.16110228223204948,0.185,False,Kraken,Coinbase Pro
2288,01-14-2021_08-32-46,DASH/USD,25.0,133.895,133.808,0.016244071847346334,-0.16875592815265367,0.185,False,Kraken,Coinbase Pro
2289,01-14-2021_08-32-57,DASH/USD,25.0,133.886,133.729,0.029315985241172016,-0.15568401475882798,0.185,False,Kraken,Coinbase Pro
2290,01-14-2021_08-33-07,DASH/USD,25.0,133.879,133.726,0.02857057492212961,-0.1564294250778704,0.185,False,Kraken,Coinbase Pro
2291,01-14-2021_08-33-17,DASH/USD,25.0,133.879,133.714,0.03081140432778704,-0.15418859567221296,0.185,False,Kraken,Coinbase Pro
2292,01-14-2021_08-33-28,DASH/USD,25.0,133.87440353,133.731,0.026779489995610906,-0.15572051000438908,0.1825,False,Bittrex,Coinbase Pro
2293,01-14-2021_08-33-38,DASH/USD,25.0,133.883,133.75,0.02483511722922435,-0.16016488277077565,0.185,False,Kraken,Coinbase Pro
2294,01-14-2021_08-33-48,DASH/USD,25.0,133.87440336,133.74,0.02509877852425807,-0.15740122147574193,0.1825,False,Bittrex,Coinbase Pro
2295,01-14-2021_08-33-58,DASH/USD,25.0,133.87440327,133.77,0.019496495866617492,-0.1630035041333825,0.1825,False,Bittrex,Coinbase Pro
2296,01-14-2021_08-34-09,DASH/USD,25.0,133.8744032,133.765,0.02043019378330321,-0.16206980621669678,0.1825,False,Bittrex,Coinbase Pro
2297,01-14-2021_08-34-20,DASH/USD,25.0,133.87440311,133.709,0.030887739955802768,-0.15161226004419723,0.1825,False,Bittrex,Coinbase Pro
2298,01-14-2021_08-34-31,DASH/USD,25.0,133.87440302,133.705,0.03163469195352231,-0.1508653080464777,0.1825,False,Bittrex,Coinbase Pro
2299,01-14-2021_08-34-42,DASH/USD,25.0,133.827,133.613,0.03997698521225138,-0.14502301478774862,0.185,False,Kraken,Coinbase Pro
2300,01-14-2021_08-34-53,DASH/USD,25.0,133.819,133.586,0.04352894581486479,-0.1414710541851352,0.185,False,Kraken,Coinbase Pro
2301,01-14-2021_08-35-03,DASH/USD,25.0,133.77585398,133.577,0.037161784822118384,-0.14533821517788162,0.1825,False,Bittrex,Coinbase Pro
2302,01-14-2021_08-35-13,DASH/USD,25.0,133.7758539,133.59,0.03473233296251524,-0.14776766703748476,0.1825,False,Bittrex,Coinbase Pro
2303,01-14-2021_08-35-25,DASH/USD,25.0,133.797,133.73,0.012518965298176955,-0.10767103470182304,0.12018999999999999,False,Coinbase Pro,Binance US
2304,01-14-2021_08-35-35,DASH/USD,25.0,133.97557832,133.794,0.03388272741139078,-0.1486172725886092,0.1825,False,Bittrex,Coinbase Pro
2305,01-14-2021_08-35-45,DASH/USD,25.0,133.97557824,133.836,0.026045463254122925,-0.15645453674587706,0.1825,False,Bittrex,Coinbase Pro
2306,01-14-2021_08-35-56,DASH/USD,25.0,133.97557814,133.848,0.02380623054051728,-0.15869376945948271,0.1825,False,Bittrex,Coinbase Pro
2307,01-14-2021_08-36-07,DASH/USD,25.0,133.93474083,133.88,0.010217817584291937,-0.17228218241570806,0.1825,False,Bittrex,Coinbase Pro
2308,01-14-2021_08-36-17,DASH/USD,25.0,133.93474079,133.829,0.01973737160655588,-0.16276262839344413,0.1825,False,Bittrex,Coinbase Pro
2309,01-14-2021_08-36-27,DASH/USD,25.0,133.9347407,133.891,0.008164554575495727,-0.17433544542450427,0.1825,False,Bittrex,Coinbase Pro
2310,01-14-2021_08-36-37,DASH/USD,25.0,134.02461664,133.9,0.02324510286321668,-0.03944489713678331,0.06269,False,Bittrex,Binance US
2311,01-14-2021_08-36-46,DASH/USD,25.0,134.15793167,133.9,0.04806493115786512,-0.014625068842134874,0.06269,False,Bittrex,Binance US
2312,01-14-2021_08-36-55,DASH/USD,25.0,134.1579316,133.9,0.04806491813861683,-0.014625081861383164,0.06269,False,Bittrex,Binance US
2313,01-14-2021_08-37-05,DASH/USD,25.0,134.15793152,133.9,0.04806490325947439,-0.014625096740525603,0.06269,False,Bittrex,Binance US
2314,01-14-2021_08-37-15,DASH/USD,25.0,134.15793147,133.9,0.04806489396000904,-0.014625106039990954,0.06269,False,Bittrex,Binance US
2315,01-14-2021_08-37-24,DASH/USD,25.0,134.10409323,133.866,0.04438589909251043,-0.13811410090748957,0.1825,False,Bittrex,Coinbase Pro
2316,01-14-2021_08-37-33,DASH/USD,25.0,134.0763539,133.9,0.03288311004703958,-0.029806889952960415,0.06269,False,Bittrex,Binance US
2317,01-14-2021_08-37-43,DASH/USD,25.0,134.06758048,133.9,0.031249254928002044,-0.031440745071997955,0.06269,False,Bittrex,Binance US
2318,01-14-2021_08-37-52,DASH/USD,25.0,134.06758041,133.9,0.031249241891199903,-0.03144075810880009,0.06269,False,Bittrex,Binance US
2319,01-14-2021_08-38-02,DASH/USD,25.0,134.06758034,133.9,0.03124922885439775,-0.031440771145602245,0.06269,False,Bittrex,Binance US
2320,01-14-2021_08-38-12,DASH/USD,25.0,134.06758031,133.9,0.031249223267197576,-0.03144077673280242,0.06269,False,Bittrex,Binance US
2321,01-14-2021_08-38-23,DASH/USD,25.0,134.06758026,133.9,0.03124921395519376,-0.03144078604480624,0.06269,False,Bittrex,Binance US
2322,01-14-2021_08-38-33,DASH/USD,25.0,134.06758026,133.9,0.03124921395519376,-0.03144078604480624,0.06269,False,Bittrex,Binance US
2323,01-14-2021_08-38-44,DASH/USD,25.0,134.06564646,133.9,0.030889057781373436,-0.03180094221862656,0.06269,False,Bittrex,Binance US
2324,01-14-2021_08-38-54,DASH/USD,25.0,134.06564646,133.9,0.030889057781373436,-0.03180094221862656,0.06269,False,Bittrex,Binance US
2325,01-14-2021_08-39-05,DASH/USD,25.0,134.06564641,133.9,0.03088904846910097,-0.03180095153089903,0.06269,False,Bittrex,Binance US
2326,01-14-2021_08-39-15,DASH/USD,25.0,134.06564641,133.9,0.03088904846910097,-0.03180095153089903,0.06269,False,Bittrex,Binance US
2327,01-14-2021_08-39-24,DASH/USD,25.0,134.06564641,133.9,0.03088904846910097,-0.03180095153089903,0.06269,False,Bittrex,Binance US
2328,01-14-2021_08-39-35,DASH/USD,25.0,134.06564641,133.9,0.03088904846910097,-0.03180095153089903,0.06269,False,Bittrex,Binance US
2329,01-14-2021_08-39-45,DASH/USD,25.0,134.06564641,133.9,0.03088904846910097,-0.03180095153089903,0.06269,False,Bittrex,Binance US
2330,01-14-2021_08-39-55,DASH/USD,25.0,134.06564641,133.9,0.03088904846910097,-0.03180095153089903,0.06269,False,Bittrex,Binance US
2331,01-14-2021_08-40-06,DASH/USD,25.0,134.06564641,133.9,0.03088904846910097,-0.03180095153089903,0.06269,False,Bittrex,Binance US
2332,01-14-2021_08-40-15,DASH/USD,25.0,134.06564641,133.9,0.03088904846910097,-0.03180095153089903,0.06269,False,Bittrex,Binance US
2333,01-14-2021_08-40-24,DASH/USD,25.0,134.06564641,133.9,0.03088904846910097,-0.03180095153089903,0.06269,False,Bittrex,Binance US
2334,01-14-2021_08-40-34,DASH/USD,25.0,134.06415394,133.9,0.030611079691270828,-0.032078920308729164,0.06269,False,Bittrex,Binance US
2335,01-14-2021_08-40-44,DASH/USD,25.0,134.06415387,133.9,0.030611066653802265,-0.03207893334619773,0.06269,False,Bittrex,Binance US
2336,01-14-2021_08-40-55,DASH/USD,25.0,134.06415381,133.9,0.030611055478825415,-0.03207894452117458,0.06269,False,Bittrex,Binance US
2337,01-14-2021_08-41-05,DASH/USD,25.0,134.06415376,133.9,0.03061104616635088,-0.032078953833649115,0.06269,False,Bittrex,Binance US
2338,01-14-2021_08-41-15,DASH/USD,25.0,134.06415376,133.9,0.03061104616635088,-0.032078953833649115,0.06269,False,Bittrex,Binance US
2339,01-14-2021_08-41-25,DASH/USD,25.0,134.06415376,133.9,0.03061104616635088,-0.032078953833649115,0.06269,False,Bittrex,Binance US
2340,01-14-2021_08-41-34,DASH/USD,25.0,134.06415369,133.9,0.03061103312888228,-0.03207896687111772,0.06269,False,Bittrex,Binance US
2341,01-14-2021_08-41-43,DASH/USD,25.0,134.06415369,133.9,0.03061103312888228,-0.03207896687111772,0.06269,False,Bittrex,Binance US
2342,01-14-2021_08-41-54,DASH/USD,25.0,134.06415358,133.9,0.03061101264143084,-0.03207898735856916,0.06269,False,Bittrex,Binance US
2343,01-14-2021_08-42-04,DASH/USD,25.0,134.06415349,133.9,0.030610995878968143,-0.03207900412103185,0.06269,False,Bittrex,Binance US
2344,01-14-2021_08-42-14,DASH/USD,25.0,134.06415344,133.9,0.03061098656649356,-0.032079013433506436,0.06269,False,Bittrex,Binance US
2345,01-14-2021_08-42-24,DASH/USD,25.0,134.0641534,133.9,0.030610979116510714,-0.03207902088348928,0.06269,False,Bittrex,Binance US
2346,01-14-2021_08-42-33,DASH/USD,25.0,134.15410914,133.9,0.047353961356266565,-0.015336038643733431,0.06269,False,Bittrex,Binance US
2347,01-14-2021_08-42-43,DASH/USD,25.0,134.15410906,133.9,0.047353946476276214,-0.015336053523723782,0.06269,False,Bittrex,Binance US
2348,01-14-2021_08-42-53,DASH/USD,25.0,134.15410901,133.9,0.0473539371762862,-0.015336062823713796,0.06269,False,Bittrex,Binance US
2349,01-14-2021_08-43-04,DASH/USD,25.0,134.15410895,133.9,0.04735392601629077,-0.015336073983709224,0.06269,False,Bittrex,Binance US
2350,01-14-2021_08-43-13,DASH/USD,25.0,134.15410888,133.9,0.0473539129963005,-0.015336087003699497,0.06269,False,Bittrex,Binance US
2351,01-14-2021_08-43-22,DASH/USD,25.0,134.1541088,133.9,0.04735389811631009,-0.015336101883689904,0.06269,False,Bittrex,Binance US
2352,01-14-2021_08-43-32,DASH/USD,25.0,134.0820755,133.9,0.0339485161087017,-0.028741483891298297,0.06269,False,Bittrex,Binance US
2353,01-14-2021_08-43-42,DASH/USD,25.0,134.08207541,133.9,0.033948499350719766,-0.02874150064928023,0.06269,False,Bittrex,Binance US
2354,01-14-2021_08-43-52,DASH/USD,25.0,134.08207531,133.9,0.033948480730743934,-0.028741519269256062,0.06269,False,Bittrex,Binance US
2355,01-14-2021_08-44-01,DASH/USD,25.0,134.08207524,133.9,0.033948467696760305,-0.02874153230323969,0.06269,False,Bittrex,Binance US
2356,01-14-2021_08-44-10,DASH/USD,25.0,134.08207519,133.9,0.033948458386775016,-0.02874154161322498,0.06269,False,Bittrex,Binance US
2357,01-14-2021_08-44-20,DASH/USD,25.0,134.08207513,133.9,0.03394844721478525,-0.028741552785214744,0.06269,False,Bittrex,Binance US
2358,01-14-2021_08-44-31,DASH/USD,25.0,134.08207505,133.9,0.03394843231880241,-0.028741567681197587,0.06269,False,Bittrex,Binance US
2359,01-14-2021_08-44-40,DASH/USD,25.0,134.08207499,133.9,0.03394842114681791,-0.028741578853182084,0.06269,False,Bittrex,Binance US
2360,01-14-2021_08-44-50,DASH/USD,25.0,134.04257174,133.9,0.026590757352174994,-0.036099242647825006,0.06269,False,Bittrex,Binance US
2361,01-14-2021_08-44-59,DASH/USD,25.0,134.04257167,133.9,0.026590744310507765,-0.03609925568949223,0.06269,False,Bittrex,Binance US
2362,01-14-2021_08-45-09,DASH/USD,25.0,134.04257158,133.9,0.026590727542646853,-0.03609927245735314,0.06269,False,Bittrex,Binance US
2363,01-14-2021_08-45-18,DASH/USD,25.0,134.061,133.9,0.030023645952216033,-0.03516635404778397,0.06519,False,Kraken,Binance US
2364,01-14-2021_08-45-29,DASH/USD,25.0,133.906,133.773,0.024830851492840082,-0.1601691485071599,0.185,False,Kraken,Coinbase Pro
2365,01-14-2021_08-45-39,DASH/USD,25.0,133.894,133.784,0.02053863503966078,-0.16446136496033922,0.185,False,Kraken,Coinbase Pro
2366,01-14-2021_08-45-49,DASH/USD,25.0,133.927,133.73,0.03677376481217431,-0.14822623518782568,0.185,False,Kraken,Coinbase Pro
2367,01-14-2021_08-45-59,DASH/USD,25.0,133.91813936,133.679,0.044642824553651234,-0.13785717544634876,0.1825,False,Bittrex,Coinbase Pro
2368,01-14-2021_08-46-08,DASH/USD,25.0,133.869,133.641,0.042578939112118686,-0.1424210608878813,0.185,False,Kraken,Coinbase Pro
2369,01-14-2021_08-46-18,DASH/USD,25.0,133.863,133.711,0.028387231721981956,-0.15661276827801804,0.185,False,Kraken,Coinbase Pro
2370,01-14-2021_08-46-29,DASH/USD,25.0,133.863,133.701,0.030254812756326643,-0.15474518724367337,0.185,False,Kraken,Coinbase Pro
2371,01-14-2021_08-46-39,DASH/USD,25.0,133.857,133.696,0.030069402421987898,-0.15493059757801209,0.185,False,Kraken,Coinbase Pro
2372,01-14-2021_08-46-50,DASH/USD,25.0,133.847,133.699,0.02764350340313868,-0.15735649659686132,0.185,False,Kraken,Coinbase Pro
2373,01-14-2021_08-47-00,DASH/USD,25.0,133.89,133.742,0.02763462543879232,-0.12236537456120768,0.15,False,Binance US,Coinbase Pro
2374,01-14-2021_08-47-09,DASH/USD,25.0,133.85,133.704,0.027269331341050914,-0.12273066865894908,0.15,False,Binance US,Coinbase Pro
2375,01-14-2021_08-47-19,DASH/USD,25.0,133.823,133.753,0.013076974810014273,-0.17192302518998573,0.185,False,Kraken,Coinbase Pro
2376,01-14-2021_08-47-29,DASH/USD,25.0,133.815,133.707,0.020177110189441412,-0.1648228898105586,0.185,False,Kraken,Coinbase Pro
2377,01-14-2021_08-47-38,DASH/USD,25.0,133.87,133.78,0.016807350414581947,-0.13319264958541804,0.15,False,Binance US,Coinbase Pro
2378,01-14-2021_08-47-48,DASH/USD,25.0,133.89238037,133.783,0.02042318795471443,-0.16207681204528557,0.1825,False,Bittrex,Coinbase Pro
2379,01-14-2021_08-47-58,DASH/USD,25.0,133.8923803,133.783,0.020423174895193495,-0.1620768251048065,0.1825,False,Bittrex,Coinbase Pro
2380,01-14-2021_08-48-08,DASH/USD,25.0,133.87727493,133.7,0.033103999557187964,-0.14939600044281204,0.1825,False,Bittrex,Coinbase Pro
2381,01-14-2021_08-48-17,DASH/USD,25.0,133.87727484,133.783,0.017604712994176132,-0.16489528700582387,0.1825,False,Bittrex,Coinbase Pro
2382,01-14-2021_08-48-27,DASH/USD,25.0,133.89,133.745,0.027074464112327626,-0.12292553588767237,0.15,False,Binance US,Coinbase Pro
2383,01-14-2021_08-48-37,DASH/USD,25.0,133.87727469,133.738,0.026007903567372745,-0.15649209643262724,0.1825,False,Bittrex,Coinbase Pro
2384,01-14-2021_08-48-47,DASH/USD,25.0,133.87727462,133.757,0.022459864891445074,-0.16004013510855492,0.1825,False,Bittrex,Coinbase Pro
2385,01-14-2021_08-48-57,DASH/USD,25.0,133.87727455,133.783,0.017604658878235063,-0.16489534112176493,0.1825,False,Bittrex,Coinbase Pro
2386,01-14-2021_08-49-07,DASH/USD,25.0,133.87727455,133.783,0.017604658878235063,-0.16489534112176493,0.1825,False,Bittrex,Coinbase Pro
2387,01-14-2021_08-49-17,DASH/USD,25.0,133.87727455,133.783,0.017604658878235063,-0.16489534112176493,0.1825,False,Bittrex,Coinbase Pro
2388,01-14-2021_08-49-27,DASH/USD,25.0,133.87727455,133.783,0.017604658878235063,-0.16489534112176493,0.1825,False,Bittrex,Coinbase Pro
2389,01-14-2021_08-49-36,DASH/USD,25.0,133.87727448,133.783,0.01760464581576686,-0.16489535418423312,0.1825,False,Bittrex,Coinbase Pro
2390,01-14-2021_08-49-46,DASH/USD,25.0,133.87727447,133.783,0.017604643949698455,-0.16489535605030153,0.1825,False,Bittrex,Coinbase Pro
2391,01-14-2021_08-49-57,DASH/USD,25.0,133.87727441,133.783,0.01760463275329864,-0.16489536724670134,0.1825,False,Bittrex,Coinbase Pro
2392,01-14-2021_08-50-07,DASH/USD,25.0,133.88,133.783,0.018113235733494253,-0.13188676426650575,0.15,False,Binance US,Coinbase Pro
2393,01-14-2021_08-50-16,DASH/USD,25.0,133.87727437,133.783,0.017604625289030326,-0.16489537471096966,0.1825,False,Bittrex,Coinbase Pro
2394,01-14-2021_08-50-25,DASH/USD,25.0,133.89,133.783,0.019979087310478625,-0.13002091268952137,0.15,False,Binance US,Coinbase Pro
2395,01-14-2021_08-50-36,DASH/USD,25.0,133.87727432,133.783,0.017604615958693597,-0.1648953840413064,0.1825,False,Bittrex,Coinbase Pro
2396,01-14-2021_08-50-45,DASH/USD,25.0,133.87727425,133.783,0.017604602896225348,-0.16489539710377465,0.1825,False,Bittrex,Coinbase Pro
2397,01-14-2021_08-50-56,DASH/USD,25.0,133.87727419,133.783,0.0176045916998255,-0.1648954083001745,0.1825,False,Bittrex,Coinbase Pro
2398,01-14-2021_08-51-06,DASH/USD,25.0,133.87456332,133.7,0.03259829867432435,-0.14990170132567565,0.1825,False,Bittrex,Coinbase Pro
2399,01-14-2021_08-51-15,DASH/USD,25.0,133.87456325,133.757,0.021953993190709672,-0.16054600680929032,0.1825,False,Bittrex,Coinbase Pro
2400,01-14-2021_08-51-24,DASH/USD,25.0,133.87456316,133.744,0.024381622041964375,-0.15811837795803563,0.1825,False,Bittrex,Coinbase Pro
2401,01-14-2021_08-51-34,DASH/USD,25.0,133.87456309,133.769,0.019713059666352926,-0.16278694033364707,0.1825,False,Bittrex,Coinbase Pro
2402,01-14-2021_08-51-43,DASH/USD,25.0,133.87456306,133.769,0.019713054068512113,-0.16278694593148788,0.1825,False,Bittrex,Coinbase Pro
2403,01-14-2021_08-51-53,DASH/USD,25.0,133.87456302,133.767,0.020086530550233354,-0.16241346944976665,0.1825,False,Bittrex,Coinbase Pro
2404,01-14-2021_08-52-03,DASH/USD,25.0,133.87456302,133.767,0.020086530550233354,-0.16241346944976665,0.1825,False,Bittrex,Coinbase Pro
2405,01-14-2021_08-52-12,DASH/USD,25.0,133.87456302,133.753,0.022700918168798073,-0.15979908183120192,0.1825,False,Bittrex,Coinbase Pro
2406,01-14-2021_08-52-22,DASH/USD,25.0,133.87456302,133.767,0.020086530550233354,-0.16241346944976665,0.1825,False,Bittrex,Coinbase Pro
2407,01-14-2021_08-52-32,DASH/USD,25.0,133.87456302,133.781,0.017472142931668638,-0.16502785706833137,0.1825,False,Bittrex,Coinbase Pro
2408,01-14-2021_08-52-43,DASH/USD,25.0,133.874563,133.783,0.017098655253875196,-0.1654013447461248,0.1825,False,Bittrex,Coinbase Pro
2409,01-14-2021_08-52-52,DASH/USD,25.0,133.87456291,133.782,0.017285380431498666,-0.16521461956850134,0.1825,False,Bittrex,Coinbase Pro
2410,01-14-2021_08-53-03,DASH/USD,25.0,133.87456286,133.783,0.017098629127880474,-0.16540137087211954,0.1825,False,Bittrex,Coinbase Pro
2411,01-14-2021_08-53-12,DASH/USD,25.0,133.8745628,133.783,0.017098617931027092,-0.1654013820689729,0.1825,False,Bittrex,Coinbase Pro
2412,01-14-2021_08-53-22,DASH/USD,25.0,133.88,133.816,0.011951000896323751,-0.13804899910367624,0.15,False,Binance US,Coinbase Pro
2413,01-14-2021_08-53-32,DASH/USD,25.0,133.88,133.767,0.021100985957573863,-0.12889901404242612,0.15,False,Binance US,Coinbase Pro
2414,01-14-2021_08-53-42,DASH/USD,25.0,133.88,133.766,0.021287720346579834,-0.12871227965342016,0.15,False,Binance US,Coinbase Pro
2415,01-14-2021_08-53-53,DASH/USD,25.0,133.88,133.765,0.021474454735585805,-0.12852554526441418,0.15,False,Binance US,Coinbase Pro
2416,01-14-2021_08-54-02,DASH/USD,25.0,133.88,133.759,0.022594861069616324,-0.12740513893038366,0.15,False,Binance US,Coinbase Pro
2417,01-14-2021_08-54-12,DASH/USD,25.0,133.88,133.788,0.0171795637884644,-0.1328204362115356,0.15,False,Binance US,Coinbase Pro
2418,01-14-2021_08-54-21,DASH/USD,25.0,133.8745623,133.661,0.0398810454224743,-0.1426189545775257,0.1825,False,Bittrex,Coinbase Pro
2419,01-14-2021_08-54-31,DASH/USD,25.0,133.87456223,133.661,0.03988103237138928,-0.1426189676286107,0.1825,False,Bittrex,Coinbase Pro
2420,01-14-2021_08-54-41,DASH/USD,25.0,133.851,133.37100313,0.08965134179049987,-0.03784865820950013,0.1275,False,Kraken,Bittrex
2421,01-14-2021_08-54-51,DASH/USD,25.0,133.851,133.37100313,0.08965134179049987,-0.03784865820950013,0.1275,False,Kraken,Bittrex
2422,01-14-2021_08-55-01,DASH/USD,25.0,133.851,133.37100313,0.08965134179049987,-0.03784865820950013,0.1275,False,Kraken,Bittrex
2423,01-14-2021_08-55-11,DASH/USD,25.0,133.87456216,133.661,0.03988101932030424,-0.14261898067969575,0.1825,False,Bittrex,Coinbase Pro
2424,01-14-2021_08-55-21,DASH/USD,25.0,133.903,133.661,0.045181960075575275,-0.1398180399244247,0.185,False,Kraken,Coinbase Pro
2425,01-14-2021_08-55-31,DASH/USD,25.0,133.894,133.661,0.04350456331127685,-0.14149543668872316,0.185,False,Kraken,Coinbase Pro
2426,01-14-2021_08-55-42,DASH/USD,25.0,133.892,133.661,0.04313177785080411,-0.1418682221491959,0.185,False,Kraken,Coinbase Pro
2427,01-14-2021_08-55-53,DASH/USD,25.0,133.889,133.661,0.042572578777944535,-0.14242742122205546,0.185,False,Kraken,Coinbase Pro
2428,01-14-2021_08-56-05,DASH/USD,25.0,133.88,133.661,0.040894831192111236,-0.14410516880788876,0.185,False,Kraken,Coinbase Pro
2429,01-14-2021_08-56-14,DASH/USD,25.0,133.965,133.661,0.05673123577053746,-0.12826876422946254,0.185,False,Kraken,Coinbase Pro
2430,01-14-2021_08-56-25,DASH/USD,25.0,133.92,133.659,0.04872311827956909,-0.1362768817204309,0.185,False,Kraken,Coinbase Pro
2431,01-14-2021_08-56-35,DASH/USD,25.0,133.92,133.652,0.05002986857825581,-0.1349701314217442,0.185,False,Kraken,Coinbase Pro
2432,01-14-2021_08-56-46,DASH/USD,25.0,133.894,133.587,0.057321463247049224,-0.12767853675295077,0.185,False,Kraken,Coinbase Pro
2433,01-14-2021_08-56-56,DASH/USD,25.0,133.87,133.646,0.04183162769851684,-0.14316837230148316,0.185,False,Kraken,Coinbase Pro
2434,01-14-2021_08-57-06,DASH/USD,25.0,133.863,133.581,0.05266578516842045,-0.13233421483157953,0.185,False,Kraken,Coinbase Pro
2435,01-14-2021_08-57-16,DASH/USD,25.0,133.797,133.556,0.045030905027763225,-0.13996909497223678,0.185,False,Kraken,Coinbase Pro
2436,01-14-2021_08-57-27,DASH/USD,25.0,133.795,133.526,0.050263462760188546,-0.13473653723981144,0.185,False,Kraken,Coinbase Pro
2437,01-14-2021_08-57-38,DASH/USD,25.0,133.775,133.62,0.028966548308727552,-0.15603345169127245,0.185,False,Kraken,Coinbase Pro
2438,01-14-2021_08-57-48,DASH/USD,25.0,133.768,133.5,0.05008671730159692,-0.13491328269840308,0.185,False,Kraken,Coinbase Pro
2439,01-14-2021_08-57-58,DASH/USD,25.0,133.756,133.499,0.048035228326206866,-0.13696477167379312,0.185,False,Kraken,Coinbase Pro
2440,01-14-2021_08-58-09,DASH/USD,25.0,133.756,133.451,0.05700678848051804,-0.12799321151948195,0.185,False,Kraken,Coinbase Pro
2441,01-14-2021_08-58-19,DASH/USD,25.0,133.808,133.491,0.05922665311490697,-0.12577334688509303,0.185,False,Kraken,Coinbase Pro
2442,01-14-2021_08-58-30,DASH/USD,25.0,133.55,133.236,0.05877948333957719,-0.0912205166604228,0.15,False,Binance US,Coinbase Pro
2443,01-14-2021_08-58-40,DASH/USD,25.0,133.48,133.247,0.04363949655378628,-0.10636050344621371,0.15,False,Binance US,Coinbase Pro
2444,01-14-2021_08-58-50,DASH/USD,25.0,133.45,133.152,0.05582615211689806,-0.08417384788310192,0.13999999999999999,False,Binance US,Coinbase Pro
2445,01-14-2021_08-59-00,DASH/USD,25.0,133.45,133.205,0.045897339827646336,-0.09410266017235365,0.13999999999999999,False,Binance US,Coinbase Pro
2446,01-14-2021_08-59-10,DASH/USD,25.0,133.43569829,133.308,0.023925061216092523,-0.15857493878390747,0.1825,False,Bittrex,Coinbase Pro
2447,01-14-2021_08-59-20,DASH/USD,25.0,133.43569819,133.279,0.029358371134104375,-0.1531416288658956,0.1825,False,Bittrex,Coinbase Pro
2448,01-14-2021_08-59-32,DASH/USD,25.0,133.54,133.218,0.06028156357645701,-0.08971843642354299,0.15,False,Binance US,Coinbase Pro
2449,01-14-2021_08-59-42,DASH/USD,25.0,133.42,133.262,0.029605756258429594,-0.1203942437415704,0.15,False,Binance US,Coinbase Pro
2450,01-14-2021_08-59-54,DASH/USD,25.0,133.445,133.227,0.04084079583348745,-0.14415920416651254,0.185,False,Kraken,Coinbase Pro
2451,01-14-2021_09-00-05,DASH/USD,25.0,133.436,133.221,0.040281483257892055,-0.14471851674210795,0.185,False,Kraken,Coinbase Pro
2452,01-14-2021_09-00-15,DASH/USD,25.0,133.38,133.266,0.02136752136752218,-0.12863247863247781,0.15,False,Binance US,Coinbase Pro
2453,01-14-2021_09-00-26,DASH/USD,25.0,133.54,133.361,0.033510558634117504,-0.11648944136588249,0.15,False,Binance US,Coinbase Pro
2454,01-14-2021_09-00-36,DASH/USD,25.0,133.45,133.254,0.03671787186212026,-0.10328212813787972,0.13999999999999999,False,Binance US,Coinbase Pro
2455,01-14-2021_09-00-46,DASH/USD,25.0,133.389,133.297,0.017242801130530432,-0.16775719886946958,0.185,False,Kraken,Coinbase Pro
2456,01-14-2021_09-00-57,DASH/USD,25.0,133.6,133.351,0.04659431137724462,-0.10340568862275537,0.15,False,Binance US,Coinbase Pro
2457,01-14-2021_09-01-08,DASH/USD,25.0,133.58,133.306,0.0512801317562511,-0.0987198682437489,0.15,False,Binance US,Coinbase Pro
2458,01-14-2021_09-01-18,DASH/USD,25.0,133.60225468,133.445,0.02942590309883723,-0.09807409690116277,0.1275,False,Bittrex,Kraken
2459,01-14-2021_09-01-29,DASH/USD,25.0,133.59757184,133.445,0.028550638664064088,-0.09894936133593592,0.1275,False,Bittrex,Kraken
2460,01-14-2021_09-01-39,DASH/USD,25.0,133.59757177,133.438,0.02986052962750149,-0.1626394703724985,0.1925,False,Bittrex,Coinbase Pro
2461,01-14-2021_09-01-51,DASH/USD,25.0,133.59757167,133.445,0.028550606888440043,-0.09894939311155995,0.1275,False,Bittrex,Kraken
2462,01-14-2021_09-02-03,DASH/USD,25.0,133.71152891,133.445,0.049832821480076596,-0.07766717851992341,0.1275,False,Bittrex,Kraken
2463,01-14-2021_09-02-12,DASH/USD,25.0,133.71152881,133.501,0.03936250147493912,-0.14313749852506089,0.1825,False,Bittrex,Coinbase Pro
2464,01-14-2021_09-02-23,DASH/USD,25.0,133.634,133.501,0.02488139245999921,-0.1601186075400008,0.185,False,Kraken,Coinbase Pro
2465,01-14-2021_09-02-34,DASH/USD,25.0,133.624,133.502,0.02282524097467253,-0.16217475902532746,0.185,False,Kraken,Coinbase Pro
2466,01-14-2021_09-02-45,DASH/USD,25.0,133.651,133.502,0.027871097111132895,-0.1571289028888671,0.185,False,Kraken,Coinbase Pro
2467,01-14-2021_09-02-57,DASH/USD,25.0,133.651,133.486,0.030863966599580336,-0.15413603340041965,0.185,False,Kraken,Coinbase Pro
2468,01-14-2021_09-03-09,DASH/USD,25.0,133.651,133.486,0.030863966599580336,-0.15413603340041965,0.185,False,Kraken,Coinbase Pro
2469,01-14-2021_09-03-21,DASH/USD,25.0,133.651,133.483,0.031425129628660904,-0.1535748703713391,0.185,False,Kraken,Coinbase Pro
2470,01-14-2021_09-03-32,DASH/USD,25.0,133.637,133.375,0.049013372045167224,-0.13598662795483277,0.185,False,Kraken,Coinbase Pro
2471,01-14-2021_09-03-44,DASH/USD,25.0,133.54998223,133.359,0.03575107738896833,-0.14674892261103167,0.1825,False,Bittrex,Coinbase Pro
2472,01-14-2021_09-03-56,DASH/USD,25.0,133.54998223,133.313,0.04436208564818311,-0.13813791435181688,0.1825,False,Bittrex,Coinbase Pro
2473,01-14-2021_09-04-06,DASH/USD,25.0,133.54998223,133.341,0.03912060235996403,-0.14337939764003596,0.1825,False,Bittrex,Coinbase Pro
2474,01-14-2021_09-04-17,DASH/USD,25.0,133.54998223,133.311,0.04473647731162353,-0.13776352268837647,0.1825,False,Bittrex,Coinbase Pro
2475,01-14-2021_09-04-28,DASH/USD,25.0,133.54998223,133.275,0.05147552725361493,-0.13102447274638507,0.1825,False,Bittrex,Coinbase Pro
2476,01-14-2021_09-04-38,DASH/USD,25.0,133.54998223,133.282,0.05016515643156016,-0.13233484356843983,0.1825,False,Bittrex,Coinbase Pro
2477,01-14-2021_09-04-50,DASH/USD,25.0,133.43427807,133.255,0.03358920822166093,-0.14891079177833907,0.1825,False,Bittrex,Coinbase Pro
2478,01-14-2021_09-05-02,DASH/USD,25.0,133.43427796,133.307,0.023846563631529785,-0.1586534363684702,0.1825,False,Bittrex,Coinbase Pro
2479,01-14-2021_09-05-13,DASH/USD,25.0,133.43427788,133.247,0.03508803790439903,-0.14741196209560098,0.1825,False,Bittrex,Coinbase Pro
2480,01-14-2021_09-05-24,DASH/USD,25.0,133.43427778,133.242,0.03602480996618992,-0.14647519003381007,0.1825,False,Bittrex,Coinbase Pro
2481,01-14-2021_09-05-35,DASH/USD,25.0,133.43427775,133.242,0.03602480435354561,-0.1464751956464544,0.1825,False,Bittrex,Coinbase Pro
2482,01-14-2021_09-05-45,DASH/USD,25.0,133.39,133.252,0.025864007796682065,-0.12413599220331793,0.15,False,Binance US,Coinbase Pro
2483,01-14-2021_09-05-56,DASH/USD,25.0,133.43600502,133.241,0.036535307687525595,-0.1459646923124744,0.1825,False,Bittrex,Coinbase Pro
2484,01-14-2021_09-06-07,DASH/USD,25.0,133.43600494,133.263,0.03241346667973737,-0.15008653332026262,0.1825,False,Bittrex,Coinbase Pro
2485,01-14-2021_09-06-19,DASH/USD,25.0,133.38465331,133.148,0.044355423230362394,-0.1381445767696376,0.1825,False,Bittrex,Coinbase Pro
2486,01-14-2021_09-06-30,DASH/USD,25.0,133.38465325,133.151,0.04379312842723967,-0.13870687157276032,0.1825,False,Bittrex,Coinbase Pro
2487,01-14-2021_09-06-41,DASH/USD,25.0,133.31,133.028,0.05288425474458231,-0.09711574525541769,0.15,False,Binance US,Coinbase Pro
2488,01-14-2021_09-06-51,DASH/USD,25.0,133.31,133.067,0.04557047483309486,-0.10442952516690514,0.15,False,Binance US,Coinbase Pro
2489,01-14-2021_09-07-03,DASH/USD,25.0,133.31,133.071,0.044820343560123835,-0.10517965643987616,0.15,False,Binance US,Coinbase Pro
2490,01-14-2021_09-07-13,DASH/USD,25.0,133.31,132.946,0.0682619458405229,-0.08173805415947709,0.15,False,Binance US,Coinbase Pro
2491,01-14-2021_09-07-24,DASH/USD,25.0,133.31,132.85,0.08626509639187008,-0.06373490360812992,0.15,False,Binance US,Coinbase Pro
2492,01-14-2021_09-07-35,DASH/USD,25.0,133.147,132.85,0.05576543219148705,-0.12923456780851295,0.185,False,Kraken,Coinbase Pro
2493,01-14-2021_09-07-46,DASH/USD,25.0,133.14,132.85,0.05445395823944571,-0.09554604176055428,0.15,False,Binance US,Coinbase Pro
2494,01-14-2021_09-07-58,DASH/USD,25.0,133.14,132.85,0.05445395823944571,-0.09554604176055428,0.15,False,Binance US,Coinbase Pro
2495,01-14-2021_09-08-09,DASH/USD,25.0,133.14,132.839,0.056519453207148074,-0.09348054679285192,0.15,False,Binance US,Coinbase Pro
2496,01-14-2021_09-08-21,DASH/USD,25.0,133.14,132.849,0.054641730509237804,-0.09535826949076219,0.15,False,Binance US,Coinbase Pro
2497,01-14-2021_09-08-31,DASH/USD,25.0,133.14,132.83,0.05820940363526624,-0.09179059636473375,0.15,False,Binance US,Coinbase Pro
2498,01-14-2021_09-08-42,DASH/USD,25.0,133.14,132.714,0.07999098693104773,-0.07000901306895227,0.15,False,Binance US,Coinbase Pro
2499,01-14-2021_09-08-52,DASH/USD,25.0,133.14,132.652,0.09163286765810418,-0.05836713234189582,0.15,False,Binance US,Coinbase Pro
2500,01-14-2021_09-09-04,DASH/USD,25.0,133.12,132.633,0.09145883413461439,-0.048541165865385594,0.13999999999999999,False,Binance US,Coinbase Pro
2501,01-14-2021_09-09-16,DASH/USD,25.0,133.12,132.639,0.09033203124999897,-0.04966796875000101,0.13999999999999999,False,Binance US,Coinbase Pro
2502,01-14-2021_09-09-39,DASH/USD,25.0,133.12,132.691,0.08056640625000037,-0.05943359374999961,0.13999999999999999,False,Binance US,Coinbase Pro
2503,01-14-2021_09-09-49,DASH/USD,25.0,133.12,132.691,0.08056640625000037,-0.05943359374999961,0.13999999999999999,False,Binance US,Coinbase Pro
2504,01-14-2021_09-10-00,DASH/USD,25.0,133.12,132.576,0.10216346153846362,-0.03783653846153637,0.13999999999999999,False,Binance US,Coinbase Pro
2505,01-14-2021_09-10-10,DASH/USD,25.0,133.1,132.729,0.06968444778361775,-0.08031555221638224,0.15,False,Binance US,Coinbase Pro
2506,01-14-2021_09-10-20,DASH/USD,25.0,133.1,132.729,0.06968444778361775,-0.08031555221638224,0.15,False,Binance US,Coinbase Pro
2507,01-14-2021_09-10-31,DASH/USD,25.0,133.1,132.769,0.062171299774603464,-0.08782870022539653,0.15,False,Binance US,Coinbase Pro
2508,01-14-2021_09-10-42,DASH/USD,25.0,133.1,132.796,0.057099924868520294,-0.0929000751314797,0.15,False,Binance US,Coinbase Pro
2509,01-14-2021_09-10-53,DASH/USD,25.0,133.1,132.784,0.059353869271225115,-0.09064613072877488,0.15,False,Binance US,Coinbase Pro
2510,01-14-2021_09-11-04,DASH/USD,25.0,133.05,132.683,0.06895903795565926,-0.08104096204434073,0.15,False,Binance US,Coinbase Pro
2511,01-14-2021_09-11-14,DASH/USD,25.0,132.91,132.673,0.04457903844706846,-0.10542096155293154,0.15,False,Binance US,Coinbase Pro
2512,01-14-2021_09-11-25,DASH/USD,25.0,132.87,132.604,0.05004891999698787,-0.09995108000301212,0.15,False,Binance US,Coinbase Pro
2513,01-14-2021_09-11-35,DASH/USD,25.0,132.799,132.618,0.034074051762440154,-0.15092594823755984,0.185,False,Kraken,Coinbase Pro
2514,01-14-2021_09-11-45,DASH/USD,25.0,132.87,132.795,0.014111537593139357,-0.17088846240686065,0.185,False,Kraken,Coinbase Pro
2515,01-14-2021_09-11-56,DASH/USD,25.0,132.87,132.68,0.03574922856927781,-0.14925077143072218,0.185,False,Kraken,Coinbase Pro
2516,01-14-2021_09-12-06,DASH/USD,25.0,132.83,132.68,0.028231574192578046,-0.12176842580742195,0.15,False,Binance US,Coinbase Pro
2517,01-14-2021_09-12-17,DASH/USD,25.0,132.83,132.68,0.028231574192578046,-0.12176842580742195,0.15,False,Binance US,Coinbase Pro
2518,01-14-2021_09-12-29,DASH/USD,25.0,132.83,132.667,0.03067831062260237,-0.11932168937739762,0.15,False,Binance US,Coinbase Pro
2519,01-14-2021_09-12-40,DASH/USD,25.0,133.29,132.829,0.0864656013204262,0.0014656013204261964,0.085,False,Binance US,Kraken
2520,01-14-2021_09-12-51,DASH/USD,25.0,132.92509356,132.718,0.03894929739254346,-0.14355070260745653,0.1825,False,Bittrex,Coinbase Pro
2521,01-14-2021_09-13-03,DASH/USD,25.0,132.77,132.572,0.03728251864126073,-0.10271748135873926,0.13999999999999999,False,Binance US,Coinbase Pro
2522,01-14-2021_09-13-13,DASH/USD,25.0,132.82263964,132.644,0.03362371815606542,-0.1488762818439346,0.1825,False,Bittrex,Coinbase Pro
2523,01-14-2021_09-13-24,DASH/USD,25.0,132.73,132.568,0.030513071649208495,-0.1194869283507915,0.15,False,Binance US,Coinbase Pro
2524,01-14-2021_09-13-36,DASH/USD,25.0,132.758,132.603,0.02918844815378379,-0.1558115518462162,0.185,False,Kraken,Coinbase Pro
2525,01-14-2021_09-13-46,DASH/USD,25.0,132.742,132.567,0.03295867170902634,-0.15204132829097367,0.185,False,Kraken,Coinbase Pro
2526,01-14-2021_09-13-56,DASH/USD,25.0,132.91,132.707,0.03818373335339759,-0.11181626664660241,0.15,False,Binance US,Coinbase Pro
2527,01-14-2021_09-14-06,DASH/USD,25.0,132.83,132.645,0.0348189415041787,-0.1151810584958213,0.15,False,Binance US,Coinbase Pro
2528,01-14-2021_09-14-16,DASH/USD,25.0,132.77,132.593,0.03332831211870545,-0.10667168788129454,0.13999999999999999,False,Binance US,Coinbase Pro
2529,01-14-2021_09-14-25,DASH/USD,25.0,132.77,132.614,0.02937410559614482,-0.11062589440385517,0.13999999999999999,False,Binance US,Coinbase Pro
2530,01-14-2021_09-14-35,DASH/USD,25.0,132.76093855,132.502,0.04876030420319406,-0.13373969579680595,0.1825,False,Bittrex,Coinbase Pro
2531,01-14-2021_09-14-46,DASH/USD,25.0,132.73,132.504,0.04256761847359284,-0.10743238152640716,0.15,False,Binance US,Coinbase Pro
2532,01-14-2021_09-14-57,DASH/USD,25.0,132.66073084,132.458,0.038204757111681684,-0.1542952428883183,0.1925,False,Bittrex,Coinbase Pro
2533,01-14-2021_09-15-07,DASH/USD,25.0,132.61,132.442,0.03167181962144754,-0.11832818037855244,0.15,False,Binance US,Coinbase Pro
2534,01-14-2021_09-15-17,DASH/USD,25.0,132.57,132.406,0.030927057403633416,-0.11907294259636658,0.15,False,Binance US,Coinbase Pro
2535,01-14-2021_09-15-27,DASH/USD,25.0,132.55231863,132.48,0.01363963881346333,-0.16886036118653666,0.1825,False,Bittrex,Coinbase Pro
2536,01-14-2021_09-15-37,DASH/USD,25.0,132.63,132.522,0.02035738520696752,-0.07464261479303248,0.095,False,Binance US,Kraken
2537,01-14-2021_09-15-47,DASH/USD,25.0,132.75,132.626,0.02335216572504618,-0.12664783427495382,0.15,False,Binance US,Coinbase Pro
2538,01-14-2021_09-15-58,DASH/USD,25.0,132.74670448,132.561,0.03497346332013407,-0.14752653667986593,0.1825,False,Bittrex,Coinbase Pro
2539,01-14-2021_09-16-08,DASH/USD,25.0,132.74670435,132.569,0.0334668101310191,-0.1490331898689809,0.1825,False,Bittrex,Coinbase Pro
2540,01-14-2021_09-16-19,DASH/USD,25.0,132.65606759,132.54,0.02187378084331772,-0.16062621915668227,0.1825,False,Bittrex,Coinbase Pro
2541,01-14-2021_09-16-30,DASH/USD,25.0,132.72,132.577,0.02693640747438229,-0.1230635925256177,0.15,False,Binance US,Coinbase Pro
2542,01-14-2021_09-16-39,DASH/USD,25.0,132.65606745,132.571,0.016031579187295746,-0.16646842081270424,0.1825,False,Bittrex,Coinbase Pro
2543,01-14-2021_09-16-49,DASH/USD,25.0,132.65606737,132.502,0.029035115591482693,-0.1534648844085173,0.1825,False,Bittrex,Coinbase Pro
2544,01-14-2021_09-17-01,DASH/USD,25.0,132.7,132.521,0.03372268274302978,-0.11627731725697021,0.15,False,Binance US,Coinbase Pro
2545,01-14-2021_09-17-11,DASH/USD,25.0,132.66,132.513,0.02770239710538055,-0.12229760289461944,0.15,False,Binance US,Coinbase Pro
2546,01-14-2021_09-17-21,DASH/USD,25.0,132.65606709,132.482,0.03280420824663431,-0.14969579175336567,0.1825,False,Bittrex,Coinbase Pro
2547,01-14-2021_09-17-31,DASH/USD,25.0,132.61239388,132.443,0.03193402121850023,-0.15056597878149977,0.1825,False,Bittrex,Coinbase Pro
2548,01-14-2021_09-17-40,DASH/USD,25.0,132.61239388,132.449,0.030802905222391003,-0.15169709477760898,0.1825,False,Bittrex,Coinbase Pro
2549,01-14-2021_09-17-50,DASH/USD,25.0,132.61239388,132.438,0.032876617881929054,-0.14962338211807094,0.1825,False,Bittrex,Coinbase Pro
2550,01-14-2021_09-18-00,DASH/USD,25.0,132.61239381,132.402,0.03966330068316248,-0.1428366993168375,0.1825,False,Bittrex,Coinbase Pro
2551,01-14-2021_09-18-11,DASH/USD,25.0,132.61239371,132.45,0.030614353880665555,-0.15188564611933444,0.1825,False,Bittrex,Coinbase Pro
2552,01-14-2021_09-18-22,DASH/USD,25.0,132.50581129,132.311,0.03675523512958031,-0.14574476487041968,0.1825,False,Bittrex,Coinbase Pro
2553,01-14-2021_09-18-31,DASH/USD,25.0,132.5058112,132.208,0.05618832813877606,-0.12631167186122394,0.1825,False,Bittrex,Coinbase Pro
2554,01-14-2021_09-18-42,DASH/USD,25.0,132.36689423,132.17,0.03718721194324921,-0.1453127880567508,0.1825,False,Bittrex,Coinbase Pro
2555,01-14-2021_09-18-53,DASH/USD,25.0,132.29,132.001,0.05461486128958865,-0.09538513871041135,0.15,False,Binance US,Coinbase Pro
2556,01-14-2021_09-19-04,DASH/USD,25.0,132.14,131.8,0.06432571515059313,-0.08567428484940687,0.15,False,Binance US,Coinbase Pro
2557,01-14-2021_09-19-15,DASH/USD,25.0,132.08,131.799,0.05318746214415617,-0.08681253785584381,0.13999999999999999,False,Binance US,Coinbase Pro
2558,01-14-2021_09-19-26,DASH/USD,25.0,132.02,131.701,0.060407514013031516,-0.08959248598696848,0.15,False,Binance US,Coinbase Pro
2559,01-14-2021_09-19-37,DASH/USD,25.0,131.96,131.8,0.03031221582297601,-0.10968778417702398,0.13999999999999999,False,Binance US,Coinbase Pro
2560,01-14-2021_09-19-48,DASH/USD,25.0,131.96,131.12,0.1591391330706281,0.019139133070628117,0.13999999999999999,True,Binance US,Coinbase Pro
2561,01-14-2021_09-19-58,DASH/USD,25.0,131.52,130.799,0.13705139902676466,0.04205139902676466,0.095,True,Binance US,Kraken
2562,01-14-2021_09-20-09,DASH/USD,25.0,131.45,130.799,0.12381133510840284,0.028811335108402836,0.095,True,Binance US,Kraken
2563,01-14-2021_09-20-31,DASH/USD,25.0,131.33,130.954,0.07157542069595765,-0.07842457930404234,0.15,False,Binance US,Coinbase Pro
2564,01-14-2021_09-20-53,DASH/USD,25.0,131.23,130.846,0.07315400441971846,-0.07684599558028153,0.15,False,Binance US,Coinbase Pro
2565,01-14-2021_09-21-06,DASH/USD,25.0,131.15,130.919,0.04403354937094825,-0.10596645062905174,0.15,False,Binance US,Coinbase Pro
2566,01-14-2021_09-21-16,DASH/USD,25.0,131.13,130.989,0.026881720430105838,-0.12311827956989416,0.15,False,Binance US,Coinbase Pro
2567,01-14-2021_09-21-26,DASH/USD,25.0,131.11,130.968,0.027076500648315217,-0.12292349935168478,0.15,False,Binance US,Coinbase Pro
2568,01-14-2021_09-21-36,DASH/USD,25.0,131.11,130.986,0.023644268171768675,-0.12635573182823132,0.15,False,Binance US,Coinbase Pro
2569,01-14-2021_09-21-48,DASH/USD,25.0,131.61,131.13,0.09117848187828016,-0.04882151812171982,0.13999999999999999,False,Binance US,Coinbase Pro
2570,01-14-2021_09-21-59,DASH/USD,25.0,131.32,131.163,0.029888821200118463,-0.11011117879988153,0.13999999999999999,False,Binance US,Coinbase Pro
2571,01-14-2021_09-22-10,DASH/USD,25.0,131.3,131.136,0.03122619954303421,-0.10877380045696577,0.13999999999999999,False,Binance US,Coinbase Pro
2572,01-14-2021_09-22-20,DASH/USD,25.0,131.28,131.075,0.03903869591712609,-0.11096130408287391,0.15,False,Binance US,Coinbase Pro
2573,01-14-2021_09-22-31,DASH/USD,25.0,131.18,130.94,0.04573867967678173,-0.10426132032321826,0.15,False,Binance US,Coinbase Pro
2574,01-14-2021_09-22-41,DASH/USD,25.0,131.1618011,130.937,0.04284805067379851,-0.13965194932620148,0.1825,False,Bittrex,Coinbase Pro
2575,01-14-2021_09-22-52,DASH/USD,25.0,131.161801,130.906,0.04875676417404315,-0.13374323582595685,0.1825,False,Bittrex,Coinbase Pro
2576,01-14-2021_09-23-02,DASH/USD,25.0,131.16180095,130.921,0.04589769053487937,-0.14660230946512065,0.1925,False,Bittrex,Coinbase Pro
2577,01-14-2021_09-23-13,DASH/USD,25.0,131.08,130.818,0.04996948428440655,-0.10003051571559345,0.15,False,Binance US,Coinbase Pro
2578,01-14-2021_09-23-24,DASH/USD,25.0,131.02,130.834,0.035490764768738935,-0.11450923523126105,0.15,False,Binance US,Coinbase Pro
2579,01-14-2021_09-23-35,DASH/USD,25.0,130.96,130.798,0.03092547342700178,-0.10907452657299821,0.13999999999999999,False,Binance US,Coinbase Pro
2580,01-14-2021_09-23-46,DASH/USD,25.0,130.94,130.774,0.031693905605620284,-0.11830609439437971,0.15,False,Binance US,Coinbase Pro
2581,01-14-2021_09-23-57,DASH/USD,25.0,130.94,130.735,0.03914006415151674,-0.11085993584848325,0.15,False,Binance US,Coinbase Pro
2582,01-14-2021_09-24-07,DASH/USD,25.0,130.94,130.758,0.034748739880859164,-0.11525126011914083,0.15,False,Binance US,Coinbase Pro
2583,01-14-2021_09-24-17,DASH/USD,25.0,130.94,130.701,0.04563158698640681,-0.10436841301359318,0.15,False,Binance US,Coinbase Pro
2584,01-14-2021_09-24-27,DASH/USD,25.0,130.94,130.691,0.047540858408430434,-0.10245914159156956,0.15,False,Binance US,Coinbase Pro
2585,01-14-2021_09-24-37,DASH/USD,25.0,130.94,130.714,0.04314953413777285,-0.10685046586222714,0.15,False,Binance US,Coinbase Pro
2586,01-14-2021_09-24-48,DASH/USD,25.0,130.89,130.714,0.03361601344640304,-0.11638398655359695,0.15,False,Binance US,Coinbase Pro
2587,01-14-2021_09-24-59,DASH/USD,25.0,130.85,130.7,0.028658769583493632,-0.11134123041650636,0.13999999999999999,False,Binance US,Coinbase Pro
2588,01-14-2021_09-25-09,DASH/USD,25.0,130.85,130.654,0.03744745892242987,-0.11255254107757012,0.15,False,Binance US,Coinbase Pro
2589,01-14-2021_09-25-19,DASH/USD,25.0,130.85,130.558,0.0557890714558658,-0.08421092854413419,0.13999999999999999,False,Binance US,Coinbase Pro
2590,01-14-2021_09-25-29,DASH/USD,25.0,130.85,130.574,0.05273213603362285,-0.08726786396637713,0.13999999999999999,False,Binance US,Coinbase Pro
2591,01-14-2021_09-25-39,DASH/USD,25.0,130.85,130.541,0.05903706534199417,-0.08096293465800582,0.13999999999999999,False,Binance US,Coinbase Pro
2592,01-14-2021_09-25-51,DASH/USD,25.0,130.85,130.561,0.05521589606419321,-0.08478410393580678,0.13999999999999999,False,Binance US,Coinbase Pro
2593,01-14-2021_09-26-01,DASH/USD,25.0,130.83,130.523,0.058663915004207055,-0.09133608499579293,0.15,False,Binance US,Coinbase Pro
2594,01-14-2021_09-26-12,DASH/USD,25.0,130.67,130.501,0.03233335884288336,-0.11766664115711664,0.15,False,Binance US,Coinbase Pro
2595,01-14-2021_09-26-23,DASH/USD,25.0,130.65,130.501,0.02851128970531973,-0.11148871029468026,0.13999999999999999,False,Binance US,Coinbase Pro
2596,01-14-2021_09-26-33,DASH/USD,25.0,130.65,130.501,0.02851128970531973,-0.11148871029468026,0.13999999999999999,False,Binance US,Coinbase Pro
2597,01-14-2021_09-26-43,DASH/USD,25.0,130.64019021,130.415,0.0430935934871971,-0.1394064065128029,0.1825,False,Bittrex,Coinbase Pro
2598,01-14-2021_09-26-54,DASH/USD,25.0,130.64019013,130.457,0.03505623533954628,-0.14744376466045372,0.1825,False,Bittrex,Coinbase Pro
2599,01-14-2021_09-27-05,DASH/USD,25.0,130.57,130.361,0.040016849199663626,-0.10998315080033637,0.15,False,Binance US,Coinbase Pro
2600,01-14-2021_09-27-16,DASH/USD,25.0,130.49,130.256,0.044831021534218876,-0.10516897846578112,0.15,False,Binance US,Coinbase Pro
2601,01-14-2021_09-27-27,DASH/USD,25.0,130.46829941,129.742,0.13917162507759476,-0.04332837492240524,0.1825,False,Bittrex,Coinbase Pro
2602,01-14-2021_09-27-36,DASH/USD,25.0,129.962,129.732,0.04424370200519956,-0.14075629799480044,0.185,False,Kraken,Coinbase Pro
2603,01-14-2021_09-27-46,DASH/USD,25.0,129.91,129.57,0.06542991301670453,-0.08457008698329546,0.15,False,Binance US,Coinbase Pro
2604,01-14-2021_09-27-56,DASH/USD,25.0,129.73,129.436,0.05665613196638841,-0.09334386803361158,0.15,False,Binance US,Coinbase Pro
2605,01-14-2021_09-28-09,DASH/USD,25.0,129.684,129.37,0.06053175410998908,-0.12446824589001092,0.185,False,Kraken,Coinbase Pro
2606,01-14-2021_09-28-21,DASH/USD,25.0,129.6,129.251,0.06732253086419551,-0.07267746913580447,0.13999999999999999,False,Binance US,Coinbase Pro
2607,01-14-2021_09-28-33,DASH/USD,25.0,129.6,129.415,0.035686728395062164,-0.04931327160493784,0.085,False,Binance US,Kraken
2608,01-14-2021_09-28-45,DASH/USD,25.0,129.623,129.347,0.05323129382902379,-0.1317687061709762,0.185,False,Kraken,Coinbase Pro
2609,01-14-2021_09-28-57,DASH/USD,25.0,129.56,129.259,0.05808119790058971,-0.09191880209941028,0.15,False,Binance US,Coinbase Pro
2610,01-14-2021_09-29-09,DASH/USD,25.0,129.51,129.201,0.05964790363678433,-0.09035209636321567,0.15,False,Binance US,Coinbase Pro
2611,01-14-2021_09-29-31,DASH/USD,25.0,129.69,129.404,0.05513146734520807,-0.08486853265479191,0.13999999999999999,False,Binance US,Coinbase Pro
2612,01-14-2021_09-29-42,DASH/USD,25.0,129.69,129.245,0.08578147891124858,-0.0542185210887514,0.13999999999999999,False,Binance US,Coinbase Pro
2613,01-14-2021_09-29-53,DASH/USD,25.0,129.69,129.292,0.07672141259927445,-0.06327858740072553,0.13999999999999999,False,Binance US,Coinbase Pro
2614,01-14-2021_09-30-02,DASH/USD,25.0,129.67,129.378,0.05629675329683073,-0.09370324670316926,0.15,False,Binance US,Coinbase Pro
2615,01-14-2021_09-30-12,DASH/USD,25.0,130.02,129.524,0.09536994308568092,0.00036994308568091827,0.095,False,Binance US,Kraken
2616,01-14-2021_09-30-36,DASH/USD,25.0,131.02,130.412,0.1160128224698527,-0.033987177530147294,0.15,False,Binance US,Coinbase Pro
2617,01-14-2021_09-30-46,DASH/USD,25.0,131.0,130.501,0.09522900763358688,-0.05477099236641311,0.15,False,Binance US,Coinbase Pro
2618,01-14-2021_09-30-56,DASH/USD,25.0,131.0,130.758,0.046183206106868366,-0.048816793893131635,0.095,False,Binance US,Kraken
2619,01-14-2021_09-31-08,DASH/USD,25.0,131.32,131.022,0.056731647883034156,-0.02826835211696585,0.085,False,Binance US,Kraken
2620,01-14-2021_09-31-19,DASH/USD,25.0,131.32,131.1,0.04188242461163548,-0.0981175753883645,0.13999999999999999,False,Binance US,Coinbase Pro
2621,01-14-2021_09-31-29,DASH/USD,25.0,131.46732896,131.283,0.03505223720946285,-0.09244776279053715,0.1275,False,Bittrex,Kraken
2622,01-14-2021_09-31-39,DASH/USD,25.0,131.5663936,131.283,0.053849921747800115,-0.07365007825219988,0.1275,False,Bittrex,Kraken
2623,01-14-2021_09-31-50,DASH/USD,25.0,131.54385444,131.283,0.049575565713521064,-0.07792443428647894,0.1275,False,Bittrex,Kraken
2624,01-14-2021_09-32-01,DASH/USD,25.0,131.5,131.175,0.061787072243343844,-0.07821292775665614,0.13999999999999999,False,Binance US,Coinbase Pro
2625,01-14-2021_09-32-11,DASH/USD,25.0,131.43,131.269,0.0306246671231837,-0.11937533287681629,0.15,False,Binance US,Coinbase Pro
2626,01-14-2021_09-32-21,DASH/USD,25.0,131.84,131.079,0.14430370145630986,-0.005696298543690137,0.15,False,Binance US,Coinbase Pro
2627,01-14-2021_09-32-32,DASH/USD,25.0,131.77,130.79,0.18593002959702853,0.04593002959702855,0.13999999999999999,True,Binance US,Coinbase Pro
2628,01-14-2021_09-32-43,DASH/USD,25.0,131.69,130.683,0.19116865365631502,0.04116865365631503,0.15,True,Binance US,Coinbase Pro
2629,01-14-2021_09-32-54,DASH/USD,25.0,131.49,130.577,0.17358734504525267,0.023587345045252672,0.15,True,Binance US,Coinbase Pro
2630,01-14-2021_09-33-05,DASH/USD,25.0,131.70952957,130.741,0.18383817275067407,0.001338172750674077,0.1825,False,Bittrex,Coinbase Pro
2631,01-14-2021_09-33-15,DASH/USD,25.0,131.27,131.067,0.03866077550087662,-0.11133922449912337,0.15,False,Binance US,Coinbase Pro
2632,01-14-2021_09-33-25,DASH/USD,25.0,131.56,130.815,0.14157038613560438,-0.008429613864395613,0.15,False,Binance US,Coinbase Pro
2633,01-14-2021_09-33-35,DASH/USD,25.0,131.38,130.969,0.07820825087532375,-0.07179174912467624,0.15,False,Binance US,Coinbase Pro
2634,01-14-2021_09-33-44,DASH/USD,25.0,131.38,130.718,0.12597046734662928,-0.02402953265337071,0.15,False,Binance US,Coinbase Pro
2635,01-14-2021_09-33-55,DASH/USD,25.0,131.38,131.007,0.07097731770436719,-0.0790226822956328,0.15,False,Binance US,Coinbase Pro
2636,01-14-2021_09-34-04,DASH/USD,25.0,131.258,130.877,0.07256700543966847,-0.11243299456033153,0.185,False,Kraken,Coinbase Pro
2637,01-14-2021_09-34-14,DASH/USD,25.0,130.95,130.657,0.055937380679644516,-0.09406261932035548,0.15,False,Binance US,Coinbase Pro
2638,01-14-2021_09-34-24,DASH/USD,25.0,130.88,130.638,0.04622555012224752,-0.10377444987775247,0.15,False,Binance US,Coinbase Pro
2639,01-14-2021_09-34-33,DASH/USD,25.0,130.88,130.808,0.013753056234719348,-0.13624694376528065,0.15,False,Binance US,Coinbase Pro
2640,01-14-2021_09-34-44,DASH/USD,25.0,130.944,130.756,0.03589320625610723,-0.14910679374389277,0.185,False,Kraken,Coinbase Pro
2641,01-14-2021_09-34-53,DASH/USD,25.0,130.79,130.501,0.055241226393452726,-0.09475877360654728,0.15,False,Binance US,Coinbase Pro
2642,01-14-2021_09-35-04,DASH/USD,25.0,130.64,130.456,0.035211267605633326,-0.10478873239436666,0.13999999999999999,False,Binance US,Coinbase Pro
2643,01-14-2021_09-35-13,DASH/USD,25.0,130.9,130.529,0.07085561497326381,-0.07914438502673618,0.15,False,Binance US,Coinbase Pro
2644,01-14-2021_09-35-24,DASH/USD,25.0,130.975,130.653,0.061462111089903175,-0.12353788891009682,0.185,False,Kraken,Coinbase Pro
2645,01-14-2021_09-35-35,DASH/USD,25.0,130.68,130.447,0.04457453321089763,-0.10542546678910236,0.15,False,Binance US,Coinbase Pro
2646,01-14-2021_09-35-47,DASH/USD,25.0,131.229,130.876,0.06724885505490566,-0.11775114494509434,0.185,False,Kraken,Coinbase Pro
2647,01-14-2021_09-35-56,DASH/USD,25.0,131.047,130.865,0.03472036750173372,-0.15027963249826629,0.185,False,Kraken,Coinbase Pro
2648,01-14-2021_09-36-07,DASH/USD,25.0,131.047,130.906,0.026898746251343246,-0.15810125374865674,0.185,False,Kraken,Coinbase Pro
2649,01-14-2021_09-36-18,DASH/USD,25.0,131.047,130.922,0.02384640625119232,-0.16115359374880767,0.185,False,Kraken,Coinbase Pro
2650,01-14-2021_09-36-29,DASH/USD,25.0,131.2670128,131.02,0.047043959242133594,-0.1354560407578664,0.1825,False,Bittrex,Coinbase Pro
2651,01-14-2021_09-36-40,DASH/USD,25.0,131.28,131.213,0.012758988421695476,-0.1372410115783045,0.15,False,Binance US,Coinbase Pro
2652,01-14-2021_09-36-51,DASH/USD,25.0,131.3859187,131.213,0.03290282202821724,-0.14959717797178276,0.1825,False,Bittrex,Coinbase Pro
2653,01-14-2021_09-37-01,DASH/USD,25.0,131.38591862,131.213,0.032902806825924245,-0.14959719317407574,0.1825,False,Bittrex,Coinbase Pro
2654,01-14-2021_09-37-14,DASH/USD,25.0,131.38591849,131.194,0.036518085843159326,-0.14598191415684067,0.1825,False,Bittrex,Coinbase Pro
2655,01-14-2021_09-37-24,DASH/USD,25.0,131.39,131.213,0.03367836212801441,-0.11632163787198559,0.15,False,Binance US,Coinbase Pro
2656,01-14-2021_09-37-34,DASH/USD,25.0,131.39,131.211,0.03405890859273416,-0.11594109140726583,0.15,False,Binance US,Coinbase Pro
2657,01-14-2021_09-37-44,DASH/USD,25.0,132.23,131.001,0.23236028132798628,0.08236028132798628,0.15,True,Binance US,Coinbase Pro
2658,01-14-2021_09-37-54,DASH/USD,25.0,132.16,131.213,0.17913892251816033,0.03913892251816034,0.13999999999999999,True,Binance US,Coinbase Pro
2659,01-14-2021_09-38-04,DASH/USD,25.0,132.14,131.162,0.18503102769789245,0.03503102769789246,0.15,True,Binance US,Coinbase Pro
2660,01-14-2021_09-38-15,DASH/USD,25.0,131.3,131.133,0.0317974105102821,-0.10820258948971789,0.13999999999999999,False,Binance US,Coinbase Pro
2661,01-14-2021_09-38-26,DASH/USD,25.0,131.29,131.169,0.023040597151340717,-0.12695940284865928,0.15,False,Binance US,Coinbase Pro
2662,01-14-2021_09-38-36,DASH/USD,25.0,131.33,131.096,0.04454427777354923,-0.10545572222645076,0.15,False,Binance US,Coinbase Pro
2663,01-14-2021_09-38-46,DASH/USD,25.0,131.33,131.038,0.05558516713622203,-0.09441483286377797,0.15,False,Binance US,Coinbase Pro
2664,01-14-2021_09-38-57,DASH/USD,25.0,131.34,131.122,0.041495355565705286,-0.0985046444342947,0.13999999999999999,False,Binance US,Coinbase Pro
2665,01-14-2021_09-39-07,DASH/USD,25.0,131.31,131.14,0.03236615642373313,-0.11763384357626686,0.15,False,Binance US,Coinbase Pro
2666,01-14-2021_09-39-18,DASH/USD,25.0,130.522,130.175,0.06646389114478402,-0.11853610885521598,0.185,False,Kraken,Coinbase Pro
2667,01-14-2021_09-39-29,DASH/USD,25.0,130.377,130.094,0.054265706374593575,-0.13073429362540642,0.185,False,Kraken,Coinbase Pro
2668,01-14-2021_09-39-40,DASH/USD,25.0,130.375,130.141,0.04487056567593651,-0.1401294343240635,0.185,False,Kraken,Coinbase Pro
2669,01-14-2021_09-39-51,DASH/USD,25.0,130.32,129.913,0.07807704112952392,-0.10692295887047608,0.185,False,Kraken,Coinbase Pro
2670,01-14-2021_09-40-02,DASH/USD,25.0,130.86449995,130.074,0.15101497165045283,-0.03148502834954717,0.1825,False,Bittrex,Coinbase Pro
2671,01-14-2021_09-40-12,DASH/USD,25.0,130.403,130.018,0.07380965161844262,-0.11119034838155738,0.185,False,Kraken,Coinbase Pro
2672,01-14-2021_09-40-22,DASH/USD,25.0,130.35,130.228,0.02339854238588141,-0.1266014576141186,0.15,False,Binance US,Coinbase Pro
2673,01-14-2021_09-40-32,DASH/USD,25.0,130.52,130.346,0.03332822555930252,-0.05167177444069749,0.085,False,Binance US,Kraken
2674,01-14-2021_09-40-42,DASH/USD,25.0,130.52,130.406,0.021835733987129236,-0.06316426601287077,0.085,False,Binance US,Kraken
2675,01-14-2021_09-40-52,DASH/USD,25.0,130.52,130.336,0.03524364082132958,-0.1047563591786704,0.13999999999999999,False,Binance US,Coinbase Pro
2676,01-14-2021_09-41-02,DASH/USD,25.0,130.91,130.406,0.0962493316018621,0.0012493316018620942,0.095,False,Binance US,Kraken
2677,01-14-2021_09-41-12,DASH/USD,25.0,130.51,130.351,0.030457436211782974,-0.11954256378821702,0.15,False,Binance US,Coinbase Pro
2678,01-14-2021_09-41-22,DASH/USD,25.0,130.51,130.406,0.01992184506934047,-0.07507815493065953,0.095,False,Binance US,Kraken
2679,01-14-2021_09-41-33,DASH/USD,25.0,130.51,130.397,0.021645850892651818,-0.1283541491073482,0.15,False,Binance US,Coinbase Pro
2680,01-14-2021_09-41-42,DASH/USD,25.0,130.91,130.627,0.05404476357802823,-0.09595523642197176,0.15,False,Binance US,Coinbase Pro
2681,01-14-2021_09-41-54,DASH/USD,25.0,130.92444041,130.868,0.010777286850195012,-0.17172271314980497,0.1825,False,Bittrex,Coinbase Pro
2682,01-14-2021_09-42-04,DASH/USD,25.0,130.599,130.194,0.07752739301219787,-0.10747260698780213,0.185,False,Kraken,Coinbase Pro
2683,01-14-2021_09-42-14,DASH/USD,25.0,130.625,130.301,0.06200956937799278,-0.12299043062200721,0.185,False,Kraken,Coinbase Pro
2684,01-14-2021_09-42-25,DASH/USD,25.0,130.501,130.383,0.022605190764820766,-0.16239480923517924,0.185,False,Kraken,Coinbase Pro
2685,01-14-2021_09-42-35,DASH/USD,25.0,130.626,130.401,0.043061871296677975,-0.141938128703322,0.185,False,Kraken,Coinbase Pro
2686,01-14-2021_09-42-47,DASH/USD,25.0,130.626,130.46,0.031770091712215946,-0.03341990828778405,0.06519,False,Kraken,Binance US
2687,01-14-2021_09-42-57,DASH/USD,25.0,130.624,130.438,0.03559835864772306,-0.14940164135227693,0.185,False,Kraken,Coinbase Pro
2688,01-14-2021_09-43-09,DASH/USD,25.0,130.68901473,130.514,0.03347923510663127,-0.14902076489336874,0.1825,False,Bittrex,Coinbase Pro
2689,01-14-2021_09-43-19,DASH/USD,25.0,130.68901468,130.588,0.019323483356149057,-0.16317651664385094,0.1825,False,Bittrex,Coinbase Pro
2690,01-14-2021_09-43-30,DASH/USD,25.0,130.68901458,130.603,0.016454057036930553,-0.16604594296306943,0.1825,False,Bittrex,Coinbase Pro
2691,01-14-2021_09-43-41,DASH/USD,25.0,130.65301437,130.586,0.012822966680700019,-0.16967703331929998,0.1825,False,Bittrex,Coinbase Pro
2692,01-14-2021_09-43-52,DASH/USD,25.0,130.78,130.605,0.03345312738951127,-0.11654687261048872,0.15,False,Binance US,Coinbase Pro
2693,01-14-2021_09-44-03,DASH/USD,25.0,130.673,130.301,0.07117001982047058,-0.11382998017952942,0.185,False,Kraken,Coinbase Pro
2694,01-14-2021_09-44-15,DASH/USD,25.0,130.653,130.48,0.03310295209447962,-0.03208704790552038,0.06519,False,Kraken,Binance US
2695,01-14-2021_09-44-25,DASH/USD,25.0,130.74471966,130.638,0.020406112819987096,-0.16209388718001289,0.1825,False,Bittrex,Coinbase Pro
2696,01-14-2021_09-44-34,DASH/USD,25.0,130.865,130.615,0.04775914109960646,-0.13724085890039353,0.185,False,Kraken,Coinbase Pro
2697,01-14-2021_09-44-46,DASH/USD,25.0,130.859,130.516,0.06552854599225459,-0.1194714540077454,0.185,False,Kraken,Coinbase Pro
2698,01-14-2021_09-44-57,DASH/USD,25.0,130.79,130.606,0.03517088462420627,-0.14982911537579374,0.185,False,Kraken,Coinbase Pro
2699,01-14-2021_09-45-07,DASH/USD,25.0,130.696,130.506,0.03634388198567625,-0.14865611801432374,0.185,False,Kraken,Coinbase Pro
2700,01-14-2021_09-45-15,DASH/USD,25.0,130.695,130.544,0.028884043000876478,-0.1561159569991235,0.185,False,Kraken,Coinbase Pro
2701,01-14-2021_09-45-25,DASH/USD,25.0,130.695,130.502,0.036918015226287085,-0.14808198477371293,0.185,False,Kraken,Coinbase Pro
2702,01-14-2021_09-45-33,DASH/USD,25.0,130.689,130.53,0.03041571976218194,-0.15458428023781806,0.185,False,Kraken,Coinbase Pro
2703,01-14-2021_09-45-44,DASH/USD,25.0,130.62,130.499,0.02315878119736819,-0.0718412188026318,0.095,False,Binance US,Kraken
2704,01-14-2021_09-45-53,DASH/USD,25.0,130.62,130.492,0.024498545398869684,-0.12550145460113032,0.15,False,Binance US,Coinbase Pro
2705,01-14-2021_09-46-04,DASH/USD,25.0,130.62,130.499,0.02315878119736819,-0.0718412188026318,0.095,False,Binance US,Kraken
2706,01-14-2021_09-46-13,DASH/USD,25.0,130.62,130.3,0.06124636349716605,-0.03375363650283395,0.095,False,Binance US,Kraken
2707,01-14-2021_09-46-23,DASH/USD,25.0,130.62,130.3,0.06124636349716605,-0.03375363650283395,0.095,False,Binance US,Kraken
2708,01-14-2021_09-46-32,DASH/USD,25.0,130.62,130.3,0.06124636349716605,-0.03375363650283395,0.095,False,Binance US,Kraken
2709,01-14-2021_09-46-41,DASH/USD,25.0,130.729,130.597,0.02524306007083451,-0.15975693992916548,0.185,False,Kraken,Coinbase Pro
2710,01-14-2021_09-46-52,DASH/USD,25.0,130.694,130.481,0.040744028034950704,-0.1442559719650493,0.185,False,Kraken,Coinbase Pro
2711,01-14-2021_09-47-02,DASH/USD,25.0,130.695,130.525,0.03251845900761075,-0.15248154099238925,0.185,False,Kraken,Coinbase Pro
2712,01-14-2021_09-47-12,DASH/USD,25.0,130.686,130.505,0.03462497895719733,-0.15037502104280268,0.185,False,Kraken,Coinbase Pro
2713,01-14-2021_09-47-22,DASH/USD,25.0,130.683,130.552,0.025060642929837895,-0.1599393570701621,0.185,False,Kraken,Coinbase Pro
2714,01-14-2021_09-47-32,DASH/USD,25.0,130.675,130.575,0.019131432944331877,-0.16586856705566813,0.185,False,Kraken,Coinbase Pro
2715,01-14-2021_09-47-43,DASH/USD,25.0,130.78,130.66580282,0.021830016057499384,-0.07066998394250061,0.0925,False,Binance US,Bittrex
2716,01-14-2021_09-47-53,DASH/USD,25.0,130.90272116,130.676,0.04329955061111637,-0.08420044938888363,0.1275,False,Bittrex,Kraken
2717,01-14-2021_09-48-03,DASH/USD,25.0,130.90272104,130.676,0.043299527733025846,-0.08420047226697416,0.1275,False,Bittrex,Kraken
2718,01-14-2021_09-48-12,DASH/USD,25.0,130.78,130.672,0.020645358617526397,-0.1293546413824736,0.15,False,Binance US,Coinbase Pro
2719,01-14-2021_09-48-22,DASH/USD,25.0,130.78,130.672,0.020645358617526397,-0.1293546413824736,0.15,False,Binance US,Coinbase Pro
2720,01-14-2021_09-48-31,DASH/USD,25.0,130.78,130.676,0.019880715705767972,-0.07511928429423204,0.095,False,Binance US,Kraken
2721,01-14-2021_09-48-41,DASH/USD,25.0,130.78,130.676,0.019880715705767972,-0.07511928429423204,0.095,False,Binance US,Kraken
2722,01-14-2021_09-48-51,DASH/USD,25.0,130.82021281,130.676,0.027559351667133074,-0.09994064833286692,0.1275,False,Bittrex,Kraken
2723,01-14-2021_09-49-02,DASH/USD,25.0,130.95,130.676,0.05231004200076383,-0.042689957999236174,0.095,False,Binance US,Kraken
2724,01-14-2021_09-49-11,DASH/USD,25.0,130.95,130.676,0.05231004200076383,-0.042689957999236174,0.095,False,Binance US,Kraken
2725,01-14-2021_09-49-22,DASH/USD,25.0,131.08,130.676,0.07705218187366966,-0.01794781812633034,0.095,False,Binance US,Kraken
2726,01-14-2021_09-49-32,DASH/USD,25.0,130.97,130.811,0.0303504619378468,-0.1196495380621532,0.15,False,Binance US,Coinbase Pro
2727,01-14-2021_09-49-44,DASH/USD,25.0,130.97,130.876,0.017943040390928092,-0.1320569596090719,0.15,False,Binance US,Coinbase Pro
2728,01-14-2021_09-49-54,DASH/USD,25.0,130.97,130.812,0.030159578529431748,-0.11984042147056825,0.15,False,Binance US,Coinbase Pro
2729,01-14-2021_09-50-03,DASH/USD,25.0,130.98389505,130.872,0.021356642730251993,-0.161143357269748,0.1825,False,Bittrex,Coinbase Pro
2730,01-14-2021_09-50-13,DASH/USD,25.0,130.97,130.817,0.02920516148736191,-0.12079483851263809,0.15,False,Binance US,Coinbase Pro
2731,01-14-2021_09-50-23,DASH/USD,25.0,130.97,130.839,0.025005726502252468,-0.12499427349774753,0.15,False,Binance US,Coinbase Pro
2732,01-14-2021_09-50-33,DASH/USD,25.0,131.11,130.839,0.051674166730229384,-0.09832583326977061,0.15,False,Binance US,Coinbase Pro
2733,01-14-2021_09-50-43,DASH/USD,25.0,131.1,130.879,0.04214340198321961,-0.10785659801678038,0.15,False,Binance US,Coinbase Pro
2734,01-14-2021_09-50-52,DASH/USD,25.0,131.12,130.91,0.040039658328250446,-0.04496034167174956,0.085,False,Binance US,Kraken
2735,01-14-2021_09-51-02,DASH/USD,25.0,131.11,130.91,0.038135916406074485,-0.056864083593925516,0.095,False,Binance US,Kraken
2736,01-14-2021_09-51-12,DASH/USD,25.0,131.11,130.91,0.038135916406074485,-0.056864083593925516,0.095,False,Binance US,Kraken
2737,01-14-2021_09-51-22,DASH/USD,25.0,131.11,130.91,0.038135916406074485,-0.056864083593925516,0.095,False,Binance US,Kraken
2738,01-14-2021_09-51-33,DASH/USD,25.0,131.11,130.91,0.038135916406074485,-0.056864083593925516,0.095,False,Binance US,Kraken
2739,01-14-2021_09-51-42,DASH/USD,25.0,131.11,130.91,0.038135916406074485,-0.056864083593925516,0.095,False,Binance US,Kraken
2740,01-14-2021_09-51-53,DASH/USD,25.0,131.11,130.91,0.038135916406074485,-0.056864083593925516,0.095,False,Binance US,Kraken
2741,01-14-2021_09-52-04,DASH/USD,25.0,131.126,130.91,0.04118176410475577,-0.14381823589524423,0.185,False,Coinbase Pro,Kraken
2742,01-14-2021_09-52-13,DASH/USD,25.0,131.11,130.91,0.038135916406074485,-0.056864083593925516,0.095,False,Binance US,Kraken
2743,01-14-2021_09-52-23,DASH/USD,25.0,131.11,130.91,0.038135916406074485,-0.056864083593925516,0.095,False,Binance US,Kraken
2744,01-14-2021_09-52-34,DASH/USD,25.0,131.09,130.91,0.03432756121748547,-0.05067243878251454,0.085,False,Binance US,Kraken
2745,01-14-2021_09-52-44,DASH/USD,25.0,131.097,130.98389493,0.021568966109067587,-0.10593103389093242,0.1275,False,Kraken,Bittrex
2746,01-14-2021_09-52-55,DASH/USD,25.0,131.097,130.98389493,0.021568966109067587,-0.10593103389093242,0.1275,False,Kraken,Bittrex
2747,01-14-2021_09-53-05,DASH/USD,25.0,131.097,130.98389493,0.021568966109067587,-0.10593103389093242,0.1275,False,Kraken,Bittrex
2748,01-14-2021_09-53-16,DASH/USD,25.0,131.097,130.98389493,0.021568966109067587,-0.10593103389093242,0.1275,False,Kraken,Bittrex
2749,01-14-2021_09-53-26,DASH/USD,25.0,131.097,130.98389493,0.021568966109067587,-0.10593103389093242,0.1275,False,Kraken,Bittrex
2750,01-14-2021_09-53-35,DASH/USD,25.0,131.10479578,131.013,0.017504275769213973,-0.164995724230786,0.1825,False,Bittrex,Coinbase Pro
2751,01-14-2021_09-53-44,DASH/USD,25.0,131.1047957,130.993,0.02131800354882366,-0.16118199645117634,0.1825,False,Bittrex,Coinbase Pro
2752,01-14-2021_09-53-53,DASH/USD,25.0,131.10479558,131.013,0.017504237658488686,-0.1649957623415113,0.1825,False,Bittrex,Coinbase Pro
2753,01-14-2021_09-54-03,DASH/USD,25.0,131.17,131.098,0.013722649996183257,-0.08127735000381675,0.095,False,Binance US,Kraken
2754,01-14-2021_09-54-13,DASH/USD,25.0,131.20753529,131.092,0.022013844278195655,-0.16048615572180433,0.1825,False,Bittrex,Coinbase Pro
2755,01-14-2021_09-54-22,DASH/USD,25.0,131.20753512,131.043,0.031350165950740076,-0.1511498340492599,0.1825,False,Bittrex,Coinbase Pro
2756,01-14-2021_09-54-32,DASH/USD,25.0,130.91,130.87539224,0.006609074936979624,-0.08589092506302037,0.0925,False,Binance US,Bittrex
2757,01-14-2021_09-54-42,DASH/USD,25.0,131.13,130.915,0.040989857393427025,-0.10901014260657296,0.15,False,Binance US,Coinbase Pro
2758,01-14-2021_09-54-52,DASH/USD,25.0,131.0,130.836,0.031297709923661696,-0.1187022900763383,0.15,False,Binance US,Coinbase Pro
2759,01-14-2021_09-55-03,DASH/USD,25.0,130.98,130.866,0.0217590471827714,-0.12824095281722858,0.15,False,Binance US,Coinbase Pro
2760,01-14-2021_09-55-12,DASH/USD,25.0,131.098,130.822,0.05263238188225801,-0.132367618117742,0.185,False,Kraken,Coinbase Pro
2761,01-14-2021_09-55-23,DASH/USD,25.0,130.98,130.853,0.024240342036948605,-0.12575965796305139,0.15,False,Binance US,Coinbase Pro
2762,01-14-2021_09-55-32,DASH/USD,25.0,130.98,130.833,0.02805771873568319,-0.1319422812643168,0.16,False,Binance US,Coinbase Pro
2763,01-14-2021_09-55-42,DASH/USD,25.0,130.98,130.833,0.02805771873568319,-0.1319422812643168,0.16,False,Binance US,Coinbase Pro
2764,01-14-2021_09-55-52,DASH/USD,25.0,131.084,130.833,0.04787006804797015,-0.14712993195202986,0.195,False,Kraken,Coinbase Pro
2765,01-14-2021_09-56-02,DASH/USD,25.0,130.98,130.852,0.02443121087188615,-0.12556878912811384,0.15,False,Binance US,Coinbase Pro
2766,01-14-2021_09-56-11,DASH/USD,25.0,130.98,130.844,0.02595816155138107,-0.12404183844861892,0.15,False,Binance US,Coinbase Pro
2767,01-14-2021_09-56-22,DASH/USD,25.0,130.93570257,130.804,0.025146420612356942,-0.15735357938764305,0.1825,False,Bittrex,Coinbase Pro
2768,01-14-2021_09-56-31,DASH/USD,25.0,130.86,130.639,0.04222069387131354,-0.10777930612868646,0.15,False,Binance US,Coinbase Pro
2769,01-14-2021_09-56-41,DASH/USD,25.0,130.937,130.653,0.0542245507381451,-0.13077544926185491,0.185,False,Kraken,Coinbase Pro
2770,01-14-2021_09-56-51,DASH/USD,25.0,130.904,130.616,0.0550021389720678,-0.1299978610279322,0.185,False,Kraken,Coinbase Pro
2771,01-14-2021_09-57-00,DASH/USD,25.0,130.916,130.608,0.05881634024870771,-0.12618365975129228,0.185,False,Kraken,Coinbase Pro
2772,01-14-2021_09-57-10,DASH/USD,25.0,130.842,130.593,0.0475764662723024,-0.1374235337276976,0.185,False,Kraken,Coinbase Pro
2773,01-14-2021_09-57-20,DASH/USD,25.0,130.802,130.511,0.05561841562055566,-0.12938158437944433,0.185,False,Kraken,Coinbase Pro
2774,01-14-2021_09-57-30,DASH/USD,25.0,130.7,130.468,0.044376434583014414,-0.10562356541698559,0.15,False,Binance US,Coinbase Pro
2775,01-14-2021_09-57-40,DASH/USD,25.0,130.7,130.483,0.04150726855393737,-0.10849273144606263,0.15,False,Binance US,Coinbase Pro
2776,01-14-2021_09-57-50,DASH/USD,25.0,130.653,130.445,0.039800081130934306,-0.1451999188690657,0.185,False,Kraken,Coinbase Pro
2777,01-14-2021_09-58-00,DASH/USD,25.0,130.598,130.297,0.05761956538385276,-0.12738043461614723,0.185,False,Kraken,Coinbase Pro
2778,01-14-2021_09-58-09,DASH/USD,25.0,130.61,130.46336224,0.028067866166450572,-0.06443213383354943,0.0925,False,Binance US,Bittrex
2779,01-14-2021_09-58-21,DASH/USD,25.0,130.66,130.34,0.06122761365375654,-0.07877238634624345,0.13999999999999999,False,Binance US,Coinbase Pro
2780,01-14-2021_09-58-31,DASH/USD,25.0,130.54,130.332,0.039834533476328794,-0.1451654665236712,0.185,False,Kraken,Coinbase Pro
2781,01-14-2021_09-58-43,DASH/USD,25.0,130.528,130.429,0.018961448884528522,-0.16603855111547147,0.185,False,Kraken,Coinbase Pro
2782,01-14-2021_09-58-53,DASH/USD,25.0,130.524,130.293,0.04424473660016444,-0.14075526339983557,0.185,False,Kraken,Coinbase Pro
2783,01-14-2021_09-59-05,DASH/USD,25.0,130.487,130.239,0.047514311770519374,-0.13748568822948062,0.185,False,Kraken,Coinbase Pro
2784,01-14-2021_09-59-15,DASH/USD,25.0,130.365,130.048,0.06079085644153094,-0.12420914355846906,0.185,False,Kraken,Coinbase Pro
2785,01-14-2021_09-59-27,DASH/USD,25.0,130.368,130.05,0.06098122238585842,-0.12401877761414157,0.185,False,Kraken,Coinbase Pro
2786,01-14-2021_09-59-38,DASH/USD,25.0,130.22,129.939,0.05394716633389762,-0.09605283366610237,0.15,False,Binance US,Coinbase Pro
2787,01-14-2021_09-59-51,DASH/USD,25.0,130.053,129.801,0.04844178911674655,-0.13655821088325346,0.185,False,Kraken,Coinbase Pro
2788,01-14-2021_10-00-03,DASH/USD,25.0,130.01,129.747,0.05057303284362295,-0.09942696715637704,0.15,False,Binance US,Coinbase Pro
2789,01-14-2021_10-00-15,DASH/USD,25.0,129.953,129.754,0.03828307157203225,-0.14671692842796774,0.185,False,Kraken,Coinbase Pro
2790,01-14-2021_10-00-27,DASH/USD,25.0,129.934,129.629,0.058683639386151204,-0.1263163606138488,0.185,False,Kraken,Coinbase Pro
2791,01-14-2021_10-00-39,DASH/USD,25.0,129.834,129.63,0.039280927954158336,-0.14571907204584167,0.185,False,Kraken,Coinbase Pro
2792,01-14-2021_10-00-52,DASH/USD,25.0,130.04,129.811,0.04402491541064,-0.05097508458936,0.095,False,Binance US,Kraken
2793,01-14-2021_10-01-04,DASH/USD,25.0,130.194,129.954,0.04608507304483707,-0.13891492695516294,0.185,False,Kraken,Coinbase Pro
2794,01-14-2021_10-01-15,DASH/USD,25.0,130.265,130.04,0.04318120753847817,-0.022008792461521827,0.06519,False,Kraken,Binance US
2795,01-14-2021_10-01-27,DASH/USD,25.0,130.077,129.895,0.03497928150249236,-0.15002071849750764,0.185,False,Kraken,Coinbase Pro
2796,01-14-2021_10-01-38,DASH/USD,25.0,130.103,129.905,0.03804677832179263,-0.14695322167820737,0.185,False,Kraken,Coinbase Pro
2797,01-14-2021_10-01-49,DASH/USD,25.0,130.049,129.828,0.04248398680497421,-0.1425160131950258,0.185,False,Kraken,Coinbase Pro
2798,01-14-2021_10-02-00,DASH/USD,25.0,130.02,129.791,0.04403168743270524,-0.10596831256729475,0.15,False,Binance US,Coinbase Pro
2799,01-14-2021_10-02-13,DASH/USD,25.0,130.05,129.961,0.017108804306035875,-0.12289119569396412,0.13999999999999999,False,Binance US,Coinbase Pro
2800,01-14-2021_10-02-34,DASH/USD,25.0,130.3,130.14469011,0.02979852072141448,-0.09770147927858552,0.1275,False,Kraken,Bittrex
2801,01-14-2021_10-02-45,DASH/USD,25.0,130.62,130.337,0.054164752717810336,-0.13083524728218965,0.185,False,Kraken,Coinbase Pro
2802,01-14-2021_10-02-56,DASH/USD,25.0,130.54675382,130.505,0.007995951407870235,-0.17450404859212976,0.1825,False,Bittrex,Coinbase Pro
2803,01-14-2021_10-03-06,DASH/USD,25.0,130.71,130.589,0.02314283528421875,-0.11685716471578124,0.13999999999999999,False,Binance US,Coinbase Pro
2804,01-14-2021_10-03-16,DASH/USD,25.0,130.912,130.715,0.037620691762405796,-0.1473793082375942,0.185,False,Kraken,Coinbase Pro
2805,01-14-2021_10-03-27,DASH/USD,25.0,131.01155078,130.715,0.05658867066194226,-0.12591132933805774,0.1825,False,Bittrex,Coinbase Pro
2806,01-14-2021_10-03-37,DASH/USD,25.0,131.37945757,130.912,0.08895180012273388,-0.038548199877266126,0.1275,False,Bittrex,Kraken
2807,01-14-2021_10-03-48,DASH/USD,25.0,131.36439158,131.118,0.04689086156387043,-0.13560913843612957,0.1825,False,Bittrex,Coinbase Pro
2808,01-14-2021_10-04-10,DASH/USD,25.0,131.25108653,131.119,0.02515913077218953,-0.10234086922781047,0.1275,False,Bittrex,Kraken
2809,01-14-2021_10-04-20,DASH/USD,25.0,131.25108644,131.119,0.025159113646723352,-0.10234088635327665,0.1275,False,Bittrex,Kraken
2810,01-14-2021_10-04-30,DASH/USD,25.0,131.34353859,131.194,0.028463255902297847,-0.09903674409770216,0.1275,False,Bittrex,Kraken
2811,01-14-2021_10-04-41,DASH/USD,25.0,131.34353845,131.194,0.02846322928496197,-0.09903677071503802,0.1275,False,Bittrex,Kraken
2812,01-14-2021_10-04-52,DASH/USD,25.0,131.34353833,131.194,0.028463206470100283,-0.09903679352989972,0.1275,False,Bittrex,Kraken
2813,01-14-2021_10-05-04,DASH/USD,25.0,131.34353822,131.194,0.028463185556478383,-0.09903681444352162,0.1275,False,Bittrex,Kraken
2814,01-14-2021_10-05-14,DASH/USD,25.0,131.386,131.219,0.03177659720213752,-0.15322340279786248,0.185,False,Kraken,Coinbase Pro
2815,01-14-2021_10-05-24,DASH/USD,25.0,131.398,131.2,0.03767180626798115,-0.14732819373201883,0.185,False,Kraken,Coinbase Pro
2816,01-14-2021_10-05-46,DASH/USD,25.0,131.398,131.157,0.04585305712415437,-0.13914694287584561,0.185,False,Kraken,Coinbase Pro
2817,01-14-2021_10-05-57,DASH/USD,25.0,131.296,131.102,0.03693943456007579,-0.1480605654399242,0.185,False,Kraken,Coinbase Pro
2818,01-14-2021_10-06-07,DASH/USD,25.0,131.25,131.11,0.026666666666664066,-0.12333333333333593,0.15,False,Binance US,Coinbase Pro
2819,01-14-2021_10-06-18,DASH/USD,25.0,131.30532233,131.044,0.049754710121959554,-0.13274528987804043,0.1825,False,Bittrex,Coinbase Pro
2820,01-14-2021_10-06-28,DASH/USD,25.0,131.233,131.089,0.02743212454184646,-0.15756787545815354,0.185,False,Kraken,Coinbase Pro
2821,01-14-2021_10-06-40,DASH/USD,25.0,131.233,131.137,0.01828808302789764,-0.16671191697210236,0.185,False,Kraken,Coinbase Pro
2822,01-14-2021_10-06-51,DASH/USD,25.0,131.233,131.09352231,0.0265706205756187,-0.1009293794243813,0.1275,False,Kraken,Bittrex
2823,01-14-2021_10-07-03,DASH/USD,25.0,131.233,131.007,0.043053195461507224,-0.1419468045384928,0.185,False,Kraken,Coinbase Pro
2824,01-14-2021_10-07-13,DASH/USD,25.0,131.26,131.07,0.03618771903093054,-0.11381228096906945,0.15,False,Binance US,Coinbase Pro
2825,01-14-2021_10-07-24,DASH/USD,25.0,131.25,131.009,0.04590476190476454,-0.10409523809523545,0.15,False,Binance US,Coinbase Pro
2826,01-14-2021_10-07-35,DASH/USD,25.0,131.142,130.956,0.03545774808985814,-0.14954225191014187,0.185,False,Kraken,Coinbase Pro
2827,01-14-2021_10-07-47,DASH/USD,25.0,131.079,130.94976294,0.02464869658755566,-0.10285130341244433,0.1275,False,Kraken,Bittrex
2828,01-14-2021_10-08-09,DASH/USD,25.0,131.065,130.806,0.049402967992977935,-0.13559703200702206,0.185,False,Kraken,Coinbase Pro
2829,01-14-2021_10-08-20,DASH/USD,25.0,131.0,130.821,0.034160305343511846,-0.11583969465648815,0.15,False,Binance US,Coinbase Pro
2830,01-14-2021_10-08-32,DASH/USD,25.0,130.98,130.85,0.024812948541761234,-0.12518705145823877,0.15,False,Binance US,Coinbase Pro
2831,01-14-2021_10-08-54,DASH/USD,25.0,131.14,130.897,0.04632453866097206,-0.09367546133902793,0.13999999999999999,False,Binance US,Coinbase Pro
2832,01-14-2021_10-09-04,DASH/USD,25.0,131.15,130.946,0.0388867708730476,-0.1111132291269524,0.15,False,Binance US,Coinbase Pro
2833,01-14-2021_10-09-26,DASH/USD,25.0,131.13,130.9,0.043849614885989055,-0.10615038511401094,0.15,False,Binance US,Coinbase Pro
2834,01-14-2021_10-09-38,DASH/USD,25.0,131.05,130.932,0.02251049217856227,-0.12748950782143773,0.15,False,Binance US,Coinbase Pro
2835,01-14-2021_10-09-49,DASH/USD,25.0,130.932,130.719,0.04066996608926654,-0.14433003391073346,0.185,False,Kraken,Coinbase Pro
2836,01-14-2021_10-10-00,DASH/USD,25.0,130.95,130.80448023,0.027781552119128073,-0.06471844788087193,0.0925,False,Binance US,Bittrex
2837,01-14-2021_10-10-10,DASH/USD,25.0,130.931,130.848,0.0158480420985096,-0.1691519579014904,0.185,False,Kraken,Coinbase Pro
2838,01-14-2021_10-10-32,DASH/USD,25.0,130.9,130.716,0.03514132925897584,-0.11485867074102415,0.15,False,Binance US,Coinbase Pro
2839,01-14-2021_10-10-44,DASH/USD,25.0,130.9,130.717,0.034950343773871795,-0.1150496562261282,0.15,False,Binance US,Coinbase Pro
2840,01-14-2021_10-10-55,DASH/USD,25.0,130.9,130.717,0.034950343773871795,-0.1150496562261282,0.15,False,Binance US,Coinbase Pro
2841,01-14-2021_10-11-07,DASH/USD,25.0,130.9,130.717,0.034950343773871795,-0.1150496562261282,0.15,False,Binance US,Coinbase Pro
2842,01-14-2021_10-11-19,DASH/USD,25.0,130.9,130.717,0.034950343773871795,-0.1150496562261282,0.15,False,Binance US,Coinbase Pro
2843,01-14-2021_10-11-41,DASH/USD,25.0,130.88,130.717,0.031135391198040666,-0.11886460880195933,0.15,False,Binance US,Coinbase Pro
2844,01-14-2021_10-11-52,DASH/USD,25.0,130.88,130.717,0.031135391198040666,-0.11886460880195933,0.15,False,Binance US,Coinbase Pro
2845,01-14-2021_10-12-02,DASH/USD,25.0,130.87,130.693,0.03381218002597854,-0.11618781997402144,0.15,False,Binance US,Coinbase Pro
2846,01-14-2021_10-12-12,DASH/USD,25.0,130.86,130.703,0.029993886596364563,-0.12000611340363543,0.15,False,Binance US,Coinbase Pro
2847,01-14-2021_10-12-24,DASH/USD,25.0,130.797,130.689,0.02064267529071846,-0.16435732470928155,0.185,False,Kraken,Coinbase Pro
2848,01-14-2021_10-12-47,DASH/USD,25.0,130.945,130.784,0.030738096147237652,-0.15426190385276234,0.185,False,Coinbase Pro,Kraken
2849,01-14-2021_10-12-59,DASH/USD,25.0,131.06939418,130.88,0.03612479121935499,-0.146375208780645,0.1825,False,Bittrex,Coinbase Pro
2850,01-14-2021_10-13-21,DASH/USD,25.0,131.02,130.93,0.0171729506945511,-0.1328270493054489,0.15,False,Binance US,Coinbase Pro
2851,01-14-2021_10-13-33,DASH/USD,25.0,131.02,130.973,0.008968096473820226,-0.08603190352617977,0.095,False,Binance US,Kraken
2852,01-14-2021_10-13-58,DASH/USD,25.0,130.974,130.84743639,0.024158155435425495,-0.10334184456457451,0.1275,False,Kraken,Bittrex
2853,01-14-2021_10-14-08,DASH/USD,25.0,131.16,130.974,0.0354528819762136,-0.0595471180237864,0.095,False,Binance US,Kraken
2854,01-14-2021_10-14-32,DASH/USD,25.0,131.16,130.974,0.0354528819762136,-0.0595471180237864,0.095,False,Binance US,Kraken
2855,01-14-2021_10-14-44,DASH/USD,25.0,131.16,130.974,0.0354528819762136,-0.0595471180237864,0.095,False,Binance US,Kraken
2856,01-14-2021_10-14-55,DASH/USD,25.0,131.16,130.967,0.03678713022262573,-0.11321286977737427,0.15,False,Binance US,Coinbase Pro
2857,01-14-2021_10-15-17,DASH/USD,25.0,131.14,130.974,0.03164556962025256,-0.05335443037974744,0.085,False,Binance US,Kraken
2858,01-14-2021_10-15-28,DASH/USD,25.0,131.20636541,130.974,0.044274797429586066,-0.08322520257041394,0.1275,False,Bittrex,Kraken
2859,01-14-2021_10-15-38,DASH/USD,25.0,131.14,130.974,0.03164556962025256,-0.05335443037974744,0.085,False,Binance US,Kraken
2860,01-14-2021_10-15-49,DASH/USD,25.0,131.14,130.974,0.03164556962025256,-0.05335443037974744,0.085,False,Binance US,Kraken
2861,01-14-2021_10-16-01,DASH/USD,25.0,131.14,130.974,0.03164556962025256,-0.05335443037974744,0.085,False,Binance US,Kraken
2862,01-14-2021_10-16-12,DASH/USD,25.0,131.14,130.974,0.03164556962025256,-0.05335443037974744,0.085,False,Binance US,Kraken
2863,01-14-2021_10-16-34,DASH/USD,25.0,131.14,130.974,0.03164556962025256,-0.05335443037974744,0.085,False,Binance US,Kraken
2864,01-14-2021_10-16-46,DASH/USD,25.0,131.14,130.974,0.03164556962025256,-0.05335443037974744,0.085,False,Binance US,Kraken
2865,01-14-2021_10-16-57,DASH/USD,25.0,131.14,130.974,0.03164556962025256,-0.05335443037974744,0.085,False,Binance US,Kraken
2866,01-14-2021_10-17-19,DASH/USD,25.0,131.23902924,130.974,0.05048597995862816,-0.07701402004137184,0.1275,False,Bittrex,Kraken
2867,01-14-2021_10-17-31,DASH/USD,25.0,131.23902912,130.974,0.05048595714573516,-0.07701404285426484,0.1275,False,Bittrex,Kraken
2868,01-14-2021_10-17-43,DASH/USD,25.0,131.23902902,130.974,0.050485938134993656,-0.07701406186500634,0.1275,False,Bittrex,Kraken
2869,01-14-2021_10-18-05,DASH/USD,25.0,131.288,131.17,0.022469684967404372,-0.04272031503259563,0.06519,False,Kraken,Binance US
2870,01-14-2021_10-18-17,DASH/USD,25.0,131.46,131.219,0.04583143161418185,-0.09416856838581814,0.13999999999999999,False,Binance US,Coinbase Pro
2871,01-14-2021_10-18-28,DASH/USD,25.0,131.46,131.171,0.05495968355393573,-0.08504031644606425,0.13999999999999999,False,Binance US,Coinbase Pro
2872,01-14-2021_10-18-39,DASH/USD,25.0,131.275,131.105,0.03237478575509729,-0.15262521424490272,0.185,False,Kraken,Coinbase Pro
2873,01-14-2021_10-18-51,DASH/USD,25.0,131.215,130.989,0.04305910147467879,-0.1419408985253212,0.185,False,Kraken,Coinbase Pro
2874,01-14-2021_10-19-02,DASH/USD,25.0,131.11,130.934,0.03355960643734576,-0.15144039356265424,0.185,False,Kraken,Coinbase Pro
2875,01-14-2021_10-19-13,DASH/USD,25.0,131.088,130.96,0.02441108263151202,-0.160588917368488,0.185,False,Kraken,Coinbase Pro
2876,01-14-2021_10-19-35,DASH/USD,25.0,131.032,130.857,0.03338879052445421,-0.1516112094755458,0.185,False,Kraken,Coinbase Pro
2877,01-14-2021_10-19-47,DASH/USD,25.0,131.175,130.85635438,0.06072910615590095,-0.06677089384409905,0.1275,False,Kraken,Bittrex
2878,01-14-2021_10-19-57,DASH/USD,25.0,131.072,130.85,0.0423431396484391,-0.1426568603515609,0.185,False,Kraken,Coinbase Pro
2879,01-14-2021_10-20-19,DASH/USD,25.0,131.21895453,131.109,0.020948675134971333,-0.16155132486502866,0.1825,False,Bittrex,Coinbase Pro
2880,01-14-2021_10-20-31,DASH/USD,25.0,131.2,131.14592686,0.010303570884143605,-0.0721964291158564,0.0825,False,Binance US,Bittrex
2881,01-14-2021_10-20-42,DASH/USD,25.0,131.2,131.129,0.013528963414633756,-0.12647103658536624,0.13999999999999999,False,Binance US,Coinbase Pro
2882,01-14-2021_10-20-53,DASH/USD,25.0,131.183,130.957,0.043069605055532936,-0.14193039494446708,0.185,False,Kraken,Coinbase Pro
2883,01-14-2021_10-21-04,DASH/USD,25.0,131.179,130.972,0.039449911952369215,-0.14555008804763078,0.185,False,Kraken,Coinbase Pro
2884,01-14-2021_10-21-14,DASH/USD,25.0,131.163,130.951,0.040407736938011765,-0.14459226306198825,0.185,False,Kraken,Coinbase Pro
2885,01-14-2021_10-21-25,DASH/USD,25.0,131.15,130.949,0.038314906595500076,-0.14668509340449992,0.185,False,Kraken,Coinbase Pro
2886,01-14-2021_10-21-38,DASH/USD,25.0,131.27,130.9240962,0.06587639978669957,-0.061623600213300433,0.1275,False,Kraken,Bittrex
2887,01-14-2021_10-21-49,DASH/USD,25.0,131.134,130.92,0.04079796238961647,-0.14420203761038353,0.185,False,Kraken,Coinbase Pro
2888,01-14-2021_10-22-00,DASH/USD,25.0,131.116,130.92409621,0.03659045997437883,-0.09090954002562117,0.1275,False,Kraken,Bittrex
2889,01-14-2021_10-22-11,DASH/USD,25.0,131.108,130.9240962,0.03506723464624507,-0.09243276535375494,0.1275,False,Kraken,Bittrex
2890,01-14-2021_10-22-22,DASH/USD,25.0,131.1,130.92409621,0.033543819603357485,-0.09395618039664252,0.1275,False,Kraken,Bittrex
2891,01-14-2021_10-22-34,DASH/USD,25.0,131.085,130.92409615,0.030686930236108453,-0.09681305976389155,0.12749999,False,Kraken,Bittrex
2892,01-14-2021_10-22-45,DASH/USD,25.0,131.078,130.92409608,0.029353499443080598,-0.0981465005569194,0.1275,False,Kraken,Bittrex
2893,01-14-2021_10-22-56,DASH/USD,25.0,131.078,130.92409608,0.029353499443080598,-0.0981465005569194,0.1275,False,Kraken,Bittrex
2894,01-14-2021_10-23-07,DASH/USD,25.0,131.078,130.92409608,0.029353499443080598,-0.0981465005569194,0.1275,False,Kraken,Bittrex
2895,01-14-2021_10-23-18,DASH/USD,25.0,131.078,130.92409608,0.029353499443080598,-0.0981465005569194,0.1275,False,Kraken,Bittrex
2896,01-14-2021_10-23-29,DASH/USD,25.0,131.079,130.904,0.033376818559801985,-0.151623181440198,0.185,False,Kraken,Coinbase Pro
2897,01-14-2021_10-23-39,DASH/USD,25.0,131.062,130.904,0.03013840777647515,-0.15486159222352486,0.185,False,Kraken,Coinbase Pro
2898,01-14-2021_10-23-49,DASH/USD,25.0,131.045,130.904,0.026899156778204272,-0.15810084322179574,0.185,False,Kraken,Coinbase Pro
2899,01-14-2021_10-24-00,DASH/USD,25.0,131.037,130.95,0.016598365347195356,-0.16840163465280464,0.185,False,Kraken,Coinbase Pro
2900,01-14-2021_10-24-11,DASH/USD,25.0,131.037,130.917,0.022894297030610543,-0.16210570296938945,0.185,False,Kraken,Coinbase Pro
2901,01-14-2021_10-24-22,DASH/USD,25.0,131.024,130.75,0.05228049822933221,-0.1327195017706678,0.185,False,Kraken,Coinbase Pro
2902,01-14-2021_10-24-33,DASH/USD,25.0,130.955,130.749,0.03932648619755207,-0.14567351380244792,0.185,False,Kraken,Coinbase Pro
2903,01-14-2021_10-24-54,DASH/USD,25.0,130.86257052,130.803,0.011380358754088854,-0.17111964124591114,0.1825,False,Bittrex,Coinbase Pro
2904,01-14-2021_10-25-05,DASH/USD,25.0,131.0,130.803,0.03759541984732877,-0.11240458015267123,0.15,False,Binance US,Coinbase Pro
2905,01-14-2021_10-25-15,DASH/USD,25.0,130.98,130.859,0.023095129027328774,-0.07190487097267123,0.095,False,Binance US,Kraken
2906,01-14-2021_10-25-25,DASH/USD,25.0,130.98,130.859,0.023095129027328774,-0.07190487097267123,0.095,False,Binance US,Kraken
2907,01-14-2021_10-25-35,DASH/USD,25.0,130.98,130.859,0.023095129027328774,-0.07190487097267123,0.095,False,Binance US,Kraken
2908,01-14-2021_10-25-45,DASH/USD,25.0,130.98,130.823,0.02996640708504777,-0.12003359291495222,0.15,False,Binance US,Coinbase Pro
2909,01-14-2021_10-25-56,DASH/USD,25.0,130.98,130.821,0.030348144754922857,-0.11965185524507714,0.15,False,Binance US,Coinbase Pro
2910,01-14-2021_10-26-07,DASH/USD,25.0,130.95,130.776,0.03321878579610122,-0.11678121420389878,0.15,False,Binance US,Coinbase Pro
2911,01-14-2021_10-26-17,DASH/USD,25.0,130.816,130.609,0.03955938111545867,-0.14544061888454132,0.185,False,Kraken,Coinbase Pro
2912,01-14-2021_10-26-28,DASH/USD,25.0,130.768,130.599,0.032309127615320864,-0.15269087238467913,0.185,False,Kraken,Coinbase Pro
2913,01-14-2021_10-26-40,DASH/USD,25.0,130.737,130.626,0.021225819775578067,-0.16377418022442192,0.185,False,Kraken,Coinbase Pro
2914,01-14-2021_10-26-50,DASH/USD,25.0,130.716,130.57739559,0.026508692508950556,-0.10099130749104945,0.1275,False,Kraken,Bittrex
2915,01-14-2021_10-27-01,DASH/USD,25.0,130.671,130.57739558,0.017908415027051,-0.109591584972949,0.1275,False,Kraken,Bittrex
2916,01-14-2021_10-27-10,DASH/USD,25.0,130.643,130.55,0.017796590709029437,-0.047393409290970565,0.06519,False,Kraken,Binance US
2917,01-14-2021_10-27-20,DASH/USD,25.0,130.582,130.44,0.02718598275413072,-0.15781401724586927,0.185,False,Kraken,Coinbase Pro
2918,01-14-2021_10-27-30,DASH/USD,25.0,130.518,130.226,0.05593098269970456,-0.12906901730029544,0.185,False,Kraken,Coinbase Pro
2919,01-14-2021_10-27-41,DASH/USD,25.0,130.384,130.067,0.06078199779113597,-0.12421800220886403,0.185,False,Kraken,Coinbase Pro
2920,01-14-2021_10-27-52,DASH/USD,25.0,130.283,130.069,0.04106445200064449,-0.1439355479993555,0.185,False,Kraken,Coinbase Pro
2921,01-14-2021_10-28-03,DASH/USD,25.0,130.21,130.084,0.02419169034636448,-0.1158083096536355,0.13999999999999999,False,Binance US,Coinbase Pro
2922,01-14-2021_10-28-15,DASH/USD,25.0,130.322,130.198,0.02378723469559921,-0.1612127653044008,0.185,False,Kraken,Coinbase Pro
2923,01-14-2021_10-28-25,DASH/USD,25.0,130.3,130.198,0.019570222563316166,-0.16542977743668383,0.185,False,Kraken,Coinbase Pro
2924,01-14-2021_10-28-36,DASH/USD,25.0,130.263,130.181,0.015737392813000167,-0.16926260718699984,0.185,False,Kraken,Coinbase Pro
2925,01-14-2021_10-28-46,DASH/USD,25.0,130.49,130.266,0.042915165913100226,-0.052084834086899776,0.095,False,Binance US,Kraken
2926,01-14-2021_10-28-57,DASH/USD,25.0,130.5,130.38483939,0.02206141954023061,-0.07043858045976939,0.0925,False,Binance US,Bittrex
2927,01-14-2021_10-29-07,DASH/USD,25.0,130.755,130.57739527,0.033957540820615764,-0.09354245917938424,0.1275,False,Kraken,Bittrex
2928,01-14-2021_10-29-19,DASH/USD,25.0,130.733,130.672,0.011664996596117095,-0.17333500340388291,0.185,False,Kraken,Coinbase Pro
2929,01-14-2021_10-29-29,DASH/USD,25.0,130.733,130.673,0.011473767143720842,-0.17352623285627916,0.185,False,Kraken,Coinbase Pro
2930,01-14-2021_10-29-39,DASH/USD,25.0,130.731,130.544,0.035760454674098614,-0.1492395453259014,0.185,False,Kraken,Coinbase Pro
2931,01-14-2021_10-29-49,DASH/USD,25.0,130.701,130.46,0.046097581502816634,-0.1489024184971834,0.195,False,Kraken,Coinbase Pro
2932,01-14-2021_10-30-01,DASH/USD,25.0,130.761,130.54647433,0.0410148419635825,-0.0864851580364175,0.1275,False,Kraken,Bittrex
2933,01-14-2021_10-30-11,DASH/USD,25.0,130.741,130.546,0.037287461469627275,-0.14771253853037272,0.185,False,Kraken,Coinbase Pro
2934,01-14-2021_10-30-20,DASH/USD,25.0,130.74,130.546,0.037096527459082304,-0.14790347254091768,0.185,False,Kraken,Coinbase Pro
2935,01-14-2021_10-30-31,DASH/USD,25.0,130.762,130.546,0.04129640109512094,-0.14370359890487905,0.185,False,Kraken,Coinbase Pro
2936,01-14-2021_10-30-42,DASH/USD,25.0,130.756,130.546,0.0401511211722613,-0.1448488788277387,0.185,False,Kraken,Coinbase Pro
2937,01-14-2021_10-30-52,DASH/USD,25.0,130.738,130.546,0.03671465067539799,-0.14828534932460202,0.185,False,Kraken,Coinbase Pro
2938,01-14-2021_10-31-02,DASH/USD,25.0,130.732,130.546,0.03556895021876951,-0.14943104978123048,0.185,False,Kraken,Coinbase Pro
2939,01-14-2021_10-31-11,DASH/USD,25.0,130.723,130.546,0.03385020233624169,-0.1511497976637583,0.185,False,Kraken,Coinbase Pro
2940,01-14-2021_10-31-21,DASH/USD,25.0,130.707,130.588,0.022760831478038625,-0.16223916852196138,0.185,False,Kraken,Coinbase Pro
2941,01-14-2021_10-31-30,DASH/USD,25.0,130.697,130.573,0.02371898360329526,-0.16128101639670472,0.185,False,Kraken,Coinbase Pro
2942,01-14-2021_10-31-41,DASH/USD,25.0,130.693,130.579,0.0218068297460469,-0.1631931702539531,0.185,False,Kraken,Coinbase Pro
2943,01-14-2021_10-31-51,DASH/USD,25.0,130.684,130.579,0.020086621162496897,-0.1649133788375031,0.185,False,Kraken,Coinbase Pro
2944,01-14-2021_10-32-01,DASH/USD,25.0,130.683,130.579,0.019895472249639393,-0.1651045277503606,0.185,False,Kraken,Coinbase Pro
2945,01-14-2021_10-32-12,DASH/USD,25.0,130.683,130.579,0.019895472249639393,-0.1651045277503606,0.185,False,Kraken,Coinbase Pro
2946,01-14-2021_10-32-21,DASH/USD,25.0,130.68,130.576,0.019895928986840644,-0.16510407101315935,0.185,False,Kraken,Coinbase Pro
2947,01-14-2021_10-32-31,DASH/USD,25.0,130.68,130.568,0.0214263850627477,-0.1635736149372523,0.185,False,Kraken,Coinbase Pro
2948,01-14-2021_10-32-42,DASH/USD,25.0,130.68,130.547,0.02544383226201595,-0.15955616773798403,0.185,False,Kraken,Coinbase Pro
2949,01-14-2021_10-32-52,DASH/USD,25.0,130.678,130.517,0.030800899921945804,-0.1541991000780542,0.185,False,Kraken,Coinbase Pro
2950,01-14-2021_10-33-02,DASH/USD,25.0,130.641,130.509,0.02526006383907139,-0.1597399361609286,0.185,False,Kraken,Coinbase Pro
2951,01-14-2021_10-33-12,DASH/USD,25.0,130.74368627,130.67,0.014089833341522563,-0.04860016665847743,0.06269,False,Bittrex,Binance US
2952,01-14-2021_10-33-22,DASH/USD,25.0,130.851,130.425,0.08139028360501405,-0.10360971639498595,0.185,False,Kraken,Coinbase Pro
2953,01-14-2021_10-33-33,DASH/USD,25.0,130.7,130.382,0.060826319816370246,-0.12417368018362976,0.185,False,Kraken,Coinbase Pro
2954,01-14-2021_10-33-44,DASH/USD,25.0,130.682,130.422,0.049739061232608725,-0.13526093876739126,0.185,False,Kraken,Coinbase Pro
2955,01-14-2021_10-33-54,DASH/USD,25.0,130.659,130.45286771,0.039440890026710626,-0.08805910997328938,0.1275,False,Kraken,Bittrex
2956,01-14-2021_10-34-05,DASH/USD,25.0,130.701,130.44,0.049923106938737215,-0.13507689306126278,0.185,False,Kraken,Coinbase Pro
2957,01-14-2021_10-34-14,DASH/USD,25.0,130.673,130.413,0.049742486971293014,-0.13525751302870698,0.185,False,Kraken,Coinbase Pro
2958,01-14-2021_10-34-25,DASH/USD,25.0,130.709,130.486,0.042651997949646386,-0.1423480020503536,0.185,False,Kraken,Coinbase Pro
2959,01-14-2021_10-34-35,DASH/USD,25.0,130.698,130.577,0.023144960137111762,-0.16185503986288824,0.185,False,Kraken,Coinbase Pro
2960,01-14-2021_10-34-46,DASH/USD,25.0,130.698,130.529,0.03232643192704003,-0.15267356807295995,0.185,False,Kraken,Coinbase Pro
2961,01-14-2021_10-34-57,DASH/USD,25.0,130.698,130.512,0.03557820318597206,-0.14942179681402795,0.185,False,Kraken,Coinbase Pro
2962,01-14-2021_10-35-07,DASH/USD,25.0,130.699,130.479,0.04208142372933206,-0.14291857627066795,0.185,False,Kraken,Coinbase Pro
2963,01-14-2021_10-35-17,DASH/USD,25.0,130.699,130.511,0.03596048936870531,-0.1490395106312947,0.185,False,Kraken,Coinbase Pro
2964,01-14-2021_10-35-25,DASH/USD,25.0,130.698,130.467,0.0441858329890271,-0.1408141670109729,0.185,False,Kraken,Coinbase Pro
2965,01-14-2021_10-35-36,DASH/USD,25.0,130.674,130.4,0.05242052741937969,-0.1325794725806203,0.185,False,Kraken,Coinbase Pro
2966,01-14-2021_10-35-46,DASH/USD,25.0,130.633,130.399,0.04478194636883652,-0.14021805363116346,0.185,False,Kraken,Coinbase Pro
2967,01-14-2021_10-35-56,DASH/USD,25.0,130.615,130.392,0.042682693411938366,-0.14231730658806163,0.185,False,Kraken,Coinbase Pro
2968,01-14-2021_10-36-06,DASH/USD,25.0,130.699,130.487,0.040551190139178094,-0.1444488098608219,0.185,False,Kraken,Coinbase Pro
2969,01-14-2021_10-36-15,DASH/USD,25.0,130.689,130.4955327,0.03700910176066472,-0.09049089823933529,0.1275,False,Kraken,Bittrex
2970,01-14-2021_10-36-26,DASH/USD,25.0,130.689,130.5,0.03615453481165074,-0.029035465188349256,0.06519,False,Kraken,Binance US
2971,01-14-2021_10-36-35,DASH/USD,25.0,130.689,130.5,0.03615453481165074,-0.029035465188349256,0.06519,False,Kraken,Binance US
2972,01-14-2021_10-36-45,DASH/USD,25.0,130.689,130.445,0.046675695735677786,-0.1383243042643222,0.185,False,Kraken,Coinbase Pro
2973,01-14-2021_10-36-55,DASH/USD,25.0,130.673,130.484,0.0361589616829783,-0.1488410383170217,0.185,False,Kraken,Coinbase Pro
2974,01-14-2021_10-37-06,DASH/USD,25.0,130.671,130.48,0.03654215548974189,-0.14845784451025812,0.185,False,Kraken,Coinbase Pro
2975,01-14-2021_10-37-15,DASH/USD,25.0,130.661,130.483,0.034057599436709746,-0.15094240056329025,0.185,False,Kraken,Coinbase Pro
2976,01-14-2021_10-37-24,DASH/USD,25.0,130.661,130.5,0.030804907355676397,-0.0343850926443236,0.06519,False,Kraken,Binance US
2977,01-14-2021_10-37-33,DASH/USD,25.0,130.661,130.498,0.031187577012270477,-0.1538124229877295,0.185,False,Kraken,Coinbase Pro
2978,01-14-2021_10-37-43,DASH/USD,25.0,130.659,130.479,0.03444079627120566,-0.15055920372879433,0.185,False,Kraken,Coinbase Pro
2979,01-14-2021_10-37-53,DASH/USD,25.0,130.657,130.49,0.03195389454832148,-0.15304610545167852,0.185,False,Kraken,Coinbase Pro
2980,01-14-2021_10-38-02,DASH/USD,25.0,130.625,130.318,0.05875598086124171,-0.1262440191387583,0.185,False,Kraken,Coinbase Pro
2981,01-14-2021_10-38-13,DASH/USD,25.0,130.606,130.336,0.051682158553202344,-0.13331784144679765,0.185,False,Kraken,Coinbase Pro
2982,01-14-2021_10-38-24,DASH/USD,25.0,130.591,130.311,0.05360246877656215,-0.13139753122343784,0.185,False,Kraken,Coinbase Pro
2983,01-14-2021_10-38-33,DASH/USD,25.0,130.562,130.28,0.05399733459965585,-0.13100266540034416,0.185,False,Kraken,Coinbase Pro
2984,01-14-2021_10-38-43,DASH/USD,25.0,130.667,130.263,0.07729572118438405,-0.10770427881561595,0.185,False,Kraken,Coinbase Pro
2985,01-14-2021_10-38-52,DASH/USD,25.0,130.604,130.321,0.05417138831889058,-0.1308260116811094,0.18499739999999998,False,Kraken,Coinbase Pro
2986,01-14-2021_10-39-03,DASH/USD,25.0,130.568,130.216,0.06739783101525715,-0.11760216898474285,0.185,False,Kraken,Coinbase Pro
2987,01-14-2021_10-39-12,DASH/USD,25.0,130.562,130.327,0.044997778833047446,-0.14000222116695255,0.185,False,Kraken,Coinbase Pro
2988,01-14-2021_10-39-22,DASH/USD,25.0,130.65,130.40933428,0.04605161117489662,-0.08144838882510338,0.1275,False,Kraken,Bittrex
2989,01-14-2021_10-39-31,DASH/USD,25.0,130.675,130.271,0.07729098909508796,-0.10770901090491204,0.185,False,Kraken,Coinbase Pro
2990,01-14-2021_10-39-40,DASH/USD,25.0,130.589,130.295,0.056283454195991074,-0.12871654580400893,0.185,False,Kraken,Coinbase Pro
2991,01-14-2021_10-39-49,DASH/USD,25.0,130.546,130.309,0.04538630061434184,-0.13961369938565815,0.185,False,Kraken,Coinbase Pro
2992,01-14-2021_10-39-58,DASH/USD,25.0,130.524,130.274,0.047883914069443166,-0.13711608593055682,0.185,False,Kraken,Coinbase Pro
2993,01-14-2021_10-40-10,DASH/USD,25.0,130.654,130.248,0.07768610222419634,-0.10731389777580366,0.185,False,Kraken,Coinbase Pro
2994,01-14-2021_10-40-20,DASH/USD,25.0,130.486,130.135,0.06724859371886623,-0.11775140628113377,0.185,False,Kraken,Coinbase Pro
2995,01-14-2021_10-40-32,DASH/USD,25.0,130.393,130.114,0.053492135314011556,-0.13150786468598843,0.185,False,Kraken,Coinbase Pro
2996,01-14-2021_10-40-42,DASH/USD,25.0,130.366,130.094,0.05216083948269099,-0.132839160517309,0.185,False,Kraken,Coinbase Pro
2997,01-14-2021_10-40-52,DASH/USD,25.0,130.348,130.108,0.04603062570964055,-0.13896937429035944,0.185,False,Kraken,Coinbase Pro
2998,01-14-2021_10-41-03,DASH/USD,25.0,130.297,130.04,0.04931042157532503,-0.13568957842467497,0.185,False,Kraken,Coinbase Pro
2999,01-14-2021_10-41-14,DASH/USD,25.0,130.499,130.061,0.08390868895546866,-0.10109131104453134,0.185,False,Kraken,Coinbase Pro
3000,01-14-2021_10-41-23,DASH/USD,25.0,130.382,129.986,0.07593072663404744,-0.10906927336595255,0.185,False,Kraken,Coinbase Pro
3001,01-14-2021_10-41-33,DASH/USD,25.0,130.268,130.02,0.04759419043817178,-0.1374058095618282,0.185,False,Kraken,Coinbase Pro
3002,01-14-2021_10-41-42,DASH/USD,25.0,130.251,130.026,0.043185848861044124,-0.14181415113895587,0.185,False,Kraken,Coinbase Pro
3003,01-14-2021_10-41-52,DASH/USD,25.0,130.363,130.02,0.06577786641915062,-0.11922213358084938,0.185,False,Kraken,Coinbase Pro
3004,01-14-2021_10-42-02,DASH/USD,25.0,130.292,130.016,0.052957971325946804,-0.13204202867405318,0.185,False,Kraken,Coinbase Pro
3005,01-14-2021_10-42-13,DASH/USD,25.0,129.96,129.709,0.048284087411512154,-0.10171591258848783,0.15,False,Binance US,Coinbase Pro
3006,01-14-2021_10-42-24,DASH/USD,25.0,129.96,129.697,0.05059248999692313,-0.09940751000307686,0.15,False,Binance US,Coinbase Pro
3007,01-14-2021_10-42-33,DASH/USD,25.0,129.96,129.645,0.06059556786703557,-0.08940443213296442,0.15,False,Binance US,Coinbase Pro
3008,01-14-2021_10-42-44,DASH/USD,25.0,129.779,129.471,0.059331633006879526,-0.12566836699312048,0.185,False,Kraken,Coinbase Pro
3009,01-14-2021_10-42-54,DASH/USD,25.0,129.919,129.476,0.08524542214764816,-0.09975457785235184,0.185,False,Kraken,Coinbase Pro
3010,01-14-2021_10-43-03,DASH/USD,25.0,129.797,129.579,0.04198864380532472,-0.14301135619467528,0.185,False,Kraken,Coinbase Pro
3011,01-14-2021_10-43-14,DASH/USD,25.0,129.733,129.438,0.05684752530196941,-0.1281524746980306,0.185,False,Kraken,Coinbase Pro
3012,01-14-2021_10-43-24,DASH/USD,25.0,129.674,129.411,0.05070407329148581,-0.1342959267085142,0.185,False,Kraken,Coinbase Pro
3013,01-14-2021_10-43-35,DASH/USD,25.0,129.65,129.409,0.04647126880061972,-0.10352873119938028,0.15,False,Binance US,Coinbase Pro
3014,01-14-2021_10-43-46,DASH/USD,25.0,129.65,129.409,0.04647126880061972,-0.10352873119938028,0.15,False,Binance US,Coinbase Pro
3015,01-14-2021_10-43-57,DASH/USD,25.0,129.65,129.413,0.04569996143463069,-0.1043000385653693,0.15,False,Binance US,Coinbase Pro
3016,01-14-2021_10-44-08,DASH/USD,25.0,129.63,129.415,0.0414641672452371,-0.09853583275476288,0.13999999999999999,False,Binance US,Coinbase Pro
3017,01-14-2021_10-44-18,DASH/USD,25.0,129.63,129.392,0.04589986885751746,-0.09410013114248253,0.13999999999999999,False,Binance US,Coinbase Pro
3018,01-14-2021_10-44-29,DASH/USD,25.0,129.63,129.549,0.015621383938900883,-0.1243786160610991,0.13999999999999999,False,Binance US,Coinbase Pro
3019,01-14-2021_10-44-40,DASH/USD,25.0,129.78,129.505,0.05297426413931378,-0.09702573586068622,0.15,False,Binance US,Coinbase Pro
3020,01-14-2021_10-44-51,DASH/USD,25.0,129.78,129.537,0.046809986130373515,-0.10319001386962648,0.15,False,Binance US,Coinbase Pro
3021,01-14-2021_10-45-02,DASH/USD,25.0,129.898,129.575,0.06216415957135744,-0.12283584042864257,0.185,False,Kraken,Coinbase Pro
3022,01-14-2021_10-45-13,DASH/USD,25.0,129.853,129.575,0.05352205955965977,-0.13147794044034022,0.185,False,Kraken,Coinbase Pro
3023,01-14-2021_10-45-24,DASH/USD,25.0,129.822,129.575,0.04756512763630473,-0.13743487236369528,0.185,False,Kraken,Coinbase Pro
3024,01-14-2021_10-45-34,DASH/USD,25.0,129.82,129.627,0.037166846402708294,-0.1478331535972917,0.185,False,Kraken,Coinbase Pro
3025,01-14-2021_10-45-44,DASH/USD,25.0,129.96,129.699,0.05020775623268615,-0.09979224376731385,0.15,False,Binance US,Coinbase Pro
3026,01-14-2021_10-45-54,DASH/USD,25.0,129.95,129.745,0.039438245479027335,-0.10056175452097266,0.13999999999999999,False,Binance US,Coinbase Pro
3027,01-14-2021_10-46-05,DASH/USD,25.0,129.96,129.828,0.025392428439520814,-0.06960757156047918,0.095,False,Binance US,Kraken
3028,01-14-2021_10-46-15,DASH/USD,25.0,130.255,129.988,0.051245633564929546,-0.13375436643507044,0.185,False,Kraken,Coinbase Pro
3029,01-14-2021_10-46-26,DASH/USD,25.0,130.26,130.149,0.02130354675264663,-0.11869645324735335,0.13999999999999999,False,Binance US,Coinbase Pro
3030,01-14-2021_10-46-37,DASH/USD,25.0,130.31287305,130.242,0.013596709277682754,-0.11390329072231725,0.1275,False,Bittrex,Kraken
3031,01-14-2021_10-46-46,DASH/USD,25.0,130.259,130.064,0.03742543701394783,-0.14757456298605218,0.185,False,Kraken,Coinbase Pro
3032,01-14-2021_10-46-56,DASH/USD,25.0,130.28072807,130.199,0.015683069785287877,-0.1668169302147121,0.1825,False,Bittrex,Coinbase Pro
3033,01-14-2021_10-47-07,DASH/USD,25.0,130.43,130.202,0.04370160239208937,-0.14129839760791063,0.185,False,Kraken,Coinbase Pro
3034,01-14-2021_10-47-17,DASH/USD,25.0,130.338,130.031,0.05888535960349015,-0.12611464039650985,0.185,False,Kraken,Coinbase Pro
3035,01-14-2021_10-47-28,DASH/USD,25.0,130.284,130.20026643,0.01606750828958134,-0.11143249171041866,0.1275,False,Kraken,Bittrex
3036,01-14-2021_10-47-39,DASH/USD,25.0,130.523,130.20026655,0.061815436742947025,-0.06568456325705298,0.1275,False,Kraken,Bittrex
3037,01-14-2021_10-47-49,DASH/USD,25.0,130.43,130.118,0.05980219274706966,-0.09019780725293033,0.15,False,Binance US,Coinbase Pro
3038,01-14-2021_10-48-00,DASH/USD,25.0,130.43,130.105,0.062293950778198465,-0.08770604922180153,0.15,False,Binance US,Coinbase Pro
3039,01-14-2021_10-48-10,DASH/USD,25.0,130.81009982,130.13,0.12997846132214835,-0.05252153867785164,0.1825,False,Bittrex,Coinbase Pro
3040,01-14-2021_10-48-20,DASH/USD,25.0,130.43,130.195,0.0450433182550053,-0.1049566817449947,0.15,False,Binance US,Coinbase Pro
3041,01-14-2021_10-48-30,DASH/USD,25.0,130.43,130.178,0.04830177106494088,-0.10169822893505912,0.15,False,Binance US,Coinbase Pro
3042,01-14-2021_10-48-41,DASH/USD,25.0,130.43,130.158,0.05213524495898562,-0.09786475504101438,0.15,False,Binance US,Coinbase Pro
3043,01-14-2021_10-48-51,DASH/USD,25.0,130.31967901,130.157,0.031207683144211393,-0.1512923168557886,0.1825,False,Bittrex,Coinbase Pro
3044,01-14-2021_10-49-02,DASH/USD,25.0,130.3196789,130.25,0.013366918294335542,-0.16913308170566446,0.1825,False,Bittrex,Coinbase Pro
3045,01-14-2021_10-49-12,DASH/USD,25.0,130.484,130.25,0.044833082983355976,-0.14016691701664402,0.185,False,Kraken,Coinbase Pro
3046,01-14-2021_10-49-22,DASH/USD,25.0,130.483,130.23,0.0484737475379962,-0.13652625246200378,0.185,False,Kraken,Coinbase Pro
3047,01-14-2021_10-49-31,DASH/USD,25.0,130.47,130.23,0.04598758335249657,-0.1390124166475034,0.185,False,Kraken,Coinbase Pro
3048,01-14-2021_10-49-42,DASH/USD,25.0,130.51716384,130.376,0.027039324914584002,-0.155460675085416,0.1825,False,Bittrex,Coinbase Pro
3049,01-14-2021_10-49-52,DASH/USD,25.0,130.62553123,130.471,0.029575234746397183,-0.09792476525360282,0.1275,False,Bittrex,Kraken
3050,01-14-2021_10-50-03,DASH/USD,25.0,130.62553122,130.471,0.029575232834791975,-0.09792476716520802,0.1275,False,Bittrex,Kraken
3051,01-14-2021_10-50-12,DASH/USD,25.0,131.092,130.513,0.110418637292895,-0.074581362707105,0.185,False,Kraken,Coinbase Pro
3052,01-14-2021_10-50-22,DASH/USD,25.0,131.071,130.617,0.0865942885916808,-0.0984057114083192,0.185,False,Kraken,Coinbase Pro
3053,01-14-2021_10-50-32,DASH/USD,25.0,130.998,130.667,0.06316890334203364,-0.12183109665796636,0.185,False,Kraken,Coinbase Pro
3054,01-14-2021_10-50-41,DASH/USD,25.0,131.07598436,130.86,0.0411944951347442,-0.021495504865255796,0.06269,False,Bittrex,Binance US
3055,01-14-2021_10-50-50,DASH/USD,25.0,131.07598427,130.851,0.04291103958764748,-0.13958896041235253,0.1825,False,Bittrex,Coinbase Pro
3056,01-14-2021_10-51-01,DASH/USD,25.0,131.168,130.904,0.05031715052452008,-0.13468284947547993,0.185,False,Kraken,Coinbase Pro
3057,01-14-2021_10-51-11,DASH/USD,25.0,131.159,130.891,0.05108303661967549,-0.1339169633803245,0.185,False,Kraken,Coinbase Pro
3058,01-14-2021_10-51-21,DASH/USD,25.0,131.115,130.779,0.0640658963505344,-0.1209341036494656,0.185,False,Kraken,Coinbase Pro
3059,01-14-2021_10-51-31,DASH/USD,25.0,131.078,130.684,0.07514609621752039,-0.10985390378247961,0.185,False,Kraken,Coinbase Pro
3060,01-14-2021_10-51-41,DASH/USD,25.0,131.064,130.61,0.0865989135079006,-0.0984010864920994,0.185,False,Kraken,Coinbase Pro
3061,01-14-2021_10-51-51,DASH/USD,25.0,131.014,130.581,0.0826247576594908,-0.1023752423405092,0.185,False,Kraken,Coinbase Pro
3062,01-14-2021_10-52-01,DASH/USD,25.0,130.903,130.581,0.06149591682390831,-0.12350408317609168,0.185,False,Kraken,Coinbase Pro
3063,01-14-2021_10-52-12,DASH/USD,25.0,130.917,130.581,0.06416279016476331,-0.12083720983523669,0.185,False,Kraken,Coinbase Pro
3064,01-14-2021_10-52-21,DASH/USD,25.0,130.9,130.581,0.06092436974790237,-0.12407563025209763,0.185,False,Kraken,Coinbase Pro
3065,01-14-2021_10-52-32,DASH/USD,25.0,130.893,130.581,0.05959065801838368,-0.12540934198161632,0.185,False,Kraken,Coinbase Pro
3066,01-14-2021_10-52-41,DASH/USD,25.0,130.883,130.58,0.057876118365256995,-0.127123881634743,0.185,False,Kraken,Coinbase Pro
3067,01-14-2021_10-52-52,DASH/USD,25.0,130.883,130.58,0.057876118365256995,-0.127123881634743,0.185,False,Kraken,Coinbase Pro
3068,01-14-2021_10-53-02,DASH/USD,25.0,130.91,130.78,0.024826216484606877,-0.12517378351539313,0.15,False,Binance US,Coinbase Pro
3069,01-14-2021_10-53-12,DASH/USD,25.0,130.91,130.8,0.02100679856389604,-0.12899320143610396,0.15,False,Binance US,Coinbase Pro
3070,01-14-2021_10-53-22,DASH/USD,25.0,131.03,130.887,0.027283828130962504,-0.057716171869037505,0.085,False,Binance US,Kraken
3071,01-14-2021_10-53-32,DASH/USD,25.0,131.03,130.881,0.028428604136457473,-0.1115713958635425,0.13999999999999999,False,Binance US,Coinbase Pro
3072,01-14-2021_10-53-42,DASH/USD,25.0,131.091,130.977,0.02174062292605982,-0.16325937707394017,0.185,False,Kraken,Coinbase Pro
3073,01-14-2021_10-53-53,DASH/USD,25.0,131.21,130.966,0.04649035896654214,-0.10350964103345786,0.15,False,Binance US,Coinbase Pro
3074,01-14-2021_10-54-03,DASH/USD,25.0,131.2,130.957,0.046303353658535634,-0.09369664634146435,0.13999999999999999,False,Binance US,Coinbase Pro
3075,01-14-2021_10-54-13,DASH/USD,25.0,131.2,131.018,0.034679878048778194,-0.10532012195122178,0.13999999999999999,False,Binance US,Coinbase Pro
3076,01-14-2021_10-54-22,DASH/USD,25.0,131.16,130.914,0.04688929551692767,-0.10311070448307233,0.15,False,Binance US,Coinbase Pro
3077,01-14-2021_10-54-32,DASH/USD,25.0,131.21,131.018,0.036582577547444414,-0.11341742245255558,0.15,False,Binance US,Coinbase Pro
3078,01-14-2021_10-54-42,DASH/USD,25.0,131.249,131.018,0.04400033524064842,-0.14099966475935158,0.185,False,Kraken,Coinbase Pro
3079,01-14-2021_10-54-52,DASH/USD,25.0,131.241,130.988,0.048193780906883955,-0.13680621909311605,0.185,False,Kraken,Coinbase Pro
3080,01-14-2021_10-55-03,DASH/USD,25.0,131.283,131.118,0.03142067137405301,-0.15357932862594698,0.185,False,Kraken,Coinbase Pro
3081,01-14-2021_10-55-12,DASH/USD,25.0,131.31120181,131.118,0.03678319277733009,-0.14571680722266991,0.1825,False,Bittrex,Coinbase Pro
3082,01-14-2021_10-55-22,DASH/USD,25.0,131.31120177,131.118,0.03678318517303783,-0.14571681482696217,0.1825,False,Bittrex,Coinbase Pro
3083,01-14-2021_10-55-32,DASH/USD,25.0,131.546,131.45,0.01824456843993805,-0.04694543156006195,0.06519,False,Kraken,Binance US
3084,01-14-2021_10-55-44,DASH/USD,25.0,131.63,131.44,0.03608599863253015,-0.10391400136746984,0.13999999999999999,False,Binance US,Coinbase Pro
3085,01-14-2021_10-55-53,DASH/USD,25.0,131.63,131.36,0.05128010331990842,-0.08871989668009156,0.13999999999999999,False,Binance US,Coinbase Pro
3086,01-14-2021_10-56-03,DASH/USD,25.0,131.6,131.436,0.03115501519756597,-0.11884498480243402,0.15,False,Binance US,Coinbase Pro
3087,01-14-2021_10-56-14,DASH/USD,25.0,131.58,131.509,0.013489892080868362,-0.12651010791913161,0.13999999999999999,False,Binance US,Coinbase Pro
3088,01-14-2021_10-56-24,DASH/USD,25.0,131.74,131.465,0.05218612418399986,-0.09781387581600014,0.15,False,Binance US,Coinbase Pro
3089,01-14-2021_10-56-35,DASH/USD,25.0,131.74,131.487,0.048011234249281595,-0.1019887657507184,0.15,False,Binance US,Coinbase Pro
3090,01-14-2021_10-56-45,DASH/USD,25.0,131.74,131.487,0.048011234249281595,-0.1019887657507184,0.15,False,Binance US,Coinbase Pro
3091,01-14-2021_10-56-55,DASH/USD,25.0,131.76,131.522,0.04515786278081352,-0.10484213721918648,0.15,False,Binance US,Coinbase Pro
3092,01-14-2021_10-57-04,DASH/USD,25.0,131.80230687,131.522,0.05316805082108272,-0.12933194917891727,0.1825,False,Bittrex,Coinbase Pro
3093,01-14-2021_10-57-14,DASH/USD,25.0,131.80230666,131.522,0.05316801107341256,-0.12933198892658743,0.1825,False,Bittrex,Coinbase Pro
3094,01-14-2021_10-57-24,DASH/USD,25.0,131.80230652,131.522,0.05316798457496572,-0.12933201542503428,0.1825,False,Bittrex,Coinbase Pro
3095,01-14-2021_10-57-34,DASH/USD,25.0,131.887,131.522,0.06918801701456723,-0.11581198298543277,0.185,False,Kraken,Coinbase Pro
3096,01-14-2021_10-57-44,DASH/USD,25.0,131.876,131.7,0.033364675907673905,-0.1516353240923261,0.185,False,Kraken,Coinbase Pro
3097,01-14-2021_10-57-56,DASH/USD,25.0,131.96,131.702,0.04887844801455171,-0.09112155198544827,0.13999999999999999,False,Binance US,Coinbase Pro
3098,01-14-2021_10-58-07,DASH/USD,25.0,131.92,131.702,0.04131291691934304,-0.10868708308065696,0.15,False,Binance US,Coinbase Pro
3099,01-14-2021_10-58-18,DASH/USD,25.0,132.208,131.925,0.053514159506230154,-0.13148584049376985,0.185,False,Kraken,Coinbase Pro
3100,01-14-2021_10-58-29,DASH/USD,25.0,132.615,131.96,0.12347773630433984,0.05828773630433984,0.06519,True,Kraken,Binance US
3101,01-14-2021_10-58-38,DASH/USD,25.0,132.72,132.43,0.05462628089210218,-0.09537371910789781,0.15,False,Binance US,Coinbase Pro
3102,01-14-2021_10-58-48,DASH/USD,25.0,132.68,132.43,0.04710581851070244,-0.10289418148929755,0.15,False,Binance US,Coinbase Pro
3103,01-14-2021_10-59-00,DASH/USD,25.0,132.66,132.45,0.03957485300769033,-0.11042514699230967,0.15,False,Binance US,Coinbase Pro
3104,01-14-2021_10-59-09,DASH/USD,25.0,132.77261354,132.631,0.026664674330099183,-0.15583532566990083,0.1825,False,Bittrex,Coinbase Pro
3105,01-14-2021_10-59-18,DASH/USD,25.0,132.82600773,132.631,0.03670360446208418,-0.14579639553791582,0.1825,False,Bittrex,Coinbase Pro
3106,01-14-2021_10-59-28,DASH/USD,25.0,132.82600768,132.666,0.030116029758549233,-0.15238397024145076,0.1825,False,Bittrex,Coinbase Pro
3107,01-14-2021_10-59-39,DASH/USD,25.0,132.775,132.536,0.0450009414422904,-0.1399990585577096,0.185,False,Kraken,Coinbase Pro
3108,01-14-2021_10-59-49,DASH/USD,25.0,132.73,132.38,0.06592330294582882,-0.08407669705417117,0.15,False,Binance US,Coinbase Pro
3109,01-14-2021_11-00-00,DASH/USD,25.0,132.73,132.598,0.024862502825280002,-0.12513749717472,0.15,False,Binance US,Coinbase Pro
3110,01-14-2021_11-00-09,DASH/USD,25.0,132.68,132.467,0.04013415737111732,-0.10986584262888267,0.15,False,Binance US,Coinbase Pro
3111,01-14-2021_11-00-18,DASH/USD,25.0,132.64,132.436,0.038449939686365224,-0.05655006031363478,0.095,False,Binance US,Kraken
3112,01-14-2021_11-00-28,DASH/USD,25.0,132.62,132.44,0.033931533705324764,-0.11606846629467524,0.15,False,Binance US,Coinbase Pro
3113,01-14-2021_11-00-39,DASH/USD,25.0,132.27855215,132.086,0.03639141547709765,-0.14610858452290235,0.1825,False,Bittrex,Coinbase Pro
3114,01-14-2021_11-00-49,DASH/USD,25.0,132.27855209,132.175,0.019570839029432893,-0.10792916097056711,0.1275,False,Bittrex,Kraken
3115,01-14-2021_11-00-58,DASH/USD,25.0,132.547,132.145,0.07582216119564887,-0.10917783880435113,0.185,False,Kraken,Coinbase Pro
3116,01-14-2021_11-01-08,DASH/USD,25.0,132.723,132.29,0.08156084476692456,0.01637084476692456,0.06519,True,Kraken,Binance US
3117,01-14-2021_11-01-17,DASH/USD,25.0,132.704,132.293,0.07742795997106368,-0.10757204002893632,0.185,False,Kraken,Coinbase Pro
3118,01-14-2021_11-01-27,DASH/USD,25.0,132.677,132.293,0.07235617326288395,-0.11264382673711605,0.185,False,Kraken,Coinbase Pro
3119,01-14-2021_11-01-37,DASH/USD,25.0,132.627,132.293,0.06295852277439797,-0.12204147722560203,0.185,False,Kraken,Coinbase Pro
3120,01-14-2021_11-01-47,DASH/USD,25.0,132.556,132.293,0.04960167778146693,-0.13539832221853307,0.185,False,Kraken,Coinbase Pro
3121,01-14-2021_11-01-57,DASH/USD,25.0,132.55,130.43443246,0.39901311580535653,0.27151311580535653,0.1275,True,Kraken,Bittrex
3122,01-14-2021_11-02-08,DASH/USD,25.0,132.59,132.57700691,0.002449862357645568,-0.09005013764235444,0.0925,False,Binance US,Bittrex
3123,01-14-2021_11-02-19,DASH/USD,25.0,132.86467181,132.61,0.04791939921474727,-0.014770600785252726,0.06269,False,Bittrex,Binance US
3124,01-14-2021_11-02-29,DASH/USD,25.0,132.84415084,132.61,0.04406495101955967,-0.018625048980440324,0.06269,False,Bittrex,Binance US
3125,01-14-2021_11-02-40,DASH/USD,25.0,132.84415068,132.61,0.04406492096216379,-0.01862507903783621,0.06269,False,Bittrex,Binance US
3126,01-14-2021_11-02-52,DASH/USD,25.0,132.8441506,132.61,0.04406490593346314,-0.018625094066536854,0.06269,False,Bittrex,Binance US
3127,01-14-2021_11-03-02,DASH/USD,25.0,132.8441505,132.61,0.04406488714758998,-0.018625112852410017,0.06269,False,Bittrex,Binance US
3128,01-14-2021_11-03-12,DASH/USD,25.0,132.796,132.6,0.03689870176812517,-0.02829129823187483,0.06519,False,Kraken,Binance US
3129,01-14-2021_11-03-23,DASH/USD,25.0,132.702,132.6,0.0192159877017686,-0.0459740122982314,0.06519,False,Kraken,Binance US
3130,01-14-2021_11-03-33,DASH/USD,25.0,132.692,132.6,0.01733337352666569,-0.04785662647333431,0.06519,False,Kraken,Binance US
3131,01-14-2021_11-03-43,DASH/USD,25.0,132.7453711,132.596,0.028131131572089185,-0.1543688684279108,0.1825,False,Bittrex,Coinbase Pro
3132,01-14-2021_11-03-53,DASH/USD,25.0,132.74537101,132.663,0.015512972198819197,-0.1669870278011808,0.1825,False,Bittrex,Coinbase Pro
3133,01-14-2021_11-04-03,DASH/USD,25.0,132.74537094,132.668,0.014571306602275302,-0.1129286933977247,0.1275,False,Bittrex,Kraken
3134,01-14-2021_11-04-14,DASH/USD,25.0,132.7379415,132.658,0.015056264075034284,-0.11244373592496572,0.1275,False,Bittrex,Kraken
3135,01-14-2021_11-04-24,DASH/USD,25.0,132.80762375,132.697,0.020824058679086564,-0.10667594132091343,0.1275,False,Bittrex,Kraken
3136,01-14-2021_11-04-35,DASH/USD,25.0,132.80762375,132.697,0.020824058679086564,-0.10667594132091343,0.1275,False,Bittrex,Kraken
3137,01-14-2021_11-04-46,DASH/USD,25.0,132.9522535,132.697,0.04799721202168437,-0.07950278797831564,0.1275,False,Bittrex,Kraken
3138,01-14-2021_11-04-56,DASH/USD,25.0,132.9522535,132.697,0.04799721202168437,-0.07950278797831564,0.1275,False,Bittrex,Kraken
3139,01-14-2021_11-05-06,DASH/USD,25.0,132.95225346,132.697,0.047997204514626995,-0.079502795485373,0.1275,False,Bittrex,Kraken
3140,01-14-2021_11-05-16,DASH/USD,25.0,132.95225344,132.697,0.04799720076109564,-0.07950279923890435,0.1275,False,Bittrex,Kraken
3141,01-14-2021_11-05-26,DASH/USD,25.0,132.95162855,132.697,0.04787992309252663,-0.07962007690747337,0.1275,False,Bittrex,Kraken
3142,01-14-2021_11-05-35,DASH/USD,25.0,132.95162848,132.697,0.047879909955054055,-0.07962009004494594,0.1275,False,Bittrex,Kraken
3143,01-14-2021_11-05-46,DASH/USD,25.0,132.95162841,132.697,0.04787989681758147,-0.07962010318241852,0.1275,False,Bittrex,Kraken
3144,01-14-2021_11-05-56,DASH/USD,25.0,132.92993369,132.697,0.04380760667180207,-0.08369239332819793,0.1275,False,Bittrex,Kraken
3145,01-14-2021_11-06-05,DASH/USD,25.0,132.92993365,132.697,0.04380759916222352,-0.08369240083777649,0.1275,False,Bittrex,Kraken
3146,01-14-2021_11-06-16,DASH/USD,25.0,132.9299336,132.697,0.043807589775249,-0.083692410224751,0.1275,False,Bittrex,Kraken
3147,01-14-2021_11-06-26,DASH/USD,25.0,132.71,132.538,0.03240147690452811,-0.10759852309547188,0.13999999999999999,False,Binance US,Coinbase Pro
3148,01-14-2021_11-06-37,DASH/USD,25.0,132.71,132.678,0.006028181749681765,-0.13397181825031823,0.13999999999999999,False,Binance US,Coinbase Pro
3149,01-14-2021_11-06-47,DASH/USD,25.0,132.74,132.664,0.014313695946968099,-0.12568630405303188,0.13999999999999999,False,Binance US,Coinbase Pro
3150,01-14-2021_11-06-57,DASH/USD,25.0,132.74,132.589,0.02843905378936463,-0.11156094621063535,0.13999999999999999,False,Binance US,Coinbase Pro
3151,01-14-2021_11-07-07,DASH/USD,25.0,132.69,132.437,0.04766749566658865,-0.10233250433341134,0.15,False,Binance US,Coinbase Pro
3152,01-14-2021_11-07-18,DASH/USD,25.0,132.72,132.494,0.04257082579867373,-0.05242917420132627,0.095,False,Binance US,Kraken
3153,01-14-2021_11-07-28,DASH/USD,25.0,132.79175389,132.5,0.054926959214966396,-0.0725730407850336,0.1275,False,Bittrex,Kraken
3154,01-14-2021_11-07-38,DASH/USD,25.0,132.7917538,132.501,0.054738677606049606,-0.12776132239395038,0.1825,False,Bittrex,Coinbase Pro
3155,01-14-2021_11-07-49,DASH/USD,25.0,132.59361629,132.326,0.050457989134011894,-0.1320420108659881,0.1825,False,Bittrex,Coinbase Pro
3156,01-14-2021_11-07-58,DASH/USD,25.0,132.59361629,132.326,0.050457989134011894,-0.1320420108659881,0.1825,False,Bittrex,Coinbase Pro
3157,01-14-2021_11-08-09,DASH/USD,25.0,132.50060808,132.283,0.041057939875384176,-0.14144206012461583,0.1825,False,Bittrex,Coinbase Pro
3158,01-14-2021_11-08-19,DASH/USD,25.0,132.58508398,132.373,0.039990165868132095,-0.08750983413186791,0.1275,False,Bittrex,Kraken
3159,01-14-2021_11-08-28,DASH/USD,25.0,132.65,132.468,0.03430079155673132,-0.11569920844326867,0.15,False,Binance US,Coinbase Pro
3160,01-14-2021_11-08-39,DASH/USD,25.0,132.63,132.438,0.03619090703460893,-0.11380909296539107,0.15,False,Binance US,Coinbase Pro
3161,01-14-2021_11-08-48,DASH/USD,25.0,132.62,132.426,0.03657065299351848,-0.11342934700648152,0.15,False,Binance US,Coinbase Pro
3162,01-14-2021_11-08-58,DASH/USD,25.0,132.6,132.437,0.0307315233785789,-0.0642684766214211,0.095,False,Binance US,Kraken
3163,01-14-2021_11-09-08,DASH/USD,25.0,132.69,132.437,0.04766749566658865,-0.04733250433341135,0.095,False,Binance US,Kraken
3164,01-14-2021_11-09-18,DASH/USD,25.0,132.68662178,132.437,0.04703220578142901,-0.08046779421857099,0.1275,False,Bittrex,Kraken
3165,01-14-2021_11-09-27,DASH/USD,25.0,132.81300591,132.641,0.03237745972645078,-0.15012253027354922,0.18249999,False,Bittrex,Coinbase Pro
3166,01-14-2021_11-09-36,DASH/USD,25.0,132.81300586,132.641,0.03237745032691427,-0.15012254967308572,0.1825,False,Bittrex,Coinbase Pro
3167,01-14-2021_11-09-45,DASH/USD,25.0,132.8130058,132.655,0.029742154965973253,-0.09775784503402675,0.1275,False,Bittrex,Kraken
3168,01-14-2021_11-09-55,DASH/USD,25.0,132.81300578,132.655,0.029742151205757524,-0.09775784879424249,0.1275,False,Bittrex,Kraken
3169,01-14-2021_11-10-04,DASH/USD,25.0,132.8130057,132.655,0.02974213616490529,-0.09775786383509472,0.1275,False,Bittrex,Kraken
3170,01-14-2021_11-10-13,DASH/USD,25.0,132.80097545,132.655,0.027480116299102225,-0.10001988370089777,0.1275,False,Bittrex,Kraken
3171,01-14-2021_11-10-22,DASH/USD,25.0,132.80097537,132.655,0.02748010125552479,-0.10001989874447521,0.1275,False,Bittrex,Kraken
3172,01-14-2021_11-10-32,DASH/USD,25.0,132.92,132.655,0.049842010231715764,-0.04515798976828424,0.095,False,Binance US,Kraken
3173,01-14-2021_11-10-41,DASH/USD,25.0,132.92,132.655,0.049842010231715764,-0.04515798976828424,0.095,False,Binance US,Kraken
3174,01-14-2021_11-10-50,DASH/USD,25.0,132.92,132.655,0.049842010231715764,-0.04515798976828424,0.095,False,Binance US,Kraken
3175,01-14-2021_11-10-59,DASH/USD,25.0,132.92,132.655,0.049842010231715764,-0.04515798976828424,0.095,False,Binance US,Kraken
3176,01-14-2021_11-11-09,DASH/USD,25.0,132.92,132.655,0.049842010231715764,-0.04515798976828424,0.095,False,Binance US,Kraken
3177,01-14-2021_11-11-18,DASH/USD,25.0,132.95493277,132.68,0.05169660957138033,-0.07580339042861967,0.1275,False,Bittrex,Kraken
3178,01-14-2021_11-11-27,DASH/USD,25.0,132.95493277,132.68,0.05169660957138033,-0.07580339042861967,0.1275,False,Bittrex,Kraken
3179,01-14-2021_11-11-36,DASH/USD,25.0,132.95493277,132.79,0.031012909142176383,-0.1514870908578236,0.1825,False,Bittrex,Coinbase Pro
3180,01-14-2021_11-11-45,DASH/USD,25.0,132.95493277,132.79,0.031012909142176383,-0.1514870908578236,0.1825,False,Bittrex,Coinbase Pro
3181,01-14-2021_11-11-56,DASH/USD,25.0,132.95493277,132.79,0.031012909142176383,-0.1514870908578236,0.1825,False,Bittrex,Coinbase Pro
3182,01-14-2021_11-12-06,DASH/USD,25.0,133.03891215,132.79,0.046774313239901846,-0.13572568676009816,0.1825,False,Bittrex,Coinbase Pro
3183,01-14-2021_11-12-16,DASH/USD,25.0,133.03891215,132.79,0.046774313239901846,-0.13572568676009816,0.1825,False,Bittrex,Coinbase Pro
3184,01-14-2021_11-12-25,DASH/USD,25.0,133.03891215,132.79,0.046774313239901846,-0.13572568676009816,0.1825,False,Bittrex,Coinbase Pro
3185,01-14-2021_11-12-35,DASH/USD,25.0,133.03891211,132.752,0.053915073689639124,-0.12858492631036086,0.1825,False,Bittrex,Coinbase Pro
3186,01-14-2021_11-12-45,DASH/USD,25.0,132.9660938,132.737,0.04307372531086855,-0.13942626468913144,0.18249999,False,Bittrex,Coinbase Pro
3187,01-14-2021_11-12-55,DASH/USD,25.0,132.96609372,132.737,0.04307371029535437,-0.13942628970464563,0.1825,False,Bittrex,Coinbase Pro
3188,01-14-2021_11-13-05,DASH/USD,25.0,132.96609366,132.737,0.04307369903372138,-0.13942630096627862,0.1825,False,Bittrex,Coinbase Pro
3189,01-14-2021_11-13-14,DASH/USD,25.0,133.04482685,132.79,0.04788364494008145,-0.13461635505991854,0.1825,False,Bittrex,Coinbase Pro
3190,01-14-2021_11-13-23,DASH/USD,25.0,133.04482681,132.79,0.047883637438213396,-0.1346163625617866,0.1825,False,Bittrex,Coinbase Pro
3191,01-14-2021_11-13-33,DASH/USD,25.0,133.07,132.85,0.04133162996918894,-0.10866837003081106,0.15,False,Binance US,Coinbase Pro
3192,01-14-2021_11-13-42,DASH/USD,25.0,133.41512214,132.9,0.09652619053547801,-0.030973809464521995,0.1275,False,Bittrex,Kraken
3193,01-14-2021_11-13-53,DASH/USD,25.0,133.41512209,133.035,0.07122919876796079,-0.11127080123203921,0.1825,False,Bittrex,Coinbase Pro
3194,01-14-2021_11-14-01,DASH/USD,25.0,133.41512207,133.061,0.06635718359838327,-0.061142806401616734,0.12749999,False,Bittrex,Kraken
3195,01-14-2021_11-14-10,DASH/USD,25.0,133.53024706,133.061,0.08785407619839436,-0.03964592380160564,0.1275,False,Bittrex,Kraken
3196,01-14-2021_11-14-19,DASH/USD,25.0,133.37572205,133.061,0.05899163002881758,-0.06850836997118243,0.1275,False,Bittrex,Kraken
3197,01-14-2021_11-14-30,DASH/USD,25.0,133.37572202,133.061,0.058991624418875045,-0.06850837558112496,0.1275,False,Bittrex,Kraken
3198,01-14-2021_11-14-41,DASH/USD,25.0,133.37572195,133.061,0.05899161132900736,-0.06850838867099264,0.1275,False,Bittrex,Kraken
3199,01-14-2021_11-14-50,DASH/USD,25.0,133.35566656,132.868,0.09142216686019017,-0.09107783313980983,0.1825,False,Bittrex,Coinbase Pro
3200,01-14-2021_11-15-00,DASH/USD,25.0,133.03163743,132.721,0.05837660800113059,-0.1241233919988694,0.1825,False,Bittrex,Coinbase Pro
3201,01-14-2021_11-15-12,DASH/USD,25.0,133.03163736,132.76,0.05104751121436542,-0.1314524887856346,0.1825,False,Bittrex,Coinbase Pro
3202,01-14-2021_11-15-22,DASH/USD,25.0,133.03163735,132.83,0.0378927437894905,-0.1446072562105095,0.1825,False,Bittrex,Coinbase Pro
3203,01-14-2021_11-15-31,DASH/USD,25.0,133.058,132.845,0.04002014159238713,-0.14497985840761288,0.185,False,Kraken,Coinbase Pro
3204,01-14-2021_11-15-40,DASH/USD,25.0,133.19684214,133.001,0.0367580298551957,-0.1457419701448043,0.1825,False,Bittrex,Coinbase Pro
3205,01-14-2021_11-15-51,DASH/USD,25.0,133.19684208,133.0,0.03694571074774131,-0.1455542892522587,0.1825,False,Bittrex,Coinbase Pro
3206,01-14-2021_11-16-00,DASH/USD,25.0,133.19684207,132.931,0.04989646636297141,-0.1326035336370286,0.1825,False,Bittrex,Coinbase Pro
3207,01-14-2021_11-16-10,DASH/USD,25.0,133.12,132.732,0.07286658653846252,-0.06713341346153746,0.13999999999999999,False,Binance US,Coinbase Pro
3208,01-14-2021_11-16-20,DASH/USD,25.0,132.96866257,132.705,0.04957231367600943,-0.13292768632399057,0.1825,False,Bittrex,Coinbase Pro
3209,01-14-2021_11-16-30,DASH/USD,25.0,133.19684195,133.061,0.025496465984339623,-0.10200353401566038,0.1275,False,Bittrex,Kraken
3210,01-14-2021_11-16-42,DASH/USD,25.0,133.18,132.959,0.04148520798918825,-0.10851479201081174,0.15,False,Binance US,Coinbase Pro
3211,01-14-2021_11-16-51,DASH/USD,25.0,133.18,132.902,0.05218501276468314,-0.09781498723531686,0.15,False,Binance US,Coinbase Pro
3212,01-14-2021_11-17-01,DASH/USD,25.0,133.16,132.846,0.05895163712826543,-0.09104836287173457,0.15,False,Binance US,Coinbase Pro
3213,01-14-2021_11-17-10,DASH/USD,25.0,133.16,132.845,0.0591393811955538,-0.0908606188044462,0.15,False,Binance US,Coinbase Pro
3214,01-14-2021_11-17-21,DASH/USD,25.0,133.16,132.864,0.05557224391709077,-0.09442775608290922,0.15,False,Binance US,Coinbase Pro
3215,01-14-2021_11-17-31,DASH/USD,25.0,133.16,132.725,0.0816686692700515,-0.0683313307299485,0.15,False,Binance US,Coinbase Pro
3216,01-14-2021_11-17-41,DASH/USD,25.0,133.16,132.725,0.0816686692700515,-0.0683313307299485,0.15,False,Binance US,Coinbase Pro
3217,01-14-2021_11-17-51,DASH/USD,25.0,132.93472703,132.674,0.049032904310466356,-0.13346709568953363,0.1825,False,Bittrex,Coinbase Pro
3218,01-14-2021_11-18-01,DASH/USD,25.0,132.885,132.669,0.04063664070436464,-0.14436335929563537,0.185,False,Kraken,Coinbase Pro
3219,01-14-2021_11-18-10,DASH/USD,25.0,132.871,132.638,0.04383951351310746,-0.14116048648689253,0.185,False,Kraken,Coinbase Pro
3220,01-14-2021_11-18-20,DASH/USD,25.0,132.86,132.638,0.041773295197954315,-0.10822670480204569,0.15,False,Binance US,Coinbase Pro
3221,01-14-2021_11-18-30,DASH/USD,25.0,132.86,132.592,0.05042902303176289,-0.09957097696823711,0.15,False,Binance US,Coinbase Pro
3222,01-14-2021_11-18-40,DASH/USD,25.0,132.8371139,132.592,0.046130537769832274,-0.13636946223016772,0.1825,False,Bittrex,Coinbase Pro
3223,01-14-2021_11-18-50,DASH/USD,25.0,132.76970051,132.552,0.04099212944741439,-0.1415078705525856,0.1825,False,Bittrex,Coinbase Pro
3224,01-14-2021_11-19-00,DASH/USD,25.0,132.67622741,132.394,0.05317972471583826,-0.12932027528416173,0.1825,False,Bittrex,Coinbase Pro
3225,01-14-2021_11-19-10,DASH/USD,25.0,132.59,132.307,0.05335998189909033,-0.13164001810090967,0.185,False,Kraken,Coinbase Pro
3226,01-14-2021_11-19-19,DASH/USD,25.0,132.5,132.255,0.04622641509434049,-0.1387735849056595,0.185,False,Kraken,Coinbase Pro
3227,01-14-2021_11-19-30,DASH/USD,25.0,132.4,132.019,0.07194108761329308,-0.0680589123867069,0.13999999999999999,False,Binance US,Coinbase Pro
3228,01-14-2021_11-19-41,DASH/USD,25.0,132.24848424,131.958,0.054912584002258055,-0.12758741599774193,0.1825,False,Bittrex,Coinbase Pro
3229,01-14-2021_11-19-52,DASH/USD,25.0,132.2,131.957,0.045953101361572435,-0.10404689863842756,0.15,False,Binance US,Coinbase Pro
3230,01-14-2021_11-20-04,DASH/USD,25.0,132.18,131.957,0.04217733393857111,-0.09782266606142888,0.13999999999999999,False,Binance US,Coinbase Pro
3231,01-14-2021_11-20-17,DASH/USD,25.0,132.18099268,131.957,0.04236476732745497,-0.14013523267254502,0.1825,False,Bittrex,Coinbase Pro
3232,01-14-2021_11-20-30,DASH/USD,25.0,132.18099267,131.999,0.034421111977566685,-0.1480788880224333,0.1825,False,Bittrex,Coinbase Pro
3233,01-14-2021_11-20-41,DASH/USD,25.0,132.18099267,131.928,0.04784966902004081,-0.13465033097995918,0.1825,False,Bittrex,Coinbase Pro
3234,01-14-2021_11-20-52,DASH/USD,25.0,132.14,131.863,0.05240653851974929,-0.0975934614802507,0.15,False,Binance US,Coinbase Pro
3235,01-14-2021_11-21-02,DASH/USD,25.0,132.04963763,131.882,0.03173761643892546,-0.15076238356107452,0.1825,False,Bittrex,Coinbase Pro
3236,01-14-2021_11-21-14,DASH/USD,25.0,132.03056523,131.826,0.038734445626976095,-0.1437655543730239,0.1825,False,Bittrex,Coinbase Pro
3237,01-14-2021_11-21-26,DASH/USD,25.0,132.03056523,131.826,0.038734445626976095,-0.1437655543730239,0.1825,False,Bittrex,Coinbase Pro
3238,01-14-2021_11-21-37,DASH/USD,25.0,132.03056521,131.826,0.038734441845838706,-0.14376555815416128,0.1825,False,Bittrex,Coinbase Pro
3239,01-14-2021_11-21-50,DASH/USD,25.0,132.00644923,131.826,0.034174320848065126,-0.14832567915193487,0.1825,False,Bittrex,Coinbase Pro
3240,01-14-2021_11-22-02,DASH/USD,25.0,132.14,131.957,0.034622370213408644,-0.11537762978659136,0.15,False,Binance US,Coinbase Pro
3241,01-14-2021_11-22-13,DASH/USD,25.0,132.17556575,131.954,0.04190747146470911,-0.1405925285352909,0.1825,False,Bittrex,Coinbase Pro
3242,01-14-2021_11-22-24,DASH/USD,25.0,132.17556569,131.998,0.03358519577220484,-0.14891480422779516,0.1825,False,Bittrex,Coinbase Pro
3243,01-14-2021_11-22-34,DASH/USD,25.0,132.17556569,131.999,0.03339605340031779,-0.1491039465996822,0.1825,False,Bittrex,Coinbase Pro
3244,01-14-2021_11-22-46,DASH/USD,25.0,132.17556565,131.999,0.033396045844728856,-0.14910395415527114,0.1825,False,Bittrex,Coinbase Pro
3245,01-14-2021_11-22-58,DASH/USD,25.0,132.17556563,131.997,0.03377432681087216,-0.14872567318912783,0.1825,False,Bittrex,Coinbase Pro
3246,01-14-2021_11-23-10,DASH/USD,25.0,132.17556561,131.934,0.045690292469180306,-0.1368097075308197,0.1825,False,Bittrex,Coinbase Pro
3247,01-14-2021_11-23-20,DASH/USD,25.0,132.081,131.848,0.04410172545634415,-0.14089827454365583,0.185,False,Kraken,Coinbase Pro
3248,01-14-2021_11-23-33,DASH/USD,25.0,132.0776994,131.826,0.04764229713710602,-0.13485770286289397,0.1825,False,Bittrex,Coinbase Pro
3249,01-14-2021_11-23-43,DASH/USD,25.0,132.07769938,131.831,0.046695880750134526,-0.13580411924986546,0.1825,False,Bittrex,Coinbase Pro
3250,01-14-2021_11-23-53,DASH/USD,25.0,132.07769936,131.797,0.05313148271058737,-0.12936851728941262,0.1825,False,Bittrex,Coinbase Pro
3251,01-14-2021_11-24-05,DASH/USD,25.0,132.008,131.74,0.05075449972728938,-0.13424550027271062,0.185,False,Kraken,Coinbase Pro
3252,01-14-2021_11-24-14,DASH/USD,25.0,132.00335378,131.578,0.08055738127474012,-0.11194261872525989,0.1925,False,Bittrex,Coinbase Pro
3253,01-14-2021_11-24-25,DASH/USD,25.0,131.89245833,131.578,0.05960506271200531,-0.1328949372879947,0.1925,False,Bittrex,Coinbase Pro
3254,01-14-2021_11-24-36,DASH/USD,25.0,131.89245829,131.578,0.059605055148146895,-0.1328949448518531,0.1925,False,Bittrex,Coinbase Pro
3255,01-14-2021_11-24-47,DASH/USD,25.0,131.89245826,131.578,0.059605049475254426,-0.1328949505247456,0.1925,False,Bittrex,Coinbase Pro
3256,01-14-2021_11-24-59,DASH/USD,25.0,131.89245826,131.578,0.059605049475254426,-0.1328949505247456,0.1925,False,Bittrex,Coinbase Pro
3257,01-14-2021_11-25-10,DASH/USD,25.0,131.87884101,131.629,0.047361845176715406,-0.1451381548232846,0.1925,False,Bittrex,Coinbase Pro
3258,01-14-2021_11-25-21,DASH/USD,25.0,131.878841,131.519,0.06821431650282489,-0.1142856834971751,0.1825,False,Bittrex,Coinbase Pro
3259,01-14-2021_11-25-33,DASH/USD,25.0,131.87884096,131.495,0.07276393946251179,-0.1097360605374882,0.1825,False,Bittrex,Coinbase Pro
3260,01-14-2021_11-25-44,DASH/USD,25.0,131.84742157,131.536,0.05904961323696691,-0.12345038676303308,0.1825,False,Bittrex,Coinbase Pro
3261,01-14-2021_11-25-54,DASH/USD,25.0,131.6853162,131.447,0.04524350301100345,-0.13725649698899656,0.1825,False,Bittrex,Coinbase Pro
3262,01-14-2021_11-26-05,DASH/USD,25.0,131.58637318,131.233,0.06713711523848641,-0.11536288476151359,0.1825,False,Bittrex,Coinbase Pro
3263,01-14-2021_11-26-17,DASH/USD,25.0,131.84056258,131.523,0.0602171618858422,-0.1222828381141578,0.1825,False,Bittrex,Coinbase Pro
3264,01-14-2021_11-26-28,DASH/USD,25.0,131.63602044,131.368,0.050901804670207905,-0.13159819532979208,0.1825,False,Bittrex,Coinbase Pro
3265,01-14-2021_11-26-40,DASH/USD,25.0,131.63602038,131.348,0.05470014574440481,-0.1277998542555952,0.1825,False,Bittrex,Coinbase Pro
3266,01-14-2021_11-26-50,DASH/USD,25.0,131.63602035,131.316,0.060777503974426585,-0.12172249602557342,0.1825,False,Bittrex,Coinbase Pro
3267,01-14-2021_11-27-01,DASH/USD,25.0,131.65,131.256,0.07481959741739563,-0.07518040258260436,0.15,False,Binance US,Coinbase Pro
3268,01-14-2021_11-27-12,DASH/USD,25.0,131.55,131.25,0.05701254275940922,-0.09298745724059077,0.15,False,Binance US,Coinbase Pro
3269,01-14-2021_11-27-23,DASH/USD,25.0,131.668,131.364,0.05772093447155004,-0.12727906552844998,0.185,False,Kraken,Coinbase Pro
3270,01-14-2021_11-27-33,DASH/USD,25.0,131.572,131.332,0.04560240780713395,-0.13939759219286604,0.185,False,Kraken,Coinbase Pro
3271,01-14-2021_11-27-45,DASH/USD,25.0,131.62280975,131.322,0.05713480637803831,-0.1253651936219617,0.1825,False,Bittrex,Coinbase Pro
3272,01-14-2021_11-27-56,DASH/USD,25.0,131.487,131.199,0.05475826507563152,-0.13023913492436845,0.18499739999999998,False,Kraken,Coinbase Pro
3273,01-14-2021_11-28-08,DASH/USD,25.0,131.67,131.2,0.08923824713298377,-0.050761752867016216,0.13999999999999999,False,Binance US,Coinbase Pro
3274,01-14-2021_11-28-20,DASH/USD,25.0,131.44337808,131.204,0.04552874467633936,-0.13697125532366064,0.1825,False,Bittrex,Coinbase Pro
3275,01-14-2021_11-28-31,DASH/USD,25.0,131.26471635,130.982,0.053844696019865926,-0.12865530398013408,0.1825,False,Bittrex,Coinbase Pro
3276,01-14-2021_11-28-41,DASH/USD,25.0,131.14,130.932,0.03965228000610005,-0.10034771999389994,0.13999999999999999,False,Binance US,Coinbase Pro
3277,01-14-2021_11-28-52,DASH/USD,25.0,131.11228736,130.906,0.039334101355732114,-0.14316589864426787,0.1825,False,Bittrex,Coinbase Pro
3278,01-14-2021_11-29-03,DASH/USD,25.0,131.05,130.906,0.027470431133156323,-0.12252956886684367,0.15,False,Binance US,Coinbase Pro
3279,01-14-2021_11-29-15,DASH/USD,25.0,131.028,130.864,0.03129102176633759,-0.15370897823366242,0.185,False,Kraken,Coinbase Pro
3280,01-14-2021_11-29-38,DASH/USD,25.0,131.547,130.869,0.12885128509201982,-0.05614871490798018,0.185,False,Kraken,Coinbase Pro
3281,01-14-2021_11-29-50,DASH/USD,25.0,131.2082507,130.93,0.05301699750502065,-0.12948300249497935,0.1825,False,Bittrex,Coinbase Pro
3282,01-14-2021_11-30-13,DASH/USD,25.0,131.44337779,130.889,0.10544041839933713,-0.07705958160066287,0.1825,False,Bittrex,Coinbase Pro
3283,01-14-2021_11-30-24,DASH/USD,25.0,131.09461939,130.932,0.03101183533631892,-0.1514881646636811,0.1825,False,Bittrex,Coinbase Pro
3284,01-14-2021_11-30-34,DASH/USD,25.0,131.19070483,130.966,0.04282026502776184,-0.13967973497223815,0.1825,False,Bittrex,Coinbase Pro
3285,01-14-2021_11-30-45,DASH/USD,25.0,131.19070474,130.903,0.05482567163774988,-0.12767432836225012,0.1825,False,Bittrex,Coinbase Pro
3286,01-14-2021_11-31-07,DASH/USD,25.0,131.05643444,130.84,0.04128649633358674,-0.14121350366641325,0.1825,False,Bittrex,Coinbase Pro
3287,01-14-2021_11-31-18,DASH/USD,25.0,131.05643445,130.84,0.04128649823801314,-0.14121350176198685,0.1825,False,Bittrex,Coinbase Pro
3288,01-14-2021_11-31-30,DASH/USD,25.0,131.05643436,130.84,0.04128648109818639,-0.1412135189018136,0.1825,False,Bittrex,Coinbase Pro
3289,01-14-2021_11-31-52,DASH/USD,25.0,130.792,130.538,0.048550370053212485,-0.1364496299467875,0.185,False,Kraken,Coinbase Pro
3290,01-14-2021_11-32-03,DASH/USD,25.0,130.59753759,130.377,0.04221702684248753,-0.14028297315751248,0.1825,False,Bittrex,Coinbase Pro
3291,01-14-2021_11-32-14,DASH/USD,25.0,130.57,130.29,0.05361108983686933,-0.09638891016313067,0.15,False,Binance US,Coinbase Pro
3292,01-14-2021_11-32-27,DASH/USD,25.0,130.43,130.145,0.05462700299010898,-0.09537299700989102,0.15,False,Binance US,Coinbase Pro
3293,01-14-2021_11-32-38,DASH/USD,25.0,130.34395607,129.9,0.08515087377000474,-0.09734912622999525,0.1825,False,Bittrex,Coinbase Pro
3294,01-14-2021_11-33-00,DASH/USD,25.0,130.11,129.9,0.04035047267696717,-0.10964952732303282,0.15,False,Binance US,Coinbase Pro
3295,01-14-2021_11-33-12,DASH/USD,25.0,130.09528326,129.906,0.03637396669134173,-0.14612603330865825,0.1825,False,Bittrex,Coinbase Pro
3296,01-14-2021_11-33-24,DASH/USD,25.0,130.049,129.891,0.030373167037042854,-0.15462683296295715,0.185,False,Kraken,Coinbase Pro
3297,01-14-2021_11-33-47,DASH/USD,25.0,130.031,129.887,0.02768570571633023,-0.15731429428366978,0.185,False,Kraken,Coinbase Pro
3298,01-14-2021_11-33-59,DASH/USD,25.0,130.34549105,130.068,0.05322221884405961,-0.12927778115594038,0.1825,False,Bittrex,Coinbase Pro
3299,01-14-2021_11-34-10,DASH/USD,25.0,130.385,130.068,0.06078153161789678,-0.12421846838210321,0.185,False,Kraken,Coinbase Pro
3300,01-14-2021_11-34-23,DASH/USD,25.0,130.349,130.068,0.053893777474314626,-0.13110622252568538,0.185,False,Kraken,Coinbase Pro
3301,01-14-2021_11-34-46,DASH/USD,25.0,130.8343001,130.457,0.07209502777781389,-0.1104049722221861,0.1825,False,Bittrex,Coinbase Pro
3302,01-14-2021_11-35-08,DASH/USD,25.0,130.603,130.351,0.04823778933102791,-0.1367622106689721,0.185,False,Kraken,Coinbase Pro
3303,01-14-2021_11-35-19,DASH/USD,25.0,130.53558638,130.266,0.05163082104201697,-0.13086917895798303,0.1825,False,Bittrex,Coinbase Pro
3304,01-14-2021_11-35-29,DASH/USD,25.0,130.59891948,130.26,0.06487792574193499,-0.117622074258065,0.1825,False,Bittrex,Coinbase Pro
3305,01-14-2021_11-35-41,DASH/USD,25.0,130.601,130.262,0.06489230557193257,-0.12010769442806743,0.185,False,Kraken,Coinbase Pro
3306,01-14-2021_11-35-54,DASH/USD,25.0,130.5,130.2,0.05747126436781827,-0.09252873563218172,0.15,False,Binance US,Coinbase Pro
3307,01-14-2021_11-36-17,DASH/USD,25.0,130.25812998,129.981,0.053188614799430003,-0.12931138520057,0.1825,False,Bittrex,Coinbase Pro
3308,01-14-2021_11-36-28,DASH/USD,25.0,130.36549273,130.155,0.04036588317814096,-0.14213411682185903,0.1825,False,Bittrex,Coinbase Pro
3309,01-14-2021_11-36-40,DASH/USD,25.0,130.36549267,130.118,0.04746130761506483,-0.13503869238493516,0.1825,False,Bittrex,Coinbase Pro
3310,01-14-2021_11-37-02,DASH/USD,25.0,130.19963452,129.956,0.046780953129821536,-0.13571904687017847,0.1825,False,Bittrex,Coinbase Pro
3311,01-14-2021_11-37-14,DASH/USD,25.0,130.33,130.039,0.055819841939696385,-0.0841801580603036,0.13999999999999999,False,Binance US,Coinbase Pro
3312,01-14-2021_11-37-36,DASH/USD,25.0,130.44,130.154,0.054814474087703416,-0.08518552591229657,0.13999999999999999,False,Binance US,Coinbase Pro
3313,01-14-2021_11-37-46,DASH/USD,25.0,130.37,130.154,0.041420572217536276,-0.14357942778246371,0.185,False,Kraken,Coinbase Pro
3314,01-14-2021_11-37-58,DASH/USD,25.0,130.34,130.137,0.03893662728249251,-0.11106337271750749,0.15,False,Binance US,Coinbase Pro
3315,01-14-2021_11-38-20,DASH/USD,25.0,130.32922097,130.168,0.030925714279589477,-0.1515742857204105,0.1825,False,Bittrex,Coinbase Pro
3316,01-14-2021_11-38-31,DASH/USD,25.0,130.32922095,130.169,0.030733888538600176,-0.15176611146139982,0.1825,False,Bittrex,Coinbase Pro
3317,01-14-2021_11-38-41,DASH/USD,25.0,130.4540389,130.169,0.05462439154882872,-0.12787560845117127,0.1825,False,Bittrex,Coinbase Pro
3318,01-14-2021_11-38-52,DASH/USD,25.0,130.46,130.289,0.032768664724823836,-0.11723133527517615,0.15,False,Binance US,Coinbase Pro
3319,01-14-2021_11-39-02,DASH/USD,25.0,130.42419382,130.229,0.03741518622483786,-0.14508481377516214,0.1825,False,Bittrex,Coinbase Pro
3320,01-14-2021_11-39-14,DASH/USD,25.0,130.4241937,130.06,0.06980945974596182,-0.11269054025403817,0.1825,False,Bittrex,Coinbase Pro
3321,01-14-2021_11-39-24,DASH/USD,25.0,130.344,130.228,0.02224881851101421,-0.1627511814889858,0.185,False,Kraken,Coinbase Pro
3322,01-14-2021_11-39-35,DASH/USD,25.0,130.39311216,130.332,0.011716907240661054,-0.17078309275933895,0.1825,False,Bittrex,Coinbase Pro
3323,01-14-2021_11-39-46,DASH/USD,25.0,130.49513366,130.335,0.03067809034496402,-0.15182190965503597,0.1825,False,Bittrex,Coinbase Pro
3324,01-14-2021_11-40-09,DASH/USD,25.0,130.4195769,130.286,0.025605224149444477,-0.15689477585055553,0.1825,False,Bittrex,Coinbase Pro
3325,01-14-2021_11-40-19,DASH/USD,25.0,130.4195769,130.236,0.03518967481024312,-0.14731032518975687,0.1825,False,Bittrex,Coinbase Pro
3326,01-14-2021_11-40-30,DASH/USD,25.0,130.4195769,130.235,0.03538136382345451,-0.14711863617654547,0.1825,False,Bittrex,Coinbase Pro
3327,01-14-2021_11-40-41,DASH/USD,25.0,130.41957682,130.235,0.03538134851003528,-0.14711865148996472,0.1825,False,Bittrex,Coinbase Pro
3328,01-14-2021_11-40-53,DASH/USD,25.0,130.41957672,130.221,0.038064975556992724,-0.14443502444300726,0.1825,False,Bittrex,Coinbase Pro
3329,01-14-2021_11-41-15,DASH/USD,25.0,130.56867326,130.372,0.03765705338989499,-0.08984294661010502,0.1275,False,Bittrex,Kraken
3330,01-14-2021_11-41-25,DASH/USD,25.0,130.43631777,130.251,0.035518821208744264,-0.14698117879125572,0.1825,False,Bittrex,Coinbase Pro
3331,01-14-2021_11-41-36,DASH/USD,25.0,130.45,130.355,0.0182062092755843,-0.12179379072441568,0.13999999999999999,False,Binance US,Coinbase Pro
3332,01-14-2021_11-41-46,DASH/USD,25.0,130.45,130.312,0.026446914526634117,-0.11355308547336587,0.13999999999999999,False,Binance US,Coinbase Pro
3333,01-14-2021_11-41-56,DASH/USD,25.0,130.51756958,130.372,0.027883138735351264,-0.09961686126464873,0.1275,False,Bittrex,Kraken
3334,01-14-2021_11-42-08,DASH/USD,25.0,130.43,130.257,0.03315954918347041,-0.11684045081652958,0.15,False,Binance US,Coinbase Pro
3335,01-14-2021_11-42-18,DASH/USD,25.0,130.43,130.222,0.03986812849804462,-0.11013187150195537,0.15,False,Binance US,Coinbase Pro
3336,01-14-2021_11-42-29,DASH/USD,25.0,130.43,130.222,0.03986812849804462,-0.11013187150195537,0.15,False,Binance US,Coinbase Pro
3337,01-14-2021_11-42-40,DASH/USD,25.0,130.45,130.31,0.02683020314296404,-0.11316979685703595,0.13999999999999999,False,Binance US,Coinbase Pro
3338,01-14-2021_11-42-51,DASH/USD,25.0,130.48096086,130.372,0.02087677376105971,-0.1066232262389403,0.1275,False,Bittrex,Kraken
3339,01-14-2021_11-43-02,DASH/USD,25.0,130.64895436,130.372,0.0529959006095161,-0.0745040993904839,0.1275,False,Bittrex,Kraken
3340,01-14-2021_11-43-12,DASH/USD,25.0,130.58218378,130.289,0.056130126544285334,-0.12636987345571465,0.1825,False,Bittrex,Coinbase Pro
3341,01-14-2021_11-43-22,DASH/USD,25.0,130.58218372,130.285,0.05689591633672377,-0.12560408366327622,0.1825,False,Bittrex,Coinbase Pro
3342,01-14-2021_11-43-34,DASH/USD,25.0,130.58218366,130.243,0.06493681804309998,-0.11756318195690002,0.1825,False,Bittrex,Coinbase Pro
3343,01-14-2021_11-43-45,DASH/USD,25.0,130.58218364,130.243,0.06493681422404185,-0.11756318577595815,0.1825,False,Bittrex,Coinbase Pro
3344,01-14-2021_11-43-55,DASH/USD,25.0,130.587,130.354,0.04460627780712776,-0.14039372219287224,0.185,False,Kraken,Coinbase Pro
3345,01-14-2021_11-44-07,DASH/USD,25.0,130.67975867,130.382,0.0569634259028448,-0.12553657409715518,0.1825,False,Bittrex,Coinbase Pro
3346,01-14-2021_11-44-18,DASH/USD,25.0,130.67975867,130.383,0.056772118540063,-0.125727881459937,0.1825,False,Bittrex,Coinbase Pro
3347,01-14-2021_11-44-30,DASH/USD,25.0,130.587,130.353,0.0447977210595198,-0.1402022789404802,0.185,False,Kraken,Coinbase Pro
3348,01-14-2021_11-44-52,DASH/USD,25.0,130.459,130.283,0.03372707134042422,-0.15127292865957578,0.185,False,Kraken,Coinbase Pro
3349,01-14-2021_11-45-03,DASH/USD,25.0,130.445,130.165,0.05366246310705683,-0.13133753689294317,0.185,False,Kraken,Coinbase Pro
3350,01-14-2021_11-45-15,DASH/USD,25.0,130.48922243,130.227,0.050238331012485676,-0.13226166898751432,0.1825,False,Bittrex,Coinbase Pro
3351,01-14-2021_11-45-37,DASH/USD,25.0,130.48922243,130.22,0.05157943793872246,-0.13092056206127753,0.1825,False,Bittrex,Coinbase Pro
3352,01-14-2021_11-45-48,DASH/USD,25.0,130.58,130.357,0.042694133864300265,-0.04230586613569974,0.085,False,Binance US,Kraken
3353,01-14-2021_11-45-59,DASH/USD,25.0,131.17656129,130.357,0.1561943082552953,0.028694308255295287,0.1275,True,Bittrex,Kraken
3354,01-14-2021_11-46-10,DASH/USD,25.0,130.91,130.423,0.09300282636926033,-0.05699717363073967,0.15,False,Binance US,Coinbase Pro
3355,01-14-2021_11-46-21,DASH/USD,25.0,130.91,130.499,0.07848903827056783,-0.07151096172943217,0.15,False,Binance US,Coinbase Pro
3356,01-14-2021_11-46-32,DASH/USD,25.0,130.91,130.565,0.06588495913222803,-0.08411504086777197,0.15,False,Binance US,Coinbase Pro
3357,01-14-2021_11-46-54,DASH/USD,25.0,130.9,130.587,0.059778456837283535,-0.035221543162716466,0.095,False,Binance US,Kraken
3358,01-14-2021_11-47-05,DASH/USD,25.0,131.62955388,130.587,0.19800908102872886,0.07050908102872885,0.1275,True,Bittrex,Kraken
3359,01-14-2021_11-47-28,DASH/USD,25.0,131.40835688,131.066,0.06513225036225169,-0.1173677496377483,0.1825,False,Bittrex,Coinbase Pro
3360,01-14-2021_11-47-38,DASH/USD,25.0,131.40835682,131.1,0.05866385279103291,-0.12383614720896709,0.1825,False,Bittrex,Coinbase Pro
3361,01-14-2021_11-47-49,DASH/USD,25.0,131.40835682,131.1,0.05866385279103291,-0.12383614720896709,0.1825,False,Bittrex,Coinbase Pro
3362,01-14-2021_11-47-59,DASH/USD,25.0,131.42521776,131.118,0.05843965207671088,-0.12406034792328911,0.1825,False,Bittrex,Coinbase Pro
3363,01-14-2021_11-48-10,DASH/USD,25.0,131.60239896,131.279,0.06143485273742756,-0.06606514726257244,0.1275,False,Bittrex,Kraken
3364,01-14-2021_11-48-22,DASH/USD,25.0,131.60239895,131.279,0.061434850842438236,-0.06606514915756176,0.1275,False,Bittrex,Kraken
3365,01-14-2021_11-48-33,DASH/USD,25.0,131.60239891,131.279,0.061434843262464796,-0.06606515673753521,0.1275,False,Bittrex,Kraken
3366,01-14-2021_11-48-46,DASH/USD,25.0,131.426,131.1,0.06201208284509789,-0.12298791715490211,0.185,False,Kraken,Coinbase Pro
3367,01-14-2021_11-48-58,DASH/USD,25.0,131.406,131.059,0.06601677244570422,-0.12898322755429578,0.195,False,Kraken,Coinbase Pro
3368,01-14-2021_11-49-20,DASH/USD,25.0,131.499,131.082,0.0792781694157373,-0.1057218305842627,0.185,False,Kraken,Coinbase Pro
3369,01-14-2021_11-49-31,DASH/USD,25.0,131.401,130.935,0.08865990365370281,-0.09634009634629719,0.185,False,Kraken,Coinbase Pro
3370,01-14-2021_11-49-43,DASH/USD,25.0,131.158,130.702,0.08691806828405224,-0.09808193171594776,0.185,False,Kraken,Coinbase Pro
3371,01-14-2021_11-49-54,DASH/USD,25.0,131.118,130.788,0.06292042282523835,-0.12207957717476164,0.185,False,Kraken,Coinbase Pro
3372,01-14-2021_11-50-16,DASH/USD,25.0,131.16829377,130.841,0.062380503815556904,-0.12011949618444309,0.1825,False,Bittrex,Coinbase Pro
3373,01-14-2021_11-50-26,DASH/USD,25.0,131.13640666,130.853,0.05402898158075798,-0.12847101841924202,0.1825,False,Bittrex,Coinbase Pro
3374,01-14-2021_11-50-36,DASH/USD,25.0,131.13640663,130.894,0.04621268727531034,-0.13628731272468966,0.1825,False,Bittrex,Coinbase Pro
3375,01-14-2021_11-50-47,DASH/USD,25.0,131.15,130.933,0.041364849409076046,-0.10863515059092395,0.15,False,Binance US,Coinbase Pro
3376,01-14-2021_11-50-57,DASH/USD,25.0,131.14,130.959,0.034505109043766816,-0.10549489095623317,0.13999999999999999,False,Binance US,Coinbase Pro
3377,01-14-2021_11-51-08,DASH/USD,25.0,131.32617335,131.028,0.056761980950542405,-0.12573801904945758,0.1825,False,Bittrex,Coinbase Pro
3378,01-14-2021_11-51-18,DASH/USD,25.0,131.32617329,131.028,0.05676196955453495,-0.12573803044546505,0.1825,False,Bittrex,Coinbase Pro
3379,01-14-2021_11-51-30,DASH/USD,25.0,131.24717733,131.03,0.04136800013876504,-0.14113199986123495,0.1825,False,Bittrex,Coinbase Pro
3380,01-14-2021_11-51-41,DASH/USD,25.0,131.34916186,131.074,0.05237221465738807,-0.13012778534261193,0.1825,False,Bittrex,Coinbase Pro
3381,01-14-2021_11-51-53,DASH/USD,25.0,131.34916188,131.041,0.058653187349900146,-0.12384681265009985,0.1825,False,Bittrex,Coinbase Pro
3382,01-14-2021_11-52-04,DASH/USD,25.0,131.38435279,131.143,0.04592494937083132,-0.08157505062916869,0.1275,False,Bittrex,Kraken
3383,01-14-2021_11-52-15,DASH/USD,25.0,131.38435277,131.028,0.06780730781233671,-0.11469269218766329,0.1825,False,Bittrex,Coinbase Pro
3384,01-14-2021_11-52-26,DASH/USD,25.0,131.28180871,130.993,0.05499785401303907,-0.1275021459869609,0.1825,False,Bittrex,Coinbase Pro
3385,01-14-2021_11-52-37,DASH/USD,25.0,131.143,130.905,0.045370320947362715,-0.1396296790526373,0.185,False,Kraken,Coinbase Pro
3386,01-14-2021_11-52-47,DASH/USD,25.0,131.20781491,130.982,0.04302619286718767,-0.13947380713281232,0.1825,False,Bittrex,Coinbase Pro
3387,01-14-2021_11-52-58,DASH/USD,25.0,131.20781486,130.983,0.0428356459254902,-0.1396643540745098,0.1825,False,Bittrex,Coinbase Pro
3388,01-14-2021_11-53-11,DASH/USD,25.0,131.20781484,130.999,0.03978704322121349,-0.1427129567787865,0.1825,False,Bittrex,Coinbase Pro
3389,01-14-2021_11-53-20,DASH/USD,25.0,131.29254004,131.06,0.044278989485837715,-0.13822101051416227,0.1825,False,Bittrex,Coinbase Pro
3390,01-14-2021_11-53-31,DASH/USD,25.0,131.29253999,131.085,0.039518618120990355,-0.14298138187900963,0.1825,False,Bittrex,Coinbase Pro
3391,01-14-2021_11-53-42,DASH/USD,25.0,131.29253999,131.085,0.039518618120990355,-0.14298138187900963,0.1825,False,Bittrex,Coinbase Pro
3392,01-14-2021_11-54-03,DASH/USD,25.0,131.549617,131.11,0.08354585327298945,0.020855853272989458,0.06269,True,Bittrex,Binance US
3393,01-14-2021_11-54-14,DASH/USD,25.0,131.75050193,131.11,0.12153690510042657,0.058846905100426575,0.06269,True,Bittrex,Binance US
3394,01-14-2021_11-54-25,DASH/USD,25.0,131.6379488,131.11,0.10026531194323618,0.037575311943236184,0.06269,True,Bittrex,Binance US
3395,01-14-2021_11-54-36,DASH/USD,25.0,131.646,131.11,0.1017881287695739,0.0365981287695739,0.06519,True,Kraken,Binance US
3396,01-14-2021_11-54-48,DASH/USD,25.0,131.641,131.279,0.06874757864191149,-0.11625242135808851,0.185,False,Kraken,Coinbase Pro
3397,01-14-2021_11-54-59,DASH/USD,25.0,131.632,131.279,0.06704296827519307,-0.11795703172480693,0.185,False,Kraken,Coinbase Pro
3398,01-14-2021_11-55-11,DASH/USD,25.0,131.72127706,131.421,0.0569909939195387,-0.12550900608046128,0.1825,False,Bittrex,Coinbase Pro
3399,01-14-2021_11-55-21,DASH/USD,25.0,131.72127705,131.4,0.06097668068425244,-0.12152331931574756,0.1825,False,Bittrex,Coinbase Pro
3400,01-14-2021_11-55-32,DASH/USD,25.0,131.72127705,131.373,0.06610113753069008,-0.11639886246930992,0.1825,False,Bittrex,Coinbase Pro
3401,01-14-2021_11-55-42,DASH/USD,25.0,132.07247966,131.392,0.1288079965167217,-0.053692003483278294,0.1825,False,Bittrex,Coinbase Pro
3402,01-14-2021_11-55-53,DASH/USD,25.0,131.76602819,131.392,0.07096445782304756,-0.11153554217695244,0.1825,False,Bittrex,Coinbase Pro
3403,01-14-2021_11-56-03,DASH/USD,25.0,131.76602817,131.507,0.0491454765688551,-0.1333545234311449,0.1825,False,Bittrex,Coinbase Pro
3404,01-14-2021_11-56-15,DASH/USD,25.0,131.7660282,131.506,0.04933521248840254,-0.13316478751159747,0.1825,False,Bittrex,Coinbase Pro
3405,01-14-2021_11-56-25,DASH/USD,25.0,131.84590118,131.522,0.06141661915560944,-0.12108338084439055,0.1825,False,Bittrex,Coinbase Pro
3406,01-14-2021_11-56-37,DASH/USD,25.0,131.93654937,131.63,0.058086514211524255,-0.06941348578847575,0.1275,False,Bittrex,Kraken
3407,01-14-2021_11-56-48,DASH/USD,25.0,131.93654941,131.724,0.040274929682202656,-0.14222507031779735,0.1825,False,Bittrex,Coinbase Pro
3408,01-14-2021_11-56-58,DASH/USD,25.0,131.93654937,131.725,0.04008543709270729,-0.1424145629072927,0.1825,False,Bittrex,Coinbase Pro
3409,01-14-2021_11-57-09,DASH/USD,25.0,131.89671734,131.651,0.04657381642156318,-0.13592618357843683,0.1825,False,Bittrex,Coinbase Pro
3410,01-14-2021_11-57-31,DASH/USD,25.0,131.89671734,131.665,0.043920224982306064,-0.13857977501769392,0.1825,False,Bittrex,Coinbase Pro
3411,01-14-2021_11-57-43,DASH/USD,25.0,131.89671731,131.665,0.043920219306029254,-0.13857978069397076,0.1825,False,Bittrex,Coinbase Pro
3412,01-14-2021_11-57-55,DASH/USD,25.0,131.96195136,131.665,0.05625700380670857,-0.12624299619329143,0.1825,False,Bittrex,Coinbase Pro
3413,01-14-2021_11-58-07,DASH/USD,25.0,132.16868442,131.777,0.07408797736749434,-0.10841202263250566,0.1825,False,Bittrex,Coinbase Pro
3414,01-14-2021_11-58-18,DASH/USD,25.0,132.16868437,131.925,0.04609343944852318,-0.13640656055147682,0.1825,False,Bittrex,Coinbase Pro
3415,01-14-2021_11-58-28,DASH/USD,25.0,132.26694578,131.943,0.06122954191041693,-0.06627045808958307,0.1275,False,Bittrex,Kraken
3416,01-14-2021_11-58-49,DASH/USD,25.0,132.2544516,131.943,0.05887355703949666,-0.06862644296050334,0.1275,False,Bittrex,Kraken
3417,01-14-2021_11-58-59,DASH/USD,25.0,132.25445156,131.943,0.058873549496120024,-0.06862645050387997,0.1275,False,Bittrex,Kraken
3418,01-14-2021_11-59-10,DASH/USD,25.0,132.25445156,131.943,0.058873549496120024,-0.06862645050387997,0.1275,False,Bittrex,Kraken
3419,01-14-2021_11-59-20,DASH/USD,25.0,132.25350702,131.943,0.05869542271439204,-0.06880457728560796,0.1275,False,Bittrex,Kraken
3420,01-14-2021_11-59-31,DASH/USD,25.0,132.25350702,131.943,0.05869542271439204,-0.06880457728560796,0.1275,False,Bittrex,Kraken
3421,01-14-2021_11-59-42,DASH/USD,25.0,132.25350698,131.942,0.05888444607504768,-0.12361555392495231,0.1825,False,Bittrex,Coinbase Pro
3422,01-14-2021_11-59-53,DASH/USD,25.0,132.03,131.674,0.06740892221464714,-0.07259107778535284,0.13999999999999999,False,Binance US,Coinbase Pro
3423,01-14-2021_12-00-03,DASH/USD,25.0,131.99,131.62,0.07008106674748173,-0.07991893325251827,0.15,False,Binance US,Coinbase Pro
3424,01-14-2021_12-00-16,DASH/USD,25.0,131.931,131.569,0.06859646330279145,-0.11640353669720854,0.185,False,Kraken,Coinbase Pro
3425,01-14-2021_12-00-28,DASH/USD,25.0,131.677,131.373,0.05771698929957435,-0.12728301070042564,0.185,False,Kraken,Coinbase Pro
3426,01-14-2021_12-00-40,DASH/USD,25.0,131.60269908,131.263,0.06453117648322372,-0.11796882351677627,0.1825,False,Bittrex,Coinbase Pro
3427,01-14-2021_12-01-01,DASH/USD,25.0,131.79832144,131.48,0.060380404796148784,-0.12211959520385121,0.1825,False,Bittrex,Coinbase Pro
3428,01-14-2021_12-01-13,DASH/USD,25.0,131.79832139,131.532,0.05051684027369721,-0.13198315972630278,0.1825,False,Bittrex,Coinbase Pro
3429,01-14-2021_12-01-25,DASH/USD,25.0,131.86927857,131.589,0.0531356835040292,-0.1293643164959708,0.1825,False,Bittrex,Coinbase Pro
3430,01-14-2021_12-01-35,DASH/USD,25.0,131.86927854,131.588,0.05332525951347648,-0.1291747404865235,0.1825,False,Bittrex,Coinbase Pro
3431,01-14-2021_12-01-45,DASH/USD,25.0,131.81146242,131.58,0.04390028297813372,-0.13859971702186627,0.1825,False,Bittrex,Coinbase Pro
3432,01-14-2021_12-02-07,DASH/USD,25.0,131.862,131.598,0.05005232743322216,-0.13494767256677784,0.185,False,Kraken,Coinbase Pro
3433,01-14-2021_12-02-19,DASH/USD,25.0,131.847,131.695,0.028821285277635292,-0.15617871472236472,0.185,False,Kraken,Coinbase Pro
3434,01-14-2021_12-02-30,DASH/USD,25.0,131.92,131.652,0.05078835657974543,-0.09921164342025457,0.15,False,Binance US,Coinbase Pro
3435,01-14-2021_12-02-42,DASH/USD,25.0,132.032328,131.782,0.047398997615189384,-0.1351010023848106,0.1825,False,Bittrex,Coinbase Pro
3436,01-14-2021_12-02-53,DASH/USD,25.0,132.032328,131.79,0.04588421708356433,-0.13661578291643567,0.1825,False,Bittrex,Coinbase Pro
3437,01-14-2021_12-03-04,DASH/USD,25.0,131.97304699,131.719,0.04812478680197028,-0.13437521319802972,0.1825,False,Bittrex,Coinbase Pro
3438,01-14-2021_12-03-15,DASH/USD,25.0,132.03232801,131.86,0.03262988932281053,-0.14987011067718947,0.1825,False,Bittrex,Coinbase Pro
3439,01-14-2021_12-03-25,DASH/USD,25.0,132.032328,131.779,0.04796704031455282,-0.13453295968544718,0.1825,False,Bittrex,Coinbase Pro
3440,01-14-2021_12-03-36,DASH/USD,25.0,131.912,131.626,0.0542028018679122,-0.1307971981320878,0.185,False,Kraken,Coinbase Pro
3441,01-14-2021_12-03-46,DASH/USD,25.0,131.909,131.635,0.0519297394415849,-0.1330702605584151,0.185,False,Kraken,Coinbase Pro
3442,01-14-2021_12-03-57,DASH/USD,25.0,131.943,131.767,0.03334773349098022,-0.15165226650901978,0.185,False,Kraken,Coinbase Pro
3443,01-14-2021_12-04-07,DASH/USD,25.0,131.943,131.75,0.03656882138499428,-0.1484311786150057,0.185,False,Kraken,Coinbase Pro
3444,01-14-2021_12-04-18,DASH/USD,25.0,131.939,131.677,0.049644153737712214,-0.13535584626228778,0.185,False,Kraken,Coinbase Pro
3445,01-14-2021_12-04-29,DASH/USD,25.0,131.929,131.625,0.05760674302086767,-0.12739325697913234,0.185,False,Kraken,Coinbase Pro
3446,01-14-2021_12-04-39,DASH/USD,25.0,131.892,131.677,0.04075304036636101,-0.14424695963363898,0.185,False,Kraken,Coinbase Pro
3447,01-14-2021_12-04-48,DASH/USD,25.0,131.872,131.677,0.03696766561514605,-0.14803233438485394,0.185,False,Kraken,Coinbase Pro
3448,01-14-2021_12-04-59,DASH/USD,25.0,131.869,131.65,0.04151847667002747,-0.14348152332997252,0.185,False,Kraken,Coinbase Pro
3449,01-14-2021_12-05-09,DASH/USD,25.0,131.855,131.65,0.03886845398353951,-0.1461315460164605,0.185,False,Kraken,Coinbase Pro
3450,01-14-2021_12-05-20,DASH/USD,25.0,131.85,131.606,0.04626469472885851,-0.13873530527114147,0.185,False,Kraken,Coinbase Pro
3451,01-14-2021_12-05-30,DASH/USD,25.0,131.821,131.501,0.06068835769717898,-0.12431164230282102,0.185,False,Kraken,Coinbase Pro
3452,01-14-2021_12-05-41,DASH/USD,25.0,131.77027779,131.496,0.05203711235190246,-0.13046288764809755,0.1825,False,Bittrex,Coinbase Pro
3453,01-14-2021_12-05-52,DASH/USD,25.0,131.723,131.451,0.051623482611240966,-0.13337651738875902,0.185,False,Kraken,Coinbase Pro
3454,01-14-2021_12-06-03,DASH/USD,25.0,131.708,131.507,0.038152579949584195,-0.1468474200504158,0.185,False,Kraken,Coinbase Pro
3455,01-14-2021_12-06-13,DASH/USD,25.0,131.78,131.478,0.057292457125510794,-0.09270754287448921,0.15,False,Binance US,Coinbase Pro
3456,01-14-2021_12-06-25,DASH/USD,25.0,131.699,131.408,0.05523959938952179,-0.12976040061047822,0.185,False,Kraken,Coinbase Pro
3457,01-14-2021_12-06-36,DASH/USD,25.0,131.647,131.408,0.045386526088707746,-0.13961347391129225,0.185,False,Kraken,Coinbase Pro
3458,01-14-2021_12-06-46,DASH/USD,25.0,131.628,131.373,0.04843194457106305,-0.13656805542893696,0.185,False,Kraken,Coinbase Pro
3459,01-14-2021_12-06-58,DASH/USD,25.0,131.598,131.304,0.0558519126430514,-0.1291480873569486,0.185,False,Kraken,Coinbase Pro
3460,01-14-2021_12-07-20,DASH/USD,25.0,131.57258132,131.402,0.03241201895726876,-0.15008798104273124,0.1825,False,Bittrex,Coinbase Pro
3461,01-14-2021_12-07-31,DASH/USD,25.0,131.77068011,131.449,0.0610302894641386,-0.12146971053586139,0.1825,False,Bittrex,Coinbase Pro
3462,01-14-2021_12-07-42,DASH/USD,25.0,131.704,131.449,0.048403996841401065,-0.13659600315859893,0.185,False,Kraken,Coinbase Pro
3463,01-14-2021_12-08-04,DASH/USD,25.0,131.617,131.356,0.04957566271834104,-0.13542433728165895,0.185,False,Kraken,Coinbase Pro
3464,01-14-2021_12-08-15,DASH/USD,25.0,131.606,131.356,0.047490236007476865,-0.13750976399252313,0.185,False,Kraken,Coinbase Pro
3465,01-14-2021_12-08-26,DASH/USD,25.0,131.581,131.445,0.025839596902287505,-0.15916040309771248,0.185,False,Kraken,Coinbase Pro
3466,01-14-2021_12-08-37,DASH/USD,25.0,131.622,131.407,0.040836638251964597,-0.1441633617480354,0.185,False,Kraken,Coinbase Pro
3467,01-14-2021_12-08-59,DASH/USD,25.0,131.61,131.465,0.0275434997340647,-0.1574565002659353,0.185,False,Kraken,Coinbase Pro
3468,01-14-2021_12-09-11,DASH/USD,25.0,131.608,131.369,0.045399975685369486,-0.1396000243146305,0.185,False,Kraken,Coinbase Pro
3469,01-14-2021_12-09-21,DASH/USD,25.0,131.608,131.34,0.05090875934593654,-0.13409124065406347,0.185,False,Kraken,Coinbase Pro
3470,01-14-2021_12-09-31,DASH/USD,25.0,131.577,131.31,0.05073075081511129,-0.1342692491848887,0.185,False,Kraken,Coinbase Pro
3471,01-14-2021_12-09-43,DASH/USD,25.0,131.567,131.27,0.05643512430928672,-0.1285648756907133,0.185,False,Kraken,Coinbase Pro
3472,01-14-2021_12-10-05,DASH/USD,25.0,131.452,131.148,0.05781578066518617,-0.12718421933481383,0.185,False,Kraken,Coinbase Pro
3473,01-14-2021_12-10-16,DASH/USD,25.0,131.411,131.133,0.05288750561216176,-0.13211249438783823,0.185,False,Kraken,Coinbase Pro
3474,01-14-2021_12-10-27,DASH/USD,25.0,131.249,130.983,0.05066705270135223,-0.13433294729864775,0.185,False,Kraken,Coinbase Pro
3475,01-14-2021_12-10-37,DASH/USD,25.0,131.208,130.954,0.04839643924150789,-0.13660356075849212,0.185,False,Kraken,Coinbase Pro
3476,01-14-2021_12-10-47,DASH/USD,25.0,131.30046983,131.089,0.04026448463470792,-0.14223551536529208,0.1825,False,Bittrex,Coinbase Pro
3477,01-14-2021_12-10-59,DASH/USD,25.0,131.22,130.966,0.04839201341258777,-0.09160798658741222,0.13999999999999999,False,Binance US,Coinbase Pro
3478,01-14-2021_12-11-22,DASH/USD,25.0,131.05174192,130.803,0.04745108999616697,-0.135048910003833,0.1825,False,Bittrex,Coinbase Pro
3479,01-14-2021_12-11-35,DASH/USD,25.0,130.931,130.616,0.06014618386783835,-0.12485381613216165,0.185,False,Kraken,Coinbase Pro
3480,01-14-2021_12-11-58,DASH/USD,25.0,130.89,130.646,0.04660401864160742,-0.10339598135839258,0.15,False,Binance US,Coinbase Pro
3481,01-14-2021_12-12-10,DASH/USD,25.0,130.85606542,130.604,0.04815699967573955,-0.13434300032426044,0.1825,False,Bittrex,Coinbase Pro
3482,01-14-2021_12-12-33,DASH/USD,25.0,131.0,130.788,0.04045801526717349,-0.1095419847328265,0.15,False,Binance US,Coinbase Pro
3483,01-14-2021_12-12-45,DASH/USD,25.0,130.94,130.582,0.06835191690850849,-0.0816480830914915,0.15,False,Binance US,Coinbase Pro
3484,01-14-2021_12-13-08,DASH/USD,25.0,130.65807462,130.365,0.056076637600156666,-0.12642336239984334,0.1825,False,Bittrex,Coinbase Pro
3485,01-14-2021_12-13-31,DASH/USD,25.0,130.9350822,130.761,0.033238265305800346,-0.14926173469419965,0.1825,False,Bittrex,Coinbase Pro
3486,01-14-2021_12-13-45,DASH/USD,25.0,130.93508217,130.674,0.04984954484181014,-0.13265045515818985,0.1825,False,Bittrex,Coinbase Pro
3487,01-14-2021_12-13-57,DASH/USD,25.0,130.827,130.427,0.0764368211454833,-0.1085631788545167,0.185,False,Kraken,Coinbase Pro
3488,01-14-2021_12-14-08,DASH/USD,25.0,130.93304058,130.718,0.04105926568409442,-0.1414407243159056,0.18249999,False,Bittrex,Coinbase Pro
3489,01-14-2021_12-14-31,DASH/USD,25.0,130.8430025,130.619,0.042799862377052154,-0.13970013762294783,0.1825,False,Bittrex,Coinbase Pro
3490,01-14-2021_12-14-43,DASH/USD,25.0,130.84300248,130.634,0.039933828335977785,-0.14256617166402222,0.1825,False,Bittrex,Coinbase Pro
3491,01-14-2021_12-14-55,DASH/USD,25.0,130.84300246,130.651,0.036685656930468005,-0.145814343069532,0.1825,False,Bittrex,Coinbase Pro
3492,01-14-2021_12-15-19,DASH/USD,25.0,130.84300246,130.692,0.028851840977541725,-0.15364815902245826,0.1825,False,Bittrex,Coinbase Pro
3493,01-14-2021_12-15-31,DASH/USD,25.0,130.90691896,130.745,0.030922536655507954,-0.15157746334449204,0.1825,False,Bittrex,Coinbase Pro
3494,01-14-2021_12-15-55,DASH/USD,25.0,130.999,130.87,0.024618508538231335,-0.16038149146176867,0.185,False,Kraken,Coinbase Pro
3495,01-14-2021_12-16-06,DASH/USD,25.0,131.13966977,130.933,0.039398789542952166,-0.14310121045704782,0.1825,False,Bittrex,Coinbase Pro
3496,01-14-2021_12-16-29,DASH/USD,25.0,131.12367995,130.871,0.048175880606832144,-0.13432411939316785,0.1825,False,Bittrex,Coinbase Pro
3497,01-14-2021_12-16-41,DASH/USD,25.0,131.12367995,130.93,0.03692695897374204,-0.14557304102625795,0.1825,False,Bittrex,Coinbase Pro
3498,01-14-2021_12-16-54,DASH/USD,25.0,131.1236799,130.891,0.044362677316841785,-0.1381373226831582,0.1825,False,Bittrex,Coinbase Pro
3499,01-14-2021_12-17-17,DASH/USD,25.0,131.12367982,130.95,0.03311374044688895,-0.029576259553111044,0.06269,False,Bittrex,Binance US
3500,01-14-2021_12-17-40,DASH/USD,25.0,131.07802484,130.98,0.01869589508227558,-0.1638041049177244,0.1825,False,Bittrex,Coinbase Pro
3501,01-14-2021_12-17-53,DASH/USD,25.0,131.07802482,130.98,0.01869589127060326,-0.16380410872939674,0.1825,False,Bittrex,Coinbase Pro
3502,01-14-2021_12-18-16,DASH/USD,25.0,131.12185242,130.815,0.05850520228640556,-0.12399479771359444,0.1825,False,Bittrex,Coinbase Pro
3503,01-14-2021_12-18-39,DASH/USD,25.0,131.26930227,130.981,0.054906643254454664,-0.12759335674554534,0.1825,False,Bittrex,Coinbase Pro
3504,01-14-2021_12-18-53,DASH/USD,25.0,131.26930219,130.999,0.05147856076982078,-0.07602143923017922,0.1275,False,Bittrex,Kraken
3505,01-14-2021_12-19-16,DASH/USD,25.0,131.28670742,130.999,0.05478609100150511,-0.12771390899849488,0.1825,False,Bittrex,Coinbase Pro
3506,01-14-2021_12-19-29,DASH/USD,25.0,131.01553587,130.848,0.031968702964782734,-0.15053129703521725,0.1825,False,Bittrex,Coinbase Pro
3507,01-14-2021_12-19-53,DASH/USD,25.0,131.02527703,130.826,0.03802263092227458,-0.1444773690777254,0.1825,False,Bittrex,Coinbase Pro
3508,01-14-2021_12-20-16,DASH/USD,25.0,131.10270997,130.809,0.05600760847491598,-0.126492391525084,0.1825,False,Bittrex,Coinbase Pro
3509,01-14-2021_12-20-29,DASH/USD,25.0,131.10270996,130.935,0.031980643277924097,-0.1505193567220759,0.1825,False,Bittrex,Coinbase Pro
3510,01-14-2021_12-20-52,DASH/USD,25.0,131.16971443,130.901,0.05121502916425702,-0.13128497083574298,0.1825,False,Bittrex,Coinbase Pro
3511,01-14-2021_12-21-05,DASH/USD,25.0,131.02099361,130.737,0.05418856974275281,-0.12831143025724717,0.1825,False,Bittrex,Coinbase Pro
3512,01-14-2021_12-21-28,DASH/USD,25.0,130.828,130.553,0.05254991286269103,-0.13245008713730896,0.185,False,Kraken,Coinbase Pro
3513,01-14-2021_12-21-53,DASH/USD,25.0,130.71,130.545,0.03155841175120887,-0.10844158824879112,0.13999999999999999,False,Binance US,Coinbase Pro
3514,01-14-2021_12-22-06,DASH/USD,25.0,130.86872358,130.598,0.051716631100647885,-0.1307833688993521,0.1825,False,Bittrex,Coinbase Pro
3515,01-14-2021_12-22-31,DASH/USD,25.0,130.717,130.365,0.06732100644904715,-0.11767899355095285,0.185,False,Kraken,Coinbase Pro
3516,01-14-2021_12-22-56,DASH/USD,25.0,130.582,130.333,0.047671195111117004,-0.137328804888883,0.185,False,Kraken,Coinbase Pro
3517,01-14-2021_12-23-21,DASH/USD,25.0,130.382,130.105,0.053113159791998744,-0.13188684020800126,0.185,False,Kraken,Coinbase Pro
3518,01-14-2021_12-23-34,DASH/USD,25.0,130.376,130.096,0.053690863349082865,-0.13130913665091715,0.185,False,Kraken,Coinbase Pro
3519,01-14-2021_12-23-57,DASH/USD,25.0,130.499,130.168,0.06341044758963457,-0.12158955241036543,0.185,False,Kraken,Coinbase Pro
3520,01-14-2021_12-24-20,DASH/USD,25.0,130.431,130.179,0.04830140074062331,-0.1366985992593767,0.185,False,Kraken,Coinbase Pro
3521,01-14-2021_12-24-45,DASH/USD,25.0,130.56,130.305,0.048828124999999126,-0.10117187500000087,0.15,False,Binance US,Coinbase Pro
3522,01-14-2021_12-24-59,DASH/USD,25.0,130.694,130.383,0.059490106661357574,-0.12550989333864243,0.185,False,Kraken,Coinbase Pro
3523,01-14-2021_12-25-22,DASH/USD,25.0,130.698,130.44,0.04935041087086447,-0.13564958912913552,0.185,False,Kraken,Coinbase Pro
3524,01-14-2021_12-25-45,DASH/USD,25.0,130.686,130.411,0.05260701222778371,-0.13239298777221628,0.185,False,Kraken,Coinbase Pro
3525,01-14-2021_12-25-58,DASH/USD,25.0,130.68,130.456,0.04285277012550084,-0.14214722987449915,0.185,False,Kraken,Coinbase Pro
3526,01-14-2021_12-26-10,DASH/USD,25.0,130.678,130.444,0.0447665253523946,-0.14023347464760538,0.185,False,Kraken,Coinbase Pro
3527,01-14-2021_12-26-23,DASH/USD,25.0,130.531,130.287,0.04673219388497747,-0.13826780611502254,0.185,False,Kraken,Coinbase Pro
3528,01-14-2021_12-26-44,DASH/USD,25.0,130.58537605,130.371,0.041041358627691156,-0.14145864137230885,0.1825,False,Bittrex,Coinbase Pro
3529,01-14-2021_12-26-56,DASH/USD,25.0,130.58537605,130.351,0.04487027129099589,-0.1376297287090041,0.1825,False,Bittrex,Coinbase Pro
3530,01-14-2021_12-27-09,DASH/USD,25.0,130.58537602,130.3,0.05463399285159883,-0.12786600714840116,0.1825,False,Bittrex,Coinbase Pro
3531,01-14-2021_12-27-32,DASH/USD,25.0,130.58537598,130.424,0.030894726685306306,-0.1516052733146937,0.1825,False,Bittrex,Coinbase Pro
3532,01-14-2021_12-27-46,DASH/USD,25.0,130.683,130.463,0.04208657591270457,-0.14291342408729543,0.185,False,Kraken,Coinbase Pro
3533,01-14-2021_12-27-58,DASH/USD,25.0,130.679,130.463,0.04132263026194113,-0.14367736973805886,0.185,False,Kraken,Coinbase Pro
3534,01-14-2021_12-28-20,DASH/USD,25.0,130.679,130.461,0.041705247208807326,-0.14329475279119266,0.185,False,Kraken,Coinbase Pro
3535,01-14-2021_12-28-32,DASH/USD,25.0,130.73157772,130.511,0.04218141550934736,-0.14031858449065263,0.1825,False,Bittrex,Coinbase Pro
3536,01-14-2021_12-28-43,DASH/USD,25.0,130.9066539,130.685,0.042330525874056966,-0.08516947412594303,0.1275,False,Bittrex,Kraken
3537,01-14-2021_12-29-06,DASH/USD,25.0,130.976,130.705,0.05172703396041767,-0.13327296603958233,0.185,False,Kraken,Coinbase Pro
3538,01-14-2021_12-29-20,DASH/USD,25.0,130.985,130.68,0.05821277245486254,-0.12678722754513747,0.185,False,Kraken,Coinbase Pro
3539,01-14-2021_12-29-31,DASH/USD,25.0,130.848,130.511,0.06438768647591432,-0.12061231352408568,0.185,False,Kraken,Coinbase Pro
3540,01-14-2021_12-29-54,DASH/USD,25.0,130.808,130.51,0.05695370313742314,-0.12804629686257685,0.185,False,Kraken,Coinbase Pro
3541,01-14-2021_12-30-05,DASH/USD,25.0,130.95698592,130.62,0.06433141340887495,-0.11816858659112504,0.1825,False,Bittrex,Coinbase Pro
3542,01-14-2021_12-30-29,DASH/USD,25.0,130.808,130.607,0.03841508164638122,-0.14658491835361878,0.185,False,Kraken,Coinbase Pro
3543,01-14-2021_12-30-53,DASH/USD,25.0,130.83,130.716,0.0217839944966759,-0.1282160055033241,0.15,False,Binance US,Coinbase Pro
3544,01-14-2021_12-31-15,DASH/USD,25.0,131.05236664,130.892,0.03059209156453707,-0.15190790843546292,0.1825,False,Bittrex,Coinbase Pro
3545,01-14-2021_12-31-27,DASH/USD,25.0,131.16,130.943,0.04136169563891136,-0.05363830436108864,0.095,False,Binance US,Kraken
3546,01-14-2021_12-31-38,DASH/USD,25.0,131.15168696,130.943,0.03977969419174185,-0.08772030580825815,0.1275,False,Bittrex,Kraken
3547,01-14-2021_12-31-48,DASH/USD,25.0,131.14,130.943,0.03755528442884976,-0.047444715571150244,0.085,False,Binance US,Kraken
3548,01-14-2021_12-31-58,DASH/USD,25.0,131.32795449,130.943,0.07328114023684436,-0.054218859763155644,0.1275,False,Bittrex,Kraken
3549,01-14-2021_12-32-08,DASH/USD,25.0,131.14,130.943,0.03755528442884976,-0.047444715571150244,0.085,False,Binance US,Kraken
3550,01-14-2021_12-32-20,DASH/USD,25.0,131.14,130.943,0.03755528442884976,-0.047444715571150244,0.085,False,Binance US,Kraken
3551,01-14-2021_12-32-31,DASH/USD,25.0,131.20374007,130.943,0.04968228608820273,-0.07781771391179727,0.1275,False,Bittrex,Kraken
3552,01-14-2021_12-32-40,DASH/USD,25.0,131.20373998,130.943,0.04968226897337842,-0.07781773102662158,0.1275,False,Bittrex,Kraken
3553,01-14-2021_12-32-50,DASH/USD,25.0,131.14375516,130.943,0.03827005711310301,-0.08922994288689699,0.1275,False,Bittrex,Kraken
3554,01-14-2021_12-33-01,DASH/USD,25.0,131.14375516,130.943,0.03827005711310301,-0.08922994288689699,0.1275,False,Bittrex,Kraken
3555,01-14-2021_12-33-13,DASH/USD,25.0,131.14375506,130.943,0.03827003807923019,-0.08922996192076982,0.1275,False,Bittrex,Kraken
3556,01-14-2021_12-33-35,DASH/USD,25.0,130.93,130.882,0.009165202780111856,-0.14083479721988815,0.15,False,Binance US,Coinbase Pro
3557,01-14-2021_12-33-48,DASH/USD,25.0,131.08909919,130.91,0.03415600364688426,-0.14834399635311574,0.1825,False,Bittrex,Coinbase Pro
3558,01-14-2021_12-34-00,DASH/USD,25.0,131.08909915,130.91,0.034155996028906496,-0.14834400397109349,0.1825,False,Bittrex,Coinbase Pro
3559,01-14-2021_12-34-12,DASH/USD,25.0,131.03542078,130.82,0.04109972302101698,-0.14140027697898302,0.1825,False,Bittrex,Coinbase Pro
3560,01-14-2021_12-34-25,DASH/USD,25.0,130.96,130.752,0.039706780696395536,-0.10029321930360445,0.13999999999999999,False,Binance US,Coinbase Pro
3561,01-14-2021_12-34-36,DASH/USD,25.0,130.92,130.771,0.028452490070272098,-0.1115475099297279,0.13999999999999999,False,Binance US,Coinbase Pro
3562,01-14-2021_12-35-00,DASH/USD,25.0,130.848,130.657,0.03649272438249008,-0.14850727561750993,0.185,False,Kraken,Coinbase Pro
3563,01-14-2021_12-35-11,DASH/USD,25.0,130.941,130.693,0.04734956965350624,-0.13765043034649377,0.185,False,Kraken,Coinbase Pro
3564,01-14-2021_12-35-23,DASH/USD,25.0,130.855,130.656,0.038019181536812476,-0.14698081846318753,0.185,False,Kraken,Coinbase Pro
3565,01-14-2021_12-35-34,DASH/USD,25.0,130.81,130.659,0.02885864995031161,-0.15614135004968838,0.185,False,Kraken,Coinbase Pro
3566,01-14-2021_12-35-44,DASH/USD,25.0,130.89,130.759,0.025021010008404048,-0.12497898999159594,0.15,False,Binance US,Coinbase Pro
3567,01-14-2021_12-35-56,DASH/USD,25.0,130.89,130.761,0.024639009855602165,-0.12536099014439783,0.15,False,Binance US,Coinbase Pro
3568,01-14-2021_12-36-06,DASH/USD,25.0,131.04519419,130.812,0.0444873601510853,-0.0830126398489147,0.1275,False,Bittrex,Kraken
3569,01-14-2021_12-36-28,DASH/USD,25.0,131.2394466,130.916,0.06161383036493449,-0.06588616963506552,0.1275,False,Bittrex,Kraken
3570,01-14-2021_12-36-38,DASH/USD,25.0,131.15391308,130.916,0.04534997744498834,-0.08215002255501166,0.1275,False,Bittrex,Kraken
3571,01-14-2021_12-36-48,DASH/USD,25.0,131.33837062,131.124,0.040805025025825746,-0.14169497497417424,0.1825,False,Bittrex,Coinbase Pro
3572,01-14-2021_12-36-59,DASH/USD,25.0,131.33837054,131.143,0.03718839726668025,-0.14531160273331975,0.1825,False,Bittrex,Coinbase Pro
3573,01-14-2021_12-37-09,DASH/USD,25.0,131.26697573,131.105,0.030848530085203454,-0.15165146991479656,0.1825,False,Bittrex,Coinbase Pro
3574,01-14-2021_12-37-19,DASH/USD,25.0,131.23785101,131.093,0.027593222703141407,-0.1549067772968586,0.1825,False,Bittrex,Coinbase Pro
3575,01-14-2021_12-37-30,DASH/USD,25.0,131.23785101,131.056,0.034641494165076274,-0.14785850583492371,0.1825,False,Bittrex,Coinbase Pro
3576,01-14-2021_12-37-41,DASH/USD,25.0,131.23785101,131.073,0.03140309916905098,-0.151096900830949,0.1825,False,Bittrex,Coinbase Pro
3577,01-14-2021_12-37-53,DASH/USD,25.0,131.465,131.18,0.05419693454531559,-0.010993065454684404,0.06519,False,Kraken,Binance US
3578,01-14-2021_12-38-04,DASH/USD,25.0,131.422,131.148,0.052122171325957777,-0.13287782867404221,0.185,False,Kraken,Coinbase Pro
3579,01-14-2021_12-38-15,DASH/USD,25.0,131.34512041,131.13,0.04094564178107431,-0.1415543582189257,0.1825,False,Bittrex,Coinbase Pro
3580,01-14-2021_12-38-37,DASH/USD,25.0,131.34512029,131.18,0.03142870660810074,-0.03126129339189926,0.06269,False,Bittrex,Binance US
3581,01-14-2021_12-38-47,DASH/USD,25.0,131.34512031,131.18,0.03142871041007763,-0.031261289589922366,0.06269,False,Bittrex,Binance US
3582,01-14-2021_12-38-57,DASH/USD,25.0,131.547,131.18,0.06974693455570827,0.00455693455570827,0.06519,False,Kraken,Binance US
3583,01-14-2021_12-39-08,DASH/USD,25.0,131.465,131.18,0.05419693454531559,-0.010993065454684404,0.06519,False,Kraken,Binance US
3584,01-14-2021_12-39-18,DASH/USD,25.0,131.435,131.18,0.04850306235021027,-0.016686937649789728,0.06519,False,Kraken,Binance US
3585,01-14-2021_12-39-29,DASH/USD,25.0,131.40175206,131.18,0.04218970761872808,-0.020500292381271913,0.06269,False,Bittrex,Binance US
3586,01-14-2021_12-39-40,DASH/USD,25.0,131.40175203,131.166,0.044853288932211244,-0.13764671106778875,0.1825,False,Bittrex,Coinbase Pro
3587,01-14-2021_12-39-52,DASH/USD,25.0,131.40175203,131.159,0.0461850824379795,-0.1363149175620205,0.1825,False,Bittrex,Coinbase Pro
3588,01-14-2021_12-40-02,DASH/USD,25.0,131.357,131.16,0.037493243603310585,-0.14750675639668942,0.185,False,Kraken,Coinbase Pro
3589,01-14-2021_12-40-13,DASH/USD,25.0,131.357,131.18,0.03368682293292183,-0.03150317706707817,0.06519,False,Kraken,Binance US
3590,01-14-2021_12-40-24,DASH/USD,25.0,131.35,131.136,0.04073087171678695,-0.14426912828321303,0.185,False,Kraken,Coinbase Pro
3591,01-14-2021_12-40-35,DASH/USD,25.0,131.331,131.114,0.04130784049462514,-0.14369215950537487,0.185,False,Kraken,Coinbase Pro
3592,01-14-2021_12-40-47,DASH/USD,25.0,131.312,131.114,0.037696478615817194,-0.1473035213841828,0.185,False,Kraken,Coinbase Pro
3593,01-14-2021_12-40-58,DASH/USD,25.0,131.30932515,131.051,0.0491825599029093,-0.14331744009709071,0.1925,False,Bittrex,Coinbase Pro
3594,01-14-2021_12-41-11,DASH/USD,25.0,131.391,131.052,0.06450213484941866,-0.12049786515058133,0.185,False,Kraken,Coinbase Pro
3595,01-14-2021_12-41-21,DASH/USD,25.0,131.344,131.052,0.05557924229504233,-0.12942075770495767,0.185,False,Kraken,Coinbase Pro
3596,01-14-2021_12-41-32,DASH/USD,25.0,131.318,131.052,0.050640430100979975,-0.13435956989902004,0.185,False,Kraken,Coinbase Pro
3597,01-14-2021_12-41-42,DASH/USD,25.0,131.30932496,131.024,0.05432305742317118,-0.12817694257682882,0.1825,False,Bittrex,Coinbase Pro
3598,01-14-2021_12-41-53,DASH/USD,25.0,131.30932489,131.024,0.05432304412482123,-0.12817694587517878,0.18249999,False,Bittrex,Coinbase Pro
3599,01-14-2021_12-42-04,DASH/USD,25.0,131.30932479,131.024,0.05432302512717921,-0.1281769748728208,0.1825,False,Bittrex,Coinbase Pro
3600,01-14-2021_12-42-15,DASH/USD,25.0,131.30932469,131.001,0.05870197922499236,-0.12379802077500764,0.1825,False,Bittrex,Coinbase Pro
3601,01-14-2021_12-42-26,DASH/USD,25.0,131.264,131.024,0.045709410043882764,-0.13929058995611723,0.185,False,Kraken,Coinbase Pro
3602,01-14-2021_12-42-38,DASH/USD,25.0,131.239,131.024,0.0409558134396032,-0.1440441865603968,0.185,False,Kraken,Coinbase Pro
3603,01-14-2021_12-42-49,DASH/USD,25.0,131.209,130.971,0.04534749902826779,-0.1396525009717322,0.185,False,Kraken,Coinbase Pro
3604,01-14-2021_12-43-01,DASH/USD,25.0,131.182,130.971,0.04021130947843155,-0.14478869052156845,0.185,False,Kraken,Coinbase Pro
3605,01-14-2021_12-43-11,DASH/USD,25.0,131.214,130.971,0.04629841327906988,-0.1387015867209301,0.185,False,Kraken,Coinbase Pro
3606,01-14-2021_12-43-23,DASH/USD,25.0,131.21,131.096,0.021720905418795122,-0.16327909458120488,0.185,False,Kraken,Coinbase Pro
3607,01-14-2021_12-43-33,DASH/USD,25.0,131.26236612,131.111,0.028828925699394103,-0.1536710743006059,0.1825,False,Bittrex,Coinbase Pro
3608,01-14-2021_12-43-44,DASH/USD,25.0,131.46653273,131.18,0.05448777039485642,-0.008202229605143573,0.06269,False,Bittrex,Binance US
3609,01-14-2021_12-43-56,DASH/USD,25.0,131.68251984,131.289,0.07470996159515973,-0.10779003840484026,0.1825,False,Bittrex,Coinbase Pro
3610,01-14-2021_12-44-08,DASH/USD,25.0,131.549,131.281,0.05093159203034624,-0.13406840796965375,0.185,False,Kraken,Coinbase Pro
3611,01-14-2021_12-44-19,DASH/USD,25.0,131.515,131.299,0.04105995513819332,-0.14394004486180667,0.185,False,Kraken,Coinbase Pro
3612,01-14-2021_12-44-30,DASH/USD,25.0,131.504,131.311,0.03669089913614484,-0.14830910086385515,0.185,False,Kraken,Coinbase Pro
3613,01-14-2021_12-44-41,DASH/USD,25.0,131.59838435,131.351,0.046996084188628634,-0.13550391581137136,0.1825,False,Bittrex,Coinbase Pro
3614,01-14-2021_12-44-53,DASH/USD,25.0,131.6,131.38,0.0417933130699086,-0.10820668693009139,0.15,False,Binance US,Coinbase Pro
3615,01-14-2021_12-45-03,DASH/USD,25.0,131.59838429,131.419,0.03407798108005205,-0.14842201891994794,0.1825,False,Bittrex,Coinbase Pro
3616,01-14-2021_12-45-14,DASH/USD,25.0,131.59838427,131.421,0.033698033411273844,-0.14880196658872616,0.1825,False,Bittrex,Coinbase Pro
3617,01-14-2021_12-45-24,DASH/USD,25.0,131.59838428,131.421,0.03369803530843405,-0.14880196469156595,0.1825,False,Bittrex,Coinbase Pro
3618,01-14-2021_12-45-34,DASH/USD,25.0,131.59838428,131.421,0.03369803530843405,-0.14880196469156595,0.1825,False,Bittrex,Coinbase Pro
3619,01-14-2021_12-45-45,DASH/USD,25.0,131.65824418,131.421,0.04504924501264997,-0.13745075498735002,0.1825,False,Bittrex,Coinbase Pro
3620,01-14-2021_12-45-56,DASH/USD,25.0,131.65824418,131.421,0.04504924501264997,-0.13745075498735002,0.1825,False,Bittrex,Coinbase Pro
3621,01-14-2021_12-46-08,DASH/USD,25.0,131.65824418,131.514,0.02738988752629493,-0.15511011247370507,0.1825,False,Bittrex,Coinbase Pro
3622,01-14-2021_12-46-17,DASH/USD,25.0,131.804,131.522,0.05348851324694446,-0.13151148675305555,0.185,False,Kraken,Coinbase Pro
3623,01-14-2021_12-46-27,DASH/USD,25.0,131.748,131.484,0.050095637125417765,-0.13490436287458224,0.185,False,Kraken,Coinbase Pro
3624,01-14-2021_12-46-38,DASH/USD,25.0,131.707,131.466,0.04574548049837622,-0.13925451950162376,0.185,False,Kraken,Coinbase Pro
3625,01-14-2021_12-46-48,DASH/USD,25.0,131.676,131.384,0.05543910811385553,-0.12956089188614447,0.185,False,Kraken,Coinbase Pro
3626,01-14-2021_12-46-58,DASH/USD,25.0,131.648,131.412,0.044816480311130814,-0.1401835196888692,0.185,False,Kraken,Coinbase Pro
3627,01-14-2021_12-47-09,DASH/USD,25.0,131.645,131.365,0.05317330699988627,-0.13182669300011374,0.185,False,Kraken,Coinbase Pro
3628,01-14-2021_12-47-19,DASH/USD,25.0,131.636,131.365,0.051467683612383124,-0.13353231638761687,0.185,False,Kraken,Coinbase Pro
3629,01-14-2021_12-47-30,DASH/USD,25.0,131.636,131.366,0.05127776596067599,-0.133722234039324,0.185,False,Kraken,Coinbase Pro
3630,01-14-2021_12-47-40,DASH/USD,25.0,131.665,131.397,0.0508867200850645,-0.1341132799149355,0.185,False,Kraken,Coinbase Pro
3631,01-14-2021_12-47-50,DASH/USD,25.0,131.649,131.378,0.05146260131106484,-0.13353739868893516,0.185,False,Kraken,Coinbase Pro
3632,01-14-2021_12-48-00,DASH/USD,25.0,131.691,131.378,0.0594193984402914,-0.1255806015597086,0.185,False,Kraken,Coinbase Pro
3633,01-14-2021_12-48-09,DASH/USD,25.0,131.689,131.378,0.05904061842674921,-0.1259593815732508,0.185,False,Kraken,Coinbase Pro
3634,01-14-2021_12-48-21,DASH/USD,25.0,131.683,131.378,0.05790420935124633,-0.12709579064875368,0.185,False,Kraken,Coinbase Pro
3635,01-14-2021_12-48-32,DASH/USD,25.0,131.649,131.451,0.03759998176970723,-0.14740001823029275,0.185,False,Kraken,Coinbase Pro
3636,01-14-2021_12-48-42,DASH/USD,25.0,131.641,131.473,0.0319049536238668,-0.1530950463761332,0.185,False,Kraken,Coinbase Pro
3637,01-14-2021_12-48-52,DASH/USD,25.0,131.7,131.522,0.03378891419893646,-0.10621108580106353,0.13999999999999999,False,Binance US,Coinbase Pro
3638,01-14-2021_12-49-02,DASH/USD,25.0,131.68369336,131.497,0.03544352289117639,-0.1470564771088236,0.1825,False,Bittrex,Coinbase Pro
3639,01-14-2021_12-49-12,DASH/USD,25.0,131.68369336,131.448,0.04474611737910004,-0.13775388262089996,0.1825,False,Bittrex,Coinbase Pro
3640,01-14-2021_12-49-23,DASH/USD,25.0,131.6,131.331,0.051101823708207726,-0.09889817629179226,0.15,False,Binance US,Coinbase Pro
3641,01-14-2021_12-49-34,DASH/USD,25.0,131.464,131.147,0.06028266293434083,-0.12471733706565917,0.185,False,Kraken,Coinbase Pro
3642,01-14-2021_12-49-44,DASH/USD,25.0,131.339,131.062,0.05272615140970824,-0.13227384859029176,0.185,False,Kraken,Coinbase Pro
3643,01-14-2021_12-49-55,DASH/USD,25.0,131.25622365,131.013,0.04632611758063566,-0.13617388241936434,0.1825,False,Bittrex,Coinbase Pro
3644,01-14-2021_12-50-06,DASH/USD,25.0,131.304,131.05,0.04836105526107177,-0.13663894473892824,0.185,False,Kraken,Coinbase Pro
3645,01-14-2021_12-50-16,DASH/USD,25.0,131.32934363,131.157,0.0328075251951216,-0.1496924748048784,0.1825,False,Bittrex,Coinbase Pro
3646,01-14-2021_12-50-26,DASH/USD,25.0,131.284,131.136,0.02818317540598933,-0.15681682459401067,0.185,False,Kraken,Coinbase Pro
3647,01-14-2021_12-50-38,DASH/USD,25.0,131.279,131.112,0.0318024969720979,-0.15319750302790208,0.185,False,Kraken,Coinbase Pro
3648,01-14-2021_12-50-49,DASH/USD,25.0,131.32,131.136,0.035028936947913016,-0.10497106305208698,0.13999999999999999,False,Binance US,Coinbase Pro
3649,01-14-2021_12-50-59,DASH/USD,25.0,131.34069996,131.224,0.022213213428043728,-0.16028678657195627,0.1825,False,Bittrex,Coinbase Pro
3650,01-14-2021_12-51-09,DASH/USD,25.0,131.34069994,131.211,0.024687690117999445,-0.15781230988200054,0.1825,False,Bittrex,Coinbase Pro
3651,01-14-2021_12-51-20,DASH/USD,25.0,131.34069994,131.172,0.03211113159840726,-0.15038886840159274,0.1825,False,Bittrex,Coinbase Pro
3652,01-14-2021_12-51-31,DASH/USD,25.0,131.458,131.183,0.05229807238814026,-0.13270192761185973,0.185,False,Kraken,Coinbase Pro
3653,01-14-2021_12-51-42,DASH/USD,25.0,131.40760188,131.246,0.030744393339502345,-0.15175560666049764,0.1825,False,Bittrex,Coinbase Pro
3654,01-14-2021_12-51-51,DASH/USD,25.0,131.40760187,131.252,0.029602904966246405,-0.1528970950337536,0.1825,False,Bittrex,Coinbase Pro
3655,01-14-2021_12-52-02,DASH/USD,25.0,131.40760187,131.252,0.029602904966246405,-0.1528970950337536,0.1825,False,Bittrex,Coinbase Pro
3656,01-14-2021_12-52-12,DASH/USD,25.0,131.40760187,131.234,0.03302736438561239,-0.14947263561438762,0.1825,False,Bittrex,Coinbase Pro
3657,01-14-2021_12-52-22,DASH/USD,25.0,131.386,131.232,0.029302969875024044,-0.15569703012497596,0.185,False,Kraken,Coinbase Pro
3658,01-14-2021_12-52-33,DASH/USD,25.0,131.44978882,131.258,0.036475680509198874,-0.14602431949080114,0.1825,False,Bittrex,Coinbase Pro
3659,01-14-2021_12-52-44,DASH/USD,25.0,131.44978873,131.277,0.032862116339136646,-0.14963788366086334,0.1825,False,Bittrex,Coinbase Pro
3660,01-14-2021_12-52-53,DASH/USD,25.0,131.44978867,131.276,0.03305229163134746,-0.14944770836865254,0.1825,False,Bittrex,Coinbase Pro
3661,01-14-2021_12-53-03,DASH/USD,25.0,131.44978858,131.228,0.0421812355873438,-0.1403187644126562,0.1825,False,Bittrex,Coinbase Pro
3662,01-14-2021_12-53-13,DASH/USD,25.0,131.44978849,131.213,0.04503401882955917,-0.13746598117044082,0.1825,False,Bittrex,Coinbase Pro
3663,01-14-2021_12-53-24,DASH/USD,25.0,131.44978846,131.205,0.046555506643984446,-0.13594448335601556,0.18249999,False,Bittrex,Coinbase Pro
3664,01-14-2021_12-53-35,DASH/USD,25.0,131.39,131.205,0.03520054798690423,-0.11479945201309577,0.15,False,Binance US,Coinbase Pro
3665,01-14-2021_12-53-46,DASH/USD,25.0,131.42,131.352,0.012935626236490572,-0.1370643737635094,0.15,False,Binance US,Coinbase Pro
3666,01-14-2021_12-53-56,DASH/USD,25.0,131.52753913,131.352,0.03336547067654473,-0.14913452932345528,0.1825,False,Bittrex,Coinbase Pro
3667,01-14-2021_12-54-06,DASH/USD,25.0,131.453,131.301,0.02890767042213096,-0.15609232957786903,0.185,False,Kraken,Coinbase Pro
3668,01-14-2021_12-54-16,DASH/USD,25.0,131.57,131.266,0.05776392794710079,-0.0922360720528992,0.15,False,Binance US,Coinbase Pro
3669,01-14-2021_12-54-26,DASH/USD,25.0,131.45,131.249,0.038227462913654135,-0.11177253708634585,0.15,False,Binance US,Coinbase Pro
3670,01-14-2021_12-54-36,DASH/USD,25.0,131.43,131.267,0.03100509777067848,-0.11899490222932152,0.15,False,Binance US,Coinbase Pro
3671,01-14-2021_12-54-46,DASH/USD,25.0,131.43,131.273,0.02986380582819955,-0.12013619417180044,0.15,False,Binance US,Coinbase Pro
3672,01-14-2021_12-54-56,DASH/USD,25.0,131.43,131.328,0.019401963022141797,-0.1305980369778582,0.15,False,Binance US,Coinbase Pro
3673,01-14-2021_12-55-06,DASH/USD,25.0,131.48271042,131.328,0.029416495048244246,-0.15308350495175574,0.1825,False,Bittrex,Coinbase Pro
3674,01-14-2021_12-55-16,DASH/USD,25.0,131.48271034,131.333,0.02846578451510433,-0.15403421548489565,0.1825,False,Bittrex,Coinbase Pro
3675,01-14-2021_12-55-25,DASH/USD,25.0,131.57,131.333,0.04503306224823189,-0.1049669377517681,0.15,False,Binance US,Coinbase Pro
3676,01-14-2021_12-55-35,DASH/USD,25.0,131.54,131.333,0.03934164512695637,-0.10065835487304362,0.13999999999999999,False,Binance US,Coinbase Pro
3677,01-14-2021_12-55-45,DASH/USD,25.0,131.51,131.333,0.03364763135883061,-0.11635236864116938,0.15,False,Binance US,Coinbase Pro
3678,01-14-2021_12-55-55,DASH/USD,25.0,131.51,131.315,0.037069424378372975,-0.11293057562162702,0.15,False,Binance US,Coinbase Pro
3679,01-14-2021_12-56-06,DASH/USD,25.0,131.48271005,131.327,0.02960656384797614,-0.15289343615202386,0.1825,False,Bittrex,Coinbase Pro
3680,01-14-2021_12-56-17,DASH/USD,25.0,131.48271005,131.331,0.02884600757436618,-0.15365399242563382,0.1825,False,Bittrex,Coinbase Pro
3681,01-14-2021_12-56-28,DASH/USD,25.0,131.48271005,131.221,0.04976130509868603,-0.13273869490131396,0.1825,False,Bittrex,Coinbase Pro
3682,01-14-2021_12-56-39,DASH/USD,25.0,131.43755515,131.175,0.04993914214631471,-0.1325608578536853,0.1825,False,Bittrex,Coinbase Pro
3683,01-14-2021_12-56-49,DASH/USD,25.0,131.43755514,131.249,0.03586401538722455,-0.14663598461277544,0.1825,False,Bittrex,Coinbase Pro
3684,01-14-2021_12-56-59,DASH/USD,25.0,131.56,131.305,0.04845697780480303,-0.10154302219519697,0.15,False,Binance US,Coinbase Pro
3685,01-14-2021_12-57-09,DASH/USD,25.0,131.52,131.331,0.03592609489051501,-0.11407390510948498,0.15,False,Binance US,Coinbase Pro
3686,01-14-2021_12-57-20,DASH/USD,25.0,131.61104064,131.407,0.03875826811485124,-0.08874173188514876,0.1275,False,Bittrex,Kraken
3687,01-14-2021_12-57-31,DASH/USD,25.0,131.61104062,131.462,0.028310812546180418,-0.15418918745381957,0.1825,False,Bittrex,Coinbase Pro
3688,01-14-2021_12-57-42,DASH/USD,25.0,131.649,131.447,0.03835957736101265,-0.14664042263898736,0.185,False,Kraken,Coinbase Pro
3689,01-14-2021_12-57-53,DASH/USD,25.0,131.61104053,131.454,0.0298304248199057,-0.1526695751800943,0.1825,False,Bittrex,Coinbase Pro
3690,01-14-2021_12-58-04,DASH/USD,25.0,131.61104048,131.455,0.029640461664710006,-0.15285953833528998,0.1825,False,Bittrex,Coinbase Pro
3691,01-14-2021_12-58-15,DASH/USD,25.0,131.64,131.449,0.036273169249463326,-0.04872683075053668,0.085,False,Binance US,Kraken
3692,01-14-2021_12-58-27,DASH/USD,25.0,131.64,131.449,0.036273169249463326,-0.04872683075053668,0.085,False,Binance US,Kraken
3693,01-14-2021_12-58-38,DASH/USD,25.0,131.64,131.449,0.036273169249463326,-0.04872683075053668,0.085,False,Binance US,Kraken
3694,01-14-2021_12-58-49,DASH/USD,25.0,131.64,131.449,0.036273169249463326,-0.04872683075053668,0.085,False,Binance US,Kraken
3695,01-14-2021_12-59-00,DASH/USD,25.0,131.664,131.424,0.04557054320087129,-0.13942945679912871,0.185,False,Kraken,Coinbase Pro
3696,01-14-2021_12-59-10,DASH/USD,25.0,131.647,131.45,0.03741065121119409,-0.14758934878880592,0.185,False,Kraken,Coinbase Pro
3697,01-14-2021_12-59-20,DASH/USD,25.0,131.6110404,131.453,0.030020353824359785,-0.15247964617564022,0.1825,False,Bittrex,Coinbase Pro
3698,01-14-2021_12-59-31,DASH/USD,25.0,131.61104033,131.453,0.030020340543570133,-0.15247965945642986,0.1825,False,Bittrex,Coinbase Pro
3699,01-14-2021_12-59-44,DASH/USD,25.0,131.61104033,131.431,0.034199321262974224,-0.14830067873702577,0.1825,False,Bittrex,Coinbase Pro
3700,01-14-2021_12-59-55,DASH/USD,25.0,131.61104033,131.449,0.030780155219823947,-0.15171984478017606,0.1825,False,Bittrex,Coinbase Pro
3701,01-14-2021_13-00-07,DASH/USD,25.0,131.61104033,131.449,0.030780155219823947,-0.15171984478017606,0.1825,False,Bittrex,Coinbase Pro
3702,01-14-2021_13-00-19,DASH/USD,25.0,131.58966652,131.352,0.045152960389158364,-0.13734703961084163,0.1825,False,Bittrex,Coinbase Pro
3703,01-14-2021_13-00-30,DASH/USD,25.0,131.58966643,131.337,0.048002711165472216,-0.07949728883452778,0.1275,False,Bittrex,Kraken
3704,01-14-2021_13-00-41,DASH/USD,25.0,131.58966633,131.29,0.05693196478827335,-0.12556803521172666,0.1825,False,Bittrex,Coinbase Pro
3705,01-14-2021_13-00-51,DASH/USD,25.0,131.51639606,131.368,0.028208661514019413,-0.1542913384859806,0.1825,False,Bittrex,Coinbase Pro
3706,01-14-2021_13-01-03,DASH/USD,25.0,131.51639606,131.316,0.038093360600563196,-0.1444066393994368,0.1825,False,Bittrex,Coinbase Pro
3707,01-14-2021_13-01-14,DASH/USD,25.0,131.59,131.38,0.03989664868151227,-0.11010335131848772,0.15,False,Binance US,Coinbase Pro
3708,01-14-2021_13-01-25,DASH/USD,25.0,131.51639599,131.277,0.04550687163337081,-0.1369931283666292,0.1825,False,Bittrex,Coinbase Pro
3709,01-14-2021_13-01-36,DASH/USD,25.0,131.44,131.226,0.040702982349360664,-0.05429701765063934,0.095,False,Binance US,Kraken
3710,01-14-2021_13-01-48,DASH/USD,25.0,131.44,131.248,0.036518563603166326,-0.11348143639683367,0.15,False,Binance US,Coinbase Pro
3711,01-14-2021_13-02-00,DASH/USD,25.0,131.71,131.406,0.05770252828183168,-0.027297471718168327,0.085,False,Binance US,Kraken
3712,01-14-2021_13-02-11,DASH/USD,25.0,131.69,131.406,0.053914496165234985,-0.041085503834765016,0.095,False,Binance US,Kraken
3713,01-14-2021_13-02-22,DASH/USD,25.0,131.69,131.406,0.053914496165234985,-0.041085503834765016,0.095,False,Binance US,Kraken
3714,01-14-2021_13-02-33,DASH/USD,25.0,131.69,131.406,0.053914496165234985,-0.041085503834765016,0.095,False,Binance US,Kraken
3715,01-14-2021_13-02-44,DASH/USD,25.0,131.65775712,131.406,0.04780521966710678,-0.07969478033289322,0.1275,False,Bittrex,Kraken
3716,01-14-2021_13-02-54,DASH/USD,25.0,131.56487715,131.406,0.030189886815091178,-0.09731011318490883,0.1275,False,Bittrex,Kraken
3717,01-14-2021_13-03-05,DASH/USD,25.0,131.56487713,131.406,0.030189883019276522,-0.09731011698072348,0.1275,False,Bittrex,Kraken
3718,01-14-2021_13-03-16,DASH/USD,25.0,131.56487707,131.406,0.03018987163182176,-0.09731012836817823,0.1275,False,Bittrex,Kraken
3719,01-14-2021_13-03-26,DASH/USD,25.0,131.56487699,131.406,0.030189856448552325,-0.09731014355144768,0.1275,False,Bittrex,Kraken
3720,01-14-2021_13-03-37,DASH/USD,25.0,131.58,131.548,0.006079951360391147,-0.13392004863960885,0.13999999999999999,False,Binance US,Coinbase Pro
3721,01-14-2021_13-03-48,DASH/USD,25.0,131.89191706,131.565,0.06196684893344887,-0.06553315106655114,0.1275,False,Bittrex,Kraken
3722,01-14-2021_13-03-59,DASH/USD,25.0,131.89191697,131.565,0.06196683191631326,-0.06553316808368674,0.1275,False,Bittrex,Kraken
3723,01-14-2021_13-04-09,DASH/USD,25.0,131.89191688,131.565,0.061966814899172246,-0.06553318510082776,0.1275,False,Bittrex,Kraken
3724,01-14-2021_13-04-19,DASH/USD,25.0,131.89191679,131.565,0.06196679788203659,-0.06553320211796342,0.1275,False,Bittrex,Kraken
3725,01-14-2021_13-04-31,DASH/USD,25.0,131.89191669,131.565,0.06196677897410088,-0.06553322102589912,0.1275,False,Bittrex,Kraken
3726,01-14-2021_13-04-42,DASH/USD,25.0,131.81,131.565,0.04646840148698971,-0.038531598513010294,0.085,False,Binance US,Kraken
3727,01-14-2021_13-04-53,DASH/USD,25.0,131.81,131.565,0.04646840148698971,-0.038531598513010294,0.085,False,Binance US,Kraken
3728,01-14-2021_13-05-04,DASH/USD,25.0,131.79464192,131.565,0.04356055691160034,-0.08393943308839967,0.12749999,False,Bittrex,Kraken
3729,01-14-2021_13-05-15,DASH/USD,25.0,131.825,131.565,0.0493077944244246,-0.1356922055755754,0.185,False,Coinbase Pro,Kraken
3730,01-14-2021_13-05-26,DASH/USD,25.0,131.84366912,131.603,0.045635319770441336,-0.08186468022955867,0.1275,False,Bittrex,Kraken
3731,01-14-2021_13-05-38,DASH/USD,25.0,131.8212277,131.603,0.04138705575111252,-0.08611294424888749,0.1275,False,Bittrex,Kraken
3732,01-14-2021_13-05-48,DASH/USD,25.0,131.82122762,131.603,0.04138704060416512,-0.08611295939583488,0.1275,False,Bittrex,Kraken
3733,01-14-2021_13-05-58,DASH/USD,25.0,131.82122752,131.603,0.04138702167048353,-0.08611297832951648,0.1275,False,Bittrex,Kraken
3734,01-14-2021_13-06-09,DASH/USD,25.0,131.83,131.603,0.04304786467420235,-0.05195213532579765,0.095,False,Binance US,Kraken
3735,01-14-2021_13-06-20,DASH/USD,25.0,131.8436691,131.825,0.003540006912628273,-0.17895999308737173,0.1825,False,Bittrex,Coinbase Pro
3736,01-14-2021_13-06-31,DASH/USD,25.0,132.00023702,131.81,0.03602967394125965,-0.026660326058740344,0.06269,False,Bittrex,Binance US
3737,01-14-2021_13-06-41,DASH/USD,25.0,131.90794227,131.81,0.01856261804909519,-0.044127381950904807,0.06269,False,Bittrex,Binance US
3738,01-14-2021_13-06-52,DASH/USD,25.0,131.90794219,131.807,0.019131181247338213,-0.10836881875266179,0.1275,False,Bittrex,Kraken
3739,01-14-2021_13-07-04,DASH/USD,25.0,131.90794207,131.82,0.016667319006714622,-0.046022680993285374,0.06269,False,Bittrex,Binance US
3740,01-14-2021_13-07-15,DASH/USD,25.0,131.90794197,131.81,0.01856256123347539,-0.044127438766524606,0.06269,False,Bittrex,Binance US
3741,01-14-2021_13-07-26,DASH/USD,25.0,131.87257472,131.752,0.022858187203819835,-0.15964181279618017,0.1825,False,Bittrex,Coinbase Pro
3742,01-14-2021_13-07-38,DASH/USD,25.0,131.87257468,131.72,0.0289246419072067,-0.1535753580927933,0.1825,False,Bittrex,Coinbase Pro
3743,01-14-2021_13-07-50,DASH/USD,25.0,131.87257458,131.726,0.027787161293168147,-0.15471283870683183,0.1825,False,Bittrex,Coinbase Pro
3744,01-14-2021_13-08-02,DASH/USD,25.0,131.87257447,131.632,0.04560737343736191,-0.1368926265626381,0.1825,False,Bittrex,Coinbase Pro
3745,01-14-2021_13-08-14,DASH/USD,25.0,131.726,131.485,0.04573888222522233,-0.13926111777477768,0.185,False,Kraken,Coinbase Pro
3746,01-14-2021_13-08-26,DASH/USD,25.0,131.66,131.48,0.034178945769407346,-0.15082105423059267,0.185,False,Kraken,Coinbase Pro
3747,01-14-2021_13-08-38,DASH/USD,25.0,131.576,131.49,0.016340366024195963,-0.04884963397580404,0.06519,False,Kraken,Binance US
3748,01-14-2021_13-08-50,DASH/USD,25.0,131.75871322,131.574,0.03504762901174755,-0.14745237098825245,0.1825,False,Bittrex,Coinbase Pro
3749,01-14-2021_13-09-02,DASH/USD,25.0,131.68296668,131.525,0.029989960733467252,-0.15251003926653275,0.1825,False,Bittrex,Coinbase Pro
3750,01-14-2021_13-09-14,DASH/USD,25.0,131.68296659,131.537,0.02771174468875558,-0.1547882553112444,0.1825,False,Bittrex,Coinbase Pro
3751,01-14-2021_13-09-27,DASH/USD,25.0,131.538,131.245,0.05568732989706517,-0.12931267010293482,0.185,False,Kraken,Coinbase Pro
3752,01-14-2021_13-09-39,DASH/USD,25.0,131.494,131.314,0.03422209378374808,-0.15077790621625192,0.185,False,Kraken,Coinbase Pro
3753,01-14-2021_13-09-51,DASH/USD,25.0,131.448953,131.321,0.024335112049160043,-0.15816488795083994,0.1825,False,Bittrex,Coinbase Pro
3754,01-14-2021_13-10-04,DASH/USD,25.0,131.80856544,131.605,0.03861005529505396,-0.14388994470494604,0.1825,False,Bittrex,Coinbase Pro
3755,01-14-2021_13-10-14,DASH/USD,25.0,131.64,131.449,0.036273169249463326,-0.10372683075053665,0.13999999999999999,False,Binance US,Coinbase Pro
3756,01-14-2021_13-10-36,DASH/USD,25.0,131.64,131.427,0.040451230628986985,-0.09954876937101301,0.13999999999999999,False,Binance US,Coinbase Pro
3757,01-14-2021_13-10-48,DASH/USD,25.0,131.64,131.381,0.04918717714979986,-0.09081282285020012,0.13999999999999999,False,Binance US,Coinbase Pro
3758,01-14-2021_13-10-59,DASH/USD,25.0,131.64,131.393,0.04690823457915255,-0.09309176542084743,0.13999999999999999,False,Binance US,Coinbase Pro
3759,01-14-2021_13-11-12,DASH/USD,25.0,131.53,131.369,0.030601383714742143,-0.11939861628525786,0.15,False,Binance US,Coinbase Pro
3760,01-14-2021_13-11-23,DASH/USD,25.0,131.51,131.293,0.041251615846700736,-0.10874838415329927,0.15,False,Binance US,Coinbase Pro
3761,01-14-2021_13-11-46,DASH/USD,25.0,131.45563702,131.256,0.03796661454115471,-0.14453338545884528,0.1825,False,Bittrex,Coinbase Pro
3762,01-14-2021_13-11-57,DASH/USD,25.0,131.41,131.259,0.028726885320753834,-0.11127311467924615,0.13999999999999999,False,Binance US,Coinbase Pro
3763,01-14-2021_13-12-09,DASH/USD,25.0,131.38,131.259,0.02302481351804105,-0.12697518648195893,0.15,False,Binance US,Coinbase Pro
3764,01-14-2021_13-12-21,DASH/USD,25.0,131.65,131.37247818,0.052700687428789215,-0.03979931257121078,0.0925,False,Binance US,Bittrex
3765,01-14-2021_13-12-33,DASH/USD,25.0,131.7692281,131.513,0.04861303805421379,-0.1338869619457862,0.1825,False,Bittrex,Coinbase Pro
3766,01-14-2021_13-12-43,DASH/USD,25.0,131.7373008,131.506,0.043894325789923465,-0.13860567421007652,0.1825,False,Bittrex,Coinbase Pro
3767,01-14-2021_13-12-52,DASH/USD,25.0,131.73730073,131.469,0.05091586219568219,-0.1315841378043178,0.1825,False,Bittrex,Coinbase Pro
3768,01-14-2021_13-13-02,DASH/USD,25.0,131.73730064,131.469,0.05091584515102425,-0.07658414484897576,0.12749999,False,Bittrex,Kraken
3769,01-14-2021_13-13-13,DASH/USD,25.0,131.73730044,131.469,0.05091580727400296,-0.07658419272599704,0.1275,False,Bittrex,Kraken
3770,01-14-2021_13-13-23,DASH/USD,25.0,131.73730035,131.469,0.050915790229339564,-0.07658420977066044,0.1275,False,Bittrex,Kraken
3771,01-14-2021_13-13-33,DASH/USD,25.0,131.73730028,131.469,0.050915776972381525,-0.07658422302761847,0.1275,False,Bittrex,Kraken
3772,01-14-2021_13-13-43,DASH/USD,25.0,131.76922816,131.469,0.05696097719329947,-0.07053902280670053,0.1275,False,Bittrex,Kraken
3773,01-14-2021_13-13-54,DASH/USD,25.0,131.90950029,131.713,0.037241496929337134,-0.09025850307066287,0.1275,False,Bittrex,Kraken
3774,01-14-2021_13-14-05,DASH/USD,25.0,131.90950024,131.713,0.037241487467257424,-0.09025851253274259,0.1275,False,Bittrex,Kraken
3775,01-14-2021_13-14-15,DASH/USD,25.0,131.9095002,131.713,0.03724147989759472,-0.09025852010240529,0.1275,False,Bittrex,Kraken
3776,01-14-2021_13-14-26,DASH/USD,25.0,131.90467927,131.713,0.03632912627907122,-0.09117087372092877,0.1275,False,Bittrex,Kraken
3777,01-14-2021_13-14-36,DASH/USD,25.0,131.90467926,131.713,0.036329124386515865,-0.09117087561348414,0.1275,False,Bittrex,Kraken
3778,01-14-2021_13-14-46,DASH/USD,25.0,131.92,131.713,0.0392283201940558,-0.0557716798059442,0.095,False,Binance US,Kraken
3779,01-14-2021_13-14-56,DASH/USD,25.0,131.93,131.713,0.04112029106344519,-0.043879708936554816,0.085,False,Binance US,Kraken
3780,01-14-2021_13-15-07,DASH/USD,25.0,132.06528348,131.834,0.043782036032775314,-0.0837179539672247,0.12749999,False,Bittrex,Kraken
3781,01-14-2021_13-15-17,DASH/USD,25.0,132.0652834,131.834,0.04378202091527016,-0.08371797908472983,0.1275,False,Bittrex,Kraken
3782,01-14-2021_13-15-28,DASH/USD,25.0,132.0652833,131.834,0.04378200201839138,-0.08371799798160862,0.1275,False,Bittrex,Kraken
3783,01-14-2021_13-15-39,DASH/USD,25.0,132.00600638,131.834,0.03257548363080763,-0.09492451636919237,0.1275,False,Bittrex,Kraken
3784,01-14-2021_13-15-48,DASH/USD,25.0,132.0060063,131.834,0.03257546849972245,-0.09492453150027755,0.1275,False,Bittrex,Kraken
3785,01-14-2021_13-15-59,DASH/USD,25.0,132.0060062,131.843,0.03087098168719771,-0.1516290183128023,0.1825,False,Bittrex,Coinbase Pro
3786,01-14-2021_13-16-09,DASH/USD,25.0,132.00600613,131.788,0.0412871611662311,-0.1412128388337689,0.1825,False,Bittrex,Coinbase Pro
3787,01-14-2021_13-16-20,DASH/USD,25.0,131.93,131.769,0.030508603047070672,-0.10949139695292931,0.13999999999999999,False,Binance US,Coinbase Pro
3788,01-14-2021_13-16-32,DASH/USD,25.0,131.93,131.716,0.0405518077768511,-0.09944819222314888,0.13999999999999999,False,Binance US,Coinbase Pro
3789,01-14-2021_13-16-44,DASH/USD,25.0,131.92815996,131.73,0.037550732167430996,-0.144949267832569,0.1825,False,Bittrex,Coinbase Pro
3790,01-14-2021_13-16-54,DASH/USD,25.0,131.80982878,131.659,0.028607271057865466,-0.15389272894213452,0.1825,False,Bittrex,Coinbase Pro
3791,01-14-2021_13-17-04,DASH/USD,25.0,131.80982877,131.55,0.04928099300799668,-0.1332190069920033,0.1825,False,Bittrex,Coinbase Pro
3792,01-14-2021_13-17-15,DASH/USD,25.0,131.772,131.611,0.030545184105880113,-0.15445481589411988,0.185,False,Kraken,Coinbase Pro
3793,01-14-2021_13-17-26,DASH/USD,25.0,131.72,131.625,0.018030671120558547,-0.16696932887944144,0.185,False,Kraken,Coinbase Pro
3794,01-14-2021_13-17-36,DASH/USD,25.0,131.721,131.601,0.02277541166556672,-0.1622245883344333,0.185,False,Kraken,Coinbase Pro
3795,01-14-2021_13-17-47,DASH/USD,25.0,131.8,131.674,0.023899848254932618,-0.11610015174506737,0.13999999999999999,False,Binance US,Coinbase Pro
3796,01-14-2021_13-17-57,DASH/USD,25.0,131.8,131.65,0.028452200303491212,-0.11154779969650877,0.13999999999999999,False,Binance US,Coinbase Pro
3797,01-14-2021_13-18-09,DASH/USD,25.0,131.8,131.687,0.021433990895295813,-0.0635660091047042,0.085,False,Binance US,Kraken
3798,01-14-2021_13-18-19,DASH/USD,25.0,131.81,131.713,0.018397693649952283,-0.1216023063500477,0.13999999999999999,False,Binance US,Coinbase Pro
3799,01-14-2021_13-18-30,DASH/USD,25.0,131.81,131.723,0.016501024201500094,-0.12349897579849989,0.13999999999999999,False,Binance US,Coinbase Pro
3800,01-14-2021_13-18-41,DASH/USD,25.0,131.81,131.709,0.019156361429329923,-0.12084363857067007,0.13999999999999999,False,Binance US,Coinbase Pro
3801,01-14-2021_13-18-53,DASH/USD,25.0,131.81,131.74,0.013276686139138377,-0.07172331386086163,0.085,False,Binance US,Kraken
3802,01-14-2021_13-19-03,DASH/USD,25.0,131.79696366,131.74,0.010805192020001742,-0.11669480797999826,0.1275,False,Bittrex,Kraken
3803,01-14-2021_13-19-15,DASH/USD,25.0,131.79696361,131.74,0.010805182539818914,-0.1166948174601811,0.1275,False,Bittrex,Kraken
3804,01-14-2021_13-19-25,DASH/USD,25.0,131.79696359,131.74,0.01080517874774147,-0.11669482125225854,0.1275,False,Bittrex,Kraken
3805,01-14-2021_13-19-37,DASH/USD,25.0,131.9846093,131.74,0.046332921182496385,-0.08116707881750362,0.1275,False,Bittrex,Kraken
3806,01-14-2021_13-19-48,DASH/USD,25.0,131.98460915,131.74,0.046332892822754226,-0.08116710717724578,0.1275,False,Bittrex,Kraken
3807,01-14-2021_13-19-59,DASH/USD,25.0,131.984609,131.74,0.04633286446300662,-0.08116713553699338,0.1275,False,Bittrex,Kraken
3808,01-14-2021_13-20-10,DASH/USD,25.0,131.98460895,131.74,0.04633285500975561,-0.08116714499024438,0.1275,False,Bittrex,Kraken
3809,01-14-2021_13-20-21,DASH/USD,25.0,132.199,132.019,0.03403959182747351,-0.15096040817252648,0.185,False,Kraken,Coinbase Pro
3810,01-14-2021_13-20-32,DASH/USD,25.0,132.11731215,132.019,0.01860319219338549,-0.1638968078066145,0.1825,False,Bittrex,Coinbase Pro
3811,01-14-2021_13-20-42,DASH/USD,25.0,132.11731207,131.986,0.02484762744991997,-0.15765237255008002,0.1825,False,Bittrex,Coinbase Pro
3812,01-14-2021_13-20-53,DASH/USD,25.0,132.11731202,132.019,0.018603167612342538,-0.16389683238765745,0.1825,False,Bittrex,Coinbase Pro
3813,01-14-2021_13-21-03,DASH/USD,25.0,132.11731193,132.04,0.014629409437456978,-0.04806059056254302,0.06269,False,Bittrex,Binance US
3814,01-14-2021_13-21-14,DASH/USD,25.0,132.11731191,132.04,0.014629405655158573,-0.048060594344841424,0.06269,False,Bittrex,Binance US
3815,01-14-2021_13-21-25,DASH/USD,25.0,132.28,132.102,0.03364076201995715,-0.11635923798004284,0.15,False,Binance US,Coinbase Pro
3816,01-14-2021_13-21-36,DASH/USD,25.0,132.181,132.083,0.01853519038288657,-0.16646480961711344,0.185,False,Kraken,Coinbase Pro
3817,01-14-2021_13-21-47,DASH/USD,25.0,132.18,132.051,0.02439854743531909,-0.16060145256468092,0.185,False,Kraken,Coinbase Pro
3818,01-14-2021_13-21-58,DASH/USD,25.0,132.24516928,132.127,0.022339054167980984,-0.160160945832019,0.1825,False,Bittrex,Coinbase Pro
3819,01-14-2021_13-22-09,DASH/USD,25.0,132.25,132.172,0.014744801512287893,-0.1352551984877121,0.15,False,Binance US,Coinbase Pro
3820,01-14-2021_13-22-19,DASH/USD,25.0,132.39,132.208,0.034368154694461056,-0.05063184530553895,0.085,False,Binance US,Kraken
3821,01-14-2021_13-22-29,DASH/USD,25.0,132.3546082,132.208,0.027692311207340885,-0.09980768879265911,0.1275,False,Bittrex,Kraken
3822,01-14-2021_13-22-40,DASH/USD,25.0,132.43,132.208,0.04190893302122034,-0.05309106697877966,0.095,False,Binance US,Kraken
3823,01-14-2021_13-22-50,DASH/USD,25.0,132.37,132.208,0.030596056508273423,-0.06440394349172658,0.095,False,Binance US,Kraken
3824,01-14-2021_13-23-01,DASH/USD,25.0,132.35460804,132.208,0.027692281018973284,-0.09980771898102672,0.1275,False,Bittrex,Kraken
3825,01-14-2021_13-23-11,DASH/USD,25.0,132.24872793,132.16,0.016772926928826256,-0.16572707307117374,0.1825,False,Bittrex,Coinbase Pro
3826,01-14-2021_13-23-22,DASH/USD,25.0,132.24872791,132.14,0.020553677853525475,-0.16194632214647453,0.1825,False,Bittrex,Coinbase Pro
3827,01-14-2021_13-23-32,DASH/USD,25.0,132.27,132.15,0.022680880018145562,-0.11731911998185443,0.13999999999999999,False,Binance US,Coinbase Pro
3828,01-14-2021_13-23-42,DASH/USD,25.0,132.37402168,132.151,0.042119608736206376,-0.14038039126379362,0.1825,False,Bittrex,Coinbase Pro
3829,01-14-2021_13-23-52,DASH/USD,25.0,132.37402158,132.208,0.031354637794182134,-0.09614536220581787,0.1275,False,Bittrex,Kraken
3830,01-14-2021_13-24-03,DASH/USD,25.0,132.47,132.244,0.04265116630180401,-0.05234883369819599,0.095,False,Binance US,Kraken
3831,01-14-2021_13-24-13,DASH/USD,25.0,132.46,132.244,0.04076702400724901,-0.05423297599275099,0.095,False,Binance US,Kraken
3832,01-14-2021_13-24-23,DASH/USD,25.0,132.46,132.244,0.04076702400724901,-0.05423297599275099,0.095,False,Binance US,Kraken
3833,01-14-2021_13-24-33,DASH/USD,25.0,132.45,132.244,0.03888259720649092,-0.05611740279350908,0.095,False,Binance US,Kraken
3834,01-14-2021_13-24-43,DASH/USD,25.0,132.38752597,132.244,0.027103378688513514,-0.1003966213114865,0.1275,False,Bittrex,Kraken
3835,01-14-2021_13-24-54,DASH/USD,25.0,132.39,132.244,0.027570058161490028,-0.05742994183850998,0.085,False,Binance US,Kraken
3836,01-14-2021_13-25-03,DASH/USD,25.0,132.46,132.244,0.04076702400724901,-0.05423297599275099,0.095,False,Binance US,Kraken
3837,01-14-2021_13-25-12,DASH/USD,25.0,132.49245839,132.244,0.046881609908060395,-0.0806183900919396,0.1275,False,Bittrex,Kraken
3838,01-14-2021_13-25-22,DASH/USD,25.0,132.49245838,132.244,0.046881608024697485,-0.08061839197530252,0.1275,False,Bittrex,Kraken
3839,01-14-2021_13-25-33,DASH/USD,25.0,132.61,132.244,0.06899932131815358,-0.026000678681846426,0.095,False,Binance US,Kraken
3840,01-14-2021_13-25-43,DASH/USD,25.0,132.63,132.297,0.06276860438814719,-0.032231395611852814,0.095,False,Binance US,Kraken
3841,01-14-2021_13-25-54,DASH/USD,25.0,132.62,132.297,0.060888252148998546,-0.034111747851001455,0.095,False,Binance US,Kraken
3842,01-14-2021_13-26-05,DASH/USD,25.0,132.59,132.297,0.055245493626971565,-0.039754506373028436,0.095,False,Binance US,Kraken
3843,01-14-2021_13-26-14,DASH/USD,25.0,132.658,132.297,0.06803208249784974,-0.11696791750215026,0.185,False,Coinbase Pro,Kraken
3844,01-14-2021_13-26-24,DASH/USD,25.0,132.677,132.297,0.07160246312473063,-0.11339753687526936,0.185,False,Coinbase Pro,Kraken
3845,01-14-2021_13-26-36,DASH/USD,25.0,132.678,132.297,0.0717903495681274,-0.1132096504318726,0.185,False,Coinbase Pro,Kraken
3846,01-14-2021_13-26-44,DASH/USD,25.0,132.651,132.367,0.05352390860227593,-0.13147609139772407,0.185,False,Coinbase Pro,Kraken
3847,01-14-2021_13-26-57,DASH/USD,25.0,132.655,132.367,0.05427612981041252,-0.13072387018958748,0.185,False,Coinbase Pro,Kraken
3848,01-14-2021_13-27-09,DASH/USD,25.0,132.647,132.367,0.052771642027335926,-0.13222835797266408,0.185,False,Coinbase Pro,Kraken
3849,01-14-2021_13-27-21,DASH/USD,25.0,132.777,132.367,0.07719710492027923,-0.10780289507972077,0.185,False,Coinbase Pro,Kraken
3850,01-14-2021_13-27-31,DASH/USD,25.0,132.91,132.776,0.025205025957412183,-0.1597949740425878,0.185,False,Kraken,Coinbase Pro
3851,01-14-2021_13-27-42,DASH/USD,25.0,132.892,132.82,0.013544833398549712,-0.051645166601450285,0.06519,False,Kraken,Binance US
3852,01-14-2021_13-27-53,DASH/USD,25.0,132.893,132.82,0.013732852746195718,-0.05145714725380428,0.06519,False,Kraken,Binance US
3853,01-14-2021_13-28-03,DASH/USD,25.0,132.96,132.85991076,0.018819426895310028,-0.07368057310468998,0.0925,False,Binance US,Bittrex
3854,01-14-2021_13-28-13,DASH/USD,25.0,132.93,132.8599107,0.0131816181448895,-0.0793183818551105,0.0925,False,Binance US,Bittrex
3855,01-14-2021_13-28-24,DASH/USD,25.0,132.888,132.806,0.01542652459213654,-0.16957347540786347,0.185,False,Kraken,Coinbase Pro
3856,01-14-2021_13-28-36,DASH/USD,25.0,132.874,132.792,0.015428149976668429,-0.16957185002333158,0.185,False,Kraken,Coinbase Pro
3857,01-14-2021_13-28-46,DASH/USD,25.0,132.864,132.741,0.023143966763003985,-0.16185603323699602,0.185,False,Kraken,Coinbase Pro
3858,01-14-2021_13-28-57,DASH/USD,25.0,132.862,132.741,0.022767984826357595,-0.1622320151736424,0.185,False,Kraken,Coinbase Pro
3859,01-14-2021_13-29-08,DASH/USD,25.0,132.75,132.635,0.021657250470811504,-0.1283427495291885,0.15,False,Binance US,Coinbase Pro
3860,01-14-2021_13-29-18,DASH/USD,25.0,132.69578472,132.615,0.01521991074744008,-0.1672800892525599,0.1825,False,Bittrex,Coinbase Pro
3861,01-14-2021_13-29-30,DASH/USD,25.0,132.69578466,132.567,0.024263140748961676,-0.1582368592510383,0.1825,False,Bittrex,Coinbase Pro
3862,01-14-2021_13-29-40,DASH/USD,25.0,132.68441284,132.521,0.030789758288537823,-0.15171024171146216,0.1825,False,Bittrex,Coinbase Pro
3863,01-14-2021_13-29-50,DASH/USD,25.0,132.656,132.5,0.029399348691353182,-0.16560065130864682,0.195,False,Kraken,Coinbase Pro
3864,01-14-2021_13-30-00,DASH/USD,25.0,132.62871893,132.5,0.02426301992480365,-0.10323698007519636,0.1275,False,Bittrex,Kraken
3865,01-14-2021_13-30-11,DASH/USD,25.0,132.8,132.5,0.05647590361445996,-0.03852409638554004,0.095,False,Binance US,Kraken
3866,01-14-2021_13-30-22,DASH/USD,25.0,132.92173656,132.681,0.04527787670967586,-0.08222212329032413,0.1275,False,Bittrex,Kraken
3867,01-14-2021_13-30-31,DASH/USD,25.0,132.92173648,132.681,0.04527786169047744,-0.08222213830952256,0.1275,False,Bittrex,Kraken
3868,01-14-2021_13-30-41,DASH/USD,25.0,132.9217364,132.681,0.045277846671278994,-0.08222215332872101,0.1275,False,Bittrex,Kraken
3869,01-14-2021_13-30-52,DASH/USD,25.0,132.979,132.9217363,0.01076555320765334,-0.17173444679234665,0.1825,False,Coinbase Pro,Bittrex
3870,01-14-2021_13-31-03,DASH/USD,25.0,132.962,132.754,0.03910891833756983,-0.14589108166243017,0.185,False,Kraken,Coinbase Pro
3871,01-14-2021_13-31-13,DASH/USD,25.0,132.958,132.814,0.027076219558056953,-0.15792378044194305,0.185,False,Kraken,Coinbase Pro
3872,01-14-2021_13-31-24,DASH/USD,25.0,132.931,132.677,0.047769143390183455,-0.13723085660981654,0.185,False,Kraken,Coinbase Pro
3873,01-14-2021_13-31-36,DASH/USD,25.0,132.8,132.587,0.04009789156626925,-0.10990210843373074,0.15,False,Binance US,Coinbase Pro
3874,01-14-2021_13-31-47,DASH/USD,25.0,132.792,132.622,0.032004940056627566,-0.15299505994337242,0.185,False,Kraken,Coinbase Pro
3875,01-14-2021_13-31-59,DASH/USD,25.0,132.786,132.579,0.03897248203876795,-0.14602751796123203,0.185,False,Kraken,Coinbase Pro
3876,01-14-2021_13-32-09,DASH/USD,25.0,132.725,132.507,0.041062346957993844,-0.14393765304200615,0.185,False,Kraken,Coinbase Pro
3877,01-14-2021_13-32-19,DASH/USD,25.0,132.66543435,132.552,0.02137601828158596,-0.16112398171841402,0.1825,False,Bittrex,Coinbase Pro
3878,01-14-2021_13-32-31,DASH/USD,25.0,132.66543432,132.501,0.030986654670607124,-0.15151334532939287,0.1825,False,Bittrex,Coinbase Pro
3879,01-14-2021_13-32-41,DASH/USD,25.0,132.586,132.438,0.027906415458650337,-0.15709358454134967,0.185,False,Kraken,Coinbase Pro
3880,01-14-2021_13-32-52,DASH/USD,25.0,132.5,132.289,0.03981132075471939,-0.05518867924528061,0.095,False,Binance US,Kraken
3881,01-14-2021_13-33-04,DASH/USD,25.0,132.47918149,132.323,0.029472836456908444,-0.15302716354309154,0.1825,False,Bittrex,Coinbase Pro
3882,01-14-2021_13-33-14,DASH/USD,25.0,132.596,132.362,0.0441189779480544,-0.14088102205194558,0.185,False,Kraken,Coinbase Pro
3883,01-14-2021_13-33-25,DASH/USD,25.0,132.575,132.357,0.04110880633603419,-0.1438911936639658,0.185,False,Kraken,Coinbase Pro
3884,01-14-2021_13-33-37,DASH/USD,25.0,132.52,132.261,0.04886054935104409,-0.1361394506489559,0.185,False,Kraken,Coinbase Pro
3885,01-14-2021_13-33-47,DASH/USD,25.0,132.487,132.214,0.05151448821393725,-0.13348551178606274,0.185,False,Kraken,Coinbase Pro
3886,01-14-2021_13-33-58,DASH/USD,25.0,132.463,132.312,0.028498524116164898,-0.1565014758838351,0.185,False,Kraken,Coinbase Pro
3887,01-14-2021_13-34-09,DASH/USD,25.0,132.44,132.208,0.043793415886439015,-0.141206584113561,0.185,False,Kraken,Coinbase Pro
3888,01-14-2021_13-34-20,DASH/USD,25.0,132.429,132.101,0.061919972211525225,-0.12308002778847477,0.185,False,Kraken,Coinbase Pro
3889,01-14-2021_13-34-31,DASH/USD,25.0,132.38,132.176,0.038525457017677844,-0.14647454298232215,0.185,False,Kraken,Coinbase Pro
3890,01-14-2021_13-34-42,DASH/USD,25.0,132.523,132.275,0.0467843317763691,-0.1382156682236309,0.185,False,Kraken,Coinbase Pro
3891,01-14-2021_13-34-54,DASH/USD,25.0,132.51,132.3,0.039619651347064286,-0.1453803486529357,0.185,False,Kraken,Coinbase Pro
3892,01-14-2021_13-35-04,DASH/USD,25.0,132.51,132.238,0.05131688174477235,-0.13368311825522766,0.185,False,Kraken,Coinbase Pro
3893,01-14-2021_13-35-15,DASH/USD,25.0,132.427,132.143,0.05361444418434153,-0.13138555581565847,0.185,False,Kraken,Coinbase Pro
3894,01-14-2021_13-35-26,DASH/USD,25.0,132.405,132.236,0.03190967108493092,-0.15309032891506907,0.185,False,Kraken,Coinbase Pro
3895,01-14-2021_13-35-38,DASH/USD,25.0,132.405,132.223,0.03436426116838261,-0.1506357388316174,0.185,False,Kraken,Coinbase Pro
3896,01-14-2021_13-35-49,DASH/USD,25.0,132.403,132.29,0.02133637455344659,-0.04385362544655341,0.06519,False,Kraken,Binance US
3897,01-14-2021_13-36-01,DASH/USD,25.0,132.401,132.22,0.03417647902961677,-0.031013520970383228,0.06519,False,Kraken,Binance US
3898,01-14-2021_13-36-12,DASH/USD,25.0,132.366,132.108,0.04872852545215723,-0.13627147454784277,0.185,False,Kraken,Coinbase Pro
3899,01-14-2021_13-36-23,DASH/USD,25.0,132.339,132.2,0.026258321432081625,-0.038931678567918376,0.06519,False,Kraken,Binance US
3900,01-14-2021_13-36-35,DASH/USD,25.0,132.34,132.2,0.026447030376306253,-0.038742969623693745,0.06519,False,Kraken,Binance US
3901,01-14-2021_13-36-46,DASH/USD,25.0,132.339,132.22,0.02248014568645671,-0.09770985431354329,0.12018999999999999,False,Coinbase Pro,Binance US
3902,01-14-2021_13-36-57,DASH/USD,25.0,132.335,132.169,0.03135980655155416,-0.15364019344844584,0.185,False,Kraken,Coinbase Pro
3903,01-14-2021_13-37-08,DASH/USD,25.0,132.335,132.22,0.021725167189331825,-0.04346483281066817,0.06519,False,Kraken,Binance US
3904,01-14-2021_13-37-19,DASH/USD,25.0,132.333,132.216,0.02210333023508691,-0.1628966697649131,0.185,False,Kraken,Coinbase Pro
3905,01-14-2021_13-37-31,DASH/USD,25.0,132.3864707,132.22,0.0314365016152649,-0.031253498384735096,0.06269,False,Bittrex,Binance US
3906,01-14-2021_13-37-43,DASH/USD,25.0,132.418,132.35,0.012838133788460037,-0.05235186621153996,0.06519,False,Kraken,Binance US
3907,01-14-2021_13-37-55,DASH/USD,25.0,132.46,132.354,0.020006039559111153,-0.12999396044088884,0.15,False,Binance US,Coinbase Pro
3908,01-14-2021_13-38-06,DASH/USD,25.0,132.43,132.365,0.012270633542248305,-0.1377293664577517,0.15,False,Binance US,Coinbase Pro
3909,01-14-2021_13-38-27,DASH/USD,25.0,132.526249,132.384,0.026834117971606692,-0.1556658820283933,0.1825,False,Bittrex,Coinbase Pro
3910,01-14-2021_13-38-39,DASH/USD,25.0,132.526249,132.387,0.02626819234882416,-0.15623180765117584,0.1825,False,Bittrex,Coinbase Pro
3911,01-14-2021_13-38-50,DASH/USD,25.0,132.47716706,132.387,0.01701558502514653,-0.16548441497485347,0.1825,False,Bittrex,Coinbase Pro
3912,01-14-2021_13-39-01,DASH/USD,25.0,132.66688841,132.387,0.05274270267329855,-0.12975729732670144,0.1825,False,Bittrex,Coinbase Pro
3913,01-14-2021_13-39-13,DASH/USD,25.0,132.58629597,132.387,0.03757853866833695,-0.14492145133166306,0.18249999,False,Bittrex,Coinbase Pro
3914,01-14-2021_13-39-35,DASH/USD,25.0,132.62,132.418,0.038078721158196,-0.056921278841804,0.095,False,Binance US,Kraken
3915,01-14-2021_13-39-46,DASH/USD,25.0,132.62,132.418,0.038078721158196,-0.056921278841804,0.095,False,Binance US,Kraken
3916,01-14-2021_13-39-57,DASH/USD,25.0,132.62,132.418,0.038078721158196,-0.056921278841804,0.095,False,Binance US,Kraken
3917,01-14-2021_13-40-08,DASH/USD,25.0,132.6668884,132.418,0.04690100201370187,-0.08059899798629813,0.1275,False,Bittrex,Kraken
3918,01-14-2021_13-40-19,DASH/USD,25.0,132.66688838,132.418,0.046900998251931454,-0.08059900174806855,0.1275,False,Bittrex,Kraken
3919,01-14-2021_13-40-32,DASH/USD,25.0,132.84,132.511,0.06191659138813755,-0.03308340861186245,0.095,False,Binance US,Kraken
3920,01-14-2021_13-40-42,DASH/USD,25.0,132.96886568,132.58,0.07311216765130128,-0.05438783234869872,0.1275,False,Bittrex,Kraken
3921,01-14-2021_13-40-52,DASH/USD,25.0,132.96886561,132.85,0.022348391379948145,-0.04034160862005185,0.06269,False,Bittrex,Binance US
3922,01-14-2021_13-41-05,DASH/USD,25.0,132.96886552,132.83,0.02610865322813276,-0.03658134677186724,0.06269,False,Bittrex,Binance US
3923,01-14-2021_13-41-15,DASH/USD,25.0,132.956,132.85,0.019931405878635518,-0.04525859412136448,0.06519,False,Kraken,Binance US
3924,01-14-2021_13-41-26,DASH/USD,25.0,132.955,132.82,0.025384528599905854,-0.09480547140009414,0.12018999999999999,False,Coinbase Pro,Binance US
3925,01-14-2021_13-41-37,DASH/USD,25.0,132.957,132.82,0.025760208187609615,-0.03942979181239038,0.06519,False,Kraken,Binance US
3926,01-14-2021_13-41-47,DASH/USD,25.0,132.953,132.79,0.03064992892225277,-0.15435007107774723,0.185,False,Kraken,Coinbase Pro
3927,01-14-2021_13-41-59,DASH/USD,25.0,132.84,132.65,0.03575730201746419,-0.1142426979825358,0.15,False,Binance US,Coinbase Pro
3928,01-14-2021_13-42-10,DASH/USD,25.0,132.84301274,132.728,0.021644484272782195,-0.1608555157272178,0.1825,False,Bittrex,Coinbase Pro
3929,01-14-2021_13-42-22,DASH/USD,25.0,132.84301263,132.714,0.024279152408139233,-0.15822084759186075,0.1825,False,Bittrex,Coinbase Pro
3930,01-14-2021_13-42-33,DASH/USD,25.0,132.84301253,132.705,0.025972862134700164,-0.15652713786529984,0.1825,False,Bittrex,Coinbase Pro
3931,01-14-2021_13-42-45,DASH/USD,25.0,132.84091542,132.704,0.025766801509741474,-0.15673319849025852,0.1825,False,Bittrex,Coinbase Pro
3932,01-14-2021_13-42-57,DASH/USD,25.0,132.84091532,132.698,0.026895952887654714,-0.15560404711234527,0.1825,False,Bittrex,Coinbase Pro
3933,01-14-2021_13-43-08,DASH/USD,25.0,132.83,132.682,0.02785515320334724,-0.12214484679665276,0.15,False,Binance US,Coinbase Pro
3934,01-14-2021_13-43-19,DASH/USD,25.0,132.83,132.728,0.01919747045095307,-0.13080252954904692,0.15,False,Binance US,Coinbase Pro
3935,01-14-2021_13-43-31,DASH/USD,25.0,132.83,132.728,0.01919747045095307,-0.13080252954904692,0.15,False,Binance US,Coinbase Pro
3936,01-14-2021_13-43-53,DASH/USD,25.0,132.78023602,132.65,0.02452097237957296,-0.03816902762042704,0.06269,False,Bittrex,Binance US
3937,01-14-2021_13-44-04,DASH/USD,25.0,132.78023593,132.62,0.030169386444770515,-0.15233061355522948,0.1825,False,Bittrex,Coinbase Pro
3938,01-14-2021_13-44-15,DASH/USD,25.0,132.84,132.656,0.03462812405901789,-0.11537187594098211,0.15,False,Binance US,Coinbase Pro
3939,01-14-2021_13-44-27,DASH/USD,25.0,132.82,132.697,0.023151633790090057,-0.12684836620990994,0.15,False,Binance US,Coinbase Pro
3940,01-14-2021_13-44-37,DASH/USD,25.0,132.82,132.662,0.029739497063692787,-0.1202605029363072,0.15,False,Binance US,Coinbase Pro
3941,01-14-2021_13-44-47,DASH/USD,25.0,132.82,132.703,0.022022285800329437,-0.07297771419967056,0.095,False,Binance US,Kraken
3942,01-14-2021_13-44-58,DASH/USD,25.0,132.82,132.7,0.02258695979521242,-0.12741304020478758,0.15,False,Binance US,Coinbase Pro
3943,01-14-2021_13-45-09,DASH/USD,25.0,132.8,132.7,0.018825301204823557,-0.13117469879517643,0.15,False,Binance US,Coinbase Pro
3944,01-14-2021_13-45-31,DASH/USD,25.0,132.8,132.662,0.025978915662651585,-0.1240210843373484,0.15,False,Binance US,Coinbase Pro
3945,01-14-2021_13-45-42,DASH/USD,25.0,132.70989413,132.638,0.013543475878591598,-0.1689565241214084,0.1825,False,Bittrex,Coinbase Pro
3946,01-14-2021_13-46-04,DASH/USD,25.0,132.69868269,132.6,0.018591497669675165,-0.044098502330324835,0.06269,False,Bittrex,Binance US
3947,01-14-2021_13-46-16,DASH/USD,25.0,132.83,132.69868269,0.024715295866900217,-0.06778470413309978,0.0925,False,Binance US,Bittrex
3948,01-14-2021_13-46-26,DASH/USD,25.0,132.83,132.704,0.023714522321765557,-0.07128547767823444,0.095,False,Binance US,Kraken
3949,01-14-2021_13-46-36,DASH/USD,25.0,132.83,132.704,0.023714522321765557,-0.07128547767823444,0.095,False,Binance US,Kraken
3950,01-14-2021_13-46-47,DASH/USD,25.0,132.84,132.704,0.025594700391447543,-0.06940529960855246,0.095,False,Binance US,Kraken
3951,01-14-2021_13-46-58,DASH/USD,25.0,132.8695803,132.704,0.03115466678417509,-0.09634533321582492,0.1275,False,Bittrex,Kraken
3952,01-14-2021_13-47-08,DASH/USD,25.0,132.86958024,132.704,0.031154655508979622,-0.09634534449102038,0.1275,False,Bittrex,Kraken
3953,01-14-2021_13-47-19,DASH/USD,25.0,132.86958014,132.704,0.031154636716985373,-0.09634536328301463,0.1275,False,Bittrex,Kraken
3954,01-14-2021_13-47-31,DASH/USD,25.0,132.89,132.787,0.019376928286549067,-0.16562307171345092,0.185,False,Coinbase Pro,Kraken
3955,01-14-2021_13-47-42,DASH/USD,25.0,133.00183891,132.787,0.04038269541246252,-0.08711730458753748,0.1275,False,Bittrex,Kraken
3956,01-14-2021_13-47-53,DASH/USD,25.0,132.97433604,132.787,0.03522033754386232,-0.09227966245613768,0.1275,False,Bittrex,Kraken
3957,01-14-2021_13-48-04,DASH/USD,25.0,133.03873348,132.787,0.04730454684421437,-0.08019545315578563,0.1275,False,Bittrex,Kraken
3958,01-14-2021_13-48-15,DASH/USD,25.0,133.03158572,132.787,0.045963843600796896,-0.08153615639920311,0.1275,False,Bittrex,Kraken
3959,01-14-2021_13-48-36,DASH/USD,25.0,133.082,132.787,0.0554169609714288,-0.1295830390285712,0.185,False,Coinbase Pro,Kraken
3960,01-14-2021_13-48-48,DASH/USD,25.0,133.16177858,132.787,0.07036151514280815,-0.05713848485719185,0.1275,False,Bittrex,Kraken
3961,01-14-2021_13-49-00,DASH/USD,25.0,133.26,132.985,0.05159087498123542,-0.04340912501876458,0.095,False,Binance US,Kraken
3962,01-14-2021_13-49-11,DASH/USD,25.0,133.16,132.985,0.0328552117753047,-0.0621447882246953,0.095,False,Binance US,Kraken
3963,01-14-2021_13-49-22,DASH/USD,25.0,133.15816502,132.985,0.03251115317900146,-0.09498884682099853,0.1275,False,Bittrex,Kraken
3964,01-14-2021_13-49-34,DASH/USD,25.0,133.15816502,132.985,0.03251115317900146,-0.09498884682099853,0.1275,False,Bittrex,Kraken
3965,01-14-2021_13-49-45,DASH/USD,25.0,133.24,132.985,0.04784599219453532,-0.04715400780546468,0.095,False,Binance US,Kraken
3966,01-14-2021_13-49-56,DASH/USD,25.0,133.21,132.985,0.04222655956759896,-0.05277344043240104,0.095,False,Binance US,Kraken
3967,01-14-2021_13-50-07,DASH/USD,25.0,133.138,132.985,0.028729588847660244,-0.15627041115233975,0.185,False,Coinbase Pro,Kraken
3968,01-14-2021_13-50-17,DASH/USD,25.0,133.154,133.1,0.010138636466047218,-0.11005136353395277,0.12018999999999999,False,Coinbase Pro,Binance US
3969,01-14-2021_13-50-28,DASH/USD,25.0,133.135,133.065,0.01314455252187501,-0.181855447478125,0.195,False,Kraken,Coinbase Pro
3970,01-14-2021_13-50-51,DASH/USD,25.0,133.29956791,133.141,0.02973901425304634,-0.09776098574695366,0.1275,False,Bittrex,Kraken
3971,01-14-2021_13-51-03,DASH/USD,25.0,133.29956781,133.225,0.013985005957840978,-0.16851499404215903,0.1825,False,Bittrex,Coinbase Pro
3972,01-14-2021_13-51-15,DASH/USD,25.0,133.29956763,133.108,0.03592802913880101,-0.146571970861199,0.1825,False,Bittrex,Coinbase Pro
3973,01-14-2021_13-51-38,DASH/USD,25.0,133.25087748,133.16,0.017050071586518716,-0.04563992841348128,0.06269,False,Bittrex,Binance US
3974,01-14-2021_13-51-49,DASH/USD,25.0,133.25087739,133.149,0.019113830992238564,-0.10838616900776143,0.1275,False,Bittrex,Kraken
3975,01-14-2021_13-52-00,DASH/USD,25.0,133.25087732,133.191,0.011233944797264589,-0.11626605520273542,0.1275,False,Bittrex,Kraken
3976,01-14-2021_13-52-11,DASH/USD,25.0,133.26,133.191,0.012944619540745236,-0.08205538045925477,0.095,False,Binance US,Kraken
3977,01-14-2021_13-52-23,DASH/USD,25.0,133.30478844,133.191,0.021339901089003882,-0.10616009891099612,0.1275,False,Bittrex,Kraken
3978,01-14-2021_13-52-34,DASH/USD,25.0,133.332,133.191,0.026437764377642118,-0.15856223562235788,0.185,False,Coinbase Pro,Kraken
3979,01-14-2021_13-52-45,DASH/USD,25.0,133.337,133.191,0.02737424720819926,-0.15762575279180074,0.185,False,Coinbase Pro,Kraken
3980,01-14-2021_13-53-08,DASH/USD,25.0,133.5,133.4174428,0.015460149812733439,-0.11203985018726656,0.1275,False,Kraken,Bittrex
3981,01-14-2021_13-53-19,DASH/USD,25.0,133.63232433,133.42,0.039721738558493216,-0.02296826144150678,0.06269,False,Bittrex,Binance US
3982,01-14-2021_13-53-30,DASH/USD,25.0,133.619,133.42,0.03723272887838037,-0.08295727112161963,0.12018999999999999,False,Coinbase Pro,Binance US
3983,01-14-2021_13-53-40,DASH/USD,25.0,133.6074264,133.42,0.03507035593943993,-0.027619634060560068,0.06268999,False,Bittrex,Binance US
3984,01-14-2021_13-53-52,DASH/USD,25.0,133.59537502,133.42,0.03281831799449714,-0.02987168200550286,0.06269,False,Bittrex,Binance US
3985,01-14-2021_13-54-04,DASH/USD,25.0,133.59537499,133.42,0.03281831238790083,-0.029871687612099164,0.06269,False,Bittrex,Binance US
3986,01-14-2021_13-54-14,DASH/USD,25.0,133.59537497,133.42,0.032818308650166425,-0.02987169134983357,0.06269,False,Bittrex,Binance US
3987,01-14-2021_13-54-25,DASH/USD,25.0,133.59537494,133.42,0.03281830304357013,-0.02987169695642987,0.06269,False,Bittrex,Binance US
3988,01-14-2021_13-54-35,DASH/USD,25.0,133.59537491,133.42,0.032818297436973815,-0.02987170256302618,0.06269,False,Bittrex,Binance US
3989,01-14-2021_13-54-45,DASH/USD,25.0,133.59537484,133.362,0.043671953516263365,-0.13882804648373664,0.1825,False,Bittrex,Coinbase Pro
3990,01-14-2021_13-54-55,DASH/USD,25.0,133.4328328,133.315,0.022077174996467996,-0.160422825003532,0.1825,False,Bittrex,Coinbase Pro
3991,01-14-2021_13-55-07,DASH/USD,25.0,133.43283275,133.221,0.03968902286532343,-0.14281097713467655,0.1825,False,Bittrex,Coinbase Pro
3992,01-14-2021_13-55-19,DASH/USD,25.0,133.499,133.4,0.01853946471508954,-0.046650535284910456,0.06519,False,Kraken,Binance US
3993,01-14-2021_13-55-31,DASH/USD,25.0,133.499,133.39,0.020412137918637756,-0.04477786208136224,0.06519,False,Kraken,Binance US
3994,01-14-2021_13-55-41,DASH/USD,25.0,133.59788161,133.41,0.03515804437462389,-0.02753195562537611,0.06269,False,Bittrex,Binance US
3995,01-14-2021_13-55-53,DASH/USD,25.0,133.507,133.41,0.018163841596322367,-0.10202615840367762,0.12018999999999999,False,Coinbase Pro,Binance US
3996,01-14-2021_13-56-04,DASH/USD,25.0,133.503,133.4,0.019287956075889724,-0.10090204392411027,0.12018999999999999,False,Coinbase Pro,Binance US
3997,01-14-2021_13-56-26,DASH/USD,25.0,133.508,133.41,0.018350960242085337,-0.10183903975791465,0.12018999999999999,False,Coinbase Pro,Binance US
3998,01-14-2021_13-56-38,DASH/USD,25.0,133.508,133.41,0.018350960242085337,-0.10183903975791465,0.12018999999999999,False,Coinbase Pro,Binance US
3999,01-14-2021_13-56-49,DASH/USD,25.0,133.508,133.41,0.018350960242085337,-0.10183903975791465,0.12018999999999999,False,Coinbase Pro,Binance US
4000,01-14-2021_13-57-00,DASH/USD,25.0,133.638155,133.41,0.0426814856879787,-0.020008514312021296,0.06269,False,Bittrex,Binance US
4001,01-14-2021_13-57-10,DASH/USD,25.0,133.63815491,133.41,0.04268146888021126,-0.020008531119788737,0.06269,False,Bittrex,Binance US
4002,01-14-2021_13-57-21,DASH/USD,25.0,133.567,133.42,0.02751428122216187,-0.09267571877783812,0.12018999999999999,False,Coinbase Pro,Binance US
4003,01-14-2021_13-57-32,DASH/USD,25.0,133.618,133.42,0.03704590698858079,-0.0831440930114192,0.12018999999999999,False,Coinbase Pro,Binance US
4004,01-14-2021_13-57-43,DASH/USD,25.0,133.618,133.42,0.03704590698858079,-0.0831440930114192,0.12018999999999999,False,Coinbase Pro,Binance US
4005,01-14-2021_13-57-54,DASH/USD,25.0,133.616,133.42,0.03667225481978699,-0.083517745180213,0.12018999999999999,False,Coinbase Pro,Binance US
4006,01-14-2021_13-58-15,DASH/USD,25.0,133.616,133.42,0.03667225481978699,-0.083517745180213,0.12018999999999999,False,Coinbase Pro,Binance US
4007,01-14-2021_13-58-27,DASH/USD,25.0,133.653,133.42,0.04358300973416311,-0.07660699026583688,0.12018999999999999,False,Coinbase Pro,Binance US
4008,01-14-2021_13-58-39,DASH/USD,25.0,133.685,133.42,0.04955679395594397,-0.07063320604405601,0.12018999999999999,False,Coinbase Pro,Binance US
4009,01-14-2021_13-58-51,DASH/USD,25.0,133.661,133.42,0.04507672395089328,-0.07511327604910671,0.12018999999999999,False,Coinbase Pro,Binance US
4010,01-14-2021_13-59-02,DASH/USD,25.0,133.661,133.42,0.04507672395089328,-0.07511327604910671,0.12018999999999999,False,Coinbase Pro,Binance US
4011,01-14-2021_13-59-14,DASH/USD,25.0,133.55983193,133.42,0.026174024027168064,-0.03651597597283193,0.06269,False,Bittrex,Binance US
4012,01-14-2021_13-59-25,DASH/USD,25.0,133.601,133.42,0.033869506964770396,-0.0863204930352296,0.12018999999999999,False,Coinbase Pro,Binance US
4013,01-14-2021_13-59-35,DASH/USD,25.0,133.601,133.41,0.035740750443485174,-0.08444924955651481,0.12018999999999999,False,Coinbase Pro,Binance US
4014,01-14-2021_13-59-48,DASH/USD,25.0,133.602,133.42,0.03405637640155394,-0.08613362359844605,0.12018999999999999,False,Coinbase Pro,Binance US
4015,01-14-2021_13-59-59,DASH/USD,25.0,133.657,133.42,0.04432988919398594,-0.07586011080601404,0.12018999999999999,False,Coinbase Pro,Binance US
4016,01-14-2021_14-00-09,DASH/USD,25.0,133.657,133.42,0.04432988919398594,-0.07586011080601404,0.12018999999999999,False,Coinbase Pro,Binance US
4017,01-14-2021_14-00-20,DASH/USD,25.0,133.717,133.42,0.055527718988615034,-0.06466228101138496,0.12018999999999999,False,Coinbase Pro,Binance US
4018,01-14-2021_14-00-32,DASH/USD,25.0,133.718,133.42,0.05571426434735822,-0.06447573565264178,0.12018999999999999,False,Coinbase Pro,Binance US
4019,01-14-2021_14-00-44,DASH/USD,25.0,133.603,133.42,0.034243243040953636,-0.08594675695904636,0.12018999999999999,False,Coinbase Pro,Binance US
4020,01-14-2021_14-00-56,DASH/USD,25.0,133.63815497,133.42,0.04081075686224743,-0.021879243137752566,0.06269,False,Bittrex,Binance US
4021,01-14-2021_14-01-07,DASH/USD,25.0,133.687,133.42,0.04993006051448987,-0.07025993948551013,0.12018999999999999,False,Coinbase Pro,Binance US
4022,01-14-2021_14-01-19,DASH/USD,25.0,133.684,133.42,0.04937015648843729,-0.0708198435115627,0.12018999999999999,False,Coinbase Pro,Binance US
4023,01-14-2021_14-01-30,DASH/USD,25.0,133.684,133.42,0.04937015648843729,-0.0708198435115627,0.12018999999999999,False,Coinbase Pro,Binance US
4024,01-14-2021_14-01-42,DASH/USD,25.0,133.685,133.42,0.04955679395594397,-0.07063320604405601,0.12018999999999999,False,Coinbase Pro,Binance US
4025,01-14-2021_14-01-53,DASH/USD,25.0,133.654,133.42,0.043769733790236146,-0.07642026620976385,0.12018999999999999,False,Coinbase Pro,Binance US
4026,01-14-2021_14-02-03,DASH/USD,25.0,133.654,133.42,0.043769733790236146,-0.07642026620976385,0.12018999999999999,False,Coinbase Pro,Binance US
4027,01-14-2021_14-02-15,DASH/USD,25.0,133.689,133.42,0.050303315904824904,-0.0698866840951751,0.12018999999999999,False,Coinbase Pro,Binance US
4028,01-14-2021_14-02-26,DASH/USD,25.0,133.689,133.42,0.050303315904824904,-0.0698866840951751,0.12018999999999999,False,Coinbase Pro,Binance US
4029,01-14-2021_14-02-47,DASH/USD,25.0,133.696,133.42,0.05160962182862809,-0.0685803781713719,0.12018999999999999,False,Coinbase Pro,Binance US
4030,01-14-2021_14-02-58,DASH/USD,25.0,133.696,133.42,0.05160962182862809,-0.0685803781713719,0.12018999999999999,False,Coinbase Pro,Binance US
4031,01-14-2021_14-03-09,DASH/USD,25.0,133.696,133.42,0.05160962182862809,-0.0685803781713719,0.12018999999999999,False,Coinbase Pro,Binance US
4032,01-14-2021_14-03-20,DASH/USD,25.0,133.695,133.42,0.0514230150716193,-0.06876698492838068,0.12018999999999999,False,Coinbase Pro,Binance US
4033,01-14-2021_14-03-33,DASH/USD,25.0,133.689,133.42,0.050303315904824904,-0.0698866840951751,0.12018999999999999,False,Coinbase Pro,Binance US
4034,01-14-2021_14-03-44,DASH/USD,25.0,133.689,133.42,0.050303315904824904,-0.0698866840951751,0.12018999999999999,False,Coinbase Pro,Binance US
4035,01-14-2021_14-03-56,DASH/USD,25.0,133.689,133.42,0.050303315904824904,-0.0698866840951751,0.12018999999999999,False,Coinbase Pro,Binance US
4036,01-14-2021_14-04-08,DASH/USD,25.0,133.689,133.41,0.052173327648496956,-0.06801667235150304,0.12018999999999999,False,Coinbase Pro,Binance US
4037,01-14-2021_14-04-19,DASH/USD,25.0,133.689,133.39,0.05591335113584637,-0.06427664886415363,0.12018999999999999,False,Coinbase Pro,Binance US
4038,01-14-2021_14-04-30,DASH/USD,25.0,133.676,133.39,0.05348753702983359,-0.06670246297016641,0.12018999999999999,False,Coinbase Pro,Binance US
4039,01-14-2021_14-04-43,DASH/USD,25.0,133.619,133.39,0.04284570308115115,-0.07734429691884884,0.12018999999999999,False,Coinbase Pro,Binance US
4040,01-14-2021_14-04-53,DASH/USD,25.0,133.608,133.39,0.040790970600566155,-0.07939902939943383,0.12018999999999999,False,Coinbase Pro,Binance US
4041,01-14-2021_14-05-04,DASH/USD,25.0,133.608,133.37,0.044533261481348334,-0.07565673851865165,0.12018999999999999,False,Coinbase Pro,Binance US
4042,01-14-2021_14-05-17,DASH/USD,25.0,133.541,133.365,0.03294868242711746,-0.15205131757288254,0.185,False,Coinbase Pro,Kraken
4043,01-14-2021_14-05-29,DASH/USD,25.0,133.54,133.37,0.031825670211170345,-0.08836432978882965,0.12018999999999999,False,Coinbase Pro,Binance US
4044,01-14-2021_14-05-41,DASH/USD,25.0,133.541,133.37,0.032012640312711504,-0.08817735968728849,0.12018999999999999,False,Coinbase Pro,Binance US
4045,01-14-2021_14-06-03,DASH/USD,25.0,133.541,133.337,0.03819051826779935,-0.14680948173220065,0.185,False,Coinbase Pro,Kraken
4046,01-14-2021_14-06-15,DASH/USD,25.0,133.533,133.35,0.03426119386219001,-0.08592880613780998,0.12018999999999999,False,Coinbase Pro,Binance US
4047,01-14-2021_14-06-25,DASH/USD,25.0,133.522,133.35,0.032204430730515765,-0.08798556926948423,0.12018999999999999,False,Coinbase Pro,Binance US
4048,01-14-2021_14-06-37,DASH/USD,25.0,133.451,133.35,0.018920802391888987,-0.10126919760811101,0.12018999999999999,False,Coinbase Pro,Binance US
4049,01-14-2021_14-06-48,DASH/USD,25.0,133.451,133.35,0.018920802391888987,-0.10126919760811101,0.12018999999999999,False,Coinbase Pro,Binance US
4050,01-14-2021_14-07-10,DASH/USD,25.0,133.447,133.32031937,0.02373238626571033,-0.15876761373428966,0.1825,False,Coinbase Pro,Bittrex
4051,01-14-2021_14-07-20,DASH/USD,25.0,133.495,133.32031929,0.03271296865051467,-0.09478703134948532,0.1275,False,Kraken,Bittrex
4052,01-14-2021_14-07-30,DASH/USD,25.0,133.453,133.41,0.008055270394821842,-0.05713472960517815,0.06519,False,Kraken,Binance US
4053,01-14-2021_14-07-40,DASH/USD,25.0,133.443,133.34552045,0.018262394805273176,-0.16423760519472683,0.1825,False,Coinbase Pro,Bittrex
4054,01-14-2021_14-07-51,DASH/USD,25.0,133.41,133.332,0.014616595457612428,-0.08038340454238757,0.095,False,Binance US,Kraken
4055,01-14-2021_14-08-02,DASH/USD,25.0,133.437,133.3455204,0.01713909935025775,-0.11035830064974222,0.12749739999999998,False,Kraken,Bittrex
4056,01-14-2021_14-08-12,DASH/USD,25.0,133.407,133.34552032,0.011521074606283635,-0.17097892539371637,0.1825,False,Coinbase Pro,Bittrex
4057,01-14-2021_14-08-23,DASH/USD,25.0,133.407,133.335,0.013492545368684312,-0.1715074546313157,0.185,False,Coinbase Pro,Kraken
4058,01-14-2021_14-08-34,DASH/USD,25.0,133.477,133.34552013,0.02462594117338429,-0.10287405882661571,0.1275,False,Kraken,Bittrex
4059,01-14-2021_14-08-43,DASH/USD,25.0,133.472,133.34552006,0.02369035078518263,-0.15880964921481736,0.1825,False,Coinbase Pro,Bittrex
4060,01-14-2021_14-08-54,DASH/USD,25.0,133.494,133.41,0.015731044091869893,-0.049458955908130105,0.06519,False,Kraken,Binance US
4061,01-14-2021_14-09-04,DASH/USD,25.0,133.535,133.42,0.021529935971844293,-0.09866006402815569,0.12018999999999999,False,Coinbase Pro,Binance US
4062,01-14-2021_14-09-15,DASH/USD,25.0,133.589,133.42,0.031626855504572074,-0.08856314449542792,0.12018999999999999,False,Coinbase Pro,Binance US
4063,01-14-2021_14-09-26,DASH/USD,25.0,133.6904231,133.5,0.035608964274420764,-0.09189103572557925,0.1275,False,Bittrex,Kraken
4064,01-14-2021_14-09-38,DASH/USD,25.0,133.82152479,133.5,0.06006597042302543,-0.06743402957697457,0.1275,False,Bittrex,Kraken
4065,01-14-2021_14-09-50,DASH/USD,25.0,134.0002028,133.636,0.06794818074708452,-0.059551819252915486,0.1275,False,Bittrex,Kraken
4066,01-14-2021_14-10-01,DASH/USD,25.0,133.94689727,133.636,0.05802621716823253,-0.06947378283176747,0.1275,False,Bittrex,Kraken
4067,01-14-2021_14-10-12,DASH/USD,25.0,133.94689716,133.636,0.05802619668536041,-0.06947380331463959,0.1275,False,Bittrex,Kraken
4068,01-14-2021_14-10-24,DASH/USD,25.0,133.93718734,133.636,0.05621802017453293,-0.07128197982546708,0.1275,False,Bittrex,Kraken
4069,01-14-2021_14-10-35,DASH/USD,25.0,133.943,133.636,0.05730049349350402,-0.12769950650649597,0.185,False,Coinbase Pro,Kraken
4070,01-14-2021_14-10-45,DASH/USD,25.0,133.93718721,133.636,0.05621799596398939,-0.07128200403601062,0.1275,False,Bittrex,Kraken
4071,01-14-2021_14-10-56,DASH/USD,25.0,133.98,133.81,0.03172115241080525,-0.033468847589194745,0.06519,False,Kraken,Binance US
4072,01-14-2021_14-11-06,DASH/USD,25.0,134.01332834,133.81,0.037930619013529794,-0.0247593809864702,0.06269,False,Bittrex,Binance US
4073,01-14-2021_14-11-16,DASH/USD,25.0,134.01332823,133.81,0.03793059852432168,-0.024759401475678317,0.06269,False,Bittrex,Binance US
4074,01-14-2021_14-11-28,DASH/USD,25.0,134.01332812,133.845,0.03140137670659253,-0.15109862329340745,0.1825,False,Bittrex,Coinbase Pro
4075,01-14-2021_14-11-38,DASH/USD,25.0,134.01332805,133.88,0.024872162332666044,-0.03781782766733396,0.06268999,False,Bittrex,Binance US
4076,01-14-2021_14-11-50,DASH/USD,25.0,134.0133279,133.9,0.02114116218436241,-0.04154883781563759,0.06269,False,Bittrex,Binance US
4077,01-14-2021_14-12-01,DASH/USD,25.0,134.01332779,133.9,0.021141141681367912,-0.04154885831863209,0.06269,False,Bittrex,Binance US
4078,01-14-2021_14-12-13,DASH/USD,25.0,134.01332767,133.9,0.021141119314463344,-0.04154888068553665,0.06269,False,Bittrex,Binance US
4079,01-14-2021_14-12-25,DASH/USD,25.0,134.01332752,133.9,0.021141091355833898,-0.0415489086441661,0.06269,False,Bittrex,Binance US
4080,01-14-2021_14-12-36,DASH/USD,25.0,133.959,133.811,0.027620391313759457,-0.15737960868624054,0.185,False,Kraken,Coinbase Pro
4081,01-14-2021_14-12-46,DASH/USD,25.0,133.953,133.88,0.01362418161594132,-0.05156581838405868,0.06519,False,Kraken,Binance US
4082,01-14-2021_14-12-58,DASH/USD,25.0,134.08404937,133.9,0.034316044836198094,-0.028373955163801902,0.06269,False,Bittrex,Binance US
4083,01-14-2021_14-13-09,DASH/USD,25.0,134.08404925,133.9,0.0343160224928818,-0.028373977507118196,0.06269,False,Bittrex,Binance US
4084,01-14-2021_14-13-20,DASH/USD,25.0,134.08404913,133.89,0.03618050231535856,-0.026509497684641434,0.06269,False,Bittrex,Binance US
4085,01-14-2021_14-13-32,DASH/USD,25.0,134.084049,133.89,0.03618047811190554,-0.026509521888094453,0.06269,False,Bittrex,Binance US
4086,01-14-2021_14-13-42,DASH/USD,25.0,134.08404886,133.9,0.03431594987711018,-0.028374050122889814,0.06269,False,Bittrex,Binance US
4087,01-14-2021_14-13-54,DASH/USD,25.0,134.378,134.18364604,0.03615806902915143,-0.09134193097084857,0.1275,False,Kraken,Bittrex
4088,01-14-2021_14-14-04,DASH/USD,25.0,134.549,134.245,0.056484998030457687,-0.1285150019695423,0.185,False,Kraken,Coinbase Pro
4089,01-14-2021_14-14-15,DASH/USD,25.0,134.38612138,134.155,0.04299576802028069,-0.1395042319797193,0.1825,False,Bittrex,Coinbase Pro
4090,01-14-2021_14-14-27,DASH/USD,25.0,134.449,134.22,0.04258120179399129,-0.14241879820600872,0.185,False,Kraken,Coinbase Pro
4091,01-14-2021_14-14-37,DASH/USD,25.0,134.441,134.22,0.04109609419745532,-0.14390390580254467,0.185,False,Kraken,Coinbase Pro
4092,01-14-2021_14-14-47,DASH/USD,25.0,134.458,134.308,0.02788974995909609,-0.1571102500409039,0.185,False,Kraken,Coinbase Pro
4093,01-14-2021_14-14-58,DASH/USD,25.0,134.433,134.37,0.011715873334670092,-0.053474126665329906,0.06519,False,Kraken,Binance US
4094,01-14-2021_14-15-09,DASH/USD,25.0,134.457,134.345,0.020824501513494048,-0.16417549848650595,0.185,False,Kraken,Coinbase Pro
4095,01-14-2021_14-15-19,DASH/USD,25.0,134.43,134.304,0.023432269582683324,-0.16156773041731667,0.185,False,Kraken,Coinbase Pro
4096,01-14-2021_14-15-28,DASH/USD,25.0,134.52732329,134.397,0.02421873988362005,-0.15828126011637994,0.1825,False,Bittrex,Coinbase Pro
4097,01-14-2021_14-15-37,DASH/USD,25.0,134.561,134.427,0.02489577217767677,-0.16010422782232323,0.185,False,Kraken,Coinbase Pro
4098,01-14-2021_14-15-46,DASH/USD,25.0,134.559,134.425,0.02489614221270709,-0.1601038577872929,0.185,False,Kraken,Coinbase Pro
4099,01-14-2021_14-15-58,DASH/USD,25.0,134.55,134.49,0.011148272017837657,-0.17385172798216234,0.185,False,Kraken,Coinbase Pro
4100,01-14-2021_14-16-07,DASH/USD,25.0,134.55,134.52732303,0.004213483835009373,-0.08828651616499063,0.0925,False,Binance US,Bittrex
4101,01-14-2021_14-16-17,DASH/USD,25.0,134.55,134.52732329,0.004213435525829272,-0.12328656447417073,0.1275,False,Kraken,Bittrex
4102,01-14-2021_14-16-26,DASH/USD,25.0,134.72132293,134.548,0.03216323263283068,-0.15033676736716933,0.1825,False,Bittrex,Coinbase Pro
4103,01-14-2021_14-16-36,DASH/USD,25.0,134.9302952,134.55,0.07046141851173719,-0.05703858148826281,0.1275,False,Bittrex,Kraken
4104,01-14-2021_14-16-47,DASH/USD,25.0,135.022,134.86,0.029995111907684995,-0.035194888092315,0.06519,False,Kraken,Binance US
4105,01-14-2021_14-16-57,DASH/USD,25.0,135.017,134.86,0.02907041335535197,-0.036119586644648025,0.06519,False,Kraken,Binance US
4106,01-14-2021_14-17-08,DASH/USD,25.0,135.011,134.85,0.029812385657465197,-0.0353776143425348,0.06519,False,Kraken,Binance US
4107,01-14-2021_14-17-18,DASH/USD,25.0,134.992,134.85,0.02629785468768444,-0.03889214531231556,0.06519,False,Kraken,Binance US
4108,01-14-2021_14-17-28,DASH/USD,25.0,134.995,134.86,0.025000925960219064,-0.040189074039780934,0.06519,False,Kraken,Binance US
4109,01-14-2021_14-17-39,DASH/USD,25.0,134.995,134.86,0.025000925960219064,-0.040189074039780934,0.06519,False,Kraken,Binance US
4110,01-14-2021_14-17-49,DASH/USD,25.0,134.995,134.86,0.025000925960219064,-0.040189074039780934,0.06519,False,Kraken,Binance US
4111,01-14-2021_14-17-59,DASH/USD,25.0,135.16299034,134.86,0.05604166111555631,-0.006648338884443689,0.06269,False,Bittrex,Binance US
4112,01-14-2021_14-18-10,DASH/USD,25.0,135.16299024,134.86,0.05604164266083226,-0.006648357339167736,0.06269,False,Bittrex,Binance US
4113,01-14-2021_14-18-21,DASH/USD,25.0,135.1328903,134.85,0.05233557488705982,-0.010354425112940178,0.06269,False,Bittrex,Binance US
4114,01-14-2021_14-18-32,DASH/USD,25.0,135.13289017,134.86,0.05048552015291778,-0.012204479847082214,0.06269,False,Bittrex,Binance US
4115,01-14-2021_14-18-43,DASH/USD,25.0,135.13289006,134.86,0.050485499843675216,-0.01220450015632478,0.06269,False,Bittrex,Binance US
4116,01-14-2021_14-18-54,DASH/USD,25.0,135.13288996,134.86,0.050485481380728836,-0.01220451861927116,0.06269,False,Bittrex,Binance US
4117,01-14-2021_14-19-04,DASH/USD,25.0,135.13288989,134.86,0.05048546845666582,-0.012204531543334174,0.06269,False,Bittrex,Binance US
4118,01-14-2021_14-19-15,DASH/USD,25.0,135.13288979,134.86,0.05048544999371939,-0.012204550006280603,0.06269,False,Bittrex,Binance US
4119,01-14-2021_14-19-26,DASH/USD,25.0,135.13288971,134.86,0.05048543522336013,-0.012204564776639865,0.06269,False,Bittrex,Binance US
4120,01-14-2021_14-19-35,DASH/USD,25.0,135.13288965,134.86,0.050485424145593295,-0.0122045758544067,0.06269,False,Bittrex,Binance US
4121,01-14-2021_14-19-46,DASH/USD,25.0,135.1328896,134.86,0.05048541491411743,-0.012204585085882569,0.06269,False,Bittrex,Binance US
4122,01-14-2021_14-19-57,DASH/USD,25.0,135.13288956,134.86,0.050485407528937785,-0.01220459247106221,0.06269,False,Bittrex,Binance US
4123,01-14-2021_14-20-06,DASH/USD,25.0,135.13288948,134.86,0.05048539275857847,-0.012204607241421528,0.06269,False,Bittrex,Binance US
4124,01-14-2021_14-20-19,DASH/USD,25.0,135.13288938,134.86,0.05048537429563193,-0.012204625704368068,0.06269,False,Bittrex,Binance US
4125,01-14-2021_14-20-29,DASH/USD,25.0,135.13288932,134.86,0.05048536321786504,-0.012204636782134959,0.06269,False,Bittrex,Binance US
4126,01-14-2021_14-20-40,DASH/USD,25.0,135.13288926,134.86,0.050485352140098146,-0.01220464785990185,0.06269,False,Bittrex,Binance US
4127,01-14-2021_14-20-51,DASH/USD,25.0,135.13288921,134.86,0.050485342908622215,-0.012204657091377781,0.06269,False,Bittrex,Binance US
4128,01-14-2021_14-21-03,DASH/USD,25.0,135.13288915,134.86,0.0504853318308553,-0.012204668169144693,0.06269,False,Bittrex,Binance US
4129,01-14-2021_14-21-15,DASH/USD,25.0,135.13288905,134.86,0.05048531336790343,-0.012204686632096569,0.06269,False,Bittrex,Binance US
4130,01-14-2021_14-21-25,DASH/USD,25.0,135.13288904,134.86,0.05048531152161244,-0.012204688478387557,0.06269,False,Bittrex,Binance US
4131,01-14-2021_14-21-37,DASH/USD,25.0,135.13288899,134.86,0.05048530229013648,-0.012204697709863516,0.06269,False,Bittrex,Binance US
4132,01-14-2021_14-21-48,DASH/USD,25.0,135.01049312,134.814,0.03638478674123624,-0.14611521325876375,0.1825,False,Bittrex,Coinbase Pro
4133,01-14-2021_14-21-59,DASH/USD,25.0,134.94,134.499,0.08170297910182349,-0.10329702089817651,0.185,False,Kraken,Coinbase Pro
4134,01-14-2021_14-22-10,DASH/USD,25.0,134.577,134.133,0.08248066162865653,-0.10251933837134347,0.185,False,Kraken,Coinbase Pro
4135,01-14-2021_14-22-21,DASH/USD,25.0,134.453,134.287,0.030865804407487527,-0.15413419559251246,0.185,False,Kraken,Coinbase Pro
4136,01-14-2021_14-22-31,DASH/USD,25.0,134.70141709,134.363,0.06280874717411021,-0.11969125282588979,0.1825,False,Bittrex,Coinbase Pro
4137,01-14-2021_14-22-42,DASH/USD,25.0,134.67530668,134.442,0.04330910501550868,-0.13919089498449133,0.1825,False,Bittrex,Coinbase Pro
4138,01-14-2021_14-22-54,DASH/USD,25.0,134.66744703,134.356,0.057817801716146984,-0.12468219828385302,0.1825,False,Bittrex,Coinbase Pro
4139,01-14-2021_14-23-05,DASH/USD,25.0,134.544,134.302,0.044966702342731486,-0.14003329765726852,0.185,False,Kraken,Coinbase Pro
4140,01-14-2021_14-23-16,DASH/USD,25.0,134.533,134.221,0.05797833988686483,-0.12702166011313518,0.185,False,Kraken,Coinbase Pro
4141,01-14-2021_14-23-26,DASH/USD,25.0,134.51736058,134.221,0.05507850041105791,-0.12742149958894208,0.1825,False,Bittrex,Coinbase Pro
4142,01-14-2021_14-23-37,DASH/USD,25.0,134.51736043,134.302,0.0400246535673128,-0.1424753464326872,0.1825,False,Bittrex,Coinbase Pro
4143,01-14-2021_14-23-46,DASH/USD,25.0,134.51736036,134.358,0.029617061986183062,-0.15288293801381694,0.1825,False,Bittrex,Coinbase Pro
4144,01-14-2021_14-23-57,DASH/USD,25.0,134.51736026,134.362,0.028873644951797135,-0.15362635504820285,0.1825,False,Bittrex,Coinbase Pro
4145,01-14-2021_14-24-09,DASH/USD,25.0,134.51736015,134.307,0.039095353522668325,-0.14340464647733167,0.1825,False,Bittrex,Coinbase Pro
4146,01-14-2021_14-24-21,DASH/USD,25.0,134.42938258,134.199,0.04284453584075908,-0.1396554641592409,0.1825,False,Bittrex,Coinbase Pro
4147,01-14-2021_14-24-33,DASH/USD,25.0,134.30460002,134.19,0.02133210999156879,-0.1611678900084312,0.1825,False,Bittrex,Coinbase Pro
4148,01-14-2021_14-24-44,DASH/USD,25.0,134.23,134.19,0.007449899426356262,-0.14255010057364373,0.15,False,Binance US,Coinbase Pro
4149,01-14-2021_14-24-56,DASH/USD,25.0,134.62,134.264,0.06611201901648985,-0.01888798098351016,0.085,False,Binance US,Kraken
4150,01-14-2021_14-25-09,DASH/USD,25.0,134.46382689,134.259,0.038082154646614075,-0.08941784535338593,0.1275,False,Bittrex,Kraken
4151,01-14-2021_14-25-21,DASH/USD,25.0,134.46382677,134.229,0.043659840650239395,-0.0838401593497606,0.1275,False,Bittrex,Kraken
4152,01-14-2021_14-25-32,DASH/USD,25.0,134.38193142,134.195,0.03477614475858522,-0.1477238552414148,0.1825,False,Bittrex,Coinbase Pro
4153,01-14-2021_14-25-44,DASH/USD,25.0,134.3819313,134.212,0.031613494901453654,-0.15088650509854634,0.1825,False,Bittrex,Coinbase Pro
4154,01-14-2021_14-25-55,DASH/USD,25.0,134.37012638,134.203,0.03109440775685325,-0.09640559224314675,0.1275,False,Bittrex,Kraken
4155,01-14-2021_14-26-06,DASH/USD,25.0,134.32211359,134.181,0.026264027982522854,-0.15623597201747713,0.1825,False,Bittrex,Coinbase Pro
4156,01-14-2021_14-26-17,DASH/USD,25.0,134.32211341,134.08,0.04506209064418066,-0.13743790935581934,0.1825,False,Bittrex,Coinbase Pro
4157,01-14-2021_14-26-28,DASH/USD,25.0,134.24409336,133.999,0.0456432297812046,-0.1368567702187954,0.1825,False,Bittrex,Coinbase Pro
4158,01-14-2021_14-26-40,DASH/USD,25.0,134.24409326,134.102,0.026461734097453685,-0.15603826590254632,0.1825,False,Bittrex,Coinbase Pro
4159,01-14-2021_14-26-50,DASH/USD,25.0,134.2440931,134.069,0.0326072261275528,-0.1598927738724472,0.1925,False,Bittrex,Coinbase Pro
4160,01-14-2021_14-27-01,DASH/USD,25.0,134.24409298,134.012,0.04322219601025242,-0.13927780398974757,0.1825,False,Bittrex,Coinbase Pro
4161,01-14-2021_14-27-11,DASH/USD,25.0,134.18400566,133.96,0.041734791508531585,-0.1407652084914684,0.1825,False,Bittrex,Coinbase Pro
4162,01-14-2021_14-27-20,DASH/USD,25.0,134.18400554,133.986,0.03689067471252598,-0.145609325287474,0.1825,False,Bittrex,Coinbase Pro
4163,01-14-2021_14-27-30,DASH/USD,25.0,134.18400541,133.982,0.037635895832511757,-0.14486410416748824,0.1825,False,Bittrex,Coinbase Pro
4164,01-14-2021_14-27-42,DASH/USD,25.0,134.1840053,134.057,0.023662525894210945,-0.10383747410578906,0.1275,False,Bittrex,Kraken
4165,01-14-2021_14-27-53,DASH/USD,25.0,134.18400518,133.99,0.03614536243342831,-0.1463546375665717,0.1825,False,Bittrex,Coinbase Pro
4166,01-14-2021_14-28-05,DASH/USD,25.0,134.08,133.93,0.027968377088306545,-0.11203162291169344,0.13999999999999999,False,Binance US,Coinbase Pro
4167,01-14-2021_14-28-16,DASH/USD,25.0,134.08,133.968,0.020883054892605755,-0.11911694510739423,0.13999999999999999,False,Binance US,Coinbase Pro
4168,01-14-2021_14-28-27,DASH/USD,25.0,134.08,134.008,0.01342482100238714,-0.12657517899761284,0.13999999999999999,False,Binance US,Coinbase Pro
4169,01-14-2021_14-28-37,DASH/USD,25.0,134.08,133.989,0.016967482100240187,-0.1230325178997598,0.13999999999999999,False,Binance US,Coinbase Pro
4170,01-14-2021_14-28-47,DASH/USD,25.0,134.15365327,134.06,0.017452612679044254,-0.11004738732095574,0.1275,False,Bittrex,Kraken
4171,01-14-2021_14-28-59,DASH/USD,25.0,134.15365317,134.051,0.019129775368461707,-0.1083702246315383,0.1275,False,Bittrex,Kraken
4172,01-14-2021_14-29-09,DASH/USD,25.0,134.26097874,134.062,0.03705073914017282,-0.09044926085982719,0.1275,False,Bittrex,Kraken
4173,01-14-2021_14-29-18,DASH/USD,25.0,134.42,134.062,0.06658235381639185,-0.028417646183608147,0.095,False,Binance US,Kraken
4174,01-14-2021_14-29-28,DASH/USD,25.0,134.453,134.062,0.07270198508028664,-0.11229801491971336,0.185,False,Coinbase Pro,Kraken
4175,01-14-2021_14-29-38,DASH/USD,25.0,134.71997565,134.128,0.1098529834094472,-0.017647016590552803,0.1275,False,Bittrex,Kraken
4176,01-14-2021_14-29-48,DASH/USD,25.0,134.71997558,134.128,0.10985297047661931,-0.017647029523380695,0.1275,False,Bittrex,Kraken
4177,01-14-2021_14-29-58,DASH/USD,25.0,134.69582823,134.509,0.034675949592326005,-0.147824050407674,0.1825,False,Bittrex,Coinbase Pro
4178,01-14-2021_14-30-08,DASH/USD,25.0,134.69582813,134.539,0.029107829874405494,-0.09839217012559451,0.1275,False,Bittrex,Kraken
4179,01-14-2021_14-30-19,DASH/USD,25.0,134.69582803,134.523,0.03207746530232402,-0.15042253469767597,0.1825,False,Bittrex,Coinbase Pro
4180,01-14-2021_14-30-31,DASH/USD,25.0,134.69582793,134.621,0.01388831620658755,-0.11361168379341245,0.1275,False,Bittrex,Kraken
4181,01-14-2021_14-30-40,DASH/USD,25.0,134.96882115,134.729,0.0444215834361948,-0.1380784165638052,0.1825,False,Bittrex,Coinbase Pro
4182,01-14-2021_14-30-51,DASH/USD,25.0,134.96882103,134.715,0.04701475275233485,-0.13548524724766514,0.1825,False,Bittrex,Coinbase Pro
4183,01-14-2021_14-31-01,DASH/USD,25.0,134.96882088,134.645,0.05998068255480775,-0.12251931744519225,0.1825,False,Bittrex,Coinbase Pro
4184,01-14-2021_14-31-12,DASH/USD,25.0,134.8175277,134.635,0.03384717534766225,-0.14865282465233776,0.1825,False,Bittrex,Coinbase Pro
4185,01-14-2021_14-31-22,DASH/USD,25.0,134.81752758,134.705,0.020866645090565787,-0.1616333549094342,0.1825,False,Bittrex,Coinbase Pro
4186,01-14-2021_14-31-32,DASH/USD,25.0,134.8175275,134.658,0.02958211423956433,-0.15291788576043566,0.1825,False,Bittrex,Coinbase Pro
4187,01-14-2021_14-31-41,DASH/USD,25.0,134.81752741,134.659,0.029396661740780126,-0.15310333825921987,0.1825,False,Bittrex,Coinbase Pro
4188,01-14-2021_14-31-51,DASH/USD,25.0,134.81752729,134.686,0.024389872118974792,-0.15811012788102521,0.1825,False,Bittrex,Coinbase Pro
4189,01-14-2021_14-32-00,DASH/USD,25.0,134.87315141,134.75,0.022827265603371304,-0.15967273439662868,0.1825,False,Bittrex,Coinbase Pro
4190,01-14-2021_14-32-10,DASH/USD,25.0,134.87315132,134.728,0.026905154691538744,-0.15559484530846124,0.1825,False,Bittrex,Coinbase Pro
4191,01-14-2021_14-32-20,DASH/USD,25.0,134.87315127,134.773,0.018563974567389414,-0.10893602543261059,0.1275,False,Bittrex,Kraken
4192,01-14-2021_14-32-31,DASH/USD,25.0,134.87315116,134.828,0.008369189792716078,-0.1741308102072839,0.1825,False,Bittrex,Coinbase Pro
4193,01-14-2021_14-32-41,DASH/USD,25.0,134.94757925,134.828,0.022152907570586678,-0.1603470924294133,0.1825,False,Bittrex,Coinbase Pro
4194,01-14-2021_14-32-51,DASH/USD,25.0,134.94757917,134.827,0.02233814988413278,-0.16016185011586723,0.1825,False,Bittrex,Coinbase Pro
4195,01-14-2021_14-33-03,DASH/USD,25.0,134.94757905,134.81,0.02548749873256792,-0.15701250126743208,0.1825,False,Bittrex,Coinbase Pro
4196,01-14-2021_14-33-14,DASH/USD,25.0,134.94757891,134.822,0.02326438736699258,-0.15923560263300743,0.18249999,False,Bittrex,Coinbase Pro
4197,01-14-2021_14-33-24,DASH/USD,25.0,135.05355663,134.827,0.041938293898599675,-0.1405617061014003,0.1825,False,Bittrex,Coinbase Pro
4198,01-14-2021_14-33-35,DASH/USD,25.0,135.0535565,134.827,0.04193826987444332,-0.14056173012555667,0.1825,False,Bittrex,Coinbase Pro
4199,01-14-2021_14-33-45,DASH/USD,25.0,135.05355644,134.86,0.03582957107945015,-0.026860428920549843,0.06269,False,Bittrex,Binance US
4200,01-14-2021_14-33-56,DASH/USD,25.0,135.05355636,134.827,0.041938244002268005,-0.140561755997732,0.1825,False,Bittrex,Coinbase Pro
4201,01-14-2021_14-34-07,DASH/USD,25.0,135.05134638,134.817,0.04338097810232382,-0.13911902189767617,0.1825,False,Bittrex,Coinbase Pro
4202,01-14-2021_14-34-17,DASH/USD,25.0,135.05134628,134.86,0.03542102416425766,-0.027268975835742337,0.06269,False,Bittrex,Binance US
4203,01-14-2021_14-34-29,DASH/USD,25.0,135.05134617,134.86,0.03542100383048228,-0.14707899616951772,0.1825,False,Bittrex,Coinbase Pro
4204,01-14-2021_14-34-39,DASH/USD,25.0,135.05134607,134.86,0.03542098534523335,-0.027269014654766645,0.06269,False,Bittrex,Binance US
4205,01-14-2021_14-34-51,DASH/USD,25.0,135.051346,134.86,0.03542097240555855,-0.02726902759444145,0.06269,False,Bittrex,Binance US
4206,01-14-2021_14-35-02,DASH/USD,25.0,135.19708222,134.86,0.06233163735210398,-0.0003583626478960156,0.06269,False,Bittrex,Binance US
4207,01-14-2021_14-35-12,DASH/USD,25.0,135.19708212,134.86,0.06233161890668601,-0.0003583810933139864,0.06269,False,Bittrex,Binance US
4208,01-14-2021_14-35-22,DASH/USD,25.0,135.19708204,134.86,0.06233160415034951,-0.0003583858496504916,0.06268999,False,Bittrex,Binance US
4209,01-14-2021_14-35-33,DASH/USD,25.0,135.48,134.993,0.0898656628284608,0.004865662828460793,0.085,False,Binance US,Kraken
4210,01-14-2021_14-35-44,DASH/USD,25.0,135.77,135.545,0.04143036016793524,-0.043569639832064765,0.085,False,Binance US,Kraken
4211,01-14-2021_14-35-56,DASH/USD,25.0,135.71,135.59,0.022105961240882127,-0.12789403875911787,0.15,False,Binance US,Coinbase Pro
4212,01-14-2021_14-36-06,DASH/USD,25.0,135.67,135.621,0.00902926218028639,-0.14097073781971362,0.15,False,Binance US,Coinbase Pro
4213,01-14-2021_14-36-16,DASH/USD,25.0,135.81,135.657,0.028164347249832775,-0.11183565275016721,0.13999999999999999,False,Binance US,Coinbase Pro
4214,01-14-2021_14-36-27,DASH/USD,25.0,135.78,135.67,0.020253351008987633,-0.12974664899101235,0.15,False,Binance US,Coinbase Pro
4215,01-14-2021_14-36-38,DASH/USD,25.0,135.78459254,135.742,0.007841931695502978,-0.174658068304497,0.1825,False,Bittrex,Coinbase Pro
4216,01-14-2021_14-36-48,DASH/USD,25.0,135.85838017,135.758,0.01847147188756188,-0.16402852811243812,0.1825,False,Bittrex,Coinbase Pro
4217,01-14-2021_14-36-59,DASH/USD,25.0,135.89970807,135.795,0.01926201157586032,-0.10823798842413968,0.1275,False,Bittrex,Kraken
4218,01-14-2021_14-37-11,DASH/USD,25.0,135.95175764,135.859,0.017057087309901527,-0.16544291269009848,0.1825,False,Bittrex,Coinbase Pro
4219,01-14-2021_14-37-22,DASH/USD,25.0,136.07,135.915,0.02847798927022877,-0.12152201072977123,0.15,False,Binance US,Coinbase Pro
4220,01-14-2021_14-37-35,DASH/USD,25.0,136.14853682,135.915,0.0428827267363085,-0.1396172732636915,0.1825,False,Bittrex,Coinbase Pro
4221,01-14-2021_14-37-45,DASH/USD,25.0,136.14853676,135.976,0.03168171397687485,-0.09581828602312514,0.1275,False,Bittrex,Kraken
4222,01-14-2021_14-37-58,DASH/USD,25.0,136.4310179,136.0,0.07898092139060418,-0.04851907860939582,0.1275,False,Bittrex,Kraken
4223,01-14-2021_14-38-09,DASH/USD,25.0,136.664,136.0,0.12146578469823568,-0.06353421530176431,0.185,False,Coinbase Pro,Kraken
4224,01-14-2021_14-38-20,DASH/USD,25.0,136.664,136.251,0.0755502546391117,-0.10944974536088829,0.185,False,Coinbase Pro,Kraken
4225,01-14-2021_14-38-32,DASH/USD,25.0,136.89188467,136.5,0.07156828013302201,-0.055931719866977994,0.1275,False,Bittrex,Kraken
4226,01-14-2021_14-38-42,DASH/USD,25.0,136.89188455,136.5,0.07156825828065243,-0.055931741719347575,0.1275,False,Bittrex,Kraken
4227,01-14-2021_14-38-53,DASH/USD,25.0,136.89188446,136.5,0.0715682418913791,-0.05593174810862091,0.12749999,False,Bittrex,Kraken
4228,01-14-2021_14-39-03,DASH/USD,25.0,136.89188445,136.5,0.07156824007034701,-0.05593175992965299,0.1275,False,Bittrex,Kraken
4229,01-14-2021_14-39-15,DASH/USD,25.0,137.02212605,136.5,0.0952630909057474,-0.0322369090942526,0.1275,False,Bittrex,Kraken
4230,01-14-2021_14-39-26,DASH/USD,25.0,137.02212601,136.55,0.08614046938038428,0.023460469380384277,0.06268,True,Bittrex,Binance US
4231,01-14-2021_14-39-38,DASH/USD,25.0,137.02212599,136.55,0.08614046574391408,0.023460465743914083,0.06268,True,Bittrex,Binance US
4232,01-14-2021_14-39-50,DASH/USD,25.0,137.02212596,136.55,0.0861404602892062,0.023460460289206203,0.06268,True,Bittrex,Binance US
4233,01-14-2021_14-40-03,DASH/USD,25.0,137.14219883,136.55,0.10795342991657955,0.04527342991657955,0.06268,True,Bittrex,Binance US
4234,01-14-2021_14-40-16,DASH/USD,25.0,137.14219881,136.78,0.06602614168775907,0.003346141687759069,0.06268,False,Bittrex,Binance US
4235,01-14-2021_14-40-29,DASH/USD,25.0,137.14219876,136.78,0.06602613259720724,0.0033461425972072384,0.06267999,False,Bittrex,Binance US
4236,01-14-2021_14-40-40,DASH/USD,25.0,137.20954049,136.78,0.0782635974994937,0.015583597499493701,0.06268,True,Bittrex,Binance US
4237,01-14-2021_14-40-52,DASH/USD,25.0,137.20954039,136.78,0.07826357933622688,0.01558357933622688,0.06268,True,Bittrex,Binance US
4238,01-14-2021_14-41-04,DASH/USD,25.0,137.20954029,136.78,0.07826356117296003,0.015583561172960031,0.06268,True,Bittrex,Binance US
4239,01-14-2021_14-41-16,DASH/USD,25.0,137.17573095,136.78,0.07212116663410438,0.009441166634104381,0.06268,True,Bittrex,Binance US
4240,01-14-2021_14-41-27,DASH/USD,25.0,137.17573086,136.78,0.07212115027910161,0.009441160279101607,0.06267999,True,Bittrex,Binance US
4241,01-14-2021_14-41-38,DASH/USD,25.0,137.17573085,136.78,0.0721211484618831,0.009441148461883098,0.06268,True,Bittrex,Binance US
4242,01-14-2021_14-41-50,DASH/USD,25.0,137.17573081,136.78,0.07212114119299355,0.009441141192993552,0.06268,True,Bittrex,Binance US
4243,01-14-2021_14-42-03,DASH/USD,25.0,137.17573071,136.78,0.07212112302077224,0.00944112302077224,0.06268,True,Bittrex,Binance US
4244,01-14-2021_14-42-26,DASH/USD,25.0,137.08199007,136.78,0.055074716570312925,-0.007605283429687075,0.06268,False,Bittrex,Binance US
4245,01-14-2021_14-42-38,DASH/USD,25.0,137.08199,136.78,0.055074703832354154,-0.007605296167645846,0.06268,False,Bittrex,Binance US
4246,01-14-2021_14-42-50,DASH/USD,25.0,137.08198993,136.78,0.05507469109439536,-0.007605308905604638,0.06268,False,Bittrex,Binance US
4247,01-14-2021_14-43-02,DASH/USD,25.0,137.08198985,136.78,0.05507467653673186,-0.007605323463268136,0.06268,False,Bittrex,Binance US
4248,01-14-2021_14-43-25,DASH/USD,25.0,137.09664316,136.77,0.05956439787128688,-0.0031156021287131186,0.06268,False,Bittrex,Binance US
4249,01-14-2021_14-43-39,DASH/USD,25.0,137.04780854,136.709,0.061804808046440694,-0.0656951919535593,0.1275,False,Bittrex,Kraken
4250,01-14-2021_14-44-02,DASH/USD,25.0,136.7341553,136.302,0.07901378025333901,-0.048486219746660994,0.1275,False,Bittrex,Kraken
4251,01-14-2021_14-44-26,DASH/USD,25.0,136.67618807,136.302,0.0684442687647168,-0.059055731235283196,0.1275,False,Bittrex,Kraken
4252,01-14-2021_14-44-38,DASH/USD,25.0,136.617312,136.302,0.0576998616397909,-0.0698001383602091,0.1275,False,Bittrex,Kraken
4253,01-14-2021_14-45-01,DASH/USD,25.0,136.37370727,136.196,0.03257726022806194,-0.09492273977193806,0.1275,False,Bittrex,Kraken
4254,01-14-2021_14-45-14,DASH/USD,25.0,136.36271291,136.265,0.017914154814539306,-0.16458584518546068,0.1825,False,Bittrex,Coinbase Pro
4255,01-14-2021_14-45-25,DASH/USD,25.0,136.717,136.268,0.08210390807288272,-0.10289609192711728,0.185,False,Coinbase Pro,Kraken
4256,01-14-2021_14-45-36,DASH/USD,25.0,136.68322395,136.31,0.06826440348973245,0.005584403489732451,0.06268,False,Bittrex,Binance US
4257,01-14-2021_14-45-58,DASH/USD,25.0,136.88743427,136.31,0.10545786636285635,0.042777866362856354,0.06268,True,Bittrex,Binance US
4258,01-14-2021_14-46-11,DASH/USD,25.0,136.83002072,136.31,0.09501217592156316,0.032332175921563164,0.06268,True,Bittrex,Binance US
4259,01-14-2021_14-46-23,DASH/USD,25.0,136.83002068,136.31,0.0950121686410001,0.032332168641000095,0.06268,True,Bittrex,Binance US
4260,01-14-2021_14-46-47,DASH/USD,25.0,136.75000669,136.31,0.08043997595507356,0.01775997595507356,0.06268,True,Bittrex,Binance US
4261,01-14-2021_14-47-00,DASH/USD,25.0,136.63862022,136.31,0.06012579376732907,-0.0025542062326709275,0.06268,False,Bittrex,Binance US
4262,01-14-2021_14-47-24,DASH/USD,25.0,136.63862018,136.31,0.060125786466354796,-0.002554213533645204,0.06268,False,Bittrex,Binance US
4263,01-14-2021_14-47-36,DASH/USD,25.0,136.52009285,136.31,0.03847288073390642,-0.024207119266093577,0.06268,False,Bittrex,Binance US
4264,01-14-2021_14-47-49,DASH/USD,25.0,136.29872713,136.143,0.02856357012260869,-0.1539364298773913,0.1825,False,Bittrex,Coinbase Pro
4265,01-14-2021_14-48-00,DASH/USD,25.0,136.29872707,136.188,0.02030963024752925,-0.10719036975247076,0.1275,False,Bittrex,Kraken
4266,01-14-2021_14-48-13,DASH/USD,25.0,136.59992333,136.31,0.05306066850776934,-0.00961933149223066,0.06268,False,Bittrex,Binance US
4267,01-14-2021_14-48-25,DASH/USD,25.0,136.5820569,136.31,0.04979733542144281,-0.01288266457855719,0.06268,False,Bittrex,Binance US
4268,01-14-2021_14-48-38,DASH/USD,25.0,136.5820569,136.31,0.04979733542144281,-0.01288266457855719,0.06268,False,Bittrex,Binance US
4269,01-14-2021_14-49-00,DASH/USD,25.0,136.39014864,136.198,0.03522040299757517,-0.09227958700242483,0.12749999,False,Bittrex,Kraken
4270,01-14-2021_14-49-13,DASH/USD,25.0,136.39014856,136.161,0.042002403109633865,-0.14049759689036612,0.1825,False,Bittrex,Coinbase Pro
4271,01-14-2021_14-49-35,DASH/USD,25.0,136.29957556,136.226,0.013495192427728123,-0.11400480757227188,0.1275,False,Bittrex,Kraken
4272,01-14-2021_14-49-47,DASH/USD,25.0,136.2995755,136.096,0.03733971643954229,-0.09016028356045772,0.1275,False,Bittrex,Kraken
4273,01-14-2021_14-50-00,DASH/USD,25.0,136.2995755,136.216,0.015329376429348255,-0.16717062357065174,0.1825,False,Bittrex,Coinbase Pro
4274,01-14-2021_14-50-23,DASH/USD,25.0,136.26074964,136.169,0.016833468229550886,-0.1656665317704491,0.1825,False,Bittrex,Coinbase Pro
4275,01-14-2021_14-50-49,DASH/USD,25.0,136.305898,136.0,0.05610505570346143,-0.12639493429653859,0.18249999,False,Bittrex,Coinbase Pro
4276,01-14-2021_14-51-02,DASH/USD,25.0,136.30589797,136.0,0.056105050213475643,-0.12639493978652436,0.18249999,False,Bittrex,Coinbase Pro
4277,01-14-2021_14-51-24,DASH/USD,25.0,136.30589777,136.0,0.056105013613601575,-0.12639498638639843,0.1825,False,Bittrex,Coinbase Pro
4278,01-14-2021_14-51-38,DASH/USD,25.0,136.30589758,135.921,0.07059444727512584,-0.11190555272487415,0.1825,False,Bittrex,Coinbase Pro
4279,01-14-2021_14-52-03,DASH/USD,25.0,135.89855596,135.624,0.050507519756285514,-0.1319924802437145,0.1825,False,Bittrex,Coinbase Pro
4280,01-14-2021_14-52-16,DASH/USD,25.0,135.80808725,135.575,0.042907468678749686,-0.13959253132125032,0.1825,False,Bittrex,Coinbase Pro
4281,01-14-2021_14-52-28,DASH/USD,25.0,135.9360509,135.771,0.030354512086243658,-0.15214548791375634,0.1825,False,Bittrex,Coinbase Pro
4282,01-14-2021_14-52-50,DASH/USD,25.0,135.96,135.841,0.021881435716387128,-0.06311856428361287,0.085,False,Binance US,Kraken
4283,01-14-2021_14-53-02,DASH/USD,25.0,135.94,135.799,0.025930557598939075,-0.11406944240106091,0.13999999999999999,False,Binance US,Coinbase Pro
4284,01-14-2021_14-53-14,DASH/USD,25.0,136.05112613,135.843,0.03824410277228089,-0.08925589722771912,0.1275,False,Bittrex,Kraken
4285,01-14-2021_14-53-25,DASH/USD,25.0,136.18121312,135.843,0.06208879922775762,-0.06541120077224238,0.1275,False,Bittrex,Kraken
4286,01-14-2021_14-53-48,DASH/USD,25.0,136.18121287,135.843,0.06208875344700965,-0.06541124655299035,0.1275,False,Bittrex,Kraken
4287,01-14-2021_14-54-01,DASH/USD,25.0,136.3927745,136.28,0.020670908047258848,-0.10682909195274115,0.1275,False,Bittrex,Kraken
4288,01-14-2021_14-54-12,DASH/USD,25.0,136.39277451,136.28,0.020670909878686427,-0.10682909012131357,0.1275,False,Bittrex,Kraken
4289,01-14-2021_14-54-25,DASH/USD,25.0,136.52736759,136.28,0.04529633771722425,-0.08220366228277576,0.1275,False,Bittrex,Kraken
4290,01-14-2021_14-54-36,DASH/USD,25.0,136.52736746,136.28,0.04529631395560061,-0.0822036860443994,0.1275,False,Bittrex,Kraken
4291,01-14-2021_14-54-48,DASH/USD,25.0,136.47494493,136.28,0.035710754472181944,-0.09178924552781806,0.1275,False,Bittrex,Kraken
4292,01-14-2021_14-55-00,DASH/USD,25.0,136.47494488,136.28,0.035710745326077986,-0.09178925467392202,0.1275,False,Bittrex,Kraken
4293,01-14-2021_14-55-10,DASH/USD,25.0,136.52736728,136.28,0.045296281054895284,-0.08220371894510473,0.1275,False,Bittrex,Kraken
4294,01-14-2021_14-55-21,DASH/USD,25.0,136.52736717,136.28,0.04529626094890836,-0.08220373905109164,0.1275,False,Bittrex,Kraken
4295,01-14-2021_14-55-34,DASH/USD,25.0,136.51788733,136.28,0.043563399392668914,-0.08393660060733109,0.1275,False,Bittrex,Kraken
4296,01-14-2021_14-55-45,DASH/USD,25.0,136.51788721,136.28,0.04356337745581726,-0.08393662254418274,0.1275,False,Bittrex,Kraken
4297,01-14-2021_14-55-55,DASH/USD,25.0,136.51788706,136.28,0.04356335003475393,-0.08393664996524608,0.1275,False,Bittrex,Kraken
4298,01-14-2021_14-56-06,DASH/USD,25.0,136.521,136.28,0.04413240453849325,-0.021047595461506752,0.06518,False,Kraken,Binance US
4299,01-14-2021_14-56-18,DASH/USD,25.0,136.51788691,136.28,0.04356332261369055,-0.01911667738630945,0.06268,False,Bittrex,Binance US
4300,01-14-2021_14-56-29,DASH/USD,25.0,136.5178868,136.28,0.043563302504916246,-0.019116697495083754,0.06268,False,Bittrex,Binance US
4301,01-14-2021_14-56-40,DASH/USD,25.0,136.5178867,136.28,0.04356328422420379,-0.019116705775796217,0.06267999,False,Bittrex,Binance US
4302,01-14-2021_14-56-52,DASH/USD,25.0,136.5178866,136.28,0.043563265943496514,-0.019116734056503486,0.06268,False,Bittrex,Binance US
4303,01-14-2021_14-57-03,DASH/USD,25.0,136.51788646,136.28,0.04356324035050523,-0.019116759649494768,0.06268,False,Bittrex,Binance US
4304,01-14-2021_14-57-13,DASH/USD,25.0,136.51788632,136.28,0.0435632147575139,-0.019116785242486098,0.06268,False,Bittrex,Binance US
4305,01-14-2021_14-57-24,DASH/USD,25.0,136.51788628,136.28,0.043563207445229915,-0.019116792554770085,0.06268,False,Bittrex,Binance US
4306,01-14-2021_14-57-35,DASH/USD,25.0,136.51788621,136.28,0.043563194648734226,-0.019116805351265774,0.06268,False,Bittrex,Binance US
4307,01-14-2021_14-57-46,DASH/USD,25.0,136.70070034,136.28,0.07693821958366644,0.014258219583666437,0.06268,True,Bittrex,Binance US
4308,01-14-2021_14-57-58,DASH/USD,25.0,136.70070025,136.28,0.07693820317500716,0.014258203175007159,0.06268,True,Bittrex,Binance US
4309,01-14-2021_14-58-11,DASH/USD,25.0,136.98290961,136.28,0.12828418012167345,0.06560418012167345,0.06268,True,Bittrex,Binance US
4310,01-14-2021_14-58-22,DASH/USD,25.0,137.033,136.5,0.09723935110520587,0.03205935110520587,0.06518,True,Kraken,Binance US
4311,01-14-2021_14-58-35,DASH/USD,25.0,137.033,136.78,0.04615676515875481,-0.01902323484124519,0.06518,False,Kraken,Binance US
4312,01-14-2021_14-58-46,DASH/USD,25.0,137.019,136.78,0.0436070909873821,-0.0215729090126179,0.06518,False,Kraken,Binance US
4313,01-14-2021_14-58-58,DASH/USD,25.0,137.10160509,136.7,0.0732312888927105,0.010551288892710495,0.06268,True,Bittrex,Binance US
4314,01-14-2021_14-59-11,DASH/USD,25.0,137.10160504,136.78,0.058643558532042506,-0.004036441467957494,0.06268,False,Bittrex,Binance US
4315,01-14-2021_14-59-23,DASH/USD,25.0,137.101605,136.78,0.058643551255290784,-0.004036448744709216,0.06268,False,Bittrex,Binance US
4316,01-14-2021_14-59-45,DASH/USD,25.0,137.10160496,136.78,0.058643543978539055,-0.004036456021460945,0.06268,False,Bittrex,Binance US
4317,01-14-2021_14-59-57,DASH/USD,25.0,137.10160496,136.78,0.058643543978539055,-0.004036456021460945,0.06268,False,Bittrex,Binance US
4318,01-14-2021_15-00-21,DASH/USD,25.0,137.25410441,136.78,0.0863552336081276,0.023675233608127594,0.06268,True,Bittrex,Binance US
4319,01-14-2021_15-00-34,DASH/USD,25.0,137.25410439,136.78,0.08635522997783482,0.02367522997783482,0.06268,True,Bittrex,Binance US
4320,01-14-2021_15-01-00,DASH/USD,25.0,137.05488362,136.758,0.054154148352555526,-0.12834585164744447,0.1825,False,Bittrex,Coinbase Pro
4321,01-14-2021_15-01-23,DASH/USD,25.0,137.0775158,136.78,0.0542605033115112,-0.0084194966884888,0.06268,False,Bittrex,Binance US
4322,01-14-2021_15-01-36,DASH/USD,25.0,136.95269298,136.739,0.03900853925362339,-0.14349146074637661,0.1825,False,Bittrex,Coinbase Pro
4323,01-14-2021_15-01-46,DASH/USD,25.0,136.74186127,136.447,0.0539083765683454,-0.1285916234316546,0.1825,False,Bittrex,Coinbase Pro
4324,01-14-2021_15-01-58,DASH/USD,25.0,136.59,136.325,0.04850281865436979,-0.10149718134563021,0.15,False,Binance US,Coinbase Pro
4325,01-14-2021_15-02-20,DASH/USD,25.0,136.3,136.039,0.04787234042553633,-0.10212765957446367,0.15,False,Binance US,Coinbase Pro
4326,01-14-2021_15-02-33,DASH/USD,25.0,136.15078836,135.65,0.09195473012536902,-0.09054526987463098,0.1825,False,Bittrex,Coinbase Pro
4327,01-14-2021_15-02-56,DASH/USD,25.0,135.56,135.258,0.05569489524933471,-0.09430510475066528,0.15,False,Binance US,Coinbase Pro
4328,01-14-2021_15-03-08,DASH/USD,25.0,135.46,135.271,0.03488114572567942,-0.11511885427432057,0.15,False,Binance US,Coinbase Pro
4329,01-14-2021_15-03-31,DASH/USD,25.0,135.58,135.344,0.04351674288243443,-0.09648325711756556,0.13999999999999999,False,Binance US,Coinbase Pro
4330,01-14-2021_15-03-44,DASH/USD,25.0,135.45,135.267,0.033776301218160346,-0.11622369878183965,0.15,False,Binance US,Coinbase Pro
4331,01-14-2021_15-03-56,DASH/USD,25.0,135.29871564,135.074,0.04152213103742945,-0.14097786896257053,0.1825,False,Bittrex,Coinbase Pro
4332,01-14-2021_15-04-08,DASH/USD,25.0,135.1255211,134.774,0.06503603041424001,-0.11746396958575998,0.1825,False,Bittrex,Coinbase Pro
4333,01-14-2021_15-04-30,DASH/USD,25.0,135.11968347,134.871,0.04601170303496477,-0.08148829696503523,0.1275,False,Bittrex,Kraken
4334,01-14-2021_15-04-53,DASH/USD,25.0,135.25424418,135.096,0.029249392682532262,-0.09825060731746774,0.1275,False,Bittrex,Kraken
4335,01-14-2021_15-05-05,DASH/USD,25.0,135.26,135.096,0.03031199171964869,-0.06468800828035132,0.095,False,Binance US,Kraken
4336,01-14-2021_15-05-17,DASH/USD,25.0,135.281,135.18,0.01866485315750162,-0.16633514684249837,0.185,False,Kraken,Coinbase Pro
4337,01-14-2021_15-05-40,DASH/USD,25.0,135.25424398,135.087,0.030912889510652557,-0.15158711048934745,0.1825,False,Bittrex,Coinbase Pro
4338,01-14-2021_15-05-51,DASH/USD,25.0,134.962,134.795,0.030934633452379488,-0.1540653665476205,0.185,False,Kraken,Coinbase Pro
4339,01-14-2021_15-06-04,DASH/USD,25.0,135.1,134.961,0.025721687638782676,-0.11427831236121731,0.13999999999999999,False,Binance US,Coinbase Pro
4340,01-14-2021_15-06-17,DASH/USD,25.0,135.01,134.919,0.016850603658984477,-0.13314939634101552,0.15,False,Binance US,Coinbase Pro
4341,01-14-2021_15-06-28,DASH/USD,25.0,134.95081199,134.772,0.033125400907788566,-0.14937459909221143,0.1825,False,Bittrex,Coinbase Pro
4342,01-14-2021_15-06-50,DASH/USD,25.0,135.47913153,135.295,0.033977839967041075,-0.14852215003295893,0.18249999,False,Bittrex,Coinbase Pro
4343,01-14-2021_15-07-02,DASH/USD,25.0,135.47913134,135.272,0.038222001047563306,-0.1442779989524367,0.1825,False,Bittrex,Coinbase Pro
4344,01-14-2021_15-07-25,DASH/USD,25.0,136.17805136,135.729,0.08243827759234257,-0.045061722407657434,0.1275,False,Bittrex,Kraken
4345,01-14-2021_15-07-38,DASH/USD,25.0,136.18967837,135.729,0.08456558079761592,-0.04293441920238408,0.1275,False,Bittrex,Kraken
4346,01-14-2021_15-07-49,DASH/USD,25.0,136.623,136.3,0.05910425038243544,-0.061075749617564554,0.12018,False,Coinbase Pro,Binance US
4347,01-14-2021_15-08-01,DASH/USD,25.0,136.93933799,136.7,0.043694162961687044,-0.018985837038312955,0.06268,False,Bittrex,Binance US
4348,01-14-2021_15-08-14,DASH/USD,25.0,137.10160496,136.7,0.07323126525710338,0.010551265257103384,0.06268,True,Bittrex,Binance US
4349,01-14-2021_15-08-26,DASH/USD,25.0,136.934,136.387,0.099865628697036,-0.085134371302964,0.185,False,Kraken,Coinbase Pro
4350,01-14-2021_15-08-38,DASH/USD,25.0,136.651,136.458,0.03530892565733365,-0.14969107434266635,0.185,False,Kraken,Coinbase Pro
4351,01-14-2021_15-08-50,DASH/USD,25.0,136.616,136.43,0.034037008842303804,-0.08614299115769619,0.12018,False,Coinbase Pro,Binance US
4352,01-14-2021_15-09-03,DASH/USD,25.0,136.56727132,136.527,0.007372066456840523,-0.17512793354315948,0.1825,False,Bittrex,Coinbase Pro
4353,01-14-2021_15-09-14,DASH/USD,25.0,137.04662713,136.7,0.06323160541397296,0.0005516054139729637,0.06268,False,Bittrex,Binance US
4354,01-14-2021_15-09-26,DASH/USD,25.0,136.91725964,136.7,0.0396698781021573,-0.023010121897842697,0.06268,False,Bittrex,Binance US
4355,01-14-2021_15-09-37,DASH/USD,25.0,136.91725957,136.7,0.03966986534099716,-0.02301013465900284,0.06268,False,Bittrex,Binance US
4356,01-14-2021_15-09-48,DASH/USD,25.0,136.91725955,136.7,0.039669861694953616,-0.023010138305046383,0.06268,False,Bittrex,Binance US
4357,01-14-2021_15-09-59,DASH/USD,25.0,136.91725947,136.7,0.039669847110769096,-0.023010152889230903,0.06268,False,Bittrex,Binance US
4358,01-14-2021_15-10-10,DASH/USD,25.0,136.80964133,136.569,0.04397375208000934,-0.13852624791999066,0.1825,False,Bittrex,Coinbase Pro
4359,01-14-2021_15-10-33,DASH/USD,25.0,136.86442118,136.7,0.03003358699478282,-0.03264641300521718,0.06268,False,Bittrex,Binance US
4360,01-14-2021_15-10-44,DASH/USD,25.0,136.86442107,136.678,0.034052142357846316,-0.14844785764215368,0.1825,False,Bittrex,Coinbase Pro
4361,01-14-2021_15-10-55,DASH/USD,25.0,136.86442095,136.7,0.030033545032877577,-0.03264645496712242,0.06268,False,Bittrex,Binance US
4362,01-14-2021_15-11-06,DASH/USD,25.0,136.91725961,136.7,0.03966987263308941,-0.02301012736691059,0.06268,False,Bittrex,Binance US
4363,01-14-2021_15-11-17,DASH/USD,25.0,136.935,136.7,0.04290356738598854,-0.07727643261401146,0.12018,False,Coinbase Pro,Binance US
4364,01-14-2021_15-11-27,DASH/USD,25.0,137.07427347,136.7,0.06826107126548679,0.005581071265486792,0.06268,False,Bittrex,Binance US
4365,01-14-2021_15-11-38,DASH/USD,25.0,137.07427337,136.7,0.06826105307699386,0.005581063076993853,0.06267999,False,Bittrex,Binance US
4366,01-14-2021_15-11-50,DASH/USD,25.0,137.324,136.7,0.11359995339489522,0.048419953394895215,0.06518,True,Kraken,Binance US
4367,01-14-2021_15-12-01,DASH/USD,25.0,136.904,136.679,0.04108718518085562,-0.14391281481914436,0.185,False,Kraken,Coinbase Pro
4368,01-14-2021_15-12-13,DASH/USD,25.0,136.77939708,136.651,0.02346791306677709,-0.1590320869332229,0.1825,False,Bittrex,Coinbase Pro
4369,01-14-2021_15-12-25,DASH/USD,25.0,136.77939706,136.7,0.014511882218122153,-0.04816811778187785,0.06268,False,Bittrex,Binance US
4370,01-14-2021_15-12-36,DASH/USD,25.0,136.77939691,136.621,0.028951163987113046,-0.15354883601288694,0.1825,False,Bittrex,Coinbase Pro
4371,01-14-2021_15-12-48,DASH/USD,25.0,136.68559183,136.538,0.02699476733867208,-0.15550523266132793,0.1825,False,Bittrex,Coinbase Pro
4372,01-14-2021_15-12-59,DASH/USD,25.0,136.47741727,136.302,0.03213302125526019,-0.1503669787447398,0.1825,False,Bittrex,Coinbase Pro
4373,01-14-2021_15-13-10,DASH/USD,25.0,136.36,136.15,0.03850102669404663,-0.11149897330595336,0.15,False,Binance US,Coinbase Pro
4374,01-14-2021_15-13-22,DASH/USD,25.0,136.35908608,136.15,0.038333727148428476,-0.14416627285157152,0.1825,False,Bittrex,Coinbase Pro
4375,01-14-2021_15-13-33,DASH/USD,25.0,136.35908602,136.165,0.03558362439660743,-0.14691637560339257,0.1825,False,Bittrex,Coinbase Pro
4376,01-14-2021_15-13-43,DASH/USD,25.0,136.3273592,136.057,0.04957904297173562,-0.13292095702826437,0.1825,False,Bittrex,Coinbase Pro
4377,01-14-2021_15-13-54,DASH/USD,25.0,136.22466508,136.117,0.019758734575852307,-0.16274126542414769,0.1825,False,Bittrex,Coinbase Pro
4378,01-14-2021_15-14-06,DASH/USD,25.0,136.32735915,136.204,0.022621862326304525,-0.10487813767369547,0.1275,False,Bittrex,Kraken
4379,01-14-2021_15-14-17,DASH/USD,25.0,136.3273591,136.202,0.02298861740365019,-0.1595113825963498,0.1825,False,Bittrex,Coinbase Pro
4380,01-14-2021_15-14-28,DASH/USD,25.0,136.28517395,136.121,0.030115885910712348,-0.15238411408928765,0.1825,False,Bittrex,Coinbase Pro
4381,01-14-2021_15-14-39,DASH/USD,25.0,136.43,136.162,0.04910943340907437,-0.10089056659092563,0.15,False,Binance US,Coinbase Pro
4382,01-14-2021_15-14-50,DASH/USD,25.0,136.40410419,136.217,0.0342922581235833,-0.1482077418764167,0.1825,False,Bittrex,Coinbase Pro
4383,01-14-2021_15-15-04,DASH/USD,25.0,136.36606225,136.231,0.02476097200643562,-0.10273902799356438,0.1275,False,Bittrex,Kraken
4384,01-14-2021_15-15-16,DASH/USD,25.0,136.38,136.234,0.02676345505205796,-0.058236544947942046,0.085,False,Binance US,Kraken
4385,01-14-2021_15-15-28,DASH/USD,25.0,136.36606209,136.234,0.02421095248626555,-0.10328904751373445,0.1275,False,Bittrex,Kraken
4386,01-14-2021_15-15-38,DASH/USD,25.0,136.68175376,136.234,0.08189713470939873,-0.04560286529060127,0.1275,False,Bittrex,Kraken
4387,01-14-2021_15-15-50,DASH/USD,25.0,136.68175364,136.34,0.06250900923105968,-0.06498838076894031,0.12749739,False,Bittrex,Kraken
4388,01-14-2021_15-16-02,DASH/USD,25.0,136.68175352,136.34,0.06250898733714122,-0.06498841266285876,0.12749739999999998,False,Bittrex,Kraken
4389,01-14-2021_15-16-14,DASH/USD,25.0,136.81565117,136.6,0.03940542769701912,-0.023274572302980877,0.06268,False,Bittrex,Binance US
4390,01-14-2021_15-16-25,DASH/USD,25.0,136.81565101,136.686,0.02369082211042637,-0.15880917788957363,0.1825,False,Bittrex,Coinbase Pro
4391,01-14-2021_15-16-37,DASH/USD,25.0,136.822,136.69,0.02411892824253501,-0.04106107175746499,0.06518,False,Kraken,Binance US
4392,01-14-2021_15-16-48,DASH/USD,25.0,136.81565075,136.69,0.022959864114816094,-0.0397201358851839,0.06268,False,Bittrex,Binance US
4393,01-14-2021_15-17-00,DASH/USD,25.0,136.81565062,136.7,0.021132564051688812,-0.04154743594831119,0.06268,False,Bittrex,Binance US
4394,01-14-2021_15-17-11,DASH/USD,25.0,136.835,136.673,0.029597690649323296,-0.1554023093506767,0.185,False,Kraken,Coinbase Pro
4395,01-14-2021_15-17-22,DASH/USD,25.0,136.79339798,136.648,0.026572550676252433,-0.15592744932374755,0.1825,False,Bittrex,Coinbase Pro
4396,01-14-2021_15-17-32,DASH/USD,25.0,136.79339782,136.699,0.017251896199734173,-0.16524810380026583,0.1825,False,Bittrex,Coinbase Pro
4397,01-14-2021_15-17-44,DASH/USD,25.0,136.79339782,136.649,0.02638976410798732,-0.15611023589201267,0.1825,False,Bittrex,Coinbase Pro
4398,01-14-2021_15-17-55,DASH/USD,25.0,136.607,136.498,0.01994773327867695,-0.16505226672132306,0.185,False,Kraken,Coinbase Pro
4399,01-14-2021_15-18-07,DASH/USD,25.0,136.57,136.485,0.01555978619022837,-0.1344402138097716,0.15,False,Binance US,Coinbase Pro
4400,01-14-2021_15-18-18,DASH/USD,25.0,136.55180345,136.344,0.03804480145077134,-0.14445519854922867,0.1825,False,Bittrex,Coinbase Pro
4401,01-14-2021_15-18-28,DASH/USD,25.0,136.42468175,136.263,0.029628390538647055,-0.15287160946135295,0.1825,False,Bittrex,Coinbase Pro
4402,01-14-2021_15-18-40,DASH/USD,25.0,136.42468167,136.297,0.023397831762742675,-0.1591021682372573,0.1825,False,Bittrex,Coinbase Pro
4403,01-14-2021_15-18-51,DASH/USD,25.0,136.42468157,136.245,0.03292688095954803,-0.14957311904045195,0.1825,False,Bittrex,Coinbase Pro
4404,01-14-2021_15-19-03,DASH/USD,25.0,136.36550496,136.275,0.016592348634383716,-0.16590765136561628,0.1825,False,Bittrex,Coinbase Pro
4405,01-14-2021_15-19-14,DASH/USD,25.0,136.36550483,136.201,0.030158805594765033,-0.15234119440523497,0.1825,False,Bittrex,Coinbase Pro
4406,01-14-2021_15-19-24,DASH/USD,25.0,136.25601042,136.088,0.03082624015669489,-0.1516737598433051,0.1825,False,Bittrex,Coinbase Pro
4407,01-14-2021_15-19-36,DASH/USD,25.0,136.25601027,136.104,0.027890562350012804,-0.1546094376499872,0.1825,False,Bittrex,Coinbase Pro
4408,01-14-2021_15-19-47,DASH/USD,25.0,136.20323915,136.077,0.02317109908468787,-0.15932890091531213,0.1825,False,Bittrex,Coinbase Pro
4409,01-14-2021_15-19-59,DASH/USD,25.0,136.11956413,135.923,0.03610137368134998,-0.14639862631865003,0.1825,False,Bittrex,Coinbase Pro
4410,01-14-2021_15-20-11,DASH/USD,25.0,136.016,135.806,0.03859840018820939,-0.1464015998117906,0.185,False,Kraken,Coinbase Pro
4411,01-14-2021_15-20-23,DASH/USD,25.0,136.001,135.701,0.05514665333343346,-0.12985334666656653,0.185,False,Kraken,Coinbase Pro
4412,01-14-2021_15-20-34,DASH/USD,25.0,135.73,135.601,0.023760406689749998,-0.12623959331025,0.15,False,Binance US,Coinbase Pro
4413,01-14-2021_15-20-45,DASH/USD,25.0,135.71120767,135.601,0.020301873347848106,-0.16219812665215189,0.1825,False,Bittrex,Coinbase Pro
4414,01-14-2021_15-20-56,DASH/USD,25.0,135.71120754,135.569,0.026196719964727416,-0.15630328003527258,0.1825,False,Bittrex,Coinbase Pro
4415,01-14-2021_15-21-08,DASH/USD,25.0,135.71120742,135.587,0.022880833197439387,-0.1596191668025606,0.1825,False,Bittrex,Coinbase Pro
4416,01-14-2021_15-21-19,DASH/USD,25.0,135.71120722,135.572,0.025644016962861366,-0.15685598303713863,0.1825,False,Bittrex,Coinbase Pro
4417,01-14-2021_15-21-31,DASH/USD,25.0,135.68776931,135.46,0.04196570390209791,-0.14053429609790208,0.1825,False,Bittrex,Coinbase Pro
4418,01-14-2021_15-21-42,DASH/USD,25.0,135.55973199,135.338,0.04089193500625093,-0.14160806499374906,0.1825,False,Bittrex,Coinbase Pro
4419,01-14-2021_15-21-53,DASH/USD,25.0,135.48126853,135.34,0.0260679080460317,-0.1564320919539683,0.1825,False,Bittrex,Coinbase Pro
4420,01-14-2021_15-22-05,DASH/USD,25.0,135.59,135.48126841,0.020047863042995568,-0.07245213695700443,0.0925,False,Binance US,Bittrex
4421,01-14-2021_15-22-17,DASH/USD,25.0,135.521,135.48126837,0.007329423115232559,-0.12017057688476744,0.1275,False,Kraken,Bittrex
4422,01-14-2021_15-22-29,DASH/USD,25.0,135.77,135.556,0.03940487589305418,-0.10059512410694581,0.13999999999999999,False,Binance US,Coinbase Pro
4423,01-14-2021_15-22-40,DASH/USD,25.0,135.69,135.565,0.023030437025572996,-0.06196956297442701,0.085,False,Binance US,Kraken
4424,01-14-2021_15-22-51,DASH/USD,25.0,135.60415536,135.395,0.038559909805993775,-0.14394009019400622,0.1825,False,Bittrex,Coinbase Pro
4425,01-14-2021_15-23-03,DASH/USD,25.0,135.56211928,135.301,0.048154912557221756,-0.13434508744277823,0.1825,False,Bittrex,Coinbase Pro
4426,01-14-2021_15-23-15,DASH/USD,25.0,135.42,135.09,0.060921577315017,-0.08907842268498299,0.15,False,Binance US,Coinbase Pro
4427,01-14-2021_15-23-27,DASH/USD,25.0,135.4,135.301,0.018279172821273625,-0.12172082717872636,0.13999999999999999,False,Binance US,Coinbase Pro
4428,01-14-2021_15-23-38,DASH/USD,25.0,135.4,135.301,0.018279172821273625,-0.12172082717872636,0.13999999999999999,False,Binance US,Coinbase Pro
4429,01-14-2021_15-23-50,DASH/USD,25.0,135.3948429,135.301,0.017327635600808862,-0.16517236439919114,0.1825,False,Bittrex,Coinbase Pro
4430,01-14-2021_15-24-00,DASH/USD,25.0,135.6,135.52686831,0.013482981194689669,-0.07901701880531033,0.0925,False,Binance US,Bittrex
4431,01-14-2021_15-24-12,DASH/USD,25.0,135.75,135.497,0.04659300184161803,-0.09340699815838197,0.13999999999999999,False,Binance US,Coinbase Pro
4432,01-14-2021_15-24-24,DASH/USD,25.0,135.64235865,135.459,0.03379450413294667,-0.14870549586705334,0.1825,False,Bittrex,Coinbase Pro
4433,01-14-2021_15-24-37,DASH/USD,25.0,135.58,135.402,0.0328219501401434,-0.10717804985985659,0.13999999999999999,False,Binance US,Coinbase Pro
4434,01-14-2021_15-24-48,DASH/USD,25.0,135.56,135.376,0.033933313661846695,-0.1160666863381533,0.15,False,Binance US,Coinbase Pro
4435,01-14-2021_15-25-00,DASH/USD,25.0,135.56,135.419,0.026003245795218195,-0.1239967542047818,0.15,False,Binance US,Coinbase Pro
4436,01-14-2021_15-25-13,DASH/USD,25.0,135.54019393,135.361,0.03305180640595472,-0.14944819359404526,0.1825,False,Bittrex,Coinbase Pro
4437,01-14-2021_15-25-24,DASH/USD,25.0,135.551,135.53,0.003873080980587857,-0.11630691901941213,0.12018,False,Coinbase Pro,Binance US
4438,01-14-2021_15-25-37,DASH/USD,25.0,135.57,135.53,0.007376263185068977,-0.11280373681493101,0.12018,False,Coinbase Pro,Binance US
4439,01-14-2021_15-25-49,DASH/USD,25.0,135.81,135.574,0.04344304543111516,-0.04155695456888485,0.085,False,Binance US,Kraken
4440,01-14-2021_15-26-00,DASH/USD,25.0,135.81,135.574,0.04344304543111516,-0.04155695456888485,0.085,False,Binance US,Kraken
4441,01-14-2021_15-26-13,DASH/USD,25.0,135.79058779,135.574,0.03987533184828132,-0.08762466815171868,0.1275,False,Bittrex,Kraken
4442,01-14-2021_15-26-24,DASH/USD,25.0,135.78,135.574,0.037929002798642815,-0.057070997201357186,0.095,False,Binance US,Kraken
4443,01-14-2021_15-26-37,DASH/USD,25.0,135.78,135.574,0.037929002798642815,-0.057070997201357186,0.095,False,Binance US,Kraken
4444,01-14-2021_15-26-48,DASH/USD,25.0,135.78,135.574,0.037929002798642815,-0.057070997201357186,0.095,False,Binance US,Kraken
4445,01-14-2021_15-27-00,DASH/USD,25.0,135.77673969,135.547,0.04230100283092208,-0.1401989971690779,0.1825,False,Bittrex,Coinbase Pro
4446,01-14-2021_15-27-12,DASH/USD,25.0,135.65,135.492,0.02911905639513739,-0.12088094360486261,0.15,False,Binance US,Coinbase Pro
4447,01-14-2021_15-27-25,DASH/USD,25.0,135.65,135.521,0.02377441946185387,-0.12622558053814611,0.15,False,Binance US,Coinbase Pro
4448,01-14-2021_15-27-37,DASH/USD,25.0,135.63,135.548,0.015114650151145327,-0.12488534984885466,0.13999999999999999,False,Binance US,Coinbase Pro
4449,01-14-2021_15-27-49,DASH/USD,25.0,135.63,135.522,0.019907100199071756,-0.12009289980092823,0.13999999999999999,False,Binance US,Coinbase Pro
4450,01-14-2021_15-28-02,DASH/USD,25.0,135.62108623,135.52,0.018633944176748546,-0.16386605582325145,0.1825,False,Bittrex,Coinbase Pro
4451,01-14-2021_15-28-14,DASH/USD,25.0,135.53858425,135.392,0.027037365561094432,-0.15546263443890557,0.1825,False,Bittrex,Coinbase Pro
4452,01-14-2021_15-28-27,DASH/USD,25.0,135.53858408,135.366,0.03183301662243149,-0.1506669833775685,0.1825,False,Bittrex,Coinbase Pro
4453,01-14-2021_15-28-40,DASH/USD,25.0,135.53858389,135.351,0.03459972146238669,-0.14790026853761332,0.18249999,False,Bittrex,Coinbase Pro
4454,01-14-2021_15-28-53,DASH/USD,25.0,135.53858368,135.39,0.027406159184679178,-0.15509384081532082,0.1825,False,Bittrex,Coinbase Pro
4455,01-14-2021_15-29-07,DASH/USD,25.0,135.5385835,135.39,0.027406126020197208,-0.1550938739798028,0.1825,False,Bittrex,Coinbase Pro
4456,01-14-2021_15-29-18,DASH/USD,25.0,135.5385833,135.389,0.027590538494286648,-0.15490946150571336,0.1825,False,Bittrex,Coinbase Pro
4457,01-14-2021_15-29-30,DASH/USD,25.0,135.79,135.529,0.04805213933279249,-0.03694786066720752,0.085,False,Binance US,Kraken
4458,01-14-2021_15-29-41,DASH/USD,25.0,135.79562678,135.529,0.04908603949962853,-0.07841396050037147,0.1275,False,Bittrex,Kraken
4459,01-14-2021_15-29-52,DASH/USD,25.0,135.81,135.529,0.05172667697518701,-0.033273323024813,0.085,False,Binance US,Kraken
4460,01-14-2021_15-30-03,DASH/USD,25.0,135.81,135.529,0.05172667697518701,-0.033273323024813,0.085,False,Binance US,Kraken
4461,01-14-2021_15-30-15,DASH/USD,25.0,135.81,135.529,0.05172667697518701,-0.033273323024813,0.085,False,Binance US,Kraken
4462,01-14-2021_15-30-27,DASH/USD,25.0,135.95,135.635,0.05792570798087491,-0.03707429201912509,0.095,False,Binance US,Kraken
4463,01-14-2021_15-30-38,DASH/USD,25.0,135.96,135.635,0.05976022359517818,-0.1252397764048218,0.185,False,Coinbase Pro,Kraken
4464,01-14-2021_15-30-48,DASH/USD,25.0,136.11511215,135.635,0.08818127216302568,-0.03931872783697432,0.1275,False,Bittrex,Kraken
4465,01-14-2021_15-31-00,DASH/USD,25.0,136.11511207,135.997,0.02169341599984386,-0.16080658400015613,0.1825,False,Bittrex,Coinbase Pro
4466,01-14-2021_15-31-12,DASH/USD,25.0,136.04,135.894,0.02683034401646328,-0.12316965598353671,0.15,False,Binance US,Coinbase Pro
4467,01-14-2021_15-31-24,DASH/USD,25.0,136.04,135.838,0.03712143487209611,-0.14787856512790387,0.185,False,Kraken,Coinbase Pro
4468,01-14-2021_15-31-36,DASH/USD,25.0,135.933,135.857,0.013977474196845766,-0.17102252580315425,0.185,False,Kraken,Coinbase Pro
4469,01-14-2021_15-31-48,DASH/USD,25.0,136.01,135.857,0.028122932137341298,-0.11187706786265869,0.13999999999999999,False,Binance US,Coinbase Pro
4470,01-14-2021_15-32-00,DASH/USD,25.0,136.01,135.844,0.03051246231894655,-0.10948753768105343,0.13999999999999999,False,Binance US,Coinbase Pro
4471,01-14-2021_15-32-11,DASH/USD,25.0,135.99,135.778,0.03897345393043928,-0.11102654606956072,0.15,False,Binance US,Coinbase Pro
4472,01-14-2021_15-32-24,DASH/USD,25.0,135.83918673,135.704,0.02487992111375966,-0.15762007888624033,0.1825,False,Bittrex,Coinbase Pro
4473,01-14-2021_15-32-36,DASH/USD,25.0,135.76,135.604,0.028727165586324675,-0.12127283441367531,0.15,False,Binance US,Coinbase Pro
4474,01-14-2021_15-32-48,DASH/USD,25.0,135.76,135.602,0.029095462581022958,-0.12090453741897704,0.15,False,Binance US,Coinbase Pro
4475,01-14-2021_15-33-00,DASH/USD,25.0,135.76,135.582,0.03277843252799007,-0.11722156747200993,0.15,False,Binance US,Coinbase Pro
4476,01-14-2021_15-33-11,DASH/USD,25.0,135.7,135.58,0.022107590272655884,-0.12789240972734411,0.15,False,Binance US,Coinbase Pro
4477,01-14-2021_15-33-22,DASH/USD,25.0,135.7,135.538,0.029845246868087278,-0.13015475313191271,0.16,False,Binance US,Coinbase Pro
4478,01-14-2021_15-33-35,DASH/USD,25.0,135.63,135.51,0.02211900022119084,-0.11788099977880914,0.13999999999999999,False,Binance US,Coinbase Pro
4479,01-14-2021_15-33-48,DASH/USD,25.0,135.603,135.471,0.024335744784408347,-0.16066425521559166,0.185,False,Kraken,Coinbase Pro
4480,01-14-2021_15-33-59,DASH/USD,25.0,135.39,135.178,0.03914617032276924,-0.10085382967723075,0.13999999999999999,False,Binance US,Coinbase Pro
4481,01-14-2021_15-34-12,DASH/USD,25.0,135.25,135.034,0.03992606284658192,-0.11007393715341807,0.15,False,Binance US,Coinbase Pro
4482,01-14-2021_15-34-24,DASH/USD,25.0,135.18,135.001,0.033104009468856714,-0.11689599053114327,0.15,False,Binance US,Coinbase Pro
4483,01-14-2021_15-34-35,DASH/USD,25.0,134.89,134.66,0.04262732596930643,-0.10737267403069356,0.15,False,Binance US,Coinbase Pro
4484,01-14-2021_15-34-47,DASH/USD,25.0,134.87,134.79043093,0.01474921591161691,-0.06775078408838309,0.0825,False,Binance US,Bittrex
4485,01-14-2021_15-34-58,DASH/USD,25.0,134.82,134.668,0.028185729120306115,-0.12181427087969388,0.15,False,Binance US,Coinbase Pro
4486,01-14-2021_15-35-10,DASH/USD,25.0,134.82,134.706,0.021139296840232222,-0.12886070315976778,0.15,False,Binance US,Coinbase Pro
4487,01-14-2021_15-35-21,DASH/USD,25.0,134.79,134.648,0.02633726537576896,-0.12366273462423104,0.15,False,Binance US,Coinbase Pro
4488,01-14-2021_15-35-34,DASH/USD,25.0,134.72654317,134.41,0.0587380857832517,-0.003951914216748294,0.06269,False,Bittrex,Binance US
4489,01-14-2021_15-35-45,DASH/USD,25.0,134.71884888,134.41,0.05731359838798515,-0.0053764016120148445,0.06269,False,Bittrex,Binance US
4490,01-14-2021_15-35-57,DASH/USD,25.0,134.71884874,134.41,0.05731357246751401,-0.005376427532485989,0.06269,False,Bittrex,Binance US
4491,01-14-2021_15-36-09,DASH/USD,25.0,134.71884864,134.41,0.05731355395289249,-0.005376446047107505,0.06269,False,Bittrex,Binance US
4492,01-14-2021_15-36-21,DASH/USD,25.0,134.93,134.818,0.020751500778180307,-0.1292484992218197,0.15,False,Binance US,Coinbase Pro
4493,01-14-2021_15-36-33,DASH/USD,25.0,134.87760981,134.706,0.0318084317778449,-0.1506915682221551,0.1825,False,Bittrex,Coinbase Pro
4494,01-14-2021_15-36-45,DASH/USD,25.0,134.87578614,134.654,0.04110933221360315,-0.14139066778639686,0.1825,False,Bittrex,Coinbase Pro
4495,01-14-2021_15-36-59,DASH/USD,25.0,134.80700574,134.677,0.024109603815906516,-0.15839039618409348,0.1825,False,Bittrex,Coinbase Pro
4496,01-14-2021_15-37-10,DASH/USD,25.0,134.89,134.711,0.03317517977610898,-0.11682482022389101,0.15,False,Binance US,Coinbase Pro
4497,01-14-2021_15-37-21,DASH/USD,25.0,134.83,134.703,0.023548171771862633,-0.12645182822813736,0.15,False,Binance US,Coinbase Pro
4498,01-14-2021_15-37-34,DASH/USD,25.0,134.834,134.746,0.016316359375230627,-0.16868364062476937,0.185,False,Kraken,Coinbase Pro
4499,01-14-2021_15-37-45,DASH/USD,25.0,134.846,134.8,0.008528247037359705,-0.11166175296264029,0.12018999999999999,False,Coinbase Pro,Binance US
4500,01-14-2021_15-37-57,DASH/USD,25.0,134.86664857,134.79,0.014208214338517548,-0.04848178566148245,0.06269,False,Bittrex,Binance US
4501,01-14-2021_15-38-20,DASH/USD,25.0,134.817,134.692,0.023179569342145278,-0.16182043065785473,0.185,False,Kraken,Coinbase Pro
4502,01-14-2021_15-38-33,DASH/USD,25.0,134.72,134.627,0.017258016627076402,-0.1327419833729236,0.15,False,Binance US,Coinbase Pro
4503,01-14-2021_15-38-45,DASH/USD,25.0,134.72,134.65,0.01298990498812225,-0.08201009501187775,0.095,False,Binance US,Kraken
4504,01-14-2021_15-39-09,DASH/USD,25.0,134.69180672,134.604,0.016297709960656544,-0.11120229003934345,0.1275,False,Bittrex,Kraken
4505,01-14-2021_15-39-21,DASH/USD,25.0,134.69180657,134.604,0.01629768213747367,-0.11120231786252634,0.1275,False,Bittrex,Kraken
4506,01-14-2021_15-39-34,DASH/USD,25.0,134.69180643,134.522,0.03151758716820534,-0.15098241283179464,0.1825,False,Bittrex,Coinbase Pro
4507,01-14-2021_15-39-58,DASH/USD,25.0,134.6888016,134.537,0.028176358798339563,-0.15432364120166042,0.1825,False,Bittrex,Coinbase Pro
4508,01-14-2021_15-40-13,DASH/USD,25.0,134.73,134.604,0.023380093520369696,-0.0716199064796303,0.095,False,Binance US,Kraken
4509,01-14-2021_15-40-25,DASH/USD,25.0,134.877,134.604,0.050601659289574226,-0.13439834071042578,0.185,False,Coinbase Pro,Kraken
4510,01-14-2021_15-40-48,DASH/USD,25.0,134.9,134.657,0.04503335804299388,-0.04996664195700612,0.095,False,Binance US,Kraken
4511,01-14-2021_15-41-00,DASH/USD,25.0,134.76,134.623,0.025415553576729085,-0.1145844464232709,0.13999999999999999,False,Binance US,Coinbase Pro
4512,01-14-2021_15-41-12,DASH/USD,25.0,134.73,134.657,0.013545609737990627,-0.08145439026200937,0.095,False,Binance US,Kraken
4513,01-14-2021_15-41-23,DASH/USD,25.0,134.7,134.561,0.02579806978470334,-0.06920193021529666,0.095,False,Binance US,Kraken
4514,01-14-2021_15-41-34,DASH/USD,25.0,134.73327811,134.601,0.024544439179307972,-0.157955560820692,0.1825,False,Bittrex,Coinbase Pro
4515,01-14-2021_15-41-57,DASH/USD,25.0,134.73,134.61015562,0.02223787946262698,-0.07026212053737302,0.0925,False,Binance US,Bittrex
4516,01-14-2021_15-42-09,DASH/USD,25.0,134.69,134.572,0.0219021456678289,-0.12809785433217108,0.15,False,Binance US,Coinbase Pro
4517,01-14-2021_15-42-22,DASH/USD,25.0,134.69,134.551,0.025799985151089538,-0.12420001484891045,0.15,False,Binance US,Coinbase Pro
4518,01-14-2021_15-42-36,DASH/USD,25.0,134.69,134.527,0.03025465884624154,-0.11974534115375846,0.15,False,Binance US,Coinbase Pro
4519,01-14-2021_15-42-59,DASH/USD,25.0,134.68,134.556,0.02301752301752213,-0.12698247698247786,0.15,False,Binance US,Coinbase Pro
4520,01-14-2021_15-43-12,DASH/USD,25.0,134.66,134.57738331,0.015338016114660801,-0.0771619838853392,0.0925,False,Binance US,Bittrex
4521,01-14-2021_15-43-36,DASH/USD,25.0,134.86,134.657,0.03763161797419601,-0.05736838202580399,0.095,False,Binance US,Kraken
4522,01-14-2021_15-43-49,DASH/USD,25.0,134.88309857,134.68,0.0376434431283803,-0.1448565568716197,0.1825,False,Bittrex,Coinbase Pro
4523,01-14-2021_15-44-02,DASH/USD,25.0,134.78116789,134.647,0.0248862456269696,-0.1576137543730304,0.1825,False,Bittrex,Coinbase Pro
4524,01-14-2021_15-44-26,DASH/USD,25.0,134.76,134.537,0.04136984268328599,-0.098630157316714,0.13999999999999999,False,Binance US,Coinbase Pro
4525,01-14-2021_15-44-49,DASH/USD,25.0,134.76,134.537,0.04136984268328599,-0.098630157316714,0.13999999999999999,False,Binance US,Coinbase Pro
4526,01-14-2021_15-45-01,DASH/USD,25.0,134.74,134.537,0.037665132848449405,-0.11233486715155058,0.15,False,Binance US,Coinbase Pro
4527,01-14-2021_15-45-13,DASH/USD,25.0,134.71091155,134.537,0.03227495605198907,-0.15022504394801092,0.1825,False,Bittrex,Coinbase Pro
4528,01-14-2021_15-45-26,DASH/USD,25.0,134.71091145,134.67,0.007592452897773424,-0.05509754710222657,0.06269,False,Bittrex,Binance US
4529,01-14-2021_15-45-39,DASH/USD,25.0,134.97,134.679,0.053900866859301476,-0.03109913314069853,0.085,False,Binance US,Kraken
4530,01-14-2021_15-45-51,DASH/USD,25.0,135.10333928,134.834,0.049839493500933134,-0.07766050649906686,0.1275,False,Bittrex,Kraken
4531,01-14-2021_15-46-04,DASH/USD,25.0,135.10333924,134.834,0.04983948611394693,-0.07766051388605308,0.1275,False,Bittrex,Kraken
4532,01-14-2021_15-46-27,DASH/USD,25.0,135.10333904,134.93,0.03207526942555459,-0.030614730574445408,0.06269,False,Bittrex,Binance US
4533,01-14-2021_15-46-40,DASH/USD,25.0,135.05371751,134.916,0.02549309869789749,-0.15700690130210251,0.1825,False,Bittrex,Coinbase Pro
4534,01-14-2021_15-46-51,DASH/USD,25.0,135.05126542,134.854,0.03651676631583159,-0.1459832336841684,0.1825,False,Bittrex,Coinbase Pro
4535,01-14-2021_15-47-03,DASH/USD,25.0,135.0512653,134.858,0.03577628457806224,-0.14672371542193774,0.1825,False,Bittrex,Coinbase Pro
4536,01-14-2021_15-47-14,DASH/USD,25.0,135.05126518,134.783,0.04965987909155521,-0.13284012090844477,0.1825,False,Bittrex,Coinbase Pro
4537,01-14-2021_15-47-25,DASH/USD,25.0,134.96923209,134.763,0.03819983391890137,-0.14430015608109864,0.18249999,False,Bittrex,Coinbase Pro
4538,01-14-2021_15-47-36,DASH/USD,25.0,134.88,134.716,0.030397390272832756,-0.11960260972716724,0.15,False,Binance US,Coinbase Pro
4539,01-14-2021_15-47-47,DASH/USD,25.0,134.88,134.714,0.030768090154210562,-0.11923190984578944,0.15,False,Binance US,Coinbase Pro
4540,01-14-2021_15-47-58,DASH/USD,25.0,134.88,134.714,0.030768090154210562,-0.11923190984578944,0.15,False,Binance US,Coinbase Pro
4541,01-14-2021_15-48-11,DASH/USD,25.0,134.815,134.714,0.01872936987723901,-0.166270630122761,0.185,False,Kraken,Coinbase Pro
4542,01-14-2021_15-48-22,DASH/USD,25.0,134.806,134.64818721,0.029266647997865144,-0.09823335200213486,0.1275,False,Kraken,Bittrex
4543,01-14-2021_15-48-33,DASH/USD,25.0,134.812,134.64818721,0.030378006038039747,-0.09712199396196025,0.1275,False,Kraken,Bittrex
4544,01-14-2021_15-48-43,DASH/USD,25.0,134.744,134.546,0.03673632963248966,-0.14826367036751034,0.185,False,Kraken,Coinbase Pro
4545,01-14-2021_15-48-55,DASH/USD,25.0,134.64,134.506,0.02488116458704437,-0.07011883541295563,0.095,False,Binance US,Kraken
4546,01-14-2021_15-49-06,DASH/USD,25.0,134.62218684,134.58,0.007834302983456012,-0.05485569701654398,0.06269,False,Bittrex,Binance US
4547,01-14-2021_15-49-16,DASH/USD,25.0,134.97533706,134.58,0.07322394383505725,0.01053394383505725,0.06269,True,Bittrex,Binance US
4548,01-14-2021_15-49-27,DASH/USD,25.0,134.94949743,134.58,0.06845105706889693,0.00576105706889693,0.06269,False,Bittrex,Binance US
4549,01-14-2021_15-49-37,DASH/USD,25.0,134.94949731,134.717,0.04307117007370222,-0.08442882992629779,0.1275,False,Bittrex,Kraken
4550,01-14-2021_15-49-48,DASH/USD,25.0,134.9494972,134.57,0.07030355945631545,0.00761355945631545,0.06269,False,Bittrex,Binance US
4551,01-14-2021_15-50-00,DASH/USD,25.0,134.93348279,134.57,0.06734480991750998,0.0046548099175099805,0.06269,False,Bittrex,Binance US
4552,01-14-2021_15-50-12,DASH/USD,25.0,134.93348268,134.57,0.06734478959199798,0.004654789591997985,0.06269,False,Bittrex,Binance US
4553,01-14-2021_15-50-22,DASH/USD,25.0,134.924,134.57,0.06559248169340025,0.0004024816934002501,0.06519,False,Kraken,Binance US
4554,01-14-2021_15-50-33,DASH/USD,25.0,134.84927089,134.57,0.05177463848281188,-0.010915361517188117,0.06269,False,Bittrex,Binance US
4555,01-14-2021_15-50-44,DASH/USD,25.0,134.84927078,134.57,0.05177461813190583,-0.010915381868094168,0.06269,False,Bittrex,Binance US
4556,01-14-2021_15-50-56,DASH/USD,25.0,134.817,134.57,0.04580282902008168,-0.019387170979918315,0.06519,False,Kraken,Binance US
4557,01-14-2021_15-51-07,DASH/USD,25.0,134.81319539,134.57,0.04509858795655592,-0.017591412043444075,0.06269,False,Bittrex,Binance US
4558,01-14-2021_15-51-18,DASH/USD,25.0,135.058222,134.57,0.09037250616256585,0.02768250616256586,0.06269,True,Bittrex,Binance US
4559,01-14-2021_15-51-30,DASH/USD,25.0,135.05822182,134.57,0.09037247296404669,0.02768247296404669,0.06269,True,Bittrex,Binance US
4560,01-14-2021_15-51-42,DASH/USD,25.0,135.05822169,134.57,0.09037244898734038,0.02768244898734039,0.06269,True,Bittrex,Binance US
4561,01-14-2021_15-51-55,DASH/USD,25.0,135.05456478,134.57,0.0896979640764719,0.027007964076471908,0.06269,True,Bittrex,Binance US
4562,01-14-2021_15-52-06,DASH/USD,25.0,135.00174669,134.57,0.07995205628550436,0.017262056285504368,0.06269,True,Bittrex,Binance US
4563,01-14-2021_15-52-17,DASH/USD,25.0,135.00174644,134.57,0.07995201013786454,0.017262010137864547,0.06269,True,Bittrex,Binance US
4564,01-14-2021_15-52-27,DASH/USD,25.0,134.95907903,134.57,0.07207351902451792,0.009383519024517922,0.06269,True,Bittrex,Binance US
4565,01-14-2021_15-52-38,DASH/USD,25.0,134.88011057,134.57,0.057478928636973715,-0.00521107136302628,0.06269,False,Bittrex,Binance US
4566,01-14-2021_15-52-47,DASH/USD,25.0,134.891,134.57,0.05949247911276475,-0.005697520887235248,0.06519,False,Kraken,Binance US
4567,01-14-2021_15-52-57,DASH/USD,25.0,134.891,134.57,0.05949247911276475,-0.005697520887235248,0.06519,False,Kraken,Binance US
4568,01-14-2021_15-53-09,DASH/USD,25.0,134.891,134.57,0.05949247911276475,-0.005697520887235248,0.06519,False,Kraken,Binance US
4569,01-14-2021_15-53-18,DASH/USD,25.0,134.891,134.57,0.05949247911276475,-0.005697520887235248,0.06519,False,Kraken,Binance US
4570,01-14-2021_15-53-29,DASH/USD,25.0,134.891,134.57,0.05949247911276475,-0.005697520887235248,0.06519,False,Kraken,Binance US
4571,01-14-2021_15-53-39,DASH/USD,25.0,134.889,134.57,0.05912268606039351,-0.006067313939606488,0.06519,False,Kraken,Binance US
4572,01-14-2021_15-53-51,DASH/USD,25.0,135.00764078,134.57,0.08104000215683375,0.01835000215683376,0.06269,True,Bittrex,Binance US
4573,01-14-2021_15-54-02,DASH/USD,25.0,135.00764069,134.57,0.08103998554513125,0.01834998554513126,0.06269,True,Bittrex,Binance US
4574,01-14-2021_15-54-13,DASH/USD,25.0,134.99007992,134.57,0.07779829455782247,0.015108304557822472,0.06268999,True,Bittrex,Binance US
4575,01-14-2021_15-54-25,DASH/USD,25.0,134.89926388,134.57,0.06102032556176713,-0.0016696744382328627,0.06269,False,Bittrex,Binance US
4576,01-14-2021_15-54-36,DASH/USD,25.0,134.89926388,134.57,0.06102032556176713,-0.0016696744382328627,0.06269,False,Bittrex,Binance US
4577,01-14-2021_15-54-47,DASH/USD,25.0,134.89926383,134.57,0.06102031631820844,-0.001669683681791559,0.06269,False,Bittrex,Binance US
4578,01-14-2021_15-54-59,DASH/USD,25.0,134.89926374,134.57,0.061020299679809056,-0.0016697003201909394,0.06269,False,Bittrex,Binance US
4579,01-14-2021_15-55-11,DASH/USD,25.0,134.89926367,134.57,0.06102028673883,-0.0016697132611699986,0.06269,False,Bittrex,Binance US
4580,01-14-2021_15-55-21,DASH/USD,25.0,134.8992636,134.57,0.061020273797850924,-0.0016697262021490716,0.06269,False,Bittrex,Binance US
4581,01-14-2021_15-55-32,DASH/USD,25.0,134.89926358,134.57,0.06102027010042533,-0.0016697298995746665,0.06269,False,Bittrex,Binance US
4582,01-14-2021_15-55-43,DASH/USD,25.0,134.89587895,134.57,0.06039453401700887,-0.12210546598299113,0.1825,False,Bittrex,Coinbase Pro
4583,01-14-2021_15-55-54,DASH/USD,25.0,134.73487309,134.551,0.03411757583302075,-0.14838242416697925,0.1825,False,Bittrex,Coinbase Pro
4584,01-14-2021_15-56-05,DASH/USD,25.0,134.668,134.522,0.027103692042655825,-0.15789630795734416,0.185,False,Kraken,Coinbase Pro
4585,01-14-2021_15-56-16,DASH/USD,25.0,134.66576227,134.57,0.017777768525899438,-0.04491223147410056,0.06269,False,Bittrex,Binance US
4586,01-14-2021_15-56-26,DASH/USD,25.0,134.66576211,134.491,0.032443678939201484,-0.15005632106079853,0.1825,False,Bittrex,Coinbase Pro
4587,01-14-2021_15-56-37,DASH/USD,25.0,134.66576202,134.514,0.02817383158932395,-0.15432616841067603,0.1825,False,Bittrex,Coinbase Pro
4588,01-14-2021_15-56-48,DASH/USD,25.0,134.66576187,134.561,0.019448497625761875,-0.16305150237423813,0.1825,False,Bittrex,Coinbase Pro
4589,01-14-2021_15-56-59,DASH/USD,25.0,134.66576174,134.54,0.023347014559426484,-0.15915298544057352,0.1825,False,Bittrex,Coinbase Pro
4590,01-14-2021_15-57-10,DASH/USD,25.0,134.64493438,134.554,0.01688410715537108,-0.1656158928446289,0.1825,False,Bittrex,Coinbase Pro
4591,01-14-2021_15-57-21,DASH/USD,25.0,134.64493424,134.52,0.023196981138795855,-0.15930301886120413,0.1825,False,Bittrex,Coinbase Pro
4592,01-14-2021_15-57-31,DASH/USD,25.0,134.64493412,134.518,0.023568305935457494,-0.1589316940645425,0.1825,False,Bittrex,Coinbase Pro
4593,01-14-2021_15-57-41,DASH/USD,25.0,134.666,134.567,0.01837880385546269,-0.1666211961445373,0.185,False,Coinbase Pro,Kraken
4594,01-14-2021_15-57-52,DASH/USD,25.0,134.723,134.57,0.028391588667120684,-0.03679841133287931,0.06519,False,Kraken,Binance US
4595,01-14-2021_15-58-03,DASH/USD,25.0,134.88,134.72859427,0.028063043075324985,-0.06443695692467502,0.0925,False,Binance US,Bittrex
4596,01-14-2021_15-58-15,DASH/USD,25.0,134.84,134.681,0.02947938297241023,-0.12052061702758976,0.15,False,Binance US,Coinbase Pro
4597,01-14-2021_15-58-26,DASH/USD,25.0,134.8804454,134.791,0.016578644838908696,-0.1109213551610913,0.1275,False,Bittrex,Kraken
4598,01-14-2021_15-58-36,DASH/USD,25.0,134.99,134.871,0.022038669531076333,-0.11796133046892365,0.13999999999999999,False,Binance US,Coinbase Pro
4599,01-14-2021_15-58-46,DASH/USD,25.0,135.31,134.891,0.07741482521617234,-0.017585174783827665,0.095,False,Binance US,Kraken
4600,01-14-2021_15-58-57,DASH/USD,25.0,135.24,134.891,0.06451493640934967,-0.030485063590650327,0.095,False,Binance US,Kraken
4601,01-14-2021_15-59-08,DASH/USD,25.0,135.22136519,134.891,0.061078585757474754,-0.06642141424252525,0.1275,False,Bittrex,Kraken
4602,01-14-2021_15-59-19,DASH/USD,25.0,135.34,134.891,0.08293926407566356,-0.012060735924336444,0.095,False,Binance US,Kraken
4603,01-14-2021_15-59-30,DASH/USD,25.0,135.35,134.891,0.0847801994828229,-0.0002198005171771128,0.085,False,Binance US,Kraken
4604,01-14-2021_15-59-42,DASH/USD,25.0,135.42960278,135.0,0.07930370671947605,-0.04819629328052395,0.1275,False,Bittrex,Kraken
4605,01-14-2021_15-59-53,DASH/USD,25.0,135.34903445,135.0,0.06446932765688541,-0.06303067234311459,0.1275,False,Bittrex,Kraken
4606,01-14-2021_16-00-04,DASH/USD,25.0,135.49,135.0,0.09041257657391857,-0.004587423426081427,0.095,False,Binance US,Kraken
4607,01-14-2021_16-00-14,DASH/USD,25.0,135.54,135.116,0.07820569573557219,-0.01679430426442781,0.095,False,Binance US,Kraken
4608,01-14-2021_16-00-26,DASH/USD,25.0,135.74,135.428,0.05746279652276628,-0.0825372034772337,0.13999999999999999,False,Binance US,Coinbase Pro
4609,01-14-2021_16-00-37,DASH/USD,25.0,135.75,135.525,0.04143646408839674,-0.09856353591160325,0.13999999999999999,False,Binance US,Coinbase Pro
4610,01-14-2021_16-00-47,DASH/USD,25.0,135.75,135.573,0.03259668508287154,-0.10740331491712844,0.13999999999999999,False,Binance US,Coinbase Pro
4611,01-14-2021_16-00-57,DASH/USD,25.0,135.75,135.59,0.02946593001841558,-0.11053406998158441,0.13999999999999999,False,Binance US,Coinbase Pro
4612,01-14-2021_16-01-08,DASH/USD,25.0,135.93309139,135.654,0.05132881683667099,-0.07617118316332902,0.1275,False,Bittrex,Kraken
4613,01-14-2021_16-01-18,DASH/USD,25.0,135.78804291,135.493,0.05432048795996718,-0.1281795120400328,0.1825,False,Bittrex,Coinbase Pro
4614,01-14-2021_16-01-28,DASH/USD,25.0,135.64,135.303,0.0621129460336164,-0.0878870539663836,0.15,False,Binance US,Coinbase Pro
4615,01-14-2021_16-01-38,DASH/USD,25.0,135.63,135.542,0.01622060016220487,-0.12377939983779512,0.13999999999999999,False,Binance US,Coinbase Pro
4616,01-14-2021_16-01-50,DASH/USD,25.0,135.83,135.654,0.032393432967683156,-0.06260656703231685,0.095,False,Binance US,Kraken
4617,01-14-2021_16-02-02,DASH/USD,25.0,135.92416362,135.641,0.05208117755862093,-0.13041882244137906,0.1825,False,Bittrex,Coinbase Pro
4618,01-14-2021_16-02-13,DASH/USD,25.0,135.92416357,135.654,0.04969012920591961,-0.07780987079408039,0.1275,False,Bittrex,Kraken
4619,01-14-2021_16-02-23,DASH/USD,25.0,135.95,135.654,0.054431776388376665,-0.040568223611623336,0.095,False,Binance US,Kraken
4620,01-14-2021_16-02-32,DASH/USD,25.0,135.94,135.753,0.03439017213476751,-0.10560982786523247,0.13999999999999999,False,Binance US,Coinbase Pro
4621,01-14-2021_16-02-43,DASH/USD,25.0,135.94,135.752,0.034574076798585436,-0.10542592320141456,0.13999999999999999,False,Binance US,Coinbase Pro
4622,01-14-2021_16-02-55,DASH/USD,25.0,135.94,135.753,0.03439017213476751,-0.10560982786523247,0.13999999999999999,False,Binance US,Coinbase Pro
4623,01-14-2021_16-03-07,DASH/USD,25.0,136.0,135.877,0.022610294117645306,-0.07238970588235469,0.095,False,Binance US,Kraken
4624,01-14-2021_16-03-19,DASH/USD,25.0,136.161,135.92416366,0.04348461380277694,-0.13901538619722306,0.1825,False,Coinbase Pro,Bittrex
4625,01-14-2021_16-03-31,DASH/USD,25.0,136.161,135.92416366,0.04348461380277694,-0.13901538619722306,0.1825,False,Coinbase Pro,Bittrex
4626,01-14-2021_16-03-43,DASH/USD,25.0,136.48,135.92416366,0.10181644563305702,0.01931644563305701,0.0825,True,Binance US,Bittrex
4627,01-14-2021_16-03-56,DASH/USD,25.0,136.48,135.92416366,0.10181644563305702,0.01931644563305701,0.0825,True,Binance US,Bittrex
4628,01-14-2021_16-04-09,DASH/USD,25.0,136.48,135.92416366,0.10181644563305702,0.01931644563305701,0.0825,True,Binance US,Bittrex
4629,01-14-2021_16-04-19,DASH/USD,25.0,136.38,135.92416366,0.08355996847044847,0.0010599684704484663,0.0825,False,Binance US,Bittrex
4630,01-14-2021_16-04-31,DASH/USD,25.0,136.32,135.92416366,0.07259322549882413,-0.009906774501175872,0.0825,False,Binance US,Bittrex
4631,01-14-2021_16-04-44,DASH/USD,25.0,136.3,135.92416366,0.0689354988994876,-0.023564501100512406,0.0925,False,Binance US,Bittrex
4632,01-14-2021_16-04-56,DASH/USD,25.0,136.3,135.92416366,0.0689354988994876,-0.023564501100512406,0.0925,False,Binance US,Bittrex
4633,01-14-2021_16-05-08,DASH/USD,25.0,136.28,135.92416366,0.06527669870854054,-0.02722330129145946,0.0925,False,Binance US,Bittrex
4634,01-14-2021_16-05-19,DASH/USD,25.0,136.26,135.92416365,0.061616826287977745,-0.02088317371202226,0.0825,False,Binance US,Bittrex
4635,01-14-2021_16-05-31,DASH/USD,25.0,136.24,135.889,0.06440839694656472,-0.08559160305343527,0.15,False,Binance US,Coinbase Pro
4636,01-14-2021_16-05-42,DASH/USD,25.0,136.08,135.764,0.05805408583186406,-0.09194591416813594,0.15,False,Binance US,Coinbase Pro
4637,01-14-2021_16-05-53,DASH/USD,25.0,135.98,135.744,0.04338873363729776,-0.09661126636270223,0.13999999999999999,False,Binance US,Coinbase Pro
4638,01-14-2021_16-06-05,DASH/USD,25.0,135.94,135.705,0.04321759599823179,-0.09678240400176819,0.13999999999999999,False,Binance US,Coinbase Pro
4639,01-14-2021_16-06-15,DASH/USD,25.0,135.87,135.665,0.03771987929638855,-0.11228012070361144,0.15,False,Binance US,Coinbase Pro
4640,01-14-2021_16-06-27,DASH/USD,25.0,135.811,135.492,0.058721311233997396,-0.1262786887660026,0.185,False,Kraken,Coinbase Pro
4641,01-14-2021_16-06-39,DASH/USD,25.0,135.738,135.525,0.03922998718118616,-0.14577001281881385,0.185,False,Kraken,Coinbase Pro
4642,01-14-2021_16-06-50,DASH/USD,25.0,135.70276299,135.488,0.039564962655886195,-0.1429350373441138,0.1825,False,Bittrex,Coinbase Pro
4643,01-14-2021_16-07-01,DASH/USD,25.0,135.70276289,135.5,0.037354230245916414,-0.14514576975408358,0.1825,False,Bittrex,Coinbase Pro
4644,01-14-2021_16-07-12,DASH/USD,25.0,135.70276275,135.5,0.037354204492790456,-0.14514579550720955,0.1825,False,Bittrex,Coinbase Pro
4645,01-14-2021_16-07-23,DASH/USD,25.0,135.70276263,135.5,0.03735418241868021,-0.14514581758131978,0.1825,False,Bittrex,Coinbase Pro
4646,01-14-2021_16-07-33,DASH/USD,25.0,135.70276253,135.5,0.037354164023590916,-0.14514582597640907,0.18249999,False,Bittrex,Coinbase Pro
4647,01-14-2021_16-07-47,DASH/USD,25.0,135.7027624,135.5,0.03735414010997533,-0.14514585989002465,0.1825,False,Bittrex,Coinbase Pro
4648,01-14-2021_16-07-58,DASH/USD,25.0,135.70276225,135.5,0.037354112517338674,-0.14514588748266133,0.1825,False,Bittrex,Coinbase Pro
4649,01-14-2021_16-08-10,DASH/USD,25.0,135.70276211,135.491,0.039012122286122254,-0.14348787771387775,0.1825,False,Bittrex,Coinbase Pro
4650,01-14-2021_16-08-21,DASH/USD,25.0,135.70276203,135.488,0.03956478607865864,-0.14293521392134134,0.1825,False,Bittrex,Coinbase Pro
4651,01-14-2021_16-08-33,DASH/USD,25.0,135.70276193,135.491,0.039012089177158434,-0.14348791082284157,0.1825,False,Bittrex,Coinbase Pro
4652,01-14-2021_16-08-44,DASH/USD,25.0,135.7027618,135.512,0.035143315705161646,-0.14735668429483834,0.1825,False,Bittrex,Coinbase Pro
4653,01-14-2021_16-08-57,DASH/USD,25.0,135.57,135.325,0.04517961200855731,-0.10482038799144269,0.15,False,Binance US,Coinbase Pro
4654,01-14-2021_16-09-09,DASH/USD,25.0,135.53,135.263,0.049251088319928416,-0.10074891168007158,0.15,False,Binance US,Coinbase Pro
4655,01-14-2021_16-09-19,DASH/USD,25.0,135.47,135.27,0.03690854063630114,-0.10309145936369885,0.13999999999999999,False,Binance US,Coinbase Pro
4656,01-14-2021_16-09-31,DASH/USD,25.0,135.47,135.167,0.0559164390639989,-0.08408356093600108,0.13999999999999999,False,Binance US,Coinbase Pro
4657,01-14-2021_16-09-44,DASH/USD,25.0,135.45,135.093,0.06589147286821694,-0.08410852713178306,0.15,False,Binance US,Coinbase Pro
4658,01-14-2021_16-09-55,DASH/USD,25.0,135.35,135.23,0.02216475803472563,-0.11783524196527435,0.13999999999999999,False,Binance US,Coinbase Pro
4659,01-14-2021_16-10-06,DASH/USD,25.0,135.344,135.224,0.022165740631281135,-0.16283425936871887,0.185,False,Kraken,Coinbase Pro
4660,01-14-2021_16-10-18,DASH/USD,25.0,135.44,135.28,0.02953337271116299,-0.120466627288837,0.15,False,Binance US,Coinbase Pro
4661,01-14-2021_16-10-30,DASH/USD,25.0,135.36,135.3,0.011081560283688362,-0.12891843971631162,0.13999999999999999,False,Binance US,Coinbase Pro
4662,01-14-2021_16-10-40,DASH/USD,25.0,135.33499399,135.28,0.01015886364247542,-0.17234113635752457,0.1825,False,Bittrex,Coinbase Pro
4663,01-14-2021_16-10-51,DASH/USD,25.0,135.33499391,135.31,0.004617044948593939,-0.05806295505140606,0.06268,False,Bittrex,Binance US
4664,01-14-2021_16-11-02,DASH/USD,25.0,135.57,135.33499391,0.04333666924835595,-0.04916333075164405,0.0925,False,Binance US,Bittrex
4665,01-14-2021_16-11-13,DASH/USD,25.0,135.77,135.38405745,0.07106550600280069,-0.011434493997199313,0.0825,False,Binance US,Bittrex
4666,01-14-2021_16-11-24,DASH/USD,25.0,135.94,135.685,0.046895689274679166,-0.03810431072532084,0.085,False,Binance US,Kraken
4667,01-14-2021_16-11-36,DASH/USD,25.0,135.92,135.685,0.04322395526780188,-0.05177604473219812,0.095,False,Binance US,Kraken
4668,01-14-2021_16-11-47,DASH/USD,25.0,135.929,135.685,0.044876369281021664,-0.14012363071897832,0.185,False,Coinbase Pro,Kraken
4669,01-14-2021_16-11-57,DASH/USD,25.0,136.1,135.87378402,0.041553265980897564,-0.050946734019102435,0.0925,False,Binance US,Bittrex
4670,01-14-2021_16-12-09,DASH/USD,25.0,136.1,135.767,0.061168258633357536,-0.08883174136664246,0.15,False,Binance US,Coinbase Pro
4671,01-14-2021_16-12-19,DASH/USD,25.0,136.1,135.749,0.06447465099191754,-0.08552534900808245,0.15,False,Binance US,Coinbase Pro
4672,01-14-2021_16-12-29,DASH/USD,25.0,136.1,135.717,0.0703526818515763,-0.0796473181484237,0.15,False,Binance US,Coinbase Pro
4673,01-14-2021_16-12-39,DASH/USD,25.0,135.97,135.658,0.05736559535191804,-0.09263440464808195,0.15,False,Binance US,Coinbase Pro
4674,01-14-2021_16-12-51,DASH/USD,25.0,135.97,135.654,0.05810105170258191,-0.09189894829741808,0.15,False,Binance US,Coinbase Pro
4675,01-14-2021_16-13-02,DASH/USD,25.0,135.95,135.718,0.042662743655755675,-0.10733725634424432,0.15,False,Binance US,Coinbase Pro
4676,01-14-2021_16-13-12,DASH/USD,25.0,135.973,135.661,0.05736432968310102,-0.12763567031689899,0.185,False,Kraken,Coinbase Pro
4677,01-14-2021_16-13-23,DASH/USD,25.0,135.87378323,135.72,0.028295235906486752,-0.15420476409351325,0.1825,False,Bittrex,Coinbase Pro
4678,01-14-2021_16-13-34,DASH/USD,25.0,135.82839409,135.627,0.03706774480940555,-0.14543225519059444,0.1825,False,Bittrex,Coinbase Pro
4679,01-14-2021_16-13-46,DASH/USD,25.0,135.828394,135.542,0.05271246894077268,-0.1297875310592273,0.1825,False,Bittrex,Coinbase Pro
4680,01-14-2021_16-13-59,DASH/USD,25.0,135.81465079,135.555,0.04779506269936103,-0.13470493730063898,0.1825,False,Bittrex,Coinbase Pro
4681,01-14-2021_16-14-12,DASH/USD,25.0,135.81465064,135.526,0.05313319267099982,-0.1293668073290002,0.1825,False,Bittrex,Coinbase Pro
4682,01-14-2021_16-14-24,DASH/USD,25.0,135.73813589,135.528,0.038702441399794674,-0.14379755860020532,0.1825,False,Bittrex,Coinbase Pro
4683,01-14-2021_16-14-35,DASH/USD,25.0,135.73813579,135.544,0.03575557246128989,-0.14674442753871011,0.1825,False,Bittrex,Coinbase Pro
4684,01-14-2021_16-14-47,DASH/USD,25.0,135.72404143,135.485,0.0440307825130731,-0.1384692174869269,0.1825,False,Bittrex,Coinbase Pro
4685,01-14-2021_16-15-00,DASH/USD,25.0,135.72404129,135.511,0.0392416273445623,-0.1432583726554377,0.1825,False,Bittrex,Coinbase Pro
4686,01-14-2021_16-15-12,DASH/USD,25.0,135.72404111,135.47,0.046793682961832575,-0.13570630703816744,0.18249999,False,Bittrex,Coinbase Pro
4687,01-14-2021_16-15-24,DASH/USD,25.0,135.72404092,135.528,0.03611020543434051,-0.14638979456565948,0.1825,False,Bittrex,Coinbase Pro
4688,01-14-2021_16-15-35,DASH/USD,25.0,135.72404079,135.456,0.04937238613731351,-0.13312761386268648,0.1825,False,Bittrex,Coinbase Pro
4689,01-14-2021_16-15-47,DASH/USD,25.0,135.65471569,135.399,0.0471262072791397,-0.1353737927208603,0.1825,False,Bittrex,Coinbase Pro
4690,01-14-2021_16-16-51,DASH/USD,25.0,135.566,135.44,0.02323591460985881,-0.1617640853901412,0.185,False,Kraken,Coinbase Pro
4691,01-14-2021_16-17-03,DASH/USD,25.0,135.554,135.442,0.020655974740692782,-0.16434402525930722,0.185,False,Kraken,Coinbase Pro
4692,01-14-2021_16-17-16,DASH/USD,25.0,135.78,135.457,0.05947120341729406,-0.09052879658270593,0.15,False,Binance US,Coinbase Pro
4693,01-14-2021_16-17-29,DASH/USD,25.0,135.78,135.543,0.04363676535572153,-0.10636323464427846,0.15,False,Binance US,Coinbase Pro
4694,01-14-2021_16-17-40,DASH/USD,25.0,135.78,135.536,0.044925614965385136,-0.10507438503461486,0.15,False,Binance US,Coinbase Pro
4695,01-14-2021_16-17-52,DASH/USD,25.0,135.76,135.54781986,0.03907265394814135,-0.05342734605185865,0.0925,False,Binance US,Bittrex
4696,01-14-2021_16-18-02,DASH/USD,25.0,136.11,135.565,0.10010285798251706,0.005102857982517056,0.095,False,Binance US,Kraken
4697,01-14-2021_16-18-14,DASH/USD,25.0,136.03,135.565,0.08545908990663886,0.00045908990663885707,0.085,False,Binance US,Kraken
4698,01-14-2021_16-18-24,DASH/USD,25.0,135.83,135.565,0.04877420304793027,-0.04622579695206973,0.095,False,Binance US,Kraken
4699,01-14-2021_16-18-35,DASH/USD,25.0,135.80509244,135.565,0.044197981770471406,-0.0833020182295286,0.1275,False,Bittrex,Kraken
4700,01-14-2021_16-18-45,DASH/USD,25.0,135.80509228,135.565,0.044197952368564705,-0.0833020476314353,0.1275,False,Bittrex,Kraken
4701,01-14-2021_16-18-57,DASH/USD,25.0,135.93,135.585,0.06345177664974598,-0.076548223350254,0.13999999999999999,False,Binance US,Coinbase Pro
4702,01-14-2021_16-19-07,DASH/USD,25.0,135.87,135.524,0.06366379627585259,-0.08633620372414741,0.15,False,Binance US,Coinbase Pro
4703,01-14-2021_16-19-18,DASH/USD,25.0,135.79,135.45,0.06259665660210682,-0.07740334339789316,0.13999999999999999,False,Binance US,Coinbase Pro
4704,01-14-2021_16-19-30,DASH/USD,25.0,135.78314986,135.511,0.05010744342737203,-0.13239254657262797,0.18249999,False,Bittrex,Coinbase Pro
4705,01-14-2021_16-19-40,DASH/USD,25.0,135.98,135.78314974,0.036191031769376165,-0.04630896823062384,0.0825,False,Binance US,Bittrex
4706,01-14-2021_16-19-52,DASH/USD,25.0,136.11,135.735,0.06887811329072074,-0.08112188670927925,0.15,False,Binance US,Coinbase Pro
4707,01-14-2021_16-20-04,DASH/USD,25.0,136.06,135.805,0.04685432897251129,-0.09314567102748869,0.13999999999999999,False,Binance US,Coinbase Pro
4708,01-14-2021_16-20-15,DASH/USD,25.0,136.06,135.828,0.04262825224165796,-0.04237174775834204,0.085,False,Binance US,Kraken
4709,01-14-2021_16-20-26,DASH/USD,25.0,136.12,135.828,0.05362915074933911,-0.031370849250660894,0.085,False,Binance US,Kraken
4710,01-14-2021_16-20-35,DASH/USD,25.0,136.12,135.92416366,0.035967591096091614,-0.04653240890390839,0.0825,False,Binance US,Bittrex
4711,01-14-2021_16-20-45,DASH/USD,25.0,136.1,135.858,0.04445260837619218,-0.10554739162380782,0.15,False,Binance US,Coinbase Pro
4712,01-14-2021_16-20-56,DASH/USD,25.0,136.47,135.813,0.12035612222466673,-0.02964387777533327,0.15,False,Binance US,Coinbase Pro
4713,01-14-2021_16-21-07,DASH/USD,25.0,136.4,135.916,0.08870967741935647,-0.06129032258064353,0.15,False,Binance US,Coinbase Pro
4714,01-14-2021_16-21-18,DASH/USD,25.0,136.14,135.92416366,0.039634997061844694,-0.052865002938155305,0.0925,False,Binance US,Bittrex
4715,01-14-2021_16-21-29,DASH/USD,25.0,136.3,135.92416366,0.0689354988994876,-0.023564501100512406,0.0925,False,Binance US,Bittrex
4716,01-14-2021_16-21-38,DASH/USD,25.0,136.26,135.92416366,0.061616824453248564,-0.02088317554675144,0.0825,False,Binance US,Bittrex
4717,01-14-2021_16-21-49,DASH/USD,25.0,136.21,135.92416366,0.052462436678658506,-0.04003756332134149,0.0925,False,Binance US,Bittrex
4718,01-14-2021_16-22-00,DASH/USD,25.0,136.2,135.92416364,0.05063075624082224,-0.041869243759177756,0.0925,False,Binance US,Bittrex
4719,01-14-2021_16-22-11,DASH/USD,25.0,136.13,135.874,0.047013883787556054,-0.03798611621244395,0.085,False,Binance US,Kraken
4720,01-14-2021_16-22-23,DASH/USD,25.0,136.12,135.874,0.04518072289156798,-0.03981927710843203,0.085,False,Binance US,Kraken
4721,01-14-2021_16-22-34,DASH/USD,25.0,136.1,135.877,0.040962527553266855,-0.10903747244673315,0.15,False,Binance US,Coinbase Pro
4722,01-14-2021_16-22-44,DASH/USD,25.0,136.08,135.92416356,0.02862956349206379,-0.06387043650793621,0.0925,False,Binance US,Bittrex
4723,01-14-2021_16-22-55,DASH/USD,25.0,136.18,135.829,0.06443677485680699,-0.075563225143193,0.13999999999999999,False,Binance US,Coinbase Pro
4724,01-14-2021_16-23-06,DASH/USD,25.0,136.19,135.92416366,0.048798799471325496,-0.0437012005286745,0.0925,False,Binance US,Bittrex
4725,01-14-2021_16-23-17,DASH/USD,25.0,136.16,135.92416362,0.04330133299059837,-0.03919866700940163,0.0825,False,Binance US,Bittrex
4726,01-14-2021_16-23-29,DASH/USD,25.0,136.13,135.906,0.04113714831410959,-0.0988628516858904,0.13999999999999999,False,Binance US,Coinbase Pro
4727,01-14-2021_16-23-39,DASH/USD,25.0,136.13,135.906,0.04113714831410959,-0.0988628516858904,0.13999999999999999,False,Binance US,Coinbase Pro
4728,01-14-2021_16-23-50,DASH/USD,25.0,136.12,135.906,0.03930355568615902,-0.10069644431384096,0.13999999999999999,False,Binance US,Coinbase Pro
4729,01-14-2021_16-24-01,DASH/USD,25.0,136.12,135.906,0.03930355568615902,-0.10069644431384096,0.13999999999999999,False,Binance US,Coinbase Pro
4730,01-14-2021_16-24-14,DASH/USD,25.0,136.081,135.886,0.03582425173242282,-0.14917574826757718,0.185,False,Kraken,Coinbase Pro
4731,01-14-2021_16-24-26,DASH/USD,25.0,136.15,135.906,0.04480352552331982,-0.10519647447668018,0.15,False,Binance US,Coinbase Pro
4732,01-14-2021_16-24-37,DASH/USD,25.0,136.12,135.906,0.03930355568615902,-0.10069644431384096,0.13999999999999999,False,Binance US,Coinbase Pro
4733,01-14-2021_16-24-48,DASH/USD,25.0,136.12,135.906,0.03930355568615902,-0.10069644431384096,0.13999999999999999,False,Binance US,Coinbase Pro
4734,01-14-2021_16-24-59,DASH/USD,25.0,136.12,135.906,0.03930355568615902,-0.10069644431384096,0.13999999999999999,False,Binance US,Coinbase Pro
4735,01-14-2021_16-25-11,DASH/USD,25.0,136.12,135.92416364,0.03596759476932403,-0.04653240523067598,0.0825,False,Binance US,Bittrex
4736,01-14-2021_16-25-22,DASH/USD,25.0,136.19,135.92416364,0.04879880314266992,-0.04370119685733008,0.0925,False,Binance US,Bittrex
4737,01-14-2021_16-25-33,DASH/USD,25.0,136.34,135.92416366,0.07624987897902274,-0.016250121020977254,0.0925,False,Binance US,Bittrex
4738,01-14-2021_16-25-44,DASH/USD,25.0,136.45,135.92416366,0.09634231220226892,0.0038423122022689243,0.0925,False,Binance US,Bittrex
4739,01-14-2021_16-25-55,DASH/USD,25.0,136.43,135.92416366,0.09269155244447737,0.0001915524444773692,0.0925,False,Binance US,Bittrex
4740,01-14-2021_16-26-04,DASH/USD,25.0,136.39,135.92416366,0.08538682088129289,-0.007113179118707111,0.0925,False,Binance US,Bittrex
4741,01-14-2021_16-26-15,DASH/USD,25.0,136.38,135.92416366,0.08355996847044847,0.0010599684704484663,0.0825,False,Binance US,Bittrex
4742,01-14-2021_16-26-25,DASH/USD,25.0,136.38,135.92416366,0.08355996847044847,0.0010599684704484663,0.0825,False,Binance US,Bittrex
4743,01-14-2021_16-26-37,DASH/USD,25.0,136.35,135.92416366,0.07807780344700943,-0.014422196552990568,0.0925,False,Binance US,Bittrex
4744,01-14-2021_16-26-47,DASH/USD,25.0,136.32,135.92416366,0.07259322549882413,-0.009906774501175872,0.0825,False,Binance US,Bittrex
4745,01-14-2021_16-26-58,DASH/USD,25.0,136.24,135.92416366,0.057955875660599704,-0.034544124339400295,0.0925,False,Binance US,Bittrex
4746,01-14-2021_16-27-09,DASH/USD,25.0,136.22,135.92416366,0.054293851857288564,-0.02820614814271144,0.0825,False,Binance US,Bittrex
4747,01-14-2021_16-27-20,DASH/USD,25.0,136.23,135.92416366,0.05612499816486546,-0.03637500183513454,0.0925,False,Binance US,Bittrex
4748,01-14-2021_16-27-30,DASH/USD,25.0,136.24,135.92416366,0.057955875660599704,-0.034544124339400295,0.0925,False,Binance US,Bittrex
4749,01-14-2021_16-27-41,DASH/USD,25.0,136.26,135.92416366,0.061616824453248564,-0.02088317554675144,0.0825,False,Binance US,Bittrex
4750,01-14-2021_16-27-53,DASH/USD,25.0,136.26,135.92416365,0.061616826287977745,-0.02088317371202226,0.0825,False,Binance US,Bittrex
4751,01-14-2021_16-28-05,DASH/USD,25.0,136.23,135.92416364,0.056125001835131895,-0.036374998164868104,0.0925,False,Binance US,Bittrex
4752,01-14-2021_16-28-17,DASH/USD,25.0,136.233,135.9241636,0.056674300646684335,-0.07082569935331567,0.1275,False,Kraken,Bittrex
4753,01-14-2021_16-28-29,DASH/USD,25.0,136.23,135.826,0.07413932320340534,-0.07586067679659465,0.15,False,Binance US,Coinbase Pro
4754,01-14-2021_16-28-39,DASH/USD,25.0,136.23,135.85,0.06973500697349987,-0.09026499302650014,0.16,False,Binance US,Coinbase Pro
4755,01-14-2021_16-28-50,DASH/USD,25.0,136.23,135.869,0.06624825662482384,-0.08375174337517616,0.15,False,Binance US,Coinbase Pro
4756,01-14-2021_16-29-04,DASH/USD,25.0,136.2,135.911,0.053046989720996196,-0.0969530102790038,0.15,False,Binance US,Coinbase Pro
4757,01-14-2021_16-29-15,DASH/USD,25.0,136.2,135.92416365,0.05063075440528481,-0.041869245594715186,0.0925,False,Binance US,Bittrex
4758,01-14-2021_16-29-27,DASH/USD,25.0,136.2,135.841,0.06589574155653093,-0.08410425844346907,0.15,False,Binance US,Coinbase Pro
4759,01-14-2021_16-29-40,DASH/USD,25.0,136.14,135.85,0.05325400323196564,-0.10674599676803437,0.16,False,Binance US,Coinbase Pro
4760,01-14-2021_16-29-53,DASH/USD,25.0,136.14,135.919,0.04058322315263245,-0.10941677684736754,0.15,False,Binance US,Coinbase Pro
4761,01-14-2021_16-30-06,DASH/USD,25.0,136.13,135.92416366,0.03780142878131024,-0.04469857121868977,0.0825,False,Binance US,Bittrex
4762,01-14-2021_16-30-20,DASH/USD,25.0,136.26,135.92416366,0.061616824453248564,-0.02088317554675144,0.0825,False,Binance US,Bittrex
4763,01-14-2021_16-30-31,DASH/USD,25.0,136.26,135.92416366,0.061616824453248564,-0.02088317554675144,0.0825,False,Binance US,Bittrex
4764,01-14-2021_16-30-42,DASH/USD,25.0,136.24,135.92416366,0.057955875660599704,-0.034544124339400295,0.0925,False,Binance US,Bittrex
4765,01-14-2021_16-30-53,DASH/USD,25.0,136.45,136.128,0.05899596921949483,-0.036004030780505174,0.095,False,Binance US,Kraken
4766,01-14-2021_16-31-06,DASH/USD,25.0,136.43,136.128,0.0553397346624681,-0.0396602653375319,0.095,False,Binance US,Kraken
4767,01-14-2021_16-31-18,DASH/USD,25.0,136.43,136.128,0.0553397346624681,-0.0396602653375319,0.095,False,Binance US,Kraken
4768,01-14-2021_16-31-28,DASH/USD,25.0,136.43,136.159,0.04965916587261141,-0.04534083412738859,0.095,False,Binance US,Kraken
4769,01-14-2021_16-31-40,DASH/USD,25.0,136.43,136.159,0.04965916587261141,-0.04534083412738859,0.095,False,Binance US,Kraken
4770,01-14-2021_16-31-51,DASH/USD,25.0,136.43,136.159,0.04965916587261141,-0.04534083412738859,0.095,False,Binance US,Kraken
4771,01-14-2021_16-32-03,DASH/USD,25.0,136.45,136.159,0.05331623305239957,-0.04168376694760043,0.095,False,Binance US,Kraken
4772,01-14-2021_16-32-14,DASH/USD,25.0,136.44,136.158,0.0516710642040477,-0.0983289357959523,0.15,False,Binance US,Coinbase Pro
4773,01-14-2021_16-32-27,DASH/USD,25.0,136.22,135.968,0.04624871531346527,-0.09375128468653471,0.13999999999999999,False,Binance US,Coinbase Pro
4774,01-14-2021_16-32-37,DASH/USD,25.0,136.22,135.985,0.04312876229628271,-0.09687123770371728,0.13999999999999999,False,Binance US,Coinbase Pro
4775,01-14-2021_16-32-47,DASH/USD,25.0,136.2,135.82,0.06975036710719447,-0.08024963289280553,0.15,False,Binance US,Coinbase Pro
4776,01-14-2021_16-33-00,DASH/USD,25.0,136.09,135.753,0.06190756117275654,-0.08809243882724346,0.15,False,Binance US,Coinbase Pro
4777,01-14-2021_16-33-11,DASH/USD,25.0,136.07,135.783,0.0527302123906824,-0.09726978760931759,0.15,False,Binance US,Coinbase Pro
4778,01-14-2021_16-33-21,DASH/USD,25.0,135.963,135.779,0.03383273390554738,-0.15116726609445263,0.185,False,Kraken,Coinbase Pro
4779,01-14-2021_16-33-32,DASH/USD,25.0,135.946,135.811,0.024826033866386453,-0.16017396613361354,0.185,False,Kraken,Coinbase Pro
4780,01-14-2021_16-33-44,DASH/USD,25.0,136.05,135.764,0.052554208011760625,-0.09744579198823937,0.15,False,Binance US,Coinbase Pro
4781,01-14-2021_16-33-56,DASH/USD,25.0,136.14747487,135.953,0.03571033362640166,-0.14678966637359833,0.1825,False,Bittrex,Coinbase Pro
4782,01-14-2021_16-34-08,DASH/USD,25.0,136.12038527,136.034,0.01586560121554787,-0.16663439878445213,0.1825,False,Bittrex,Coinbase Pro
4783,01-14-2021_16-34-19,DASH/USD,25.0,136.13,136.09,0.007345919341804165,-0.057834080658195834,0.06518,False,Kraken,Binance US
4784,01-14-2021_16-34-30,DASH/USD,25.0,136.21,135.994,0.03964466632405994,-0.11035533367594005,0.15,False,Binance US,Coinbase Pro
4785,01-14-2021_16-34-41,DASH/USD,25.0,136.19,136.036,0.028269329613039938,-0.12173067038696006,0.15,False,Binance US,Coinbase Pro
4786,01-14-2021_16-34-52,DASH/USD,25.0,136.19,136.056,0.024597988104850966,-0.12540201189514902,0.15,False,Binance US,Coinbase Pro
4787,01-14-2021_16-35-05,DASH/USD,25.0,136.17,136.028,0.02607035323492618,-0.12392964676507381,0.15,False,Binance US,Coinbase Pro
4788,01-14-2021_16-35-17,DASH/USD,25.0,136.17,135.969,0.036902401410001,-0.11309759858999899,0.15,False,Binance US,Coinbase Pro
4789,01-14-2021_16-35-32,DASH/USD,25.0,136.17,136.07788602,0.016911577439963556,-0.07558842256003645,0.0925,False,Binance US,Bittrex
4790,01-14-2021_16-35-43,DASH/USD,25.0,136.17,136.075,0.01744143350223964,-0.13255856649776035,0.15,False,Binance US,Coinbase Pro
4791,01-14-2021_16-35-54,DASH/USD,25.0,136.17,136.052,0.021664096350149632,-0.12833590364985037,0.15,False,Binance US,Coinbase Pro
4792,01-14-2021_16-36-05,DASH/USD,25.0,136.15,135.997,0.028094013955194928,-0.12190598604480507,0.15,False,Binance US,Coinbase Pro
4793,01-14-2021_16-36-16,DASH/USD,25.0,136.15,136.008,0.026074182886521465,-0.12392581711347853,0.15,False,Binance US,Coinbase Pro
4794,01-14-2021_16-36-27,DASH/USD,25.0,136.15,136.007,0.026257803892765455,-0.12374219610723454,0.15,False,Binance US,Coinbase Pro
4795,01-14-2021_16-36-42,DASH/USD,25.0,136.19,135.994,0.03597914678023312,-0.11402085321976688,0.15,False,Binance US,Coinbase Pro
4796,01-14-2021_16-36-53,DASH/USD,25.0,136.19,136.039,0.02771862838681446,-0.12228137161318553,0.15,False,Binance US,Coinbase Pro
4797,01-14-2021_16-37-05,DASH/USD,25.0,136.17,136.045,0.022949254608210328,-0.12705074539178968,0.15,False,Binance US,Coinbase Pro
4798,01-14-2021_16-37-16,DASH/USD,25.0,136.17,136.069,0.018542997723433777,-0.07645700227656622,0.095,False,Binance US,Kraken
4799,01-14-2021_16-37-27,DASH/USD,25.0,136.17,135.92416365,0.04513408790482311,-0.04736591209517689,0.0925,False,Binance US,Bittrex
4800,01-14-2021_16-37-39,DASH/USD,25.0,136.32,135.92416365,0.07259322733274577,-0.009906772667254232,0.0825,False,Binance US,Bittrex
4801,01-14-2021_16-37-49,DASH/USD,25.0,136.32,135.92416365,0.07259322733274577,-0.009906772667254232,0.0825,False,Binance US,Bittrex
4802,01-14-2021_16-38-00,DASH/USD,25.0,136.32,135.92416365,0.07259322733274577,-0.009906772667254232,0.0825,False,Binance US,Bittrex
4803,01-14-2021_16-38-13,DASH/USD,25.0,136.3,135.92416365,0.06893550073367834,-0.023564499266321662,0.0925,False,Binance US,Bittrex
4804,01-14-2021_16-38-24,DASH/USD,25.0,136.3,135.92416365,0.06893550073367834,-0.023564499266321662,0.0925,False,Binance US,Bittrex
4805,01-14-2021_16-38-35,DASH/USD,25.0,136.3,135.92416365,0.06893550073367834,-0.023564499266321662,0.0925,False,Binance US,Bittrex
4806,01-14-2021_16-38-47,DASH/USD,25.0,136.29,135.92416365,0.06710623486682718,-0.02539376513317282,0.0925,False,Binance US,Bittrex
4807,01-14-2021_16-38-59,DASH/USD,25.0,136.33,135.92416364,0.07442169001687512,-0.008078309983124879,0.0825,False,Binance US,Bittrex
4808,01-14-2021_16-39-11,DASH/USD,25.0,136.31,135.92416365,0.07076449820262733,-0.011735501797372677,0.0825,False,Binance US,Bittrex
4809,01-14-2021_16-39-23,DASH/USD,25.0,136.3,135.92416365,0.06893550073367834,-0.023564499266321662,0.0925,False,Binance US,Bittrex
4810,01-14-2021_16-39-34,DASH/USD,25.0,136.3,135.92416365,0.06893550073367834,-0.023564499266321662,0.0925,False,Binance US,Bittrex
4811,01-14-2021_16-39-45,DASH/USD,25.0,136.3,135.92416364,0.06893550256786908,-0.023564497432130918,0.0925,False,Binance US,Bittrex
4812,01-14-2021_16-39-56,DASH/USD,25.0,136.3,135.92416364,0.06893550256786908,-0.023564497432130918,0.0925,False,Binance US,Bittrex
4813,01-14-2021_16-40-08,DASH/USD,25.0,136.27,135.92416364,0.06344689953768642,-0.01905310046231358,0.0825,False,Binance US,Bittrex
4814,01-14-2021_16-40-18,DASH/USD,25.0,136.28,135.92416365,0.06527670054300047,-0.027223299456999528,0.0925,False,Binance US,Bittrex
4815,01-14-2021_16-40-29,DASH/USD,25.0,136.28,135.92416365,0.06527670054300047,-0.027223299456999528,0.0925,False,Binance US,Bittrex
4816,01-14-2021_16-40-40,DASH/USD,25.0,136.28,135.92416365,0.06527670054300047,-0.027223299456999528,0.0925,False,Binance US,Bittrex
4817,01-14-2021_16-40-49,DASH/USD,25.0,136.28,135.92416365,0.06527670054300047,-0.027223299456999528,0.0925,False,Binance US,Bittrex
4818,01-14-2021_16-40-59,DASH/USD,25.0,136.45,136.069,0.06980578966654458,-0.025194210333455425,0.095,False,Binance US,Kraken
4819,01-14-2021_16-41-10,DASH/USD,25.0,136.45,136.069,0.06980578966654458,-0.025194210333455425,0.095,False,Binance US,Kraken
4820,01-14-2021_16-41-19,DASH/USD,25.0,136.45,136.069,0.06980578966654458,-0.025194210333455425,0.095,False,Binance US,Kraken
4821,01-14-2021_16-41-31,DASH/USD,25.0,136.557,136.39999972,0.02874262762069631,-0.15375737237930368,0.1825,False,Coinbase Pro,Bittrex
4822,01-14-2021_16-41-42,DASH/USD,25.0,136.641,136.39999971,0.044093699914371995,-0.08340630008562801,0.1275,False,Kraken,Bittrex
4823,01-14-2021_16-41-52,DASH/USD,25.0,136.615,136.3999997,0.039344197196503686,-0.08815580280349632,0.1275,False,Kraken,Bittrex
4824,01-14-2021_16-42-04,DASH/USD,25.0,136.675,136.3999996,0.050301884031463386,-0.07719811596853662,0.1275,False,Kraken,Bittrex
4825,01-14-2021_16-42-15,DASH/USD,25.0,136.626,136.39999958,0.0413538455345233,-0.0861461544654767,0.1275,False,Kraken,Bittrex
4826,01-14-2021_16-42-25,DASH/USD,25.0,136.625,136.39999956,0.04117116925892083,-0.08632883074107917,0.1275,False,Kraken,Bittrex
4827,01-14-2021_16-42-36,DASH/USD,25.0,136.614,136.39999956,0.039161513461286296,-0.0883384865387137,0.1275,False,Kraken,Bittrex
4828,01-14-2021_16-42-46,DASH/USD,25.0,136.601,136.39999954,0.03678605207867967,-0.09071394792132034,0.1275,False,Kraken,Bittrex
4829,01-14-2021_16-42-57,DASH/USD,25.0,136.571,136.39999952,0.03130248735090238,-0.09619751264909762,0.1275,False,Kraken,Bittrex
4830,01-14-2021_16-43-08,DASH/USD,25.0,136.563,136.3999995,0.029839799213546358,-0.09766020078645364,0.1275,False,Kraken,Bittrex
4831,01-14-2021_16-43-18,DASH/USD,25.0,136.57,136.3999995,0.031119663908615775,-0.1513803360913842,0.1825,False,Coinbase Pro,Bittrex
4832,01-14-2021_16-43-28,DASH/USD,25.0,136.554,136.39999948,0.02819406974530423,-0.09930593025469578,0.1275,False,Kraken,Bittrex
4833,01-14-2021_16-43-38,DASH/USD,25.0,136.552,136.39999948,0.027828321811471348,-0.09967167818852865,0.1275,False,Kraken,Bittrex
4834,01-14-2021_16-43-49,DASH/USD,25.0,136.539,136.3999999,0.02545062216655601,-0.10204937783344399,0.1275,False,Kraken,Bittrex
4835,01-14-2021_16-44-03,DASH/USD,25.0,136.505,136.322,0.03351525585143268,-0.15148474414856733,0.185,False,Kraken,Coinbase Pro
4836,01-14-2021_16-44-14,DASH/USD,25.0,136.485,136.39999954,0.015569560757593028,-0.11193043924240698,0.1275,False,Kraken,Bittrex
4837,01-14-2021_16-44-25,DASH/USD,25.0,136.48,136.318,0.029674677608436718,-0.11032532239156327,0.13999999999999999,False,Binance US,Coinbase Pro
4838,01-14-2021_16-44-37,DASH/USD,25.0,136.48,136.336,0.026377491207498726,-0.11362250879250126,0.13999999999999999,False,Binance US,Coinbase Pro
4839,01-14-2021_16-44-50,DASH/USD,25.0,136.48,136.334,0.026743845252049127,-0.12325615474795087,0.15,False,Binance US,Coinbase Pro
4840,01-14-2021_16-45-00,DASH/USD,25.0,136.48,136.328,0.027842907385695125,-0.11215709261430486,0.13999999999999999,False,Binance US,Coinbase Pro
4841,01-14-2021_16-45-11,DASH/USD,25.0,136.46,136.201,0.04744980213982385,-0.10255019786017613,0.15,False,Binance US,Coinbase Pro
4842,01-14-2021_16-45-22,DASH/USD,25.0,136.46,136.215,0.04488494797010196,-0.10511505202989804,0.15,False,Binance US,Coinbase Pro
4843,01-14-2021_16-45-33,DASH/USD,25.0,136.44,136.164,0.050571679859280724,-0.09942832014071927,0.15,False,Binance US,Coinbase Pro
4844,01-14-2021_16-45-44,DASH/USD,25.0,136.44,136.173,0.04892260334212766,-0.10107739665787233,0.15,False,Binance US,Coinbase Pro
4845,01-14-2021_16-45-55,DASH/USD,25.0,136.44,136.204,0.043242450894164106,-0.051757549105835896,0.095,False,Binance US,Kraken
4846,01-14-2021_16-46-06,DASH/USD,25.0,136.42,136.21020383,0.038446739847525245,-0.04405326015247476,0.0825,False,Binance US,Bittrex
4847,01-14-2021_16-46-15,DASH/USD,25.0,136.42,136.21020378,0.03844674901040665,-0.044053250989593354,0.0825,False,Binance US,Bittrex
4848,01-14-2021_16-46-27,DASH/USD,25.0,136.4,136.315,0.015579178885631957,-0.13442082111436804,0.15,False,Binance US,Coinbase Pro
4849,01-14-2021_16-46-38,DASH/USD,25.0,136.48,136.329,0.027659730363419923,-0.05734026963658008,0.085,False,Binance US,Kraken
4850,01-14-2021_16-46-48,DASH/USD,25.0,136.49,136.274,0.03956333797347941,-0.05543666202652059,0.095,False,Binance US,Kraken
4851,01-14-2021_16-47-00,DASH/USD,25.0,136.29926824,136.176,0.022609849926516337,-0.15989015007348367,0.1825,False,Bittrex,Coinbase Pro
4852,01-14-2021_16-47-12,DASH/USD,25.0,136.23,136.098,0.024223739264474894,-0.1257762607355251,0.15,False,Binance US,Coinbase Pro
4853,01-14-2021_16-47-24,DASH/USD,25.0,136.2,136.058,0.026064610866372233,-0.12393538913362775,0.15,False,Binance US,Coinbase Pro
4854,01-14-2021_16-47-34,DASH/USD,25.0,136.19,136.04,0.02753506131140423,-0.06746493868859577,0.095,False,Binance US,Kraken
4855,01-14-2021_16-47-46,DASH/USD,25.0,136.18,135.975,0.03763401380526004,-0.10236598619473994,0.13999999999999999,False,Binance US,Coinbase Pro
4856,01-14-2021_16-47-58,DASH/USD,25.0,136.22,135.955,0.048634561738361906,-0.09136543826163808,0.13999999999999999,False,Binance US,Coinbase Pro
4857,01-14-2021_16-48-11,DASH/USD,25.0,135.80318787,135.572,0.042559359913791915,-0.13994064008620807,0.1825,False,Bittrex,Coinbase Pro
4858,01-14-2021_16-48-21,DASH/USD,25.0,135.76,135.401,0.06610931054802234,-0.08389068945197765,0.15,False,Binance US,Coinbase Pro
4859,01-14-2021_16-48-34,DASH/USD,25.0,135.51,135.335,0.0322854401889128,-0.1177145598110872,0.15,False,Binance US,Coinbase Pro
4860,01-14-2021_16-48-44,DASH/USD,25.0,135.5,135.391,0.020110701107012706,-0.11988929889298727,0.13999999999999999,False,Binance US,Coinbase Pro
4861,01-14-2021_16-48-54,DASH/USD,25.0,135.5,135.37783059,0.022540481549815115,-0.05995951845018489,0.0825,False,Binance US,Bittrex
4862,01-14-2021_16-49-06,DASH/USD,25.0,135.5,135.37783053,0.02254049261992411,-0.0599595073800759,0.0825,False,Binance US,Bittrex
4863,01-14-2021_16-49-16,DASH/USD,25.0,135.5,135.37783044,0.022540509225092847,-0.059959490774907157,0.0825,False,Binance US,Bittrex
4864,01-14-2021_16-49-25,DASH/USD,25.0,135.5,135.37783028,0.02254053874538525,-0.05995946125461475,0.0825,False,Binance US,Bittrex
4865,01-14-2021_16-49-36,DASH/USD,25.0,135.51,135.212,0.05497749243598292,-0.09502250756401708,0.15,False,Binance US,Coinbase Pro
4866,01-14-2021_16-49-48,DASH/USD,25.0,135.52,135.37783018,0.026226722992920004,-0.06627327700708,0.0925,False,Binance US,Bittrex
4867,01-14-2021_16-49-59,DASH/USD,25.0,135.52,135.3778301,0.026226737750885284,-0.06627326224911471,0.0925,False,Binance US,Bittrex
4868,01-14-2021_16-50-10,DASH/USD,25.0,135.52,135.37783002,0.02622675250885581,-0.06627324749114419,0.0925,False,Binance US,Bittrex
4869,01-14-2021_16-50-21,DASH/USD,25.0,135.5,135.37782999,0.022540592250920796,-0.05995940774907921,0.0825,False,Binance US,Bittrex
4870,01-14-2021_16-50-33,DASH/USD,25.0,135.616,135.339,0.05106329636621328,-0.1339367036337867,0.185,False,Kraken,Coinbase Pro
4871,01-14-2021_16-50-43,DASH/USD,25.0,135.557,135.369,0.03467176169434043,-0.15032823830565956,0.185,False,Kraken,Coinbase Pro
4872,01-14-2021_16-50-54,DASH/USD,25.0,135.524,135.364,0.029515067441928475,-0.15548493255807153,0.185,False,Kraken,Coinbase Pro
4873,01-14-2021_16-51-04,DASH/USD,25.0,135.51,135.354,0.028780163825543777,-0.15621983617445623,0.185,False,Kraken,Coinbase Pro
4874,01-14-2021_16-51-14,DASH/USD,25.0,135.49,135.37782944,0.020697202745591888,-0.10680279725440811,0.1275,False,Kraken,Bittrex
4875,01-14-2021_16-51-25,DASH/USD,25.0,135.49,135.326,0.03026053583290569,-0.1197394641670943,0.15,False,Binance US,Coinbase Pro
4876,01-14-2021_16-51-36,DASH/USD,25.0,135.52,135.323,0.03634149940968173,-0.11365850059031826,0.15,False,Binance US,Coinbase Pro
4877,01-14-2021_16-51-47,DASH/USD,25.0,135.52,135.317,0.03744834710743856,-0.11255165289256144,0.15,False,Binance US,Coinbase Pro
4878,01-14-2021_16-51-58,DASH/USD,25.0,135.53,135.323,0.038183428023314696,-0.11181657197668529,0.15,False,Binance US,Coinbase Pro
4879,01-14-2021_16-52-09,DASH/USD,25.0,135.5,135.321,0.03302583025830296,-0.10697416974169702,0.13999999999999999,False,Binance US,Coinbase Pro
4880,01-14-2021_16-52-20,DASH/USD,25.0,135.51,135.326,0.03394583425577402,-0.11605416574422597,0.15,False,Binance US,Coinbase Pro
4881,01-14-2021_16-52-31,DASH/USD,25.0,135.51,135.345,0.030440557892404997,-0.119559442107595,0.15,False,Binance US,Coinbase Pro
4882,01-14-2021_16-52-44,DASH/USD,25.0,135.42,135.092,0.06055235563431815,-0.08944764436568184,0.15,False,Binance US,Coinbase Pro
4883,01-14-2021_16-52-54,DASH/USD,25.0,135.4,135.092,0.05686853766617295,-0.08313146233382704,0.13999999999999999,False,Binance US,Coinbase Pro
4884,01-14-2021_16-53-04,DASH/USD,25.0,135.358,135.092,0.049128976491967805,-0.1358710235080322,0.185,False,Kraken,Coinbase Pro
4885,01-14-2021_16-53-15,DASH/USD,25.0,135.37,135.135,0.04339957154465791,-0.1066004284553421,0.15,False,Binance US,Coinbase Pro
4886,01-14-2021_16-53-26,DASH/USD,25.0,135.34267132,135.107,0.04353233863745391,-0.13896766136254607,0.1825,False,Bittrex,Coinbase Pro
4887,01-14-2021_16-53-37,DASH/USD,25.0,135.24576337,134.978,0.04949570384460892,-0.13300429615539108,0.1825,False,Bittrex,Coinbase Pro
4888,01-14-2021_16-53-50,DASH/USD,25.0,135.258,134.972,0.05286193792603789,-0.13213806207396211,0.185,False,Kraken,Coinbase Pro
4889,01-14-2021_16-54-03,DASH/USD,25.0,135.00705991,134.769,0.044082863177433526,-0.13841713682256646,0.1825,False,Bittrex,Coinbase Pro
4890,01-14-2021_16-54-14,DASH/USD,25.0,134.93,134.725,0.03798265767435197,-0.11201734232564803,0.15,False,Binance US,Coinbase Pro
4891,01-14-2021_16-54-26,DASH/USD,25.0,134.95,134.783,0.03093738421637673,-0.05406261578362327,0.085,False,Binance US,Kraken
4892,01-14-2021_16-54-39,DASH/USD,25.0,134.95,134.785,0.030566876620969255,-0.10943312337903073,0.13999999999999999,False,Binance US,Coinbase Pro
4893,01-14-2021_16-54-51,DASH/USD,25.0,134.81297567,134.634,0.033189622347277396,-0.1493103776527226,0.1825,False,Bittrex,Coinbase Pro
4894,01-14-2021_16-55-04,DASH/USD,25.0,134.81297556,134.709,0.019281445196225513,-0.16321855480377448,0.1825,False,Bittrex,Coinbase Pro
4895,01-14-2021_16-55-16,DASH/USD,25.0,134.79,134.637,0.028377476073891163,-0.12162252392610884,0.15,False,Binance US,Coinbase Pro
4896,01-14-2021_16-55-30,DASH/USD,25.0,134.79,134.663,0.023555159878325755,-0.12644484012167423,0.15,False,Binance US,Coinbase Pro
4897,01-14-2021_16-55-43,DASH/USD,25.0,134.78,134.634,0.027081169312957225,-0.11291883068704275,0.13999999999999999,False,Binance US,Coinbase Pro
4898,01-14-2021_16-55-55,DASH/USD,25.0,134.94,134.757,0.03390395731436059,-0.051096042685639415,0.085,False,Binance US,Kraken
4899,01-14-2021_16-56-20,DASH/USD,25.0,135.37,135.114,0.047277831129496975,-0.10272216887050302,0.15,False,Binance US,Coinbase Pro
4900,01-14-2021_16-56-32,DASH/USD,25.0,135.36,135.118,0.04469562647754481,-0.09530437352245517,0.13999999999999999,False,Binance US,Coinbase Pro
4901,01-14-2021_16-56-45,DASH/USD,25.0,135.36,135.086,0.0506057919621751,-0.08939420803782488,0.13999999999999999,False,Binance US,Coinbase Pro
4902,01-14-2021_16-56-59,DASH/USD,25.0,135.34,135.0,0.06280478794148134,-0.08719521205851866,0.15,False,Binance US,Coinbase Pro
4903,01-14-2021_16-57-11,DASH/USD,25.0,135.32,134.989,0.06115134496009253,-0.07884865503990746,0.13999999999999999,False,Binance US,Coinbase Pro
4904,01-14-2021_16-57-23,DASH/USD,25.0,135.24,134.863,0.06969091984620111,-0.08030908015379888,0.15,False,Binance US,Coinbase Pro
4905,01-14-2021_16-57-36,DASH/USD,25.0,135.1,134.833,0.04940784603996964,-0.09059215396003034,0.13999999999999999,False,Binance US,Coinbase Pro
4906,01-14-2021_16-57-48,DASH/USD,25.0,135.1,134.804,0.05477424130273728,-0.0852257586972627,0.13999999999999999,False,Binance US,Coinbase Pro
4907,01-14-2021_16-58-11,DASH/USD,25.0,134.85,134.54,0.05747126436781652,-0.09252873563218347,0.15,False,Binance US,Coinbase Pro
4908,01-14-2021_16-58-22,DASH/USD,25.0,134.524,134.122,0.07470785882072842,-0.11029214117927158,0.185,False,Kraken,Coinbase Pro
4909,01-14-2021_16-58-46,DASH/USD,25.0,134.193,133.908,0.0530951688985314,-0.1319048311014686,0.185,False,Kraken,Coinbase Pro
4910,01-14-2021_16-58-59,DASH/USD,25.0,134.179,133.999,0.033537289739826434,-0.15146271026017355,0.185,False,Kraken,Coinbase Pro
4911,01-14-2021_16-59-23,DASH/USD,25.0,134.149,133.894,0.04752178547734151,-0.1374782145226585,0.185,False,Kraken,Coinbase Pro
4912,01-14-2021_16-59-35,DASH/USD,25.0,134.14,133.972,0.031310571045172576,-0.11868942895482743,0.15,False,Binance US,Coinbase Pro
4913,01-14-2021_16-59-58,DASH/USD,25.0,134.15,133.842,0.05739843458814624,-0.03760156541185376,0.095,False,Binance US,Kraken
4914,01-14-2021_17-00-11,DASH/USD,25.0,134.53,134.449,0.015052404668101697,-0.0799475953318983,0.095,False,Binance US,Kraken
4915,01-14-2021_17-00-23,DASH/USD,25.0,134.52,134.436,0.01561106155218614,-0.07938893844781386,0.095,False,Binance US,Kraken
4916,01-14-2021_17-00-47,DASH/USD,25.0,134.537,134.451,0.015980733924498974,-0.16901926607550102,0.185,False,Kraken,Coinbase Pro
4917,01-14-2021_17-01-00,DASH/USD,25.0,134.651,134.50814731,0.026522768119065624,-0.10097723188093438,0.1275,False,Kraken,Bittrex
4918,01-14-2021_17-01-14,DASH/USD,25.0,134.622,134.51,0.020798977878805688,-0.04439102212119431,0.06519,False,Kraken,Binance US
4919,01-14-2021_17-01-39,DASH/USD,25.0,134.601,134.39,0.03918990200667394,-0.14581009799332606,0.185,False,Kraken,Coinbase Pro
4920,01-14-2021_17-02-04,DASH/USD,25.0,134.513,134.355,0.02936519146848547,-0.1556348085315145,0.185,False,Kraken,Coinbase Pro
4921,01-14-2021_17-02-20,DASH/USD,25.0,134.5,134.454,0.00855018587360451,-0.13144981412639548,0.13999999999999999,False,Binance US,Coinbase Pro
4922,01-14-2021_17-02-34,DASH/USD,25.0,134.67,134.473,0.03657087695848636,-0.14842912304151362,0.185,False,Kraken,Coinbase Pro
4923,01-14-2021_17-02-57,DASH/USD,25.0,134.604,134.448,0.028973878933762347,-0.15602612106623764,0.185,False,Kraken,Coinbase Pro
4924,01-14-2021_17-03-10,DASH/USD,25.0,134.592,134.45,0.026376010461250356,-0.15862398953874965,0.185,False,Kraken,Coinbase Pro
4925,01-14-2021_17-03-24,DASH/USD,25.0,134.66,134.489,0.03174662111985599,-0.118253378880144,0.15,False,Binance US,Coinbase Pro
4926,01-14-2021_17-03-40,DASH/USD,25.0,134.64,134.54,0.018568033273914573,-0.13143196672608543,0.15,False,Binance US,Coinbase Pro
4927,01-14-2021_17-03-52,DASH/USD,25.0,134.62,134.534,0.015970880998368134,-0.12402911900163185,0.13999999999999999,False,Binance US,Coinbase Pro
4928,01-14-2021_17-04-07,DASH/USD,25.0,134.601,134.52356477,0.014382365287032017,-0.11311763471296798,0.1275,False,Kraken,Bittrex
4929,01-14-2021_17-04-32,DASH/USD,25.0,134.569,134.398,0.031768089233031434,-0.15323191076696857,0.185,False,Kraken,Coinbase Pro
4930,01-14-2021_17-04-45,DASH/USD,25.0,134.66,134.318,0.06349324223971198,-0.08650675776028802,0.15,False,Binance US,Coinbase Pro
4931,01-14-2021_17-04-59,DASH/USD,25.0,134.433,134.345,0.016365029419858568,-0.16863497058014143,0.185,False,Kraken,Coinbase Pro
4932,01-14-2021_17-05-12,DASH/USD,25.0,134.421,134.252,0.03143110079525943,-0.15356889920474057,0.185,False,Kraken,Coinbase Pro
4933,01-14-2021_17-05-37,DASH/USD,25.0,134.379,134.065,0.05841686573050718,-0.1265831342694928,0.185,False,Kraken,Coinbase Pro
4934,01-14-2021_17-05-50,DASH/USD,25.0,134.266,134.075,0.03556373169678148,-0.14943626830321852,0.185,False,Kraken,Coinbase Pro
4935,01-14-2021_17-06-03,DASH/USD,25.0,134.505,134.31071255,0.036111566484515495,-0.09138843351548451,0.1275,False,Kraken,Bittrex
4936,01-14-2021_17-06-15,DASH/USD,25.0,134.65607697,134.53,0.02340721875256959,-0.039282781247430405,0.06269,False,Bittrex,Binance US
4937,01-14-2021_17-06-38,DASH/USD,25.0,134.85,134.601,0.04616240266963204,-0.04883759733036796,0.095,False,Binance US,Kraken
4938,01-14-2021_17-06-50,DASH/USD,25.0,134.85,134.601,0.04616240266963204,-0.04883759733036796,0.095,False,Binance US,Kraken
4939,01-14-2021_17-07-04,DASH/USD,25.0,134.88,134.601,0.051712633451956626,-0.043287366548043375,0.095,False,Binance US,Kraken
4940,01-14-2021_17-07-15,DASH/USD,25.0,134.88,134.601,0.051712633451956626,-0.043287366548043375,0.095,False,Binance US,Kraken
4941,01-14-2021_17-07-27,DASH/USD,25.0,134.9,134.783,0.021682727946630585,-0.1633172720533694,0.185,False,Kraken,Coinbase Pro
4942,01-14-2021_17-07-39,DASH/USD,25.0,135.00783644,134.85,0.029227273794243166,-0.15327272620575683,0.1825,False,Bittrex,Coinbase Pro
4943,01-14-2021_17-07-53,DASH/USD,25.0,135.12,134.987,0.024607756068681503,-0.12539224393131848,0.15,False,Binance US,Coinbase Pro
4944,01-14-2021_17-08-05,DASH/USD,25.0,135.06,134.91,0.027765437583297366,-0.12223456241670264,0.15,False,Binance US,Coinbase Pro
4945,01-14-2021_17-08-17,DASH/USD,25.0,135.018,134.94,0.014442518775274955,-0.17055748122472505,0.185,False,Kraken,Coinbase Pro
4946,01-14-2021_17-08-30,DASH/USD,25.0,135.1,134.861,0.044226498889712126,-0.09577350111028786,0.13999999999999999,False,Binance US,Coinbase Pro
4947,01-14-2021_17-08-43,DASH/USD,25.0,135.03,134.861,0.03128934310894081,-0.10871065689105917,0.13999999999999999,False,Binance US,Coinbase Pro
4948,01-14-2021_17-08-55,DASH/USD,25.0,135.03,134.915,0.021291564837445213,-0.11870843516255478,0.13999999999999999,False,Binance US,Coinbase Pro
4949,01-14-2021_17-09-08,DASH/USD,25.0,134.98,134.888,0.017039561416503285,-0.1329604385834967,0.15,False,Binance US,Coinbase Pro
4950,01-14-2021_17-09-21,DASH/USD,25.0,134.97,134.702,0.04964066088760478,-0.09035933911239521,0.13999999999999999,False,Binance US,Coinbase Pro
4951,01-14-2021_17-09-44,DASH/USD,25.0,134.91,134.719,0.03539396634793612,-0.11460603365206387,0.15,False,Binance US,Coinbase Pro
4952,01-14-2021_17-09-55,DASH/USD,25.0,134.92,134.74186637,0.03300726912244121,-0.049492730877558795,0.0825,False,Binance US,Bittrex
4953,01-14-2021_17-10-09,DASH/USD,25.0,135.19842684,134.943,0.04723184395892934,-0.13526815604107065,0.1825,False,Bittrex,Coinbase Pro
4954,01-14-2021_17-10-20,DASH/USD,25.0,135.09361547,134.823,0.050079248574868944,-0.13242075142513104,0.1825,False,Bittrex,Coinbase Pro
4955,01-14-2021_17-10-33,DASH/USD,25.0,134.988,134.844,0.026669037247756367,-0.15833096275224362,0.185,False,Kraken,Coinbase Pro
4956,01-14-2021_17-10-44,DASH/USD,25.0,135.11,134.813,0.05495522167123556,-0.09504477832876443,0.15,False,Binance US,Coinbase Pro
4957,01-14-2021_17-10-56,DASH/USD,25.0,135.03,134.844,0.03443679182404041,-0.10556320817595957,0.13999999999999999,False,Binance US,Coinbase Pro
4958,01-14-2021_17-11-08,DASH/USD,25.0,134.97,134.843,0.023523746017635315,-0.11647625398236466,0.13999999999999999,False,Binance US,Coinbase Pro
4959,01-14-2021_17-11-20,DASH/USD,25.0,134.97,134.842,0.023708972364226477,-0.11629102763577351,0.13999999999999999,False,Binance US,Coinbase Pro
4960,01-14-2021_17-11-31,DASH/USD,25.0,134.97,134.842,0.023708972364226477,-0.11629102763577351,0.13999999999999999,False,Binance US,Coinbase Pro
4961,01-14-2021_17-11-43,DASH/USD,25.0,134.95,134.776,0.032234160800292365,-0.10776583919970761,0.13999999999999999,False,Binance US,Coinbase Pro
4962,01-14-2021_17-11-54,DASH/USD,25.0,134.918,134.805,0.020938644213522203,-0.1640613557864778,0.185,False,Kraken,Coinbase Pro
4963,01-14-2021_17-12-06,DASH/USD,25.0,134.91,134.865,0.008338892595061058,-0.14166110740493892,0.15,False,Binance US,Coinbase Pro
4964,01-14-2021_17-12-29,DASH/USD,25.0,134.99180014,134.795,0.03644668413116953,-0.14605331586883047,0.1825,False,Bittrex,Coinbase Pro
4965,01-14-2021_17-12-41,DASH/USD,25.0,134.99180005,134.795,0.036446667487787035,-0.14605333251221297,0.1825,False,Bittrex,Coinbase Pro
4966,01-14-2021_17-12-54,DASH/USD,25.0,134.99032137,134.802,0.03487682822160157,-0.14762317177839843,0.1825,False,Bittrex,Coinbase Pro
4967,01-14-2021_17-13-17,DASH/USD,25.0,135.01,134.855,0.02870157766091422,-0.12129842233908578,0.15,False,Binance US,Coinbase Pro
4968,01-14-2021_17-13-29,DASH/USD,25.0,134.990321,134.818,0.031913584382094774,-0.15058641561790523,0.1825,False,Bittrex,Coinbase Pro
4969,01-14-2021_17-13-40,DASH/USD,25.0,134.946,134.735,0.039089709958054386,-0.1459076900419456,0.18499739999999998,False,Kraken,Coinbase Pro
4970,01-14-2021_17-13-53,DASH/USD,25.0,134.927,134.686,0.04465377574540038,-0.1403462242545996,0.185,False,Kraken,Coinbase Pro
4971,01-14-2021_17-14-05,DASH/USD,25.0,134.93444896,134.834,0.018610695929430775,-0.16388930407056923,0.1825,False,Bittrex,Coinbase Pro
4972,01-14-2021_17-14-20,DASH/USD,25.0,134.93444887,134.696,0.04417864970674434,-0.13832135029325565,0.1825,False,Bittrex,Coinbase Pro
4973,01-14-2021_17-14-32,DASH/USD,25.0,135.03,134.859,0.03165963119306677,-0.10834036880693321,0.13999999999999999,False,Binance US,Coinbase Pro
4974,01-14-2021_17-14-44,DASH/USD,25.0,135.02,134.859,0.029810398459487734,-0.12018960154051225,0.15,False,Binance US,Coinbase Pro
4975,01-14-2021_17-14-56,DASH/USD,25.0,135.02,134.859,0.029810398459487734,-0.12018960154051225,0.15,False,Binance US,Coinbase Pro
4976,01-14-2021_17-15-09,DASH/USD,25.0,135.05509898,134.919,0.025193232433997226,-0.10230676756600278,0.1275,False,Bittrex,Kraken
4977,01-14-2021_17-15-22,DASH/USD,25.0,135.05509893,134.801,0.04703616005859347,-0.13546383994140654,0.1825,False,Bittrex,Coinbase Pro
4978,01-14-2021_17-15-32,DASH/USD,25.0,135.05509885,134.842,0.03944665025877221,-0.1430533497412278,0.1825,False,Bittrex,Coinbase Pro
4979,01-14-2021_17-15-43,DASH/USD,25.0,134.94380743,134.722,0.04109255441659361,-0.1414074455834064,0.1825,False,Bittrex,Coinbase Pro
4980,01-14-2021_17-15-55,DASH/USD,25.0,134.915,134.659,0.047437275321498766,-0.13756272467850122,0.185,False,Kraken,Coinbase Pro
4981,01-14-2021_17-16-04,DASH/USD,25.0,134.892,134.511,0.07061204519170897,-0.11438795480829103,0.185,False,Kraken,Coinbase Pro
4982,01-14-2021_17-16-15,DASH/USD,25.0,134.792,134.606,0.03449759629651742,-0.15050240370348258,0.185,False,Kraken,Coinbase Pro
4983,01-14-2021_17-16-27,DASH/USD,25.0,134.702,134.416,0.053080132440498536,-0.13191986755950147,0.185,False,Kraken,Coinbase Pro
4984,01-14-2021_17-16-39,DASH/USD,25.0,134.6083402,134.427,0.03367922814636897,-0.14882077185363102,0.1825,False,Bittrex,Coinbase Pro
4985,01-14-2021_17-16-52,DASH/USD,25.0,134.75,134.595,0.02875695732838611,-0.11124304267161388,0.13999999999999999,False,Binance US,Coinbase Pro
4986,01-14-2021_17-17-05,DASH/USD,25.0,134.74186635,134.608,0.024837556734645386,-0.1576624432653546,0.1825,False,Bittrex,Coinbase Pro
4987,01-14-2021_17-17-15,DASH/USD,25.0,134.729,134.506,0.04137936153315418,-0.1436206384668458,0.185,False,Kraken,Coinbase Pro
4988,01-14-2021_17-17-24,DASH/USD,25.0,134.72735824,134.504,0.04144634076512607,-0.14105365923487392,0.1825,False,Bittrex,Coinbase Pro
4989,01-14-2021_17-17-36,DASH/USD,25.0,134.707,134.449,0.047881698798128786,-0.1371183012018712,0.185,False,Kraken,Coinbase Pro
4990,01-14-2021_17-17-48,DASH/USD,25.0,134.699,134.403,0.054937304657054,-0.130062695342946,0.185,False,Kraken,Coinbase Pro
4991,01-14-2021_17-17-59,DASH/USD,25.0,134.684,134.403,0.052159128033026546,-0.13284087196697345,0.185,False,Kraken,Coinbase Pro
4992,01-14-2021_17-18-11,DASH/USD,25.0,134.674,134.396,0.051606100657888676,-0.13339389934211132,0.185,False,Kraken,Coinbase Pro
4993,01-14-2021_17-18-20,DASH/USD,25.0,134.638,134.364,0.05087716692167161,-0.1341228330783284,0.185,False,Kraken,Coinbase Pro
4994,01-14-2021_17-18-32,DASH/USD,25.0,134.537,134.24,0.05518927878576099,-0.129810721214239,0.185,False,Kraken,Coinbase Pro
4995,01-14-2021_17-18-43,DASH/USD,25.0,134.525,134.23,0.05482252369448354,-0.13017747630551646,0.185,False,Kraken,Coinbase Pro
4996,01-14-2021_17-18-54,DASH/USD,25.0,134.504,134.23,0.050927853446737816,-0.1340721465532622,0.185,False,Kraken,Coinbase Pro
4997,01-14-2021_17-19-05,DASH/USD,25.0,134.494,134.23,0.049072821092392596,-0.13592717890760742,0.185,False,Kraken,Coinbase Pro
4998,01-14-2021_17-19-17,DASH/USD,25.0,134.48333,134.239,0.04542012753550772,-0.13707987246449227,0.1825,False,Bittrex,Coinbase Pro
4999,01-14-2021_17-19-28,DASH/USD,25.0,134.473,134.231,0.04499044417838871,-0.1400095558216113,0.185,False,Kraken,Coinbase Pro
5000,01-14-2021_17-19-37,DASH/USD,25.0,134.466,134.231,0.043691342049293806,-0.14130865795070618,0.185,False,Kraken,Coinbase Pro
5001,01-14-2021_17-19-47,DASH/USD,25.0,134.466,134.231,0.043691342049293806,-0.14130865795070618,0.185,False,Kraken,Coinbase Pro
5002,01-14-2021_17-19-59,DASH/USD,25.0,134.466,134.231,0.043691342049293806,-0.14130865795070618,0.185,False,Kraken,Coinbase Pro
5003,01-14-2021_17-20-10,DASH/USD,25.0,134.696,134.401,0.054752925105420264,-0.13024707489457973,0.185,False,Kraken,Coinbase Pro
5004,01-14-2021_17-20-22,DASH/USD,25.0,134.693,134.463,0.04268967206907897,-0.14231032793092102,0.185,False,Kraken,Coinbase Pro
5005,01-14-2021_17-20-34,DASH/USD,25.0,134.688,134.496,0.035637918745541335,-0.14936208125445866,0.185,False,Kraken,Coinbase Pro
5006,01-14-2021_17-20-46,DASH/USD,25.0,134.685,134.472,0.03953669673682924,-0.14546330326317075,0.185,False,Kraken,Coinbase Pro
5007,01-14-2021_17-20-57,DASH/USD,25.0,134.683,134.48,0.03768107333516534,-0.14731892666483465,0.185,False,Kraken,Coinbase Pro
5008,01-14-2021_17-21-09,DASH/USD,25.0,134.681,134.496,0.03434040436290239,-0.1506595956370976,0.185,False,Kraken,Coinbase Pro
5009,01-14-2021_17-21-19,DASH/USD,25.0,134.879,134.518,0.06691182467248237,-0.11808817532751763,0.185,False,Kraken,Coinbase Pro
5010,01-14-2021_17-21-30,DASH/USD,25.0,134.87,134.517,0.06543338029213476,-0.07456661970786523,0.13999999999999999,False,Binance US,Coinbase Pro
5011,01-14-2021_17-21-41,DASH/USD,25.0,134.805,134.516,0.05359593486888759,-0.1314040651311124,0.185,False,Kraken,Coinbase Pro
5012,01-14-2021_17-21-52,DASH/USD,25.0,134.803,134.516,0.05322581841650522,-0.13177418158349477,0.185,False,Kraken,Coinbase Pro
5013,01-14-2021_17-22-04,DASH/USD,25.0,134.89,134.516,0.06931573875009178,-0.08068426124990821,0.15,False,Binance US,Coinbase Pro
5014,01-14-2021_17-22-15,DASH/USD,25.0,134.89,134.516,0.06931573875009178,-0.08068426124990821,0.15,False,Binance US,Coinbase Pro
5015,01-14-2021_17-22-27,DASH/USD,25.0,134.803,134.516,0.05322581841650522,-0.13177418158349477,0.185,False,Kraken,Coinbase Pro
5016,01-14-2021_17-22-38,DASH/USD,25.0,134.801,134.527,0.050815646768199225,-0.13418435323180078,0.185,False,Kraken,Coinbase Pro
5017,01-14-2021_17-22-49,DASH/USD,25.0,134.793,134.55,0.04506910596247486,-0.13993089403752512,0.185,False,Kraken,Coinbase Pro
5018,01-14-2021_17-23-00,DASH/USD,25.0,134.793,134.512,0.052116949693234424,-0.13288305030676556,0.185,False,Kraken,Coinbase Pro
5019,01-14-2021_17-23-13,DASH/USD,25.0,134.79,134.534,0.04748126715631728,-0.1375187328436827,0.185,False,Kraken,Coinbase Pro
5020,01-14-2021_17-23-24,DASH/USD,25.0,134.785,134.516,0.049894276069296556,-0.13510572393070344,0.185,False,Kraken,Coinbase Pro
5021,01-14-2021_17-23-35,DASH/USD,25.0,134.785,134.537,0.04599918388544542,-0.1390008161145546,0.185,False,Kraken,Coinbase Pro
5022,01-14-2021_17-23-46,DASH/USD,25.0,134.785,134.532,0.04692658678636085,-0.13807341321363914,0.185,False,Kraken,Coinbase Pro
5023,01-14-2021_17-23-57,DASH/USD,25.0,134.787,134.525,0.048595190930876206,-0.13640480906912378,0.185,False,Kraken,Coinbase Pro
5024,01-14-2021_17-24-08,DASH/USD,25.0,134.782,134.536,0.04562923832559416,-0.13936816167440583,0.18499739999999998,False,Kraken,Coinbase Pro
5025,01-14-2021_17-24-19,DASH/USD,25.0,134.78,134.531,0.046186377800859775,-0.13881362219914023,0.185,False,Kraken,Coinbase Pro
5026,01-14-2021_17-24-29,DASH/USD,25.0,134.78,134.556,0.04154919127466789,-0.1434508087253321,0.185,False,Kraken,Coinbase Pro
5027,01-14-2021_17-24-41,DASH/USD,25.0,134.78,134.536,0.04525894049562245,-0.13974105950437754,0.185,False,Kraken,Coinbase Pro
5028,01-14-2021_17-24-51,DASH/USD,25.0,134.758,134.507,0.04656495347215096,-0.13843504652784905,0.185,False,Kraken,Coinbase Pro
5029,01-14-2021_17-25-03,DASH/USD,25.0,134.726,134.517,0.03878241764767068,-0.14621758235232932,0.185,False,Kraken,Coinbase Pro
5030,01-14-2021_17-25-14,DASH/USD,25.0,134.74,134.516,0.041561525901740004,-0.10843847409825999,0.15,False,Binance US,Coinbase Pro
5031,01-14-2021_17-25-25,DASH/USD,25.0,134.73,134.626,0.019297854969194873,-0.13070214503080513,0.15,False,Binance US,Coinbase Pro
5032,01-14-2021_17-25-38,DASH/USD,25.0,134.704,134.528,0.03266421190165402,-0.15233578809834597,0.185,False,Kraken,Coinbase Pro
5033,01-14-2021_17-25-48,DASH/USD,25.0,134.695,134.511,0.0341512305579267,-0.1508487694420733,0.185,False,Kraken,Coinbase Pro
5034,01-14-2021_17-26-00,DASH/USD,25.0,134.76,134.504,0.04749183734045715,-0.09250816265954284,0.13999999999999999,False,Binance US,Coinbase Pro
5035,01-14-2021_17-26-13,DASH/USD,25.0,134.68,134.529,0.02802940302940497,-0.12197059697059502,0.15,False,Binance US,Coinbase Pro
5036,01-14-2021_17-26-23,DASH/USD,25.0,134.67,134.563,0.019863369718571198,-0.1301366302814288,0.15,False,Binance US,Coinbase Pro
5037,01-14-2021_17-26-34,DASH/USD,25.0,134.683,134.595,0.01633465248026734,-0.16866534751973267,0.185,False,Kraken,Coinbase Pro
5038,01-14-2021_17-26-45,DASH/USD,25.0,134.67,134.526,0.026732011583867427,-0.12326798841613257,0.15,False,Binance US,Coinbase Pro
5039,01-14-2021_17-26-55,DASH/USD,25.0,134.9,134.541,0.0665307635285413,-0.0834692364714587,0.15,False,Binance US,Coinbase Pro
5040,01-14-2021_17-27-06,DASH/USD,25.0,134.8,134.524,0.05118694362017998,-0.09881305637982002,0.15,False,Binance US,Coinbase Pro
5041,01-14-2021_17-27-16,DASH/USD,25.0,134.68,134.506,0.032298782298783524,-0.11770121770121647,0.15,False,Binance US,Coinbase Pro
5042,01-14-2021_17-27-26,DASH/USD,25.0,134.66621694,134.429,0.044037945334442566,-0.13846205466555744,0.1825,False,Bittrex,Coinbase Pro
5043,01-14-2021_17-27-37,DASH/USD,25.0,134.89,134.54,0.06486766995329422,-0.08513233004670577,0.15,False,Binance US,Coinbase Pro
5044,01-14-2021_17-27-48,DASH/USD,25.0,134.83,134.545,0.05284432248016484,-0.09715567751983516,0.15,False,Binance US,Coinbase Pro
5045,01-14-2021_17-27-59,DASH/USD,25.0,134.79,134.485,0.05656947844795208,-0.09343052155204792,0.15,False,Binance US,Coinbase Pro
5046,01-14-2021_17-28-11,DASH/USD,25.0,134.709,134.503,0.03823055623603792,-0.1467694437639621,0.185,False,Kraken,Coinbase Pro
5047,01-14-2021_17-28-21,DASH/USD,25.0,134.699,134.498,0.037305399446176626,-0.14769460055382339,0.185,False,Kraken,Coinbase Pro
5048,01-14-2021_17-28-32,DASH/USD,25.0,134.83,134.492,0.06267151227472044,-0.08732848772527955,0.15,False,Binance US,Coinbase Pro
5049,01-14-2021_17-28-43,DASH/USD,25.0,134.74,134.518,0.041190440849044156,-0.10880955915095583,0.15,False,Binance US,Coinbase Pro
5050,01-14-2021_17-28-54,DASH/USD,25.0,134.775,134.636,0.025783713596737156,-0.15921628640326285,0.185,False,Kraken,Coinbase Pro
5051,01-14-2021_17-29-06,DASH/USD,25.0,134.761,134.531,0.04266813098744996,-0.14233186901255004,0.185,False,Kraken,Coinbase Pro
5052,01-14-2021_17-29-17,DASH/USD,25.0,134.753,134.611,0.026344496968526844,-0.15865550303147316,0.185,False,Kraken,Coinbase Pro
5053,01-14-2021_17-29-29,DASH/USD,25.0,134.744,134.666,0.014471887430980776,-0.17052811256901923,0.185,False,Kraken,Coinbase Pro
5054,01-14-2021_17-29-40,DASH/USD,25.0,134.74,134.685,0.010204838949088395,-0.1397951610509116,0.15,False,Binance US,Coinbase Pro
5055,01-14-2021_17-29-52,DASH/USD,25.0,134.772,134.635,0.025413290594485587,-0.15958670940551442,0.185,False,Kraken,Coinbase Pro
5056,01-14-2021_17-30-04,DASH/USD,25.0,134.772,134.665,0.01984833644970753,-0.16515166355029248,0.185,False,Kraken,Coinbase Pro
5057,01-14-2021_17-30-14,DASH/USD,25.0,134.90236789,134.647,0.04732457517132509,-0.1351754248286749,0.1825,False,Bittrex,Coinbase Pro
5058,01-14-2021_17-30-27,DASH/USD,25.0,134.90236781,134.647,0.047324560373851694,-0.1351754396261483,0.1825,False,Bittrex,Coinbase Pro
5059,01-14-2021_17-30-38,DASH/USD,25.0,134.90236776,134.647,0.04732455112543475,-0.13517544887456523,0.1825,False,Bittrex,Coinbase Pro
5060,01-14-2021_17-30-48,DASH/USD,25.0,134.9023677,134.647,0.04732454002733231,-0.1351754599726677,0.1825,False,Bittrex,Coinbase Pro
5061,01-14-2021_17-30-59,DASH/USD,25.0,134.90236768,134.646,0.04750985553643824,-0.13499014446356175,0.1825,False,Bittrex,Coinbase Pro
5062,01-14-2021_17-31-11,DASH/USD,25.0,134.90236759,134.646,0.047509838889408185,-0.1349901611105918,0.1825,False,Bittrex,Coinbase Pro
5063,01-14-2021_17-31-22,DASH/USD,25.0,134.79,134.638,0.028192002374060915,-0.12180799762593908,0.15,False,Binance US,Coinbase Pro
5064,01-14-2021_17-31-33,DASH/USD,25.0,134.79,134.645,0.026893686475254436,-0.12310631352474556,0.15,False,Binance US,Coinbase Pro
5065,01-14-2021_17-31-44,DASH/USD,25.0,134.79,134.643,0.027264633874914936,-0.12273536612508507,0.15,False,Binance US,Coinbase Pro
5066,01-14-2021_17-31-55,DASH/USD,25.0,134.79,134.637,0.028377476073891163,-0.12162252392610884,0.15,False,Binance US,Coinbase Pro
5067,01-14-2021_17-32-07,DASH/USD,25.0,134.97,134.647,0.059828109950360725,-0.08017189004963926,0.13999999999999999,False,Binance US,Coinbase Pro
5068,01-14-2021_17-32-17,DASH/USD,25.0,134.87,134.592,0.051531104026097646,-0.08846889597390234,0.13999999999999999,False,Binance US,Coinbase Pro
5069,01-14-2021_17-32-29,DASH/USD,25.0,134.76,134.596,0.030424458296227974,-0.10957554170377201,0.13999999999999999,False,Binance US,Coinbase Pro
5070,01-14-2021_17-32-39,DASH/USD,25.0,134.79,134.646,0.02670821277542946,-0.12329178722457054,0.15,False,Binance US,Coinbase Pro
5071,01-14-2021_17-32-50,DASH/USD,25.0,134.79,134.647,0.026522739075599207,-0.12347726092440078,0.15,False,Binance US,Coinbase Pro
5072,01-14-2021_17-33-01,DASH/USD,25.0,134.98,134.647,0.06167580382278827,-0.08832419617721173,0.15,False,Binance US,Coinbase Pro
5073,01-14-2021_17-33-13,DASH/USD,25.0,134.87,134.647,0.041336101431010075,-0.09866389856898991,0.13999999999999999,False,Binance US,Coinbase Pro
5074,01-14-2021_17-33-23,DASH/USD,25.0,134.81,134.647,0.03022772791336157,-0.11977227208663843,0.15,False,Binance US,Coinbase Pro
5075,01-14-2021_17-33-33,DASH/USD,25.0,134.82,134.647,0.03207981011719363,-0.11792018988280636,0.15,False,Binance US,Coinbase Pro
5076,01-14-2021_17-33-44,DASH/USD,25.0,135.246,134.848,0.073569643464501,-0.111430356535499,0.185,False,Kraken,Coinbase Pro
5077,01-14-2021_17-33-56,DASH/USD,25.0,135.123,134.763,0.06660598121711057,-0.11839401878288942,0.185,False,Kraken,Coinbase Pro
5078,01-14-2021_17-34-08,DASH/USD,25.0,135.109,134.874,0.043483409691436846,-0.14151659030856314,0.185,False,Kraken,Coinbase Pro
5079,01-14-2021_17-34-19,DASH/USD,25.0,135.094,134.904,0.03516070291796781,-0.1498392970820322,0.185,False,Kraken,Coinbase Pro
5080,01-14-2021_17-34-30,DASH/USD,25.0,135.12937638,134.987,0.026340752805596897,-0.1561592471944031,0.1825,False,Bittrex,Coinbase Pro
5081,01-14-2021_17-34-42,DASH/USD,25.0,135.114,134.855,0.04792249507823292,-0.13707750492176707,0.185,False,Kraken,Coinbase Pro
5082,01-14-2021_17-34-53,DASH/USD,25.0,135.12,135.0,0.022202486678508836,-0.12779751332149117,0.15,False,Binance US,Coinbase Pro
5083,01-14-2021_17-35-05,DASH/USD,25.0,135.114,134.999,0.02127832793049001,-0.16372167206951,0.185,False,Kraken,Coinbase Pro
5084,01-14-2021_17-35-15,DASH/USD,25.0,135.13,135.0,0.02405091393472868,-0.1259490860652713,0.15,False,Binance US,Coinbase Pro
5085,01-14-2021_17-35-27,DASH/USD,25.0,135.25,135.0,0.04621072088724584,-0.10378927911275415,0.15,False,Binance US,Coinbase Pro
5086,01-14-2021_17-35-38,DASH/USD,25.0,135.17,135.0,0.031441887992895524,-0.10855811200710447,0.13999999999999999,False,Binance US,Coinbase Pro
5087,01-14-2021_17-35-50,DASH/USD,25.0,135.17,135.0,0.031441887992895524,-0.10855811200710447,0.13999999999999999,False,Binance US,Coinbase Pro
5088,01-14-2021_17-36-00,DASH/USD,25.0,135.17,135.0,0.031441887992895524,-0.10855811200710447,0.13999999999999999,False,Binance US,Coinbase Pro
5089,01-14-2021_17-36-13,DASH/USD,25.0,135.326,134.989,0.06225706811698954,-0.12274033188301044,0.18499739999999998,False,Kraken,Coinbase Pro
5090,01-14-2021_17-36-24,DASH/USD,25.0,135.285,135.0,0.052666592748641126,-0.13233080725135885,0.18499739999999998,False,Kraken,Coinbase Pro
5091,01-14-2021_17-36-36,DASH/USD,25.0,135.26236026,135.0,0.048490995480136155,-0.13400900451986383,0.1825,False,Bittrex,Coinbase Pro
5092,01-14-2021_17-36-47,DASH/USD,25.0,135.27,135.0,0.049900199600800284,-0.09009980039919971,0.13999999999999999,False,Binance US,Coinbase Pro
5093,01-14-2021_17-37-00,DASH/USD,25.0,135.26236026,135.0,0.048490995480136155,-0.13400900451986383,0.1825,False,Bittrex,Coinbase Pro
5094,01-14-2021_17-37-12,DASH/USD,25.0,135.26236018,134.999,0.04867580671547145,-0.13382419328452855,0.1825,False,Bittrex,Coinbase Pro
5095,01-14-2021_17-37-23,DASH/USD,25.0,135.29,135.0,0.05358858747874789,-0.0964114125212521,0.15,False,Binance US,Coinbase Pro
5096,01-14-2021_17-37-34,DASH/USD,25.0,135.26236012,135.0,0.04849096965468706,-0.13400903034531292,0.1825,False,Bittrex,Coinbase Pro
5097,01-14-2021_17-37-46,DASH/USD,25.0,135.26236012,135.0,0.04849096965468706,-0.13400903034531292,0.1825,False,Bittrex,Coinbase Pro
5098,01-14-2021_17-37-57,DASH/USD,25.0,135.26236012,135.115,0.027235980480687524,-0.15526401951931246,0.1825,False,Bittrex,Coinbase Pro
5099,01-14-2021_17-38-09,DASH/USD,25.0,135.506,135.2,0.05645506472038352,-0.12854493527961647,0.185,False,Kraken,Coinbase Pro
5100,01-14-2021_17-38-21,DASH/USD,25.0,135.504,135.2,0.056086905183611195,-0.12891049481638878,0.18499739999999998,False,Kraken,Coinbase Pro
5101,01-14-2021_17-38-33,DASH/USD,25.0,135.53998033,135.254,0.052748334717129766,-0.12975166528287024,0.1825,False,Bittrex,Coinbase Pro
5102,01-14-2021_17-38-44,DASH/USD,25.0,135.53998032,135.254,0.05274833287655104,-0.12975166712344896,0.1825,False,Bittrex,Coinbase Pro
5103,01-14-2021_17-38-55,DASH/USD,25.0,135.53998032,135.3,0.04426375144688394,-0.13823624855311606,0.1825,False,Bittrex,Coinbase Pro
5104,01-14-2021_17-39-06,DASH/USD,25.0,135.53998032,135.3,0.04426375144688394,-0.13823624855311606,0.1825,False,Bittrex,Coinbase Pro
5105,01-14-2021_17-39-17,DASH/USD,25.0,135.5399803,135.3,0.04426374776446403,-0.13823625223553596,0.1825,False,Bittrex,Coinbase Pro
5106,01-14-2021_17-39-31,DASH/USD,25.0,135.70730644,135.3,0.07503399239967722,-0.10746600760032278,0.1825,False,Bittrex,Coinbase Pro
5107,01-14-2021_17-39-43,DASH/USD,25.0,135.70730635,135.5,0.03818997583397438,-0.024490024166025623,0.06268,False,Bittrex,Binance US
5108,01-14-2021_17-39-55,DASH/USD,25.0,135.70730628,135.5,0.0381899629582736,-0.0244900370417264,0.06268,False,Bittrex,Binance US
5109,01-14-2021_17-40-07,DASH/USD,25.0,135.785,135.5,0.05247265898295036,-0.13252734101704963,0.185,False,Kraken,Coinbase Pro
5110,01-14-2021_17-40-19,DASH/USD,25.0,135.779,135.5,0.051370241348072304,-0.013809758651927698,0.06518,False,Kraken,Binance US
5111,01-14-2021_17-40-30,DASH/USD,25.0,135.777,135.5,0.051002747151577,-0.014177252848423,0.06518,False,Kraken,Binance US
5112,01-14-2021_17-40-41,DASH/USD,25.0,135.777,135.5,0.051002747151577,-0.014177252848423,0.06518,False,Kraken,Binance US
5113,01-14-2021_17-40-52,DASH/USD,25.0,135.775,135.5,0.050635242128522495,-0.014544757871477507,0.06518,False,Kraken,Binance US
5114,01-14-2021_17-41-05,DASH/USD,25.0,135.775,135.451,0.05965752163506026,-0.12534247836493972,0.185,False,Kraken,Coinbase Pro
5115,01-14-2021_17-41-15,DASH/USD,25.0,135.769,135.425,0.06334288386892332,-0.12165711613107667,0.185,False,Kraken,Coinbase Pro
5116,01-14-2021_17-41-26,DASH/USD,25.0,135.753,135.422,0.060956295625140676,-0.12404370437485931,0.185,False,Kraken,Coinbase Pro
5117,01-14-2021_17-41-37,DASH/USD,25.0,135.746,135.424,0.059301931548628076,-0.12569806845137194,0.185,False,Kraken,Coinbase Pro
5118,01-14-2021_17-41-48,DASH/USD,25.0,135.33389301,135.003,0.0611253032482338,-0.1213746967517662,0.1825,False,Bittrex,Coinbase Pro
5119,01-14-2021_17-42-01,DASH/USD,25.0,135.30569352,135.019,0.05297144424259258,-0.1295285557574074,0.1825,False,Bittrex,Coinbase Pro
5120,01-14-2021_17-42-14,DASH/USD,25.0,135.30569343,135.184,0.02248490564496297,-0.16001509435503702,0.1825,False,Bittrex,Coinbase Pro
5121,01-14-2021_17-42-25,DASH/USD,25.0,135.30569336,135.054,0.046504576738379426,-0.13599542326162056,0.1825,False,Bittrex,Coinbase Pro
5122,01-14-2021_17-42-37,DASH/USD,25.0,135.252,134.91,0.06321533138142374,-0.12178466861857626,0.185,False,Kraken,Coinbase Pro
5123,01-14-2021_17-42-48,DASH/USD,25.0,135.018,134.773,0.045364321794131995,-0.139635678205868,0.185,False,Kraken,Coinbase Pro
5124,01-14-2021_17-42-59,DASH/USD,25.0,134.971,134.673,0.055197042327611454,-0.12980295767238853,0.185,False,Kraken,Coinbase Pro
5125,01-14-2021_17-43-10,DASH/USD,25.0,134.966,134.72,0.045567031696873525,-0.13943296830312646,0.185,False,Kraken,Coinbase Pro
5126,01-14-2021_17-43-21,DASH/USD,25.0,134.964,134.704,0.048160991079100886,-0.1368364089208991,0.18499739999999998,False,Kraken,Coinbase Pro
5127,01-14-2021_17-43-35,DASH/USD,25.0,134.958,134.693,0.04908934631514737,-0.1359106536848526,0.185,False,Kraken,Coinbase Pro
5128,01-14-2021_17-43-48,DASH/USD,25.0,134.958,134.705,0.046866432519744275,-0.13813356748025574,0.185,False,Kraken,Coinbase Pro
5129,01-14-2021_17-43-59,DASH/USD,25.0,134.956,134.704,0.04668188150211572,-0.13831811849788428,0.185,False,Kraken,Coinbase Pro
5130,01-14-2021_17-44-11,DASH/USD,25.0,135.02457783,134.55,0.08786878611786787,0.025178786117867877,0.06269,True,Bittrex,Binance US
5131,01-14-2021_17-44-22,DASH/USD,25.0,135.06,134.903,0.02906115800385212,-0.12093884199614788,0.15,False,Binance US,Coinbase Pro
5132,01-14-2021_17-44-33,DASH/USD,25.0,135.02457768,134.916,0.02010331783027656,-0.16239668216972344,0.1825,False,Bittrex,Coinbase Pro
5133,01-14-2021_17-44-45,DASH/USD,25.0,135.02457759,134.805,0.040655115149988465,-0.14184488485001154,0.1825,False,Bittrex,Coinbase Pro
5134,01-14-2021_17-44-55,DASH/USD,25.0,135.0245775,134.821,0.037692674876171055,-0.14480732512382893,0.1825,False,Bittrex,Coinbase Pro
5135,01-14-2021_17-45-08,DASH/USD,25.0,135.02457747,134.818,0.03824812376211336,-0.14425187623788663,0.1825,False,Bittrex,Coinbase Pro
5136,01-14-2021_17-45-22,DASH/USD,25.0,135.02457739,134.818,0.03824810897265537,-0.14425189102734462,0.1825,False,Bittrex,Coinbase Pro
5137,01-14-2021_17-45-33,DASH/USD,25.0,134.998,134.738,0.04814886146461261,-0.13685113853538738,0.185,False,Kraken,Coinbase Pro
5138,01-14-2021_17-45-46,DASH/USD,25.0,134.996,134.738,0.04777919345758574,-0.13722080654241425,0.185,False,Kraken,Coinbase Pro
5139,01-14-2021_17-45-57,DASH/USD,25.0,134.993,134.644,0.06463298096938166,-0.12036701903061833,0.185,False,Kraken,Coinbase Pro
5140,01-14-2021_17-46-08,DASH/USD,25.0,134.871,134.64,0.04281869341815938,-0.1421813065818406,0.185,False,Kraken,Coinbase Pro
5141,01-14-2021_17-46-20,DASH/USD,25.0,134.871,134.64,0.04281869341815938,-0.1421813065818406,0.185,False,Kraken,Coinbase Pro
5142,01-14-2021_17-46-33,DASH/USD,25.0,134.84,134.56,0.05191337881934165,-0.13308662118065834,0.185,False,Kraken,Coinbase Pro
5143,01-14-2021_17-46-44,DASH/USD,25.0,134.809,134.542,0.049514498290172744,-0.13548550170982726,0.185,False,Kraken,Coinbase Pro
5144,01-14-2021_17-46-56,DASH/USD,25.0,134.685,134.418,0.04956008464194155,-0.13543991535805844,0.185,False,Kraken,Coinbase Pro
5145,01-14-2021_17-47-08,DASH/USD,25.0,134.587,134.21,0.0700290518400702,-0.1149709481599298,0.185,False,Kraken,Coinbase Pro
5146,01-14-2021_17-47-21,DASH/USD,25.0,134.488,134.281,0.03847926952590447,-0.14652073047409553,0.185,False,Kraken,Coinbase Pro
5147,01-14-2021_17-47-31,DASH/USD,25.0,134.407,134.152,0.04743056537234368,-0.1375694346276563,0.185,False,Kraken,Coinbase Pro
5148,01-14-2021_17-47-43,DASH/USD,25.0,134.34,134.151,0.03517195176417912,-0.14982804823582088,0.185,False,Kraken,Coinbase Pro
5149,01-14-2021_17-47-54,DASH/USD,25.0,134.31848708,134.135,0.03415149395829919,-0.1483485060417008,0.1825,False,Bittrex,Coinbase Pro
5150,01-14-2021_17-48-06,DASH/USD,25.0,134.276,134.122,0.02867228693139436,-0.15632771306860563,0.185,False,Kraken,Coinbase Pro
5151,01-14-2021_17-48-17,DASH/USD,25.0,134.279,134.101,0.03313995487008342,-0.15186004512991658,0.185,False,Kraken,Coinbase Pro
5152,01-14-2021_17-48-29,DASH/USD,25.0,134.20058538,134.097,0.019296745186820136,-0.16320325481317985,0.1825,False,Bittrex,Coinbase Pro
5153,01-14-2021_17-48-41,DASH/USD,25.0,134.185,133.967,0.040615568059020994,-0.144384431940979,0.185,False,Kraken,Coinbase Pro
5154,01-14-2021_17-48-50,DASH/USD,25.0,134.185,133.956,0.04266497745649912,-0.1423350225435009,0.185,False,Kraken,Coinbase Pro
5155,01-14-2021_17-49-03,DASH/USD,25.0,134.185,134.001,0.034281029921376736,-0.15071897007862325,0.185,False,Kraken,Coinbase Pro
5156,01-14-2021_17-49-15,DASH/USD,25.0,134.185,134.001,0.034281029921376736,-0.15071897007862325,0.185,False,Kraken,Coinbase Pro
5157,01-14-2021_17-49-27,DASH/USD,25.0,134.185,134.001,0.034281029921376736,-0.15071897007862325,0.185,False,Kraken,Coinbase Pro
5158,01-14-2021_17-49-38,DASH/USD,25.0,134.185,134.078,0.019935164139061615,-0.1650648358609384,0.185,False,Kraken,Coinbase Pro
5159,01-14-2021_17-49-49,DASH/USD,25.0,134.185,134.09,0.01769944479636302,-0.16730055520363699,0.185,False,Kraken,Coinbase Pro
5160,01-14-2021_17-50-00,DASH/USD,25.0,134.185,133.999,0.034653649811828266,-0.15034635018817172,0.185,False,Kraken,Coinbase Pro
5161,01-14-2021_17-50-11,DASH/USD,25.0,134.185,133.999,0.034653649811828266,-0.15034635018817172,0.185,False,Kraken,Coinbase Pro
5162,01-14-2021_17-50-21,DASH/USD,25.0,134.185,133.999,0.034653649811828266,-0.15034635018817172,0.185,False,Kraken,Coinbase Pro
5163,01-14-2021_17-50-33,DASH/USD,25.0,134.185,133.999,0.034653649811828266,-0.15034635018817172,0.185,False,Kraken,Coinbase Pro
5164,01-14-2021_17-50-43,DASH/USD,25.0,134.185,133.999,0.034653649811828266,-0.15034635018817172,0.185,False,Kraken,Coinbase Pro
5165,01-14-2021_17-50-54,DASH/USD,25.0,134.183,133.999,0.03428154088073704,-0.15071845911926296,0.185,False,Kraken,Coinbase Pro
5166,01-14-2021_17-51-06,DASH/USD,25.0,134.183,133.999,0.03428154088073704,-0.15071845911926296,0.185,False,Kraken,Coinbase Pro
5167,01-14-2021_17-51-17,DASH/USD,25.0,134.183,133.999,0.03428154088073704,-0.15071845911926296,0.185,False,Kraken,Coinbase Pro
5168,01-14-2021_17-51-28,DASH/USD,25.0,134.181,133.999,0.03390942085690529,-0.1510905791430947,0.185,False,Kraken,Coinbase Pro
5169,01-14-2021_17-51-38,DASH/USD,25.0,134.181,133.999,0.03390942085690529,-0.1510905791430947,0.185,False,Kraken,Coinbase Pro
5170,01-14-2021_17-51-50,DASH/USD,25.0,134.181,133.999,0.03390942085690529,-0.1510905791430947,0.185,False,Kraken,Coinbase Pro
5171,01-14-2021_17-52-00,DASH/USD,25.0,134.181,134.0,0.03372310535769065,-0.15127689464230934,0.185,False,Kraken,Coinbase Pro
5172,01-14-2021_17-52-11,DASH/USD,25.0,134.181,134.0,0.03372310535769065,-0.15127689464230934,0.185,False,Kraken,Coinbase Pro
5173,01-14-2021_17-52-22,DASH/USD,25.0,134.181,134.0,0.03372310535769065,-0.15127689464230934,0.185,False,Kraken,Coinbase Pro
5174,01-14-2021_17-52-32,DASH/USD,25.0,134.181,134.0,0.03372310535769065,-0.15127689464230934,0.185,False,Kraken,Coinbase Pro
5175,01-14-2021_17-52-43,DASH/USD,25.0,134.181,134.0,0.03372310535769065,-0.15127689464230934,0.185,False,Kraken,Coinbase Pro
5176,01-14-2021_17-52-55,DASH/USD,25.0,134.181,134.0,0.03372310535769065,-0.15127689464230934,0.185,False,Kraken,Coinbase Pro
5177,01-14-2021_17-53-08,DASH/USD,25.0,134.181,134.0,0.03372310535769065,-0.15127689464230934,0.185,False,Kraken,Coinbase Pro
5178,01-14-2021_17-53-20,DASH/USD,25.0,134.29209472,133.999,0.05456291388765359,-0.12793708611234642,0.1825,False,Bittrex,Coinbase Pro
5179,01-14-2021_17-53-32,DASH/USD,25.0,134.29209464,133.999,0.054562899027246974,-0.12793710097275302,0.1825,False,Bittrex,Coinbase Pro
5180,01-14-2021_17-53-44,DASH/USD,25.0,134.29209453,134.0,0.05437671722641166,-0.12812328277358834,0.1825,False,Bittrex,Coinbase Pro
5181,01-14-2021_17-53-56,DASH/USD,25.0,134.29209445,134.0,0.0543767023658941,-0.1281232976341059,0.1825,False,Bittrex,Coinbase Pro
5182,01-14-2021_17-54-08,DASH/USD,25.0,134.29209434,133.998,0.05474900466877607,-0.12775099533122392,0.1825,False,Bittrex,Coinbase Pro
5183,01-14-2021_17-54-20,DASH/USD,25.0,134.24479864,134.0,0.04558810517800168,-0.1369118948219983,0.1825,False,Bittrex,Coinbase Pro
5184,01-14-2021_17-54-33,DASH/USD,25.0,134.21959713,133.996,0.04164763096841849,-0.1408523690315815,0.1825,False,Bittrex,Coinbase Pro
5185,01-14-2021_17-54-46,DASH/USD,25.0,134.21959703,134.0,0.04090256468861724,-0.14159743531138275,0.1825,False,Bittrex,Coinbase Pro
5186,01-14-2021_17-54-58,DASH/USD,25.0,134.21959695,133.993,0.04220638326093844,-0.14029361673906154,0.1825,False,Bittrex,Coinbase Pro
5187,01-14-2021_17-55-10,DASH/USD,25.0,134.21959688,134.0,0.04090253679504488,-0.14159746320495512,0.1825,False,Bittrex,Coinbase Pro
5188,01-14-2021_17-55-22,DASH/USD,25.0,134.21959688,134.0,0.04090253679504488,-0.14159746320495512,0.1825,False,Bittrex,Coinbase Pro
5189,01-14-2021_17-55-35,DASH/USD,25.0,134.21959685,134.0,0.040902531216325116,-0.14159746878367488,0.1825,False,Bittrex,Coinbase Pro
5190,01-14-2021_17-55-47,DASH/USD,25.0,134.21959675,134.0,0.0409025126206084,-0.1415974873793916,0.1825,False,Bittrex,Coinbase Pro
5191,01-14-2021_17-55-59,DASH/USD,25.0,134.21959673,134.0,0.04090250890146716,-0.14159748109853285,0.18249999,False,Bittrex,Coinbase Pro
5192,01-14-2021_17-56-10,DASH/USD,25.0,134.21959673,134.0,0.04090250890146716,-0.14159748109853285,0.18249999,False,Bittrex,Coinbase Pro
5193,01-14-2021_17-56-21,DASH/USD,25.0,134.21959673,134.0,0.04090250890146716,-0.14159748109853285,0.18249999,False,Bittrex,Coinbase Pro
5194,01-14-2021_17-56-33,DASH/USD,25.0,134.21959673,133.999,0.041088770823043415,-0.1414112191769566,0.18249999,False,Bittrex,Coinbase Pro
5195,01-14-2021_17-56-44,DASH/USD,25.0,134.21959667,133.988,0.0431376408039365,-0.1393623591960635,0.1825,False,Bittrex,Coinbase Pro
5196,01-14-2021_17-56-56,DASH/USD,25.0,134.21959659,133.975,0.04555903091170486,-0.13694096908829514,0.1825,False,Bittrex,Coinbase Pro
5197,01-14-2021_17-57-09,DASH/USD,25.0,134.21959647,133.987,0.04332386553777058,-0.13917613446222943,0.1825,False,Bittrex,Coinbase Pro
5198,01-14-2021_17-57-20,DASH/USD,25.0,134.145,133.974,0.031868500503190705,-0.1531314994968093,0.185,False,Kraken,Coinbase Pro
5199,01-14-2021_17-57-31,DASH/USD,25.0,134.12748766,133.961,0.03103160711211396,-0.15146839288788605,0.1825,False,Bittrex,Coinbase Pro
5200,01-14-2021_17-57-43,DASH/USD,25.0,134.12748757,133.961,0.031031590357848603,-0.15146840964215139,0.1825,False,Bittrex,Coinbase Pro
5201,01-14-2021_17-57-55,DASH/USD,25.0,134.12748746,133.974,0.028608502050294058,-0.15389149794970594,0.1825,False,Bittrex,Coinbase Pro
5202,01-14-2021_17-58-08,DASH/USD,25.0,134.1274874,133.959,0.03140433837725115,-0.15109566162274884,0.1825,False,Bittrex,Coinbase Pro
5203,01-14-2021_17-58-20,DASH/USD,25.0,134.1274874,133.973,0.028794880712869002,-0.153705119287131,0.1825,False,Bittrex,Coinbase Pro
5204,01-14-2021_17-58-32,DASH/USD,25.0,134.1274874,133.973,0.028794880712869002,-0.153705119287131,0.1825,False,Bittrex,Coinbase Pro
5205,01-14-2021_17-58-46,DASH/USD,25.0,134.1274874,133.94,0.03494574520748255,-0.14755425479251744,0.1825,False,Bittrex,Coinbase Pro
5206,01-14-2021_17-58-59,DASH/USD,25.0,134.1274874,133.973,0.028794880712869002,-0.153705119287131,0.1825,False,Bittrex,Coinbase Pro
5207,01-14-2021_17-59-12,DASH/USD,25.0,134.1274874,133.899,0.04258772836745279,-0.1399122716325472,0.1825,False,Bittrex,Coinbase Pro
5208,01-14-2021_17-59-36,DASH/USD,25.0,134.04,133.647,0.07329901521933764,-0.07670098478066235,0.15,False,Binance US,Coinbase Pro
5209,01-14-2021_17-59-51,DASH/USD,25.0,134.04,133.655,0.071806923306474,-0.078193076693526,0.15,False,Binance US,Coinbase Pro
5210,01-14-2021_18-00-15,DASH/USD,25.0,133.93622103,133.831,0.01964013714715302,-0.16285986285284698,0.1825,False,Bittrex,Coinbase Pro
5211,01-14-2021_18-00-29,DASH/USD,25.0,134.01,133.825,0.03451234982464038,-0.15048765017535962,0.185,False,Kraken,Coinbase Pro
5212,01-14-2021_18-00-54,DASH/USD,25.0,133.804,133.567,0.0442811874084472,-0.1407188125915528,0.185,False,Kraken,Coinbase Pro
5213,01-14-2021_18-01-07,DASH/USD,25.0,133.793,133.662,0.024478111709880228,-0.16052188829011976,0.185,False,Kraken,Coinbase Pro
5214,01-14-2021_18-01-31,DASH/USD,25.0,133.78,133.662,0.022051128718791113,-0.12794887128120888,0.15,False,Binance US,Coinbase Pro
5215,01-14-2021_18-01-44,DASH/USD,25.0,134.001,133.662,0.0632457966731589,-0.1217542033268411,0.185,False,Kraken,Coinbase Pro
5216,01-14-2021_18-01-57,DASH/USD,25.0,134.04099096,133.662,0.07068564572778314,-0.11181435427221685,0.1825,False,Bittrex,Coinbase Pro
5217,01-14-2021_18-02-09,DASH/USD,25.0,134.04099078,133.662,0.07068561225088496,-0.11181438774911504,0.1825,False,Bittrex,Coinbase Pro
5218,01-14-2021_18-02-21,DASH/USD,25.0,134.04099074,133.662,0.07068560481157893,-0.11181439518842107,0.1825,False,Bittrex,Coinbase Pro
5219,01-14-2021_18-02-46,DASH/USD,25.0,134.04099056,133.661,0.07087208144547343,-0.11162791855452657,0.1825,False,Bittrex,Coinbase Pro
5220,01-14-2021_18-02-59,DASH/USD,25.0,134.0409905,133.661,0.07087207028658726,-0.11162792971341273,0.1825,False,Bittrex,Coinbase Pro
5221,01-14-2021_18-03-12,DASH/USD,25.0,134.04099045,133.661,0.07087206098752163,-0.11162793901247836,0.1825,False,Bittrex,Coinbase Pro
5222,01-14-2021_18-03-25,DASH/USD,25.0,134.04099038,133.661,0.0708720479688255,-0.1116279520311745,0.1825,False,Bittrex,Coinbase Pro
5223,01-14-2021_18-03-49,DASH/USD,25.0,134.02362151,133.661,0.0676413429801515,-0.1148586570198485,0.1825,False,Bittrex,Coinbase Pro
5224,01-14-2021_18-04-01,DASH/USD,25.0,133.91,133.636,0.05115375998805185,-0.13384624001194814,0.185,False,Kraken,Coinbase Pro
5225,01-14-2021_18-04-14,DASH/USD,25.0,133.847,133.493,0.06612027165345756,-0.11887972834654244,0.185,False,Kraken,Coinbase Pro
5226,01-14-2021_18-04-26,DASH/USD,25.0,133.7,133.324,0.07030665669408684,-0.07969334330591316,0.15,False,Binance US,Coinbase Pro
5227,01-14-2021_18-04-42,DASH/USD,25.0,133.42,133.13,0.05433967920851298,-0.09566032079148701,0.15,False,Binance US,Coinbase Pro
5228,01-14-2021_18-04-57,DASH/USD,25.0,133.27,132.933,0.06321752832595812,-0.08678247167404188,0.15,False,Binance US,Coinbase Pro
5229,01-14-2021_18-05-23,DASH/USD,25.0,132.89852027,132.788,0.020790349993261625,-0.16170965000673837,0.1825,False,Bittrex,Coinbase Pro
5230,01-14-2021_18-05-38,DASH/USD,25.0,133.12,132.827,0.05502554086538581,-0.08497445913461418,0.13999999999999999,False,Binance US,Coinbase Pro
5231,01-14-2021_18-05-49,DASH/USD,25.0,133.12,132.96,0.03004807692307628,-0.10995192307692371,0.13999999999999999,False,Binance US,Coinbase Pro
5232,01-14-2021_18-06-00,DASH/USD,25.0,133.10292573,132.957,0.027408437718346473,-0.15509156228165352,0.1825,False,Bittrex,Coinbase Pro
5233,01-14-2021_18-06-12,DASH/USD,25.0,133.366,133.0,0.06860819099320926,-0.11639180900679073,0.185,False,Kraken,Coinbase Pro
5234,01-14-2021_18-06-23,DASH/USD,25.0,133.218,133.0,0.04091038748517267,-0.14408961251482733,0.185,False,Kraken,Coinbase Pro
5235,01-14-2021_18-06-35,DASH/USD,25.0,133.28,133.138,0.026635654261703914,-0.11336434573829607,0.13999999999999999,False,Binance US,Coinbase Pro
5236,01-14-2021_18-06-48,DASH/USD,25.0,133.93,133.256,0.12581199133876028,-0.024188008661239713,0.15,False,Binance US,Coinbase Pro
5237,01-14-2021_18-06-59,DASH/USD,25.0,133.82,133.485,0.06258406815124412,-0.09741593184875588,0.16,False,Binance US,Coinbase Pro
5238,01-14-2021_18-07-11,DASH/USD,25.0,133.74,133.514,0.042246149244803174,-0.09775385075519681,0.13999999999999999,False,Binance US,Coinbase Pro
5239,01-14-2021_18-07-21,DASH/USD,25.0,133.7,133.53,0.03178758414360275,-0.11821241585639725,0.15,False,Binance US,Coinbase Pro
5240,01-14-2021_18-07-33,DASH/USD,25.0,133.7,133.557,0.02673896783844441,-0.12326103216155558,0.15,False,Binance US,Coinbase Pro
5241,01-14-2021_18-07-44,DASH/USD,25.0,133.787,133.60122398,0.0347148863492006,-0.0927851136507994,0.1275,False,Kraken,Bittrex
5242,01-14-2021_18-07-55,DASH/USD,25.0,133.73039403,133.44,0.05428721572727722,-0.12821278427272279,0.1825,False,Bittrex,Coinbase Pro
5243,01-14-2021_18-08-08,DASH/USD,25.0,133.58,133.282,0.05577182212906157,-0.09422817787093843,0.15,False,Binance US,Coinbase Pro
5244,01-14-2021_18-08-19,DASH/USD,25.0,133.56093091,133.169,0.07336181833445134,-0.10913818166554866,0.1825,False,Bittrex,Coinbase Pro
5245,01-14-2021_18-08-30,DASH/USD,25.0,133.50041485,132.73,0.14427199549635122,0.016771995496351222,0.1275,True,Bittrex,Kraken
5246,01-14-2021_18-08-41,DASH/USD,25.0,133.3,133.011,0.05420105026256858,-0.08579894973743141,0.13999999999999999,False,Binance US,Coinbase Pro
5247,01-14-2021_18-08-52,DASH/USD,25.0,133.28,133.01,0.05064525810324321,-0.034354741896756795,0.085,False,Binance US,Kraken
5248,01-14-2021_18-09-04,DASH/USD,25.0,133.2686265,133.031,0.04457660183059001,-0.08292339816941,0.1275,False,Bittrex,Kraken
5249,01-14-2021_18-09-16,DASH/USD,25.0,133.14356687,132.942,0.03784765474189251,-0.1446523452581075,0.1825,False,Bittrex,Coinbase Pro
5250,01-14-2021_18-09-29,DASH/USD,25.0,133.31,132.943,0.06882454429524984,-0.02617545570475016,0.095,False,Binance US,Kraken
5251,01-14-2021_18-09-41,DASH/USD,25.0,133.31,132.943,0.06882454429524984,-0.02617545570475016,0.095,False,Binance US,Kraken
5252,01-14-2021_18-09-51,DASH/USD,25.0,133.31,132.943,0.06882454429524984,-0.02617545570475016,0.095,False,Binance US,Kraken
5253,01-14-2021_18-10-04,DASH/USD,25.0,133.29,132.943,0.06508365218695701,-0.019916347813042995,0.085,False,Binance US,Kraken
5254,01-14-2021_18-10-16,DASH/USD,25.0,133.29,132.943,0.06508365218695701,-0.019916347813042995,0.085,False,Binance US,Kraken
5255,01-14-2021_18-10-29,DASH/USD,25.0,133.29,133.063,0.04257633730962636,-0.04242366269037365,0.085,False,Binance US,Kraken
5256,01-14-2021_18-10-43,DASH/USD,25.0,133.29,133.067,0.04182609348037827,-0.04317390651962174,0.085,False,Binance US,Kraken
5257,01-14-2021_18-10-55,DASH/USD,25.0,133.51,133.068,0.08276533592988894,-0.012234664070111062,0.095,False,Binance US,Kraken
5258,01-14-2021_18-11-07,DASH/USD,25.0,133.49,133.068,0.07903213723874392,-0.015967862761256085,0.095,False,Binance US,Kraken
5259,01-14-2021_18-11-18,DASH/USD,25.0,133.49,133.068,0.07903213723874392,-0.015967862761256085,0.095,False,Binance US,Kraken
5260,01-14-2021_18-11-28,DASH/USD,25.0,133.49,133.067,0.07921941718480818,-0.015780582815191818,0.095,False,Binance US,Kraken
5261,01-14-2021_18-11-39,DASH/USD,25.0,133.69396806,133.359,0.06263709291837034,-0.06486290708162966,0.1275,False,Bittrex,Kraken
5262,01-14-2021_18-11-51,DASH/USD,25.0,133.69396794,133.359,0.06263707053528274,-0.06486292946471726,0.1275,False,Bittrex,Kraken
5263,01-14-2021_18-12-00,DASH/USD,25.0,133.69396787,133.359,0.06263705747848293,-0.06486294252151707,0.1275,False,Bittrex,Kraken
5264,01-14-2021_18-12-13,DASH/USD,25.0,133.69396778,133.359,0.06263704069117117,-0.06486295930882884,0.1275,False,Bittrex,Kraken
5265,01-14-2021_18-12-24,DASH/USD,25.0,133.69396778,133.359,0.06263704069117117,-0.06486295930882884,0.1275,False,Bittrex,Kraken
5266,01-14-2021_18-12-36,DASH/USD,25.0,133.69396778,133.359,0.06263704069117117,-0.06486295930882884,0.1275,False,Bittrex,Kraken
5267,01-14-2021_18-12-47,DASH/USD,25.0,133.69396778,133.359,0.06263704069117117,-0.06486295930882884,0.1275,False,Bittrex,Kraken
5268,01-14-2021_18-12-59,DASH/USD,25.0,133.69396778,133.359,0.06263704069117117,-0.06486295930882884,0.1275,False,Bittrex,Kraken
5269,01-14-2021_18-13-10,DASH/USD,25.0,133.69396778,133.359,0.06263704069117117,-0.06486295930882884,0.1275,False,Bittrex,Kraken
5270,01-14-2021_18-13-22,DASH/USD,25.0,133.69396778,133.359,0.06263704069117117,-0.06486295930882884,0.1275,False,Bittrex,Kraken
5271,01-14-2021_18-13-33,DASH/USD,25.0,133.69396778,133.513,0.03383992991699418,-0.1486600700830058,0.1825,False,Bittrex,Coinbase Pro
5272,01-14-2021_18-13-46,DASH/USD,25.0,133.69396774,133.469,0.04206766838529221,-0.14043233161470778,0.1825,False,Bittrex,Coinbase Pro
5273,01-14-2021_18-13-58,DASH/USD,25.0,133.69396761,133.417,0.051791343871237815,-0.13070865612876217,0.1825,False,Bittrex,Coinbase Pro
5274,01-14-2021_18-14-11,DASH/USD,25.0,133.69396751,133.339,0.06637687485290684,-0.11612312514709315,0.1825,False,Bittrex,Coinbase Pro
5275,01-14-2021_18-14-22,DASH/USD,25.0,133.69396742,133.261,0.08096240772028307,-0.10153759227971693,0.1825,False,Bittrex,Coinbase Pro
5276,01-14-2021_18-14-34,DASH/USD,25.0,133.5,133.221,0.052247191011235275,-0.09775280898876472,0.15,False,Binance US,Coinbase Pro
5277,01-14-2021_18-14-46,DASH/USD,25.0,133.5,133.267,0.043632958801498894,-0.1063670411985011,0.15,False,Binance US,Coinbase Pro
5278,01-14-2021_18-14-57,DASH/USD,25.0,133.5,133.307,0.03614232209738054,-0.11385767790261946,0.15,False,Binance US,Coinbase Pro
5279,01-14-2021_18-15-10,DASH/USD,25.0,133.48,133.316,0.03071621216661434,-0.11928378783338565,0.15,False,Binance US,Coinbase Pro
5280,01-14-2021_18-15-22,DASH/USD,25.0,133.48,133.231,0.04663620017980133,-0.10336379982019867,0.15,False,Binance US,Coinbase Pro
5281,01-14-2021_18-15-34,DASH/USD,25.0,133.41,133.106,0.05696724383479538,-0.09303275616520462,0.15,False,Binance US,Coinbase Pro
5282,01-14-2021_18-15-47,DASH/USD,25.0,133.41,133.137,0.051158084101640834,-0.09884191589835917,0.15,False,Binance US,Coinbase Pro
5283,01-14-2021_18-15-58,DASH/USD,25.0,133.41,133.137,0.051158084101640834,-0.09884191589835917,0.15,False,Binance US,Coinbase Pro
5284,01-14-2021_18-16-10,DASH/USD,25.0,133.41,133.17,0.044974139869576706,-0.10502586013042328,0.15,False,Binance US,Coinbase Pro
5285,01-14-2021_18-16-22,DASH/USD,25.0,133.41,133.2,0.039352372385879617,-0.11064762761412038,0.15,False,Binance US,Coinbase Pro
5286,01-14-2021_18-16-35,DASH/USD,25.0,133.41,133.143,0.05003373060490142,-0.09996626939509858,0.15,False,Binance US,Coinbase Pro
5287,01-14-2021_18-16-47,DASH/USD,25.0,133.24,132.9,0.0637946562593822,-0.08620534374061779,0.15,False,Binance US,Coinbase Pro
5288,01-14-2021_18-16-59,DASH/USD,25.0,133.12266733,132.908,0.040313820010059495,-0.1421861799899405,0.1825,False,Bittrex,Coinbase Pro
5289,01-14-2021_18-17-11,DASH/USD,25.0,133.20501336,132.943,0.04917483084737206,-0.13332516915262793,0.1825,False,Bittrex,Coinbase Pro
5290,01-14-2021_18-17-24,DASH/USD,25.0,133.2050132,132.881,0.06081099956679334,-0.12168900043320666,0.1825,False,Bittrex,Coinbase Pro
5291,01-14-2021_18-17-35,DASH/USD,25.0,133.20501304,132.898,0.05762039899876415,-0.12487960100123585,0.1825,False,Bittrex,Coinbase Pro
5292,01-14-2021_18-17-47,DASH/USD,25.0,133.20501282,132.898,0.057620357804191245,-0.12487964219580874,0.1825,False,Bittrex,Coinbase Pro
5293,01-14-2021_18-17-59,DASH/USD,25.0,133.24,133.059,0.03396127289102589,-0.06103872710897411,0.095,False,Binance US,Kraken
5294,01-14-2021_18-18-09,DASH/USD,25.0,133.22,133.059,0.03021318120402368,-0.06478681879597632,0.095,False,Binance US,Kraken
5295,01-14-2021_18-18-22,DASH/USD,25.0,133.25,133.059,0.035834896810507035,-0.05916510318949297,0.095,False,Binance US,Kraken
5296,01-14-2021_18-18-33,DASH/USD,25.0,133.37466902,133.059,0.059169597630391445,-0.06833040236960855,0.1275,False,Bittrex,Kraken
5297,01-14-2021_18-18-45,DASH/USD,25.0,133.37466882,133.059,0.05916956023074256,-0.06833043976925744,0.1275,False,Bittrex,Kraken
5298,01-14-2021_18-18-56,DASH/USD,25.0,133.37466865,133.059,0.05916952844103507,-0.06833047155896493,0.1275,False,Bittrex,Kraken
5299,01-14-2021_18-19-09,DASH/USD,25.0,133.42,133.059,0.06764353170439028,-0.027356468295609726,0.095,False,Binance US,Kraken
5300,01-14-2021_18-19-19,DASH/USD,25.0,133.42,133.059,0.06764353170439028,-0.027356468295609726,0.095,False,Binance US,Kraken
5301,01-14-2021_18-19-30,DASH/USD,25.0,133.42,133.059,0.06764353170439028,-0.027356468295609726,0.095,False,Binance US,Kraken
5302,01-14-2021_18-19-42,DASH/USD,25.0,133.42,133.059,0.06764353170439028,-0.027356468295609726,0.095,False,Binance US,Kraken
5303,01-14-2021_18-19-54,DASH/USD,25.0,133.42,133.059,0.06764353170439028,-0.027356468295609726,0.095,False,Binance US,Kraken
5304,01-14-2021_18-20-06,DASH/USD,25.0,133.38,133.059,0.06016644174538873,-0.03483355825461127,0.095,False,Binance US,Kraken
5305,01-14-2021_18-20-18,DASH/USD,25.0,133.37466787,133.059,0.05916938258239552,-0.06833061741760449,0.1275,False,Bittrex,Kraken
5306,01-14-2021_18-20-30,DASH/USD,25.0,133.4,133.059,0.06390554722638833,-0.03109445277361167,0.095,False,Binance US,Kraken
5307,01-14-2021_18-20-41,DASH/USD,25.0,133.37466778,133.059,0.05916936575255484,-0.06833063424744516,0.1275,False,Bittrex,Kraken
5308,01-14-2021_18-20-53,DASH/USD,25.0,133.37466768,133.059,0.05916934705272475,-0.06833065294727525,0.1275,False,Bittrex,Kraken
5309,01-14-2021_18-21-05,DASH/USD,25.0,133.37466754,133.059,0.05916932087296896,-0.06833067912703104,0.1275,False,Bittrex,Kraken
5310,01-14-2021_18-21-16,DASH/USD,25.0,133.37466743,133.059,0.059169300303160026,-0.06833069969683997,0.1275,False,Bittrex,Kraken
5311,01-14-2021_18-21-30,DASH/USD,25.0,133.37466728,133.059,0.05916927225342536,-0.06833072774657464,0.1275,False,Bittrex,Kraken
5312,01-14-2021_18-21-42,DASH/USD,25.0,133.38,133.059,0.06016644174538873,-0.03483355825461127,0.095,False,Binance US,Kraken
5313,01-14-2021_18-21-53,DASH/USD,25.0,133.37466693,133.059,0.05916920680403005,-0.06833079319596995,0.1275,False,Bittrex,Kraken
5314,01-14-2021_18-22-05,DASH/USD,25.0,133.37466681,133.059,0.05916918436424216,-0.06833081563575785,0.1275,False,Bittrex,Kraken
5315,01-14-2021_18-22-17,DASH/USD,25.0,133.37466664,133.059,0.059169152574533715,-0.06833084742546629,0.1275,False,Bittrex,Kraken
5316,01-14-2021_18-22-29,DASH/USD,25.0,133.3746665,133.059,0.059169126394777505,-0.0683308736052225,0.1275,False,Bittrex,Kraken
5317,01-14-2021_18-22-43,DASH/USD,25.0,133.37466633,133.059,0.05916909460507422,-0.06833090539492578,0.1275,False,Bittrex,Kraken
5318,01-14-2021_18-22-55,DASH/USD,25.0,133.35637592,133.059,0.055748350603499114,-0.07175164939650089,0.1275,False,Bittrex,Kraken
5319,01-14-2021_18-23-07,DASH/USD,25.0,133.35637574,133.059,0.05574831693457786,-0.07175168306542215,0.1275,False,Bittrex,Kraken
5320,01-14-2021_18-23-20,DASH/USD,25.0,133.47,133.059,0.0769835918183864,-0.008016408181613602,0.085,False,Binance US,Kraken
5321,01-14-2021_18-23-31,DASH/USD,25.0,133.47,133.059,0.0769835918183864,-0.008016408181613602,0.085,False,Binance US,Kraken
5322,01-14-2021_18-23-43,DASH/USD,25.0,133.47,133.146,0.06068779501011693,-0.07931220498988306,0.13999999999999999,False,Binance US,Coinbase Pro
5323,01-14-2021_18-23-54,DASH/USD,25.0,133.47,133.177,0.054881246722111025,-0.03011875327788898,0.085,False,Binance US,Kraken
5324,01-14-2021_18-24-05,DASH/USD,25.0,133.45,133.142,0.057699512926188225,-0.08230048707381177,0.13999999999999999,False,Binance US,Coinbase Pro
5325,01-14-2021_18-24-18,DASH/USD,25.0,133.33,133.123,0.03881347033676255,-0.11118652966323744,0.15,False,Binance US,Coinbase Pro
5326,01-14-2021_18-24-29,DASH/USD,25.0,133.33,133.127,0.03806345158629021,-0.05693654841370979,0.095,False,Binance US,Kraken
5327,01-14-2021_18-24-41,DASH/USD,25.0,133.33,133.068,0.04912622815570397,-0.04587377184429603,0.095,False,Binance US,Kraken
5328,01-14-2021_18-24-52,DASH/USD,25.0,133.23198307,133.069,0.030582572263146618,-0.15191742773685338,0.1825,False,Bittrex,Coinbase Pro
5329,01-14-2021_18-25-05,DASH/USD,25.0,133.15517992,132.937,0.04096346836282788,-0.1415365316371721,0.1825,False,Bittrex,Coinbase Pro
5330,01-14-2021_18-25-17,DASH/USD,25.0,133.15,132.937,0.03999248967329963,-0.10000751032670036,0.13999999999999999,False,Binance US,Coinbase Pro
5331,01-14-2021_18-25-28,DASH/USD,25.0,133.15,132.867,0.053135561396923665,-0.08686443860307633,0.13999999999999999,False,Binance US,Coinbase Pro
5332,01-14-2021_18-25-40,DASH/USD,25.0,132.99,132.704,0.053763440860215304,-0.09623655913978468,0.15,False,Binance US,Coinbase Pro
5333,01-14-2021_18-25-52,DASH/USD,25.0,133.0436829,132.651,0.07378833993477468,-0.05371166006522532,0.1275,False,Bittrex,Kraken
5334,01-14-2021_18-26-06,DASH/USD,25.0,132.99906658,132.651,0.06542650804820295,-0.06207349195179705,0.1275,False,Bittrex,Kraken
5335,01-14-2021_18-26-19,DASH/USD,25.0,132.96,132.772,0.03534897713598387,-0.11465102286401613,0.15,False,Binance US,Coinbase Pro
5336,01-14-2021_18-26-31,DASH/USD,25.0,132.96,132.772,0.03534897713598387,-0.059651022864016134,0.095,False,Binance US,Kraken
5337,01-14-2021_18-26-42,DASH/USD,25.0,132.96,132.659,0.05659596871239774,-0.09340403128760225,0.15,False,Binance US,Coinbase Pro
5338,01-14-2021_18-26-54,DASH/USD,25.0,132.88,132.634,0.04628236002408363,-0.038717639975916374,0.085,False,Binance US,Kraken
5339,01-14-2021_18-27-06,DASH/USD,25.0,132.86,132.659,0.037821767273826176,-0.057178232726173825,0.095,False,Binance US,Kraken
5340,01-14-2021_18-27-16,DASH/USD,25.0,132.86,132.64,0.04139695920518351,-0.10860304079481647,0.15,False,Binance US,Coinbase Pro
5341,01-14-2021_18-27-28,DASH/USD,25.0,132.86,132.641,0.04120879120879544,-0.05379120879120456,0.095,False,Binance US,Kraken
5342,01-14-2021_18-27-38,DASH/USD,25.0,132.86,132.641,0.04120879120879544,-0.05379120879120456,0.095,False,Binance US,Kraken
5343,01-14-2021_18-27-50,DASH/USD,25.0,132.86,132.655,0.038574439259373115,-0.056425560740626886,0.095,False,Binance US,Kraken
5344,01-14-2021_18-28-03,DASH/USD,25.0,133.0,132.655,0.06484962406015016,-0.02015037593984985,0.085,False,Binance US,Kraken
5345,01-14-2021_18-28-16,DASH/USD,25.0,133.0,132.655,0.06484962406015016,-0.02015037593984985,0.085,False,Binance US,Kraken
5346,01-14-2021_18-28-30,DASH/USD,25.0,133.01,132.655,0.06672430644312266,-0.018275693556877345,0.085,False,Binance US,Kraken
5347,01-14-2021_18-28-42,DASH/USD,25.0,133.03,132.655,0.0704728256784184,-0.024527174321581607,0.095,False,Binance US,Kraken
5348,01-14-2021_18-28-54,DASH/USD,25.0,133.17,132.706,0.08710670571450002,-0.00789329428549998,0.095,False,Binance US,Kraken
5349,01-14-2021_18-29-08,DASH/USD,25.0,133.19,132.706,0.09084766123583018,-0.004152338764169816,0.095,False,Binance US,Kraken
5350,01-14-2021_18-29-21,DASH/USD,25.0,133.2656909,133.069,0.03689826291217266,-0.14560173708782734,0.1825,False,Bittrex,Coinbase Pro
5351,01-14-2021_18-29-34,DASH/USD,25.0,133.21185049,133.017,0.03656778456332238,-0.09093221543667762,0.1275,False,Bittrex,Kraken
5352,01-14-2021_18-29-46,DASH/USD,25.0,133.21185031,133.067,0.027184201267172758,-0.10031579873282724,0.1275,False,Bittrex,Kraken
5353,01-14-2021_18-29-58,DASH/USD,25.0,133.21185016,133.026,0.034878683798922075,-0.09262131620107793,0.1275,False,Bittrex,Kraken
5354,01-14-2021_18-30-08,DASH/USD,25.0,133.19394632,133.031,0.030584408019663813,-0.0969155919803362,0.1275,False,Bittrex,Kraken
5355,01-14-2021_18-30-20,DASH/USD,25.0,133.19394624,133.069,0.023451936729706073,-0.15904806327029392,0.1825,False,Bittrex,Coinbase Pro
5356,01-14-2021_18-30-31,DASH/USD,25.0,133.19394615,133.069,0.023451919852890316,-0.1590480801471097,0.1825,False,Bittrex,Coinbase Pro
5357,01-14-2021_18-30-41,DASH/USD,25.0,133.55,133.177,0.06982403594159844,-0.025175964058401556,0.095,False,Binance US,Kraken
5358,01-14-2021_18-30-53,DASH/USD,25.0,133.47,133.177,0.054881246722111025,-0.03011875327788898,0.085,False,Binance US,Kraken
5359,01-14-2021_18-31-05,DASH/USD,25.0,133.39,133.154,0.044231201739258943,-0.10576879826074105,0.15,False,Binance US,Coinbase Pro
5360,01-14-2021_18-31-16,DASH/USD,25.0,133.35,133.124,0.04236970378702645,-0.05263029621297355,0.095,False,Binance US,Kraken
5361,01-14-2021_18-31-28,DASH/USD,25.0,133.26617895,132.993,0.05124686401163153,-0.13125313598836846,0.1825,False,Bittrex,Coinbase Pro
5362,01-14-2021_18-31-41,DASH/USD,25.0,133.02,132.817,0.03815215757029074,-0.056847842429709264,0.095,False,Binance US,Kraken
5363,01-14-2021_18-31-54,DASH/USD,25.0,132.86,132.635,0.04233779918711853,-0.05266220081288147,0.095,False,Binance US,Kraken
5364,01-14-2021_18-32-06,DASH/USD,25.0,132.97796966,132.82,0.029698464415556868,-0.03299153558444313,0.06269,False,Bittrex,Binance US
5365,01-14-2021_18-32-21,DASH/USD,25.0,132.96,132.828,0.024819494584838484,-0.07018050541516152,0.095,False,Binance US,Kraken
5366,01-14-2021_18-32-33,DASH/USD,25.0,132.89481679,132.841,0.010123944503611827,-0.17237605549638818,0.1825,False,Bittrex,Coinbase Pro
5367,01-14-2021_18-32-44,DASH/USD,25.0,133.2241795,133.052,0.03231010704029117,-0.09518989295970884,0.1275,False,Bittrex,Kraken
5368,01-14-2021_18-32-54,DASH/USD,25.0,133.19202067,133.048,0.02703252591174974,-0.10046747408825027,0.1275,False,Bittrex,Kraken
5369,01-14-2021_18-33-06,DASH/USD,25.0,133.33589097,133.177,0.02979148540653724,-0.09770851459346276,0.1275,False,Bittrex,Kraken
5370,01-14-2021_18-33-16,DASH/USD,25.0,133.33589085,133.177,0.029791462933778778,-0.09770853706622122,0.1275,False,Bittrex,Kraken
5371,01-14-2021_18-33-28,DASH/USD,25.0,133.28284478,133.1,0.03429638306074175,-0.09320361693925824,0.1275,False,Bittrex,Kraken
5372,01-14-2021_18-33-40,DASH/USD,25.0,133.28284478,133.092,0.03579695127212454,-0.09170304872787546,0.1275,False,Bittrex,Kraken
5373,01-14-2021_18-33-52,DASH/USD,25.0,133.28284469,133.003,0.052490755777851575,-0.13000924422214843,0.1825,False,Bittrex,Coinbase Pro
5374,01-14-2021_18-34-05,DASH/USD,25.0,133.26,132.997,0.04933963680023579,-0.045660363199764215,0.095,False,Binance US,Kraken
5375,01-14-2021_18-34-18,DASH/USD,25.0,133.26,133.029,0.04333633498424031,-0.10666366501575969,0.15,False,Binance US,Coinbase Pro
5376,01-14-2021_18-34-28,DASH/USD,25.0,133.26,133.003,0.0482140177097413,-0.1017859822902587,0.15,False,Binance US,Coinbase Pro
5377,01-14-2021_18-34-40,DASH/USD,25.0,133.18,132.963,0.04073434449617303,-0.10926565550382697,0.15,False,Binance US,Coinbase Pro
5378,01-14-2021_18-34-51,DASH/USD,25.0,133.04,132.775,0.049797053517736466,-0.10020294648226352,0.15,False,Binance US,Coinbase Pro
5379,01-14-2021_18-35-03,DASH/USD,25.0,133.07,132.617,0.0851055835274673,-0.0998944164725327,0.185,False,Kraken,Coinbase Pro
5380,01-14-2021_18-35-15,DASH/USD,25.0,132.897,132.735,0.03047472854917299,-0.154525271450827,0.185,False,Kraken,Coinbase Pro
5381,01-14-2021_18-35-27,DASH/USD,25.0,132.897,132.762,0.02539560712431261,-0.1596043928756874,0.185,False,Kraken,Coinbase Pro
5382,01-14-2021_18-35-40,DASH/USD,25.0,132.81380693,132.69,0.02330460455539339,-0.1591953954446066,0.1825,False,Bittrex,Coinbase Pro
5383,01-14-2021_18-35-53,DASH/USD,25.0,132.9,132.81380691,0.016213899548531745,-0.07628610045146825,0.0925,False,Binance US,Bittrex
5384,01-14-2021_18-36-05,DASH/USD,25.0,133.15,132.992,0.02966579046188799,-0.11033420953811199,0.13999999999999999,False,Binance US,Coinbase Pro
5385,01-14-2021_18-36-16,DASH/USD,25.0,133.15,132.994,0.029290274126925628,-0.05570972587307438,0.085,False,Binance US,Kraken
5386,01-14-2021_18-36-28,DASH/USD,25.0,133.15,132.994,0.029290274126925628,-0.05570972587307438,0.085,False,Binance US,Kraken
5387,01-14-2021_18-36-40,DASH/USD,25.0,133.15,132.993,0.02947803229440681,-0.0555219677055932,0.085,False,Binance US,Kraken
5388,01-14-2021_18-36-52,DASH/USD,25.0,133.15,133.04176794,0.020321453248217415,-0.06217854675178259,0.0825,False,Binance US,Bittrex
5389,01-14-2021_18-37-04,DASH/USD,25.0,133.16464975,133.055,0.020585371231374498,-0.10691462876862551,0.1275,False,Bittrex,Kraken
5390,01-14-2021_18-37-15,DASH/USD,25.0,133.16464962,132.863,0.0566309491409313,-0.1258690508590687,0.1825,False,Bittrex,Coinbase Pro
5391,01-14-2021_18-37-27,DASH/USD,25.0,133.13,132.863,0.05013896191692254,-0.09986103808307745,0.15,False,Binance US,Coinbase Pro
5392,01-14-2021_18-37-39,DASH/USD,25.0,132.91,132.769,0.02652170641787509,-0.06847829358212491,0.095,False,Binance US,Kraken
5393,01-14-2021_18-38-01,DASH/USD,25.0,132.90240492,132.803,0.018698856514268558,-0.10880114348573144,0.1275,False,Bittrex,Kraken
5394,01-14-2021_18-38-13,DASH/USD,25.0,133.009,132.789,0.04135058529873897,-0.14364941470126102,0.185,False,Kraken,Coinbase Pro
5395,01-14-2021_18-38-23,DASH/USD,25.0,132.987,132.799,0.035341800326345464,-0.14965819967365454,0.185,False,Kraken,Coinbase Pro
5396,01-14-2021_18-38-34,DASH/USD,25.0,132.909,132.799,0.020690848625748676,-0.1643091513742513,0.185,False,Kraken,Coinbase Pro
5397,01-14-2021_18-38-47,DASH/USD,25.0,132.89,132.801,0.016743171043720115,-0.13325682895627988,0.15,False,Binance US,Coinbase Pro
5398,01-14-2021_18-38-58,DASH/USD,25.0,132.89,132.807,0.015614417939649036,-0.13438558206035095,0.15,False,Binance US,Coinbase Pro
5399,01-14-2021_18-39-11,DASH/USD,25.0,132.88536641,132.809,0.014366971334596228,-0.16813302866540378,0.1825,False,Bittrex,Coinbase Pro
5400,01-14-2021_18-39-22,DASH/USD,25.0,132.88536632,132.785,0.018882124266097713,-0.1636178757339023,0.1825,False,Bittrex,Coinbase Pro
5401,01-14-2021_18-39-34,DASH/USD,25.0,132.865,132.781,0.015805516878034692,-0.1691944831219653,0.185,False,Kraken,Coinbase Pro
5402,01-14-2021_18-39-46,DASH/USD,25.0,132.95,132.782,0.03159082361789732,-0.11840917638210267,0.15,False,Binance US,Coinbase Pro
5403,01-14-2021_18-39-58,DASH/USD,25.0,132.817,132.688,0.024281530225803004,-0.160718469774197,0.185,False,Kraken,Coinbase Pro
5404,01-14-2021_18-40-09,DASH/USD,25.0,132.817,132.649,0.03162245796848415,-0.15337754203151585,0.185,False,Kraken,Coinbase Pro
5405,01-14-2021_18-40-20,DASH/USD,25.0,132.81,132.655,0.029177019802725912,-0.12082298019727408,0.15,False,Binance US,Coinbase Pro
5406,01-14-2021_18-40-31,DASH/USD,25.0,132.81,132.679,0.02465928770423918,-0.12534071229576083,0.15,False,Binance US,Coinbase Pro
5407,01-14-2021_18-40-42,DASH/USD,25.0,132.81,132.667,0.026918153753482544,-0.12308184624651745,0.15,False,Binance US,Coinbase Pro
5408,01-14-2021_18-40-54,DASH/USD,25.0,132.78,132.717,0.011861726163576626,-0.12813827383642337,0.13999999999999999,False,Binance US,Coinbase Pro
5409,01-14-2021_18-41-05,DASH/USD,25.0,132.78,132.49,0.05460159662599639,-0.08539840337400359,0.13999999999999999,False,Binance US,Coinbase Pro
5410,01-14-2021_18-41-17,DASH/USD,25.0,132.78,132.49,0.05460159662599639,-0.08539840337400359,0.13999999999999999,False,Binance US,Coinbase Pro
5411,01-14-2021_18-41-30,DASH/USD,25.0,132.78,132.49,0.05460159662599639,-0.08539840337400359,0.13999999999999999,False,Binance US,Coinbase Pro
5412,01-14-2021_18-41-42,DASH/USD,25.0,132.78,132.49,0.05460159662599639,-0.08539840337400359,0.13999999999999999,False,Binance US,Coinbase Pro
5413,01-14-2021_18-41-54,DASH/USD,25.0,132.66,132.402,0.04862053369516241,-0.10137946630483759,0.15,False,Binance US,Coinbase Pro
5414,01-14-2021_18-42-05,DASH/USD,25.0,132.62,132.307,0.05900316694314895,-0.09099683305685105,0.15,False,Binance US,Coinbase Pro
5415,01-14-2021_18-42-17,DASH/USD,25.0,132.50726401,132.301,0.03891560427669198,-0.143584395723308,0.1825,False,Bittrex,Coinbase Pro
5416,01-14-2021_18-42-30,DASH/USD,25.0,132.5072639,132.356,0.028538793940036136,-0.15396120605996386,0.1825,False,Bittrex,Coinbase Pro
5417,01-14-2021_18-42-42,DASH/USD,25.0,132.50726374,132.4,0.020237332085144374,-0.1622626679148556,0.1825,False,Bittrex,Coinbase Pro
5418,01-14-2021_18-42-54,DASH/USD,25.0,132.4592385,132.37,0.01684263419648025,-0.045847365803519745,0.06269,False,Bittrex,Binance US
5419,01-14-2021_18-43-09,DASH/USD,25.0,132.465,132.36,0.019816555316496766,-0.10037344468350323,0.12018999999999999,False,Coinbase Pro,Binance US
5420,01-14-2021_18-43-22,DASH/USD,25.0,132.52,132.0780015,0.08338335722909956,0.00088335722909956,0.0825,False,Binance US,Bittrex
5421,01-14-2021_18-43-35,DASH/USD,25.0,132.65,132.458,0.03618545043347291,-0.1238145495665271,0.16,False,Binance US,Coinbase Pro
5422,01-14-2021_18-43-46,DASH/USD,25.0,132.5,132.3,0.03773584905660163,-0.11226415094339837,0.15,False,Binance US,Coinbase Pro
5423,01-14-2021_18-44-00,DASH/USD,25.0,132.46,132.07800146,0.07209696134682396,-0.02040303865317604,0.0925,False,Binance US,Bittrex
5424,01-14-2021_18-44-12,DASH/USD,25.0,132.46,132.3,0.030197795560923408,-0.11980220443907659,0.15,False,Binance US,Coinbase Pro
5425,01-14-2021_18-44-25,DASH/USD,25.0,132.469,132.3,0.03189425450482428,-0.15310574549517572,0.185,False,Kraken,Coinbase Pro
5426,01-14-2021_18-44-39,DASH/USD,25.0,132.45923756,131.96,0.09422475344043933,0.031534753440439336,0.06269,True,Bittrex,Binance US
5427,01-14-2021_18-44-53,DASH/USD,25.0,132.251,131.55,0.13251317570377416,0.01232317570377417,0.12018999999999999,True,Coinbase Pro,Binance US
5428,01-14-2021_18-45-08,DASH/USD,25.0,132.251,131.732,0.09810889898753232,-0.08689110101246768,0.185,False,Coinbase Pro,Kraken
5429,01-14-2021_18-45-25,DASH/USD,25.0,132.3,131.84,0.08692365835223127,-0.03326634164776872,0.12018999999999999,False,Coinbase Pro,Binance US
5430,01-14-2021_18-45-42,DASH/USD,25.0,132.251,131.77104678,0.09072771094358431,-0.09177228905641568,0.1825,False,Coinbase Pro,Bittrex
5431,01-14-2021_18-45-55,DASH/USD,25.0,132.251,131.90032377,0.06628990139961226,-0.11621009860038774,0.1825,False,Coinbase Pro,Bittrex
5432,01-14-2021_18-46-09,DASH/USD,25.0,132.277,132.03455614,0.04582124254405156,-0.13667875745594843,0.1825,False,Coinbase Pro,Bittrex
5433,01-14-2021_18-46-33,DASH/USD,25.0,132.438,132.37422649,0.012038370784815516,-0.11546162921518449,0.1275,False,Kraken,Bittrex
5434,01-14-2021_18-46-45,DASH/USD,25.0,132.397,132.34816588,0.009221153047270877,-0.11827884695272912,0.1275,False,Kraken,Bittrex
5435,01-14-2021_18-46-59,DASH/USD,25.0,132.488,132.39,0.01849224080671706,-0.10169775919328293,0.12018999999999999,False,Coinbase Pro,Binance US
5436,01-14-2021_18-47-24,DASH/USD,25.0,132.67,132.43,0.04522499434687207,-0.04977500565312793,0.095,False,Binance US,Kraken
5437,01-14-2021_18-47-37,DASH/USD,25.0,132.64078942,132.43,0.03972937376988614,-0.08777062623011386,0.1275,False,Bittrex,Kraken
5438,01-14-2021_18-47-51,DASH/USD,25.0,132.6407893,132.438,0.03822151938898449,-0.08927848061101551,0.1275,False,Bittrex,Kraken
5439,01-14-2021_18-48-15,DASH/USD,25.0,132.699,132.469,0.0433311479363104,-0.1416688520636896,0.185,False,Coinbase Pro,Kraken
5440,01-14-2021_18-48-28,DASH/USD,25.0,132.705,132.469,0.04445951546663999,-0.14054048453336002,0.185,False,Coinbase Pro,Kraken
5441,01-14-2021_18-48-41,DASH/USD,25.0,132.81,132.469,0.06418944356599807,-0.12081055643400193,0.185,False,Coinbase Pro,Kraken
5442,01-14-2021_18-48-53,DASH/USD,25.0,132.8467223,132.469,0.07108235217633523,-0.05641764782366478,0.1275,False,Bittrex,Kraken
5443,01-14-2021_18-49-07,DASH/USD,25.0,132.8467223,132.469,0.07108235217633523,-0.05641764782366478,0.1275,False,Bittrex,Kraken
5444,01-14-2021_18-49-32,DASH/USD,25.0,132.98,132.469,0.09606707775605275,0.0010670777560527478,0.095,False,Binance US,Kraken
5445,01-14-2021_18-49-44,DASH/USD,25.0,132.98,132.469,0.09606707775605275,0.0010670777560527478,0.095,False,Binance US,Kraken
5446,01-14-2021_18-49-55,DASH/USD,25.0,132.98,132.555,0.07989923296736032,-0.015100767032639684,0.095,False,Binance US,Kraken
5447,01-14-2021_18-50-08,DASH/USD,25.0,133.11,132.555,0.10423709713770693,0.019237097137706924,0.085,True,Binance US,Kraken
5448,01-14-2021_18-50-20,DASH/USD,25.0,133.07911919,132.555,0.09846007269774922,-0.029039927302250787,0.1275,False,Bittrex,Kraken
5449,01-14-2021_18-50-31,DASH/USD,25.0,133.07911907,132.555,0.09846005024355009,-0.029039949756449912,0.1275,False,Bittrex,Kraken
5450,01-14-2021_18-50-55,DASH/USD,25.0,133.1824568,132.866,0.05940286874179314,-0.06809713125820686,0.1275,False,Bittrex,Kraken
5451,01-14-2021_18-51-08,DASH/USD,25.0,133.18245668,132.866,0.05940284626982515,-0.06809715373017486,0.1275,False,Bittrex,Kraken
5452,01-14-2021_18-51-20,DASH/USD,25.0,132.95,132.829,0.022752914629556396,-0.1272470853704436,0.15,False,Binance US,Coinbase Pro
5453,01-14-2021_18-51-32,DASH/USD,25.0,132.92,132.866,0.010156485103816887,-0.08484351489618311,0.095,False,Binance US,Kraken
5454,01-14-2021_18-51-54,DASH/USD,25.0,132.88171754,132.856,0.004838427075619899,-0.1776615729243801,0.1825,False,Bittrex,Coinbase Pro
5455,01-14-2021_18-52-06,DASH/USD,25.0,132.98517818,132.866,0.02240441033185398,-0.10509558966814603,0.1275,False,Bittrex,Kraken
5456,01-14-2021_18-52-29,DASH/USD,25.0,133.17,132.866,0.057069910640529714,-0.03793008935947029,0.095,False,Binance US,Kraken
5457,01-14-2021_18-52-42,DASH/USD,25.0,133.17,132.866,0.057069910640529714,-0.03793008935947029,0.095,False,Binance US,Kraken
5458,01-14-2021_18-52-54,DASH/USD,25.0,133.17,132.866,0.057069910640529714,-0.03793008935947029,0.095,False,Binance US,Kraken
5459,01-14-2021_18-53-08,DASH/USD,25.0,133.17,132.866,0.057069910640529714,-0.03793008935947029,0.095,False,Binance US,Kraken
5460,01-14-2021_18-53-21,DASH/USD,25.0,133.17,132.866,0.057069910640529714,-0.03793008935947029,0.095,False,Binance US,Kraken
5461,01-14-2021_18-53-34,DASH/USD,25.0,133.17,132.866,0.057069910640529714,-0.03793008935947029,0.095,False,Binance US,Kraken
5462,01-14-2021_18-53-46,DASH/USD,25.0,133.17,132.866,0.057069910640529714,-0.03793008935947029,0.095,False,Binance US,Kraken
5463,01-14-2021_18-54-09,DASH/USD,25.0,132.98517729,132.866,0.022404243169915974,-0.10509575683008403,0.1275,False,Bittrex,Kraken
5464,01-14-2021_18-54-21,DASH/USD,25.0,132.98517726,132.811,0.03274373572842981,-0.1597562642715702,0.1925,False,Bittrex,Coinbase Pro
5465,01-14-2021_18-54-34,DASH/USD,25.0,133.01,132.793,0.040786407037061975,-0.09921359296293801,0.13999999999999999,False,Binance US,Coinbase Pro
5466,01-14-2021_18-54-46,DASH/USD,25.0,133.01,132.793,0.040786407037061975,-0.09921359296293801,0.13999999999999999,False,Binance US,Coinbase Pro
5467,01-14-2021_18-54-58,DASH/USD,25.0,133.01,132.793,0.040786407037061975,-0.09921359296293801,0.13999999999999999,False,Binance US,Coinbase Pro
5468,01-14-2021_18-55-24,DASH/USD,25.0,133.01,132.78,0.043229832343430905,-0.09677016765656908,0.13999999999999999,False,Binance US,Coinbase Pro
5469,01-14-2021_18-55-35,DASH/USD,25.0,133.01,132.78,0.043229832343430905,-0.09677016765656908,0.13999999999999999,False,Binance US,Coinbase Pro
5470,01-14-2021_18-56-00,DASH/USD,25.0,133.01,132.78,0.043229832343430905,-0.09677016765656908,0.13999999999999999,False,Binance US,Coinbase Pro
5471,01-14-2021_18-56-13,DASH/USD,25.0,133.01,132.866,0.027065634162840583,-0.05793436583715943,0.085,False,Binance US,Kraken
5472,01-14-2021_18-56-25,DASH/USD,25.0,133.11,132.866,0.045826759822702984,-0.03917324017729702,0.085,False,Binance US,Kraken
5473,01-14-2021_18-56-36,DASH/USD,25.0,133.04,132.866,0.03269693325315284,-0.06230306674684716,0.095,False,Binance US,Kraken
5474,01-14-2021_18-56-49,DASH/USD,25.0,133.17,132.866,0.057069910640529714,-0.03793008935947029,0.095,False,Binance US,Kraken
5475,01-14-2021_18-57-03,DASH/USD,25.0,133.17,132.866,0.057069910640529714,-0.03793008935947029,0.095,False,Binance US,Kraken
5476,01-14-2021_18-57-16,DASH/USD,25.0,133.17,132.866,0.057069910640529714,-0.03793008935947029,0.095,False,Binance US,Kraken
5477,01-14-2021_18-57-31,DASH/USD,25.0,133.01923657,132.866,0.028799701071685006,-0.098700298928315,0.1275,False,Bittrex,Kraken
5478,01-14-2021_18-57-43,DASH/USD,25.0,132.9683197,132.866,0.019237608670778207,-0.1082623913292218,0.1275,False,Bittrex,Kraken
5479,01-14-2021_18-58-06,DASH/USD,25.0,133.09,132.866,0.0420767901420072,-0.0529232098579928,0.095,False,Binance US,Kraken
5480,01-14-2021_18-58-19,DASH/USD,25.0,132.99,132.847,0.026881720430107652,-0.12311827956989234,0.15,False,Binance US,Coinbase Pro
5481,01-14-2021_18-58-31,DASH/USD,25.0,132.9683193,132.847,0.02280981301385486,-0.15969018698614512,0.1825,False,Bittrex,Coinbase Pro
5482,01-14-2021_18-58-44,DASH/USD,25.0,132.9683192,132.708,0.04894383894716439,-0.1335561610528356,0.1825,False,Bittrex,Coinbase Pro
5483,01-14-2021_18-58-58,DASH/USD,25.0,132.83297509,132.73,0.019380558541700777,-0.1631194414582992,0.1825,False,Bittrex,Coinbase Pro
5484,01-14-2021_18-59-11,DASH/USD,25.0,132.83297497,132.08,0.1417146175808481,0.07902461758084811,0.06269,True,Bittrex,Binance US
5485,01-14-2021_18-59-35,DASH/USD,25.0,132.75771455,132.643,0.021602238029790295,-0.10589776197020971,0.1275,False,Bittrex,Kraken
5486,01-14-2021_18-59-48,DASH/USD,25.0,132.85,132.634,0.04064734663154087,-0.10935265336845912,0.15,False,Binance US,Coinbase Pro
5487,01-14-2021_19-00-02,DASH/USD,25.0,132.7577143,132.07,0.12950552508872365,0.06681552508872365,0.06269,True,Bittrex,Binance US
5488,01-14-2021_19-00-26,DASH/USD,25.0,132.85016793,132.19,0.12423167021283871,0.06154167021283871,0.06269,True,Bittrex,Binance US
5489,01-14-2021_19-00-40,DASH/USD,25.0,132.95604945,132.19,0.1440418569085269,0.08135185690852689,0.06269,True,Bittrex,Binance US
5490,01-14-2021_19-00-55,DASH/USD,25.0,133.06181752,132.19,0.16379934083437722,0.10110934083437723,0.06269,True,Bittrex,Binance US
5491,01-14-2021_19-01-20,DASH/USD,25.0,133.06181737,132.786,0.05182128416919251,-0.07567871583080749,0.1275,False,Bittrex,Kraken
5492,01-14-2021_19-01-32,DASH/USD,25.0,133.22427239,132.786,0.08224334465063028,-0.04525665534936972,0.1275,False,Bittrex,Kraken
5493,01-14-2021_19-01-57,DASH/USD,25.0,133.22427215,133.0,0.04208545229421061,-0.14041454770578937,0.1825,False,Bittrex,Coinbase Pro
5494,01-14-2021_19-02-10,DASH/USD,25.0,133.22427203,133.0,0.04208542981370283,-0.14041457018629716,0.1825,False,Bittrex,Coinbase Pro
5495,01-14-2021_19-02-23,DASH/USD,25.0,133.145,133.054,0.01708663487175789,-0.16791336512824212,0.185,False,Coinbase Pro,Kraken
5496,01-14-2021_19-02-35,DASH/USD,25.0,133.22427182,133.054,0.031952101834353756,-0.09554789816564624,0.1275,False,Bittrex,Kraken
5497,01-14-2021_19-02-48,DASH/USD,25.0,133.22427166,133.054,0.03195207184816622,-0.09554792815183377,0.1275,False,Bittrex,Kraken
5498,01-14-2021_19-03-00,DASH/USD,25.0,133.22427151,133.054,0.03195204373611667,-0.09554795626388334,0.1275,False,Bittrex,Kraken
5499,01-14-2021_19-03-14,DASH/USD,25.0,133.22427136,133.054,0.03195201562406706,-0.09554798437593294,0.1275,False,Bittrex,Kraken
5500,01-14-2021_19-03-26,DASH/USD,25.0,133.22427125,133.054,0.03195199500856433,-0.09554800499143568,0.1275,False,Bittrex,Kraken
5501,01-14-2021_19-03-39,DASH/USD,25.0,133.22427111,133.054,0.03195196877065268,-0.09554803122934732,0.1275,False,Bittrex,Kraken
5502,01-14-2021_19-03-52,DASH/USD,25.0,133.22427094,133.054,0.03195193691033207,-0.09554806308966793,0.1275,False,Bittrex,Kraken
5503,01-14-2021_19-04-06,DASH/USD,25.0,133.05405497,132.959,0.01786021666559486,-0.16463978333440513,0.1825,False,Bittrex,Coinbase Pro
5504,01-14-2021_19-04-18,DASH/USD,25.0,133.037,132.9,0.025744717634943744,-0.039445282365056254,0.06519,False,Kraken,Binance US
5505,01-14-2021_19-04-29,DASH/USD,25.0,133.08,132.928,0.028554253080856483,-0.1114457469191435,0.13999999999999999,False,Binance US,Coinbase Pro
5506,01-14-2021_19-04-43,DASH/USD,25.0,133.03379434,132.764,0.05070033921426973,-0.13179966078573027,0.1825,False,Bittrex,Coinbase Pro
5507,01-14-2021_19-04-54,DASH/USD,25.0,132.89848801,132.669,0.04316979324526157,-0.13933020675473842,0.1825,False,Bittrex,Coinbase Pro
5508,01-14-2021_19-05-07,DASH/USD,25.0,132.89848781,132.709,0.03564521559321775,-0.14685478440678223,0.1825,False,Bittrex,Coinbase Pro
5509,01-14-2021_19-05-18,DASH/USD,25.0,133.02,132.759,0.049052774018949044,-0.10094722598105095,0.15,False,Binance US,Coinbase Pro
5510,01-14-2021_19-05-31,DASH/USD,25.0,132.92,132.737,0.034419199518506007,-0.115580800481494,0.15,False,Binance US,Coinbase Pro
5511,01-14-2021_19-05-43,DASH/USD,25.0,132.84285302,132.612,0.043444757236066035,-0.13905524276393397,0.1825,False,Bittrex,Coinbase Pro
5512,01-14-2021_19-05-55,DASH/USD,25.0,132.75066626,132.512,0.04494633939022202,-0.13755366060977797,0.1825,False,Bittrex,Coinbase Pro
5513,01-14-2021_19-06-06,DASH/USD,25.0,132.75066617,132.494,0.04833613596923549,-0.1341638640307645,0.1825,False,Bittrex,Coinbase Pro
5514,01-14-2021_19-06-32,DASH/USD,25.0,132.63835132,132.524,0.021553215729460496,-0.1609467842705395,0.1825,False,Bittrex,Coinbase Pro
5515,01-14-2021_19-06-43,DASH/USD,25.0,132.64,132.443,0.037130579010851615,-0.14786942098914838,0.185,False,Kraken,Coinbase Pro
5516,01-14-2021_19-06-57,DASH/USD,25.0,132.7,132.547,0.028824415975883876,-0.12117558402411611,0.15,False,Binance US,Coinbase Pro
5517,01-14-2021_19-07-09,DASH/USD,25.0,132.64,132.51,0.02450241254523437,-0.16049758745476564,0.185,False,Kraken,Coinbase Pro
5518,01-14-2021_19-07-22,DASH/USD,25.0,132.627,132.371,0.048255634222292634,-0.13674436577770738,0.185,False,Kraken,Coinbase Pro
5519,01-14-2021_19-07-34,DASH/USD,25.0,132.62047864,132.436,0.03477566999677896,-0.14772433000322105,0.1825,False,Bittrex,Coinbase Pro
5520,01-14-2021_19-07-46,DASH/USD,25.0,132.62047855,132.579,0.007819031882085166,-0.17468095811791484,0.18249999,False,Bittrex,Coinbase Pro
5521,01-14-2021_19-07-59,DASH/USD,25.0,132.59,132.286,0.05731955652764199,-0.03768044347235801,0.095,False,Binance US,Kraken
5522,01-14-2021_19-08-13,DASH/USD,25.0,132.70644349,132.55,0.029471720793228736,-0.033218279206771256,0.06269,False,Bittrex,Binance US
5523,01-14-2021_19-08-25,DASH/USD,25.0,132.70644339,132.583,0.023254972940015432,-0.15924502705998456,0.1825,False,Bittrex,Coinbase Pro
5524,01-14-2021_19-08-38,DASH/USD,25.0,132.70644324,132.494,0.040021274554053625,-0.14247872544594636,0.1825,False,Bittrex,Coinbase Pro
5525,01-14-2021_19-08-51,DASH/USD,25.0,132.70644311,132.528,0.03361613532436151,-0.1488838646756385,0.1825,False,Bittrex,Coinbase Pro
5526,01-14-2021_19-09-03,DASH/USD,25.0,132.70644292,132.531,0.03305094239202797,-0.14944905760797203,0.1825,False,Bittrex,Coinbase Pro
5527,01-14-2021_19-09-14,DASH/USD,25.0,132.70644277,132.472,0.04416567219843107,-0.13833432780156893,0.1825,False,Bittrex,Coinbase Pro
5528,01-14-2021_19-09-27,DASH/USD,25.0,132.70644265,132.456,0.04717982130312664,-0.13532017869687335,0.1825,False,Bittrex,Coinbase Pro
5529,01-14-2021_19-09-40,DASH/USD,25.0,132.62102823,132.52,0.01904453451846027,-0.043645465481539726,0.06269,False,Bittrex,Binance US
5530,01-14-2021_19-09-52,DASH/USD,25.0,132.62102813,132.52,0.019044515682115588,-0.04364548431788441,0.06269,False,Bittrex,Binance US
5531,01-14-2021_19-10-04,DASH/USD,25.0,132.7,132.48,0.041446872645063845,-0.10855312735493615,0.15,False,Binance US,Coinbase Pro
5532,01-14-2021_19-10-17,DASH/USD,25.0,132.62102798,132.558,0.011881219170145528,-0.11561878082985447,0.1275,False,Bittrex,Kraken
5533,01-14-2021_19-10-32,DASH/USD,25.0,132.71184079,132.64,0.013533229132449707,-0.11396677086755029,0.1275,False,Bittrex,Kraken
5534,01-14-2021_19-10-45,DASH/USD,25.0,132.71184085,132.64,0.013533240429013492,-0.11396675957098651,0.1275,False,Bittrex,Kraken
5535,01-14-2021_19-10-57,DASH/USD,25.0,132.87,132.64,0.04327538195228761,-0.05172461804771239,0.095,False,Binance US,Kraken
5536,01-14-2021_19-11-20,DASH/USD,25.0,132.88978848,132.799,0.017079656954539068,-0.16542034304546094,0.1825,False,Bittrex,Coinbase Pro
5537,01-14-2021_19-11-33,DASH/USD,25.0,133.01,132.859,0.02838132471242426,-0.05661867528757575,0.085,False,Binance US,Kraken
5538,01-14-2021_19-11-46,DASH/USD,25.0,132.97684208,132.859,0.022154624473844066,-0.10534537552615594,0.1275,False,Bittrex,Kraken
5539,01-14-2021_19-12-09,DASH/USD,25.0,132.97684189,132.859,0.02215458878499201,-0.10534541121500798,0.1275,False,Bittrex,Kraken
5540,01-14-2021_19-12-22,DASH/USD,25.0,132.97684179,132.859,0.022154570001387597,-0.1053454299986124,0.1275,False,Bittrex,Kraken
5541,01-14-2021_19-12-33,DASH/USD,25.0,132.9768417,132.859,0.02215455309613986,-0.10534544690386013,0.1275,False,Bittrex,Kraken
5542,01-14-2021_19-12-46,DASH/USD,25.0,132.97684159,132.859,0.02215453243417334,-0.10534546756582666,0.1275,False,Bittrex,Kraken
5543,01-14-2021_19-12-58,DASH/USD,25.0,132.9768415,132.859,0.02215451552893089,-0.10534548447106912,0.1275,False,Bittrex,Kraken
5544,01-14-2021_19-13-11,DASH/USD,25.0,132.97684142,132.859,0.022154500502045135,-0.10534549949795487,0.1275,False,Bittrex,Kraken
5545,01-14-2021_19-13-21,DASH/USD,25.0,132.97684136,132.859,0.022154489231883477,-0.10534551076811652,0.1275,False,Bittrex,Kraken
5546,01-14-2021_19-13-34,DASH/USD,25.0,132.94176894,132.847,0.017821513275253262,-0.16467848672474672,0.1825,False,Bittrex,Coinbase Pro
5547,01-14-2021_19-13-46,DASH/USD,25.0,132.94176884,132.805,0.0257196893785519,-0.1567803106214481,0.1825,False,Bittrex,Coinbase Pro
5548,01-14-2021_19-13-58,DASH/USD,25.0,132.94176877,132.841,0.018949794886199398,-0.16355020511380058,0.1825,False,Bittrex,Coinbase Pro
5549,01-14-2021_19-14-09,DASH/USD,25.0,132.94176874,132.859,0.01556484857702095,-0.11193515142297905,0.1275,False,Bittrex,Kraken
5550,01-14-2021_19-14-21,DASH/USD,25.0,132.9417687,132.859,0.01556484105961849,-0.11193515894038152,0.1275,False,Bittrex,Kraken
5551,01-14-2021_19-14-33,DASH/USD,25.0,133.04736818,132.859,0.0353949466601162,-0.09210505333988381,0.1275,False,Bittrex,Kraken
5552,01-14-2021_19-14-44,DASH/USD,25.0,133.04736808,132.851,0.03689815192021297,-0.14560184807978702,0.1825,False,Bittrex,Coinbase Pro
5553,01-14-2021_19-14-56,DASH/USD,25.0,133.04736797,132.856,0.03595861626574346,-0.14654138373425654,0.1825,False,Bittrex,Coinbase Pro
5554,01-14-2021_19-15-08,DASH/USD,25.0,133.04736788,132.859,0.03539489036902303,-0.09210509963097697,0.12749999,False,Bittrex,Kraken
5555,01-14-2021_19-15-21,DASH/USD,25.0,133.04736777,132.859,0.03539486972895583,-0.09210513027104417,0.1275,False,Bittrex,Kraken
5556,01-14-2021_19-15-32,DASH/USD,25.0,133.04736767,132.859,0.0353948509652598,-0.09210514903474021,0.1275,False,Bittrex,Kraken
5557,01-14-2021_19-15-45,DASH/USD,25.0,133.04736757,132.859,0.03539483220156374,-0.09210516779843626,0.1275,False,Bittrex,Kraken
5558,01-14-2021_19-15-58,DASH/USD,25.0,133.04736743,132.859,0.03539480593238814,-0.09210519406761186,0.1275,False,Bittrex,Kraken
5559,01-14-2021_19-16-11,DASH/USD,25.0,133.04736733,132.859,0.03539478716868668,-0.09210521283131332,0.1275,False,Bittrex,Kraken
5560,01-14-2021_19-16-22,DASH/USD,25.0,133.04736724,132.853,0.03652218830632292,-0.14597781169367707,0.1825,False,Bittrex,Coinbase Pro
5561,01-14-2021_19-16-35,DASH/USD,25.0,133.03540461,132.859,0.033149936762535255,-0.09435006323746475,0.1275,False,Bittrex,Kraken
5562,01-14-2021_19-16-46,DASH/USD,25.0,133.03540452,132.859,0.03314991987216778,-0.09435008012783222,0.1275,False,Bittrex,Kraken
5563,01-14-2021_19-16-57,DASH/USD,25.0,133.03540442,132.859,0.033149901105096934,-0.09435009889490306,0.1275,False,Bittrex,Kraken
5564,01-14-2021_19-17-08,DASH/USD,25.0,133.03540433,132.859,0.03314988421473475,-0.09435011578526525,0.1275,False,Bittrex,Kraken
5565,01-14-2021_19-17-20,DASH/USD,25.0,133.02769911,132.859,0.03170375627193265,-0.09579624372806736,0.1275,False,Bittrex,Kraken
5566,01-14-2021_19-17-30,DASH/USD,25.0,133.0276991,132.859,0.031703754395011885,-0.09579624560498812,0.1275,False,Bittrex,Kraken
5567,01-14-2021_19-17-42,DASH/USD,25.0,133.0276991,132.828,0.0375296087489804,-0.1449703912510196,0.1825,False,Bittrex,Coinbase Pro
5568,01-14-2021_19-17-54,DASH/USD,25.0,133.0276991,132.859,0.031703754395011885,-0.09579624560498812,0.1275,False,Bittrex,Kraken
5569,01-14-2021_19-18-06,DASH/USD,25.0,133.0276991,132.859,0.031703754395011885,-0.09579624560498812,0.1275,False,Bittrex,Kraken
5570,01-14-2021_19-18-19,DASH/USD,25.0,133.07,132.859,0.039640790561355735,-0.055359209438644266,0.095,False,Binance US,Kraken
5571,01-14-2021_19-18-30,DASH/USD,25.0,133.0276991,132.859,0.031703754395011885,-0.09579624560498812,0.1275,False,Bittrex,Kraken
5572,01-14-2021_19-18-42,DASH/USD,25.0,133.0276991,132.859,0.031703754395011885,-0.09579624560498812,0.1275,False,Bittrex,Kraken
5573,01-14-2021_19-18-54,DASH/USD,25.0,133.0276991,132.855,0.03245547753746288,-0.1500445224625371,0.1825,False,Bittrex,Coinbase Pro
5574,01-14-2021_19-19-06,DASH/USD,25.0,133.12,132.859,0.04901592548076841,-0.03598407451923159,0.085,False,Binance US,Kraken
5575,01-14-2021_19-19-17,DASH/USD,25.0,133.09,132.859,0.04339168983394593,-0.05160831016605407,0.095,False,Binance US,Kraken
5576,01-14-2021_19-19-27,DASH/USD,25.0,133.05,132.859,0.0358887636226987,-0.0591112363773013,0.095,False,Binance US,Kraken
5577,01-14-2021_19-19-38,DASH/USD,25.0,133.05,132.859,0.0358887636226987,-0.0591112363773013,0.095,False,Binance US,Kraken
5578,01-14-2021_19-19-49,DASH/USD,25.0,133.02769906,132.859,0.03170374688731282,-0.09579625311268719,0.1275,False,Bittrex,Kraken
5579,01-14-2021_19-20-00,DASH/USD,25.0,133.17,132.859,0.05838402042501665,-0.03661597957498335,0.095,False,Binance US,Kraken
5580,01-14-2021_19-20-10,DASH/USD,25.0,133.15,132.859,0.054637626736762444,-0.030362373263237562,0.085,False,Binance US,Kraken
5581,01-14-2021_19-20-21,DASH/USD,25.0,133.12,132.859,0.04901592548076841,-0.03598407451923159,0.085,False,Binance US,Kraken
5582,01-14-2021_19-20-32,DASH/USD,25.0,133.027699,132.859,0.03170373562576687,-0.09579626437423314,0.1275,False,Bittrex,Kraken
5583,01-14-2021_19-20-42,DASH/USD,25.0,133.02769892,132.859,0.031703720610368705,-0.0957962793896313,0.1275,False,Bittrex,Kraken
5584,01-14-2021_19-20-53,DASH/USD,25.0,133.02769886,132.859,0.0317037093488174,-0.0957962906511826,0.1275,False,Bittrex,Kraken
5585,01-14-2021_19-21-04,DASH/USD,25.0,133.11,132.859,0.04714146194876507,-0.03785853805123494,0.085,False,Binance US,Kraken
5586,01-14-2021_19-21-14,DASH/USD,25.0,133.15120643,132.859,0.05486364672061972,-0.07263635327938028,0.1275,False,Bittrex,Kraken
5587,01-14-2021_19-21-26,DASH/USD,25.0,133.15120637,132.859,0.05486363547995588,-0.07263636452004413,0.1275,False,Bittrex,Kraken
5588,01-14-2021_19-21-36,DASH/USD,25.0,133.15120635,132.859,0.054863631733064376,-0.07263636826693562,0.1275,False,Bittrex,Kraken
5589,01-14-2021_19-21-49,DASH/USD,25.0,133.06181772,132.859,0.03810592014208968,-0.08939407985791031,0.1275,False,Bittrex,Kraken
5590,01-14-2021_19-21-59,DASH/USD,25.0,133.06181772,132.859,0.03810592014208968,-0.08939407985791031,0.1275,False,Bittrex,Kraken
5591,01-14-2021_19-22-09,DASH/USD,25.0,133.06181772,132.859,0.03810592014208968,-0.08939407985791031,0.1275,False,Bittrex,Kraken
5592,01-14-2021_19-22-19,DASH/USD,25.0,133.23,133.009,0.041469638970202595,-0.1085303610297974,0.15,False,Binance US,Coinbase Pro
5593,01-14-2021_19-22-29,DASH/USD,25.0,133.15,132.957,0.03623732632369734,-0.10376267367630265,0.13999999999999999,False,Binance US,Coinbase Pro
5594,01-14-2021_19-22-40,DASH/USD,25.0,133.127,132.996,0.02460056938111732,-0.16039943061888268,0.185,False,Kraken,Coinbase Pro
5595,01-14-2021_19-22-50,DASH/USD,25.0,133.127,132.966,0.030234287559999354,-0.15476571244000065,0.185,False,Kraken,Coinbase Pro
5596,01-14-2021_19-23-02,DASH/USD,25.0,133.127,132.999,0.024037197563231787,-0.16096280243676822,0.185,False,Kraken,Coinbase Pro
5597,01-14-2021_19-23-12,DASH/USD,25.0,133.127,132.961,0.031173240589812138,-0.15382675941018786,0.185,False,Kraken,Coinbase Pro
5598,01-14-2021_19-23-23,DASH/USD,25.0,133.11,132.929,0.03399444068815483,-0.15100555931184517,0.185,False,Kraken,Coinbase Pro
5599,01-14-2021_19-23-34,DASH/USD,25.0,133.077,132.858,0.04114159471584009,-0.1438584052841599,0.185,False,Kraken,Coinbase Pro
5600,01-14-2021_19-23-46,DASH/USD,25.0,133.066,132.96,0.01991492943351317,-0.16508507056648683,0.185,False,Kraken,Coinbase Pro
5601,01-14-2021_19-23-57,DASH/USD,25.0,133.25,133.0,0.04690431519699812,-0.10309568480300188,0.15,False,Binance US,Coinbase Pro
5602,01-14-2021_19-24-07,DASH/USD,25.0,133.37598585,133.127,0.04666991745425904,-0.08083008254574096,0.1275,False,Bittrex,Kraken
5603,01-14-2021_19-24-19,DASH/USD,25.0,133.37598578,133.127,0.046669904357950404,-0.0808300956420496,0.1275,False,Bittrex,Kraken
5604,01-14-2021_19-24-29,DASH/USD,25.0,133.37598568,133.127,0.04666988564893883,-0.08083011435106117,0.1275,False,Bittrex,Kraken
5605,01-14-2021_19-24-40,DASH/USD,25.0,133.3759856,133.127,0.046669870681727406,-0.0808301293182726,0.1275,False,Bittrex,Kraken
5606,01-14-2021_19-24-51,DASH/USD,25.0,133.3759855,133.127,0.04666985197271577,-0.08083014802728423,0.1275,False,Bittrex,Kraken
5607,01-14-2021_19-25-01,DASH/USD,25.0,133.37598542,133.127,0.04666983700550431,-0.08083016299449569,0.1275,False,Bittrex,Kraken
5608,01-14-2021_19-25-11,DASH/USD,25.0,133.29693965,133.127,0.03187238402588551,-0.09562761597411448,0.1275,False,Bittrex,Kraken
5609,01-14-2021_19-25-23,DASH/USD,25.0,133.29693954,133.127,0.03187236342155583,-0.09562763657844417,0.1275,False,Bittrex,Kraken
5610,01-14-2021_19-25-33,DASH/USD,25.0,133.29693946,133.127,0.03187234843658781,-0.09562765156341219,0.1275,False,Bittrex,Kraken
5611,01-14-2021_19-25-45,DASH/USD,25.0,133.35505813,133.127,0.04275393322120435,-0.08474606677879565,0.1275,False,Bittrex,Kraken
5612,01-14-2021_19-25-55,DASH/USD,25.0,133.35505802,133.127,0.042753912634830214,-0.08474608736516978,0.1275,False,Bittrex,Kraken
5613,01-14-2021_19-26-05,DASH/USD,25.0,133.35505792,133.127,0.04275389391994606,-0.08474610608005395,0.1275,False,Bittrex,Kraken
5614,01-14-2021_19-26-17,DASH/USD,25.0,133.24407007,133.127,0.021965343361712034,-0.10553465663828797,0.1275,False,Bittrex,Kraken
5615,01-14-2021_19-26-28,DASH/USD,25.0,133.24406999,133.127,0.0219653283648553,-0.1055346716351447,0.1275,False,Bittrex,Kraken
5616,01-14-2021_19-26-40,DASH/USD,25.0,133.24406989,133.116,0.024029191337690704,-0.15847080866230928,0.1825,False,Bittrex,Coinbase Pro
5617,01-14-2021_19-26-50,DASH/USD,25.0,133.24406988,133.127,0.021965307744171277,-0.10553469225582873,0.1275,False,Bittrex,Kraken
5618,01-14-2021_19-27-03,DASH/USD,25.0,133.16,132.997,0.03060228296785493,-0.11939771703214506,0.15,False,Binance US,Coinbase Pro
5619,01-14-2021_19-27-13,DASH/USD,25.0,133.127,132.995,0.024788359987080944,-0.16021164001291904,0.185,False,Kraken,Coinbase Pro
5620,01-14-2021_19-27-25,DASH/USD,25.0,133.18,133.034,0.027406517495122205,-0.12259348250487778,0.15,False,Binance US,Coinbase Pro
5621,01-14-2021_19-27-37,DASH/USD,25.0,133.141,133.016,0.023471357433097244,-0.16152864256690275,0.185,False,Kraken,Coinbase Pro
5622,01-14-2021_19-27-46,DASH/USD,25.0,133.17873025,133.048,0.024540377009638736,-0.15795962299036126,0.1825,False,Bittrex,Coinbase Pro
5623,01-14-2021_19-27-56,DASH/USD,25.0,133.17873016,133.013,0.031110478340061164,-0.15138952165993882,0.1825,False,Bittrex,Coinbase Pro
5624,01-14-2021_19-28-08,DASH/USD,25.0,133.17873006,132.994,0.03467709519319781,-0.14782290480680219,0.1825,False,Bittrex,Coinbase Pro
5625,01-14-2021_19-28-18,DASH/USD,25.0,133.128,132.994,0.025163752178352063,-0.15983624782164793,0.185,False,Kraken,Coinbase Pro
5626,01-14-2021_19-28-30,DASH/USD,25.0,133.24,133.014,0.042404683278294636,-0.10759531672170536,0.15,False,Binance US,Coinbase Pro
5627,01-14-2021_19-28-42,DASH/USD,25.0,133.18761685,133.06,0.02395433843968687,-0.15854566156031313,0.1825,False,Bittrex,Coinbase Pro
5628,01-14-2021_19-28-55,DASH/USD,25.0,133.141,132.939,0.037929713611884804,-0.1470702863881152,0.185,False,Kraken,Coinbase Pro
5629,01-14-2021_19-29-07,DASH/USD,25.0,133.18,132.974,0.03866946989037717,-0.11133053010962282,0.15,False,Binance US,Coinbase Pro
5630,01-14-2021_19-29-18,DASH/USD,25.0,133.141,132.974,0.031357733530618215,-0.15364226646938178,0.185,False,Kraken,Coinbase Pro
5631,01-14-2021_19-29-28,DASH/USD,25.0,133.141,132.974,0.031357733530618215,-0.15364226646938178,0.185,False,Kraken,Coinbase Pro
5632,01-14-2021_19-29-39,DASH/USD,25.0,133.141,132.918,0.04187290166064262,-0.14312709833935738,0.185,False,Kraken,Coinbase Pro
5633,01-14-2021_19-29-52,DASH/USD,25.0,133.15,132.974,0.033045437476533254,-0.10695456252346673,0.13999999999999999,False,Binance US,Coinbase Pro
5634,01-14-2021_19-30-04,DASH/USD,25.0,133.134,132.973,0.03023269788333051,-0.1547673021166695,0.185,False,Kraken,Coinbase Pro
5635,01-14-2021_19-30-16,DASH/USD,25.0,133.33,133.062,0.050251256281407156,-0.09974874371859284,0.15,False,Binance US,Coinbase Pro
5636,01-14-2021_19-30-26,DASH/USD,25.0,133.25,132.961,0.05422138836772744,-0.09577861163227255,0.15,False,Binance US,Coinbase Pro
5637,01-14-2021_19-30-38,DASH/USD,25.0,133.14,132.948,0.03605227579990591,-0.11394772420009408,0.15,False,Binance US,Coinbase Pro
5638,01-14-2021_19-30-48,DASH/USD,25.0,133.1,132.913,0.035123966942145646,-0.11487603305785435,0.15,False,Binance US,Coinbase Pro
5639,01-14-2021_19-31-00,DASH/USD,25.0,133.28,133.039,0.04520558223289576,-0.09479441776710423,0.13999999999999999,False,Binance US,Coinbase Pro
5640,01-14-2021_19-31-11,DASH/USD,25.0,133.16,132.985,0.0328552117753047,-0.11714478822469529,0.15,False,Binance US,Coinbase Pro
5641,01-14-2021_19-31-21,DASH/USD,25.0,133.141,133.023,0.022156961416842858,-0.16284303858315713,0.185,False,Kraken,Coinbase Pro
5642,01-14-2021_19-31-31,DASH/USD,25.0,133.141,133.023,0.022156961416842858,-0.16284303858315713,0.185,False,Kraken,Coinbase Pro
5643,01-14-2021_19-31-42,DASH/USD,25.0,133.19,133.029,0.03021998648547214,-0.11978001351452786,0.15,False,Binance US,Coinbase Pro
5644,01-14-2021_19-31-53,DASH/USD,25.0,133.141,133.012,0.024222440870954605,-0.1607775591290454,0.185,False,Kraken,Coinbase Pro
5645,01-14-2021_19-32-04,DASH/USD,25.0,133.141,133.012,0.024222440870954605,-0.1607775591290454,0.185,False,Kraken,Coinbase Pro
5646,01-14-2021_19-32-15,DASH/USD,25.0,133.33,133.052,0.05212630315758269,-0.09787369684241731,0.15,False,Binance US,Coinbase Pro
5647,01-14-2021_19-32-27,DASH/USD,25.0,133.20524642,133.133,0.013559229448854435,-0.16894077055114556,0.1825,False,Bittrex,Coinbase Pro
5648,01-14-2021_19-32-37,DASH/USD,25.0,133.36,133.141,0.04105428914217578,-0.05394571085782422,0.095,False,Binance US,Kraken
5649,01-14-2021_19-32-48,DASH/USD,25.0,133.30626516,133.141,0.030993509532665223,-0.09650649046733478,0.1275,False,Bittrex,Kraken
5650,01-14-2021_19-33-00,DASH/USD,25.0,133.30626516,133.124,0.03418165676257819,-0.1483183432374218,0.1825,False,Bittrex,Coinbase Pro
5651,01-14-2021_19-33-12,DASH/USD,25.0,133.33,133.14,0.035625890647271084,-0.1143741093527289,0.15,False,Binance US,Coinbase Pro
5652,01-14-2021_19-33-23,DASH/USD,25.0,133.30626507,133.14,0.03118103074763622,-0.15131896925236377,0.1825,False,Bittrex,Coinbase Pro
5653,01-14-2021_19-33-35,DASH/USD,25.0,133.21557681,133.031,0.03463874391041298,-0.147861256089587,0.1825,False,Bittrex,Coinbase Pro
5654,01-14-2021_19-33-45,DASH/USD,25.0,133.21557679,133.07,0.027319776243114012,-0.035370223756885984,0.06269,False,Bittrex,Binance US
5655,01-14-2021_19-33-56,DASH/USD,25.0,133.21557668,133.07,0.027319755622440794,-0.0353702443775592,0.06269,False,Bittrex,Binance US
5656,01-14-2021_19-34-08,DASH/USD,25.0,133.28,133.141,0.026072929171670544,-0.05892707082832946,0.085,False,Binance US,Kraken
5657,01-14-2021_19-34-18,DASH/USD,25.0,133.21557654,133.141,0.013995461705188965,-0.11350453829481104,0.1275,False,Bittrex,Kraken
5658,01-14-2021_19-34-29,DASH/USD,25.0,133.17,133.13251181,0.0070376567545198596,-0.08546234324548013,0.0925,False,Binance US,Bittrex
5659,01-14-2021_19-34-41,DASH/USD,25.0,133.29,133.141,0.027946582639357963,-0.05705341736064204,0.085,False,Binance US,Kraken
5660,01-14-2021_19-34-52,DASH/USD,25.0,133.29,133.138,0.028509265511288698,-0.11149073448871129,0.13999999999999999,False,Binance US,Coinbase Pro
5661,01-14-2021_19-35-02,DASH/USD,25.0,133.26,133.141,0.022324778628245494,-0.0726752213717545,0.095,False,Binance US,Kraken
5662,01-14-2021_19-35-13,DASH/USD,25.0,133.21557641,133.141,0.013995437322302115,-0.11350456267769789,0.1275,False,Bittrex,Kraken
5663,01-14-2021_19-35-25,DASH/USD,25.0,133.21557641,133.141,0.013995437322302115,-0.11350456267769789,0.1275,False,Bittrex,Kraken
5664,01-14-2021_19-35-36,DASH/USD,25.0,133.21557641,133.14,0.014183103064356006,-0.168316896935644,0.1825,False,Bittrex,Coinbase Pro
5665,01-14-2021_19-35-46,DASH/USD,25.0,133.21557641,133.141,0.013995437322302115,-0.11350456267769789,0.1275,False,Bittrex,Kraken
5666,01-14-2021_19-35-58,DASH/USD,25.0,133.21557641,133.141,0.013995437322302115,-0.11350456267769789,0.1275,False,Bittrex,Kraken
5667,01-14-2021_19-36-09,DASH/USD,25.0,133.29,133.141,0.027946582639357963,-0.05705341736064204,0.085,False,Binance US,Kraken
5668,01-14-2021_19-36-20,DASH/USD,25.0,133.21557641,133.141,0.013995437322302115,-0.11350456267769789,0.1275,False,Bittrex,Kraken
5669,01-14-2021_19-36-31,DASH/USD,25.0,133.21557641,133.141,0.013995437322302115,-0.11350456267769789,0.1275,False,Bittrex,Kraken
5670,01-14-2021_19-36-42,DASH/USD,25.0,133.21557638,133.141,0.013995431695477146,-0.11350456830452285,0.1275,False,Bittrex,Kraken
5671,01-14-2021_19-36-53,DASH/USD,25.0,133.2155763,133.15,0.012306425010752211,-0.17019357498924778,0.1825,False,Bittrex,Coinbase Pro
5672,01-14-2021_19-37-05,DASH/USD,25.0,133.21557621,133.15,0.01230640812914685,-0.17019359187085314,0.1825,False,Bittrex,Coinbase Pro
5673,01-14-2021_19-37-17,DASH/USD,25.0,133.21557611,133.15,0.012306389371811681,-0.1701936106281883,0.1825,False,Bittrex,Coinbase Pro
5674,01-14-2021_19-37-27,DASH/USD,25.0,133.21557602,133.149,0.012494038232809571,-0.17000596176719043,0.1825,False,Bittrex,Coinbase Pro
5675,01-14-2021_19-37-38,DASH/USD,25.0,133.21557598,133.149,0.012494030729936099,-0.1700059692700639,0.1825,False,Bittrex,Coinbase Pro
5676,01-14-2021_19-37-50,DASH/USD,25.0,133.21557596,133.15,0.01230636123580621,-0.1701936387641938,0.1825,False,Bittrex,Coinbase Pro
5677,01-14-2021_19-38-01,DASH/USD,25.0,133.21557594,133.15,0.012306357484341297,-0.1701936425156587,0.1825,False,Bittrex,Coinbase Pro
5678,01-14-2021_19-38-14,DASH/USD,25.0,133.2155759,133.15,0.012306349981406135,-0.17019365001859385,0.1825,False,Bittrex,Coinbase Pro
5679,01-14-2021_19-38-25,DASH/USD,25.0,133.21557587,133.135,0.015121330496414552,-0.16737866950358543,0.1825,False,Bittrex,Coinbase Pro
5680,01-14-2021_19-38-36,DASH/USD,25.0,133.25,133.135,0.021575984990620842,-0.12842401500937917,0.15,False,Binance US,Coinbase Pro
5681,01-14-2021_19-38-48,DASH/USD,25.0,133.26417565,133.143,0.022732225185230763,-0.15976777481476923,0.1825,False,Bittrex,Coinbase Pro
5682,01-14-2021_19-39-02,DASH/USD,25.0,133.26417553,133.054,0.03942836271715659,-0.1430716372828434,0.1825,False,Bittrex,Coinbase Pro
5683,01-14-2021_19-39-13,DASH/USD,25.0,133.201,133.033,0.03153129481010022,-0.15346870518989977,0.185,False,Kraken,Coinbase Pro
5684,01-14-2021_19-39-24,DASH/USD,25.0,133.05156883,132.903,0.0279156479150281,-0.0995843520849719,0.1275,False,Bittrex,Kraken
5685,01-14-2021_19-39-35,DASH/USD,25.0,133.03,132.903,0.023866796963092827,-0.07113320303690718,0.095,False,Binance US,Kraken
5686,01-14-2021_19-39-48,DASH/USD,25.0,133.03,132.96830114,0.011594914680900363,-0.08090508531909964,0.0925,False,Binance US,Bittrex
5687,01-14-2021_19-40-00,DASH/USD,25.0,133.071,133.02,0.00958135130869756,-0.17541864869130244,0.185,False,Coinbase Pro,Kraken
5688,01-14-2021_19-40-13,DASH/USD,25.0,133.002,132.95949685,0.007989193771525226,-0.11951080622847478,0.1275,False,Kraken,Bittrex
5689,01-14-2021_19-40-23,DASH/USD,25.0,133.05,132.95949684,0.017005479143178737,-0.07549452085682126,0.0925,False,Binance US,Bittrex
5690,01-14-2021_19-40-36,DASH/USD,25.0,133.067,133.0108577,0.010547750381387713,-0.17195224961861227,0.1825,False,Coinbase Pro,Bittrex
5691,01-14-2021_19-40-48,DASH/USD,25.0,133.058,133.01085768,0.008857475687295403,-0.1736425243127046,0.1825,False,Coinbase Pro,Bittrex
5692,01-14-2021_19-40-59,DASH/USD,25.0,133.168,133.088,0.015018623092637214,-0.16998137690736279,0.185,False,Kraken,Coinbase Pro
5693,01-14-2021_19-41-11,DASH/USD,25.0,133.155,133.06181773,0.017495075288197926,-0.11000492471180208,0.1275,False,Kraken,Bittrex
5694,01-14-2021_19-41-22,DASH/USD,25.0,133.145,133.05,0.017837695745239936,-0.04735230425476006,0.06519,False,Kraken,Binance US
5695,01-14-2021_19-41-34,DASH/USD,25.0,133.136,133.06181771,0.013929795472295581,-0.11357020452770442,0.1275,False,Kraken,Bittrex
5696,01-14-2021_19-41-46,DASH/USD,25.0,133.15587968,133.12,0.0067364054982437934,-0.0559535945017562,0.06269,False,Bittrex,Binance US
5697,01-14-2021_19-41-58,DASH/USD,25.0,133.121,133.06181773,0.011114375267615172,-0.17138562473238483,0.1825,False,Coinbase Pro,Bittrex
5698,01-14-2021_19-42-10,DASH/USD,25.0,133.21,133.092,0.022145484573229297,-0.1278545154267707,0.15,False,Binance US,Coinbase Pro
5699,01-14-2021_19-42-21,DASH/USD,25.0,133.14,133.06181773,0.014680462295325413,-0.07781953770467459,0.0925,False,Binance US,Bittrex
5700,01-14-2021_19-42-32,DASH/USD,25.0,133.14,133.06181771,0.014680466050768452,-0.07781953394923155,0.0925,False,Binance US,Bittrex
5701,01-14-2021_19-42-44,DASH/USD,25.0,133.33,133.15,0.03375084377109555,-0.11624915622890444,0.15,False,Binance US,Coinbase Pro
5702,01-14-2021_19-42-56,DASH/USD,25.0,133.25486471,133.15,0.019673711392863953,-0.16282628860713605,0.1825,False,Bittrex,Coinbase Pro
5703,01-14-2021_19-43-08,DASH/USD,25.0,133.25486468,133.15,0.01967370576898167,-0.16282629423101833,0.1825,False,Bittrex,Coinbase Pro
5704,01-14-2021_19-43-18,DASH/USD,25.0,133.25486468,133.15,0.01967370576898167,-0.16282629423101833,0.1825,False,Bittrex,Coinbase Pro
5705,01-14-2021_19-43-27,DASH/USD,25.0,133.25486468,133.15,0.01967370576898167,-0.16282629423101833,0.1825,False,Bittrex,Coinbase Pro
5706,01-14-2021_19-43-37,DASH/USD,25.0,133.25486468,133.15,0.01967370576898167,-0.16282629423101833,0.1825,False,Bittrex,Coinbase Pro
5707,01-14-2021_19-43-48,DASH/USD,25.0,133.25486468,133.15,0.01967370576898167,-0.16282629423101833,0.1825,False,Bittrex,Coinbase Pro
5708,01-14-2021_19-43-58,DASH/USD,25.0,133.25486468,133.15,0.01967370576898167,-0.16282629423101833,0.1825,False,Bittrex,Coinbase Pro
5709,01-14-2021_19-44-10,DASH/USD,25.0,133.25486466,133.15,0.019673702019728585,-0.1628262979802714,0.1825,False,Bittrex,Coinbase Pro
5710,01-14-2021_19-44-20,DASH/USD,25.0,133.25486466,133.15,0.019673702019728585,-0.1628262979802714,0.1825,False,Bittrex,Coinbase Pro
5711,01-14-2021_19-44-31,DASH/USD,25.0,133.25486466,133.15,0.019673702019728585,-0.1628262979802714,0.1825,False,Bittrex,Coinbase Pro
5712,01-14-2021_19-44-43,DASH/USD,25.0,133.25486466,133.15,0.019673702019728585,-0.1628262979802714,0.1825,False,Bittrex,Coinbase Pro
5713,01-14-2021_19-44-53,DASH/USD,25.0,133.25486466,133.15,0.019673702019728585,-0.1628262979802714,0.1825,False,Bittrex,Coinbase Pro
5714,01-14-2021_19-45-05,DASH/USD,25.0,133.25486466,133.15,0.019673702019728585,-0.1628262979802714,0.1825,False,Bittrex,Coinbase Pro
5715,01-14-2021_19-45-17,DASH/USD,25.0,133.25486466,133.15,0.019673702019728585,-0.1628262979802714,0.1825,False,Bittrex,Coinbase Pro
5716,01-14-2021_19-45-29,DASH/USD,25.0,133.25486466,133.15,0.019673702019728585,-0.1628262979802714,0.1825,False,Bittrex,Coinbase Pro
5717,01-14-2021_19-45-40,DASH/USD,25.0,133.49,133.145,0.06461158139186435,-0.08538841860813565,0.15,False,Binance US,Coinbase Pro
5718,01-14-2021_19-45-53,DASH/USD,25.0,133.4,133.15,0.04685157421289355,-0.10314842578710645,0.15,False,Binance US,Coinbase Pro
5719,01-14-2021_19-46-05,DASH/USD,25.0,133.35,133.15,0.03749531308586214,-0.11250468691413786,0.15,False,Binance US,Coinbase Pro
5720,01-14-2021_19-46-15,DASH/USD,25.0,133.32,133.15,0.03187818781877953,-0.11812181218122046,0.15,False,Binance US,Coinbase Pro
5721,01-14-2021_19-46-25,DASH/USD,25.0,133.30626493,133.15,0.02930562379833529,-0.1531943762016647,0.1825,False,Bittrex,Coinbase Pro
5722,01-14-2021_19-46-35,DASH/USD,25.0,133.30626486,133.15,0.029305610686059018,-0.15319438931394097,0.1825,False,Bittrex,Coinbase Pro
5723,01-14-2021_19-46-46,DASH/USD,25.0,133.30626476,133.15,0.029305591954236508,-0.15319440804576348,0.1825,False,Bittrex,Coinbase Pro
5724,01-14-2021_19-46-58,DASH/USD,25.0,133.30626473,133.15,0.029305586334690284,-0.15319441366530973,0.1825,False,Bittrex,Coinbase Pro
5725,01-14-2021_19-47-10,DASH/USD,25.0,133.30626471,133.15,0.029305582588322582,-0.1531944174116774,0.1825,False,Bittrex,Coinbase Pro
5726,01-14-2021_19-47-21,DASH/USD,25.0,133.30626466,133.139,0.03136849202597721,-0.15113150797402278,0.1825,False,Bittrex,Coinbase Pro
5727,01-14-2021_19-47-32,DASH/USD,25.0,133.28198161,133.139,0.026819381035760502,-0.1556806189642395,0.1825,False,Bittrex,Coinbase Pro
5728,01-14-2021_19-47-44,DASH/USD,25.0,133.43,133.15,0.0524619650753206,-0.09753803492467938,0.15,False,Binance US,Coinbase Pro
5729,01-14-2021_19-47-56,DASH/USD,25.0,133.33,133.15,0.03375084377109555,-0.11624915622890444,0.15,False,Binance US,Coinbase Pro
5730,01-14-2021_19-48-08,DASH/USD,25.0,133.31,133.15,0.03000525091891017,-0.11999474908108983,0.15,False,Binance US,Coinbase Pro
5731,01-14-2021_19-48-20,DASH/USD,25.0,133.30626473,133.149,0.02949312440764398,-0.153006875592356,0.1825,False,Bittrex,Coinbase Pro
5732,01-14-2021_19-48-31,DASH/USD,25.0,133.30626465,133.149,0.02949310942229636,-0.15300689057770364,0.1825,False,Bittrex,Coinbase Pro
5733,01-14-2021_19-48-41,DASH/USD,25.0,133.30229093,133.149,0.028748742600472946,-0.15375125739952705,0.1825,False,Bittrex,Coinbase Pro
5734,01-14-2021_19-48-51,DASH/USD,25.0,133.30229093,133.12,0.034187508843287355,-0.14831249115671263,0.1825,False,Bittrex,Coinbase Pro
5735,01-14-2021_19-49-01,DASH/USD,25.0,133.30229093,133.139,0.03062417923592472,-0.15187582076407527,0.1825,False,Bittrex,Coinbase Pro
5736,01-14-2021_19-49-13,DASH/USD,25.0,133.30229093,133.114,0.03531277082455948,-0.14718722917544053,0.1825,False,Bittrex,Coinbase Pro
5737,01-14-2021_19-49-24,DASH/USD,25.0,133.30229093,133.129,0.03249961587138182,-0.15000038412861816,0.1825,False,Bittrex,Coinbase Pro
5738,01-14-2021_19-49-35,DASH/USD,25.0,133.30229093,133.145,0.029498917254652587,-0.1530010827453474,0.1825,False,Bittrex,Coinbase Pro
5739,01-14-2021_19-49-45,DASH/USD,25.0,133.30229093,133.129,0.03249961587138182,-0.15000038412861816,0.1825,False,Bittrex,Coinbase Pro
5740,01-14-2021_19-49-56,DASH/USD,25.0,133.30229087,133.147,0.02912381868805612,-0.15337618131194386,0.1825,False,Bittrex,Coinbase Pro
5741,01-14-2021_19-50-07,DASH/USD,25.0,133.30229077,133.138,0.030811692929470277,-0.15168830707052972,0.1825,False,Bittrex,Coinbase Pro
5742,01-14-2021_19-50-19,DASH/USD,25.0,133.30229069,133.079,0.04187675411356408,-0.14062324588643593,0.1825,False,Bittrex,Coinbase Pro
5743,01-14-2021_19-50-29,DASH/USD,25.0,133.24794562,133.079,0.031697603143877304,-0.15080239685612268,0.1825,False,Bittrex,Coinbase Pro
5744,01-14-2021_19-50-39,DASH/USD,25.0,133.24794554,133.079,0.03169758815329453,-0.15080241184670545,0.1825,False,Bittrex,Coinbase Pro
5745,01-14-2021_19-50-52,DASH/USD,25.0,133.26,133.15,0.0206363499924931,-0.12936365000750688,0.15,False,Binance US,Coinbase Pro
5746,01-14-2021_19-51-03,DASH/USD,25.0,133.24794535,133.149,0.018564141784721364,-0.16393585821527862,0.1825,False,Bittrex,Coinbase Pro
5747,01-14-2021_19-51-15,DASH/USD,25.0,133.24794527,133.147,0.018939367094078993,-0.163560632905921,0.1825,False,Bittrex,Coinbase Pro
5748,01-14-2021_19-51-26,DASH/USD,25.0,133.22946657,133.094,0.025419783905092443,-0.15708021609490755,0.1825,False,Bittrex,Coinbase Pro
5749,01-14-2021_19-51-36,DASH/USD,25.0,133.22946649,133.128,0.019039798903574944,-0.16346020109642506,0.1825,False,Bittrex,Coinbase Pro
5750,01-14-2021_19-51-49,DASH/USD,25.0,133.22946639,133.138,0.01716331838563511,-0.16533668161436488,0.1825,False,Bittrex,Coinbase Pro
5751,01-14-2021_19-52-01,DASH/USD,25.0,133.22946629,133.089,0.02635796230209574,-0.15614203769790425,0.1825,False,Bittrex,Coinbase Pro
5752,01-14-2021_19-52-13,DASH/USD,25.0,133.22946623,133.089,0.02635795105519718,-0.15614204894480282,0.1825,False,Bittrex,Coinbase Pro
5753,01-14-2021_19-52-25,DASH/USD,25.0,133.22946621,133.15,0.014911530508336589,-0.1675884694916634,0.1825,False,Bittrex,Coinbase Pro
5754,01-14-2021_19-52-37,DASH/USD,25.0,133.22946613,133.13,0.01866443904814215,-0.16383556095185783,0.1825,False,Bittrex,Coinbase Pro
5755,01-14-2021_19-52-49,DASH/USD,25.0,133.22946602,133.113,0.02185440343626885,-0.16064559656373115,0.1825,False,Bittrex,Coinbase Pro
5756,01-14-2021_19-53-00,DASH/USD,25.0,133.22946595,133.142,0.016412651168477312,-0.16608734883152268,0.1825,False,Bittrex,Coinbase Pro
5757,01-14-2021_19-53-11,DASH/USD,25.0,133.2294659,133.15,0.014911472372719767,-0.16758852762728021,0.1825,False,Bittrex,Coinbase Pro
5758,01-14-2021_19-53-22,DASH/USD,25.0,133.22946589,133.15,0.01491147049737574,-0.16758852950262426,0.1825,False,Bittrex,Coinbase Pro
5759,01-14-2021_19-53-33,DASH/USD,25.0,133.30229058,133.15,0.028561133371636124,-0.15393886662836387,0.1825,False,Bittrex,Coinbase Pro
5760,01-14-2021_19-53-44,DASH/USD,25.0,133.30229055,133.148,0.028936215079916557,-0.15356378492008343,0.1825,False,Bittrex,Coinbase Pro
5761,01-14-2021_19-53-57,DASH/USD,25.0,133.29110843,133.147,0.02702889031710955,-0.15547110968289043,0.1825,False,Bittrex,Coinbase Pro
5762,01-14-2021_19-54-09,DASH/USD,25.0,133.29110832,133.022,0.05047379442482211,-0.1420262055751779,0.1925,False,Bittrex,Coinbase Pro
5763,01-14-2021_19-54-22,DASH/USD,25.0,133.22621499,133.111,0.021620180008988178,-0.1608798199910118,0.1825,False,Bittrex,Coinbase Pro
5764,01-14-2021_19-54-34,DASH/USD,25.0,133.22621489,133.084,0.026686731683665397,-0.1558132683163346,0.1825,False,Bittrex,Coinbase Pro
5765,01-14-2021_19-54-46,DASH/USD,25.0,133.22621478,133.138,0.016553570208697004,-0.165946429791303,0.1825,False,Bittrex,Coinbase Pro
5766,01-14-2021_19-54-57,DASH/USD,25.0,133.22621477,133.038,0.03531864399302596,-0.14718135600697405,0.1825,False,Bittrex,Coinbase Pro
5767,01-14-2021_19-55-12,DASH/USD,25.0,133.22621477,133.072,0.028938518268766474,-0.15356148173123352,0.1825,False,Bittrex,Coinbase Pro
5768,01-14-2021_19-55-25,DASH/USD,25.0,134.14,133.036,0.20575518115401542,0.055755181154015426,0.15,True,Binance US,Coinbase Pro
5769,01-14-2021_19-55-38,DASH/USD,25.0,134.02,133.054,0.18019698552455007,0.04019698552455009,0.13999999999999999,True,Binance US,Coinbase Pro
5770,01-14-2021_19-55-51,DASH/USD,25.0,133.9,133.08,0.15309932785660813,0.0030993278566081306,0.15,False,Binance US,Coinbase Pro
5771,01-14-2021_19-56-05,DASH/USD,25.0,133.84,133.15,0.1288852361028089,-0.021114763897191108,0.15,False,Binance US,Coinbase Pro
5772,01-14-2021_19-56-18,DASH/USD,25.0,133.48,133.15,0.06180701228648189,-0.0881929877135181,0.15,False,Binance US,Coinbase Pro
5773,01-14-2021_19-56-30,DASH/USD,25.0,133.48,133.15,0.06180701228648189,-0.0881929877135181,0.15,False,Binance US,Coinbase Pro
5774,01-14-2021_19-56-42,DASH/USD,25.0,133.46,133.15,0.0580698336580253,-0.09193016634197469,0.15,False,Binance US,Coinbase Pro
5775,01-14-2021_19-56-55,DASH/USD,25.0,133.46,133.15,0.0580698336580253,-0.09193016634197469,0.15,False,Binance US,Coinbase Pro
5776,01-14-2021_19-57-08,DASH/USD,25.0,133.45,133.15,0.05620082427875289,-0.0837991757212471,0.13999999999999999,False,Binance US,Coinbase Pro
5777,01-14-2021_19-57-20,DASH/USD,25.0,133.45,133.15,0.05620082427875289,-0.0837991757212471,0.13999999999999999,False,Binance US,Coinbase Pro
5778,01-14-2021_19-57-33,DASH/USD,25.0,133.45,133.15,0.05620082427875289,-0.0837991757212471,0.13999999999999999,False,Binance US,Coinbase Pro
5779,01-14-2021_19-57-45,DASH/USD,25.0,133.45,133.15,0.05620082427875289,-0.0837991757212471,0.13999999999999999,False,Binance US,Coinbase Pro
5780,01-14-2021_19-57-57,DASH/USD,25.0,133.45,133.146,0.05695016860247322,-0.08304983139752677,0.13999999999999999,False,Binance US,Coinbase Pro
5781,01-14-2021_19-58-10,DASH/USD,25.0,133.45,133.15,0.05620082427875289,-0.0837991757212471,0.13999999999999999,False,Binance US,Coinbase Pro
5782,01-14-2021_19-58-23,DASH/USD,25.0,133.45,133.15,0.05620082427875289,-0.0837991757212471,0.13999999999999999,False,Binance US,Coinbase Pro
5783,01-14-2021_19-58-35,DASH/USD,25.0,133.97504826,133.15,0.15395558178841826,-0.02854441821158174,0.1825,False,Bittrex,Coinbase Pro
5784,01-14-2021_19-58-47,DASH/USD,25.0,135.00199986,134.297,0.13055359563767857,-0.06194640436232143,0.1925,False,Bittrex,Coinbase Pro
5785,01-14-2021_19-58-58,DASH/USD,25.0,134.57,134.326,0.045329568254440025,-0.10467043174555997,0.15,False,Binance US,Coinbase Pro
5786,01-14-2021_19-59-10,DASH/USD,25.0,134.77,134.49,0.051940342806262724,-0.08805965719373726,0.13999999999999999,False,Binance US,Coinbase Pro
5787,01-14-2021_19-59-23,DASH/USD,25.0,136.5,134.548,0.3575091575091571,0.20750915750915713,0.15,True,Binance US,Coinbase Pro
5788,01-14-2021_19-59-36,DASH/USD,25.0,136.48,134.623,0.3401597303634231,0.20015973036342313,0.13999999999999999,True,Binance US,Coinbase Pro
5789,01-14-2021_19-59-49,DASH/USD,25.0,136.45,134.239,0.40509344082081067,0.25509344082081065,0.15,True,Binance US,Coinbase Pro
5790,01-14-2021_20-00-02,DASH/USD,25.0,136.37,134.46,0.3501503263181045,0.2001503263181045,0.15,True,Binance US,Coinbase Pro
5791,01-14-2021_20-00-15,DASH/USD,25.0,135.32,134.967,0.06521578480638121,-0.07478421519361877,0.13999999999999999,False,Binance US,Coinbase Pro
5792,01-14-2021_20-00-26,DASH/USD,25.0,135.26,134.943,0.05859086204346793,-0.09140913795653206,0.15,False,Binance US,Coinbase Pro
5793,01-14-2021_20-00-39,DASH/USD,25.0,135.24,135.122,0.021813073055308156,-0.12818692694469183,0.15,False,Binance US,Coinbase Pro
5794,01-14-2021_20-00-51,DASH/USD,25.0,135.34799985,135.07,0.05134908722480369,-0.1311509127751963,0.1825,False,Bittrex,Coinbase Pro
5795,01-14-2021_20-01-02,DASH/USD,25.0,136.5,135.999,0.09175824175824263,-0.0032417582417573754,0.095,False,Binance US,Kraken
5796,01-14-2021_20-01-14,DASH/USD,25.0,136.96199992,136.5,0.08432994558159684,-0.09817005441840315,0.1825,False,Bittrex,Coinbase Pro
5797,01-14-2021_20-01-25,DASH/USD,25.0,137.049,136.551,0.09084342096622719,-0.09415657903377281,0.185,False,Kraken,Coinbase Pro
5798,01-14-2021_20-01-37,DASH/USD,25.0,137.18426959,136.88,0.055449066957418476,-0.0072309330425815235,0.06268,False,Bittrex,Binance US
5799,01-14-2021_20-01-49,DASH/USD,25.0,137.18426954,136.963,0.0403234169526068,-0.1421765830473932,0.1825,False,Bittrex,Coinbase Pro
5800,01-14-2021_20-02-00,DASH/USD,25.0,137.673,137.0,0.12220987412201408,-0.06279012587798592,0.185,False,Kraken,Coinbase Pro
5801,01-14-2021_20-02-11,DASH/USD,25.0,137.663,137.0,0.1204027225906763,-0.0645972774093237,0.185,False,Kraken,Coinbase Pro
5802,01-14-2021_20-02-22,DASH/USD,25.0,137.659,137.0,0.11967978846279427,-0.06532021153720573,0.185,False,Kraken,Coinbase Pro
5803,01-14-2021_20-02-33,DASH/USD,25.0,137.41,136.793,0.11225529437449791,-0.037744705625502084,0.15,False,Binance US,Coinbase Pro
5804,01-14-2021_20-02-45,DASH/USD,25.0,137.23,136.554,0.12315091452306125,-0.026849085476938747,0.15,False,Binance US,Coinbase Pro
5805,01-14-2021_20-02-56,DASH/USD,25.0,136.89,136.222,0.12199576302140003,-0.018004236978599958,0.13999999999999999,False,Binance US,Coinbase Pro
5806,01-14-2021_20-03-09,DASH/USD,25.0,136.57,135.846,0.13253276707915165,-0.01746723292084834,0.15,False,Binance US,Coinbase Pro
5807,01-14-2021_20-03-20,DASH/USD,25.0,136.09,135.682,0.07495040047027986,-0.07504959952972014,0.15,False,Binance US,Coinbase Pro
5808,01-14-2021_20-03-33,DASH/USD,25.0,136.33504722,135.789,0.10012964955351479,-0.02737035044648521,0.1275,False,Bittrex,Kraken
5809,01-14-2021_20-03-44,DASH/USD,25.0,136.20820508,135.789,0.07694196538193082,-0.05055803461806918,0.1275,False,Bittrex,Kraken
5810,01-14-2021_20-03-58,DASH/USD,25.0,136.10478577,135.746,0.06590248975636685,-0.11659751024363314,0.1825,False,Bittrex,Coinbase Pro
5811,01-14-2021_20-04-10,DASH/USD,25.0,136.33803486,136.0,0.06198469494354743,-0.000695305056452572,0.06268,False,Bittrex,Binance US
5812,01-14-2021_20-04-22,DASH/USD,25.0,136.56,136.172,0.0710310486233167,-0.013968951376683303,0.085,False,Binance US,Kraken
5813,01-14-2021_20-04-34,DASH/USD,25.0,136.57,136.125,0.0814600571135669,-0.0685399428864331,0.15,False,Binance US,Coinbase Pro
5814,01-14-2021_20-04-46,DASH/USD,25.0,136.57,136.136,0.07944643772424353,-0.07055356227575646,0.15,False,Binance US,Coinbase Pro
5815,01-14-2021_20-04-59,DASH/USD,25.0,136.58,136.251,0.06022111582955185,-0.07977888417044814,0.13999999999999999,False,Binance US,Coinbase Pro
5816,01-14-2021_20-05-11,DASH/USD,25.0,136.6835321,136.0,0.12502093147181845,-0.05747906852818155,0.1825,False,Bittrex,Coinbase Pro
5817,01-14-2021_20-05-23,DASH/USD,25.0,136.88,136.504,0.06867329047340824,-0.07132670952659174,0.13999999999999999,False,Binance US,Coinbase Pro
5818,01-14-2021_20-05-36,DASH/USD,25.0,136.88,136.307,0.10465371127995461,-0.035346288720045374,0.13999999999999999,False,Binance US,Coinbase Pro
5819,01-14-2021_20-05-48,DASH/USD,25.0,136.88,136.352,0.09643483343074072,-0.04356516656925927,0.13999999999999999,False,Binance US,Coinbase Pro
5820,01-14-2021_20-06-00,DASH/USD,25.0,136.87,136.308,0.10265215167677573,-0.037347848323224256,0.13999999999999999,False,Binance US,Coinbase Pro
5821,01-14-2021_20-06-11,DASH/USD,25.0,136.85,136.306,0.09937888198757448,-0.0406211180124255,0.13999999999999999,False,Binance US,Coinbase Pro
5822,01-14-2021_20-06-21,DASH/USD,25.0,136.85,136.181,0.12221410303251419,-0.017785896967485795,0.13999999999999999,False,Binance US,Coinbase Pro
5823,01-14-2021_20-06-32,DASH/USD,25.0,136.63,136.118,0.09368367122886637,-0.05631632877113363,0.15,False,Binance US,Coinbase Pro
5824,01-14-2021_20-06-44,DASH/USD,25.0,136.59,136.067,0.09572443077824075,-0.054275569221759246,0.15,False,Binance US,Coinbase Pro
5825,01-14-2021_20-06-56,DASH/USD,25.0,136.59,136.076,0.09407716523903836,-0.05592283476096163,0.15,False,Binance US,Coinbase Pro
5826,01-14-2021_20-07-07,DASH/USD,25.0,136.59,136.159,0.07888571637748218,-0.07111428362251782,0.15,False,Binance US,Coinbase Pro
5827,01-14-2021_20-07-18,DASH/USD,25.0,136.59,136.186,0.07394391975986463,-0.07605608024013537,0.15,False,Binance US,Coinbase Pro
5828,01-14-2021_20-07-29,DASH/USD,25.0,138.35,136.055,0.4147090711962392,0.2647090711962392,0.15,True,Binance US,Coinbase Pro
5829,01-14-2021_20-07-41,DASH/USD,25.0,138.35,136.005,0.42374412721358856,0.27374412721358854,0.15,True,Binance US,Coinbase Pro
5830,01-14-2021_20-07-52,DASH/USD,25.0,138.35,136.038,0.4177809902421365,0.26778099024213653,0.15,True,Binance US,Coinbase Pro
5831,01-14-2021_20-08-04,DASH/USD,25.0,138.32,135.928,0.43233082706766846,0.29233082706766844,0.13999999999999999,True,Binance US,Coinbase Pro
5832,01-14-2021_20-08-17,DASH/USD,25.0,138.31,135.651,0.4806232376545427,0.3306232376545427,0.15,True,Binance US,Coinbase Pro
5833,01-14-2021_20-08-28,DASH/USD,25.0,139.52,135.535,0.7140553325688097,0.5740553325688097,0.13999999999999999,True,Binance US,Coinbase Pro
5834,01-14-2021_20-08-40,DASH/USD,25.0,135.9,135.536,0.06696100073583597,-0.08303899926416403,0.15,False,Binance US,Coinbase Pro
5835,01-14-2021_20-08-50,DASH/USD,25.0,135.9,135.773,0.02336276674025194,-0.12663723325974804,0.15,False,Binance US,Coinbase Pro
5836,01-14-2021_20-09-02,DASH/USD,25.0,135.9,135.597,0.05573951434878537,-0.09426048565121461,0.15,False,Binance US,Coinbase Pro
5837,01-14-2021_20-09-12,DASH/USD,25.0,136.33,135.766,0.10342551162620504,-0.03657448837379494,0.13999999999999999,False,Binance US,Coinbase Pro
5838,01-14-2021_20-09-23,DASH/USD,25.0,136.33,135.775,0.10177510452578427,-0.03822489547421572,0.13999999999999999,False,Binance US,Coinbase Pro
5839,01-14-2021_20-09-35,DASH/USD,25.0,136.14,135.827,0.057477596591741634,-0.09252240340825836,0.15,False,Binance US,Coinbase Pro
5840,01-14-2021_20-09-46,DASH/USD,25.0,136.14,135.777,0.06665932128691046,-0.08334067871308953,0.15,False,Binance US,Coinbase Pro
5841,01-14-2021_20-09-57,DASH/USD,25.0,136.14,135.677,0.0850227706772429,-0.0649772293227571,0.15,False,Binance US,Coinbase Pro
5842,01-14-2021_20-10-09,DASH/USD,25.0,136.14,135.738,0.07382106654913818,-0.07617893345086181,0.15,False,Binance US,Coinbase Pro
5843,01-14-2021_20-10-19,DASH/USD,25.0,136.14,135.83,0.05692669311002899,-0.09307330688997101,0.15,False,Binance US,Coinbase Pro
5844,01-14-2021_20-10-31,DASH/USD,25.0,136.14,135.692,0.08226825326869017,-0.06773174673130983,0.15,False,Binance US,Coinbase Pro
5845,01-14-2021_20-10-42,DASH/USD,25.0,135.97,135.733,0.04357578877693513,-0.11642421122306487,0.16,False,Binance US,Coinbase Pro
5846,01-14-2021_20-10-53,DASH/USD,25.0,136.14,135.795,0.06335390039665031,-0.08664609960334968,0.15,False,Binance US,Coinbase Pro
5847,01-14-2021_20-11-05,DASH/USD,25.0,136.14,135.705,0.07988100484794584,-0.07011899515205415,0.15,False,Binance US,Coinbase Pro
5848,01-14-2021_20-11-17,DASH/USD,25.0,136.14,135.676,0.08520640517114711,-0.06479359482885289,0.15,False,Binance US,Coinbase Pro
0,01-14-2021_21-33-21,DASH/USD,25.0,131.76,131.203,0.10568457802064131,-0.044315421979358685,0.15,False,Binance US,Coinbase Pro
1,01-14-2021_21-33-32,DASH/USD,25.0,131.76,131.275,0.09202337583484844,-0.05797662416515155,0.15,False,Binance US,Coinbase Pro
2,01-14-2021_21-33-43,DASH/USD,25.0,131.8066864,131.299,0.09629374917659395,-0.08620625082340605,0.1825,False,Bittrex,Coinbase Pro
3,01-14-2021_21-33-54,DASH/USD,25.0,131.80668637,131.446,0.06841200168470563,-0.11408799831529437,0.1825,False,Bittrex,Coinbase Pro
0,01-14-2021_21-35-47,DASH/USD,25.0,132.42,132.042,0.0713638423198886,-0.0786361576801114,0.15,False,Binance US,Coinbase Pro
1,01-14-2021_21-35-57,DASH/USD,25.0,132.61,132.069,0.10199080009049566,-0.048009199909504335,0.15,False,Binance US,Coinbase Pro
2,01-14-2021_21-36-06,DASH/USD,25.0,132.6,131.957,0.12122926093514341,-0.028770739064856582,0.15,False,Binance US,Coinbase Pro
3,01-14-2021_21-36-16,DASH/USD,25.0,132.6,131.957,0.12122926093514341,-0.028770739064856582,0.15,False,Binance US,Coinbase Pro
4,01-14-2021_21-36-26,DASH/USD,25.0,132.6,132.021,0.10916289592760327,-0.04083710407239673,0.15,False,Binance US,Coinbase Pro
5,01-14-2021_21-36-36,DASH/USD,25.0,132.6,132.101,0.09407993966817406,-0.055920060331825935,0.15,False,Binance US,Coinbase Pro
6,01-14-2021_21-36-46,DASH/USD,25.0,132.6,131.95,0.1225490196078442,-0.027450980392155794,0.15,False,Binance US,Coinbase Pro
7,01-14-2021_21-36-58,DASH/USD,25.0,132.38,131.81,0.10764465931409449,-0.032355340685905495,0.13999999999999999,False,Binance US,Coinbase Pro
8,01-14-2021_21-37-10,DASH/USD,25.0,132.37,131.81,0.10576414595452184,-0.044235854045478154,0.15,False,Binance US,Coinbase Pro
9,01-14-2021_21-37-20,DASH/USD,25.0,132.37,131.81,0.10576414595452184,-0.044235854045478154,0.15,False,Binance US,Coinbase Pro
0,01-14-2021_21-38-30,DASH/USD,25.0,132.37,131.904,0.08801087859787114,-0.06198912140212885,0.15,False,Binance US,Coinbase Pro
1,01-14-2021_21-38-42,DASH/USD,25.0,132.37,131.938,0.08158948402206247,-0.06841051597793753,0.15,False,Binance US,Coinbase Pro
2,01-14-2021_21-38-53,DASH/USD,25.0,132.37,131.81,0.10576414595452184,-0.044235854045478154,0.15,False,Binance US,Coinbase Pro
3,01-14-2021_21-39-04,DASH/USD,25.0,132.36,131.826,0.10086128739800926,-0.049138712601990736,0.15,False,Binance US,Coinbase Pro
4,01-14-2021_21-39-14,DASH/USD,25.0,132.36,131.779,0.109738591719556,-0.040261408280444,0.15,False,Binance US,Coinbase Pro
