,Date,Symbol,Investment,High,Low,Adjusted Spread,Adj. Spread after fees,Fees,Profitable,Sell exchange,Buy exchange
0,01-13-2021_19-15-13,EOS/USD,25.0,2.7451,2.743,0.01912498633929539,-0.13587501366070462,0.155,False,Binance US,Coinbase Pro
1,01-13-2021_19-15-24,EOS/USD,25.0,2.7443,2.743,0.011842728564662017,-0.143157271435338,0.155,False,Binance US,Coinbase Pro
2,01-13-2021_19-15-35,EOS/USD,25.0,2.7442,2.743,0.010932147802641132,-0.14406785219735888,0.155,False,Binance US,Coinbase Pro
3,01-13-2021_19-15-46,EOS/USD,25.0,2.74396527,2.742,0.01790538332870288,-0.1645946166712971,0.1825,False,Bittrex,Coinbase Pro
4,01-13-2021_19-15-56,EOS/USD,25.0,2.7442,2.743,0.010932147802641132,-0.14406785219735888,0.155,False,Binance US,Coinbase Pro
5,01-13-2021_19-16-08,EOS/USD,25.0,2.7439651,2.743,0.008792932534019502,-0.1837070674659805,0.1925,False,Bittrex,Coinbase Pro
6,01-13-2021_19-16-18,EOS/USD,25.0,2.74396502,2.742,0.01790310723421772,-0.16459688276578227,0.18249999,False,Bittrex,Coinbase Pro
7,01-13-2021_19-16-28,EOS/USD,25.0,2.74396499,2.743,0.008791930687132632,-0.18370806931286737,0.1925,False,Bittrex,Coinbase Pro
8,01-13-2021_19-16-39,EOS/USD,25.0,2.74396499,2.742,0.017902834102849045,-0.16459716589715095,0.1825,False,Bittrex,Coinbase Pro
9,01-13-2021_19-16-51,EOS/USD,25.0,2.74124527,2.739,0.020476733918814622,-0.16202326608118536,0.1825,False,Bittrex,Coinbase Pro
10,01-13-2021_19-17-03,EOS/USD,25.0,2.73806819,2.7316,0.05905797035683118,-0.013442029643168818,0.0725,False,Bittrex,Binance US
11,01-13-2021_19-17-14,EOS/USD,25.0,2.7343,2.733,0.011886040302820455,-0.17311395969717955,0.185,False,Kraken,Coinbase Pro
12,01-13-2021_19-17-26,EOS/USD,25.0,2.73368588,2.732,0.01541764557089214,-0.16708234442910785,0.18249999,False,Bittrex,Coinbase Pro
13,01-13-2021_19-17-36,EOS/USD,25.0,2.73323068,2.731,0.020403327244960735,-0.16209667275503925,0.1825,False,Bittrex,Coinbase Pro
14,01-13-2021_19-17-48,EOS/USD,25.0,2.73323068,2.7307,0.0231473327381208,-0.049352667261879195,0.0725,False,Bittrex,Binance US
15,01-13-2021_19-17-58,EOS/USD,25.0,2.73213732,2.7307,0.013151974367086022,-0.05934802563291397,0.0725,False,Bittrex,Binance US
16,01-13-2021_19-18-11,EOS/USD,25.0,2.73213729,2.731,0.010406596368368787,-0.1720934036316312,0.1825,False,Bittrex,Coinbase Pro
17,01-13-2021_19-18-22,EOS/USD,25.0,2.73213729,2.731,0.010406596368368787,-0.1720934036316312,0.1825,False,Bittrex,Coinbase Pro
18,01-13-2021_19-18-33,EOS/USD,25.0,2.7328,2.731,0.01646662763466267,-0.16853337236533733,0.185,False,Kraken,Coinbase Pro
19,01-13-2021_19-18-43,EOS/USD,25.0,2.73173552,2.73,0.01588294316281386,-0.16661705683718614,0.1825,False,Bittrex,Coinbase Pro
20,01-13-2021_19-18-54,EOS/USD,25.0,2.73173544,2.728,0.034185594487874456,-0.14831440551212555,0.1825,False,Bittrex,Coinbase Pro
21,01-13-2021_19-19-06,EOS/USD,25.0,2.72936321,2.7278,0.014318449760301754,-0.05818155023969824,0.0725,False,Bittrex,Binance US
22,01-13-2021_19-19-17,EOS/USD,25.0,2.72936314,2.728,0.012485879764606887,-0.1700141202353931,0.1825,False,Bittrex,Coinbase Pro
23,01-13-2021_19-19-28,EOS/USD,25.0,2.732,2.728,0.03660322108345537,-0.14839651891654462,0.18499974,False,Kraken,Coinbase Pro
24,01-13-2021_19-19-39,EOS/USD,25.0,2.73276381,2.7307,0.018880244904879526,-0.05361975509512047,0.0725,False,Bittrex,Binance US
25,01-13-2021_19-19-51,EOS/USD,25.0,2.73276377,2.73,0.02528365267371843,-0.15721634732628156,0.1825,False,Bittrex,Coinbase Pro
26,01-13-2021_19-20-02,EOS/USD,25.0,2.7322563,2.7307,0.014240062325044725,-0.05825993767495527,0.0725,False,Bittrex,Binance US
27,01-13-2021_19-20-15,EOS/USD,25.0,2.73225625,2.7313,0.008749636861474558,-0.06375036313852543,0.0725,False,Bittrex,Binance US
28,01-13-2021_19-20-26,EOS/USD,25.0,2.7324,2.7316,0.007319572536967098,-0.0826804274630329,0.09,False,Binance US,Kraken
29,01-13-2021_19-20-36,EOS/USD,25.0,2.734,2.73225623,0.015945226773957877,-0.16655477322604212,0.1825,False,Coinbase Pro,Bittrex
30,01-13-2021_19-20-47,EOS/USD,25.0,2.735,2.7334,0.014625228519194003,-0.170374771480806,0.185,False,Coinbase Pro,Kraken
31,01-13-2021_19-20-58,EOS/USD,25.0,2.735,2.7334,0.014625228519194003,-0.170374771480806,0.185,False,Coinbase Pro,Kraken
32,01-13-2021_19-21-08,EOS/USD,25.0,2.7369,2.7334,0.031970477547588846,-0.05802952245241115,0.09,False,Binance US,Kraken
33,01-13-2021_19-21-18,EOS/USD,25.0,2.7369,2.7334,0.031970477547588846,-0.05802952245241115,0.09,False,Binance US,Kraken
34,01-13-2021_19-21-29,EOS/USD,25.0,2.73748213,2.7334,0.03727996938559026,-0.09022002061440976,0.12749999,False,Bittrex,Kraken
35,01-13-2021_19-21-40,EOS/USD,25.0,2.73748207,2.7334,0.037279422253895696,-0.09022057774610431,0.1275,False,Bittrex,Kraken
36,01-13-2021_19-21-50,EOS/USD,25.0,2.7375,2.7334,0.03744292237442713,-0.052557077625572865,0.09,False,Binance US,Kraken
37,01-13-2021_19-22-01,EOS/USD,25.0,2.738,2.7334,0.04200146092037927,-0.14299853907962073,0.185,False,Coinbase Pro,Kraken
38,01-13-2021_19-22-12,EOS/USD,25.0,2.738,2.7353,0.02465303140978748,-0.16034696859021252,0.185,False,Coinbase Pro,Kraken
39,01-13-2021_19-22-21,EOS/USD,25.0,2.738,2.7353,0.02465303140978748,-0.16034696859021252,0.185,False,Coinbase Pro,Kraken
40,01-13-2021_19-22-31,EOS/USD,25.0,2.73748207,2.7349,0.02358070239342135,-0.10391929760657866,0.1275,False,Bittrex,Kraken
41,01-13-2021_19-22-40,EOS/USD,25.0,2.73659965,2.734,0.023748906786566902,-0.1587510932134331,0.1825,False,Bittrex,Coinbase Pro
42,01-13-2021_19-22-51,EOS/USD,25.0,2.73659958,2.7347,0.017353470470092492,-0.11014652952990751,0.1275,False,Bittrex,Kraken
43,01-13-2021_19-23-00,EOS/USD,25.0,2.73659951,2.734,0.023747629042000624,-0.15875237095799938,0.1825,False,Bittrex,Coinbase Pro
44,01-13-2021_19-23-10,EOS/USD,25.0,2.73659942,2.7347,0.017352009816621106,-0.1101479901833789,0.1275,False,Bittrex,Kraken
45,01-13-2021_19-23-20,EOS/USD,25.0,2.73659935,2.7347,0.01735137078067316,-0.11014862921932685,0.1275,False,Bittrex,Kraken
46,01-13-2021_19-23-30,EOS/USD,25.0,2.73659927,2.735,0.014610012667293662,-0.16788998733270633,0.1825,False,Bittrex,Coinbase Pro
47,01-13-2021_19-23-39,EOS/USD,25.0,2.7369,2.735,0.017355402097263443,-0.12764459790273655,0.145,False,Binance US,Coinbase Pro
48,01-13-2021_19-23-48,EOS/USD,25.0,2.7368,2.735,0.016442560654781547,-0.12855743934521843,0.145,False,Binance US,Coinbase Pro
49,01-13-2021_19-23-58,EOS/USD,25.0,2.73659903,2.734,0.023743248202494575,-0.15875675179750542,0.1825,False,Bittrex,Coinbase Pro
50,01-13-2021_19-24-08,EOS/USD,25.0,2.73659895,2.7339,0.024656060764764644,-0.10284393923523535,0.1275,False,Bittrex,Kraken
51,01-13-2021_19-24-19,EOS/USD,25.0,2.73659887,2.7337,0.02648241610945441,-0.10101758389054559,0.1275,False,Bittrex,Kraken
52,01-13-2021_19-24-29,EOS/USD,25.0,2.73659878,2.7338,0.025568052032823026,-0.10193194796717697,0.1275,False,Bittrex,Kraken
53,01-13-2021_19-24-38,EOS/USD,25.0,2.73491434,2.732,0.026640139668869786,-0.1558598603311302,0.1825,False,Bittrex,Coinbase Pro
54,01-13-2021_19-24-47,EOS/USD,25.0,2.73271384,2.7307,0.018423443853894748,-0.10907629614610526,0.12749974,False,Bittrex,Kraken
55,01-13-2021_19-24-57,EOS/USD,25.0,2.73271377,2.7307,0.018422803936762336,-0.10907693606323766,0.12749974,False,Bittrex,Kraken
56,01-13-2021_19-25-08,EOS/USD,25.0,2.7345,2.73271368,0.016331321996711837,-0.07116867800328816,0.0875,False,Binance US,Bittrex
57,01-13-2021_19-25-17,EOS/USD,25.0,2.7345,2.73271368,0.016331321996711837,-0.07116867800328816,0.0875,False,Binance US,Bittrex
58,01-13-2021_19-25-27,EOS/USD,25.0,2.73544922,2.7348,0.005933394735071311,-0.12156660526492868,0.1275,False,Bittrex,Kraken
59,01-13-2021_19-25-37,EOS/USD,25.0,2.7368,2.7352,0.014615609470917383,-0.0753843905290826,0.09,False,Binance US,Kraken
60,01-13-2021_19-25-46,EOS/USD,25.0,2.73544918,2.734,0.01324444272804794,-0.16925555727195205,0.1825,False,Bittrex,Coinbase Pro
61,01-13-2021_19-25-56,EOS/USD,25.0,2.7354491,2.734,0.01324371197402165,-0.16925627802597834,0.18249999,False,Bittrex,Coinbase Pro
62,01-13-2021_19-26-06,EOS/USD,25.0,2.73544901,2.7338,0.015070743358509458,-0.11242925664149055,0.1275,False,Bittrex,Kraken
63,01-13-2021_19-26-16,EOS/USD,25.0,2.73544892,2.734,0.013242067777307241,-0.16925793222269275,0.1825,False,Bittrex,Coinbase Pro
64,01-13-2021_19-26-26,EOS/USD,25.0,2.73544884,2.7347,0.00684384943569236,-0.12065615056430765,0.1275,False,Bittrex,Kraken
65,01-13-2021_19-26-37,EOS/USD,25.0,2.73544876,2.7337,0.01598238674374172,-0.11151761325625828,0.1275,False,Bittrex,Kraken
66,01-13-2021_19-26-47,EOS/USD,25.0,2.73544868,2.7344,0.009584168108029046,-0.11791583189197095,0.1275,False,Bittrex,Kraken
67,01-13-2021_19-26-56,EOS/USD,25.0,2.73544862,2.734,0.013239327448966326,-0.16926066255103367,0.18249999,False,Bittrex,Coinbase Pro
68,01-13-2021_19-27-06,EOS/USD,25.0,2.73544854,2.733,0.022377865679023654,-0.16012213432097633,0.1825,False,Bittrex,Coinbase Pro
69,01-13-2021_19-27-16,EOS/USD,25.0,2.73544846,2.732,0.03151640444360617,-0.15098359555639382,0.1825,False,Bittrex,Coinbase Pro
70,01-13-2021_19-27-27,EOS/USD,25.0,2.73544845,2.7327,0.02511882466657252,-0.10238117533342748,0.1275,False,Bittrex,Kraken
71,01-13-2021_19-27-37,EOS/USD,25.0,2.73544838,2.7339,0.01415106213775063,-0.11334893786224937,0.1275,False,Bittrex,Kraken
72,01-13-2021_19-27-47,EOS/USD,25.0,2.7354483,2.7337,0.015978185367276326,-0.11152181463272368,0.1275,False,Bittrex,Kraken
73,01-13-2021_19-28-00,EOS/USD,25.0,2.73544818,2.7322,0.029685994636534603,-0.09781399536346541,0.12749999,False,Bittrex,Kraken
74,01-13-2021_19-28-10,EOS/USD,25.0,2.7354481,2.7328,0.0242017020904184,-0.1032982979095816,0.1275,False,Bittrex,Kraken
75,01-13-2021_19-28-20,EOS/USD,25.0,2.73544802,2.7329,0.023287044584385092,-0.10421295541561491,0.1275,False,Bittrex,Kraken
76,01-13-2021_19-28-30,EOS/USD,25.0,2.73544793,2.7335,0.017802660202711682,-0.10969733979728832,0.1275,False,Bittrex,Kraken
77,01-13-2021_19-28-41,EOS/USD,25.0,2.73544786,2.7342,0.01140453102988297,-0.11609546897011704,0.1275,False,Bittrex,Kraken
78,01-13-2021_19-28-50,EOS/USD,25.0,2.73544779,2.7336,0.016887454466822358,-0.11061254553317765,0.1275,False,Bittrex,Kraken
79,01-13-2021_19-29-01,EOS/USD,25.0,2.73544769,2.7336,0.016886541156997573,-0.11061345884300243,0.1275,False,Bittrex,Kraken
80,01-13-2021_19-29-14,EOS/USD,25.0,2.73544758,2.7338,0.015057682077755295,-0.11244231792224471,0.1275,False,Bittrex,Kraken
81,01-13-2021_19-29-25,EOS/USD,25.0,2.73544748,2.7336,0.016884623206144516,-0.11061537679385548,0.1275,False,Bittrex,Kraken
82,01-13-2021_19-29-37,EOS/USD,25.0,2.73544741,2.7338,0.015056129337173993,-0.11244386066282601,0.12749999,False,Bittrex,Kraken
83,01-13-2021_19-30-08,EOS/USD,25.0,2.73544715,2.733,0.02236517345984974,-0.16013482654015027,0.1825,False,Bittrex,Coinbase Pro
84,01-13-2021_19-30-19,EOS/USD,25.0,2.73328432,2.7306,0.02455214757899925,-0.10294785242100075,0.1275,False,Bittrex,Kraken
85,01-13-2021_19-30-29,EOS/USD,25.0,2.73328422,2.7298,0.03186843847508672,-0.09563156152491328,0.1275,False,Bittrex,Kraken
86,01-13-2021_19-30-41,EOS/USD,25.0,2.73177996,2.7295,0.020865150500628912,-0.10663484949937109,0.1275,False,Bittrex,Kraken
87,01-13-2021_19-30-52,EOS/USD,25.0,2.73177989,2.7297,0.01903420191002362,-0.10846579808997639,0.1275,False,Bittrex,Kraken
88,01-13-2021_19-31-03,EOS/USD,25.0,2.73177981,2.7297,0.019033470344011056,-0.10846652965598895,0.1275,False,Bittrex,Kraken
89,01-13-2021_19-31-14,EOS/USD,25.0,2.73177971,2.7297,0.019032555886436115,-0.1084674341135639,0.12749999,False,Bittrex,Kraken
90,01-13-2021_19-31-26,EOS/USD,25.0,2.73177962,2.7307,0.00988018938365221,-0.1176195506163478,0.12749974,False,Bittrex,Kraken
91,01-13-2021_19-31-37,EOS/USD,25.0,2.73177955,2.7308,0.008964394656225767,-0.11853560534377423,0.1275,False,Bittrex,Kraken
92,01-13-2021_19-31-50,EOS/USD,25.0,2.73177947,2.7299,0.017200052389294753,-0.05529994761070524,0.0725,False,Bittrex,Binance US
93,01-13-2021_19-32-02,EOS/USD,25.0,2.73177937,2.7299,0.017199137864487513,-0.05530086213551248,0.0725,False,Bittrex,Binance US
94,01-13-2021_19-32-12,EOS/USD,25.0,2.73062052,2.728,0.023991982598883726,-0.15850801740111628,0.1825,False,Bittrex,Coinbase Pro
95,01-13-2021_19-32-24,EOS/USD,25.0,2.73062044,2.727,0.033146679294616364,-0.14935331070538363,0.18249999,False,Bittrex,Coinbase Pro
96,01-13-2021_19-32-35,EOS/USD,25.0,2.7315,2.7299,0.014643968515466078,-0.06035603148453392,0.075,False,Kraken,Binance US
97,01-13-2021_19-32-47,EOS/USD,25.0,2.7321,2.73,0.019215987701767787,-0.12578401229823222,0.145,False,Binance US,Coinbase Pro
98,01-13-2021_19-32-58,EOS/USD,25.0,2.7337,2.7306,0.02834985550718697,-0.06165014449281303,0.09,False,Binance US,Kraken
99,01-13-2021_19-33-09,EOS/USD,25.0,2.73324465,2.7306,0.0241896567875852,-0.1033103432124148,0.1275,False,Bittrex,Kraken
100,01-13-2021_19-33-20,EOS/USD,25.0,2.734,2.7306,0.031089978054133775,-0.058910021945866226,0.09,False,Binance US,Kraken
101,01-13-2021_19-33-30,EOS/USD,25.0,2.73463889,2.7306,0.0369234308665879,-0.09057656913341211,0.1275,False,Bittrex,Kraken
102,01-13-2021_19-33-42,EOS/USD,25.0,2.7346388,2.7306,0.03692260930401493,-0.09057739069598507,0.1275,False,Bittrex,Kraken
103,01-13-2021_19-33-52,EOS/USD,25.0,2.73463872,2.7306,0.036921879026126446,-0.09057812097387355,0.1275,False,Bittrex,Kraken
104,01-13-2021_19-34-02,EOS/USD,25.0,2.73463862,2.7306,0.03692096617870677,-0.09057903382129323,0.1275,False,Bittrex,Kraken
105,01-13-2021_19-34-13,EOS/USD,25.0,2.73463853,2.7306,0.03692014461596753,-0.09057985538403247,0.1275,False,Bittrex,Kraken
106,01-13-2021_19-34-22,EOS/USD,25.0,2.73463848,2.7306,0.03691968819220464,-0.09058031180779536,0.1275,False,Bittrex,Kraken
107,01-13-2021_19-34-33,EOS/USD,25.0,2.73463838,2.7306,0.03691877534462068,-0.09058122465537932,0.1275,False,Bittrex,Kraken
108,01-13-2021_19-34-44,EOS/USD,25.0,2.735,2.7306,0.04021937842778757,-0.14478062157221244,0.185,False,Coinbase Pro,Kraken
109,01-13-2021_19-34-54,EOS/USD,25.0,2.7351,2.7306,0.04113195129977122,-0.048868048700228775,0.09,False,Binance US,Kraken
110,01-13-2021_19-35-06,EOS/USD,25.0,2.73653302,2.7306,0.05420197706951172,-0.07329802293048829,0.1275,False,Bittrex,Kraken
111,01-13-2021_19-35-16,EOS/USD,25.0,2.73653295,2.7306,0.054201338960673286,-0.07329866103932672,0.1275,False,Bittrex,Kraken
112,01-13-2021_19-35-27,EOS/USD,25.0,2.73653285,2.7306,0.054200427376563484,-0.07329957262343652,0.1275,False,Bittrex,Kraken
113,01-13-2021_19-35-37,EOS/USD,25.0,2.73653277,2.7306,0.05419969810922686,-0.07330030189077313,0.1275,False,Bittrex,Kraken
114,01-13-2021_19-35-47,EOS/USD,25.0,2.7365327,2.7306,0.05419906000027183,-0.07330093999972817,0.1275,False,Bittrex,Kraken
115,01-13-2021_19-35-57,EOS/USD,25.0,2.73653263,2.7306,0.054198421891284154,-0.07330157810871585,0.1275,False,Bittrex,Kraken
116,01-13-2021_19-36-08,EOS/USD,25.0,2.73653254,2.7306,0.054197601465391994,-0.07330239853460802,0.1275,False,Bittrex,Kraken
117,01-13-2021_19-36-18,EOS/USD,25.0,2.73653247,2.7306,0.054196963356333755,-0.07330303664366625,0.1275,False,Bittrex,Kraken
118,01-13-2021_19-36-29,EOS/USD,25.0,2.73653238,2.7306,0.054196142930345664,-0.07330385706965434,0.1275,False,Bittrex,Kraken
119,01-13-2021_19-36-39,EOS/USD,25.0,2.7365323,2.7306,0.05419541366275854,-0.07330458633724146,0.1275,False,Bittrex,Kraken
120,01-13-2021_19-36-49,EOS/USD,25.0,2.73349871,2.7301,0.031083881506568514,-0.09641611849343149,0.1275,False,Bittrex,Kraken
121,01-13-2021_19-36-59,EOS/USD,25.0,2.7344,2.7306,0.03474253949678198,-0.05525746050321802,0.09,False,Binance US,Kraken
122,01-13-2021_19-37-09,EOS/USD,25.0,2.737,2.7306,0.05845816587504734,-0.12654183412495265,0.185,False,Coinbase Pro,Kraken
123,01-13-2021_19-37-19,EOS/USD,25.0,2.73627771,2.7306,0.05187439472289582,-0.07562560527710419,0.1275,False,Bittrex,Kraken
124,01-13-2021_19-37-32,EOS/USD,25.0,2.7401918,2.7332,0.06378933036731015,-0.06371065963268986,0.12749999,False,Bittrex,Kraken
125,01-13-2021_19-37-43,EOS/USD,25.0,2.73998664,2.7332,0.06192219973744165,-0.06557780026255836,0.1275,False,Bittrex,Kraken
126,01-13-2021_19-37-53,EOS/USD,25.0,2.7491,2.7348,0.13004255938307063,0.040042559383070636,0.09,True,Binance US,Kraken
127,01-13-2021_19-38-06,EOS/USD,25.0,2.73998653,2.7348,0.047322586655198104,-0.0801774033448019,0.12749999,False,Bittrex,Kraken
128,01-13-2021_19-38-15,EOS/USD,25.0,2.73998646,2.7348,0.04732194917488757,-0.08017805082511242,0.1275,False,Bittrex,Kraken
129,01-13-2021_19-38-25,EOS/USD,25.0,2.73627769,2.734,0.02081011375713214,-0.16168988624286784,0.1825,False,Bittrex,Coinbase Pro
130,01-13-2021_19-38-36,EOS/USD,25.0,2.7363,2.7347,0.014618280159337643,-0.07538171984066236,0.09,False,Binance US,Kraken
131,01-13-2021_19-38-47,EOS/USD,25.0,2.7379,2.7347,0.029219474779937617,-0.06078052522006238,0.09,False,Binance US,Kraken
132,01-13-2021_19-38-57,EOS/USD,25.0,2.7363,2.7348,0.013704637649381068,-0.07629536235061893,0.09,False,Binance US,Kraken
133,01-13-2021_19-39-09,EOS/USD,25.0,2.7378,2.73627756,0.013902038132807491,-0.0735979618671925,0.0875,False,Binance US,Bittrex
134,01-13-2021_19-39-18,EOS/USD,25.0,2.73998635,2.7373,0.024510614806532535,-0.10298912519346747,0.12749974,False,Bittrex,Kraken
135,01-13-2021_19-39-29,EOS/USD,25.0,2.7376,2.736,0.014611338398595703,-0.13038866160140428,0.145,False,Binance US,Coinbase Pro
136,01-13-2021_19-39-41,EOS/USD,25.0,2.73627771,2.7357,0.005278247141076495,-0.1222217528589235,0.1275,False,Bittrex,Kraken
137,01-13-2021_19-39-51,EOS/USD,25.0,2.73627766,2.733,0.029946339583093867,-0.15255366041690613,0.1825,False,Bittrex,Coinbase Pro
138,01-13-2021_19-40-02,EOS/USD,25.0,2.7362776,2.7326,0.03360039200701035,-0.09389960799298966,0.1275,False,Bittrex,Kraken
139,01-13-2021_19-40-13,EOS/USD,25.0,2.7364,2.7358,0.005481654728844266,-0.06951834527115573,0.075,False,Kraken,Binance US
140,01-13-2021_19-40-22,EOS/USD,25.0,2.73627752,2.734,0.020808561844997096,-0.1616914381550029,0.1825,False,Bittrex,Coinbase Pro
141,01-13-2021_19-40-33,EOS/USD,25.0,2.73627746,2.7328,0.031771814543983076,-0.09572817545601693,0.12749999,False,Bittrex,Kraken
142,01-13-2021_19-40-44,EOS/USD,25.0,2.7362774,2.733,0.029943966938439665,-0.15255603306156032,0.1825,False,Bittrex,Coinbase Pro
143,01-13-2021_19-40-54,EOS/USD,25.0,2.73627731,2.7337,0.023547595035245054,-0.10395240496475494,0.1275,False,Bittrex,Kraken
144,01-13-2021_19-41-04,EOS/USD,25.0,2.73627724,2.7348,0.013496804877859052,-0.11400319512214095,0.1275,False,Bittrex,Kraken
145,01-13-2021_19-41-14,EOS/USD,25.0,2.73627718,2.735,0.011668956724627318,-0.17083104327537268,0.1825,False,Bittrex,Coinbase Pro
146,01-13-2021_19-41-25,EOS/USD,25.0,2.737,2.73627771,0.006597460723420947,-0.17590253927657906,0.1825,False,Coinbase Pro,Bittrex
147,01-13-2021_19-41-36,EOS/USD,25.0,2.737,2.7361,0.00822067957617942,-0.17677932042382058,0.185,False,Coinbase Pro,Kraken
148,01-13-2021_19-41-46,EOS/USD,25.0,2.7364,2.7357,0.006395263850315605,-0.08360473614968439,0.09,False,Binance US,Kraken
149,01-13-2021_19-41-57,EOS/USD,25.0,2.737,2.7351,0.017354767994154297,-0.11264523200584571,0.13,False,Coinbase Pro,Binance US
150,01-13-2021_19-42-06,EOS/USD,25.0,2.7365,2.735,0.013703636031427525,-0.17129636396857248,0.185,False,Kraken,Coinbase Pro
151,01-13-2021_19-42-16,EOS/USD,25.0,2.7367,2.7351,0.014616143530527861,-0.060383856469472134,0.075,False,Kraken,Binance US
152,01-13-2021_19-42-27,EOS/USD,25.0,2.737,2.7351,0.017354767994154297,-0.11264523200584571,0.13,False,Coinbase Pro,Binance US
153,01-13-2021_19-42-37,EOS/USD,25.0,2.737,2.7351,0.017354767994154297,-0.11264523200584571,0.13,False,Coinbase Pro,Binance US
154,01-13-2021_19-42-48,EOS/USD,25.0,2.738,2.73627771,0.01572580350620905,-0.16677419649379094,0.1825,False,Coinbase Pro,Bittrex
155,01-13-2021_19-42-59,EOS/USD,25.0,2.738,2.73627771,0.01572580350620905,-0.16677419649379094,0.1825,False,Coinbase Pro,Bittrex
156,01-13-2021_19-43-10,EOS/USD,25.0,2.737,2.7356,0.012787723785168887,-0.17221201621483112,0.18499974,False,Coinbase Pro,Kraken
157,01-13-2021_19-43-20,EOS/USD,25.0,2.737,2.7351,0.017354767994154297,-0.11264523200584571,0.13,False,Coinbase Pro,Binance US
158,01-13-2021_19-43-30,EOS/USD,25.0,2.7374,2.7362777,0.010249689486374117,-0.11725005051362589,0.12749974,False,Kraken,Bittrex
159,01-13-2021_19-43-41,EOS/USD,25.0,2.73967676,2.7367,0.027163423468980093,-0.0453365765310199,0.0725,False,Bittrex,Binance US
160,01-13-2021_19-43-51,EOS/USD,25.0,2.73967064,2.7367,0.02710763801885347,-0.10039236198114654,0.1275,False,Bittrex,Kraken
161,01-13-2021_19-44-01,EOS/USD,25.0,2.73967055,2.7367,0.027106817642728313,-0.10039318235727168,0.1275,False,Bittrex,Kraken
162,01-13-2021_19-44-12,EOS/USD,25.0,2.73967037,2.7364,0.029842732503615334,-0.04265726749638466,0.0725,False,Bittrex,Binance US
163,01-13-2021_19-44-22,EOS/USD,25.0,2.7502,2.7378,0.11271907497636506,0.022719074976365064,0.09,True,Binance US,Kraken
164,01-13-2021_19-44-33,EOS/USD,25.0,2.73967018,2.7375,0.01980329617633247,-0.05269670382366752,0.0725,False,Bittrex,Binance US
165,01-13-2021_19-44-43,EOS/USD,25.0,2.73967009,2.7378,0.017064919667026016,-0.11043508033297399,0.1275,False,Bittrex,Kraken
166,01-13-2021_19-44-55,EOS/USD,25.0,2.73967001,2.7374,0.020714264781109125,-0.05178573521889087,0.0725,False,Bittrex,Binance US
167,01-13-2021_19-45-06,EOS/USD,25.0,2.73966986,2.7378,0.017062822306624374,-0.11043717769337563,0.1275,False,Bittrex,Kraken
168,01-13-2021_19-45-16,EOS/USD,25.0,2.741,2.7379,0.02827435242612481,-0.1567256475738752,0.185,False,Coinbase Pro,Kraken
169,01-13-2021_19-45-26,EOS/USD,25.0,2.74409056,2.7379,0.05639901330370351,-0.0711009866962965,0.1275,False,Bittrex,Kraken
170,01-13-2021_19-45-37,EOS/USD,25.0,2.74261696,2.7379,0.042996890094343536,-0.08450309990565646,0.12749999,False,Bittrex,Kraken
171,01-13-2021_19-45-49,EOS/USD,25.0,2.74261679,2.7379,0.04299534314453249,-0.08450465685546751,0.1275,False,Bittrex,Kraken
172,01-13-2021_19-45-59,EOS/USD,25.0,2.74261672,2.7379,0.042994706165142074,-0.08450529383485793,0.1275,False,Bittrex,Kraken
173,01-13-2021_19-46-20,EOS/USD,25.0,2.74261655,2.7379,0.042993159215060285,-0.08450683078493973,0.12749999,False,Bittrex,Kraken
174,01-13-2021_19-46-31,EOS/USD,25.0,2.74261645,2.7379,0.04299224924433104,-0.08450775075566896,0.1275,False,Bittrex,Kraken
175,01-13-2021_19-46-41,EOS/USD,25.0,2.74261639,2.7379,0.042991703261862434,-0.08450829673813756,0.1275,False,Bittrex,Kraken
176,01-13-2021_19-46-52,EOS/USD,25.0,2.743,2.7406,0.02187386073641757,-0.17312613926358245,0.195,False,Coinbase Pro,Kraken
177,01-13-2021_19-47-04,EOS/USD,25.0,2.74672477,2.7406,0.055746120496812664,-0.07175387950318735,0.1275,False,Bittrex,Kraken
178,01-13-2021_19-47-14,EOS/USD,25.0,2.74672461,2.7406,0.0557446674641296,-0.07175533253587041,0.1275,False,Bittrex,Kraken
179,01-13-2021_19-47-24,EOS/USD,25.0,2.74672452,2.7432,0.03207930003843297,-0.040420699961567025,0.0725,False,Bittrex,Binance US
180,01-13-2021_19-47-34,EOS/USD,25.0,2.7467243,2.7431,0.03298747529921189,-0.09451252470078811,0.1275,False,Bittrex,Kraken
181,01-13-2021_19-47-43,EOS/USD,25.0,2.74472938,2.7426,0.019395172576175422,-0.10810482742382457,0.1275,False,Bittrex,Kraken
182,01-13-2021_19-47-54,EOS/USD,25.0,2.74472929,2.7428,0.017572680182241975,-0.10992731981775802,0.1275,False,Bittrex,Kraken
183,01-13-2021_19-48-05,EOS/USD,25.0,2.74472921,2.7433,0.013017768700031055,-0.11448223129996894,0.1275,False,Bittrex,Kraken
184,01-13-2021_19-48-15,EOS/USD,25.0,2.744524,2.742,0.02299123636740098,-0.15950875363259903,0.18249999,False,Bittrex,Coinbase Pro
185,01-13-2021_19-48-26,EOS/USD,25.0,2.74452399,2.7418,0.02481295490515814,-0.10268704509484186,0.1275,False,Bittrex,Kraken
186,01-13-2021_19-48-36,EOS/USD,25.0,2.74452394,2.741,0.03209973821543713,-0.15040026178456287,0.1825,False,Bittrex,Coinbase Pro
187,01-13-2021_19-48-45,EOS/USD,25.0,2.74452392,2.741,0.032099556268393545,-0.15040043373160644,0.18249999,False,Bittrex,Coinbase Pro
188,01-13-2021_19-48-55,EOS/USD,25.0,2.74248668,2.7397,0.02540285810977776,-0.10209688189022224,0.12749974,False,Bittrex,Kraken
189,01-13-2021_19-49-06,EOS/USD,25.0,2.74248668,2.7412,0.011729136274234908,-0.06077086372576509,0.0725,False,Bittrex,Binance US
190,01-13-2021_19-49-16,EOS/USD,25.0,2.74248668,2.7409,0.014463880641345099,-0.1130361193586549,0.1275,False,Bittrex,Kraken
191,01-13-2021_19-49-27,EOS/USD,25.0,2.74540101,2.7423,0.028238224477086134,-0.04426177552291386,0.0725,False,Bittrex,Binance US
192,01-13-2021_19-49-40,EOS/USD,25.0,2.74426868,2.7405,0.03433227973873041,-0.038167720261269585,0.0725,False,Bittrex,Binance US
193,01-13-2021_19-49-50,EOS/USD,25.0,2.7442685,2.7405,0.0343306422093908,-0.0381693477906092,0.07249999,False,Bittrex,Binance US
194,01-13-2021_19-50-02,EOS/USD,25.0,2.74426841,2.7405,0.034329823444640445,-0.03817017655535955,0.0725,False,Bittrex,Binance US
195,01-13-2021_19-50-13,EOS/USD,25.0,2.74426831,2.7404,0.03523990334603664,-0.03726008665396336,0.07249999,False,Bittrex,Binance US
196,01-13-2021_19-50-26,EOS/USD,25.0,2.74426812,2.7405,0.034327185202298605,-0.03817281479770139,0.0725,False,Bittrex,Binance US
197,01-13-2021_19-50-37,EOS/USD,25.0,2.74426795,2.7405,0.034325638646181156,-0.038174351353818844,0.07249999,False,Bittrex,Binance US
198,01-13-2021_19-50-47,EOS/USD,25.0,2.74426779,2.7404,0.03523517287647523,-0.03726482712352477,0.0725,False,Bittrex,Binance US
199,01-13-2021_19-50-59,EOS/USD,25.0,2.74426775,2.74,0.03887876829802689,-0.1436212317019731,0.1825,False,Bittrex,Coinbase Pro
200,01-13-2021_19-51-10,EOS/USD,25.0,2.74236655,2.7385,0.0352482967676193,-0.037251703232380695,0.0725,False,Bittrex,Binance US
201,01-13-2021_19-51-20,EOS/USD,25.0,2.74236647,2.7374,0.04527540405640821,-0.027224595943591785,0.0725,False,Bittrex,Binance US
202,01-13-2021_19-51-30,EOS/USD,25.0,2.74009214,2.7373,0.025474873264662763,-0.047025126735337236,0.0725,False,Bittrex,Binance US
203,01-13-2021_19-51-40,EOS/USD,25.0,2.73933981,2.7374,0.0177032618673192,-0.0547967281326808,0.07249999,False,Bittrex,Binance US
204,01-13-2021_19-51-51,EOS/USD,25.0,2.73933975,2.7374,0.01770271467787099,-0.054797285322129005,0.0725,False,Bittrex,Binance US
205,01-13-2021_19-52-01,EOS/USD,25.0,2.73933975,2.7379,0.0131395713145868,-0.05936042868541319,0.0725,False,Bittrex,Binance US
206,01-13-2021_19-52-12,EOS/USD,25.0,2.73933975,2.7379,0.0131395713145868,-0.1143604286854132,0.1275,False,Bittrex,Kraken
207,01-13-2021_19-52-22,EOS/USD,25.0,2.73933975,2.7379,0.0131395713145868,-0.1143604286854132,0.1275,False,Bittrex,Kraken
208,01-13-2021_19-52-34,EOS/USD,25.0,2.73933971,2.7379,0.013139206454975369,-0.059360793545024625,0.0725,False,Bittrex,Binance US
209,01-13-2021_19-52-45,EOS/USD,25.0,2.73933971,2.7383,0.009488691711037311,-0.06301130828896269,0.0725,False,Bittrex,Binance US
210,01-13-2021_19-52-55,EOS/USD,25.0,2.7395,2.738,0.013688629311918752,-0.07631137068808125,0.09,False,Binance US,Kraken
211,01-13-2021_19-53-07,EOS/USD,25.0,2.74286313,2.7414,0.013335791202967063,-0.059164208797032936,0.0725,False,Bittrex,Binance US
212,01-13-2021_19-53-17,EOS/USD,25.0,2.74286308,2.7409,0.01789261751993737,-0.054607382480062625,0.0725,False,Bittrex,Binance US
213,01-13-2021_19-53-27,EOS/USD,25.0,2.74286308,2.741,0.01698116115952536,-0.16551883884047464,0.1825,False,Bittrex,Coinbase Pro
214,01-13-2021_19-53-39,EOS/USD,25.0,2.74199119,2.739,0.027272060637072302,-0.1552279393629277,0.1825,False,Bittrex,Coinbase Pro
215,01-13-2021_19-53-50,EOS/USD,25.0,2.7419911,2.7388,0.029094733385531434,-0.09840500661446856,0.12749974,False,Bittrex,Kraken
216,01-13-2021_19-54-00,EOS/USD,25.0,2.74199102,2.7383,0.033652736032663666,-0.03884726396733633,0.0725,False,Bittrex,Binance US
217,01-13-2021_19-54-12,EOS/USD,25.0,2.74180774,2.7383,0.031983825386676004,-0.095516174613324,0.1275,False,Bittrex,Kraken
218,01-13-2021_19-54-22,EOS/USD,25.0,2.74180765,2.7382,0.03289481302599933,-0.09460518697400067,0.1275,False,Bittrex,Kraken
219,01-13-2021_19-54-33,EOS/USD,25.0,2.74033942,2.7379,0.022254724927472797,-0.1052452750725272,0.1275,False,Bittrex,Kraken
220,01-13-2021_19-54-44,EOS/USD,25.0,2.74033925,2.7379,0.02225317540519951,-0.1052468145948005,0.12749999,False,Bittrex,Kraken
221,01-13-2021_19-54-55,EOS/USD,25.0,2.74033919,2.7369,0.03137558675719926,-0.041124413242800736,0.0725,False,Bittrex,Binance US
222,01-13-2021_19-55-05,EOS/USD,25.0,2.74033915,2.7389,0.013129305545993682,-0.11437069445400633,0.1275,False,Bittrex,Kraken
223,01-13-2021_19-55-16,EOS/USD,25.0,2.74033909,2.7367,0.03319926732133054,-0.03930073267866945,0.0725,False,Bittrex,Binance US
224,01-13-2021_19-55-26,EOS/USD,25.0,2.74033903,2.7366,0.03411101654819472,-0.038388983451805275,0.0725,False,Bittrex,Binance US
225,01-13-2021_19-55-35,EOS/USD,25.0,2.73989288,2.7367,0.029133255749767547,-0.043366744250232445,0.0725,False,Bittrex,Binance US
226,01-13-2021_19-55-48,EOS/USD,25.0,2.73989281,2.7365,0.030957506691660006,-0.04154249330833999,0.0725,False,Bittrex,Binance US
227,01-13-2021_19-55-58,EOS/USD,25.0,2.73989266,2.7366,0.030043695215418203,-0.04245630478458179,0.0725,False,Bittrex,Binance US
228,01-13-2021_19-56-08,EOS/USD,25.0,2.7398926,2.7363,0.032780481979477666,-0.03971951802052233,0.0725,False,Bittrex,Binance US
229,01-13-2021_19-56-19,EOS/USD,25.0,2.73989252,2.7369,0.02730508567540704,-0.04519491432459295,0.0725,False,Bittrex,Binance US
230,01-13-2021_19-56-30,EOS/USD,25.0,2.73989246,2.7369,0.02730453880660882,-0.045195451193391176,0.07249999,False,Bittrex,Binance US
231,01-13-2021_19-56-41,EOS/USD,25.0,2.73989239,2.7369,0.027303900792981305,-0.04519609920701869,0.0725,False,Bittrex,Binance US
232,01-13-2021_19-56-54,EOS/USD,25.0,2.73989231,2.7369,0.027303171634510518,-0.04519682836548948,0.0725,False,Bittrex,Binance US
233,01-13-2021_19-57-05,EOS/USD,25.0,2.7394,2.73764487,0.016017467328610528,-0.07148253267138946,0.0875,False,Binance US,Bittrex
234,01-13-2021_19-57-16,EOS/USD,25.0,2.74149806,2.7392,0.020956243171664075,-0.10654374682833594,0.12749999,False,Bittrex,Kraken
235,01-13-2021_19-57-28,EOS/USD,25.0,2.74039329,2.738,0.021833453693795385,-0.1606665463062046,0.1825,False,Bittrex,Coinbase Pro
236,01-13-2021_19-57-40,EOS/USD,25.0,2.74039321,2.7382,0.020008168827715122,-0.052491821172284875,0.07249999,False,Bittrex,Binance US
237,01-13-2021_19-57-52,EOS/USD,25.0,2.73940135,2.7368,0.023740132127772613,-0.048759867872227386,0.0725,False,Bittrex,Binance US
238,01-13-2021_19-58-04,EOS/USD,25.0,2.73940128,2.7368,0.02373949390868292,-0.048760506091317074,0.0725,False,Bittrex,Binance US
239,01-13-2021_19-58-16,EOS/USD,25.0,2.7394012,2.735,0.04016571212716319,-0.032334287872836806,0.0725,False,Bittrex,Binance US
240,01-13-2021_19-58-27,EOS/USD,25.0,2.74,2.739,0.009124087591243921,-0.17587591240875608,0.185,False,Coinbase Pro,Kraken
241,01-13-2021_19-58-37,EOS/USD,25.0,2.7394011,2.7371,0.021000028071828773,-0.05149996192817123,0.07249999,False,Bittrex,Binance US
242,01-13-2021_19-58-49,EOS/USD,25.0,2.73940105,2.734,0.049290427920367204,-0.1332095720796328,0.1825,False,Bittrex,Coinbase Pro
243,01-13-2021_19-59-05,EOS/USD,25.0,2.73940098,2.7354,0.03651327451887187,-0.03598672548112813,0.0725,False,Bittrex,Binance US
244,01-13-2021_19-59-17,EOS/USD,25.0,2.73799123,2.7357,0.02092072077235961,-0.051579279227640384,0.0725,False,Bittrex,Binance US
245,01-13-2021_19-59-28,EOS/USD,25.0,2.73799115,2.7358,0.020006912732353544,-0.052493087267646454,0.0725,False,Bittrex,Binance US
246,01-13-2021_19-59-40,EOS/USD,25.0,2.73387215,2.732,0.0171199483487151,-0.1653800416512849,0.18249999,False,Bittrex,Coinbase Pro
247,01-13-2021_19-59-52,EOS/USD,25.0,2.73387205,2.7305,0.03083584325023412,-0.041664156749765875,0.0725,False,Bittrex,Binance US
248,01-13-2021_20-00-05,EOS/USD,25.0,2.73295053,2.7305,0.022416523580468455,-0.050083476419531536,0.0725,False,Bittrex,Binance US
249,01-13-2021_20-00-16,EOS/USD,25.0,2.73815256,2.7334,0.043392030720158424,-0.02910796927984157,0.0725,False,Bittrex,Binance US
250,01-13-2021_20-00-27,EOS/USD,25.0,2.73487067,2.732,0.026241368846882537,-0.15625862115311745,0.18249999,False,Bittrex,Coinbase Pro
251,01-13-2021_20-00-37,EOS/USD,25.0,2.73487066,2.7328,0.01892831743640648,-0.053571682563593515,0.0725,False,Bittrex,Binance US
252,01-13-2021_20-00-49,EOS/USD,25.0,2.735,2.733,0.018281535648992504,-0.1117184643510075,0.13,False,Coinbase Pro,Binance US
253,01-13-2021_20-00-59,EOS/USD,25.0,2.735,2.7337,0.011882998171847157,-0.11811700182815285,0.13,False,Coinbase Pro,Binance US
254,01-13-2021_20-01-09,EOS/USD,25.0,2.7355,2.7343,0.010966916468651689,-0.0790330835313483,0.09,False,Binance US,Kraken
255,01-13-2021_20-01-19,EOS/USD,25.0,2.73487064,2.7339,0.008872814547453336,-0.06362718545254666,0.0725,False,Bittrex,Binance US
256,01-13-2021_20-01-30,EOS/USD,25.0,2.73487064,2.734,0.007958694528967133,-0.17454130547103286,0.1825,False,Bittrex,Coinbase Pro
257,01-13-2021_20-01-40,EOS/USD,25.0,2.735,2.7344,0.005484460694697751,-0.17951553930530226,0.185,False,Coinbase Pro,Kraken
258,01-13-2021_20-01-51,EOS/USD,25.0,2.73487062,2.7339,0.008872631788335953,-0.11862736821166404,0.1275,False,Bittrex,Kraken
259,01-13-2021_20-02-02,EOS/USD,25.0,2.73487059,2.7335,0.012528837790457029,-0.11497116220954297,0.1275,False,Bittrex,Kraken
260,01-13-2021_20-02-12,EOS/USD,25.0,2.73487059,2.7331,0.016185317931259192,-0.11131468206874082,0.1275,False,Bittrex,Kraken
261,01-13-2021_20-02-23,EOS/USD,25.0,2.73487059,2.7331,0.016185317931259192,-0.11131468206874082,0.1275,False,Bittrex,Kraken
262,01-13-2021_20-02-34,EOS/USD,25.0,2.73487054,2.7315,0.03081078199774809,-0.09668921800225191,0.1275,False,Bittrex,Kraken
263,01-13-2021_20-02-46,EOS/USD,25.0,2.73487045,2.731,0.03538056071357941,-0.14711943928642057,0.1825,False,Bittrex,Coinbase Pro
264,01-13-2021_20-02-56,EOS/USD,25.0,2.73487037,2.7306,0.03903631088737826,-0.08846368911262174,0.1275,False,Bittrex,Kraken
265,01-13-2021_20-03-08,EOS/USD,25.0,2.73487019,2.73,0.04451938905370959,-0.08298060094629042,0.12749999,False,Bittrex,Kraken
266,01-13-2021_20-03-19,EOS/USD,25.0,2.73487018,2.7299,0.04543341797671668,-0.08206658202328332,0.1275,False,Bittrex,Kraken
267,01-13-2021_20-03-29,EOS/USD,25.0,2.73487018,2.7331,0.016181572464988882,-0.11131842753501112,0.1275,False,Bittrex,Kraken
268,01-13-2021_20-03-38,EOS/USD,25.0,2.734529,2.7323,0.020378280866652523,-0.052121709133347474,0.07249999,False,Bittrex,Binance US
269,01-13-2021_20-03-50,EOS/USD,25.0,2.73612872,2.7343,0.016709009216494243,-0.11079099078350577,0.1275,False,Bittrex,Kraken
270,01-13-2021_20-04-00,EOS/USD,25.0,2.7361287,2.7348,0.012140328048166947,-0.06035967195183305,0.0725,False,Bittrex,Binance US
271,01-13-2021_20-04-10,EOS/USD,25.0,2.73612867,2.7328,0.030414048473821412,-0.04208595152617858,0.0725,False,Bittrex,Binance US
272,01-13-2021_20-04-21,EOS/USD,25.0,2.73612866,2.734,0.019449560533457273,-0.05305042946654273,0.07249999,False,Bittrex,Binance US
273,01-13-2021_20-04-32,EOS/USD,25.0,2.73863519,2.7367,0.017665642425344335,-0.10983435757465566,0.1275,False,Bittrex,Kraken
274,01-13-2021_20-04-42,EOS/USD,25.0,2.73863519,2.737,0.014927052040107691,-0.1675729479598923,0.1825,False,Bittrex,Coinbase Pro
275,01-13-2021_20-04-53,EOS/USD,25.0,2.73863516,2.7366,0.01857823223155894,-0.10892176776844106,0.1275,False,Bittrex,Kraken
276,01-13-2021_20-05-03,EOS/USD,25.0,2.73843081,2.7364,0.01853990607124321,-0.10896009392875679,0.1275,False,Bittrex,Kraken
277,01-13-2021_20-05-14,EOS/USD,25.0,2.73843076,2.7354,0.02766876603445811,-0.04483123396554188,0.0725,False,Bittrex,Binance US
278,01-13-2021_20-05-24,EOS/USD,25.0,2.7386,2.7371,0.013693127875557373,-0.07630687212444262,0.09,False,Binance US,Kraken
279,01-13-2021_20-05-34,EOS/USD,25.0,2.741,2.7385,0.022801897117839715,-0.16219810288216027,0.185,False,Coinbase Pro,Kraken
280,01-13-2021_20-05-44,EOS/USD,25.0,2.74049274,2.7379,0.023652133448092215,-0.04884786655190778,0.0725,False,Bittrex,Binance US
281,01-13-2021_20-05-55,EOS/USD,25.0,2.74049271,2.7376,0.02638859418823083,-0.10111140581176917,0.1275,False,Bittrex,Kraken
282,01-13-2021_20-06-05,EOS/USD,25.0,2.7404927,2.7366,0.035510950275471895,-0.036989039724528106,0.07249999,False,Bittrex,Binance US
283,01-13-2021_20-06-17,EOS/USD,25.0,2.74049268,2.7379,0.023651586619091388,-0.048848413380908604,0.0725,False,Bittrex,Binance US
284,01-13-2021_20-06-28,EOS/USD,25.0,2.74049266,2.7382,0.020914670138180266,-0.10658531986181974,0.12749999,False,Bittrex,Kraken
285,01-13-2021_20-06-38,EOS/USD,25.0,2.74049262,2.7376,0.02638777403458125,-0.046112225965418745,0.0725,False,Bittrex,Binance US
286,01-13-2021_20-06-48,EOS/USD,25.0,2.74049262,2.7382,0.020914305545547938,-0.10658569445445207,0.1275,False,Bittrex,Kraken
287,01-13-2021_20-06-58,EOS/USD,25.0,2.74049262,2.7379,0.02365103979006662,-0.04884896020993337,0.0725,False,Bittrex,Binance US
288,01-13-2021_20-07-09,EOS/USD,25.0,2.74049259,2.7379,0.023650766375547277,-0.04884923362445272,0.0725,False,Bittrex,Binance US
289,01-13-2021_20-07-19,EOS/USD,25.0,2.74049259,2.7382,0.020914032101069735,-0.10658596789893027,0.1275,False,Bittrex,Kraken
290,01-13-2021_20-07-29,EOS/USD,25.0,2.74049259,2.7382,0.020914032101069735,-0.10658596789893027,0.1275,False,Bittrex,Kraken
291,01-13-2021_20-07-40,EOS/USD,25.0,2.74049259,2.7384,0.019089542584752726,-0.10841045741524727,0.1275,False,Bittrex,Kraken
292,01-13-2021_20-07-52,EOS/USD,25.0,2.74049259,2.7385,0.018177297826592196,-0.10932270217340781,0.1275,False,Bittrex,Kraken
293,01-13-2021_20-08-02,EOS/USD,25.0,2.741,2.7385,0.022801897117839715,-0.16219810288216027,0.185,False,Coinbase Pro,Kraken
294,01-13-2021_20-08-12,EOS/USD,25.0,2.74428998,2.7385,0.0527457014582681,-0.0747542985417319,0.1275,False,Bittrex,Kraken
295,01-13-2021_20-08-22,EOS/USD,25.0,2.74224921,2.7385,0.034180062723038016,-0.09331993727696199,0.1275,False,Bittrex,Kraken
296,01-13-2021_20-08-33,EOS/USD,25.0,2.74224918,2.7385,0.034179789598841236,-0.09332021040115876,0.1275,False,Bittrex,Kraken
297,01-13-2021_20-08-45,EOS/USD,25.0,2.74224917,2.7385,0.03417969855744233,-0.09332029144255768,0.12749999,False,Bittrex,Kraken
298,01-13-2021_20-08-56,EOS/USD,25.0,2.74224917,2.7385,0.03417969855744233,-0.09332029144255768,0.12749999,False,Bittrex,Kraken
299,01-13-2021_20-09-07,EOS/USD,25.0,2.74224913,2.7385,0.03417933439183603,-0.09332066560816397,0.1275,False,Bittrex,Kraken
300,01-13-2021_20-09-17,EOS/USD,25.0,2.74224913,2.7385,0.03417933439183603,-0.09332066560816397,0.1275,False,Bittrex,Kraken
301,01-13-2021_20-09-28,EOS/USD,25.0,2.74565075,2.7411,0.04143598744304913,-0.08606375255695087,0.12749974,False,Bittrex,Kraken
302,01-13-2021_20-09-38,EOS/USD,25.0,2.74503586,2.7409,0.037666721046044224,-0.08983327895395578,0.1275,False,Bittrex,Kraken
303,01-13-2021_20-09-47,EOS/USD,25.0,2.74265633,2.7409,0.01600938824150895,-0.11149061175849105,0.1275,False,Bittrex,Kraken
304,01-13-2021_20-09-58,EOS/USD,25.0,2.74496635,2.7405,0.04067763890803208,-0.08682236109196792,0.1275,False,Bittrex,Kraken
305,01-13-2021_20-10-08,EOS/USD,25.0,2.74270702,2.741,0.015559627655745777,-0.1669403723442542,0.1825,False,Bittrex,Coinbase Pro
306,01-13-2021_20-10-18,EOS/USD,25.0,2.74270702,2.7411,0.01464811943348069,-0.11285162056651932,0.12749974,False,Bittrex,Kraken
307,01-13-2021_20-10-28,EOS/USD,25.0,2.74902284,2.7411,0.0720514202784869,-0.055448319721513095,0.12749974,False,Bittrex,Kraken
308,01-13-2021_20-10-40,EOS/USD,25.0,2.74757426,2.7411,0.05890887185702548,-0.06859086814297452,0.12749974,False,Bittrex,Kraken
309,01-13-2021_20-10-50,EOS/USD,25.0,2.74757418,2.7411,0.05890814565741868,-0.06859159434258133,0.12749974,False,Bittrex,Kraken
310,01-13-2021_20-11-00,EOS/USD,25.0,2.74757412,2.7411,0.05890760100768481,-0.0685921389923152,0.12749974,False,Bittrex,Kraken
311,01-13-2021_20-11-11,EOS/USD,25.0,2.74757405,2.7411,0.0589069655829659,-0.0685927744170341,0.12749974,False,Bittrex,Kraken
312,01-13-2021_20-11-22,EOS/USD,25.0,2.74555907,2.7411,0.040602568423343297,-0.0868971715766567,0.12749974,False,Bittrex,Kraken
313,01-13-2021_20-11-34,EOS/USD,25.0,2.74555905,2.7411,0.04060238660683613,-0.08689735339316387,0.12749974,False,Bittrex,Kraken
314,01-13-2021_20-11-45,EOS/USD,25.0,2.74555905,2.7411,0.04060238660683613,-0.08689735339316387,0.12749974,False,Bittrex,Kraken
315,01-13-2021_20-11-58,EOS/USD,25.0,2.74802581,2.7411,0.06300714111560922,-0.06449259888439078,0.12749974,False,Bittrex,Kraken
316,01-13-2021_20-12-10,EOS/USD,25.0,2.74802575,2.7411,0.06300659664488382,-0.06449314335511618,0.12749974,False,Bittrex,Kraken
317,01-13-2021_20-12-22,EOS/USD,25.0,2.74802565,2.7411,0.06300568919362468,-0.06449404080637533,0.12749973,False,Bittrex,Kraken
318,01-13-2021_20-12-33,EOS/USD,25.0,2.74802557,2.7411,0.06300496323256498,-0.06449477676743502,0.12749974,False,Bittrex,Kraken
319,01-13-2021_20-12-44,EOS/USD,25.0,2.74802546,2.7411,0.06300396503604593,-0.06449576496395408,0.12749973,False,Bittrex,Kraken
320,01-13-2021_20-12-55,EOS/USD,25.0,2.74650341,2.7411,0.04918444648863551,-0.07831529351136449,0.12749974,False,Bittrex,Kraken
321,01-13-2021_20-13-06,EOS/USD,25.0,2.74650332,2.7411,0.04918362887688135,-0.07831611112311865,0.12749974,False,Bittrex,Kraken
322,01-13-2021_20-13-17,EOS/USD,25.0,2.74650331,2.7411,0.04918353803112803,-0.07831620196887197,0.12749974,False,Bittrex,Kraken
323,01-13-2021_20-13-28,EOS/USD,25.0,2.74650327,2.7411,0.0491831746481041,-0.0783165653518959,0.12749974,False,Bittrex,Kraken
324,01-13-2021_20-13-39,EOS/USD,25.0,2.74650327,2.7411,0.0491831746481041,-0.0783165653518959,0.12749974,False,Bittrex,Kraken
325,01-13-2021_20-13-49,EOS/USD,25.0,2.74650327,2.7411,0.0491831746481041,-0.0783165653518959,0.12749974,False,Bittrex,Kraken
326,01-13-2021_20-14-01,EOS/USD,25.0,2.74650327,2.7439,0.023696221559567125,-0.10380377844043287,0.1275,False,Bittrex,Kraken
327,01-13-2021_20-14-13,EOS/USD,25.0,2.74650327,2.7439,0.023696221559567125,-0.10380377844043287,0.1275,False,Bittrex,Kraken
328,01-13-2021_20-14-24,EOS/USD,25.0,2.74650325,2.7431,0.03097802633220858,-0.09652196366779142,0.12749999,False,Bittrex,Kraken
329,01-13-2021_20-14-34,EOS/USD,25.0,2.7465032,2.7438,0.024605833337459946,-0.10289416666254006,0.1275,False,Bittrex,Kraken
330,01-13-2021_20-14-44,EOS/USD,25.0,2.7465032,2.7441,0.021875088294088168,-0.050624911705911824,0.0725,False,Bittrex,Binance US
331,01-13-2021_20-14-54,EOS/USD,25.0,2.7465032,2.7445,0.01823409490292849,-0.10926590509707151,0.1275,False,Bittrex,Kraken
332,01-13-2021_20-15-05,EOS/USD,25.0,2.74885286,2.7454,0.031402735757925314,-0.09609726424207468,0.1275,False,Bittrex,Kraken
333,01-13-2021_20-15-15,EOS/USD,25.0,2.75024999,2.7454,0.04408681045027346,-0.08341317954972655,0.12749999,False,Bittrex,Kraken
334,01-13-2021_20-15-25,EOS/USD,25.0,2.7503,2.7454,0.04454059557139336,-0.04545940442860664,0.09,False,Binance US,Kraken
335,01-13-2021_20-15-35,EOS/USD,25.0,2.75024999,2.7454,0.04408681045027346,-0.08341317954972655,0.12749999,False,Bittrex,Kraken
336,01-13-2021_20-15-45,EOS/USD,25.0,2.75024999,2.7454,0.04408681045027346,-0.08341317954972655,0.12749999,False,Bittrex,Kraken
337,01-13-2021_20-15-56,EOS/USD,25.0,2.75024997,2.7475,0.024997455049513104,-0.1025025449504869,0.1275,False,Bittrex,Kraken
338,01-13-2021_20-16-07,EOS/USD,25.0,2.75024997,2.7476,0.024088446767624394,-0.10341155323237561,0.1275,False,Bittrex,Kraken
339,01-13-2021_20-16-18,EOS/USD,25.0,2.75024997,2.7476,0.024088446767624394,-0.10341155323237561,0.1275,False,Bittrex,Kraken
340,01-13-2021_20-16-29,EOS/USD,25.0,2.751,2.7476,0.030897855325336874,-0.15410214467466313,0.185,False,Coinbase Pro,Kraken
341,01-13-2021_20-16-39,EOS/USD,25.0,2.75349251,2.7476,0.053500327117289304,-0.0739996728827107,0.1275,False,Bittrex,Kraken
342,01-13-2021_20-16-50,EOS/USD,25.0,2.75349243,2.7476,0.05349960232140789,-0.07400039767859212,0.1275,False,Bittrex,Kraken
343,01-13-2021_20-17-01,EOS/USD,25.0,2.75349235,2.7476,0.05349887752548435,-0.07400112247451565,0.1275,False,Bittrex,Kraken
344,01-13-2021_20-17-11,EOS/USD,25.0,2.75293819,2.7476,0.048477205367261106,-0.0790227946327389,0.1275,False,Bittrex,Kraken
345,01-13-2021_20-17-20,EOS/USD,25.0,2.75293812,2.7476,0.04847657091544273,-0.07902342908455727,0.1275,False,Bittrex,Kraken
346,01-13-2021_20-17-29,EOS/USD,25.0,2.75293809,2.7476,0.0484762990075084,-0.0790237009924916,0.1275,False,Bittrex,Kraken
347,01-13-2021_20-17-39,EOS/USD,25.0,2.75293805,2.7476,0.0484759364635921,-0.0790240635364079,0.1275,False,Bittrex,Kraken
348,01-13-2021_20-17-49,EOS/USD,25.0,2.75293803,2.7476,0.04847575519163,-0.07902424480837,0.1275,False,Bittrex,Kraken
349,01-13-2021_20-18-00,EOS/USD,25.0,2.75293801,2.7496,0.030313159866609023,-0.09718684013339098,0.1275,False,Bittrex,Kraken
350,01-13-2021_20-18-11,EOS/USD,25.0,2.75293801,2.7497,0.02940503916395863,-0.04309496083604136,0.0725,False,Bittrex,Binance US
351,01-13-2021_20-18-22,EOS/USD,25.0,2.753,2.75,0.027243007628043166,-0.15775699237195684,0.185,False,Coinbase Pro,Kraken
352,01-13-2021_20-18-31,EOS/USD,25.0,2.753,2.75,0.027243007628043166,-0.15775699237195684,0.185,False,Coinbase Pro,Kraken
353,01-13-2021_20-18-42,EOS/USD,25.0,2.753,2.75,0.027243007628043166,-0.15775699237195684,0.185,False,Coinbase Pro,Kraken
354,01-13-2021_20-18-52,EOS/USD,25.0,2.752938,2.75,0.026680586340846444,-0.10081941365915356,0.1275,False,Bittrex,Kraken
355,01-13-2021_20-19-02,EOS/USD,25.0,2.752938,2.75,0.026680586340846444,-0.10081941365915356,0.1275,False,Bittrex,Kraken
356,01-13-2021_20-19-12,EOS/USD,25.0,2.753,2.75,0.027243007628043166,-0.15775699237195684,0.185,False,Coinbase Pro,Kraken
357,01-13-2021_20-19-22,EOS/USD,25.0,2.754,2.75,0.03631082062454615,-0.15868917937545385,0.195,False,Coinbase Pro,Kraken
358,01-13-2021_20-19-34,EOS/USD,25.0,2.752938,2.7499,0.027588707046799603,-0.09991129295320039,0.1275,False,Bittrex,Kraken
359,01-13-2021_20-19-45,EOS/USD,25.0,2.752938,2.7498,0.028496827752748727,-0.09900291224725127,0.12749974,False,Bittrex,Kraken
360,01-13-2021_20-19-57,EOS/USD,25.0,2.75293798,2.7493,0.033037249898380854,-0.09446275010161914,0.1275,False,Bittrex,Kraken
361,01-13-2021_20-20-09,EOS/USD,25.0,2.75293788,2.7485,0.04030130894199679,-0.03219869105800321,0.0725,False,Bittrex,Binance US
362,01-13-2021_20-20-19,EOS/USD,25.0,2.75293782,2.749,0.035760161121256094,-0.0367398388787439,0.0725,False,Bittrex,Binance US
363,01-13-2021_20-20-30,EOS/USD,25.0,2.75293782,2.749,0.035760161121256094,-0.0367398388787439,0.0725,False,Bittrex,Binance US
364,01-13-2021_20-20-42,EOS/USD,25.0,2.75267191,2.749,0.03334859838054583,-0.03915139161945417,0.07249999,False,Bittrex,Binance US
365,01-13-2021_20-20-52,EOS/USD,25.0,2.75267191,2.75,0.024266513476356416,-0.10323347652364359,0.12749999,False,Bittrex,Kraken
366,01-13-2021_20-21-02,EOS/USD,25.0,2.75267191,2.7492,0.03153218139970795,-0.09596780860029205,0.12749999,False,Bittrex,Kraken
367,01-13-2021_20-21-13,EOS/USD,25.0,2.75115526,2.7476,0.03230697347121161,-0.04019301652878839,0.07249999,False,Bittrex,Binance US
368,01-13-2021_20-21-23,EOS/USD,25.0,2.75115518,2.7453,0.053206558853581117,-0.01929344114641888,0.0725,False,Bittrex,Binance US
369,01-13-2021_20-21-34,EOS/USD,25.0,2.74922004,2.7453,0.035646837493590766,-0.03685316250640923,0.0725,False,Bittrex,Binance US
370,01-13-2021_20-21-45,EOS/USD,25.0,2.74921999,2.7453,0.0356463834674793,-0.03685361653252069,0.0725,False,Bittrex,Binance US
371,01-13-2021_20-21-54,EOS/USD,25.0,2.74921999,2.7451,0.037465081141069057,-0.03503491885893094,0.0725,False,Bittrex,Binance US
372,01-13-2021_20-22-04,EOS/USD,25.0,2.74921999,2.7451,0.037465081141069057,-0.03503491885893094,0.0725,False,Bittrex,Binance US
373,01-13-2021_20-22-13,EOS/USD,25.0,2.74864561,2.7451,0.03224870084288711,-0.04025129915711288,0.0725,False,Bittrex,Binance US
374,01-13-2021_20-22-23,EOS/USD,25.0,2.74864555,2.744,0.04225308352326273,-0.030246916476737266,0.0725,False,Bittrex,Binance US
375,01-13-2021_20-22-33,EOS/USD,25.0,2.74864547,2.7451,0.0322474291309763,-0.040252570869023695,0.0725,False,Bittrex,Binance US
376,01-13-2021_20-22-44,EOS/USD,25.0,2.74604334,2.7429,0.02861699189350584,-0.043883008106494155,0.0725,False,Bittrex,Binance US
377,01-13-2021_20-22-54,EOS/USD,25.0,2.74604334,2.744,0.01860258330809636,-0.053897416691903635,0.0725,False,Bittrex,Binance US
378,01-13-2021_20-23-05,EOS/USD,25.0,2.74574323,2.7425,0.02952961847054995,-0.04297038152945004,0.0725,False,Bittrex,Binance US
379,01-13-2021_20-23-14,EOS/USD,25.0,2.74574323,2.7439,0.016782614447163488,-0.05571738555283651,0.0725,False,Bittrex,Binance US
380,01-13-2021_20-23-24,EOS/USD,25.0,2.74574321,2.7428,0.026797935703537584,-0.04570206429646241,0.0725,False,Bittrex,Binance US
381,01-13-2021_20-23-35,EOS/USD,25.0,2.74574319,2.744,0.015871750190879667,-0.05662824980912033,0.0725,False,Bittrex,Binance US
382,01-13-2021_20-23-44,EOS/USD,25.0,2.74806523,2.7455,0.023336691320097275,-0.10416329867990273,0.12749999,False,Bittrex,Kraken
383,01-13-2021_20-23-55,EOS/USD,25.0,2.74806521,2.7455,0.023336509543747386,-0.10416349045625262,0.1275,False,Bittrex,Kraken
384,01-13-2021_20-24-06,EOS/USD,25.0,2.74806515,2.7442,0.035162466945150135,-0.037337523054849865,0.07249999,False,Bittrex,Binance US
385,01-13-2021_20-24-17,EOS/USD,25.0,2.74806508,2.744,0.03698129303400377,-0.03551869696599623,0.07249999,False,Bittrex,Binance US
386,01-13-2021_20-24-26,EOS/USD,25.0,2.74519833,2.7413,0.035501351190172226,-0.03699864880982777,0.0725,False,Bittrex,Binance US
387,01-13-2021_20-24-37,EOS/USD,25.0,2.74519833,2.7413,0.035501351190172226,-0.03699864880982777,0.0725,False,Bittrex,Binance US
388,01-13-2021_20-24-47,EOS/USD,25.0,2.74519831,2.7419,0.03003708318617207,-0.09746291681382793,0.1275,False,Bittrex,Kraken
389,01-13-2021_20-24-58,EOS/USD,25.0,2.74519829,2.7431,0.01910872893629594,-0.10839126106370407,0.12749999,False,Bittrex,Kraken
390,01-13-2021_20-25-10,EOS/USD,25.0,2.74519827,2.7411,0.03732216762616632,-0.03517783237383368,0.0725,False,Bittrex,Binance US
391,01-13-2021_20-25-21,EOS/USD,25.0,2.74479231,2.7415,0.029986877222050776,-0.09751312277794923,0.1275,False,Bittrex,Kraken
392,01-13-2021_20-25-31,EOS/USD,25.0,2.74479228,2.7409,0.03545149871960512,-0.03704850128039487,0.0725,False,Bittrex,Binance US
393,01-13-2021_20-25-42,EOS/USD,25.0,2.74479219,2.7392,0.05093454816337315,-0.021565451836626844,0.0725,False,Bittrex,Binance US
394,01-13-2021_20-25-53,EOS/USD,25.0,2.74062579,2.738,0.02395246743992896,-0.15854753256007104,0.1825,False,Bittrex,Coinbase Pro
395,01-13-2021_20-26-05,EOS/USD,25.0,2.73882476,2.7349,0.03582522015756733,-0.09167477984243266,0.1275,False,Bittrex,Kraken
396,01-13-2021_20-26-17,EOS/USD,25.0,2.73882475,2.7355,0.030348327325433907,-0.09715167267456609,0.1275,False,Bittrex,Kraken
397,01-13-2021_20-26-30,EOS/USD,25.0,2.7383353,2.735,0.03045006942721973,-0.09704993057278027,0.1275,False,Bittrex,Kraken
398,01-13-2021_20-26-42,EOS/USD,25.0,2.73637557,2.7337,0.02444446980646074,-0.04805553019353925,0.0725,False,Bittrex,Binance US
399,01-13-2021_20-26-54,EOS/USD,25.0,2.73637557,2.7341,0.020790000694236498,-0.0517099993057635,0.0725,False,Bittrex,Binance US
400,01-13-2021_20-27-08,EOS/USD,25.0,2.73577455,2.733,0.025354337037748784,-0.047145662962251214,0.0725,False,Bittrex,Binance US
401,01-13-2021_20-27-20,EOS/USD,25.0,2.736,2.7348,0.010964912280704602,-0.1740350877192954,0.185,False,Coinbase Pro,Kraken
402,01-13-2021_20-27-33,EOS/USD,25.0,2.73577453,2.734,0.016215974494068155,-0.056284015505931845,0.07249999,False,Bittrex,Binance US
403,01-13-2021_20-27-43,EOS/USD,25.0,2.73577453,2.7347,0.00981924851826063,-0.11768074148173938,0.12749999,False,Bittrex,Kraken
404,01-13-2021_20-27-54,EOS/USD,25.0,2.73840495,2.7347,0.03382397844409324,-0.038676021555906756,0.0725,False,Bittrex,Binance US
405,01-13-2021_20-28-06,EOS/USD,25.0,2.73840492,2.7345,0.03564958537979516,-0.09185041462020485,0.1275,False,Bittrex,Kraken
406,01-13-2021_20-28-19,EOS/USD,25.0,2.73795463,2.7355,0.02241299009399493,-0.10508700990600507,0.1275,False,Bittrex,Kraken
407,01-13-2021_20-28-32,EOS/USD,25.0,2.737,2.7354,0.014614541468763863,-0.17038545853123613,0.185,False,Coinbase Pro,Kraken
408,01-13-2021_20-28-45,EOS/USD,25.0,2.73685262,2.7345,0.021490196282472056,-0.10600980371752794,0.1275,False,Bittrex,Kraken
409,01-13-2021_20-28-57,EOS/USD,25.0,2.73685262,2.7345,0.021490196282472056,-0.10600980371752794,0.1275,False,Bittrex,Kraken
410,01-13-2021_20-29-11,EOS/USD,25.0,2.73579707,2.732,0.03469802312493544,-0.14780196687506456,0.18249999,False,Bittrex,Coinbase Pro
411,01-13-2021_20-29-24,EOS/USD,25.0,2.73536081,2.7313,0.037114025187776914,-0.03538597481222308,0.0725,False,Bittrex,Binance US
412,01-13-2021_20-29-36,EOS/USD,25.0,2.73227992,2.7292,0.028180860766269803,-0.0993191392337302,0.1275,False,Bittrex,Kraken
413,01-13-2021_20-29-49,EOS/USD,25.0,2.73227992,2.7299,0.021775953321792583,-0.10572404667820742,0.1275,False,Bittrex,Kraken
414,01-13-2021_20-30-03,EOS/USD,25.0,2.73487081,2.7317,0.0289850071565159,-0.0985149928434841,0.1275,False,Bittrex,Kraken
415,01-13-2021_20-30-15,EOS/USD,25.0,2.73937726,2.734,0.049073744592593456,-0.13342625540740655,0.1825,False,Bittrex,Coinbase Pro
416,01-13-2021_20-30-28,EOS/USD,25.0,2.73824874,2.7362,0.01870483833400551,-0.05379516166599449,0.0725,False,Bittrex,Binance US
417,01-13-2021_20-30-39,EOS/USD,25.0,2.73992027,2.738,0.017521221520798443,-0.16497877847920156,0.1825,False,Bittrex,Coinbase Pro
418,01-13-2021_20-30-51,EOS/USD,25.0,2.73992025,2.7371,0.025732957008512195,-0.10176704299148781,0.1275,False,Bittrex,Kraken
419,01-13-2021_20-31-02,EOS/USD,25.0,2.73811174,2.7373,0.007411494462969403,-0.0650884955370306,0.07249999,False,Bittrex,Binance US
420,01-13-2021_20-31-16,EOS/USD,25.0,2.7357382,2.734,0.015884195351734808,-0.1666158046482652,0.1825,False,Bittrex,Coinbase Pro
421,01-13-2021_20-31-28,EOS/USD,25.0,2.7362,2.735,0.01096411081061611,-0.1340358891893839,0.145,False,Binance US,Coinbase Pro
422,01-13-2021_20-31-40,EOS/USD,25.0,2.73573818,2.7337,0.018625503117407245,-0.05387449688259275,0.0725,False,Bittrex,Binance US
423,01-13-2021_20-31-52,EOS/USD,25.0,2.73573818,2.7337,0.018625503117407245,-0.05387449688259275,0.0725,False,Bittrex,Binance US
424,01-13-2021_20-32-04,EOS/USD,25.0,2.73573816,2.7326,0.028677452084812996,-0.043822547915187,0.0725,False,Bittrex,Binance US
425,01-13-2021_20-32-18,EOS/USD,25.0,2.73429383,2.7312,0.028287285423162393,-0.04421270457683761,0.07249999,False,Bittrex,Binance US
426,01-13-2021_20-32-30,EOS/USD,25.0,2.73184586,2.7276,0.03885523028740864,-0.03364475971259136,0.07249999,False,Bittrex,Binance US
427,01-13-2021_20-32-42,EOS/USD,25.0,2.72909019,2.7263,0.025559708600174588,-0.10194029139982541,0.1275,False,Bittrex,Kraken
428,01-13-2021_20-32-55,EOS/USD,25.0,2.72909016,2.7251,0.03655210863389264,-0.09094763136610737,0.12749974,False,Bittrex,Kraken
429,01-13-2021_20-33-07,EOS/USD,25.0,2.7275075,2.7241,0.03123272804932919,-0.0412672719506708,0.0725,False,Bittrex,Binance US
430,01-13-2021_20-33-20,EOS/USD,25.0,2.72560473,2.724,0.01471902714228067,-0.1677809728577193,0.1825,False,Bittrex,Coinbase Pro
431,01-13-2021_20-33-33,EOS/USD,25.0,2.72750747,2.7244,0.028482690095068548,-0.04401730990493145,0.0725,False,Bittrex,Binance US
432,01-13-2021_20-33-46,EOS/USD,25.0,2.72750668,2.7251,0.022059341024235315,-0.05044065897576468,0.0725,False,Bittrex,Binance US
433,01-13-2021_20-33-58,EOS/USD,25.0,2.72576601,2.725,0.007025639739340499,-0.1754743602606595,0.1825,False,Bittrex,Coinbase Pro
434,01-13-2021_20-34-11,EOS/USD,25.0,2.72981198,2.726,0.034910646117100416,-0.14758935388289957,0.1825,False,Bittrex,Coinbase Pro
435,01-13-2021_20-34-24,EOS/USD,25.0,2.728,2.7262,0.016495601173022782,-0.11350439882697722,0.13,False,Coinbase Pro,Binance US
436,01-13-2021_20-34-35,EOS/USD,25.0,2.72750749,2.7269,0.005568179026336155,-0.06693182097366385,0.0725,False,Bittrex,Binance US
437,01-13-2021_20-34-47,EOS/USD,25.0,2.729,2.7259,0.028398680835469776,-0.16660131916453022,0.195,False,Coinbase Pro,Kraken
438,01-13-2021_20-34-58,EOS/USD,25.0,2.73177434,2.7289,0.026304698359528256,-0.10119530164047175,0.1275,False,Bittrex,Kraken
439,01-13-2021_20-35-13,EOS/USD,25.0,2.7317743,2.7287,0.028134644944864187,-0.09936535505513582,0.1275,False,Bittrex,Kraken
440,01-13-2021_20-35-24,EOS/USD,25.0,2.7317743,2.7285,0.029964957207483926,-0.09753504279251607,0.1275,False,Bittrex,Kraken
441,01-13-2021_20-35-36,EOS/USD,25.0,2.72750749,2.7262,0.011984293396017913,-0.11551570660398208,0.1275,False,Bittrex,Kraken
442,01-13-2021_20-35-49,EOS/USD,25.0,2.72750748,2.7259,0.014733965092550923,-0.11276602490744908,0.12749999,False,Bittrex,Kraken
443,01-13-2021_20-36-00,EOS/USD,25.0,2.728,2.727,0.009164222873903354,-0.17583577712609663,0.185,False,Coinbase Pro,Kraken
444,01-13-2021_20-36-12,EOS/USD,25.0,2.7287,2.7264,0.02107230549345814,-0.06892769450654186,0.09,False,Binance US,Kraken
445,01-13-2021_20-36-24,EOS/USD,25.0,2.72750745,2.7251,0.02206639252259604,-0.10543334747740396,0.12749974,False,Bittrex,Kraken
446,01-13-2021_20-36-36,EOS/USD,25.0,2.7277,2.7259,0.016497415404918076,-0.07350258459508192,0.09,False,Binance US,Kraken
447,01-13-2021_20-36-48,EOS/USD,25.0,2.728,2.7268,0.01099706744868321,-0.1740029325513168,0.185,False,Coinbase Pro,Kraken
448,01-13-2021_20-37-00,EOS/USD,25.0,2.72750749,2.7265,0.009234530094724568,-0.11826546990527544,0.1275,False,Bittrex,Kraken
449,01-13-2021_20-37-11,EOS/USD,25.0,2.72750749,2.7265,0.009234530094724568,-0.11826546990527544,0.1275,False,Bittrex,Kraken
450,01-13-2021_20-37-23,EOS/USD,25.0,2.72948656,2.727,0.022774979335306887,-0.10472501066469311,0.12749999,False,Bittrex,Kraken
451,01-13-2021_20-37-35,EOS/USD,25.0,2.7294,2.7258,0.032974280061552425,-0.05702571993844757,0.09,False,Binance US,Kraken
452,01-13-2021_20-37-47,EOS/USD,25.0,2.7294,2.724,0.049461420092326604,-0.0955385799076734,0.145,False,Binance US,Coinbase Pro
453,01-13-2021_20-37-57,EOS/USD,25.0,2.7294,2.7263,0.0283945189418909,-0.0616054810581091,0.09,False,Binance US,Kraken
454,01-13-2021_20-38-09,EOS/USD,25.0,2.7294,2.7259,0.03205832783761849,-0.057941672162381504,0.09,False,Binance US,Kraken
455,01-13-2021_20-38-21,EOS/USD,25.0,2.7322,2.7287,0.032025473977017424,-0.05797452602298257,0.09,False,Binance US,Kraken
456,01-13-2021_20-38-32,EOS/USD,25.0,2.7322,2.7283,0.03568552814581872,-0.054314211854181275,0.08999974,False,Binance US,Kraken
457,01-13-2021_20-38-43,EOS/USD,25.0,2.7322,2.7268,0.04941073127882561,-0.04058926872117439,0.09,False,Binance US,Kraken
458,01-13-2021_20-38-57,EOS/USD,25.0,2.7322,2.7281,0.03751555523021937,-0.052484444769780626,0.09,False,Binance US,Kraken
459,01-13-2021_20-39-09,EOS/USD,25.0,2.7322,2.7289,0.03019544689261678,-0.05980455310738322,0.09,False,Binance US,Kraken
460,01-13-2021_20-39-20,EOS/USD,25.0,2.735,2.7289,0.055758683729433225,-0.03424131627056677,0.09,False,Binance US,Kraken
461,01-13-2021_20-39-32,EOS/USD,25.0,2.735,2.7289,0.055758683729433225,-0.03424131627056677,0.09,False,Binance US,Kraken
462,01-13-2021_20-39-42,EOS/USD,25.0,2.735,2.7289,0.055758683729433225,-0.03424131627056677,0.09,False,Binance US,Kraken
463,01-13-2021_20-39-54,EOS/USD,25.0,2.73203753,2.7289,0.028710531659497874,-0.09878946834050213,0.1275,False,Bittrex,Kraken
464,01-13-2021_20-40-04,EOS/USD,25.0,2.73203751,2.7289,0.028710348856083024,-0.09878965114391698,0.1275,False,Bittrex,Kraken
465,01-13-2021_20-40-15,EOS/USD,25.0,2.73203751,2.7289,0.028710348856083024,-0.09878965114391698,0.1275,False,Bittrex,Kraken
466,01-13-2021_20-40-27,EOS/USD,25.0,2.74707889,2.7289,0.1654383686083381,0.0379383686083381,0.1275,True,Bittrex,Kraken
467,01-13-2021_20-40-39,EOS/USD,25.0,2.73510683,2.7289,0.05673297594741479,-0.07076702405258521,0.1275,False,Bittrex,Kraken
468,01-13-2021_20-40-51,EOS/USD,25.0,2.73510679,2.7289,0.056732611160680124,-0.07076738883931988,0.1275,False,Bittrex,Kraken
469,01-13-2021_20-41-02,EOS/USD,25.0,2.73413335,2.7289,0.04785200034226692,-0.07964799965773309,0.1275,False,Bittrex,Kraken
470,01-13-2021_20-41-13,EOS/USD,25.0,2.73413334,2.7289,0.04785190908063208,-0.07964809091936792,0.1275,False,Bittrex,Kraken
471,01-13-2021_20-41-23,EOS/USD,25.0,2.73413334,2.732,0.0195065468167682,-0.1629934531832318,0.1825,False,Bittrex,Coinbase Pro
472,01-13-2021_20-41-35,EOS/USD,25.0,2.73413334,2.732,0.0195065468167682,-0.1629934531832318,0.1825,False,Bittrex,Coinbase Pro
473,01-13-2021_20-41-45,EOS/USD,25.0,2.73602904,2.7339,0.019453740885730916,-0.10804625911426909,0.1275,False,Bittrex,Kraken
474,01-13-2021_20-41-56,EOS/USD,25.0,2.73969725,2.7368,0.026437683944820368,-0.10106231605517964,0.1275,False,Bittrex,Kraken
475,01-13-2021_20-42-07,EOS/USD,25.0,2.73969719,2.7371,0.023699608203780323,-0.10380039179621968,0.1275,False,Bittrex,Kraken
476,01-13-2021_20-42-18,EOS/USD,25.0,2.7398,2.7376,0.02007445798963207,-0.06992554201036792,0.09,False,Binance US,Kraken
477,01-13-2021_20-42-31,EOS/USD,25.0,2.74313187,2.738,0.04677017222653644,-0.08072982777346356,0.1275,False,Bittrex,Kraken
478,01-13-2021_20-42-41,EOS/USD,25.0,2.74142145,2.738,0.031201422896868215,-0.15129857710313177,0.1825,False,Bittrex,Coinbase Pro
479,01-13-2021_20-42-52,EOS/USD,25.0,2.73490502,2.7306,0.03935255491980377,-0.08814744508019623,0.1275,False,Bittrex,Kraken
480,01-13-2021_20-43-02,EOS/USD,25.0,2.73490498,2.7318,0.028382887364520586,-0.044117112635479405,0.0725,False,Bittrex,Binance US
481,01-13-2021_20-43-13,EOS/USD,25.0,2.73490493,2.7328,0.01924134525582744,-0.10825865474417257,0.1275,False,Bittrex,Kraken
482,01-13-2021_20-43-24,EOS/USD,25.0,2.73602904,2.734,0.0185400078940686,-0.1639599921059314,0.1825,False,Bittrex,Coinbase Pro
483,01-13-2021_20-43-35,EOS/USD,25.0,2.73510662,2.7329,0.02016941482156861,-0.10733057517843139,0.12749999,False,Bittrex,Kraken
484,01-13-2021_20-43-51,EOS/USD,25.0,2.7355,2.7326,0.02650338146591028,-0.06349661853408972,0.09,False,Binance US,Kraken
485,01-13-2021_20-44-03,EOS/USD,25.0,2.7351065,2.7336,0.013770030527148367,-0.11372996947285163,0.1275,False,Bittrex,Kraken
486,01-13-2021_20-44-14,EOS/USD,25.0,2.736,2.7341,0.017361111111111226,-0.16763888888888878,0.185,False,Coinbase Pro,Kraken
487,01-13-2021_20-44-25,EOS/USD,25.0,2.73919371,2.735,0.038275040431514584,-0.1442249595684854,0.1825,False,Bittrex,Coinbase Pro
488,01-13-2021_20-44-37,EOS/USD,25.0,2.73919363,2.735,0.038274311407478515,-0.1442256785925215,0.18249999,False,Bittrex,Coinbase Pro
489,01-13-2021_20-44-48,EOS/USD,25.0,2.73919358,2.735,0.038273855767432835,-0.14422614423256716,0.1825,False,Bittrex,Coinbase Pro
490,01-13-2021_20-44-58,EOS/USD,25.0,2.73602903,2.735,0.009402586638492359,-0.17309741336150763,0.1825,False,Bittrex,Coinbase Pro
491,01-13-2021_20-45-08,EOS/USD,25.0,2.73870959,2.7344,0.03933960372921546,-0.033160396270784535,0.0725,False,Bittrex,Binance US
492,01-13-2021_20-45-19,EOS/USD,25.0,2.73510668,2.7334,0.01559975715462632,-0.05690024284537368,0.0725,False,Bittrex,Binance US
493,01-13-2021_20-45-30,EOS/USD,25.0,2.73602901,2.7339,0.019453466979138377,-0.10804653302086162,0.1275,False,Bittrex,Kraken
494,01-13-2021_20-45-40,EOS/USD,25.0,2.73602904,2.735,0.009402677977425156,-0.17309732202257483,0.1825,False,Bittrex,Coinbase Pro
495,01-13-2021_20-45-50,EOS/USD,25.0,2.73510668,2.733,0.019255921673956476,-0.10824407832604352,0.1275,False,Bittrex,Kraken
496,01-13-2021_20-46-00,EOS/USD,25.0,2.736029,2.734,0.018539642671914634,-0.16396035732808537,0.1825,False,Bittrex,Coinbase Pro
497,01-13-2021_20-46-12,EOS/USD,25.0,2.73489827,2.7311,0.034720395651132226,-0.03777960434886777,0.0725,False,Bittrex,Binance US
498,01-13-2021_20-46-23,EOS/USD,25.0,2.73489819,2.732,0.026492668087214982,-0.156007331912785,0.1825,False,Bittrex,Coinbase Pro
499,01-13-2021_20-46-35,EOS/USD,25.0,2.736029,2.7344,0.014884710651823141,-0.11261528934817686,0.1275,False,Bittrex,Kraken
500,01-13-2021_20-46-46,EOS/USD,25.0,2.73966825,2.7356,0.03712356413956321,-0.09037617586043678,0.12749974,False,Bittrex,Kraken
501,01-13-2021_20-46-57,EOS/USD,25.0,2.73966818,2.735,0.04259804192783587,-0.08490195807216414,0.1275,False,Bittrex,Kraken
502,01-13-2021_20-47-08,EOS/USD,25.0,2.73966829,2.7358,0.035298890144107725,-0.09220110985589228,0.1275,False,Bittrex,Kraken
503,01-13-2021_20-47-18,EOS/USD,25.0,2.7366,2.7341,0.022838558795585273,-0.06716144120441472,0.09,False,Binance US,Kraken
504,01-13-2021_20-47-28,EOS/USD,25.0,2.73602902,2.7339,0.01945355828133656,-0.10804644171866344,0.1275,False,Bittrex,Kraken
505,01-13-2021_20-47-38,EOS/USD,25.0,2.737,2.7353,0.015527950310559323,-0.16947204968944068,0.185,False,Coinbase Pro,Kraken
506,01-13-2021_20-47-48,EOS/USD,25.0,2.73890641,2.735,0.0356566583083786,-0.0918433416916214,0.1275,False,Bittrex,Kraken
507,01-13-2021_20-48-01,EOS/USD,25.0,2.73602904,2.7349,0.010316410969087472,-0.11718358903091253,0.1275,False,Bittrex,Kraken
508,01-13-2021_20-48-12,EOS/USD,25.0,2.73602904,2.7354,0.005747746010767778,-0.12175225398923223,0.1275,False,Bittrex,Kraken
509,01-13-2021_20-48-24,EOS/USD,25.0,2.73890638,2.7361,0.02561588103643029,-0.10188411896356972,0.1275,False,Bittrex,Kraken
510,01-13-2021_20-48-36,EOS/USD,25.0,2.73890633,2.7361,0.025615425117512667,-0.10188457488248734,0.1275,False,Bittrex,Kraken
511,01-13-2021_20-48-46,EOS/USD,25.0,2.73890631,2.736,0.02652801584877638,-0.10097171415122362,0.12749973,False,Bittrex,Kraken
512,01-13-2021_20-48-57,EOS/USD,25.0,2.73890631,2.7377,0.011010873168569196,-0.0614891168314308,0.07249999,False,Bittrex,Binance US
513,01-13-2021_20-49-08,EOS/USD,25.0,2.739,2.738,0.009127418765971979,-0.17587258123402802,0.185,False,Coinbase Pro,Kraken
514,01-13-2021_20-49-17,EOS/USD,25.0,2.74212983,2.738,0.03765166363403107,-0.14484833636596892,0.1825,False,Bittrex,Coinbase Pro
515,01-13-2021_20-49-28,EOS/USD,25.0,2.74212977,2.738,0.037651117437815795,-0.0898488825621842,0.1275,False,Bittrex,Kraken
516,01-13-2021_20-49-38,EOS/USD,25.0,2.74022469,2.738,0.020296602027914428,-0.10720339797208557,0.1275,False,Bittrex,Kraken
517,01-13-2021_20-49-49,EOS/USD,25.0,2.74022469,2.738,0.020296602027914428,-0.10720339797208557,0.1275,False,Bittrex,Kraken
518,01-13-2021_20-49-59,EOS/USD,25.0,2.74022469,2.738,0.020296602027914428,-0.10720339797208557,0.1275,False,Bittrex,Kraken
519,01-13-2021_20-50-09,EOS/USD,25.0,2.74200494,2.738,0.03651470445563985,-0.09098529554436016,0.1275,False,Bittrex,Kraken
520,01-13-2021_20-50-22,EOS/USD,25.0,2.74200493,2.738,0.03651461341464288,-0.09098538658535713,0.1275,False,Bittrex,Kraken
521,01-13-2021_20-50-33,EOS/USD,25.0,2.7425,2.738,0.041020966271651506,-0.04897903372834849,0.09,False,Binance US,Kraken
522,01-13-2021_20-50-42,EOS/USD,25.0,2.7425,2.738,0.041020966271651506,-0.04897903372834849,0.09,False,Binance US,Kraken
523,01-13-2021_20-50-53,EOS/USD,25.0,2.7425,2.738,0.041020966271651506,-0.04897903372834849,0.09,False,Binance US,Kraken
524,01-13-2021_20-51-03,EOS/USD,25.0,2.74466439,2.7399,0.043396835851395865,-0.08410316414860414,0.1275,False,Bittrex,Kraken
525,01-13-2021_20-51-13,EOS/USD,25.0,2.74443734,2.7399,0.041332151529465844,-0.08616784847053416,0.1275,False,Bittrex,Kraken
526,01-13-2021_20-51-24,EOS/USD,25.0,2.7425,2.7399,0.02370100273473252,-0.06629899726526747,0.09,False,Binance US,Kraken
527,01-13-2021_20-51-33,EOS/USD,25.0,2.74443723,2.7399,0.04133115115917542,-0.08616883884082459,0.12749999,False,Bittrex,Kraken
528,01-13-2021_20-51-43,EOS/USD,25.0,2.74443717,2.7399,0.04133060550261995,-0.08616939449738005,0.1275,False,Bittrex,Kraken
529,01-13-2021_20-51-54,EOS/USD,25.0,2.74443711,2.7399,0.04133005984604061,-0.0861699401539594,0.1275,False,Bittrex,Kraken
530,01-13-2021_20-52-04,EOS/USD,25.0,2.74200489,2.7399,0.019191158335243028,-0.10830883166475698,0.12749999,False,Bittrex,Kraken
531,01-13-2021_20-52-14,EOS/USD,25.0,2.7424,2.7399,0.02279025670945109,-0.0672097432905489,0.09,False,Binance US,Kraken
532,01-13-2021_20-52-24,EOS/USD,25.0,2.7425,2.7399,0.02370100273473252,-0.06629899726526747,0.09,False,Binance US,Kraken
533,01-13-2021_20-52-34,EOS/USD,25.0,2.744437,2.7399,0.04132905947558656,-0.08617094052441344,0.1275,False,Bittrex,Kraken
534,01-13-2021_20-52-45,EOS/USD,25.0,2.7444369,2.7399,0.04132815004783109,-0.08617183995216893,0.12749999,False,Bittrex,Kraken
535,01-13-2021_20-52-55,EOS/USD,25.0,2.7446,2.7399,0.0428113386285811,-0.047188661371418895,0.09,False,Binance US,Kraken
536,01-13-2021_20-53-06,EOS/USD,25.0,2.7445,2.7399,0.04190198578976077,-0.04809801421023922,0.09,False,Binance US,Kraken
537,01-13-2021_20-53-15,EOS/USD,25.0,2.74402884,2.7399,0.03761658714928003,-0.08988341285071996,0.1275,False,Bittrex,Kraken
538,01-13-2021_20-53-26,EOS/USD,25.0,2.7445,2.7399,0.04190198578976077,-0.04809801421023922,0.09,False,Binance US,Kraken
539,01-13-2021_20-53-36,EOS/USD,25.0,2.7440287,2.7399,0.03761531357160982,-0.08988468642839018,0.1275,False,Bittrex,Kraken
540,01-13-2021_20-53-46,EOS/USD,25.0,2.74402865,2.7399,0.03761485872241328,-0.08988514127758672,0.1275,False,Bittrex,Kraken
541,01-13-2021_20-53-56,EOS/USD,25.0,2.7422,2.7397,0.02279191889723531,-0.06720782110276469,0.08999974,False,Binance US,Kraken
542,01-13-2021_20-54-07,EOS/USD,25.0,2.7423,2.7399,0.02187944426211738,-0.06812055573788262,0.09,False,Binance US,Kraken
543,01-13-2021_20-54-18,EOS/USD,25.0,2.74200486,2.738,0.03651397612767379,-0.1459860138723262,0.18249999,False,Bittrex,Coinbase Pro
544,01-13-2021_20-54-29,EOS/USD,25.0,2.7512,2.7398,0.10359116022099517,0.013591160220995172,0.09,True,Binance US,Kraken
545,01-13-2021_20-54-41,EOS/USD,25.0,2.74200489,2.738,0.03651424925066452,-0.14598574074933549,0.18249999,False,Bittrex,Coinbase Pro
546,01-13-2021_20-54-51,EOS/USD,25.0,2.74200483,2.739,0.027396286533894153,-0.15510370346610586,0.18249999,False,Bittrex,Coinbase Pro
547,01-13-2021_20-55-02,EOS/USD,25.0,2.74200476,2.739,0.027395649014118145,-0.15510435098588185,0.1825,False,Bittrex,Coinbase Pro
548,01-13-2021_20-55-13,EOS/USD,25.0,2.7429,2.7399,0.027343322760582902,-0.06265667723941709,0.09,False,Binance US,Kraken
549,01-13-2021_20-55-23,EOS/USD,25.0,2.7429,2.7399,0.027343322760582902,-0.06265667723941709,0.09,False,Binance US,Kraken
550,01-13-2021_20-55-35,EOS/USD,25.0,2.7468229,2.7399,0.06300824854780568,-0.06449174145219433,0.12749999,False,Bittrex,Kraken
551,01-13-2021_20-55-46,EOS/USD,25.0,2.74682284,2.7399,0.06300770383866562,-0.06449229616133438,0.1275,False,Bittrex,Kraken
552,01-13-2021_20-55-56,EOS/USD,25.0,2.7468228,2.7399,0.06300734069922435,-0.06449265930077565,0.1275,False,Bittrex,Kraken
553,01-13-2021_20-56-08,EOS/USD,25.0,2.74682275,2.7399,0.06300688677491292,-0.06449310322508708,0.12749999,False,Bittrex,Kraken
554,01-13-2021_20-56-17,EOS/USD,25.0,2.74682268,2.7399,0.06300625128084515,-0.06449374871915485,0.1275,False,Bittrex,Kraken
555,01-13-2021_20-56-28,EOS/USD,25.0,2.7468226,2.7399,0.06300552500186743,-0.06449447499813257,0.1275,False,Bittrex,Kraken
556,01-13-2021_20-56-39,EOS/USD,25.0,2.74682252,2.7399,0.06300479872285143,-0.06449520127714857,0.1275,False,Bittrex,Kraken
557,01-13-2021_20-56-50,EOS/USD,25.0,2.74200493,2.7397,0.021015005979582255,-0.10648473402041775,0.12749974,False,Bittrex,Kraken
558,01-13-2021_20-57-02,EOS/USD,25.0,2.74454479,2.741,0.03228941656295444,-0.15021057343704555,0.18249999,False,Bittrex,Coinbase Pro
559,01-13-2021_20-57-13,EOS/USD,25.0,2.7445447,2.742,0.02317961882712337,-0.1593203811728766,0.1825,False,Bittrex,Coinbase Pro
560,01-13-2021_20-57-25,EOS/USD,25.0,2.74454459,2.742,0.023178617768420434,-0.15932138223157957,0.1825,False,Bittrex,Coinbase Pro
561,01-13-2021_20-57-35,EOS/USD,25.0,2.74889381,2.7436,0.04814491178908434,-0.07935508821091566,0.1275,False,Bittrex,Kraken
562,01-13-2021_20-57-45,EOS/USD,25.0,2.74889374,2.743,0.05360101696765035,-0.13889898303234965,0.1925,False,Bittrex,Coinbase Pro
563,01-13-2021_20-57-57,EOS/USD,25.0,2.74889366,2.743,0.05360029096214577,-0.13889970903785423,0.1925,False,Bittrex,Coinbase Pro
564,01-13-2021_20-58-07,EOS/USD,25.0,2.74889359,2.744,0.04450508759053132,-0.13799491240946868,0.1825,False,Bittrex,Coinbase Pro
565,01-13-2021_20-58-19,EOS/USD,25.0,2.74889352,2.743,0.053599020452421146,-0.13890097954757885,0.1925,False,Bittrex,Coinbase Pro
566,01-13-2021_20-58-30,EOS/USD,25.0,2.74871371,2.741,0.0701574519377646,-0.1123425480622354,0.1825,False,Bittrex,Coinbase Pro
567,01-13-2021_20-58-42,EOS/USD,25.0,2.74745541,2.741,0.058739897802381896,-0.1237601021976181,0.1825,False,Bittrex,Coinbase Pro
568,01-13-2021_20-58-54,EOS/USD,25.0,2.74745541,2.741,0.058739897802381896,-0.1237601021976181,0.1825,False,Bittrex,Coinbase Pro
569,01-13-2021_20-59-05,EOS/USD,25.0,2.74745541,2.741,0.058739897802381896,-0.1237601021976181,0.1825,False,Bittrex,Coinbase Pro
570,01-13-2021_20-59-17,EOS/USD,25.0,2.74745517,2.741,0.05873771909442778,-0.12376228090557222,0.1825,False,Bittrex,Coinbase Pro
571,01-13-2021_20-59-28,EOS/USD,25.0,2.74687358,2.742,0.04435569983530088,-0.1381443001646991,0.1825,False,Bittrex,Coinbase Pro
572,01-13-2021_20-59-38,EOS/USD,25.0,2.74687349,2.743,0.03525362575034486,-0.15724637424965515,0.1925,False,Bittrex,Coinbase Pro
573,01-13-2021_20-59-49,EOS/USD,25.0,2.74874925,2.7447,0.0368281137320911,-0.0906718862679089,0.1275,False,Bittrex,Kraken
574,01-13-2021_21-00-00,EOS/USD,25.0,2.74687342,2.744,0.026151732903657,-0.156348267096343,0.1825,False,Bittrex,Coinbase Pro
575,01-13-2021_21-00-11,EOS/USD,25.0,2.74687336,2.744,0.026151187399477655,-0.15634881260052233,0.1825,False,Bittrex,Coinbase Pro
576,01-13-2021_21-00-22,EOS/USD,25.0,2.74687329,2.744,0.02615055097790564,-0.15634944902209436,0.1825,False,Bittrex,Coinbase Pro
577,01-13-2021_21-00-33,EOS/USD,25.0,2.74874921,2.7447,0.036827750466186096,-0.0906722495338139,0.1275,False,Bittrex,Kraken
578,01-13-2021_21-00-43,EOS/USD,25.0,2.7468734,2.7446,0.020690797034912316,-0.10680919296508769,0.12749999,False,Bittrex,Kraken
579,01-13-2021_21-00-53,EOS/USD,25.0,2.74874909,2.744,0.04319319301711701,-0.139306796982883,0.18249999,False,Bittrex,Coinbase Pro
580,01-13-2021_21-01-04,EOS/USD,25.0,2.74687334,2.742,0.04435351940908985,-0.13814648059091014,0.1825,False,Bittrex,Coinbase Pro
581,01-13-2021_21-01-14,EOS/USD,25.0,2.74500112,2.741,0.036440057991669036,-0.14605994200833095,0.1825,False,Bittrex,Coinbase Pro
582,01-13-2021_21-01-24,EOS/USD,25.0,2.74279971,2.739,0.034633498630492525,-0.14786650136950746,0.1825,False,Bittrex,Coinbase Pro
583,01-13-2021_21-01-35,EOS/USD,25.0,2.74411309,2.739,0.046582354956807216,-0.1359176450431928,0.1825,False,Bittrex,Coinbase Pro
584,01-13-2021_21-01-45,EOS/USD,25.0,2.74411301,2.738,0.05569203944701948,-0.12680796055298052,0.1825,False,Bittrex,Coinbase Pro
585,01-13-2021_21-01-55,EOS/USD,25.0,2.74187978,2.736,0.05361084795628685,-0.12888914204371316,0.18249999,False,Bittrex,Coinbase Pro
586,01-13-2021_21-02-05,EOS/USD,25.0,2.74187971,2.7358,0.05543377758173327,-0.01706621241826673,0.07249999,False,Bittrex,Binance US
587,01-13-2021_21-02-16,EOS/USD,25.0,2.74031218,2.7349,0.04937557880722908,-0.07812442119277092,0.1275,False,Bittrex,Kraken
588,01-13-2021_21-02-26,EOS/USD,25.0,2.74031211,2.7349,0.0493749414551174,-0.07812505854488261,0.1275,False,Bittrex,Kraken
589,01-13-2021_21-02-37,EOS/USD,25.0,2.74031202,2.736,0.03933876843703342,-0.14316123156296656,0.1825,False,Bittrex,Coinbase Pro
590,01-13-2021_21-02-49,EOS/USD,25.0,2.74031196,2.7368,0.03203978279903559,-0.09546021720096441,0.1275,False,Bittrex,Kraken
591,01-13-2021_21-02-59,EOS/USD,25.0,2.74387782,2.741,0.026220373033953987,-0.156279626966046,0.1825,False,Bittrex,Coinbase Pro
592,01-13-2021_21-03-10,EOS/USD,25.0,2.74387778,2.7407,0.028953366866072017,-0.043546623133927986,0.07249999,False,Bittrex,Binance US
593,01-13-2021_21-03-20,EOS/USD,25.0,2.74387774,2.742,0.01710845177817444,-0.16539154822182556,0.1825,False,Bittrex,Coinbase Pro
594,01-13-2021_21-03-31,EOS/USD,25.0,2.74687337,2.7444,0.02251077558773393,-0.10498922441226607,0.1275,False,Bittrex,Kraken
595,01-13-2021_21-03-42,EOS/USD,25.0,2.7468733,2.744,0.026150641895274482,-0.1563493581047255,0.1825,False,Bittrex,Coinbase Pro
596,01-13-2021_21-03-52,EOS/USD,25.0,2.74687324,2.744,0.026150096391051512,-0.1563499036089485,0.1825,False,Bittrex,Coinbase Pro
597,01-13-2021_21-04-02,EOS/USD,25.0,2.74687316,2.744,0.026149369052042407,-0.1563506309479576,0.1825,False,Bittrex,Coinbase Pro
598,01-13-2021_21-04-13,EOS/USD,25.0,2.74687306,2.7447,0.01977757938330121,-0.10772242061669879,0.1275,False,Bittrex,Kraken
599,01-13-2021_21-04-24,EOS/USD,25.0,2.74874926,2.7447,0.036828204548565696,-0.0906717954514343,0.1275,False,Bittrex,Kraken
600,01-13-2021_21-04-35,EOS/USD,25.0,2.7468734,2.7445,0.021600922707251377,-0.10589906729274863,0.12749999,False,Bittrex,Kraken
601,01-13-2021_21-04-48,EOS/USD,25.0,2.7468733,2.7445,0.02160001336792556,-0.10589998663207445,0.1275,False,Bittrex,Kraken
602,01-13-2021_21-04-58,EOS/USD,25.0,2.74687325,2.7446,0.020689432976203074,-0.10681056702379693,0.1275,False,Bittrex,Kraken
603,01-13-2021_21-05-09,EOS/USD,25.0,2.74687316,2.743,0.03525062657061248,-0.15724937342938752,0.1925,False,Bittrex,Coinbase Pro
604,01-13-2021_21-05-18,EOS/USD,25.0,2.74508532,2.7424,0.02445570617090947,-0.10304429382909053,0.1275,False,Bittrex,Kraken
605,01-13-2021_21-05-29,EOS/USD,25.0,2.7468734,2.744,0.026151551068934544,-0.15634843893106545,0.18249999,False,Bittrex,Coinbase Pro
606,01-13-2021_21-05-39,EOS/USD,25.0,2.74687334,2.744,0.026151005564747257,-0.15634899443525274,0.1825,False,Bittrex,Coinbase Pro
607,01-13-2021_21-05-49,EOS/USD,25.0,2.7471,2.745,0.019111062575079087,-0.1258889374249209,0.145,False,Binance US,Coinbase Pro
608,01-13-2021_21-05-59,EOS/USD,25.0,2.74687323,2.744,0.026150005473674662,-0.15634999452632534,0.1825,False,Bittrex,Coinbase Pro
609,01-13-2021_21-06-10,EOS/USD,25.0,2.74687313,2.741,0.05345286915380665,-0.12904712084619335,0.18249999,False,Bittrex,Coinbase Pro
610,01-13-2021_21-06-21,EOS/USD,25.0,2.74687303,2.741,0.053451960973966615,-0.12904803902603337,0.1825,False,Bittrex,Coinbase Pro
611,01-13-2021_21-06-31,EOS/USD,25.0,2.74687301,2.742,0.04435052132242405,-0.13814947867757593,0.1825,False,Bittrex,Coinbase Pro
612,01-13-2021_21-06-41,EOS/USD,25.0,2.746873,2.742,0.04435043047130233,-0.13814956952869767,0.1825,False,Bittrex,Coinbase Pro
613,01-13-2021_21-06-53,EOS/USD,25.0,2.74580438,2.742,0.03463811941329968,-0.1478618805867003,0.1825,False,Bittrex,Coinbase Pro
614,01-13-2021_21-07-04,EOS/USD,25.0,2.74580428,2.742,0.03463721019475043,-0.14786278980524956,0.1825,False,Bittrex,Coinbase Pro
615,01-13-2021_21-07-16,EOS/USD,25.0,2.7458042,2.7429,0.02644216219058601,-0.046057837809413985,0.0725,False,Bittrex,Binance US
616,01-13-2021_21-07-28,EOS/USD,25.0,2.74580412,2.7429,0.02644143457691123,-0.04605855542308877,0.07249999,False,Bittrex,Binance US
617,01-13-2021_21-07-40,EOS/USD,25.0,2.74580403,2.743,0.025530135885189778,-0.16696986411481024,0.1925,False,Bittrex,Coinbase Pro
618,01-13-2021_21-07-51,EOS/USD,25.0,2.74580397,2.742,0.034634391616819235,-0.14786560838318075,0.1825,False,Bittrex,Coinbase Pro
619,01-13-2021_21-08-03,EOS/USD,25.0,2.74580395,2.742,0.03463420977306119,-0.1478657902269388,0.1825,False,Bittrex,Coinbase Pro
620,01-13-2021_21-08-13,EOS/USD,25.0,2.74580391,2.742,0.034633846085533104,-0.1478661539144669,0.1825,False,Bittrex,Coinbase Pro
621,01-13-2021_21-08-24,EOS/USD,25.0,2.74580382,2.742,0.03463302778856122,-0.14786697221143877,0.1825,False,Bittrex,Coinbase Pro
622,01-13-2021_21-08-35,EOS/USD,25.0,2.74580373,2.742,0.0346322094915357,-0.1478677805084643,0.18249999,False,Bittrex,Coinbase Pro
623,01-13-2021_21-08-46,EOS/USD,25.0,2.74580363,2.743,0.02552649768330555,-0.16697350231669444,0.1925,False,Bittrex,Coinbase Pro
624,01-13-2021_21-08-57,EOS/USD,25.0,2.74580361,2.743,0.025526315773180486,-0.16697368422681952,0.1925,False,Bittrex,Coinbase Pro
625,01-13-2021_21-09-07,EOS/USD,25.0,2.74687338,2.743,0.03525262602384612,-0.15724737397615388,0.1925,False,Bittrex,Coinbase Pro
626,01-13-2021_21-09-17,EOS/USD,25.0,2.74687333,2.743,0.03525217160268754,-0.15724782839731247,0.1925,False,Bittrex,Coinbase Pro
627,01-13-2021_21-09-28,EOS/USD,25.0,2.74641031,2.743,0.031043340352156154,-0.16145665964784384,0.1925,False,Bittrex,Coinbase Pro
628,01-13-2021_21-09-38,EOS/USD,25.0,2.74641026,2.744,0.021940094266906768,-0.16055990573309323,0.1825,False,Bittrex,Coinbase Pro
629,01-13-2021_21-09-48,EOS/USD,25.0,2.74641018,2.7448,0.014657133261861159,-0.11284286673813884,0.1275,False,Bittrex,Kraken
630,01-13-2021_21-09-58,EOS/USD,25.0,2.74641013,2.743,0.031041703884192206,-0.1614582961158078,0.1925,False,Bittrex,Coinbase Pro
631,01-13-2021_21-10-08,EOS/USD,25.0,2.74641006,2.744,0.021938275306199913,-0.1605617246938001,0.1825,False,Bittrex,Coinbase Pro
632,01-13-2021_21-10-19,EOS/USD,25.0,2.74641003,2.744,0.021938002462068812,-0.16056199753793118,0.1825,False,Bittrex,Coinbase Pro
633,01-13-2021_21-10-29,EOS/USD,25.0,2.74641003,2.744,0.021938002462068812,-0.16056199753793118,0.1825,False,Bittrex,Coinbase Pro
634,01-13-2021_21-10-40,EOS/USD,25.0,2.7471,2.7448,0.020931163772705475,-0.06906883622729452,0.09,False,Binance US,Kraken
635,01-13-2021_21-10-53,EOS/USD,25.0,2.74640999,2.742,0.04014322348135726,-0.14235677651864273,0.1825,False,Bittrex,Coinbase Pro
636,01-13-2021_21-11-04,EOS/USD,25.0,2.74640996,2.744,0.021937365825745115,-0.16056263417425487,0.1825,False,Bittrex,Coinbase Pro
637,01-13-2021_21-11-15,EOS/USD,25.0,2.74640996,2.743,0.0310401583309137,-0.1614598416690863,0.1925,False,Bittrex,Coinbase Pro
638,01-13-2021_21-11-26,EOS/USD,25.0,2.74640994,2.742,0.04014276907255828,-0.1423572309274417,0.1825,False,Bittrex,Coinbase Pro
639,01-13-2021_21-11-35,EOS/USD,25.0,2.74639277,2.742,0.03998672411302567,-0.14251327588697432,0.1825,False,Bittrex,Coinbase Pro
640,01-13-2021_21-11-46,EOS/USD,25.0,2.74639269,2.742,0.03998599704982445,-0.14251400295017555,0.1825,False,Bittrex,Coinbase Pro
641,01-13-2021_21-11-55,EOS/USD,25.0,2.74639261,2.7424,0.03634412998220294,-0.036155870017797055,0.0725,False,Bittrex,Binance US
642,01-13-2021_21-12-04,EOS/USD,25.0,2.74639255,2.7424,0.03634358460519404,-0.036156415394805956,0.0725,False,Bittrex,Binance US
643,01-13-2021_21-12-14,EOS/USD,25.0,2.74639246,2.7424,0.03634276653963802,-0.036157233460361975,0.0725,False,Bittrex,Binance US
644,01-13-2021_21-12-23,EOS/USD,25.0,2.74639242,2.7447,0.015405846481326192,-0.11209415351867381,0.1275,False,Bittrex,Kraken
645,01-13-2021_21-12-35,EOS/USD,25.0,2.74687342,2.7448,0.01887072757797374,-0.10862927242202626,0.1275,False,Bittrex,Kraken
646,01-13-2021_21-12-46,EOS/USD,25.0,2.7471,2.7448,0.020931163772705475,-0.06906883622729452,0.09,False,Binance US,Kraken
647,01-13-2021_21-12-57,EOS/USD,25.0,2.74687337,2.744,0.026151278316841865,-0.15634872168315814,0.1825,False,Bittrex,Coinbase Pro
648,01-13-2021_21-13-09,EOS/USD,25.0,2.7468733,2.7448,0.018869636251512972,-0.10863036374848703,0.1275,False,Bittrex,Kraken
649,01-13-2021_21-13-19,EOS/USD,25.0,2.74687324,2.7448,0.018869090588250873,-0.10863090941174913,0.1275,False,Bittrex,Kraken
650,01-13-2021_21-13-29,EOS/USD,25.0,2.74687318,2.7448,0.018868544924960894,-0.10863144507503911,0.12749999,False,Bittrex,Kraken
651,01-13-2021_21-13-39,EOS/USD,25.0,2.74874926,2.7448,0.03591869998356755,-0.09158130001643244,0.1275,False,Bittrex,Kraken
652,01-13-2021_21-13-49,EOS/USD,25.0,2.74874923,2.745,0.034099418374370374,-0.14840057162562964,0.18249999,False,Bittrex,Coinbase Pro
653,01-13-2021_21-13-58,EOS/USD,25.0,2.7471,2.7456,0.013650758982199926,-0.07634924101780007,0.09,False,Binance US,Kraken
654,01-13-2021_21-14-09,EOS/USD,25.0,2.74874921,2.7456,0.0286422092323232,-0.0988577907676768,0.1275,False,Bittrex,Kraken
655,01-13-2021_21-14-19,EOS/USD,25.0,2.74687342,2.7453,0.014320099249423719,-0.058179900750576274,0.0725,False,Bittrex,Binance US
656,01-13-2021_21-14-29,EOS/USD,25.0,2.74874917,2.7456,0.028641845847286997,-0.09885814415271302,0.12749999,False,Bittrex,Kraken
657,01-13-2021_21-14-39,EOS/USD,25.0,2.74874912,2.7456,0.028641391615977885,-0.09885860838402212,0.1275,False,Bittrex,Kraken
658,01-13-2021_21-14-49,EOS/USD,25.0,2.7471,2.745,0.019111062575079087,-0.1258889374249209,0.145,False,Binance US,Coinbase Pro
659,01-13-2021_21-14-59,EOS/USD,25.0,2.7586,2.745,0.12325092438193136,-0.02174907561806863,0.145,False,Binance US,Coinbase Pro
660,01-13-2021_21-15-10,EOS/USD,25.0,2.7583,2.7456,0.11510713120400386,0.02510713120400386,0.09,True,Binance US,Kraken
661,01-13-2021_21-15-20,EOS/USD,25.0,2.7528,2.7456,0.06538796861377594,-0.02461203138622406,0.09,False,Binance US,Kraken
662,01-13-2021_21-15-30,EOS/USD,25.0,2.7528,2.7456,0.06538796861377594,-0.02461203138622406,0.09,False,Binance US,Kraken
663,01-13-2021_21-15-40,EOS/USD,25.0,2.7528,2.7456,0.06538796861377594,-0.02461203138622406,0.09,False,Binance US,Kraken
664,01-13-2021_21-15-50,EOS/USD,25.0,2.7528,2.7456,0.06538796861377594,-0.02461203138622406,0.09,False,Binance US,Kraken
665,01-13-2021_21-16-02,EOS/USD,25.0,2.74874926,2.7456,0.02864266346359854,-0.09885733653640147,0.1275,False,Bittrex,Kraken
666,01-13-2021_21-16-13,EOS/USD,25.0,2.74874924,2.7456,0.028642481771090387,-0.09885751822890962,0.1275,False,Bittrex,Kraken
667,01-13-2021_21-16-23,EOS/USD,25.0,2.7489,2.7456,0.030012004801919484,-0.05998799519808051,0.09,False,Binance US,Kraken
668,01-13-2021_21-16-34,EOS/USD,25.0,2.7473,2.745,0.02092964001019154,-0.12407035998980845,0.145,False,Binance US,Coinbase Pro
669,01-13-2021_21-16-44,EOS/USD,25.0,2.74874926,2.7456,0.02864266346359854,-0.09885733653640147,0.1275,False,Bittrex,Kraken
670,01-13-2021_21-16-54,EOS/USD,25.0,2.7469,2.7456,0.011831519167061768,-0.07816848083293823,0.09,False,Binance US,Kraken
671,01-13-2021_21-17-05,EOS/USD,25.0,2.7469,2.7447,0.020022570898105153,-0.06997742910189485,0.09,False,Binance US,Kraken
672,01-13-2021_21-17-15,EOS/USD,25.0,2.7469,2.745,0.017292220321089343,-0.12770777967891064,0.145,False,Binance US,Coinbase Pro
673,01-13-2021_21-17-26,EOS/USD,25.0,2.7469,2.745,0.017292220321089343,-0.12770777967891064,0.145,False,Binance US,Coinbase Pro
674,01-13-2021_21-17-35,EOS/USD,25.0,2.74641701,2.743,0.03110425317384854,-0.16139574682615146,0.1925,False,Bittrex,Coinbase Pro
675,01-13-2021_21-17-45,EOS/USD,25.0,2.74641694,2.742,0.04020638614324921,-0.1422936138567508,0.1825,False,Bittrex,Coinbase Pro
676,01-13-2021_21-17-55,EOS/USD,25.0,2.74641687,2.7428,0.03292353429215669,-0.09457646570784331,0.1275,False,Bittrex,Kraken
677,01-13-2021_21-18-05,EOS/USD,25.0,2.74641682,2.743,0.031102525799415862,-0.16139746420058415,0.19249999,False,Bittrex,Coinbase Pro
678,01-13-2021_21-18-14,EOS/USD,25.0,2.74641676,2.7413,0.046576689256731224,-0.08092331074326878,0.1275,False,Bittrex,Kraken
679,01-13-2021_21-18-24,EOS/USD,25.0,2.74641676,2.7413,0.046576689256731224,-0.08092331074326878,0.1275,False,Bittrex,Kraken
680,01-13-2021_21-18-34,EOS/USD,25.0,2.74641676,2.7429,0.03201225730940845,-0.09548774269059154,0.1275,False,Bittrex,Kraken
681,01-13-2021_21-18-44,EOS/USD,25.0,2.74618049,2.742,0.038057312831612,-0.14444268716838798,0.1825,False,Bittrex,Coinbase Pro
682,01-13-2021_21-18-55,EOS/USD,25.0,2.74618044,2.7429,0.029863660379138436,-0.09763633962086157,0.1275,False,Bittrex,Kraken
683,01-13-2021_21-19-05,EOS/USD,25.0,2.74618044,2.7429,0.029863660379138436,-0.09763633962086157,0.1275,False,Bittrex,Kraken
684,01-13-2021_21-19-15,EOS/USD,25.0,2.7479,2.7429,0.045489282724989026,-0.04451071727501097,0.09,False,Binance US,Kraken
685,01-13-2021_21-19-25,EOS/USD,25.0,2.74687334,2.7429,0.03616238817913549,-0.09133761182086451,0.1275,False,Bittrex,Kraken
686,01-13-2021_21-19-36,EOS/USD,25.0,2.74687327,2.7429,0.03616175201267947,-0.09133824798732054,0.1275,False,Bittrex,Kraken
687,01-13-2021_21-19-47,EOS/USD,25.0,2.74687318,2.7418,0.046172317281864106,-0.0813276727181359,0.12749999,False,Bittrex,Kraken
688,01-13-2021_21-19-58,EOS/USD,25.0,2.74669824,2.741,0.05186445235425713,-0.07563554764574287,0.1275,False,Bittrex,Kraken
689,01-13-2021_21-20-07,EOS/USD,25.0,2.74669816,2.7408,0.05368409319500997,-0.07381590680499003,0.1275,False,Bittrex,Kraken
690,01-13-2021_21-20-18,EOS/USD,25.0,2.74669809,2.7429,0.034569598437374005,-0.092930391562626,0.12749999,False,Bittrex,Kraken
691,01-13-2021_21-20-29,EOS/USD,25.0,2.74669805,2.7429,0.03456923486729717,-0.09293076513270283,0.1275,False,Bittrex,Kraken
692,01-13-2021_21-20-41,EOS/USD,25.0,2.74669805,2.7429,0.03456923486729717,-0.09293076513270283,0.1275,False,Bittrex,Kraken
693,01-13-2021_21-20-51,EOS/USD,25.0,2.74669805,2.7429,0.03456923486729717,-0.09293076513270283,0.1275,False,Bittrex,Kraken
694,01-13-2021_21-21-01,EOS/USD,25.0,2.74669805,2.7429,0.03456923486729717,-0.09293076513270283,0.1275,False,Bittrex,Kraken
695,01-13-2021_21-21-12,EOS/USD,25.0,2.7479,2.7429,0.045489282724989026,-0.04451071727501097,0.09,False,Binance US,Kraken
696,01-13-2021_21-21-21,EOS/USD,25.0,2.7479,2.7429,0.045489282724989026,-0.04451071727501097,0.09,False,Binance US,Kraken
697,01-13-2021_21-21-32,EOS/USD,25.0,2.7468734,2.7429,0.03616293346464398,-0.09133705653535604,0.12749999,False,Bittrex,Kraken
698,01-13-2021_21-21-41,EOS/USD,25.0,2.747,2.7429,0.03731343283581881,-0.1476865671641812,0.185,False,Coinbase Pro,Kraken
699,01-13-2021_21-21-52,EOS/USD,25.0,2.74661764,2.7422,0.04020981966751133,-0.08729018033248867,0.1275,False,Bittrex,Kraken
700,01-13-2021_21-22-02,EOS/USD,25.0,2.74486475,2.7427,0.0197163630739906,-0.1077833669260094,0.12749973,False,Bittrex,Kraken
701,01-13-2021_21-22-12,EOS/USD,25.0,2.74486471,2.7422,0.02426995755284332,-0.10323004244715668,0.1275,False,Bittrex,Kraken
702,01-13-2021_21-22-22,EOS/USD,25.0,2.74486466,2.7419,0.027001877753786922,-0.10049812224621307,0.1275,False,Bittrex,Kraken
703,01-13-2021_21-22-34,EOS/USD,25.0,2.74260675,2.7396,0.027407775467631214,-0.1000922245323688,0.1275,False,Bittrex,Kraken
704,01-13-2021_21-22-45,EOS/USD,25.0,2.74117268,2.7394,0.01616716827923618,-0.11133283172076383,0.1275,False,Bittrex,Kraken
705,01-13-2021_21-22-57,EOS/USD,25.0,2.74117266,2.7384,0.025287170345557552,-0.10221282965444245,0.1275,False,Bittrex,Kraken
706,01-13-2021_21-23-09,EOS/USD,25.0,2.74117259,2.7373,0.03531873562182641,-0.09218100437817359,0.12749974,False,Bittrex,Kraken
707,01-13-2021_21-23-19,EOS/USD,25.0,2.73955689,2.7355,0.03702140677209808,-0.09047859322790192,0.1275,False,Bittrex,Kraken
708,01-13-2021_21-23-31,EOS/USD,25.0,2.73902114,2.7354,0.03305140609466376,-0.09444858390533625,0.12749999,False,Bittrex,Kraken
709,01-13-2021_21-23-42,EOS/USD,25.0,2.73902108,2.7348,0.03852726828959099,-0.03397273171040901,0.0725,False,Bittrex,Binance US
710,01-13-2021_21-23-53,EOS/USD,25.0,2.73807111,2.7353,0.025301662088679778,-0.10219833791132023,0.1275,False,Bittrex,Kraken
711,01-13-2021_21-24-04,EOS/USD,25.0,2.73759159,2.733,0.04193092586173508,-0.14056907413826492,0.1825,False,Bittrex,Coinbase Pro
712,01-13-2021_21-24-16,EOS/USD,25.0,2.7353,2.7331,0.020107483639821972,-0.05489251636017803,0.075,False,Kraken,Binance US
713,01-13-2021_21-24-26,EOS/USD,25.0,2.7353,2.731,0.03930099075055928,-0.1456990092494407,0.185,False,Kraken,Coinbase Pro
714,01-13-2021_21-24-38,EOS/USD,25.0,2.73314175,2.7292,0.03605511861944296,-0.09144488138055704,0.1275,False,Bittrex,Kraken
715,01-13-2021_21-24-49,EOS/USD,25.0,2.73314167,2.7298,0.030566198202233927,-0.09693380179776608,0.1275,False,Bittrex,Kraken
716,01-13-2021_21-25-00,EOS/USD,25.0,2.72832929,2.7266,0.01584568628077978,-0.056654313719220216,0.0725,False,Bittrex,Binance US
717,01-13-2021_21-25-11,EOS/USD,25.0,2.7295,2.7258,0.033888990657627904,-0.05611100934237209,0.09,False,Binance US,Kraken
718,01-13-2021_21-25-23,EOS/USD,25.0,2.7333,2.7308,0.022866132513810658,-0.06713386748618934,0.09,False,Binance US,Kraken
719,01-13-2021_21-25-33,EOS/USD,25.0,2.73245101,2.7297,0.025169801671945907,-0.1023301983280541,0.1275,False,Bittrex,Kraken
720,01-13-2021_21-25-43,EOS/USD,25.0,2.7341,2.7315,0.02377381953842359,-0.06622618046157641,0.09,False,Binance US,Kraken
721,01-13-2021_21-25-53,EOS/USD,25.0,2.73703867,2.7334,0.033235463932995465,-0.09426453606700454,0.1275,False,Bittrex,Kraken
722,01-13-2021_21-26-04,EOS/USD,25.0,2.73703862,2.7332,0.03506179974910066,-0.09243820025089934,0.1275,False,Bittrex,Kraken
723,01-13-2021_21-26-15,EOS/USD,25.0,2.7353035,2.734,0.011913668812255421,-0.17058633118774458,0.1825,False,Bittrex,Coinbase Pro
724,01-13-2021_21-26-25,EOS/USD,25.0,2.73498578,2.7326,0.02180797444584889,-0.10569201555415111,0.12749999,False,Bittrex,Kraken
725,01-13-2021_21-26-36,EOS/USD,25.0,2.73314165,2.7319,0.011357351346936887,-0.11614264865306312,0.1275,False,Bittrex,Kraken
726,01-13-2021_21-26-46,EOS/USD,25.0,2.73314165,2.7319,0.011357351346936887,-0.11614264865306312,0.1275,False,Bittrex,Kraken
727,01-13-2021_21-26-56,EOS/USD,25.0,2.7361914,2.7318,0.040123289620750464,-0.08737671037924954,0.1275,False,Bittrex,Kraken
728,01-13-2021_21-27-06,EOS/USD,25.0,2.73619132,2.7338,0.021848983864184664,-0.10565100613581535,0.12749999,False,Bittrex,Kraken
729,01-13-2021_21-27-17,EOS/USD,25.0,2.73619132,2.7345,0.015453232268859954,-0.11204675773114005,0.12749999,False,Bittrex,Kraken
730,01-13-2021_21-27-27,EOS/USD,25.0,2.73786999,2.7354,0.02255393799762069,-0.10494606200237931,0.1275,False,Bittrex,Kraken
731,01-13-2021_21-27-36,EOS/USD,25.0,2.73786993,2.7354,0.022553390620716738,-0.10494660937928327,0.1275,False,Bittrex,Kraken
732,01-13-2021_21-27-47,EOS/USD,25.0,2.73786988,2.733,0.04446778164636308,-0.1380322183536369,0.1825,False,Bittrex,Coinbase Pro
733,01-13-2021_21-27-56,EOS/USD,25.0,2.73680232,2.7337,0.02833891196058318,-0.09916107803941683,0.12749999,False,Bittrex,Kraken
734,01-13-2021_21-28-06,EOS/USD,25.0,2.736,2.73314165,0.026117964181289675,-0.15638203581871032,0.1825,False,Coinbase Pro,Bittrex
735,01-13-2021_21-28-16,EOS/USD,25.0,2.7336,2.7318,0.01646180860404088,-0.07353819139595912,0.09,False,Binance US,Kraken
736,01-13-2021_21-28-26,EOS/USD,25.0,2.734,2.73314165,0.007848847841990844,-0.17465115215800914,0.1825,False,Coinbase Pro,Bittrex
737,01-13-2021_21-28-36,EOS/USD,25.0,2.73586479,2.734,0.01704022441839998,-0.16545976558160003,0.18249999,False,Bittrex,Coinbase Pro
738,01-13-2021_21-28-46,EOS/USD,25.0,2.7353,2.7328,0.02284941322706784,-0.06715058677293216,0.09,False,Binance US,Kraken
739,01-13-2021_21-28-56,EOS/USD,25.0,2.734,2.7324,0.014630577907825747,-0.17036942209217426,0.185,False,Coinbase Pro,Kraken
740,01-13-2021_21-29-06,EOS/USD,25.0,2.73515665,2.7324,0.0251964544699826,-0.1023035455300174,0.1275,False,Bittrex,Kraken
741,01-13-2021_21-29-16,EOS/USD,25.0,2.73515664,2.7324,0.025196363159660447,-0.10230363684033955,0.1275,False,Bittrex,Kraken
742,01-13-2021_21-29-25,EOS/USD,25.0,2.737479,2.7345,0.027205688153222753,-0.10029431184677726,0.1275,False,Bittrex,Kraken
743,01-13-2021_21-29-36,EOS/USD,25.0,2.73747892,2.7349,0.02355196218278029,-0.10394803781721972,0.1275,False,Bittrex,Kraken
744,01-13-2021_21-29-46,EOS/USD,25.0,2.73747886,2.7348,0.024464663811139535,-0.10303533618886046,0.1275,False,Bittrex,Kraken
745,01-13-2021_21-29-55,EOS/USD,25.0,2.7384,2.7354,0.02738825591586432,-0.06261174408413568,0.09,False,Binance US,Kraken
746,01-13-2021_21-30-05,EOS/USD,25.0,2.74018328,2.7354,0.04364014658173046,-0.08385985341826954,0.1275,False,Bittrex,Kraken
747,01-13-2021_21-30-15,EOS/USD,25.0,2.73833443,2.7334,0.04504955590833408,-0.08245044409166592,0.1275,False,Bittrex,Kraken
748,01-13-2021_21-30-25,EOS/USD,25.0,2.73650973,2.7343,0.020187485319115676,-0.10731251468088432,0.1275,False,Bittrex,Kraken
749,01-13-2021_21-30-35,EOS/USD,25.0,2.73650967,2.7342,0.021100510125365457,-0.10639948987463455,0.1275,False,Bittrex,Kraken
750,01-13-2021_21-30-44,EOS/USD,25.0,2.7366,2.7353,0.011876050573705317,-0.07812394942629468,0.09,False,Binance US,Kraken
751,01-13-2021_21-30-55,EOS/USD,25.0,2.73650965,2.735,0.013791747454645639,-0.16870825254535435,0.1825,False,Bittrex,Coinbase Pro
752,01-13-2021_21-31-07,EOS/USD,25.0,2.7499,2.7347,0.13818684315792992,0.048186843157929926,0.09,True,Binance US,Kraken
753,01-13-2021_21-31-18,EOS/USD,25.0,2.7496,2.7354,0.12910968868199205,0.03910968868199205,0.09,True,Binance US,Kraken
754,01-13-2021_21-31-28,EOS/USD,25.0,2.7493,2.735,0.13003309933437585,0.04003309933437585,0.09,True,Binance US,Kraken
755,01-13-2021_21-31-39,EOS/USD,25.0,2.7489,2.7354,0.12277638328058557,0.032776383280585575,0.09,True,Binance US,Kraken
756,01-13-2021_21-31-51,EOS/USD,25.0,2.73855248,2.7353,0.02969159824171054,-0.09780839175828947,0.12749999,False,Bittrex,Kraken
757,01-13-2021_21-32-02,EOS/USD,25.0,2.73855245,2.7354,0.028778433657532954,-0.09872156634246705,0.1275,False,Bittrex,Kraken
758,01-13-2021_21-32-12,EOS/USD,25.0,2.73855238,2.7354,0.02877779536939106,-0.09872220463060893,0.1275,False,Bittrex,Kraken
759,01-13-2021_21-32-21,EOS/USD,25.0,2.73855235,2.7354,0.028777521817321995,-0.09872247818267801,0.1275,False,Bittrex,Kraken
760,01-13-2021_21-32-32,EOS/USD,25.0,2.7383191,2.7342,0.0376060993037667,-0.08989390069623329,0.1275,False,Bittrex,Kraken
761,01-13-2021_21-32-42,EOS/USD,25.0,2.73831901,2.7338,0.04125715432987573,-0.08624284567012427,0.1275,False,Bittrex,Kraken
762,01-13-2021_21-32-53,EOS/USD,25.0,2.73698538,2.7335,0.03183593914557479,-0.09566406085442522,0.1275,False,Bittrex,Kraken
763,01-13-2021_21-33-04,EOS/USD,25.0,2.73698532,2.7349,0.019047599422271893,-0.1084524005777281,0.1275,False,Bittrex,Kraken
764,01-13-2021_21-33-15,EOS/USD,25.0,2.73698528,2.7346,0.021787475597968273,-0.10571252440203173,0.1275,False,Bittrex,Kraken
765,01-13-2021_21-33-25,EOS/USD,25.0,2.73698528,2.7353,0.01539357931804249,-0.11210642068195752,0.1275,False,Bittrex,Kraken
766,01-13-2021_21-33-37,EOS/USD,25.0,2.73887205,2.7354,0.03169233480622124,-0.09580766519377876,0.1275,False,Bittrex,Kraken
767,01-13-2021_21-33-48,EOS/USD,25.0,2.73887204,2.7354,0.031692243643482894,-0.09580775635651712,0.1275,False,Bittrex,Kraken
768,01-13-2021_21-33-59,EOS/USD,25.0,2.73887196,2.7354,0.03169151434154814,-0.09580848565845186,0.1275,False,Bittrex,Kraken
769,01-13-2021_21-34-10,EOS/USD,25.0,2.73887188,2.7354,0.03169078503957078,-0.09580921496042921,0.1275,False,Bittrex,Kraken
770,01-13-2021_21-34-20,EOS/USD,25.0,2.73887188,2.7354,0.03169078503957078,-0.09580921496042921,0.1275,False,Bittrex,Kraken
771,01-13-2021_21-34-33,EOS/USD,25.0,2.73887184,2.7354,0.03169042038856411,-0.0958095796114359,0.1275,False,Bittrex,Kraken
772,01-13-2021_21-34-43,EOS/USD,25.0,2.73836923,2.7343,0.03715012164374755,-0.035349878356252445,0.0725,False,Bittrex,Binance US
773,01-13-2021_21-34-53,EOS/USD,25.0,2.73836913,2.7347,0.033497401425935776,-0.09400259857406423,0.1275,False,Bittrex,Kraken
774,01-13-2021_21-35-04,EOS/USD,25.0,2.73836905,2.7347,0.033496672042799186,-0.09400332795720082,0.1275,False,Bittrex,Kraken
775,01-13-2021_21-35-14,EOS/USD,25.0,2.73836897,2.7347,0.033495942659615925,-0.09400405734038408,0.1275,False,Bittrex,Kraken
776,01-13-2021_21-35-24,EOS/USD,25.0,2.73836887,2.7356,0.0252784607502508,-0.04722153924974919,0.0725,False,Bittrex,Binance US
777,01-13-2021_21-35-36,EOS/USD,25.0,2.73836876,2.7353,0.028016314354974918,-0.09948368564502508,0.1275,False,Bittrex,Kraken
778,01-13-2021_21-35-47,EOS/USD,25.0,2.73836866,2.7359,0.02253768855213144,-0.10496231144786856,0.1275,False,Bittrex,Kraken
779,01-13-2021_21-35-57,EOS/USD,25.0,2.73836857,2.7356,0.02527572466258799,-0.10222401533741202,0.12749974,False,Bittrex,Kraken
780,01-13-2021_21-36-09,EOS/USD,25.0,2.73836847,2.7357,0.024361860257616687,-0.10313813974238331,0.1275,False,Bittrex,Kraken
781,01-13-2021_21-36-19,EOS/USD,25.0,2.73836839,2.7357,0.02436113060741425,-0.10313886939258575,0.1275,False,Bittrex,Kraken
782,01-13-2021_21-36-29,EOS/USD,25.0,2.7383683,2.7359,0.0225344048862955,-0.1049655951137045,0.1275,False,Bittrex,Kraken
783,01-13-2021_21-36-39,EOS/USD,25.0,2.73722129,2.735,0.02028781896548856,-0.16221218103451143,0.1825,False,Bittrex,Coinbase Pro
784,01-13-2021_21-36-51,EOS/USD,25.0,2.73722125,2.7348,0.02211412394961006,-0.10538587605038995,0.1275,False,Bittrex,Kraken
785,01-13-2021_21-37-01,EOS/USD,25.0,2.73722125,2.7348,0.02211412394961006,-0.10538587605038995,0.1275,False,Bittrex,Kraken
786,01-13-2021_21-37-11,EOS/USD,25.0,2.73722125,2.7357,0.013894108852181208,-0.1136058911478188,0.1275,False,Bittrex,Kraken
787,01-13-2021_21-37-21,EOS/USD,25.0,2.73722125,2.7355,0.015720778873831612,-0.1117792211261684,0.1275,False,Bittrex,Kraken
788,01-13-2021_21-37-32,EOS/USD,25.0,2.73722125,2.7359,0.012067438830530802,-0.1154325611694692,0.1275,False,Bittrex,Kraken
789,01-13-2021_21-37-43,EOS/USD,25.0,2.73722125,2.7359,0.012067438830530802,-0.1154325611694692,0.1275,False,Bittrex,Kraken
790,01-13-2021_21-37-54,EOS/USD,25.0,2.73831475,2.736,0.021132979691246122,-0.16136702030875388,0.1825,False,Bittrex,Coinbase Pro
791,01-13-2021_21-38-06,EOS/USD,25.0,2.73831467,2.7359,0.02204522024490196,-0.10545477975509804,0.1275,False,Bittrex,Kraken
792,01-13-2021_21-38-17,EOS/USD,25.0,2.7383146,2.736,0.02113161139336959,-0.10636812860663042,0.12749974,False,Bittrex,Kraken
793,01-13-2021_21-38-28,EOS/USD,25.0,2.7383146,2.736,0.02113161139336959,-0.10636812860663042,0.12749974,False,Bittrex,Kraken
794,01-13-2021_21-38-40,EOS/USD,25.0,2.73831458,2.735,0.030261132378735563,-0.09723886762126444,0.1275,False,Bittrex,Kraken
795,01-13-2021_21-38-51,EOS/USD,25.0,2.73314165,2.7318,0.012272049639286745,-0.11522795036071326,0.1275,False,Bittrex,Kraken
796,01-13-2021_21-39-03,EOS/USD,25.0,2.7352,2.7322,0.027420298332842843,-0.06257970166715715,0.09,False,Binance US,Kraken
797,01-13-2021_21-39-14,EOS/USD,25.0,2.73708647,2.733,0.037324999089267376,-0.09017500091073263,0.1275,False,Bittrex,Kraken
798,01-13-2021_21-39-25,EOS/USD,25.0,2.73694067,2.7353,0.01498634970410238,-0.11251365029589762,0.1275,False,Bittrex,Kraken
799,01-13-2021_21-39-36,EOS/USD,25.0,2.73694067,2.7346,0.021380350199554705,-0.1061196498004453,0.1275,False,Bittrex,Kraken
800,01-13-2021_21-39-46,EOS/USD,25.0,2.73694067,2.7357,0.011332635135273637,-0.11616736486472637,0.1275,False,Bittrex,Kraken
801,01-13-2021_21-39-57,EOS/USD,25.0,2.7373,2.7346,0.024659335841887304,-0.0653406641581127,0.09,False,Binance US,Kraken
802,01-13-2021_21-40-08,EOS/USD,25.0,2.73896425,2.736,0.027056304221566414,-0.10044343577843359,0.12749974,False,Bittrex,Kraken
803,01-13-2021_21-40-18,EOS/USD,25.0,2.73896423,2.7356,0.030707137055239135,-0.09679260294476086,0.12749974,False,Bittrex,Kraken
804,01-13-2021_21-40-29,EOS/USD,25.0,2.7385,2.736,0.022822713164140463,-0.06717702683585954,0.08999974,False,Binance US,Kraken
805,01-13-2021_21-40-40,EOS/USD,25.0,2.7385,2.736,0.022822713164140463,-0.06717702683585954,0.08999974,False,Binance US,Kraken
806,01-13-2021_21-40-50,EOS/USD,25.0,2.74062383,2.736,0.04217862690042986,-0.08532111309957013,0.12749974,False,Bittrex,Kraken
807,01-13-2021_21-41-01,EOS/USD,25.0,2.74031532,2.7358,0.04119343463000019,-0.08630656536999981,0.1275,False,Bittrex,Kraken
808,01-13-2021_21-41-12,EOS/USD,25.0,2.74031528,2.736,0.039368462741262565,-0.08813127725873743,0.12749974,False,Bittrex,Kraken
809,01-13-2021_21-41-24,EOS/USD,25.0,2.74031526,2.736,0.039368280567833466,-0.08813145943216653,0.12749974,False,Bittrex,Kraken
810,01-13-2021_21-41-35,EOS/USD,25.0,2.73970944,2.736,0.033848844934444317,-0.09365089506555568,0.12749974,False,Bittrex,Kraken
811,01-13-2021_21-41-45,EOS/USD,25.0,2.73970944,2.736,0.033848844934444317,-0.09365089506555568,0.12749974,False,Bittrex,Kraken
812,01-13-2021_21-41-56,EOS/USD,25.0,2.73970942,2.736,0.033848662680437215,-0.0936510673195628,0.12749973,False,Bittrex,Kraken
813,01-13-2021_21-42-09,EOS/USD,25.0,2.74,2.736,0.03649635036496353,-0.14850338963503645,0.18499974,False,Coinbase Pro,Kraken
814,01-13-2021_21-42-19,EOS/USD,25.0,2.73970941,2.736,0.03384857155343268,-0.09365116844656732,0.12749974,False,Bittrex,Kraken
815,01-13-2021_21-42-31,EOS/USD,25.0,2.73970935,2.7367,0.02746048590884406,-0.10003951409115594,0.1275,False,Bittrex,Kraken
816,01-13-2021_21-42-42,EOS/USD,25.0,2.73943488,2.7366,0.02587102928323655,-0.10162897071676345,0.1275,False,Bittrex,Kraken
817,01-13-2021_21-42-54,EOS/USD,25.0,2.73943479,2.7363,0.02860799982758334,-0.09889174017241666,0.12749974,False,Bittrex,Kraken
818,01-13-2021_21-43-06,EOS/USD,25.0,2.73943471,2.7368,0.024044285399301476,-0.10345571460069852,0.1275,False,Bittrex,Kraken
819,01-13-2021_21-43-17,EOS/USD,25.0,2.73943471,2.7368,0.024044285399301476,-0.10345571460069852,0.1275,False,Bittrex,Kraken
820,01-13-2021_21-43-29,EOS/USD,25.0,2.73943466,2.7364,0.02769421775513316,-0.09980578224486684,0.1275,False,Bittrex,Kraken
821,01-13-2021_21-43-40,EOS/USD,25.0,2.7394346,2.7364,0.027693670803456007,-0.099806329196544,0.1275,False,Bittrex,Kraken
822,01-13-2021_21-43-52,EOS/USD,25.0,2.73943452,2.7364,0.027692941534517217,-0.09980705846548278,0.1275,False,Bittrex,Kraken
823,01-13-2021_21-44-03,EOS/USD,25.0,2.73943446,2.7368,0.024042006100776492,-0.10345799389922351,0.1275,False,Bittrex,Kraken
824,01-13-2021_21-44-14,EOS/USD,25.0,2.73943442,2.732,0.067846303836684,-0.114653696163316,0.1825,False,Bittrex,Coinbase Pro
825,01-13-2021_21-44-24,EOS/USD,25.0,2.73549304,2.731,0.041062433118092316,-0.08643730688190768,0.12749974,False,Bittrex,Kraken
826,01-13-2021_21-44-35,EOS/USD,25.0,2.73399957,2.7294,0.04205898613217308,-0.08544101386782693,0.1275,False,Bittrex,Kraken
827,01-13-2021_21-44-45,EOS/USD,25.0,2.73154223,2.7283,0.029673987504122566,-0.09782575249587744,0.12749974,False,Bittrex,Kraken
828,01-13-2021_21-44-57,EOS/USD,25.0,2.7315422,2.7283,0.029673713259856117,-0.09782602674014389,0.12749974,False,Bittrex,Kraken
829,01-13-2021_21-45-07,EOS/USD,25.0,2.73154217,2.7279,0.03333437462545197,-0.09416562537454803,0.1275,False,Bittrex,Kraken
830,01-13-2021_21-45-18,EOS/USD,25.0,2.7315421,2.7282,0.030588033038185577,-0.041911966961814415,0.0725,False,Bittrex,Binance US
831,01-13-2021_21-45-29,EOS/USD,25.0,2.7298416,2.7265,0.030602508218789348,-0.09689748178121066,0.12749999,False,Bittrex,Kraken
832,01-13-2021_21-45-40,EOS/USD,25.0,2.72984152,2.7256,0.03884401318652271,-0.08865572681347729,0.12749974,False,Bittrex,Kraken
833,01-13-2021_21-45-49,EOS/USD,25.0,2.72984145,2.725,0.04433819773672023,-0.08316180226327977,0.1275,False,Bittrex,Kraken
834,01-13-2021_21-46-00,EOS/USD,25.0,2.7281,2.726,0.019244162604010035,-0.12575583739598994,0.145,False,Binance US,Coinbase Pro
835,01-13-2021_21-46-12,EOS/USD,25.0,2.72750124,2.726,0.013760213725879647,-0.11373978627412036,0.1275,False,Bittrex,Kraken
836,01-13-2021_21-46-23,EOS/USD,25.0,2.729,2.7266,0.02198607548552748,-0.17301366451447253,0.19499974,False,Coinbase Pro,Kraken
837,01-13-2021_21-46-33,EOS/USD,25.0,2.7309067,2.7288,0.01928571928143576,-0.10821428071856425,0.1275,False,Bittrex,Kraken
838,01-13-2021_21-46-43,EOS/USD,25.0,2.7319,2.7287,0.029283648742634175,-0.060716351257365825,0.09,False,Binance US,Kraken
839,01-13-2021_21-46-53,EOS/USD,25.0,2.7309067,2.7287,0.020201166154814945,-0.10729883384518506,0.1275,False,Bittrex,Kraken
840,01-13-2021_21-47-04,EOS/USD,25.0,2.7332,2.729,0.03841650812234726,-0.05158349187765274,0.09,False,Binance US,Kraken
841,01-13-2021_21-47-15,EOS/USD,25.0,2.7622,2.7368,0.22988921873868534,0.13988921873868534,0.09,True,Binance US,Kraken
842,01-13-2021_21-47-27,EOS/USD,25.0,2.74588966,2.7378,0.07365244967636461,-0.05384755032363539,0.1275,False,Bittrex,Kraken
843,01-13-2021_21-47-38,EOS/USD,25.0,2.7459,2.7378,0.07374631268436373,-0.01625368731563627,0.09,False,Binance US,Kraken
844,01-13-2021_21-47-48,EOS/USD,25.0,2.74588956,2.741,0.04451708538489135,-0.13798291461510864,0.1825,False,Bittrex,Coinbase Pro
845,01-13-2021_21-47-58,EOS/USD,25.0,2.74483074,2.7398,0.04582012951370577,-0.08167987048629424,0.1275,False,Bittrex,Kraken
846,01-13-2021_21-48-07,EOS/USD,25.0,2.749,2.7455,0.031829756275011646,-0.05817024372498835,0.09,False,Binance US,Kraken
847,01-13-2021_21-48-17,EOS/USD,25.0,2.749,2.7457,0.03001091305929704,-0.05998908694070296,0.09,False,Binance US,Kraken
848,01-13-2021_21-48-28,EOS/USD,25.0,2.7489,2.745,0.03546873294772266,-0.10953126705227734,0.145,False,Binance US,Coinbase Pro
849,01-13-2021_21-48-40,EOS/USD,25.0,2.7489,2.745,0.03546873294772266,-0.10953126705227734,0.145,False,Binance US,Coinbase Pro
850,01-13-2021_21-48-50,EOS/USD,25.0,2.74671594,2.7432,0.032001306986264265,-0.09549869301373573,0.1275,False,Bittrex,Kraken
851,01-13-2021_21-49-01,EOS/USD,25.0,2.74671589,2.7432,0.03200085247986894,-0.09549914752013106,0.1275,False,Bittrex,Kraken
852,01-13-2021_21-49-12,EOS/USD,25.0,2.74627966,2.7429,0.03076580336322872,-0.09673419663677128,0.1275,False,Bittrex,Kraken
853,01-13-2021_21-49-23,EOS/USD,25.0,2.749,2.7448,0.038195707530010746,-0.05180429246998925,0.09,False,Binance US,Kraken
854,01-13-2021_21-49-33,EOS/USD,25.0,2.7489,2.7448,0.03728764232965705,-0.05271235767034295,0.09,False,Binance US,Kraken
855,01-13-2021_21-49-43,EOS/USD,25.0,2.7489,2.7448,0.03728764232965705,-0.05271235767034295,0.09,False,Binance US,Kraken
856,01-13-2021_21-49-54,EOS/USD,25.0,2.7489,2.7422,0.060933464294808184,-0.029066535705191812,0.09,False,Binance US,Kraken
857,01-13-2021_21-50-05,EOS/USD,25.0,2.74671589,2.744,0.024719429573035683,-0.1577805704269643,0.1825,False,Bittrex,Coinbase Pro
858,01-13-2021_21-50-16,EOS/USD,25.0,2.74671598,2.7446,0.019259180921935768,-0.10824081907806424,0.1275,False,Bittrex,Kraken
859,01-13-2021_21-50-28,EOS/USD,25.0,2.7489,2.746716,0.019862490450723396,-0.0676375095492766,0.0875,False,Binance US,Bittrex
860,01-13-2021_21-50-38,EOS/USD,25.0,2.7487,2.746716,0.01804489394986506,-0.06945510605013494,0.0875,False,Binance US,Bittrex
861,01-13-2021_21-50-49,EOS/USD,25.0,2.7503,2.746716,0.032578264189361446,-0.05492173581063855,0.0875,False,Binance US,Bittrex
862,01-13-2021_21-50-58,EOS/USD,25.0,2.7503,2.746716,0.032578264189361446,-0.05492173581063855,0.0875,False,Binance US,Bittrex
863,01-13-2021_21-51-08,EOS/USD,25.0,2.7503,2.746716,0.032578264189361446,-0.05492173581063855,0.0875,False,Binance US,Bittrex
864,01-13-2021_21-51-19,EOS/USD,25.0,2.7503,2.746716,0.032578264189361446,-0.05492173581063855,0.0875,False,Binance US,Bittrex
865,01-13-2021_21-51-29,EOS/USD,25.0,2.75275269,2.75,0.024999430660804213,-0.1675005593391958,0.19249999,False,Bittrex,Coinbase Pro
866,01-13-2021_21-51-39,EOS/USD,25.0,2.75275264,2.75,0.024998977023959867,-0.16750102297604014,0.1925,False,Bittrex,Coinbase Pro
867,01-13-2021_21-51-50,EOS/USD,25.0,2.75275256,2.7513,0.013191886741899118,-0.11430811325810089,0.1275,False,Bittrex,Kraken
868,01-13-2021_21-52-02,EOS/USD,25.0,2.7559,2.7521,0.034471497514423834,-0.05552850248557616,0.09,False,Binance US,Kraken
869,01-13-2021_21-52-14,EOS/USD,25.0,2.7558,2.7521,0.033565570796137374,-0.05643442920386262,0.09,False,Binance US,Kraken
870,01-13-2021_21-52-24,EOS/USD,25.0,2.76070169,2.7521,0.07789405526100036,-0.04960594473899964,0.1275,False,Bittrex,Kraken
871,01-13-2021_21-52-34,EOS/USD,25.0,2.76070162,2.7554,0.048009715733060704,-0.0794900242669393,0.12749974,False,Bittrex,Kraken
872,01-13-2021_21-52-43,EOS/USD,25.0,2.76070158,2.7554,0.048009354201914954,-0.07949038579808504,0.12749974,False,Bittrex,Kraken
873,01-13-2021_21-52-55,EOS/USD,25.0,2.76070155,2.7554,0.04800908305354475,-0.07949065694645524,0.12749974,False,Bittrex,Kraken
874,01-13-2021_21-53-05,EOS/USD,25.0,2.76070155,2.7554,0.04800908305354475,-0.07949065694645524,0.12749974,False,Bittrex,Kraken
875,01-13-2021_21-53-16,EOS/USD,25.0,2.75992846,2.7554,0.04101972266339067,-0.08648001733660933,0.12749974,False,Bittrex,Kraken
876,01-13-2021_21-53-26,EOS/USD,25.0,2.75596774,2.752,0.03599225729688893,-0.14650774270311107,0.1825,False,Bittrex,Coinbase Pro
877,01-13-2021_21-53-36,EOS/USD,25.0,2.75475011,2.7518,0.026772936584073734,-0.10072706341592627,0.1275,False,Bittrex,Kraken
878,01-13-2021_21-53-47,EOS/USD,25.0,2.76,2.752,0.0724637681159421,-0.1125362318840579,0.185,False,Coinbase Pro,Kraken
879,01-13-2021_21-53-57,EOS/USD,25.0,2.77599143,2.752,0.21606181615625655,0.08856181615625655,0.1275,True,Bittrex,Kraken
880,01-13-2021_21-54-09,EOS/USD,25.0,2.76101598,2.76,0.00919933103755549,-0.1733006689624445,0.1825,False,Bittrex,Coinbase Pro
881,01-13-2021_21-54-20,EOS/USD,25.0,2.76416574,2.76,0.03767628637203536,-0.08982371362796465,0.1275,False,Bittrex,Kraken
882,01-13-2021_21-54-30,EOS/USD,25.0,2.76416574,2.76,0.03767628637203536,-0.08982371362796465,0.1275,False,Bittrex,Kraken
883,01-13-2021_21-54-41,EOS/USD,25.0,2.76356968,2.7598,0.034101546518631634,-0.09339844348136837,0.12749999,False,Bittrex,Kraken
884,01-13-2021_21-54-51,EOS/USD,25.0,2.7661,2.7618,0.03886338165648159,-0.05113661834351841,0.09,False,Binance US,Kraken
885,01-13-2021_21-55-02,EOS/USD,25.0,2.76842242,2.7618,0.05980319289568349,-0.06769679710431652,0.12749999,False,Bittrex,Kraken
886,01-13-2021_21-55-11,EOS/USD,25.0,2.76842238,2.7618,0.059802832543204974,-0.06769716745679502,0.1275,False,Bittrex,Kraken
887,01-13-2021_21-55-23,EOS/USD,25.0,2.76842231,2.7618,0.05980220192633851,-0.0676977980736615,0.1275,False,Bittrex,Kraken
888,01-13-2021_21-55-34,EOS/USD,25.0,2.77109567,2.767,0.03694991519365231,-0.14555008480634768,0.1825,False,Bittrex,Coinbase Pro
889,01-13-2021_21-55-46,EOS/USD,25.0,2.77109559,2.7679,0.02882966227808659,-0.09867033772191341,0.1275,False,Bittrex,Kraken
890,01-13-2021_21-55-57,EOS/USD,25.0,2.77109554,2.7658,0.047774787295858614,-0.02472521270414138,0.0725,False,Bittrex,Binance US
891,01-13-2021_21-56-08,EOS/USD,25.0,2.77011799,2.7663,0.03445692578603789,-0.09304281421396211,0.12749974,False,Bittrex,Kraken
892,01-13-2021_21-56-17,EOS/USD,25.0,2.77293302,2.7678,0.04627789386705196,-0.08122210613294804,0.1275,False,Bittrex,Kraken
893,01-13-2021_21-56-30,EOS/USD,25.0,2.77293294,2.7679,0.045375601474155966,-0.08212439852584404,0.1275,False,Bittrex,Kraken
894,01-13-2021_21-56-41,EOS/USD,25.0,2.77908288,2.7679,0.10059865504982515,-0.02690134495017485,0.1275,False,Bittrex,Kraken
895,01-13-2021_21-56-53,EOS/USD,25.0,2.77544718,2.7679,0.06798165764408445,-0.059518332355915554,0.12749999,False,Bittrex,Kraken
896,01-13-2021_21-57-05,EOS/USD,25.0,2.77544711,2.7679,0.06798102882962133,-0.05951897117037867,0.1275,False,Bittrex,Kraken
897,01-13-2021_21-57-16,EOS/USD,25.0,2.77544708,2.7726,0.025645237667439164,-0.10185476233256084,0.1275,False,Bittrex,Kraken
898,01-13-2021_21-57-28,EOS/USD,25.0,2.775447,2.772,0.031049052639092207,-0.0964506873609078,0.12749974,False,Bittrex,Kraken
899,01-13-2021_21-57-39,EOS/USD,25.0,2.78062473,2.7716,0.08113940999151067,-0.046360330008489326,0.12749974,False,Bittrex,Kraken
900,01-13-2021_21-57-51,EOS/USD,25.0,2.77703536,2.7705,0.05883396457724605,-0.06866603542275396,0.1275,False,Bittrex,Kraken
901,01-13-2021_21-58-03,EOS/USD,25.0,2.77703527,2.7674,0.08674061600953284,-0.04075912399046716,0.12749974,False,Bittrex,Kraken
902,01-13-2021_21-58-14,EOS/USD,25.0,2.77703527,2.7675,0.08584037537268804,-0.04165962462731196,0.1275,False,Bittrex,Kraken
903,01-13-2021_21-58-24,EOS/USD,25.0,2.77703527,2.7675,0.08584037537268804,-0.04165962462731196,0.1275,False,Bittrex,Kraken
904,01-13-2021_21-58-35,EOS/USD,25.0,2.77703527,2.77,0.06333435945161597,-0.06416564054838403,0.1275,False,Bittrex,Kraken
905,01-13-2021_21-58-46,EOS/USD,25.0,2.78062479,2.777,0.03258970801306793,-0.14991029198693206,0.1825,False,Bittrex,Coinbase Pro
906,01-13-2021_21-58-59,EOS/USD,25.0,2.78062483,2.7779,0.024498360679603183,-0.10300163932039683,0.1275,False,Bittrex,Kraken
907,01-13-2021_21-59-10,EOS/USD,25.0,2.78062483,2.778,0.023599282180039732,-0.10390071781996027,0.1275,False,Bittrex,Kraken
908,01-13-2021_21-59-20,EOS/USD,25.0,2.78062483,2.7787,0.017305732683107554,-0.11019426731689244,0.1275,False,Bittrex,Kraken
909,01-13-2021_21-59-31,EOS/USD,25.0,2.78062483,2.7785,0.019103889682230465,-0.10839611031776954,0.1275,False,Bittrex,Kraken
910,01-13-2021_21-59-42,EOS/USD,25.0,2.78062479,2.7779,0.024498001400615567,-0.10300199859938444,0.1275,False,Bittrex,Kraken
911,01-13-2021_21-59-52,EOS/USD,25.0,2.78062471,2.7774,0.02899267553441273,-0.04350732446558726,0.0725,False,Bittrex,Binance US
912,01-13-2021_22-00-02,EOS/USD,25.0,2.7812,2.7778,0.030562347188264682,-0.05943765281173531,0.09,False,Binance US,Kraken
913,01-13-2021_22-00-11,EOS/USD,25.0,2.7842,2.78149358,0.024301594713023376,-0.10319840528697663,0.1275,False,Kraken,Bittrex
914,01-13-2021_22-00-21,EOS/USD,25.0,2.786,2.7844,0.014357501794686143,-0.17064249820531385,0.185,False,Coinbase Pro,Kraken
915,01-13-2021_22-00-31,EOS/USD,25.0,2.786,2.7844,0.014357501794686143,-0.17064249820531385,0.185,False,Coinbase Pro,Kraken
916,01-13-2021_22-00-41,EOS/USD,25.0,2.7861,2.7844,0.015254298122820347,-0.07474570187717965,0.09,False,Binance US,Kraken
917,01-13-2021_22-00-52,EOS/USD,25.0,2.787,2.7844,0.023322569070682756,-0.16167743092931725,0.185,False,Coinbase Pro,Kraken
918,01-13-2021_22-01-03,EOS/USD,25.0,2.787,2.7844,0.023322569070682756,-0.16167743092931725,0.185,False,Coinbase Pro,Kraken
919,01-13-2021_22-01-13,EOS/USD,25.0,2.789,2.7844,0.041233416995338265,-0.14376658300466172,0.185,False,Coinbase Pro,Kraken
920,01-13-2021_22-01-24,EOS/USD,25.0,2.789,2.7844,0.041233416995338265,-0.14376658300466172,0.185,False,Coinbase Pro,Kraken
921,01-13-2021_22-01-35,EOS/USD,25.0,2.793,2.7885,0.040279269602579396,-0.14472073039742062,0.185,False,Coinbase Pro,Kraken
922,01-13-2021_22-01-46,EOS/USD,25.0,2.793,2.7888,0.037593984962405846,-0.14740601503759415,0.185,False,Coinbase Pro,Kraken
923,01-13-2021_22-01-57,EOS/USD,25.0,2.793,2.7888,0.037593984962405846,-0.14740601503759415,0.185,False,Coinbase Pro,Kraken
924,01-13-2021_22-02-09,EOS/USD,25.0,2.79835564,2.7888,0.08536834867779587,-0.042131641322204136,0.12749999,False,Bittrex,Kraken
925,01-13-2021_22-02-20,EOS/USD,25.0,2.79616348,2.7885,0.06851781069682097,-0.003982189303179021,0.0725,False,Bittrex,Binance US
926,01-13-2021_22-02-31,EOS/USD,25.0,2.79449523,2.7888,0.05095043586815961,-0.07654955413184039,0.12749999,False,Bittrex,Kraken
927,01-13-2021_22-02-42,EOS/USD,25.0,2.79449515,2.7888,0.05094972163397528,-0.07655027836602472,0.1275,False,Bittrex,Kraken
928,01-13-2021_22-02-54,EOS/USD,25.0,2.79353547,2.7888,0.04237882470846132,-0.08512117529153868,0.1275,False,Bittrex,Kraken
929,01-13-2021_22-03-05,EOS/USD,25.0,2.79353541,2.7871,0.05759198520415318,-0.014908014795846816,0.0725,False,Bittrex,Binance US
930,01-13-2021_22-03-17,EOS/USD,25.0,2.79353534,2.7871,0.057591360200940765,-0.01490863979905923,0.0725,False,Bittrex,Binance US
931,01-13-2021_22-03-27,EOS/USD,25.0,2.79353526,2.7871,0.05759064591151735,-0.014909354088482644,0.0725,False,Bittrex,Binance US
932,01-13-2021_22-03-37,EOS/USD,25.0,2.79243138,2.788,0.03967313245133536,-0.14282686754866464,0.1825,False,Bittrex,Coinbase Pro
933,01-13-2021_22-03-47,EOS/USD,25.0,2.7924313,2.788,0.03967241736618774,-0.14282757263381227,0.18249999,False,Bittrex,Coinbase Pro
934,01-13-2021_22-03-59,EOS/USD,25.0,2.7912795,2.788,0.029372730319555083,-0.1531272696804449,0.1825,False,Bittrex,Coinbase Pro
935,01-13-2021_22-04-09,EOS/USD,25.0,2.78969151,2.7861,0.03218554799989454,-0.04031445200010546,0.0725,False,Bittrex,Binance US
936,01-13-2021_22-04-20,EOS/USD,25.0,2.78963966,2.7842,0.04874876922276407,-0.023751230777235927,0.0725,False,Bittrex,Binance US
937,01-13-2021_22-04-32,EOS/USD,25.0,2.78766501,2.7827,0.04452660185306685,-0.027973388146933148,0.07249999,False,Bittrex,Binance US
938,01-13-2021_22-04-42,EOS/USD,25.0,2.78496475,2.7781,0.061623311390207776,-0.010876688609792219,0.0725,False,Bittrex,Binance US
939,01-13-2021_22-04-53,EOS/USD,25.0,2.7797322,2.775,0.042559855226344256,-0.13994013477365574,0.18249999,False,Bittrex,Coinbase Pro
940,01-13-2021_22-05-04,EOS/USD,25.0,2.77802376,2.7747,0.029911191256332043,-0.04258879874366796,0.07249999,False,Bittrex,Binance US
941,01-13-2021_22-05-15,EOS/USD,25.0,2.7780237,2.7745,0.03171049260666572,-0.04078950739333428,0.0725,False,Bittrex,Binance US
942,01-13-2021_22-05-26,EOS/USD,25.0,2.77700843,2.7745,0.022582124462616267,-0.10491787553738374,0.1275,False,Bittrex,Kraken
943,01-13-2021_22-05-37,EOS/USD,25.0,2.77700843,2.7745,0.022582124462616267,-0.04991787553738373,0.0725,False,Bittrex,Binance US
944,01-13-2021_22-05-50,EOS/USD,25.0,2.77652721,2.7716,0.044364863256643176,-0.02813513674335682,0.0725,False,Bittrex,Binance US
945,01-13-2021_22-06-00,EOS/USD,25.0,2.775733,2.77,0.05163500956323759,-0.13086499043676242,0.1825,False,Bittrex,Coinbase Pro
946,01-13-2021_22-06-11,EOS/USD,25.0,2.77573294,2.771,0.04262784012643739,-0.1398721598735626,0.1825,False,Bittrex,Coinbase Pro
947,01-13-2021_22-06-22,EOS/USD,25.0,2.77573287,2.7731,0.02371328693456218,-0.04878671306543782,0.0725,False,Bittrex,Binance US
948,01-13-2021_22-06-34,EOS/USD,25.0,2.77926967,2.774,0.04740157150709412,-0.13509842849290588,0.1825,False,Bittrex,Coinbase Pro
949,01-13-2021_22-06-45,EOS/USD,25.0,2.77655537,2.7726,0.035614002540132146,-0.036885987459867854,0.07249999,False,Bittrex,Binance US
950,01-13-2021_22-06-56,EOS/USD,25.0,2.77655534,2.7726,0.035613732806057105,-0.03688626719394289,0.0725,False,Bittrex,Binance US
951,01-13-2021_22-07-06,EOS/USD,25.0,2.77655532,2.7726,0.035613552983339826,-0.03688644701666017,0.0725,False,Bittrex,Binance US
952,01-13-2021_22-07-16,EOS/USD,25.0,2.77655527,2.7726,0.03561310342653131,-0.036886896573468685,0.0725,False,Bittrex,Binance US
953,01-13-2021_22-07-28,EOS/USD,25.0,2.77577529,2.772,0.034002121980127024,-0.14849787801987296,0.1825,False,Bittrex,Coinbase Pro
954,01-13-2021_22-07-40,EOS/USD,25.0,2.77577527,2.772,0.03400194209526389,-0.1484980579047361,0.1825,False,Bittrex,Coinbase Pro
955,01-13-2021_22-07-51,EOS/USD,25.0,2.7757752,2.771,0.04300780553122683,-0.13949219446877317,0.1825,False,Bittrex,Coinbase Pro
956,01-13-2021_22-08-02,EOS/USD,25.0,2.77577516,2.772,0.03400095272846235,-0.14849904727153765,0.1825,False,Bittrex,Coinbase Pro
957,01-13-2021_22-08-13,EOS/USD,25.0,2.77577516,2.7734,0.021391862300544812,-0.051108137699455186,0.0725,False,Bittrex,Binance US
958,01-13-2021_22-08-23,EOS/USD,25.0,2.77577513,2.773,0.024994189641001717,-0.15750581035899827,0.1825,False,Bittrex,Coinbase Pro
959,01-13-2021_22-08-35,EOS/USD,25.0,2.77577509,2.773,0.024993829741440318,-0.15750616025855968,0.18249999,False,Bittrex,Coinbase Pro
960,01-13-2021_22-08-45,EOS/USD,25.0,2.77577509,2.773,0.024993829741440318,-0.15750616025855968,0.18249999,False,Bittrex,Coinbase Pro
961,01-13-2021_22-08-56,EOS/USD,25.0,2.77577505,2.7733,0.022291521785961593,-0.0502084782140384,0.0725,False,Bittrex,Binance US
962,01-13-2021_22-09-08,EOS/USD,25.0,2.77577505,2.7734,0.02139087243398861,-0.05110912756601138,0.0725,False,Bittrex,Binance US
963,01-13-2021_22-09-20,EOS/USD,25.0,2.77577505,2.7735,0.020490223082019626,-0.052009776917980366,0.0725,False,Bittrex,Binance US
964,01-13-2021_22-09-33,EOS/USD,25.0,2.77577505,2.7735,0.020490223082019626,-0.052009776917980366,0.0725,False,Bittrex,Binance US
965,01-13-2021_22-09-46,EOS/USD,25.0,2.77773442,2.776,0.015610023653737336,-0.17688997634626266,0.1925,False,Bittrex,Coinbase Pro
966,01-13-2021_22-09-57,EOS/USD,25.0,2.77773442,2.776,0.015610023653737336,-0.17688997634626266,0.1925,False,Bittrex,Coinbase Pro
967,01-13-2021_22-10-09,EOS/USD,25.0,2.77773442,2.7757,0.018310065798152864,-0.05418993420184713,0.0725,False,Bittrex,Binance US
968,01-13-2021_22-10-19,EOS/USD,25.0,2.77773442,2.775,0.02461016413512909,-0.1578898358648709,0.1825,False,Bittrex,Coinbase Pro
969,01-13-2021_22-10-31,EOS/USD,25.0,2.77766153,2.7731,0.04105548813933556,-0.03144450186066444,0.07249999,False,Bittrex,Binance US
970,01-13-2021_22-10-43,EOS/USD,25.0,2.77766153,2.773,0.04195552580518975,-0.14054446419481026,0.18249999,False,Bittrex,Coinbase Pro
971,01-13-2021_22-10-54,EOS/USD,25.0,2.77482911,2.7731,0.015578526924134717,-0.05692147307586528,0.0725,False,Bittrex,Binance US
972,01-13-2021_22-11-05,EOS/USD,25.0,2.7763126,2.772,0.03883388347551353,-0.14366611652448646,0.1825,False,Bittrex,Coinbase Pro
973,01-13-2021_22-11-15,EOS/USD,25.0,2.7729,2.7719,0.009015831800640936,-0.08098416819935907,0.09,False,Binance US,Kraken
974,01-13-2021_22-11-27,EOS/USD,25.0,2.77469922,2.771,0.03332991890919364,-0.03917007109080636,0.07249999,False,Bittrex,Binance US
975,01-13-2021_22-11-38,EOS/USD,25.0,2.77469917,2.7716,0.02792347755666824,-0.044576522443331754,0.0725,False,Bittrex,Binance US
976,01-13-2021_22-11-50,EOS/USD,25.0,2.77469911,2.7716,0.02792293756132679,-0.04457706243867321,0.0725,False,Bittrex,Binance US
977,01-13-2021_22-12-01,EOS/USD,25.0,2.77469911,2.7721,0.023417944585708554,-0.04908205541429144,0.0725,False,Bittrex,Binance US
978,01-13-2021_22-12-11,EOS/USD,25.0,2.776,2.7734,0.02341498559077552,-0.1715850144092245,0.195,False,Coinbase Pro,Kraken
979,01-13-2021_22-12-22,EOS/USD,25.0,2.77751912,2.7734,0.037075532354930475,-0.09042446764506953,0.1275,False,Bittrex,Kraken
980,01-13-2021_22-12-34,EOS/USD,25.0,2.7775191,2.7734,0.037075352605136384,-0.09042464739486361,0.1275,False,Bittrex,Kraken
981,01-13-2021_22-12-45,EOS/USD,25.0,2.77751908,2.7734,0.03707517285533571,-0.0904248271446643,0.1275,False,Bittrex,Kraken
982,01-13-2021_22-12-56,EOS/USD,25.0,2.77771044,2.775,0.024394551362956145,-0.04810544863704385,0.0725,False,Bittrex,Binance US
983,01-13-2021_22-13-07,EOS/USD,25.0,2.77778798,2.776,0.016091760898180776,-0.17640823910181924,0.1925,False,Bittrex,Coinbase Pro
984,01-13-2021_22-13-19,EOS/USD,25.0,2.77913497,2.7746,0.040794798102230315,-0.03170520189776968,0.0725,False,Bittrex,Binance US
985,01-13-2021_22-13-30,EOS/USD,25.0,2.77942386,2.7746,0.043389028113187136,-0.02911097188681286,0.0725,False,Bittrex,Binance US
986,01-13-2021_22-13-41,EOS/USD,25.0,2.77942383,2.7745,0.0442882257363357,-0.028211774263664294,0.0725,False,Bittrex,Binance US
987,01-13-2021_22-13-53,EOS/USD,25.0,2.77765514,2.7746,0.02749747400247683,-0.04500252599752316,0.0725,False,Bittrex,Binance US
988,01-13-2021_22-14-05,EOS/USD,25.0,2.77942372,2.7745,0.044287238075379286,-0.02821276192462071,0.0725,False,Bittrex,Binance US
989,01-13-2021_22-14-16,EOS/USD,25.0,2.77797433,2.7727,0.047465611390298694,-0.025034378609701306,0.07249999,False,Bittrex,Binance US
990,01-13-2021_22-14-28,EOS/USD,25.0,2.77592145,2.774,0.01730461429302844,-0.16519538570697156,0.1825,False,Bittrex,Coinbase Pro
991,01-13-2021_22-14-39,EOS/USD,25.0,2.77592139,2.7747,0.010999861202841814,-0.06150013879715818,0.0725,False,Bittrex,Binance US
992,01-13-2021_22-14-48,EOS/USD,25.0,2.776,2.7748,0.01080691642651178,-0.12919308357348824,0.14,False,Coinbase Pro,Binance US
993,01-13-2021_22-14-59,EOS/USD,25.0,2.776,2.7748,0.01080691642651178,-0.12919308357348824,0.14,False,Coinbase Pro,Binance US
994,01-13-2021_22-15-10,EOS/USD,25.0,2.776,2.7748,0.01080691642651178,-0.12919308357348824,0.14,False,Coinbase Pro,Binance US
995,01-13-2021_22-15-21,EOS/USD,25.0,2.778,2.7764,0.01439884809215104,-0.11560115190784896,0.13,False,Coinbase Pro,Binance US
996,01-13-2021_22-15-32,EOS/USD,25.0,2.78036653,2.7766,0.03386720742893925,-0.09363279257106075,0.1275,False,Bittrex,Kraken
997,01-13-2021_22-15-43,EOS/USD,25.0,2.78295077,2.7766,0.05705068580857089,-0.07044930419142911,0.12749999,False,Bittrex,Kraken
998,01-13-2021_22-15-54,EOS/USD,25.0,2.78295075,2.7766,0.057050506553158895,-0.07044948344684111,0.12749999,False,Bittrex,Kraken
999,01-13-2021_22-16-05,EOS/USD,25.0,2.78295075,2.7766,0.057050506553158895,-0.07044948344684111,0.12749999,False,Bittrex,Kraken
1000,01-13-2021_22-16-17,EOS/USD,25.0,2.783,2.7779,0.0458138699245428,-0.13918613007545722,0.185,False,Coinbase Pro,Kraken
1001,01-13-2021_22-16-26,EOS/USD,25.0,2.783,2.7779,0.0458138699245428,-0.13918613007545722,0.185,False,Coinbase Pro,Kraken
1002,01-13-2021_22-16-36,EOS/USD,25.0,2.785,2.7825,0.02244165170556505,-0.11755834829443496,0.14,False,Coinbase Pro,Binance US
1003,01-13-2021_22-16-46,EOS/USD,25.0,2.787,2.7851,0.017043415859347082,-0.16795658414065293,0.185,False,Coinbase Pro,Kraken
1004,01-13-2021_22-16-56,EOS/USD,25.0,2.787,2.7851,0.017043415859347082,-0.16795658414065293,0.185,False,Coinbase Pro,Kraken
1005,01-13-2021_22-17-07,EOS/USD,25.0,2.787,2.7846,0.021528525296014855,-0.10847147470398515,0.13,False,Coinbase Pro,Binance US
1006,01-13-2021_22-17-18,EOS/USD,25.0,2.7867,2.7848,0.017045250654896586,-0.05795474934510341,0.075,False,Kraken,Binance US
1007,01-13-2021_22-17-28,EOS/USD,25.0,2.7867,2.784,0.024222198299066716,-0.16077780170093328,0.185,False,Kraken,Coinbase Pro
1008,01-13-2021_22-17-40,EOS/USD,25.0,2.78669038,2.7827,0.03579855900604079,-0.03670144099395921,0.0725,False,Bittrex,Binance US
1009,01-13-2021_22-17-50,EOS/USD,25.0,2.78669036,2.784,0.02413579957265449,-0.1583641904273455,0.18249999,False,Bittrex,Coinbase Pro
1010,01-13-2021_22-18-01,EOS/USD,25.0,2.78669032,2.783,0.03310665678847323,-0.039393343211526766,0.0725,False,Bittrex,Binance US
1011,01-13-2021_22-18-12,EOS/USD,25.0,2.78649721,2.7821,0.039451053317222234,-0.03304894668277776,0.0725,False,Bittrex,Binance US
1012,01-13-2021_22-18-23,EOS/USD,25.0,2.78649721,2.7819,0.04124542080557133,-0.031254579194428665,0.0725,False,Bittrex,Binance US
1013,01-13-2021_22-18-33,EOS/USD,25.0,2.78649709,2.7824,0.03675842704720119,-0.0907415729527988,0.1275,False,Bittrex,Kraken
1014,01-13-2021_22-18-43,EOS/USD,25.0,2.78649709,2.7811,0.04842181622375402,-0.07907818377624598,0.1275,False,Bittrex,Kraken
1015,01-13-2021_22-18-53,EOS/USD,25.0,2.78649701,2.7801,0.0573929379525886,-0.015107052047411397,0.07249999,False,Bittrex,Binance US
1016,01-13-2021_22-19-03,EOS/USD,25.0,2.78523522,2.7801,0.046093234452206394,-0.0264067655477936,0.0725,False,Bittrex,Binance US
1017,01-13-2021_22-19-12,EOS/USD,25.0,2.78523522,2.7801,0.046093234452206394,-0.0264067655477936,0.0725,False,Bittrex,Binance US
1018,01-13-2021_22-19-23,EOS/USD,25.0,2.78194635,2.7801,0.01659225024235377,-0.055907739757646235,0.07249999,False,Bittrex,Binance US
1019,01-13-2021_22-19-34,EOS/USD,25.0,2.78194635,2.7801,0.01659225024235377,-0.055907739757646235,0.07249999,False,Bittrex,Binance US
1020,01-13-2021_22-19-44,EOS/USD,25.0,2.78194635,2.7786,0.030072021338586958,-0.042427968661413046,0.07249999,False,Bittrex,Binance US
1021,01-13-2021_22-19-54,EOS/USD,25.0,2.78194635,2.7801,0.01659225024235377,-0.11090773975764624,0.12749999,False,Bittrex,Kraken
1022,01-13-2021_22-20-05,EOS/USD,25.0,2.78194631,2.78,0.017490542439693217,-0.05500945756030678,0.0725,False,Bittrex,Binance US
1023,01-13-2021_22-20-15,EOS/USD,25.0,2.78194629,2.7785,0.030970134222108328,-0.04152986577789167,0.0725,False,Bittrex,Binance US
1024,01-13-2021_22-20-28,EOS/USD,25.0,2.78194627,2.7778,0.03726051474028035,-0.03523948525971964,0.0725,False,Bittrex,Binance US
1025,01-13-2021_22-20-38,EOS/USD,25.0,2.78069773,2.778,0.024254074534019506,-0.048245925465980485,0.0725,False,Bittrex,Binance US
1026,01-13-2021_22-20-48,EOS/USD,25.0,2.782,2.779,0.026959022286126108,-0.1580407177138739,0.18499974,False,Kraken,Coinbase Pro
1027,01-13-2021_22-20-59,EOS/USD,25.0,2.78069772,2.779,0.0152634353941942,-0.1672365646058058,0.1825,False,Bittrex,Coinbase Pro
1028,01-13-2021_22-21-10,EOS/USD,25.0,2.78069772,2.779,0.0152634353941942,-0.1672365646058058,0.1825,False,Bittrex,Coinbase Pro
1029,01-13-2021_22-21-20,EOS/USD,25.0,2.78356475,2.7807,0.025729148208247017,-0.101770841791753,0.12749999,False,Bittrex,Kraken
1030,01-13-2021_22-21-32,EOS/USD,25.0,2.78356471,2.7808,0.02483066039445218,-0.04766933960554781,0.0725,False,Bittrex,Binance US
1031,01-13-2021_22-21-44,EOS/USD,25.0,2.78356469,2.781,0.023034223070273016,-0.04946577692972698,0.0725,False,Bittrex,Binance US
1032,01-13-2021_22-21-54,EOS/USD,25.0,2.78356469,2.7809,0.02393235200867584,-0.04856764799132415,0.0725,False,Bittrex,Binance US
1033,01-13-2021_22-22-05,EOS/USD,25.0,2.78356467,2.7796,0.035607848837945495,-0.0368921511620545,0.0725,False,Bittrex,Binance US
1034,01-13-2021_22-22-17,EOS/USD,25.0,2.78356462,2.7795,0.03650552937405718,-0.03599447062594281,0.0725,False,Bittrex,Binance US
1035,01-13-2021_22-22-27,EOS/USD,25.0,2.78356462,2.78,0.03201488456912606,-0.15048511543087395,0.1825,False,Bittrex,Coinbase Pro
1036,01-13-2021_22-22-37,EOS/USD,25.0,2.7835646,2.78,0.03201470517336162,-0.15048529482663836,0.1825,False,Bittrex,Coinbase Pro
1037,01-13-2021_22-22-47,EOS/USD,25.0,2.78356457,2.78,0.03201443607970615,-0.15048556392029383,0.1825,False,Bittrex,Coinbase Pro
1038,01-13-2021_22-22-57,EOS/USD,25.0,2.78356455,2.78,0.03201425668393527,-0.15048573331606474,0.18249999,False,Bittrex,Coinbase Pro
1039,01-13-2021_22-23-08,EOS/USD,25.0,2.78356449,2.779,0.04099500852591995,-0.14150499147408005,0.1825,False,Bittrex,Coinbase Pro
1040,01-13-2021_22-23-18,EOS/USD,25.0,2.7835644,2.7788,0.042790459599210295,-0.0297095404007897,0.0725,False,Bittrex,Binance US
1041,01-13-2021_22-23-28,EOS/USD,25.0,2.78356433,2.7788,0.042789831984949886,-0.02971016801505011,0.0725,False,Bittrex,Binance US
1042,01-13-2021_22-23-39,EOS/USD,25.0,2.78356431,2.7787,0.043687781727592565,-0.02881221827240743,0.0725,False,Bittrex,Binance US
1043,01-13-2021_22-23-51,EOS/USD,25.0,2.78356427,2.7787,0.043687423103757464,-0.02881257689624253,0.0725,False,Bittrex,Binance US
1044,01-13-2021_22-24-01,EOS/USD,25.0,2.78356425,2.7787,0.04368724379183804,-0.028812756208161955,0.0725,False,Bittrex,Binance US
1045,01-13-2021_22-24-12,EOS/USD,25.0,2.78356423,2.7787,0.04368706447991604,-0.028812935520083953,0.0725,False,Bittrex,Binance US
1046,01-13-2021_22-24-22,EOS/USD,25.0,2.7835642,2.7789,0.04189053731902136,-0.030609452680978637,0.07249999,False,Bittrex,Binance US
