,Date,Symbol,Investment,High,Low,Adjusted Spread,Adj. Spread after fees,Fees,Profitable,Sell exchange,Buy exchange
0,01-13-2021_19-15-09,ETH/USD,25.0,1105.155,1104.32,0.018888753161322085,-0.10811124683867791,0.127,False,Bittrex,Kraken
1,01-13-2021_19-15-19,ETH/USD,25.0,1105.54,1105.02,0.011758959422544228,-0.13824104057745576,0.15,False,Binance US,Coinbase Pro
2,01-13-2021_19-15-29,ETH/USD,25.0,1105.155,1104.47,0.015495563970663514,-0.16650443602933648,0.182,False,Bittrex,Coinbase Pro
3,01-13-2021_19-15-41,ETH/USD,25.0,1105.155,1104.07,0.024544068479082942,-0.15745593152091705,0.182,False,Bittrex,Coinbase Pro
4,01-13-2021_19-15-51,ETH/USD,25.0,1104.466,1103.29,0.026619198780223452,-0.15538080121977654,0.182,False,Bittrex,Coinbase Pro
5,01-13-2021_19-16-02,ETH/USD,25.0,1104.417,1103.4,0.023021195798322222,-0.15897880420167776,0.182,False,Bittrex,Coinbase Pro
6,01-13-2021_19-16-13,ETH/USD,25.0,1104.417,1103.51,0.02053119428621448,-0.16146880571378552,0.182,False,Bittrex,Coinbase Pro
7,01-13-2021_19-16-24,ETH/USD,25.0,1104.405,1102.9,0.03406811812695257,-0.14793188187304743,0.182,False,Bittrex,Coinbase Pro
8,01-13-2021_19-16-34,ETH/USD,25.0,1103.72,1102.69,0.023330192440111003,-0.161669807559889,0.185,False,Kraken,Coinbase Pro
9,01-13-2021_19-16-45,ETH/USD,25.0,1101.939,1100.0,0.043990638320271766,-0.018029361679728233,0.06202,False,Bittrex,Binance US
10,01-13-2021_19-16-57,ETH/USD,25.0,1099.666,1097.14,0.05742652769113168,-0.12457347230886831,0.182,False,Bittrex,Coinbase Pro
11,01-13-2021_19-17-09,ETH/USD,25.0,1097.388,1096.63,0.017268277036012122,-0.16473172296398786,0.182,False,Bittrex,Coinbase Pro
12,01-13-2021_19-17-21,ETH/USD,25.0,1098.19,1097.59,0.013658838634483476,-0.1713151513655165,0.18497398999999998,False,Kraken,Coinbase Pro
13,01-13-2021_19-17-32,ETH/USD,25.0,1099.76,1098.996,0.017367425620132947,-0.07463257437986705,0.092,False,Binance US,Bittrex
14,01-13-2021_19-17-42,ETH/USD,25.0,1099.01,1098.46,0.012511260134119673,-0.17248873986588031,0.185,False,Kraken,Coinbase Pro
15,01-13-2021_19-17-53,ETH/USD,25.0,1098.689,1096.64,0.046623748849764994,-0.135376251150235,0.182,False,Bittrex,Coinbase Pro
16,01-13-2021_19-18-05,ETH/USD,25.0,1097.208,1096.4,0.018410365217898354,-0.16358963478210164,0.182,False,Bittrex,Coinbase Pro
17,01-13-2021_19-18-16,ETH/USD,25.0,1097.47,1096.77,0.0159457661712859,-0.12405423382871408,0.13999999999999999,False,Binance US,Coinbase Pro
18,01-13-2021_19-18-28,ETH/USD,25.0,1098.87,1097.415,0.03310218679188456,-0.09389781320811544,0.127,False,Kraken,Bittrex
19,01-13-2021_19-18-38,ETH/USD,25.0,1098.495,1097.41,0.02469287525204505,-0.15730712474795494,0.182,False,Bittrex,Coinbase Pro
20,01-13-2021_19-18-49,ETH/USD,25.0,1098.63,1098.0,0.014336036700256436,-0.050683963299743576,0.06502000000000001,False,Kraken,Binance US
21,01-13-2021_19-19-00,ETH/USD,25.0,1098.483,1097.33,0.026240733811993905,-0.1557592661880061,0.182,False,Bittrex,Coinbase Pro
22,01-13-2021_19-19-12,ETH/USD,25.0,1098.481,1097.51,0.02209869811130105,-0.15990130188869894,0.182,False,Bittrex,Coinbase Pro
23,01-13-2021_19-19-24,ETH/USD,25.0,1098.481,1097.76,0.016409023005404817,-0.16559097699459518,0.182,False,Bittrex,Coinbase Pro
24,01-13-2021_19-19-35,ETH/USD,25.0,1098.53,1098.0,0.012061573193266745,-0.052958426806733266,0.06502000000000001,False,Kraken,Binance US
25,01-13-2021_19-19-46,ETH/USD,25.0,1098.67,1097.99,0.015473254025322973,-0.169526745974677,0.185,False,Kraken,Coinbase Pro
26,01-13-2021_19-19-57,ETH/USD,25.0,1098.82,1098.23,0.013423490653608374,-0.17157650934639163,0.185,False,Kraken,Coinbase Pro
27,01-13-2021_19-20-09,ETH/USD,25.0,1098.499,1097.96,0.012266738522292401,-0.1697332614777076,0.182,False,Bittrex,Coinbase Pro
28,01-13-2021_19-20-21,ETH/USD,25.0,1098.78,1098.35,0.009783578150313613,-0.1502164218496864,0.16,False,Binance US,Coinbase Pro
29,01-13-2021_19-20-31,ETH/USD,25.0,1099.7,1098.5,0.027280167318360585,-0.06471983268163942,0.092,False,Binance US,Bittrex
30,01-13-2021_19-20-43,ETH/USD,25.0,1100.56,1099.99,0.012947953768988888,-0.1370520462310111,0.15,False,Binance US,Coinbase Pro
31,01-13-2021_19-20-53,ETH/USD,25.0,1100.84,1100.0,0.0190763417026979,-0.1629236582973021,0.182,False,Bittrex,Coinbase Pro
32,01-13-2021_19-21-03,ETH/USD,25.0,1100.829,1099.98,0.019280923740197905,-0.1077190762598021,0.127,False,Bittrex,Kraken
33,01-13-2021_19-21-14,ETH/USD,25.0,1101.55,1100.0,0.035177704144159466,-0.04982229585584054,0.085,False,Binance US,Kraken
34,01-13-2021_19-21-23,ETH/USD,25.0,1102.993,1102.4,0.013440701799554648,-0.11355929820044536,0.127,False,Bittrex,Kraken
35,01-13-2021_19-21-35,ETH/USD,25.0,1102.721,1101.82,0.020426744389561532,-0.10657325561043847,0.127,False,Bittrex,Kraken
36,01-13-2021_19-21-46,ETH/USD,25.0,1102.718,1102.35,0.008343021515930762,-0.17365697848406925,0.182,False,Bittrex,Coinbase Pro
37,01-13-2021_19-21-56,ETH/USD,25.0,1102.78,1102.4,0.00861459221240596,-0.07638540778759405,0.085,False,Binance US,Kraken
38,01-13-2021_19-22-07,ETH/USD,25.0,1102.704,1102.28,0.009612733788940146,-0.11738726621105985,0.127,False,Bittrex,Kraken
39,01-13-2021_19-22-17,ETH/USD,25.0,1102.696,1102.0,0.015779507679358425,-0.16622049232064157,0.182,False,Bittrex,Coinbase Pro
40,01-13-2021_19-22-27,ETH/USD,25.0,1102.86,1102.4,0.010427434125813997,-0.07457256587418601,0.085,False,Binance US,Kraken
41,01-13-2021_19-22-36,ETH/USD,25.0,1102.685,1101.69,0.022558572937871897,-0.1594414270621281,0.182,False,Bittrex,Coinbase Pro
42,01-13-2021_19-22-46,ETH/USD,25.0,1103.05,1102.462,0.013326685100402644,-0.07867331489959735,0.092,False,Binance US,Bittrex
43,01-13-2021_19-22-56,ETH/USD,25.0,1103.04,1102.705,0.0075926530316225245,-0.07440734696837747,0.082,False,Binance US,Bittrex
44,01-13-2021_19-23-06,ETH/USD,25.0,1103.04,1102.705,0.0075926530316225245,-0.07440734696837747,0.082,False,Binance US,Bittrex
45,01-13-2021_19-23-15,ETH/USD,25.0,1103.04,1102.705,0.0075926530316225245,-0.07440734696837747,0.082,False,Binance US,Bittrex
46,01-13-2021_19-23-25,ETH/USD,25.0,1103.618,1102.99,0.014225936873083102,-0.1127740631269169,0.127,False,Bittrex,Kraken
47,01-13-2021_19-23-35,ETH/USD,25.0,1103.615,1102.99,0.01415801706210952,-0.11284198293789048,0.127,False,Bittrex,Kraken
48,01-13-2021_19-23-44,ETH/USD,25.0,1103.61,1102.99,0.014044816556570956,-0.11295518344342904,0.127,False,Bittrex,Kraken
49,01-13-2021_19-23-53,ETH/USD,25.0,1103.604,1102.27,0.030219172819237243,-0.15178082718076275,0.182,False,Bittrex,Coinbase Pro
50,01-13-2021_19-24-04,ETH/USD,25.0,1103.591,1102.97,0.014067711679414459,-0.11293228832058555,0.127,False,Bittrex,Kraken
51,01-13-2021_19-24-15,ETH/USD,25.0,1103.589,1103.0,0.013342829622258417,-0.04867717037774158,0.06202,False,Bittrex,Binance US
52,01-13-2021_19-24-25,ETH/USD,25.0,1104.33,1103.594,0.016661686271311028,-0.06533831372868898,0.082,False,Binance US,Bittrex
53,01-13-2021_19-24-35,ETH/USD,25.0,1103.95,1103.593,0.00808460528103562,-0.08391539471896438,0.092,False,Binance US,Bittrex
54,01-13-2021_19-24-43,ETH/USD,25.0,1103.63,1103.15,0.010873209318340798,-0.1391267906816592,0.15,False,Binance US,Coinbase Pro
55,01-13-2021_19-24-53,ETH/USD,25.0,1103.62,1103.39,0.005210126674031615,-0.13478987332596837,0.13999999999999999,False,Binance US,Coinbase Pro
56,01-13-2021_19-25-03,ETH/USD,25.0,1103.86,1103.0,0.01947710760422291,-0.0625228923957771,0.082,False,Binance US,Bittrex
57,01-13-2021_19-25-13,ETH/USD,25.0,1104.333,1103.91,0.009575915960131631,-0.17242408403986836,0.182,False,Bittrex,Coinbase Pro
58,01-13-2021_19-25-23,ETH/USD,25.0,1104.43,1102.999,0.032392274748060994,-0.149607725251939,0.182,False,Coinbase Pro,Bittrex
59,01-13-2021_19-25-33,ETH/USD,25.0,1104.5,1104.333,0.003779990946127576,-0.12322000905387243,0.127,False,Kraken,Bittrex
60,01-13-2021_19-25-42,ETH/USD,25.0,1104.44,1104.333,0.00242204193980594,-0.12457795806019406,0.127,False,Kraken,Bittrex
61,01-13-2021_19-25-52,ETH/USD,25.0,1105.109,1103.82,0.029160019509387475,-0.1528399804906125,0.182,False,Bittrex,Coinbase Pro
62,01-13-2021_19-26-02,ETH/USD,25.0,1104.202,1103.79,0.009328003390684732,-0.05269199660931527,0.06202,False,Bittrex,Binance US
63,01-13-2021_19-26-12,ETH/USD,25.0,1104.194,1102.75,0.03269353030355083,-0.14930646969644917,0.182,False,Bittrex,Coinbase Pro
64,01-13-2021_19-26-22,ETH/USD,25.0,1103.499,1102.87,0.014250126189514734,-0.04776987381048527,0.06202,False,Bittrex,Binance US
65,01-13-2021_19-26-33,ETH/USD,25.0,1103.494,1102.61,0.02002729511895884,-0.16197270488104115,0.182,False,Bittrex,Coinbase Pro
66,01-13-2021_19-26-43,ETH/USD,25.0,1103.348,1102.51,0.018987663003874698,-0.10801233699612531,0.127,False,Bittrex,Kraken
67,01-13-2021_19-26-53,ETH/USD,25.0,1103.348,1102.51,0.018987663003874698,-0.10801233699612531,0.127,False,Bittrex,Kraken
68,01-13-2021_19-27-02,ETH/USD,25.0,1103.345,1102.35,0.022545078828474282,-0.1594549211715257,0.182,False,Bittrex,Coinbase Pro
69,01-13-2021_19-27-12,ETH/USD,25.0,1102.51,1101.883,0.014217558117385619,-0.11278244188261438,0.127,False,Kraken,Bittrex
70,01-13-2021_19-27-22,ETH/USD,25.0,1103.496,1102.29,0.027322255812439078,-0.15467774418756092,0.182,False,Bittrex,Coinbase Pro
71,01-13-2021_19-27-32,ETH/USD,25.0,1103.03,1101.726,0.029554953174434514,-0.06244504682556548,0.092,False,Binance US,Bittrex
72,01-13-2021_19-27-42,ETH/USD,25.0,1103.489,1102.98,0.011531605661678879,-0.17046839433832112,0.182,False,Bittrex,Coinbase Pro
73,01-13-2021_19-27-54,ETH/USD,25.0,1104.03,1103.487,0.012295861525499595,-0.0797041384745004,0.092,False,Binance US,Bittrex
74,01-13-2021_19-28-05,ETH/USD,25.0,1104.144,1103.38,0.017298468315724586,-0.1647015316842754,0.182,False,Bittrex,Coinbase Pro
75,01-13-2021_19-28-15,ETH/USD,25.0,1103.999,1103.01,0.02239585361943337,-0.15960414638056664,0.182,False,Bittrex,Coinbase Pro
76,01-13-2021_19-28-25,ETH/USD,25.0,1103.999,1103.01,0.02239585361943337,-0.15960414638056664,0.182,False,Bittrex,Coinbase Pro
77,01-13-2021_19-28-36,ETH/USD,25.0,1103.999,1103.39,0.013790773361206026,-0.11320922663879397,0.127,False,Bittrex,Kraken
78,01-13-2021_19-28-46,ETH/USD,25.0,1103.993,1103.19,0.01818399210864298,-0.16381600789135703,0.182,False,Bittrex,Coinbase Pro
79,01-13-2021_19-28-56,ETH/USD,25.0,1103.496,1102.51,0.02233809637733403,-0.10466190362266597,0.127,False,Bittrex,Kraken
80,01-13-2021_19-29-09,ETH/USD,25.0,1103.486,1102.51,0.02211174405475268,-0.1598882559452473,0.182,False,Bittrex,Coinbase Pro
81,01-13-2021_19-29-20,ETH/USD,25.0,1103.04,1102.62,0.009519147084422884,-0.11050085291557712,0.12002,False,Coinbase Pro,Binance US
82,01-13-2021_19-29-32,ETH/USD,25.0,1102.999,1102.51,0.0110834189332908,-0.1159165810667092,0.127,False,Bittrex,Kraken
83,01-13-2021_19-29-43,ETH/USD,25.0,1102.999,1102.65,0.007910251958522463,-0.11908974804147754,0.127,False,Bittrex,Kraken
84,01-13-2021_19-30-14,ETH/USD,25.0,1101.933,1101.23,0.015949245553041214,-0.16605075444695877,0.182,False,Bittrex,Coinbase Pro
85,01-13-2021_19-30-24,ETH/USD,25.0,1101.26,1100.43,0.018842053647638322,-0.10815794635236167,0.127,False,Bittrex,Kraken
86,01-13-2021_19-30-35,ETH/USD,25.0,1100.028,1099.1,0.021090372245072646,-0.16090962775492734,0.182,False,Bittrex,Coinbase Pro
87,01-13-2021_19-30-47,ETH/USD,25.0,1100.028,1098.43,0.03631725737890209,-0.0906827426210979,0.127,False,Bittrex,Kraken
88,01-13-2021_19-30-58,ETH/USD,25.0,1099.3,1098.25,0.023878831983988776,-0.10312116801601123,0.127,False,Bittrex,Kraken
89,01-13-2021_19-31-09,ETH/USD,25.0,1099.3,1098.48,0.018648230692257264,-0.10835176930774273,0.127,False,Bittrex,Kraken
90,01-13-2021_19-31-21,ETH/USD,25.0,1099.3,1098.5,0.018193395797324537,-0.043826604202675465,0.06202,False,Bittrex,Binance US
91,01-13-2021_19-31-32,ETH/USD,25.0,1099.3,1098.57,0.016601473665059995,-0.16539852633494,0.182,False,Bittrex,Coinbase Pro
92,01-13-2021_19-31-44,ETH/USD,25.0,1099.3,1098.66,0.01455471663785756,-0.16744528336214243,0.182,False,Bittrex,Coinbase Pro
93,01-13-2021_19-31-56,ETH/USD,25.0,1099.3,1098.57,0.016601473665059995,-0.11039852633494,0.127,False,Bittrex,Kraken
94,01-13-2021_19-32-08,ETH/USD,25.0,1098.2,1096.94,0.028683299945364935,-0.15331670005463505,0.182,False,Bittrex,Coinbase Pro
95,01-13-2021_19-32-19,ETH/USD,25.0,1097.899,1097.51,0.008857827541511022,-0.11814217245848899,0.127,False,Bittrex,Kraken
96,01-13-2021_19-32-30,ETH/USD,25.0,1098.776,1097.87,0.0206138466803101,-0.1063861533196899,0.127,False,Bittrex,Kraken
97,01-13-2021_19-32-41,ETH/USD,25.0,1099.59,1098.51,0.024554606717047428,-0.16044539328295257,0.185,False,Coinbase Pro,Kraken
98,01-13-2021_19-32-53,ETH/USD,25.0,1100.76,1099.96,0.018169264871542266,-0.16683073512845772,0.185,False,Coinbase Pro,Kraken
99,01-13-2021_19-33-04,ETH/USD,25.0,1101.753,1100.0,0.03977751819146236,-0.08722248180853764,0.127,False,Bittrex,Kraken
100,01-13-2021_19-33-15,ETH/USD,25.0,1100.71,1099.69,0.023166865023484428,-0.10380712497651555,0.12697398999999998,False,Bittrex,Kraken
101,01-13-2021_19-33-26,ETH/USD,25.0,1100.698,1100.0,0.015853576548701204,-0.1111464234512988,0.127,False,Bittrex,Kraken
102,01-13-2021_19-33-37,ETH/USD,25.0,1100.684,1099.68,0.02280400187519546,-0.10419599812480454,0.127,False,Bittrex,Kraken
103,01-13-2021_19-33-47,ETH/USD,25.0,1099.87,1099.49,0.008637384418155822,-0.07636261558184418,0.085,False,Binance US,Kraken
104,01-13-2021_19-33-57,ETH/USD,25.0,1099.737,1099.53,0.004705670537594609,-0.1222943294624054,0.127,False,Bittrex,Kraken
105,01-13-2021_19-34-09,ETH/USD,25.0,1100.717,1099.77,0.021508707506110024,-0.10549129249388997,0.127,False,Bittrex,Kraken
106,01-13-2021_19-34-18,ETH/USD,25.0,1100.713,1099.76,0.021645060974113475,-0.16035493902588652,0.182,False,Bittrex,Coinbase Pro
107,01-13-2021_19-34-27,ETH/USD,25.0,1100.71,1100.0,0.016125955065367726,-0.11087404493463228,0.127,False,Bittrex,Kraken
108,01-13-2021_19-34-39,ETH/USD,25.0,1100.91,1100.0,0.020664722820214226,-0.16433527717978577,0.185,False,Coinbase Pro,Kraken
109,01-13-2021_19-34-49,ETH/USD,25.0,1101.517,1100.8,0.016273012581741776,-0.11072698741825823,0.127,False,Bittrex,Kraken
110,01-13-2021_19-35-01,ETH/USD,25.0,1101.512,1101.0,0.011620390880896976,-0.17037960911910302,0.182,False,Bittrex,Coinbase Pro
111,01-13-2021_19-35-11,ETH/USD,25.0,1101.507,1100.99,0.011733924523404134,-0.17026607547659586,0.182,False,Bittrex,Coinbase Pro
112,01-13-2021_19-35-22,ETH/USD,25.0,1101.55,1101.28,0.006127729108982384,-0.11389227089101761,0.12002,False,Coinbase Pro,Binance US
113,01-13-2021_19-35-33,ETH/USD,25.0,1102.397,1101.6,0.01807425092775165,-0.10892574907224835,0.127,False,Bittrex,Kraken
114,01-13-2021_19-35-43,ETH/USD,25.0,1102.397,1101.75,0.014672572585010993,-0.11232742741498901,0.127,False,Bittrex,Kraken
115,01-13-2021_19-35-52,ETH/USD,25.0,1102.395,1101.76,0.014400464443325461,-0.11259953555667454,0.127,False,Bittrex,Kraken
116,01-13-2021_19-36-03,ETH/USD,25.0,1102.55,1101.76,0.01791301981769452,-0.17708698018230548,0.195,False,Coinbase Pro,Kraken
117,01-13-2021_19-36-13,ETH/USD,25.0,1103.232,1101.76,0.03335653788142431,-0.09364346211857569,0.127,False,Bittrex,Kraken
118,01-13-2021_19-36-24,ETH/USD,25.0,1103.232,1101.76,0.03335653788142431,-0.09364346211857569,0.127,False,Bittrex,Kraken
119,01-13-2021_19-36-34,ETH/USD,25.0,1103.232,1102.0,0.027917971922496152,-0.09908202807750385,0.127,False,Bittrex,Kraken
120,01-13-2021_19-36-44,ETH/USD,25.0,1102.133,1100.39,0.039536970583403684,-0.08746302941659631,0.127,False,Bittrex,Kraken
121,01-13-2021_19-36-54,ETH/USD,25.0,1102.127,1100.31,0.04121575825653503,-0.08578424174346497,0.127,False,Bittrex,Kraken
122,01-13-2021_19-37-05,ETH/USD,25.0,1103.46,1102.0,0.03307777354865687,-0.16192222645134313,0.195,False,Coinbase Pro,Kraken
123,01-13-2021_19-37-14,ETH/USD,25.0,1104.431,1102.0,0.05502833585801285,-0.07197166414198715,0.127,False,Bittrex,Kraken
124,01-13-2021_19-37-25,ETH/USD,25.0,1104.75,1103.41,0.030323602625026435,-0.15467639737497357,0.185,False,Coinbase Pro,Kraken
125,01-13-2021_19-37-38,ETH/USD,25.0,1104.79,1103.87,0.020818436082877124,-0.16418156391712288,0.185,False,Coinbase Pro,Kraken
126,01-13-2021_19-37-48,ETH/USD,25.0,1105.61,1103.19,0.05472092329121132,-0.040279076708788684,0.095,False,Binance US,Kraken
127,01-13-2021_19-38-00,ETH/USD,25.0,1105.63,1104.4,0.027812197570616256,-0.15418780242938374,0.182,False,Coinbase Pro,Bittrex
128,01-13-2021_19-38-11,ETH/USD,25.0,1106.237,1105.61,0.014169658038923396,-0.047850341961076605,0.06202,False,Bittrex,Binance US
129,01-13-2021_19-38-21,ETH/USD,25.0,1106.228,1105.4,0.018712236537132818,-0.10828776346286718,0.127,False,Bittrex,Kraken
130,01-13-2021_19-38-32,ETH/USD,25.0,1107.524,1106.54,0.022211708279006228,-0.10478829172099377,0.127,False,Bittrex,Kraken
131,01-13-2021_19-38-42,ETH/USD,25.0,1107.524,1106.75,0.017471404682875658,-0.04454859531712434,0.06202,False,Bittrex,Binance US
132,01-13-2021_19-38-53,ETH/USD,25.0,1107.98,1107.524,0.01028899438618321,-0.17171100561381678,0.182,False,Coinbase Pro,Bittrex
133,01-13-2021_19-39-04,ETH/USD,25.0,1108.026,1107.56,0.010514193710258645,-0.11648580628974135,0.127,False,Bittrex,Kraken
134,01-13-2021_19-39-14,ETH/USD,25.0,1108.33,1107.677,0.014729367607121076,-0.16727063239287893,0.182,False,Coinbase Pro,Bittrex
135,01-13-2021_19-39-24,ETH/USD,25.0,1108.52,1107.88,0.014433659293469507,-0.17056634070653048,0.185,False,Coinbase Pro,Kraken
136,01-13-2021_19-39-35,ETH/USD,25.0,1107.373,1106.61,0.017225451586776706,-0.16477454841322328,0.182,False,Bittrex,Coinbase Pro
137,01-13-2021_19-39-46,ETH/USD,25.0,1106.307,1105.77,0.01213496796097364,-0.11486503203902636,0.127,False,Bittrex,Kraken
138,01-13-2021_19-39-57,ETH/USD,25.0,1106.07,1105.62,0.010171146491633566,-0.08482885350836644,0.095,False,Binance US,Kraken
139,01-13-2021_19-40-07,ETH/USD,25.0,1107.526,1106.88,0.014582050443961544,-0.04743794955603846,0.06202,False,Bittrex,Binance US
140,01-13-2021_19-40-17,ETH/USD,25.0,1107.512,1107.25,0.005914157137799492,-0.1210858428622005,0.127,False,Bittrex,Kraken
141,01-13-2021_19-40-28,ETH/USD,25.0,1107.026,1106.27,0.0170727697452473,-0.1649272302547527,0.182,False,Bittrex,Coinbase Pro
142,01-13-2021_19-40-39,ETH/USD,25.0,1106.843,1106.71,0.0030040394166118904,-0.12399596058338812,0.127,False,Bittrex,Kraken
143,01-13-2021_19-40-49,ETH/USD,25.0,1107.04,1106.82,0.004968203497615879,-0.09003179650238412,0.095,False,Binance US,Kraken
144,01-13-2021_19-40-59,ETH/USD,25.0,1106.83,1106.62,0.0047432758418193485,-0.11527672415818066,0.12002,False,Coinbase Pro,Binance US
145,01-13-2021_19-41-09,ETH/USD,25.0,1107.04,1106.6,0.009936406995231758,-0.08506359300476825,0.095,False,Binance US,Kraken
146,01-13-2021_19-41-20,ETH/USD,25.0,1107.53,1105.0,0.05710906250846416,-0.12489093749153583,0.182,False,Coinbase Pro,Bittrex
147,01-13-2021_19-41-31,ETH/USD,25.0,1107.567,1107.07,0.011218282957150017,-0.050801717042849984,0.06202,False,Bittrex,Binance US
148,01-13-2021_19-41-42,ETH/USD,25.0,1107.77,1107.07,0.01579750309179806,-0.10422249690820194,0.12002,False,Coinbase Pro,Binance US
149,01-13-2021_19-41-52,ETH/USD,25.0,1107.97,1107.07,0.020307409045373315,-0.09971259095462669,0.12002,False,Coinbase Pro,Binance US
150,01-13-2021_19-42-02,ETH/USD,25.0,1108.0,1107.41,0.013312274368229201,-0.17166171563177077,0.18497398999999998,False,Coinbase Pro,Kraken
151,01-13-2021_19-42-12,ETH/USD,25.0,1107.468,1106.56,0.020497206239822034,-0.10650279376017796,0.127,False,Bittrex,Kraken
152,01-13-2021_19-42-22,ETH/USD,25.0,1107.454,1106.69,0.01724676600562859,-0.10975323399437141,0.127,False,Bittrex,Kraken
153,01-13-2021_19-42-33,ETH/USD,25.0,1107.407,1106.87,0.012122914158932411,-0.1148770858410676,0.127,False,Bittrex,Kraken
154,01-13-2021_19-42-43,ETH/USD,25.0,1107.714,1107.0,0.016114267762255007,-0.165885732237745,0.182,False,Bittrex,Coinbase Pro
155,01-13-2021_19-42-53,ETH/USD,25.0,1107.706,1106.95,0.017062289091145533,-0.10993771090885447,0.127,False,Bittrex,Kraken
156,01-13-2021_19-43-05,ETH/USD,25.0,1107.697,1106.93,0.017310690558876334,-0.16468930944112367,0.182,False,Bittrex,Coinbase Pro
157,01-13-2021_19-43-16,ETH/USD,25.0,1107.659,1106.09,0.03541252316823561,-0.14658747683176437,0.182,False,Bittrex,Coinbase Pro
158,01-13-2021_19-43-26,ETH/USD,25.0,1106.981,1105.81,0.026445801689461,-0.155554198310539,0.182,False,Bittrex,Coinbase Pro
159,01-13-2021_19-43-36,ETH/USD,25.0,1106.527,1105.45,0.02433289020511922,-0.15766710979488077,0.182,False,Bittrex,Coinbase Pro
160,01-13-2021_19-43-46,ETH/USD,25.0,1106.722,1105.89,0.018794241010838313,-0.16320575898916168,0.182,False,Bittrex,Coinbase Pro
161,01-13-2021_19-43-56,ETH/USD,25.0,1106.722,1105.54,0.02670047220530577,-0.10029952779469423,0.127,False,Bittrex,Kraken
162,01-13-2021_19-44-07,ETH/USD,25.0,1106.72,1105.56,0.026203556455112444,-0.15579644354488756,0.182,False,Bittrex,Coinbase Pro
163,01-13-2021_19-44-18,ETH/USD,25.0,1106.82,1106.2,0.014004083771523167,-0.07099591622847684,0.085,False,Binance US,Kraken
164,01-13-2021_19-44-29,ETH/USD,25.0,1106.72,1105.88,0.018974989157147203,-0.10802501084285279,0.127,False,Bittrex,Kraken
165,01-13-2021_19-44-39,ETH/USD,25.0,1106.622,1105.6,0.023088281274006885,-0.1589117187259931,0.182,False,Bittrex,Coinbase Pro
166,01-13-2021_19-44-49,ETH/USD,25.0,1106.622,1105.13,0.03370617970725238,-0.02831382029274762,0.06202,False,Bittrex,Binance US
167,01-13-2021_19-45-01,ETH/USD,25.0,1105.826,1104.9,0.020934577410911186,-0.16106542258908882,0.182,False,Bittrex,Coinbase Pro
168,01-13-2021_19-45-12,ETH/USD,25.0,1106.401,1106.0,0.00906091010402348,-0.052959089895976516,0.06202,False,Bittrex,Binance US
169,01-13-2021_19-45-22,ETH/USD,25.0,1106.53,1106.0,0.011974370328865298,-0.053045629671134714,0.06502000000000001,False,Kraken,Binance US
170,01-13-2021_19-45-32,ETH/USD,25.0,1106.397,1105.62,0.017556989037389916,-0.16444301096261008,0.182,False,Bittrex,Coinbase Pro
171,01-13-2021_19-45-43,ETH/USD,25.0,1106.397,1105.51,0.02004253446095623,-0.10695746553904377,0.127,False,Bittrex,Kraken
172,01-13-2021_19-45-54,ETH/USD,25.0,1106.394,1105.5,0.020200760307810903,-0.1067992396921891,0.127,False,Bittrex,Kraken
173,01-13-2021_19-46-05,ETH/USD,25.0,1106.394,1106.0,0.00890279592984067,-0.05311720407015933,0.06202,False,Bittrex,Binance US
174,01-13-2021_19-46-26,ETH/USD,25.0,1106.394,1105.27,0.025397823921677623,-0.10160217607832238,0.127,False,Bittrex,Kraken
175,01-13-2021_19-46-36,ETH/USD,25.0,1106.388,1105.23,0.026166227399427276,-0.10083377260057272,0.127,False,Bittrex,Kraken
176,01-13-2021_19-46-47,ETH/USD,25.0,1106.386,1105.37,0.02295762961570547,-0.10404237038429454,0.127,False,Bittrex,Kraken
177,01-13-2021_19-47-00,ETH/USD,25.0,1106.385,1105.3,0.024516782132802693,-0.1024832178671973,0.127,False,Bittrex,Kraken
178,01-13-2021_19-47-10,ETH/USD,25.0,1106.383,1105.3,0.024471634144778154,-0.15752836585522184,0.182,False,Bittrex,Coinbase Pro
179,01-13-2021_19-47-19,ETH/USD,25.0,1106.381,1105.06,0.029849572615584952,-0.15215042738441503,0.182,False,Bittrex,Coinbase Pro
180,01-13-2021_19-47-29,ETH/USD,25.0,1106.381,1105.15,0.02781591513230963,-0.09918408486769037,0.127,False,Bittrex,Kraken
181,01-13-2021_19-47-39,ETH/USD,25.0,1106.381,1105.31,0.024200524050940406,-0.1027994759490596,0.127,False,Bittrex,Kraken
182,01-13-2021_19-47-50,ETH/USD,25.0,1106.379,1105.18,0.02709288589172069,-0.09990711410827931,0.127,False,Bittrex,Kraken
183,01-13-2021_19-48-00,ETH/USD,25.0,1105.722,1104.77,0.021524397633401485,-0.16047560236659852,0.182,False,Bittrex,Coinbase Pro
184,01-13-2021_19-48-10,ETH/USD,25.0,1105.721,1104.67,0.02376277560071507,-0.03825722439928493,0.06202,False,Bittrex,Binance US
185,01-13-2021_19-48-21,ETH/USD,25.0,1105.719,1104.67,0.02371759913685073,-0.03830240086314927,0.06202,False,Bittrex,Binance US
186,01-13-2021_19-48-32,ETH/USD,25.0,1105.386,1103.77,0.03654831886779789,-0.025471681132202106,0.06202,False,Bittrex,Binance US
187,01-13-2021_19-48-41,ETH/USD,25.0,1105.118,1103.33,0.040448169335763486,-0.14155183066423652,0.182,False,Bittrex,Coinbase Pro
188,01-13-2021_19-48-50,ETH/USD,25.0,1104.029,1102.73,0.029414988193244427,-0.15258501180675557,0.182,False,Bittrex,Coinbase Pro
189,01-13-2021_19-49-01,ETH/USD,25.0,1103.966,1102.91,0.02391377995336389,-0.1580862200466361,0.182,False,Bittrex,Coinbase Pro
190,01-13-2021_19-49-11,ETH/USD,25.0,1104.645,1103.51,0.025686985411602616,-0.1013130145883974,0.127,False,Bittrex,Kraken
191,01-13-2021_19-49-22,ETH/USD,25.0,1104.95,1104.37,0.01312276573600965,-0.12687723426399033,0.13999999999999999,False,Binance US,Coinbase Pro
192,01-13-2021_19-49-34,ETH/USD,25.0,1104.941,1104.23,0.01608683178558884,-0.04593316821441116,0.06202,False,Bittrex,Binance US
193,01-13-2021_19-49-46,ETH/USD,25.0,1104.941,1104.23,0.01608683178558884,-0.04593316821441116,0.06202,False,Bittrex,Binance US
194,01-13-2021_19-49-57,ETH/USD,25.0,1104.9,1103.85,0.023757806136306042,-0.12624219386369395,0.15,False,Binance US,Coinbase Pro
195,01-13-2021_19-50-08,ETH/USD,25.0,1104.1,1103.111,0.02239380490897123,-0.10460619509102877,0.127,False,Kraken,Bittrex
196,01-13-2021_19-50-19,ETH/USD,25.0,1104.31,1103.111,0.027143646258746223,-0.06485635374125377,0.092,False,Binance US,Bittrex
197,01-13-2021_19-50-32,ETH/USD,25.0,1104.96,1104.1,0.019457717926443657,-0.07554228207355634,0.095,False,Binance US,Kraken
198,01-13-2021_19-50-43,ETH/USD,25.0,1104.93,1104.471,0.010385273275231463,-0.08161472672476854,0.092,False,Binance US,Bittrex
199,01-13-2021_19-50-53,ETH/USD,25.0,1104.471,1104.21,0.005907805637268141,-0.12109219436273186,0.127,False,Bittrex,Kraken
200,01-13-2021_19-51-05,ETH/USD,25.0,1104.1,1103.57,0.012000724572049017,-0.05301927542795099,0.06502000000000001,False,Kraken,Binance US
201,01-13-2021_19-51-15,ETH/USD,25.0,1104.1,1103.57,0.012000724572049017,-0.05301927542795099,0.06502000000000001,False,Kraken,Binance US
202,01-13-2021_19-51-25,ETH/USD,25.0,1103.69,1103.57,0.0027181545542706337,-0.11730184544572937,0.12002,False,Coinbase Pro,Binance US
203,01-13-2021_19-51-36,ETH/USD,25.0,1103.575,1102.21,0.030922230025145752,-0.15107776997485425,0.182,False,Bittrex,Coinbase Pro
204,01-13-2021_19-51-46,ETH/USD,25.0,1103.54,1102.38,0.026279065552672638,-0.11372093444732735,0.13999999999999999,False,Binance US,Coinbase Pro
205,01-13-2021_19-51-56,ETH/USD,25.0,1103.52,1103.01,0.011553936494127677,-0.08344606350587233,0.095,False,Binance US,Kraken
206,01-13-2021_19-52-07,ETH/USD,25.0,1103.361,1102.37,0.022454119730537257,-0.10454588026946274,0.127,False,Bittrex,Kraken
207,01-13-2021_19-52-18,ETH/USD,25.0,1103.359,1102.66,0.015838000143195502,-0.1661619998568045,0.182,False,Bittrex,Coinbase Pro
208,01-13-2021_19-52-29,ETH/USD,25.0,1103.357,1102.33,0.023269893606512757,-0.10373010639348725,0.127,False,Bittrex,Kraken
209,01-13-2021_19-52-40,ETH/USD,25.0,1103.47,1103.19,0.006343625109880031,-0.08865637489011997,0.095,False,Binance US,Kraken
210,01-13-2021_19-52-51,ETH/USD,25.0,1103.79,1103.3,0.011098125549244175,-0.17390187445075583,0.185,False,Coinbase Pro,Kraken
211,01-13-2021_19-53-02,ETH/USD,25.0,1104.89,1103.575,0.02975409316764688,-0.06224590683235312,0.092,False,Binance US,Bittrex
212,01-13-2021_19-53-13,ETH/USD,25.0,1105.66,1104.65,0.022837038510934438,-0.10416296148906556,0.127,False,Bittrex,Kraken
213,01-13-2021_19-53-23,ETH/USD,25.0,1106.0,1105.55,0.010171790235082401,-0.13982820976491758,0.15,False,Binance US,Coinbase Pro
214,01-13-2021_19-53-34,ETH/USD,25.0,1105.134,1104.27,0.01954514113220733,-0.17245485886779266,0.192,False,Bittrex,Coinbase Pro
215,01-13-2021_19-53-45,ETH/USD,25.0,1105.19,1104.68,0.011536477890679223,-0.12846352210932077,0.13999999999999999,False,Binance US,Coinbase Pro
216,01-13-2021_19-53-56,ETH/USD,25.0,1105.47,1105.0,0.0106289632464026,-0.13937103675359738,0.15,False,Binance US,Coinbase Pro
217,01-13-2021_19-54-06,ETH/USD,25.0,1105.26,1104.78,0.01085717387764006,-0.07414282612235995,0.085,False,Binance US,Kraken
218,01-13-2021_19-54-18,ETH/USD,25.0,1105.49,1105.132,0.008095957448731948,-0.17390404255126804,0.182,False,Coinbase Pro,Bittrex
219,01-13-2021_19-54-29,ETH/USD,25.0,1105.13,1104.12,0.022847990734126713,-0.15915200926587328,0.182,False,Bittrex,Coinbase Pro
220,01-13-2021_19-54-39,ETH/USD,25.0,1105.129,1104.45,0.0153601977687641,-0.1666398022312359,0.182,False,Bittrex,Coinbase Pro
221,01-13-2021_19-54-50,ETH/USD,25.0,1105.114,1104.15,0.02180770490646082,-0.04021229509353918,0.06202,False,Bittrex,Binance US
222,01-13-2021_19-55-01,ETH/USD,25.0,1106.29,1104.75,0.034801001545706,-0.150198998454294,0.185,False,Coinbase Pro,Kraken
223,01-13-2021_19-55-11,ETH/USD,25.0,1105.85,1105.09,0.017181353709815776,-0.047838646290184236,0.06502000000000001,False,Kraken,Binance US
224,01-13-2021_19-55-21,ETH/USD,25.0,1105.114,1104.76,0.008008223585983932,-0.17399177641401606,0.182,False,Bittrex,Coinbase Pro
225,01-13-2021_19-55-31,ETH/USD,25.0,1105.112,1104.6,0.011582536430700485,-0.17041746356929952,0.182,False,Bittrex,Coinbase Pro
226,01-13-2021_19-55-42,ETH/USD,25.0,1105.11,1104.24,0.019681298694245165,-0.04233870130575483,0.06202,False,Bittrex,Binance US
227,01-13-2021_19-55-53,ETH/USD,25.0,1104.76,1103.66,0.024892284297039834,-0.15710771570296017,0.182,False,Bittrex,Coinbase Pro
228,01-13-2021_19-56-03,ETH/USD,25.0,1104.76,1103.88,0.01991382743763084,-0.04210617256236916,0.06202,False,Bittrex,Binance US
229,01-13-2021_19-56-14,ETH/USD,25.0,1104.755,1103.99,0.017311530610861683,-0.1646884693891383,0.182,False,Bittrex,Coinbase Pro
230,01-13-2021_19-56-25,ETH/USD,25.0,1104.26,1103.04,0.027620306811802185,-0.03739969318819782,0.06502000000000001,False,Kraken,Binance US
231,01-13-2021_19-56-36,ETH/USD,25.0,1103.983,1103.04,0.021354495494948375,-0.040665504505051624,0.06202,False,Bittrex,Binance US
232,01-13-2021_19-56-49,ETH/USD,25.0,1103.977,1103.38,0.013519303391283965,-0.11348069660871604,0.127,False,Bittrex,Kraken
233,01-13-2021_19-57-00,ETH/USD,25.0,1103.975,1102.66,0.02977875404786855,-0.09722124595213145,0.127,False,Bittrex,Kraken
234,01-13-2021_19-57-11,ETH/USD,25.0,1105.004,1104.23,0.017511248828055992,-0.10948875117194401,0.127,False,Bittrex,Kraken
235,01-13-2021_19-57-23,ETH/USD,25.0,1104.553,1103.37,0.026775537253536496,-0.1552244627464635,0.182,False,Bittrex,Coinbase Pro
236,01-13-2021_19-57-34,ETH/USD,25.0,1104.549,1103.38,0.026458762807260453,-0.15554123719273955,0.182,False,Bittrex,Coinbase Pro
237,01-13-2021_19-57-47,ETH/USD,25.0,1104.532,1102.95,0.0358070205299593,-0.09119297947004071,0.127,False,Bittrex,Kraken
238,01-13-2021_19-57-59,ETH/USD,25.0,1103.702,1102.69,0.02292285417621658,-0.10407714582378343,0.127,False,Bittrex,Kraken
239,01-13-2021_19-58-10,ETH/USD,25.0,1103.702,1102.63,0.024281916676781617,-0.10271808332321838,0.127,False,Bittrex,Kraken
240,01-13-2021_19-58-21,ETH/USD,25.0,1103.98,1103.21,0.017436910088950475,-0.1675630899110495,0.185,False,Coinbase Pro,Kraken
241,01-13-2021_19-58-32,ETH/USD,25.0,1104.387,1103.75,0.014419764086319913,-0.04760023591368009,0.06202,False,Bittrex,Binance US
242,01-13-2021_19-58-44,ETH/USD,25.0,1104.387,1103.02,0.030944768455259838,-0.03107523154474016,0.06202,False,Bittrex,Binance US
243,01-13-2021_19-58-55,ETH/USD,25.0,1104.042,1103.45,0.013405287117697309,-0.11359471288230269,0.127,False,Bittrex,Kraken
244,01-13-2021_19-59-11,ETH/USD,25.0,1104.04,1102.85,0.02694648744610826,-0.10005351255389175,0.127,False,Bittrex,Kraken
245,01-13-2021_19-59-22,ETH/USD,25.0,1104.04,1103.03,0.022870548168544412,-0.03914945183145559,0.06202,False,Bittrex,Binance US
246,01-13-2021_19-59-33,ETH/USD,25.0,1103.212,1102.07,0.025878978836344525,-0.15612102116365548,0.182,False,Bittrex,Coinbase Pro
247,01-13-2021_19-59-46,ETH/USD,25.0,1102.738,1102.08,0.014917414653347602,-0.1120825853466524,0.127,False,Bittrex,Kraken
248,01-13-2021_19-59-59,ETH/USD,25.0,1102.81,1102.05,0.01722871573525791,-0.16777128426474208,0.185,False,Coinbase Pro,Kraken
249,01-13-2021_20-00-12,ETH/USD,25.0,1106.83,1105.0,0.04133426090727409,-0.1406657390927259,0.182,False,Coinbase Pro,Bittrex
250,01-13-2021_20-00-23,ETH/USD,25.0,1106.877,1105.26,0.03652167313983311,-0.14547832686016687,0.182,False,Bittrex,Coinbase Pro
251,01-13-2021_20-00-33,ETH/USD,25.0,1105.95,1104.97,0.022152900221529413,-0.07284709977847059,0.095,False,Binance US,Kraken
252,01-13-2021_20-00-43,ETH/USD,25.0,1106.698,1105.37,0.029999150626462728,-0.09700084937353727,0.127,False,Bittrex,Kraken
253,01-13-2021_20-00-54,ETH/USD,25.0,1106.696,1106.0,0.015722474825966497,-0.1112775251740335,0.127,False,Bittrex,Kraken
254,01-13-2021_20-01-05,ETH/USD,25.0,1106.694,1106.0,0.01567732363236721,-0.1113226763676328,0.127,False,Bittrex,Kraken
255,01-13-2021_20-01-15,ETH/USD,25.0,1106.694,1105.8,0.020195284333338878,-0.04182471566666112,0.06202,False,Bittrex,Binance US
256,01-13-2021_20-01-25,ETH/USD,25.0,1106.655,1105.55,0.024962612557662914,-0.10203738744233709,0.127,False,Bittrex,Kraken
257,01-13-2021_20-01-36,ETH/USD,25.0,1106.655,1105.88,0.017507714689760215,-0.10949228531023979,0.127,False,Bittrex,Kraken
258,01-13-2021_20-01-47,ETH/USD,25.0,1106.655,1106.0,0.01479684273779933,-0.047223157262200666,0.06202,False,Bittrex,Binance US
259,01-13-2021_20-01-57,ETH/USD,25.0,1106.655,1106.0,0.01479684273779933,-0.047223157262200666,0.06202,False,Bittrex,Binance US
260,01-13-2021_20-02-08,ETH/USD,25.0,1106.655,1106.0,0.01479684273779933,-0.047223157262200666,0.06202,False,Bittrex,Binance US
261,01-13-2021_20-02-17,ETH/USD,25.0,1106.655,1106.0,0.01479684273779933,-0.047223157262200666,0.06202,False,Bittrex,Binance US
262,01-13-2021_20-02-28,ETH/USD,25.0,1106.655,1105.96,0.01570046672178629,-0.11129953327821371,0.127,False,Bittrex,Kraken
263,01-13-2021_20-02-40,ETH/USD,25.0,1106.655,1105.86,0.01795952668175883,-0.10904047331824117,0.127,False,Bittrex,Kraken
264,01-13-2021_20-02-51,ETH/USD,25.0,1106.653,1105.8,0.01926981628387727,-0.10773018371612272,0.127,False,Bittrex,Kraken
265,01-13-2021_20-03-02,ETH/USD,25.0,1106.988,1105.64,0.030442967764780567,-0.15155703223521944,0.182,False,Bittrex,Coinbase Pro
266,01-13-2021_20-03-13,ETH/USD,25.0,1106.874,1105.45,0.03216264904587103,-0.09483735095412897,0.127,False,Bittrex,Kraken
267,01-13-2021_20-03-24,ETH/USD,25.0,1106.872,1105.73,0.02579340700641205,-0.10120659299358795,0.127,False,Bittrex,Kraken
268,01-13-2021_20-03-34,ETH/USD,25.0,1107.879,1106.97,0.0205121678450417,-0.1064878321549583,0.127,False,Bittrex,Kraken
269,01-13-2021_20-03-44,ETH/USD,25.0,1107.877,1107.13,0.016856564402001385,-0.11014343559799862,0.127,False,Bittrex,Kraken
270,01-13-2021_20-03-55,ETH/USD,25.0,1107.875,1107.09,0.01771409229380756,-0.10928590770619244,0.127,False,Bittrex,Kraken
271,01-13-2021_20-04-05,ETH/USD,25.0,1107.875,1107.02,0.01929369288051491,-0.10770630711948509,0.127,False,Bittrex,Kraken
272,01-13-2021_20-04-16,ETH/USD,25.0,1107.152,1105.99,0.02623849299825215,-0.10076150700174785,0.127,False,Bittrex,Kraken
273,01-13-2021_20-04-26,ETH/USD,25.0,1107.73,1106.6,0.025502604425268548,-0.03651739557473145,0.06202,False,Bittrex,Binance US
274,01-13-2021_20-04-38,ETH/USD,25.0,1109.225,1107.82,0.031666253465256665,-0.09533374653474333,0.127,False,Bittrex,Kraken
275,01-13-2021_20-04-48,ETH/USD,25.0,1109.225,1107.82,0.031666253465256665,-0.09533374653474333,0.127,False,Bittrex,Kraken
276,01-13-2021_20-04-58,ETH/USD,25.0,1109.225,1108.77,0.010254907705829009,-0.11674509229417099,0.127,False,Bittrex,Kraken
277,01-13-2021_20-05-09,ETH/USD,25.0,1109.225,1108.73,0.011156438053593521,-0.11584356194640648,0.127,False,Bittrex,Kraken
278,01-13-2021_20-05-20,ETH/USD,25.0,1109.88,1109.0,0.019821962734712515,-0.1651780372652875,0.185,False,Coinbase Pro,Kraken
279,01-13-2021_20-05-29,ETH/USD,25.0,1110.43,1109.0,0.032194735372784944,-0.15280526462721505,0.185,False,Coinbase Pro,Kraken
280,01-13-2021_20-05-39,ETH/USD,25.0,1110.44,1109.0,0.03241958142718325,-0.16258041857281674,0.195,False,Coinbase Pro,Kraken
281,01-13-2021_20-05-50,ETH/USD,25.0,1110.42,1109.0,0.031969885268638726,-0.15303011473136127,0.185,False,Coinbase Pro,Kraken
282,01-13-2021_20-06-00,ETH/USD,25.0,1110.97,1109.0,0.04433062999000935,-0.15066937000999064,0.195,False,Coinbase Pro,Kraken
283,01-13-2021_20-06-12,ETH/USD,25.0,1110.67,1109.5,0.02633545517570639,-0.1586645448242936,0.185,False,Coinbase Pro,Kraken
284,01-13-2021_20-06-23,ETH/USD,25.0,1110.22,1109.53,0.015537461043758322,-0.16946253895624167,0.185,False,Coinbase Pro,Kraken
285,01-13-2021_20-06-33,ETH/USD,25.0,1109.542,1109.21,0.007480564052552314,-0.11951943594744768,0.127,False,Bittrex,Kraken
286,01-13-2021_20-06-43,ETH/USD,25.0,1110.08,1109.4,0.015314211588350307,-0.1047057884116497,0.12002,False,Coinbase Pro,Binance US
287,01-13-2021_20-06-53,ETH/USD,25.0,1109.999,1109.4,0.013491003145046363,-0.048528996854953634,0.06202,False,Bittrex,Binance US
288,01-13-2021_20-07-04,ETH/USD,25.0,1110.16,1109.61,0.012385602075380617,-0.17261439792461938,0.185,False,Coinbase Pro,Kraken
289,01-13-2021_20-07-14,ETH/USD,25.0,1110.88,1109.79,0.02453010226127362,-0.03748989773872638,0.06202,False,Bittrex,Binance US
290,01-13-2021_20-07-25,ETH/USD,25.0,1110.877,1109.79,0.024462654281256817,-0.03755734571874318,0.06202,False,Bittrex,Binance US
291,01-13-2021_20-07-35,ETH/USD,25.0,1110.95,1110.0,0.021378099824475572,-0.16362190017552442,0.185,False,Coinbase Pro,Kraken
292,01-13-2021_20-07-46,ETH/USD,25.0,1110.97,1110.0,0.021827772127060753,-0.17317222787293926,0.195,False,Coinbase Pro,Kraken
293,01-13-2021_20-07-58,ETH/USD,25.0,1112.0,1110.83,0.026303956834534008,-0.15869604316546598,0.185,False,Coinbase Pro,Kraken
294,01-13-2021_20-08-08,ETH/USD,25.0,1114.991,1113.0,0.04464161594129427,-0.01737838405870573,0.06202,False,Bittrex,Binance US
295,01-13-2021_20-08-17,ETH/USD,25.0,1114.314,1113.0,0.029480020891779115,-0.03253997910822089,0.06202,False,Bittrex,Binance US
296,01-13-2021_20-08-28,ETH/USD,25.0,1114.309,1113.0,0.029367976028192563,-0.032652023971807435,0.06202,False,Bittrex,Binance US
297,01-13-2021_20-08-39,ETH/USD,25.0,1115.22,1114.22,0.0224171015584369,-0.1625828984415631,0.185,False,Coinbase Pro,Kraken
298,01-13-2021_20-08-50,ETH/USD,25.0,1115.56,1115.0,0.012549750797804364,-0.10747024920219564,0.12002,False,Coinbase Pro,Binance US
299,01-13-2021_20-09-02,ETH/USD,25.0,1116.335,1115.26,0.024074314609862753,-0.10292568539013724,0.127,False,Bittrex,Kraken
300,01-13-2021_20-09-12,ETH/USD,25.0,1117.177,1116.12,0.023653369161735705,-0.03836663083826429,0.06202,False,Bittrex,Binance US
301,01-13-2021_20-09-23,ETH/USD,25.0,1117.351,1116.47,0.01971180049957635,-0.04230819950042365,0.06202,False,Bittrex,Binance US
302,01-13-2021_20-09-33,ETH/USD,25.0,1117.174,1115.73,0.03231367718904934,-0.14968632281095065,0.182,False,Bittrex,Coinbase Pro
303,01-13-2021_20-09-43,ETH/USD,25.0,1117.125,1115.35,0.03972250195815354,-0.14227749804184645,0.182,False,Bittrex,Coinbase Pro
304,01-13-2021_20-09-53,ETH/USD,25.0,1115.928,1114.68,0.027958793040412266,-0.03406120695958773,0.06202,False,Bittrex,Binance US
305,01-13-2021_20-10-04,ETH/USD,25.0,1114.973,1113.21,0.039530105213308304,-0.0874698947866917,0.127,False,Bittrex,Kraken
306,01-13-2021_20-10-14,ETH/USD,25.0,1116.37,1115.0,0.03067979254189675,-0.15432020745810324,0.185,False,Coinbase Pro,Kraken
307,01-13-2021_20-10-23,ETH/USD,25.0,1117.335,1115.01,0.05202110378713737,-0.07497889621286263,0.127,False,Bittrex,Kraken
308,01-13-2021_20-10-34,ETH/USD,25.0,1117.231,1115.81,0.03179736330266635,-0.030222636697333646,0.06202,False,Bittrex,Binance US
309,01-13-2021_20-10-45,ETH/USD,25.0,1117.145,1115.44,0.03815529765607704,-0.02386470234392296,0.06202,False,Bittrex,Binance US
310,01-13-2021_20-10-56,ETH/USD,25.0,1116.69,1116.1,0.013208679221631462,-0.17179132077836853,0.185,False,Coinbase Pro,Kraken
311,01-13-2021_20-11-07,ETH/USD,25.0,1117.139,1116.1,0.023251359052006676,-0.03876864094799332,0.06202,False,Bittrex,Binance US
312,01-13-2021_20-11-17,ETH/USD,25.0,1117.137,1115.05,0.04670420906298845,-0.015315790937011547,0.06202,False,Bittrex,Binance US
313,01-13-2021_20-11-28,ETH/USD,25.0,1116.798,1116.1,0.01562502798178571,-0.046394972018214284,0.06202,False,Bittrex,Binance US
314,01-13-2021_20-11-40,ETH/USD,25.0,1117.977,1116.5,0.03302840756115933,-0.02899159243884067,0.06202,False,Bittrex,Binance US
315,01-13-2021_20-11-52,ETH/USD,25.0,1118.3,1116.55,0.03912188142716624,-0.08089811857283377,0.12002,False,Coinbase Pro,Binance US
316,01-13-2021_20-12-05,ETH/USD,25.0,1118.21,1117.56,0.014532154067663743,-0.11548784593233626,0.13002,False,Coinbase Pro,Binance US
317,01-13-2021_20-12-17,ETH/USD,25.0,1117.999,1117.56,0.009816645632064032,-0.05220335436793597,0.06202,False,Bittrex,Binance US
318,01-13-2021_20-12-28,ETH/USD,25.0,1117.997,1117.31,0.01536229524766447,-0.11163770475233553,0.127,False,Bittrex,Kraken
319,01-13-2021_20-12-39,ETH/USD,25.0,1117.997,1117.33,0.014915066856175455,-0.11208493314382455,0.127,False,Bittrex,Kraken
320,01-13-2021_20-12-50,ETH/USD,25.0,1117.999,1117.22,0.017419514686506793,-0.044600485313493206,0.06202,False,Bittrex,Binance US
321,01-13-2021_20-13-02,ETH/USD,25.0,1117.999,1117.37,0.014065307750725465,-0.04795469224927453,0.06202,False,Bittrex,Binance US
322,01-13-2021_20-13-13,ETH/USD,25.0,1118.22,1117.37,0.01900341614351685,-0.10101658385648316,0.12002,False,Coinbase Pro,Binance US
323,01-13-2021_20-13-23,ETH/USD,25.0,1117.997,1116.64,0.03034444636255667,-0.03167555363744333,0.06202,False,Bittrex,Binance US
324,01-13-2021_20-13-34,ETH/USD,25.0,1117.997,1116.86,0.025424934056177496,-0.0365950659438225,0.06202,False,Bittrex,Binance US
325,01-13-2021_20-13-45,ETH/USD,25.0,1117.854,1116.5,0.03028123529548675,-0.03173876470451325,0.06202,False,Bittrex,Binance US
326,01-13-2021_20-13-56,ETH/USD,25.0,1117.854,1116.86,0.022230094448831016,-0.039789905551168986,0.06202,False,Bittrex,Binance US
327,01-13-2021_20-14-08,ETH/USD,25.0,1117.854,1116.86,0.022230094448831016,-0.039789905551168986,0.06202,False,Bittrex,Binance US
328,01-13-2021_20-14-19,ETH/USD,25.0,1117.854,1116.86,0.022230094448831016,-0.039789905551168986,0.06202,False,Bittrex,Binance US
329,01-13-2021_20-14-29,ETH/USD,25.0,1117.85,1116.57,0.028626380999239004,-0.098373619000761,0.127,False,Bittrex,Kraken
330,01-13-2021_20-14-39,ETH/USD,25.0,1117.85,1116.07,0.03980856107706698,-0.02221143892293302,0.06202,False,Bittrex,Binance US
331,01-13-2021_20-14-49,ETH/USD,25.0,1117.23,1116.011,0.027277283997029503,-0.1547227160029705,0.182,False,Coinbase Pro,Bittrex
332,01-13-2021_20-15-00,ETH/USD,25.0,1117.336,1115.83,0.03369622029541887,-0.09330377970458113,0.127,False,Bittrex,Kraken
333,01-13-2021_20-15-09,ETH/USD,25.0,1117.9,1116.86,0.0232578942660388,-0.0967621057339612,0.12002,False,Coinbase Pro,Binance US
334,01-13-2021_20-15-20,ETH/USD,25.0,1119.595,1117.0,0.05794506049062445,-0.06905493950937555,0.127,False,Bittrex,Kraken
335,01-13-2021_20-15-30,ETH/USD,25.0,1119.417,1117.99,0.03186926766343345,-0.09513073233656655,0.127,False,Bittrex,Kraken
336,01-13-2021_20-15-41,ETH/USD,25.0,1119.417,1117.99,0.03186926766343345,-0.09513073233656655,0.127,False,Bittrex,Kraken
337,01-13-2021_20-15-51,ETH/USD,25.0,1118.18,1117.66,0.011626035164284412,-0.0733739648357156,0.085,False,Binance US,Kraken
338,01-13-2021_20-16-03,ETH/USD,25.0,1118.01,1116.96,0.023479217538303652,-0.038540782461696343,0.06202,False,Bittrex,Binance US
339,01-13-2021_20-16-14,ETH/USD,25.0,1118.01,1116.54,0.032870904553627144,-0.029149095446372855,0.06202,False,Bittrex,Binance US
340,01-13-2021_20-16-24,ETH/USD,25.0,1118.29,1117.48,0.01810800418495975,-0.10191199581504025,0.12002,False,Coinbase Pro,Binance US
341,01-13-2021_20-16-35,ETH/USD,25.0,1119.45,1118.62,0.018535888159367426,-0.16646411184063256,0.185,False,Coinbase Pro,Kraken
342,01-13-2021_20-16-45,ETH/USD,25.0,1119.51,1118.87,0.014291967021288333,-0.17070803297871168,0.185,False,Coinbase Pro,Kraken
343,01-13-2021_20-16-56,ETH/USD,25.0,1119.387,1118.23,0.025840035662374264,-0.10115996433762574,0.127,False,Bittrex,Kraken
344,01-13-2021_20-17-06,ETH/USD,25.0,1119.379,1118.35,0.022981492416777438,-0.10401850758322256,0.127,False,Bittrex,Kraken
345,01-13-2021_20-17-15,ETH/USD,25.0,1118.91,1118.24,0.014969926088784457,-0.07003007391121555,0.085,False,Binance US,Kraken
346,01-13-2021_20-17-24,ETH/USD,25.0,1119.417,1118.35,0.023829368322975428,-0.10317063167702457,0.127,False,Bittrex,Kraken
347,01-13-2021_20-17-34,ETH/USD,25.0,1119.417,1118.23,0.026509334769793075,-0.10049066523020693,0.127,False,Bittrex,Kraken
348,01-13-2021_20-17-44,ETH/USD,25.0,1119.177,1118.23,0.021153937223510874,-0.10584606277648913,0.127,False,Bittrex,Kraken
349,01-13-2021_20-17-54,ETH/USD,25.0,1119.359,1118.24,0.024991982018278198,-0.10200801798172181,0.127,False,Bittrex,Kraken
350,01-13-2021_20-18-06,ETH/USD,25.0,1119.22,1118.44,0.017422848054894764,-0.10259715194510524,0.12002,False,Coinbase Pro,Binance US
351,01-13-2021_20-18-17,ETH/USD,25.0,1119.49,1119.0,0.010942482737675393,-0.1090775172623246,0.12002,False,Coinbase Pro,Binance US
352,01-13-2021_20-18-27,ETH/USD,25.0,1119.44,1118.45,0.022109268920174577,-0.09791073107982542,0.12002,False,Coinbase Pro,Binance US
353,01-13-2021_20-18-37,ETH/USD,25.0,1119.43,1118.94,0.010943069240595864,-0.18405693075940413,0.195,False,Coinbase Pro,Kraken
354,01-13-2021_20-18-47,ETH/USD,25.0,1119.176,1118.27,0.020238103747756142,-0.04178189625224386,0.06202,False,Bittrex,Binance US
355,01-13-2021_20-18-57,ETH/USD,25.0,1119.176,1118.3,0.019567967862069425,-0.10743203213793058,0.127,False,Bittrex,Kraken
356,01-13-2021_20-19-08,ETH/USD,25.0,1119.171,1118.13,0.023253819121473392,-0.1037461808785266,0.127,False,Bittrex,Kraken
357,01-13-2021_20-19-18,ETH/USD,25.0,1119.43,1118.41,0.022779450255933417,-0.10724054974406658,0.13002,False,Coinbase Pro,Binance US
358,01-13-2021_20-19-28,ETH/USD,25.0,1119.173,1118.0,0.02620238336700407,-0.10079761663299594,0.127,False,Bittrex,Kraken
359,01-13-2021_20-19-40,ETH/USD,25.0,1119.173,1118.0,0.02620238336700407,-0.10079761663299594,0.127,False,Bittrex,Kraken
360,01-13-2021_20-19-52,ETH/USD,25.0,1119.173,1118.26,0.02039452345615939,-0.10660547654384062,0.127,False,Bittrex,Kraken
361,01-13-2021_20-20-04,ETH/USD,25.0,1118.204,1116.55,0.036978941230759246,-0.025041058769240752,0.06202,False,Bittrex,Binance US
362,01-13-2021_20-20-14,ETH/USD,25.0,1118.177,1117.08,0.02452652844764246,-0.10247347155235755,0.127,False,Bittrex,Kraken
363,01-13-2021_20-20-25,ETH/USD,25.0,1118.086,1116.55,0.03434440642312081,-0.02767559357687919,0.06202,False,Bittrex,Binance US
364,01-13-2021_20-20-36,ETH/USD,25.0,1118.086,1117.41,0.015115116368506779,-0.11188488363149322,0.127,False,Bittrex,Kraken
365,01-13-2021_20-20-47,ETH/USD,25.0,1119.06,1117.9,0.025914606902218258,-0.15908539309778175,0.185,False,Coinbase Pro,Kraken
366,01-13-2021_20-20-57,ETH/USD,25.0,1119.357,1118.08,0.028520838302705114,-0.09847916169729488,0.127,False,Bittrex,Kraken
367,01-13-2021_20-21-08,ETH/USD,25.0,1118.966,1117.5,0.03275345274118907,-0.09424654725881093,0.127,False,Bittrex,Kraken
368,01-13-2021_20-21-18,ETH/USD,25.0,1118.877,1117.05,0.04082218152665571,-0.021197818473344288,0.06202,False,Bittrex,Binance US
369,01-13-2021_20-21-29,ETH/USD,25.0,1118.315,1116.94,0.03073820882309546,-0.031281791176904536,0.06202,False,Bittrex,Binance US
370,01-13-2021_20-21-40,ETH/USD,25.0,1118.315,1117.05,0.02827915211725006,-0.03374084788274994,0.06202,False,Bittrex,Binance US
371,01-13-2021_20-21-51,ETH/USD,25.0,1118.315,1117.42,0.020007779561214457,-0.10699222043878555,0.127,False,Bittrex,Kraken
372,01-13-2021_20-21-59,ETH/USD,25.0,1118.236,1116.89,0.030092037816704244,-0.03192796218329576,0.06202,False,Bittrex,Binance US
373,01-13-2021_20-22-09,ETH/USD,25.0,1118.107,1116.0,0.047110875792745484,-0.13488912420725452,0.182,False,Bittrex,Coinbase Pro
374,01-13-2021_20-22-19,ETH/USD,25.0,1116.907,1115.92,0.022092260143410612,-0.10490773985658938,0.127,False,Bittrex,Kraken
375,01-13-2021_20-22-29,ETH/USD,25.0,1116.906,1115.96,0.021174566167607496,-0.0408454338323925,0.06202,False,Bittrex,Binance US
376,01-13-2021_20-22-39,ETH/USD,25.0,1116.806,1115.24,0.03505532742481753,-0.14694467257518246,0.182,False,Bittrex,Coinbase Pro
377,01-13-2021_20-22-49,ETH/USD,25.0,1115.95,1115.0,0.02128231551592915,-0.16371768448407084,0.185,False,Coinbase Pro,Kraken
378,01-13-2021_20-22-59,ETH/USD,25.0,1117.076,1115.85,0.027437703432893392,-0.03458229656710661,0.06202,False,Bittrex,Binance US
379,01-13-2021_20-23-10,ETH/USD,25.0,1117.072,1115.65,0.031824269160801597,-0.15017573083919838,0.182,False,Bittrex,Coinbase Pro
380,01-13-2021_20-23-20,ETH/USD,25.0,1117.07,1115.6,0.03289856499592746,-0.029121435004072542,0.06202,False,Bittrex,Binance US
381,01-13-2021_20-23-30,ETH/USD,25.0,1115.882,1114.06,0.04081972825083917,-0.02120027174916083,0.06202,False,Bittrex,Binance US
382,01-13-2021_20-23-41,ETH/USD,25.0,1115.87,1115.57,0.006721213044529259,-0.17827878695547072,0.185,False,Coinbase Pro,Kraken
383,01-13-2021_20-23-50,ETH/USD,25.0,1116.447,1115.6,0.018966417572889267,-0.04305358242711073,0.06202,False,Bittrex,Binance US
384,01-13-2021_20-24-01,ETH/USD,25.0,1116.447,1114.93,0.03396936889972891,-0.02805063110027109,0.06202,False,Bittrex,Binance US
385,01-13-2021_20-24-12,ETH/USD,25.0,1115.047,1113.55,0.03356360763268434,-0.14843639236731565,0.182,False,Bittrex,Coinbase Pro
386,01-13-2021_20-24-22,ETH/USD,25.0,1114.623,1111.95,0.05995300653225354,-0.12204699346774645,0.182,False,Bittrex,Coinbase Pro
387,01-13-2021_20-24-31,ETH/USD,25.0,1112.596,1110.98,0.036311473347018716,-0.14568852665298127,0.182,False,Bittrex,Coinbase Pro
388,01-13-2021_20-24-42,ETH/USD,25.0,1111.61,1110.95,0.014843335342427978,-0.08015666465757203,0.095,False,Binance US,Kraken
389,01-13-2021_20-24-53,ETH/USD,25.0,1113.37,1112.19,0.026496133360873662,-0.058503866639126344,0.085,False,Binance US,Kraken
390,01-13-2021_20-25-04,ETH/USD,25.0,1112.953,1111.71,0.027921215001889974,-0.15407878499811,0.182,False,Bittrex,Coinbase Pro
391,01-13-2021_20-25-16,ETH/USD,25.0,1112.103,1111.0,0.024795365177507512,-0.15720463482249247,0.182,False,Bittrex,Coinbase Pro
392,01-13-2021_20-25-26,ETH/USD,25.0,1112.103,1111.45,0.014679395703455974,-0.16732060429654402,0.182,False,Bittrex,Coinbase Pro
393,01-13-2021_20-25-37,ETH/USD,25.0,1111.194,1109.99,0.027087979236747835,-0.15491202076325217,0.182,False,Bittrex,Coinbase Pro
394,01-13-2021_20-25-48,ETH/USD,25.0,1110.42,1109.39,0.023189423821616432,-0.11681057617838356,0.13999999999999999,False,Binance US,Coinbase Pro
395,01-13-2021_20-26-00,ETH/USD,25.0,1109.74,1108.82,0.02072557535999587,-0.06427442464000413,0.085,False,Binance US,Kraken
396,01-13-2021_20-26-12,ETH/USD,25.0,1109.74,1108.87,0.019599185394779818,-0.06537480460522019,0.08497399,False,Binance US,Kraken
397,01-13-2021_20-26-24,ETH/USD,25.0,1109.73,1108.87,0.019374081983908862,-0.07559990801609114,0.09497399,False,Binance US,Kraken
398,01-13-2021_20-26-36,ETH/USD,25.0,1109.211,1108.32,0.02008184195793398,-0.16191815804206602,0.182,False,Bittrex,Coinbase Pro
399,01-13-2021_20-26-48,ETH/USD,25.0,1108.459,1107.58,0.01982481986253287,-0.17217518013746713,0.192,False,Bittrex,Coinbase Pro
400,01-13-2021_20-27-00,ETH/USD,25.0,1109.44,1107.01,0.0547573550620147,-0.08524264493798528,0.13999999999999999,False,Binance US,Coinbase Pro
401,01-13-2021_20-27-15,ETH/USD,25.0,1108.03,1107.0,0.02323944297537009,-0.1267605570246299,0.15,False,Binance US,Coinbase Pro
402,01-13-2021_20-27-27,ETH/USD,25.0,1108.206,1106.82,0.03126675004466605,-0.15073324995533394,0.182,False,Bittrex,Coinbase Pro
403,01-13-2021_20-27-38,ETH/USD,25.0,1108.03,1106.81,0.02752633051451737,-0.12247366948548262,0.15,False,Binance US,Coinbase Pro
404,01-13-2021_20-27-49,ETH/USD,25.0,1108.202,1107.23,0.021927410345766837,-0.16007258965423315,0.182,False,Bittrex,Coinbase Pro
405,01-13-2021_20-28-00,ETH/USD,25.0,1108.2,1106.92,0.02887565421404017,-0.09812434578595983,0.127,False,Bittrex,Kraken
406,01-13-2021_20-28-13,ETH/USD,25.0,1108.01,1105.11,0.06543262244925792,-0.019567377550742088,0.085,False,Binance US,Kraken
407,01-13-2021_20-28-26,ETH/USD,25.0,1108.01,1104.32,0.08325737132336473,-0.0017426286766352717,0.085,False,Binance US,Kraken
408,01-13-2021_20-28-39,ETH/USD,25.0,1104.58,1103.97,0.013806152564773489,-0.08119384743522651,0.095,False,Binance US,Kraken
409,01-13-2021_20-28-51,ETH/USD,25.0,1105.038,1103.62,0.03208034474832811,-0.1499196552516719,0.182,False,Bittrex,Coinbase Pro
410,01-13-2021_20-29-05,ETH/USD,25.0,1106.57,1101.98,0.10369881706534421,-0.03630118293465577,0.13999999999999999,False,Binance US,Coinbase Pro
411,01-13-2021_20-29-17,ETH/USD,25.0,1107.97,1100.93,0.15884906631045884,0.01884906631045885,0.13999999999999999,True,Binance US,Coinbase Pro
412,01-13-2021_20-29-30,ETH/USD,25.0,1104.79,1098.5,0.14233474234922391,0.0023347423492239283,0.13999999999999999,False,Binance US,Coinbase Pro
413,01-13-2021_20-29-42,ETH/USD,25.0,1104.79,1097.8,0.15817485676010845,0.07317485676010844,0.085,True,Binance US,Kraken
414,01-13-2021_20-29-55,ETH/USD,25.0,1104.79,1098.94,0.13237809900523875,0.04737809900523875,0.085,True,Binance US,Kraken
415,01-13-2021_20-30-09,ETH/USD,25.0,1104.79,1102.09,0.06109758415626602,-0.07890241584373398,0.13999999999999999,False,Binance US,Coinbase Pro
416,01-13-2021_20-30-21,ETH/USD,25.0,1108.28,1102.66,0.12677301764896712,0.03177301764896712,0.095,True,Binance US,Kraken
417,01-13-2021_20-30-34,ETH/USD,25.0,1103.82,1103.27,0.012456741135329007,-0.072543258864671,0.085,False,Binance US,Kraken
418,01-13-2021_20-30-45,ETH/USD,25.0,1105.339,1104.8,0.012190830143512245,-0.049829169856487755,0.06202,False,Bittrex,Binance US
419,01-13-2021_20-30-57,ETH/USD,25.0,1103.723,1103.66,0.0014269884744604058,-0.1805730115255396,0.182,False,Bittrex,Coinbase Pro
420,01-13-2021_20-31-09,ETH/USD,25.0,1104.436,1103.65,0.017791886537559233,-0.10920811346244078,0.127,False,Bittrex,Kraken
421,01-13-2021_20-31-22,ETH/USD,25.0,1103.201,1102.06,0.02585657554697821,-0.1011434244530218,0.127,False,Bittrex,Kraken
422,01-13-2021_20-31-34,ETH/USD,25.0,1103.201,1102.27,0.02109769661195104,-0.10590230338804896,0.127,False,Bittrex,Kraken
423,01-13-2021_20-31-46,ETH/USD,25.0,1103.201,1102.52,0.015432364546443485,-0.11156763545355652,0.127,False,Bittrex,Kraken
424,01-13-2021_20-31-58,ETH/USD,25.0,1103.15,1101.26,0.0428318904954018,-0.042168109504598206,0.085,False,Binance US,Kraken
425,01-13-2021_20-32-11,ETH/USD,25.0,1103.16,1099.95,0.07274556727945258,-0.07725443272054741,0.15,False,Binance US,Coinbase Pro
426,01-13-2021_20-32-24,ETH/USD,25.0,1103.16,1097.3,0.1328003190833634,-0.017199680916636595,0.15,False,Binance US,Coinbase Pro
427,01-13-2021_20-32-35,ETH/USD,25.0,1103.15,1097.14,0.13620087930018562,0.05120087930018562,0.085,True,Binance US,Kraken
428,01-13-2021_20-32-50,ETH/USD,25.0,1103.16,1096.47,0.15160992059175582,0.0016099205917558257,0.15,False,Binance US,Coinbase Pro
429,01-13-2021_20-33-00,ETH/USD,25.0,1100.72,1093.74,0.15853259684570142,0.008532596845701429,0.15,False,Binance US,Coinbase Pro
430,01-13-2021_20-33-13,ETH/USD,25.0,1102.7,1094.01,0.1970164142559185,0.10201641425591851,0.095,True,Binance US,Kraken
431,01-13-2021_20-33-26,ETH/USD,25.0,1102.7,1096.51,0.14033735376802517,0.04533735376802517,0.095,True,Binance US,Kraken
432,01-13-2021_20-33-39,ETH/USD,25.0,1102.7,1096.52,0.1401106375260738,0.045110637526073805,0.095,True,Binance US,Kraken
433,01-13-2021_20-33-52,ETH/USD,25.0,1102.7,1094.35,0.18930806202956688,0.09430806202956687,0.095,True,Binance US,Kraken
434,01-13-2021_20-34-05,ETH/USD,25.0,1102.7,1095.93,0.15348689580121477,0.05848689580121477,0.095,True,Binance US,Kraken
435,01-13-2021_20-34-18,ETH/USD,25.0,1103.43,1095.56,0.1783076407203021,0.08330764072030211,0.095,True,Binance US,Kraken
436,01-13-2021_20-34-29,ETH/USD,25.0,1109.99,1096.12,0.3123902017135316,0.1623902017135316,0.15,True,Binance US,Coinbase Pro
437,01-13-2021_20-34-41,ETH/USD,25.0,1102.01,1096.34,0.12862859683669098,0.03362859683669098,0.095,True,Binance US,Kraken
438,01-13-2021_20-34-53,ETH/USD,25.0,1098.251,1097.66,0.013453208783781999,-0.048566791216218,0.06202,False,Bittrex,Binance US
439,01-13-2021_20-35-08,ETH/USD,25.0,1098.73,1098.3,0.009784023372440538,-0.17521597662755947,0.185,False,Coinbase Pro,Kraken
440,01-13-2021_20-35-18,ETH/USD,25.0,1099.17,1097.96,0.027520765668641707,-0.0674792343313583,0.095,False,Binance US,Kraken
441,01-13-2021_20-35-32,ETH/USD,25.0,1097.717,1096.04,0.038192903999850016,-0.14380709600015,0.182,False,Bittrex,Coinbase Pro
442,01-13-2021_20-35-42,ETH/USD,25.0,1097.52,1096.71,0.01845068882571492,-0.1315493111742851,0.15,False,Binance US,Coinbase Pro
443,01-13-2021_20-35-55,ETH/USD,25.0,1097.97,1097.01,0.02185852072461079,-0.10514147927538921,0.127,False,Bittrex,Kraken
444,01-13-2021_20-36-06,ETH/USD,25.0,1099.2,1097.75,0.032978529839884585,-0.062021470160115416,0.095,False,Binance US,Kraken
445,01-13-2021_20-36-18,ETH/USD,25.0,1097.97,1096.33,0.03734163957121096,-0.14465836042878905,0.182,False,Bittrex,Coinbase Pro
446,01-13-2021_20-36-31,ETH/USD,25.0,1098.056,1096.61,0.03292181819506792,-0.09407818180493208,0.127,False,Bittrex,Kraken
447,01-13-2021_20-36-42,ETH/USD,25.0,1097.72,1096.51,0.02755711839084731,-0.15744288160915268,0.185,False,Coinbase Pro,Kraken
448,01-13-2021_20-36-54,ETH/USD,25.0,1097.95,1096.8,0.026185163258802564,-0.06881483674119744,0.095,False,Binance US,Kraken
449,01-13-2021_20-37-05,ETH/USD,25.0,1097.936,1097.0,0.021312717681174535,-0.10568728231882546,0.127,False,Bittrex,Kraken
450,01-13-2021_20-37-18,ETH/USD,25.0,1097.936,1096.95,0.022451217557304715,-0.10454878244269529,0.127,False,Bittrex,Kraken
451,01-13-2021_20-37-29,ETH/USD,25.0,1097.936,1097.0,0.021312717681174535,-0.10568728231882546,0.127,False,Bittrex,Kraken
452,01-13-2021_20-37-41,ETH/USD,25.0,1097.927,1096.33,0.036363984126448756,-0.09063601587355125,0.127,False,Bittrex,Kraken
453,01-13-2021_20-37-52,ETH/USD,25.0,1097.927,1096.98,0.021563364413114194,-0.1054366355868858,0.127,False,Bittrex,Kraken
454,01-13-2021_20-38-04,ETH/USD,25.0,1098.506,1097.0,0.03427382281025514,-0.09272617718974485,0.127,False,Bittrex,Kraken
455,01-13-2021_20-38-15,ETH/USD,25.0,1098.94,1098.47,0.010692121498899558,-0.07430787850110045,0.085,False,Binance US,Kraken
456,01-13-2021_20-38-26,ETH/USD,25.0,1100.367,1099.0,0.031057819800120366,-0.09594218019987963,0.127,False,Bittrex,Kraken
457,01-13-2021_20-38-38,ETH/USD,25.0,1099.879,1098.47,0.03202625016024213,-0.09497374983975787,0.127,False,Bittrex,Kraken
458,01-13-2021_20-38-50,ETH/USD,25.0,1099.223,1098.24,0.022356701051559767,-0.10464329894844024,0.127,False,Bittrex,Kraken
459,01-13-2021_20-39-03,ETH/USD,25.0,1099.964,1099.0,0.02190980795735001,-0.10509019204265,0.127,False,Bittrex,Kraken
460,01-13-2021_20-39-14,ETH/USD,25.0,1100.88,1099.9,0.022254923334060435,-0.10474507666593957,0.127,False,Bittrex,Kraken
461,01-13-2021_20-39-26,ETH/USD,25.0,1100.878,1099.78,0.02493464307579851,-0.15706535692420148,0.182,False,Bittrex,Coinbase Pro
462,01-13-2021_20-39-38,ETH/USD,25.0,1100.878,1100.0,0.01993863080195828,-0.1620613691980417,0.182,False,Bittrex,Coinbase Pro
463,01-13-2021_20-39-48,ETH/USD,25.0,1101.31,1100.57,0.01679817671681927,-0.07820182328318073,0.095,False,Binance US,Kraken
464,01-13-2021_20-39-59,ETH/USD,25.0,1101.756,1100.52,0.028046137257253502,-0.0989538627427465,0.127,False,Bittrex,Kraken
465,01-13-2021_20-40-10,ETH/USD,25.0,1101.756,1100.83,0.02101191189338107,-0.10598808810661893,0.127,False,Bittrex,Kraken
466,01-13-2021_20-40-21,ETH/USD,25.0,1101.756,1101.06,0.01579297049437761,-0.11120702950562239,0.127,False,Bittrex,Kraken
467,01-13-2021_20-40-34,ETH/USD,25.0,1103.11,1102.0,0.025156149432058,-0.159843850567942,0.185,False,Coinbase Pro,Kraken
468,01-13-2021_20-40-45,ETH/USD,25.0,1102.918,1102.0,0.020808437254625747,-0.10619156274537425,0.127,False,Bittrex,Kraken
469,01-13-2021_20-40-56,ETH/USD,25.0,1103.01,1102.56,0.010199363559714904,-0.1748006364402851,0.185,False,Coinbase Pro,Kraken
470,01-13-2021_20-41-07,ETH/USD,25.0,1102.913,1101.94,0.022055230104277408,-0.1599447698957226,0.182,False,Bittrex,Coinbase Pro
471,01-13-2021_20-41-18,ETH/USD,25.0,1102.913,1102.26,0.01480171146772275,-0.16719828853227725,0.182,False,Bittrex,Coinbase Pro
472,01-13-2021_20-41-29,ETH/USD,25.0,1102.913,1101.94,0.022055230104277408,-0.1049447698957226,0.127,False,Bittrex,Kraken
473,01-13-2021_20-41-41,ETH/USD,25.0,1102.913,1102.68,0.005281468257241216,-0.05673853174275878,0.06202,False,Bittrex,Binance US
474,01-13-2021_20-41-51,ETH/USD,25.0,1103.86,1103.04,0.018571195622631865,-0.06642880437736814,0.085,False,Binance US,Kraken
475,01-13-2021_20-42-02,ETH/USD,25.0,1104.506,1103.41,0.0248074704890694,-0.10219252951093061,0.127,False,Bittrex,Kraken
476,01-13-2021_20-42-13,ETH/USD,25.0,1105.34,1104.5,0.018998679139448454,-0.12100132086055153,0.13999999999999999,False,Binance US,Coinbase Pro
477,01-13-2021_20-42-25,ETH/USD,25.0,1106.367,1105.41,0.021624831543237463,-0.10537516845676254,0.127,False,Bittrex,Kraken
478,01-13-2021_20-42-36,ETH/USD,25.0,1106.36,1105.52,0.018981163454931445,-0.16301883654506855,0.182,False,Bittrex,Coinbase Pro
479,01-13-2021_20-42-47,ETH/USD,25.0,1103.705,1100.87,0.0642155286059236,-0.1177844713940764,0.182,False,Bittrex,Coinbase Pro
480,01-13-2021_20-42-57,ETH/USD,25.0,1102.29,1101.17,0.025401663808977012,-0.05959833619102299,0.085,False,Binance US,Kraken
481,01-13-2021_20-43-08,ETH/USD,25.0,1100.79,1099.84,0.02157541402084061,-0.16042458597915937,0.182,False,Bittrex,Coinbase Pro
482,01-13-2021_20-43-19,ETH/USD,25.0,1102.81,1101.73,0.024482911834312514,-0.1605170881656875,0.185,False,Coinbase Pro,Kraken
483,01-13-2021_20-43-29,ETH/USD,25.0,1102.22,1101.06,0.026310536916406932,-0.12368946308359306,0.15,False,Binance US,Coinbase Pro
484,01-13-2021_20-43-46,ETH/USD,25.0,1101.97,1101.31,0.014973184387961603,-0.1120268156120384,0.127,False,Bittrex,Kraken
485,01-13-2021_20-43-56,ETH/USD,25.0,1101.77,1101.3,0.010664657777939754,-0.08433534222206025,0.095,False,Binance US,Kraken
486,01-13-2021_20-44-09,ETH/USD,25.0,1103.061,1101.97,0.024726647030397564,-0.10227335296960244,0.127,False,Bittrex,Kraken
487,01-13-2021_20-44-20,ETH/USD,25.0,1103.055,1102.5,0.012578701877967636,-0.11442129812203236,0.127,False,Bittrex,Kraken
488,01-13-2021_20-44-31,ETH/USD,25.0,1103.055,1102.56,0.011218842215486042,-0.11578115778451396,0.127,False,Bittrex,Kraken
489,01-13-2021_20-44-42,ETH/USD,25.0,1104.538,1103.49,0.023720324696841617,-0.10327967530315839,0.127,False,Bittrex,Kraken
490,01-13-2021_20-44-53,ETH/USD,25.0,1105.129,1103.49,0.037077119503693606,-0.0899228804963064,0.127,False,Bittrex,Kraken
491,01-13-2021_20-45-04,ETH/USD,25.0,1104.571,1103.49,0.024466512338272135,-0.10253348766172787,0.127,False,Bittrex,Kraken
492,01-13-2021_20-45-14,ETH/USD,25.0,1103.612,1102.14,0.033345052427845565,-0.14865494757215442,0.182,False,Bittrex,Coinbase Pro
493,01-13-2021_20-45-24,ETH/USD,25.0,1101.68,1100.64,0.023600319512017184,-0.03841968048798282,0.06202,False,Bittrex,Binance US
494,01-13-2021_20-45-36,ETH/USD,25.0,1101.99,1101.01,0.022232506647066174,-0.16276749335293383,0.185,False,Coinbase Pro,Kraken
495,01-13-2021_20-45-45,ETH/USD,25.0,1101.66,1100.48,0.026777771726305386,-0.03524222827369461,0.06202,False,Bittrex,Binance US
496,01-13-2021_20-45-55,ETH/USD,25.0,1101.66,1100.29,0.03108944683477929,-0.09591055316522071,0.127,False,Bittrex,Kraken
497,01-13-2021_20-46-06,ETH/USD,25.0,1099.729,1099.0,0.016572264621557715,-0.16542773537844227,0.182,False,Bittrex,Coinbase Pro
498,01-13-2021_20-46-18,ETH/USD,25.0,1101.69,1100.918,0.017518539698103863,-0.16448146030189614,0.182,False,Coinbase Pro,Bittrex
499,01-13-2021_20-46-30,ETH/USD,25.0,1103.38,1102.85,0.012008555529377912,-0.0729914444706221,0.085,False,Binance US,Kraken
500,01-13-2021_20-46-41,ETH/USD,25.0,1104.23,1103.38,0.019244179201794668,-0.10077582079820534,0.12002,False,Coinbase Pro,Binance US
501,01-13-2021_20-46-52,ETH/USD,25.0,1104.61,1103.5,0.02512198875621034,-0.15987801124378967,0.185,False,Coinbase Pro,Kraken
502,01-13-2021_20-47-03,ETH/USD,25.0,1104.62,1103.62,0.02263221741413337,-0.09738778258586664,0.12002,False,Coinbase Pro,Binance US
503,01-13-2021_20-47-13,ETH/USD,25.0,1103.283,1102.49,0.017969097683910036,-0.04405090231608996,0.06202,False,Bittrex,Binance US
504,01-13-2021_20-47-23,ETH/USD,25.0,1102.73,1101.87,0.019497066371644178,-0.10052293362835582,0.12002,False,Coinbase Pro,Binance US
505,01-13-2021_20-47-33,ETH/USD,25.0,1103.44,1102.14,0.029453345900093218,-0.15554665409990678,0.185,False,Coinbase Pro,Kraken
506,01-13-2021_20-47-44,ETH/USD,25.0,1104.284,1103.93,0.008014242712926245,-0.054005757287073755,0.06202,False,Bittrex,Binance US
507,01-13-2021_20-47-55,ETH/USD,25.0,1104.376,1103.93,0.010096199120587387,-0.05192380087941261,0.06202,False,Bittrex,Binance US
508,01-13-2021_20-48-07,ETH/USD,25.0,1104.376,1103.93,0.010096199120587387,-0.05192380087941261,0.06202,False,Bittrex,Binance US
509,01-13-2021_20-48-18,ETH/USD,25.0,1104.196,1103.55,0.014626026538765722,-0.1773739734612343,0.192,False,Bittrex,Coinbase Pro
510,01-13-2021_20-48-31,ETH/USD,25.0,1104.667,1103.88,0.0178107972809862,-0.1641892027190138,0.182,False,Bittrex,Coinbase Pro
511,01-13-2021_20-48-41,ETH/USD,25.0,1104.88,1104.14,0.01674389979002265,-0.10327610020997735,0.12002,False,Coinbase Pro,Binance US
512,01-13-2021_20-48-53,ETH/USD,25.0,1104.84,1104.19,0.01470801201983689,-0.1702919879801631,0.185,False,Coinbase Pro,Kraken
513,01-13-2021_20-49-03,ETH/USD,25.0,1106.242,1104.19,0.04637321671026564,-0.08062678328973436,0.127,False,Bittrex,Kraken
514,01-13-2021_20-49-13,ETH/USD,25.0,1106.156,1105.5,0.014826118558321546,-0.11217388144167846,0.127,False,Bittrex,Kraken
515,01-13-2021_20-49-23,ETH/USD,25.0,1106.46,1105.5,0.02169079767908547,-0.07330920232091453,0.095,False,Binance US,Kraken
516,01-13-2021_20-49-33,ETH/USD,25.0,1106.768,1105.7,0.02412429705231773,-0.15787570294768227,0.182,False,Bittrex,Coinbase Pro
517,01-13-2021_20-49-44,ETH/USD,25.0,1107.23,1106.58,0.014676264190820581,-0.17032373580917942,0.185,False,Coinbase Pro,Kraken
518,01-13-2021_20-49-54,ETH/USD,25.0,1107.685,1107.13,0.01252612430428859,-0.04949387569571141,0.06202,False,Bittrex,Binance US
519,01-13-2021_20-50-05,ETH/USD,25.0,1107.517,1107.01,0.011444519587511115,-0.11555548041248889,0.127,False,Bittrex,Kraken
520,01-13-2021_20-50-16,ETH/USD,25.0,1108.33,1107.35,0.022105329640089554,-0.10489467035991044,0.127,False,Bittrex,Kraken
521,01-13-2021_20-50-27,ETH/USD,25.0,1108.967,1108.15,0.018418041294285745,-0.16358195870571424,0.182,False,Bittrex,Coinbase Pro
522,01-13-2021_20-50-38,ETH/USD,25.0,1108.774,1108.07,0.015873388084495826,-0.16612661191550418,0.182,False,Bittrex,Coinbase Pro
523,01-13-2021_20-50-49,ETH/USD,25.0,1109.05,1108.49,0.012623416437490318,-0.08237658356250968,0.095,False,Binance US,Kraken
524,01-13-2021_20-50-58,ETH/USD,25.0,1109.735,1108.49,0.028047236502405776,-0.09895276349759423,0.127,False,Bittrex,Kraken
525,01-13-2021_20-51-09,ETH/USD,25.0,1109.608,1108.25,0.030596390797469633,-0.09640360920253037,0.127,False,Bittrex,Kraken
526,01-13-2021_20-51-19,ETH/USD,25.0,1109.74,1109.22,0.0117144556382572,-0.1083055443617428,0.12002,False,Coinbase Pro,Binance US
527,01-13-2021_20-51-29,ETH/USD,25.0,1110.01,1109.735,0.006193637895156146,-0.08580636210484385,0.092,False,Binance US,Bittrex
528,01-13-2021_20-51-38,ETH/USD,25.0,1110.01,1109.735,0.006193637895156146,-0.08580636210484385,0.092,False,Binance US,Bittrex
529,01-13-2021_20-51-49,ETH/USD,25.0,1110.456,1109.7,0.017020035012640263,-0.16497996498735973,0.182,False,Bittrex,Coinbase Pro
530,01-13-2021_20-51-59,ETH/USD,25.0,1110.452,1108.44,0.04529687010334403,-0.13670312989665595,0.182,False,Bittrex,Coinbase Pro
531,01-13-2021_20-52-09,ETH/USD,25.0,1108.865,1107.76,0.024912861349217854,-0.15708713865078214,0.182,False,Bittrex,Coinbase Pro
532,01-13-2021_20-52-19,ETH/USD,25.0,1109.658,1108.76,0.020231458701688063,-0.10676854129831194,0.127,False,Bittrex,Kraken
533,01-13-2021_20-52-30,ETH/USD,25.0,1109.658,1109.06,0.013472619491770355,-0.11352738050822965,0.127,False,Bittrex,Kraken
534,01-13-2021_20-52-41,ETH/USD,25.0,1109.79,1109.52,0.006082231773578375,-0.17891776822642164,0.185,False,Coinbase Pro,Kraken
535,01-13-2021_20-52-51,ETH/USD,25.0,1110.41,1109.74,0.015084518331068539,-0.16991548166893145,0.185,False,Coinbase Pro,Kraken
536,01-13-2021_20-53-01,ETH/USD,25.0,1111.371,1110.0,0.030840286456999832,-0.09615971354300017,0.127,False,Bittrex,Kraken
537,01-13-2021_20-53-11,ETH/USD,25.0,1110.039,1108.62,0.03195833659898653,-0.09504166340101347,0.127,False,Bittrex,Kraken
538,01-13-2021_20-53-22,ETH/USD,25.0,1110.24,1109.58,0.014861651534805127,-0.08013834846519488,0.095,False,Binance US,Kraken
539,01-13-2021_20-53-31,ETH/USD,25.0,1110.038,1109.56,0.010765397220637166,-0.11623460277936283,0.127,False,Bittrex,Kraken
540,01-13-2021_20-53-41,ETH/USD,25.0,1109.679,1108.62,0.023858250899588897,-0.1581417491004111,0.182,False,Bittrex,Coinbase Pro
541,01-13-2021_20-53-51,ETH/USD,25.0,1108.993,1108.32,0.015171421280386843,-0.11182857871961316,0.127,False,Bittrex,Kraken
542,01-13-2021_20-54-02,ETH/USD,25.0,1108.872,1108.41,0.01041599030365969,-0.05160400969634031,0.06202,False,Bittrex,Binance US
543,01-13-2021_20-54-13,ETH/USD,25.0,1107.503,1106.3,0.027155682648263135,-0.03486431735173687,0.06202,False,Bittrex,Binance US
544,01-13-2021_20-54-24,ETH/USD,25.0,1106.129,1104.7,0.03229731794392562,-0.02972268205607438,0.06202,False,Bittrex,Binance US
545,01-13-2021_20-54-36,ETH/USD,25.0,1108.079,1106.18,0.042844418132639624,-0.13915558186736038,0.182,False,Bittrex,Coinbase Pro
546,01-13-2021_20-54-46,ETH/USD,25.0,1107.5,1106.7,0.018058690744919968,-0.10196130925508004,0.12002,False,Coinbase Pro,Binance US
547,01-13-2021_20-54-57,ETH/USD,25.0,1107.447,1106.56,0.02002353160015657,-0.16197646839984342,0.182,False,Bittrex,Coinbase Pro
548,01-13-2021_20-55-08,ETH/USD,25.0,1107.444,1106.65,0.01792415688738819,-0.10907584311261181,0.127,False,Bittrex,Kraken
549,01-13-2021_20-55-19,ETH/USD,25.0,1108.488,1106.98,0.034010291496165,-0.092989708503835,0.127,False,Bittrex,Kraken
550,01-13-2021_20-55-29,ETH/USD,25.0,1108.481,1106.91,0.03543136959496628,-0.09156863040503371,0.127,False,Bittrex,Kraken
551,01-13-2021_20-55-40,ETH/USD,25.0,1108.477,1107.43,0.02361348047817017,-0.10338651952182984,0.127,False,Bittrex,Kraken
552,01-13-2021_20-55-51,ETH/USD,25.0,1108.477,1107.9,0.013013350750624464,-0.11398664924937554,0.127,False,Bittrex,Kraken
553,01-13-2021_20-56-03,ETH/USD,25.0,1108.477,1107.56,0.020681529702468875,-0.16131847029753113,0.182,False,Bittrex,Coinbase Pro
554,01-13-2021_20-56-12,ETH/USD,25.0,1107.752,1107.03,0.01629426080927816,-0.11070573919072184,0.127,False,Bittrex,Kraken
555,01-13-2021_20-56-23,ETH/USD,25.0,1108.252,1107.23,0.023054323384932636,-0.10394567661506737,0.127,False,Bittrex,Kraken
556,01-13-2021_20-56-34,ETH/USD,25.0,1108.252,1107.55,0.015835748548164094,-0.11116425145183591,0.127,False,Bittrex,Kraken
557,01-13-2021_20-56-44,ETH/USD,25.0,1108.251,1107.59,0.014910882101619087,-0.11208911789838091,0.127,False,Bittrex,Kraken
558,01-13-2021_20-56-56,ETH/USD,25.0,1108.17,1107.37,0.018047772453689007,-0.108952227546311,0.127,False,Bittrex,Kraken
559,01-13-2021_20-57-08,ETH/USD,25.0,1108.168,1107.21,0.02161224651857517,-0.10538775348142483,0.127,False,Bittrex,Kraken
560,01-13-2021_20-57-19,ETH/USD,25.0,1108.006,1107.08,0.020893388663963872,-0.04112661133603612,0.06202,False,Bittrex,Binance US
561,01-13-2021_20-57-30,ETH/USD,25.0,1108.896,1107.24,0.037334429919486344,-0.08966557008051365,0.127,False,Bittrex,Kraken
562,01-13-2021_20-57-40,ETH/USD,25.0,1109.332,1108.5,0.018750022536087197,-0.10824997746391281,0.127,False,Bittrex,Kraken
563,01-13-2021_20-57-52,ETH/USD,25.0,1110.96,1109.55,0.03172931518686725,-0.08829068481313275,0.12002,False,Coinbase Pro,Binance US
564,01-13-2021_20-58-03,ETH/USD,25.0,1111.071,1109.55,0.03422373547684977,-0.027796264523150226,0.06202,False,Bittrex,Binance US
565,01-13-2021_20-58-14,ETH/USD,25.0,1111.1,1109.55,0.03487534875348652,-0.08514465124651349,0.12002,False,Coinbase Pro,Binance US
566,01-13-2021_20-58-25,ETH/USD,25.0,1109.77,1108.95,0.018472296061344613,-0.0465477039386554,0.06502000000000001,False,Kraken,Binance US
567,01-13-2021_20-58-36,ETH/USD,25.0,1111.23,1109.55,0.03779595583272733,-0.08222404416727266,0.12002,False,Coinbase Pro,Binance US
568,01-13-2021_20-58-48,ETH/USD,25.0,1111.27,1109.55,0.038694466691263765,-0.08132553330873624,0.12002,False,Coinbase Pro,Binance US
569,01-13-2021_20-59-00,ETH/USD,25.0,1111.29,1109.55,0.03914369786464399,-0.08087630213535602,0.12002,False,Coinbase Pro,Binance US
570,01-13-2021_20-59-11,ETH/USD,25.0,1111.37,1109.86,0.03396708566903891,-0.0860529143309611,0.12002,False,Coinbase Pro,Binance US
571,01-13-2021_20-59-23,ETH/USD,25.0,1111.78,1109.86,0.04317400924643528,-0.07684599075356471,0.12002,False,Coinbase Pro,Binance US
572,01-13-2021_20-59-33,ETH/USD,25.0,1111.27,1110.33,0.021146975982435742,-0.16385302401756424,0.185,False,Coinbase Pro,Kraken
573,01-13-2021_20-59-44,ETH/USD,25.0,1112.02,1110.63,0.031249437959746065,-0.09877056204025393,0.13002,False,Coinbase Pro,Binance US
574,01-13-2021_20-59-55,ETH/USD,25.0,1112.687,1111.41,0.0286918064109632,-0.0333281935890368,0.06202,False,Bittrex,Binance US
575,01-13-2021_21-00-06,ETH/USD,25.0,1113.7,1111.41,0.051405225823829656,-0.06861477417617035,0.12002,False,Coinbase Pro,Binance US
576,01-13-2021_21-00-16,ETH/USD,25.0,1112.688,1111.91,0.017480192111356013,-0.044539807888643985,0.06202,False,Bittrex,Binance US
577,01-13-2021_21-00-28,ETH/USD,25.0,1112.69,1112.18,0.011458717162911298,-0.1085612828370887,0.12002,False,Coinbase Pro,Binance US
578,01-13-2021_21-00-38,ETH/USD,25.0,1112.511,1111.55,0.021595292091494214,-0.04042470790850579,0.06202,False,Bittrex,Binance US
579,01-13-2021_21-00-49,ETH/USD,25.0,1112.14,1111.48,0.014836261621740109,-0.1051837383782599,0.12002,False,Coinbase Pro,Binance US
580,01-13-2021_21-00-59,ETH/USD,25.0,1111.98,1111.439,0.012162988542958055,-0.16983701145704194,0.182,False,Coinbase Pro,Bittrex
581,01-13-2021_21-01-10,ETH/USD,25.0,1110.681,1109.42,0.02838348724791293,-0.03363651275208707,0.06202,False,Bittrex,Binance US
582,01-13-2021_21-01-20,ETH/USD,25.0,1110.64,1108.98,0.03736584311748365,-0.08265415688251634,0.12002,False,Coinbase Pro,Binance US
583,01-13-2021_21-01-31,ETH/USD,25.0,1111.93,1110.04,0.04249368215625309,-0.1425063178437469,0.185,False,Coinbase Pro,Kraken
584,01-13-2021_21-01-41,ETH/USD,25.0,1110.08,1108.7,0.031078841164598088,-0.0889411588354019,0.12002,False,Coinbase Pro,Binance US
585,01-13-2021_21-01-50,ETH/USD,25.0,1109.509,1107.71,0.04053594878455195,-0.021484051215448045,0.06202,False,Bittrex,Binance US
586,01-13-2021_21-02-00,ETH/USD,25.0,1109.27,1108.46,0.018255248947504788,-0.1667447510524952,0.185,False,Coinbase Pro,Kraken
587,01-13-2021_21-02-11,ETH/USD,25.0,1108.231,1107.63,0.01355764276581068,-0.04846235723418932,0.06202,False,Bittrex,Binance US
588,01-13-2021_21-02-22,ETH/USD,25.0,1108.165,1107.29,0.019739840186253854,-0.10726015981374615,0.127,False,Bittrex,Kraken
589,01-13-2021_21-02-32,ETH/USD,25.0,1108.68,1108.0,0.015333549806979102,-0.1696664501930209,0.185,False,Coinbase Pro,Kraken
590,01-13-2021_21-02-43,ETH/USD,25.0,1108.41,1107.61,0.01804386463493161,-0.1669561353650684,0.185,False,Coinbase Pro,Kraken
591,01-13-2021_21-02-54,ETH/USD,25.0,1110.711,1109.4,0.02950812587612623,-0.09749187412387378,0.127,False,Bittrex,Kraken
592,01-13-2021_21-03-06,ETH/USD,25.0,1111.32,1110.08,0.027894755785912453,-0.034125244214087545,0.06202,False,Bittrex,Binance US
593,01-13-2021_21-03-15,ETH/USD,25.0,1111.037,1110.54,0.011183245922504626,-0.11581675407749538,0.127,False,Bittrex,Kraken
594,01-13-2021_21-03-26,ETH/USD,25.0,1112.248,1111.07,0.02647790780473669,-0.10052209219526331,0.127,False,Bittrex,Kraken
595,01-13-2021_21-03-37,ETH/USD,25.0,1112.658,1111.92,0.01658191465840872,-0.04543808534159128,0.06202,False,Bittrex,Binance US
596,01-13-2021_21-03-48,ETH/USD,25.0,1112.91,1112.18,0.016398450907980387,-0.10362154909201962,0.12002,False,Coinbase Pro,Binance US
597,01-13-2021_21-03-58,ETH/USD,25.0,1112.75,1112.46,0.006515389800044117,-0.11350461019995589,0.12002,False,Coinbase Pro,Binance US
598,01-13-2021_21-04-09,ETH/USD,25.0,1114.91,1113.478,0.03211021517431937,-0.14988978482568063,0.182,False,Coinbase Pro,Bittrex
599,01-13-2021_21-04-19,ETH/USD,25.0,1114.756,1113.69,0.02390657686525192,-0.03811342313474808,0.06202,False,Bittrex,Binance US
600,01-13-2021_21-04-29,ETH/USD,25.0,1114.752,1114.28,0.010585314042943633,-0.051434685957056366,0.06202,False,Bittrex,Binance US
601,01-13-2021_21-04-41,ETH/USD,25.0,1114.232,1113.3,0.020911264440440062,-0.16108873555955994,0.182,False,Bittrex,Coinbase Pro
602,01-13-2021_21-04-53,ETH/USD,25.0,1114.226,1113.5,0.016289334479722084,-0.11071066552027792,0.127,False,Bittrex,Kraken
603,01-13-2021_21-05-04,ETH/USD,25.0,1114.222,1113.44,0.01754587505900811,-0.044474124940991885,0.06202,False,Bittrex,Binance US
604,01-13-2021_21-05-14,ETH/USD,25.0,1113.1,1112.25,0.019090827418918092,-0.042929172581081906,0.06202,False,Bittrex,Binance US
605,01-13-2021_21-05-24,ETH/USD,25.0,1114.684,1113.49,0.026778889801951946,-0.10022111019804805,0.127,False,Bittrex,Kraken
606,01-13-2021_21-05-35,ETH/USD,25.0,1114.68,1114.28,0.008971184555210709,-0.05304881544478929,0.06202,False,Bittrex,Binance US
607,01-13-2021_21-05-45,ETH/USD,25.0,1114.828,1114.28,0.01228889120115394,-0.049731108798846055,0.06202,False,Bittrex,Binance US
608,01-13-2021_21-05-54,ETH/USD,25.0,1114.825,1114.44,0.008633642051442847,-0.05338635794855715,0.06202,False,Bittrex,Binance US
609,01-13-2021_21-06-05,ETH/USD,25.0,1114.533,1113.2,0.029900415689796903,-0.03211958431020309,0.06202,False,Bittrex,Binance US
610,01-13-2021_21-06-16,ETH/USD,25.0,1114.404,1113.56,0.018933887530914528,-0.10806611246908547,0.127,False,Bittrex,Kraken
611,01-13-2021_21-06-26,ETH/USD,25.0,1114.399,1113.82,0.01298906406053736,-0.04903093593946264,0.06202,False,Bittrex,Binance US
612,01-13-2021_21-06-37,ETH/USD,25.0,1114.824,1114.47,0.007938472799294816,-0.11906152720070519,0.127,False,Bittrex,Kraken
613,01-13-2021_21-06-47,ETH/USD,25.0,1114.824,1113.62,0.0269997775433651,-0.0350202224566349,0.06202,False,Bittrex,Binance US
614,01-13-2021_21-06-59,ETH/USD,25.0,1114.824,1114.17,0.014665992120729287,-0.047354007879270715,0.06202,False,Bittrex,Binance US
615,01-13-2021_21-07-10,ETH/USD,25.0,1114.824,1113.54,0.028793782695746263,-0.033226217304253736,0.06202,False,Bittrex,Binance US
616,01-13-2021_21-07-22,ETH/USD,25.0,1114.824,1113.63,0.026775526899312355,-0.035244473100687644,0.06202,False,Bittrex,Binance US
617,01-13-2021_21-07-35,ETH/USD,25.0,1114.824,1113.94,0.019823756933830237,-0.04219624306616976,0.06202,False,Bittrex,Binance US
618,01-13-2021_21-07-47,ETH/USD,25.0,1114.824,1113.42,0.03148479042431801,-0.03053520957568199,0.06202,False,Bittrex,Binance US
619,01-13-2021_21-07-58,ETH/USD,25.0,1114.042,1112.38,0.0372966189784543,-0.08970338102154571,0.127,False,Bittrex,Kraken
620,01-13-2021_21-08-09,ETH/USD,25.0,1113.405,1112.02,0.031098297564677517,-0.09590170243532248,0.127,False,Bittrex,Kraken
621,01-13-2021_21-08-20,ETH/USD,25.0,1113.406,1111.87,0.034488766900844306,-0.0925112330991557,0.127,False,Bittrex,Kraken
622,01-13-2021_21-08-31,ETH/USD,25.0,1113.402,1111.79,0.036195372381226186,-0.09080462761877381,0.127,False,Bittrex,Kraken
623,01-13-2021_21-08-41,ETH/USD,25.0,1113.397,1111.68,0.03855318453345642,-0.08844681546654358,0.127,False,Bittrex,Kraken
624,01-13-2021_21-08-52,ETH/USD,25.0,1113.404,1112.4,0.02254347927616358,-0.10445652072383642,0.127,False,Bittrex,Kraken
625,01-13-2021_21-09-03,ETH/USD,25.0,1113.085,1111.73,0.03043343500271808,-0.09656656499728192,0.127,False,Bittrex,Kraken
626,01-13-2021_21-09-13,ETH/USD,25.0,1113.404,1112.39,0.022768015922340325,-0.10423198407765968,0.127,False,Bittrex,Kraken
627,01-13-2021_21-09-23,ETH/USD,25.0,1112.639,1110.88,0.03952315171407319,-0.02249684828592681,0.06202,False,Bittrex,Binance US
628,01-13-2021_21-09-33,ETH/USD,25.0,1113.399,1112.37,0.02310492464965382,-0.10389507535034619,0.127,False,Bittrex,Kraken
629,01-13-2021_21-09-43,ETH/USD,25.0,1113.395,1112.39,0.02256611534989563,-0.10443388465010436,0.127,False,Bittrex,Kraken
630,01-13-2021_21-09-53,ETH/USD,25.0,1113.393,1112.39,0.02252124811274925,-0.10447875188725075,0.127,False,Bittrex,Kraken
631,01-13-2021_21-10-04,ETH/USD,25.0,1113.381,1112.3,0.024272912866308363,-0.10272708713369164,0.127,False,Bittrex,Kraken
632,01-13-2021_21-10-14,ETH/USD,25.0,1113.144,1111.94,0.027040526652435597,-0.034979473347564405,0.06202,False,Bittrex,Binance US
633,01-13-2021_21-10-23,ETH/USD,25.0,1113.141,1111.99,0.025850274134185766,-0.10114972586581424,0.127,False,Bittrex,Kraken
634,01-13-2021_21-10-35,ETH/USD,25.0,1113.133,1111.95,0.026569152113898174,-0.10043084788610182,0.127,False,Bittrex,Kraken
635,01-13-2021_21-10-47,ETH/USD,25.0,1112.764,1111.78,0.022107113458018135,-0.10489288654198187,0.127,False,Bittrex,Kraken
636,01-13-2021_21-10-59,ETH/USD,25.0,1112.511,1111.88,0.014179635077762336,-0.047840364922237665,0.06202,False,Bittrex,Binance US
637,01-13-2021_21-11-10,ETH/USD,25.0,1111.77,1111.05,0.016190399093338265,-0.048829600906661746,0.06502000000000001,False,Kraken,Binance US
638,01-13-2021_21-11-21,ETH/USD,25.0,1111.77,1111.05,0.016190399093338265,-0.048829600906661746,0.06502000000000001,False,Kraken,Binance US
639,01-13-2021_21-11-31,ETH/USD,25.0,1111.244,1109.63,0.03631065724538907,-0.14568934275461093,0.182,False,Bittrex,Coinbase Pro
640,01-13-2021_21-11-41,ETH/USD,25.0,1110.415,1109.39,0.023076957714004757,-0.10392304228599525,0.127,False,Bittrex,Kraken
641,01-13-2021_21-11-51,ETH/USD,25.0,1110.408,1109.09,0.02967377756644368,-0.09732622243355632,0.127,False,Bittrex,Kraken
642,01-13-2021_21-12-00,ETH/USD,25.0,1110.397,1108.92,0.033253872263700766,-0.09374612773629923,0.127,False,Bittrex,Kraken
643,01-13-2021_21-12-09,ETH/USD,25.0,1110.388,1108.89,0.03372694949872972,-0.09327305050127027,0.127,False,Bittrex,Kraken
644,01-13-2021_21-12-19,ETH/USD,25.0,1111.08,1109.49,0.03577600172804654,-0.14922399827195346,0.185,False,Coinbase Pro,Kraken
645,01-13-2021_21-12-30,ETH/USD,25.0,1111.19,1110.75,0.009899297149903584,-0.1751007028500964,0.185,False,Coinbase Pro,Kraken
646,01-13-2021_21-12-41,ETH/USD,25.0,1111.82,1111.61,0.004721987372057447,-0.09027801262794255,0.095,False,Binance US,Kraken
647,01-13-2021_21-12-53,ETH/USD,25.0,1111.75,1110.37,0.0310321565100092,-0.1509678434899908,0.182,False,Bittrex,Coinbase Pro
648,01-13-2021_21-13-04,ETH/USD,25.0,1111.414,1110.35,0.02393347573451653,-0.10304051426548345,0.12697398999999998,False,Bittrex,Kraken
649,01-13-2021_21-13-14,ETH/USD,25.0,1111.406,1110.29,0.02510333757420748,-0.1568966624257925,0.182,False,Bittrex,Coinbase Pro
650,01-13-2021_21-13-25,ETH/USD,25.0,1111.402,1110.59,0.018265218165886995,-0.108734781834113,0.127,False,Bittrex,Kraken
651,01-13-2021_21-13-35,ETH/USD,25.0,1111.752,1111.22,0.011963099684100533,-0.11503690031589947,0.127,False,Bittrex,Kraken
652,01-13-2021_21-13-44,ETH/USD,25.0,1111.752,1111.37,0.00859004526189433,-0.11840995473810567,0.127,False,Bittrex,Kraken
653,01-13-2021_21-13-54,ETH/USD,25.0,1111.104,1109.9,0.02709017337710851,-0.0999098266228915,0.127,False,Bittrex,Kraken
654,01-13-2021_21-14-03,ETH/USD,25.0,1111.102,1110.05,0.02367019409559461,-0.1033298059044054,0.127,False,Bittrex,Kraken
655,01-13-2021_21-14-14,ETH/USD,25.0,1111.1,1110.67,0.009675096750963827,-0.11732490324903617,0.127,False,Bittrex,Kraken
656,01-13-2021_21-14-24,ETH/USD,25.0,1111.752,1110.99,0.017135116464821822,-0.10986488353517818,0.127,False,Bittrex,Kraken
657,01-13-2021_21-14-35,ETH/USD,25.0,1111.752,1111.57,0.004092639365614282,-0.12290736063438572,0.127,False,Bittrex,Kraken
658,01-13-2021_21-14-44,ETH/USD,25.0,1111.752,1111.24,0.01151335909447304,-0.05050664090552696,0.06202,False,Bittrex,Binance US
659,01-13-2021_21-14-54,ETH/USD,25.0,1111.748,1110.22,0.03436030467336168,-0.09263969532663832,0.127,False,Bittrex,Kraken
660,01-13-2021_21-15-05,ETH/USD,25.0,1111.743,1110.49,0.028176476038075552,-0.09882352396192445,0.127,False,Bittrex,Kraken
661,01-13-2021_21-15-15,ETH/USD,25.0,1112.824,1111.71,0.025026419272050942,-0.10197358072794906,0.127,False,Bittrex,Kraken
662,01-13-2021_21-15-26,ETH/USD,25.0,1112.818,1112.11,0.01590556586971283,-0.11109443413028718,0.127,False,Bittrex,Kraken
663,01-13-2021_21-15-36,ETH/USD,25.0,1112.94,1112.5,0.009883731378152788,-0.1751162686218472,0.185,False,Coinbase Pro,Kraken
664,01-13-2021_21-15-46,ETH/USD,25.0,1112.808,1112.41,0.008941344778252648,-0.11805865522174736,0.127,False,Bittrex,Kraken
665,01-13-2021_21-15-57,ETH/USD,25.0,1111.751,1111.19,0.012615234886227261,-0.16938476511377273,0.182,False,Bittrex,Coinbase Pro
666,01-13-2021_21-16-07,ETH/USD,25.0,1113.369,1112.16,0.02714733390277241,-0.0998526660972276,0.127,False,Bittrex,Kraken
667,01-13-2021_21-16-19,ETH/USD,25.0,1113.367,1112.16,0.027102473847345036,-0.09989752615265496,0.127,False,Bittrex,Kraken
668,01-13-2021_21-16-29,ETH/USD,25.0,1113.362,1112.16,0.026990323003659143,-0.10000967699634086,0.127,False,Bittrex,Kraken
669,01-13-2021_21-16-39,ETH/USD,25.0,1114.11,1112.98,0.025356562637438892,-0.1566434373625611,0.182,False,Bittrex,Coinbase Pro
670,01-13-2021_21-16-49,ETH/USD,25.0,1114.11,1112.87,0.027824900593298892,-0.1541750994067011,0.182,False,Bittrex,Coinbase Pro
671,01-13-2021_21-17-00,ETH/USD,25.0,1114.11,1112.54,0.035229914460868685,-0.09177008553913132,0.127,False,Bittrex,Kraken
672,01-13-2021_21-17-11,ETH/USD,25.0,1113.1,1112.04,0.023807384781240355,-0.15819261521875963,0.182,False,Bittrex,Coinbase Pro
673,01-13-2021_21-17-21,ETH/USD,25.0,1113.1,1112.12,0.022010601024167152,-0.04000939897583285,0.06202,False,Bittrex,Binance US
674,01-13-2021_21-17-31,ETH/USD,25.0,1112.214,1110.95,0.028411798448857332,-0.033608201551142663,0.06202,False,Bittrex,Binance US
675,01-13-2021_21-17-41,ETH/USD,25.0,1112.212,1110.68,0.0344358809291737,-0.0275841190708263,0.06202,False,Bittrex,Binance US
676,01-13-2021_21-17-51,ETH/USD,25.0,1111.404,1109.99,0.03180661577608114,-0.09519338422391886,0.127,False,Bittrex,Kraken
677,01-13-2021_21-18-01,ETH/USD,25.0,1111.402,1110.22,0.02658803925132437,-0.10041196074867563,0.127,False,Bittrex,Kraken
678,01-13-2021_21-18-10,ETH/USD,25.0,1110.779,1109.49,0.029011171439142874,-0.09798882856085712,0.127,False,Bittrex,Kraken
679,01-13-2021_21-18-20,ETH/USD,25.0,1110.778,1109.35,0.03213963546271422,-0.09486036453728577,0.127,False,Bittrex,Kraken
680,01-13-2021_21-18-30,ETH/USD,25.0,1111.58,1109.31,0.051053455441803154,-0.13394654455819685,0.185,False,Coinbase Pro,Kraken
681,01-13-2021_21-18-40,ETH/USD,25.0,1112.31,1111.637,0.015126178853017634,-0.06687382114698237,0.082,False,Binance US,Bittrex
682,01-13-2021_21-18-50,ETH/USD,25.0,1111.633,1110.03,0.036050567048658715,-0.09094943295134128,0.127,False,Bittrex,Kraken
683,01-13-2021_21-19-01,ETH/USD,25.0,1111.631,1110.4,0.02768454640073897,-0.09931545359926103,0.127,False,Bittrex,Kraken
684,01-13-2021_21-19-11,ETH/USD,25.0,1110.879,1110.54,0.007629093717676314,-0.11937090628232369,0.127,False,Bittrex,Kraken
685,01-13-2021_21-19-21,ETH/USD,25.0,1110.879,1110.01,0.019556585370682014,-0.10744341462931799,0.127,False,Bittrex,Kraken
686,01-13-2021_21-19-31,ETH/USD,25.0,1110.879,1110.38,0.01122984591480702,-0.11577015408519298,0.127,False,Bittrex,Kraken
687,01-13-2021_21-19-41,ETH/USD,25.0,1110.879,1110.27,0.013705363050339498,-0.0483146369496605,0.06202,False,Bittrex,Binance US
688,01-13-2021_21-19-53,ETH/USD,25.0,1110.667,1109.51,0.026042909350865864,-0.10095709064913413,0.127,False,Bittrex,Kraken
689,01-13-2021_21-20-03,ETH/USD,25.0,1110.667,1109.51,0.026042909350865864,-0.10095709064913413,0.127,False,Bittrex,Kraken
690,01-13-2021_21-20-14,ETH/USD,25.0,1110.665,1109.3,0.030724836021662903,-0.0962751639783371,0.127,False,Bittrex,Kraken
691,01-13-2021_21-20-24,ETH/USD,25.0,1112.194,1110.31,0.04234872693073363,-0.08465127306926637,0.127,False,Bittrex,Kraken
692,01-13-2021_21-20-36,ETH/USD,25.0,1112.23,1111.48,0.01685802396986235,-0.10316197603013766,0.12002,False,Coinbase Pro,Binance US
693,01-13-2021_21-20-46,ETH/USD,25.0,1112.208,1111.12,0.024455857177798412,-0.10254414282220159,0.127,False,Bittrex,Kraken
694,01-13-2021_21-20-57,ETH/USD,25.0,1112.205,1111.0,0.02708583399642888,-0.09991416600357111,0.127,False,Bittrex,Kraken
695,01-13-2021_21-21-08,ETH/USD,25.0,1112.78,1111.0,0.039989935117452975,-0.14501006488254703,0.185,False,Coinbase Pro,Kraken
696,01-13-2021_21-21-17,ETH/USD,25.0,1112.84,1111.76,0.0242622479422003,-0.0607377520577997,0.085,False,Binance US,Kraken
697,01-13-2021_21-21-27,ETH/USD,25.0,1112.97,1111.76,0.027179528648571757,-0.15782047135142824,0.185,False,Coinbase Pro,Kraken
698,01-13-2021_21-21-37,ETH/USD,25.0,1113.21,1112.52,0.015495728568734886,-0.06950427143126511,0.085,False,Binance US,Kraken
699,01-13-2021_21-21-47,ETH/USD,25.0,1114.105,1113.08,0.02300052508516008,-0.10399947491483992,0.127,False,Bittrex,Kraken
700,01-13-2021_21-21-58,ETH/USD,25.0,1114.27,1113.08,0.026699094474410483,-0.06830090552558951,0.095,False,Binance US,Kraken
701,01-13-2021_21-22-08,ETH/USD,25.0,1114.408,1114.26,0.0033201484555008326,-0.058699851544499165,0.06202,False,Bittrex,Binance US
702,01-13-2021_21-22-18,ETH/USD,25.0,1114.777,1114.17,0.013612587988449056,-0.11338741201155095,0.127,False,Bittrex,Kraken
703,01-13-2021_21-22-29,ETH/USD,25.0,1114.777,1114.17,0.013612587988449056,-0.11338741201155095,0.127,False,Bittrex,Kraken
704,01-13-2021_21-22-40,ETH/USD,25.0,1113.01,1112.652,0.008041257490946785,-0.07395874250905322,0.082,False,Binance US,Bittrex
705,01-13-2021_21-22-51,ETH/USD,25.0,1114.97,1113.17,0.04035983030933466,-0.08664016969066535,0.127,False,Bittrex,Kraken
706,01-13-2021_21-23-04,ETH/USD,25.0,1113.37,1112.61,0.01706530623242927,-0.06793469376757073,0.085,False,Binance US,Kraken
707,01-13-2021_21-23-14,ETH/USD,25.0,1113.356,1111.95,0.03157121352020264,-0.15042878647979735,0.182,False,Bittrex,Coinbase Pro
708,01-13-2021_21-23-26,ETH/USD,25.0,1112.271,1110.08,0.04924609200455714,-0.13275390799544284,0.182,False,Bittrex,Coinbase Pro
709,01-13-2021_21-23-37,ETH/USD,25.0,1112.37,1110.56,0.0406789107940691,-0.0863210892059309,0.127,False,Bittrex,Kraken
710,01-13-2021_21-23-48,ETH/USD,25.0,1110.48,1110.017,0.010423420502844838,-0.08157657949715516,0.092,False,Binance US,Bittrex
711,01-13-2021_21-23-59,ETH/USD,25.0,1111.082,1110.04,0.02344561427509724,-0.10355438572490276,0.127,False,Bittrex,Kraken
712,01-13-2021_21-24-10,ETH/USD,25.0,1111.077,1109.45,0.036608623884752195,-0.1453913761152478,0.182,False,Bittrex,Coinbase Pro
713,01-13-2021_21-24-22,ETH/USD,25.0,1109.777,1108.88,0.02020676225944344,-0.16179323774055657,0.182,False,Bittrex,Coinbase Pro
714,01-13-2021_21-24-33,ETH/USD,25.0,1108.953,1107.34,0.03636312810371712,-0.14563687189628288,0.182,False,Bittrex,Coinbase Pro
715,01-13-2021_21-24-44,ETH/USD,25.0,1108.01,1107.03,0.02211171379319722,-0.1628882862068028,0.185,False,Kraken,Coinbase Pro
716,01-13-2021_21-24-55,ETH/USD,25.0,1107.083,1105.22,0.042070016430567,-0.13992998356943298,0.182,False,Bittrex,Coinbase Pro
717,01-13-2021_21-25-06,ETH/USD,25.0,1104.883,1103.29,0.03604454046265701,-0.09095545953734299,0.127,False,Bittrex,Kraken
718,01-13-2021_21-25-18,ETH/USD,25.0,1105.8,1104.743,0.02389672635196275,-0.05810327364803725,0.082,False,Binance US,Bittrex
719,01-13-2021_21-25-29,ETH/USD,25.0,1105.94,1105.079,0.019463081179813182,-0.1625369188201868,0.182,False,Coinbase Pro,Bittrex
720,01-13-2021_21-25-39,ETH/USD,25.0,1106.88,1105.079,0.040677399537442135,-0.14132260046255785,0.182,False,Coinbase Pro,Bittrex
721,01-13-2021_21-25-49,ETH/USD,25.0,1108.04,1105.5,0.05730840041875662,-0.03769159958124338,0.095,False,Binance US,Kraken
722,01-13-2021_21-25-59,ETH/USD,25.0,1107.944,1106.72,0.027618724412062628,-0.09938127558793737,0.127,False,Bittrex,Kraken
723,01-13-2021_21-26-11,ETH/USD,25.0,1107.17,1106.04,0.02551550349088462,-0.10148449650911538,0.127,False,Bittrex,Kraken
724,01-13-2021_21-26-21,ETH/USD,25.0,1106.842,1105.53,0.029633859213874368,-0.0973401307861256,0.12697398999999998,False,Bittrex,Kraken
725,01-13-2021_21-26-32,ETH/USD,25.0,1106.82,1105.63,0.02687880594856949,-0.15812119405143052,0.185,False,Coinbase Pro,Kraken
726,01-13-2021_21-26-41,ETH/USD,25.0,1106.328,1105.0,0.030009183533273462,-0.09699081646672654,0.127,False,Bittrex,Kraken
727,01-13-2021_21-26-51,ETH/USD,25.0,1107.56,1106.66,0.02031492650510725,-0.16468507349489275,0.185,False,Coinbase Pro,Kraken
728,01-13-2021_21-27-02,ETH/USD,25.0,1107.35,1106.26,0.024608299092426022,-0.10239170090757398,0.127,False,Bittrex,Kraken
729,01-13-2021_21-27-12,ETH/USD,25.0,1107.41,1106.66,0.01693139848836474,-0.16806860151163525,0.185,False,Coinbase Pro,Kraken
730,01-13-2021_21-27-22,ETH/USD,25.0,1107.5,1106.69,0.018284424379231275,-0.07671557562076872,0.095,False,Binance US,Kraken
731,01-13-2021_21-27-32,ETH/USD,25.0,1107.92,1106.71,0.027303415409055624,-0.09969658459094438,0.127,False,Bittrex,Kraken
732,01-13-2021_21-27-42,ETH/USD,25.0,1106.462,1105.65,0.018346766540556704,-0.043673233459443295,0.06202,False,Bittrex,Binance US
733,01-13-2021_21-27-52,ETH/USD,25.0,1105.54,1104.15,0.03143260307179914,-0.09556739692820086,0.127,False,Bittrex,Kraken
734,01-13-2021_21-28-02,ETH/USD,25.0,1106.012,1104.02,0.045026636239027286,-0.08197336376097272,0.127,False,Bittrex,Kraken
735,01-13-2021_21-28-12,ETH/USD,25.0,1104.114,1102.74,0.0311109178943484,-0.0958890821056516,0.127,False,Bittrex,Kraken
736,01-13-2021_21-28-22,ETH/USD,25.0,1104.28,1103.44,0.019016915999563476,-0.16598308400043651,0.185,False,Coinbase Pro,Kraken
737,01-13-2021_21-28-32,ETH/USD,25.0,1105.033,1103.99,0.023596580373615374,-0.10340341962638464,0.127,False,Bittrex,Kraken
738,01-13-2021_21-28-42,ETH/USD,25.0,1105.032,1104.11,0.020859124441645706,-0.1061408755583543,0.127,False,Bittrex,Kraken
739,01-13-2021_21-28-51,ETH/USD,25.0,1105.026,1103.69,0.03022553315487628,-0.09677446684512372,0.127,False,Bittrex,Kraken
740,01-13-2021_21-29-01,ETH/USD,25.0,1104.851,1103.57,0.028985808946187682,-0.09801419105381232,0.127,False,Bittrex,Kraken
741,01-13-2021_21-29-11,ETH/USD,25.0,1104.844,1103.69,0.0261122837251231,-0.1008877162748769,0.127,False,Bittrex,Kraken
742,01-13-2021_21-29-21,ETH/USD,25.0,1104.97,1103.48,0.03371132247934353,-0.15128867752065647,0.185,False,Coinbase Pro,Kraken
743,01-13-2021_21-29-31,ETH/USD,25.0,1105.525,1103.64,0.04262680626851475,-0.08437319373148525,0.127,False,Bittrex,Kraken
744,01-13-2021_21-29-41,ETH/USD,25.0,1105.518,1103.69,0.041338087665690984,-0.08566191233430902,0.127,False,Bittrex,Kraken
745,01-13-2021_21-29-51,ETH/USD,25.0,1105.504,1103.69,0.04102201348886687,-0.08597798651113314,0.127,False,Bittrex,Kraken
746,01-13-2021_21-30-01,ETH/USD,25.0,1105.62,1104.0,0.036631030552990426,-0.14836896944700956,0.185,False,Coinbase Pro,Kraken
747,01-13-2021_21-30-11,ETH/USD,25.0,1105.365,1104.08,0.029062798261209687,-0.09793720173879031,0.127,False,Bittrex,Kraken
748,01-13-2021_21-30-21,ETH/USD,25.0,1104.61,1103.61,0.022632422302894237,-0.10436757769710577,0.127,False,Bittrex,Kraken
749,01-13-2021_21-30-31,ETH/USD,25.0,1104.61,1103.48,0.02557463720226781,-0.10142536279773219,0.127,False,Bittrex,Kraken
750,01-13-2021_21-30-41,ETH/USD,25.0,1105.523,1104.25,0.028787279866631245,-0.09818671013336874,0.12697398999999998,False,Bittrex,Kraken
751,01-13-2021_21-30-50,ETH/USD,25.0,1105.386,1104.23,0.026144713249488166,-0.10085528675051184,0.127,False,Bittrex,Kraken
752,01-13-2021_21-31-02,ETH/USD,25.0,1105.093,1104.17,0.020880595569784662,-0.10611940443021534,0.127,False,Bittrex,Kraken
753,01-13-2021_21-31-13,ETH/USD,25.0,1105.43,1104.56,0.019675601349703694,-0.1653243986502963,0.185,False,Coinbase Pro,Kraken
754,01-13-2021_21-31-24,ETH/USD,25.0,1105.09,1104.02,0.024206173252855793,-0.10279382674714421,0.127,False,Bittrex,Kraken
755,01-13-2021_21-31-34,ETH/USD,25.0,1105.21,1103.88,0.03008478026800172,-0.1549152197319983,0.185,False,Coinbase Pro,Kraken
756,01-13-2021_21-31-45,ETH/USD,25.0,1105.083,1104.02,0.024047967437742273,-0.10295203256225773,0.127,False,Bittrex,Kraken
757,01-13-2021_21-31-57,ETH/USD,25.0,1105.49,1104.46,0.023292838469818195,-0.1617071615301818,0.185,False,Coinbase Pro,Kraken
758,01-13-2021_21-32-07,ETH/USD,25.0,1105.313,1104.05,0.028566568926633163,-0.09843343107336684,0.127,False,Bittrex,Kraken
759,01-13-2021_21-32-17,ETH/USD,25.0,1105.302,1104.33,0.021984941672049358,-0.10501505832795065,0.127,False,Bittrex,Kraken
760,01-13-2021_21-32-27,ETH/USD,25.0,1105.3,1104.35,0.021487378992129862,-0.10551262100787014,0.127,False,Bittrex,Kraken
761,01-13-2021_21-32-37,ETH/USD,25.0,1105.55,1104.73,0.018542806747771163,-0.16645719325222882,0.185,False,Coinbase Pro,Kraken
762,01-13-2021_21-32-48,ETH/USD,25.0,1106.9,1105.84,0.023940735387121072,-0.16105926461287892,0.185,False,Coinbase Pro,Kraken
763,01-13-2021_21-32-59,ETH/USD,25.0,1106.819,1106.22,0.013529764125840194,-0.1134702358741598,0.127,False,Bittrex,Kraken
764,01-13-2021_21-33-10,ETH/USD,25.0,1107.31,1106.38,0.020996830155959857,-0.17400316984404016,0.195,False,Coinbase Pro,Kraken
765,01-13-2021_21-33-21,ETH/USD,25.0,1107.81,1106.97,0.018956319224413893,-0.1660436807755861,0.185,False,Coinbase Pro,Kraken
766,01-13-2021_21-33-32,ETH/USD,25.0,1108.286,1107.62,0.015023197983195838,-0.11197680201680417,0.127,False,Bittrex,Kraken
767,01-13-2021_21-33-43,ETH/USD,25.0,1108.698,1108.22,0.010778408547685336,-0.11622159145231467,0.127,False,Bittrex,Kraken
768,01-13-2021_21-33-54,ETH/USD,25.0,1108.018,1106.98,0.02342019714481197,-0.10357980285518803,0.127,False,Bittrex,Kraken
769,01-13-2021_21-34-05,ETH/USD,25.0,1107.925,1106.92,0.02267752781099537,-0.10432247218900463,0.127,False,Bittrex,Kraken
770,01-13-2021_21-34-16,ETH/USD,25.0,1107.922,1107.38,0.012230102841172851,-0.11476989715882716,0.127,False,Bittrex,Kraken
771,01-13-2021_21-34-27,ETH/USD,25.0,1108.944,1107.78,0.026241180799030144,-0.10075881920096985,0.127,False,Bittrex,Kraken
772,01-13-2021_21-34-39,ETH/USD,25.0,1108.5,1107.76,0.01668921966621581,-0.1683107803337842,0.185,False,Coinbase Pro,Kraken
773,01-13-2021_21-34-49,ETH/USD,25.0,1108.915,1107.92,0.02243183652488899,-0.10456816347511101,0.127,False,Bittrex,Kraken
774,01-13-2021_21-34-58,ETH/USD,25.0,1108.884,1108.04,0.019028140003824814,-0.042991859996175184,0.06202,False,Bittrex,Binance US
775,01-13-2021_21-35-09,ETH/USD,25.0,1108.884,1107.8,0.02443898550254265,-0.10256101449745736,0.127,False,Bittrex,Kraken
776,01-13-2021_21-35-20,ETH/USD,25.0,1108.884,1107.79,0.024664437398322345,-0.10233556260167766,0.127,False,Bittrex,Kraken
777,01-13-2021_21-35-31,ETH/USD,25.0,1108.718,1107.8,0.020699582761354106,-0.10630041723864589,0.127,False,Bittrex,Kraken
778,01-13-2021_21-35-42,ETH/USD,25.0,1109.344,1108.27,0.02420349323564352,-0.10279650676435648,0.127,False,Bittrex,Kraken
779,01-13-2021_21-35-53,ETH/USD,25.0,1109.348,1108.57,0.017532821080490972,-0.04448717891950903,0.06202,False,Bittrex,Binance US
780,01-13-2021_21-36-04,ETH/USD,25.0,1109.709,1108.71,0.02250590019545718,-0.10449409980454283,0.127,False,Bittrex,Kraken
781,01-13-2021_21-36-14,ETH/USD,25.0,1109.201,1108.41,0.01782814836986128,-0.1091458416301387,0.12697398999999998,False,Bittrex,Kraken
782,01-13-2021_21-36-25,ETH/USD,25.0,1109.861,1108.88,0.022097361741695458,-0.03992263825830454,0.06202,False,Bittrex,Binance US
783,01-13-2021_21-36-35,ETH/USD,25.0,1109.827,1108.17,0.03732563723895538,-0.08967436276104462,0.127,False,Bittrex,Kraken
784,01-13-2021_21-36-45,ETH/USD,25.0,1109.302,1108.35,0.02145493292178321,-0.04056506707821679,0.06202,False,Bittrex,Binance US
785,01-13-2021_21-36-56,ETH/USD,25.0,1109.141,1107.97,0.026394299732857434,-0.10060570026714256,0.127,False,Bittrex,Kraken
786,01-13-2021_21-37-06,ETH/USD,25.0,1109.141,1107.96,0.026619699388987512,-0.1003803006110125,0.127,False,Bittrex,Kraken
787,01-13-2021_21-37-17,ETH/USD,25.0,1109.141,1108.2,0.021210107641860477,-0.10578989235813953,0.127,False,Bittrex,Kraken
788,01-13-2021_21-37-27,ETH/USD,25.0,1108.84,1108.53,0.006989286100788785,-0.08801071389921121,0.095,False,Binance US,Kraken
789,01-13-2021_21-37-38,ETH/USD,25.0,1109.882,1109.06,0.018515481825998537,-0.10848451817400147,0.127,False,Bittrex,Kraken
790,01-13-2021_21-37-49,ETH/USD,25.0,1109.572,1108.39,0.026631890494708526,-0.10036810950529147,0.127,False,Bittrex,Kraken
791,01-13-2021_21-38-00,ETH/USD,25.0,1109.572,1108.77,0.01807003060639389,-0.10892996939360611,0.127,False,Bittrex,Kraken
792,01-13-2021_21-38-12,ETH/USD,25.0,1109.572,1108.63,0.021224400038928976,-0.10577559996107103,0.127,False,Bittrex,Kraken
793,01-13-2021_21-38-23,ETH/USD,25.0,1109.572,1108.55,0.023026896857525573,-0.10397310314247443,0.127,False,Bittrex,Kraken
794,01-13-2021_21-38-34,ETH/USD,25.0,1109.35,1108.21,0.025690719790865662,-0.10130928020913434,0.127,False,Bittrex,Kraken
795,01-13-2021_21-38-45,ETH/USD,25.0,1107.561,1106.49,0.02417474071405351,-0.10282525928594649,0.127,False,Bittrex,Kraken
796,01-13-2021_21-38-57,ETH/USD,25.0,1107.41,1106.92,0.011061847012398502,-0.17393815298760149,0.185,False,Coinbase Pro,Kraken
797,01-13-2021_21-39-08,ETH/USD,25.0,1107.577,1107.07,0.011443899611495676,-0.11555610038850432,0.127,False,Bittrex,Kraken
798,01-13-2021_21-39-20,ETH/USD,25.0,1107.35,1106.24,0.025059827516139884,-0.1599401724838601,0.185,False,Coinbase Pro,Kraken
799,01-13-2021_21-39-31,ETH/USD,25.0,1108.286,1107.47,0.01840680113256034,-0.10859319886743966,0.127,False,Bittrex,Kraken
800,01-13-2021_21-39-41,ETH/USD,25.0,1108.51,1107.93,0.013080621735481125,-0.18191937826451887,0.195,False,Coinbase Pro,Kraken
801,01-13-2021_21-39-52,ETH/USD,25.0,1109.177,1108.42,0.017062200171835393,-0.10993779982816461,0.127,False,Bittrex,Kraken
802,01-13-2021_21-40-03,ETH/USD,25.0,1109.846,1108.99,0.019281954433317653,-0.10771804556668235,0.127,False,Bittrex,Kraken
803,01-13-2021_21-40-14,ETH/USD,25.0,1112.2,1110.0,0.049451537493257626,-0.13554846250674238,0.185,False,Coinbase Pro,Kraken
804,01-13-2021_21-40-24,ETH/USD,25.0,1112.208,1110.83,0.030974422050555207,-0.0960255779494448,0.127,False,Bittrex,Kraken
805,01-13-2021_21-40-35,ETH/USD,25.0,1112.206,1110.83,0.03092952204897241,-0.09607047795102759,0.127,False,Bittrex,Kraken
806,01-13-2021_21-40-45,ETH/USD,25.0,1113.176,1111.39,0.04011045872350444,-0.08688954127649556,0.127,False,Bittrex,Kraken
807,01-13-2021_21-40-56,ETH/USD,25.0,1113.168,1111.38,0.04015566383510359,-0.08684433616489641,0.127,False,Bittrex,Kraken
808,01-13-2021_21-41-08,ETH/USD,25.0,1113.16,1111.36,0.0404254554601356,-0.0865745445398644,0.127,False,Bittrex,Kraken
809,01-13-2021_21-41-18,ETH/USD,25.0,1113.158,1111.36,0.04038061083871297,-0.08661938916128703,0.127,False,Bittrex,Kraken
810,01-13-2021_21-41-30,ETH/USD,25.0,1112.391,1110.87,0.03418312445893992,-0.09281687554106008,0.127,False,Bittrex,Kraken
811,01-13-2021_21-41-40,ETH/USD,25.0,1112.391,1110.8,0.03575631230385992,-0.09124368769614008,0.127,False,Bittrex,Kraken
812,01-13-2021_21-41-51,ETH/USD,25.0,1112.292,1111.38,0.020498214497627586,-0.10650178550237241,0.127,False,Bittrex,Kraken
813,01-13-2021_21-42-02,ETH/USD,25.0,1112.388,1111.99,0.008944720726938598,-0.1180552792730614,0.127,False,Bittrex,Kraken
814,01-13-2021_21-42-14,ETH/USD,25.0,1113.006,1111.58,0.032030375397800154,-0.09496962460219985,0.127,False,Bittrex,Kraken
815,01-13-2021_21-42-26,ETH/USD,25.0,1112.17,1111.42,0.016858933436435075,-0.17514106656356493,0.192,False,Bittrex,Coinbase Pro
816,01-13-2021_21-42-37,ETH/USD,25.0,1111.993,1110.53,0.03289139410050166,-0.09410860589949835,0.127,False,Bittrex,Kraken
817,01-13-2021_21-42-48,ETH/USD,25.0,1111.517,1110.12,0.03142102190070331,-0.09557897809929669,0.127,False,Bittrex,Kraken
818,01-13-2021_21-43-01,ETH/USD,25.0,1112.432,1110.12,0.05195823205373734,-0.07504176794626266,0.127,False,Bittrex,Kraken
819,01-13-2021_21-43-13,ETH/USD,25.0,1112.427,1111.08,0.030271649285750435,-0.09672835071424957,0.127,False,Bittrex,Kraken
820,01-13-2021_21-43-23,ETH/USD,25.0,1112.039,1111.01,0.02313318148014585,-0.10386681851985416,0.127,False,Bittrex,Kraken
821,01-13-2021_21-43-34,ETH/USD,25.0,1111.732,1110.48,0.0281542673953784,-0.0988457326046216,0.127,False,Bittrex,Kraken
822,01-13-2021_21-43-46,ETH/USD,25.0,1111.558,1110.48,0.024245248561028183,-0.10275475143897182,0.127,False,Bittrex,Kraken
823,01-13-2021_21-43-58,ETH/USD,25.0,1112.532,1111.0,0.034425976061810484,-0.09257402393818952,0.127,False,Bittrex,Kraken
824,01-13-2021_21-44-10,ETH/USD,25.0,1112.495,1111.01,0.033370936498588764,-0.09362906350141123,0.127,False,Bittrex,Kraken
825,01-13-2021_21-44-19,ETH/USD,25.0,1111.686,1110.74,0.021273992836104635,-0.10569999716389535,0.12697398999999998,False,Bittrex,Kraken
826,01-13-2021_21-44-30,ETH/USD,25.0,1111.669,1110.61,0.023815542216257632,-0.10318445778374237,0.127,False,Bittrex,Kraken
827,01-13-2021_21-44-41,ETH/USD,25.0,1112.467,1110.6,0.04195630072622804,-0.08504369927377196,0.127,False,Bittrex,Kraken
828,01-13-2021_21-44-51,ETH/USD,25.0,1111.811,1110.71,0.024756905625144147,-0.10224309437485585,0.127,False,Bittrex,Kraken
829,01-13-2021_21-45-03,ETH/USD,25.0,1112.045,1110.99,0.023717565386294253,-0.10328243461370575,0.127,False,Bittrex,Kraken
830,01-13-2021_21-45-14,ETH/USD,25.0,1112.041,1111.18,0.019356300711931403,-0.1076436992880686,0.127,False,Bittrex,Kraken
831,01-13-2021_21-45-24,ETH/USD,25.0,1111.988,1110.75,0.027833034169434747,-0.09916696583056525,0.127,False,Bittrex,Kraken
832,01-13-2021_21-45-35,ETH/USD,25.0,1111.988,1110.51,0.03322877585010057,-0.09377122414989944,0.127,False,Bittrex,Kraken
833,01-13-2021_21-45-45,ETH/USD,25.0,1111.742,1110.74,0.02253220621331102,-0.10444178378668896,0.12697398999999998,False,Bittrex,Kraken
834,01-13-2021_21-45-55,ETH/USD,25.0,1111.812,1111.33,0.01083816328659816,-0.11616183671340184,0.127,False,Bittrex,Kraken
835,01-13-2021_21-46-06,ETH/USD,25.0,1112.999,1111.33,0.03748880277520681,-0.0895111972247932,0.127,False,Bittrex,Kraken
836,01-13-2021_21-46-18,ETH/USD,25.0,1113.292,1111.86,0.032156882471086126,-0.09484311752891388,0.127,False,Bittrex,Kraken
837,01-13-2021_21-46-28,ETH/USD,25.0,1114.084,1112.49,0.035769295672499805,-0.09123070432750019,0.127,False,Bittrex,Kraken
838,01-13-2021_21-46-38,ETH/USD,25.0,1114.88,1113.7,0.026460246842710953,-0.10053975315728905,0.127,False,Bittrex,Kraken
839,01-13-2021_21-46-49,ETH/USD,25.0,1115.649,1114.54,0.024851006006367676,-0.16714899399363234,0.192,False,Bittrex,Coinbase Pro
840,01-13-2021_21-46-59,ETH/USD,25.0,1116.039,1114.87,0.026186360870903626,-0.10081363912909638,0.127,False,Bittrex,Kraken
841,01-13-2021_21-47-10,ETH/USD,25.0,1118.42,1116.0,0.05409416855921909,-0.04090583144078091,0.095,False,Binance US,Kraken
842,01-13-2021_21-47-22,ETH/USD,25.0,1119.03,1117.0,0.04535177787905536,-0.04664822212094464,0.092,False,Binance US,Bittrex
843,01-13-2021_21-47-34,ETH/USD,25.0,1120.0,1119.23,0.017187499999999595,-0.07781250000000041,0.095,False,Binance US,Kraken
844,01-13-2021_21-47-43,ETH/USD,25.0,1119.996,1118.94,0.02357151275540359,-0.10342848724459641,0.127,False,Bittrex,Kraken
845,01-13-2021_21-47-54,ETH/USD,25.0,1118.725,1117.45,0.028492256810205004,-0.153507743189795,0.182,False,Bittrex,Coinbase Pro
846,01-13-2021_21-48-03,ETH/USD,25.0,1120.0,1118.78,0.027232142857143468,-0.06776785714285653,0.095,False,Binance US,Kraken
847,01-13-2021_21-48-13,ETH/USD,25.0,1120.07,1119.9,0.003794405706782732,-0.08120559429321728,0.085,False,Binance US,Kraken
848,01-13-2021_21-48-22,ETH/USD,25.0,1120.07,1119.38,0.01540082316283418,-0.06959917683716582,0.085,False,Binance US,Kraken
849,01-13-2021_21-48-34,ETH/USD,25.0,1120.76,1119.82,0.020967914629359867,-0.06403208537064015,0.085,False,Binance US,Kraken
850,01-13-2021_21-48-45,ETH/USD,25.0,1121.0,1119.7,0.02899197145405786,-0.09800802854594215,0.127,False,Bittrex,Kraken
851,01-13-2021_21-48-56,ETH/USD,25.0,1120.995,1119.98,0.02263614021471712,-0.15936385978528286,0.182,False,Bittrex,Coinbase Pro
852,01-13-2021_21-49-07,ETH/USD,25.0,1120.75,1119.96,0.01762212803925861,-0.13237787196074138,0.15,False,Binance US,Coinbase Pro
853,01-13-2021_21-49-17,ETH/USD,25.0,1120.999,1120.0,0.022279234861048575,-0.10472076513895143,0.127,False,Bittrex,Kraken
854,01-13-2021_21-49-29,ETH/USD,25.0,1122.91,1122.0,0.020259860540917832,-0.16474013945908217,0.185,False,Coinbase Pro,Kraken
855,01-13-2021_21-49-39,ETH/USD,25.0,1124.0,1122.904,0.02437722419928834,-0.06762277580071166,0.092,False,Binance US,Bittrex
856,01-13-2021_21-49-49,ETH/USD,25.0,1125.0,1123.358,0.03648888888889006,-0.055511111111109936,0.092,False,Binance US,Bittrex
857,01-13-2021_21-50-01,ETH/USD,25.0,1123.973,1122.64,0.029649288728462703,-0.1523507112715373,0.182,False,Bittrex,Coinbase Pro
858,01-13-2021_21-50-12,ETH/USD,25.0,1124.9,1124.0,0.020001777935818536,-0.10699822206418147,0.127,False,Kraken,Bittrex
859,01-13-2021_21-50-22,ETH/USD,25.0,1124.16,1123.971,0.004203138343298067,-0.07779686165670194,0.082,False,Binance US,Bittrex
860,01-13-2021_21-50-34,ETH/USD,25.0,1124.56,1123.971,0.013094010101727381,-0.06890598989827262,0.082,False,Binance US,Bittrex
861,01-13-2021_21-50-44,ETH/USD,25.0,1125.0,1124.81,0.004222222222223435,-0.18077777777777657,0.185,False,Coinbase Pro,Kraken
862,01-13-2021_21-50-54,ETH/USD,25.0,1125.17,1125.0,0.003777206999832753,-0.11624279300016725,0.12002,False,Coinbase Pro,Binance US
863,01-13-2021_21-51-04,ETH/USD,25.0,1125.831,1125.08,0.016676570462173638,-0.04534342953782636,0.06202,False,Bittrex,Binance US
864,01-13-2021_21-51-14,ETH/USD,25.0,1124.589,1123.74,0.018873561807912328,-0.16312643819208766,0.182,False,Bittrex,Coinbase Pro
865,01-13-2021_21-51-24,ETH/USD,25.0,1126.5,1124.45,0.045494895694628376,-0.1365051043053716,0.182,False,Bittrex,Coinbase Pro
866,01-13-2021_21-51-35,ETH/USD,25.0,1125.99,1125.21,0.01731809341113093,-0.10270190658886907,0.12002,False,Coinbase Pro,Binance US
867,01-13-2021_21-51-45,ETH/USD,25.0,1126.577,1126.16,0.00925369504259177,-0.11774630495740823,0.127,False,Bittrex,Kraken
868,01-13-2021_21-51-56,ETH/USD,25.0,1127.26,1126.59,0.014859038731084063,-0.17014096126891592,0.185,False,Coinbase Pro,Kraken
869,01-13-2021_21-52-09,ETH/USD,25.0,1128.31,1126.74,0.034786539160335736,-0.15021346083966425,0.185,False,Coinbase Pro,Kraken
870,01-13-2021_21-52-19,ETH/USD,25.0,1127.999,1126.08,0.04253106607364227,-0.08446893392635774,0.127,False,Bittrex,Kraken
871,01-13-2021_21-52-29,ETH/USD,25.0,1132.707,1127.01,0.1257386067182448,0.06371860671824481,0.06202,True,Bittrex,Binance US
872,01-13-2021_21-52-39,ETH/USD,25.0,1128.21,1127.01,0.02659079426702576,-0.10040920573297424,0.127,False,Bittrex,Kraken
873,01-13-2021_21-52-49,ETH/USD,25.0,1131.8,1125.26,0.14446015197031198,0.017460151970311977,0.127,True,Bittrex,Kraken
874,01-13-2021_21-53-01,ETH/USD,25.0,1127.561,1125.64,0.04259193072480828,-0.019428069275191716,0.06202,False,Bittrex,Binance US
875,01-13-2021_21-53-11,ETH/USD,25.0,1127.131,1123.77,0.07454767901867891,-0.10745232098132108,0.182,False,Bittrex,Coinbase Pro
876,01-13-2021_21-53-22,ETH/USD,25.0,1125.986,1121.51,0.09937956599815878,-0.02762043400184122,0.127,False,Bittrex,Kraken
877,01-13-2021_21-53-32,ETH/USD,25.0,1122.585,1119.7,0.06424903236725929,-0.06275096763274071,0.127,False,Bittrex,Kraken
878,01-13-2021_21-53-42,ETH/USD,25.0,1125.75,1122.337,0.07579391516766623,-0.016206084832333767,0.092,False,Binance US,Bittrex
879,01-13-2021_21-53-53,ETH/USD,25.0,1125.427,1123.74,0.03747466517152819,-0.0895253348284718,0.127,False,Bittrex,Kraken
880,01-13-2021_21-54-05,ETH/USD,25.0,1125.417,1124.83,0.013039611095264891,-0.11396038890473512,0.127,False,Bittrex,Kraken
881,01-13-2021_21-54-15,ETH/USD,25.0,1126.11,1125.62,0.010878155775190903,-0.17412184422480909,0.185,False,Coinbase Pro,Kraken
882,01-13-2021_21-54-25,ETH/USD,25.0,1130.873,1125.83,0.1114846671553773,0.049464667155377305,0.06202,True,Bittrex,Binance US
883,01-13-2021_21-54-36,ETH/USD,25.0,1127.074,1125.11,0.043564131547710466,-0.018455868452289532,0.06202,False,Bittrex,Binance US
884,01-13-2021_21-54-46,ETH/USD,25.0,1127.074,1124.73,0.051993036836979,-0.130006963163021,0.182,False,Bittrex,Coinbase Pro
885,01-13-2021_21-54-56,ETH/USD,25.0,1128.26,1126.28,0.04387286618332694,-0.01814713381667306,0.06202,False,Bittrex,Binance US
886,01-13-2021_21-55-07,ETH/USD,25.0,1127.624,1126.12,0.03334444814938607,-0.09365555185061393,0.127,False,Bittrex,Kraken
887,01-13-2021_21-55-17,ETH/USD,25.0,1127.624,1126.24,0.030683986860868838,-0.03133601313913116,0.06202,False,Bittrex,Binance US
888,01-13-2021_21-55-29,ETH/USD,25.0,1127.624,1126.62,0.022259192780575192,-0.1047408072194248,0.127,False,Bittrex,Kraken
889,01-13-2021_21-55-40,ETH/USD,25.0,1127.624,1126.43,0.026471589820719493,-0.1005284101792805,0.127,False,Bittrex,Kraken
890,01-13-2021_21-55-52,ETH/USD,25.0,1128.78,1126.75,0.04496004535870526,-0.01705995464129474,0.06202,False,Bittrex,Binance US
891,01-13-2021_21-56-02,ETH/USD,25.0,1128.031,1126.01,0.04479043572384,-0.08218355427615998,0.12697398999999998,False,Bittrex,Kraken
892,01-13-2021_21-56-13,ETH/USD,25.0,1126.706,1125.03,0.037188050831359974,-0.024831949168640025,0.06202,False,Bittrex,Binance US
893,01-13-2021_21-56-23,ETH/USD,25.0,1130.736,1125.44,0.11709187644154004,0.05507187644154004,0.06202,True,Bittrex,Binance US
894,01-13-2021_21-56-35,ETH/USD,25.0,1130.715,1126.58,0.0914244526693285,0.0294044526693285,0.06202,True,Bittrex,Binance US
895,01-13-2021_21-56-47,ETH/USD,25.0,1128.125,1126.46,0.03689750692520695,-0.14510249307479306,0.182,False,Bittrex,Coinbase Pro
896,01-13-2021_21-56-59,ETH/USD,25.0,1128.116,1126.5,0.0358119200507746,-0.1561880799492254,0.192,False,Bittrex,Coinbase Pro
897,01-13-2021_21-57-10,ETH/USD,25.0,1128.112,1126.02,0.046360645042338396,-0.08063935495766161,0.127,False,Bittrex,Kraken
898,01-13-2021_21-57-23,ETH/USD,25.0,1127.636,1126.2,0.031836514619964285,-0.09516348538003572,0.127,False,Bittrex,Kraken
899,01-13-2021_21-57-34,ETH/USD,25.0,1127.632,1126.34,0.028644096655649706,-0.09835590334435029,0.127,False,Bittrex,Kraken
900,01-13-2021_21-57-45,ETH/USD,25.0,1127.629,1125.92,0.03788923484585428,-0.024130765154145715,0.06202,False,Bittrex,Binance US
901,01-13-2021_21-57-57,ETH/USD,25.0,1126.252,1125.01,0.027569318411864347,-0.09943068158813566,0.127,False,Bittrex,Kraken
902,01-13-2021_21-58-09,ETH/USD,25.0,1126.252,1125.08,0.02601549209235645,-0.03600450790764355,0.06202,False,Bittrex,Binance US
903,01-13-2021_21-58-19,ETH/USD,25.0,1126.252,1124.58,0.03711425151742295,-0.024905748482577046,0.06202,False,Bittrex,Binance US
904,01-13-2021_21-58-30,ETH/USD,25.0,1127.608,1124.25,0.07444963143219868,-0.0525243585678013,0.12697398999999998,False,Bittrex,Kraken
905,01-13-2021_21-58-41,ETH/USD,25.0,1126.526,1125.01,0.03364325368433743,-0.09335674631566257,0.127,False,Bittrex,Kraken
906,01-13-2021_21-58-53,ETH/USD,25.0,1127.413,1125.51,0.04219837805666646,-0.01982162194333354,0.06202,False,Bittrex,Binance US
907,01-13-2021_21-59-06,ETH/USD,25.0,1126.74,1125.74,0.022187904929264958,-0.10481209507073505,0.127,False,Bittrex,Kraken
908,01-13-2021_21-59-16,ETH/USD,25.0,1126.74,1125.78,0.021300388732095166,-0.04071961126790483,0.06202,False,Bittrex,Binance US
909,01-13-2021_21-59-26,ETH/USD,25.0,1127.434,1126.41,0.022706428935083723,-0.10429357106491628,0.127,False,Bittrex,Kraken
910,01-13-2021_21-59-38,ETH/USD,25.0,1127.434,1126.44,0.022041201524876722,-0.10495879847512328,0.127,False,Bittrex,Kraken
911,01-13-2021_21-59-47,ETH/USD,25.0,1127.434,1126.42,0.02248468646501472,-0.03953531353498528,0.06202,False,Bittrex,Binance US
912,01-13-2021_21-59-57,ETH/USD,25.0,1127.434,1126.42,0.02248468646501472,-0.03953531353498528,0.06202,False,Bittrex,Binance US
913,01-13-2021_22-00-07,ETH/USD,25.0,1129.993,1127.9,0.04630559658333829,-0.0806944034166617,0.127,False,Bittrex,Kraken
914,01-13-2021_22-00-17,ETH/USD,25.0,1129.993,1128.59,0.031040015292130574,-0.030979984707869425,0.06202,False,Bittrex,Binance US
915,01-13-2021_22-00-27,ETH/USD,25.0,1130.0,1129.0,0.022123893805309734,-0.16287610619469026,0.185,False,Coinbase Pro,Kraken
916,01-13-2021_22-00-37,ETH/USD,25.0,1130.743,1129.97,0.01709053250826914,-0.10990946749173086,0.127,False,Bittrex,Kraken
917,01-13-2021_22-00-47,ETH/USD,25.0,1130.742,1130.09,0.014415313130670916,-0.11258468686932908,0.127,False,Bittrex,Kraken
918,01-13-2021_22-00-58,ETH/USD,25.0,1132.343,1131.14,0.026559973435610378,-0.035460026564389624,0.06202,False,Bittrex,Binance US
919,01-13-2021_22-01-09,ETH/USD,25.0,1133.1,1131.67,0.031550613361570834,-0.08846938663842917,0.12002,False,Coinbase Pro,Binance US
920,01-13-2021_22-01-19,ETH/USD,25.0,1133.49,1132.03,0.032201430978659636,-0.08781856902134036,0.12002,False,Coinbase Pro,Binance US
921,01-13-2021_22-01-30,ETH/USD,25.0,1134.99,1132.29,0.05947188962017387,-0.12552811037982614,0.185,False,Coinbase Pro,Kraken
922,01-13-2021_22-01-40,ETH/USD,25.0,1136.495,1134.0,0.05488365544942765,-0.0071363445505723475,0.06202,False,Bittrex,Binance US
923,01-13-2021_22-01-53,ETH/USD,25.0,1136.87,1135.0,0.04112167618109131,-0.1538783238189087,0.195,False,Coinbase Pro,Kraken
924,01-13-2021_22-02-03,ETH/USD,25.0,1137.149,1135.83,0.02899795893062299,-0.09800204106937702,0.127,False,Bittrex,Kraken
925,01-13-2021_22-02-14,ETH/USD,25.0,1137.149,1135.22,0.04240869050581454,-0.08459130949418546,0.127,False,Bittrex,Kraken
926,01-13-2021_22-02-26,ETH/USD,25.0,1137.145,1134.24,0.06386608567948618,0.00184608567948618,0.06202,False,Bittrex,Binance US
927,01-13-2021_22-02-37,ETH/USD,25.0,1136.044,1134.04,0.04410040456179806,-0.017919595438201937,0.06202,False,Bittrex,Binance US
928,01-13-2021_22-02-48,ETH/USD,25.0,1135.298,1133.95,0.029683836314341176,-0.09731616368565882,0.127,False,Bittrex,Kraken
929,01-13-2021_22-03-00,ETH/USD,25.0,1134.798,1133.36,0.0316796469503846,-0.09532035304961539,0.127,False,Bittrex,Kraken
930,01-13-2021_22-03-12,ETH/USD,25.0,1134.029,1132.82,0.02665275755734774,-0.035367242442652255,0.06202,False,Bittrex,Binance US
931,01-13-2021_22-03-23,ETH/USD,25.0,1134.029,1132.82,0.02665275755734774,-0.035367242442652255,0.06202,False,Bittrex,Binance US
932,01-13-2021_22-03-32,ETH/USD,25.0,1133.981,1133.09,0.01964318626149989,-0.10735681373850012,0.127,False,Bittrex,Kraken
933,01-13-2021_22-03-43,ETH/USD,25.0,1133.981,1133.14,0.018540875023476903,-0.10843311497652308,0.12697398999999998,False,Bittrex,Kraken
934,01-13-2021_22-03-55,ETH/USD,25.0,1134.295,1133.35,0.020827915136718483,-0.10617208486328152,0.127,False,Bittrex,Kraken
935,01-13-2021_22-04-04,ETH/USD,25.0,1134.295,1133.84,0.010028255436199458,-0.17197174456380054,0.182,False,Bittrex,Coinbase Pro
936,01-13-2021_22-04-15,ETH/USD,25.0,1134.291,1133.26,0.02272344574716605,-0.10427655425283396,0.127,False,Bittrex,Kraken
937,01-13-2021_22-04-27,ETH/USD,25.0,1134.286,1132.91,0.030327448280239203,-0.1516725517197608,0.182,False,Bittrex,Coinbase Pro
938,01-13-2021_22-04-37,ETH/USD,25.0,1133.502,1132.71,0.017467988587578944,-0.16453201141242105,0.182,False,Bittrex,Coinbase Pro
939,01-13-2021_22-04-48,ETH/USD,25.0,1132.494,1131.56,0.020618210780806986,-0.10638178921919302,0.127,False,Bittrex,Kraken
940,01-13-2021_22-04-58,ETH/USD,25.0,1132.495,1131.08,0.03123634099929721,-0.1507636590007028,0.182,False,Bittrex,Coinbase Pro
941,01-13-2021_22-05-10,ETH/USD,25.0,1132.424,1130.41,0.04446214492098137,-0.01755785507901863,0.06202,False,Bittrex,Binance US
942,01-13-2021_22-05-21,ETH/USD,25.0,1132.74,1130.33,0.053189611031659555,-0.13881038896834044,0.192,False,Bittrex,Coinbase Pro
943,01-13-2021_22-05-32,ETH/USD,25.0,1131.213,1130.17,0.023050477673079533,-0.10394952232692047,0.127,False,Bittrex,Kraken
944,01-13-2021_22-05-43,ETH/USD,25.0,1130.832,1130.15,0.015077394343280353,-0.11192260565671965,0.127,False,Bittrex,Kraken
945,01-13-2021_22-05-55,ETH/USD,25.0,1132.67,1131.49,0.026044655548395905,-0.06895534445160409,0.095,False,Binance US,Kraken
946,01-13-2021_22-06-06,ETH/USD,25.0,1133.032,1132.21,0.018137175296017435,-0.04388282470398257,0.06202,False,Bittrex,Binance US
947,01-13-2021_22-06-16,ETH/USD,25.0,1134.754,1133.32,0.03159275049922647,-0.09540724950077353,0.127,False,Bittrex,Kraken
948,01-13-2021_22-06-28,ETH/USD,25.0,1134.751,1134.0,0.016545480021607745,-0.16545451997839225,0.182,False,Bittrex,Coinbase Pro
949,01-13-2021_22-06-41,ETH/USD,25.0,1134.749,1132.84,0.04205775902865095,-0.01996224097134905,0.06202,False,Bittrex,Binance US
950,01-13-2021_22-06-51,ETH/USD,25.0,1133.683,1132.16,0.033585226205207076,-0.09341477379479293,0.127,False,Bittrex,Kraken
951,01-13-2021_22-07-01,ETH/USD,25.0,1133.676,1132.5,0.025933335450338785,-0.10106666454966122,0.127,False,Bittrex,Kraken
952,01-13-2021_22-07-11,ETH/USD,25.0,1132.78,1131.33,0.03200091809530636,-0.030019081904693636,0.06202,False,Bittrex,Binance US
953,01-13-2021_22-07-22,ETH/USD,25.0,1132.774,1131.05,0.038048189665368666,-0.08895181033463134,0.127,False,Bittrex,Kraken
954,01-13-2021_22-07-34,ETH/USD,25.0,1132.074,1130.51,0.03453837823322676,-0.09246162176677325,0.127,False,Bittrex,Kraken
955,01-13-2021_22-07-45,ETH/USD,25.0,1131.391,1129.8,0.035155839139610484,-0.09184416086038952,0.127,False,Bittrex,Kraken
956,01-13-2021_22-07-57,ETH/USD,25.0,1130.348,1129.05,0.02870797311978262,-0.09829202688021738,0.127,False,Bittrex,Kraken
957,01-13-2021_22-08-08,ETH/USD,25.0,1130.344,1128.68,0.036802955560430874,-0.09019704443956914,0.127,False,Bittrex,Kraken
958,01-13-2021_22-08-19,ETH/USD,25.0,1130.344,1129.23,0.024638517123991295,-0.10236148287600871,0.127,False,Bittrex,Kraken
959,01-13-2021_22-08-29,ETH/USD,25.0,1130.344,1128.98,0.03016780732237338,-0.09683219267762662,0.127,False,Bittrex,Kraken
960,01-13-2021_22-08-40,ETH/USD,25.0,1130.344,1129.03,0.02906194928269797,-0.09793805071730204,0.127,False,Bittrex,Kraken
961,01-13-2021_22-08-51,ETH/USD,25.0,1130.344,1128.97,0.030388978930308463,-0.15161102106969154,0.182,False,Bittrex,Coinbase Pro
962,01-13-2021_22-09-03,ETH/USD,25.0,1130.339,1128.75,0.03514432395944805,-0.15685567604055195,0.192,False,Bittrex,Coinbase Pro
963,01-13-2021_22-09-14,ETH/USD,25.0,1130.339,1128.93,0.031163217406456785,-0.15083678259354322,0.182,False,Bittrex,Coinbase Pro
964,01-13-2021_22-09-27,ETH/USD,25.0,1130.335,1128.75,0.035055978979683815,-0.15694402102031618,0.192,False,Bittrex,Coinbase Pro
965,01-13-2021_22-09-40,ETH/USD,25.0,1130.335,1128.92,0.031296031707413366,-0.15070396829258664,0.182,False,Bittrex,Coinbase Pro
966,01-13-2021_22-09-52,ETH/USD,25.0,1130.327,1128.92,0.031119313260674245,-0.15088068673932575,0.182,False,Bittrex,Coinbase Pro
967,01-13-2021_22-10-04,ETH/USD,25.0,1130.325,1128.99,0.02952690597836986,-0.15247309402163015,0.182,False,Bittrex,Coinbase Pro
968,01-13-2021_22-10-14,ETH/USD,25.0,1130.325,1128.99,0.02952690597836986,-0.15247309402163015,0.182,False,Bittrex,Coinbase Pro
969,01-13-2021_22-10-25,ETH/USD,25.0,1130.325,1129.1,0.027093977395884733,-0.16490602260411527,0.192,False,Bittrex,Coinbase Pro
970,01-13-2021_22-10-37,ETH/USD,25.0,1130.323,1129.07,0.027713317343806956,-0.15428668265619305,0.182,False,Bittrex,Coinbase Pro
971,01-13-2021_22-10-49,ETH/USD,25.0,1130.32,1128.8,0.03361879821643388,-0.14838120178356612,0.182,False,Bittrex,Coinbase Pro
972,01-13-2021_22-11-00,ETH/USD,25.0,1130.318,1128.78,0.034016975753726184,-0.1479830242462738,0.182,False,Bittrex,Coinbase Pro
973,01-13-2021_22-11-10,ETH/USD,25.0,1129.41,1128.78,0.013945334289587243,-0.13605466571041275,0.15,False,Binance US,Coinbase Pro
974,01-13-2021_22-11-22,ETH/USD,25.0,1129.4,1128.77,0.01394545776518747,-0.08105454223481254,0.095,False,Binance US,Kraken
975,01-13-2021_22-11-32,ETH/USD,25.0,1129.4,1128.99,0.00907561537099526,-0.08592438462900474,0.095,False,Binance US,Kraken
976,01-13-2021_22-11-44,ETH/USD,25.0,1130.088,1128.9,0.02628113916792043,-0.10071886083207957,0.127,False,Bittrex,Kraken
977,01-13-2021_22-11-56,ETH/USD,25.0,1130.14,1129.5,0.014157538004143292,-0.08084246199585671,0.095,False,Binance US,Kraken
978,01-13-2021_22-12-07,ETH/USD,25.0,1130.13,1129.67,0.010175820480830444,-0.13982417951916956,0.15,False,Binance US,Coinbase Pro
979,01-13-2021_22-12-17,ETH/USD,25.0,1130.12,1129.67,0.009954695076625008,-0.140045304923375,0.15,False,Binance US,Coinbase Pro
980,01-13-2021_22-12-28,ETH/USD,25.0,1130.18,1129.67,0.011281388805322843,-0.17371861119467716,0.185,False,Kraken,Coinbase Pro
981,01-13-2021_22-12-40,ETH/USD,25.0,1130.885,1130.0,0.01956432351653773,-0.16243567648346227,0.182,False,Bittrex,Coinbase Pro
982,01-13-2021_22-12-51,ETH/USD,25.0,1130.96,1130.58,0.00839994341090996,-0.08657404658909003,0.09497399,False,Binance US,Kraken
983,01-13-2021_22-13-01,ETH/USD,25.0,1131.016,1130.43,0.012952955572688907,-0.04906704442731109,0.06202,False,Bittrex,Binance US
984,01-13-2021_22-13-13,ETH/USD,25.0,1131.014,1130.01,0.022192475071040354,-0.03982752492895965,0.06202,False,Bittrex,Binance US
985,01-13-2021_22-13-25,ETH/USD,25.0,1130.038,1129.28,0.016769347579462773,-0.16523065242053722,0.182,False,Bittrex,Coinbase Pro
986,01-13-2021_22-13-36,ETH/USD,25.0,1130.033,1128.92,0.024623174721442407,-0.1023768252785576,0.127,False,Bittrex,Kraken
987,01-13-2021_22-13-47,ETH/USD,25.0,1130.03,1128.89,0.02522056936541226,-0.10177943063458775,0.127,False,Bittrex,Kraken
988,01-13-2021_22-13-59,ETH/USD,25.0,1130.023,1128.92,0.024402158186157236,-0.15759784181384276,0.182,False,Bittrex,Coinbase Pro
989,01-13-2021_22-14-11,ETH/USD,25.0,1130.01,1127.05,0.06548614614030045,-0.08451385385969955,0.15,False,Binance US,Coinbase Pro
990,01-13-2021_22-14-23,ETH/USD,25.0,1129.36,1127.45,0.042280583693416064,-0.04271941630658394,0.085,False,Binance US,Kraken
991,01-13-2021_22-14-34,ETH/USD,25.0,1129.28,1127.0,0.05047463870784865,-0.04452536129215135,0.095,False,Binance US,Kraken
992,01-13-2021_22-14-44,ETH/USD,25.0,1129.22,1126.69,0.0560121145569502,-0.09398788544304978,0.15,False,Binance US,Coinbase Pro
993,01-13-2021_22-14-54,ETH/USD,25.0,1129.18,1126.57,0.057785295524188506,-0.037214704475811496,0.095,False,Binance US,Kraken
994,01-13-2021_22-15-04,ETH/USD,25.0,1129.14,1126.57,0.056901712807981376,-0.038098287192018625,0.095,False,Binance US,Kraken
995,01-13-2021_22-15-16,ETH/USD,25.0,1129.06,1127.24,0.0402990097957579,-0.0547009902042421,0.095,False,Binance US,Kraken
996,01-13-2021_22-15-27,ETH/USD,25.0,1129.23,1128.1,0.02501704701433962,-0.10198295298566037,0.127,False,Bittrex,Kraken
997,01-13-2021_22-15-38,ETH/USD,25.0,1129.23,1128.91,0.007084473490784347,-0.11991552650921565,0.127,False,Bittrex,Kraken
998,01-13-2021_22-15-49,ETH/USD,25.0,1130.028,1128.86,0.025840067679741563,-0.10115993232025844,0.127,False,Bittrex,Kraken
999,01-13-2021_22-16-00,ETH/USD,25.0,1130.03,1129.54,0.010840420165836506,-0.1161595798341635,0.127,False,Bittrex,Kraken
1000,01-13-2021_22-16-12,ETH/USD,25.0,1130.48,1130.0,0.010614960016984337,-0.10940503998301566,0.12002,False,Coinbase Pro,Binance US
1001,01-13-2021_22-16-22,ETH/USD,25.0,1131.977,1130.87,0.024448376601295747,-0.03757162339870425,0.06202,False,Bittrex,Binance US
1002,01-13-2021_22-16-31,ETH/USD,25.0,1131.972,1131.4,0.012632821306531634,-0.11436717869346837,0.127,False,Bittrex,Kraken
1003,01-13-2021_22-16-42,ETH/USD,25.0,1132.501,1132.0,0.01105959288336117,-0.17094040711663883,0.182,False,Bittrex,Coinbase Pro
1004,01-13-2021_22-16-52,ETH/USD,25.0,1133.41,1133.0,0.009043505880486361,-0.08595649411951364,0.095,False,Binance US,Kraken
1005,01-13-2021_22-17-02,ETH/USD,25.0,1134.75,1134.09,0.014540647719763867,-0.08045935228023614,0.095,False,Binance US,Kraken
1006,01-13-2021_22-17-13,ETH/USD,25.0,1134.796,1134.04,0.01665497587231726,-0.11034502412768274,0.127,False,Bittrex,Kraken
1007,01-13-2021_22-17-23,ETH/USD,25.0,1134.796,1134.19,0.013350417167490776,-0.11364958283250923,0.127,False,Bittrex,Kraken
1008,01-13-2021_22-17-35,ETH/USD,25.0,1134.788,1134.02,0.01691945984624505,-0.11008054015375496,0.127,False,Bittrex,Kraken
1009,01-13-2021_22-17-45,ETH/USD,25.0,1134.784,1133.5,0.028287321640067746,-0.09871267835993225,0.127,False,Bittrex,Kraken
1010,01-13-2021_22-17-56,ETH/USD,25.0,1134.773,1133.64,0.024960939324424596,-0.1020390606755754,0.127,False,Bittrex,Kraken
1011,01-13-2021_22-18-07,ETH/USD,25.0,1134.226,1133.36,0.019087906642948866,-0.10791209335705114,0.127,False,Bittrex,Kraken
1012,01-13-2021_22-18-17,ETH/USD,25.0,1133.605,1132.9,0.015547743702610856,-0.11145225629738914,0.127,False,Bittrex,Kraken
1013,01-13-2021_22-18-28,ETH/USD,25.0,1133.502,1133.07,0.009527993775044428,-0.11747200622495557,0.127,False,Bittrex,Kraken
1014,01-13-2021_22-18-39,ETH/USD,25.0,1133.502,1132.69,0.017909099410497252,-0.10909090058950274,0.127,False,Bittrex,Kraken
1015,01-13-2021_22-18-48,ETH/USD,25.0,1133.502,1132.27,0.0271724266917917,-0.0998275733082083,0.127,False,Bittrex,Kraken
1016,01-13-2021_22-18-59,ETH/USD,25.0,1134.056,1132.94,0.024601959691584574,-0.037418040308415425,0.06202,False,Bittrex,Binance US
1017,01-13-2021_22-19-08,ETH/USD,25.0,1134.052,1133.02,0.022750279528626675,-0.1592497204713733,0.182,False,Bittrex,Coinbase Pro
1018,01-13-2021_22-19-18,ETH/USD,25.0,1134.042,1133.06,0.021648228196133188,-0.10535177180386682,0.127,False,Bittrex,Kraken
1019,01-13-2021_22-19-29,ETH/USD,25.0,1134.685,1133.64,0.023024011069147945,-0.15897598893085205,0.182,False,Bittrex,Coinbase Pro
1020,01-13-2021_22-19-39,ETH/USD,25.0,1134.685,1133.34,0.02963377501244899,-0.09736622498755101,0.127,False,Bittrex,Kraken
1021,01-13-2021_22-19-49,ETH/USD,25.0,1134.685,1133.53,0.025447591181693,-0.101552408818307,0.127,False,Bittrex,Kraken
1022,01-13-2021_22-20-00,ETH/USD,25.0,1134.68,1133.41,0.02798145732717554,-0.09901854267282446,0.127,False,Bittrex,Kraken
1023,01-13-2021_22-20-11,ETH/USD,25.0,1134.225,1133.06,0.025678326610680504,-0.1013216733893195,0.127,False,Bittrex,Kraken
1024,01-13-2021_22-20-22,ETH/USD,25.0,1134.222,1133.06,0.025612269908360855,-0.10138773009163915,0.127,False,Bittrex,Kraken
1025,01-13-2021_22-20-33,ETH/USD,25.0,1134.22,1133.1,0.024686568743279923,-0.10231343125672007,0.127,False,Bittrex,Kraken
1026,01-13-2021_22-20-43,ETH/USD,25.0,1134.687,1133.1,0.0349655896295628,-0.09203441037043719,0.127,False,Bittrex,Kraken
1027,01-13-2021_22-20-54,ETH/USD,25.0,1134.687,1133.1,0.0349655896295628,-0.09203441037043719,0.127,False,Bittrex,Kraken
1028,01-13-2021_22-21-05,ETH/USD,25.0,1134.05,1133.99,0.0013226930029528114,-0.12567730699704718,0.127,False,Bittrex,Kraken
1029,01-13-2021_22-21-15,ETH/USD,25.0,1134.56,1134.02,0.011898885911718279,-0.10812111408828172,0.12002,False,Coinbase Pro,Binance US
1030,01-13-2021_22-21-26,ETH/USD,25.0,1134.55,1134.02,0.011678639108015794,-0.1083413608919842,0.12002,False,Coinbase Pro,Binance US
1031,01-13-2021_22-21-38,ETH/USD,25.0,1135.19,1134.6,0.012993419603769974,-0.17200658039623,0.185,False,Coinbase Pro,Kraken
1032,01-13-2021_22-21-49,ETH/USD,25.0,1135.17,1134.9,0.005946245936731542,-0.17905375406326846,0.185,False,Coinbase Pro,Kraken
1033,01-13-2021_22-22-00,ETH/USD,25.0,1135.024,1134.47,0.01220238514779996,-0.11479761485220004,0.127,False,Bittrex,Kraken
1034,01-13-2021_22-22-11,ETH/USD,25.0,1135.026,1134.59,0.009603304241492026,-0.05241669575850797,0.06202,False,Bittrex,Binance US
1035,01-13-2021_22-22-22,ETH/USD,25.0,1135.026,1134.59,0.009603304241492026,-0.05241669575850797,0.06202,False,Bittrex,Binance US
1036,01-13-2021_22-22-32,ETH/USD,25.0,1135.16,1134.59,0.01255329645160514,-0.10746670354839485,0.12002,False,Coinbase Pro,Binance US
1037,01-13-2021_22-22-42,ETH/USD,25.0,1135.04,1134.87,0.003744361432197825,-0.18122962856780214,0.18497398999999998,False,Coinbase Pro,Kraken
1038,01-13-2021_22-22-52,ETH/USD,25.0,1135.762,1134.87,0.019634395234213963,-0.10733959476578601,0.12697398999999998,False,Bittrex,Kraken
1039,01-13-2021_22-23-03,ETH/USD,25.0,1135.759,1134.86,0.019788529080555704,-0.04223147091944429,0.06202,False,Bittrex,Binance US
1040,01-13-2021_22-23-13,ETH/USD,25.0,1135.749,1134.71,0.02287037012579336,-0.15912962987420665,0.182,False,Bittrex,Coinbase Pro
1041,01-13-2021_22-23-24,ETH/USD,25.0,1135.738,1134.8,0.020647367614716198,-0.1613526323852838,0.182,False,Bittrex,Coinbase Pro
1042,01-13-2021_22-23-35,ETH/USD,25.0,1135.738,1134.3,0.03165342711083238,-0.1503465728891676,0.182,False,Bittrex,Coinbase Pro
1043,01-13-2021_22-23-45,ETH/USD,25.0,1134.698,1133.3,0.030801147089360742,-0.031218852910639257,0.06202,False,Bittrex,Binance US
1044,01-13-2021_22-23-56,ETH/USD,25.0,1134.697,1133.3,0.030779141920705147,-0.031240858079294852,0.06202,False,Bittrex,Binance US
1045,01-13-2021_22-24-07,ETH/USD,25.0,1135.224,1134.3,0.02034840701042213,-0.04167159298957787,0.06202,False,Bittrex,Binance US
1046,01-13-2021_22-24-17,ETH/USD,25.0,1135.224,1134.31,0.020128186155331178,-0.04189181384466882,0.06202,False,Bittrex,Binance US
1047,01-13-2021_22-24-28,ETH/USD,25.0,1135.224,1134.31,0.020128186155331178,-0.04189181384466882,0.06202,False,Bittrex,Binance US
1048,01-13-2021_22-24-41,ETH/USD,25.0,1135.812,1134.33,0.032619834972688506,-0.029400165027311492,0.06202,False,Bittrex,Binance US
1049,01-13-2021_22-24-52,ETH/USD,25.0,1135.811,1134.79,0.022472929034847308,-0.1045270709651527,0.127,False,Bittrex,Kraken
1050,01-13-2021_22-25-02,ETH/USD,25.0,1136.954,1134.84,0.046483850709879926,-0.08051614929012008,0.127,False,Bittrex,Kraken
1051,01-13-2021_22-25-12,ETH/USD,25.0,1136.954,1136.0,0.020977101975980357,-0.04104289802401964,0.06202,False,Bittrex,Binance US
1052,01-13-2021_22-25-23,ETH/USD,25.0,1136.953,1136.0,0.02095513183042691,-0.04106486816957309,0.06202,False,Bittrex,Binance US
1053,01-13-2021_22-25-33,ETH/USD,25.0,1137.641,1136.11,0.03364418124874579,-0.02837581875125421,0.06202,False,Bittrex,Binance US
1054,01-13-2021_22-25-46,ETH/USD,25.0,1137.641,1136.4,0.027271344826706873,-0.09972865517329313,0.127,False,Bittrex,Kraken
1055,01-13-2021_22-25-57,ETH/USD,25.0,1137.639,1136.4,0.027227442097181212,-0.09977255790281879,0.127,False,Bittrex,Kraken
1056,01-13-2021_22-26-08,ETH/USD,25.0,1137.999,1136.71,0.028317248081940038,-0.09868275191805996,0.127,False,Bittrex,Kraken
1057,01-13-2021_22-26-19,ETH/USD,25.0,1137.414,1136.07,0.029540694944849698,-0.0974593050551503,0.127,False,Bittrex,Kraken
1058,01-13-2021_22-26-29,ETH/USD,25.0,1135.292,1134.15,0.025147715301434025,-0.15685228469856596,0.182,False,Bittrex,Coinbase Pro
1059,01-13-2021_22-26-40,ETH/USD,25.0,1135.292,1133.97,0.029111453264884478,-0.1528885467351155,0.182,False,Bittrex,Coinbase Pro
1060,01-13-2021_22-26-51,ETH/USD,25.0,1135.289,1133.8,0.0327890079090001,-0.1492109920909999,0.182,False,Bittrex,Coinbase Pro
1061,01-13-2021_22-27-01,ETH/USD,25.0,1135.19,1133.1,0.04602753724046515,-0.08097246275953485,0.127,False,Bittrex,Kraken
1062,01-13-2021_22-27-13,ETH/USD,25.0,1134.16,1132.81,0.029757706143756973,-0.15224229385624302,0.182,False,Bittrex,Coinbase Pro
1063,01-13-2021_22-27-24,ETH/USD,25.0,1133.687,1132.58,0.024411499823142783,-0.15758850017685722,0.182,False,Bittrex,Coinbase Pro
1064,01-13-2021_22-27-35,ETH/USD,25.0,1133.397,1131.52,0.04140208594164165,-0.14059791405835834,0.182,False,Bittrex,Coinbase Pro
1065,01-13-2021_22-27-46,ETH/USD,25.0,1133.39,1131.19,0.048526985415436104,-0.0784730145845639,0.127,False,Bittrex,Kraken
1066,01-13-2021_22-27-57,ETH/USD,25.0,1131.93,1130.0,0.04262631081427437,-0.09737368918572561,0.13999999999999999,False,Binance US,Coinbase Pro
1067,01-13-2021_22-28-08,ETH/USD,25.0,1130.721,1129.33,0.030754713143208545,-0.15124528685679145,0.182,False,Bittrex,Coinbase Pro
1068,01-13-2021_22-28-20,ETH/USD,25.0,1130.051,1128.9,0.025463452534439598,-0.036556547465560404,0.06202,False,Bittrex,Binance US
1069,01-13-2021_22-28-32,ETH/USD,25.0,1129.239,1128.44,0.017688903766164162,-0.16431109623383583,0.182,False,Bittrex,Coinbase Pro
1070,01-13-2021_22-28-43,ETH/USD,25.0,1129.239,1127.98,0.02787275324355638,-0.15412724675644363,0.182,False,Bittrex,Coinbase Pro
1071,01-13-2021_22-28-53,ETH/USD,25.0,1129.237,1128.09,0.025393252257944122,-0.10160674774205589,0.127,False,Bittrex,Kraken
1072,01-13-2021_22-29-04,ETH/USD,25.0,1129.233,1127.66,0.034824522485613366,-0.14717547751438664,0.182,False,Bittrex,Coinbase Pro
1073,01-13-2021_22-29-16,ETH/USD,25.0,1128.493,1127.63,0.019118417216585065,-0.16288158278341494,0.182,False,Bittrex,Coinbase Pro
1074,01-13-2021_22-29-27,ETH/USD,25.0,1128.487,1127.71,0.017213313046584577,-0.10978668695341542,0.127,False,Bittrex,Kraken
1075,01-13-2021_22-29-39,ETH/USD,25.0,1129.982,1126.58,0.0752666856640204,-0.05173331433597961,0.127,False,Bittrex,Kraken
1076,01-13-2021_22-29-51,ETH/USD,25.0,1127.9,1126.19,0.037902296302864534,-0.04709770369713547,0.085,False,Binance US,Kraken
1077,01-13-2021_22-30-02,ETH/USD,25.0,1127.99,1125.42,0.05695972482025409,-0.03804027517974591,0.095,False,Binance US,Kraken
1078,01-13-2021_22-30-15,ETH/USD,25.0,1128.44,1127.0,0.031902449399171744,-0.15309755060082825,0.185,False,Coinbase Pro,Kraken
1079,01-13-2021_22-30-27,ETH/USD,25.0,1129.378,1128.0,0.030503516094698348,-0.03151648390530165,0.06202,False,Bittrex,Binance US
1080,01-13-2021_22-30-37,ETH/USD,25.0,1129.999,1129.15,0.01878320246300954,-0.04323679753699046,0.06202,False,Bittrex,Binance US
1081,01-13-2021_22-30-47,ETH/USD,25.0,1129.998,1129.75,0.005486735374753922,-0.12151326462524609,0.127,False,Bittrex,Kraken
1082,01-13-2021_22-30-58,ETH/USD,25.0,1130.29,1128.87,0.03140786877704113,-0.05356612122295887,0.08497399,False,Binance US,Kraken
1083,01-13-2021_22-31-08,ETH/USD,25.0,1129.703,1128.36,0.029720200796140104,-0.1522797992038599,0.182,False,Bittrex,Coinbase Pro
1084,01-13-2021_22-31-20,ETH/USD,25.0,1128.73,1127.74,0.0219272988225707,-0.17007270117742931,0.192,False,Bittrex,Coinbase Pro
1085,01-13-2021_22-31-30,ETH/USD,25.0,1128.73,1127.65,0.023920689624620753,-0.10307931037537925,0.127,False,Bittrex,Kraken
1086,01-13-2021_22-31-41,ETH/USD,25.0,1128.73,1128.37,0.007973563208210275,-0.11902643679178973,0.127,False,Bittrex,Kraken
1087,01-13-2021_22-31-51,ETH/USD,25.0,1129.488,1128.64,0.018769566387601203,-0.10820442361239878,0.12697398999999998,False,Bittrex,Kraken
1088,01-13-2021_22-32-01,ETH/USD,25.0,1129.488,1129.0,0.010801354241923251,-0.05121864575807675,0.06202,False,Bittrex,Binance US
1089,01-13-2021_22-32-10,ETH/USD,25.0,1130.048,1129.3,0.01654796964376839,-0.1654520303562316,0.182,False,Bittrex,Coinbase Pro
1090,01-13-2021_22-32-20,ETH/USD,25.0,1130.048,1129.6,0.009911083423007092,-0.1720889165769929,0.182,False,Bittrex,Coinbase Pro
1091,01-13-2021_22-32-31,ETH/USD,25.0,1130.048,1129.41,0.014114444696152728,-0.16788555530384727,0.182,False,Bittrex,Coinbase Pro
1092,01-13-2021_22-32-41,ETH/USD,25.0,1130.048,1129.38,0.014778133318228354,-0.16722186668177164,0.182,False,Bittrex,Coinbase Pro
1093,01-13-2021_22-32-52,ETH/USD,25.0,1130.854,1129.89,0.021311327545375923,-0.10568867245462407,0.127,False,Bittrex,Kraken
1094,01-13-2021_22-33-04,ETH/USD,25.0,1130.854,1129.94,0.020205968232857363,-0.16179403176714263,0.182,False,Bittrex,Coinbase Pro
1095,01-13-2021_22-33-15,ETH/USD,25.0,1130.048,1129.48,0.012565837911309599,-0.11443416208869041,0.127,False,Bittrex,Kraken
1096,01-13-2021_22-33-25,ETH/USD,25.0,1130.853,1128.36,0.0551132640581969,-0.1268867359418031,0.182,False,Bittrex,Coinbase Pro
1097,01-13-2021_22-33-36,ETH/USD,25.0,1129.322,1127.56,0.03900570430753903,-0.14299429569246097,0.182,False,Bittrex,Coinbase Pro
1098,01-13-2021_22-33-47,ETH/USD,25.0,1129.474,1127.99,0.03284714831859617,-0.09415285168140383,0.127,False,Bittrex,Kraken
1099,01-13-2021_22-33-58,ETH/USD,25.0,1130.05,1128.97,0.023892748108489164,-0.10310725189151083,0.127,False,Bittrex,Kraken
1100,01-13-2021_22-34-09,ETH/USD,25.0,1130.049,1128.97,0.023870646317105518,-0.10312935368289448,0.127,False,Bittrex,Kraken
1101,01-13-2021_22-34-20,ETH/USD,25.0,1130.043,1128.48,0.034578330205131014,-0.14742166979486898,0.182,False,Bittrex,Coinbase Pro
1102,01-13-2021_22-34-30,ETH/USD,25.0,1130.043,1128.48,0.034578330205131014,-0.14742166979486898,0.182,False,Bittrex,Coinbase Pro
0,01-13-2021_17-35-07,ETH/USD,25.0,1129.276,1127.41,0.04130965326456919,-0.08569034673543081,0.127,False,Bittrex,Kraken
