,Date,Symbol,Investment,High,Low,Adjusted Spread,Adj. Spread after fees,Fees,Profitable,Sell exchange,Buy exchange
0,01-14-2021_00-22-39,LINK/USD,25.0,16.23468241,16.21453,0.031032960009720098,-0.15146703999027988,0.1825,False,Bittrex,Coinbase Pro
0,01-14-2021_00-27-05,LINK/USD,25.0,16.21813193,16.1888,0.04521471727847435,-0.08228528272152566,0.1275,False,Bittrex,Kraken
1,01-14-2021_00-27-16,LINK/USD,25.0,16.21813186,16.1888,0.045214609569710344,-0.08228539043028965,0.1275,False,Bittrex,Kraken
2,01-14-2021_00-27-27,LINK/USD,25.0,16.21813179,16.18867,0.04541489485578213,-0.08208510514421788,0.1275,False,Bittrex,Kraken
3,01-14-2021_00-27-38,LINK/USD,25.0,16.20687105,16.18438,0.03469369554834474,-0.09280630445165526,0.1275,False,Bittrex,Kraken
4,01-14-2021_00-27-49,LINK/USD,25.0,16.20687095,16.17964,0.04200525518468429,-0.08549474481531572,0.1275,False,Bittrex,Kraken
5,01-14-2021_00-28-01,LINK/USD,25.0,16.20687089,16.18358,0.035927493589112486,-0.09157250641088752,0.1275,False,Bittrex,Kraken
6,01-14-2021_00-28-11,LINK/USD,25.0,16.2068708,16.18438,0.03469331044460464,-0.09280668955539537,0.1275,False,Bittrex,Kraken
7,01-14-2021_00-28-23,LINK/USD,25.0,16.22867565,16.18438,0.0682366986612347,-0.0592633013387653,0.1275,False,Bittrex,Kraken
8,01-14-2021_00-28-34,LINK/USD,25.0,16.22867563,16.18438,0.06823666793567028,-0.059263332064329724,0.1275,False,Bittrex,Kraken
9,01-14-2021_00-28-46,LINK/USD,25.0,16.21674184,16.18438,0.049889552906639975,-0.07761044709336003,0.1275,False,Bittrex,Kraken
10,01-14-2021_00-28-56,LINK/USD,25.0,16.21674176,16.18438,0.04988942982341813,-0.07761057017658188,0.1275,False,Bittrex,Kraken
11,01-14-2021_00-29-09,LINK/USD,25.0,16.2167417,16.18438,0.049889337510998215,-0.07761066248900178,0.1275,False,Bittrex,Kraken
12,01-14-2021_00-29-21,LINK/USD,25.0,16.23059169,16.2023,0.04357772430661098,-0.018922275693389022,0.0625,False,Bittrex,Binance US
13,01-14-2021_00-29-34,LINK/USD,25.0,16.24330691,16.2213,0.033870735377248634,-0.028629264622751366,0.0625,False,Bittrex,Binance US
14,01-14-2021_00-29-46,LINK/USD,25.0,16.24330691,16.2213,0.033870735377248634,-0.028629264622751366,0.0625,False,Bittrex,Binance US
15,01-14-2021_00-29-58,LINK/USD,25.0,16.24999999,16.23526,0.02267690770626106,-0.10482309229373894,0.1275,False,Bittrex,Kraken
16,01-14-2021_00-30-11,LINK/USD,25.0,16.22094209,16.20312,0.027467717197187137,-0.15503228280281287,0.1825,False,Bittrex,Coinbase Pro
17,01-14-2021_00-30-23,LINK/USD,25.0,16.21725424,16.19622,0.03242571104934278,-0.15007428895065722,0.1825,False,Bittrex,Coinbase Pro
18,01-14-2021_00-30-33,LINK/USD,25.0,16.21725415,16.19835,0.029142032654149018,-0.09835796734585098,0.1275,False,Bittrex,Kraken
19,01-14-2021_00-30-46,LINK/USD,25.0,16.20474808,16.17541,0.04526154904594213,-0.13723845095405787,0.1825,False,Bittrex,Coinbase Pro
20,01-14-2021_00-30-57,LINK/USD,25.0,16.19236619,16.15595,0.05622431825697339,-0.1262756817430266,0.1825,False,Bittrex,Coinbase Pro
21,01-14-2021_00-31-08,LINK/USD,25.0,16.17418617,16.15878,0.023812898278267058,-0.15868710172173295,0.1825,False,Bittrex,Coinbase Pro
22,01-14-2021_00-31-20,LINK/USD,25.0,16.1741861,16.16005,0.021849785690300917,-0.10565021430969909,0.1275,False,Bittrex,Kraken
23,01-14-2021_00-31-32,LINK/USD,25.0,16.17059049,16.15583,0.022819961350707775,-0.10468003864929223,0.1275,False,Bittrex,Kraken
24,01-14-2021_00-31-43,LINK/USD,25.0,16.17059039,16.14554,0.03872831695664597,-0.08877168304335403,0.1275,False,Bittrex,Kraken
25,01-14-2021_00-31-54,LINK/USD,25.0,16.17059035,16.15048,0.031090933547765463,-0.09640906645223454,0.1275,False,Bittrex,Kraken
26,01-14-2021_00-32-06,LINK/USD,25.0,16.17059024,16.14966,0.03235849726162877,-0.09514150273837124,0.1275,False,Bittrex,Kraken
27,01-14-2021_00-32-17,LINK/USD,25.0,16.17059015,16.14824,0.03455370180165878,-0.09294629819834122,0.1275,False,Bittrex,Kraken
28,01-14-2021_00-32-27,LINK/USD,25.0,16.17059006,16.14835,0.034383501031003655,-0.09311649896899635,0.1275,False,Bittrex,Kraken
29,01-14-2021_00-32-39,LINK/USD,25.0,16.15553096,16.13384,0.03356584202293655,-0.09393415797706345,0.1275,False,Bittrex,Kraken
30,01-14-2021_00-32-49,LINK/USD,25.0,16.15553089,16.14482,0.0165746487579557,-0.1109253512420443,0.1275,False,Bittrex,Kraken
31,01-14-2021_00-33-02,LINK/USD,25.0,16.15553087,16.14484,0.016543668676115193,-0.11095633132388481,0.1275,False,Bittrex,Kraken
32,01-14-2021_00-33-15,LINK/USD,25.0,16.18729,16.16536,0.033869165252493026,-0.15113083474750696,0.185,False,Coinbase Pro,Kraken
33,01-14-2021_00-33-27,LINK/USD,25.0,16.2039875,16.1856,0.02836878885521131,-0.15413121114478867,0.1825,False,Bittrex,Coinbase Pro
34,01-14-2021_00-33-38,LINK/USD,25.0,16.18247564,16.15826,0.037410283411990534,-0.14508971658800945,0.1825,False,Bittrex,Coinbase Pro
35,01-14-2021_00-33-48,LINK/USD,25.0,16.1694459,16.14706,0.034611421038243086,-0.14788857896175692,0.1825,False,Bittrex,Coinbase Pro
36,01-14-2021_00-33-59,LINK/USD,25.0,16.16944581,16.14403,0.039296043752284876,-0.08820395624771513,0.1275,False,Bittrex,Kraken
37,01-14-2021_00-34-11,LINK/USD,25.0,16.17832,16.14776,0.047223691953178236,-0.13777630804682175,0.185,False,Coinbase Pro,Kraken
38,01-14-2021_00-34-23,LINK/USD,25.0,16.16714,16.15008,0.026380670916440294,-0.1586193290835597,0.185,False,Coinbase Pro,Kraken
39,01-14-2021_00-34-34,LINK/USD,25.0,16.1643277,16.15317,0.01725667192456421,-0.1102433280754358,0.1275,False,Bittrex,Kraken
40,01-14-2021_00-34-45,LINK/USD,25.0,16.16432768,16.15286,0.017736091823645668,-0.10976390817635434,0.1275,False,Bittrex,Kraken
41,01-14-2021_00-34-57,LINK/USD,25.0,16.1643276,16.14698,0.026830067462875466,-0.10066993253712453,0.1275,False,Bittrex,Kraken
42,01-14-2021_00-35-11,LINK/USD,25.0,16.1611,16.14491,0.02504470611530419,-0.06495529388469581,0.09,False,Binance US,Kraken
43,01-14-2021_00-35-22,LINK/USD,25.0,16.16125408,16.13754,0.03668353935067543,-0.09081646064932458,0.1275,False,Bittrex,Kraken
44,01-14-2021_00-35-34,LINK/USD,25.0,16.16125398,16.12891,0.05003321530623001,-0.07746678469377,0.1275,False,Bittrex,Kraken
45,01-14-2021_00-35-46,LINK/USD,25.0,16.13131064,16.11193,0.030035749159681796,-0.1524642508403182,0.1825,False,Bittrex,Coinbase Pro
46,01-14-2021_00-35-56,LINK/USD,25.0,16.13131057,16.12018,0.017249946852890517,-0.11025005314710948,0.1275,False,Bittrex,Kraken
47,01-14-2021_00-36-09,LINK/USD,25.0,16.15281447,16.1382,0.02261907673604007,-0.03988092326395993,0.0625,False,Bittrex,Binance US
48,01-14-2021_00-36-21,LINK/USD,25.0,16.1531,16.13955,0.020971206765262738,-0.12402879323473726,0.145,False,Binance US,Coinbase Pro
49,01-14-2021_00-36-32,LINK/USD,25.0,16.15281443,16.13872,0.021814201576263795,-0.10568579842373621,0.1275,False,Bittrex,Kraken
50,01-14-2021_00-36-44,LINK/USD,25.0,16.15281433,16.13365,0.029660976732099897,-0.1528390232679001,0.1825,False,Bittrex,Coinbase Pro
51,01-14-2021_00-36-55,LINK/USD,25.0,16.14794287,16.13471,0.02048692843809129,-0.1620130715619087,0.1825,False,Bittrex,Coinbase Pro
52,01-14-2021_00-37-08,LINK/USD,25.0,16.14794283,16.13059,0.026865388029120387,-0.1556346119708796,0.1825,False,Bittrex,Coinbase Pro
53,01-14-2021_00-37-19,LINK/USD,25.0,16.14794275,16.133,0.02313413886731709,-0.03936586113268291,0.0625,False,Bittrex,Binance US
54,01-14-2021_00-37-31,LINK/USD,25.0,16.16468371,16.13675,0.043201757765786844,-0.08429824223421316,0.1275,False,Bittrex,Kraken
55,01-14-2021_00-37-42,LINK/USD,25.0,16.17419794,16.14917,0.03868497852697469,-0.08881502147302531,0.1275,False,Bittrex,Kraken
56,01-14-2021_00-37-53,LINK/USD,25.0,16.17419786,16.15278,0.03310498020579995,-0.09439501979420005,0.1275,False,Bittrex,Kraken
57,01-14-2021_00-38-06,LINK/USD,25.0,16.1734425,16.15623,0.026606116786824154,-0.10089388321317586,0.1275,False,Bittrex,Kraken
58,01-14-2021_00-38-17,LINK/USD,25.0,16.19068109,16.1611,0.04567610503160223,-0.01682389496839777,0.0625,False,Bittrex,Binance US
59,01-14-2021_00-38-28,LINK/USD,25.0,16.17167336,16.1611,0.016345494626040732,-0.046154505373959265,0.0625,False,Bittrex,Binance US
60,01-14-2021_00-38-40,LINK/USD,25.0,16.17167329,16.1611,0.01634538648288503,-0.04615461351711497,0.0625,False,Bittrex,Binance US
61,01-14-2021_00-38-52,LINK/USD,25.0,16.16136044,16.14761,0.021270548434100502,-0.1612294515658995,0.1825,False,Bittrex,Coinbase Pro
62,01-14-2021_00-39-03,LINK/USD,25.0,16.16305,16.1386,0.03781773860749996,-0.08218226139250004,0.12,False,Coinbase Pro,Binance US
63,01-14-2021_00-39-15,LINK/USD,25.0,16.17392827,16.1386,0.05460681754340565,-0.007893182456594351,0.0625,False,Bittrex,Binance US
64,01-14-2021_00-39-28,LINK/USD,25.0,16.1626915,16.1386,0.03726405964006802,-0.02523594035993198,0.0625,False,Bittrex,Binance US
65,01-14-2021_00-39-39,LINK/USD,25.0,16.16269143,16.1449,0.027519287361657957,-0.03498071263834204,0.0625,False,Bittrex,Binance US
66,01-14-2021_00-39-51,LINK/USD,25.0,16.16269138,16.14295,0.030535415692629617,-0.09696458430737039,0.1275,False,Bittrex,Kraken
67,01-14-2021_00-40-03,LINK/USD,25.0,16.16269133,16.13923,0.036289330658150896,-0.0912106693418491,0.1275,False,Bittrex,Kraken
68,01-14-2021_00-40-14,LINK/USD,25.0,16.14685229,16.13031,0.02561225200877881,-0.10188774799122119,0.1275,False,Bittrex,Kraken
69,01-14-2021_00-40-26,LINK/USD,25.0,16.15876698,16.1471,0.018050541873710933,-0.04444945812628907,0.0625,False,Bittrex,Binance US
70,01-14-2021_00-40-39,LINK/USD,25.0,16.15876687,16.14911,0.014940604808664763,-0.11255939519133523,0.1275,False,Bittrex,Kraken
71,01-14-2021_00-40-50,LINK/USD,25.0,16.17131083,16.15889,0.019201952968706772,-0.10829804703129323,0.1275,False,Bittrex,Kraken
72,01-14-2021_00-41-02,LINK/USD,25.0,16.18573673,16.1611,0.0380531489097028,-0.0244468510902972,0.0625,False,Bittrex,Binance US
73,01-14-2021_00-41-14,LINK/USD,25.0,16.18294245,16.1592,0.03667820310391128,-0.025821796896088718,0.0625,False,Bittrex,Binance US
74,01-14-2021_00-41-27,LINK/USD,25.0,16.16617479,16.15001,0.02499785850700571,-0.10250214149299429,0.1275,False,Bittrex,Kraken
75,01-14-2021_00-41-38,LINK/USD,25.0,16.16617469,16.1534,0.019755276441338798,-0.0427447235586612,0.0625,False,Bittrex,Binance US
76,01-14-2021_00-41-49,LINK/USD,25.0,16.16677,16.1574,0.014489598107724279,-0.10551040189227572,0.12,False,Coinbase Pro,Binance US
77,01-14-2021_00-42-00,LINK/USD,25.0,16.16617464,16.15491,0.01742007656549767,-0.11007992343450233,0.1275,False,Bittrex,Kraken
78,01-14-2021_00-42-12,LINK/USD,25.0,16.16617463,16.1574,0.013569428452971835,-0.048930571547028165,0.0625,False,Bittrex,Binance US
79,01-14-2021_00-42-23,LINK/USD,25.0,16.1639508,16.14836,0.024113535411154307,-0.1583864645888457,0.1825,False,Bittrex,Coinbase Pro
80,01-14-2021_00-42-35,LINK/USD,25.0,16.15100713,16.141,0.015489947344233744,-0.04701005265576626,0.0625,False,Bittrex,Binance US
81,01-14-2021_00-42-46,LINK/USD,25.0,16.15100709,16.141,0.015489885466953249,-0.04701011453304675,0.0625,False,Bittrex,Binance US
82,01-14-2021_00-42-56,LINK/USD,25.0,16.16472128,16.141,0.03668680639323739,-0.02581319360676261,0.0625,False,Bittrex,Binance US
83,01-14-2021_00-43-08,LINK/USD,25.0,16.16472115,16.13447,0.04678575912210835,-0.08071424087789165,0.1275,False,Bittrex,Kraken
84,01-14-2021_00-43-17,LINK/USD,25.0,16.15184487,16.12926,0.034957105800885,-0.092542894199115,0.1275,False,Bittrex,Kraken
85,01-14-2021_00-43-30,LINK/USD,25.0,16.15184482,16.1238,0.043408075536478616,-0.019091924463521384,0.0625,False,Bittrex,Binance US
86,01-14-2021_00-43-41,LINK/USD,25.0,16.14471296,16.12627,0.028558823011737847,-0.09894117698826216,0.1275,False,Bittrex,Kraken
87,01-14-2021_00-43-51,LINK/USD,25.0,16.14471289,16.12732,0.026932795458340285,-0.10056720454165971,0.1275,False,Bittrex,Kraken
88,01-14-2021_00-44-04,LINK/USD,25.0,16.14471275,16.12315,0.033389801252427166,-0.09411019874757284,0.1275,False,Bittrex,Kraken
89,01-14-2021_00-44-15,LINK/USD,25.0,16.13153191,16.10908,0.0347950680153366,-0.0927049319846634,0.1275,False,Bittrex,Kraken
90,01-14-2021_00-44-26,LINK/USD,25.0,16.12047065,16.05,0.10928751946829905,0.04678751946829905,0.0625,True,Bittrex,Binance US
91,01-14-2021_00-44-39,LINK/USD,25.0,16.09289601,16.07639,0.0256417645241475,-0.15685823547585248,0.1825,False,Bittrex,Coinbase Pro
92,01-14-2021_00-44-50,LINK/USD,25.0,16.09289589,16.06802,0.03864421010679975,-0.14385578989320025,0.1825,False,Bittrex,Coinbase Pro
93,01-14-2021_00-45-02,LINK/USD,25.0,16.08847341,16.06266,0.0401116522092661,-0.1423883477907339,0.1825,False,Bittrex,Coinbase Pro
94,01-14-2021_00-45-13,LINK/USD,25.0,16.09385297,16.07687,0.026381143831216473,-0.10111885616878352,0.1275,False,Bittrex,Kraken
95,01-14-2021_00-45-25,LINK/USD,25.0,16.09385286,16.07247,0.03321588091119038,-0.09428411908880963,0.1275,False,Bittrex,Kraken
96,01-14-2021_00-45-37,LINK/USD,25.0,16.10993819,16.09658,0.020729735028241148,-0.10677026497175886,0.1275,False,Bittrex,Kraken
97,01-14-2021_00-45-50,LINK/USD,25.0,16.1099381,16.08512,0.03851364891340109,-0.08898635108659891,0.1275,False,Bittrex,Kraken
98,01-14-2021_00-46-02,LINK/USD,25.0,16.10993806,16.08721,0.0352702473394894,-0.0922297526605106,0.1275,False,Bittrex,Kraken
99,01-14-2021_00-46-13,LINK/USD,25.0,16.10993804,16.0932,0.025974711942467376,-0.03652528805753262,0.0625,False,Bittrex,Binance US
100,01-14-2021_00-46-26,LINK/USD,25.0,16.10341403,16.0758,0.042869837955720025,-0.08463016204427998,0.1275,False,Bittrex,Kraken
101,01-14-2021_00-46-37,LINK/USD,25.0,16.10278393,16.08712,0.024318667610666877,-0.10318133238933312,0.1275,False,Bittrex,Kraken
102,01-14-2021_00-46-50,LINK/USD,25.0,16.10278384,16.08567,0.026569691567070647,-0.10093030843292936,0.1275,False,Bittrex,Kraken
103,01-14-2021_00-47-00,LINK/USD,25.0,16.09595262,16.0681,0.04326028514365329,-0.019239714856346707,0.0625,False,Bittrex,Binance US
104,01-14-2021_00-47-11,LINK/USD,25.0,16.1139114,16.0933,0.031977648828328466,-0.030522351171671534,0.0625,False,Bittrex,Binance US
105,01-14-2021_00-47-22,LINK/USD,25.0,16.11391128,16.0932,0.03213260834088513,-0.030367391659114867,0.0625,False,Bittrex,Binance US
106,01-14-2021_00-47-32,LINK/USD,25.0,16.10831479,16.0933,0.023302856623653934,-0.03919714337634607,0.0625,False,Bittrex,Binance US
107,01-14-2021_00-47-43,LINK/USD,25.0,16.1065795,16.0928,0.021387998612613996,-0.04111200138738601,0.0625,False,Bittrex,Binance US
108,01-14-2021_00-47-55,LINK/USD,25.0,16.10237893,16.08653,0.024606503903707118,-0.15789349609629288,0.1825,False,Bittrex,Coinbase Pro
109,01-14-2021_00-48-07,LINK/USD,25.0,16.09844853,16.0838,0.022748356732483793,-0.03975164326751621,0.0625,False,Bittrex,Binance US
110,01-14-2021_00-48-17,LINK/USD,25.0,16.09844846,16.0737,0.038432989460900846,-0.024067010539099154,0.0625,False,Bittrex,Binance US
111,01-14-2021_00-48-29,LINK/USD,25.0,16.09844832,16.0737,0.0384327723828735,-0.0240672276171265,0.0625,False,Bittrex,Binance US
112,01-14-2021_00-48-40,LINK/USD,25.0,16.09844821,16.0737,0.03843260182156719,-0.024067398178432807,0.0625,False,Bittrex,Binance US
113,01-14-2021_00-48-49,LINK/USD,25.0,16.09623159,16.08205,0.022026258010617604,-0.10547374198938239,0.1275,False,Bittrex,Kraken
114,01-14-2021_00-48-59,LINK/USD,25.0,16.09623151,16.0773,0.029403637100144507,-0.15309636289985548,0.1825,False,Bittrex,Coinbase Pro
115,01-14-2021_00-49-11,LINK/USD,25.0,16.09289158,16.07593,0.026349490884969122,-0.15615050911503087,0.1825,False,Bittrex,Coinbase Pro
116,01-14-2021_00-49-22,LINK/USD,25.0,16.09141224,16.06403,0.04254169800574546,-0.13995830199425452,0.1825,False,Bittrex,Coinbase Pro
117,01-14-2021_00-49-34,LINK/USD,25.0,16.06951962,16.0548,0.0228999066992661,-0.0396000933007339,0.0625,False,Bittrex,Binance US
118,01-14-2021_00-49-46,LINK/USD,25.0,16.06951953,16.0522,0.026944691730932148,-0.10055530826906786,0.1275,False,Bittrex,Kraken
119,01-14-2021_00-49-56,LINK/USD,25.0,16.07594,16.05919,0.0260482435241707,-0.1589517564758293,0.185,False,Coinbase Pro,Kraken
120,01-14-2021_00-50-09,LINK/USD,25.0,16.07699059,16.05854,0.028690988367370322,-0.15380901163262967,0.1825,False,Bittrex,Coinbase Pro
121,01-14-2021_00-50-20,LINK/USD,25.0,16.07699054,16.07,0.010870411322640989,-0.171629588677359,0.1825,False,Bittrex,Coinbase Pro
122,01-14-2021_00-50-30,LINK/USD,25.0,16.0829,16.0753,0.011813789801590589,-0.0781862101984094,0.09,False,Binance US,Kraken
123,01-14-2021_00-50-40,LINK/USD,25.0,16.09000268,16.06985,0.03131242486530536,-0.15118757513469464,0.1825,False,Bittrex,Coinbase Pro
124,01-14-2021_00-50-51,LINK/USD,25.0,16.08399783,16.06446,0.03036842924020847,-0.15213157075979153,0.1825,False,Bittrex,Coinbase Pro
125,01-14-2021_00-51-04,LINK/USD,25.0,16.07281527,16.05994,0.020026469824533967,-0.10747353017546604,0.1275,False,Bittrex,Kraken
126,01-14-2021_00-51-15,LINK/USD,25.0,16.07281516,16.0601,0.019777431447800295,-0.042722568552199705,0.0625,False,Bittrex,Binance US
127,01-14-2021_00-51-26,LINK/USD,25.0,16.07281496,16.05717,0.02433450524835677,-0.10316549475164323,0.1275,False,Bittrex,Kraken
128,01-14-2021_00-51-38,LINK/USD,25.0,16.07281483,16.05532,0.02721183281373062,-0.10028816718626939,0.1275,False,Bittrex,Kraken
129,01-14-2021_00-51-49,LINK/USD,25.0,16.07281473,16.05141,0.03329337511750256,-0.09420662488249744,0.1275,False,Bittrex,Kraken
130,01-14-2021_00-52-00,LINK/USD,25.0,16.06193512,16.0417,0.031495457815051836,-0.15100454218494816,0.1825,False,Bittrex,Coinbase Pro
131,01-14-2021_00-52-12,LINK/USD,25.0,16.02911485,15.99879,0.04729651369364216,-0.13520348630635784,0.1825,False,Bittrex,Coinbase Pro
132,01-14-2021_00-52-24,LINK/USD,25.0,16.03649142,16.01,0.04129865334346194,-0.08620134665653806,0.1275,False,Bittrex,Kraken
133,01-14-2021_00-52-36,LINK/USD,25.0,16.03649135,16.0092,0.04254569999814629,-0.08495430000185372,0.1275,False,Bittrex,Kraken
134,01-14-2021_00-52-47,LINK/USD,25.0,16.03649126,16.01,0.04129840432438319,-0.0862015956756168,0.1275,False,Bittrex,Kraken
135,01-14-2021_00-52-59,LINK/USD,25.0,16.03153302,16.00758,0.0373529779873797,-0.0901470220126203,0.1275,False,Bittrex,Kraken
136,01-14-2021_00-53-10,LINK/USD,25.0,16.03153292,16.0,0.04917327643799654,-0.13332672356200345,0.1825,False,Bittrex,Coinbase Pro
137,01-14-2021_00-53-21,LINK/USD,25.0,15.99155917,15.9743,0.026981687364761316,-0.1555183126352387,0.1825,False,Bittrex,Coinbase Pro
138,01-14-2021_00-53-34,LINK/USD,25.0,15.99155911,15.95893,0.051009894932002406,-0.13149010506799758,0.1825,False,Bittrex,Coinbase Pro
139,01-14-2021_00-53-45,LINK/USD,25.0,15.96219729,15.934,0.04416260726470662,-0.018337392735293383,0.0625,False,Bittrex,Binance US
140,01-14-2021_00-53-56,LINK/USD,25.0,15.96856,15.94671,0.03420784341230611,-0.1507921565876939,0.185,False,Coinbase Pro,Kraken
141,01-14-2021_00-54-08,LINK/USD,25.0,15.9832,15.97048,0.01989589068521923,-0.07010410931478077,0.09,False,Binance US,Kraken
142,01-14-2021_00-54-19,LINK/USD,25.0,15.98304678,15.97162,0.017873281854964243,-0.10962671814503576,0.1275,False,Bittrex,Kraken
143,01-14-2021_00-54-31,LINK/USD,25.0,15.98304666,15.95601,0.04228959061300811,-0.0852104093869919,0.1275,False,Bittrex,Kraken
144,01-14-2021_00-54-43,LINK/USD,25.0,16.00149097,15.97994,0.03367025304142617,-0.09382974695857382,0.1275,False,Bittrex,Kraken
145,01-14-2021_00-54-54,LINK/USD,25.0,15.99752451,15.97679,0.03240268515769332,-0.09509731484230668,0.1275,False,Bittrex,Kraken
146,01-14-2021_00-55-05,LINK/USD,25.0,15.99752439,15.97945,0.02824560469384079,-0.1542543953061592,0.1825,False,Bittrex,Coinbase Pro
147,01-14-2021_00-55-16,LINK/USD,25.0,15.99612001,15.9725,0.03691521754218218,-0.02558478245781782,0.0625,False,Bittrex,Binance US
148,01-14-2021_00-55-27,LINK/USD,25.0,15.9961199,15.97271,0.03658684128768121,-0.0909131587123188,0.1275,False,Bittrex,Kraken
149,01-14-2021_00-55-41,LINK/USD,25.0,15.98649201,15.9749,0.01812782002572577,-0.04437217997427423,0.0625,False,Bittrex,Binance US
150,01-14-2021_00-55-52,LINK/USD,25.0,15.98649187,15.96791,0.029058704922733342,-0.09844129507726666,0.1275,False,Bittrex,Kraken
151,01-14-2021_00-56-04,LINK/USD,25.0,15.9978177,15.97378,0.03756402974888403,-0.08993597025111597,0.1275,False,Bittrex,Kraken
152,01-14-2021_00-56-15,LINK/USD,25.0,16.00783136,15.99223,0.024365199209597312,-0.10313480079040269,0.1275,False,Bittrex,Kraken
153,01-14-2021_00-56-26,LINK/USD,25.0,16.0069545,15.9894,0.02741698928425025,-0.15508301071574976,0.1825,False,Bittrex,Coinbase Pro
154,01-14-2021_00-56-38,LINK/USD,25.0,15.99255819,15.98295,0.015019782773102097,-0.11248021722689791,0.1275,False,Bittrex,Kraken
155,01-14-2021_00-56-51,LINK/USD,25.0,16.0069543,15.98938,0.027447913685865445,-0.10005208631413456,0.1275,False,Bittrex,Kraken
156,01-14-2021_00-57-03,LINK/USD,25.0,16.00686602,15.98703,0.030980486709914407,-0.0965195132900856,0.1275,False,Bittrex,Kraken
157,01-14-2021_00-57-15,LINK/USD,25.0,16.00686588,15.99223,0.022858753408884307,-0.10464124659111569,0.1275,False,Bittrex,Kraken
158,01-14-2021_00-57-27,LINK/USD,25.0,16.00686572,15.97757,0.045754928716926165,-0.13674507128307384,0.1825,False,Bittrex,Coinbase Pro
159,01-14-2021_00-57-38,LINK/USD,25.0,15.9955221,15.97756,0.02807363818402666,-0.15442636181597333,0.1825,False,Bittrex,Coinbase Pro
160,01-14-2021_00-57-49,LINK/USD,25.0,15.99552194,15.98257,0.02024307185564538,-0.1622569281443546,0.1825,False,Bittrex,Coinbase Pro
161,01-14-2021_00-58-01,LINK/USD,25.0,15.99552178,15.98271,0.02002401074533723,-0.10747598925466277,0.1275,False,Bittrex,Kraken
162,01-14-2021_00-58-12,LINK/USD,25.0,15.9963,15.98271,0.021239286585021038,-0.06876071341497896,0.09,False,Binance US,Kraken
163,01-14-2021_00-58-24,LINK/USD,25.0,16.00496554,15.98263,0.03488845374921105,-0.09261154625078896,0.1275,False,Bittrex,Kraken
164,01-14-2021_00-58-39,LINK/USD,25.0,16.00095693,15.96434,0.057210531470384046,-0.12528946852961595,0.1825,False,Bittrex,Coinbase Pro
165,01-14-2021_00-58-50,LINK/USD,25.0,15.97372612,15.94487,0.04516184856185636,-0.13733815143814365,0.1825,False,Bittrex,Coinbase Pro
166,01-14-2021_00-59-02,LINK/USD,25.0,15.9852442,15.96067,0.03843263151400588,-0.1440673684859941,0.1825,False,Bittrex,Coinbase Pro
167,01-14-2021_00-59-14,LINK/USD,25.0,15.98524407,15.966,0.030096615847293947,-0.09740338415270605,0.1275,False,Bittrex,Kraken
168,01-14-2021_00-59-25,LINK/USD,25.0,16.04316843,15.99302,0.07814608164654466,-0.049353918353455345,0.1275,False,Bittrex,Kraken
169,01-14-2021_00-59-36,LINK/USD,25.0,16.05025672,16.01562,0.053950414320852264,-0.12854958567914773,0.1825,False,Bittrex,Coinbase Pro
170,01-14-2021_00-59-46,LINK/USD,25.0,16.03530402,16.01308,0.034648579116872594,-0.14785142088312742,0.1825,False,Bittrex,Coinbase Pro
171,01-14-2021_01-00-00,LINK/USD,25.0,16.03530385,16.01971,0.024311746983201626,-0.10318825301679838,0.1275,False,Bittrex,Kraken
172,01-14-2021_01-00-12,LINK/USD,25.0,16.02968888,16.00447,0.039331518204733025,-0.14316848179526698,0.1825,False,Bittrex,Coinbase Pro
173,01-14-2021_01-00-23,LINK/USD,25.0,16.01739226,15.99572,0.03382613668974473,-0.14867386331025526,0.1825,False,Bittrex,Coinbase Pro
174,01-14-2021_01-00-36,LINK/USD,25.0,16.01739225,15.98873,0.04473613674535566,-0.13776386325464435,0.1825,False,Bittrex,Coinbase Pro
175,01-14-2021_01-00-47,LINK/USD,25.0,15.9826568,15.93768,0.07035250860169974,-0.11214749139830026,0.1825,False,Bittrex,Coinbase Pro
176,01-14-2021_01-01-09,LINK/USD,25.0,15.93920488,15.91162,0.043265771736539914,-0.13923422826346007,0.1825,False,Bittrex,Coinbase Pro
177,01-14-2021_01-01-20,LINK/USD,25.0,15.92979934,15.87017,0.09358143616139353,-0.08891856383860647,0.1825,False,Bittrex,Coinbase Pro
178,01-14-2021_01-01-34,LINK/USD,25.0,15.89517191,15.87222,0.0360988703518837,-0.1464011296481163,0.1825,False,Bittrex,Coinbase Pro
179,01-14-2021_01-01-45,LINK/USD,25.0,15.89517187,15.87925,0.025041990942624,-0.157458009057376,0.1825,False,Bittrex,Coinbase Pro
180,01-14-2021_01-01-58,LINK/USD,25.0,15.89517176,15.87428,0.03285865720019057,-0.09464134279980943,0.1275,False,Bittrex,Kraken
181,01-14-2021_01-02-10,LINK/USD,25.0,15.91193858,15.88899,0.036055600460970914,-0.14644439953902907,0.1825,False,Bittrex,Coinbase Pro
182,01-14-2021_01-02-23,LINK/USD,25.0,15.90416277,15.88231,0.0343507079184635,-0.1481492920815365,0.1825,False,Bittrex,Coinbase Pro
183,01-14-2021_01-02-35,LINK/USD,25.0,15.90416266,15.87428,0.04697301681143673,-0.08052698318856327,0.1275,False,Bittrex,Kraken
184,01-14-2021_01-02-48,LINK/USD,25.0,15.9193452,15.89636,0.03609633391202676,-0.09140366608797323,0.1275,False,Bittrex,Kraken
185,01-14-2021_01-03-00,LINK/USD,25.0,15.9107248,15.87702,0.05295924670886245,-0.07454075329113755,0.1275,False,Bittrex,Kraken
186,01-14-2021_01-03-15,LINK/USD,25.0,15.90154655,15.87238,0.04585489516427118,-0.08164510483572882,0.1275,False,Bittrex,Kraken
187,01-14-2021_01-03-28,LINK/USD,25.0,15.90154641,15.87762,0.03761648298707764,-0.14488351701292235,0.1825,False,Bittrex,Coinbase Pro
188,01-14-2021_01-03-41,LINK/USD,25.0,15.89193536,15.87652,0.024250287411187333,-0.10324971258881267,0.1275,False,Bittrex,Kraken
189,01-14-2021_01-03-54,LINK/USD,25.0,15.88992931,15.86867,0.03344777309144554,-0.14905222690855446,0.1825,False,Bittrex,Coinbase Pro
190,01-14-2021_01-04-07,LINK/USD,25.0,15.89042004,15.87568,0.02319013588517023,-0.10430986411482977,0.1275,False,Bittrex,Kraken
191,01-14-2021_01-04-32,LINK/USD,25.0,15.85617045,15.84,0.025495516163552296,-0.1570044838364477,0.1825,False,Bittrex,Coinbase Pro
192,01-14-2021_01-04-45,LINK/USD,25.0,15.85617034,15.83424,0.03457698096348911,-0.1479230190365109,0.1825,False,Bittrex,Coinbase Pro
193,01-14-2021_01-04-57,LINK/USD,25.0,15.86661748,15.84107,0.040253507138813586,-0.1422464928611864,0.1825,False,Bittrex,Coinbase Pro
194,01-14-2021_01-05-10,LINK/USD,25.0,15.81972917,15.79628,0.03705684488655664,-0.09044315511344336,0.1275,False,Bittrex,Kraken
195,01-14-2021_01-05-23,LINK/USD,25.0,15.81972907,15.78838,0.04954109811439268,-0.13295890188560733,0.1825,False,Bittrex,Coinbase Pro
196,01-14-2021_01-05-35,LINK/USD,25.0,15.81519469,15.79779,0.027512607876721835,-0.15498739212327817,0.1825,False,Bittrex,Coinbase Pro
197,01-14-2021_01-05-47,LINK/USD,25.0,15.83114102,15.81689,0.022504726573397152,-0.10499527342660285,0.1275,False,Bittrex,Kraken
198,01-14-2021_01-06-09,LINK/USD,25.0,15.8535526,15.84215,0.01798114322968888,-0.1645188567703111,0.1825,False,Bittrex,Coinbase Pro
199,01-14-2021_01-06-21,LINK/USD,25.0,15.85355251,15.84,0.021371408697595816,-0.041128591302404184,0.0625,False,Bittrex,Binance US
200,01-14-2021_01-06-34,LINK/USD,25.0,15.87826965,15.85233,0.040841430728567704,-0.14165856927143228,0.1825,False,Bittrex,Coinbase Pro
201,01-14-2021_01-06-47,LINK/USD,25.0,15.87345994,15.8375,0.056635321057797824,-0.12586467894220216,0.1825,False,Bittrex,Coinbase Pro
202,01-14-2021_01-06-59,LINK/USD,25.0,15.87345982,15.86,0.021198623602906096,-0.1613013763970939,0.1825,False,Bittrex,Coinbase Pro
203,01-14-2021_01-07-14,LINK/USD,25.0,15.87345968,15.86282,0.016757027476193828,-0.16574297252380615,0.1825,False,Bittrex,Coinbase Pro
204,01-14-2021_01-07-27,LINK/USD,25.0,15.8738,15.86144,0.019466038377702978,-0.07053396162229703,0.09,False,Binance US,Kraken
205,01-14-2021_01-07-39,LINK/USD,25.0,15.87345949,15.85762,0.024946499548472723,-0.15755350045152727,0.1825,False,Bittrex,Coinbase Pro
206,01-14-2021_01-08-02,LINK/USD,25.0,15.90429399,15.88195,0.03512257446644373,-0.09237742553355627,0.1275,False,Bittrex,Kraken
207,01-14-2021_01-08-13,LINK/USD,25.0,15.90074746,15.87571,0.0393652249099994,-0.0881347750900006,0.1275,False,Bittrex,Kraken
208,01-14-2021_01-08-24,LINK/USD,25.0,15.90074734,15.87435,0.04150330081277932,-0.08599669918722068,0.1275,False,Bittrex,Kraken
209,01-14-2021_01-08-36,LINK/USD,25.0,15.90074727,15.8631,0.059191038887571705,-0.12330896111242828,0.1825,False,Bittrex,Coinbase Pro
210,01-14-2021_01-08-58,LINK/USD,25.0,15.87452962,15.86164,0.020299215643784608,-0.1072007843562154,0.1275,False,Bittrex,Kraken
211,01-14-2021_01-09-11,LINK/USD,25.0,15.87543,15.8573,0.02855040776848141,-0.15644959223151858,0.185,False,Coinbase Pro,Kraken
212,01-14-2021_01-09-23,LINK/USD,25.0,15.87452943,15.8573,0.027133764934537074,-0.10036623506546292,0.1275,False,Bittrex,Kraken
213,01-14-2021_01-09-34,LINK/USD,25.0,15.89179286,15.8573,0.05426206518022834,-0.07323793481977167,0.1275,False,Bittrex,Kraken
214,01-14-2021_01-09-46,LINK/USD,25.0,15.87563521,15.85501,0.03247934606580128,-0.09502065393419873,0.1275,False,Bittrex,Kraken
215,01-14-2021_01-09-58,LINK/USD,25.0,15.87563506,15.85278,0.03599078070518657,-0.09150921929481343,0.1275,False,Bittrex,Kraken
216,01-14-2021_01-10-09,LINK/USD,25.0,15.85088831,15.82905,0.03444335354098475,-0.14805664645901523,0.1825,False,Bittrex,Coinbase Pro
217,01-14-2021_01-10-20,LINK/USD,25.0,15.85088823,15.83195,0.02986935136568027,-0.09763064863431974,0.1275,False,Bittrex,Kraken
218,01-14-2021_01-10-43,LINK/USD,25.0,15.83271105,15.80209,0.04835092660899757,-0.07914907339100244,0.1275,False,Bittrex,Kraken
219,01-14-2021_01-10-55,LINK/USD,25.0,15.80528136,15.79438,0.01724322356511356,-0.16525677643488643,0.1825,False,Bittrex,Coinbase Pro
220,01-14-2021_01-11-07,LINK/USD,25.0,15.78104957,15.74999,0.049203904122835915,-0.13329609587716407,0.1825,False,Bittrex,Coinbase Pro
221,01-14-2021_01-11-19,LINK/USD,25.0,15.78104946,15.75,0.04918788842069854,-0.013312111579301462,0.0625,False,Bittrex,Binance US
222,01-14-2021_01-11-43,LINK/USD,25.0,15.76908133,15.73801,0.04925989242773693,-0.07824010757226307,0.1275,False,Bittrex,Kraken
223,01-14-2021_01-11-55,LINK/USD,25.0,15.76908123,15.7185,0.08019051532274783,-0.10230948467725216,0.1825,False,Bittrex,Coinbase Pro
224,01-14-2021_01-12-20,LINK/USD,25.0,15.70141274,15.6618,0.06307193603522968,-0.11942806396477032,0.1825,False,Bittrex,Coinbase Pro
225,01-14-2021_01-12-32,LINK/USD,25.0,15.68510155,15.63858,0.0741492649118382,-0.1083507350881618,0.1825,False,Bittrex,Coinbase Pro
226,01-14-2021_01-12-55,LINK/USD,25.0,15.6762,15.65707,0.03050803128309242,-0.11449196871690757,0.145,False,Binance US,Coinbase Pro
227,01-14-2021_01-13-07,LINK/USD,25.0,15.66889148,15.64035,0.04553844800768168,-0.13696155199231833,0.1825,False,Bittrex,Coinbase Pro
228,01-14-2021_01-13-19,LINK/USD,25.0,15.6725,15.64885,0.03772531504227142,-0.10727468495772857,0.145,False,Binance US,Coinbase Pro
229,01-14-2021_01-13-43,LINK/USD,25.0,15.68842825,15.67987,0.01363783844949557,-0.11386216155050444,0.1275,False,Bittrex,Kraken
230,01-14-2021_01-13-56,LINK/USD,25.0,15.71112713,15.6995,0.01850142561986742,-0.10899857438013258,0.1275,False,Bittrex,Kraken
231,01-14-2021_01-14-10,LINK/USD,25.0,15.69560986,15.67832,0.027539324935794484,-0.15496067506420552,0.1825,False,Bittrex,Coinbase Pro
232,01-14-2021_01-14-33,LINK/USD,25.0,15.6964,15.68976,0.010575673402819862,-0.07942432659718013,0.09,False,Binance US,Kraken
233,01-14-2021_01-14-44,LINK/USD,25.0,15.72148639,15.71343,0.012811113720653954,-0.11468888627934605,0.1275,False,Bittrex,Kraken
234,01-14-2021_01-14-56,LINK/USD,25.0,15.72148629,15.70625,0.024228450349650325,-0.15827154965034967,0.1825,False,Bittrex,Coinbase Pro
235,01-14-2021_01-15-09,LINK/USD,25.0,15.7466,15.73367,0.020528241017109684,-0.12447175898289031,0.145,False,Binance US,Coinbase Pro
236,01-14-2021_01-15-20,LINK/USD,25.0,15.75421429,15.74232,0.018874774998380372,-0.16362522500161963,0.1825,False,Bittrex,Coinbase Pro
237,01-14-2021_01-15-31,LINK/USD,25.0,15.7762,15.76874,0.011821604695680872,-0.07817839530431912,0.09,False,Binance US,Kraken
238,01-14-2021_01-15-44,LINK/USD,25.0,15.78808474,15.7762,0.01881916045505254,-0.04368083954494746,0.0625,False,Bittrex,Binance US
239,01-14-2021_01-16-06,LINK/USD,25.0,15.7688631,15.75449,0.02278715324759248,-0.15971284675240752,0.1825,False,Bittrex,Coinbase Pro
240,01-14-2021_01-16-19,LINK/USD,25.0,15.779,15.7654,0.021547626592306673,-0.12345237340769331,0.145,False,Binance US,Coinbase Pro
241,01-14-2021_01-16-30,LINK/USD,25.0,15.7868,15.77686,0.015740998809132125,-0.07425900119086787,0.09,False,Binance US,Kraken
242,01-14-2021_01-16-42,LINK/USD,25.0,15.79618154,15.7868,0.014847797197448024,-0.047652202802551974,0.0625,False,Bittrex,Binance US
243,01-14-2021_01-16-55,LINK/USD,25.0,15.79618151,15.7812,0.02371065119522063,-0.15878934880477935,0.1825,False,Bittrex,Coinbase Pro
244,01-14-2021_01-17-08,LINK/USD,25.0,15.79618145,15.77786,0.028996643995881966,-0.15350335600411802,0.1825,False,Bittrex,Coinbase Pro
245,01-14-2021_01-17-19,LINK/USD,25.0,15.78627545,15.76831,0.028451058732793365,-0.09904894126720663,0.1275,False,Bittrex,Kraken
246,01-14-2021_01-17-32,LINK/USD,25.0,15.7869,15.77698,0.015709227270710627,-0.12929077272928935,0.145,False,Binance US,Coinbase Pro
247,01-14-2021_01-17-45,LINK/USD,25.0,15.79485075,15.76567,0.04618712525662848,-0.1363128747433715,0.1825,False,Bittrex,Coinbase Pro
248,01-14-2021_01-18-08,LINK/USD,25.0,15.75920048,15.74543,0.02184514375820639,-0.1606548562417936,0.1825,False,Bittrex,Coinbase Pro
249,01-14-2021_01-18-20,LINK/USD,25.0,15.73111434,15.70757,0.037416834388095635,-0.14508316561190437,0.1825,False,Bittrex,Coinbase Pro
250,01-14-2021_01-18-45,LINK/USD,25.0,15.7328,15.7226,0.016208176548356493,-0.0737918234516435,0.09,False,Binance US,Kraken
251,01-14-2021_01-18-57,LINK/USD,25.0,15.73939931,15.7126,0.042567237593007394,-0.1399327624069926,0.1825,False,Bittrex,Coinbase Pro
252,01-14-2021_01-19-11,LINK/USD,25.0,15.71362869,15.65662,0.09069943538292932,-0.09180056461707067,0.1825,False,Bittrex,Coinbase Pro
253,01-14-2021_01-19-25,LINK/USD,25.0,15.63531629,15.60662,0.04588376958250992,-0.13661623041749008,0.1825,False,Bittrex,Coinbase Pro
254,01-14-2021_01-19-48,LINK/USD,25.0,15.63111236,15.61029,0.03330274826326979,-0.1491972517367302,0.1825,False,Bittrex,Coinbase Pro
255,01-14-2021_01-20-02,LINK/USD,25.0,15.6746,15.63779,0.05870963214372157,-0.03129036785627843,0.09,False,Binance US,Kraken
256,01-14-2021_01-20-27,LINK/USD,25.0,15.6707,15.6572,0.021537008557372214,-0.06846299144262778,0.09,False,Binance US,Kraken
257,01-14-2021_01-20-40,LINK/USD,25.0,15.66818466,15.65546,0.020303341255106102,-0.1071966587448939,0.1275,False,Bittrex,Kraken
258,01-14-2021_01-21-04,LINK/USD,25.0,15.62949474,15.6122,0.027663626188341724,-0.15483637381165827,0.1825,False,Bittrex,Coinbase Pro
259,01-14-2021_01-21-16,LINK/USD,25.0,15.66818456,15.65471,0.02149987439259616,-0.10600012560740385,0.1275,False,Bittrex,Kraken
260,01-14-2021_01-21-30,LINK/USD,25.0,15.65933114,15.6505,0.014098846114575531,-0.04840115388542447,0.0625,False,Bittrex,Binance US
261,01-14-2021_01-21-53,LINK/USD,25.0,15.65732923,15.63837,0.03027213281635789,-0.09722786718364211,0.1275,False,Bittrex,Kraken
262,01-14-2021_01-22-06,LINK/USD,25.0,15.65732915,15.63107,0.04192788844833306,-0.14057211155166693,0.1825,False,Bittrex,Coinbase Pro
263,01-14-2021_01-22-18,LINK/USD,25.0,15.657329,15.63601,0.034039969397079296,-0.09346003060292071,0.1275,False,Bittrex,Kraken
264,01-14-2021_01-22-30,LINK/USD,25.0,15.65732898,15.63863,0.029856593075177396,-0.1526434069248226,0.1825,False,Bittrex,Coinbase Pro
265,01-14-2021_01-22-41,LINK/USD,25.0,15.69568947,15.67811,0.028000474323858066,-0.15449952567614192,0.1825,False,Bittrex,Coinbase Pro
266,01-14-2021_01-22-51,LINK/USD,25.0,15.69568937,15.67524,0.032571634029476985,-0.149928365970523,0.1825,False,Bittrex,Coinbase Pro
267,01-14-2021_01-23-04,LINK/USD,25.0,15.69568922,15.67734,0.029226527970208263,-0.09827347202979174,0.1275,False,Bittrex,Kraken
268,01-14-2021_01-23-16,LINK/USD,25.0,15.68344509,15.65132,0.051208598964781395,-0.1312914010352186,0.1825,False,Bittrex,Coinbase Pro
269,01-14-2021_01-23-27,LINK/USD,25.0,15.66946464,15.65765,0.01884978247731473,-0.10865021752268528,0.1275,False,Bittrex,Kraken
270,01-14-2021_01-23-39,LINK/USD,25.0,15.69515211,15.67024,0.03968121784580893,-0.08781878215419107,0.1275,False,Bittrex,Kraken
271,01-14-2021_01-23-52,LINK/USD,25.0,15.6994,15.67734,0.03512873103430947,-0.05487126896569053,0.09,False,Binance US,Kraken
272,01-14-2021_01-24-04,LINK/USD,25.0,15.70953127,15.6907,0.029967905592385848,-0.09753209440761415,0.1275,False,Bittrex,Kraken
273,01-14-2021_01-24-15,LINK/USD,25.0,15.70953115,15.6843,0.040152614611925826,-0.022347385388074174,0.0625,False,Bittrex,Binance US
274,01-14-2021_01-24-28,LINK/USD,25.0,15.68008628,15.65696,0.036872054762698045,-0.09062794523730196,0.1275,False,Bittrex,Kraken
275,01-14-2021_01-24-40,LINK/USD,25.0,15.66690863,15.65648,0.01664117383698533,-0.16585882616301467,0.1825,False,Bittrex,Coinbase Pro
276,01-14-2021_01-24-51,LINK/USD,25.0,15.67867354,15.66767,0.01754539370299436,-0.16495460629700565,0.1825,False,Bittrex,Coinbase Pro
277,01-14-2021_01-25-05,LINK/USD,25.0,15.69848424,15.66198,0.05813338320107947,-0.12436661679892053,0.1825,False,Bittrex,Coinbase Pro
278,01-14-2021_01-25-17,LINK/USD,25.0,15.65612774,15.62332,0.05238801788161838,-0.13011198211838162,0.1825,False,Bittrex,Coinbase Pro
279,01-14-2021_01-25-30,LINK/USD,25.0,15.6440896,15.62694,0.02740587729694377,-0.15509412270305623,0.1825,False,Bittrex,Coinbase Pro
280,01-14-2021_01-25-52,LINK/USD,25.0,15.68509944,15.65571,0.04684292903660575,-0.08065707096339425,0.1275,False,Bittrex,Kraken
281,01-14-2021_01-26-03,LINK/USD,25.0,15.68030025,15.65333,0.043000212958294204,-0.1394997870417058,0.1825,False,Bittrex,Coinbase Pro
282,01-14-2021_01-26-14,LINK/USD,25.0,15.69054311,15.6662,0.03878627691428621,-0.14371372308571378,0.1825,False,Bittrex,Coinbase Pro
283,01-14-2021_01-26-25,LINK/USD,25.0,15.70501793,15.69055,0.023030744161653356,-0.10446925583834665,0.1275,False,Bittrex,Kraken
284,01-14-2021_01-26-38,LINK/USD,25.0,15.70025021,15.67144,0.0458753994596364,-0.1366246005403636,0.1825,False,Bittrex,Coinbase Pro
285,01-14-2021_01-26-49,LINK/USD,25.0,15.6894,15.68454733,0.007732402131375329,-0.07976759786862467,0.0875,False,Binance US,Bittrex
286,01-14-2021_01-27-01,LINK/USD,25.0,15.69822298,15.68585,0.019704427717334397,-0.1077955722826656,0.1275,False,Bittrex,Kraken
287,01-14-2021_01-27-13,LINK/USD,25.0,15.73425692,15.6907,0.06920714499175779,-0.05829285500824222,0.1275,False,Bittrex,Kraken
288,01-14-2021_01-27-35,LINK/USD,25.0,15.7106,15.69454,0.025555994042238232,-0.06444400595776176,0.09,False,Binance US,Kraken
289,01-14-2021_01-27-45,LINK/USD,25.0,15.7233025,15.69454,0.045732281751878955,-0.08176771824812104,0.1275,False,Bittrex,Kraken
290,01-14-2021_01-27-56,LINK/USD,25.0,15.72330242,15.69454,0.045732154784821,-0.081767845215179,0.1275,False,Bittrex,Kraken
291,01-14-2021_01-28-08,LINK/USD,25.0,15.7243,15.7033,0.033387813765953046,-0.05661218623404695,0.09,False,Binance US,Kraken
292,01-14-2021_01-28-22,LINK/USD,25.0,15.7413152,15.73173,0.015222997376991839,-0.11227700262300816,0.1275,False,Bittrex,Kraken
293,01-14-2021_01-28-33,LINK/USD,25.0,15.73287468,15.69775,0.05581414826346425,-0.12668585173653574,0.1825,False,Bittrex,Coinbase Pro
294,01-14-2021_01-28-45,LINK/USD,25.0,15.71316573,15.68573,0.043650863345155694,-0.08384913665484431,0.1275,False,Bittrex,Kraken
295,01-14-2021_01-29-09,LINK/USD,25.0,15.67673499,15.64001,0.058566069438926796,-0.1239339305610732,0.1825,False,Bittrex,Coinbase Pro
296,01-14-2021_01-29-22,LINK/USD,25.0,15.66643046,15.6443,0.03531509627624742,-0.09218490372375258,0.1275,False,Bittrex,Kraken
297,01-14-2021_01-29-33,LINK/USD,25.0,15.66643031,15.65299,0.021447626763164036,-0.10605237323683597,0.1275,False,Bittrex,Kraken
298,01-14-2021_01-29-45,LINK/USD,25.0,15.6801,15.66476,0.02445775218270313,-0.06554224781729687,0.09,False,Binance US,Kraken
299,01-14-2021_01-29-56,LINK/USD,25.0,15.71273871,15.69306,0.0313101209839963,-0.1511898790160037,0.1825,False,Bittrex,Coinbase Pro
300,01-14-2021_01-30-07,LINK/USD,25.0,15.70788498,15.66924,0.06150570246917968,-0.12099429753082032,0.1825,False,Bittrex,Coinbase Pro
301,01-14-2021_01-30-19,LINK/USD,25.0,15.65933698,15.63179,0.043978522263080404,-0.13852147773691958,0.1825,False,Bittrex,Coinbase Pro
302,01-14-2021_01-30-33,LINK/USD,25.0,15.6593368,15.6368,0.03597981237621925,-0.14652018762378075,0.1825,False,Bittrex,Coinbase Pro
303,01-14-2021_01-30-45,LINK/USD,25.0,15.64842333,15.62507,0.037309397738540154,-0.14519060226145986,0.1825,False,Bittrex,Coinbase Pro
304,01-14-2021_01-30-58,LINK/USD,25.0,15.65933801,15.63036,0.04626314659900687,-0.13623685340099312,0.1825,False,Bittrex,Coinbase Pro
305,01-14-2021_01-31-23,LINK/USD,25.0,15.63503413,15.61735,0.028276449307628158,-0.15422355069237184,0.1825,False,Bittrex,Coinbase Pro
306,01-14-2021_01-31-48,LINK/USD,25.0,15.63503395,15.61823,0.026869065417027608,-0.1006309345829724,0.1275,False,Bittrex,Kraken
307,01-14-2021_01-32-01,LINK/USD,25.0,15.63503392,15.61364,0.03420830442304457,-0.09329169557695544,0.1275,False,Bittrex,Kraken
308,01-14-2021_01-32-26,LINK/USD,25.0,15.63503366,15.61804,0.02717240712355286,-0.15532759287644712,0.1825,False,Bittrex,Coinbase Pro
309,01-14-2021_01-32-50,LINK/USD,25.0,15.62504073,15.61757,0.011953136841518568,-0.11554686315848144,0.1275,False,Bittrex,Kraken
310,01-14-2021_01-33-05,LINK/USD,25.0,15.62504062,15.61301,0.019248941958911976,-0.10825105804108803,0.1275,False,Bittrex,Kraken
311,01-14-2021_01-33-17,LINK/USD,25.0,15.62504045,15.61382,0.017952673524118324,-0.10954732647588168,0.1275,False,Bittrex,Kraken
312,01-14-2021_01-33-31,LINK/USD,25.0,15.63503366,15.61745,0.028115801318971494,-0.0993841986810285,0.1275,False,Bittrex,Kraken
313,01-14-2021_01-33-55,LINK/USD,25.0,15.63150317,15.62143,0.016110366818932225,-0.11138963318106777,0.1275,False,Bittrex,Kraken
314,01-14-2021_01-34-07,LINK/USD,25.0,15.6475,15.62244,0.040038344783514354,-0.04996165521648564,0.09,False,Binance US,Kraken
315,01-14-2021_01-34-19,LINK/USD,25.0,15.66344898,15.65835,0.008138341700014977,-0.11936165829998502,0.1275,False,Bittrex,Kraken
316,01-14-2021_01-34-30,LINK/USD,25.0,15.69907121,15.68538,0.021802579618974936,-0.10569742038102506,0.1275,False,Bittrex,Kraken
317,01-14-2021_01-34-42,LINK/USD,25.0,15.7055,15.69252,0.02066155168571624,-0.06933844831428376,0.09,False,Binance US,Kraken
318,01-14-2021_01-34-54,LINK/USD,25.0,15.69680228,15.67076,0.04147704662302789,-0.0860229533769721,0.1275,False,Bittrex,Kraken
319,01-14-2021_01-35-05,LINK/USD,25.0,15.6964,15.68235,0.022377742667109984,-0.12262225733289,0.145,False,Binance US,Coinbase Pro
320,01-14-2021_01-35-17,LINK/USD,25.0,15.69075078,15.68355,0.011472969172989114,-0.1160270308270109,0.1275,False,Bittrex,Kraken
321,01-14-2021_01-35-29,LINK/USD,25.0,15.68605154,15.663,0.03673891409386364,-0.14576108590613635,0.1825,False,Bittrex,Coinbase Pro
322,01-14-2021_01-35-41,LINK/USD,25.0,15.6764165,15.65462,0.03476001674234775,-0.14773998325765225,0.1825,False,Bittrex,Coinbase Pro
323,01-14-2021_01-36-06,LINK/USD,25.0,15.63514821,15.61901,0.025804376433220186,-0.1566956235667798,0.1825,False,Bittrex,Coinbase Pro
324,01-14-2021_01-36-30,LINK/USD,25.0,15.61677194,15.60381,0.020750030879941702,-0.1617499691200583,0.1825,False,Bittrex,Coinbase Pro
325,01-14-2021_01-36-42,LINK/USD,25.0,15.61677179,15.60088,0.025440260979826226,-0.10205973902017378,0.1275,False,Bittrex,Kraken
326,01-14-2021_01-37-05,LINK/USD,25.0,15.60053093,15.58582,0.023574406002603396,-0.15892559399739659,0.1825,False,Bittrex,Coinbase Pro
327,01-14-2021_01-37-18,LINK/USD,25.0,15.6,15.59188,0.013012820512820362,-0.07698717948717963,0.09,False,Binance US,Kraken
328,01-14-2021_01-37-43,LINK/USD,25.0,15.6184,15.59265,0.04121741023408065,-0.04878258976591935,0.09,False,Binance US,Kraken
329,01-14-2021_01-37-54,LINK/USD,25.0,15.6319,15.61245,0.031106263474048386,-0.05889373652595161,0.09,False,Binance US,Kraken
330,01-14-2021_01-38-18,LINK/USD,25.0,15.66308556,15.62818,0.05571309667288878,-0.07178690332711121,0.1275,False,Bittrex,Kraken
331,01-14-2021_01-38-29,LINK/USD,25.0,15.66308541,15.63039,0.052185455713480225,-0.07531454428651978,0.1275,False,Bittrex,Kraken
332,01-14-2021_01-38-42,LINK/USD,25.0,15.70538127,15.68086,0.03903322940468964,-0.08846677059531036,0.1275,False,Bittrex,Kraken
333,01-14-2021_01-38-53,LINK/USD,25.0,15.6925,15.67631,0.025792576071371556,-0.06420742392862844,0.09,False,Binance US,Kraken
334,01-14-2021_01-39-05,LINK/USD,25.0,15.68716897,15.67222,0.023823562474193084,-0.10367643752580692,0.1275,False,Bittrex,Kraken
335,01-14-2021_01-39-16,LINK/USD,25.0,15.67868623,15.66135,0.027642988936834745,-0.09985701106316526,0.1275,False,Bittrex,Kraken
336,01-14-2021_01-39-29,LINK/USD,25.0,15.67868612,15.66252,0.025777223735886926,-0.10172277626411308,0.1275,False,Bittrex,Kraken
337,01-14-2021_01-39-40,LINK/USD,25.0,15.68716884,15.66943,0.02826966449606947,-0.09923033550393054,0.1275,False,Bittrex,Kraken
338,01-14-2021_01-40-03,LINK/USD,25.0,15.6928,15.66882,0.03820223287112544,-0.05179776712887456,0.09,False,Binance US,Kraken
339,01-14-2021_01-40-15,LINK/USD,25.0,15.6873,15.67777,0.015187444620807622,-0.07481255537919237,0.09,False,Binance US,Kraken
340,01-14-2021_01-40-27,LINK/USD,25.0,15.6869589,15.66727,0.031377815364838225,-0.09612218463516178,0.1275,False,Bittrex,Kraken
341,01-14-2021_01-40-39,LINK/USD,25.0,15.68695876,15.6723,0.02336137970442344,-0.10413862029557656,0.1275,False,Bittrex,Kraken
342,01-14-2021_01-40-51,LINK/USD,25.0,15.7073,15.67776,0.047016355452561526,-0.04298364454743847,0.09,False,Binance US,Kraken
343,01-14-2021_01-41-05,LINK/USD,25.0,15.7073,15.68181,0.04057030807331554,-0.049429691926684456,0.09,False,Binance US,Kraken
344,01-14-2021_01-41-18,LINK/USD,25.0,15.7063249,15.68181,0.039020745075762094,-0.08847925492423792,0.1275,False,Bittrex,Kraken
345,01-14-2021_01-41-30,LINK/USD,25.0,15.7014938,15.68166,0.03157947939959525,-0.09592052060040475,0.1275,False,Bittrex,Kraken
346,01-14-2021_01-41-41,LINK/USD,25.0,15.67857115,15.6639,0.02339363367305294,-0.10410636632694706,0.1275,False,Bittrex,Kraken
347,01-14-2021_01-41-53,LINK/USD,25.0,15.693,15.67695,0.025568724909195022,-0.06443127509080497,0.09,False,Binance US,Kraken
348,01-14-2021_01-42-05,LINK/USD,25.0,15.69709465,15.67742,0.03133485915497216,-0.09616514084502784,0.1275,False,Bittrex,Kraken
349,01-14-2021_01-42-17,LINK/USD,25.0,15.71186574,15.68181,0.047823314712209165,-0.07967668528779084,0.1275,False,Bittrex,Kraken
350,01-14-2021_01-42-28,LINK/USD,25.0,15.70343429,15.68097,0.035763339383515634,-0.09173666061648436,0.1275,False,Bittrex,Kraken
351,01-14-2021_01-42-39,LINK/USD,25.0,15.70343407,15.67686,0.04230614444194715,-0.08519385555805285,0.1275,False,Bittrex,Kraken
352,01-14-2021_01-43-02,LINK/USD,25.0,15.70343389,15.67839,0.03987008538296075,-0.08762991461703926,0.1275,False,Bittrex,Kraken
353,01-14-2021_01-43-14,LINK/USD,25.0,15.7072,15.68013,0.043085336660894605,-0.04691466333910539,0.09,False,Binance US,Kraken
354,01-14-2021_01-43-27,LINK/USD,25.0,15.71883336,15.68181,0.05888375929700545,-0.06861624070299455,0.1275,False,Bittrex,Kraken
355,01-14-2021_01-43-38,LINK/USD,25.0,15.7070941,15.68012,0.042932989113499256,-0.08456701088650075,0.1275,False,Bittrex,Kraken
356,01-14-2021_01-43-50,LINK/USD,25.0,15.71184,15.68181,0.047782436684691294,-0.1372175633153087,0.185,False,Coinbase Pro,Kraken
357,01-14-2021_01-44-02,LINK/USD,25.0,15.71913711,15.69265,0.04212557886391466,-0.08537442113608534,0.1275,False,Bittrex,Kraken
358,01-14-2021_01-44-15,LINK/USD,25.0,15.71913692,15.69265,0.04212527719365391,-0.08537472280634609,0.1275,False,Bittrex,Kraken
359,01-14-2021_01-44-39,LINK/USD,25.0,15.69353653,15.676,0.02793591165139248,-0.09956408834860753,0.1275,False,Bittrex,Kraken
360,01-14-2021_01-44-49,LINK/USD,25.0,15.68105139,15.66767,0.021333693875486125,-0.10616630612451387,0.1275,False,Bittrex,Kraken
361,01-14-2021_01-45-01,LINK/USD,25.0,15.6841,15.66649,0.028069828680002733,-0.061930171319997264,0.09,False,Binance US,Kraken
362,01-14-2021_01-45-14,LINK/USD,25.0,15.6945,15.67927,0.024260091114720075,-0.06573990888527992,0.09,False,Binance US,Kraken
363,01-14-2021_01-45-26,LINK/USD,25.0,15.69353629,15.6718,0.034626182394996624,-0.027873817605003376,0.0625,False,Bittrex,Binance US
364,01-14-2021_01-45-37,LINK/USD,25.0,15.672,15.66261,0.014978943338437639,-0.07502105666156236,0.09,False,Binance US,Kraken
365,01-14-2021_01-45-49,LINK/USD,25.0,15.66906554,15.656,0.02084607401546341,-0.10665392598453659,0.1275,False,Bittrex,Kraken
366,01-14-2021_01-46-01,LINK/USD,25.0,15.667635,15.65157,0.02563405389518122,-0.10186594610481878,0.1275,False,Bittrex,Kraken
367,01-14-2021_01-46-25,LINK/USD,25.0,15.65490912,15.63418,0.03310322634437402,-0.09439677365562599,0.1275,False,Bittrex,Kraken
368,01-14-2021_01-46-36,LINK/USD,25.0,15.65490899,15.63127,0.03775012364348225,-0.08974987635651775,0.1275,False,Bittrex,Kraken
369,01-14-2021_01-46-47,LINK/USD,25.0,15.65490883,15.63454,0.03252786429673617,-0.09497213570326384,0.1275,False,Bittrex,Kraken
370,01-14-2021_01-47-11,LINK/USD,25.0,15.69106535,15.66705,0.0382627779955057,-0.0892372220044943,0.1275,False,Bittrex,Kraken
371,01-14-2021_01-47-23,LINK/USD,25.0,15.72033588,15.69187,0.04526919815405466,-0.08223080184594533,0.1275,False,Bittrex,Kraken
372,01-14-2021_01-47-35,LINK/USD,25.0,15.7080444,15.69086,0.0273496807788493,-0.1001503192211507,0.1275,False,Bittrex,Kraken
373,01-14-2021_01-47-46,LINK/USD,25.0,15.72435563,15.69219,0.0511398221282784,-0.0763601778717216,0.1275,False,Bittrex,Kraken
374,01-14-2021_01-47-58,LINK/USD,25.0,15.72435551,15.69219,0.05113963173171803,-0.07636036826828196,0.1275,False,Bittrex,Kraken
375,01-14-2021_01-48-11,LINK/USD,25.0,15.70582925,15.68501,0.033139367665035294,-0.09436063233496471,0.1275,False,Bittrex,Kraken
376,01-14-2021_01-48-35,LINK/USD,25.0,15.696501,15.65146,0.07173732540774444,-0.11076267459225556,0.1825,False,Bittrex,Coinbase Pro
377,01-14-2021_01-48-46,LINK/USD,25.0,15.66517751,15.64293,0.03550472055901985,-0.14699527944098015,0.1825,False,Bittrex,Coinbase Pro
378,01-14-2021_01-48-57,LINK/USD,25.0,15.66517735,15.65218,0.020742423959855306,-0.1067575760401447,0.1275,False,Bittrex,Kraken
379,01-14-2021_01-49-08,LINK/USD,25.0,15.65870857,15.64056,0.02897520239116254,-0.09852479760883746,0.1275,False,Bittrex,Kraken
380,01-14-2021_01-49-20,LINK/USD,25.0,15.6831623,15.64931,0.05396280952853415,-0.07353719047146585,0.1275,False,Bittrex,Kraken
381,01-14-2021_01-49-32,LINK/USD,25.0,15.68316219,15.67352,0.015370289937681277,-0.11212971006231873,0.1275,False,Bittrex,Kraken
382,01-14-2021_01-49-43,LINK/USD,25.0,15.67918144,15.65493,0.038668217618381705,-0.14383178238161828,0.1825,False,Bittrex,Coinbase Pro
383,01-14-2021_01-49-55,LINK/USD,25.0,15.69634057,15.66915,0.04330718022895214,-0.08419281977104787,0.1275,False,Bittrex,Kraken
384,01-14-2021_01-50-07,LINK/USD,25.0,15.69634047,15.68006,0.025930359422182015,-0.10156964057781799,0.1275,False,Bittrex,Kraken
385,01-14-2021_01-50-30,LINK/USD,25.0,15.71493977,15.689,0.04126609834280135,-0.08623390165719866,0.1275,False,Bittrex,Kraken
386,01-14-2021_01-50-42,LINK/USD,25.0,15.7152,15.69219,0.03660468845448882,-0.05339531154551118,0.09,False,Binance US,Kraken
387,01-14-2021_01-50-54,LINK/USD,25.0,15.72733,15.69566,0.05034230222167412,-0.13465769777832587,0.185,False,Coinbase Pro,Kraken
388,01-14-2021_01-51-07,LINK/USD,25.0,15.73675168,15.71423,0.035778794216823354,-0.09172120578317665,0.1275,False,Bittrex,Kraken
389,01-14-2021_01-51-18,LINK/USD,25.0,15.73675156,15.71077,0.0412752909978582,-0.0862247090021418,0.1275,False,Bittrex,Kraken
390,01-14-2021_01-51-30,LINK/USD,25.0,15.73675146,15.71197,0.039368766900509666,-0.14313123309949033,0.1825,False,Bittrex,Coinbase Pro
391,01-14-2021_01-51-41,LINK/USD,25.0,15.71324504,15.6917,0.03427847008233167,-0.09322152991766833,0.1275,False,Bittrex,Kraken
392,01-14-2021_01-51-51,LINK/USD,25.0,15.69853903,15.67951,0.030303823119517816,-0.09719617688048218,0.1275,False,Bittrex,Kraken
393,01-14-2021_01-52-03,LINK/USD,25.0,15.69853892,15.67794,0.03280388083402794,-0.09469611916597206,0.1275,False,Bittrex,Kraken
394,01-14-2021_01-52-14,LINK/USD,25.0,15.6983228,15.67457,0.03782697091691933,-0.08967302908308067,0.1275,False,Bittrex,Kraken
395,01-14-2021_01-52-25,LINK/USD,25.0,15.69832274,15.68978,0.013604542570385654,-0.11389545742961435,0.1275,False,Bittrex,Kraken
396,01-14-2021_01-52-36,LINK/USD,25.0,15.71145605,15.68863,0.036320710708414604,-0.09117928929158539,0.1275,False,Bittrex,Kraken
397,01-14-2021_01-52-48,LINK/USD,25.0,15.71145594,15.68916,0.035477202248388705,-0.09202279775161129,0.1275,False,Bittrex,Kraken
398,01-14-2021_01-53-00,LINK/USD,25.0,15.71145581,15.68224,0.04648806952282065,-0.08101193047717936,0.1275,False,Bittrex,Kraken
399,01-14-2021_01-53-11,LINK/USD,25.0,15.71145573,15.68625,0.040107247910632464,-0.08739275208936753,0.1275,False,Bittrex,Kraken
400,01-14-2021_01-53-23,LINK/USD,25.0,15.70470779,15.67771,0.042977224347326,-0.08452277565267399,0.1275,False,Bittrex,Kraken
401,01-14-2021_01-53-34,LINK/USD,25.0,15.70422891,15.68649,0.028239065575363348,-0.09926093442463665,0.1275,False,Bittrex,Kraken
402,01-14-2021_01-53-44,LINK/USD,25.0,15.69108362,15.67178,0.030755715263979518,-0.09674428473602048,0.1275,False,Bittrex,Kraken
403,01-14-2021_01-53-55,LINK/USD,25.0,15.69108349,15.67174,0.03081923885678191,-0.15168076114321807,0.1825,False,Bittrex,Coinbase Pro
404,01-14-2021_01-54-07,LINK/USD,25.0,15.67658176,15.65223,0.03883461390501506,-0.08866538609498495,0.1275,False,Bittrex,Kraken
405,01-14-2021_01-54-18,LINK/USD,25.0,15.67658171,15.64543,0.04967873509715752,-0.07782126490284248,0.1275,False,Bittrex,Kraken
406,01-14-2021_01-54-29,LINK/USD,25.0,15.67658171,15.6527,0.038085008648229855,-0.08941499135177014,0.1275,False,Bittrex,Kraken
407,01-14-2021_01-54-40,LINK/USD,25.0,15.66669697,15.645,0.034622757498833374,-0.09287724250116663,0.1275,False,Bittrex,Kraken
408,01-14-2021_01-54-51,LINK/USD,25.0,15.66977,15.65969,0.0160819207939879,-0.1689180792060121,0.185,False,Coinbase Pro,Kraken
409,01-14-2021_01-55-03,LINK/USD,25.0,15.6806,15.65969,0.03333737229442855,-0.05666262770557145,0.09,False,Binance US,Kraken
410,01-14-2021_01-55-15,LINK/USD,25.0,15.70196729,15.67874,0.03698149660328523,-0.09051850339671477,0.1275,False,Bittrex,Kraken
411,01-14-2021_01-55-26,LINK/USD,25.0,15.7059,15.68817,0.028221878402384208,-0.06177812159761579,0.09,False,Binance US,Kraken
412,01-14-2021_01-55-37,LINK/USD,25.0,15.72251361,15.68978,0.05204894524495708,-0.07545105475504292,0.1275,False,Bittrex,Kraken
413,01-14-2021_01-55-48,LINK/USD,25.0,15.7225134,15.68978,0.05204861202407957,-0.07545138797592044,0.1275,False,Bittrex,Kraken
414,01-14-2021_01-55-58,LINK/USD,25.0,15.704691,15.6789,0.04105620416218297,-0.08644379583781703,0.1275,False,Bittrex,Kraken
415,01-14-2021_01-56-10,LINK/USD,25.0,15.7052,15.68978,0.024546010238645288,-0.0654539897613547,0.09,False,Binance US,Kraken
416,01-14-2021_01-56-20,LINK/USD,25.0,15.70686,15.68894,0.02852256911948053,-0.15647743088051946,0.185,False,Coinbase Pro,Kraken
417,01-14-2021_01-56-33,LINK/USD,25.0,15.72993673,15.70911,0.03310046689552001,-0.09439953310447999,0.1275,False,Bittrex,Kraken
418,01-14-2021_01-56-43,LINK/USD,25.0,15.71253862,15.69222,0.032328671533281804,-0.15017132846671818,0.1825,False,Bittrex,Coinbase Pro
419,01-14-2021_01-56-54,LINK/USD,25.0,15.69972613,15.68091,0.029962513110410822,-0.09753748688958919,0.1275,False,Bittrex,Kraken
420,01-14-2021_01-57-05,LINK/USD,25.0,15.69764,15.68465,0.02068782313774599,-0.16431217686225402,0.185,False,Coinbase Pro,Kraken
421,01-14-2021_01-57-15,LINK/USD,25.0,15.69557785,15.6687,0.042811182641485195,-0.019688817358514805,0.0625,False,Bittrex,Binance US
422,01-14-2021_01-57-26,LINK/USD,25.0,15.67109337,15.64774,0.03725548921287363,-0.14524451078712636,0.1825,False,Bittrex,Coinbase Pro
423,01-14-2021_01-57-37,LINK/USD,25.0,15.66717565,15.64492,0.03551318134356903,-0.09198681865643096,0.1275,False,Bittrex,Kraken
424,01-14-2021_01-57-48,LINK/USD,25.0,15.65996672,15.63811,0.03489266674508074,-0.09260733325491927,0.1275,False,Bittrex,Kraken
425,01-14-2021_01-58-00,LINK/USD,25.0,15.65293052,15.63426,0.0298195280049077,-0.0976804719950923,0.1275,False,Bittrex,Kraken
426,01-14-2021_01-58-12,LINK/USD,25.0,15.65293044,15.62134,0.050454514126110885,-0.07704548587388912,0.1275,False,Bittrex,Kraken
427,01-14-2021_01-58-23,LINK/USD,25.0,15.64050148,15.61484,0.041017674581621096,-0.1414823254183789,0.1825,False,Bittrex,Coinbase Pro
428,01-14-2021_01-58-35,LINK/USD,25.0,15.64050136,15.6186,0.035007445566948424,-0.09249255443305157,0.1275,False,Bittrex,Kraken
429,01-14-2021_01-58-45,LINK/USD,25.0,15.62534246,15.60681,0.029651286119717457,-0.09784871388028255,0.1275,False,Bittrex,Kraken
430,01-14-2021_01-58-56,LINK/USD,25.0,15.62534236,15.60659,0.030003118600466307,-0.09749688139953369,0.1275,False,Bittrex,Kraken
431,01-14-2021_01-59-08,LINK/USD,25.0,15.62534227,15.60308,0.035618851759079875,-0.09188114824092013,0.1275,False,Bittrex,Kraken
432,01-14-2021_01-59-19,LINK/USD,25.0,15.62016067,15.60568,0.023176250081429352,-0.10432374991857066,0.1275,False,Bittrex,Kraken
433,01-14-2021_01-59-30,LINK/USD,25.0,15.62016061,15.60044,0.03156275164573752,-0.09593724835426248,0.1275,False,Bittrex,Kraken
434,01-14-2021_01-59-43,LINK/USD,25.0,15.62016054,15.6083,0.01898274343856503,-0.10851725656143497,0.1275,False,Bittrex,Kraken
435,01-14-2021_01-59-54,LINK/USD,25.0,15.62016047,15.60953,0.017014021751596983,-0.11048597824840302,0.1275,False,Bittrex,Kraken
436,01-14-2021_02-00-05,LINK/USD,25.0,15.62016043,15.60154,0.029801918622164168,-0.09769808137783584,0.1275,False,Bittrex,Kraken
437,01-14-2021_02-00-17,LINK/USD,25.0,15.62906671,15.61299,0.02571604289991559,-0.10178395710008441,0.1275,False,Bittrex,Kraken
438,01-14-2021_02-00-27,LINK/USD,25.0,15.6507479,15.62669,0.03842931365599586,-0.08907068634400414,0.1275,False,Bittrex,Kraken
439,01-14-2021_02-00-38,LINK/USD,25.0,15.63280052,15.62349,0.014889398716640913,-0.11261060128335909,0.1275,False,Bittrex,Kraken
440,01-14-2021_02-00-50,LINK/USD,25.0,15.6328004,15.61066,0.0354069639371865,-0.0920930360628135,0.1275,False,Bittrex,Kraken
441,01-14-2021_02-01-01,LINK/USD,25.0,15.6279,15.61269,0.02433148407655495,-0.06566851592344505,0.09,False,Binance US,Kraken
442,01-14-2021_02-01-15,LINK/USD,25.0,15.6418,15.62669,0.02415003388356832,-0.06584996611643168,0.09,False,Binance US,Kraken
443,01-14-2021_02-01-25,LINK/USD,25.0,15.64988,15.62669,0.03704501248571811,-0.14795498751428188,0.185,False,Coinbase Pro,Kraken
444,01-14-2021_02-01-35,LINK/USD,25.0,15.65861,15.63261,0.04151070880493192,-0.1434892911950681,0.185,False,Coinbase Pro,Kraken
445,01-14-2021_02-01-46,LINK/USD,25.0,15.6692,15.64571,0.037477982283716904,-0.05252201771628309,0.09,False,Binance US,Kraken
446,01-14-2021_02-01-57,LINK/USD,25.0,15.66778323,15.65042,0.027705307357636745,-0.09979469264236326,0.1275,False,Bittrex,Kraken
447,01-14-2021_02-02-09,LINK/USD,25.0,15.66778311,15.65522,0.020046087426340946,-0.10745391257365905,0.1275,False,Bittrex,Kraken
448,01-14-2021_02-02-20,LINK/USD,25.0,15.6894,15.66234,0.04311828368197438,-0.04688171631802562,0.09,False,Binance US,Kraken
449,01-14-2021_02-02-31,LINK/USD,25.0,15.6892,15.66234,0.042800142773371526,-0.04719985722662847,0.09,False,Binance US,Kraken
450,01-14-2021_02-02-43,LINK/USD,25.0,15.69460796,15.66234,0.05139975474736297,-0.07610024525263703,0.1275,False,Bittrex,Kraken
451,01-14-2021_02-02-54,LINK/USD,25.0,15.69460783,15.66657,0.044661565143422566,-0.08283843485657744,0.1275,False,Bittrex,Kraken
452,01-14-2021_02-03-05,LINK/USD,25.0,15.69460771,15.68067,0.02220143099072152,-0.10529856900927848,0.1275,False,Bittrex,Kraken
453,01-14-2021_02-03-18,LINK/USD,25.0,15.6974,15.69257,0.007692356696013531,-0.08230764330398646,0.09,False,Binance US,Kraken
454,01-14-2021_02-03-30,LINK/USD,25.0,15.6975,15.69394,0.005669692626214732,-0.13933030737378527,0.145,False,Binance US,Coinbase Pro
455,01-14-2021_02-03-42,LINK/USD,25.0,15.70063,15.69325,0.011751120814896437,-0.17324887918510357,0.185,False,Coinbase Pro,Kraken
456,01-14-2021_02-03-53,LINK/USD,25.0,15.70728354,15.69418,0.020855834120890336,-0.10664416587910966,0.1275,False,Bittrex,Kraken
457,01-14-2021_02-04-05,LINK/USD,25.0,15.72148742,15.70784,0.021701858792699445,-0.10579814120730055,0.1275,False,Bittrex,Kraken
458,01-14-2021_02-04-16,LINK/USD,25.0,15.72148722,15.70344,0.028698334558706746,-0.09880166544129326,0.1275,False,Bittrex,Kraken
459,01-14-2021_02-04-29,LINK/USD,25.0,15.69460785,15.69004,0.00727614548203066,-0.12022385451796934,0.1275,False,Bittrex,Kraken
460,01-14-2021_02-04-41,LINK/USD,25.0,15.6995,15.68916,0.01646549253161108,-0.07353450746838891,0.09,False,Binance US,Kraken
461,01-14-2021_02-04-52,LINK/USD,25.0,15.6995,15.6888,0.017038759196152633,-0.07296124080384736,0.09,False,Binance US,Kraken
462,01-14-2021_02-05-04,LINK/USD,25.0,15.69460785,15.68451,0.016084903325572854,-0.11141509667442714,0.1275,False,Bittrex,Kraken
463,01-14-2021_02-05-15,LINK/USD,25.0,15.6946077,15.66919,0.04048795052073874,-0.08701204947926126,0.1275,False,Bittrex,Kraken
464,01-14-2021_02-05-28,LINK/USD,25.0,15.6969,15.67833,0.029575903522349387,-0.06042409647765061,0.09,False,Binance US,Kraken
465,01-14-2021_02-05-39,LINK/USD,25.0,15.7217,15.70194,0.031421538383253365,-0.05857846161674663,0.09,False,Binance US,Kraken
466,01-14-2021_02-05-51,LINK/USD,25.0,15.721,15.70192,0.030341581324344273,-0.059658418675655724,0.09,False,Binance US,Kraken
467,01-14-2021_02-06-01,LINK/USD,25.0,15.72732272,15.70194,0.04034812607952836,-0.08715187392047163,0.1275,False,Bittrex,Kraken
468,01-14-2021_02-06-14,LINK/USD,25.0,15.72732253,15.70093,0.04195331079027719,-0.0855466892097228,0.1275,False,Bittrex,Kraken
469,01-14-2021_02-06-25,LINK/USD,25.0,15.71697177,15.69681,0.03207006141998277,-0.09542993858001723,0.1275,False,Bittrex,Kraken
470,01-14-2021_02-06-37,LINK/USD,25.0,15.71697165,15.69984,0.027250240029540948,-0.10024975997045905,0.1275,False,Bittrex,Kraken
471,01-14-2021_02-06-48,LINK/USD,25.0,15.71697155,15.69373,0.036968874579403045,-0.09053112542059696,0.1275,False,Bittrex,Kraken
472,01-14-2021_02-07-00,LINK/USD,25.0,15.71697144,15.69452,0.03571209645208741,-0.0917879035479126,0.1275,False,Bittrex,Kraken
473,01-14-2021_02-07-13,LINK/USD,25.0,15.6947,15.68542,0.014782060185920444,-0.07521793981407955,0.09,False,Binance US,Kraken
474,01-14-2021_02-07-27,LINK/USD,25.0,15.69433036,15.6841,0.0162962671317178,-0.0462037328682822,0.0625,False,Bittrex,Binance US
475,01-14-2021_02-07-39,LINK/USD,25.0,15.69433023,15.67625,0.02880057596443333,-0.15369942403556666,0.1825,False,Bittrex,Coinbase Pro
476,01-14-2021_02-07-51,LINK/USD,25.0,15.67900301,15.66722,0.018787881462368983,-0.10871211853763102,0.1275,False,Bittrex,Kraken
477,01-14-2021_02-08-03,LINK/USD,25.0,15.69010997,15.66816,0.03497421312210161,-0.14752578687789838,0.1825,False,Bittrex,Coinbase Pro
478,01-14-2021_02-08-16,LINK/USD,25.0,15.68015553,15.65001,0.048063187164063194,-0.1344368128359368,0.1825,False,Bittrex,Coinbase Pro
479,01-14-2021_02-08-28,LINK/USD,25.0,15.66468519,15.64078,0.03815140507142341,-0.0893485949285766,0.1275,False,Bittrex,Kraken
480,01-14-2021_02-08-52,LINK/USD,25.0,15.6433222,15.62704,0.026021007225691666,-0.10147899277430833,0.1275,False,Bittrex,Kraken
481,01-14-2021_02-09-05,LINK/USD,25.0,15.64332207,15.61816,0.0402121587208368,-0.1422878412791632,0.1825,False,Bittrex,Coinbase Pro
482,01-14-2021_02-09-18,LINK/USD,25.0,15.62848767,15.60813,0.032565003136994175,-0.09493499686300583,0.1275,False,Bittrex,Kraken
483,01-14-2021_02-09-30,LINK/USD,25.0,15.62848757,15.60644,0.035268239970839305,-0.0922317600291607,0.1275,False,Bittrex,Kraken
484,01-14-2021_02-09-41,LINK/USD,25.0,15.62848754,15.61478,0.021927169799567832,-0.10557283020043218,0.1275,False,Bittrex,Kraken
485,01-14-2021_02-09-52,LINK/USD,25.0,15.62848741,15.60937,0.030581030490140982,-0.09691896950985902,0.1275,False,Bittrex,Kraken
486,01-14-2021_02-10-04,LINK/USD,25.0,15.628,15.61143,0.026506910673150356,-0.06349308932684963,0.09,False,Binance US,Kraken
487,01-14-2021_02-10-27,LINK/USD,25.0,15.62663608,15.60901,0.028198775331051945,-0.09930122466894806,0.1275,False,Bittrex,Kraken
488,01-14-2021_02-10-40,LINK/USD,25.0,15.62663594,15.60806,0.029718392479552203,-0.0977816075204478,0.1275,False,Bittrex,Kraken
489,01-14-2021_02-10-52,LINK/USD,25.0,15.62663581,15.60959,0.02727044100735181,-0.1002295589926482,0.1275,False,Bittrex,Kraken
490,01-14-2021_02-11-05,LINK/USD,25.0,15.62459328,15.60638,0.029142006568761456,-0.09835799343123855,0.1275,False,Bittrex,Kraken
491,01-14-2021_02-11-20,LINK/USD,25.0,15.65053648,15.61674,0.05398613658258356,-0.07351386341741645,0.1275,False,Bittrex,Kraken
492,01-14-2021_02-11-33,LINK/USD,25.0,15.64108311,15.61596,0.04015564303206508,-0.08734435696793492,0.1275,False,Bittrex,Kraken
493,01-14-2021_02-11-45,LINK/USD,25.0,15.63766691,15.61027,0.043799548483924415,-0.13870045151607557,0.1825,False,Bittrex,Coinbase Pro
494,01-14-2021_02-11-57,LINK/USD,25.0,15.62705228,15.6116,0.024720401076177678,-0.03777959892382232,0.0625,False,Bittrex,Binance US
495,01-14-2021_02-12-20,LINK/USD,25.0,15.62705207,15.61336,0.021904435236196455,-0.16059556476380354,0.1825,False,Bittrex,Coinbase Pro
496,01-14-2021_02-12-33,LINK/USD,25.0,15.62705193,15.60549,0.03449455805321677,-0.09300544194678323,0.1275,False,Bittrex,Kraken
497,01-14-2021_02-12-46,LINK/USD,25.0,15.62004435,15.59357,0.04237239889783166,-0.14012760110216832,0.1825,False,Bittrex,Coinbase Pro
498,01-14-2021_02-13-09,LINK/USD,25.0,15.61092719,15.59,0.033513688433262266,-0.14898631156673772,0.1825,False,Bittrex,Coinbase Pro
499,01-14-2021_02-13-23,LINK/USD,25.0,15.5697782,15.55338,0.026330175981568196,-0.1561698240184318,0.1825,False,Bittrex,Coinbase Pro
500,01-14-2021_02-13-35,LINK/USD,25.0,15.55859194,15.52824,0.04877038378062763,-0.13372961621937235,0.1825,False,Bittrex,Coinbase Pro
501,01-14-2021_02-13-58,LINK/USD,25.0,15.55551988,15.52314,0.0520392122053599,-0.1304607877946401,0.1825,False,Bittrex,Coinbase Pro
502,01-14-2021_02-14-09,LINK/USD,25.0,15.5384,15.52528,0.02110899449106554,-0.12389100550893445,0.145,False,Binance US,Coinbase Pro
503,01-14-2021_02-14-33,LINK/USD,25.0,15.55640671,15.52549,0.04968485103331364,-0.07781514896668637,0.1275,False,Bittrex,Kraken
504,01-14-2021_02-14-45,LINK/USD,25.0,15.5483487,15.52549,0.03675422458206198,-0.09074577541793802,0.1275,False,Bittrex,Kraken
505,01-14-2021_02-14-56,LINK/USD,25.0,15.54834866,15.5236,0.039793068288449675,-0.08770693171155033,0.1275,False,Bittrex,Kraken
506,01-14-2021_02-15-08,LINK/USD,25.0,15.54112637,15.52549,0.025153212237860892,-0.10234678776213911,0.1275,False,Bittrex,Kraken
507,01-14-2021_02-15-20,LINK/USD,25.0,15.5619,15.54863,0.021318090978608553,-0.06868190902139144,0.09,False,Binance US,Kraken
508,01-14-2021_02-15-43,LINK/USD,25.0,15.5992,15.57477,0.039152648853788365,-0.05084735114621163,0.09,False,Binance US,Kraken
509,01-14-2021_02-15-53,LINK/USD,25.0,15.62392569,15.60001,0.03826773513027509,-0.08923226486972491,0.1275,False,Bittrex,Kraken
510,01-14-2021_02-16-06,LINK/USD,25.0,15.62392553,15.5922,0.05076433886458627,-0.13173566113541374,0.1825,False,Bittrex,Coinbase Pro
511,01-14-2021_02-16-17,LINK/USD,25.0,15.61102799,15.59398,0.02730119696620955,-0.10019880303379045,0.1275,False,Bittrex,Kraken
512,01-14-2021_02-16-40,LINK/USD,25.0,15.6374,15.61101,0.04219051760522729,-0.04780948239477271,0.09,False,Binance US,Kraken
513,01-14-2021_02-16-50,LINK/USD,25.0,15.66369541,15.62508,0.06163202390820788,-0.06586797609179212,0.1275,False,Bittrex,Kraken
514,01-14-2021_02-17-01,LINK/USD,25.0,15.66369541,15.62814,0.05674811892936416,-0.07075188107063585,0.1275,False,Bittrex,Kraken
515,01-14-2021_02-17-12,LINK/USD,25.0,15.66369539,15.62814,0.056748087080874886,-0.07075191291912511,0.1275,False,Bittrex,Kraken
516,01-14-2021_02-17-24,LINK/USD,25.0,15.6565779,15.62814,0.04540886932897406,-0.08209113067102594,0.1275,False,Bittrex,Kraken
517,01-14-2021_02-17-35,LINK/USD,25.0,15.6565779,15.62814,0.04540886932897406,-0.08209113067102594,0.1275,False,Bittrex,Kraken
518,01-14-2021_02-17-45,LINK/USD,25.0,15.68074386,15.65464,0.0416177003990664,-0.0858822996009336,0.1275,False,Bittrex,Kraken
519,01-14-2021_02-17-58,LINK/USD,25.0,15.68074382,15.65464,0.04161763673274436,-0.08588236326725565,0.1275,False,Bittrex,Kraken
520,01-14-2021_02-18-09,LINK/USD,25.0,15.66369543,15.65464,0.01445289529611354,-0.11304710470388646,0.1275,False,Bittrex,Kraken
521,01-14-2021_02-18-20,LINK/USD,25.0,15.66369543,15.65316,0.016815045413585555,-0.16568495458641444,0.1825,False,Bittrex,Coinbase Pro
522,01-14-2021_02-18-31,LINK/USD,25.0,15.65515844,15.639,0.025803699243812775,-0.10169630075618723,0.1275,False,Bittrex,Kraken
523,01-14-2021_02-18-43,LINK/USD,25.0,15.65515841,15.63904,0.0257397746766088,-0.1017602253233912,0.1275,False,Bittrex,Kraken
524,01-14-2021_02-18-55,LINK/USD,25.0,15.66369543,15.64934,0.0229119463924615,-0.1045880536075385,0.1275,False,Bittrex,Kraken
525,01-14-2021_02-19-07,LINK/USD,25.0,15.66369543,15.65177,0.019033551267154253,-0.10846644873284575,0.1275,False,Bittrex,Kraken
526,01-14-2021_02-19-20,LINK/USD,25.0,15.65502553,15.63742,0.028114821605147347,-0.09938517839485266,0.1275,False,Bittrex,Kraken
527,01-14-2021_02-19-31,LINK/USD,25.0,15.65502545,15.62407,0.04943372672703071,-0.13306627327296927,0.1825,False,Bittrex,Coinbase Pro
528,01-14-2021_02-19-43,LINK/USD,25.0,15.6401,15.63335,0.010789572956695059,-0.07921042704330494,0.09,False,Binance US,Kraken
529,01-14-2021_02-19-55,LINK/USD,25.0,15.63905931,15.62101,0.028852934249790754,-0.09864706575020925,0.1275,False,Bittrex,Kraken
530,01-14-2021_02-20-08,LINK/USD,25.0,15.63905922,15.62043,0.02977995629074569,-0.1527200437092543,0.1825,False,Bittrex,Coinbase Pro
531,01-14-2021_02-20-20,LINK/USD,25.0,15.6403,15.63837,0.0030849791883783644,-0.08691502081162163,0.09,False,Binance US,Kraken
532,01-14-2021_02-20-31,LINK/USD,25.0,15.66198404,15.63555,0.042194590309389414,-0.0853054096906106,0.1275,False,Bittrex,Kraken
533,01-14-2021_02-20-44,LINK/USD,25.0,15.64038376,15.62252,0.02855390295103746,-0.15394609704896253,0.1825,False,Bittrex,Coinbase Pro
534,01-14-2021_02-20-57,LINK/USD,25.0,15.64038371,15.63382,0.010491606410850646,-0.17200839358914935,0.1825,False,Bittrex,Coinbase Pro
535,01-14-2021_02-21-20,LINK/USD,25.0,15.63785165,15.62,0.02853916637583778,-0.09896083362416222,0.1275,False,Bittrex,Kraken
536,01-14-2021_02-21-34,LINK/USD,25.0,15.63785163,15.62,0.028539134438636593,-0.09896086556136341,0.1275,False,Bittrex,Kraken
537,01-14-2021_02-21-57,LINK/USD,25.0,15.64155659,15.62174,0.031672982618412754,-0.09582701738158725,0.1275,False,Bittrex,Kraken
538,01-14-2021_02-22-11,LINK/USD,25.0,15.62344593,15.60924,0.022731748910659544,-0.15976825108934045,0.1825,False,Bittrex,Coinbase Pro
539,01-14-2021_02-22-23,LINK/USD,25.0,15.61487078,15.59998,0.02384070321458016,-0.15865929678541985,0.1825,False,Bittrex,Coinbase Pro
540,01-14-2021_02-22-49,LINK/USD,25.0,15.63881727,15.60409,0.05551454019898718,-0.07198545980101281,0.1275,False,Bittrex,Kraken
541,01-14-2021_02-23-03,LINK/USD,25.0,15.659,15.64,0.030333993230730133,-0.059666006769269864,0.09,False,Binance US,Kraken
542,01-14-2021_02-23-15,LINK/USD,25.0,15.65488299,15.62775,0.043329915045248336,-0.13917008495475167,0.1825,False,Bittrex,Coinbase Pro
543,01-14-2021_02-23-29,LINK/USD,25.0,15.62635177,15.61644,0.015857460119110475,-0.1666425398808895,0.1825,False,Bittrex,Coinbase Pro
544,01-14-2021_02-23-53,LINK/USD,25.0,15.63049157,15.59974,0.0491852253370935,-0.1333147746629065,0.1825,False,Bittrex,Coinbase Pro
545,01-14-2021_02-24-05,LINK/USD,25.0,15.6178,15.60382,0.02237831192613573,-0.06762168807386426,0.09,False,Binance US,Kraken
546,01-14-2021_02-24-29,LINK/USD,25.0,15.64014522,15.62,0.03220113962599388,-0.09529886037400612,0.1275,False,Bittrex,Kraken
547,01-14-2021_02-24-41,LINK/USD,25.0,15.6449,15.62,0.03978932431655138,-0.05021067568344861,0.09,False,Binance US,Kraken
548,01-14-2021_02-24-53,LINK/USD,25.0,15.65343754,15.64632,0.011367375347768499,-0.11613262465223151,0.1275,False,Bittrex,Kraken
549,01-14-2021_02-25-06,LINK/USD,25.0,15.64930807,15.62217,0.04335346629801419,-0.13914653370198582,0.1825,False,Bittrex,Coinbase Pro
550,01-14-2021_02-25-19,LINK/USD,25.0,15.63596831,15.61478,0.03387751493850592,-0.09362248506149408,0.1275,False,Bittrex,Kraken
551,01-14-2021_02-25-42,LINK/USD,25.0,15.64134055,15.6196,0.034748540143511746,-0.09275145985648825,0.1275,False,Bittrex,Kraken
552,01-14-2021_02-25-53,LINK/USD,25.0,15.64134048,15.61959,0.03476441170085648,-0.09273558829914352,0.1275,False,Bittrex,Kraken
553,01-14-2021_02-26-05,LINK/USD,25.0,15.66369543,15.63085,0.05242286238707858,-0.07507713761292142,0.1275,False,Bittrex,Kraken
554,01-14-2021_02-26-18,LINK/USD,25.0,15.66369534,15.64648,0.02747649840334534,-0.10002350159665466,0.1275,False,Bittrex,Kraken
555,01-14-2021_02-26-29,LINK/USD,25.0,15.67619979,15.64648,0.04739635625682417,-0.08010364374317583,0.1275,False,Bittrex,Kraken
556,01-14-2021_02-26-40,LINK/USD,25.0,15.669,15.64648,0.03593081881421931,-0.05406918118578068,0.09,False,Binance US,Kraken
557,01-14-2021_02-26-52,LINK/USD,25.0,15.66369543,15.6459,0.02840234936820619,-0.15409765063179381,0.1825,False,Bittrex,Coinbase Pro
558,01-14-2021_02-27-05,LINK/USD,25.0,15.6834,15.65943,0.03820918933394587,-0.05179081066605413,0.09,False,Binance US,Kraken
559,01-14-2021_02-27-17,LINK/USD,25.0,15.6673,15.64745,0.03167425146642996,-0.11332574853357003,0.145,False,Binance US,Coinbase Pro
560,01-14-2021_02-27-28,LINK/USD,25.0,15.66103413,15.63532,0.0410479438754674,-0.1414520561245326,0.1825,False,Bittrex,Coinbase Pro
561,01-14-2021_02-27-39,LINK/USD,25.0,15.63641503,15.61949,0.02706027879077,-0.15543972120923,0.1825,False,Bittrex,Coinbase Pro
562,01-14-2021_02-27-50,LINK/USD,25.0,15.63641503,15.62511,0.0180748432078437,-0.10942515679215631,0.1275,False,Bittrex,Kraken
563,01-14-2021_02-28-03,LINK/USD,25.0,15.64712175,15.62511,0.03516900799982715,-0.09233099200017286,0.1275,False,Bittrex,Kraken
564,01-14-2021_02-28-15,LINK/USD,25.0,15.63639493,15.61633,0.03208049248216354,-0.09541950751783645,0.1275,False,Bittrex,Kraken
565,01-14-2021_02-28-28,LINK/USD,25.0,15.62655648,15.60828,0.029239455319843826,-0.09826054468015617,0.1275,False,Bittrex,Kraken
566,01-14-2021_02-28-40,LINK/USD,25.0,15.6265564,15.60439,0.035462707573883166,-0.09203729242611683,0.1275,False,Bittrex,Kraken
567,01-14-2021_02-28-51,LINK/USD,25.0,15.62655627,15.60307,0.037574289552664446,-0.08992571044733555,0.1275,False,Bittrex,Kraken
568,01-14-2021_02-29-02,LINK/USD,25.0,15.645,15.62511,0.03178331735378745,-0.05821668264621255,0.09,False,Binance US,Kraken
569,01-14-2021_02-29-15,LINK/USD,25.0,15.64425969,15.62433,0.03184824720842969,-0.09565175279157032,0.1275,False,Bittrex,Kraken
570,01-14-2021_02-29-26,LINK/USD,25.0,15.64425964,15.61844,0.04126056552715192,-0.08623943447284808,0.1275,False,Bittrex,Kraken
571,01-14-2021_02-29-38,LINK/USD,25.0,15.64425961,15.61508,0.04662989928482769,-0.1358701007151723,0.1825,False,Bittrex,Coinbase Pro
572,01-14-2021_02-29-48,LINK/USD,25.0,15.64425956,15.62183,0.035843115351636444,-0.09165688464836355,0.1275,False,Bittrex,Kraken
573,01-14-2021_02-29-59,LINK/USD,25.0,15.6454,15.62511,0.03242167026730066,-0.057578329732699336,0.09,False,Binance US,Kraken
574,01-14-2021_02-30-10,LINK/USD,25.0,15.64425943,15.62503,0.030729211066271814,-0.09677078893372819,0.1275,False,Bittrex,Kraken
575,01-14-2021_02-30-20,LINK/USD,25.0,15.64265707,15.61473,0.04463287450947184,-0.13786712549052815,0.1825,False,Bittrex,Coinbase Pro
576,01-14-2021_02-30-32,LINK/USD,25.0,15.64265696,15.61699,0.041020780653877764,-0.08647921934612224,0.1275,False,Bittrex,Kraken
577,01-14-2021_02-30-44,LINK/USD,25.0,15.6477,15.62511,0.03609156617266594,-0.053908433827334054,0.09,False,Binance US,Kraken
578,01-14-2021_02-30-54,LINK/USD,25.0,15.67860686,15.65701,0.03443682878339727,-0.09306317121660274,0.1275,False,Bittrex,Kraken
579,01-14-2021_02-31-06,LINK/USD,25.0,15.6773,15.65656,0.03307329706008046,-0.11192670293991952,0.145,False,Binance US,Coinbase Pro
580,01-14-2021_02-31-16,LINK/USD,25.0,15.6688,15.65844,0.016529664045744717,-0.12847033595425528,0.145,False,Binance US,Coinbase Pro
581,01-14-2021_02-31-27,LINK/USD,25.0,15.6644,15.65193,0.019901815581829536,-0.07009818441817046,0.09,False,Binance US,Kraken
582,01-14-2021_02-31-39,LINK/USD,25.0,15.6792,15.66041,0.02996007449359533,-0.06003992550640466,0.09,False,Binance US,Kraken
583,01-14-2021_02-31-51,LINK/USD,25.0,15.6833,15.66041,0.036487856509788315,-0.05351214349021168,0.09,False,Binance US,Kraken
584,01-14-2021_02-32-02,LINK/USD,25.0,15.69780474,15.66041,0.05955409151050484,-0.06794590848949517,0.1275,False,Bittrex,Kraken
585,01-14-2021_02-32-14,LINK/USD,25.0,15.69780468,15.66041,0.05955399618336989,-0.06794600381663012,0.1275,False,Bittrex,Kraken
586,01-14-2021_02-32-26,LINK/USD,25.0,15.7029,15.68999,0.02055352832916174,-0.12444647167083825,0.145,False,Binance US,Coinbase Pro
587,01-14-2021_02-32-36,LINK/USD,25.0,15.7029,15.69,0.02053760770303596,-0.12446239229696403,0.145,False,Binance US,Coinbase Pro
588,01-14-2021_02-32-46,LINK/USD,25.0,15.7168,15.69778271,0.030249939555124082,-0.05725006044487591,0.0875,False,Binance US,Bittrex
589,01-14-2021_02-32-58,LINK/USD,25.0,15.767,15.74290631,0.038202717701527014,-0.144297282298473,0.1825,False,Coinbase Pro,Bittrex
590,01-14-2021_02-33-10,LINK/USD,25.0,15.77612193,15.74519,0.04901700515698485,-0.07848299484301516,0.1275,False,Bittrex,Kraken
591,01-14-2021_02-33-21,LINK/USD,25.0,15.74967969,15.71985,0.047349677242866935,-0.13515032275713307,0.1825,False,Bittrex,Coinbase Pro
592,01-14-2021_02-33-31,LINK/USD,25.0,15.74277458,15.72444,0.029115865038323523,-0.09838413496167647,0.1275,False,Bittrex,Kraken
593,01-14-2021_02-33-42,LINK/USD,25.0,15.7643,15.74276749,0.0341475834639028,-0.053352416536097194,0.0875,False,Binance US,Bittrex
594,01-14-2021_02-33-53,LINK/USD,25.0,15.77551771,15.75152,0.03802998805039138,-0.08947001194960863,0.1275,False,Bittrex,Kraken
595,01-14-2021_02-34-04,LINK/USD,25.0,15.75757147,15.73176,0.040950901046429976,-0.08654909895357002,0.1275,False,Bittrex,Kraken
596,01-14-2021_02-34-15,LINK/USD,25.0,15.75757147,15.74011,0.027703301287962754,-0.15479669871203725,0.1825,False,Bittrex,Coinbase Pro
597,01-14-2021_02-34-26,LINK/USD,25.0,15.75757147,15.73805,0.030971571408015985,-0.09652842859198402,0.1275,False,Bittrex,Kraken
598,01-14-2021_02-34-37,LINK/USD,25.0,15.75248653,15.72699,0.040464294242440225,-0.08703570575755978,0.1275,False,Bittrex,Kraken
599,01-14-2021_02-34-48,LINK/USD,25.0,15.75248653,15.73396,0.029402548551172792,-0.1530974514488272,0.1825,False,Bittrex,Coinbase Pro
600,01-14-2021_02-34-59,LINK/USD,25.0,15.75248653,15.7221,0.048224973787679926,-0.07927502621232008,0.1275,False,Bittrex,Kraken
601,01-14-2021_02-35-11,LINK/USD,25.0,15.73283192,15.71175,0.03349988118350201,-0.094000118816498,0.1275,False,Bittrex,Kraken
602,01-14-2021_02-35-23,LINK/USD,25.0,15.7335,15.72232,0.017764642323703443,-0.07223535767629655,0.09,False,Binance US,Kraken
603,01-14-2021_02-35-34,LINK/USD,25.0,15.73283187,15.71698,0.02518915559986936,-0.10231084440013063,0.1275,False,Bittrex,Kraken
604,01-14-2021_02-35-46,LINK/USD,25.0,15.74619975,15.72057,0.040691961246078164,-0.08680803875392185,0.1275,False,Bittrex,Kraken
605,01-14-2021_02-35-56,LINK/USD,25.0,15.74619968,15.72501,0.03364253030989265,-0.09385746969010736,0.1275,False,Bittrex,Kraken
606,01-14-2021_02-36-07,LINK/USD,25.0,15.74619964,15.72501,0.03364246688796764,-0.09385753311203236,0.1275,False,Bittrex,Kraken
607,01-14-2021_02-36-17,LINK/USD,25.0,15.74619962,15.73002,0.02568813489994489,-0.1018118651000551,0.1275,False,Bittrex,Kraken
608,01-14-2021_02-36-29,LINK/USD,25.0,15.76090798,15.7352,0.04077807578190042,-0.14172192421809957,0.1825,False,Bittrex,Coinbase Pro
609,01-14-2021_02-36-41,LINK/USD,25.0,15.76090796,15.7453,0.02475739348204488,-0.10274260651795512,0.1275,False,Bittrex,Kraken
610,01-14-2021_02-36-52,LINK/USD,25.0,15.76090793,15.74073,0.032006293815081154,-0.09549370618491884,0.1275,False,Bittrex,Kraken
611,01-14-2021_02-37-04,LINK/USD,25.0,15.74592323,15.73087,0.0239002022620703,-0.10359979773792971,0.1275,False,Bittrex,Kraken
612,01-14-2021_02-37-15,LINK/USD,25.0,15.74592318,15.72797,0.028504489376025607,-0.0989955106239744,0.1275,False,Bittrex,Kraken
613,01-14-2021_02-37-26,LINK/USD,25.0,15.7395,15.72884,0.016931922869213873,-0.07306807713078613,0.09,False,Binance US,Kraken
614,01-14-2021_02-37-37,LINK/USD,25.0,15.74587734,15.72921,0.026463022097947604,-0.1010369779020524,0.1275,False,Bittrex,Kraken
615,01-14-2021_02-37-48,LINK/USD,25.0,15.76190079,15.73802,0.03787739549653605,-0.08962260450346396,0.1275,False,Bittrex,Kraken
616,01-14-2021_02-38-00,LINK/USD,25.0,15.76190073,15.73524,0.04228666716136821,-0.1402133328386318,0.1825,False,Bittrex,Coinbase Pro
617,01-14-2021_02-38-11,LINK/USD,25.0,15.74865291,15.72224,0.041928840121985445,-0.08557115987801456,0.1275,False,Bittrex,Kraken
618,01-14-2021_02-38-22,LINK/USD,25.0,15.74865291,15.72959,0.030261175525520868,-0.09723882447447914,0.1275,False,Bittrex,Kraken
619,01-14-2021_02-38-33,LINK/USD,25.0,15.7436466,15.73079,0.02041553702050073,-0.10708446297949928,0.1275,False,Bittrex,Kraken
620,01-14-2021_02-38-43,LINK/USD,25.0,15.73891977,15.72124,0.028082883479875684,-0.09941711652012432,0.1275,False,Bittrex,Kraken
621,01-14-2021_02-38-54,LINK/USD,25.0,15.75046994,15.73659,0.022030993444759246,-0.16046900655524074,0.1825,False,Bittrex,Coinbase Pro
622,01-14-2021_02-39-05,LINK/USD,25.0,15.76560622,15.74587,0.03129632271127538,-0.09620367728872461,0.1275,False,Bittrex,Kraken
623,01-14-2021_02-39-16,LINK/USD,25.0,15.76560611,15.74352,0.03502261480767143,-0.14747738519232856,0.1825,False,Bittrex,Coinbase Pro
624,01-14-2021_02-39-27,LINK/USD,25.0,15.76039107,15.74329,0.02712665872954242,-0.10037334127045758,0.1275,False,Bittrex,Kraken
625,01-14-2021_02-39-37,LINK/USD,25.0,15.74598984,15.7204,0.040629138371145276,-0.08687086162885473,0.1275,False,Bittrex,Kraken
626,01-14-2021_02-39-47,LINK/USD,25.0,15.73254453,15.72348,0.014404106695383763,-0.16809589330461625,0.1825,False,Bittrex,Coinbase Pro
627,01-14-2021_02-39-58,LINK/USD,25.0,15.73254444,15.70931,0.03692098263032067,-0.09057901736967933,0.1275,False,Bittrex,Kraken
628,01-14-2021_02-40-08,LINK/USD,25.0,15.74868427,15.72929,0.030787127463314398,-0.15171287253668558,0.1825,False,Bittrex,Coinbase Pro
629,01-14-2021_02-40-19,LINK/USD,25.0,15.7449,15.72676,0.02880297747206863,-0.06119702252793137,0.09,False,Binance US,Kraken
630,01-14-2021_02-40-29,LINK/USD,25.0,15.73006898,15.71308,0.027000803400165235,-0.15549919659983477,0.1825,False,Bittrex,Coinbase Pro
631,01-14-2021_02-40-40,LINK/USD,25.0,15.73264,15.72687,0.0091688362538011,-0.1758311637461989,0.185,False,Coinbase Pro,Kraken
632,01-14-2021_02-40-50,LINK/USD,25.0,15.73707302,15.72132,0.025025333459372877,-0.1574746665406271,0.1825,False,Bittrex,Coinbase Pro
633,01-14-2021_02-41-00,LINK/USD,25.0,15.73707302,15.72983,0.011506301061823272,-0.11599369893817674,0.1275,False,Bittrex,Kraken
634,01-14-2021_02-41-10,LINK/USD,25.0,15.73527327,15.72346,0.01876877159566657,-0.16373122840433343,0.1825,False,Bittrex,Coinbase Pro
635,01-14-2021_02-41-21,LINK/USD,25.0,15.73527318,15.7201,0.02410695357244455,-0.15839304642755545,0.1825,False,Bittrex,Coinbase Pro
636,01-14-2021_02-41-31,LINK/USD,25.0,15.7491,15.72652,0.03584331803087097,-0.10915668196912902,0.145,False,Binance US,Coinbase Pro
637,01-14-2021_02-41-41,LINK/USD,25.0,15.7489,15.73534,0.02152531287899475,-0.06847468712100524,0.09,False,Binance US,Kraken
638,01-14-2021_02-41-53,LINK/USD,25.0,15.75620022,15.73534,0.03309843063164538,-0.09440156936835462,0.1275,False,Bittrex,Kraken
639,01-14-2021_02-42-04,LINK/USD,25.0,15.76394812,15.74,0.03797925465387794,-0.14452074534612205,0.1825,False,Bittrex,Coinbase Pro
640,01-14-2021_02-42-15,LINK/USD,25.0,15.7678,15.74587,0.03477022793287481,-0.055229772067125184,0.09,False,Binance US,Kraken
641,01-14-2021_02-42-25,LINK/USD,25.0,15.76394806,15.74587,0.028669943486226764,-0.09883005651377325,0.1275,False,Bittrex,Kraken
642,01-14-2021_02-42-36,LINK/USD,25.0,15.77727337,15.74587,0.04976045173260441,-0.0777395482673956,0.1275,False,Bittrex,Kraken
643,01-14-2021_02-42-47,LINK/USD,25.0,15.77727327,15.74587,0.04976029359222762,-0.07773970640777239,0.1275,False,Bittrex,Kraken
644,01-14-2021_02-42-58,LINK/USD,25.0,15.77727317,15.74587,0.049760135451848826,-0.07773986454815118,0.1275,False,Bittrex,Kraken
645,01-14-2021_02-43-09,LINK/USD,25.0,15.76149307,15.74238,0.03031608413478735,-0.09718391586521265,0.1275,False,Bittrex,Kraken
646,01-14-2021_02-43-20,LINK/USD,25.0,15.75394806,15.72744,0.042065741074941,-0.085434258925059,0.1275,False,Bittrex,Kraken
647,01-14-2021_02-43-31,LINK/USD,25.0,15.75394801,15.73026,0.03759059314046949,-0.08990940685953051,0.1275,False,Bittrex,Kraken
648,01-14-2021_02-43-42,LINK/USD,25.0,15.75394799,15.73263,0.03382959943363379,-0.09367040056636622,0.1275,False,Bittrex,Kraken
649,01-14-2021_02-43-51,LINK/USD,25.0,15.75394797,15.72425,0.04712782163644668,-0.1353721783635533,0.1825,False,Bittrex,Coinbase Pro
650,01-14-2021_02-44-02,LINK/USD,25.0,15.74123759,15.71993,0.03384039831394388,-0.09365960168605612,0.1275,False,Bittrex,Kraken
651,01-14-2021_02-44-13,LINK/USD,25.0,15.74123759,15.72124,0.03175987574938969,-0.09574012425061032,0.1275,False,Bittrex,Kraken
652,01-14-2021_02-44-24,LINK/USD,25.0,15.74055021,15.72124,0.03066952829217594,-0.09683047170782406,0.1275,False,Bittrex,Kraken
653,01-14-2021_02-44-35,LINK/USD,25.0,15.74055013,15.71953,0.033385316628701804,-0.09411468337129819,0.1275,False,Bittrex,Kraken
654,01-14-2021_02-44-46,LINK/USD,25.0,15.7428,15.72124,0.034237873821685014,-0.05576212617831498,0.09,False,Binance US,Kraken
655,01-14-2021_02-44-58,LINK/USD,25.0,15.7405501,15.72124,0.030669353798505775,-0.09683064620149423,0.1275,False,Bittrex,Kraken
656,01-14-2021_02-45-09,LINK/USD,25.0,15.74055008,15.71855,0.03494172676333773,-0.09255827323666227,0.1275,False,Bittrex,Kraken
657,01-14-2021_02-45-20,LINK/USD,25.0,15.76375353,15.72124,0.06742291726252458,-0.06007708273747542,0.1275,False,Bittrex,Kraken
658,01-14-2021_02-45-31,LINK/USD,25.0,15.75911344,15.72124,0.06008180622627756,-0.06741819377372243,0.1275,False,Bittrex,Kraken
659,01-14-2021_02-45-42,LINK/USD,25.0,15.75911333,15.72124,0.0600816321434501,-0.0674183678565499,0.1275,False,Bittrex,Kraken
660,01-14-2021_02-45-54,LINK/USD,25.0,15.7594,15.74062,0.029791743340481833,-0.060208256659518164,0.09,False,Binance US,Kraken
661,01-14-2021_02-46-05,LINK/USD,25.0,15.762,15.74062,0.03391067123461588,-0.1510893287653841,0.185,False,Coinbase Pro,Kraken
662,01-14-2021_02-46-16,LINK/USD,25.0,15.77189315,15.7414,0.04833463825488803,-0.07916536174511198,0.1275,False,Bittrex,Kraken
663,01-14-2021_02-46-27,LINK/USD,25.0,15.77189315,15.7414,0.04833463825488803,-0.07916536174511198,0.1275,False,Bittrex,Kraken
664,01-14-2021_02-46-38,LINK/USD,25.0,15.76502116,15.7414,0.03745817998001242,-0.09004182001998759,0.1275,False,Bittrex,Kraken
665,01-14-2021_02-46-48,LINK/USD,25.0,15.7659,15.7414,0.03884966922281592,-0.1461503307771841,0.185,False,Coinbase Pro,Kraken
666,01-14-2021_02-46-59,LINK/USD,25.0,15.7762,15.74714,0.04605037968585499,-0.043949620314145,0.09,False,Binance US,Kraken
667,01-14-2021_02-47-09,LINK/USD,25.0,15.76825983,15.74077,0.0435841213557685,-0.0839158786442315,0.1275,False,Bittrex,Kraken
668,01-14-2021_02-47-20,LINK/USD,25.0,15.76825979,15.74077,0.04358405804779144,-0.08391594195220856,0.1275,False,Bittrex,Kraken
669,01-14-2021_02-47-31,LINK/USD,25.0,15.76825979,15.74077,0.04358405804779144,-0.08391594195220856,0.1275,False,Bittrex,Kraken
670,01-14-2021_02-47-43,LINK/USD,25.0,15.7786576,15.75734,0.03377600385979839,-0.0937239961402016,0.1275,False,Bittrex,Kraken
671,01-14-2021_02-47-53,LINK/USD,25.0,15.77865753,15.75132,0.043314093654709826,-0.08418590634529018,0.1275,False,Bittrex,Kraken
672,01-14-2021_02-48-04,LINK/USD,25.0,15.77865745,15.75661,0.034932392172568084,-0.09256760782743192,0.1275,False,Bittrex,Kraken
673,01-14-2021_02-48-15,LINK/USD,25.0,15.80877485,15.787,0.03443475254503973,-0.028065247454960272,0.0625,False,Bittrex,Binance US
674,01-14-2021_02-48-26,LINK/USD,25.0,15.80877482,15.787,0.03443470516837812,-0.02806529483162188,0.0625,False,Bittrex,Binance US
675,01-14-2021_02-48-37,LINK/USD,25.0,15.78720068,15.7702,0.026921618887026905,-0.1005783811129731,0.1275,False,Bittrex,Kraken
676,01-14-2021_02-48-48,LINK/USD,25.0,15.78720067,15.76621,0.0332400126513397,-0.09425998734866031,0.1275,False,Bittrex,Kraken
677,01-14-2021_02-49-01,LINK/USD,25.0,15.78720065,15.77556,0.018433682858145537,-0.10906631714185447,0.1275,False,Bittrex,Kraken
678,01-14-2021_02-49-11,LINK/USD,25.0,15.78266166,15.77101,0.018456424288576023,-0.10904357571142398,0.1275,False,Bittrex,Kraken
679,01-14-2021_02-49-21,LINK/USD,25.0,15.78266166,15.76536,0.027406118772492754,-0.10009388122750724,0.1275,False,Bittrex,Kraken
680,01-14-2021_02-49-33,LINK/USD,25.0,15.77327575,15.75901,0.0226106330512859,-0.1048893669487141,0.1275,False,Bittrex,Kraken
681,01-14-2021_02-49-42,LINK/USD,25.0,15.77327572,15.75048,0.03613028835078477,-0.09136971164921523,0.1275,False,Bittrex,Kraken
682,01-14-2021_02-49-52,LINK/USD,25.0,15.7626,15.743,0.031086242117417978,-0.05891375788258202,0.09,False,Binance US,Kraken
683,01-14-2021_02-50-02,LINK/USD,25.0,15.75996652,15.7347,0.040080224738955575,-0.08741977526104443,0.1275,False,Bittrex,Kraken
684,01-14-2021_02-50-12,LINK/USD,25.0,15.74398768,15.72931,0.02330680177463169,-0.10419319822536831,0.1275,False,Bittrex,Kraken
685,01-14-2021_02-50-24,LINK/USD,25.0,15.74398766,15.73208,0.018908265582317407,-0.10859173441768259,0.1275,False,Bittrex,Kraken
686,01-14-2021_02-50-34,LINK/USD,25.0,15.74398764,15.72327,0.032897701131580775,-0.09460229886841923,0.1275,False,Bittrex,Kraken
687,01-14-2021_02-50-45,LINK/USD,25.0,15.74398764,15.7286,0.024434152820511465,-0.10306584717948854,0.1275,False,Bittrex,Kraken
688,01-14-2021_02-50-55,LINK/USD,25.0,15.7443,15.73056,0.021817419637583612,-0.06818258036241638,0.09,False,Binance US,Kraken
689,01-14-2021_02-51-08,LINK/USD,25.0,15.7462,15.7313,0.023656501251096775,-0.06634349874890322,0.09,False,Binance US,Kraken
690,01-14-2021_02-51-17,LINK/USD,25.0,15.76096096,15.74093,0.03177306264960082,-0.09572693735039918,0.1275,False,Bittrex,Kraken
691,01-14-2021_02-51-29,LINK/USD,25.0,15.76096085,15.74544,0.024619136719700212,-0.10288086328029979,0.1275,False,Bittrex,Kraken
692,01-14-2021_02-51-40,LINK/USD,25.0,15.76096095,15.73619,0.03929162390317141,-0.14320837609682857,0.1825,False,Bittrex,Coinbase Pro
693,01-14-2021_02-51-52,LINK/USD,25.0,15.76096094,15.73546,0.040449532387459526,-0.08705046761254048,0.1275,False,Bittrex,Kraken
694,01-14-2021_02-52-04,LINK/USD,25.0,15.75505403,15.72843,0.04224680846746783,-0.08525319153253216,0.1275,False,Bittrex,Kraken
695,01-14-2021_02-52-16,LINK/USD,25.0,15.76896619,15.74548,0.03723482839175244,-0.09026517160824757,0.1275,False,Bittrex,Kraken
696,01-14-2021_02-52-29,LINK/USD,25.0,15.7592,15.74784,0.01802121935123581,-0.07197878064876419,0.09,False,Binance US,Kraken
697,01-14-2021_02-52-40,LINK/USD,25.0,15.7583,15.73877,0.030983672096608777,-0.059016327903391216,0.09,False,Binance US,Kraken
698,01-14-2021_02-52-50,LINK/USD,25.0,15.75509328,15.73877,0.025901592123102838,-0.10159840787689717,0.1275,False,Bittrex,Kraken
699,01-14-2021_02-53-00,LINK/USD,25.0,15.75202385,15.73054,0.0340969678001106,-0.09340303219988941,0.1275,False,Bittrex,Kraken
700,01-14-2021_02-53-11,LINK/USD,25.0,15.75202385,15.72958,0.03562058154197143,-0.09187941845802858,0.1275,False,Bittrex,Kraken
701,01-14-2021_02-53-22,LINK/USD,25.0,15.75202383,15.72221,0.04731745952418381,-0.08018254047581619,0.1275,False,Bittrex,Kraken
702,01-14-2021_02-53-33,LINK/USD,25.0,15.75202379,15.72315,0.045825524365844764,-0.08167447563415524,0.1275,False,Bittrex,Kraken
703,01-14-2021_02-53-43,LINK/USD,25.0,15.75202379,15.72315,0.045825524365844764,-0.08167447563415524,0.1275,False,Bittrex,Kraken
704,01-14-2021_02-53-53,LINK/USD,25.0,15.75202379,15.73603,0.025383706584665683,-0.10211629341533432,0.1275,False,Bittrex,Kraken
705,01-14-2021_02-54-04,LINK/USD,25.0,15.74726435,15.71941,0.04422093479366805,-0.08327906520633195,0.1275,False,Bittrex,Kraken
706,01-14-2021_02-54-15,LINK/USD,25.0,15.74726429,15.72,0.043284169075185674,-0.13921583092481432,0.1825,False,Bittrex,Coinbase Pro
707,01-14-2021_02-54-25,LINK/USD,25.0,15.74726426,15.71965,0.04383977360141158,-0.08366022639858842,0.1275,False,Bittrex,Kraken
708,01-14-2021_02-54-36,LINK/USD,25.0,15.74726421,15.72976,0.02778928734313819,-0.09971071265686181,0.1275,False,Bittrex,Kraken
709,01-14-2021_02-54-45,LINK/USD,25.0,15.74726421,15.72989,0.02758290228751044,-0.09991709771248956,0.1275,False,Bittrex,Kraken
710,01-14-2021_02-54-55,LINK/USD,25.0,15.74726421,15.73356,0.0217564934093403,-0.1057435065906597,0.1275,False,Bittrex,Kraken
711,01-14-2021_02-55-05,LINK/USD,25.0,15.74726421,15.73505,0.01939100315635327,-0.10810899684364673,0.1275,False,Bittrex,Kraken
712,01-14-2021_02-55-15,LINK/USD,25.0,15.74726414,15.72052,0.04245839112469462,-0.08504160887530537,0.1275,False,Bittrex,Kraken
713,01-14-2021_02-55-25,LINK/USD,25.0,15.75098226,15.7324,0.029493811391037204,-0.15300618860896278,0.1825,False,Bittrex,Coinbase Pro
714,01-14-2021_02-55-37,LINK/USD,25.0,15.75098219,15.72765,0.03703291280275335,-0.09046708719724665,0.1275,False,Bittrex,Kraken
715,01-14-2021_02-55-48,LINK/USD,25.0,15.75098215,15.72154,0.04673065736412075,-0.13576934263587925,0.1825,False,Bittrex,Coinbase Pro
716,01-14-2021_02-56-00,LINK/USD,25.0,15.73581378,15.72279,0.02069130357998085,-0.10680869642001915,0.1275,False,Bittrex,Kraken
717,01-14-2021_02-56-11,LINK/USD,25.0,15.73581378,15.71958,0.02579113515665967,-0.10170886484334032,0.1275,False,Bittrex,Kraken
718,01-14-2021_02-56-22,LINK/USD,25.0,15.73581378,15.71501,0.03305164303997213,-0.09444835696002787,0.1275,False,Bittrex,Kraken
719,01-14-2021_02-56-33,LINK/USD,25.0,15.73581378,15.71538,0.03246381198596197,-0.09503618801403804,0.1275,False,Bittrex,Kraken
720,01-14-2021_02-56-44,LINK/USD,25.0,15.73581375,15.70831,0.043696103736610495,-0.13880389626338951,0.1825,False,Bittrex,Coinbase Pro
721,01-14-2021_02-56-54,LINK/USD,25.0,15.72202405,15.69629,0.040920383275969655,-0.14157961672403035,0.1825,False,Bittrex,Coinbase Pro
722,01-14-2021_02-57-05,LINK/USD,25.0,15.69357216,15.67026,0.037136478174513474,-0.1453635218254865,0.1825,False,Bittrex,Coinbase Pro
723,01-14-2021_02-57-15,LINK/USD,25.0,15.68141413,15.65908,0.03560605219473411,-0.14689394780526588,0.1825,False,Bittrex,Coinbase Pro
724,01-14-2021_02-57-26,LINK/USD,25.0,15.6757436,15.65959,0.02576209526672929,-0.1567379047332707,0.1825,False,Bittrex,Coinbase Pro
725,01-14-2021_02-57-36,LINK/USD,25.0,15.67513626,15.65886,0.025958721713848294,-0.1565412782861517,0.1825,False,Bittrex,Coinbase Pro
726,01-14-2021_02-57-46,LINK/USD,25.0,15.67513617,15.66001,0.024124463475075943,-0.15837553652492406,0.1825,False,Bittrex,Coinbase Pro
727,01-14-2021_02-57-57,LINK/USD,25.0,15.67513617,15.6658,0.014890093934028006,-0.04760990606597199,0.0625,False,Bittrex,Binance US
728,01-14-2021_02-58-10,LINK/USD,25.0,15.66135154,15.61586,0.07261751944557979,-0.10988248055442021,0.1825,False,Bittrex,Coinbase Pro
729,01-14-2021_02-58-21,LINK/USD,25.0,15.63687071,15.62441,0.019922000749216608,-0.1075779992507834,0.1275,False,Bittrex,Kraken
730,01-14-2021_02-58-33,LINK/USD,25.0,15.6271,15.61646,0.01702171228187,-0.07297828771813,0.09,False,Binance US,Kraken
731,01-14-2021_02-58-44,LINK/USD,25.0,15.62576499,15.61156,0.022726871306925436,-0.15977312869307456,0.1825,False,Bittrex,Coinbase Pro
732,01-14-2021_02-58-57,LINK/USD,25.0,15.62576499,15.6178,0.012743360093244971,-0.11475663990675503,0.1275,False,Bittrex,Kraken
733,01-14-2021_02-59-07,LINK/USD,25.0,15.64217193,15.6191,0.03687456272576657,-0.14562543727423344,0.1825,False,Bittrex,Coinbase Pro
734,01-14-2021_02-59-19,LINK/USD,25.0,15.64217189,15.61933,0.036506902878690455,-0.09099309712130954,0.1275,False,Bittrex,Kraken
735,01-14-2021_02-59-31,LINK/USD,25.0,15.65919094,15.62714,0.05116953379457216,-0.07633046620542784,0.1275,False,Bittrex,Kraken
736,01-14-2021_02-59-42,LINK/USD,25.0,15.65919086,15.63022,0.046252166314040874,-0.08124783368595913,0.1275,False,Bittrex,Kraken
737,01-14-2021_02-59-52,LINK/USD,25.0,15.65919076,15.64145,0.028323238844046757,-0.15417676115595325,0.1825,False,Bittrex,Coinbase Pro
738,01-14-2021_03-00-04,LINK/USD,25.0,15.65919062,15.6402,0.030318648742524042,-0.15218135125747595,0.1825,False,Bittrex,Coinbase Pro
739,01-14-2021_03-00-15,LINK/USD,25.0,15.66888748,15.65768,0.017881741786560566,-0.10961825821343943,0.1275,False,Bittrex,Kraken
740,01-14-2021_03-00-27,LINK/USD,25.0,15.6758,15.66186,0.02223172023118412,-0.06776827976881587,0.09,False,Binance US,Kraken
741,01-14-2021_03-00-38,LINK/USD,25.0,15.6734,15.6572,0.02583995814565015,-0.06416004185434984,0.09,False,Binance US,Kraken
742,01-14-2021_03-00-48,LINK/USD,25.0,15.68114768,15.65927,0.0348789521762879,-0.09262104782371211,0.1275,False,Bittrex,Kraken
743,01-14-2021_03-00-59,LINK/USD,25.0,15.6811477,15.6629,0.029091780061480874,-0.1534082199385191,0.1825,False,Bittrex,Coinbase Pro
744,01-14-2021_03-01-11,LINK/USD,25.0,15.65919055,15.63601,0.03700789949196847,-0.14549210050803152,0.1825,False,Bittrex,Coinbase Pro
745,01-14-2021_03-01-22,LINK/USD,25.0,15.65430546,15.63601,0.029217936315903397,-0.1532820636840966,0.1825,False,Bittrex,Coinbase Pro
746,01-14-2021_03-01-34,LINK/USD,25.0,15.63136796,15.61618,0.02429083628327633,-0.15820916371672367,0.1825,False,Bittrex,Coinbase Pro
747,01-14-2021_03-01-45,LINK/USD,25.0,15.63136794,15.62307,0.01327129530801685,-0.16922870469198315,0.1825,False,Bittrex,Coinbase Pro
748,01-14-2021_03-01-57,LINK/USD,25.0,15.62967087,15.6075,0.035462790906485776,-0.14703720909351423,0.1825,False,Bittrex,Coinbase Pro
749,01-14-2021_03-02-09,LINK/USD,25.0,15.62967086,15.61006,0.03136799900595996,-0.09613200099404004,0.1275,False,Bittrex,Kraken
750,01-14-2021_03-02-20,LINK/USD,25.0,15.62967083,15.60085,0.04609954731849077,-0.13640045268150922,0.1825,False,Bittrex,Coinbase Pro
751,01-14-2021_03-02-31,LINK/USD,25.0,15.62966482,15.6062,0.037532506727167514,-0.14496749327283248,0.1825,False,Bittrex,Coinbase Pro
752,01-14-2021_03-02-42,LINK/USD,25.0,15.62966152,15.59896,0.0491077813180962,-0.1333922186819038,0.1825,False,Bittrex,Coinbase Pro
753,01-14-2021_03-02-53,LINK/USD,25.0,15.62966141,15.6118,0.028569732784761707,-0.03393026721523829,0.0625,False,Bittrex,Binance US
754,01-14-2021_03-03-05,LINK/USD,25.0,15.62964728,15.60901,0.03300983002093819,-0.09449016997906182,0.1275,False,Bittrex,Kraken
755,01-14-2021_03-03-17,LINK/USD,25.0,15.629645,15.61085,0.03006306285267641,-0.1524369371473236,0.1825,False,Bittrex,Coinbase Pro
756,01-14-2021_03-03-28,LINK/USD,25.0,15.62964097,15.60897,0.03306373134174619,-0.1494362686582538,0.1825,False,Bittrex,Coinbase Pro
757,01-14-2021_03-03-41,LINK/USD,25.0,15.62963835,15.60396,0.04107316724957961,-0.0864268327504204,0.1275,False,Bittrex,Kraken
758,01-14-2021_03-03-53,LINK/USD,25.0,15.62963161,15.6136,0.025642974831446844,-0.03685702516855316,0.0625,False,Bittrex,Binance US
759,01-14-2021_03-04-16,LINK/USD,25.0,15.62962487,15.61081,0.030094884164676573,-0.09740511583532344,0.1275,False,Bittrex,Kraken
760,01-14-2021_03-04-28,LINK/USD,25.0,15.62961724,15.61148,0.029011011148728106,-0.15348898885127188,0.1825,False,Bittrex,Coinbase Pro
761,01-14-2021_03-04-50,LINK/USD,25.0,15.62961232,15.61,0.031370451804015445,-0.031129548195984555,0.0625,False,Bittrex,Binance US
762,01-14-2021_03-05-03,LINK/USD,25.0,15.62960831,15.61,0.031364045744279805,-0.031135954255720195,0.0625,False,Bittrex,Binance US
763,01-14-2021_03-05-25,LINK/USD,25.0,15.62960479,15.6093,0.032478092493087356,-0.09502190750691264,0.1275,False,Bittrex,Kraken
764,01-14-2021_03-05-37,LINK/USD,25.0,15.6296035,15.60215,0.04391266227578969,-0.1385873377242103,0.1825,False,Bittrex,Coinbase Pro
765,01-14-2021_03-05-59,LINK/USD,25.0,15.6295973,15.59522,0.054987501181493884,-0.07251249881850612,0.1275,False,Bittrex,Kraken
766,01-14-2021_03-06-11,LINK/USD,25.0,15.62959381,15.60455,0.04005831870047758,-0.08744168129952243,0.1275,False,Bittrex,Kraken
767,01-14-2021_03-06-34,LINK/USD,25.0,15.62958222,15.5909,0.06187340687600302,-0.000626593123996981,0.0625,False,Bittrex,Binance US
768,01-14-2021_03-06-45,LINK/USD,25.0,15.62958214,15.5909,0.06187327923022865,-0.0006267207697713481,0.0625,False,Bittrex,Binance US
769,01-14-2021_03-06-56,LINK/USD,25.0,15.62957447,15.59909,0.048760876469337626,-0.07873912353066237,0.1275,False,Bittrex,Kraken
770,01-14-2021_03-07-07,LINK/USD,25.0,15.62956828,15.5909,0.061851164579961974,-0.0006488354200380256,0.0625,False,Bittrex,Binance US
771,01-14-2021_03-07-18,LINK/USD,25.0,15.62956091,15.59734,0.05153841202823575,-0.07596158797176425,0.1275,False,Bittrex,Kraken
772,01-14-2021_03-07-30,LINK/USD,25.0,15.62955507,15.59447,0.05611975171856402,-0.07138024828143598,0.1275,False,Bittrex,Kraken
773,01-14-2021_03-07-51,LINK/USD,25.0,15.62954839,15.60102,0.04563214062258641,-0.13686785937741358,0.1825,False,Bittrex,Coinbase Pro
774,01-14-2021_03-08-04,LINK/USD,25.0,15.62954327,15.60125,0.04525607292425847,-0.08224392707574153,0.1275,False,Bittrex,Kraken
775,01-14-2021_03-08-17,LINK/USD,25.0,15.6302,15.60125,0.04630458983250379,-0.04369541016749621,0.09,False,Binance US,Kraken
776,01-14-2021_03-08-39,LINK/USD,25.0,15.62953163,15.60513,0.03903128797724542,-0.08846871202275458,0.1275,False,Bittrex,Kraken
777,01-14-2021_03-08-49,LINK/USD,25.0,15.62952338,15.6028,0.04274503347011206,-0.08475496652988794,0.1275,False,Bittrex,Kraken
778,01-14-2021_03-09-02,LINK/USD,25.0,15.62950883,15.60503,0.0391548292819919,-0.0883451707180081,0.1275,False,Bittrex,Kraken
779,01-14-2021_03-09-13,LINK/USD,25.0,15.62950709,15.59936,0.048221434345950026,-0.07927856565404998,0.1275,False,Bittrex,Kraken
780,01-14-2021_03-09-24,LINK/USD,25.0,15.62949994,15.59372,0.05723142157035827,-0.12526857842964173,0.1825,False,Bittrex,Coinbase Pro
781,01-14-2021_03-09-36,LINK/USD,25.0,15.62949985,15.58431,0.07228294320627264,-0.05521705679372736,0.1275,False,Bittrex,Kraken
782,01-14-2021_03-09-59,LINK/USD,25.0,15.62948601,15.59522,0.054809879829185434,-0.07269012017081457,0.1275,False,Bittrex,Kraken
783,01-14-2021_03-10-11,LINK/USD,25.0,15.62947996,15.58378,0.0730989772483744,-0.0544010227516256,0.1275,False,Bittrex,Kraken
784,01-14-2021_03-10-22,LINK/USD,25.0,15.62947973,15.57455,0.08786237761735075,-0.03963762238264926,0.1275,False,Bittrex,Kraken
785,01-14-2021_03-10-45,LINK/USD,25.0,15.62947577,15.58275,0.07473982283156275,-0.052760177168437256,0.1275,False,Bittrex,Kraken
786,01-14-2021_03-10-57,LINK/USD,25.0,15.62947574,15.58198,0.0759714221866799,-0.0515285778133201,0.1275,False,Bittrex,Kraken
787,01-14-2021_03-11-09,LINK/USD,25.0,15.62946355,15.60512,0.03893855653158534,-0.08856144346841466,0.1275,False,Bittrex,Kraken
788,01-14-2021_03-11-32,LINK/USD,25.0,15.62945586,15.59598,0.05354610598708227,-0.07395389401291774,0.1275,False,Bittrex,Kraken
789,01-14-2021_03-11-45,LINK/USD,25.0,15.62945414,15.59765,0.05087212214053721,-0.13162787785946278,0.1825,False,Bittrex,Coinbase Pro
790,01-14-2021_03-12-09,LINK/USD,25.0,15.62945204,15.58875,0.065104713677475,-0.062395286322525,0.1275,False,Bittrex,Kraken
791,01-14-2021_03-12-22,LINK/USD,25.0,15.6294519,15.58831,0.06580828979677705,-0.06169171020322295,0.1275,False,Bittrex,Kraken
792,01-14-2021_03-12-46,LINK/USD,25.0,15.6294394,15.59681,0.052192211065486355,-0.07530778893451365,0.1275,False,Bittrex,Kraken
793,01-14-2021_03-13-00,LINK/USD,25.0,15.62943456,15.60379,0.041019654136483244,-0.08648034586351676,0.1275,False,Bittrex,Kraken
794,01-14-2021_03-13-22,LINK/USD,25.0,15.62943285,15.60302,0.04224857397816553,-0.08525142602183447,0.1275,False,Bittrex,Kraken
795,01-14-2021_03-13-34,LINK/USD,25.0,15.62942136,15.60379,0.0409985747546578,-0.08650142524534221,0.1275,False,Bittrex,Kraken
796,01-14-2021_03-13-48,LINK/USD,25.0,15.6294134,15.60379,0.04098586323143873,-0.08651413676856128,0.1275,False,Bittrex,Kraken
797,01-14-2021_03-14-00,LINK/USD,25.0,15.6294105,15.60378,0.04099722763056244,-0.08650277236943757,0.1275,False,Bittrex,Kraken
798,01-14-2021_03-14-11,LINK/USD,25.0,15.63343,15.60379,0.04739842760034195,-0.13760157239965803,0.185,False,Coinbase Pro,Kraken
799,01-14-2021_03-14-23,LINK/USD,25.0,15.65919058,15.60379,0.08844738768100582,-0.03905261231899418,0.1275,False,Bittrex,Kraken
800,01-14-2021_03-14-35,LINK/USD,25.0,15.65919048,15.61941,0.06350979645277172,-0.06399020354722829,0.1275,False,Bittrex,Kraken
801,01-14-2021_03-14-47,LINK/USD,25.0,15.65919036,15.62692,0.05151984115735606,-0.07598015884264395,0.1275,False,Bittrex,Kraken
802,01-14-2021_03-15-00,LINK/USD,25.0,15.6645,15.65106,0.021449774968880283,-0.06855022503111971,0.09,False,Binance US,Kraken
803,01-14-2021_03-15-11,LINK/USD,25.0,15.65919054,15.63522,0.038269123711678996,-0.14423087628832099,0.1825,False,Bittrex,Coinbase Pro
804,01-14-2021_03-15-23,LINK/USD,25.0,15.65918725,15.6199,0.06272236447009885,-0.06477763552990115,0.1275,False,Bittrex,Kraken
805,01-14-2021_03-15-36,LINK/USD,25.0,15.62949045,15.60775,0.034774726133188064,-0.09272527386681194,0.1275,False,Bittrex,Kraken
806,01-14-2021_03-15-49,LINK/USD,25.0,15.62948312,15.59116,0.06129940399462068,-0.06620059600537932,0.1275,False,Bittrex,Kraken
807,01-14-2021_03-16-02,LINK/USD,25.0,15.62947768,15.57722,0.08358833396408213,-0.04391166603591787,0.1275,False,Bittrex,Kraken
808,01-14-2021_03-16-16,LINK/USD,25.0,15.62947182,15.57442,0.08805771019330454,-0.039442289806695466,0.1275,False,Bittrex,Kraken
809,01-14-2021_03-16-29,LINK/USD,25.0,15.62946499,15.57568,0.08603139972227622,-0.04146860027772378,0.1275,False,Bittrex,Kraken
810,01-14-2021_03-16-40,LINK/USD,25.0,15.62945913,15.57335,0.08974899504408053,-0.03775100495591947,0.1275,False,Bittrex,Kraken
811,01-14-2021_03-17-02,LINK/USD,25.0,15.62945676,15.54827,0.1298617751830288,0.002361775183028797,0.1275,False,Bittrex,Kraken
812,01-14-2021_03-17-15,LINK/USD,25.0,15.62945481,15.53662,0.14849335937905495,-0.03400664062094505,0.1825,False,Bittrex,Coinbase Pro
813,01-14-2021_03-17-38,LINK/USD,25.0,15.62944793,15.5371,0.14771463844020588,-0.034785361559794115,0.1825,False,Bittrex,Coinbase Pro
814,01-14-2021_03-17-50,LINK/USD,25.0,15.62944611,15.53887,0.1448805500887975,0.017380550088797492,0.1275,True,Bittrex,Kraken
815,01-14-2021_03-18-13,LINK/USD,25.0,15.62943948,15.5327,0.15473920245795036,0.027239202457950362,0.1275,True,Bittrex,Kraken
816,01-14-2021_03-18-26,LINK/USD,25.0,15.62943577,15.53114,0.15722859648694792,0.029728596486947922,0.1275,True,Bittrex,Kraken
817,01-14-2021_03-18-51,LINK/USD,25.0,15.62942768,15.51214,0.18760712548368674,0.06010712548368674,0.1275,True,Bittrex,Kraken
818,01-14-2021_03-19-05,LINK/USD,25.0,15.62942068,15.45896,0.272659946088292,0.14515994608829202,0.1275,True,Bittrex,Kraken
819,01-14-2021_03-19-31,LINK/USD,25.0,15.506992,15.45829,0.07851619450116513,-0.04898380549883487,0.1275,False,Bittrex,Kraken
820,01-14-2021_03-20-06,LINK/USD,25.0,15.56923358,15.49708,0.11585923550644064,-0.011640764493559358,0.1275,False,Bittrex,Kraken
821,01-14-2021_03-20-19,LINK/USD,25.0,15.56923086,15.47294,0.1546172397112234,0.0271172397112234,0.1275,True,Bittrex,Kraken
822,01-14-2021_03-20-45,LINK/USD,25.0,15.56921673,15.47217,0.1558311051913795,0.02833110519137949,0.1275,True,Bittrex,Kraken
823,01-14-2021_03-21-11,LINK/USD,25.0,15.56921097,15.53148,0.06058587373615655,-0.06691412626384345,0.1275,False,Bittrex,Kraken
824,01-14-2021_03-21-36,LINK/USD,25.0,15.56920298,15.53536,0.054342826738583795,-0.07315717326141621,0.1275,False,Bittrex,Kraken
825,01-14-2021_03-21-49,LINK/USD,25.0,15.56920285,15.53566,0.053860898215479125,-0.07363910178452088,0.1275,False,Bittrex,Kraken
826,01-14-2021_03-22-13,LINK/USD,25.0,15.56919554,15.53045,0.0622150641959256,-0.0652849358040744,0.1275,False,Bittrex,Kraken
827,01-14-2021_03-22-24,LINK/USD,25.0,15.56919541,15.54812,0.033841520780295585,-0.09365847921970441,0.1275,False,Bittrex,Kraken
828,01-14-2021_03-22-37,LINK/USD,25.0,15.5691924,15.54581,0.03754594233160243,-0.08995405766839756,0.1275,False,Bittrex,Kraken
829,01-14-2021_03-22-50,LINK/USD,25.0,15.5691848,15.51813,0.08198052861444786,-0.04551947138555214,0.1275,False,Bittrex,Kraken
830,01-14-2021_03-23-15,LINK/USD,25.0,15.56918023,15.51736,0.08320963151956616,-0.04429036848043384,0.1275,False,Bittrex,Kraken
831,01-14-2021_03-23-26,LINK/USD,25.0,15.56916913,15.51736,0.08319186715649825,-0.044308132843501755,0.1275,False,Bittrex,Kraken
832,01-14-2021_03-23-39,LINK/USD,25.0,15.63387455,15.55118,0.1322361736617609,0.004736173661760906,0.1275,False,Bittrex,Kraken
833,01-14-2021_03-23-52,LINK/USD,25.0,15.63386902,15.55179,0.1312519311358541,0.003751931135854092,0.1275,False,Bittrex,Kraken
834,01-14-2021_03-24-15,LINK/USD,25.0,15.63386187,15.58745,0.07421689916721777,-0.05328310083278223,0.1275,False,Bittrex,Kraken
835,01-14-2021_03-24-29,LINK/USD,25.0,15.63385989,15.61043,0.03746657921468834,-0.09003342078531165,0.1275,False,Bittrex,Kraken
836,01-14-2021_03-24-42,LINK/USD,25.0,15.63385981,15.61562,0.02916715740973621,-0.09833284259026379,0.1275,False,Bittrex,Kraken
837,01-14-2021_03-24-53,LINK/USD,25.0,15.6449,15.61735,0.04402393112132347,-0.04597606887867653,0.09,False,Binance US,Kraken
838,01-14-2021_03-25-05,LINK/USD,25.0,15.6375,15.6201,0.02781774580335496,-0.06218225419664504,0.09,False,Binance US,Kraken
839,01-14-2021_03-25-18,LINK/USD,25.0,15.63384663,15.61418,0.03144880218132449,-0.09605119781867552,0.1275,False,Bittrex,Kraken
840,01-14-2021_03-25-30,LINK/USD,25.0,15.63384651,15.60725,0.04253033631708462,-0.08496966368291539,0.1275,False,Bittrex,Kraken
841,01-14-2021_03-25-43,LINK/USD,25.0,15.63384315,15.6043,0.047242302670793226,-0.08025769732920678,0.1275,False,Bittrex,Kraken
842,01-14-2021_03-25-54,LINK/USD,25.0,15.63383918,15.60093,0.05262491768832554,-0.07487508231167446,0.1275,False,Bittrex,Kraken
843,01-14-2021_03-26-06,LINK/USD,25.0,15.63383907,15.60905,0.039640087583427824,-0.08785991241657218,0.1275,False,Bittrex,Kraken
844,01-14-2021_03-26-19,LINK/USD,25.0,15.63383355,15.60823,0.04094253325346359,-0.08655746674653642,0.1275,False,Bittrex,Kraken
845,01-14-2021_03-26-41,LINK/USD,25.0,15.63382294,15.60649,0.04370802347080804,-0.08379197652919196,0.1275,False,Bittrex,Kraken
846,01-14-2021_03-26-53,LINK/USD,25.0,15.63382287,15.61101,0.036479993072863835,-0.09102000692713616,0.1275,False,Bittrex,Kraken
847,01-14-2021_03-27-06,LINK/USD,25.0,15.63381835,15.61022,0.037736062732237646,-0.08976393726776236,0.1275,False,Bittrex,Kraken
848,01-14-2021_03-27-17,LINK/USD,25.0,15.6415,15.6228,0.029888437809674307,-0.06011156219032569,0.09,False,Binance US,Kraken
849,01-14-2021_03-27-29,LINK/USD,25.0,15.71430793,15.63151,0.1317237933239353,0.004223793323935299,0.1275,False,Bittrex,Kraken
850,01-14-2021_03-27-43,LINK/USD,25.0,15.71429986,15.635,0.12615875461600232,-0.0013412453839976857,0.1275,False,Bittrex,Kraken
851,01-14-2021_03-27-54,LINK/USD,25.0,15.71429962,15.63499,0.1261742838017748,-0.0013257161982251908,0.1275,False,Bittrex,Kraken
852,01-14-2021_03-28-06,LINK/USD,25.0,15.71429292,15.63575,0.1249545881571875,-0.0025454118428124978,0.1275,False,Bittrex,Kraken
853,01-14-2021_03-28-30,LINK/USD,25.0,15.71428269,15.63577,0.12490657631156307,-0.00259342368843693,0.1275,False,Bittrex,Kraken
854,01-14-2021_03-28-43,LINK/USD,25.0,15.71427841,15.64624,0.10824297531330261,-0.01925702468669739,0.1275,False,Bittrex,Kraken
855,01-14-2021_03-28-54,LINK/USD,25.0,15.75698037,15.73792,0.030241152734266002,-0.152258847265734,0.1825,False,Bittrex,Coinbase Pro
856,01-14-2021_03-29-06,LINK/USD,25.0,15.75698031,15.74898,0.012693279173108104,-0.1148067208268919,0.1275,False,Bittrex,Kraken
857,01-14-2021_03-29-19,LINK/USD,25.0,15.75698035,15.70763,0.07829918693780565,-0.10420081306219435,0.1825,False,Bittrex,Coinbase Pro
858,01-14-2021_03-29-31,LINK/USD,25.0,15.75698028,15.70896,0.07618890032653061,-0.10631109967346938,0.1825,False,Bittrex,Coinbase Pro
859,01-14-2021_03-29-43,LINK/USD,25.0,15.7569802,15.71594,0.06511431676483198,-0.06238568323516802,0.1275,False,Bittrex,Kraken
860,01-14-2021_03-30-04,LINK/USD,25.0,15.75698009,15.70576,0.08126571479345102,-0.046234285206548986,0.1275,False,Bittrex,Kraken
861,01-14-2021_03-30-17,LINK/USD,25.0,15.75698004,15.71828,0.06140142321332813,-0.06609857678667187,0.1275,False,Bittrex,Kraken
862,01-14-2021_03-30-28,LINK/USD,25.0,15.75698004,15.70451,0.08324888377531912,-0.09925111622468087,0.1825,False,Bittrex,Coinbase Pro
863,01-14-2021_03-30-40,LINK/USD,25.0,15.75697999,15.70831,0.07721973060650995,-0.05028026939349005,0.1275,False,Bittrex,Kraken
864,01-14-2021_03-30-52,LINK/USD,25.0,15.75697983,15.70705,0.07921859159985983,-0.04828140840014017,0.1275,False,Bittrex,Kraken
865,01-14-2021_03-31-05,LINK/USD,25.0,15.75697959,15.69394,0.10001851820638283,-0.08248148179361717,0.1825,False,Bittrex,Coinbase Pro
866,01-14-2021_03-31-15,LINK/USD,25.0,15.75697947,15.70726,0.07888483654919592,-0.10361516345080407,0.1825,False,Bittrex,Coinbase Pro
867,01-14-2021_03-31-25,LINK/USD,25.0,15.75697942,15.69911,0.0918155352899502,-0.09068446471004979,0.1825,False,Bittrex,Coinbase Pro
868,01-14-2021_03-31-36,LINK/USD,25.0,15.75697942,15.69962,0.09100637005211139,-0.036493629947888614,0.1275,False,Bittrex,Kraken
869,01-14-2021_03-31-46,LINK/USD,25.0,15.75697941,15.68357,0.11647126027437008,-0.06602873972562992,0.1825,False,Bittrex,Coinbase Pro
870,01-14-2021_03-31-59,LINK/USD,25.0,15.75697936,15.66723,0.14239620099369218,-0.04010379900630781,0.1825,False,Bittrex,Coinbase Pro
871,01-14-2021_03-32-11,LINK/USD,25.0,15.75697933,15.67642,0.12781531331741586,-0.05468468668258414,0.1825,False,Bittrex,Coinbase Pro
872,01-14-2021_03-32-23,LINK/USD,25.0,15.75697927,15.67002,0.1379694491404907,0.010469449140490694,0.1275,True,Bittrex,Kraken
873,01-14-2021_03-32-35,LINK/USD,25.0,15.75697913,15.69465,0.0988913063312539,-0.028608693668746105,0.1275,False,Bittrex,Kraken
874,01-14-2021_03-32-48,LINK/USD,25.0,15.75697908,15.71627,0.0645889668846361,-0.1179110331153639,0.1825,False,Bittrex,Coinbase Pro
875,01-14-2021_03-32-59,LINK/USD,25.0,15.75697901,15.71828,0.06139979303050458,-0.06610020696949542,0.1275,False,Bittrex,Kraken
876,01-14-2021_03-33-11,LINK/USD,25.0,15.75697893,15.71241,0.07071299993164443,-0.11178700006835557,0.1825,False,Bittrex,Coinbase Pro
877,01-14-2021_03-33-33,LINK/USD,25.0,15.75697881,15.71827,0.061415342475794166,-0.06608465752420584,0.1275,False,Bittrex,Kraken
878,01-14-2021_03-33-44,LINK/USD,25.0,15.75697876,15.71729,0.06297012994133251,-0.06452987005866749,0.1275,False,Bittrex,Kraken
879,01-14-2021_03-33-56,LINK/USD,25.0,15.75697867,15.7232,0.05359318989292036,-0.07390681010707964,0.1275,False,Bittrex,Kraken
880,01-14-2021_03-34-06,LINK/USD,25.0,15.75697861,15.7232,0.05359309490107982,-0.07390690509892017,0.1275,False,Bittrex,Kraken
881,01-14-2021_03-34-18,LINK/USD,25.0,15.75697856,15.7232,0.05359301574121075,-0.07390698425878925,0.1275,False,Bittrex,Kraken
882,01-14-2021_03-34-41,LINK/USD,25.0,15.75697841,15.7002,0.09008454622868224,-0.09241545377131775,0.1825,False,Bittrex,Coinbase Pro
883,01-14-2021_03-34-53,LINK/USD,25.0,15.75697828,15.68076,0.12092781789377587,-0.0065721821062241365,0.1275,False,Bittrex,Kraken
884,01-14-2021_03-35-07,LINK/USD,25.0,15.7569781,15.68111,0.1203722241639709,-0.06212777583602909,0.1825,False,Bittrex,Coinbase Pro
885,01-14-2021_03-35-18,LINK/USD,25.0,15.75697802,15.67608,0.12835268903928976,-0.05414731096071024,0.1825,False,Bittrex,Coinbase Pro
886,01-14-2021_03-35-30,LINK/USD,25.0,15.75697795,15.68754,0.11017015797753163,-0.017329842022468372,0.1275,False,Bittrex,Kraken
887,01-14-2021_03-35-53,LINK/USD,25.0,15.75697783,15.68396,0.11584999164779479,-0.0666500083522052,0.1825,False,Bittrex,Coinbase Pro
888,01-14-2021_03-36-06,LINK/USD,25.0,15.75697778,15.68405,0.11570711880511479,-0.01179288119488521,0.1275,False,Bittrex,Kraken
889,01-14-2021_03-36-29,LINK/USD,25.0,15.75697764,15.6861,0.11245437040551777,0.04995437040551777,0.0625,True,Bittrex,Binance US
890,01-14-2021_03-36-41,LINK/USD,25.0,15.75697757,15.68245,0.11824534506842095,-0.009254654931579051,0.1275,False,Bittrex,Kraken
891,01-14-2021_03-36-52,LINK/USD,25.0,15.75697751,15.6798,0.12244973687215772,-0.005050263127842278,0.1275,False,Bittrex,Kraken
892,01-14-2021_03-37-03,LINK/USD,25.0,15.75697751,15.68756,0.11013773097655605,-0.017362269023443955,0.1275,False,Bittrex,Kraken
893,01-14-2021_03-37-15,LINK/USD,25.0,15.75697734,15.69101,0.10466369687626946,-0.07783630312373054,0.1825,False,Bittrex,Coinbase Pro
894,01-14-2021_03-37-38,LINK/USD,25.0,15.75697702,15.68819,0.1091373997574064,-0.0733626002425936,0.1825,False,Bittrex,Coinbase Pro
895,01-14-2021_03-37-50,LINK/USD,25.0,15.75697697,15.6871,0.11086671341374854,-0.07163328658625145,0.1825,False,Bittrex,Coinbase Pro
896,01-14-2021_03-38-12,LINK/USD,25.0,15.75697689,15.68774,0.10985116384212847,-0.017648836157871536,0.1275,False,Bittrex,Kraken
897,01-14-2021_03-38-23,LINK/USD,25.0,15.75697687,15.68774,0.1098511322495852,-0.0176488677504148,0.1275,False,Bittrex,Kraken
898,01-14-2021_03-38-35,LINK/USD,25.0,15.7569768,15.70047,0.08965361934149875,-0.03784638065850125,0.1275,False,Bittrex,Kraken
899,01-14-2021_03-38-47,LINK/USD,25.0,15.75697674,15.70889,0.0762943627979241,-0.10620563720207589,0.1825,False,Bittrex,Coinbase Pro
900,01-14-2021_03-39-10,LINK/USD,25.0,15.75697661,15.68322,0.11702214807057491,-0.010477851929425089,0.1275,False,Bittrex,Kraken
901,01-14-2021_03-39-21,LINK/USD,25.0,15.75697655,15.70638,0.08027642523844439,-0.047223574761555615,0.1275,False,Bittrex,Kraken
902,01-14-2021_03-39-32,LINK/USD,25.0,15.7569765,15.69711,0.09498411703539705,-0.08751588296460294,0.1825,False,Bittrex,Coinbase Pro
903,01-14-2021_03-39-44,LINK/USD,25.0,15.75697643,15.69204,0.10302806234507944,-0.07947193765492055,0.1825,False,Bittrex,Coinbase Pro
904,01-14-2021_03-39-55,LINK/USD,25.0,15.75697636,15.68781,0.10973926472273829,-0.017760735277261713,0.1275,False,Bittrex,Kraken
905,01-14-2021_03-40-05,LINK/USD,25.0,15.75697622,15.68431,0.11529213947116107,-0.06720786052883893,0.1825,False,Bittrex,Coinbase Pro
906,01-14-2021_03-40-16,LINK/USD,25.0,15.75697616,15.66789,0.14134399756558494,-0.04115600243441506,0.1825,False,Bittrex,Coinbase Pro
907,01-14-2021_03-40-37,LINK/USD,25.0,15.75697592,15.67851,0.12449393906289773,-0.0030060609371022756,0.1275,False,Bittrex,Kraken
908,01-14-2021_03-40-50,LINK/USD,25.0,15.75697584,15.68291,0.11751277775647265,-0.009987222243527355,0.1275,False,Bittrex,Kraken
909,01-14-2021_03-41-13,LINK/USD,25.0,15.75697554,15.68896,0.10791338069183695,-0.01958661930816305,0.1275,False,Bittrex,Kraken
910,01-14-2021_03-41-37,LINK/USD,25.0,15.7569754,15.69866,0.09252315009643235,-0.034976849903567656,0.1275,False,Bittrex,Kraken
911,01-14-2021_03-41-48,LINK/USD,25.0,15.75697515,15.69858,0.09264968282951319,-0.03485031717048681,0.1275,False,Bittrex,Kraken
912,01-14-2021_03-41-59,LINK/USD,25.0,15.75697498,15.68874,0.10826154780122887,-0.019238452198771128,0.1275,False,Bittrex,Kraken
913,01-14-2021_03-42-11,LINK/USD,25.0,15.75697491,15.69959,0.09104683850765818,-0.03645316149234182,0.1275,False,Bittrex,Kraken
914,01-14-2021_03-42-32,LINK/USD,25.0,15.75697466,15.69778,0.0939181874650538,-0.0335818125349462,0.1275,False,Bittrex,Kraken
915,01-14-2021_03-42-42,LINK/USD,25.0,15.75697451,15.69677,0.09552041535922746,-0.03197958464077254,0.1275,False,Bittrex,Kraken
916,01-14-2021_03-42-53,LINK/USD,25.0,15.75697437,15.69677,0.09552019408406137,-0.03197980591593863,0.1275,False,Bittrex,Kraken
917,01-14-2021_03-43-04,LINK/USD,25.0,15.75697429,15.69677,0.09552006764110757,-0.03197993235889243,0.1275,False,Bittrex,Kraken
918,01-14-2021_03-43-14,LINK/USD,25.0,15.75697416,15.69677,0.09551986217130347,-0.031980137828696534,0.1275,False,Bittrex,Kraken
919,01-14-2021_03-43-26,LINK/USD,25.0,15.75697399,15.69677,0.09551959348001653,-0.031980406519983476,0.1275,False,Bittrex,Kraken
920,01-14-2021_03-43-38,LINK/USD,25.0,15.75697383,15.69677,0.09551934059409262,-0.031980659405907386,0.1275,False,Bittrex,Kraken
921,01-14-2021_03-43-48,LINK/USD,25.0,15.75697374,15.69722,0.09480522876088716,-0.03269477123911284,0.1275,False,Bittrex,Kraken
922,01-14-2021_03-43-58,LINK/USD,25.0,15.75697369,15.69722,0.09480514973177069,-0.03269485026822931,0.1275,False,Bittrex,Kraken
923,01-14-2021_03-44-09,LINK/USD,25.0,15.75697363,15.69635,0.09618539610388128,-0.03131460389611872,0.1275,False,Bittrex,Kraken
924,01-14-2021_03-44-19,LINK/USD,25.0,15.7569736,15.69722,0.09480500747935586,-0.032694992520644145,0.1275,False,Bittrex,Kraken
925,01-14-2021_03-44-30,LINK/USD,25.0,15.75697346,15.69722,0.09480478619781783,-0.03269521380218217,0.1275,False,Bittrex,Kraken
926,01-14-2021_03-44-42,LINK/USD,25.0,15.75697331,15.69718,0.09486801307528502,-0.03263198692471499,0.1275,False,Bittrex,Kraken
927,01-14-2021_03-44-52,LINK/USD,25.0,15.7569733,15.69722,0.09480453330462989,-0.032695466695370115,0.1275,False,Bittrex,Kraken
928,01-14-2021_03-45-03,LINK/USD,25.0,15.75697326,15.69722,0.09480447008133211,-0.03269552991866789,0.1275,False,Bittrex,Kraken
929,01-14-2021_03-45-14,LINK/USD,25.0,15.75697322,15.71366,0.0687207171632166,-0.05877928283678341,0.1275,False,Bittrex,Kraken
930,01-14-2021_03-45-23,LINK/USD,25.0,15.75697315,15.71345,0.06905379222531771,-0.05844620777468229,0.1275,False,Bittrex,Kraken
931,01-14-2021_03-45-33,LINK/USD,25.0,15.75697308,15.71341,0.06911714543590532,-0.058382854564094686,0.1275,False,Bittrex,Kraken
932,01-14-2021_03-45-43,LINK/USD,25.0,15.75697219,15.69073,0.10509980788384023,-0.022400192116159776,0.1275,False,Bittrex,Kraken
933,01-14-2021_03-45-54,LINK/USD,25.0,15.75696411,15.7001,0.09022059960762226,-0.037279400392377746,0.1275,False,Bittrex,Kraken
934,01-14-2021_03-46-05,LINK/USD,25.0,15.75696405,15.7128,0.07007068407952752,-0.057429315920472485,0.1275,False,Bittrex,Kraken
935,01-14-2021_03-46-16,LINK/USD,25.0,15.75696217,15.71055,0.07363756017699441,-0.05386243982300559,0.1275,False,Bittrex,Kraken
936,01-14-2021_03-46-27,LINK/USD,25.0,15.75695679,15.71354,0.06888511306249544,-0.058614886937504565,0.1275,False,Bittrex,Kraken
937,01-14-2021_03-46-38,LINK/USD,25.0,15.75695679,15.71366,0.06869472096838729,-0.058805279031612714,0.1275,False,Bittrex,Kraken
938,01-14-2021_03-46-50,LINK/USD,25.0,15.75695499,15.72314,0.053650895781355165,-0.07384910421864484,0.1275,False,Bittrex,Kraken
939,01-14-2021_03-47-02,LINK/USD,25.0,15.75695495,15.72314,0.05365083245351287,-0.07384916754648713,0.1275,False,Bittrex,Kraken
940,01-14-2021_03-47-13,LINK/USD,25.0,15.75695488,15.72707,0.04741537979196284,-0.08008462020803717,0.1275,False,Bittrex,Kraken
941,01-14-2021_03-47-25,LINK/USD,25.0,15.75695482,15.72707,0.04741528477645476,-0.08008471522354524,0.1275,False,Bittrex,Kraken
942,01-14-2021_03-47-39,LINK/USD,25.0,15.75695345,15.72634,0.048571334073463965,-0.07892866592653604,0.1275,False,Bittrex,Kraken
943,01-14-2021_03-47-50,LINK/USD,25.0,15.75694636,15.70601,0.08081572221586444,-0.04668427778413556,0.1275,False,Bittrex,Kraken
944,01-14-2021_03-48-13,LINK/USD,25.0,15.75694093,15.70313,0.08537654967270497,-0.04212345032729503,0.1275,False,Bittrex,Kraken
945,01-14-2021_03-48-23,LINK/USD,25.0,15.75693344,15.69953,0.09107647788604205,-0.036423522113957954,0.1275,False,Bittrex,Kraken
946,01-14-2021_03-48-35,LINK/USD,25.0,15.75692808,15.70035,0.08976698965804941,-0.03773301034195059,0.1275,False,Bittrex,Kraken
947,01-14-2021_03-48-59,LINK/USD,25.0,15.75692087,15.67286,0.1333713463016205,0.005871346301620506,0.1275,False,Bittrex,Kraken
948,01-14-2021_03-49-11,LINK/USD,25.0,15.75691683,15.68553,0.11326268769802186,-0.014237312301978139,0.1275,False,Bittrex,Kraken
949,01-14-2021_03-49-23,LINK/USD,25.0,15.7569143,15.675,0.12996564308279465,0.0024656430827946496,0.1275,False,Bittrex,Kraken
950,01-14-2021_03-49-35,LINK/USD,25.0,15.75691396,15.67613,0.12817224268196703,0.000672242681967028,0.1275,False,Bittrex,Kraken
951,01-14-2021_03-49-57,LINK/USD,25.0,15.75690582,15.67836,0.12462126272961445,-0.0028787372703855535,0.1275,False,Bittrex,Kraken
952,01-14-2021_03-50-10,LINK/USD,25.0,15.75689901,15.66452,0.14656914717383873,0.01906914717383873,0.1275,True,Bittrex,Kraken
953,01-14-2021_03-50-34,LINK/USD,25.0,15.75689045,15.67092,0.13640135766762215,0.00890135766762215,0.1275,False,Bittrex,Kraken
954,01-14-2021_03-50-45,LINK/USD,25.0,15.75688356,15.67954,0.12271392326009069,-0.004786076739909315,0.1275,False,Bittrex,Kraken
955,01-14-2021_03-50-58,LINK/USD,25.0,15.75687767,15.6844,0.1149937054756604,-0.0125062945243396,0.1275,False,Bittrex,Kraken
956,01-14-2021_03-51-08,LINK/USD,25.0,15.75687757,15.6858,0.11277229527905751,-0.014727704720942494,0.1275,False,Bittrex,Kraken
957,01-14-2021_03-51-20,LINK/USD,25.0,15.7568744,15.68497,0.11408417395267065,-0.013415826047329354,0.1275,False,Bittrex,Kraken
958,01-14-2021_03-51-31,LINK/USD,25.0,15.75686868,15.67702,0.1266886867270629,-0.0008113132729370975,0.1275,False,Bittrex,Kraken
959,01-14-2021_03-51-43,LINK/USD,25.0,15.75686343,15.68556,0.11313074825577552,-0.014369251744224487,0.1275,False,Bittrex,Kraken
960,01-14-2021_03-51-54,LINK/USD,25.0,15.75686336,15.68239,0.11816019200410313,-0.00933980799589687,0.1275,False,Bittrex,Kraken
961,01-14-2021_03-52-06,LINK/USD,25.0,15.75686151,15.67246,0.13391231170375542,0.006412311703755419,0.1275,False,Bittrex,Kraken
962,01-14-2021_03-52-17,LINK/USD,25.0,15.75685926,15.66811,0.14081051708270473,0.013310517082704726,0.1275,True,Bittrex,Kraken
963,01-14-2021_03-52-40,LINK/USD,25.0,15.72124345,15.58891,0.2104373143588701,0.02793731435887009,0.1825,True,Bittrex,Coinbase Pro
964,01-14-2021_03-52-52,LINK/USD,25.0,15.69355691,15.59793,0.15233466598490836,-0.030165334015091638,0.1825,False,Bittrex,Coinbase Pro
965,01-14-2021_03-53-16,LINK/USD,25.0,15.69355164,15.60093,0.14754728904693118,0.020047289046931177,0.1275,True,Bittrex,Kraken
966,01-14-2021_03-53-31,LINK/USD,25.0,15.69354823,15.58099,0.1793065346828826,0.0518065346828826,0.1275,True,Bittrex,Kraken
967,01-14-2021_03-53-56,LINK/USD,25.0,15.62984706,15.54,0.14371071523459986,0.016210715234599854,0.1275,True,Bittrex,Kraken
968,01-14-2021_03-54-07,LINK/USD,25.0,15.62984262,15.54896,0.1293720960064289,0.0018720960064289027,0.1275,False,Bittrex,Kraken
969,01-14-2021_03-54-19,LINK/USD,25.0,15.62984253,15.5491,0.12914802219699684,0.06664802219699684,0.0625,True,Bittrex,Binance US
970,01-14-2021_03-54-30,LINK/USD,25.0,15.62984098,15.51818,0.17860223297038572,0.051102232970385714,0.1275,True,Bittrex,Kraken
971,01-14-2021_03-54-55,LINK/USD,25.0,15.62983604,15.52458,0.16835755623192136,0.04085755623192136,0.1275,True,Bittrex,Kraken
972,01-14-2021_03-55-20,LINK/USD,25.0,15.62982371,15.51836,0.17828689572596698,0.05078689572596698,0.1275,True,Bittrex,Kraken
973,01-14-2021_03-55-33,LINK/USD,25.0,15.62981755,15.50239,0.20382123718392375,0.07632123718392375,0.1275,True,Bittrex,Kraken
974,01-14-2021_03-55-46,LINK/USD,25.0,15.61857731,15.49305,0.20092628718434624,0.018426287184346246,0.1825,True,Bittrex,Coinbase Pro
975,01-14-2021_03-56-11,LINK/USD,25.0,15.60266599,15.48773,0.18416081917292798,0.05666081917292798,0.1275,True,Bittrex,Kraken
976,01-14-2021_03-56-36,LINK/USD,25.0,15.60265627,15.48995,0.18058827299923644,0.053088272999236436,0.1275,True,Bittrex,Kraken
977,01-14-2021_03-56-59,LINK/USD,25.0,15.60264875,15.45,0.2445878780678199,0.1820878780678199,0.0625,True,Bittrex,Binance US
978,01-14-2021_03-57-24,LINK/USD,25.0,15.58747061,15.48268,0.16806865690699804,0.04056865690699804,0.1275,True,Bittrex,Kraken
979,01-14-2021_03-57-48,LINK/USD,25.0,15.58746696,15.4865,0.16193612512395172,0.03443612512395172,0.1275,True,Bittrex,Kraken
980,01-14-2021_03-58-11,LINK/USD,25.0,15.58745282,15.47991,0.1724829919966344,0.044982991996634386,0.1275,True,Bittrex,Kraken
981,01-14-2021_03-58-36,LINK/USD,25.0,15.49999992,15.47472,0.04077406472657727,-0.08672593527342273,0.1275,False,Bittrex,Kraken
982,01-14-2021_03-59-00,LINK/USD,25.0,15.49999627,15.48176,0.02941334578785828,-0.09808665421214172,0.1275,False,Bittrex,Kraken
983,01-14-2021_03-59-22,LINK/USD,25.0,15.5874421,15.49085,0.15491974145007492,0.02741974145007492,0.1275,True,Bittrex,Kraken
984,01-14-2021_03-59-35,LINK/USD,25.0,15.58743677,15.49689,0.14522395717791828,0.017723957177918276,0.1275,True,Bittrex,Kraken
985,01-14-2021_03-59-57,LINK/USD,25.0,15.58743229,15.49437,0.14925853127795793,-0.03324146872204206,0.1825,False,Bittrex,Coinbase Pro
986,01-14-2021_04-00-09,LINK/USD,25.0,15.58743065,15.48323,0.16712287666216372,0.039622876662163714,0.1275,True,Bittrex,Kraken
987,01-14-2021_04-00-22,LINK/USD,25.0,15.58743058,15.48,0.17230322125354264,0.044803221253542636,0.1275,True,Bittrex,Kraken
988,01-14-2021_04-00-35,LINK/USD,25.0,15.58742291,15.52739,0.09628421315477147,-0.031215786845228535,0.1275,False,Bittrex,Kraken
989,01-14-2021_04-00-46,LINK/USD,25.0,15.58741771,15.52618,0.09821657303876848,-0.029283426961231526,0.1275,False,Bittrex,Kraken
990,01-14-2021_04-00-57,LINK/USD,25.0,15.5874098,15.53626,0.08203704248540263,-0.04546295751459738,0.1275,False,Bittrex,Kraken
991,01-14-2021_04-01-10,LINK/USD,25.0,15.58740202,15.54781,0.06350003026354327,-0.06399996973645673,0.1275,False,Bittrex,Kraken
992,01-14-2021_04-01-22,LINK/USD,25.0,15.58740195,15.54722,0.06444619528144155,-0.06305380471855845,0.1275,False,Bittrex,Kraken
993,01-14-2021_04-01-37,LINK/USD,25.0,15.58739474,15.53992,0.07614283976232994,-0.05135716023767006,0.1275,False,Bittrex,Kraken
994,01-14-2021_04-01-48,LINK/USD,25.0,15.58739331,15.54567,0.06691835698601499,-0.06058164301398501,0.1275,False,Bittrex,Kraken
995,01-14-2021_04-01-59,LINK/USD,25.0,15.58739103,15.5426,0.07183856155560717,0.009338561555607167,0.0625,True,Bittrex,Binance US
996,01-14-2021_04-02-23,LINK/USD,25.0,15.58738784,15.5349,0.08418318793817783,-0.04331681206182217,0.1275,False,Bittrex,Kraken
997,01-14-2021_04-02-35,LINK/USD,25.0,15.58738091,15.5029,0.13549567834356577,0.007995678343565765,0.1275,False,Bittrex,Kraken
998,01-14-2021_04-02-47,LINK/USD,25.0,15.58737578,15.50685,0.12915224014699464,0.001652240146994638,0.1275,False,Bittrex,Kraken
999,01-14-2021_04-02-59,LINK/USD,25.0,15.58737446,15.50218,0.1366401702522522,0.009140170252252194,0.1275,True,Bittrex,Kraken
1000,01-14-2021_04-03-21,LINK/USD,25.0,15.58737117,15.46812,0.19126247893152604,0.06376247893152603,0.1275,True,Bittrex,Kraken
1001,01-14-2021_04-03-46,LINK/USD,25.0,15.58736351,15.4622,0.20074515796032807,0.13824515796032807,0.0625,True,Bittrex,Binance US
1002,01-14-2021_04-03-58,LINK/USD,25.0,15.58736342,15.48611,0.1623966434728844,0.0348966434728844,0.1275,True,Bittrex,Kraken
1003,01-14-2021_04-04-09,LINK/USD,25.0,15.58736145,15.45892,0.20600255279253601,0.07850255279253601,0.1275,True,Bittrex,Kraken
1004,01-14-2021_04-04-20,LINK/USD,25.0,15.58499997,15.44274,0.22820014480885426,0.10070014480885425,0.1275,True,Bittrex,Kraken
1005,01-14-2021_04-04-33,LINK/USD,25.0,15.58499639,15.47022,0.18411359734681523,0.05661359734681523,0.1275,True,Bittrex,Kraken
1006,01-14-2021_04-04-44,LINK/USD,25.0,15.58499629,15.47253,0.180407951191111,-0.0020920488088889966,0.1825,False,Bittrex,Coinbase Pro
1007,01-14-2021_04-04-55,LINK/USD,25.0,15.58499276,15.46055,0.19961953450403924,0.017119534504039247,0.1825,True,Bittrex,Coinbase Pro
1008,01-14-2021_04-05-08,LINK/USD,25.0,15.58498533,15.46149,0.19809984960698196,0.07059984960698196,0.1275,True,Bittrex,Kraken
1009,01-14-2021_04-05-19,LINK/USD,25.0,15.58498022,15.45741,0.20463648044334964,0.07713648044334964,0.1275,True,Bittrex,Kraken
1010,01-14-2021_04-05-31,LINK/USD,25.0,15.58498006,15.45893,0.2021979808679957,0.0746979808679957,0.1275,True,Bittrex,Kraken
1011,01-14-2021_04-05-42,LINK/USD,25.0,15.584974,15.45486,0.20871706298643924,0.08121706298643924,0.1275,True,Bittrex,Kraken
1012,01-14-2021_04-05-54,LINK/USD,25.0,15.58496847,15.45444,0.20938199241669653,0.08188199241669653,0.1275,True,Bittrex,Kraken
1013,01-14-2021_04-06-04,LINK/USD,25.0,15.58496825,15.45726,0.20485805288695333,0.07735805288695333,0.1275,True,Bittrex,Kraken
1014,01-14-2021_04-06-26,LINK/USD,25.0,15.58199416,15.4299,0.2440222965659242,0.1165222965659242,0.1275,True,Bittrex,Kraken
1015,01-14-2021_04-06-40,LINK/USD,25.0,15.579,15.38221,0.31579369664291673,0.13329369664291674,0.1825,True,Bittrex,Coinbase Pro
1016,01-14-2021_04-07-06,LINK/USD,25.0,15.42498787,15.3745,0.08182805462394396,0.019328054623943963,0.0625,True,Bittrex,Binance US
1017,01-14-2021_04-07-30,LINK/USD,25.0,15.42497864,15.38268,0.06855542718599232,-0.05894457281400768,0.1275,False,Bittrex,Kraken
1018,01-14-2021_04-07-53,LINK/USD,25.0,15.42496855,15.35878,0.10727501612961099,-0.075224983870389,0.1825,False,Bittrex,Coinbase Pro
1019,01-14-2021_04-08-06,LINK/USD,25.0,15.42496844,15.37508,0.08085663220974497,-0.04664336779025503,0.1275,False,Bittrex,Kraken
1020,01-14-2021_04-08-18,LINK/USD,25.0,15.42496431,15.37508,0.08084996016434784,-0.04665003983565216,0.1275,False,Bittrex,Kraken
1021,01-14-2021_04-08-41,LINK/USD,25.0,15.48962532,15.41999,0.1123902589013685,-0.015109741098631502,0.1275,False,Bittrex,Kraken
1022,01-14-2021_04-09-05,LINK/USD,25.0,15.4896167,15.44604,0.07033211480307182,-0.057167885196928184,0.1275,False,Bittrex,Kraken
1023,01-14-2021_04-09-18,LINK/USD,25.0,15.48960882,15.45898,0.04943446338111017,-0.1330655366188898,0.1825,False,Bittrex,Coinbase Pro
1024,01-14-2021_04-09-40,LINK/USD,25.0,15.48960736,15.46149,0.04538100828916252,-0.08211899171083747,0.1275,False,Bittrex,Kraken
1025,01-14-2021_04-09-51,LINK/USD,25.0,15.48960392,15.45993,0.047893284026594506,-0.07960671597340549,0.1275,False,Bittrex,Kraken
1026,01-14-2021_04-10-03,LINK/USD,25.0,15.48959657,15.43754,0.08401860204161458,-0.09848139795838541,0.1825,False,Bittrex,Coinbase Pro
1027,01-14-2021_04-10-16,LINK/USD,25.0,15.48959166,15.43995,0.08012099526192529,-0.10237900473807471,0.1825,False,Bittrex,Coinbase Pro
1028,01-14-2021_04-10-40,LINK/USD,25.0,15.48958417,15.40434,0.1375830510755426,-0.044916948924457384,0.1825,False,Bittrex,Coinbase Pro
1029,01-14-2021_04-10-52,LINK/USD,25.0,15.4895805,15.39115,0.15886566456722467,0.03136566456722467,0.1275,True,Bittrex,Kraken
1030,01-14-2021_04-11-03,LINK/USD,25.0,15.48957693,15.38159,0.17428966989868735,0.04678966989868735,0.1275,True,Bittrex,Kraken
1031,01-14-2021_04-11-26,LINK/USD,25.0,15.4895714,15.40414,0.13788535168894495,0.010385351688944944,0.1275,True,Bittrex,Kraken
1032,01-14-2021_04-11-39,LINK/USD,25.0,15.48956446,15.41439,0.12133081629591745,-0.006169183704082551,0.1275,False,Bittrex,Kraken
1033,01-14-2021_04-12-04,LINK/USD,25.0,15.48955358,15.43422,0.08930789986008265,-0.09319210013991734,0.1825,False,Bittrex,Coinbase Pro
1034,01-14-2021_04-12-14,LINK/USD,25.0,15.4895536,15.42943,0.09703894888229819,-0.0854610511177018,0.1825,False,Bittrex,Coinbase Pro
1035,01-14-2021_04-12-26,LINK/USD,25.0,15.48954712,15.43625,0.08602110763326157,-0.041478892366738435,0.1275,False,Bittrex,Kraken
1036,01-14-2021_04-12-37,LINK/USD,25.0,15.48954292,15.43892,0.08170499326780709,-0.10079500673219291,0.1825,False,Bittrex,Coinbase Pro
1037,01-14-2021_04-12-48,LINK/USD,25.0,15.489541,15.44919,0.06512620354599172,-0.062373796454008285,0.1275,False,Bittrex,Kraken
1038,01-14-2021_04-12-59,LINK/USD,25.0,15.48954094,15.44951,0.06460962941875185,-0.11789037058124814,0.1825,False,Bittrex,Coinbase Pro
1039,01-14-2021_04-13-21,LINK/USD,25.0,15.48953262,15.42981,0.09639190133291527,-0.08610809866708473,0.1825,False,Bittrex,Coinbase Pro
1040,01-14-2021_04-13-32,LINK/USD,25.0,15.48953253,15.42981,0.09639175663360088,-0.031108243366399127,0.1275,False,Bittrex,Kraken
1041,01-14-2021_04-13-44,LINK/USD,25.0,15.48952999,15.44459,0.07253284965556207,-0.10996715034443792,0.1825,False,Bittrex,Coinbase Pro
1042,01-14-2021_04-13-57,LINK/USD,25.0,15.48952758,15.44919,0.06510460017528982,-0.06239539982471018,0.1275,False,Bittrex,Kraken
1043,01-14-2021_04-14-20,LINK/USD,25.0,15.48952291,15.44919,0.06509708245106959,-0.06240291754893042,0.1275,False,Bittrex,Kraken
1044,01-14-2021_04-14-43,LINK/USD,25.0,15.48952026,15.44919,0.06509281650276408,-0.062407183497235924,0.1275,False,Bittrex,Kraken
1045,01-14-2021_04-14-55,LINK/USD,25.0,15.4895151,15.44919,0.06508450997281452,-0.06241549002718548,0.1275,False,Bittrex,Kraken
1046,01-14-2021_04-15-07,LINK/USD,25.0,15.489515,15.46216,0.044150833644565395,-0.0833491663554346,0.1275,False,Bittrex,Kraken
1047,01-14-2021_04-15-18,LINK/USD,25.0,15.48950744,15.46216,0.044138653385093984,-0.08336134661490602,0.1275,False,Bittrex,Kraken
1048,01-14-2021_04-15-29,LINK/USD,25.0,15.55779235,15.51046,0.07605891140461131,-0.05144108859538869,0.1275,False,Bittrex,Kraken
1049,01-14-2021_04-15-41,LINK/USD,25.0,15.55778489,15.5092,0.07807167013735586,-0.10442832986264414,0.1825,False,Bittrex,Coinbase Pro
1050,01-14-2021_04-15-52,LINK/USD,25.0,15.5577848,15.51612,0.06695169096309826,-0.06054830903690174,0.1275,False,Bittrex,Kraken
1051,01-14-2021_04-16-03,LINK/USD,25.0,15.55778025,15.53357,0.03890376649329715,-0.08859623350670284,0.1275,False,Bittrex,Kraken
1052,01-14-2021_04-16-13,LINK/USD,25.0,15.5908,15.55777864,0.052950073120044086,-0.03454992687995591,0.0875,False,Binance US,Bittrex
1053,01-14-2021_04-16-24,LINK/USD,25.0,15.59542438,15.58046,0.023988414222300778,-0.15851158577769922,0.1825,False,Bittrex,Coinbase Pro
1054,01-14-2021_04-16-35,LINK/USD,25.0,15.59542436,15.58969,0.009192375705257364,-0.11830762429474263,0.1275,False,Bittrex,Kraken
1055,01-14-2021_04-16-44,LINK/USD,25.0,15.59542435,15.58709,0.013360248834781076,-0.16913975116521893,0.1825,False,Bittrex,Coinbase Pro
1056,01-14-2021_04-16-54,LINK/USD,25.0,15.59542431,15.58743,0.012815153087682865,-0.11468484691231713,0.1275,False,Bittrex,Kraken
1057,01-14-2021_04-17-04,LINK/USD,25.0,15.59542427,15.5878,0.012221966308841042,-0.11527803369115897,0.1275,False,Bittrex,Kraken
1058,01-14-2021_04-17-15,LINK/USD,25.0,15.65492934,15.59817,0.09064132256249623,-0.09185867743750377,0.1825,False,Bittrex,Coinbase Pro
1059,01-14-2021_04-17-25,LINK/USD,25.0,15.59542438,15.58223,0.02115104353447805,-0.10634895646552195,0.1275,False,Bittrex,Kraken
1060,01-14-2021_04-17-36,LINK/USD,25.0,15.59542431,15.57384,0.03460038914452549,-0.09289961085547452,0.1275,False,Bittrex,Kraken
1061,01-14-2021_04-17-46,LINK/USD,25.0,15.65492915,15.59275,0.09929644108290109,-0.028203558917098914,0.1275,False,Bittrex,Kraken
1062,01-14-2021_04-17-57,LINK/USD,25.0,15.5983,15.58918,0.014616977491135816,-0.07538302250886418,0.09,False,Binance US,Kraken
1063,01-14-2021_04-18-08,LINK/USD,25.0,15.654929,15.58918,0.10499728232558338,-0.022502717674416625,0.1275,False,Bittrex,Kraken
1064,01-14-2021_04-18-17,LINK/USD,25.0,15.65492863,15.58918,0.104996693938936,-0.022503306061064002,0.1275,False,Bittrex,Kraken
1065,01-14-2021_04-18-27,LINK/USD,25.0,15.65492858,15.58918,0.10499661442722352,-0.02250338557277648,0.1275,False,Bittrex,Kraken
1066,01-14-2021_04-18-38,LINK/USD,25.0,15.65492829,15.5813,0.1175800499307178,-0.009919950069282202,0.1275,False,Bittrex,Kraken
1067,01-14-2021_04-18-48,LINK/USD,25.0,15.65492803,15.5813,0.11757963667878973,-0.009920363321210268,0.1275,False,Bittrex,Kraken
1068,01-14-2021_04-18-58,LINK/USD,25.0,15.65492799,15.59275,0.09929459598874618,-0.02820540401125382,0.1275,False,Bittrex,Kraken
1069,01-14-2021_04-19-08,LINK/USD,25.0,15.65492793,15.61093,0.07026210883361081,-0.05723789116638919,0.1275,False,Bittrex,Kraken
1070,01-14-2021_04-19-18,LINK/USD,25.0,15.65492783,15.61093,0.07026194958830473,-0.057238050411695274,0.1275,False,Bittrex,Kraken
1071,01-14-2021_04-19-29,LINK/USD,25.0,15.65492768,15.61171,0.0690160965342762,-0.0584839034657238,0.1275,False,Bittrex,Kraken
1072,01-14-2021_04-19-39,LINK/USD,25.0,15.65492758,15.61171,0.06901593728100834,-0.05848406271899166,0.1275,False,Bittrex,Kraken
1073,01-14-2021_04-19-49,LINK/USD,25.0,15.65492745,15.5981,0.09075010117661086,-0.03674989882338914,0.1275,False,Bittrex,Kraken
1074,01-14-2021_04-19-58,LINK/USD,25.0,15.65492726,15.61171,0.06901542767053187,-0.05848457232946813,0.1275,False,Bittrex,Kraken
1075,01-14-2021_04-20-09,LINK/USD,25.0,15.65492714,15.61171,0.06901523656659994,-0.05848476343340006,0.1275,False,Bittrex,Kraken
1076,01-14-2021_04-20-20,LINK/USD,25.0,15.6576,15.62,0.06003474351114026,-0.02996525648885974,0.09,False,Binance US,Kraken
1077,01-14-2021_04-20-31,LINK/USD,25.0,15.65492691,15.60948,0.07257604947834405,-0.10992395052165595,0.1825,False,Bittrex,Coinbase Pro
1078,01-14-2021_04-20-40,LINK/USD,25.0,15.65492681,15.61893,0.05748479446260431,-0.0700152055373957,0.1275,False,Bittrex,Kraken
1079,01-14-2021_04-20-50,LINK/USD,25.0,15.6549267,15.6,0.08771471922637795,-0.03978528077362205,0.1275,False,Bittrex,Kraken
1080,01-14-2021_04-21-01,LINK/USD,25.0,15.65492659,15.61893,0.057484443943342504,-0.07001555605665749,0.1275,False,Bittrex,Kraken
1081,01-14-2021_04-21-13,LINK/USD,25.0,15.65492647,15.61893,0.057484252751010906,-0.0700157472489891,0.1275,False,Bittrex,Kraken
1082,01-14-2021_04-21-23,LINK/USD,25.0,15.65492639,15.61751,0.05975178207145922,-0.06774821792854079,0.1275,False,Bittrex,Kraken
1083,01-14-2021_04-21-33,LINK/USD,25.0,15.65492629,15.61648,0.06139647240715518,-0.06610352759284482,0.1275,False,Bittrex,Kraken
1084,01-14-2021_04-21-43,LINK/USD,25.0,15.65492622,15.61553,0.0629134552382458,-0.0645865447617542,0.1275,False,Bittrex,Kraken
1085,01-14-2021_04-21-53,LINK/USD,25.0,15.65492614,15.609,0.07334135528537315,-0.05415864471462685,0.1275,False,Bittrex,Kraken
1086,01-14-2021_04-22-05,LINK/USD,25.0,15.65492607,15.6186,0.0580106061146021,-0.0694893938853979,0.1275,False,Bittrex,Kraken
1087,01-14-2021_04-22-15,LINK/USD,25.0,15.65492595,15.61834,0.05842561970087277,-0.12407438029912723,0.1825,False,Bittrex,Coinbase Pro
1088,01-14-2021_04-22-27,LINK/USD,25.0,15.6549259,15.61248,0.06778361691255369,-0.1147163830874463,0.1825,False,Bittrex,Coinbase Pro
1089,01-14-2021_04-22-38,LINK/USD,25.0,15.65492578,15.61137,0.0695560308175386,-0.057943969182461405,0.1275,False,Bittrex,Kraken
1090,01-14-2021_04-22-49,LINK/USD,25.0,15.65492567,15.60278,0.08327358286333145,-0.09922641713666855,0.1825,False,Bittrex,Coinbase Pro
1091,01-14-2021_04-23-00,LINK/USD,25.0,15.65492551,15.6045,0.08052658884864948,-0.04697341115135052,0.1275,False,Bittrex,Kraken
1092,01-14-2021_04-23-11,LINK/USD,25.0,15.65492534,15.6045,0.08052631824304875,-0.046973681756951255,0.1275,False,Bittrex,Kraken
1093,01-14-2021_04-23-21,LINK/USD,25.0,15.65492524,15.61893,0.0574822930294621,-0.0700177069705379,0.1275,False,Bittrex,Kraken
1094,01-14-2021_04-23-32,LINK/USD,25.0,15.6549251,15.61893,0.05748206997170361,-0.0700179300282964,0.1275,False,Bittrex,Kraken
1095,01-14-2021_04-23-42,LINK/USD,25.0,15.6586,15.62514,0.05342112321663467,-0.03657887678336533,0.09,False,Binance US,Kraken
1096,01-14-2021_04-23-53,LINK/USD,25.0,15.65492494,15.62514,0.047564808062249254,-0.07993519193775075,0.1275,False,Bittrex,Kraken
1097,01-14-2021_04-24-03,LINK/USD,25.0,15.72411398,15.62514,0.15736018596324153,0.029860185963241526,0.1275,True,Bittrex,Kraken
1098,01-14-2021_04-24-14,LINK/USD,25.0,15.7241139,15.63487,0.1418901894370044,0.014390189437004403,0.1275,True,Bittrex,Kraken
1099,01-14-2021_04-24-26,LINK/USD,25.0,15.65492695,15.63349,0.03423355162957181,-0.14826644837042818,0.1825,False,Bittrex,Coinbase Pro
1100,01-14-2021_04-24-37,LINK/USD,25.0,15.65492684,15.63487,0.03202959714374577,-0.09547040285625423,0.1275,False,Bittrex,Kraken
1101,01-14-2021_04-24-47,LINK/USD,25.0,15.72411364,15.63487,0.1418897784053429,0.01438977840534289,0.1275,True,Bittrex,Kraken
1102,01-14-2021_04-24-58,LINK/USD,25.0,15.7241135,15.65643,0.10761099504909982,-0.01988900495090018,0.1275,False,Bittrex,Kraken
1103,01-14-2021_04-25-09,LINK/USD,25.0,15.72411324,15.65045,0.1171182738187914,-0.010381726181208598,0.1275,False,Bittrex,Kraken
1104,01-14-2021_04-25-19,LINK/USD,25.0,15.65492691,15.6396,0.024476176235307377,-0.10302382376469263,0.1275,False,Bittrex,Kraken
1105,01-14-2021_04-25-30,LINK/USD,25.0,15.72411304,15.63959,0.13438443202644476,0.006884432026444759,0.1275,False,Bittrex,Kraken
1106,01-14-2021_04-25-39,LINK/USD,25.0,15.72411277,15.65654,0.10743494877644526,-0.020065051223554745,0.1275,False,Bittrex,Kraken
1107,01-14-2021_04-25-50,LINK/USD,25.0,15.72411248,15.65391,0.111615965748931,-0.015884034251069004,0.1275,False,Bittrex,Kraken
1108,01-14-2021_04-26-02,LINK/USD,25.0,15.65615,15.64495,0.017884345768277233,-0.16711565423172275,0.185,False,Coinbase Pro,Kraken
1109,01-14-2021_04-26-12,LINK/USD,25.0,15.65492691,15.62516,0.047536009224333535,-0.07996399077566646,0.1275,False,Bittrex,Kraken
1110,01-14-2021_04-26-22,LINK/USD,25.0,15.65492685,15.62794,0.04309641664023508,-0.08440358335976492,0.1275,False,Bittrex,Kraken
1111,01-14-2021_04-26-32,LINK/USD,25.0,15.65492675,15.62105,0.05409918318525386,-0.07340081681474614,0.1275,False,Bittrex,Kraken
1112,01-14-2021_04-26-42,LINK/USD,25.0,15.65492665,15.6141,0.06519776635299603,-0.06230223364700398,0.1275,False,Bittrex,Kraken
1113,01-14-2021_04-26-53,LINK/USD,25.0,15.65492651,15.62675,0.044996234862554725,-0.08250376513744528,0.1275,False,Bittrex,Kraken
1114,01-14-2021_04-27-03,LINK/USD,25.0,15.65492637,15.62338,0.05037770420379328,-0.07712229579620672,0.1275,False,Bittrex,Kraken
1115,01-14-2021_04-27-14,LINK/USD,25.0,15.65492625,15.61485,0.0639994231847631,-0.06350057681523691,0.1275,False,Bittrex,Kraken
1116,01-14-2021_04-27-24,LINK/USD,25.0,15.65492618,15.61352,0.06612324376990604,-0.06137675623009396,0.1275,False,Bittrex,Kraken
1117,01-14-2021_04-27-34,LINK/USD,25.0,15.65492608,15.62004,0.05571102639150837,-0.07178897360849162,0.1275,False,Bittrex,Kraken
1118,01-14-2021_04-27-44,LINK/USD,25.0,15.65492603,15.62195,0.05266078858630094,-0.07483921141369906,0.1275,False,Bittrex,Kraken
1119,01-14-2021_04-27-54,LINK/USD,25.0,15.65492597,15.61835,0.05840968215067393,-0.06909031784932607,0.1275,False,Bittrex,Kraken
1120,01-14-2021_04-28-05,LINK/USD,25.0,15.6549259,15.62613,0.04598536617793961,-0.0815146338220604,0.1275,False,Bittrex,Kraken
1121,01-14-2021_04-28-16,LINK/USD,25.0,15.65492579,15.62613,0.04598519083749711,-0.0815148091625029,0.1275,False,Bittrex,Kraken
1122,01-14-2021_04-28-27,LINK/USD,25.0,15.65492573,15.62613,0.045985095197255486,-0.08151490480274451,0.1275,False,Bittrex,Kraken
1123,01-14-2021_04-28-37,LINK/USD,25.0,15.65492564,15.62613,0.04598495173689025,-0.08151504826310975,0.1275,False,Bittrex,Kraken
1124,01-14-2021_04-28-48,LINK/USD,25.0,15.72411175,15.65386,0.11169430603925944,-0.015805693960740566,0.1275,False,Bittrex,Kraken
1125,01-14-2021_04-28-59,LINK/USD,25.0,15.72411163,15.65425,0.11107404927524056,-0.01642595072475944,0.1275,False,Bittrex,Kraken
1126,01-14-2021_04-29-10,LINK/USD,25.0,15.72411154,15.65223,0.11428553501599217,-0.013214464984007829,0.1275,False,Bittrex,Kraken
1127,01-14-2021_04-29-21,LINK/USD,25.0,15.65492693,15.63576,0.030608462891114886,-0.09689153710888512,0.1275,False,Bittrex,Kraken
1128,01-14-2021_04-29-32,LINK/USD,25.0,15.7241114,15.64474,0.12619377652081412,-0.0013062234791858807,0.1275,False,Bittrex,Kraken
1129,01-14-2021_04-29-43,LINK/USD,25.0,15.65492691,15.63402,0.03338710892774264,-0.09411289107225737,0.1275,False,Bittrex,Kraken
1130,01-14-2021_04-29-55,LINK/USD,25.0,15.65492682,15.62061,0.05480194892409085,-0.07269805107590915,0.1275,False,Bittrex,Kraken
1131,01-14-2021_04-30-06,LINK/USD,25.0,15.65492674,15.63122,0.03785827361846812,-0.08964172638153188,0.1275,False,Bittrex,Kraken
1132,01-14-2021_04-30-17,LINK/USD,25.0,15.65492663,15.62278,0.05133628339464107,-0.07616371660535892,0.1275,False,Bittrex,Kraken
1133,01-14-2021_04-30-28,LINK/USD,25.0,15.65492659,15.63726,0.02821250853275486,-0.09928749146724514,0.1275,False,Bittrex,Kraken
1134,01-14-2021_04-30-39,LINK/USD,25.0,15.65492694,15.64169,0.02113861669672978,-0.10636138330327022,0.1275,False,Bittrex,Kraken
1135,01-14-2021_04-30-49,LINK/USD,25.0,15.65492689,15.64258,0.019717259120332897,-0.1077827408796671,0.1275,False,Bittrex,Kraken
1136,01-14-2021_04-31-00,LINK/USD,25.0,15.65492687,15.63481,0.03212546147141588,-0.09537453852858413,0.1275,False,Bittrex,Kraken
1137,01-14-2021_04-31-11,LINK/USD,25.0,15.6558,15.64877,0.011225871561974696,-0.1337741284380253,0.145,False,Binance US,Coinbase Pro
1138,01-14-2021_04-31-21,LINK/USD,25.0,15.72411104,15.6518,0.11496840714246294,-0.012531592857537063,0.1275,False,Bittrex,Kraken
1139,01-14-2021_04-31-31,LINK/USD,25.0,15.65492695,15.64548,0.015086224979160559,-0.11241377502083945,0.1275,False,Bittrex,Kraken
1140,01-14-2021_04-31-41,LINK/USD,25.0,15.72411089,15.65348,0.11229711252691428,-0.07020288747308571,0.1825,False,Bittrex,Coinbase Pro
1141,01-14-2021_04-31-51,LINK/USD,25.0,15.72411085,15.65655,0.1074160101078169,-0.0200839898921831,0.1275,False,Bittrex,Kraken
1142,01-14-2021_04-32-03,LINK/USD,25.0,15.7241107,15.65655,0.1074157726452558,-0.020084227354744202,0.1275,False,Bittrex,Kraken
1143,01-14-2021_04-32-14,LINK/USD,25.0,15.7241107,15.65655,0.1074157726452558,-0.020084227354744202,0.1275,False,Bittrex,Kraken
1144,01-14-2021_04-32-26,LINK/USD,25.0,15.65492693,15.63258,0.03568673635450726,-0.09181326364549275,0.1275,False,Bittrex,Kraken
1145,01-14-2021_04-32-37,LINK/USD,25.0,15.65492689,15.64089,0.022416089992994943,-0.10508391000700507,0.1275,False,Bittrex,Kraken
1146,01-14-2021_04-32-47,LINK/USD,25.0,15.65956,15.64569,0.02214302317562038,-0.1628569768243796,0.185,False,Coinbase Pro,Kraken
1147,01-14-2021_04-32-58,LINK/USD,25.0,15.6603,15.64119,0.030507078408458836,-0.05949292159154116,0.09,False,Binance US,Kraken
1148,01-14-2021_04-33-09,LINK/USD,25.0,15.65492695,15.63964,0.024412362396874887,-0.10308763760312512,0.1275,False,Bittrex,Kraken
1149,01-14-2021_04-33-19,LINK/USD,25.0,15.65492695,15.63507,0.03171038431450399,-0.09578961568549602,0.1275,False,Bittrex,Kraken
1150,01-14-2021_04-33-31,LINK/USD,25.0,15.6549269,15.62869,0.041898790341842636,-0.08560120965815737,0.1275,False,Bittrex,Kraken
1151,01-14-2021_04-33-42,LINK/USD,25.0,15.72411042,15.63964,0.13430079308741047,0.006800793087410467,0.1275,False,Bittrex,Kraken
1152,01-14-2021_04-33-53,LINK/USD,25.0,15.72411019,15.63964,0.13430042937138584,0.0068004293713858355,0.1275,False,Bittrex,Kraken
1153,01-14-2021_04-34-03,LINK/USD,25.0,15.72410983,15.65561,0.10890891557706764,-0.018591084422932364,0.1275,False,Bittrex,Kraken
1154,01-14-2021_04-34-13,LINK/USD,25.0,15.72410966,15.65655,0.10741412623803938,-0.020085873761960624,0.1275,False,Bittrex,Kraken
1155,01-14-2021_04-34-24,LINK/USD,25.0,15.72410958,15.65594,0.10838384783121224,-0.01911615216878776,0.1275,False,Bittrex,Kraken
1156,01-14-2021_04-34-34,LINK/USD,25.0,15.72410943,15.64996,0.11789130304977832,-0.009608696950221679,0.1275,False,Bittrex,Kraken
1157,01-14-2021_04-34-46,LINK/USD,25.0,15.65492695,15.64216,0.02038807022347621,-0.10711192977652378,0.1275,False,Bittrex,Kraken
1158,01-14-2021_04-34-56,LINK/USD,25.0,15.65492695,15.64365,0.018008627628889943,-0.10949137237111006,0.1275,False,Bittrex,Kraken
1159,01-14-2021_04-35-07,LINK/USD,25.0,15.72410931,15.65655,0.1074135721586383,-0.020086427841361706,0.1275,False,Bittrex,Kraken
1160,01-14-2021_04-35-18,LINK/USD,25.0,15.72410918,15.65655,0.10741336635771176,-0.020086633642288243,0.1275,False,Bittrex,Kraken
1161,01-14-2021_04-35-29,LINK/USD,25.0,15.72410903,15.65645,0.10757212041539714,-0.01992787958460286,0.1275,False,Bittrex,Kraken
1162,01-14-2021_04-35-39,LINK/USD,25.0,15.65492695,15.64005,0.02375761644802767,-0.10374238355197234,0.1275,False,Bittrex,Kraken
1163,01-14-2021_04-35-49,LINK/USD,25.0,15.72410887,15.64996,0.11789041689584813,-0.009609583104151873,0.1275,False,Bittrex,Kraken
1164,01-14-2021_04-35-59,LINK/USD,25.0,15.72410862,15.65617,0.10801664762349082,-0.01948335237650918,0.1275,False,Bittrex,Kraken
1165,01-14-2021_04-36-08,LINK/USD,25.0,15.72410855,15.65617,0.10801653681028699,-0.019483463189713016,0.1275,False,Bittrex,Kraken
1166,01-14-2021_04-36-19,LINK/USD,25.0,15.7241085,15.65208,0.1145192110573392,-0.012980788942660804,0.1275,False,Bittrex,Kraken
1167,01-14-2021_04-36-30,LINK/USD,25.0,15.65492692,15.64126,0.021825269561843767,-0.10567473043815623,0.1275,False,Bittrex,Kraken
1168,01-14-2021_04-36-40,LINK/USD,25.0,15.6568,15.64489,0.019017295999182955,-0.07098270400081705,0.09,False,Binance US,Kraken
1169,01-14-2021_04-36-50,LINK/USD,25.0,15.65492684,15.64584,0.014511150535661257,-0.11298884946433875,0.1275,False,Bittrex,Kraken
1170,01-14-2021_04-37-01,LINK/USD,25.0,15.72410836,15.64749,0.12181670058142682,-0.06068329941857317,0.1825,False,Bittrex,Coinbase Pro
1171,01-14-2021_04-37-11,LINK/USD,25.0,15.65492691,15.63242,0.035942215076110826,-0.14655778492388916,0.1825,False,Bittrex,Coinbase Pro
1172,01-14-2021_04-37-21,LINK/USD,25.0,15.65492685,15.63613,0.030017466993148365,-0.09748253300685164,0.1275,False,Bittrex,Kraken
1173,01-14-2021_04-37-31,LINK/USD,25.0,15.65492682,15.63213,0.0364051845500737,-0.0910948154499263,0.1275,False,Bittrex,Kraken
1174,01-14-2021_04-37-40,LINK/USD,25.0,15.65492678,15.63913,0.025226531273499365,-0.10227346872650064,0.1275,False,Bittrex,Kraken
1175,01-14-2021_04-37-51,LINK/USD,25.0,15.65492671,15.63577,0.030592142580524045,-0.09690785741947595,0.1275,False,Bittrex,Kraken
1176,01-14-2021_04-38-01,LINK/USD,25.0,15.72410819,15.68151,0.06772751351821088,-0.05977248648178912,0.1275,False,Bittrex,Kraken
1177,01-14-2021_04-38-13,LINK/USD,25.0,15.7819476,15.71152,0.11156354365287648,-0.015936456347123526,0.1275,False,Bittrex,Kraken
1178,01-14-2021_04-38-23,LINK/USD,25.0,15.78194752,15.73007,0.08217857766643949,-0.1003214223335605,0.1825,False,Bittrex,Coinbase Pro
1179,01-14-2021_04-38-33,LINK/USD,25.0,15.72411094,15.70206,0.0350591204872276,-0.1474408795127724,0.1825,False,Bittrex,Coinbase Pro
1180,01-14-2021_04-38-43,LINK/USD,25.0,15.72411093,15.70838,0.025010841741753314,-0.10248915825824668,0.1275,False,Bittrex,Kraken
1181,01-14-2021_04-38-54,LINK/USD,25.0,15.7241109,15.70819,0.0253128779446591,-0.1021871220553409,0.1275,False,Bittrex,Kraken
1182,01-14-2021_04-39-04,LINK/USD,25.0,15.78194737,15.72905,0.08379411101786989,-0.04370588898213011,0.1275,False,Bittrex,Kraken
1183,01-14-2021_04-39-15,LINK/USD,25.0,15.726,15.69998,0.041364619102125175,-0.10363538089787482,0.145,False,Binance US,Coinbase Pro
1184,01-14-2021_04-39-25,LINK/USD,25.0,15.72411089,15.70643,0.02811111248783805,-0.09938888751216196,0.1275,False,Bittrex,Kraken
1185,01-14-2021_04-39-36,LINK/USD,25.0,15.72411083,15.71205,0.019175694782356627,-0.16332430521764338,0.1825,False,Bittrex,Coinbase Pro
1186,01-14-2021_04-39-47,LINK/USD,25.0,15.72411074,15.70032,0.03782525510247203,-0.14467474489752796,0.1825,False,Bittrex,Coinbase Pro
1187,01-14-2021_04-39-55,LINK/USD,25.0,15.7241107,15.68508,0.06205549672198857,-0.06544450327801143,0.1275,False,Bittrex,Kraken
1188,01-14-2021_04-40-05,LINK/USD,25.0,15.72411063,15.70557,0.029478026510171517,-0.09802197348982848,0.1275,False,Bittrex,Kraken
1189,01-14-2021_04-40-14,LINK/USD,25.0,15.72411057,15.70005,0.03825426228861953,-0.08924573771138047,0.1275,False,Bittrex,Kraken
1190,01-14-2021_04-40-25,LINK/USD,25.0,15.7241105,15.69031,0.05373992379409936,-0.07376007620590064,0.1275,False,Bittrex,Kraken
1191,01-14-2021_04-40-36,LINK/USD,25.0,15.72411043,15.69031,0.053739812739281675,-0.07376018726071833,0.1275,False,Bittrex,Kraken
1192,01-14-2021_04-40-45,LINK/USD,25.0,15.72411038,15.69215,0.05081428969210945,-0.07668571030789055,0.1275,False,Bittrex,Kraken
1193,01-14-2021_04-40-55,LINK/USD,25.0,15.72411031,15.69116,0.05238819454707891,-0.0751118054529211,0.1275,False,Bittrex,Kraken
1194,01-14-2021_04-41-05,LINK/USD,25.0,15.7316,15.70049,0.04943870934933505,-0.040561290650664945,0.09,False,Binance US,Kraken
1195,01-14-2021_04-41-17,LINK/USD,25.0,15.7316,15.72182,0.015541966487835011,-0.07445803351216498,0.09,False,Binance US,Kraken
1196,01-14-2021_04-41-27,LINK/USD,25.0,15.7305,15.70828,0.03531356282381205,-0.10968643717618794,0.145,False,Binance US,Coinbase Pro
1197,01-14-2021_04-41-37,LINK/USD,25.0,15.72411089,15.70072,0.037189527222928315,-0.14531047277707168,0.1825,False,Bittrex,Coinbase Pro
1198,01-14-2021_04-41-47,LINK/USD,25.0,15.72411085,15.70322,0.03321467617356672,-0.09428532382643329,0.1275,False,Bittrex,Kraken
1199,01-14-2021_04-41-58,LINK/USD,25.0,15.7331,15.7193,0.021928291309404716,-0.12307170869059528,0.145,False,Binance US,Coinbase Pro
1200,01-14-2021_04-42-09,LINK/USD,25.0,15.78194656,15.72182,0.09524579203745653,-0.03225420796254347,0.1275,False,Bittrex,Kraken
1201,01-14-2021_04-42-19,LINK/USD,25.0,15.7819464,15.72182,0.09524553954891372,-0.03225446045108628,0.1275,False,Bittrex,Kraken
1202,01-14-2021_04-42-31,LINK/USD,25.0,15.7819463,15.72182,0.09524538174356907,-0.03225461825643093,0.1275,False,Bittrex,Kraken
1203,01-14-2021_04-42-44,LINK/USD,25.0,15.78194631,15.71837,0.10071050292402146,-0.02678949707597854,0.1275,False,Bittrex,Kraken
1204,01-14-2021_04-42-55,LINK/USD,25.0,15.7293,15.71837,0.01737203817080243,-0.07262796182919756,0.09,False,Binance US,Kraken
1205,01-14-2021_04-43-05,LINK/USD,25.0,15.78194626,15.71738,0.10227867168012938,-0.025221328319870617,0.1275,False,Bittrex,Kraken
1206,01-14-2021_04-43-15,LINK/USD,25.0,15.7284,15.71903,0.014893441163755601,-0.0751065588362444,0.09,False,Binance US,Kraken
1207,01-14-2021_04-43-25,LINK/USD,25.0,15.72411091,15.70184,0.0354088541594998,-0.1470911458405002,0.1825,False,Bittrex,Coinbase Pro
1208,01-14-2021_04-43-35,LINK/USD,25.0,15.72411087,15.70818,0.025328729445673326,-0.10217127055432668,0.1275,False,Bittrex,Kraken
1209,01-14-2021_04-43-46,LINK/USD,25.0,15.78194604,15.72581,0.08892445813989136,-0.03857554186010864,0.1275,False,Bittrex,Kraken
1210,01-14-2021_04-43-57,LINK/USD,25.0,15.78194591,15.71602,0.10443247996152669,-0.023067520038473316,0.1275,False,Bittrex,Kraken
1211,01-14-2021_04-44-07,LINK/USD,25.0,15.78194585,15.73246,0.07838996925718121,-0.04911003074281879,0.1275,False,Bittrex,Kraken
1212,01-14-2021_04-44-17,LINK/USD,25.0,15.7819458,15.725,0.09020719105498569,-0.0922928089450143,0.1825,False,Bittrex,Coinbase Pro
1213,01-14-2021_04-44-30,LINK/USD,25.0,15.7288,15.71778,0.01751564009969014,-0.07248435990030985,0.09,False,Binance US,Kraken
1214,01-14-2021_04-44-42,LINK/USD,25.0,15.7338,15.72184,0.019003673619850565,-0.12599632638014943,0.145,False,Binance US,Coinbase Pro
1215,01-14-2021_04-44-54,LINK/USD,25.0,15.78194558,15.72976,0.08266658210083584,-0.04483341789916416,0.1275,False,Bittrex,Kraken
1216,01-14-2021_04-45-06,LINK/USD,25.0,15.78194548,15.73063,0.08128826712940768,-0.046211732870592326,0.1275,False,Bittrex,Kraken
1217,01-14-2021_04-45-16,LINK/USD,25.0,15.78194543,15.73892,0.06815609360524849,-0.05934390639475151,0.1275,False,Bittrex,Kraken
1218,01-14-2021_04-45-29,LINK/USD,25.0,15.7287,15.72333,0.008535352572048563,-0.13646464742795142,0.145,False,Binance US,Coinbase Pro
1219,01-14-2021_04-45-39,LINK/USD,25.0,15.7376,15.72114,0.026147570150468247,-0.11885242984953175,0.145,False,Binance US,Coinbase Pro
1220,01-14-2021_04-45-49,LINK/USD,25.0,15.7298,15.72405,0.009138704878636463,-0.13586129512136352,0.145,False,Binance US,Coinbase Pro
1221,01-14-2021_04-46-00,LINK/USD,25.0,15.72411096,15.71444,0.01537600444407115,-0.16712399555592886,0.1825,False,Bittrex,Coinbase Pro
1222,01-14-2021_04-46-10,LINK/USD,25.0,15.735,15.71841,0.02635843660629011,-0.11864156339370988,0.145,False,Binance US,Coinbase Pro
1223,01-14-2021_04-46-19,LINK/USD,25.0,15.78194491,15.7254,0.08957215083828268,-0.03792784916171732,0.1275,False,Bittrex,Kraken
1224,01-14-2021_04-46-29,LINK/USD,25.0,15.7354,15.72411096,0.01793573725485119,-0.0695642627451488,0.0875,False,Binance US,Bittrex
1225,01-14-2021_04-46-40,LINK/USD,25.0,15.7354,15.72411095,0.017935753142596062,-0.06956424685740394,0.0875,False,Binance US,Bittrex
1226,01-14-2021_04-46-49,LINK/USD,25.0,15.78194462,15.72508,0.09007860147972166,-0.03742139852027834,0.1275,False,Bittrex,Kraken
1227,01-14-2021_04-47-00,LINK/USD,25.0,15.78194449,15.72682,0.08732208194454362,-0.09517791805545638,0.1825,False,Bittrex,Coinbase Pro
1228,01-14-2021_04-47-10,LINK/USD,25.0,15.78194444,15.77473,0.011428312948743764,-0.17107168705125622,0.1825,False,Bittrex,Coinbase Pro
1229,01-14-2021_04-47-20,LINK/USD,25.0,15.78194444,15.77476,0.011380790287460335,-0.17111920971253966,0.1825,False,Bittrex,Coinbase Pro
1230,01-14-2021_04-47-31,LINK/USD,25.0,15.78194438,15.75769,0.03842108965790239,-0.1440789103420976,0.1825,False,Bittrex,Coinbase Pro
1231,01-14-2021_04-47-42,LINK/USD,25.0,15.78194432,15.763,0.030009483647701844,-0.15249051635229816,0.1825,False,Bittrex,Coinbase Pro
1232,01-14-2021_04-47-54,LINK/USD,25.0,15.78194429,15.77195,0.01583184209808133,-0.11166815790191867,0.1275,False,Bittrex,Kraken
1233,01-14-2021_04-48-04,LINK/USD,25.0,15.82036193,15.77722,0.06817468871902238,-0.05932531128097762,0.1275,False,Bittrex,Kraken
1234,01-14-2021_04-48-16,LINK/USD,25.0,15.82036186,15.76848,0.08198589333657622,-0.04551410666342379,0.1275,False,Bittrex,Kraken
1235,01-14-2021_04-48-27,LINK/USD,25.0,15.8203618,15.76799,0.08276011740768359,-0.04473988259231641,0.1275,False,Bittrex,Kraken
1236,01-14-2021_04-48-38,LINK/USD,25.0,15.82036171,15.77529,0.0712242090702492,-0.056275790929750796,0.1275,False,Bittrex,Kraken
1237,01-14-2021_04-48-49,LINK/USD,25.0,15.82036161,15.78196,0.06068383730199876,-0.06681616269800125,0.1275,False,Bittrex,Kraken
1238,01-14-2021_04-49-00,LINK/USD,25.0,15.82036157,15.78273,0.059466987896406386,-0.06803301210359361,0.1275,False,Bittrex,Kraken
1239,01-14-2021_04-49-10,LINK/USD,25.0,15.82036149,15.78274,0.05945105935755607,-0.06804894064244393,0.1275,False,Bittrex,Kraken
1240,01-14-2021_04-49-21,LINK/USD,25.0,15.82036144,15.78274,0.05945098053334802,-0.06804901946665198,0.1275,False,Bittrex,Kraken
1241,01-14-2021_04-49-31,LINK/USD,25.0,15.82036137,15.78274,0.05945087017945927,-0.06804912982054073,0.1275,False,Bittrex,Kraken
1242,01-14-2021_04-49-42,LINK/USD,25.0,15.82036137,15.78274,0.05945087017945927,-0.06804912982054073,0.1275,False,Bittrex,Kraken
1243,01-14-2021_04-49-53,LINK/USD,25.0,15.82036137,15.775,0.07168194350796958,0.009181943507969581,0.0625,True,Bittrex,Binance US
1244,01-14-2021_04-50-04,LINK/USD,25.0,15.82036113,15.75966,0.095922478477582,-0.086577521522418,0.1825,False,Bittrex,Coinbase Pro
1245,01-14-2021_04-50-14,LINK/USD,25.0,15.820361,15.76796,0.08280626466109038,-0.04469373533890962,0.1275,False,Bittrex,Kraken
1246,01-14-2021_04-50-25,LINK/USD,25.0,15.82036083,15.775,0.0716810926239789,0.009181092623978898,0.0625,True,Bittrex,Binance US
1247,01-14-2021_04-50-35,LINK/USD,25.0,15.8203608,15.775,0.07168104535264329,0.009181045352643288,0.0625,True,Bittrex,Binance US
1248,01-14-2021_04-50-47,LINK/USD,25.0,15.82036078,15.76989,0.07975605092363686,-0.10274394907636314,0.1825,False,Bittrex,Coinbase Pro
1249,01-14-2021_04-50-58,LINK/USD,25.0,15.82036072,15.76992,0.07970854914868088,-0.047791450851319126,0.1275,False,Bittrex,Kraken
1250,01-14-2021_04-51-11,LINK/USD,25.0,15.82036064,15.76684,0.08457556881585783,-0.04292443118414217,0.1275,False,Bittrex,Kraken
1251,01-14-2021_04-51-21,LINK/USD,25.0,15.82036051,15.76919,0.08086179510203903,-0.04663820489796097,0.1275,False,Bittrex,Kraken
1252,01-14-2021_04-51-31,LINK/USD,25.0,15.82036035,15.77033,0.07906006704834652,-0.04843993295165348,0.1275,False,Bittrex,Kraken
1253,01-14-2021_04-51-42,LINK/USD,25.0,15.82036031,15.775,0.07168027325415498,0.009180273254154978,0.0625,True,Bittrex,Binance US
1254,01-14-2021_04-51-53,LINK/USD,25.0,15.82036027,15.775,0.07168021022570517,0.009180210225705171,0.0625,True,Bittrex,Binance US
1255,01-14-2021_04-52-05,LINK/USD,25.0,15.80377462,15.775,0.04551858763473065,-0.01698141236526935,0.0625,False,Bittrex,Binance US
1256,01-14-2021_04-52-14,LINK/USD,25.0,15.80377462,15.77999,0.037624903815542864,-0.14487509618445713,0.1825,False,Bittrex,Coinbase Pro
1257,01-14-2021_04-52-25,LINK/USD,25.0,15.80377462,15.78,0.037609084809893785,-0.14489091519010622,0.1825,False,Bittrex,Coinbase Pro
1258,01-14-2021_04-52-34,LINK/USD,25.0,15.80377463,15.77999,0.037624919610739466,-0.14487508038926053,0.1825,False,Bittrex,Coinbase Pro
1259,01-14-2021_04-52-46,LINK/USD,25.0,15.81684446,15.79385,0.03634489176736775,-0.09115510823263226,0.1275,False,Bittrex,Kraken
1260,01-14-2021_04-52-57,LINK/USD,25.0,15.81684439,15.78998,0.042461677780974975,-0.140038322219025,0.1825,False,Bittrex,Coinbase Pro
1261,01-14-2021_04-53-08,LINK/USD,25.0,15.81680441,15.79414,0.03582330762348834,-0.09167669237651166,0.1275,False,Bittrex,Kraken
1262,01-14-2021_04-53-20,LINK/USD,25.0,15.8042,15.78576,0.029169461282443927,-0.060830538717556074,0.09,False,Binance US,Kraken
1263,01-14-2021_04-53-31,LINK/USD,25.0,15.81717593,15.78715,0.047457792296299914,-0.13504220770370007,0.1825,False,Bittrex,Coinbase Pro
1264,01-14-2021_04-53-42,LINK/USD,25.0,15.81717589,15.79137,0.04078776479990056,-0.08671223520009944,0.1275,False,Bittrex,Kraken
1265,01-14-2021_04-53-52,LINK/USD,25.0,15.81717584,15.78521,0.05052393727450901,-0.13197606272549098,0.1825,False,Bittrex,Coinbase Pro
1266,01-14-2021_04-54-01,LINK/USD,25.0,15.81717581,15.79215,0.03955480153444773,-0.08794519846555227,0.1275,False,Bittrex,Kraken
1267,01-14-2021_04-54-11,LINK/USD,25.0,15.81717581,15.79215,0.03955480153444773,-0.08794519846555227,0.1275,False,Bittrex,Kraken
1268,01-14-2021_04-54-21,LINK/USD,25.0,15.81717581,15.79215,0.03955480153444773,-0.08794519846555227,0.1275,False,Bittrex,Kraken
1269,01-14-2021_04-54-33,LINK/USD,25.0,15.81717581,15.79851,0.02950243808410936,-0.09799756191589064,0.1275,False,Bittrex,Kraken
1270,01-14-2021_04-54-45,LINK/USD,25.0,15.81717581,15.79994,0.027242236868075784,-0.15525776313192421,0.1825,False,Bittrex,Coinbase Pro
1271,01-14-2021_04-54-55,LINK/USD,25.0,15.81717581,15.79698,0.031920695329238725,-0.09557930467076128,0.1275,False,Bittrex,Kraken
1272,01-14-2021_04-55-06,LINK/USD,25.0,15.81717581,15.79987,0.02735287608843975,-0.10014712391156025,0.1275,False,Bittrex,Kraken
1273,01-14-2021_04-55-16,LINK/USD,25.0,15.80955632,15.77494,0.05473955008498238,-0.12776044991501762,0.1825,False,Bittrex,Coinbase Pro
1274,01-14-2021_04-55-27,LINK/USD,25.0,15.79567326,15.75997,0.05650797438690502,-0.12599202561309497,0.1825,False,Bittrex,Coinbase Pro
1275,01-14-2021_04-55-37,LINK/USD,25.0,15.79567322,15.76432,0.049623114449312056,-0.13287688555068794,0.1825,False,Bittrex,Coinbase Pro
1276,01-14-2021_04-55-47,LINK/USD,25.0,15.79567319,15.77527,0.032292371706127455,-0.15020762829387255,0.1825,False,Bittrex,Coinbase Pro
1277,01-14-2021_04-55-59,LINK/USD,25.0,15.79101374,15.76425,0.04237178885514638,-0.14012821114485363,0.1825,False,Bittrex,Coinbase Pro
1278,01-14-2021_04-56-10,LINK/USD,25.0,15.78090424,15.75549,0.04026106427979935,-0.08723893572020065,0.1275,False,Bittrex,Kraken
1279,01-14-2021_04-56-19,LINK/USD,25.0,15.79607015,15.76597,0.0476386685330099,-0.0798613314669901,0.1275,False,Bittrex,Kraken
1280,01-14-2021_04-56-30,LINK/USD,25.0,15.7960701,15.76842,0.043761042817857115,-0.13873895718214288,0.1825,False,Bittrex,Coinbase Pro
1281,01-14-2021_04-56-41,LINK/USD,25.0,15.79607007,15.76543,0.04849318511537924,-0.13400681488462074,0.1825,False,Bittrex,Coinbase Pro
1282,01-14-2021_04-56-50,LINK/USD,25.0,15.79607004,15.76755,0.0451378727869962,-0.0823621272130038,0.1275,False,Bittrex,Kraken
1283,01-14-2021_04-57-00,LINK/USD,25.0,15.79607003,15.76593,0.04770178585995785,-0.07979821414004215,0.1275,False,Bittrex,Kraken
1284,01-14-2021_04-57-10,LINK/USD,25.0,15.79607003,15.77112,0.03948771743955006,-0.08801228256044993,0.1275,False,Bittrex,Kraken
1285,01-14-2021_04-57-21,LINK/USD,25.0,15.79607003,15.77108,0.03955102432525691,-0.0879489756747431,0.1275,False,Bittrex,Kraken
1286,01-14-2021_04-57-31,LINK/USD,25.0,15.80169139,15.77105,0.04847802245301214,-0.07902197754698786,0.1275,False,Bittrex,Kraken
1287,01-14-2021_04-57-42,LINK/USD,25.0,15.80169138,15.77118,0.04827233247736055,-0.13422766752263945,0.1825,False,Bittrex,Coinbase Pro
1288,01-14-2021_04-57-54,LINK/USD,25.0,15.80169135,15.78317,0.02930279675409608,-0.1531972032459039,0.1825,False,Bittrex,Coinbase Pro
1289,01-14-2021_04-58-05,LINK/USD,25.0,15.81352324,15.79996,0.021442470147468327,-0.16105752985253166,0.1825,False,Bittrex,Coinbase Pro
1290,01-14-2021_04-58-17,LINK/USD,25.0,15.81352323,15.79997,0.021426645098113626,-0.16107335490188637,0.1825,False,Bittrex,Coinbase Pro
1291,01-14-2021_04-58-28,LINK/USD,25.0,15.81352323,15.79835,0.0239877441910209,-0.1585122558089791,0.1825,False,Bittrex,Coinbase Pro
1292,01-14-2021_04-58-38,LINK/USD,25.0,15.81352321,15.79128,0.03516485495454492,-0.14733514504545508,0.1825,False,Bittrex,Coinbase Pro
1293,01-14-2021_04-58-48,LINK/USD,25.0,15.81352317,15.7779,0.056317573283701,-0.006182426716298997,0.0625,False,Bittrex,Binance US
1294,01-14-2021_04-59-00,LINK/USD,25.0,15.80439104,15.78635,0.02853801825445081,-0.15396198174554918,0.1825,False,Bittrex,Coinbase Pro
1295,01-14-2021_04-59-10,LINK/USD,25.0,15.80439104,15.79319,0.017718240411244163,-0.10978175958875584,0.1275,False,Bittrex,Kraken
1296,01-14-2021_04-59-23,LINK/USD,25.0,15.81163643,15.78326,0.044866371241246324,-0.08263362875875369,0.1275,False,Bittrex,Kraken
1297,01-14-2021_04-59-35,LINK/USD,25.0,15.81042009,15.78338,0.042756754479127586,-0.08474324552087242,0.1275,False,Bittrex,Kraken
1298,01-14-2021_04-59-47,LINK/USD,25.0,15.81042001,15.78338,0.04275662819662236,-0.08474337180337764,0.1275,False,Bittrex,Kraken
1299,01-14-2021_05-00-00,LINK/USD,25.0,15.7986542,15.78649,0.019248791457184798,-0.1082512085428152,0.1275,False,Bittrex,Kraken
1300,01-14-2021_05-00-13,LINK/USD,25.0,15.81041993,15.78297,0.0434048085400846,-0.1390951914599154,0.1825,False,Bittrex,Coinbase Pro
1301,01-14-2021_05-00-26,LINK/USD,25.0,15.918,15.77093,0.23098065083553113,0.04848065083553113,0.1825,True,Bittrex,Coinbase Pro
1302,01-14-2021_05-00-38,LINK/USD,25.0,15.91499996,15.77065,0.22675143003895987,0.09925143003895986,0.1275,True,Bittrex,Kraken
1303,01-14-2021_05-00-50,LINK/USD,25.0,15.91499972,15.76432,0.23669450620637708,0.10919450620637708,0.1275,True,Bittrex,Kraken
1304,01-14-2021_05-01-03,LINK/USD,25.0,15.91499955,15.74977,0.25955003875573374,0.07705003875573374,0.1825,True,Bittrex,Coinbase Pro
1305,01-14-2021_05-01-27,LINK/USD,25.0,15.91199968,15.74206,0.26699925122170254,0.13949925122170254,0.1275,True,Bittrex,Kraken
1306,01-14-2021_05-01-40,LINK/USD,25.0,15.91199947,15.7357,0.2769913836604722,0.1494913836604722,0.1275,True,Bittrex,Kraken
1307,01-14-2021_05-02-03,LINK/USD,25.0,15.90899975,15.74157,0.26310540045108766,0.08060540045108766,0.1825,True,Bittrex,Coinbase Pro
1308,01-14-2021_05-02-16,LINK/USD,25.0,15.90899951,15.73162,0.278740831389968,0.09624083138996803,0.1825,True,Bittrex,Coinbase Pro
1309,01-14-2021_05-02-39,LINK/USD,25.0,15.9089992,15.73446,0.2742774668063342,0.1467774668063342,0.1275,True,Bittrex,Kraken
1310,01-14-2021_05-02-52,LINK/USD,25.0,15.90899906,15.73238,0.27754583951807743,0.09504583951807744,0.1825,True,Bittrex,Coinbase Pro
1311,01-14-2021_05-03-15,LINK/USD,25.0,15.90099785,15.73468,0.26148964292828747,0.13398964292828747,0.1275,True,Bittrex,Kraken
1312,01-14-2021_05-03-29,LINK/USD,25.0,15.90099355,15.73418,0.26226906745710954,0.13476906745710954,0.1275,True,Bittrex,Kraken
1313,01-14-2021_05-03-50,LINK/USD,25.0,15.90098779,15.73282,0.2643983383626006,0.13689833836260062,0.1275,True,Bittrex,Kraken
1314,01-14-2021_05-04-03,LINK/USD,25.0,15.90098057,15.73742,0.2571548485327147,0.0746548485327147,0.1825,True,Bittrex,Coinbase Pro
1315,01-14-2021_05-04-27,LINK/USD,25.0,15.9009738,15.73564,0.2599428847558995,0.1324428847558995,0.1275,True,Bittrex,Kraken
1316,01-14-2021_05-04-40,LINK/USD,25.0,15.9009714,15.73706,0.2577065826305428,0.0752065826305428,0.1825,True,Bittrex,Coinbase Pro
1317,01-14-2021_05-05-04,LINK/USD,25.0,15.89499999,15.73746,0.2477823059124143,0.12028230591241429,0.1275,True,Bittrex,Kraken
1318,01-14-2021_05-05-15,LINK/USD,25.0,15.89499975,15.73746,0.24778193217650057,0.12028193217650057,0.1275,True,Bittrex,Kraken
1319,01-14-2021_05-05-28,LINK/USD,25.0,15.89199999,15.73747,0.24309399398634207,0.11559399398634207,0.1275,True,Bittrex,Kraken
1320,01-14-2021_05-05-50,LINK/USD,25.0,15.88899413,15.76828,0.1899335618925042,0.007433561892504215,0.1825,False,Bittrex,Coinbase Pro
1321,01-14-2021_05-06-02,LINK/USD,25.0,15.886,15.75637,0.20400037769104687,0.07650037769104687,0.1275,True,Bittrex,Kraken
1322,01-14-2021_05-06-14,LINK/USD,25.0,15.88599649,15.72708,0.2500889542875621,0.06758895428756212,0.1825,True,Bittrex,Coinbase Pro
1323,01-14-2021_05-06-27,LINK/USD,25.0,15.82792648,15.7265,0.16020178026503043,-0.022298219734969565,0.1825,False,Bittrex,Coinbase Pro
1324,01-14-2021_05-06-49,LINK/USD,25.0,15.82792448,15.72828,0.15738715478126963,0.02988715478126963,0.1275,True,Bittrex,Kraken
1325,01-14-2021_05-07-01,LINK/USD,25.0,15.82792126,15.72265,0.16627461413085196,-0.01622538586914804,0.1825,False,Bittrex,Coinbase Pro
1326,01-14-2021_05-07-12,LINK/USD,25.0,15.82791748,15.71579,0.17710396857590868,0.04960396857590868,0.1275,True,Bittrex,Kraken
1327,01-14-2021_05-07-35,LINK/USD,25.0,15.8279136,15.72219,0.16698916021376473,0.039489160213764724,0.1275,True,Bittrex,Kraken
1328,01-14-2021_05-07-46,LINK/USD,25.0,15.82791229,15.71952,0.17120433828231868,0.04370433828231868,0.1275,True,Bittrex,Kraken
1329,01-14-2021_05-08-10,LINK/USD,25.0,15.82789676,15.7222,0.16694694437721197,0.03944694437721197,0.1275,True,Bittrex,Kraken
1330,01-14-2021_05-08-23,LINK/USD,25.0,15.82789652,15.72,0.17042144523699293,-0.012078554763007066,0.1825,False,Bittrex,Coinbase Pro
1331,01-14-2021_05-08-35,LINK/USD,25.0,15.8278918,15.73213,0.15125482472656276,0.023754824726562762,0.1275,True,Bittrex,Kraken
1332,01-14-2021_05-08-48,LINK/USD,25.0,15.82788399,15.7357,0.1456037807363291,-0.0368962192636709,0.1825,False,Bittrex,Coinbase Pro
1333,01-14-2021_05-09-11,LINK/USD,25.0,15.82788067,15.72758,0.15842403681705464,0.030924036817054634,0.1275,True,Bittrex,Kraken
1334,01-14-2021_05-09-35,LINK/USD,25.0,15.82787053,15.73856,0.14106529654561267,0.01356529654561267,0.1275,True,Bittrex,Kraken
1335,01-14-2021_05-09-46,LINK/USD,25.0,15.82787037,15.74128,0.1367688260893934,0.00926882608939339,0.1275,True,Bittrex,Kraken
1336,01-14-2021_05-09-59,LINK/USD,25.0,15.8278628,15.74817,0.12587422731513714,-0.0016257726848628584,0.1275,False,Bittrex,Kraken
1337,01-14-2021_05-10-10,LINK/USD,25.0,15.82786104,15.74688,0.12790900772275052,0.0004090077227505151,0.1275,False,Bittrex,Kraken
1338,01-14-2021_05-10-21,LINK/USD,25.0,15.8278532,15.74461,0.1314821393466046,0.003982139346604602,0.1275,False,Bittrex,Kraken
1339,01-14-2021_05-10-32,LINK/USD,25.0,15.82785171,15.72972,0.15499846693976696,-0.027501533060233035,0.1825,False,Bittrex,Coinbase Pro
1340,01-14-2021_05-10-44,LINK/USD,25.0,15.82785142,15.72915,0.15589832343776097,-0.026601676562239024,0.1825,False,Bittrex,Coinbase Pro
1341,01-14-2021_05-10-54,LINK/USD,25.0,15.82784618,15.73899,0.14034787012316116,-0.042152129876838834,0.1825,False,Bittrex,Coinbase Pro
1342,01-14-2021_05-11-18,LINK/USD,25.0,15.82784252,15.71556,0.17734969225610042,-0.005150307743899574,0.1825,False,Bittrex,Coinbase Pro
1343,01-14-2021_05-11-30,LINK/USD,25.0,15.82783747,15.72137,0.1681649028204232,0.040664902820423204,0.1275,True,Bittrex,Kraken
1344,01-14-2021_05-11-52,LINK/USD,25.0,15.82783126,15.7334,0.14915382033204774,0.02165382033204774,0.1275,True,Bittrex,Kraken
1345,01-14-2021_05-12-04,LINK/USD,25.0,15.82783092,15.72646,0.16011499066481183,-0.022385009335188166,0.1825,False,Bittrex,Coinbase Pro
1346,01-14-2021_05-12-17,LINK/USD,25.0,15.82782299,15.72535,0.16185578721840221,-0.02064421278159778,0.1825,False,Bittrex,Coinbase Pro
1347,01-14-2021_05-12-27,LINK/USD,25.0,15.82781768,15.736,0.14502580497250225,0.08252580497250225,0.0625,True,Bittrex,Binance US
1348,01-14-2021_05-12-39,LINK/USD,25.0,15.82781121,15.73745,0.1427253724490174,0.015225372449017394,0.1275,True,Bittrex,Kraken
1349,01-14-2021_05-12-51,LINK/USD,25.0,15.8278109,15.73179,0.15166484583158493,0.02416484583158493,0.1275,True,Bittrex,Kraken
1350,01-14-2021_05-13-03,LINK/USD,25.0,15.82780955,15.73097,0.1529579151399385,0.025457915139938503,0.1275,True,Bittrex,Kraken
1351,01-14-2021_05-13-14,LINK/USD,25.0,15.82780694,15.70855,0.1883661780372961,0.060866178037296104,0.1275,True,Bittrex,Kraken
1352,01-14-2021_05-13-26,LINK/USD,25.0,15.82780003,15.71459,0.178815169804747,0.051315169804746985,0.1275,True,Bittrex,Kraken
1353,01-14-2021_05-13-37,LINK/USD,25.0,15.82779983,15.71797,0.17347614826387509,0.04597614826387508,0.1275,True,Bittrex,Kraken
1354,01-14-2021_05-14-01,LINK/USD,25.0,15.82778766,15.71916,0.17157745342156017,0.044077453421560164,0.1275,True,Bittrex,Kraken
1355,01-14-2021_05-14-12,LINK/USD,25.0,15.82778073,15.70886,0.18783544583511713,0.06033544583511713,0.1275,True,Bittrex,Kraken
1356,01-14-2021_05-14-35,LINK/USD,25.0,15.82777843,15.72107,0.168546126785781,-0.01395387321421901,0.1825,False,Bittrex,Coinbase Pro
1357,01-14-2021_05-14-46,LINK/USD,25.0,15.82777472,15.69824,0.20460033436715566,0.07710033436715566,0.1275,True,Bittrex,Kraken
1358,01-14-2021_05-14-57,LINK/USD,25.0,15.82777445,15.69999,0.20183578304655467,0.019335783046554672,0.1825,True,Bittrex,Coinbase Pro
1359,01-14-2021_05-15-07,LINK/USD,25.0,15.82777072,15.69897,0.2034410313975046,0.0759410313975046,0.1275,True,Bittrex,Kraken
1360,01-14-2021_05-15-20,LINK/USD,25.0,15.82776507,15.72005,0.1701362597998167,0.042636259799816695,0.1275,True,Bittrex,Kraken
1361,01-14-2021_05-15-33,LINK/USD,25.0,15.82776085,15.73177,0.15161786134771157,0.024117861347711572,0.1275,True,Bittrex,Kraken
1362,01-14-2021_05-15-45,LINK/USD,25.0,15.82776061,15.72772,0.15801447290148368,0.03051447290148368,0.1275,True,Bittrex,Kraken
1363,01-14-2021_05-16-09,LINK/USD,25.0,15.8277573,15.72463,0.162889943984674,0.03538994398467399,0.1275,True,Bittrex,Kraken
1364,01-14-2021_05-16-21,LINK/USD,25.0,15.82775258,15.72502,0.16226653070413302,0.03476653070413302,0.1275,True,Bittrex,Kraken
1365,01-14-2021_05-16-33,LINK/USD,25.0,15.82774527,15.72362,0.16446636621919658,0.03696636621919658,0.1275,True,Bittrex,Kraken
1366,01-14-2021_05-16-56,LINK/USD,25.0,15.8277374,15.71451,0.17884331338476644,0.05134331338476644,0.1275,True,Bittrex,Kraken
1367,01-14-2021_05-17-09,LINK/USD,25.0,15.82773349,15.71349,0.18044827781592843,0.052948277815928424,0.1275,True,Bittrex,Kraken
1368,01-14-2021_05-17-32,LINK/USD,25.0,15.82772893,15.70948,0.18677494813527873,0.05927494813527873,0.1275,True,Bittrex,Kraken
1369,01-14-2021_05-17-45,LINK/USD,25.0,15.82772351,15.7129,0.181364537242919,0.05386453724291901,0.1275,True,Bittrex,Kraken
1370,01-14-2021_05-18-07,LINK/USD,25.0,15.82771504,15.71326,0.18078263304391548,0.05328263304391548,0.1275,True,Bittrex,Kraken
1371,01-14-2021_05-18-18,LINK/USD,25.0,15.82771478,15.71026,0.18552074894036122,0.058020748940361216,0.1275,True,Bittrex,Kraken
1372,01-14-2021_05-18-40,LINK/USD,25.0,15.82771008,15.72655,0.1597831895591552,0.032283189559155184,0.1275,True,Bittrex,Kraken
1373,01-14-2021_05-18-53,LINK/USD,25.0,15.82770368,15.72452,0.16297954852791502,0.03547954852791502,0.1275,True,Bittrex,Kraken
1374,01-14-2021_05-19-16,LINK/USD,25.0,15.82770135,15.72169,0.16744590331810766,0.039945903318107656,0.1275,True,Bittrex,Kraken
1375,01-14-2021_05-19-29,LINK/USD,25.0,15.82769363,15.72489,0.162379359247176,0.034879359247176,0.1275,True,Bittrex,Kraken
1376,01-14-2021_05-19-42,LINK/USD,25.0,15.82768963,15.72241,0.1662902679751373,0.038790267975137294,0.1275,True,Bittrex,Kraken
1377,01-14-2021_05-19-53,LINK/USD,25.0,15.82768949,15.72452,0.16295728139154803,0.03545728139154802,0.1275,True,Bittrex,Kraken
1378,01-14-2021_05-20-05,LINK/USD,25.0,15.82768254,15.72214,0.16670561172374904,0.039205611723749034,0.1275,True,Bittrex,Kraken
1379,01-14-2021_05-20-28,LINK/USD,25.0,15.82766684,15.72406,0.16364831444733555,0.036148314447335544,0.1275,True,Bittrex,Kraken
1380,01-14-2021_05-20-40,LINK/USD,25.0,15.8276666,15.73745,0.14249826313627265,0.014998263136272644,0.1275,True,Bittrex,Kraken
1381,01-14-2021_05-21-03,LINK/USD,25.0,15.82765346,15.7265,0.1597733047663036,0.03227330476630361,0.1275,True,Bittrex,Kraken
1382,01-14-2021_05-21-16,LINK/USD,25.0,15.82765097,15.71454,0.17866038715156388,-0.003839612848436119,0.1825,False,Bittrex,Coinbase Pro
1383,01-14-2021_05-21-30,LINK/USD,25.0,15.82764671,15.71051,0.18501915058224166,0.05751915058224166,0.1275,True,Bittrex,Kraken
1384,01-14-2021_05-21-54,LINK/USD,25.0,15.82763826,15.71644,0.17563937552361034,-0.0068606244763896596,0.1825,False,Bittrex,Coinbase Pro
1385,01-14-2021_05-22-06,LINK/USD,25.0,15.82763212,15.70458,0.19436280655732183,0.06686280655732182,0.1275,True,Bittrex,Kraken
1386,01-14-2021_05-22-18,LINK/USD,25.0,15.82762683,15.69673,0.2067537215242762,0.0792537215242762,0.1275,True,Bittrex,Kraken
1387,01-14-2021_05-22-31,LINK/USD,25.0,15.82762292,15.6986,0.20379389983596924,0.07629389983596924,0.1275,True,Bittrex,Kraken
1388,01-14-2021_05-22-43,LINK/USD,25.0,15.82762274,15.69245,0.21350764770629346,0.08600764770629346,0.1275,True,Bittrex,Kraken
1389,01-14-2021_05-22-55,LINK/USD,25.0,15.82761995,15.69245,0.21350327848881923,0.08600327848881922,0.1275,True,Bittrex,Kraken
1390,01-14-2021_05-23-08,LINK/USD,25.0,15.82761341,15.69245,0.21349303666117364,0.08599303666117364,0.1275,True,Bittrex,Kraken
1391,01-14-2021_05-23-31,LINK/USD,25.0,15.82761141,15.68714,0.22187714614861137,0.09437714614861137,0.1275,True,Bittrex,Kraken
1392,01-14-2021_05-23-43,LINK/USD,25.0,15.82760992,15.69245,0.2134875712175773,0.0859875712175773,0.1275,True,Bittrex,Kraken
1393,01-14-2021_05-24-08,LINK/USD,25.0,15.82759607,15.69245,0.21346588168268993,0.08596588168268993,0.1275,True,Bittrex,Kraken
1394,01-14-2021_05-24-30,LINK/USD,25.0,15.82759275,15.69245,0.21346068245280342,0.08596068245280342,0.1275,True,Bittrex,Kraken
1395,01-14-2021_05-24-43,LINK/USD,25.0,15.82758508,15.68723,0.22169376959684753,0.09419376959684753,0.1275,True,Bittrex,Kraken
1396,01-14-2021_05-25-05,LINK/USD,25.0,15.82758186,15.69245,0.2134436283370474,0.08594362833704738,0.1275,True,Bittrex,Kraken
1397,01-14-2021_05-25-17,LINK/USD,25.0,15.82757994,15.68794,0.22056426271317944,0.09306426271317944,0.1275,True,Bittrex,Kraken
1398,01-14-2021_05-25-40,LINK/USD,25.0,15.82757203,15.6884,0.21982529875114554,0.15732529875114554,0.0625,True,Bittrex,Binance US
1399,01-14-2021_05-25-54,LINK/USD,25.0,15.82499984,15.68575,0.21998395167124332,0.09248395167124332,0.1275,True,Bittrex,Kraken
1400,01-14-2021_05-26-17,LINK/USD,25.0,15.82498775,15.68783,0.2166790776820666,0.0891790776820666,0.1275,True,Bittrex,Kraken
1401,01-14-2021_05-26-30,LINK/USD,25.0,15.82498333,15.68139,0.22684594196030639,0.09934594196030638,0.1275,True,Bittrex,Kraken
1402,01-14-2021_05-26-53,LINK/USD,25.0,15.82497876,15.67942,0.22995095634491727,0.04745095634491728,0.1825,True,Bittrex,Coinbase Pro
1403,01-14-2021_05-27-03,LINK/USD,25.0,15.82497242,15.68001,0.22900896152083244,0.04650896152083245,0.1825,True,Bittrex,Coinbase Pro
1404,01-14-2021_05-27-15,LINK/USD,25.0,15.82497026,15.67859,0.23124887060609367,0.048748870606093675,0.1825,True,Bittrex,Coinbase Pro
1405,01-14-2021_05-27-25,LINK/USD,25.0,15.82496994,15.67251,0.24085344328938416,0.05835344328938416,0.1825,True,Bittrex,Coinbase Pro
1406,01-14-2021_05-27-37,LINK/USD,25.0,15.82496481,15.67875,0.23098757525767924,0.048487575257679244,0.1825,True,Bittrex,Coinbase Pro
1407,01-14-2021_05-27-50,LINK/USD,25.0,15.82496254,15.67299,0.24008356989134325,0.11258356989134324,0.1275,True,Bittrex,Kraken
1408,01-14-2021_05-28-13,LINK/USD,25.0,15.82495682,15.6724,0.24100669236454972,0.05850669236454972,0.1825,True,Bittrex,Coinbase Pro
1409,01-14-2021_05-28-26,LINK/USD,25.0,15.82495246,15.66568,0.2516160165450513,0.12411601654505128,0.1275,True,Bittrex,Kraken
1410,01-14-2021_05-28-50,LINK/USD,25.0,15.82494516,15.66872,0.24680205590045784,0.11930205590045784,0.1275,True,Bittrex,Kraken
1411,01-14-2021_05-29-03,LINK/USD,25.0,15.82494476,15.66872,0.24680143022502227,0.11930143022502226,0.1275,True,Bittrex,Kraken
1412,01-14-2021_05-29-15,LINK/USD,25.0,15.82199986,15.6631,0.25107423430352627,0.18857423430352627,0.0625,True,Bittrex,Binance US
1413,01-14-2021_05-29-28,LINK/USD,25.0,15.82199585,15.67239,0.2363890298959982,0.0538890298959982,0.1825,True,Bittrex,Coinbase Pro
1414,01-14-2021_05-29-40,LINK/USD,25.0,15.82199183,15.67097,0.23862645048527917,0.05612645048527917,0.1825,True,Bittrex,Coinbase Pro
1415,01-14-2021_05-30-03,LINK/USD,25.0,15.8219894,15.67239,0.23637893475013896,0.05387893475013897,0.1825,True,Bittrex,Coinbase Pro
1416,01-14-2021_05-30-14,LINK/USD,25.0,15.8219868,15.6724,0.23635906458978936,0.05385906458978937,0.1825,True,Bittrex,Coinbase Pro
1417,01-14-2021_05-30-37,LINK/USD,25.0,15.82198262,15.65042,0.2710826830626356,0.08858268306263561,0.1825,True,Bittrex,Coinbase Pro
1418,01-14-2021_05-30-50,LINK/USD,25.0,15.82197705,15.6512,0.2698415145280467,0.08734151452804673,0.1825,True,Bittrex,Coinbase Pro
1419,01-14-2021_05-31-03,LINK/USD,25.0,15.82197498,15.6522,0.2682581981936614,0.08575819819366143,0.1825,True,Bittrex,Coinbase Pro
1420,01-14-2021_05-31-14,LINK/USD,25.0,15.81899999,15.65227,0.2634964127084501,0.0809964127084501,0.1825,True,Bittrex,Coinbase Pro
1421,01-14-2021_05-31-28,LINK/USD,25.0,15.81599995,15.65721,0.25099574877022074,0.06849574877022074,0.1825,True,Bittrex,Coinbase Pro
1422,01-14-2021_05-31-41,LINK/USD,25.0,15.81599544,15.66085,0.24523502265248515,0.11773502265248514,0.1275,True,Bittrex,Kraken
1423,01-14-2021_05-32-03,LINK/USD,25.0,15.81599323,15.66841,0.23328163437763497,0.05078163437763497,0.1825,True,Bittrex,Coinbase Pro
1424,01-14-2021_05-32-14,LINK/USD,25.0,15.81599182,15.6724,0.2269725187553888,0.044472518755388796,0.1825,True,Bittrex,Coinbase Pro
1425,01-14-2021_05-32-38,LINK/USD,25.0,15.81598817,15.6918,0.19630162950482283,0.06880162950482283,0.1275,True,Bittrex,Kraken
1426,01-14-2021_05-33-00,LINK/USD,25.0,15.81597781,15.70276,0.17896112930876718,0.05146112930876717,0.1275,True,Bittrex,Kraken
1427,01-14-2021_05-33-11,LINK/USD,25.0,15.81597757,15.69013,0.19892474152010237,0.01642474152010237,0.1825,True,Bittrex,Coinbase Pro
1428,01-14-2021_05-33-22,LINK/USD,25.0,15.81597451,15.68319,0.20988986469983958,0.08238986469983958,0.1275,True,Bittrex,Kraken
1429,01-14-2021_05-33-46,LINK/USD,25.0,15.81596691,15.68523,0.2066533629337233,0.0791533629337233,0.1275,True,Bittrex,Kraken
1430,01-14-2021_05-33-58,LINK/USD,25.0,15.81596675,15.68196,0.21182193937022423,0.08432193937022422,0.1275,True,Bittrex,Kraken
1431,01-14-2021_05-34-10,LINK/USD,25.0,15.81595938,15.69752,0.1872149787982066,0.004714978798206593,0.1825,False,Bittrex,Coinbase Pro
1432,01-14-2021_05-34-21,LINK/USD,25.0,15.81595197,15.69465,0.19173991270030566,0.009239912700305664,0.1825,True,Bittrex,Coinbase Pro
1433,01-14-2021_05-34-43,LINK/USD,25.0,15.81594427,15.68536,0.20641238324242014,0.02391238324242015,0.1825,True,Bittrex,Coinbase Pro
1434,01-14-2021_05-34-55,LINK/USD,25.0,15.81594115,15.68399,0.2085730288646161,0.0260730288646161,0.1825,True,Bittrex,Coinbase Pro
1435,01-14-2021_05-35-18,LINK/USD,25.0,15.81593428,15.67278,0.22628173186870526,0.09878173186870526,0.1275,True,Bittrex,Kraken
1436,01-14-2021_05-35-30,LINK/USD,25.0,15.81593415,15.65978,0.24683042512541184,0.11933042512541184,0.1275,True,Bittrex,Kraken
1437,01-14-2021_05-35-41,LINK/USD,25.0,15.81592901,15.65575,0.2531925407270152,0.1256925407270152,0.1275,True,Bittrex,Kraken
1438,01-14-2021_05-35-53,LINK/USD,25.0,15.81592524,15.62917,0.29520125627503296,0.16770125627503296,0.1275,True,Bittrex,Kraken
1439,01-14-2021_05-36-16,LINK/USD,25.0,15.8129958,15.62908,0.29076685140205916,0.16326685140205915,0.1275,True,Bittrex,Kraken
1440,01-14-2021_05-36-28,LINK/USD,25.0,15.81298879,15.60246,0.33284155322543496,0.15034155322543497,0.1825,True,Bittrex,Coinbase Pro
1441,01-14-2021_05-36-40,LINK/USD,25.0,15.8099937,15.60694,0.32108441004628596,0.13858441004628597,0.1825,True,Bittrex,Coinbase Pro
1442,01-14-2021_05-37-03,LINK/USD,25.0,15.80998692,15.6094,0.31718388037730144,0.18968388037730144,0.1275,True,Bittrex,Kraken
1443,01-14-2021_05-37-16,LINK/USD,25.0,15.80998291,15.60827,0.3189644655978968,0.13646446559789682,0.1825,True,Bittrex,Coinbase Pro
1444,01-14-2021_05-37-39,LINK/USD,25.0,15.80997817,15.61844,0.302875449827394,0.175375449827394,0.1275,True,Bittrex,Kraken
1445,01-14-2021_05-37-52,LINK/USD,25.0,15.8099778,15.6094,0.3171696420724885,0.1896696420724885,0.1275,True,Bittrex,Kraken
1446,01-14-2021_05-38-16,LINK/USD,25.0,15.8099655,15.62017,0.3001200413751704,0.1726200413751704,0.1275,True,Bittrex,Kraken
1447,01-14-2021_05-38-27,LINK/USD,25.0,15.80995856,15.62017,0.3001091990212026,0.1726091990212026,0.1275,True,Bittrex,Kraken
1448,01-14-2021_05-38-51,LINK/USD,25.0,15.80995676,15.6193,0.3014821022192339,0.17398210221923388,0.1275,True,Bittrex,Kraken
1449,01-14-2021_05-39-03,LINK/USD,25.0,15.80995337,15.60758,0.32000943529664583,0.19250943529664583,0.1275,True,Bittrex,Kraken
1450,01-14-2021_05-39-28,LINK/USD,25.0,15.80994539,15.6139,0.3100032687715693,0.1825032687715693,0.1275,True,Bittrex,Kraken
1451,01-14-2021_05-39-41,LINK/USD,25.0,15.80994266,15.60763,0.31991365236235536,0.19241365236235536,0.1275,True,Bittrex,Kraken
1452,01-14-2021_05-39-55,LINK/USD,25.0,15.80993919,15.60763,0.3199082355230731,0.19240823552307312,0.1275,True,Bittrex,Kraken
1453,01-14-2021_05-40-17,LINK/USD,25.0,15.80993338,15.60763,0.3198991658243155,0.1923991658243155,0.1275,True,Bittrex,Kraken
1454,01-14-2021_05-40-29,LINK/USD,25.0,15.8099269,15.60763,0.3198890502143946,0.19238905021439462,0.1275,True,Bittrex,Kraken
1455,01-14-2021_05-40-41,LINK/USD,25.0,15.8099266,15.60763,0.3198885818989197,0.19238858189891972,0.1275,True,Bittrex,Kraken
1456,01-14-2021_05-41-04,LINK/USD,25.0,15.80991107,15.60722,0.32051266623601604,0.19301266623601604,0.1275,True,Bittrex,Kraken
1457,01-14-2021_05-41-17,LINK/USD,25.0,15.80990323,15.60763,0.31985210006879883,0.19235210006879883,0.1275,True,Bittrex,Kraken
1458,01-14-2021_05-41-39,LINK/USD,25.0,15.80989667,15.60718,0.3205534391389557,0.19305343913895567,0.1275,True,Bittrex,Kraken
1459,01-14-2021_05-41-52,LINK/USD,25.0,15.80989388,15.5884,0.35024567792987704,0.22274567792987704,0.1275,True,Bittrex,Kraken
1460,01-14-2021_05-42-14,LINK/USD,25.0,15.80989347,15.58559,0.3546884588843479,0.17218845888434792,0.1825,True,Bittrex,Coinbase Pro
1461,01-14-2021_05-42-26,LINK/USD,25.0,15.80989318,15.58842,0.3502129607684045,0.16771296076840453,0.1825,True,Bittrex,Coinbase Pro
1462,01-14-2021_05-42-48,LINK/USD,25.0,15.80499962,15.58848,0.34248596204648263,0.21498596204648263,0.1275,True,Bittrex,Kraken
1463,01-14-2021_05-43-01,LINK/USD,25.0,15.80499751,15.58341,0.35050228552677437,0.22300228552677437,0.1275,True,Bittrex,Kraken
1464,01-14-2021_05-43-11,LINK/USD,25.0,15.80499718,15.59279,0.3356646913365663,0.2081646913365663,0.1275,True,Bittrex,Kraken
1465,01-14-2021_05-43-22,LINK/USD,25.0,15.8049909,15.59446,0.33301332049485743,0.20551332049485743,0.1275,True,Bittrex,Kraken
1466,01-14-2021_05-43-34,LINK/USD,25.0,15.80498367,15.59142,0.33781064640606645,0.15531064640606645,0.1825,True,Bittrex,Coinbase Pro
1467,01-14-2021_05-43-47,LINK/USD,25.0,15.80497631,15.5969,0.3291310058281272,0.2016310058281272,0.1275,True,Bittrex,Kraken
1468,01-14-2021_05-43-58,LINK/USD,25.0,15.80497601,15.6,0.32422701855148384,0.14172701855148384,0.1825,True,Bittrex,Coinbase Pro
1469,01-14-2021_05-44-10,LINK/USD,25.0,15.80496787,15.60873,0.31040536053933926,0.12790536053933926,0.1825,True,Bittrex,Coinbase Pro
1470,01-14-2021_05-44-21,LINK/USD,25.0,15.80496461,15.59764,0.3279422243514922,0.14544222435149218,0.1825,True,Bittrex,Coinbase Pro
1471,01-14-2021_05-44-33,LINK/USD,25.0,15.80495816,15.61179,0.30554993889335424,0.17804993889335424,0.1275,True,Bittrex,Kraken
1472,01-14-2021_05-44-45,LINK/USD,25.0,15.8049579,15.60141,0.321968431184496,0.19446843118449597,0.1275,True,Bittrex,Kraken
1473,01-14-2021_05-45-08,LINK/USD,25.0,15.80494719,15.60703,0.3130620868591464,0.18556208685914638,0.1275,True,Bittrex,Kraken
1474,01-14-2021_05-45-32,LINK/USD,25.0,15.80494301,15.60619,0.3143842560429466,0.18688425604294662,0.1275,True,Bittrex,Kraken
1475,01-14-2021_05-45-45,LINK/USD,25.0,15.80493897,15.60662,0.31369777886589456,0.18619777886589456,0.1275,True,Bittrex,Kraken
1476,01-14-2021_05-46-08,LINK/USD,25.0,15.80492993,15.59788,0.32750845925452354,0.20000845925452354,0.1275,True,Bittrex,Kraken
1477,01-14-2021_05-46-31,LINK/USD,25.0,15.80492801,15.6019,0.3211466858177718,0.19364668581777178,0.1275,True,Bittrex,Kraken
1478,01-14-2021_05-46-42,LINK/USD,25.0,15.80492626,15.61,0.30833149233560675,0.18083149233560675,0.1275,True,Bittrex,Kraken
1479,01-14-2021_05-47-04,LINK/USD,25.0,15.80199987,15.62094,0.2864508788279093,0.15895087882790931,0.1275,True,Bittrex,Kraken
1480,01-14-2021_05-47-16,LINK/USD,25.0,15.80199828,15.62902,0.27366519875358264,0.14616519875358264,0.1275,True,Bittrex,Kraken
1481,01-14-2021_05-47-27,LINK/USD,25.0,15.80199631,15.63997,0.2563383556441292,0.1288383556441292,0.1275,True,Bittrex,Kraken
1482,01-14-2021_05-47-39,LINK/USD,25.0,15.80198988,15.63991,0.2564232119353823,0.1289232119353823,0.1275,True,Bittrex,Kraken
1483,01-14-2021_05-47-49,LINK/USD,25.0,15.80198975,15.63842,0.2587803064484342,0.1312803064484342,0.1275,True,Bittrex,Kraken
1484,01-14-2021_05-48-01,LINK/USD,25.0,15.7989999,15.62212,0.27989097588385864,0.09739097588385864,0.1825,True,Bittrex,Coinbase Pro
1485,01-14-2021_05-48-12,LINK/USD,25.0,15.79899342,15.61812,0.2862103540264673,0.15871035402646727,0.1275,True,Bittrex,Kraken
1486,01-14-2021_05-48-22,LINK/USD,25.0,15.79899321,15.61812,0.28621002553111646,0.15871002553111646,0.1275,True,Bittrex,Kraken
1487,01-14-2021_05-48-32,LINK/USD,25.0,15.79898896,15.61288,0.29449504723244063,0.16699504723244063,0.1275,True,Bittrex,Kraken
1488,01-14-2021_05-49-03,LINK/USD,25.0,15.79599771,15.58788,0.3293836100461169,0.20188361004611688,0.1275,True,Bittrex,Kraken
1489,01-14-2021_05-49-12,LINK/USD,25.0,15.79599743,15.59185,0.32309993544991195,0.19559993544991194,0.1275,True,Bittrex,Kraken
1490,01-14-2021_05-49-24,LINK/USD,25.0,15.79599244,15.59967,0.31071558299631513,0.12821558299631514,0.1825,True,Bittrex,Coinbase Pro
1491,01-14-2021_05-49-35,LINK/USD,25.0,15.79299996,15.59809,0.3085385305098177,0.18103853050981772,0.1275,True,Bittrex,Kraken
1492,01-14-2021_05-49-46,LINK/USD,25.0,15.79299499,15.60619,0.29570861973660484,0.16820861973660484,0.1275,True,Bittrex,Kraken
1493,01-14-2021_05-49-57,LINK/USD,25.0,15.79299467,15.61271,0.2853870873876523,0.10288708738765229,0.1825,True,Bittrex,Coinbase Pro
1494,01-14-2021_05-50-08,LINK/USD,25.0,15.79298881,15.60269,0.301239385858844,0.17373938585884402,0.1275,True,Bittrex,Kraken
1495,01-14-2021_05-50-19,LINK/USD,25.0,15.78999995,15.60282,0.2963583764925865,0.11385837649258651,0.1825,True,Bittrex,Coinbase Pro
1496,01-14-2021_05-50-30,LINK/USD,25.0,15.78699433,15.60127,0.29410970530196084,0.16660970530196084,0.1275,True,Bittrex,Kraken
1497,01-14-2021_05-50-41,LINK/USD,25.0,15.786994,15.58618,0.318005441694599,0.135505441694599,0.1825,True,Bittrex,Coinbase Pro
1498,01-14-2021_05-50-52,LINK/USD,25.0,15.78399993,15.58348,0.31759999190522115,0.19009999190522114,0.1275,True,Bittrex,Kraken
1499,01-14-2021_05-51-03,LINK/USD,25.0,15.78099324,15.59187,0.2996060468498127,0.11710604684981268,0.1825,True,Bittrex,Coinbase Pro
1500,01-14-2021_05-51-14,LINK/USD,25.0,15.77799982,15.58591,0.30436338919922684,0.17686338919922684,0.1275,True,Bittrex,Kraken
1501,01-14-2021_05-51-25,LINK/USD,25.0,15.77499993,15.57698,0.313819224847374,0.13131922484737402,0.1825,True,Bittrex,Coinbase Pro
1502,01-14-2021_05-51-36,LINK/USD,25.0,15.77499692,15.57621,0.31503480001947265,0.13253480001947265,0.1825,True,Bittrex,Coinbase Pro
1503,01-14-2021_05-51-46,LINK/USD,25.0,15.76899625,15.56014,0.33111849145122374,0.14861849145122374,0.1825,True,Bittrex,Coinbase Pro
1504,01-14-2021_05-51-57,LINK/USD,25.0,15.76899605,15.55955,0.33205355834939215,0.14955355834939216,0.1825,True,Bittrex,Coinbase Pro
1505,01-14-2021_05-52-08,LINK/USD,25.0,15.76599758,15.56716,0.3152949551575427,0.1877949551575427,0.1275,True,Bittrex,Kraken
1506,01-14-2021_05-52-19,LINK/USD,25.0,15.76599742,15.57323,0.30566956035947257,0.17816956035947257,0.1275,True,Bittrex,Kraken
1507,01-14-2021_05-52-31,LINK/USD,25.0,15.76599317,15.55872,0.32867128598407314,0.14617128598407314,0.1825,True,Bittrex,Coinbase Pro
1508,01-14-2021_05-52-42,LINK/USD,25.0,15.76598859,15.55873,0.3286482620751386,0.1461482620751386,0.1825,True,Bittrex,Coinbase Pro
1509,01-14-2021_05-52-52,LINK/USD,25.0,15.76598322,15.5625,0.3226617984438029,0.19516179844380288,0.1275,True,Bittrex,Kraken
1510,01-14-2021_05-53-03,LINK/USD,25.0,15.76598298,15.57068,0.3096904586408494,0.18219045864084937,0.1275,True,Bittrex,Kraken
1511,01-14-2021_05-53-14,LINK/USD,25.0,15.76597544,15.5715,0.3083783822004985,0.2458783822004985,0.0625,True,Bittrex,Binance US
1512,01-14-2021_05-53-26,LINK/USD,25.0,15.76597353,15.5802,0.29457985839964895,0.16707985839964895,0.1275,True,Bittrex,Kraken
1513,01-14-2021_05-53-38,LINK/USD,25.0,15.76299988,15.57905,0.2917431348733857,0.10924313487338572,0.1825,True,Bittrex,Coinbase Pro
1514,01-14-2021_05-53-50,LINK/USD,25.0,15.76299827,15.57843,0.29272392668986785,0.16522392668986785,0.1275,True,Bittrex,Kraken
1515,01-14-2021_05-54-01,LINK/USD,25.0,15.76299509,15.57743,0.29430493529386864,0.16680493529386864,0.1275,True,Bittrex,Kraken
1516,01-14-2021_05-54-12,LINK/USD,25.0,15.75999633,15.56166,0.314619886082169,0.132119886082169,0.1825,True,Bittrex,Coinbase Pro
1517,01-14-2021_05-54-23,LINK/USD,25.0,15.75999617,15.5784,0.28806506048789315,0.22556506048789315,0.0625,True,Bittrex,Binance US
1518,01-14-2021_05-54-34,LINK/USD,25.0,15.75699996,15.58197,0.2777019109670668,0.1502019109670668,0.1275,True,Bittrex,Kraken
1519,01-14-2021_05-54-45,LINK/USD,25.0,15.75699276,15.58132,0.2787219025161236,0.09622190251612361,0.1825,True,Bittrex,Coinbase Pro
1520,01-14-2021_05-54-56,LINK/USD,25.0,15.75099998,15.58341,0.26599895278521696,0.13849895278521696,0.1275,True,Bittrex,Kraken
1521,01-14-2021_05-55-18,LINK/USD,25.0,15.75098775,15.55695,0.30797711400670674,0.12547711400670675,0.1825,True,Bittrex,Coinbase Pro
1522,01-14-2021_05-55-29,LINK/USD,25.0,15.74799454,15.55007,0.3142059446002334,0.13170594460023338,0.1825,True,Bittrex,Coinbase Pro
1523,01-14-2021_05-55-40,LINK/USD,25.0,15.74799428,15.56249,0.2944887404416811,0.1669887404416811,0.1275,True,Bittrex,Kraken
1524,01-14-2021_05-55-51,LINK/USD,25.0,15.74798954,15.58341,0.26127071583005396,0.13377071583005395,0.1275,True,Bittrex,Kraken
1525,01-14-2021_05-56-01,LINK/USD,25.0,15.74798493,15.58064,0.26566086191955535,0.08316086191955535,0.1825,True,Bittrex,Coinbase Pro
1526,01-14-2021_05-56-13,LINK/USD,25.0,15.74797887,15.56784,0.28597141177139573,0.15847141177139573,0.1275,True,Bittrex,Kraken
1527,01-14-2021_05-56-24,LINK/USD,25.0,15.74499995,15.58012,0.26179731743981294,0.13429731743981294,0.1275,True,Bittrex,Kraken
1528,01-14-2021_05-56-34,LINK/USD,25.0,15.74199787,15.5735,0.26759289289625804,0.14009289289625804,0.1275,True,Bittrex,Kraken
1529,01-14-2021_05-56-45,LINK/USD,25.0,15.74199066,15.5798,0.25757647730684186,0.13007647730684185,0.1275,True,Bittrex,Kraken
1530,01-14-2021_05-56-55,LINK/USD,25.0,15.74199048,15.57544,0.2645003505300044,0.13700035053000442,0.1275,True,Bittrex,Kraken
1531,01-14-2021_05-57-06,LINK/USD,25.0,15.74198328,15.57925,0.25843833827271007,0.13093833827271006,0.1275,True,Bittrex,Kraken
1532,01-14-2021_05-57-17,LINK/USD,25.0,15.7419831,15.57919,0.2585333419650286,0.07603334196502859,0.1825,True,Bittrex,Coinbase Pro
1533,01-14-2021_05-57-29,LINK/USD,25.0,15.7419775,15.57439,0.2661474709895907,0.13864747098959068,0.1275,True,Bittrex,Kraken
1534,01-14-2021_05-57-40,LINK/USD,25.0,15.74197111,15.57564,0.26415229204419466,0.13665229204419466,0.1275,True,Bittrex,Kraken
1535,01-14-2021_05-57-51,LINK/USD,25.0,15.74196639,15.58107,0.25552142917515075,0.12802142917515075,0.1275,True,Bittrex,Kraken
1536,01-14-2021_05-58-01,LINK/USD,25.0,15.74196598,15.58313,0.25224927464872976,0.06974927464872976,0.1825,True,Bittrex,Coinbase Pro
1537,01-14-2021_05-58-11,LINK/USD,25.0,15.73599994,15.57943,0.24874482174152657,0.12124482174152656,0.1275,True,Bittrex,Kraken
1538,01-14-2021_05-58-23,LINK/USD,25.0,15.73599217,15.57901,0.2493998603711798,0.12189986037117981,0.1275,True,Bittrex,Kraken
1539,01-14-2021_05-58-34,LINK/USD,25.0,15.73599201,15.57386,0.25758148882029164,0.13008148882029164,0.1275,True,Bittrex,Kraken
1540,01-14-2021_05-58-46,LINK/USD,25.0,15.73598857,15.56756,0.267584984017308,0.140084984017308,0.1275,True,Bittrex,Kraken
1541,01-14-2021_05-58-57,LINK/USD,25.0,15.73598138,15.58313,0.24283738063243618,0.06033738063243618,0.1825,True,Bittrex,Coinbase Pro
1542,01-14-2021_05-59-08,LINK/USD,25.0,15.73597596,15.56948,0.26451482962229766,0.13701482962229766,0.1275,True,Bittrex,Kraken
1543,01-14-2021_05-59-19,LINK/USD,25.0,15.73597579,15.57087,0.26230624685016773,0.13480624685016773,0.1275,True,Bittrex,Kraken
1544,01-14-2021_05-59-30,LINK/USD,25.0,15.73597001,15.57367,0.2578487533607102,0.13034875336071022,0.1275,True,Bittrex,Kraken
1545,01-14-2021_05-59-41,LINK/USD,25.0,15.7359675,15.57133,0.2615624047266232,0.13406240472662317,0.1275,True,Bittrex,Kraken
1546,01-14-2021_05-59-51,LINK/USD,25.0,15.73596728,15.57508,0.25560436981284945,0.12810436981284945,0.1275,True,Bittrex,Kraken
1547,01-14-2021_06-00-01,LINK/USD,25.0,15.73595991,15.58105,0.24610813526151237,0.11860813526151237,0.1275,True,Bittrex,Kraken
1548,01-14-2021_06-00-11,LINK/USD,25.0,15.7359572,15.57557,0.2548100473989578,0.1273100473989578,0.1275,True,Bittrex,Kraken
1549,01-14-2021_06-00-23,LINK/USD,25.0,15.73595682,15.5646,0.2722376878001622,0.14473768780016222,0.1275,True,Bittrex,Kraken
1550,01-14-2021_06-00-34,LINK/USD,25.0,15.73594974,15.56249,0.2755787589341909,0.14807875893419092,0.1275,True,Bittrex,Kraken
1551,01-14-2021_06-00-44,LINK/USD,25.0,15.73594645,15.55871,0.28157894817950485,0.09907894817950486,0.1825,True,Bittrex,Coinbase Pro
1552,01-14-2021_06-00-55,LINK/USD,25.0,15.73594309,15.54867,0.2975244142167264,0.11502441421672638,0.1825,True,Bittrex,Coinbase Pro
1553,01-14-2021_06-01-06,LINK/USD,25.0,15.73594282,15.5583,0.282224621098364,0.219724621098364,0.0625,True,Bittrex,Binance US
1554,01-14-2021_06-01-17,LINK/USD,25.0,15.73593688,15.56293,0.27485951634041006,0.14735951634041006,0.1275,True,Bittrex,Kraken
1555,01-14-2021_06-01-28,LINK/USD,25.0,15.73593308,15.58825,0.23462714166550108,0.05212714166550109,0.1825,True,Bittrex,Coinbase Pro
1556,01-14-2021_06-01-38,LINK/USD,25.0,15.73593278,15.59074,0.23067075531826267,0.10317075531826267,0.1275,True,Bittrex,Kraken
1557,01-14-2021_06-01-49,LINK/USD,25.0,15.73592775,15.59537,0.2233070592231196,0.0958070592231196,0.1275,True,Bittrex,Kraken
1558,01-14-2021_06-02-00,LINK/USD,25.0,15.73592323,15.62772,0.17190480091074883,-0.010595199089251162,0.1825,False,Bittrex,Coinbase Pro
1559,01-14-2021_06-02-11,LINK/USD,25.0,15.73591616,15.62397,0.17785135428682988,0.05035135428682988,0.1275,True,Bittrex,Kraken
1560,01-14-2021_06-02-22,LINK/USD,25.0,15.73591592,15.62576,0.1750071628496608,0.047507162849660806,0.1275,True,Bittrex,Kraken
1561,01-14-2021_06-02-33,LINK/USD,25.0,15.73591241,15.60827,0.20278838410234898,0.020288384102348983,0.1825,True,Bittrex,Coinbase Pro
1562,01-14-2021_06-02-44,LINK/USD,25.0,15.73591216,15.57778,0.25122814361210694,0.06872814361210694,0.1825,True,Bittrex,Coinbase Pro
1563,01-14-2021_06-02-54,LINK/USD,25.0,15.73590366,15.58439,0.2407133128063379,0.1132133128063379,0.1275,True,Bittrex,Kraken
1564,01-14-2021_06-03-06,LINK/USD,25.0,15.73589346,15.58633,0.23761513825094166,0.055115138250941664,0.1825,True,Bittrex,Coinbase Pro
1565,01-14-2021_06-03-17,LINK/USD,25.0,15.73299349,15.58633,0.2330508337355193,0.0505508337355193,0.1825,True,Bittrex,Coinbase Pro
1566,01-14-2021_06-03-29,LINK/USD,25.0,15.72999979,15.58746,0.2265413094452443,0.044041309445244314,0.1825,True,Bittrex,Coinbase Pro
1567,01-14-2021_06-03-39,LINK/USD,25.0,15.72999526,15.59477,0.21491624403706328,0.03241624403706328,0.1825,True,Bittrex,Coinbase Pro
1568,01-14-2021_06-03-51,LINK/USD,25.0,15.72998525,15.59108,0.22076506715096972,0.03826506715096972,0.1825,True,Bittrex,Coinbase Pro
1569,01-14-2021_06-04-02,LINK/USD,25.0,15.72997862,15.59537,0.21393643191105596,0.03143643191105597,0.1825,True,Bittrex,Coinbase Pro
1570,01-14-2021_06-04-13,LINK/USD,25.0,15.7239999,15.59189,0.21004499624806255,0.02754499624806256,0.1825,True,Bittrex,Coinbase Pro
1571,01-14-2021_06-04-25,LINK/USD,25.0,15.72398825,15.58969,0.21352446953145063,0.031024469531450632,0.1825,True,Bittrex,Coinbase Pro
1572,01-14-2021_06-04-36,LINK/USD,25.0,15.72397983,15.58684,0.21804249223588398,0.03554249223588399,0.1825,True,Bittrex,Coinbase Pro
1573,01-14-2021_06-04-48,LINK/USD,25.0,15.72397557,15.59945,0.19798677733509287,0.07048677733509287,0.1275,True,Bittrex,Kraken
1574,01-14-2021_06-05-00,LINK/USD,25.0,15.7239676,15.59843,0.19959593404402506,0.01709593404402507,0.1825,True,Bittrex,Coinbase Pro
1575,01-14-2021_06-05-10,LINK/USD,25.0,15.72396049,15.60169,0.19440154736740886,0.011901547367408866,0.1825,True,Bittrex,Coinbase Pro
1576,01-14-2021_06-05-21,LINK/USD,25.0,15.72395449,15.60462,0.1897335846333907,0.007233584633390716,0.1825,False,Bittrex,Coinbase Pro
1577,01-14-2021_06-05-32,LINK/USD,25.0,15.72395176,15.60654,0.1866766093411106,0.00417660934111061,0.1825,False,Bittrex,Coinbase Pro
1578,01-14-2021_06-05-42,LINK/USD,25.0,15.72393972,15.59726,0.20141218145041367,0.01891218145041368,0.1825,True,Bittrex,Coinbase Pro
1579,01-14-2021_06-05-52,LINK/USD,25.0,15.72393164,15.60257,0.1929568933180632,0.01045689331806321,0.1825,True,Bittrex,Coinbase Pro
1580,01-14-2021_06-06-04,LINK/USD,25.0,15.72392899,15.60133,0.1949242299395528,0.012424229939552806,0.1825,True,Bittrex,Coinbase Pro
1581,01-14-2021_06-06-14,LINK/USD,25.0,15.72392026,15.59588,0.20357559991849095,0.02107559991849095,0.1825,True,Bittrex,Coinbase Pro
1582,01-14-2021_06-06-26,LINK/USD,25.0,15.72391271,15.60252,0.19300652490076098,0.010506524900760983,0.1825,True,Bittrex,Coinbase Pro
1583,01-14-2021_06-06-36,LINK/USD,25.0,15.72391249,15.6046,0.1896991128573758,0.007199112857375817,0.1825,False,Bittrex,Coinbase Pro
1584,01-14-2021_06-06-46,LINK/USD,25.0,15.72390338,15.60505,0.18896926724819255,0.006469267248192551,0.1825,False,Bittrex,Coinbase Pro
1585,01-14-2021_06-06-57,LINK/USD,25.0,15.72388853,15.60857,0.18334925514763822,0.0008492551476382282,0.1825,False,Bittrex,Coinbase Pro
1586,01-14-2021_06-07-07,LINK/USD,25.0,15.72388843,15.60864,0.18323780169432488,0.0007378016943248855,0.1825,False,Bittrex,Coinbase Pro
1587,01-14-2021_06-07-17,LINK/USD,25.0,15.72388325,15.61254,0.17702886785298552,-0.005471132147014474,0.1825,False,Bittrex,Coinbase Pro
1588,01-14-2021_06-07-28,LINK/USD,25.0,15.72387379,15.60818,0.18394606752945689,0.0014460675294568903,0.1825,False,Bittrex,Coinbase Pro
1589,01-14-2021_06-07-39,LINK/USD,25.0,15.72387364,15.60896,0.18270567836997867,0.0002056783699786735,0.1825,False,Bittrex,Coinbase Pro
1590,01-14-2021_06-07-50,LINK/USD,25.0,15.72386602,15.61192,0.17798742983692967,0.050487429836929665,0.1275,True,Bittrex,Kraken
1591,01-14-2021_06-08-02,LINK/USD,25.0,15.72385764,15.60954,0.18175825967348214,0.054258259673482134,0.1275,True,Bittrex,Kraken
1592,01-14-2021_06-08-12,LINK/USD,25.0,15.72385135,15.60895,0.18268639699395312,0.05518639699395311,0.1275,True,Bittrex,Kraken
1593,01-14-2021_06-08-23,LINK/USD,25.0,15.72384792,15.60566,0.18791189122617838,0.005411891226178384,0.1825,False,Bittrex,Coinbase Pro
1594,01-14-2021_06-08-33,LINK/USD,25.0,15.72383971,15.60363,0.19112651905810996,0.00862651905810996,0.1825,False,Bittrex,Coinbase Pro
1595,01-14-2021_06-08-44,LINK/USD,25.0,15.72383207,15.58355,0.22304052437008695,0.040540524370086956,0.1825,True,Bittrex,Coinbase Pro
1596,01-14-2021_06-08-56,LINK/USD,25.0,15.72383057,15.5876,0.2165988901265558,0.08909889012655581,0.1275,True,Bittrex,Kraken
1597,01-14-2021_06-09-07,LINK/USD,25.0,15.72098848,15.57709,0.22883179416972754,0.04633179416972755,0.1825,True,Bittrex,Coinbase Pro
1598,01-14-2021_06-09-17,LINK/USD,25.0,15.72098564,15.57657,0.2296542394144698,0.047154239414469806,0.1825,True,Bittrex,Coinbase Pro
1599,01-14-2021_06-09-29,LINK/USD,25.0,15.71799998,15.57681,0.22456734345917725,0.04206734345917726,0.1825,True,Bittrex,Coinbase Pro
1600,01-14-2021_06-09-40,LINK/USD,25.0,15.71499991,15.57072,0.22952578877870297,0.047025788778702976,0.1825,True,Bittrex,Coinbase Pro
1601,01-14-2021_06-09-51,LINK/USD,25.0,15.71199833,15.57413,0.2193679109180504,0.03686791091805042,0.1825,True,Bittrex,Coinbase Pro
1602,01-14-2021_06-10-02,LINK/USD,25.0,15.71199193,15.57278,0.22150585778718654,0.03900585778718654,0.1825,True,Bittrex,Coinbase Pro
1603,01-14-2021_06-10-13,LINK/USD,25.0,15.71198503,15.57737,0.21419163419352985,0.08669163419352985,0.1275,True,Bittrex,Kraken
1604,01-14-2021_06-10-26,LINK/USD,25.0,15.7119765,15.57737,0.21417817802871633,0.08667817802871633,0.1275,True,Bittrex,Kraken
1605,01-14-2021_06-10-38,LINK/USD,25.0,15.70899999,15.57737,0.20948180992391802,0.08198180992391801,0.1275,True,Bittrex,Kraken
1606,01-14-2021_06-10-49,LINK/USD,25.0,15.70899285,15.57737,0.20947054221875117,0.08197054221875116,0.1275,True,Bittrex,Kraken
1607,01-14-2021_06-11-00,LINK/USD,25.0,15.70898936,15.57737,0.20946503461124022,0.08196503461124022,0.1275,True,Bittrex,Kraken
1608,01-14-2021_06-11-11,LINK/USD,25.0,15.70897428,15.57737,0.20944123666869907,0.08194123666869907,0.1275,True,Bittrex,Kraken
1609,01-14-2021_06-11-22,LINK/USD,25.0,15.70896896,15.57737,0.20943284109716617,0.08193284109716617,0.1275,True,Bittrex,Kraken
1610,01-14-2021_06-11-34,LINK/USD,25.0,15.70896766,15.57737,0.20943078954686797,0.08193078954686797,0.1275,True,Bittrex,Kraken
1611,01-14-2021_06-11-47,LINK/USD,25.0,15.70896204,15.57737,0.2094219205332029,0.08192192053320291,0.1275,True,Bittrex,Kraken
1612,01-14-2021_06-12-10,LINK/USD,25.0,15.70894643,15.57228,0.21749776569834545,0.08999776569834544,0.1275,True,Bittrex,Kraken
1613,01-14-2021_06-12-23,LINK/USD,25.0,15.70894353,15.57051,0.22031005734985978,0.03781005734985979,0.1825,True,Bittrex,Coinbase Pro
1614,01-14-2021_06-12-46,LINK/USD,25.0,15.70599238,15.56188,0.22939075817888444,0.04689075817888444,0.1825,True,Bittrex,Coinbase Pro
1615,01-14-2021_06-12-57,LINK/USD,25.0,15.70597977,15.55848,0.23478282182965235,0.052282821829652354,0.1825,True,Bittrex,Coinbase Pro
1616,01-14-2021_06-13-08,LINK/USD,25.0,15.70597963,15.54918,0.24958588017728137,0.06708588017728137,0.1825,True,Bittrex,Coinbase Pro
1617,01-14-2021_06-13-20,LINK/USD,25.0,15.70597354,15.55472,0.24075798232880632,0.05825798232880633,0.1825,True,Bittrex,Coinbase Pro
1618,01-14-2021_06-13-32,LINK/USD,25.0,15.7059706,15.55302,0.2434593249525128,0.0609593249525128,0.1825,True,Bittrex,Coinbase Pro
1619,01-14-2021_06-13-45,LINK/USD,25.0,15.70596101,15.54756,0.252135176413504,0.06963517641350403,0.1825,True,Bittrex,Coinbase Pro
1620,01-14-2021_06-13-56,LINK/USD,25.0,15.70596082,15.57379,0.21038321296410653,0.08288321296410653,0.1275,True,Bittrex,Kraken
1621,01-14-2021_06-14-08,LINK/USD,25.0,15.70594876,15.57737,0.20466570018276295,0.07716570018276295,0.1275,True,Bittrex,Kraken
1622,01-14-2021_06-14-19,LINK/USD,25.0,15.70593711,15.57737,0.2046473080522868,0.07714730805228681,0.1275,True,Bittrex,Kraken
1623,01-14-2021_06-14-41,LINK/USD,25.0,15.7059259,15.58867,0.1866427690200677,0.05914276902006771,0.1275,True,Bittrex,Kraken
1624,01-14-2021_06-14-53,LINK/USD,25.0,15.7059147,15.58947,0.18535166882066229,0.05785166882066228,0.1275,True,Bittrex,Kraken
1625,01-14-2021_06-15-04,LINK/USD,25.0,15.70590291,15.61632,0.1425943330245646,0.015094333024564588,0.1275,True,Bittrex,Kraken
1626,01-14-2021_06-15-15,LINK/USD,25.0,15.70590102,15.62466,0.12931607663983644,-0.05318392336016356,0.1825,False,Bittrex,Coinbase Pro
1627,01-14-2021_06-15-26,LINK/USD,25.0,15.70589823,15.62585,0.1274174657631169,-8.25342368830917e-05,0.1275,False,Bittrex,Kraken
1628,01-14-2021_06-15-36,LINK/USD,25.0,15.70588857,15.64551,0.0961081726304407,-0.08639182736955929,0.1825,False,Bittrex,Coinbase Pro
1629,01-14-2021_06-15-49,LINK/USD,25.0,15.70587766,15.64511,0.09672757759148332,-0.08577242240851668,0.1825,False,Bittrex,Coinbase Pro
1630,01-14-2021_06-16-01,LINK/USD,25.0,15.70587639,15.63719,0.10933231023601588,-0.07316768976398412,0.1825,False,Bittrex,Coinbase Pro
1631,01-14-2021_06-16-12,LINK/USD,25.0,15.70587145,15.62936,0.12178797312135126,-0.06071202687864874,0.1825,False,Bittrex,Coinbase Pro
1632,01-14-2021_06-16-23,LINK/USD,25.0,15.7058566,15.61255,0.14852198510458833,-0.03397801489541166,0.1825,False,Bittrex,Coinbase Pro
1633,01-14-2021_06-16-35,LINK/USD,25.0,15.70584827,15.62073,0.13548817697829543,-0.04701182302170456,0.1825,False,Bittrex,Coinbase Pro
1634,01-14-2021_06-16-46,LINK/USD,25.0,15.70584374,15.61675,0.1418162269326145,-0.04068377306738549,0.1825,False,Bittrex,Coinbase Pro
1635,01-14-2021_06-17-08,LINK/USD,25.0,15.70583382,15.62222,0.13309357045011708,-0.04940642954988292,0.1825,False,Bittrex,Coinbase Pro
1636,01-14-2021_06-17-18,LINK/USD,25.0,15.70582867,15.63377,0.11470052219791682,-0.06779947780208317,0.1825,False,Bittrex,Coinbase Pro
1637,01-14-2021_06-17-29,LINK/USD,25.0,15.70582538,15.63848,0.10719809110726403,-0.07530190889273597,0.1825,False,Bittrex,Coinbase Pro
1638,01-14-2021_06-17-41,LINK/USD,25.0,15.70581409,15.62711,0.12527859038219463,-0.05722140961780536,0.1825,False,Bittrex,Coinbase Pro
1639,01-14-2021_06-17-53,LINK/USD,25.0,15.70580316,15.62906,0.12215733130326503,-0.060342668696734963,0.1825,False,Bittrex,Coinbase Pro
1640,01-14-2021_06-18-04,LINK/USD,25.0,15.70579768,15.62908,0.12211681565479039,-0.0603831843452096,0.1825,False,Bittrex,Coinbase Pro
1641,01-14-2021_06-18-26,LINK/USD,25.0,15.70578749,15.63738,0.10888898446441451,-0.07361101553558548,0.1825,False,Bittrex,Coinbase Pro
1642,01-14-2021_06-18-37,LINK/USD,25.0,15.70578019,15.64417,0.09806929241125409,-0.0844307075887459,0.1825,False,Bittrex,Coinbase Pro
1643,01-14-2021_06-18-47,LINK/USD,25.0,15.70577763,15.63489,0.11283686753687923,-0.06966313246312077,0.1825,False,Bittrex,Coinbase Pro
1644,01-14-2021_06-18-58,LINK/USD,25.0,15.70576817,15.63423,0.11387244677507578,-0.06862755322492421,0.1825,False,Bittrex,Coinbase Pro
1645,01-14-2021_06-19-09,LINK/USD,25.0,15.70576624,15.63121,0.11867654029212377,-0.06382345970787623,0.1825,False,Bittrex,Coinbase Pro
1646,01-14-2021_06-19-31,LINK/USD,25.0,15.70574801,15.61025,0.1520112412652927,-0.0304887587347073,0.1825,False,Bittrex,Coinbase Pro
1647,01-14-2021_06-19-43,LINK/USD,25.0,15.70573387,15.61385,0.14625847916522763,-0.03624152083477236,0.1825,False,Bittrex,Coinbase Pro
1648,01-14-2021_06-19-55,LINK/USD,25.0,15.70572913,15.61987,0.1366684878004122,0.009168487800412184,0.1275,True,Bittrex,Kraken
1649,01-14-2021_06-20-18,LINK/USD,25.0,15.70571836,15.60156,0.16579687348984357,-0.01670312651015643,0.1825,False,Bittrex,Coinbase Pro
1650,01-14-2021_06-20-29,LINK/USD,25.0,15.70571168,15.63396,0.11421271678406393,-0.013287283215936072,0.1275,False,Bittrex,Kraken
1651,01-14-2021_06-20-40,LINK/USD,25.0,15.70570351,15.63873,0.10660698827874192,-0.07589301172125808,0.1825,False,Bittrex,Coinbase Pro
1652,01-14-2021_06-20-51,LINK/USD,25.0,15.70569743,15.63406,0.11403095965538554,-0.013469040344614464,0.1275,False,Bittrex,Kraken
1653,01-14-2021_06-21-03,LINK/USD,25.0,15.70568836,15.6405,0.1037655251170419,-0.0787344748829581,0.1825,False,Bittrex,Coinbase Pro
1654,01-14-2021_06-21-14,LINK/USD,25.0,15.70568151,15.61055,0.15142849729161462,-0.03107150270838538,0.1825,False,Bittrex,Coinbase Pro
1655,01-14-2021_06-21-25,LINK/USD,25.0,15.70568147,15.61299,0.1475444891981502,-0.034955510801849804,0.1825,False,Bittrex,Coinbase Pro
1656,01-14-2021_06-21-48,LINK/USD,25.0,15.70566547,15.61751,0.14032431508297025,-0.04217568491702975,0.1825,False,Bittrex,Coinbase Pro
1657,01-14-2021_06-21-58,LINK/USD,25.0,15.70565956,15.61315,0.14725513380477484,-0.035244866195225155,0.1825,False,Bittrex,Coinbase Pro
1658,01-14-2021_06-22-08,LINK/USD,25.0,15.70565485,15.60559,0.15928156284422734,-0.023218437155772653,0.1825,False,Bittrex,Coinbase Pro
1659,01-14-2021_06-22-20,LINK/USD,25.0,15.70564432,15.58576,0.19082999327721759,0.00832999327721759,0.1825,False,Bittrex,Coinbase Pro
1660,01-14-2021_06-22-42,LINK/USD,25.0,15.7056326,15.6081,0.155250989380713,-0.027249010619287,0.1825,False,Bittrex,Coinbase Pro
1661,01-14-2021_06-22-54,LINK/USD,25.0,15.70562037,15.60844,0.154690435192278,-0.02780956480772201,0.1825,False,Bittrex,Coinbase Pro
1662,01-14-2021_06-23-05,LINK/USD,25.0,15.70560938,15.6052,0.15983044269499133,-0.022669557305008664,0.1825,False,Bittrex,Coinbase Pro
1663,01-14-2021_06-23-17,LINK/USD,25.0,15.70560322,15.61792,0.13957314910442614,-0.042926850895573854,0.1825,False,Bittrex,Coinbase Pro
1664,01-14-2021_06-23-28,LINK/USD,25.0,15.70560165,15.62306,0.1313888697794643,-0.051111130220535705,0.1825,False,Bittrex,Coinbase Pro
1665,01-14-2021_06-23-39,LINK/USD,25.0,15.70559298,15.62022,0.13589582403656672,-0.046604175963433275,0.1825,False,Bittrex,Coinbase Pro
1666,01-14-2021_06-23-51,LINK/USD,25.0,15.70558579,15.62196,0.13311472605696587,-0.04938527394303413,0.1825,False,Bittrex,Coinbase Pro
1667,01-14-2021_06-24-03,LINK/USD,25.0,15.7055761,15.62271,0.13190554022402334,-0.05059445977597665,0.1825,False,Bittrex,Coinbase Pro
1668,01-14-2021_06-24-25,LINK/USD,25.0,15.70555953,15.61672,0.14141414355582585,-0.041085856444174146,0.1825,False,Bittrex,Coinbase Pro
1669,01-14-2021_06-24-36,LINK/USD,25.0,15.70555347,15.63984,0.10460228308019058,-0.07789771691980941,0.1825,False,Bittrex,Coinbase Pro
1670,01-14-2021_06-24-49,LINK/USD,25.0,15.70554659,15.63542,0.1116271082928305,-0.0708728917071695,0.1825,False,Bittrex,Coinbase Pro
1671,01-14-2021_06-25-11,LINK/USD,25.0,15.70553928,15.62501,0.1281861109069799,-0.054313889093020096,0.1825,False,Bittrex,Coinbase Pro
1672,01-14-2021_06-25-23,LINK/USD,25.0,15.70553351,15.62501,0.12817697333989006,-0.054323026660109935,0.1825,False,Bittrex,Coinbase Pro
1673,01-14-2021_06-25-36,LINK/USD,25.0,15.70552928,15.63714,0.10886178806958341,-0.07363821193041659,0.1825,False,Bittrex,Coinbase Pro
1674,01-14-2021_06-25-48,LINK/USD,25.0,15.70552254,15.65196,0.08526067799333424,-0.09723932200666575,0.1825,False,Bittrex,Coinbase Pro
1675,01-14-2021_06-25-59,LINK/USD,25.0,15.70552248,15.65313,0.08339818058698542,-0.09910181941301457,0.1825,False,Bittrex,Coinbase Pro
1676,01-14-2021_06-26-21,LINK/USD,25.0,15.70551254,15.65178,0.08553133790309332,-0.09696866209690667,0.1825,False,Bittrex,Coinbase Pro
1677,01-14-2021_06-26-33,LINK/USD,25.0,15.71508,15.70176,0.02118983804091392,-0.16381016195908607,0.185,False,Kraken,Coinbase Pro
1678,01-14-2021_06-26-44,LINK/USD,25.0,15.71202,15.70217,0.01567271426589346,-0.16932728573410655,0.185,False,Kraken,Coinbase Pro
1679,01-14-2021_06-27-07,LINK/USD,25.0,15.78098438,15.70593,0.11890002897271608,-0.06359997102728392,0.1825,False,Bittrex,Coinbase Pro
1680,01-14-2021_06-27-18,LINK/USD,25.0,15.78097721,15.72428,0.08981891495932175,-0.09268108504067825,0.1825,False,Bittrex,Coinbase Pro
1681,01-14-2021_06-27-30,LINK/USD,25.0,15.78097451,15.72894,0.08243234593501725,-0.10006765406498275,0.1825,False,Bittrex,Coinbase Pro
1682,01-14-2021_06-27-51,LINK/USD,25.0,15.78095947,15.74011,0.06471322304207348,-0.11778677695792651,0.1825,False,Bittrex,Coinbase Pro
1683,01-14-2021_06-28-03,LINK/USD,25.0,15.78095781,15.73609,0.07107903484091424,-0.11142096515908576,0.1825,False,Bittrex,Coinbase Pro
1684,01-14-2021_06-28-13,LINK/USD,25.0,15.78095773,15.73828,0.06760953728250241,-0.11489046271749759,0.1825,False,Bittrex,Coinbase Pro
1685,01-14-2021_06-28-23,LINK/USD,25.0,15.78095772,15.74158,0.06238170188824125,-0.12011829811175875,0.1825,False,Bittrex,Coinbase Pro
1686,01-14-2021_06-28-34,LINK/USD,25.0,15.78095041,15.7346,0.07342778602648259,-0.1090722139735174,0.1825,False,Bittrex,Coinbase Pro
1687,01-14-2021_06-28-44,LINK/USD,25.0,15.78095032,15.73238,0.07694454233603054,-0.10555545766396945,0.1825,False,Bittrex,Coinbase Pro
1688,01-14-2021_06-28-53,LINK/USD,25.0,15.78094549,15.73103,0.07907556938148967,-0.10342443061851032,0.1825,False,Bittrex,Coinbase Pro
1689,01-14-2021_06-29-04,LINK/USD,25.0,15.78094044,15.70904,0.11390392143194777,-0.06859607856805222,0.1825,False,Bittrex,Coinbase Pro
1690,01-14-2021_06-29-15,LINK/USD,25.0,15.78094036,15.69963,0.12881101845821785,-0.053688981541782144,0.1825,False,Bittrex,Coinbase Pro
1691,01-14-2021_06-29-27,LINK/USD,25.0,15.78093304,15.68554,0.1511207223270766,-0.031379277672923395,0.1825,False,Bittrex,Coinbase Pro
1692,01-14-2021_06-29-38,LINK/USD,25.0,15.78092907,15.69844,0.13067841195233157,-0.051821588047668427,0.1825,False,Bittrex,Coinbase Pro
1693,01-14-2021_06-29-49,LINK/USD,25.0,15.78092904,15.69926,0.12937932835416818,-0.05312067164583181,0.1825,False,Bittrex,Coinbase Pro
1694,01-14-2021_06-30-00,LINK/USD,25.0,15.78092303,15.71856,0.09879496573401672,-0.08370503426598327,0.1825,False,Bittrex,Coinbase Pro
1695,01-14-2021_06-30-12,LINK/USD,25.0,15.78092161,15.73933,0.06588907008707862,-0.061610929912921386,0.1275,False,Bittrex,Kraken
1696,01-14-2021_06-30-21,LINK/USD,25.0,15.78092159,15.75,0.04898571642925222,-0.07851428357074777,0.1275,False,Bittrex,Kraken
1697,01-14-2021_06-30-32,LINK/USD,25.0,15.78092157,15.72924,0.08187349796200703,-0.10062650203799296,0.1825,False,Bittrex,Coinbase Pro
1698,01-14-2021_06-30-41,LINK/USD,25.0,15.78092157,15.72758,0.08450325566126082,-0.09799674433873917,0.1825,False,Bittrex,Coinbase Pro
1699,01-14-2021_06-30-51,LINK/USD,25.0,15.78091588,15.7222,0.09301722480254326,-0.08948277519745673,0.1825,False,Bittrex,Coinbase Pro
1700,01-14-2021_06-31-01,LINK/USD,25.0,15.7809158,15.72923,0.0818802290295493,-0.10061977097045069,0.1825,False,Bittrex,Coinbase Pro
1701,01-14-2021_06-31-11,LINK/USD,25.0,15.78090585,15.73576,0.07151973788627451,-0.11098026211372548,0.1825,False,Bittrex,Coinbase Pro
1702,01-14-2021_06-31-20,LINK/USD,25.0,15.78090576,15.73191,0.077618738659777,-0.10488126134022299,0.1825,False,Bittrex,Coinbase Pro
1703,01-14-2021_06-31-31,LINK/USD,25.0,15.7809015,15.7354,0.07208317598332437,-0.11041682401667563,0.1825,False,Bittrex,Coinbase Pro
1704,01-14-2021_06-31-42,LINK/USD,25.0,15.78089508,15.7354,0.07207303478251159,-0.1104269652174884,0.1825,False,Bittrex,Coinbase Pro
1705,01-14-2021_06-31-53,LINK/USD,25.0,15.78089499,15.7288,0.0825285733683228,-0.0999714266316772,0.1825,False,Bittrex,Coinbase Pro
1706,01-14-2021_06-32-04,LINK/USD,25.0,15.78089044,15.71708,0.10108814873693689,-0.0814118512630631,0.1825,False,Bittrex,Coinbase Pro
1707,01-14-2021_06-32-15,LINK/USD,25.0,15.78088596,15.73539,0.07207447052611522,-0.11042552947388477,0.1825,False,Bittrex,Coinbase Pro
1708,01-14-2021_06-32-26,LINK/USD,25.0,15.78088595,15.74037,0.0641851638247212,-0.1183148361752788,0.1825,False,Bittrex,Coinbase Pro
1709,01-14-2021_06-32-36,LINK/USD,25.0,15.78088149,15.74752,0.05285111928180504,-0.12964888071819497,0.1825,False,Bittrex,Coinbase Pro
1710,01-14-2021_06-32-46,LINK/USD,25.0,15.78088149,15.74961,0.049540150877845475,-0.07795984912215453,0.1275,False,Bittrex,Kraken
1711,01-14-2021_06-32-56,LINK/USD,25.0,15.78088149,15.75271,0.04462914511120899,-0.137870854888791,0.1825,False,Bittrex,Coinbase Pro
1712,01-14-2021_06-33-06,LINK/USD,25.0,15.78088149,15.75106,0.04724306753538611,-0.1352569324646139,0.1825,False,Bittrex,Coinbase Pro
1713,01-14-2021_06-33-16,LINK/USD,25.0,15.78088139,15.74158,0.06226108198383486,-0.06523891801616515,0.1275,False,Bittrex,Kraken
1714,01-14-2021_06-33-26,LINK/USD,25.0,15.78088128,15.73774,0.06834421860627327,-0.11415578139372673,0.1825,False,Bittrex,Coinbase Pro
1715,01-14-2021_06-33-36,LINK/USD,25.0,15.78088112,15.7354,0.07205098317095715,-0.11044901682904285,0.1825,False,Bittrex,Coinbase Pro
1716,01-14-2021_06-33-46,LINK/USD,25.0,15.78088094,15.73773,0.06835952340693366,-0.11414047659306634,0.1825,False,Bittrex,Coinbase Pro
1717,01-14-2021_06-33-56,LINK/USD,25.0,15.78088085,15.73409,0.07412585274034421,-0.10837414725965579,0.1825,False,Bittrex,Coinbase Pro
1718,01-14-2021_06-34-06,LINK/USD,25.0,15.78088069,15.73349,0.07507611731395754,-0.10742388268604246,0.1825,False,Bittrex,Coinbase Pro
1719,01-14-2021_06-34-18,LINK/USD,25.0,15.7808793,15.71071,0.11116189831069787,-0.07133810168930213,0.1825,False,Bittrex,Coinbase Pro
1720,01-14-2021_06-34-28,LINK/USD,25.0,15.7808791,15.7089,0.11402897700420263,-0.06847102299579737,0.1825,False,Bittrex,Coinbase Pro
1721,01-14-2021_06-34-39,LINK/USD,25.0,15.78087672,15.7103,0.11180734957290768,-0.07069265042709232,0.1825,False,Bittrex,Coinbase Pro
1722,01-14-2021_06-34-50,LINK/USD,25.0,15.78086921,15.69989,0.12828699250084058,-0.054213007499159416,0.1825,False,Bittrex,Coinbase Pro
1723,01-14-2021_06-35-00,LINK/USD,25.0,15.78086902,15.69988,0.12830253501464098,-0.05419746498535902,0.1825,False,Bittrex,Coinbase Pro
1724,01-14-2021_06-35-10,LINK/USD,25.0,15.78086161,15.69989,0.12827501438307182,-0.05422498561692818,0.1825,False,Bittrex,Coinbase Pro
1725,01-14-2021_06-35-20,LINK/USD,25.0,15.78086141,15.71385,0.10615930312513785,-0.021340696874862147,0.1275,False,Bittrex,Kraken
1726,01-14-2021_06-35-30,LINK/USD,25.0,15.78085394,15.71385,0.1061475194161757,-0.0213524805838243,0.1275,False,Bittrex,Kraken
1727,01-14-2021_06-35-41,LINK/USD,25.0,15.78085384,15.71385,0.10614736166899306,-0.021352638331006937,0.1275,False,Bittrex,Kraken
1728,01-14-2021_06-35-51,LINK/USD,25.0,15.78085197,15.71385,0.10614441179629122,-0.02135558820370878,0.1275,False,Bittrex,Kraken
1729,01-14-2021_06-36-01,LINK/USD,25.0,15.78084883,15.71385,0.1061394585325346,-0.021360541467465397,0.1275,False,Bittrex,Kraken
1730,01-14-2021_06-36-11,LINK/USD,25.0,15.78084261,15.71385,0.10612964664755595,-0.021370353352444055,0.1275,False,Bittrex,Kraken
1731,01-14-2021_06-36-21,LINK/USD,25.0,15.78084243,15.71099,0.11066017278521041,-0.07183982721478958,0.1825,False,Bittrex,Coinbase Pro
1732,01-14-2021_06-36-31,LINK/USD,25.0,15.78083509,15.71415,0.10564252401676927,-0.07685747598323073,0.1825,False,Bittrex,Coinbase Pro
1733,01-14-2021_06-36-44,LINK/USD,25.0,15.78082698,15.70685,0.11719439686804232,-0.06530560313195767,0.1825,False,Bittrex,Coinbase Pro
1734,01-14-2021_06-36-55,LINK/USD,25.0,15.7808193,15.70844,0.11466340660779208,-0.06783659339220792,0.1825,False,Bittrex,Coinbase Pro
1735,01-14-2021_06-37-06,LINK/USD,25.0,15.78081189,15.70969,0.11267146851466679,-0.0698285314853332,0.1825,False,Bittrex,Coinbase Pro
1736,01-14-2021_06-37-15,LINK/USD,25.0,15.78080373,15.7051,0.11993009243262533,-0.06256990756737467,0.1825,False,Bittrex,Coinbase Pro
1737,01-14-2021_06-37-25,LINK/USD,25.0,15.78080217,15.71,0.11216503641145156,-0.07033496358854843,0.1825,False,Bittrex,Coinbase Pro
1738,01-14-2021_06-37-36,LINK/USD,25.0,15.78080207,15.71,0.11216487870188331,-0.07033512129811668,0.1825,False,Bittrex,Coinbase Pro
1739,01-14-2021_06-37-45,LINK/USD,25.0,15.78079566,15.71,0.1121547695143274,-0.0703452304856726,0.1825,False,Bittrex,Coinbase Pro
1740,01-14-2021_06-37-57,LINK/USD,25.0,15.78078992,15.70913,0.11352397497729332,-0.06897602502270668,0.1825,False,Bittrex,Coinbase Pro
1741,01-14-2021_06-38-07,LINK/USD,25.0,15.7807899,15.70922,0.11338136502279914,-0.06911863497720086,0.1825,False,Bittrex,Coinbase Pro
1742,01-14-2021_06-38-16,LINK/USD,25.0,15.78078801,15.70628,0.11803594654586679,-0.06446405345413321,0.1825,False,Bittrex,Coinbase Pro
1743,01-14-2021_06-38-25,LINK/USD,25.0,15.78078791,15.70872,0.11417032915437178,-0.06832967084562822,0.1825,False,Bittrex,Coinbase Pro
1744,01-14-2021_06-38-34,LINK/USD,25.0,15.78078475,15.70895,0.11380097875044003,-0.06869902124955997,0.1825,False,Bittrex,Coinbase Pro
1745,01-14-2021_06-38-44,LINK/USD,25.0,15.78078254,15.709,0.1137182833266533,-0.06878171667334669,0.1825,False,Bittrex,Coinbase Pro
1746,01-14-2021_06-38-53,LINK/USD,25.0,15.78078235,15.72704,0.08513891898395055,-0.09736108101604944,0.1825,False,Bittrex,Coinbase Pro
1747,01-14-2021_06-39-02,LINK/USD,25.0,15.78077606,15.72317,0.09125986545429952,-0.09124013454570047,0.1825,False,Bittrex,Coinbase Pro
1748,01-14-2021_06-39-12,LINK/USD,25.0,15.78077599,15.72105,0.0946182716836101,-0.08788172831638989,0.1825,False,Bittrex,Coinbase Pro
1749,01-14-2021_06-39-22,LINK/USD,25.0,15.78077058,15.71983,0.09654246554543167,-0.08595753445456833,0.1825,False,Bittrex,Coinbase Pro
1750,01-14-2021_06-39-32,LINK/USD,25.0,15.78076773,15.72386,0.09015361447183645,-0.09234638552816354,0.1825,False,Bittrex,Coinbase Pro
1751,01-14-2021_06-39-42,LINK/USD,25.0,15.78076764,15.72694,0.08527411534715387,-0.09722588465284612,0.1825,False,Bittrex,Coinbase Pro
1752,01-14-2021_06-39-53,LINK/USD,25.0,15.780764,15.73234,0.07671364960530255,-0.05078635039469745,0.1275,False,Bittrex,Kraken
1753,01-14-2021_06-40-04,LINK/USD,25.0,15.78076399,15.73234,0.07671363381184415,-0.05078636618815585,0.1275,False,Bittrex,Kraken
1754,01-14-2021_06-40-15,LINK/USD,25.0,15.81433881,15.7818,0.05143877716124406,-0.011061222838755942,0.0625,False,Bittrex,Binance US
1755,01-14-2021_06-40-26,LINK/USD,25.0,15.78092288,15.76987,0.017509875822929618,-0.16499012417707037,0.1825,False,Bittrex,Coinbase Pro
1756,01-14-2021_06-40-36,LINK/USD,25.0,15.78179,15.7763,0.008696732119740529,-0.056303267880259474,0.065,False,Kraken,Binance US
1757,01-14-2021_06-40-47,LINK/USD,25.0,15.78092288,15.77148,0.014959327904655362,-0.16754067209534462,0.1825,False,Bittrex,Coinbase Pro
1758,01-14-2021_06-40-57,LINK/USD,25.0,15.78092288,15.74275,0.060473142620162755,-0.12202685737983723,0.1825,False,Bittrex,Coinbase Pro
1759,01-14-2021_06-41-08,LINK/USD,25.0,15.78092288,15.74841,0.05150662012486896,-0.13099337987513104,0.1825,False,Bittrex,Coinbase Pro
1760,01-14-2021_06-41-19,LINK/USD,25.0,15.78092288,15.74046,0.0641009405908708,-0.11839905940912919,0.1825,False,Bittrex,Coinbase Pro
1761,01-14-2021_06-41-30,LINK/USD,25.0,15.78092288,15.74105,0.06316626775125711,-0.11933373224874289,0.1825,False,Bittrex,Coinbase Pro
1762,01-14-2021_06-41-42,LINK/USD,25.0,15.78092288,15.74195,0.06174049562303085,-0.12075950437696914,0.1825,False,Bittrex,Coinbase Pro
1763,01-14-2021_06-41-52,LINK/USD,25.0,15.78092288,15.75207,0.0457084801367468,-0.1367915198632532,0.1825,False,Bittrex,Coinbase Pro
1764,01-14-2021_06-42-01,LINK/USD,25.0,15.78092288,15.74654,0.05446905776907387,-0.12803094223092612,0.1825,False,Bittrex,Coinbase Pro
1765,01-14-2021_06-42-12,LINK/USD,25.0,15.78092288,15.74924,0.050191741384392294,-0.1323082586156077,0.1825,False,Bittrex,Coinbase Pro
1766,01-14-2021_06-42-22,LINK/USD,25.0,15.78092288,15.74215,0.061423657372311716,-0.12107634262768828,0.1825,False,Bittrex,Coinbase Pro
1767,01-14-2021_06-42-32,LINK/USD,25.0,15.78092288,15.7532,0.043918344020195656,-0.13858165597980435,0.1825,False,Bittrex,Coinbase Pro
1768,01-14-2021_06-42-42,LINK/USD,25.0,15.78092288,15.75148,0.04664315297636051,-0.13585684702363948,0.1825,False,Bittrex,Coinbase Pro
1769,01-14-2021_06-42-54,LINK/USD,25.0,15.78092288,15.7568,0.038215255507287826,-0.08928474449271218,0.1275,False,Bittrex,Kraken
1770,01-14-2021_06-43-03,LINK/USD,25.0,15.87305837,15.76981,0.16261574737723508,-0.019884252622764914,0.1825,False,Bittrex,Coinbase Pro
1771,01-14-2021_06-43-14,LINK/USD,25.0,15.78092288,15.77043,0.01662272872092167,-0.16587727127907834,0.1825,False,Bittrex,Coinbase Pro
1772,01-14-2021_06-43-24,LINK/USD,25.0,15.87305237,15.7763,0.1523846323704894,0.08988463237048941,0.0625,True,Bittrex,Binance US
1773,01-14-2021_06-43-35,LINK/USD,25.0,15.87304649,15.77045,0.16158916006551655,-0.02091083993448345,0.1825,False,Bittrex,Coinbase Pro
1774,01-14-2021_06-43-44,LINK/USD,25.0,15.87304639,15.77547,0.15368251878460049,-0.02881748121539951,0.1825,False,Bittrex,Coinbase Pro
1775,01-14-2021_06-43-55,LINK/USD,25.0,15.8730463,15.77932,0.14761863952983012,-0.034881360470169875,0.1825,False,Bittrex,Coinbase Pro
1776,01-14-2021_06-44-05,LINK/USD,25.0,15.87304621,15.77499,0.15443823558300993,-0.02806176441699007,0.1825,False,Bittrex,Coinbase Pro
1777,01-14-2021_06-44-17,LINK/USD,25.0,15.87304601,15.77298,0.15760366651894914,-0.02489633348105086,0.1825,False,Bittrex,Coinbase Pro
1778,01-14-2021_06-44-29,LINK/USD,25.0,15.87304591,15.78274,0.14223153910099107,0.014731539100991065,0.1275,True,Bittrex,Kraken
1779,01-14-2021_06-44-40,LINK/USD,25.0,15.87304568,15.78274,0.14223117891260326,0.014731178912603254,0.1275,True,Bittrex,Kraken
1780,01-14-2021_06-44-50,LINK/USD,25.0,15.87304531,15.78274,0.14223059947908595,0.014730599479085948,0.1275,True,Bittrex,Kraken
1781,01-14-2021_06-45-01,LINK/USD,25.0,15.8730452,15.78274,0.14223042721506193,0.014730427215061931,0.1275,True,Bittrex,Kraken
1782,01-14-2021_06-45-11,LINK/USD,25.0,15.87304501,15.78274,0.14223012966810675,0.014730129668106745,0.1275,True,Bittrex,Kraken
1783,01-14-2021_06-45-22,LINK/USD,25.0,15.87304488,15.78274,0.14222992608334342,0.01472992608334342,0.1275,True,Bittrex,Kraken
1784,01-14-2021_06-45-32,LINK/USD,25.0,15.87304475,15.78274,0.1422297224985767,0.014729722498576708,0.1275,True,Bittrex,Kraken
1785,01-14-2021_06-45-42,LINK/USD,25.0,15.87304456,15.78161,0.14400917173510366,-0.03849082826489633,0.1825,False,Bittrex,Coinbase Pro
1786,01-14-2021_06-45-53,LINK/USD,25.0,15.87304445,15.76304,0.17325669682730574,-0.009243303172694256,0.1825,False,Bittrex,Coinbase Pro
1787,01-14-2021_06-46-04,LINK/USD,25.0,15.87304433,15.76256,0.17401250778211655,-0.008487492217883447,0.1825,False,Bittrex,Coinbase Pro
1788,01-14-2021_06-46-14,LINK/USD,25.0,15.87304417,15.77189,0.1593175337330381,-0.023182466266961882,0.1825,False,Bittrex,Coinbase Pro
1789,01-14-2021_06-46-24,LINK/USD,25.0,15.87304397,15.76022,0.17769743820598627,-0.004802561794013727,0.1825,False,Bittrex,Coinbase Pro
1790,01-14-2021_06-46-33,LINK/USD,25.0,15.8730439,15.75802,0.1811623226216879,-0.0013376773783120854,0.1825,False,Bittrex,Coinbase Pro
1791,01-14-2021_06-46-43,LINK/USD,25.0,15.87304372,15.75501,0.18590278285959336,0.003402782859593362,0.1825,False,Bittrex,Coinbase Pro
1792,01-14-2021_06-46-54,LINK/USD,25.0,15.87304357,15.75433,0.18697354649798992,0.004473546497989922,0.1825,False,Bittrex,Coinbase Pro
1793,01-14-2021_06-47-03,LINK/USD,25.0,15.87304333,15.75001,0.19377715955620742,0.011277159556207422,0.1825,True,Bittrex,Coinbase Pro
1794,01-14-2021_06-47-13,LINK/USD,25.0,15.87304321,15.75096,0.19228072459836976,0.06478072459836975,0.1275,True,Bittrex,Kraken
1795,01-14-2021_06-47-23,LINK/USD,25.0,15.87299997,15.7437,0.20364765678255073,0.021147656782550733,0.1825,True,Bittrex,Coinbase Pro
1796,01-14-2021_06-47-33,LINK/USD,25.0,15.87299975,15.74032,0.208970818512108,0.026470818512108002,0.1825,True,Bittrex,Coinbase Pro
1797,01-14-2021_06-47-43,LINK/USD,25.0,15.86699998,15.73853,0.20241693477332195,0.01991693477332196,0.1825,True,Bittrex,Coinbase Pro
1798,01-14-2021_06-47-54,LINK/USD,25.0,15.86699987,15.76211,0.16526418172839016,0.03776418172839016,0.1275,True,Bittrex,Kraken
1799,01-14-2021_06-48-05,LINK/USD,25.0,15.86699966,15.75856,0.1708572230472969,-0.011642776952703104,0.1825,False,Bittrex,Coinbase Pro
1800,01-14-2021_06-48-15,LINK/USD,25.0,15.86699954,15.76059,0.16765857295789582,-0.014841427042104172,0.1825,False,Bittrex,Coinbase Pro
1801,01-14-2021_06-48-25,LINK/USD,25.0,15.86699933,15.76256,0.16455431778227714,-0.017945682217722858,0.1825,False,Bittrex,Coinbase Pro
1802,01-14-2021_06-48-37,LINK/USD,25.0,15.86699916,15.77073,0.15168142228602774,0.024181422286027737,0.1275,True,Bittrex,Kraken
1803,01-14-2021_06-48-48,LINK/USD,25.0,15.86699902,15.76847,0.15524205282266268,-0.027257947177337316,0.1825,False,Bittrex,Coinbase Pro
1804,01-14-2021_06-48-58,LINK/USD,25.0,15.86699884,15.7773,0.141329247112998,0.07882924711299799,0.0625,True,Bittrex,Binance US
1805,01-14-2021_06-49-09,LINK/USD,25.0,15.86699877,15.78156,0.13461709305974764,-0.04788290694025235,0.1825,False,Bittrex,Coinbase Pro
1806,01-14-2021_06-49-19,LINK/USD,25.0,15.86699868,15.79838,0.10811540572964892,-0.07438459427035107,0.1825,False,Bittrex,Coinbase Pro
1807,01-14-2021_06-49-30,LINK/USD,25.0,15.86699854,15.78762,0.1250686130081418,-0.05743138699185821,0.1825,False,Bittrex,Coinbase Pro
1808,01-14-2021_06-49-41,LINK/USD,25.0,15.86699844,15.78685,0.12628166616243822,-0.0012183338375617858,0.1275,False,Bittrex,Kraken
1809,01-14-2021_06-49-53,LINK/USD,25.0,15.86699825,15.78744,0.12535176588930397,-0.05714823411069603,0.1825,False,Bittrex,Coinbase Pro
1810,01-14-2021_06-50-05,LINK/USD,25.0,15.86699808,15.77387,0.1467323553114081,-0.03576764468859189,0.1825,False,Bittrex,Coinbase Pro
1811,01-14-2021_06-50-15,LINK/USD,25.0,15.86699802,15.75889,0.17033470960249306,-0.01216529039750694,0.1825,False,Bittrex,Coinbase Pro
1812,01-14-2021_06-50-25,LINK/USD,25.0,15.86699783,15.75368,0.17854327455971156,-0.003956725440288439,0.1825,False,Bittrex,Coinbase Pro
1813,01-14-2021_06-50-38,LINK/USD,25.0,15.8669977,15.74861,0.18653134991001058,0.004031349910010584,0.1825,False,Bittrex,Coinbase Pro
1814,01-14-2021_06-50-49,LINK/USD,25.0,15.86699748,15.74541,0.1915729175498686,0.009072917549868609,0.1825,True,Bittrex,Coinbase Pro
1815,01-14-2021_06-51-01,LINK/USD,25.0,15.86699731,15.74555,0.19135206811225053,0.008852068112250533,0.1825,False,Bittrex,Coinbase Pro
1816,01-14-2021_06-51-12,LINK/USD,25.0,15.86699702,15.7373,0.20435029362600848,0.021850293626008488,0.1825,True,Bittrex,Coinbase Pro
1817,01-14-2021_06-51-24,LINK/USD,25.0,15.8669967,15.75057,0.1834416150096002,0.05594161500960021,0.1275,True,Bittrex,Kraken
1818,01-14-2021_06-51-35,LINK/USD,25.0,15.8669965,15.7373,0.2043494810123665,0.0218494810123665,0.1825,True,Bittrex,Coinbase Pro
1819,01-14-2021_06-51-48,LINK/USD,25.0,15.86699637,15.7445,0.19300497577412684,0.13050497577412684,0.0625,True,Bittrex,Binance US
1820,01-14-2021_06-52-00,LINK/USD,25.0,15.8669961,15.7445,0.19300455364705,0.13050455364705,0.0625,True,Bittrex,Binance US
1821,01-14-2021_06-52-11,LINK/USD,25.0,15.86699592,15.7445,0.19300427222899358,0.13050427222899358,0.0625,True,Bittrex,Binance US
1822,01-14-2021_06-52-22,LINK/USD,25.0,15.86699572,15.74936,0.18534655532131336,0.0028465553213133654,0.1825,False,Bittrex,Coinbase Pro
1823,01-14-2021_06-52-33,LINK/USD,25.0,15.86699554,15.7559,0.17504186555030554,-0.0074581344496944535,0.1825,False,Bittrex,Coinbase Pro
1824,01-14-2021_06-52-44,LINK/USD,25.0,15.86699531,15.76596,0.1591909936727654,0.0316909936727654,0.1275,True,Bittrex,Kraken
1825,01-14-2021_06-53-07,LINK/USD,25.0,15.86699491,15.74979,0.18466778155662728,0.0021677815566272796,0.1825,False,Bittrex,Coinbase Pro
1826,01-14-2021_06-53-17,LINK/USD,25.0,15.86699461,15.75258,0.18027139482339677,0.05277139482339677,0.1275,True,Bittrex,Kraken
1827,01-14-2021_06-53-27,LINK/USD,25.0,15.86699422,15.7495,0.18512362576508376,0.12262362576508376,0.0625,True,Bittrex,Binance US
1828,01-14-2021_06-53-38,LINK/USD,25.0,15.866994,15.7495,0.18512328170036593,0.12262328170036593,0.0625,True,Bittrex,Binance US
1829,01-14-2021_06-53-49,LINK/USD,25.0,15.86699376,15.74031,0.19960264987209617,0.01710264987209617,0.1825,True,Bittrex,Coinbase Pro
1830,01-14-2021_06-54-00,LINK/USD,25.0,15.86399991,15.72952,0.2119262335522788,0.029426233552278802,0.1825,True,Bittrex,Coinbase Pro
1831,01-14-2021_06-54-12,LINK/USD,25.0,15.86099985,15.74584,0.18151417169328277,0.054014171693282764,0.1275,True,Bittrex,Kraken
1832,01-14-2021_06-54-33,LINK/USD,25.0,15.86099959,15.74584,0.18151376485850013,0.054013764858500124,0.1275,True,Bittrex,Kraken
1833,01-14-2021_06-54-44,LINK/USD,25.0,15.8609994,15.74258,0.18665185751157726,0.004151857511577262,0.1825,False,Bittrex,Coinbase Pro
1834,01-14-2021_06-54-57,LINK/USD,25.0,15.86099922,15.73701,0.19543097234954712,0.012930972349547126,0.1825,True,Bittrex,Coinbase Pro
1835,01-14-2021_06-55-08,LINK/USD,25.0,15.8609991,15.73909,0.19215230268817313,0.009652302688173131,0.1825,True,Bittrex,Coinbase Pro
1836,01-14-2021_06-55-18,LINK/USD,25.0,15.86099888,15.74584,0.18151265388652646,0.05401265388652646,0.1275,True,Bittrex,Kraken
1837,01-14-2021_06-55-30,LINK/USD,25.0,15.8609986,15.73553,0.19776276885870162,0.01526276885870162,0.1825,True,Bittrex,Coinbase Pro
1838,01-14-2021_06-55-40,LINK/USD,25.0,15.86099837,15.7432,0.18567300628251834,0.003173006282518348,0.1825,False,Bittrex,Coinbase Pro
1839,01-14-2021_06-55-51,LINK/USD,25.0,15.86099816,15.73842,0.19320688200622013,0.010706882006220136,0.1825,True,Bittrex,Coinbase Pro
1840,01-14-2021_06-56-02,LINK/USD,25.0,15.85799996,15.70333,0.2438358563345611,0.061335856334561095,0.1825,True,Bittrex,Coinbase Pro
1841,01-14-2021_06-56-14,LINK/USD,25.0,15.85799967,15.69867,0.2511818535054869,0.06868185350548689,0.1825,True,Bittrex,Coinbase Pro
1842,01-14-2021_06-56-26,LINK/USD,25.0,15.85799942,15.70264,0.2449227924110996,0.062422792411099604,0.1825,True,Bittrex,Coinbase Pro
1843,01-14-2021_06-56-49,LINK/USD,25.0,15.85799885,15.7064,0.23899429466789118,0.17649429466789118,0.0625,True,Bittrex,Binance US
1844,01-14-2021_06-57-01,LINK/USD,25.0,15.85799855,15.7064,0.23899382624170945,0.17649382624170945,0.0625,True,Bittrex,Binance US
1845,01-14-2021_06-57-13,LINK/USD,25.0,15.85799823,15.70351,0.24354938712841584,0.11604938712841584,0.1275,True,Bittrex,Kraken
1846,01-14-2021_06-57-35,LINK/USD,25.0,15.85799777,15.7381,0.18901782516772522,0.12651782516772522,0.0625,True,Bittrex,Binance US
1847,01-14-2021_06-57-46,LINK/USD,25.0,15.85799747,15.72718,0.20623264420283738,0.023732644202837383,0.1825,True,Bittrex,Coinbase Pro
1848,01-14-2021_06-57-57,LINK/USD,25.0,15.8579972,15.73091,0.20035190824727866,0.01785190824727867,0.1825,True,Bittrex,Coinbase Pro
1849,01-14-2021_06-58-08,LINK/USD,25.0,15.85799699,15.71377,0.2273726468906335,0.0448726468906335,0.1825,True,Bittrex,Coinbase Pro
1850,01-14-2021_06-58-19,LINK/USD,25.0,15.85499974,15.72764,0.20081952394910768,0.07331952394910768,0.1275,True,Bittrex,Kraken
1851,01-14-2021_06-58-31,LINK/USD,25.0,15.85499937,15.72615,0.2031683619045128,0.020668361904512794,0.1825,True,Bittrex,Coinbase Pro
1852,01-14-2021_06-58-42,LINK/USD,25.0,15.85199987,15.71824,0.2109510962290975,0.0284510962290975,0.1825,True,Bittrex,Coinbase Pro
1853,01-14-2021_06-58-54,LINK/USD,25.0,15.84899969,15.72359,0.19781956661770825,0.015319566617708252,0.1825,True,Bittrex,Coinbase Pro
1854,01-14-2021_06-59-06,LINK/USD,25.0,15.84899938,15.72145,0.2011946889230044,0.01869468892300441,0.1825,True,Bittrex,Coinbase Pro
1855,01-14-2021_06-59-18,LINK/USD,25.0,15.84899913,15.72139,0.20128894095030425,0.07378894095030425,0.1275,True,Bittrex,Kraken
1856,01-14-2021_06-59-30,LINK/USD,25.0,15.84899884,15.72015,0.20324444670096248,0.020744446700962482,0.1825,True,Bittrex,Coinbase Pro
1857,01-14-2021_06-59-40,LINK/USD,25.0,15.84899862,15.72139,0.20128814296029035,0.018788142960290355,0.1825,True,Bittrex,Coinbase Pro
1858,01-14-2021_06-59-52,LINK/USD,25.0,15.84899836,15.71946,0.20433209256764626,0.02183209256764626,0.1825,True,Bittrex,Coinbase Pro
1859,01-14-2021_07-00-03,LINK/USD,25.0,15.8489981,15.71046,0.21852816677415068,0.03602816677415069,0.1825,True,Bittrex,Coinbase Pro
1860,01-14-2021_07-00-12,LINK/USD,25.0,15.84899798,15.71159,0.21674553207306416,0.08924553207306415,0.1275,True,Bittrex,Kraken
1861,01-14-2021_07-00-23,LINK/USD,25.0,15.84599985,15.71538,0.20607700876634874,0.07857700876634874,0.1275,True,Bittrex,Kraken
1862,01-14-2021_07-00-34,LINK/USD,25.0,15.84599962,15.70529,0.22199549314390438,0.03949549314390438,0.1825,True,Bittrex,Coinbase Pro
1863,01-14-2021_07-00-45,LINK/USD,25.0,15.84599941,15.6937,0.24028053715546535,0.057780537155465356,0.1825,True,Bittrex,Coinbase Pro
1864,01-14-2021_07-00-56,LINK/USD,25.0,15.84599914,15.67874,0.2638822874503837,0.08138228745038373,0.1825,True,Bittrex,Coinbase Pro
1865,01-14-2021_07-01-06,LINK/USD,25.0,15.84599893,15.67018,0.27738694603079866,0.09488694603079867,0.1825,True,Bittrex,Coinbase Pro
1866,01-14-2021_07-01-17,LINK/USD,25.0,15.84599865,15.67411,0.27118620573654983,0.08868620573654984,0.1825,True,Bittrex,Coinbase Pro
1867,01-14-2021_07-01-28,LINK/USD,25.0,15.84599839,15.67639,0.26758867732031955,0.08508867732031955,0.1825,True,Bittrex,Coinbase Pro
1868,01-14-2021_07-01-39,LINK/USD,25.0,15.84599811,15.6811,0.2601573420230569,0.07765734202305691,0.1825,True,Bittrex,Coinbase Pro
1869,01-14-2021_07-01-49,LINK/USD,25.0,15.84599785,15.69071,0.2449953790698018,0.06249537906980179,0.1825,True,Bittrex,Coinbase Pro
1870,01-14-2021_07-02-00,LINK/USD,25.0,15.84599758,15.69159,0.24360659406335855,0.061106594063358555,0.1825,True,Bittrex,Coinbase Pro
1871,01-14-2021_07-02-11,LINK/USD,25.0,15.84599726,15.67283,0.27320347397308803,0.09070347397308803,0.1825,True,Bittrex,Coinbase Pro
1872,01-14-2021_07-02-22,LINK/USD,25.0,15.84599704,15.64999,0.3092374678368607,0.12673746783686068,0.1825,True,Bittrex,Coinbase Pro
1873,01-14-2021_07-02-35,LINK/USD,25.0,15.70599999,15.64882,0.09101615630397031,-0.036483843696029694,0.1275,False,Bittrex,Kraken
1874,01-14-2021_07-02-46,LINK/USD,25.0,15.70599999,15.64831,0.09182794797646004,-0.09067205202353995,0.1825,False,Bittrex,Coinbase Pro
1875,01-14-2021_07-02-56,LINK/USD,25.0,15.70599999,15.64762,0.09292625435688766,-0.08957374564311234,0.1825,False,Bittrex,Coinbase Pro
1876,01-14-2021_07-03-08,LINK/USD,25.0,15.70599999,15.65204,0.08589072652864709,-0.04160927347135292,0.1275,False,Bittrex,Kraken
1877,01-14-2021_07-03-30,LINK/USD,25.0,15.70599999,15.65693,0.0781070769630144,-0.1043929230369856,0.1825,False,Bittrex,Coinbase Pro
1878,01-14-2021_07-03-41,LINK/USD,25.0,15.70599999,15.65219,0.08565196427203312,-0.09684803572796688,0.1825,False,Bittrex,Coinbase Pro
1879,01-14-2021_07-03-52,LINK/USD,25.0,15.70599999,15.64807,0.09220996758704295,-0.09029003241295705,0.1825,False,Bittrex,Coinbase Pro
1880,01-14-2021_07-04-03,LINK/USD,25.0,15.70599983,15.66531,0.06476797154021079,-0.06273202845978922,0.1275,False,Bittrex,Kraken
1881,01-14-2021_07-04-13,LINK/USD,25.0,15.70599969,15.6535,0.08356629796928451,-0.04393370203071549,0.1275,False,Bittrex,Kraken
1882,01-14-2021_07-04-24,LINK/USD,25.0,15.7059995,15.66228,0.06959044535815741,-0.11290955464184259,0.1825,False,Bittrex,Coinbase Pro
1883,01-14-2021_07-04-35,LINK/USD,25.0,15.70599947,15.66509,0.06511758464996431,-0.06238241535003569,0.1275,False,Bittrex,Kraken
1884,01-14-2021_07-04-46,LINK/USD,25.0,15.70599937,15.66536,0.06468765381085227,-0.06281234618914773,0.1275,False,Bittrex,Kraken
1885,01-14-2021_07-04-57,LINK/USD,25.0,15.70599933,15.65251,0.0851415578151557,-0.0973584421848443,0.1825,False,Bittrex,Coinbase Pro
1886,01-14-2021_07-05-08,LINK/USD,25.0,15.70599915,15.65258,0.08502984988382585,-0.09747015011617415,0.1825,False,Bittrex,Coinbase Pro
1887,01-14-2021_07-05-20,LINK/USD,25.0,15.70599887,15.66543,0.06457543760156838,-0.06292456239843162,0.1275,False,Bittrex,Kraken
1888,01-14-2021_07-05-42,LINK/USD,25.0,15.70599874,15.6731,0.052366520182212016,-0.07513347981778798,0.1275,False,Bittrex,Kraken
1889,01-14-2021_07-05-54,LINK/USD,25.0,15.70599874,15.6731,0.052366520182212016,-0.07513347981778798,0.1275,False,Bittrex,Kraken
1890,01-14-2021_07-06-04,LINK/USD,25.0,15.70599874,15.6731,0.052366520182212016,-0.07513347981778798,0.1275,False,Bittrex,Kraken
1891,01-14-2021_07-06-15,LINK/USD,25.0,15.70599874,15.6731,0.052366520182212016,-0.07513347981778798,0.1275,False,Bittrex,Kraken
1892,01-14-2021_07-06-26,LINK/USD,25.0,15.70599874,15.6731,0.052366520182212016,-0.07513347981778798,0.1275,False,Bittrex,Kraken
1893,01-14-2021_07-06-36,LINK/USD,25.0,15.70599874,15.69636,0.015342449976536414,-0.16715755002346358,0.1825,False,Bittrex,Coinbase Pro
1894,01-14-2021_07-06-47,LINK/USD,25.0,15.70599874,15.68723,0.029875113819091817,-0.09762488618090819,0.1275,False,Bittrex,Kraken
1895,01-14-2021_07-06-58,LINK/USD,25.0,15.70599874,15.68481,0.033727145199044316,-0.09377285480095568,0.1275,False,Bittrex,Kraken
1896,01-14-2021_07-07-08,LINK/USD,25.0,15.70599873,15.65723,0.07762755307442815,-0.049872446925571856,0.1275,False,Bittrex,Kraken
1897,01-14-2021_07-07-19,LINK/USD,25.0,15.70599862,15.63398,0.11463553152916531,-0.06786446847083469,0.1825,False,Bittrex,Coinbase Pro
1898,01-14-2021_07-07-30,LINK/USD,25.0,15.70599861,15.64061,0.10408222301504362,-0.02341777698495638,0.1275,False,Bittrex,Kraken
1899,01-14-2021_07-07-42,LINK/USD,25.0,15.70599861,15.637,0.10982843516245465,-0.017671564837545353,0.1275,False,Bittrex,Kraken
1900,01-14-2021_07-07-53,LINK/USD,25.0,15.70599861,15.62763,0.12474311876944713,-0.057756881230552864,0.1825,False,Bittrex,Coinbase Pro
1901,01-14-2021_07-08-03,LINK/USD,25.0,15.70599861,15.63295,0.11627501665747432,-0.06622498334252568,0.1825,False,Bittrex,Coinbase Pro
1902,01-14-2021_07-08-15,LINK/USD,25.0,15.70599843,15.63466,0.11355284147955799,-0.01394715852044201,0.1275,False,Bittrex,Kraken
1903,01-14-2021_07-08-28,LINK/USD,25.0,15.70599831,15.63769,0.10872965323781576,-0.01877034676218424,0.1275,False,Bittrex,Kraken
1904,01-14-2021_07-08-40,LINK/USD,25.0,15.70599831,15.6446,0.09773067077325999,-0.08476932922674,0.1825,False,Bittrex,Coinbase Pro
1905,01-14-2021_07-08-52,LINK/USD,25.0,15.70599831,15.65011,0.0889601362754767,-0.038539863724523296,0.1275,False,Bittrex,Kraken
1906,01-14-2021_07-09-14,LINK/USD,25.0,15.70599808,15.65526,0.08076226633538522,-0.10173773366461478,0.1825,False,Bittrex,Coinbase Pro
1907,01-14-2021_07-09-25,LINK/USD,25.0,15.70599799,15.65093,0.08765439489273663,-0.03984560510726337,0.1275,False,Bittrex,Kraken
1908,01-14-2021_07-09-36,LINK/USD,25.0,15.70599788,15.63849,0.10745557288971323,-0.07504442711028676,0.1825,False,Bittrex,Coinbase Pro
1909,01-14-2021_07-09-59,LINK/USD,25.0,15.70599788,15.661,0.07162531210019554,-0.05587468789980446,0.1275,False,Bittrex,Kraken
1910,01-14-2021_07-10-09,LINK/USD,25.0,15.70599788,15.65575,0.07998199220437018,-0.04751800779562983,0.1275,False,Bittrex,Kraken
1911,01-14-2021_07-10-19,LINK/USD,25.0,15.70599788,15.66289,0.06861690726269075,-0.11388309273730925,0.1825,False,Bittrex,Coinbase Pro
1912,01-14-2021_07-10-29,LINK/USD,25.0,15.70599788,15.67688,0.04634834447080572,-0.08115165552919429,0.1275,False,Bittrex,Kraken
1913,01-14-2021_07-10-41,LINK/USD,25.0,15.70599788,15.6789,0.04313301231643784,-0.08436698768356216,0.1275,False,Bittrex,Kraken
1914,01-14-2021_07-10-51,LINK/USD,25.0,15.7819566,15.66721,0.18176865345073623,-0.0007313465492637672,0.1825,False,Bittrex,Coinbase Pro
1915,01-14-2021_07-11-02,LINK/USD,25.0,15.78195645,15.65919,0.19447279934674788,0.011972799346747887,0.1825,True,Bittrex,Coinbase Pro
1916,01-14-2021_07-11-14,LINK/USD,25.0,15.78195634,15.66552,0.18444535248283406,0.056945352482834055,0.1275,True,Bittrex,Kraken
1917,01-14-2021_07-11-25,LINK/USD,25.0,15.78195622,15.66724,0.1817205332483175,0.05422053324831749,0.1275,True,Bittrex,Kraken
1918,01-14-2021_07-11-37,LINK/USD,25.0,15.78195608,15.67912,0.16290135310020648,0.03540135310020648,0.1275,True,Bittrex,Kraken
1919,01-14-2021_07-11-49,LINK/USD,25.0,15.78195601,15.68906,0.1471554127085678,0.0196554127085678,0.1275,True,Bittrex,Kraken
1920,01-14-2021_07-12-00,LINK/USD,25.0,15.78195593,15.67499,0.16944339864216248,0.04194339864216248,0.1275,True,Bittrex,Kraken
1921,01-14-2021_07-12-11,LINK/USD,25.0,15.78195582,15.6742,0.17069465475160528,0.04319465475160528,0.1275,True,Bittrex,Kraken
1922,01-14-2021_07-12-23,LINK/USD,25.0,15.78195574,15.6996,0.13045870447993121,0.06795870447993121,0.0625,True,Bittrex,Binance US
1923,01-14-2021_07-12-34,LINK/USD,25.0,15.78195571,15.70257,0.12575391709802294,-0.0017460829019770585,0.1275,False,Bittrex,Kraken
1924,01-14-2021_07-12-44,LINK/USD,25.0,15.78195571,15.71044,0.11328714785754505,-0.014212852142454949,0.1275,False,Bittrex,Kraken
1925,01-14-2021_07-12-54,LINK/USD,25.0,15.78195571,15.71122,0.11205155954654372,-0.01544844045345628,0.1275,False,Bittrex,Kraken
1926,01-14-2021_07-13-03,LINK/USD,25.0,15.8241353,15.73136,0.14657246389949594,-0.03592753610050406,0.1825,False,Bittrex,Coinbase Pro
1927,01-14-2021_07-13-13,LINK/USD,25.0,15.82413524,15.72452,0.1573786473781431,-0.025121352621856885,0.1825,False,Bittrex,Coinbase Pro
1928,01-14-2021_07-13-23,LINK/USD,25.0,15.82413508,15.73443,0.1417219322675295,0.014221932267529491,0.1275,True,Bittrex,Kraken
1929,01-14-2021_07-13-32,LINK/USD,25.0,15.82413498,15.74623,0.12307936594711665,-0.05942063405288335,0.1825,False,Bittrex,Coinbase Pro
1930,01-14-2021_07-13-42,LINK/USD,25.0,15.84235568,15.74826,0.14848751331658108,0.02098751331658108,0.1275,True,Bittrex,Kraken
1931,01-14-2021_07-13-54,LINK/USD,25.0,15.84235558,15.7613,0.12790960850280203,0.06540960850280203,0.0625,True,Bittrex,Binance US
1932,01-14-2021_07-14-05,LINK/USD,25.0,15.84235553,15.7613,0.12790953000409092,0.06540953000409092,0.0625,True,Bittrex,Binance US
1933,01-14-2021_07-14-15,LINK/USD,25.0,15.84235545,15.7613,0.1279094044061471,0.06540940440614709,0.0625,True,Bittrex,Binance US
1934,01-14-2021_07-14-26,LINK/USD,25.0,15.84235536,15.75829,0.1326591881221384,-0.0498408118778616,0.1825,False,Bittrex,Coinbase Pro
1935,01-14-2021_07-14-37,LINK/USD,25.0,15.84235535,15.75552,0.13703036587927472,-0.04546963412072527,0.1825,False,Bittrex,Coinbase Pro
1936,01-14-2021_07-14-49,LINK/USD,25.0,15.84235518,15.7613,0.12790898051308539,0.06540898051308539,0.0625,True,Bittrex,Binance US
1937,01-14-2021_07-15-11,LINK/USD,25.0,15.84235518,15.75148,0.14340541379024838,-0.03909458620975162,0.1825,False,Bittrex,Coinbase Pro
1938,01-14-2021_07-15-23,LINK/USD,25.0,15.84235505,15.74742,0.14981208554595568,-0.032687914454044315,0.1825,False,Bittrex,Coinbase Pro
1939,01-14-2021_07-15-34,LINK/USD,25.0,15.84235484,15.74802,0.14886492720421882,-0.03363507279578118,0.1825,False,Bittrex,Coinbase Pro
1940,01-14-2021_07-15-45,LINK/USD,25.0,15.84235462,15.74764,0.14946424043624823,-0.033035759563751765,0.1825,False,Bittrex,Coinbase Pro
1941,01-14-2021_07-15-56,LINK/USD,25.0,15.84235449,15.75,0.1457398426135078,-0.03676015738649219,0.1825,False,Bittrex,Coinbase Pro
1942,01-14-2021_07-16-06,LINK/USD,25.0,15.84235422,15.75562,0.13687078762969407,-0.04562921237030593,0.1825,False,Bittrex,Coinbase Pro
1943,01-14-2021_07-16-17,LINK/USD,25.0,15.84235404,15.75414,0.13920601663311968,0.011706016633119681,0.1275,True,Bittrex,Kraken
1944,01-14-2021_07-16-29,LINK/USD,25.0,15.84235394,15.75114,0.143940004663223,-0.03855999533677701,0.1825,False,Bittrex,Coinbase Pro
1945,01-14-2021_07-16-39,LINK/USD,25.0,15.84235379,15.74867,0.1478375487030454,-0.03466245129695458,0.1825,False,Bittrex,Coinbase Pro
1946,01-14-2021_07-16-51,LINK/USD,25.0,15.84235372,15.74667,0.150993535574208,-0.031506464425792,0.1825,False,Bittrex,Coinbase Pro
1947,01-14-2021_07-17-01,LINK/USD,25.0,15.84235364,15.74787,0.14909975207446508,-0.03340024792553492,0.1825,False,Bittrex,Coinbase Pro
1948,01-14-2021_07-17-12,LINK/USD,25.0,15.84235361,15.74002,0.1614873845755557,-0.021012615424444298,0.1825,False,Bittrex,Coinbase Pro
1949,01-14-2021_07-17-23,LINK/USD,25.0,15.84235347,15.73611,0.1676573341852105,-0.01484266581478949,0.1825,False,Bittrex,Coinbase Pro
1950,01-14-2021_07-17-35,LINK/USD,25.0,15.8423534,15.73001,0.17728331953508927,-0.005216680464910722,0.1825,False,Bittrex,Coinbase Pro
1951,01-14-2021_07-17-45,LINK/USD,25.0,15.84235332,15.73045,0.17658885289903614,-0.005911147100963854,0.1825,False,Bittrex,Coinbase Pro
1952,01-14-2021_07-18-10,LINK/USD,25.0,15.83999994,15.72466,0.18203904740671378,-0.0004609525932862124,0.1825,False,Bittrex,Coinbase Pro
1953,01-14-2021_07-18-22,LINK/USD,25.0,15.83699986,15.73809,0.1561373064254117,0.028637306425411707,0.1275,True,Bittrex,Kraken
1954,01-14-2021_07-18-35,LINK/USD,25.0,15.83699968,15.73761,0.15689474333562628,0.029394743335626278,0.1275,True,Bittrex,Kraken
1955,01-14-2021_07-18-46,LINK/USD,25.0,15.83699962,15.73373,0.16301954675427455,-0.01948045324572545,0.1825,False,Bittrex,Coinbase Pro
1956,01-14-2021_07-18-58,LINK/USD,25.0,15.83699943,15.73202,0.1657186237582636,0.0382186237582636,0.1275,True,Bittrex,Kraken
1957,01-14-2021_07-19-09,LINK/USD,25.0,15.83699934,15.73761,0.15689420998611991,0.029394209986119912,0.1275,True,Bittrex,Kraken
1958,01-14-2021_07-19-33,LINK/USD,25.0,15.83699902,15.73831,0.15578870068023803,0.028288700680238033,0.1275,True,Bittrex,Kraken
1959,01-14-2021_07-19-45,LINK/USD,25.0,15.83699883,15.73416,0.1623395175814403,-0.020160482418559694,0.1825,False,Bittrex,Coinbase Pro
1960,01-14-2021_07-19-57,LINK/USD,25.0,15.8369987,15.72099,0.1831292377387138,0.000629237738713817,0.1825,False,Bittrex,Coinbase Pro
1961,01-14-2021_07-20-19,LINK/USD,25.0,15.83699838,15.70322,0.21118013778568176,0.028680137785681764,0.1825,True,Bittrex,Coinbase Pro
1962,01-14-2021_07-20-31,LINK/USD,25.0,15.83699831,15.71546,0.1918581848986761,0.009358184898676097,0.1825,True,Bittrex,Coinbase Pro
1963,01-14-2021_07-20-42,LINK/USD,25.0,15.83699801,15.72445,0.17766626277425593,-0.004833737225744067,0.1825,False,Bittrex,Coinbase Pro
1964,01-14-2021_07-20-54,LINK/USD,25.0,15.83699783,15.72511,0.17662411651665738,0.04912411651665738,0.1275,True,Bittrex,Kraken
1965,01-14-2021_07-21-05,LINK/USD,25.0,15.83699749,15.72025,0.18429549236482173,0.001795492364821738,0.1825,False,Bittrex,Coinbase Pro
1966,01-14-2021_07-21-16,LINK/USD,25.0,15.83699726,15.72901,0.1704667529885015,0.0429667529885015,0.1275,True,Bittrex,Kraken
1967,01-14-2021_07-21-29,LINK/USD,25.0,15.83699707,15.73839,0.15565935505979087,0.028159355059790864,0.1275,True,Bittrex,Kraken
1968,01-14-2021_07-21-52,LINK/USD,25.0,15.8369967,15.76376,0.11561014595652581,-0.011889854043474188,0.1275,False,Bittrex,Kraken
1969,01-14-2021_07-22-02,LINK/USD,25.0,15.87698443,15.81508,0.09747510661254745,-0.030024893387452553,0.1275,False,Bittrex,Kraken
1970,01-14-2021_07-22-13,LINK/USD,25.0,15.96707085,15.87135,0.14987227604116424,-0.03262772395883576,0.1825,False,Bittrex,Coinbase Pro
1971,01-14-2021_07-22-34,LINK/USD,25.0,15.96707078,15.89332,0.11547324649612567,-0.06702675350387433,0.1825,False,Bittrex,Coinbase Pro
1972,01-14-2021_07-22-45,LINK/USD,25.0,15.96707072,15.89427,0.11398571672387513,-0.06851428327612487,0.1825,False,Bittrex,Coinbase Pro
1973,01-14-2021_07-22-56,LINK/USD,25.0,15.96707067,15.88572,0.12737256520203158,-0.055127434797968417,0.1825,False,Bittrex,Coinbase Pro
1974,01-14-2021_07-23-18,LINK/USD,25.0,15.96707067,15.89477,0.1132027776012853,-0.06929722239871469,0.1825,False,Bittrex,Coinbase Pro
1975,01-14-2021_07-23-28,LINK/USD,25.0,15.96707067,15.9,0.1050140495182008,-0.0774859504817992,0.1825,False,Bittrex,Coinbase Pro
1976,01-14-2021_07-23-39,LINK/USD,25.0,16.00553341,15.91975,0.13399023919191147,-0.048509760808088526,0.1825,False,Bittrex,Coinbase Pro
1977,01-14-2021_07-23-50,LINK/USD,25.0,16.00553341,15.91785,0.13695796283993095,-0.04554203716006905,0.1825,False,Bittrex,Coinbase Pro
1978,01-14-2021_07-24-00,LINK/USD,25.0,16.00553331,15.92904,0.11947947706342318,-0.06302052293657681,0.1825,False,Bittrex,Coinbase Pro
1979,01-14-2021_07-24-12,LINK/USD,25.0,16.00553329,15.92904,0.11947944597352181,-0.06302055402647819,0.1825,False,Bittrex,Coinbase Pro
1980,01-14-2021_07-24-34,LINK/USD,25.0,16.00553328,15.94463,0.09512847671889874,-0.08737152328110126,0.1825,False,Bittrex,Coinbase Pro
1981,01-14-2021_07-24-45,LINK/USD,25.0,16.01168459,15.9659,0.07148621642940134,0.00898621642940134,0.0625,False,Bittrex,Binance US
1982,01-14-2021_07-25-07,LINK/USD,25.0,16.01168459,15.97874,0.05143835711792737,-0.07606164288207262,0.1275,False,Bittrex,Kraken
1983,01-14-2021_07-25-18,LINK/USD,25.0,16.01168459,15.96856,0.06733299946923552,-0.11516700053076448,0.1825,False,Bittrex,Coinbase Pro
1984,01-14-2021_07-25-28,LINK/USD,25.0,16.01168459,15.9866,0.03916606940856916,-0.023333930591430838,0.0625,False,Bittrex,Binance US
1985,01-14-2021_07-25-39,LINK/USD,25.0,16.01168459,15.9796,0.05009558772479224,-0.13240441227520777,0.1825,False,Bittrex,Coinbase Pro
1986,01-14-2021_07-25-49,LINK/USD,25.0,16.01168459,15.96901,0.06663038757747715,-0.11586961242252285,0.1825,False,Bittrex,Coinbase Pro
1987,01-14-2021_07-26-00,LINK/USD,25.0,16.01168459,15.97234,0.06143105957847355,-0.12106894042152644,0.1825,False,Bittrex,Coinbase Pro
1988,01-14-2021_07-26-10,LINK/USD,25.0,16.01168459,15.97126,0.06311732811869362,-0.11938267188130637,0.1825,False,Bittrex,Coinbase Pro
1989,01-14-2021_07-26-21,LINK/USD,25.0,16.01168459,15.97521,0.05694995706882234,-0.12555004293117766,0.1825,False,Bittrex,Coinbase Pro
1990,01-14-2021_07-26-32,LINK/USD,25.0,16.01168459,15.98311,0.0446152149690853,-0.0828847850309147,0.1275,False,Bittrex,Kraken
1991,01-14-2021_07-26-42,LINK/USD,25.0,16.01168459,15.98247,0.045614485215141026,-0.13688551478485897,0.1825,False,Bittrex,Coinbase Pro
1992,01-14-2021_07-26-53,LINK/USD,25.0,16.01168459,15.98311,0.0446152149690853,-0.0828847850309147,0.1275,False,Bittrex,Kraken
1993,01-14-2021_07-27-03,LINK/USD,25.0,16.01168459,15.99,0.033857446226401924,-0.09364255377359808,0.1275,False,Bittrex,Kraken
1994,01-14-2021_07-27-14,LINK/USD,25.0,16.01168459,15.99,0.033857446226401924,-0.14864255377359809,0.1825,False,Bittrex,Coinbase Pro
1995,01-14-2021_07-27-24,LINK/USD,25.0,16.01168459,15.98561,0.040711815570434795,-0.1417881844295652,0.1825,False,Bittrex,Coinbase Pro
1996,01-14-2021_07-27-36,LINK/USD,25.0,16.01168459,15.98,0.04947104382100672,-0.13302895617899327,0.1825,False,Bittrex,Coinbase Pro
1997,01-14-2021_07-27-46,LINK/USD,25.0,16.01168459,15.99,0.033857446226401924,-0.09364255377359808,0.1275,False,Bittrex,Kraken
1998,01-14-2021_07-27-57,LINK/USD,25.0,16.01168459,15.94972,0.0967490173374729,-0.08575098266252709,0.1825,False,Bittrex,Coinbase Pro
1999,01-14-2021_07-28-07,LINK/USD,25.0,16.01168453,15.97171,0.06241462277923153,-0.12008537722076847,0.1825,False,Bittrex,Coinbase Pro
2000,01-14-2021_07-28-28,LINK/USD,25.0,16.01168458,15.97452,0.058027279725492605,-0.1244727202745074,0.1825,False,Bittrex,Coinbase Pro
2001,01-14-2021_07-28-39,LINK/USD,25.0,16.01168459,15.99,0.033857446226401924,-0.09364255377359808,0.1275,False,Bittrex,Kraken
2002,01-14-2021_07-28-48,LINK/USD,25.0,16.01781,16.0049,0.020149446147759167,-0.09985055385224083,0.12,False,Coinbase Pro,Binance US
2003,01-14-2021_07-28-59,LINK/USD,25.0,16.0294,16.0116846,0.027629543214343893,-0.0598704567856561,0.0875,False,Binance US,Bittrex
2004,01-14-2021_07-29-10,LINK/USD,25.0,16.01168458,15.9894,0.03479424649021047,-0.09270575350978953,0.1275,False,Bittrex,Kraken
2005,01-14-2021_07-29-21,LINK/USD,25.0,16.01168458,15.9831,0.04463081298095433,-0.13786918701904566,0.1825,False,Bittrex,Coinbase Pro
2006,01-14-2021_07-29-32,LINK/USD,25.0,16.01168458,15.97924,0.05065766165623521,-0.1318423383437648,0.1825,False,Bittrex,Coinbase Pro
2007,01-14-2021_07-29-43,LINK/USD,25.0,16.01168459,15.99922,0.019461709244177373,-0.16303829075582263,0.1825,False,Bittrex,Coinbase Pro
2008,01-14-2021_07-29-54,LINK/USD,25.0,16.01168459,15.99274,0.029579320485481213,-0.1529206795145188,0.1825,False,Bittrex,Coinbase Pro
2009,01-14-2021_07-30-05,LINK/USD,25.0,16.01168455,15.96137,0.07855911388161488,-0.10394088611838512,0.1825,False,Bittrex,Coinbase Pro
2010,01-14-2021_07-30-16,LINK/USD,25.0,16.01168443,15.9231,0.13831216569885765,-0.04418783430114234,0.1825,False,Bittrex,Coinbase Pro
2011,01-14-2021_07-30-25,LINK/USD,25.0,15.99999999,15.89425,0.1652343594782709,-0.017265640521729103,0.1825,False,Bittrex,Coinbase Pro
2012,01-14-2021_07-30-36,LINK/USD,25.0,15.9999999,15.90316,0.1513123446957035,-0.031187655304296485,0.1825,False,Bittrex,Coinbase Pro
2013,01-14-2021_07-30-47,LINK/USD,25.0,15.99999985,15.9217,0.12234351677197125,0.05984351677197125,0.0625,True,Bittrex,Binance US
2014,01-14-2021_07-30-58,LINK/USD,25.0,15.99999983,15.93519,0.10126536045094403,-0.02623463954905597,0.1275,False,Bittrex,Kraken
2015,01-14-2021_07-31-07,LINK/USD,25.0,15.99999977,15.90564,0.14743714274440972,-0.035062857255590274,0.1825,False,Bittrex,Coinbase Pro
2016,01-14-2021_07-31-17,LINK/USD,25.0,15.99999973,15.92713,0.11385895504637102,-0.013641044953628986,0.1275,False,Bittrex,Kraken
2017,01-14-2021_07-31-27,LINK/USD,25.0,15.99999964,15.92118,0.1231556902710042,-0.05934430972899579,0.1825,False,Bittrex,Coinbase Pro
2018,01-14-2021_07-31-37,LINK/USD,25.0,15.99999955,15.91977,0.12535867540071324,-0.05714132459928675,0.1825,False,Bittrex,Coinbase Pro
2019,01-14-2021_07-31-48,LINK/USD,25.0,15.99999947,15.91691,0.12982730117553073,-0.05267269882446926,0.1825,False,Bittrex,Coinbase Pro
2020,01-14-2021_07-31-58,LINK/USD,25.0,15.99999942,15.92301,0.12029597311072951,-0.062204026889270486,0.1825,False,Bittrex,Coinbase Pro
2021,01-14-2021_07-32-08,LINK/USD,25.0,15.99999942,15.90609,0.14673347406908727,-0.03576652593091273,0.1825,False,Bittrex,Coinbase Pro
2022,01-14-2021_07-32-18,LINK/USD,25.0,15.99999926,15.8893,0.17296760174974962,0.04546760174974962,0.1275,True,Bittrex,Kraken
2023,01-14-2021_07-32-29,LINK/USD,25.0,15.99999916,15.89137,0.16973307141098556,-0.012766928589014431,0.1825,False,Bittrex,Coinbase Pro
2024,01-14-2021_07-32-41,LINK/USD,25.0,15.99999893,15.90662,0.14590458788236943,0.018404587882369428,0.1275,True,Bittrex,Kraken
2025,01-14-2021_07-32-52,LINK/USD,25.0,15.99999874,15.90645,0.14616991776088262,-0.03633008223911738,0.1825,False,Bittrex,Coinbase Pro
2026,01-14-2021_07-33-02,LINK/USD,25.0,15.99999867,15.90607,0.14676355907472144,-0.035736440925278556,0.1825,False,Bittrex,Coinbase Pro
2027,01-14-2021_07-33-12,LINK/USD,25.0,15.99999867,15.89905,0.15773230998649718,-0.02476769001350282,0.1825,False,Bittrex,Coinbase Pro
2028,01-14-2021_07-33-24,LINK/USD,25.0,15.99999857,15.89583,0.16276340517198024,-0.01973659482801976,0.1825,False,Bittrex,Coinbase Pro
2029,01-14-2021_07-33-36,LINK/USD,25.0,15.99999851,15.91227,0.13707580964018448,-0.045424190359815514,0.1825,False,Bittrex,Coinbase Pro
2030,01-14-2021_07-33-47,LINK/USD,25.0,15.99999834,15.90334,0.15102867191922378,-0.03147132808077621,0.1825,False,Bittrex,Coinbase Pro
2031,01-14-2021_07-33-58,LINK/USD,25.0,15.9999982,15.89814,0.1591534554047646,0.03165345540476461,0.1275,True,Bittrex,Kraken
2032,01-14-2021_07-34-08,LINK/USD,25.0,15.99999809,15.90766,0.14427828284822025,-0.038221717151779744,0.1825,False,Bittrex,Coinbase Pro
2033,01-14-2021_07-34-19,LINK/USD,25.0,15.99999792,15.90093,0.15479364512317312,-0.027706354876826877,0.1825,False,Bittrex,Coinbase Pro
2034,01-14-2021_07-34-28,LINK/USD,25.0,15.999998,15.90822,0.14340314292539239,0.015903142925392383,0.1275,True,Bittrex,Kraken
2035,01-14-2021_07-34-39,LINK/USD,25.0,15.99999768,15.89527,0.16363702372736827,-0.018862976272631726,0.1825,False,Bittrex,Coinbase Pro
2036,01-14-2021_07-34-50,LINK/USD,25.0,15.99999755,15.88784,0.17524619870957286,0.04774619870957286,0.1275,True,Bittrex,Kraken
2037,01-14-2021_07-35-00,LINK/USD,25.0,15.99999751,15.90586,0.14708988226586212,-0.03541011773413788,0.1825,False,Bittrex,Coinbase Pro
2038,01-14-2021_07-35-11,LINK/USD,25.0,15.91238549,15.89606,0.02564902982374868,-0.15685097017625133,0.1825,False,Bittrex,Coinbase Pro
2039,01-14-2021_07-35-22,LINK/USD,25.0,15.99999731,15.88213,0.18416770283819411,0.0016677028381941184,0.1825,False,Bittrex,Coinbase Pro
2040,01-14-2021_07-35-33,LINK/USD,25.0,15.91944918,15.89965,0.031092752921495034,-0.15140724707850495,0.1825,False,Bittrex,Coinbase Pro
2041,01-14-2021_07-35-43,LINK/USD,25.0,15.91944918,15.90044,0.02985213210750232,-0.15264786789249768,0.1825,False,Bittrex,Coinbase Pro
2042,01-14-2021_07-35-53,LINK/USD,25.0,15.91944918,15.90311,0.025659147837426947,-0.10184085216257305,0.1275,False,Bittrex,Kraken
2043,01-14-2021_07-36-03,LINK/USD,25.0,15.99999722,15.91434,0.13383942950460068,-0.04866057049539932,0.1825,False,Bittrex,Coinbase Pro
2044,01-14-2021_07-36-12,LINK/USD,25.0,15.99999711,15.91993,0.12510488197206912,-0.0023951180279308815,0.1275,False,Bittrex,Kraken
2045,01-14-2021_07-36-22,LINK/USD,25.0,15.99999709,15.93439,0.10251109676920621,-0.07998890323079379,0.1825,False,Bittrex,Coinbase Pro
2046,01-14-2021_07-36-33,LINK/USD,25.0,15.99999708,15.93963,0.09432357971405438,-0.033176420285945626,0.1275,False,Bittrex,Kraken
2047,01-14-2021_07-36-42,LINK/USD,25.0,15.99999704,15.93634,0.09946414340086765,-0.08303585659913235,0.1825,False,Bittrex,Coinbase Pro
2048,01-14-2021_07-36-52,LINK/USD,25.0,15.99999696,15.93222,0.10590152012129124,-0.021598479878708762,0.1275,False,Bittrex,Kraken
2049,01-14-2021_07-37-03,LINK/USD,25.0,15.99999691,15.92472,0.11762019459039925,-0.009879805409600748,0.1275,False,Bittrex,Kraken
2050,01-14-2021_07-37-12,LINK/USD,25.0,15.99999683,15.92916,0.11068256880398561,-0.07181743119601439,0.1825,False,Bittrex,Coinbase Pro
2051,01-14-2021_07-37-22,LINK/USD,25.0,15.9999967,15.91158,0.13815112224366863,-0.04434887775633137,0.1825,False,Bittrex,Coinbase Pro
2052,01-14-2021_07-37-32,LINK/USD,25.0,15.99999653,15.91306,0.1358383575849452,-0.0466616424150548,0.1825,False,Bittrex,Coinbase Pro
2053,01-14-2021_07-37-43,LINK/USD,25.0,15.93572875,15.91396,0.03415085425572622,-0.14834914574427377,0.1825,False,Bittrex,Coinbase Pro
2054,01-14-2021_07-37-54,LINK/USD,25.0,15.93572875,15.9163,0.03047985803598912,-0.15202014196401087,0.1825,False,Bittrex,Coinbase Pro
2055,01-14-2021_07-38-03,LINK/USD,25.0,15.93572875,15.91996,0.02473804343588808,-0.1577619565641119,0.1825,False,Bittrex,Coinbase Pro
2056,01-14-2021_07-38-14,LINK/USD,25.0,15.93572875,15.91371,0.034543054706551876,-0.1479569452934481,0.1825,False,Bittrex,Coinbase Pro
2057,01-14-2021_07-38-23,LINK/USD,25.0,15.93572875,15.90424,0.049399607783862994,-0.133100392216137,0.1825,False,Bittrex,Coinbase Pro
2058,01-14-2021_07-38-33,LINK/USD,25.0,15.93572873,15.8984,0.058561379012628784,-0.12393862098737121,0.1825,False,Bittrex,Coinbase Pro
2059,01-14-2021_07-38-43,LINK/USD,25.0,15.93572873,15.90245,0.05220773170126506,-0.13029226829873494,0.1825,False,Bittrex,Coinbase Pro
2060,01-14-2021_07-38-53,LINK/USD,25.0,15.99998595,15.89915,0.15755631022913286,-0.02494368977086714,0.1825,False,Bittrex,Coinbase Pro
2061,01-14-2021_07-39-04,LINK/USD,25.0,15.99998577,15.90983,0.14086851590993768,-0.041631484090062315,0.1825,False,Bittrex,Coinbase Pro
2062,01-14-2021_07-39-13,LINK/USD,25.0,15.9999784,15.91364,0.13490393212030946,0.007403932120309459,0.1275,False,Bittrex,Kraken
2063,01-14-2021_07-39-24,LINK/USD,25.0,15.99997824,15.90705,0.14520057247277993,-0.03729942752722007,0.1825,False,Bittrex,Coinbase Pro
2064,01-14-2021_07-39-34,LINK/USD,25.0,15.99997107,15.90638,0.14623631128853104,-0.036263688711468955,0.1825,False,Bittrex,Coinbase Pro
2065,01-14-2021_07-39-44,LINK/USD,25.0,15.99996789,15.87308,0.19826272601350947,0.015762726013509476,0.1825,True,Bittrex,Coinbase Pro
2066,01-14-2021_07-39-56,LINK/USD,25.0,15.99996549,15.87841,0.1899308627821276,0.06243086278212759,0.1275,True,Bittrex,Kraken
2067,01-14-2021_07-40-08,LINK/USD,25.0,15.99996529,15.89362,0.16616487609892833,0.038664876098928325,0.1275,True,Bittrex,Kraken
2068,01-14-2021_07-40-19,LINK/USD,25.0,15.99995919,15.90129,0.15417100260741468,0.026671002607414673,0.1275,True,Bittrex,Kraken
2069,01-14-2021_07-40-30,LINK/USD,25.0,15.99995532,15.89919,0.1574462521686575,-0.025053747831342482,0.1825,False,Bittrex,Coinbase Pro
2070,01-14-2021_07-40-40,LINK/USD,25.0,15.99994737,15.89752,0.16004329206740248,-0.02245670793259752,0.1825,False,Bittrex,Coinbase Pro
2071,01-14-2021_07-40-53,LINK/USD,25.0,15.99994725,15.91179,0.13774615725686232,0.010246157256862315,0.1275,True,Bittrex,Kraken
2072,01-14-2021_07-41-04,LINK/USD,25.0,15.99994227,15.91179,0.13773841885243274,0.010238418852432735,0.1275,True,Bittrex,Kraken
2073,01-14-2021_07-41-15,LINK/USD,25.0,15.99994219,15.90061,0.1552071076576811,-0.02729289234231891,0.1825,False,Bittrex,Coinbase Pro
2074,01-14-2021_07-41-25,LINK/USD,25.0,15.99993912,15.91179,0.1377335240760601,0.010233524076060097,0.1275,True,Bittrex,Kraken
2075,01-14-2021_07-41-36,LINK/USD,25.0,15.99993322,15.91179,0.13772435607703268,0.010224356077032676,0.1275,True,Bittrex,Kraken
2076,01-14-2021_07-41-47,LINK/USD,25.0,15.99992571,15.90919,0.14177520515499756,0.014275205154997556,0.1275,True,Bittrex,Kraken
2077,01-14-2021_07-41-58,LINK/USD,25.0,15.99992556,15.91179,0.13771245320718786,0.01021245320718786,0.1275,True,Bittrex,Kraken
2078,01-14-2021_07-42-08,LINK/USD,25.0,15.92863283,15.89078,0.05941004228672443,-0.12308995771327556,0.1825,False,Bittrex,Coinbase Pro
2079,01-14-2021_07-42-18,LINK/USD,25.0,15.99991374,15.90433,0.14935039893533883,-0.033149601064661166,0.1825,False,Bittrex,Coinbase Pro
2080,01-14-2021_07-42-27,LINK/USD,25.0,15.92343913,15.90318,0.03180708927669864,-0.15069291072330135,0.1825,False,Bittrex,Coinbase Pro
2081,01-14-2021_07-42-37,LINK/USD,25.0,15.92343912,15.90177,0.034020791357788266,-0.14847920864221173,0.1825,False,Bittrex,Coinbase Pro
2082,01-14-2021_07-42-48,LINK/USD,25.0,15.92343913,15.90314,0.03186988978052463,-0.15063011021947537,0.1825,False,Bittrex,Coinbase Pro
2083,01-14-2021_07-42-58,LINK/USD,25.0,15.99990808,15.91322,0.13545090316543876,0.007950903165438755,0.1275,False,Bittrex,Kraken
2084,01-14-2021_07-43-09,LINK/USD,25.0,15.93832802,15.92014,0.02852874526295543,-0.09897125473704457,0.1275,False,Bittrex,Kraken
2085,01-14-2021_07-43-20,LINK/USD,25.0,15.99990103,15.93554,0.1005647314307178,-0.026935268569282203,0.1275,False,Bittrex,Kraken
2086,01-14-2021_07-43-31,LINK/USD,25.0,15.98598023,15.95797,0.04380436732217762,-0.13869563267782237,0.1825,False,Bittrex,Coinbase Pro
2087,01-14-2021_07-43-42,LINK/USD,25.0,15.98598023,15.95394,0.05010676470728968,-0.1323932352927103,0.1825,False,Bittrex,Coinbase Pro
2088,01-14-2021_07-43-53,LINK/USD,25.0,15.98085177,15.9659,0.023390133103023736,-0.039109866896976264,0.0625,False,Bittrex,Binance US
2089,01-14-2021_07-44-03,LINK/USD,25.0,15.98085176,15.96438,0.025767963196474748,-0.10173203680352526,0.1275,False,Bittrex,Kraken
2090,01-14-2021_07-44-14,LINK/USD,25.0,15.99999998,15.95083,0.07682809384603555,-0.10567190615396445,0.1825,False,Bittrex,Coinbase Pro
2091,01-14-2021_07-44-24,LINK/USD,25.0,15.99999981,15.93094,0.10790595440638416,-0.07459404559361583,0.1825,False,Bittrex,Coinbase Pro
2092,01-14-2021_07-44-34,LINK/USD,25.0,15.9999996,15.94719,0.08251500206287472,-0.04498499793712528,0.1275,False,Bittrex,Kraken
2093,01-14-2021_07-44-44,LINK/USD,25.0,15.99999958,15.97061,0.04592121995543224,-0.08157878004456776,0.1275,False,Bittrex,Kraken
2094,01-14-2021_07-44-55,LINK/USD,25.0,15.99999955,15.97061,0.04592117316653211,-0.0815788268334679,0.1275,False,Bittrex,Kraken
2095,01-14-2021_07-45-05,LINK/USD,25.0,15.99999955,15.95575,0.06913992381956031,-0.11336007618043968,0.1825,False,Bittrex,Coinbase Pro
2096,01-14-2021_07-45-16,LINK/USD,25.0,15.97444466,15.95134,0.03615878437679529,-0.1463412156232047,0.1825,False,Bittrex,Coinbase Pro
2097,01-14-2021_07-45-27,LINK/USD,25.0,15.97444463,15.96138,0.020446141168916142,-0.16205385883108386,0.1825,False,Bittrex,Coinbase Pro
2098,01-14-2021_07-45-38,LINK/USD,25.0,15.99999988,15.96617,0.05285918789644509,-0.07464081210355492,0.1275,False,Bittrex,Kraken
2099,01-14-2021_07-45-50,LINK/USD,25.0,15.98700202,15.96607,0.03273287257644328,-0.09476712742355672,0.1275,False,Bittrex,Kraken
2100,01-14-2021_07-46-00,LINK/USD,25.0,15.99999996,15.96617,0.0528593126321487,-0.0746406873678513,0.1275,False,Bittrex,Kraken
2101,01-14-2021_07-46-11,LINK/USD,25.0,15.9930257,15.96553,0.042980766297400996,-0.084519233702599,0.1275,False,Bittrex,Kraken
2102,01-14-2021_07-46-21,LINK/USD,25.0,15.99999995,15.96362,0.056843672052634645,-0.07065632794736536,0.1275,False,Bittrex,Kraken
2103,01-14-2021_07-46-32,LINK/USD,25.0,15.99999994,15.9555,0.06953115651074133,0.007031156510741335,0.0625,False,Bittrex,Binance US
2104,01-14-2021_07-46-44,LINK/USD,25.0,15.99999985,15.94441,0.08685914143930522,-0.09564085856069478,0.1825,False,Bittrex,Coinbase Pro
2105,01-14-2021_07-46-56,LINK/USD,25.0,15.99999984,15.93457,0.10223412602233878,-0.025265873977661224,0.1275,False,Bittrex,Kraken
2106,01-14-2021_07-47-07,LINK/USD,25.0,15.99999986,15.92226,0.12146853231285154,-0.061031467687148455,0.1825,False,Bittrex,Coinbase Pro
2107,01-14-2021_07-47-18,LINK/USD,25.0,15.99999981,15.92565,0.11617157950453919,-0.06632842049546081,0.1825,False,Bittrex,Coinbase Pro
2108,01-14-2021_07-47-29,LINK/USD,25.0,15.99999776,15.91373,0.13479339387107536,-0.047706606128924633,0.1825,False,Bittrex,Coinbase Pro
2109,01-14-2021_07-47-41,LINK/USD,25.0,15.99999211,15.92229,0.12140960674511325,-0.06109039325488674,0.1825,False,Bittrex,Coinbase Pro
2110,01-14-2021_07-47-53,LINK/USD,25.0,15.9999921,15.9434,0.08842519990994181,0.025925199909941812,0.0625,True,Bittrex,Binance US
2111,01-14-2021_07-48-05,LINK/USD,25.0,15.99999993,15.93813,0.09667176604793944,-0.08582823395206056,0.1825,False,Bittrex,Coinbase Pro
2112,01-14-2021_07-48-17,LINK/USD,25.0,16.0,15.92019,0.12470312500000025,-0.05779687499999975,0.1825,False,Bittrex,Coinbase Pro
2113,01-14-2021_07-48-29,LINK/USD,25.0,15.99999865,15.91872,0.12699790134044758,-0.05550209865955241,0.1825,False,Bittrex,Coinbase Pro
2114,01-14-2021_07-48-41,LINK/USD,25.0,15.99999314,15.91127,0.13862996568759905,0.011129965687599053,0.1275,True,Bittrex,Kraken
2115,01-14-2021_07-48-53,LINK/USD,25.0,15.99999302,15.91546,0.13208290137116618,-0.05041709862883381,0.1825,False,Bittrex,Coinbase Pro
2116,01-14-2021_07-49-14,LINK/USD,25.0,15.99999286,15.90358,0.15064516097540454,-0.03185483902459546,0.1825,False,Bittrex,Coinbase Pro
2117,01-14-2021_07-49-37,LINK/USD,25.0,15.99999256,15.86334,0.21351972428667165,0.031019724286671657,0.1825,True,Bittrex,Coinbase Pro
2118,01-14-2021_07-49-50,LINK/USD,25.0,15.9969998,15.8879,0.1705004084578397,0.1080004084578397,0.0625,True,Bittrex,Binance US
2119,01-14-2021_07-50-02,LINK/USD,25.0,15.99699376,15.88596,0.17352285320888905,-0.008977146791110946,0.1825,False,Bittrex,Coinbase Pro
2120,01-14-2021_07-50-12,LINK/USD,25.0,15.99699346,15.87123,0.19654233827510725,0.014042338275107258,0.1825,True,Bittrex,Coinbase Pro
2121,01-14-2021_07-50-36,LINK/USD,25.0,15.99399376,15.88301,0.17347724662360983,-0.009022753376390164,0.1825,False,Bittrex,Coinbase Pro
2122,01-14-2021_07-50-47,LINK/USD,25.0,15.9939902,15.87367,0.18807095430132267,0.005570954301322678,0.1825,False,Bittrex,Coinbase Pro
2123,01-14-2021_07-51-10,LINK/USD,25.0,15.99099496,15.86121,0.20290319696279904,0.020403196962799047,0.1825,True,Bittrex,Coinbase Pro
2124,01-14-2021_07-51-33,LINK/USD,25.0,15.99098646,15.85529,0.21214522996975904,0.029645229969759046,0.1825,True,Bittrex,Coinbase Pro
2125,01-14-2021_07-51-45,LINK/USD,25.0,15.99097914,15.8532,0.2154013503390778,0.03290135033907782,0.1825,True,Bittrex,Coinbase Pro
2126,01-14-2021_07-51-57,LINK/USD,25.0,15.99097891,15.83391,0.24555862227699188,0.06305862227699188,0.1825,True,Bittrex,Coinbase Pro
2127,01-14-2021_07-52-20,LINK/USD,25.0,15.99096851,15.80985,0.2831575052610732,0.1556575052610732,0.1275,True,Bittrex,Kraken
2128,01-14-2021_07-52-32,LINK/USD,25.0,15.99095548,15.8175,0.27117747938348874,0.20867747938348874,0.0625,True,Bittrex,Binance US
2129,01-14-2021_07-52-46,LINK/USD,25.0,15.98799982,15.831,0.24549634376966284,0.18299634376966284,0.0625,True,Bittrex,Binance US
2130,01-14-2021_07-53-10,LINK/USD,25.0,15.98798021,15.80518,0.285840061719716,0.10334006171971599,0.1825,True,Bittrex,Coinbase Pro
2131,01-14-2021_07-53-22,LINK/USD,25.0,15.98798011,15.8127,0.2740810733970837,0.2115810733970837,0.0625,True,Bittrex,Binance US
2132,01-14-2021_07-53-44,LINK/USD,25.0,15.98797975,15.84875,0.2177100424461045,0.03521004244610451,0.1825,True,Bittrex,Coinbase Pro
2133,01-14-2021_07-53-55,LINK/USD,25.0,15.98797581,15.84431,0.22464665275222212,0.042146652752222125,0.1825,True,Bittrex,Coinbase Pro
2134,01-14-2021_07-54-19,LINK/USD,25.0,15.98796108,15.83482,0.2394631173320308,0.0569631173320308,0.1825,True,Bittrex,Coinbase Pro
2135,01-14-2021_07-54-31,LINK/USD,25.0,15.98796099,15.8498,0.21603910293253625,0.15353910293253625,0.0625,True,Bittrex,Binance US
2136,01-14-2021_07-54-43,LINK/USD,25.0,15.98795598,15.8498,0.21603133660867213,0.15353133660867213,0.0625,True,Bittrex,Binance US
2137,01-14-2021_07-55-06,LINK/USD,25.0,15.98795181,15.83245,0.24315467648385494,0.06065467648385495,0.1825,True,Bittrex,Coinbase Pro
2138,01-14-2021_07-55-17,LINK/USD,25.0,15.98794742,15.83158,0.24450827847418374,0.06200827847418375,0.1825,True,Bittrex,Coinbase Pro
2139,01-14-2021_07-55-29,LINK/USD,25.0,15.98499977,15.83746,0.23074721946023502,0.048247219460235025,0.1825,True,Bittrex,Coinbase Pro
2140,01-14-2021_07-55-51,LINK/USD,25.0,15.98498642,15.8498,0.21142717367413338,0.14892717367413338,0.0625,True,Bittrex,Binance US
2141,01-14-2021_07-56-03,LINK/USD,25.0,15.98498619,15.85468,0.20379465526457338,0.021294655264573387,0.1825,True,Bittrex,Coinbase Pro
2142,01-14-2021_07-56-17,LINK/USD,25.0,15.98498118,15.84612,0.21717445024855397,0.03467445024855398,0.1825,True,Bittrex,Coinbase Pro
2143,01-14-2021_07-56-29,LINK/USD,25.0,15.98497561,15.84811,0.21405351709510553,0.03155351709510554,0.1825,True,Bittrex,Coinbase Pro
2144,01-14-2021_07-56-40,LINK/USD,25.0,15.98497345,15.85491,0.20341517989821833,0.07591517989821833,0.1275,True,Bittrex,Kraken
2145,01-14-2021_07-56-50,LINK/USD,25.0,15.98497335,15.85491,0.20341502477387668,0.07591502477387668,0.1275,True,Bittrex,Kraken
2146,01-14-2021_07-57-02,LINK/USD,25.0,15.98496773,15.85206,0.207863619503221,0.025363619503220997,0.1825,True,Bittrex,Coinbase Pro
2147,01-14-2021_07-57-25,LINK/USD,25.0,15.98496163,15.84319,0.22172657226453554,0.03922657226453555,0.1825,True,Bittrex,Coinbase Pro
2148,01-14-2021_07-57-36,LINK/USD,25.0,15.98495611,15.84398,0.22048247901007284,0.037982479010072845,0.1825,True,Bittrex,Coinbase Pro
2149,01-14-2021_07-57-48,LINK/USD,25.0,15.98495387,15.8386,0.2288931691486959,0.0463931691486959,0.1825,True,Bittrex,Coinbase Pro
2150,01-14-2021_07-57-59,LINK/USD,25.0,15.98199858,15.82205,0.25020115475445126,0.06770115475445126,0.1825,True,Bittrex,Coinbase Pro
2151,01-14-2021_07-58-11,LINK/USD,25.0,15.9789999,15.8069,0.2692594985246843,0.08675949852468429,0.1825,True,Bittrex,Coinbase Pro
2152,01-14-2021_07-58-23,LINK/USD,25.0,15.97899338,15.81397,0.25818800983820317,0.07568800983820317,0.1825,True,Bittrex,Coinbase Pro
2153,01-14-2021_07-58-34,LINK/USD,25.0,15.97898951,15.81732,0.252940759956728,0.125440759956728,0.1275,True,Bittrex,Kraken
2154,01-14-2021_07-58-45,LINK/USD,25.0,15.9789829,15.82819,0.23592380839208604,0.05342380839208605,0.1825,True,Bittrex,Coinbase Pro
2155,01-14-2021_07-58-56,LINK/USD,25.0,15.97898282,15.82626,0.23894327586491676,0.056443275864916764,0.1825,True,Bittrex,Coinbase Pro
2156,01-14-2021_07-59-07,LINK/USD,25.0,15.97898045,15.80171,0.27734943814891516,0.09484943814891517,0.1825,True,Bittrex,Coinbase Pro
2157,01-14-2021_07-59-17,LINK/USD,25.0,15.97897428,15.81559,0.255623854724671,0.12812385472467097,0.1275,True,Bittrex,Kraken
2158,01-14-2021_07-59-28,LINK/USD,25.0,15.97897404,15.81214,0.2610212013336515,0.07852120133365148,0.1825,True,Bittrex,Coinbase Pro
2159,01-14-2021_07-59-40,LINK/USD,25.0,15.97896797,15.81646,0.25425291906383374,0.07175291906383374,0.1825,True,Bittrex,Coinbase Pro
2160,01-14-2021_07-59-52,LINK/USD,25.0,15.97896215,15.82922,0.23428015629913707,0.05178015629913707,0.1825,True,Bittrex,Coinbase Pro
2161,01-14-2021_08-00-03,LINK/USD,25.0,15.97896197,15.82432,0.24194620759836521,0.05944620759836522,0.1825,True,Bittrex,Coinbase Pro
2162,01-14-2021_08-00-14,LINK/USD,25.0,15.97895729,15.8261,0.2391540436991806,0.05665404369918062,0.1825,True,Bittrex,Coinbase Pro
2163,01-14-2021_08-00-24,LINK/USD,25.0,15.97894965,15.83319,0.22804948571823125,0.10054948571823125,0.1275,True,Bittrex,Kraken
2164,01-14-2021_08-00-36,LINK/USD,25.0,15.97894199,15.83147,0.2307286522666694,0.04822865226666939,0.1825,True,Bittrex,Coinbase Pro
2165,01-14-2021_08-00-48,LINK/USD,25.0,15.9789419,15.83372,0.2272082546341836,0.09970825463418359,0.1275,True,Bittrex,Kraken
2166,01-14-2021_08-00-59,LINK/USD,25.0,15.97893883,15.866,0.17669951553347446,0.04919951553347446,0.1275,True,Bittrex,Kraken
2167,01-14-2021_08-01-11,LINK/USD,25.0,15.97893104,15.87237,0.1667211650974131,0.03922116509741311,0.1275,True,Bittrex,Kraken
2168,01-14-2021_08-01-21,LINK/USD,25.0,15.97892921,15.88269,0.15057205763789763,0.02307205763789763,0.1275,True,Bittrex,Kraken
2169,01-14-2021_08-01-32,LINK/USD,25.0,15.97892914,15.89367,0.1333930754260792,0.005893075426079197,0.1275,False,Bittrex,Kraken
2170,01-14-2021_08-01-54,LINK/USD,25.0,15.97891588,15.90063,0.12248309051114585,-0.0050169094888541516,0.1275,False,Bittrex,Kraken
2171,01-14-2021_08-02-05,LINK/USD,25.0,15.97891583,15.88672,0.14424606616129795,-0.03825393383870204,0.1825,False,Bittrex,Coinbase Pro
2172,01-14-2021_08-02-16,LINK/USD,25.0,15.97891072,15.87241,0.1666270027197443,-0.015872997280255707,0.1825,False,Bittrex,Coinbase Pro
2173,01-14-2021_08-02-28,LINK/USD,25.0,15.97890551,15.89954,0.12417231885865344,-0.0033276811413465585,0.1275,False,Bittrex,Kraken
2174,01-14-2021_08-02-39,LINK/USD,25.0,15.97889844,15.89874,0.12541296307281607,-0.0020870369271839273,0.1275,False,Bittrex,Kraken
2175,01-14-2021_08-02-49,LINK/USD,25.0,15.97889844,15.90063,0.12245593820796642,-0.00504406179203358,0.1275,False,Bittrex,Kraken
2176,01-14-2021_08-03-01,LINK/USD,25.0,15.97889683,15.92103,0.09053633460377007,-0.03696366539622993,0.1275,False,Bittrex,Kraken
2177,01-14-2021_08-03-12,LINK/USD,25.0,15.97888888,15.90969,0.10826610116585289,-0.0742338988341471,0.1825,False,Bittrex,Coinbase Pro
2178,01-14-2021_08-03-23,LINK/USD,25.0,15.97888883,15.89573,0.13010734176313865,-0.052392658236861345,0.1825,False,Bittrex,Coinbase Pro
2179,01-14-2021_08-03-35,LINK/USD,25.0,15.97888554,15.89606,0.12958591478839765,-0.052914085211602346,0.1825,False,Bittrex,Coinbase Pro
2180,01-14-2021_08-03-45,LINK/USD,25.0,15.9788807,15.90537,0.11501227992771723,-0.01248772007228277,0.1275,False,Bittrex,Kraken
2181,01-14-2021_08-03-57,LINK/USD,25.0,15.97887736,15.90454,0.11630566767176105,-0.011194332328238951,0.1275,False,Bittrex,Kraken
2182,01-14-2021_08-04-09,LINK/USD,25.0,15.97887726,15.9065,0.11323896357409256,0.05073896357409256,0.0625,True,Bittrex,Binance US
2183,01-14-2021_08-04-20,LINK/USD,25.0,15.97887023,15.91336,0.10249509048049767,-0.08000490951950233,0.1825,False,Bittrex,Coinbase Pro
2184,01-14-2021_08-04-31,LINK/USD,25.0,15.97887021,15.89857,0.12563499318892202,-0.05686500681107798,0.1825,False,Bittrex,Coinbase Pro
2185,01-14-2021_08-04-42,LINK/USD,25.0,15.97886255,15.8887,0.14106534447910452,-0.04143465552089548,0.1825,False,Bittrex,Coinbase Pro
2186,01-14-2021_08-04-53,LINK/USD,25.0,15.97886003,15.89181,0.13619562008266795,-0.04630437991733205,0.1825,False,Bittrex,Coinbase Pro
2187,01-14-2021_08-05-03,LINK/USD,25.0,15.97885262,15.86663,0.17557990969191214,-0.006920090308087851,0.1825,False,Bittrex,Coinbase Pro
2188,01-14-2021_08-05-13,LINK/USD,25.0,15.97885254,15.84821,0.20439912639684482,0.021899126396844826,0.1825,True,Bittrex,Coinbase Pro
2189,01-14-2021_08-05-24,LINK/USD,25.0,15.97884956,15.85798,0.189108670724604,0.006608670724603999,0.1825,False,Bittrex,Coinbase Pro
2190,01-14-2021_08-05-44,LINK/USD,25.0,15.97884268,15.85049,0.200816608828392,0.018316608828392006,0.1825,True,Bittrex,Coinbase Pro
2191,01-14-2021_08-05-56,LINK/USD,25.0,15.97599997,15.86595,0.1722113955412088,-0.010288604458791206,0.1825,False,Bittrex,Coinbase Pro
2192,01-14-2021_08-06-07,LINK/USD,25.0,15.94999487,15.86648,0.13090109225847063,-0.051598907741529365,0.1825,False,Bittrex,Coinbase Pro
2193,01-14-2021_08-06-19,LINK/USD,25.0,15.94999149,15.88556,0.10098985012060416,-0.026510149879395845,0.1275,False,Bittrex,Kraken
2194,01-14-2021_08-06-29,LINK/USD,25.0,15.94999151,15.9054,0.06989268610588756,-0.057607313894112444,0.1275,False,Bittrex,Kraken
2195,01-14-2021_08-06-51,LINK/USD,25.0,15.95242,15.94651,0.00926191762754504,-0.17573808237245495,0.185,False,Coinbase Pro,Kraken
2196,01-14-2021_08-07-02,LINK/USD,25.0,16.0045,15.95,0.08513230653878734,-0.0023676934612126554,0.0875,False,Binance US,Bittrex
2197,01-14-2021_08-07-13,LINK/USD,25.0,16.01168458,15.98234,0.04581744639888488,-0.13668255360111511,0.1825,False,Bittrex,Coinbase Pro
2198,01-14-2021_08-07-23,LINK/USD,25.0,16.0246,16.01168459,0.02014934850167549,-0.0673506514983245,0.0875,False,Binance US,Bittrex
2199,01-14-2021_08-07-35,LINK/USD,25.0,16.0342,16.01168459,0.035105290566409465,-0.05239470943359053,0.0875,False,Binance US,Bittrex
2200,01-14-2021_08-07-47,LINK/USD,25.0,16.0403,16.01168459,0.044599243779724976,-0.04290075622027502,0.0875,False,Binance US,Bittrex
2201,01-14-2021_08-07-57,LINK/USD,25.0,16.0403,16.01168459,0.044599243779724976,-0.04290075622027502,0.0875,False,Binance US,Bittrex
2202,01-14-2021_08-08-08,LINK/USD,25.0,16.0388,16.01168459,0.042265334688375754,-0.04523466531162424,0.0875,False,Binance US,Bittrex
2203,01-14-2021_08-08-17,LINK/USD,25.0,16.0322,16.01168459,0.031990946345476626,-0.05550905365452337,0.0875,False,Binance US,Bittrex
2204,01-14-2021_08-08-28,LINK/USD,25.0,16.0257,16.01168459,0.021863959140628726,-0.06563604085937128,0.0875,False,Binance US,Bittrex
2205,01-14-2021_08-08-39,LINK/USD,25.0,16.01168458,15.98788,0.037167513326071565,-0.14533248667392842,0.1825,False,Bittrex,Coinbase Pro
2206,01-14-2021_08-08-50,LINK/USD,25.0,16.01187,15.99756,0.02234279943566596,-0.16265720056433403,0.185,False,Coinbase Pro,Kraken
2207,01-14-2021_08-09-01,LINK/USD,25.0,16.0219,16.01168458,0.01593977618134862,-0.07156022381865138,0.0875,False,Binance US,Bittrex
2208,01-14-2021_08-09-23,LINK/USD,25.0,16.04726,16.03999876,0.011312273871056234,-0.17118772612894376,0.1825,False,Coinbase Pro,Bittrex
2209,01-14-2021_08-09-33,LINK/USD,25.0,16.0403,16.03548,0.007512328323034349,-0.13748767167696563,0.145,False,Binance US,Coinbase Pro
2210,01-14-2021_08-09-44,LINK/USD,25.0,16.03386868,16.01559,0.028500108683691763,-0.15399989131630823,0.1825,False,Bittrex,Coinbase Pro
2211,01-14-2021_08-09-56,LINK/USD,25.0,16.03386305,16.01284,0.032779140520350386,-0.1497208594796496,0.1825,False,Bittrex,Coinbase Pro
2212,01-14-2021_08-10-07,LINK/USD,25.0,16.03323407,16.01335,0.031004459102242452,-0.15149554089775755,0.1825,False,Bittrex,Coinbase Pro
2213,01-14-2021_08-10-18,LINK/USD,25.0,16.03323406,16.00692,0.04103049313308767,-0.14146950686691234,0.1825,False,Bittrex,Coinbase Pro
2214,01-14-2021_08-10-28,LINK/USD,25.0,16.0332266,16.00915,0.03754172600541495,-0.14495827399458505,0.1825,False,Bittrex,Coinbase Pro
2215,01-14-2021_08-10-38,LINK/USD,25.0,16.02292316,16.00358,0.03018044804753623,-0.15231955195246377,0.1825,False,Bittrex,Coinbase Pro
2216,01-14-2021_08-10-48,LINK/USD,25.0,16.00306161,15.97805,0.039073163950657255,-0.14342683604934275,0.1825,False,Bittrex,Coinbase Pro
2217,01-14-2021_08-10-59,LINK/USD,25.0,15.98266147,15.97026,0.019398318019934194,-0.1631016819800658,0.1825,False,Bittrex,Coinbase Pro
2218,01-14-2021_08-11-10,LINK/USD,25.0,15.98047228,15.94535,0.05494562267092347,-0.12755437732907654,0.1825,False,Bittrex,Coinbase Pro
2219,01-14-2021_08-11-31,LINK/USD,25.0,15.94151921,15.90167,0.06249280491253735,-0.12000719508746265,0.1825,False,Bittrex,Coinbase Pro
2220,01-14-2021_08-11-42,LINK/USD,25.0,15.92011381,15.91176,0.013118326444930273,-0.16938167355506972,0.1825,False,Bittrex,Coinbase Pro
2221,01-14-2021_08-12-05,LINK/USD,25.0,15.93789896,15.91149,0.0414247826301935,-0.1410752173698065,0.1825,False,Bittrex,Coinbase Pro
2222,01-14-2021_08-12-17,LINK/USD,25.0,15.93789555,15.91445,0.03677642058584066,-0.14572357941415934,0.1825,False,Bittrex,Coinbase Pro
2223,01-14-2021_08-12-39,LINK/USD,25.0,15.93788581,15.91579,0.03465925509727271,-0.14784074490272728,0.1825,False,Bittrex,Coinbase Pro
2224,01-14-2021_08-12-51,LINK/USD,25.0,15.93443472,15.91593,0.029032595641398803,-0.15346740435860118,0.1825,False,Bittrex,Coinbase Pro
2225,01-14-2021_08-13-15,LINK/USD,25.0,15.93376409,15.91843,0.02405911420770827,-0.15844088579229174,0.1825,False,Bittrex,Coinbase Pro
2226,01-14-2021_08-13-39,LINK/USD,25.0,15.92948731,15.90752,0.03447585847005023,-0.14802414152994975,0.1825,False,Bittrex,Coinbase Pro
2227,01-14-2021_08-13-50,LINK/USD,25.0,15.92948723,15.91257,0.026550179795082604,-0.15594982020491738,0.1825,False,Bittrex,Coinbase Pro
2228,01-14-2021_08-14-02,LINK/USD,25.0,15.9302,15.92035,0.01545806079019745,-0.12954193920980253,0.145,False,Binance US,Coinbase Pro
2229,01-14-2021_08-14-25,LINK/USD,25.0,15.9308,15.91608,0.023099907098200517,-0.12190009290179947,0.145,False,Binance US,Coinbase Pro
2230,01-14-2021_08-14-37,LINK/USD,25.0,15.93,15.9146,0.024168236032642242,-0.12083176396735774,0.145,False,Binance US,Coinbase Pro
2231,01-14-2021_08-14-59,LINK/USD,25.0,15.93,15.91334,0.026145637162586152,-0.11885436283741384,0.145,False,Binance US,Coinbase Pro
2232,01-14-2021_08-15-10,LINK/USD,25.0,15.98518546,15.9569,0.04423699066673371,-0.1382630093332663,0.1825,False,Bittrex,Coinbase Pro
2233,01-14-2021_08-15-33,LINK/USD,25.0,15.97036195,15.94238,0.0438029364763382,-0.1386970635236618,0.1825,False,Bittrex,Coinbase Pro
2234,01-14-2021_08-15-44,LINK/USD,25.0,15.95733051,15.94134,0.025051981579843768,-0.15744801842015624,0.1825,False,Bittrex,Coinbase Pro
2235,01-14-2021_08-15-55,LINK/USD,25.0,15.95548952,15.93847,0.02666718557689204,-0.15583281442310795,0.1825,False,Bittrex,Coinbase Pro
2236,01-14-2021_08-16-18,LINK/USD,25.0,15.96998201,15.93369,0.05681285360446122,-0.12568714639553877,0.1825,False,Bittrex,Coinbase Pro
2237,01-14-2021_08-16-31,LINK/USD,25.0,15.93974165,15.91696,0.035730895927037584,-0.1467691040729624,0.1825,False,Bittrex,Coinbase Pro
2238,01-14-2021_08-16-53,LINK/USD,25.0,15.92349536,15.89483,0.045004817334276144,-0.13749518266572386,0.1825,False,Bittrex,Coinbase Pro
2239,01-14-2021_08-17-05,LINK/USD,25.0,15.91055919,15.87041,0.06308576197817635,-0.11941423802182365,0.1825,False,Bittrex,Coinbase Pro
2240,01-14-2021_08-17-28,LINK/USD,25.0,15.90140658,15.87945,0.034519870757243803,-0.1479801292427562,0.1825,False,Bittrex,Coinbase Pro
2241,01-14-2021_08-17-40,LINK/USD,25.0,15.90001,15.87668,0.03668236686643535,-0.14831763313356466,0.185,False,Kraken,Coinbase Pro
2242,01-14-2021_08-18-03,LINK/USD,25.0,15.881,15.86837,0.01988224922863752,-0.12511775077136247,0.145,False,Binance US,Coinbase Pro
2243,01-14-2021_08-18-26,LINK/USD,25.0,15.8737345,15.84519,0.04495555220480547,-0.13754444779519454,0.1825,False,Bittrex,Coinbase Pro
2244,01-14-2021_08-18-38,LINK/USD,25.0,15.85273203,15.83479,0.028294854738676208,-0.15420514526132378,0.1825,False,Bittrex,Coinbase Pro
2245,01-14-2021_08-18-59,LINK/USD,25.0,15.89760861,15.85647,0.06469307901775179,-0.11780692098224821,0.1825,False,Bittrex,Coinbase Pro
2246,01-14-2021_08-19-13,LINK/USD,25.0,15.87422043,15.85261,0.03403384452057636,-0.14846615547942363,0.1825,False,Bittrex,Coinbase Pro
2247,01-14-2021_08-19-26,LINK/USD,25.0,15.86068818,15.84136,0.03046554440237484,-0.15203445559762516,0.1825,False,Bittrex,Coinbase Pro
2248,01-14-2021_08-19-48,LINK/USD,25.0,15.86068702,15.84919,0.018121882087299694,-0.1093781179127003,0.1275,False,Bittrex,Kraken
2249,01-14-2021_08-20-13,LINK/USD,25.0,15.86068691,15.83803,0.035712371930302876,-0.1467876280696971,0.1825,False,Bittrex,Coinbase Pro
2250,01-14-2021_08-20-25,LINK/USD,25.0,15.86068691,15.84096,0.03109403475388202,-0.151405965246118,0.1825,False,Bittrex,Coinbase Pro
2251,01-14-2021_08-20-47,LINK/USD,25.0,15.85781274,15.84127,0.026079794658995674,-0.15642020534100431,0.1825,False,Bittrex,Coinbase Pro
2252,01-14-2021_08-20-58,LINK/USD,25.0,15.8578127,15.84428,0.021334436621263553,-0.16116556337873644,0.1825,False,Bittrex,Coinbase Pro
2253,01-14-2021_08-21-20,LINK/USD,25.0,15.8578127,15.84248,0.024172154587246586,-0.1583278454127534,0.1825,False,Bittrex,Coinbase Pro
2254,01-14-2021_08-21-31,LINK/USD,25.0,15.8578127,15.84049,0.027309409449638913,-0.15519059055036108,0.1825,False,Bittrex,Coinbase Pro
2255,01-14-2021_08-21-42,LINK/USD,25.0,15.8578127,15.83136,0.04170294557710362,-0.14079705442289636,0.1825,False,Bittrex,Coinbase Pro
2256,01-14-2021_08-22-05,LINK/USD,25.0,15.8577287,15.84027,0.027523960603511314,-0.15497603939648869,0.1825,False,Bittrex,Coinbase Pro
2257,01-14-2021_08-22-16,LINK/USD,25.0,15.84649,15.81368,0.05176225145126707,-0.13323774854873294,0.185,False,Kraken,Coinbase Pro
2258,01-14-2021_08-22-37,LINK/USD,25.0,15.82301758,15.81123,0.018624102419786383,-0.16387589758021362,0.1825,False,Bittrex,Coinbase Pro
2259,01-14-2021_08-22-49,LINK/USD,25.0,15.83880712,15.82142,0.02744385967369559,-0.1550561403263044,0.1825,False,Bittrex,Coinbase Pro
2260,01-14-2021_08-23-01,LINK/USD,25.0,15.8541151,15.82975,0.03842078199621327,-0.14407921800378673,0.1825,False,Bittrex,Coinbase Pro
2261,01-14-2021_08-23-11,LINK/USD,25.0,15.86410304,15.8365,0.043499213177073344,-0.13900078682292666,0.1825,False,Bittrex,Coinbase Pro
2262,01-14-2021_08-23-33,LINK/USD,25.0,15.84413656,15.82482,0.030479035457139543,-0.15202096454286046,0.1825,False,Bittrex,Coinbase Pro
2263,01-14-2021_08-23-44,LINK/USD,25.0,15.8395,15.8186,0.03298715237223279,-0.1120128476277672,0.145,False,Binance US,Coinbase Pro
2264,01-14-2021_08-23-56,LINK/USD,25.0,15.83722601,15.82064,0.026181999911992538,-0.15631800008800745,0.1825,False,Bittrex,Coinbase Pro
2265,01-14-2021_08-24-07,LINK/USD,25.0,15.82336,15.80975,0.02150301832227779,-0.1634969816777222,0.185,False,Kraken,Coinbase Pro
2266,01-14-2021_08-24-18,LINK/USD,25.0,15.82283406,15.81073,0.019124355273685428,-0.16337564472631458,0.1825,False,Bittrex,Coinbase Pro
2267,01-14-2021_08-24-29,LINK/USD,25.0,15.82283395,15.81146,0.017970785189209755,-0.16452921481079025,0.1825,False,Bittrex,Coinbase Pro
2268,01-14-2021_08-24-41,LINK/USD,25.0,15.8453,15.82392,0.03373240014389223,-0.11126759985610776,0.145,False,Binance US,Coinbase Pro
2269,01-14-2021_08-24-52,LINK/USD,25.0,15.82898004,15.81228,0.02637573608311897,-0.15612426391688103,0.1825,False,Bittrex,Coinbase Pro
2270,01-14-2021_08-25-03,LINK/USD,25.0,15.82897755,15.78813,0.06451387948300984,-0.11798612051699016,0.1825,False,Bittrex,Coinbase Pro
2271,01-14-2021_08-25-24,LINK/USD,25.0,15.81089029,15.79424,0.0263272492797738,-0.15617275072022618,0.1825,False,Bittrex,Coinbase Pro
2272,01-14-2021_08-25-34,LINK/USD,25.0,15.80167,15.79495952,0.010616725953647387,-0.11688327404635261,0.1275,False,Kraken,Bittrex
2273,01-14-2021_08-25-46,LINK/USD,25.0,15.79495738,15.77902,0.025225424191680293,-0.15727457580831972,0.1825,False,Bittrex,Coinbase Pro
2274,01-14-2021_08-25-56,LINK/USD,25.0,15.79495723,15.77355,0.03388301355976423,-0.14861698644023577,0.1825,False,Bittrex,Coinbase Pro
2275,01-14-2021_08-26-07,LINK/USD,25.0,15.80166,15.774,0.043761225086479685,-0.14123877491352033,0.185,False,Kraken,Coinbase Pro
2276,01-14-2021_08-26-18,LINK/USD,25.0,15.78977042,15.77505,0.02330689365399863,-0.15919310634600137,0.1825,False,Bittrex,Coinbase Pro
2277,01-14-2021_08-26-28,LINK/USD,25.0,15.779,15.76792,0.017554978135496162,-0.12744502186450382,0.145,False,Binance US,Coinbase Pro
2278,01-14-2021_08-26-39,LINK/USD,25.0,15.78549,15.77892151,0.010402733776397458,-0.11709726622360254,0.1275,False,Kraken,Bittrex
2279,01-14-2021_08-26-49,LINK/USD,25.0,15.80903,15.79654,0.019751369944898053,-0.16524863005510193,0.185,False,Kraken,Coinbase Pro
2280,01-14-2021_08-27-00,LINK/USD,25.0,15.81526758,15.80349,0.018617421331040794,-0.1638825786689592,0.1825,False,Bittrex,Coinbase Pro
2281,01-14-2021_08-27-10,LINK/USD,25.0,15.79495716,15.7826,0.019558710851227717,-0.1629412891487723,0.1825,False,Bittrex,Coinbase Pro
2282,01-14-2021_08-27-21,LINK/USD,25.0,15.79495331,15.78259,0.019568449740481653,-0.16293155025951833,0.1825,False,Bittrex,Coinbase Pro
2283,01-14-2021_08-27-32,LINK/USD,25.0,15.78479097,15.75425,0.048370881277496544,-0.13412911872250344,0.1825,False,Bittrex,Coinbase Pro
2284,01-14-2021_08-27-44,LINK/USD,25.0,15.77040082,15.74999,0.032356216295586174,-0.15014378370441384,0.1825,False,Bittrex,Coinbase Pro
2285,01-14-2021_08-27-55,LINK/USD,25.0,15.76906,15.74999,0.030233254233288567,-0.15476674576671143,0.185,False,Kraken,Coinbase Pro
2286,01-14-2021_08-28-06,LINK/USD,25.0,15.7692,15.74999,0.030454937473047592,-0.1545450625269524,0.185,False,Kraken,Coinbase Pro
2287,01-14-2021_08-28-16,LINK/USD,25.0,15.76854917,15.74998,0.029440200553338618,-0.15305979944666137,0.1825,False,Bittrex,Coinbase Pro
2288,01-14-2021_08-28-27,LINK/USD,25.0,15.76854909,15.74998,0.029440073867949845,-0.15305992613205016,0.1825,False,Bittrex,Coinbase Pro
2289,01-14-2021_08-28-38,LINK/USD,25.0,15.77368,15.75621,0.027688529246189232,-0.15731147075381077,0.185,False,Kraken,Coinbase Pro
2290,01-14-2021_08-28-49,LINK/USD,25.0,15.76854888,15.75389,0.02324069277324761,-0.15925930722675238,0.1825,False,Bittrex,Coinbase Pro
2291,01-14-2021_08-29-10,LINK/USD,25.0,15.76854866,15.75389,0.02324034430192174,-0.15925965569807826,0.1825,False,Bittrex,Coinbase Pro
2292,01-14-2021_08-29-20,LINK/USD,25.0,15.76854853,15.75608,0.019768036950702762,-0.16273196304929724,0.1825,False,Bittrex,Coinbase Pro
2293,01-14-2021_08-29-31,LINK/USD,25.0,15.7685484,15.75194,0.026331529666993404,-0.1561684703330066,0.1825,False,Bittrex,Coinbase Pro
2294,01-14-2021_08-29-42,LINK/USD,25.0,15.7686,15.75554,0.02070570627703063,-0.16429429372296936,0.185,False,Kraken,Coinbase Pro
2295,01-14-2021_08-29-52,LINK/USD,25.0,15.78427576,15.76862,0.02479644970419532,-0.15770355029580468,0.1825,False,Bittrex,Coinbase Pro
2296,01-14-2021_08-30-03,LINK/USD,25.0,15.78427564,15.76596,0.02900931347395181,-0.1534906865260482,0.1825,False,Bittrex,Coinbase Pro
2297,01-14-2021_08-30-25,LINK/USD,25.0,15.80993,15.79171,0.02881100675334973,-0.15618899324665025,0.185,False,Kraken,Coinbase Pro
2298,01-14-2021_08-30-35,LINK/USD,25.0,15.80137,15.78417,0.027212830279907327,-0.15778716972009266,0.185,False,Kraken,Coinbase Pro
2299,01-14-2021_08-30-46,LINK/USD,25.0,15.79577,15.78141,0.022727603655915363,-0.16227239634408464,0.185,False,Kraken,Coinbase Pro
2300,01-14-2021_08-30-56,LINK/USD,25.0,15.78446132,15.77089,0.021494746834984955,-0.16100525316501504,0.1825,False,Bittrex,Coinbase Pro
2301,01-14-2021_08-31-06,LINK/USD,25.0,15.78445654,15.76742,0.02698309561185755,-0.15551690438814245,0.1825,False,Bittrex,Coinbase Pro
2302,01-14-2021_08-31-17,LINK/USD,25.0,15.78445643,15.76767,0.026586962424780498,-0.1559130375752195,0.1825,False,Bittrex,Coinbase Pro
2303,01-14-2021_08-31-28,LINK/USD,25.0,15.79495717,15.7804,0.023040850702097514,-0.15945914929790247,0.1825,False,Bittrex,Coinbase Pro
2304,01-14-2021_08-31-38,LINK/USD,25.0,15.78868726,15.76574,0.03633497139774316,-0.14616502860225683,0.1825,False,Bittrex,Coinbase Pro
2305,01-14-2021_08-31-50,LINK/USD,25.0,15.78868194,15.76893,0.031275473271077874,-0.15122452672892212,0.1825,False,Bittrex,Coinbase Pro
2306,01-14-2021_08-32-12,LINK/USD,25.0,15.779,15.76229,0.026475061790987676,-0.11852493820901232,0.145,False,Binance US,Coinbase Pro
2307,01-14-2021_08-32-22,LINK/USD,25.0,15.779,15.7662,0.020280119145700562,-0.12471988085429943,0.145,False,Binance US,Coinbase Pro
2308,01-14-2021_08-32-33,LINK/USD,25.0,15.7782,15.77088,0.011598281172757338,-0.13340171882724267,0.145,False,Binance US,Coinbase Pro
2309,01-14-2021_08-32-43,LINK/USD,25.0,15.79212361,15.76966,0.03556141427644394,-0.14693858572355606,0.1825,False,Bittrex,Coinbase Pro
2310,01-14-2021_08-32-54,LINK/USD,25.0,15.78996,15.77221,0.028103301084995248,-0.15689669891500474,0.185,False,Kraken,Coinbase Pro
2311,01-14-2021_08-33-04,LINK/USD,25.0,15.78991,15.76954,0.03225160878054649,-0.1527483912194535,0.185,False,Kraken,Coinbase Pro
2312,01-14-2021_08-33-14,LINK/USD,25.0,15.78984,15.76756,0.03527584826698735,-0.14972415173301265,0.185,False,Kraken,Coinbase Pro
2313,01-14-2021_08-33-24,LINK/USD,25.0,15.78968,15.76986,0.03138125661824853,-0.15361874338175147,0.185,False,Kraken,Coinbase Pro
2314,01-14-2021_08-33-35,LINK/USD,25.0,15.78964,15.77452,0.023939747834655474,-0.16106025216534453,0.185,False,Kraken,Coinbase Pro
2315,01-14-2021_08-33-45,LINK/USD,25.0,15.78959,15.77611,0.021343176105271366,-0.16365682389472863,0.185,False,Kraken,Coinbase Pro
2316,01-14-2021_08-33-55,LINK/USD,25.0,15.78959,15.7767,0.02040901632024725,-0.16459098367975275,0.185,False,Kraken,Coinbase Pro
2317,01-14-2021_08-34-06,LINK/USD,25.0,15.78953,15.77165,0.028309899028026636,-0.15669010097197336,0.185,False,Kraken,Coinbase Pro
2318,01-14-2021_08-34-17,LINK/USD,25.0,15.78943,15.76496,0.03874427385915626,-0.14625572614084373,0.185,False,Kraken,Coinbase Pro
2319,01-14-2021_08-34-28,LINK/USD,25.0,15.78898,15.76411,0.039378731241663405,-0.1456212687583366,0.185,False,Kraken,Coinbase Pro
2320,01-14-2021_08-34-39,LINK/USD,25.0,15.77339,15.7491,0.03849838240225914,-0.026501617597740862,0.065,False,Kraken,Binance US
2321,01-14-2021_08-34-50,LINK/USD,25.0,15.76999,15.74254,0.04351619753722097,-0.14148380246277903,0.185,False,Kraken,Coinbase Pro
2322,01-14-2021_08-35-01,LINK/USD,25.0,15.76996,15.74057,0.046591747854781124,-0.13840825214521887,0.185,False,Kraken,Coinbase Pro
2323,01-14-2021_08-35-11,LINK/USD,25.0,15.76271,15.73522,0.043599736339754135,-0.14140026366024586,0.185,False,Kraken,Coinbase Pro
2324,01-14-2021_08-35-21,LINK/USD,25.0,15.77378845,15.75765,0.025577954926864276,-0.15692204507313573,0.1825,False,Bittrex,Coinbase Pro
2325,01-14-2021_08-35-32,LINK/USD,25.0,15.77378837,15.74626,0.04362992794482483,-0.13887007205517515,0.1825,False,Bittrex,Coinbase Pro
2326,01-14-2021_08-35-43,LINK/USD,25.0,15.7635,15.74815,0.024344212896881642,-0.12065578710311835,0.145,False,Binance US,Coinbase Pro
2327,01-14-2021_08-35-52,LINK/USD,25.0,15.78550878,15.76703,0.029265417189804036,-0.15323458281019597,0.1825,False,Bittrex,Coinbase Pro
2328,01-14-2021_08-36-04,LINK/USD,25.0,15.77550972,15.76299,0.019840436572594364,-0.16265956342740562,0.1825,False,Bittrex,Coinbase Pro
2329,01-14-2021_08-36-14,LINK/USD,25.0,15.77576,15.76843,0.011615922148916462,-0.17338407785108353,0.185,False,Kraken,Coinbase Pro
2330,01-14-2021_08-36-24,LINK/USD,25.0,15.77579,15.76662,0.014531760374600907,-0.1704682396253991,0.185,False,Kraken,Coinbase Pro
2331,01-14-2021_08-36-34,LINK/USD,25.0,15.7876,15.77336,0.022549342521977916,-0.12245065747802207,0.145,False,Binance US,Coinbase Pro
2332,01-14-2021_08-36-44,LINK/USD,25.0,15.78343768,15.76452,0.02996444815056486,-0.15253555184943512,0.1825,False,Bittrex,Coinbase Pro
2333,01-14-2021_08-36-52,LINK/USD,25.0,15.78343519,15.7661,0.02745788510441611,-0.1550421148955839,0.1825,False,Bittrex,Coinbase Pro
2334,01-14-2021_08-37-02,LINK/USD,25.0,15.78974,15.77325,0.026108726299481858,-0.15889127370051814,0.185,False,Kraken,Coinbase Pro
2335,01-14-2021_08-37-12,LINK/USD,25.0,15.78974,15.77308,0.026377888426281713,-0.15862211157371828,0.185,False,Kraken,Coinbase Pro
2336,01-14-2021_08-37-21,LINK/USD,25.0,15.7809,15.76779,0.02076877744615495,-0.12423122255384504,0.145,False,Binance US,Coinbase Pro
2337,01-14-2021_08-37-31,LINK/USD,25.0,15.78036,15.76395,0.02599750576032562,-0.15900249423967439,0.185,False,Kraken,Coinbase Pro
2338,01-14-2021_08-37-40,LINK/USD,25.0,15.78036,15.76627,0.022322050954476785,-0.1626779490455232,0.185,False,Kraken,Coinbase Pro
2339,01-14-2021_08-37-49,LINK/USD,25.0,15.77908082,15.76764,0.018126562837392012,-0.164373437162608,0.1825,False,Bittrex,Coinbase Pro
2340,01-14-2021_08-37-59,LINK/USD,25.0,15.87475205,15.78055,0.1483520021341055,-0.03414799786589451,0.1825,False,Bittrex,Coinbase Pro
2341,01-14-2021_08-38-09,LINK/USD,25.0,15.78973,15.76831,0.03391444945543857,-0.15108555054456144,0.185,False,Kraken,Coinbase Pro
2342,01-14-2021_08-38-20,LINK/USD,25.0,15.78218,15.76751,0.023238234515131347,-0.16176176548486865,0.185,False,Kraken,Coinbase Pro
2343,01-14-2021_08-38-30,LINK/USD,25.0,15.78219,15.77064,0.018295939917083316,-0.1667040600829167,0.185,False,Kraken,Coinbase Pro
2344,01-14-2021_08-38-40,LINK/USD,25.0,15.78219,15.77033,0.018786999776330828,-0.16621300022366917,0.185,False,Kraken,Coinbase Pro
2345,01-14-2021_08-38-51,LINK/USD,25.0,15.78219,15.76395,0.028893328492434315,-0.1561066715075657,0.185,False,Kraken,Coinbase Pro
2346,01-14-2021_08-39-02,LINK/USD,25.0,15.78219,15.77361,0.013591269652691189,-0.1714087303473088,0.185,False,Kraken,Coinbase Pro
2347,01-14-2021_08-39-13,LINK/USD,25.0,15.77782984,15.76395,0.02199263165586483,-0.16050736834413518,0.1825,False,Bittrex,Coinbase Pro
2348,01-14-2021_08-39-22,LINK/USD,25.0,15.77782973,15.75902,0.02980405151070319,-0.1526959484892968,0.1825,False,Bittrex,Coinbase Pro
2349,01-14-2021_08-39-32,LINK/USD,25.0,15.76406633,15.75901,0.008018759078642475,-0.17448124092135753,0.1825,False,Bittrex,Coinbase Pro
2350,01-14-2021_08-39-42,LINK/USD,25.0,15.76406628,15.75606,0.01269704126110797,-0.16980295873889203,0.1825,False,Bittrex,Coinbase Pro
2351,01-14-2021_08-39-52,LINK/USD,25.0,15.7640663,15.75739,0.010587845599203873,-0.17191215440079613,0.1825,False,Bittrex,Coinbase Pro
2352,01-14-2021_08-40-03,LINK/USD,25.0,15.77495,15.77209,0.00453250248019817,-0.18046749751980182,0.185,False,Kraken,Coinbase Pro
2353,01-14-2021_08-40-12,LINK/USD,25.0,15.77439,15.76477,0.01524623139151492,-0.16975376860848507,0.185,False,Kraken,Coinbase Pro
2354,01-14-2021_08-40-22,LINK/USD,25.0,15.77439,15.76284,0.018304986753845516,-0.1666950132461545,0.185,False,Kraken,Coinbase Pro
2355,01-14-2021_08-40-32,LINK/USD,25.0,15.77417887,15.75498,0.030427685266891345,-0.15207231473310864,0.1825,False,Bittrex,Coinbase Pro
2356,01-14-2021_08-40-41,LINK/USD,25.0,15.77495,15.7669,0.012757568169789412,-0.1722424318302106,0.185,False,Kraken,Coinbase Pro
2357,01-14-2021_08-40-52,LINK/USD,25.0,15.77495,15.76243,0.019841584283944336,-0.16515841571605566,0.185,False,Kraken,Coinbase Pro
2358,01-14-2021_08-41-02,LINK/USD,25.0,15.77495,15.75975,0.024088824370283427,-0.16091117562971657,0.185,False,Kraken,Coinbase Pro
2359,01-14-2021_08-41-12,LINK/USD,25.0,15.77526,15.75801,0.027337108865398856,-0.15766289113460114,0.185,False,Kraken,Coinbase Pro
2360,01-14-2021_08-41-22,LINK/USD,25.0,15.77526,15.76038,0.023581227821284377,-0.1614187721787156,0.185,False,Kraken,Coinbase Pro
2361,01-14-2021_08-41-32,LINK/USD,25.0,15.77526,15.75833,0.02682998568644599,-0.158170014313554,0.185,False,Kraken,Coinbase Pro
2362,01-14-2021_08-41-41,LINK/USD,25.0,15.78519,15.76593,0.030503275538652317,-0.15449672446134768,0.185,False,Kraken,Coinbase Pro
2363,01-14-2021_08-41-50,LINK/USD,25.0,15.78517,15.75795,0.04311008370515106,-0.14188991629484893,0.185,False,Kraken,Coinbase Pro
2364,01-14-2021_08-42-01,LINK/USD,25.0,15.78397,15.75898,0.03958129672066143,-0.14541870327933856,0.185,False,Kraken,Coinbase Pro
2365,01-14-2021_08-42-11,LINK/USD,25.0,15.78396,15.75841,0.04046829819639819,-0.1445317018036018,0.185,False,Kraken,Coinbase Pro
2366,01-14-2021_08-42-21,LINK/USD,25.0,15.78397,15.76465,0.030600666372275872,-0.15439933362772412,0.185,False,Kraken,Coinbase Pro
2367,01-14-2021_08-42-30,LINK/USD,25.0,15.78397,15.76967,0.022649561548837877,-0.16235043845116212,0.185,False,Kraken,Coinbase Pro
2368,01-14-2021_08-42-40,LINK/USD,25.0,15.78392,15.76966,0.022586277680069593,-0.1624137223199304,0.185,False,Kraken,Coinbase Pro
2369,01-14-2021_08-42-51,LINK/USD,25.0,15.8032,15.77417866,0.045910543434241,-0.04158945656575899,0.0875,False,Binance US,Bittrex
2370,01-14-2021_08-43-01,LINK/USD,25.0,15.7992,15.77417866,0.03959273254342045,-0.04790726745657954,0.0875,False,Binance US,Bittrex
2371,01-14-2021_08-43-11,LINK/USD,25.0,15.7956,15.77417866,0.03390396692749855,-0.053596033072501444,0.0875,False,Binance US,Bittrex
2372,01-14-2021_08-43-20,LINK/USD,25.0,15.79325,15.77067,0.03574311810425277,-0.14925688189574723,0.185,False,Kraken,Coinbase Pro
2373,01-14-2021_08-43-29,LINK/USD,25.0,15.78671,15.76735,0.030658699627723152,-0.15434130037227684,0.185,False,Kraken,Coinbase Pro
2374,01-14-2021_08-43-39,LINK/USD,25.0,15.79325,15.77399,0.030487708356419584,-0.1545122916435804,0.185,False,Kraken,Coinbase Pro
2375,01-14-2021_08-43-49,LINK/USD,25.0,15.79325,15.77417866,0.030189068114542594,-0.0973109318854574,0.1275,False,Kraken,Bittrex
2376,01-14-2021_08-43-59,LINK/USD,25.0,15.79118,15.77417867,0.026915863792321325,-0.10058413620767867,0.1275,False,Kraken,Bittrex
2377,01-14-2021_08-44-08,LINK/USD,25.0,15.78454,15.77247,0.019116806698198967,-0.16588319330180104,0.185,False,Kraken,Coinbase Pro
2378,01-14-2021_08-44-18,LINK/USD,25.0,15.77932,15.77214,0.011375648633781373,-0.17362435136621862,0.185,False,Kraken,Coinbase Pro
2379,01-14-2021_08-44-28,LINK/USD,25.0,15.78486,15.77417867,0.016917048995050636,-0.11058295100494936,0.1275,False,Kraken,Bittrex
2380,01-14-2021_08-44-37,LINK/USD,25.0,15.78122,15.7727,0.013497055360737278,-0.05150294463926272,0.065,False,Kraken,Binance US
2381,01-14-2021_08-44-48,LINK/USD,25.0,15.78399,15.77417867,0.015540002876331943,-0.11195999712366805,0.1275,False,Kraken,Bittrex
2382,01-14-2021_08-44-57,LINK/USD,25.0,15.7837,15.77411,0.015189721041326371,-0.12981027895867361,0.145,False,Binance US,Coinbase Pro
2383,01-14-2021_08-45-06,LINK/USD,25.0,15.7831,15.77417867,0.014131143438234135,-0.07336885656176587,0.0875,False,Binance US,Bittrex
2384,01-14-2021_08-45-16,LINK/USD,25.0,15.77417867,15.76476,0.014927354059187194,-0.1675726459408128,0.1825,False,Bittrex,Coinbase Pro
2385,01-14-2021_08-45-26,LINK/USD,25.0,15.75934,15.74375,0.024731365653637066,-0.16026863434636293,0.185,False,Kraken,Coinbase Pro
2386,01-14-2021_08-45-37,LINK/USD,25.0,15.75531,15.73274,0.03581332261948508,-0.14918667738051491,0.185,False,Kraken,Coinbase Pro
2387,01-14-2021_08-45-46,LINK/USD,25.0,15.75736,15.73795,0.030795133194901608,-0.1542048668050984,0.185,False,Kraken,Coinbase Pro
2388,01-14-2021_08-45-57,LINK/USD,25.0,15.76042,15.73795,0.035643085653809053,-0.14935691434619094,0.185,False,Kraken,Coinbase Pro
2389,01-14-2021_08-46-06,LINK/USD,25.0,15.7622,15.73795,0.038462270495235956,-0.14653772950476404,0.185,False,Kraken,Coinbase Pro
2390,01-14-2021_08-46-15,LINK/USD,25.0,15.76215,15.7452,0.026884022801457248,-0.038115977198542754,0.065,False,Kraken,Binance US
2391,01-14-2021_08-46-26,LINK/USD,25.0,15.75609,15.74407,0.019071990576341746,-0.16592800942365826,0.185,False,Kraken,Coinbase Pro
2392,01-14-2021_08-46-36,LINK/USD,25.0,15.7529731,15.7443,0.013764227147698429,-0.16873577285230157,0.1825,False,Bittrex,Coinbase Pro
2393,01-14-2021_08-46-47,LINK/USD,25.0,15.76314798,15.75092,0.019393302682169416,-0.1631066973178306,0.1825,False,Bittrex,Coinbase Pro
2394,01-14-2021_08-46-57,LINK/USD,25.0,15.76314799,15.7573,0.009274781286880932,-0.05322521871311907,0.0625,False,Bittrex,Binance US
2395,01-14-2021_08-47-07,LINK/USD,25.0,15.7741786,15.76166,0.019840335775077555,-0.16265966422492245,0.1825,False,Bittrex,Coinbase Pro
2396,01-14-2021_08-47-16,LINK/USD,25.0,15.77417851,15.7592,0.023738969973151097,-0.1587610300268489,0.1825,False,Bittrex,Coinbase Pro
2397,01-14-2021_08-47-27,LINK/USD,25.0,15.77417867,15.76969,0.007113952006476896,-0.1753860479935231,0.1825,False,Bittrex,Coinbase Pro
2398,01-14-2021_08-47-36,LINK/USD,25.0,15.7759,15.76776,0.012899422536906211,-0.1721005774630938,0.185,False,Kraken,Coinbase Pro
2399,01-14-2021_08-47-45,LINK/USD,25.0,15.78034,15.77417867,0.009761085629335595,-0.1727389143706644,0.1825,False,Coinbase Pro,Bittrex
2400,01-14-2021_08-47-55,LINK/USD,25.0,15.786,15.77417867,0.01872122450272405,-0.06877877549727594,0.0875,False,Binance US,Bittrex
2401,01-14-2021_08-48-04,LINK/USD,25.0,15.7767,15.76614,0.01673353743178216,-0.12826646256821783,0.145,False,Binance US,Coinbase Pro
2402,01-14-2021_08-48-15,LINK/USD,25.0,15.7759,15.77128,0.007321293872297587,-0.17767870612770242,0.185,False,Kraken,Coinbase Pro
2403,01-14-2021_08-48-24,LINK/USD,25.0,15.7861,15.77417867,0.018879473080748003,-0.068620526919252,0.0875,False,Binance US,Bittrex
2404,01-14-2021_08-48-34,LINK/USD,25.0,15.7847,15.77302,0.018498926175347225,-0.12650107382465275,0.145,False,Binance US,Coinbase Pro
2405,01-14-2021_08-48-44,LINK/USD,25.0,15.7844,15.77417867,0.016188974557158096,-0.0713110254428419,0.0875,False,Binance US,Bittrex
2406,01-14-2021_08-48-54,LINK/USD,25.0,15.7865,15.77417867,0.019512447344250918,-0.06798755265574907,0.0875,False,Binance US,Bittrex
2407,01-14-2021_08-49-04,LINK/USD,25.0,15.7861,15.77417867,0.018879473080748003,-0.068620526919252,0.0875,False,Binance US,Bittrex
2408,01-14-2021_08-49-14,LINK/USD,25.0,15.7972,15.78669,0.016632694401539545,-0.12836730559846043,0.145,False,Binance US,Coinbase Pro
2409,01-14-2021_08-49-25,LINK/USD,25.0,15.7969,15.78669,0.016158233577475197,-0.1288417664225248,0.145,False,Binance US,Coinbase Pro
2410,01-14-2021_08-49-34,LINK/USD,25.0,15.7948,15.7811,0.021684351811988828,-0.12331564818801116,0.145,False,Binance US,Coinbase Pro
2411,01-14-2021_08-49-43,LINK/USD,25.0,15.794,15.78935,0.007360390021526879,-0.1376396099784731,0.145,False,Binance US,Coinbase Pro
2412,01-14-2021_08-49-54,LINK/USD,25.0,15.80103675,15.79085,0.01611721775154884,-0.11138278224845116,0.1275,False,Bittrex,Kraken
2413,01-14-2021_08-50-05,LINK/USD,25.0,15.84148251,15.80668,0.05492306351067715,-0.12757693648932283,0.1825,False,Bittrex,Coinbase Pro
2414,01-14-2021_08-50-14,LINK/USD,25.0,15.81357621,15.79665,0.026758985088549368,-0.15574101491145062,0.1825,False,Bittrex,Coinbase Pro
2415,01-14-2021_08-50-23,LINK/USD,25.0,15.81357614,15.79796,0.02468786924246054,-0.15781213075753947,0.1825,False,Bittrex,Coinbase Pro
2416,01-14-2021_08-50-32,LINK/USD,25.0,15.81357605,15.80366,0.015676482613177316,-0.1668235173868227,0.1825,False,Bittrex,Coinbase Pro
2417,01-14-2021_08-50-42,LINK/USD,25.0,15.82279359,15.79985,0.03625085208483809,-0.09124914791516192,0.1275,False,Bittrex,Kraken
2418,01-14-2021_08-50-53,LINK/USD,25.0,15.81882984,15.80871,0.015993344802297603,-0.16650665519770239,0.1825,False,Bittrex,Coinbase Pro
2419,01-14-2021_08-51-03,LINK/USD,25.0,15.8093,15.80404,0.008317888837582657,-0.13668211116241732,0.145,False,Binance US,Coinbase Pro
2420,01-14-2021_08-51-12,LINK/USD,25.0,15.81235406,15.80349,0.014014453455769169,-0.1684855465442308,0.1825,False,Bittrex,Coinbase Pro
2421,01-14-2021_08-51-22,LINK/USD,25.0,15.81235398,15.79751,0.023468959806322312,-0.1590310401936777,0.1825,False,Bittrex,Coinbase Pro
2422,01-14-2021_08-51-31,LINK/USD,25.0,15.80901605,15.79751,0.018195392369152998,-0.164304607630847,0.1825,False,Bittrex,Coinbase Pro
2423,01-14-2021_08-51-40,LINK/USD,25.0,15.80901606,15.79751,0.01819540817140289,-0.1643045918285971,0.1825,False,Bittrex,Coinbase Pro
2424,01-14-2021_08-51-51,LINK/USD,25.0,15.80901602,15.79576,0.02096275312649097,-0.161537246873509,0.1825,False,Bittrex,Coinbase Pro
2425,01-14-2021_08-52-01,LINK/USD,25.0,15.80901595,15.79751,0.01819523434663611,-0.16430476565336388,0.1825,False,Bittrex,Coinbase Pro
2426,01-14-2021_08-52-10,LINK/USD,25.0,15.80614867,15.79289,0.02097074732880012,-0.16152925267119989,0.1825,False,Bittrex,Coinbase Pro
2427,01-14-2021_08-52-20,LINK/USD,25.0,15.80614861,15.79714,0.014248584873957226,-0.16825141512604277,0.1825,False,Bittrex,Coinbase Pro
2428,01-14-2021_08-52-29,LINK/USD,25.0,15.80614853,15.79577,0.01641533669682742,-0.11108466330317258,0.1275,False,Bittrex,Kraken
2429,01-14-2021_08-52-40,LINK/USD,25.0,15.80614845,15.79515,0.017395841299973142,-0.11010415870002686,0.1275,False,Bittrex,Kraken
2430,01-14-2021_08-52-50,LINK/USD,25.0,15.80614841,15.79415,0.01897744107035173,-0.16352255892964826,0.1825,False,Bittrex,Coinbase Pro
2431,01-14-2021_08-52-59,LINK/USD,25.0,15.80614837,15.79107,0.023848899882244413,-0.15865110011775557,0.1825,False,Bittrex,Coinbase Pro
2432,01-14-2021_08-53-09,LINK/USD,25.0,15.79885225,15.78914,0.01536860058932407,-0.11213139941067593,0.1275,False,Bittrex,Kraken
2433,01-14-2021_08-53-19,LINK/USD,25.0,15.79885226,15.79192,0.0109695626712586,-0.1715304373287414,0.1825,False,Bittrex,Coinbase Pro
2434,01-14-2021_08-53-30,LINK/USD,25.0,15.81682853,15.7924,0.03861161223576813,-0.02388838776423187,0.0625,False,Bittrex,Binance US
2435,01-14-2021_08-53-40,LINK/USD,25.0,15.79885224,15.7906,0.013058290366036283,-0.11444170963396372,0.1275,False,Bittrex,Kraken
2436,01-14-2021_08-53-50,LINK/USD,25.0,15.79885226,15.79071,0.01288425872019583,-0.11461574127980417,0.1275,False,Bittrex,Kraken
2437,01-14-2021_08-54-00,LINK/USD,25.0,15.79885224,15.79012,0.013817839212857437,-0.16868216078714257,0.1825,False,Bittrex,Coinbase Pro
2438,01-14-2021_08-54-09,LINK/USD,25.0,15.79102742,15.77261,0.029158045753049013,-0.153341954246951,0.1825,False,Bittrex,Coinbase Pro
2439,01-14-2021_08-54-19,LINK/USD,25.0,15.78094055,15.76455,0.025965736877452083,-0.15653426312254792,0.1825,False,Bittrex,Coinbase Pro
2440,01-14-2021_08-54-29,LINK/USD,25.0,15.78094055,15.76328,0.027977657516744844,-0.15452234248325514,0.1825,False,Bittrex,Coinbase Pro
2441,01-14-2021_08-54-38,LINK/USD,25.0,15.78094055,15.76312,0.028231127833505006,-0.15426887216649499,0.1825,False,Bittrex,Coinbase Pro
2442,01-14-2021_08-54-48,LINK/USD,25.0,15.78185,15.77636,0.008696699056194291,-0.1763033009438057,0.185,False,Kraken,Coinbase Pro
2443,01-14-2021_08-54-59,LINK/USD,25.0,15.78940949,15.78023,0.014534251590939433,-0.16796574840906056,0.1825,False,Bittrex,Coinbase Pro
2444,01-14-2021_08-55-08,LINK/USD,25.0,15.80161703,15.78094,0.03271347160348164,-0.09478652839651835,0.1275,False,Bittrex,Kraken
2445,01-14-2021_08-55-19,LINK/USD,25.0,15.79885224,15.78094,0.028344210908325347,-0.09915578909167466,0.1275,False,Bittrex,Kraken
2446,01-14-2021_08-55-28,LINK/USD,25.0,15.79495718,15.77435,0.03261670760667539,-0.1498832923933246,0.1825,False,Bittrex,Coinbase Pro
2447,01-14-2021_08-55-39,LINK/USD,25.0,15.78840536,15.77846,0.015747885510331995,-0.166752114489668,0.1825,False,Bittrex,Coinbase Pro
2448,01-14-2021_08-55-50,LINK/USD,25.0,15.7914,15.78094,0.016559646389807326,-0.07344035361019267,0.09,False,Binance US,Kraken
2449,01-14-2021_08-56-01,LINK/USD,25.0,15.78840528,15.77431,0.022319036897688785,-0.16018096310231122,0.1825,False,Bittrex,Coinbase Pro
2450,01-14-2021_08-56-12,LINK/USD,25.0,15.78840518,15.76605,0.03539809712433527,-0.14710190287566471,0.1825,False,Bittrex,Coinbase Pro
2451,01-14-2021_08-56-22,LINK/USD,25.0,15.77520301,15.75204,0.036707942815883125,-0.14579205718411686,0.1825,False,Bittrex,Coinbase Pro
2452,01-14-2021_08-56-32,LINK/USD,25.0,15.77236198,15.7563,0.025459059366579287,-0.15704094063342072,0.1825,False,Bittrex,Coinbase Pro
2453,01-14-2021_08-56-43,LINK/USD,25.0,15.77236197,15.74835,0.03806019993339036,-0.14443980006660964,0.1825,False,Bittrex,Coinbase Pro
2454,01-14-2021_08-56-53,LINK/USD,25.0,15.73189,15.71377,0.028795014457893633,-0.15620498554210638,0.185,False,Kraken,Coinbase Pro
2455,01-14-2021_08-57-03,LINK/USD,25.0,15.72447,15.70657,0.028458828819033194,-0.1565411711809668,0.185,False,Kraken,Coinbase Pro
2456,01-14-2021_08-57-13,LINK/USD,25.0,15.672,15.64245,0.04713820826952592,-0.13786179173047408,0.185,False,Kraken,Coinbase Pro
2457,01-14-2021_08-57-24,LINK/USD,25.0,15.65882,15.64194,0.026949667982645642,-0.15805033201735436,0.185,False,Kraken,Coinbase Pro
2458,01-14-2021_08-57-35,LINK/USD,25.0,15.65593,15.64229036,0.021780309441852348,-0.10571969055814766,0.1275,False,Kraken,Bittrex
2459,01-14-2021_08-57-45,LINK/USD,25.0,15.67147,15.66336,0.012937522772271056,-0.17206247722772894,0.185,False,Kraken,Coinbase Pro
2460,01-14-2021_08-57-55,LINK/USD,25.0,15.6579,15.64696,0.017467221019421074,-0.1275327789805789,0.145,False,Binance US,Coinbase Pro
2461,01-14-2021_08-58-06,LINK/USD,25.0,15.6623177,15.65507,0.01156869011793647,-0.17093130988206354,0.1825,False,Bittrex,Coinbase Pro
2462,01-14-2021_08-58-16,LINK/USD,25.0,15.661,15.64622,0.023593640252857442,-0.06640635974714255,0.09,False,Binance US,Kraken
2463,01-14-2021_08-58-27,LINK/USD,25.0,15.66298864,15.64619,0.026812635165135556,-0.15568736483486445,0.1825,False,Bittrex,Coinbase Pro
2464,01-14-2021_08-58-38,LINK/USD,25.0,15.65002174,15.63697,0.020849395957452305,-0.1616506040425477,0.1825,False,Bittrex,Coinbase Pro
2465,01-14-2021_08-58-48,LINK/USD,25.0,15.6644,15.64317,0.03388256173233729,-0.15111743826766272,0.185,False,Kraken,Coinbase Pro
2466,01-14-2021_08-58-58,LINK/USD,25.0,15.65354,15.64308,0.016705486426712643,-0.16829451357328734,0.185,False,Kraken,Coinbase Pro
2467,01-14-2021_08-59-07,LINK/USD,25.0,15.66124835,15.65,0.017955704661306436,-0.16454429533869355,0.1825,False,Bittrex,Coinbase Pro
2468,01-14-2021_08-59-17,LINK/USD,25.0,15.66124832,15.64771,0.0216111763943992,-0.1608888236056008,0.1825,False,Bittrex,Coinbase Pro
2469,01-14-2021_08-59-28,LINK/USD,25.0,15.665,15.65,0.02393871688477305,-0.12106128311522694,0.145,False,Binance US,Coinbase Pro
2470,01-14-2021_08-59-39,LINK/USD,25.0,15.66143914,15.65196,0.015131336135945661,-0.16736866386405433,0.1825,False,Bittrex,Coinbase Pro
2471,01-14-2021_08-59-50,LINK/USD,25.0,15.66143929,15.64967,0.018787050446115408,-0.1637129495538846,0.1825,False,Bittrex,Coinbase Pro
2472,01-14-2021_09-00-02,LINK/USD,25.0,15.66143925,15.65081,0.016967230518103442,-0.16553276948189655,0.1825,False,Bittrex,Coinbase Pro
2473,01-14-2021_09-00-12,LINK/USD,25.0,15.6617,15.65166,0.016026357291992647,-0.07397364270800735,0.09,False,Binance US,Kraken
2474,01-14-2021_09-00-23,LINK/USD,25.0,15.72331678,15.65166,0.113933944412967,-0.013566055587032999,0.1275,False,Bittrex,Kraken
2475,01-14-2021_09-00-34,LINK/USD,25.0,15.67490728,15.65166,0.03707722091227523,-0.09042277908772478,0.1275,False,Bittrex,Kraken
2476,01-14-2021_09-00-43,LINK/USD,25.0,15.6582556,15.64001,0.0291309588789702,-0.15336904112102978,0.1825,False,Bittrex,Coinbase Pro
2477,01-14-2021_09-00-53,LINK/USD,25.0,15.65825541,15.64738,0.0173637000343204,-0.1651362999656796,0.1825,False,Bittrex,Coinbase Pro
2478,01-14-2021_09-01-06,LINK/USD,25.0,15.65867,15.65166,0.011191882835517114,-0.17380811716448288,0.185,False,Coinbase Pro,Kraken
2479,01-14-2021_09-01-16,LINK/USD,25.0,15.6691,15.65166,0.027825465406437773,-0.062174534593562224,0.09,False,Binance US,Kraken
2480,01-14-2021_09-01-26,LINK/USD,25.0,15.68426979,15.66185,0.03573610741874505,-0.09176389258125495,0.1275,False,Bittrex,Kraken
2481,01-14-2021_09-01-36,LINK/USD,25.0,15.68426979,15.66185,0.03573610741874505,-0.09176389258125495,0.1275,False,Bittrex,Kraken
2482,01-14-2021_09-01-47,LINK/USD,25.0,15.67076927,15.65381,0.027055579894960692,-0.1554444201050393,0.1825,False,Bittrex,Coinbase Pro
2483,01-14-2021_09-01-58,LINK/USD,25.0,15.68036425,15.66185,0.02951820778015543,-0.09798179221984457,0.1275,False,Bittrex,Kraken
2484,01-14-2021_09-02-10,LINK/USD,25.0,15.67126056,15.65342,0.028460633290625,-0.154039366709375,0.1825,False,Bittrex,Coinbase Pro
2485,01-14-2021_09-02-21,LINK/USD,25.0,15.6652184,15.65376,0.018286371289915154,-0.10921362871008485,0.1275,False,Bittrex,Kraken
2486,01-14-2021_09-02-31,LINK/USD,25.0,15.68091091,15.66185,0.030388716110626,-0.097111283889374,0.1275,False,Bittrex,Kraken
2487,01-14-2021_09-02-42,LINK/USD,25.0,15.68091064,15.66185,0.030388286174177624,-0.09711171382582237,0.1275,False,Bittrex,Kraken
2488,01-14-2021_09-02-54,LINK/USD,25.0,15.66173368,15.65586,0.009375845803551506,-0.1731241541964485,0.1825,False,Bittrex,Coinbase Pro
2489,01-14-2021_09-03-06,LINK/USD,25.0,15.67764525,15.66185,0.025187535736592905,-0.1023124642634071,0.1275,False,Bittrex,Kraken
2490,01-14-2021_09-03-17,LINK/USD,25.0,15.66398723,15.64924,0.02353683928533076,-0.10396316071466924,0.1275,False,Bittrex,Kraken
2491,01-14-2021_09-03-29,LINK/USD,25.0,15.66398721,15.65238,0.018525311985362815,-0.1639746880146372,0.1825,False,Bittrex,Coinbase Pro
2492,01-14-2021_09-03-41,LINK/USD,25.0,15.66398704,15.65251,0.018317558567133536,-0.10918244143286647,0.1275,False,Bittrex,Kraken
2493,01-14-2021_09-03-53,LINK/USD,25.0,15.66398719,15.64834,0.024973191388317637,-0.15752680861168236,0.1825,False,Bittrex,Coinbase Pro
2494,01-14-2021_09-04-03,LINK/USD,25.0,15.66275243,15.65243,0.01647607923021781,-0.16602392076978217,0.1825,False,Bittrex,Coinbase Pro
2495,01-14-2021_09-04-14,LINK/USD,25.0,15.66275232,15.65232,0.01665147955298767,-0.16584852044701232,0.1825,False,Bittrex,Coinbase Pro
2496,01-14-2021_09-04-25,LINK/USD,25.0,15.66275244,15.65276,0.015949367836652642,-0.11155063216334736,0.1275,False,Bittrex,Kraken
2497,01-14-2021_09-04-35,LINK/USD,25.0,15.66275244,15.66043,0.003706947436118019,-0.12379305256388198,0.1275,False,Bittrex,Kraken
2498,01-14-2021_09-04-46,LINK/USD,25.0,15.65720191,15.64296,0.02274019023619892,-0.15975980976380108,0.1825,False,Bittrex,Coinbase Pro
2499,01-14-2021_09-04-59,LINK/USD,25.0,15.65720173,15.64073,0.026300564883890362,-0.15619943511610962,0.1825,False,Bittrex,Coinbase Pro
2500,01-14-2021_09-05-11,LINK/USD,25.0,15.65720185,15.63568,0.03436413831504506,-0.14813586168495493,0.1825,False,Bittrex,Coinbase Pro
2501,01-14-2021_09-05-22,LINK/USD,25.0,15.6455249,15.63155,0.022330506789195553,-0.16016949321080445,0.1825,False,Bittrex,Coinbase Pro
2502,01-14-2021_09-05-32,LINK/USD,25.0,15.64552482,15.62548,0.03202963823619555,-0.15047036176380446,0.1825,False,Bittrex,Coinbase Pro
2503,01-14-2021_09-05-42,LINK/USD,25.0,15.63462628,15.6207,0.022268328885187642,-0.16023167111481235,0.1825,False,Bittrex,Coinbase Pro
2504,01-14-2021_09-05-53,LINK/USD,25.0,15.63275347,15.605,0.044383527913461666,-0.13811647208653832,0.1825,False,Bittrex,Coinbase Pro
2505,01-14-2021_09-06-04,LINK/USD,25.0,15.64551727,15.6228,0.036299966322556984,-0.09120003367744302,0.1275,False,Bittrex,Kraken
2506,01-14-2021_09-06-16,LINK/USD,25.0,15.65725851,15.63238,0.03972360484453774,-0.14277639515546225,0.1825,False,Bittrex,Coinbase Pro
2507,01-14-2021_09-06-27,LINK/USD,25.0,15.66398447,15.65049,0.021537416016094366,-0.16096258398390562,0.1825,False,Bittrex,Coinbase Pro
2508,01-14-2021_09-06-38,LINK/USD,25.0,15.6455248,15.63274,0.02042884493078873,-0.16207115506921127,0.1825,False,Bittrex,Coinbase Pro
2509,01-14-2021_09-06-48,LINK/USD,25.0,15.6589,15.63625431,0.03615466284349342,-0.051345337156506576,0.0875,False,Binance US,Bittrex
2510,01-14-2021_09-06-59,LINK/USD,25.0,15.6581,15.64734123,0.017177642881318483,-0.07032235711868151,0.0875,False,Binance US,Bittrex
2511,01-14-2021_09-07-10,LINK/USD,25.0,15.6567,15.64732996,0.01496170968339481,-0.07253829031660519,0.0875,False,Binance US,Bittrex
2512,01-14-2021_09-07-22,LINK/USD,25.0,15.6563,15.64732204,0.014336018088563846,-0.07316398191143615,0.0875,False,Binance US,Bittrex
2513,01-14-2021_09-07-32,LINK/USD,25.0,15.6554,15.64732204,0.01289963846340497,-0.07460036153659502,0.0875,False,Binance US,Bittrex
2514,01-14-2021_09-07-43,LINK/USD,25.0,15.6544,15.64648,0.012648201144726676,-0.13235179885527332,0.145,False,Binance US,Coinbase Pro
2515,01-14-2021_09-07-55,LINK/USD,25.0,15.6514,15.6418,0.015334091518970697,-0.1296659084810293,0.145,False,Binance US,Coinbase Pro
2516,01-14-2021_09-08-06,LINK/USD,25.0,15.6503,15.63598,0.022874960863369497,-0.12212503913663049,0.145,False,Binance US,Coinbase Pro
2517,01-14-2021_09-08-17,LINK/USD,25.0,15.64730437,15.63802,0.014833817027618434,-0.16766618297238156,0.1825,False,Bittrex,Coinbase Pro
2518,01-14-2021_09-08-29,LINK/USD,25.0,15.65449,15.64499,0.015171366170343422,-0.16982863382965657,0.185,False,Kraken,Coinbase Pro
2519,01-14-2021_09-08-39,LINK/USD,25.0,15.6566,15.6472922,0.014862422237264833,-0.07263757776273516,0.0875,False,Binance US,Bittrex
2520,01-14-2021_09-08-49,LINK/USD,25.0,15.648,15.6401,0.012621421267892625,-0.13237857873210737,0.145,False,Binance US,Coinbase Pro
2521,01-14-2021_09-09-01,LINK/USD,25.0,15.64728755,15.63574,0.018449763198733312,-0.16405023680126668,0.1825,False,Bittrex,Coinbase Pro
2522,01-14-2021_09-09-13,LINK/USD,25.0,15.64788,15.64535,0.004042081099804164,-0.18095791890019583,0.185,False,Kraken,Coinbase Pro
2523,01-14-2021_09-09-36,LINK/USD,25.0,15.64841,15.63973,0.013867223570957082,-0.17113277642904293,0.185,False,Kraken,Coinbase Pro
2524,01-14-2021_09-09-46,LINK/USD,25.0,15.6475,15.63973,0.012414123661927977,-0.132585876338072,0.145,False,Binance US,Coinbase Pro
2525,01-14-2021_09-09-57,LINK/USD,25.0,15.64551518,15.63959,0.009467856973438755,-0.17303214302656125,0.1825,False,Bittrex,Coinbase Pro
2526,01-14-2021_09-10-07,LINK/USD,25.0,15.6476,15.63971,0.012605767018586726,-0.13239423298141326,0.145,False,Binance US,Coinbase Pro
2527,01-14-2021_09-10-17,LINK/USD,25.0,15.6807,15.66104,0.03134426396780758,-0.058655736032192415,0.09,False,Binance US,Kraken
2528,01-14-2021_09-10-28,LINK/USD,25.0,15.6875,15.66104,0.04216733067729107,-0.04783266932270892,0.09,False,Binance US,Kraken
2529,01-14-2021_09-10-39,LINK/USD,25.0,15.6875,15.66185,0.04087649402390536,-0.049123505976094634,0.09,False,Binance US,Kraken
2530,01-14-2021_09-10-49,LINK/USD,25.0,15.6677,15.65459,0.020918833013140552,-0.12408116698685943,0.145,False,Binance US,Coinbase Pro
2531,01-14-2021_09-11-00,LINK/USD,25.0,15.6288,15.61472,0.022522522522522313,-0.12247747747747767,0.145,False,Binance US,Coinbase Pro
2532,01-14-2021_09-11-10,LINK/USD,25.0,15.62760498,15.602,0.04096113901133251,-0.14153886098866747,0.1825,False,Bittrex,Coinbase Pro
2533,01-14-2021_09-11-22,LINK/USD,25.0,15.6221,15.61428,0.012514322658283502,-0.13248567734171648,0.145,False,Binance US,Coinbase Pro
2534,01-14-2021_09-11-32,LINK/USD,25.0,15.61838307,15.605,0.021421983857128752,-0.16107801614287123,0.1825,False,Bittrex,Coinbase Pro
2535,01-14-2021_09-11-42,LINK/USD,25.0,15.61838297,15.60668,0.018732685103315754,-0.10876731489668424,0.1275,False,Bittrex,Kraken
2536,01-14-2021_09-11-53,LINK/USD,25.0,15.61222214,15.60107,0.017858027992420186,-0.1646419720075798,0.1825,False,Bittrex,Coinbase Pro
2537,01-14-2021_09-12-03,LINK/USD,25.0,15.61222204,15.59735,0.02381473944243269,-0.15868526055756732,0.1825,False,Bittrex,Coinbase Pro
2538,01-14-2021_09-12-14,LINK/USD,25.0,15.61222195,15.59738,0.023766556175562493,-0.1587334438244375,0.1825,False,Bittrex,Coinbase Pro
2539,01-14-2021_09-12-25,LINK/USD,25.0,15.6165,15.60881,0.012310697019178748,-0.13268930298082124,0.145,False,Binance US,Coinbase Pro
2540,01-14-2021_09-12-37,LINK/USD,25.0,15.62057985,15.59913,0.03432947145044646,-0.14817052854955354,0.1825,False,Bittrex,Coinbase Pro
2541,01-14-2021_09-12-48,LINK/USD,25.0,15.62057972,15.6065,0.022533926801021113,-0.15996607319897888,0.1825,False,Bittrex,Coinbase Pro
2542,01-14-2021_09-12-59,LINK/USD,25.0,15.60513513,15.58857,0.0265379470635831,-0.1559620529364169,0.1825,False,Bittrex,Coinbase Pro
2543,01-14-2021_09-13-10,LINK/USD,25.0,15.6183,15.60607,0.019576394357898833,-0.12542360564210114,0.145,False,Binance US,Coinbase Pro
2544,01-14-2021_09-13-20,LINK/USD,25.0,15.61562968,15.5968,0.030145566310585736,-0.15235443368941426,0.1825,False,Bittrex,Coinbase Pro
2545,01-14-2021_09-13-31,LINK/USD,25.0,15.6194,15.61377,0.009011229624697529,-0.13598877037530246,0.145,False,Binance US,Coinbase Pro
2546,01-14-2021_09-13-43,LINK/USD,25.0,15.6327103,15.60417,0.04564195755613715,-0.13685804244386285,0.1825,False,Bittrex,Coinbase Pro
2547,01-14-2021_09-13-53,LINK/USD,25.0,15.62006812,15.60661,0.021539790826467984,-0.16096020917353202,0.1825,False,Bittrex,Coinbase Pro
2548,01-14-2021_09-14-03,LINK/USD,25.0,15.63059448,15.60511,0.04076057381024092,-0.14173942618975907,0.1825,False,Bittrex,Coinbase Pro
2549,01-14-2021_09-14-13,LINK/USD,25.0,15.63059448,15.60444,0.04183219012153477,-0.14066780987846522,0.1825,False,Bittrex,Coinbase Pro
2550,01-14-2021_09-14-22,LINK/USD,25.0,15.61885009,15.60709,0.018823552841976537,-0.16367644715802346,0.1825,False,Bittrex,Coinbase Pro
2551,01-14-2021_09-14-33,LINK/USD,25.0,15.62778141,15.61269,0.02414195848417638,-0.1583580415158236,0.1825,False,Bittrex,Coinbase Pro
2552,01-14-2021_09-14-43,LINK/USD,25.0,15.62778134,15.61434,0.02150231646381605,-0.10599768353618395,0.1275,False,Bittrex,Kraken
2553,01-14-2021_09-14-53,LINK/USD,25.0,15.62778128,15.59773,0.04807349082633237,-0.13442650917366764,0.1825,False,Bittrex,Coinbase Pro
2554,01-14-2021_09-15-04,LINK/USD,25.0,15.61347713,15.58549,0.044812455558385346,-0.13768754444161466,0.1825,False,Bittrex,Coinbase Pro
2555,01-14-2021_09-15-15,LINK/USD,25.0,15.62234857,15.60736,0.023985782183836953,-0.15851421781616304,0.1825,False,Bittrex,Coinbase Pro
2556,01-14-2021_09-15-24,LINK/USD,25.0,15.63080083,15.61243,0.029382419685019236,-0.15311758031498077,0.1825,False,Bittrex,Coinbase Pro
2557,01-14-2021_09-15-34,LINK/USD,25.0,15.63080074,15.61434,0.026327410018534052,-0.10117258998146594,0.1275,False,Bittrex,Kraken
2558,01-14-2021_09-15-44,LINK/USD,25.0,15.6424635,15.61434,0.044947363949418076,-0.08255263605058193,0.1275,False,Bittrex,Kraken
2559,01-14-2021_09-15-55,LINK/USD,25.0,15.63047962,15.61434,0.025814339022820723,-0.10168566097717928,0.1275,False,Bittrex,Kraken
2560,01-14-2021_09-16-06,LINK/USD,25.0,15.62747913,15.612,0.0247626790463665,-0.1577373209536335,0.1825,False,Bittrex,Coinbase Pro
2561,01-14-2021_09-16-16,LINK/USD,25.0,15.62747904,15.60759,0.031817415894612344,-0.15068258410538765,0.1825,False,Bittrex,Coinbase Pro
2562,01-14-2021_09-16-27,LINK/USD,25.0,15.6332502,15.61397,0.03083204028807897,-0.15166795971192104,0.1825,False,Bittrex,Coinbase Pro
2563,01-14-2021_09-16-37,LINK/USD,25.0,15.63325019,15.61181,0.03428620046923182,-0.1482137995307682,0.1825,False,Bittrex,Coinbase Pro
2564,01-14-2021_09-16-47,LINK/USD,25.0,15.6166,15.60365,0.020731145063586212,-0.06926885493641378,0.09,False,Binance US,Kraken
2565,01-14-2021_09-16-57,LINK/USD,25.0,15.62989236,15.60097,0.046261291079037314,-0.13623870892096268,0.1825,False,Bittrex,Coinbase Pro
2566,01-14-2021_09-17-08,LINK/USD,25.0,15.62989226,15.60869,0.03391299768307041,-0.1485870023169296,0.1825,False,Bittrex,Coinbase Pro
2567,01-14-2021_09-17-19,LINK/USD,25.0,15.62004332,15.61015,0.015834335086850067,-0.16666566491314994,0.1825,False,Bittrex,Coinbase Pro
2568,01-14-2021_09-17-28,LINK/USD,25.0,15.62004328,15.60316,0.02702182013416299,-0.155478179865837,0.1825,False,Bittrex,Coinbase Pro
2569,01-14-2021_09-17-38,LINK/USD,25.0,15.62004319,15.60705,0.020795701141722196,-0.1617042988582778,0.1825,False,Bittrex,Coinbase Pro
2570,01-14-2021_09-17-48,LINK/USD,25.0,15.63302069,15.60648,0.04244331682004721,-0.1400566831799528,0.1825,False,Bittrex,Coinbase Pro
2571,01-14-2021_09-17-57,LINK/USD,25.0,15.62158025,15.59214,0.04711471171426242,-0.1353852882857376,0.1825,False,Bittrex,Coinbase Pro
2572,01-14-2021_09-18-07,LINK/USD,25.0,15.6142,15.60289,0.018108516606678428,-0.12689148339332157,0.145,False,Binance US,Coinbase Pro
2573,01-14-2021_09-18-19,LINK/USD,25.0,15.61347064,15.59116,0.03572338353594718,-0.14677661646405282,0.1825,False,Bittrex,Coinbase Pro
2574,01-14-2021_09-18-29,LINK/USD,25.0,15.62362541,15.60788,0.025194872487666994,-0.157305127512333,0.1825,False,Bittrex,Coinbase Pro
2575,01-14-2021_09-18-39,LINK/USD,25.0,15.62362536,15.60492,0.0299312092567999,-0.1525687907432001,0.1825,False,Bittrex,Coinbase Pro
2576,01-14-2021_09-18-49,LINK/USD,25.0,15.61184279,15.58936,0.036002780553239105,-0.1464972194467609,0.1825,False,Bittrex,Coinbase Pro
2577,01-14-2021_09-19-01,LINK/USD,25.0,15.60213292,15.56369,0.06159882145139643,-0.12090117854860356,0.1825,False,Bittrex,Coinbase Pro
2578,01-14-2021_09-19-11,LINK/USD,25.0,15.58726328,15.56831,0.0303986653390252,-0.1521013346609748,0.1825,False,Bittrex,Coinbase Pro
2579,01-14-2021_09-19-22,LINK/USD,25.0,15.5738,15.55894,0.02385416532895077,-0.12114583467104922,0.145,False,Binance US,Coinbase Pro
2580,01-14-2021_09-19-33,LINK/USD,25.0,15.5882,15.55622,0.051288795370858696,-0.0387112046291413,0.09,False,Binance US,Kraken
2581,01-14-2021_09-19-45,LINK/USD,25.0,15.56331271,15.53706,0.04217082585369388,-0.1403291741463061,0.1825,False,Bittrex,Coinbase Pro
2582,01-14-2021_09-19-56,LINK/USD,25.0,15.54921,15.53001,0.030869735504246938,-0.15413026449575307,0.185,False,Kraken,Coinbase Pro
2583,01-14-2021_09-20-06,LINK/USD,25.0,15.5563,15.53373,0.03627147843638908,-0.1087285215636109,0.145,False,Binance US,Coinbase Pro
2584,01-14-2021_09-20-28,LINK/USD,25.0,15.545,15.53611,0.014297201672562201,-0.13070279832743778,0.145,False,Binance US,Coinbase Pro
2585,01-14-2021_09-20-50,LINK/USD,25.0,15.53870911,15.52942,0.014945112129715409,-0.16755488787028458,0.1825,False,Bittrex,Coinbase Pro
2586,01-14-2021_09-21-02,LINK/USD,25.0,15.53870902,15.52624,0.020061222563521965,-0.16243877743647803,0.1825,False,Bittrex,Coinbase Pro
2587,01-14-2021_09-21-14,LINK/USD,25.0,15.57252,15.56443,0.012987621785043526,-0.17201237821495646,0.185,False,Coinbase Pro,Kraken
2588,01-14-2021_09-21-24,LINK/USD,25.0,15.61408034,15.58629,0.04449564014475804,-0.13800435985524195,0.1825,False,Bittrex,Coinbase Pro
2589,01-14-2021_09-21-34,LINK/USD,25.0,15.61408025,15.59635,0.02838823951862517,-0.15411176048137482,0.1825,False,Bittrex,Coinbase Pro
2590,01-14-2021_09-21-44,LINK/USD,25.0,15.62323028,15.61165,0.01853054680827575,-0.10896945319172426,0.1275,False,Bittrex,Kraken
2591,01-14-2021_09-21-56,LINK/USD,25.0,15.6160698,15.60077,0.024493678940906292,-0.1580063210590937,0.1825,False,Bittrex,Coinbase Pro
2592,01-14-2021_09-22-08,LINK/USD,25.0,15.6160697,15.6039,0.019482655101112238,-0.16301734489888775,0.1825,False,Bittrex,Coinbase Pro
2593,01-14-2021_09-22-18,LINK/USD,25.0,15.61065816,15.59892,0.018798310551180766,-0.16370168944881924,0.1825,False,Bittrex,Coinbase Pro
2594,01-14-2021_09-22-28,LINK/USD,25.0,15.61877275,15.59871,0.03211319852259078,-0.1503868014774092,0.1825,False,Bittrex,Coinbase Pro
2595,01-14-2021_09-22-38,LINK/USD,25.0,15.60036984,15.58303,0.027787546349606274,-0.1547124536503937,0.1825,False,Bittrex,Coinbase Pro
2596,01-14-2021_09-22-49,LINK/USD,25.0,15.60545767,15.59434,0.017810547814582422,-0.16468945218541758,0.1825,False,Bittrex,Coinbase Pro
2597,01-14-2021_09-23-00,LINK/USD,25.0,15.60545759,15.5946,0.017393898796915264,-0.16510610120308472,0.1825,False,Bittrex,Coinbase Pro
2598,01-14-2021_09-23-10,LINK/USD,25.0,15.59023784,15.57334,0.027096828434274203,-0.1554031715657258,0.1825,False,Bittrex,Coinbase Pro
2599,01-14-2021_09-23-20,LINK/USD,25.0,15.59023776,15.5641,0.0419136648240588,-0.1405863351759412,0.1825,False,Bittrex,Coinbase Pro
2600,01-14-2021_09-23-32,LINK/USD,25.0,15.58232973,15.56547,0.027049437234569713,-0.1554505627654303,0.1825,False,Bittrex,Coinbase Pro
2601,01-14-2021_09-23-43,LINK/USD,25.0,15.58459,15.56982,0.023693276499414478,-0.16130672350058553,0.185,False,Kraken,Coinbase Pro
2602,01-14-2021_09-23-55,LINK/USD,25.0,15.59269904,15.58165,0.01771508571360142,-0.16478491428639858,0.1825,False,Bittrex,Coinbase Pro
2603,01-14-2021_09-24-04,LINK/USD,25.0,15.59269896,15.5801,0.020200094980862837,-0.10729990501913717,0.1275,False,Bittrex,Kraken
2604,01-14-2021_09-24-14,LINK/USD,25.0,15.5989073,15.58515,0.022048499512526708,-0.16045150048747328,0.1825,False,Bittrex,Coinbase Pro
2605,01-14-2021_09-24-24,LINK/USD,25.0,15.59890719,15.5732,0.04120030603246432,-0.14129969396753567,0.1825,False,Bittrex,Coinbase Pro
2606,01-14-2021_09-24-34,LINK/USD,25.0,15.59021292,15.57305,0.027521946121054842,-0.15497805387894514,0.1825,False,Bittrex,Coinbase Pro
2607,01-14-2021_09-24-45,LINK/USD,25.0,15.6491,15.61434,0.05553034998817879,-0.03446965001182121,0.09,False,Binance US,Kraken
2608,01-14-2021_09-24-56,LINK/USD,25.0,15.65866001,15.64453,0.02255941758582282,-0.1599405824141772,0.1825,False,Bittrex,Coinbase Pro
2609,01-14-2021_09-25-07,LINK/USD,25.0,15.6314557,15.5921,0.06294311412084252,-0.11955688587915747,0.1825,False,Bittrex,Coinbase Pro
2610,01-14-2021_09-25-16,LINK/USD,25.0,15.62828655,15.59724,0.04966403370688293,-0.13283596629311706,0.1825,False,Bittrex,Coinbase Pro
2611,01-14-2021_09-25-27,LINK/USD,25.0,15.62313734,15.60657,0.026510904371272608,-0.1559890956287274,0.1825,False,Bittrex,Coinbase Pro
2612,01-14-2021_09-25-36,LINK/USD,25.0,15.62313726,15.60238,0.03321557580682724,-0.14928442419317275,0.1825,False,Bittrex,Coinbase Pro
2613,01-14-2021_09-25-48,LINK/USD,25.0,15.64215007,15.6287,0.021496517326277186,-0.041003482673722814,0.0625,False,Bittrex,Binance US
2614,01-14-2021_09-25-59,LINK/USD,25.0,15.6455248,15.63461,0.017440770027733605,-0.16505922997226638,0.1825,False,Bittrex,Coinbase Pro
2615,01-14-2021_09-26-09,LINK/USD,25.0,15.6472,15.63113,0.025675520220868817,-0.11932447977913117,0.145,False,Binance US,Coinbase Pro
2616,01-14-2021_09-26-20,LINK/USD,25.0,15.64504411,15.62912,0.025445933370398577,-0.15705406662960142,0.1825,False,Bittrex,Coinbase Pro
2617,01-14-2021_09-26-30,LINK/USD,25.0,15.62989214,15.6206,0.014862770511737558,-0.11263722948826245,0.1275,False,Bittrex,Kraken
2618,01-14-2021_09-26-40,LINK/USD,25.0,15.62989208,15.62286,0.011247806389204619,-0.11625219361079539,0.1275,False,Bittrex,Kraken
2619,01-14-2021_09-26-51,LINK/USD,25.0,15.64552482,15.63039,0.02418394424943315,-0.15831605575056684,0.1825,False,Bittrex,Coinbase Pro
2620,01-14-2021_09-27-02,LINK/USD,25.0,15.64552472,15.63029,0.024343574716487206,-0.10315642528351279,0.1275,False,Bittrex,Kraken
2621,01-14-2021_09-27-13,LINK/USD,25.0,15.65564904,15.64484,0.01726060665447797,-0.165239393345522,0.1825,False,Bittrex,Coinbase Pro
2622,01-14-2021_09-27-24,LINK/USD,25.0,15.64552477,15.63508,0.016689708644396332,-0.16581029135560366,0.1825,False,Bittrex,Coinbase Pro
2623,01-14-2021_09-27-34,LINK/USD,25.0,15.6639872,15.6413,0.03620917157031388,-0.1462908284296861,0.1825,False,Bittrex,Coinbase Pro
2624,01-14-2021_09-27-44,LINK/USD,25.0,15.66015339,15.64713,0.02079064884561608,-0.10670935115438393,0.1275,False,Bittrex,Kraken
2625,01-14-2021_09-27-54,LINK/USD,25.0,15.66398716,15.64713,0.026904324913911204,-0.1005956750860888,0.1275,False,Bittrex,Kraken
2626,01-14-2021_09-28-04,LINK/USD,25.0,15.65782816,15.6446,0.021120681401064156,-0.10637931859893585,0.1275,False,Bittrex,Kraken
2627,01-14-2021_09-28-17,LINK/USD,25.0,15.6448,15.6401,0.007510482716301429,-0.08248951728369856,0.09,False,Binance US,Kraken
2628,01-14-2021_09-28-30,LINK/USD,25.0,15.6595081,15.65034,0.014636634722900593,-0.1678633652770994,0.1825,False,Bittrex,Coinbase Pro
2629,01-14-2021_09-28-41,LINK/USD,25.0,15.65950802,15.63257,0.043005853002527974,-0.13949414699747203,0.1825,False,Bittrex,Coinbase Pro
2630,01-14-2021_09-28-54,LINK/USD,25.0,15.64353012,15.62653,0.02716797274910532,-0.15533202725089468,0.1825,False,Bittrex,Coinbase Pro
2631,01-14-2021_09-29-06,LINK/USD,25.0,15.64353003,15.62096,0.03606927265891643,-0.14643072734108356,0.1825,False,Bittrex,Coinbase Pro
2632,01-14-2021_09-29-28,LINK/USD,25.0,15.63500784,15.61584,0.030648913317077867,-0.15185108668292213,0.1825,False,Bittrex,Coinbase Pro
2633,01-14-2021_09-29-39,LINK/USD,25.0,15.63500782,15.62304,0.01913625521934761,-0.10836374478065239,0.1275,False,Bittrex,Kraken
2634,01-14-2021_09-29-50,LINK/USD,25.0,15.63500782,15.62264,0.019775845561425014,-0.10772415443857498,0.1275,False,Bittrex,Kraken
2635,01-14-2021_09-30-00,LINK/USD,25.0,15.63500782,15.625,0.016002262543160374,-0.046497737456839626,0.0625,False,Bittrex,Binance US
2636,01-14-2021_09-30-10,LINK/USD,25.0,15.64061384,15.625,0.02495720462081353,-0.03754279537918647,0.0625,False,Bittrex,Binance US
2637,01-14-2021_09-30-32,LINK/USD,25.0,15.6586,15.63588,0.03627399639814484,-0.05372600360185516,0.09,False,Binance US,Kraken
2638,01-14-2021_09-30-43,LINK/USD,25.0,15.65666694,15.63588,0.03319183463450319,-0.09430816536549681,0.1275,False,Bittrex,Kraken
2639,01-14-2021_09-30-54,LINK/USD,25.0,15.64552482,15.63588,0.015411467673604237,-0.11208853232639576,0.1275,False,Bittrex,Kraken
2640,01-14-2021_09-31-05,LINK/USD,25.0,15.64782,15.63588,0.019076139679519533,-0.16592386032048045,0.185,False,Coinbase Pro,Kraken
2641,01-14-2021_09-31-16,LINK/USD,25.0,15.65056,15.63588,0.02344964014067268,-0.1615503598593273,0.185,False,Coinbase Pro,Kraken
2642,01-14-2021_09-31-27,LINK/USD,25.0,15.65045547,15.63588,0.023282820790647057,-0.10421717920935294,0.1275,False,Bittrex,Kraken
2643,01-14-2021_09-31-37,LINK/USD,25.0,15.65848618,15.63588,0.036092537522679546,-0.09140746247732046,0.1275,False,Bittrex,Kraken
2644,01-14-2021_09-31-47,LINK/USD,25.0,15.6503,15.63588,0.02303470221018037,-0.06696529778981963,0.09,False,Binance US,Kraken
2645,01-14-2021_09-31-58,LINK/USD,25.0,15.65654979,15.63588,0.033005020705777516,-0.09449497929422249,0.1275,False,Bittrex,Kraken
2646,01-14-2021_09-32-08,LINK/USD,25.0,15.6431326,15.62101,0.03535513085147574,-0.14714486914852426,0.1825,False,Bittrex,Coinbase Pro
2647,01-14-2021_09-32-18,LINK/USD,25.0,15.6472,15.63572,0.018341939771972942,-0.12665806022802706,0.145,False,Binance US,Coinbase Pro
2648,01-14-2021_09-32-29,LINK/USD,25.0,15.6469,15.63588,0.01760732157807657,-0.07239267842192343,0.09,False,Binance US,Kraken
2649,01-14-2021_09-32-40,LINK/USD,25.0,15.6469,15.63588,0.01760732157807657,-0.07239267842192343,0.09,False,Binance US,Kraken
2650,01-14-2021_09-32-51,LINK/USD,25.0,15.66398708,15.63588,0.044859396040819254,-0.08264060395918074,0.1275,False,Bittrex,Kraken
2651,01-14-2021_09-33-03,LINK/USD,25.0,15.6473,15.63588,0.018245959366790628,-0.07175404063320936,0.09,False,Binance US,Kraken
2652,01-14-2021_09-33-12,LINK/USD,25.0,15.6475,15.63588,0.01856526601693662,-0.07143473398306338,0.09,False,Binance US,Kraken
2653,01-14-2021_09-33-22,LINK/USD,25.0,15.6566,15.63588,0.033085088716577934,-0.05691491128342206,0.09,False,Binance US,Kraken
2654,01-14-2021_09-33-32,LINK/USD,25.0,15.65381153,15.63588,0.028637641966039837,-0.09886235803396017,0.1275,False,Bittrex,Kraken
2655,01-14-2021_09-33-42,LINK/USD,25.0,15.65381172,15.63588,0.028637945058917546,-0.09886205494108245,0.1275,False,Bittrex,Kraken
2656,01-14-2021_09-33-52,LINK/USD,25.0,15.65381167,15.63588,0.028637865297633607,-0.09886213470236639,0.1275,False,Bittrex,Kraken
2657,01-14-2021_09-34-02,LINK/USD,25.0,15.65381161,15.63588,0.02863776958409391,-0.0988622304159061,0.1275,False,Bittrex,Kraken
2658,01-14-2021_09-34-11,LINK/USD,25.0,15.6468,15.63141,0.024589692461078325,-0.12041030753892167,0.145,False,Binance US,Coinbase Pro
2659,01-14-2021_09-34-22,LINK/USD,25.0,15.6451,15.63588,0.014733047407813178,-0.07526695259218683,0.09,False,Binance US,Kraken
2660,01-14-2021_09-34-31,LINK/USD,25.0,15.64441363,15.63469,0.015538501841567378,-0.16696149815843261,0.1825,False,Bittrex,Coinbase Pro
2661,01-14-2021_09-34-41,LINK/USD,25.0,15.65885774,15.64683,0.019202773598990207,-0.10829722640100979,0.1275,False,Bittrex,Kraken
2662,01-14-2021_09-34-51,LINK/USD,25.0,15.65885762,15.64204,0.0268500110418646,-0.1556499889581354,0.1825,False,Bittrex,Coinbase Pro
2663,01-14-2021_09-35-01,LINK/USD,25.0,15.6502,15.63897,0.01793906787133616,-0.12706093212866382,0.145,False,Binance US,Coinbase Pro
2664,01-14-2021_09-35-11,LINK/USD,25.0,15.6389,15.62939,0.01520247587745749,-0.1297975241225425,0.145,False,Binance US,Coinbase Pro
2665,01-14-2021_09-35-21,LINK/USD,25.0,15.64552478,15.63831,0.011528504319047802,-0.17097149568095218,0.1825,False,Bittrex,Coinbase Pro
2666,01-14-2021_09-35-32,LINK/USD,25.0,15.66398721,15.64706,0.027016125864163697,-0.1554838741358363,0.1825,False,Bittrex,Coinbase Pro
2667,01-14-2021_09-35-44,LINK/USD,25.0,15.6502592,15.64462,0.009008157513456636,-0.17349184248654337,0.1825,False,Bittrex,Coinbase Pro
2668,01-14-2021_09-35-54,LINK/USD,25.0,15.66120864,15.64908,0.019360957827071392,-0.1631390421729286,0.1825,False,Bittrex,Coinbase Pro
2669,01-14-2021_09-36-05,LINK/USD,25.0,15.6522,15.64534,0.010956926182903073,-0.1340430738170969,0.145,False,Binance US,Coinbase Pro
2670,01-14-2021_09-36-16,LINK/USD,25.0,15.6532,15.64534,0.012553343725246061,-0.13244665627475394,0.145,False,Binance US,Coinbase Pro
2671,01-14-2021_09-36-27,LINK/USD,25.0,15.66398723,15.65498,0.014375698006745504,-0.1131243019932545,0.1275,False,Bittrex,Kraken
2672,01-14-2021_09-36-37,LINK/USD,25.0,15.6793,15.65498,0.038777241330925895,-0.0512227586690741,0.09,False,Binance US,Kraken
2673,01-14-2021_09-36-47,LINK/USD,25.0,15.676,15.65498,0.033522582291400926,-0.05647741770859907,0.09,False,Binance US,Kraken
2674,01-14-2021_09-36-58,LINK/USD,25.0,15.6789,15.66398723,0.023778406010626484,-0.0637215939893735,0.0875,False,Binance US,Bittrex
2675,01-14-2021_09-37-10,LINK/USD,25.0,15.6784,15.66398723,0.02298188909582587,-0.06451811090417413,0.0875,False,Binance US,Bittrex
2676,01-14-2021_09-37-21,LINK/USD,25.0,15.6829,15.66398723,0.030148712929368965,-0.05735128707063103,0.0875,False,Binance US,Bittrex
2677,01-14-2021_09-37-32,LINK/USD,25.0,15.6836,15.66398723,0.03126318256012677,-0.05623681743987322,0.0875,False,Binance US,Bittrex
2678,01-14-2021_09-37-41,LINK/USD,25.0,15.6769,15.66375,0.020970344902371565,-0.12402965509762842,0.145,False,Binance US,Coinbase Pro
2679,01-14-2021_09-37-51,LINK/USD,25.0,15.6694,15.65638,0.020772971524115703,-0.1242270284758843,0.145,False,Binance US,Coinbase Pro
2680,01-14-2021_09-38-02,LINK/USD,25.0,15.6684,15.65054,0.028496847157336826,-0.11650315284266316,0.145,False,Binance US,Coinbase Pro
2681,01-14-2021_09-38-12,LINK/USD,25.0,15.66299619,15.64676,0.02591488531799066,-0.15658511468200934,0.1825,False,Bittrex,Coinbase Pro
2682,01-14-2021_09-38-23,LINK/USD,25.0,15.66299607,15.65043,0.020056938570118813,-0.16244306142988119,0.1825,False,Bittrex,Coinbase Pro
2683,01-14-2021_09-38-33,LINK/USD,25.0,15.6666,15.65403,0.02005859599402581,-0.06994140400597418,0.09,False,Binance US,Kraken
2684,01-14-2021_09-38-43,LINK/USD,25.0,15.6667,15.65911,0.012111676358136094,-0.1328883236418639,0.145,False,Binance US,Coinbase Pro
2685,01-14-2021_09-38-54,LINK/USD,25.0,15.66796,15.66398723,0.006339003290793338,-0.12116099670920666,0.1275,False,Kraken,Bittrex
2686,01-14-2021_09-39-04,LINK/USD,25.0,15.66398721,15.65359,0.016594130633232163,-0.16590586936676782,0.1825,False,Bittrex,Coinbase Pro
2687,01-14-2021_09-39-16,LINK/USD,25.0,15.665,15.66178,0.0051388445579299245,-0.08486115544207007,0.09,False,Binance US,Kraken
2688,01-14-2021_09-39-26,LINK/USD,25.0,15.6695,15.66322,0.010019464564916732,-0.07998053543508327,0.09,False,Binance US,Kraken
2689,01-14-2021_09-39-37,LINK/USD,25.0,15.66056593,15.65094,0.015366510448962327,-0.16713348955103766,0.1825,False,Bittrex,Coinbase Pro
2690,01-14-2021_09-39-48,LINK/USD,25.0,15.6455248,15.62159,0.038245441277880675,-0.1442545587221193,0.1825,False,Bittrex,Coinbase Pro
2691,01-14-2021_09-39-59,LINK/USD,25.0,15.6455248,15.63599,0.015235666623341458,-0.11226433337665855,0.1275,False,Bittrex,Kraken
2692,01-14-2021_09-40-09,LINK/USD,25.0,15.6554196,15.64079,0.02336187782536222,-0.15913812217463777,0.1825,False,Bittrex,Coinbase Pro
2693,01-14-2021_09-40-20,LINK/USD,25.0,15.66398713,15.65368,0.016450361447662036,-0.11104963855233796,0.1275,False,Bittrex,Kraken
2694,01-14-2021_09-40-30,LINK/USD,25.0,15.6664,15.65754,0.014138538528315875,-0.13086146147168412,0.145,False,Binance US,Coinbase Pro
2695,01-14-2021_09-40-39,LINK/USD,25.0,15.6664,15.66295,0.00550541285808971,-0.1394945871419103,0.145,False,Binance US,Coinbase Pro
2696,01-14-2021_09-40-49,LINK/USD,25.0,15.68085999,15.66659,0.022750649532457073,-0.15974935046754293,0.1825,False,Bittrex,Coinbase Pro
2697,01-14-2021_09-40-59,LINK/USD,25.0,15.68086003,15.66659,0.022750713246434878,-0.15974928675356512,0.1825,False,Bittrex,Coinbase Pro
2698,01-14-2021_09-41-09,LINK/USD,25.0,15.68085993,15.66334,0.027932030000603143,-0.15456796999939684,0.1825,False,Bittrex,Coinbase Pro
2699,01-14-2021_09-41-19,LINK/USD,25.0,15.68085978,15.65975,0.03365532932531545,-0.14884467067468454,0.1825,False,Bittrex,Coinbase Pro
2700,01-14-2021_09-41-30,LINK/USD,25.0,15.68085968,15.66659,0.0227501557491138,-0.1597498442508862,0.1825,False,Bittrex,Coinbase Pro
2701,01-14-2021_09-41-40,LINK/USD,25.0,15.68085956,15.67413,0.010728939912781373,-0.11677106008721863,0.1275,False,Bittrex,Kraken
2702,01-14-2021_09-41-51,LINK/USD,25.0,15.70038146,15.67413,0.04180067227487483,-0.08569932772512517,0.1275,False,Bittrex,Kraken
2703,01-14-2021_09-42-01,LINK/USD,25.0,15.70038137,15.66866,0.050510508713842495,-0.1319894912861575,0.1825,False,Bittrex,Coinbase Pro
2704,01-14-2021_09-42-11,LINK/USD,25.0,15.6888968,15.67314,0.025108202636657227,-0.10239179736334278,0.1275,False,Bittrex,Kraken
2705,01-14-2021_09-42-21,LINK/USD,25.0,15.68889669,15.67308,0.025203636547114345,-0.15729636345288564,0.1825,False,Bittrex,Coinbase Pro
2706,01-14-2021_09-42-33,LINK/USD,25.0,15.68036784,15.66672,0.021759438520928303,-0.1607405614790717,0.1825,False,Bittrex,Coinbase Pro
2707,01-14-2021_09-42-44,LINK/USD,25.0,15.6811,15.67149,0.015320991512075588,-0.07467900848792441,0.09,False,Binance US,Kraken
2708,01-14-2021_09-42-54,LINK/USD,25.0,15.6803679,15.67097,0.014983545124600898,-0.1125164548753991,0.1275,False,Bittrex,Kraken
2709,01-14-2021_09-43-06,LINK/USD,25.0,15.69094025,15.67406,0.026894898793588577,-0.10060510120641142,0.1275,False,Bittrex,Kraken
2710,01-14-2021_09-43-16,LINK/USD,25.0,15.69094017,15.67295,0.02866330794249523,-0.15383669205750478,0.1825,False,Bittrex,Coinbase Pro
2711,01-14-2021_09-43-27,LINK/USD,25.0,15.69094001,15.67365,0.027547760027412098,-0.0999522399725879,0.1275,False,Bittrex,Kraken
2712,01-14-2021_09-43-38,LINK/USD,25.0,15.70273089,15.68156,0.033705745434195133,-0.09379425456580487,0.1275,False,Bittrex,Kraken
2713,01-14-2021_09-43-48,LINK/USD,25.0,15.69355867,15.68156,0.019114004433770256,-0.10838599556622974,0.1275,False,Bittrex,Kraken
2714,01-14-2021_09-43-59,LINK/USD,25.0,15.69355878,15.68156,0.019114179530923394,-0.1083858204690766,0.1275,False,Bittrex,Kraken
2715,01-14-2021_09-44-11,LINK/USD,25.0,15.69355864,15.67852,0.02395670788406733,-0.15854329211593265,0.1825,False,Bittrex,Coinbase Pro
2716,01-14-2021_09-44-22,LINK/USD,25.0,15.69355851,15.68142,0.019336771185876737,-0.10816322881412327,0.1275,False,Bittrex,Kraken
2717,01-14-2021_09-44-32,LINK/USD,25.0,15.70505594,15.67994,0.03998065988423211,-0.1425193401157679,0.1825,False,Bittrex,Coinbase Pro
2718,01-14-2021_09-44-43,LINK/USD,25.0,15.69273663,15.67161,0.03365670134234779,-0.1488432986576522,0.1825,False,Bittrex,Coinbase Pro
2719,01-14-2021_09-44-54,LINK/USD,25.0,15.69273651,15.68155,0.017821158841339533,-0.10967884115866047,0.1275,False,Bittrex,Kraken
2720,01-14-2021_09-45-04,LINK/USD,25.0,15.69273666,15.66397,0.045827984983211216,-0.13667201501678877,0.1825,False,Bittrex,Coinbase Pro
2721,01-14-2021_09-45-13,LINK/USD,25.0,15.67311651,15.65959,0.02157597372445003,-0.10592402627554998,0.1275,False,Bittrex,Kraken
2722,01-14-2021_09-45-22,LINK/USD,25.0,15.67311638,15.65787,0.024319317917294272,-0.15818068208270572,0.1825,False,Bittrex,Coinbase Pro
2723,01-14-2021_09-45-31,LINK/USD,25.0,15.6731163,15.65903,0.02246888833460749,-0.1600311116653925,0.1825,False,Bittrex,Coinbase Pro
2724,01-14-2021_09-45-41,LINK/USD,25.0,15.67311624,15.66088,0.019517879872496896,-0.1079821201275031,0.1275,False,Bittrex,Kraken
2725,01-14-2021_09-45-51,LINK/USD,25.0,15.67311609,15.6573,0.025228055973649847,-0.15727194402635014,0.1825,False,Bittrex,Coinbase Pro
2726,01-14-2021_09-46-01,LINK/USD,25.0,15.67311598,15.65904,0.02245242748468644,-0.16004757251531354,0.1825,False,Bittrex,Coinbase Pro
2727,01-14-2021_09-46-11,LINK/USD,25.0,15.67311589,15.65678,0.026057183068529863,-0.15644281693147014,0.1825,False,Bittrex,Coinbase Pro
2728,01-14-2021_09-46-21,LINK/USD,25.0,15.67311582,15.65934,0.02197364608002898,-0.16052635391997103,0.1825,False,Bittrex,Coinbase Pro
2729,01-14-2021_09-46-30,LINK/USD,25.0,15.67311574,15.65936,0.021941616823663825,-0.16055838317633617,0.1825,False,Bittrex,Coinbase Pro
2730,01-14-2021_09-46-39,LINK/USD,25.0,15.69185992,15.66802,0.03798134848504362,-0.08951865151495639,0.1275,False,Bittrex,Kraken
2731,01-14-2021_09-46-48,LINK/USD,25.0,15.69185987,15.67266,0.030588901123037436,-0.15191109887696255,0.1825,False,Bittrex,Coinbase Pro
2732,01-14-2021_09-46-59,LINK/USD,25.0,15.69185987,15.67265,0.030604832950243497,-0.1518951670497565,0.1825,False,Bittrex,Coinbase Pro
2733,01-14-2021_09-47-09,LINK/USD,25.0,15.69185984,15.66446,0.043652951720475106,-0.13884704827952488,0.1825,False,Bittrex,Coinbase Pro
2734,01-14-2021_09-47-19,LINK/USD,25.0,15.69185975,15.67555,0.025984412077098357,-0.15651558792290163,0.1825,False,Bittrex,Coinbase Pro
2735,01-14-2021_09-47-29,LINK/USD,25.0,15.69185968,15.67791,0.022224389403919954,-0.16027561059608003,0.1825,False,Bittrex,Coinbase Pro
2736,01-14-2021_09-47-39,LINK/USD,25.0,15.69185957,15.68044,0.018193461949263526,-0.16430653805073647,0.1825,False,Bittrex,Coinbase Pro
2737,01-14-2021_09-47-50,LINK/USD,25.0,15.70222902,15.68156,0.032907780121018575,-0.09459221987898142,0.1275,False,Bittrex,Kraken
2738,01-14-2021_09-48-00,LINK/USD,25.0,15.7126,15.68961,0.036578923920929804,-0.05342107607907019,0.09,False,Binance US,Kraken
2739,01-14-2021_09-48-10,LINK/USD,25.0,15.7054,15.68961,0.025134667057189062,-0.06486533294281094,0.09,False,Binance US,Kraken
2740,01-14-2021_09-48-19,LINK/USD,25.0,15.70505573,15.68961,0.024587193871740107,-0.1029128061282599,0.1275,False,Bittrex,Kraken
2741,01-14-2021_09-48-28,LINK/USD,25.0,15.7063,15.68953,0.02669311040792717,-0.06330688959207283,0.09,False,Binance US,Kraken
2742,01-14-2021_09-48-38,LINK/USD,25.0,15.6913,15.67977,0.01837005219452895,-0.12662994780547104,0.145,False,Binance US,Coinbase Pro
2743,01-14-2021_09-48-48,LINK/USD,25.0,15.6993232,15.68509,0.022665308272651542,-0.15983469172734846,0.1825,False,Bittrex,Coinbase Pro
2744,01-14-2021_09-49-00,LINK/USD,25.0,15.69932302,15.68328,0.02554731178465759,-0.15695268821534242,0.1825,False,Bittrex,Coinbase Pro
2745,01-14-2021_09-49-09,LINK/USD,25.0,15.71015586,15.68961,0.032695188041247665,-0.09480481195875234,0.1275,False,Bittrex,Kraken
2746,01-14-2021_09-49-19,LINK/USD,25.0,15.71714402,15.68961,0.04379615654880148,-0.08370384345119852,0.1275,False,Bittrex,Kraken
2747,01-14-2021_09-49-30,LINK/USD,25.0,15.71714389,15.68961,0.04379595013047734,-0.08370404986952266,0.1275,False,Bittrex,Kraken
2748,01-14-2021_09-49-41,LINK/USD,25.0,15.71714399,15.68961,0.04379610891380564,-0.08370389108619436,0.1275,False,Bittrex,Kraken
2749,01-14-2021_09-49-51,LINK/USD,25.0,15.70360336,15.68728,0.02598664718184978,-0.1565133528181502,0.1825,False,Bittrex,Coinbase Pro
2750,01-14-2021_09-50-01,LINK/USD,25.0,15.68844655,15.67191,0.026351477737608844,-0.15614852226239115,0.1825,False,Bittrex,Coinbase Pro
2751,01-14-2021_09-50-10,LINK/USD,25.0,15.68844643,15.67167,0.026733733762062787,-0.1557662662379372,0.1825,False,Bittrex,Coinbase Pro
2752,01-14-2021_09-50-20,LINK/USD,25.0,15.68844631,15.67289,0.02478943690887248,-0.15771056309112752,0.1825,False,Bittrex,Coinbase Pro
2753,01-14-2021_09-50-30,LINK/USD,25.0,15.70505593,15.67956,0.040585544734191764,-0.08691445526580824,0.1275,False,Bittrex,Kraken
2754,01-14-2021_09-50-40,LINK/USD,25.0,15.70505578,15.69385,0.01783785450522122,-0.16466214549477878,0.1825,False,Bittrex,Coinbase Pro
2755,01-14-2021_09-50-49,LINK/USD,25.0,15.70505564,15.6928,0.019509068100314206,-0.16299093189968578,0.1825,False,Bittrex,Coinbase Pro
2756,01-14-2021_09-50-59,LINK/USD,25.0,15.70505552,15.69279,0.019524795669107725,-0.16297520433089227,0.1825,False,Bittrex,Coinbase Pro
2757,01-14-2021_09-51-09,LINK/USD,25.0,15.70505584,15.68824,0.0267681951775849,-0.1557318048224151,0.1825,False,Bittrex,Coinbase Pro
2758,01-14-2021_09-51-19,LINK/USD,25.0,15.76302003,15.70895,0.08575455384992,-0.041745446150079996,0.1275,False,Bittrex,Kraken
2759,01-14-2021_09-51-30,LINK/USD,25.0,15.72291697,15.70894,0.022223881908599603,-0.1052761180914004,0.1275,False,Bittrex,Kraken
2760,01-14-2021_09-51-40,LINK/USD,25.0,15.7239,15.71773,0.009809907211316684,-0.1351900927886833,0.145,False,Binance US,Coinbase Pro
2761,01-14-2021_09-51-51,LINK/USD,25.0,15.73592893,15.71612,0.03147086213994477,-0.15102913786005523,0.1825,False,Bittrex,Coinbase Pro
2762,01-14-2021_09-52-01,LINK/USD,25.0,15.73159844,15.71773,0.022039146328479055,-0.16046085367152094,0.1825,False,Bittrex,Coinbase Pro
2763,01-14-2021_09-52-11,LINK/USD,25.0,15.73159843,15.70811,0.03732683316402269,-0.1451731668359773,0.1825,False,Bittrex,Coinbase Pro
2764,01-14-2021_09-52-21,LINK/USD,25.0,15.7316,15.71773,0.02204162322967898,-0.12295837677032101,0.145,False,Binance US,Coinbase Pro
2765,01-14-2021_09-52-31,LINK/USD,25.0,15.73159836,15.71507,0.026266180367954042,-0.15623381963204597,0.1825,False,Bittrex,Coinbase Pro
2766,01-14-2021_09-52-41,LINK/USD,25.0,15.76146154,15.73691,0.038942359402542,-0.14355764059745799,0.1825,False,Bittrex,Coinbase Pro
2767,01-14-2021_09-52-52,LINK/USD,25.0,15.76146141,15.73114,0.04809422364344208,-0.13440577635655793,0.1825,False,Bittrex,Coinbase Pro
2768,01-14-2021_09-53-03,LINK/USD,25.0,15.7445,15.72908,0.024484740703103712,-0.12051525929689627,0.145,False,Binance US,Coinbase Pro
2769,01-14-2021_09-53-13,LINK/USD,25.0,15.71323001,15.69941,0.021987856715654164,-0.16051214328434582,0.1825,False,Bittrex,Coinbase Pro
2770,01-14-2021_09-53-23,LINK/USD,25.0,15.71322987,15.70106,0.019362457783479323,-0.16313754221652066,0.1825,False,Bittrex,Coinbase Pro
2771,01-14-2021_09-53-32,LINK/USD,25.0,15.71322976,15.69701,0.025805897717618955,-0.15669410228238104,0.1825,False,Bittrex,Coinbase Pro
2772,01-14-2021_09-53-41,LINK/USD,25.0,15.71322969,15.70475,0.013491322546815813,-0.16900867745318418,0.1825,False,Bittrex,Coinbase Pro
2773,01-14-2021_09-53-51,LINK/USD,25.0,15.73159831,15.7054,0.04163326173817365,-0.08586673826182635,0.1275,False,Bittrex,Kraken
2774,01-14-2021_09-54-00,LINK/USD,25.0,15.73159829,15.70903,0.03586458537774009,-0.09163541462225991,0.1275,False,Bittrex,Kraken
2775,01-14-2021_09-54-11,LINK/USD,25.0,15.7302,15.72218,0.012746182502447741,-0.07725381749755225,0.09,False,Binance US,Kraken
2776,01-14-2021_09-54-20,LINK/USD,25.0,15.80256,15.73675,0.10411287791345047,-0.023387122086549528,0.1275,False,Bittrex,Kraken
2777,01-14-2021_09-54-29,LINK/USD,25.0,15.7421,15.73159832,0.016677698655199823,-0.07082230134480016,0.0875,False,Binance US,Bittrex
2778,01-14-2021_09-54-39,LINK/USD,25.0,15.73890471,15.72877,0.016098181841014372,-0.11140181815898563,0.1275,False,Bittrex,Kraken
2779,01-14-2021_09-54-49,LINK/USD,25.0,15.7355,15.72575,0.01549045152680304,-0.12950954847319696,0.145,False,Binance US,Coinbase Pro
2780,01-14-2021_09-55-00,LINK/USD,25.0,15.73159822,15.71893,0.020131807052977416,-0.10736819294702259,0.1275,False,Bittrex,Kraken
2781,01-14-2021_09-55-10,LINK/USD,25.0,15.74127546,15.73721,0.006456687722561156,-0.12104331227743885,0.1275,False,Bittrex,Kraken
2782,01-14-2021_09-55-19,LINK/USD,25.0,15.74127541,15.73464,0.010538234398376893,-0.11696176560162311,0.1275,False,Bittrex,Kraken
2783,01-14-2021_09-55-29,LINK/USD,25.0,15.7365,15.72941,0.011263622787786068,-0.07873637721221392,0.09,False,Binance US,Kraken
2784,01-14-2021_09-55-39,LINK/USD,25.0,15.7327,15.72506,0.012140319207765217,-0.13285968079223479,0.145,False,Binance US,Coinbase Pro
2785,01-14-2021_09-55-50,LINK/USD,25.0,15.73450884,15.72884,0.009007017723980366,-0.11849298227601963,0.1275,False,Bittrex,Kraken
2786,01-14-2021_09-56-00,LINK/USD,25.0,15.74127538,15.72458,0.026515291164418683,-0.1559847088355813,0.1825,False,Bittrex,Coinbase Pro
2787,01-14-2021_09-56-09,LINK/USD,25.0,15.72883109,15.7185,0.016420625825411102,-0.11107937417458891,0.1275,False,Bittrex,Kraken
2788,01-14-2021_09-56-19,LINK/USD,25.0,15.74127547,15.71951,0.03456751335284279,-0.09293248664715721,0.1275,False,Bittrex,Kraken
2789,01-14-2021_09-56-29,LINK/USD,25.0,15.74127535,15.71817,0.03669548604903827,-0.14580451395096172,0.1825,False,Bittrex,Coinbase Pro
2790,01-14-2021_09-56-39,LINK/USD,25.0,15.72881955,15.72235,0.010282955404622637,-0.11721704459537736,0.1275,False,Bittrex,Kraken
2791,01-14-2021_09-56-48,LINK/USD,25.0,15.72881948,15.70912,0.03131112291206721,-0.15118887708793277,0.1825,False,Bittrex,Coinbase Pro
2792,01-14-2021_09-56-58,LINK/USD,25.0,15.72881957,15.71956,0.014717522123627973,-0.11278247787637202,0.1275,False,Bittrex,Kraken
2793,01-14-2021_09-57-07,LINK/USD,25.0,15.72881952,15.71106,0.028227674647512663,-0.15427232535248733,0.1825,False,Bittrex,Coinbase Pro
2794,01-14-2021_09-57-18,LINK/USD,25.0,15.7184686,15.70343,0.02391867869367166,-0.15858132130632835,0.1825,False,Bittrex,Coinbase Pro
2795,01-14-2021_09-57-28,LINK/USD,25.0,15.71846852,15.70648,0.019067570076475825,-0.16343242992352416,0.1825,False,Bittrex,Coinbase Pro
2796,01-14-2021_09-57-37,LINK/USD,25.0,15.71846847,15.71089,0.012053448487148215,-0.1704465515128518,0.1825,False,Bittrex,Coinbase Pro
2797,01-14-2021_09-57-47,LINK/USD,25.0,15.71733,15.7057,0.018498689026698954,-0.16650131097330104,0.185,False,Kraken,Coinbase Pro
2798,01-14-2021_09-57-57,LINK/USD,25.0,15.71733,15.69174,0.04070347826253109,-0.1442965217374689,0.185,False,Kraken,Coinbase Pro
2799,01-14-2021_09-58-07,LINK/USD,25.0,15.7005,15.69274,0.012356294385528046,-0.13264370561447195,0.145,False,Binance US,Coinbase Pro
2800,01-14-2021_09-58-18,LINK/USD,25.0,15.70545846,15.67878,0.04246685963982902,-0.14003314036017098,0.1825,False,Bittrex,Coinbase Pro
2801,01-14-2021_09-58-28,LINK/USD,25.0,15.6958,15.67998,0.025197823621605338,-0.11980217637839466,0.145,False,Binance US,Coinbase Pro
2802,01-14-2021_09-58-39,LINK/USD,25.0,15.69402548,15.67941,0.02328191708785188,-0.15921808291214812,0.1825,False,Bittrex,Coinbase Pro
2803,01-14-2021_09-58-50,LINK/USD,25.0,15.69402541,15.67909,0.023791553807608577,-0.1587084461923914,0.1825,False,Bittrex,Coinbase Pro
2804,01-14-2021_09-59-01,LINK/USD,25.0,15.68506672,15.6669,0.028955439470390677,-0.15354456052960933,0.1825,False,Bittrex,Coinbase Pro
2805,01-14-2021_09-59-12,LINK/USD,25.0,15.68506666,15.662,0.036765320320289244,-0.14573467967971077,0.1825,False,Bittrex,Coinbase Pro
2806,01-14-2021_09-59-24,LINK/USD,25.0,15.6730777,15.65607,0.027128845280976026,-0.15537115471902396,0.1825,False,Bittrex,Coinbase Pro
2807,01-14-2021_09-59-35,LINK/USD,25.0,15.66233648,15.6438,0.029587667241841583,-0.1529123327581584,0.1825,False,Bittrex,Coinbase Pro
2808,01-14-2021_09-59-47,LINK/USD,25.0,15.62910829,15.6,0.046561021684494205,-0.13593897831550578,0.1825,False,Bittrex,Coinbase Pro
2809,01-14-2021_10-00-00,LINK/USD,25.0,15.6271334,15.60812,0.030417286896649263,-0.15208271310335073,0.1825,False,Bittrex,Coinbase Pro
2810,01-14-2021_10-00-12,LINK/USD,25.0,15.6147,15.60184,0.020589572646288228,-0.12441042735371176,0.145,False,Binance US,Coinbase Pro
2811,01-14-2021_10-00-24,LINK/USD,25.0,15.62276602,15.59947,0.037278961949146705,-0.1452210380508533,0.1825,False,Bittrex,Coinbase Pro
2812,01-14-2021_10-00-36,LINK/USD,25.0,15.60990827,15.59713,0.020464998542877554,-0.16203500145712244,0.1825,False,Bittrex,Coinbase Pro
2813,01-14-2021_10-00-49,LINK/USD,25.0,15.60990816,15.60001,0.015852367449163365,-0.16664763255083664,0.1825,False,Bittrex,Coinbase Pro
2814,01-14-2021_10-01-02,LINK/USD,25.0,15.62836025,15.61095,0.027850410602096427,-0.09964958939790358,0.1275,False,Bittrex,Kraken
2815,01-14-2021_10-01-12,LINK/USD,25.0,15.6369726,15.62104,0.025472641680013078,-0.15702735831998693,0.1825,False,Bittrex,Coinbase Pro
2816,01-14-2021_10-01-25,LINK/USD,25.0,15.63147251,15.61175,0.03154294962835744,-0.09595705037164257,0.1275,False,Bittrex,Kraken
2817,01-14-2021_10-01-36,LINK/USD,25.0,15.63147241,15.60215,0.04689642989300566,-0.13560357010699434,0.1825,False,Bittrex,Coinbase Pro
2818,01-14-2021_10-01-46,LINK/USD,25.0,15.6151053,15.59539,0.03156446854059905,-0.09593553145940095,0.1275,False,Bittrex,Kraken
2819,01-14-2021_10-01-57,LINK/USD,25.0,15.61510518,15.58752,0.04416425583116193,-0.08333574416883807,0.1275,False,Bittrex,Kraken
2820,01-14-2021_10-02-09,LINK/USD,25.0,15.61604579,15.59834,0.02834550794436268,-0.09915449205563732,0.1275,False,Bittrex,Kraken
2821,01-14-2021_10-02-32,LINK/USD,25.0,15.63885475,15.6183,0.03285846426830026,-0.09464153573169974,0.1275,False,Bittrex,Kraken
2822,01-14-2021_10-02-42,LINK/USD,25.0,15.63885475,15.6275,0.018151504987922205,-0.1643484950120778,0.1825,False,Bittrex,Coinbase Pro
2823,01-14-2021_10-02-53,LINK/USD,25.0,15.65552991,15.63209,0.03743071958399211,-0.0900692804160079,0.1275,False,Bittrex,Kraken
2824,01-14-2021_10-03-04,LINK/USD,25.0,15.66730867,15.63209,0.056197702397090744,-0.07130229760290926,0.1275,False,Bittrex,Kraken
2825,01-14-2021_10-03-14,LINK/USD,25.0,15.6894,15.6668,0.03601157469374043,-0.053988425306259566,0.09,False,Binance US,Kraken
2826,01-14-2021_10-03-24,LINK/USD,25.0,15.70108478,15.68707,0.022314986824751283,-0.10518501317524873,0.1275,False,Bittrex,Kraken
2827,01-14-2021_10-03-35,LINK/USD,25.0,15.7470671,15.71734,0.04719466141095024,-0.08030533858904976,0.1275,False,Bittrex,Kraken
2828,01-14-2021_10-03-46,LINK/USD,25.0,15.76117,15.73679,0.038670986988911256,-0.14632901301108875,0.185,False,Coinbase Pro,Kraken
2829,01-14-2021_10-04-07,LINK/USD,25.0,15.81006318,15.77139,0.0611527916740431,-0.0663472083259569,0.1275,False,Bittrex,Kraken
2830,01-14-2021_10-04-18,LINK/USD,25.0,15.81006306,15.77139,0.061152602385633574,-0.06634739761436642,0.1275,False,Bittrex,Kraken
2831,01-14-2021_10-04-28,LINK/USD,25.0,15.82641439,15.79415,0.05096604512704144,-0.07653395487295855,0.1275,False,Bittrex,Kraken
2832,01-14-2021_10-04-38,LINK/USD,25.0,15.85780925,15.84289,0.02352035165260952,-0.10397964834739049,0.1275,False,Bittrex,Kraken
2833,01-14-2021_10-04-50,LINK/USD,25.0,15.90413,15.87679,0.04297625836811034,-0.14202374163188966,0.185,False,Coinbase Pro,Kraken
2834,01-14-2021_10-05-00,LINK/USD,25.0,15.91157829,15.89202,0.030729651143863824,-0.15177034885613616,0.1825,False,Bittrex,Coinbase Pro
2835,01-14-2021_10-05-11,LINK/USD,25.0,15.90020136,15.87071,0.04636947566304239,-0.1361305243369576,0.1825,False,Bittrex,Coinbase Pro
2836,01-14-2021_10-05-21,LINK/USD,25.0,15.87386591,15.84491,0.04560311609687579,-0.1368968839031242,0.1825,False,Bittrex,Coinbase Pro
2837,01-14-2021_10-05-43,LINK/USD,25.0,15.86258007,15.82092,0.06565777732272893,-0.11684222267727107,0.1825,False,Bittrex,Coinbase Pro
2838,01-14-2021_10-05-54,LINK/USD,25.0,15.8335881,15.81565,0.02832286005974901,-0.15417713994025098,0.1825,False,Bittrex,Coinbase Pro
2839,01-14-2021_10-06-05,LINK/USD,25.0,15.83080614,15.8146,0.025592727016995005,-0.156907272983005,0.1825,False,Bittrex,Coinbase Pro
2840,01-14-2021_10-06-15,LINK/USD,25.0,15.8477,15.82479,0.036140891107226195,-0.0538591088927738,0.09,False,Binance US,Kraken
2841,01-14-2021_10-06-25,LINK/USD,25.0,15.86740552,15.84557,0.034403103854119835,-0.14809689614588017,0.1825,False,Bittrex,Coinbase Pro
2842,01-14-2021_10-06-37,LINK/USD,25.0,15.8674054,15.84753,0.031314823531262546,-0.15118517646873744,0.1825,False,Bittrex,Coinbase Pro
2843,01-14-2021_10-06-48,LINK/USD,25.0,15.89013134,15.87387,0.025584023901466052,-0.15691597609853394,0.1825,False,Bittrex,Coinbase Pro
2844,01-14-2021_10-07-00,LINK/USD,25.0,15.90603295,15.8892,0.026456863966196415,-0.03604313603380359,0.0625,False,Bittrex,Binance US
2845,01-14-2021_10-07-11,LINK/USD,25.0,15.88550472,15.86429,0.033386915263211865,-0.09411308473678814,0.1275,False,Bittrex,Kraken
2846,01-14-2021_10-07-22,LINK/USD,25.0,15.8759,15.86622,0.015243230305052733,-0.07475676969494727,0.09,False,Binance US,Kraken
2847,01-14-2021_10-07-32,LINK/USD,25.0,15.85387,15.8392,0.02313315297779127,-0.041866847022208734,0.065,False,Kraken,Binance US
2848,01-14-2021_10-07-44,LINK/USD,25.0,15.85282411,15.82269,0.04752167467276679,-0.07997832532723322,0.1275,False,Bittrex,Kraken
2849,01-14-2021_10-07-56,LINK/USD,25.0,15.84219992,15.82069,0.03394402309751899,-0.148555976902481,0.1825,False,Bittrex,Coinbase Pro
2850,01-14-2021_10-08-18,LINK/USD,25.0,15.82802195,15.81395,0.02222632437024126,-0.10527367562975874,0.1275,False,Bittrex,Kraken
2851,01-14-2021_10-08-29,LINK/USD,25.0,15.84885,15.8374,0.018061247346021887,-0.16693875265397812,0.185,False,Coinbase Pro,Kraken
2852,01-14-2021_10-08-52,LINK/USD,25.0,15.8510245,15.84165,0.014785321920358904,-0.1127146780796411,0.1275,False,Bittrex,Kraken
2853,01-14-2021_10-09-02,LINK/USD,25.0,15.85102445,15.83061,0.03219736690268074,-0.15030263309731925,0.1825,False,Bittrex,Coinbase Pro
2854,01-14-2021_10-09-12,LINK/USD,25.0,15.84336992,15.81715,0.041373647355954744,-0.14112635264404524,0.1825,False,Bittrex,Coinbase Pro
2855,01-14-2021_10-09-35,LINK/USD,25.0,15.83373628,15.81552,0.028761815401413187,-0.09873818459858681,0.1275,False,Bittrex,Kraken
2856,01-14-2021_10-09-46,LINK/USD,25.0,15.83373614,15.81552,0.028761594608712207,-0.0987384053912878,0.1275,False,Bittrex,Kraken
2857,01-14-2021_10-09-58,LINK/USD,25.0,15.83373603,15.81051,0.03667174625747504,-0.09082825374252496,0.1275,False,Bittrex,Kraken
2858,01-14-2021_10-10-08,LINK/USD,25.0,15.83373591,15.81052,0.03665576799430043,-0.09084423200569958,0.1275,False,Bittrex,Kraken
2859,01-14-2021_10-10-30,LINK/USD,25.0,15.81781592,15.79731,0.032409531290081756,-0.09509046870991825,0.1275,False,Bittrex,Kraken
2860,01-14-2021_10-10-40,LINK/USD,25.0,15.81781585,15.80399,0.021851705271938533,-0.10564829472806148,0.1275,False,Bittrex,Kraken
2861,01-14-2021_10-10-51,LINK/USD,25.0,15.81781573,15.8,0.028157696208032018,-0.15434230379196798,0.1825,False,Bittrex,Coinbase Pro
2862,01-14-2021_10-11-04,LINK/USD,25.0,15.8337636,15.8,0.053309498696820515,-0.1291905013031795,0.1825,False,Bittrex,Coinbase Pro
2863,01-14-2021_10-11-15,LINK/USD,25.0,15.83376347,15.8,0.05330929387692575,-0.12919070612307426,0.1825,False,Bittrex,Coinbase Pro
2864,01-14-2021_10-11-37,LINK/USD,25.0,15.86892796,15.84332,0.04034292685767589,-0.08715707314232411,0.1275,False,Bittrex,Kraken
2865,01-14-2021_10-11-49,LINK/USD,25.0,15.8689278,15.84292,0.04097283749693593,-0.08652716250306408,0.1275,False,Bittrex,Kraken
2866,01-14-2021_10-11-59,LINK/USD,25.0,15.84116317,15.82566,0.024466590353289956,-0.10303340964671004,0.1275,False,Bittrex,Kraken
2867,01-14-2021_10-12-09,LINK/USD,25.0,15.88456225,15.84849,0.056772496201461485,-0.07072750379853851,0.1275,False,Bittrex,Kraken
2868,01-14-2021_10-12-21,LINK/USD,25.0,15.8676,15.84108,0.04178325644709921,-0.10321674355290078,0.145,False,Binance US,Coinbase Pro
2869,01-14-2021_10-12-43,LINK/USD,25.0,15.86400428,15.8386,0.040034469783942934,-0.14246553021605707,0.1825,False,Bittrex,Coinbase Pro
2870,01-14-2021_10-12-56,LINK/USD,25.0,15.88267333,15.84838,0.05397915276520831,-0.12852084723479168,0.1825,False,Bittrex,Coinbase Pro
2871,01-14-2021_10-13-19,LINK/USD,25.0,15.8768,15.85984,0.026705633377001662,-0.06329436662299834,0.09,False,Binance US,Kraken
2872,01-14-2021_10-13-30,LINK/USD,25.0,15.87751686,15.84629,0.049168362212024606,-0.13333163778797538,0.1825,False,Bittrex,Coinbase Pro
2873,01-14-2021_10-13-54,LINK/USD,25.0,15.86137257,15.83953,0.034427301142451586,-0.14807269885754842,0.1825,False,Bittrex,Coinbase Pro
2874,01-14-2021_10-14-06,LINK/USD,25.0,15.8622,15.84526,0.026698692489061978,-0.11830130751093801,0.145,False,Binance US,Coinbase Pro
2875,01-14-2021_10-14-29,LINK/USD,25.0,15.90752671,15.87619,0.04924824356935103,-0.13325175643064896,0.1825,False,Bittrex,Coinbase Pro
2876,01-14-2021_10-14-40,LINK/USD,25.0,15.8977,15.88419,0.02124521157148539,-0.1237547884285146,0.145,False,Binance US,Coinbase Pro
2877,01-14-2021_10-14-53,LINK/USD,25.0,15.89223462,15.86513,0.04263815103429325,-0.13986184896570675,0.1825,False,Bittrex,Coinbase Pro
2878,01-14-2021_10-15-14,LINK/USD,25.0,15.8798,15.86672,0.02059219889419049,-0.0694078011058095,0.09,False,Binance US,Kraken
2879,01-14-2021_10-15-25,LINK/USD,25.0,15.90215311,15.88417,0.028271501782819255,-0.15422849821718074,0.1825,False,Bittrex,Coinbase Pro
2880,01-14-2021_10-15-35,LINK/USD,25.0,15.89164758,15.86895,0.03570677597420154,-0.14679322402579845,0.1825,False,Bittrex,Coinbase Pro
2881,01-14-2021_10-15-46,LINK/USD,25.0,15.8841876,15.87038,0.02173167483869274,-0.10576832516130727,0.1275,False,Bittrex,Kraken
2882,01-14-2021_10-15-57,LINK/USD,25.0,15.89481508,15.87428,0.032298393999309345,-0.15020160600069066,0.1825,False,Bittrex,Coinbase Pro
2883,01-14-2021_10-16-09,LINK/USD,25.0,15.87991371,15.85811,0.0343259264473679,-0.1481740735526321,0.1825,False,Bittrex,Coinbase Pro
2884,01-14-2021_10-16-19,LINK/USD,25.0,15.89529821,15.87634,0.029817323571935676,-0.09768267642806433,0.1275,False,Bittrex,Kraken
2885,01-14-2021_10-16-42,LINK/USD,25.0,15.88405895,15.85707,0.04247804368668593,-0.14002195631331407,0.1825,False,Bittrex,Coinbase Pro
2886,01-14-2021_10-16-53,LINK/USD,25.0,15.88405893,15.85796,0.04107723679919616,-0.14142276320080382,0.1825,False,Bittrex,Coinbase Pro
2887,01-14-2021_10-17-05,LINK/USD,25.0,15.89264816,15.87365,0.0298851390415489,-0.1526148609584511,0.1825,False,Bittrex,Coinbase Pro
2888,01-14-2021_10-17-27,LINK/USD,25.0,15.90459046,15.88419,0.0320669369816634,-0.1504330630183366,0.1825,False,Bittrex,Coinbase Pro
2889,01-14-2021_10-17-39,LINK/USD,25.0,15.96498539,15.89345,0.11201919114315124,-0.015480808856848757,0.1275,False,Bittrex,Kraken
2890,01-14-2021_10-18-02,LINK/USD,25.0,15.93002646,15.89345,0.05740175650656283,-0.07009824349343717,0.1275,False,Bittrex,Kraken
2891,01-14-2021_10-18-14,LINK/USD,25.0,15.9498195,15.93646,0.020939892141099103,-0.1615601078589009,0.1825,False,Bittrex,Coinbase Pro
2892,01-14-2021_10-18-25,LINK/USD,25.0,15.9505,15.9438,0.010501238205699464,-0.07949876179430053,0.09,False,Binance US,Kraken
2893,01-14-2021_10-18-36,LINK/USD,25.0,15.94981943,15.93337,0.025783097533160857,-0.15671690246683914,0.1825,False,Bittrex,Coinbase Pro
2894,01-14-2021_10-18-48,LINK/USD,25.0,15.94981948,15.94143,0.013149804000164064,-0.11435019599983594,0.1275,False,Bittrex,Kraken
2895,01-14-2021_10-18-59,LINK/USD,25.0,15.9498195,15.94216,0.012005621756410501,-0.17049437824358948,0.1825,False,Bittrex,Coinbase Pro
2896,01-14-2021_10-19-10,LINK/USD,25.0,15.95997513,15.93457,0.03979506514431413,-0.14270493485568586,0.1825,False,Bittrex,Coinbase Pro
2897,01-14-2021_10-19-32,LINK/USD,25.0,15.9272,15.9189,0.013028027525237362,-0.07697197247476263,0.09,False,Binance US,Kraken
2898,01-14-2021_10-19-43,LINK/USD,25.0,15.9176,15.90441,0.020716062723023277,-0.12428393727697672,0.145,False,Binance US,Coinbase Pro
2899,01-14-2021_10-19-54,LINK/USD,25.0,15.916,15.90742,0.013477004272430657,-0.13152299572756934,0.145,False,Binance US,Coinbase Pro
2900,01-14-2021_10-20-15,LINK/USD,25.0,15.99401823,15.9217,0.11303949539139746,-0.014460504608602542,0.1275,False,Bittrex,Kraken
2901,01-14-2021_10-20-27,LINK/USD,25.0,15.9493,15.94007,0.014467719586437555,-0.13053228041356243,0.145,False,Binance US,Coinbase Pro
2902,01-14-2021_10-20-38,LINK/USD,25.0,15.9631,15.94636,0.026216712292725756,-0.06378328770727423,0.09,False,Binance US,Kraken
2903,01-14-2021_10-20-50,LINK/USD,25.0,15.97481822,15.94795,0.04204777110759355,-0.08545222889240645,0.1275,False,Bittrex,Kraken
2904,01-14-2021_10-21-00,LINK/USD,25.0,15.9627,15.94795,0.02310072857348596,-0.06689927142651403,0.09,False,Binance US,Kraken
2905,01-14-2021_10-21-11,LINK/USD,25.0,15.97019556,15.94791,0.034886172677525217,-0.09261382732247478,0.1275,False,Bittrex,Kraken
2906,01-14-2021_10-21-22,LINK/USD,25.0,15.97019563,15.94795,0.03482366546313667,-0.09267633453686333,0.1275,False,Bittrex,Kraken
2907,01-14-2021_10-21-34,LINK/USD,25.0,15.98269235,15.97664,0.009467037635872607,-0.1180329623641274,0.1275,False,Bittrex,Kraken
2908,01-14-2021_10-21-46,LINK/USD,25.0,15.98906144,15.97192,0.026801823334540297,-0.1556981766654597,0.1825,False,Bittrex,Coinbase Pro
2909,01-14-2021_10-21-56,LINK/USD,25.0,15.9819,15.9727,0.014391280135653264,-0.13060871986434672,0.145,False,Binance US,Coinbase Pro
2910,01-14-2021_10-22-08,LINK/USD,25.0,15.97843748,15.96639,0.01884959029172805,-0.16365040970827194,0.1825,False,Bittrex,Coinbase Pro
2911,01-14-2021_10-22-18,LINK/USD,25.0,15.97843757,15.96926,0.014359304468591263,-0.11314069553140874,0.1275,False,Bittrex,Kraken
2912,01-14-2021_10-22-30,LINK/USD,25.0,15.98972496,15.97518,0.0227411041096486,-0.1597588958903514,0.1825,False,Bittrex,Coinbase Pro
2913,01-14-2021_10-22-41,LINK/USD,25.0,15.9836,15.97609,0.011746415075452193,-0.0782535849245478,0.09,False,Binance US,Kraken
2914,01-14-2021_10-22-52,LINK/USD,25.0,15.9841,15.97377,0.016156680701446637,-0.12884331929855336,0.145,False,Binance US,Coinbase Pro
2915,01-14-2021_10-23-04,LINK/USD,25.0,15.983,15.97704,0.009322405055371278,-0.08067759494462871,0.09,False,Binance US,Kraken
2916,01-14-2021_10-23-14,LINK/USD,25.0,15.9827,15.97671,0.009369505778120766,-0.08063049422187923,0.09,False,Binance US,Kraken
2917,01-14-2021_10-23-25,LINK/USD,25.0,15.9856,15.97483,0.016843283955558532,-0.07315671604444146,0.09,False,Binance US,Kraken
2918,01-14-2021_10-23-36,LINK/USD,25.0,15.98942905,15.97794,0.017963508834606852,-0.16453649116539315,0.1825,False,Bittrex,Coinbase Pro
2919,01-14-2021_10-23-46,LINK/USD,25.0,15.9854,15.97551,0.015467238855456226,-0.12953276114454376,0.145,False,Binance US,Coinbase Pro
2920,01-14-2021_10-23-57,LINK/USD,25.0,15.98266061,15.97163,0.017254026518430537,-0.16524597348156947,0.1825,False,Bittrex,Coinbase Pro
2921,01-14-2021_10-24-07,LINK/USD,25.0,15.9696927,15.95319,0.025834404440356267,-0.15666559555964374,0.1825,False,Bittrex,Coinbase Pro
2922,01-14-2021_10-24-18,LINK/USD,25.0,15.9518464,15.92947,0.03506866766219713,-0.14743133233780287,0.1825,False,Bittrex,Coinbase Pro
2923,01-14-2021_10-24-29,LINK/USD,25.0,15.937905,15.91388,0.037685316859398965,-0.14481468314060103,0.1825,False,Bittrex,Coinbase Pro
2924,01-14-2021_10-24-51,LINK/USD,25.0,15.93811046,15.92012,0.028219248519375677,-0.1542807514806243,0.1825,False,Bittrex,Coinbase Pro
2925,01-14-2021_10-25-03,LINK/USD,25.0,15.94878235,15.93033,0.028924386820039037,-0.15357561317996096,0.1825,False,Bittrex,Coinbase Pro
2926,01-14-2021_10-25-12,LINK/USD,25.0,15.9575,15.93367,0.03733354222152631,-0.05266645777847369,0.09,False,Binance US,Kraken
2927,01-14-2021_10-25-22,LINK/USD,25.0,15.96784919,15.93367,0.053512513791473044,-0.07398748620852696,0.1275,False,Bittrex,Kraken
2928,01-14-2021_10-25-31,LINK/USD,25.0,15.96784906,15.93367,0.05351231069314944,-0.07398768930685057,0.1275,False,Bittrex,Kraken
2929,01-14-2021_10-25-42,LINK/USD,25.0,15.9541,15.93367,0.0320137143430232,-0.0579862856569768,0.09,False,Binance US,Kraken
2930,01-14-2021_10-25-53,LINK/USD,25.0,15.95309568,15.93367,0.030441865938838932,-0.09705813406116107,0.1275,False,Bittrex,Kraken
2931,01-14-2021_10-26-04,LINK/USD,25.0,15.95309554,15.93171,0.03351315101570395,-0.14898684898429604,0.1825,False,Bittrex,Coinbase Pro
2932,01-14-2021_10-26-14,LINK/USD,25.0,15.9423,15.93132,0.017218343651794265,-0.07278165634820573,0.09,False,Binance US,Kraken
2933,01-14-2021_10-26-24,LINK/USD,25.0,15.94044839,15.9291,0.017798103482332798,-0.10970189651766721,0.1275,False,Bittrex,Kraken
2934,01-14-2021_10-26-36,LINK/USD,25.0,15.94044839,15.93367,0.010630801960773626,-0.11686919803922638,0.1275,False,Bittrex,Kraken
2935,01-14-2021_10-26-47,LINK/USD,25.0,15.94881781,15.93367,0.023744408802673832,-0.10375559119732616,0.1275,False,Bittrex,Kraken
2936,01-14-2021_10-26-57,LINK/USD,25.0,15.9491,15.93367,0.024186317723257546,-0.06581368227674245,0.09,False,Binance US,Kraken
2937,01-14-2021_10-27-07,LINK/USD,25.0,15.94881778,15.93367,0.02374436182191003,-0.10375563817808997,0.1275,False,Bittrex,Kraken
2938,01-14-2021_10-27-16,LINK/USD,25.0,15.97312104,15.94711,0.04071064123107685,-0.14178935876892315,0.1825,False,Bittrex,Coinbase Pro
2939,01-14-2021_10-27-28,LINK/USD,25.0,15.9609,15.95593,0.007784648735347225,-0.13721535126465276,0.145,False,Binance US,Coinbase Pro
2940,01-14-2021_10-27-38,LINK/USD,25.0,15.9603,15.95194,0.013094991948772424,-0.07690500805122757,0.09,False,Binance US,Kraken
2941,01-14-2021_10-27-48,LINK/USD,25.0,15.9511,15.94125,0.015437806797023617,-0.12956219320297638,0.145,False,Binance US,Coinbase Pro
2942,01-14-2021_10-27-59,LINK/USD,25.0,15.9542,15.9475,0.010498802823081653,-0.13450119717691833,0.145,False,Binance US,Coinbase Pro
2943,01-14-2021_10-28-11,LINK/USD,25.0,15.96052085,15.94809,0.019471247393532645,-0.16302875260646735,0.1825,False,Bittrex,Coinbase Pro
2944,01-14-2021_10-28-22,LINK/USD,25.0,15.9523,15.94254,0.015295600007522413,-0.12970439999247757,0.145,False,Binance US,Coinbase Pro
2945,01-14-2021_10-28-33,LINK/USD,25.0,15.94779082,15.93869,0.014266584166295915,-0.11323341583370408,0.1275,False,Bittrex,Kraken
2946,01-14-2021_10-28-43,LINK/USD,25.0,15.95690695,15.95067,0.009771552249353544,-0.11772844775064646,0.1275,False,Bittrex,Kraken
2947,01-14-2021_10-28-54,LINK/USD,25.0,15.95690686,15.93641,0.032112833928015616,-0.15038716607198438,0.1825,False,Bittrex,Coinbase Pro
2948,01-14-2021_10-29-04,LINK/USD,25.0,15.95650539,15.94395,0.01967127151768075,-0.10782872848231925,0.1275,False,Bittrex,Kraken
2949,01-14-2021_10-29-16,LINK/USD,25.0,15.95650527,15.94636,0.015895194198746493,-0.11160480580125351,0.1275,False,Bittrex,Kraken
2950,01-14-2021_10-29-26,LINK/USD,25.0,15.95650539,15.94955,0.010897420566095354,-0.11660257943390465,0.1275,False,Bittrex,Kraken
2951,01-14-2021_10-29-37,LINK/USD,25.0,15.96742393,15.95114,0.025495549675682985,-0.10200445032431701,0.1275,False,Bittrex,Kraken
2952,01-14-2021_10-29-46,LINK/USD,25.0,15.96742384,15.94973,0.02770302864334773,-0.09979697135665228,0.1275,False,Bittrex,Kraken
2953,01-14-2021_10-29-58,LINK/USD,25.0,15.96742391,15.95076,0.026090479738506724,-0.15640952026149327,0.1825,False,Bittrex,Coinbase Pro
2954,01-14-2021_10-30-07,LINK/USD,25.0,15.96742384,15.94951,0.028047479949652745,-0.09945252005034726,0.1275,False,Bittrex,Kraken
2955,01-14-2021_10-30-17,LINK/USD,25.0,15.9581,15.95114,0.010903553681201727,-0.07909644631879827,0.09,False,Binance US,Kraken
2956,01-14-2021_10-30-28,LINK/USD,25.0,15.96315935,15.94707,0.025197627936978013,-0.15730237206302197,0.1825,False,Bittrex,Coinbase Pro
2957,01-14-2021_10-30-38,LINK/USD,25.0,15.9576,15.94516,0.019489146237529117,-0.07051085376247088,0.09,False,Binance US,Kraken
2958,01-14-2021_10-30-49,LINK/USD,25.0,15.95332323,15.93674,0.02598710901941678,-0.1565128909805832,0.1825,False,Bittrex,Coinbase Pro
2959,01-14-2021_10-30-58,LINK/USD,25.0,15.95332317,15.9331,0.03169115579321849,-0.1508088442067815,0.1825,False,Bittrex,Coinbase Pro
2960,01-14-2021_10-31-09,LINK/USD,25.0,15.96079263,15.94,0.03256829169141451,-0.1499317083085855,0.1825,False,Bittrex,Coinbase Pro
2961,01-14-2021_10-31-18,LINK/USD,25.0,15.96079252,15.93426,0.041558901236816444,-0.14094109876318356,0.1825,False,Bittrex,Coinbase Pro
2962,01-14-2021_10-31-28,LINK/USD,25.0,15.95299911,15.93552,0.02739157364624215,-0.15510842635375785,0.1825,False,Bittrex,Coinbase Pro
2963,01-14-2021_10-31-38,LINK/USD,25.0,15.95299899,15.93195,0.032985945171176284,-0.1495140548288237,0.1825,False,Bittrex,Coinbase Pro
2964,01-14-2021_10-31-48,LINK/USD,25.0,15.95299887,15.93163,0.03348723047956919,-0.1490127695204308,0.1825,False,Bittrex,Coinbase Pro
2965,01-14-2021_10-31-58,LINK/USD,25.0,15.95299873,15.93143,0.033800432077133506,-0.14869956792286648,0.1825,False,Bittrex,Coinbase Pro
2966,01-14-2021_10-32-09,LINK/USD,25.0,15.95299853,15.92775,0.03956705999897173,-0.08793294000102828,0.1275,False,Bittrex,Kraken
2967,01-14-2021_10-32-18,LINK/USD,25.0,15.93947185,15.92775,0.01838494102927366,-0.16411505897072634,0.1825,False,Bittrex,Coinbase Pro
2968,01-14-2021_10-32-28,LINK/USD,25.0,15.95162893,15.93043,0.03322376995638999,-0.14927623004361001,0.1825,False,Bittrex,Coinbase Pro
2969,01-14-2021_10-32-39,LINK/USD,25.0,15.93843977,15.92095,0.027433315701516997,-0.155066684298483,0.1825,False,Bittrex,Coinbase Pro
2970,01-14-2021_10-32-49,LINK/USD,25.0,15.93843964,15.9152,0.03645218811394246,-0.14604781188605753,0.1825,False,Bittrex,Coinbase Pro
2971,01-14-2021_10-32-59,LINK/USD,25.0,15.92690505,15.90831,0.029188109588184016,-0.15331189041181598,0.1825,False,Bittrex,Coinbase Pro
2972,01-14-2021_10-33-09,LINK/USD,25.0,15.92690494,15.9154,0.018058970093909565,-0.16444102990609044,0.1825,False,Bittrex,Coinbase Pro
2973,01-14-2021_10-33-19,LINK/USD,25.0,15.93569265,15.9186,0.026815040888731587,-0.1556849591112684,0.1825,False,Bittrex,Coinbase Pro
2974,01-14-2021_10-33-29,LINK/USD,25.0,15.93569265,15.90831,0.04295804801431057,-0.13954195198568942,0.1825,False,Bittrex,Coinbase Pro
2975,01-14-2021_10-33-41,LINK/USD,25.0,15.91771101,15.91115,0.010304575192812887,-0.1721954248071871,0.1825,False,Bittrex,Coinbase Pro
2976,01-14-2021_10-33-51,LINK/USD,25.0,15.91771095,15.90001,0.02780071527809727,-0.15469928472190272,0.1825,False,Bittrex,Coinbase Pro
2977,01-14-2021_10-34-01,LINK/USD,25.0,15.90562775,15.90048,0.008091082730137426,-0.11940891726986258,0.1275,False,Bittrex,Kraken
2978,01-14-2021_10-34-11,LINK/USD,25.0,15.89359445,15.88109,0.01966900885658338,-0.10783099114341663,0.1275,False,Bittrex,Kraken
2979,01-14-2021_10-34-21,LINK/USD,25.0,15.89359435,15.87893,0.023066446892172514,-0.10443355310782748,0.1275,False,Bittrex,Kraken
2980,01-14-2021_10-34-32,LINK/USD,25.0,15.91586719,15.9,0.02492353984011821,-0.15757646015988178,0.1825,False,Bittrex,Coinbase Pro
2981,01-14-2021_10-34-43,LINK/USD,25.0,15.90624801,15.89255,0.021529291495060426,-0.10597070850493957,0.1275,False,Bittrex,Kraken
2982,01-14-2021_10-34-54,LINK/USD,25.0,15.91363289,15.89998,0.021448417992255896,-0.1610515820077441,0.1825,False,Bittrex,Coinbase Pro
2983,01-14-2021_10-35-03,LINK/USD,25.0,15.90586124,15.88589,0.031389749505950484,-0.09611025049404952,0.1275,False,Bittrex,Kraken
2984,01-14-2021_10-35-14,LINK/USD,25.0,15.91575,15.90447,0.017718297912444104,-0.16728170208755588,0.185,False,Coinbase Pro,Kraken
2985,01-14-2021_10-35-23,LINK/USD,25.0,15.91495959,15.90338,0.018189788567349097,-0.1093102114326509,0.1275,False,Bittrex,Kraken
2986,01-14-2021_10-35-33,LINK/USD,25.0,15.9149595,15.90435,0.01666592365503549,-0.1108340763449645,0.1275,False,Bittrex,Kraken
2987,01-14-2021_10-35-43,LINK/USD,25.0,15.9075,15.89895,0.01343705799151562,-0.07656294200848437,0.09,False,Binance US,Kraken
2988,01-14-2021_10-35-53,LINK/USD,25.0,15.9076,15.89999,0.011959692222584915,-0.07804030777741508,0.09,False,Binance US,Kraken
2989,01-14-2021_10-36-04,LINK/USD,25.0,15.90655218,15.89654,0.015735936811921317,-0.11176406318807869,0.1275,False,Bittrex,Kraken
2990,01-14-2021_10-36-13,LINK/USD,25.0,15.90655223,15.89999,0.010313721517261999,-0.11718627848273801,0.1275,False,Bittrex,Kraken
2991,01-14-2021_10-36-23,LINK/USD,25.0,15.90689,15.89889,0.012573167979411586,-0.17242683202058842,0.185,False,Coinbase Pro,Kraken
2992,01-14-2021_10-36-32,LINK/USD,25.0,15.90655223,15.89889,0.012042568825112867,-0.11545743117488713,0.1275,False,Bittrex,Kraken
2993,01-14-2021_10-36-42,LINK/USD,25.0,15.90655223,15.89889,0.012042568825112867,-0.11545743117488713,0.1275,False,Bittrex,Kraken
2994,01-14-2021_10-36-53,LINK/USD,25.0,15.89744357,15.8813,0.02538705347327827,-0.15711294652672173,0.1825,False,Bittrex,Coinbase Pro
2995,01-14-2021_10-37-02,LINK/USD,25.0,15.88867661,15.8764,0.019316602479454253,-0.043183397520545744,0.0625,False,Bittrex,Binance US
2996,01-14-2021_10-37-13,LINK/USD,25.0,15.88867648,15.8764,0.019316398089314908,-0.04318360191068509,0.0625,False,Bittrex,Binance US
2997,01-14-2021_10-37-22,LINK/USD,25.0,15.88001,15.87363,0.010044074279550284,-0.1749559257204497,0.185,False,Kraken,Coinbase Pro
2998,01-14-2021_10-37-30,LINK/USD,25.0,15.87837099,15.86297,0.024248378517070783,-0.10325162148292921,0.1275,False,Bittrex,Kraken
2999,01-14-2021_10-37-40,LINK/USD,25.0,15.87837088,15.857,0.03364778440041227,-0.028852215599587727,0.0625,False,Bittrex,Binance US
3000,01-14-2021_10-37-50,LINK/USD,25.0,15.87837107,15.87066,0.01214083920511242,-0.11535916079488759,0.1275,False,Bittrex,Kraken
3001,01-14-2021_10-38-00,LINK/USD,25.0,15.878371,15.86819,0.016029667023146343,-0.11147033297685366,0.1275,False,Bittrex,Kraken
3002,01-14-2021_10-38-09,LINK/USD,25.0,15.89163115,15.87572,0.02503070617769919,-0.10246929382230081,0.1275,False,Bittrex,Kraken
3003,01-14-2021_10-38-21,LINK/USD,25.0,15.89163105,15.87572,0.0250305490197016,-0.1024694509802984,0.1275,False,Bittrex,Kraken
3004,01-14-2021_10-38-31,LINK/USD,25.0,15.87217449,15.86108,0.01747474803624308,-0.11002525196375693,0.1275,False,Bittrex,Kraken
3005,01-14-2021_10-38-41,LINK/USD,25.0,15.88110301,15.8683,0.020154472255388897,-0.1073455277446111,0.1275,False,Bittrex,Kraken
3006,01-14-2021_10-38-50,LINK/USD,25.0,15.88110292,15.86239,0.02945784070266649,-0.09804215929733351,0.1275,False,Bittrex,Kraken
3007,01-14-2021_10-39-00,LINK/USD,25.0,15.88110276,15.86355,0.027631519462567804,-0.09986848053743219,0.1275,False,Bittrex,Kraken
3008,01-14-2021_10-39-10,LINK/USD,25.0,15.8811026,15.86437,0.026340425506729274,-0.10115957449327073,0.1275,False,Bittrex,Kraken
3009,01-14-2021_10-39-20,LINK/USD,25.0,15.8854,15.87466,0.01690231281554162,-0.07309768718445837,0.09,False,Binance US,Kraken
3010,01-14-2021_10-39-29,LINK/USD,25.0,15.89167858,15.87572,0.025105245993468358,-0.10239475400653164,0.1275,False,Bittrex,Kraken
3011,01-14-2021_10-39-38,LINK/USD,25.0,15.89167853,15.87572,0.025105167414937464,-0.10239483258506255,0.1275,False,Bittrex,Kraken
3012,01-14-2021_10-39-47,LINK/USD,25.0,15.89167862,15.87572,0.025105308856291596,-0.1023946911437084,0.1275,False,Bittrex,Kraken
3013,01-14-2021_10-39-56,LINK/USD,25.0,15.89167853,15.87557,0.02534113997082022,-0.10215886002917979,0.1275,False,Bittrex,Kraken
3014,01-14-2021_10-40-07,LINK/USD,25.0,15.89167844,15.87242,0.030296422232414248,-0.09720357776758576,0.1275,False,Bittrex,Kraken
3015,01-14-2021_10-40-17,LINK/USD,25.0,15.88338204,15.86846,0.023486874461656027,-0.10401312553834398,0.1275,False,Bittrex,Kraken
3016,01-14-2021_10-40-29,LINK/USD,25.0,15.88338204,15.87572,0.012059837100035794,-0.11544016289996421,0.1275,False,Bittrex,Kraken
3017,01-14-2021_10-40-40,LINK/USD,25.0,15.89167914,15.87295,0.02946375243768193,-0.09803624756231807,0.1275,False,Bittrex,Kraken
3018,01-14-2021_10-40-50,LINK/USD,25.0,15.89167908,15.87572,0.025106031778738915,-0.1023939682212611,0.1275,False,Bittrex,Kraken
3019,01-14-2021_10-41-00,LINK/USD,25.0,15.89167896,15.87572,0.02510584319027916,-0.10239415680972085,0.1275,False,Bittrex,Kraken
3020,01-14-2021_10-41-11,LINK/USD,25.0,15.89167924,15.87572,0.025106283230016947,-0.10239371676998306,0.1275,False,Bittrex,Kraken
3021,01-14-2021_10-41-21,LINK/USD,25.0,15.89167926,15.87572,0.025106314661425995,-0.10239368533857401,0.1275,False,Bittrex,Kraken
3022,01-14-2021_10-41-31,LINK/USD,25.0,15.8916792,15.87572,0.02510622036719861,-0.10239377963280138,0.1275,False,Bittrex,Kraken
3023,01-14-2021_10-41-40,LINK/USD,25.0,15.8916792,15.87572,0.02510622036719861,-0.10239377963280138,0.1275,False,Bittrex,Kraken
3024,01-14-2021_10-41-50,LINK/USD,25.0,15.8916792,15.87572,0.02510622036719861,-0.10239377963280138,0.1275,False,Bittrex,Kraken
3025,01-14-2021_10-41-59,LINK/USD,25.0,15.8916792,15.87572,0.02510622036719861,-0.10239377963280138,0.1275,False,Bittrex,Kraken
3026,01-14-2021_10-42-10,LINK/USD,25.0,15.90004197,15.87572,0.0382419902505465,-0.0892580097494535,0.1275,False,Bittrex,Kraken
3027,01-14-2021_10-42-21,LINK/USD,25.0,15.90004189,15.87572,0.03824186465712715,-0.08925813534287286,0.1275,False,Bittrex,Kraken
3028,01-14-2021_10-42-30,LINK/USD,25.0,15.88546385,15.87352,0.01879682285764909,-0.10870317714235092,0.1275,False,Bittrex,Kraken
3029,01-14-2021_10-42-41,LINK/USD,25.0,15.88546375,15.86565,0.03118220265996181,-0.09631779734003819,0.1275,False,Bittrex,Kraken
3030,01-14-2021_10-42-51,LINK/USD,25.0,15.87472325,15.86356,0.017580227737200013,-0.10991977226279999,0.1275,False,Bittrex,Kraken
3031,01-14-2021_10-43-01,LINK/USD,25.0,15.87472331,15.86959,0.008084093655928616,-0.11941590634407138,0.1275,False,Bittrex,Kraken
3032,01-14-2021_10-43-11,LINK/USD,25.0,15.87472329,15.8622,0.019722060301815725,-0.10777793969818428,0.1275,False,Bittrex,Kraken
3033,01-14-2021_10-43-21,LINK/USD,25.0,15.87472318,15.85849,0.025564508772745104,-0.1019354912272549,0.1275,False,Bittrex,Kraken
3034,01-14-2021_10-43-32,LINK/USD,25.0,15.87472302,15.8577,0.02680837325248634,-0.10069162674751367,0.1275,False,Bittrex,Kraken
3035,01-14-2021_10-43-44,LINK/USD,25.0,15.86291601,15.84919,0.02163223015135787,-0.16086776984864212,0.1825,False,Bittrex,Coinbase Pro
3036,01-14-2021_10-43-55,LINK/USD,25.0,15.86291588,15.84241,0.032317324499359285,-0.09518267550064072,0.1275,False,Bittrex,Kraken
3037,01-14-2021_10-44-06,LINK/USD,25.0,15.87293073,15.85804,0.02345302555226266,-0.10404697444773733,0.1275,False,Bittrex,Kraken
3038,01-14-2021_10-44-16,LINK/USD,25.0,15.87293061,15.85205,0.03288713740555905,-0.09461286259444096,0.1275,False,Bittrex,Kraken
3039,01-14-2021_10-44-27,LINK/USD,25.0,15.87293054,15.84887,0.03789555422574268,-0.08960444577425733,0.1275,False,Bittrex,Kraken
3040,01-14-2021_10-44-37,LINK/USD,25.0,15.86175559,15.84575,0.025226700016247862,-0.10227329998375215,0.1275,False,Bittrex,Kraken
3041,01-14-2021_10-44-48,LINK/USD,25.0,15.86175545,15.84713,0.023051436592411472,-0.10444856340758853,0.1275,False,Bittrex,Kraken
3042,01-14-2021_10-44-59,LINK/USD,25.0,15.86175534,15.85523,0.010284706610535203,-0.11721529338946479,0.1275,False,Bittrex,Kraken
3043,01-14-2021_10-45-10,LINK/USD,25.0,15.86175551,15.83988,0.03447838731691435,-0.09302161268308565,0.1275,False,Bittrex,Kraken
3044,01-14-2021_10-45-20,LINK/USD,25.0,15.86175539,15.84898,0.02013552360045821,-0.10736447639954179,0.1275,False,Bittrex,Kraken
3045,01-14-2021_10-45-31,LINK/USD,25.0,15.86175524,15.84414,0.027763699120100287,-0.09973630087989971,0.1275,False,Bittrex,Kraken
3046,01-14-2021_10-45-41,LINK/USD,25.0,15.86175511,15.84163,0.031719550989840604,-0.09578044901015939,0.1275,False,Bittrex,Kraken
3047,01-14-2021_10-45-51,LINK/USD,25.0,15.87195065,15.84921,0.03581892752419996,-0.09168107247580004,0.1275,False,Bittrex,Kraken
3048,01-14-2021_10-46-01,LINK/USD,25.0,15.87322747,15.86121,0.018927262938039365,-0.16357273706196063,0.1825,False,Bittrex,Coinbase Pro
3049,01-14-2021_10-46-12,LINK/USD,25.0,15.87322737,15.86291,0.01624964123474436,-0.11125035876525564,0.1275,False,Bittrex,Kraken
3050,01-14-2021_10-46-23,LINK/USD,25.0,15.87322742,15.85765,0.024534109522636106,-0.1029658904773639,0.1275,False,Bittrex,Kraken
3051,01-14-2021_10-46-33,LINK/USD,25.0,15.87322748,15.85925,0.022014237522918065,-0.10548576247708194,0.1275,False,Bittrex,Kraken
3052,01-14-2021_10-46-43,LINK/USD,25.0,15.86148145,15.85119,0.01622082091203191,-0.16627917908796808,0.1825,False,Bittrex,Coinbase Pro
3053,01-14-2021_10-46-53,LINK/USD,25.0,15.87809852,15.85759,0.03229057933821146,-0.09520942066178854,0.1275,False,Bittrex,Kraken
3054,01-14-2021_10-47-03,LINK/USD,25.0,15.87809845,15.85279,0.03984804931096602,-0.08765195068903398,0.1275,False,Bittrex,Kraken
3055,01-14-2021_10-47-14,LINK/USD,25.0,15.8780985,15.85647,0.03405398322727415,-0.09344601677272585,0.1275,False,Bittrex,Kraken
3056,01-14-2021_10-47-25,LINK/USD,25.0,15.8780984,15.85431,0.03745473702317026,-0.09004526297682974,0.1275,False,Bittrex,Kraken
3057,01-14-2021_10-47-36,LINK/USD,25.0,15.87809837,15.86292,0.023898280584841877,-0.10360171941515812,0.1275,False,Bittrex,Kraken
3058,01-14-2021_10-47-47,LINK/USD,25.0,15.89468995,15.86371,0.04872688630205202,-0.07877311369794798,0.1275,False,Bittrex,Kraken
3059,01-14-2021_10-47-57,LINK/USD,25.0,15.89468985,15.86371,0.04872672932338054,-0.07877327067661946,0.1275,False,Bittrex,Kraken
3060,01-14-2021_10-48-07,LINK/USD,25.0,15.89468978,15.86371,0.04872661943830794,-0.07877338056169206,0.1275,False,Bittrex,Kraken
3061,01-14-2021_10-48-18,LINK/USD,25.0,15.90731438,15.87556,0.0499053128036573,-0.0775946871963427,0.1275,False,Bittrex,Kraken
3062,01-14-2021_10-48-27,LINK/USD,25.0,15.90731431,15.87572,0.04965374635889888,-0.07784625364110112,0.1275,False,Bittrex,Kraken
3063,01-14-2021_10-48-38,LINK/USD,25.0,15.90731442,15.87572,0.0496539188919878,-0.0778460811080122,0.1275,False,Bittrex,Kraken
3064,01-14-2021_10-48-48,LINK/USD,25.0,15.90731433,15.87572,0.049653777728551333,-0.07784622227144866,0.1275,False,Bittrex,Kraken
3065,01-14-2021_10-48-59,LINK/USD,25.0,15.90513426,15.87572,0.046233907113213416,-0.08126609288678659,0.1275,False,Bittrex,Kraken
3066,01-14-2021_10-49-09,LINK/USD,25.0,15.94567518,15.87572,0.10967735641533509,-0.017822643584664913,0.1275,False,Bittrex,Kraken
3067,01-14-2021_10-49-19,LINK/USD,25.0,15.91462195,15.88435,0.047553674374277655,-0.07994632562572235,0.1275,False,Bittrex,Kraken
3068,01-14-2021_10-49-28,LINK/USD,25.0,15.91462192,15.88435,0.047553627337445045,-0.07994637266255496,0.1275,False,Bittrex,Kraken
3069,01-14-2021_10-49-38,LINK/USD,25.0,15.92362637,15.88435,0.06166367052230644,-0.06583632947769356,0.1275,False,Bittrex,Kraken
3070,01-14-2021_10-49-50,LINK/USD,25.0,15.92362626,15.88435,0.06166349824892395,-0.06583650175107605,0.1275,False,Bittrex,Kraken
3071,01-14-2021_10-49-59,LINK/USD,25.0,15.92362617,15.88435,0.06166335729797033,-0.06583664270202967,0.1275,False,Bittrex,Kraken
3072,01-14-2021_10-50-09,LINK/USD,25.0,15.93459033,15.90714,0.04306720384947705,-0.08443279615052296,0.1275,False,Bittrex,Kraken
3073,01-14-2021_10-50-19,LINK/USD,25.0,15.95942299,15.93356,0.04051366709217137,-0.08698633290782863,0.1275,False,Bittrex,Kraken
3074,01-14-2021_10-50-29,LINK/USD,25.0,15.95302235,15.92773,0.03963567129334442,-0.08786432870665559,0.1275,False,Bittrex,Kraken
3075,01-14-2021_10-50-39,LINK/USD,25.0,15.93892677,15.93031,0.013515292033680192,-0.1139847079663198,0.1275,False,Bittrex,Kraken
3076,01-14-2021_10-50-48,LINK/USD,25.0,15.95086011,15.93262,0.028587972488965514,-0.09891202751103449,0.1275,False,Bittrex,Kraken
3077,01-14-2021_10-50-58,LINK/USD,25.0,15.95086002,15.92551,0.03973143135889859,-0.08776856864110141,0.1275,False,Bittrex,Kraken
3078,01-14-2021_10-51-08,LINK/USD,25.0,15.95085994,15.92847,0.03509205786431106,-0.09240794213568894,0.1275,False,Bittrex,Kraken
3079,01-14-2021_10-51-18,LINK/USD,25.0,15.93034218,15.90686,0.03685134276255741,-0.09064865723744259,0.1275,False,Bittrex,Kraken
3080,01-14-2021_10-51-28,LINK/USD,25.0,15.93034211,15.90451,0.040539163913786834,-0.08696083608621316,0.1275,False,Bittrex,Kraken
3081,01-14-2021_10-51-38,LINK/USD,25.0,15.91516642,15.89002,0.03950071795730624,-0.14299928204269374,0.1825,False,Bittrex,Coinbase Pro
3082,01-14-2021_10-51-48,LINK/USD,25.0,15.8824906,15.86584,0.026209050613258636,-0.15629094938674137,0.1825,False,Bittrex,Coinbase Pro
3083,01-14-2021_10-51-58,LINK/USD,25.0,15.91516634,15.85873,0.0886518224100465,-0.0938481775899535,0.1825,False,Bittrex,Coinbase Pro
3084,01-14-2021_10-52-09,LINK/USD,25.0,15.87642822,15.86185,0.02295576151951208,-0.1595442384804879,0.1825,False,Bittrex,Coinbase Pro
3085,01-14-2021_10-52-18,LINK/USD,25.0,15.87642826,15.86224,0.022341706471454417,-0.16015829352854558,0.1825,False,Bittrex,Coinbase Pro
3086,01-14-2021_10-52-28,LINK/USD,25.0,15.88611119,15.85884,0.04291671774456255,-0.13958328225543745,0.1825,False,Bittrex,Coinbase Pro
3087,01-14-2021_10-52-39,LINK/USD,25.0,15.87241312,15.85675,0.024670350818085395,-0.1578296491819146,0.1825,False,Bittrex,Coinbase Pro
3088,01-14-2021_10-52-49,LINK/USD,25.0,15.87241311,15.85244,0.031458842870302,-0.096041157129698,0.1275,False,Bittrex,Kraken
3089,01-14-2021_10-52-58,LINK/USD,25.0,15.87241311,15.85618,0.025568119175547247,-0.10193188082445276,0.1275,False,Bittrex,Kraken
3090,01-14-2021_10-53-09,LINK/USD,25.0,15.89547347,15.86457,0.048604198639199375,-0.07889580136080063,0.1275,False,Bittrex,Kraken
3091,01-14-2021_10-53-19,LINK/USD,25.0,15.92550111,15.90016,0.039780710548707444,-0.08771928945129256,0.1275,False,Bittrex,Kraken
3092,01-14-2021_10-53-29,LINK/USD,25.0,15.92550111,15.90231,0.03640562051990722,-0.14609437948009277,0.1825,False,Bittrex,Coinbase Pro
3093,01-14-2021_10-53-39,LINK/USD,25.0,15.91319023,15.90136,0.018585572454379053,-0.10891442754562095,0.1275,False,Bittrex,Kraken
3094,01-14-2021_10-53-50,LINK/USD,25.0,15.91319017,15.89676,0.025812187601098054,-0.15668781239890195,0.1825,False,Bittrex,Coinbase Pro
3095,01-14-2021_10-54-00,LINK/USD,25.0,15.91319013,15.89803,0.023816924633200398,-0.1036830753667996,0.1275,False,Bittrex,Kraken
3096,01-14-2021_10-54-09,LINK/USD,25.0,15.92376242,15.91159,0.01911046472395004,-0.16338953527604996,0.1825,False,Bittrex,Coinbase Pro
3097,01-14-2021_10-54-19,LINK/USD,25.0,15.9237624,15.91151,0.019236031806150754,-0.10826396819384924,0.1275,False,Bittrex,Kraken
3098,01-14-2021_10-54-28,LINK/USD,25.0,15.92376242,15.91307,0.016786893257353396,-0.1107131067426466,0.1275,False,Bittrex,Kraken
3099,01-14-2021_10-54-39,LINK/USD,25.0,15.9363809,15.91417,0.0348430740633202,-0.0926569259366798,0.1275,False,Bittrex,Kraken
3100,01-14-2021_10-54-49,LINK/USD,25.0,15.95185478,15.94011,0.01840660562984233,-0.16409339437015766,0.1825,False,Bittrex,Coinbase Pro
3101,01-14-2021_10-55-00,LINK/USD,25.0,15.95185475,15.93633,0.024330634655510615,-0.1031693653444894,0.1275,False,Bittrex,Kraken
3102,01-14-2021_10-55-10,LINK/USD,25.0,15.95185477,15.94038,0.017983441683504776,-0.10951655831649523,0.1275,False,Bittrex,Kraken
3103,01-14-2021_10-55-19,LINK/USD,25.0,15.95185478,15.94038,0.017983457344388436,-0.10951654265561156,0.1275,False,Bittrex,Kraken
3104,01-14-2021_10-55-29,LINK/USD,25.0,15.97809276,15.94831,0.046599366469067545,-0.08090063353093246,0.1275,False,Bittrex,Kraken
3105,01-14-2021_10-55-40,LINK/USD,25.0,15.97664082,15.94759,0.045458272998842045,-0.08204172700115796,0.1275,False,Bittrex,Kraken
3106,01-14-2021_10-55-51,LINK/USD,25.0,15.95523367,15.93553,0.030873364827379825,-0.15162663517262018,0.1825,False,Bittrex,Coinbase Pro
3107,01-14-2021_10-56-01,LINK/USD,25.0,15.95523354,15.93772,0.027441685444611008,-0.100058314555389,0.1275,False,Bittrex,Kraken
3108,01-14-2021_10-56-11,LINK/USD,25.0,15.97305329,15.94818,0.03893008047429892,-0.08856991952570109,0.1275,False,Bittrex,Kraken
3109,01-14-2021_10-56-22,LINK/USD,25.0,15.96385163,15.9363,0.04314690251227514,-0.01935309748772486,0.0625,False,Bittrex,Binance US
3110,01-14-2021_10-56-32,LINK/USD,25.0,15.94431757,15.92522,0.029944163361269118,-0.09755583663873088,0.1275,False,Bittrex,Kraken
3111,01-14-2021_10-56-42,LINK/USD,25.0,15.94431749,15.92967,0.022966630602386108,-0.1045333693976139,0.1275,False,Bittrex,Kraken
3112,01-14-2021_10-56-52,LINK/USD,25.0,15.96596269,15.948,0.028126537604979164,-0.034373462395020836,0.0625,False,Bittrex,Binance US
3113,01-14-2021_10-57-02,LINK/USD,25.0,15.96596262,15.93732,0.04484950372507068,-0.08265049627492932,0.1275,False,Bittrex,Kraken
3114,01-14-2021_10-57-12,LINK/USD,25.0,15.96596259,15.94333,0.03543881221132283,-0.14706118778867716,0.1825,False,Bittrex,Coinbase Pro
3115,01-14-2021_10-57-22,LINK/USD,25.0,15.96596259,15.93151,0.05394693524707924,-0.07355306475292075,0.1275,False,Bittrex,Kraken
3116,01-14-2021_10-57-31,LINK/USD,25.0,15.96596259,15.93871,0.04267295167199781,-0.0848270483280022,0.1275,False,Bittrex,Kraken
3117,01-14-2021_10-57-41,LINK/USD,25.0,15.96596259,15.931,0.05474550908364777,-0.07275449091635224,0.1275,False,Bittrex,Kraken
3118,01-14-2021_10-57-52,LINK/USD,25.0,15.96596259,15.942,0.03752136751060746,-0.02497863248939254,0.0625,False,Bittrex,Binance US
3119,01-14-2021_10-58-04,LINK/USD,25.0,15.95346225,15.93459,0.029573909575646144,-0.09792609042435385,0.1275,False,Bittrex,Kraken
3120,01-14-2021_10-58-15,LINK/USD,25.0,15.97406241,15.94831,0.04030347656567224,-0.08719652343432777,0.1275,False,Bittrex,Kraken
3121,01-14-2021_10-58-25,LINK/USD,25.0,15.99284368,15.97808,0.02307857235305592,-0.10442142764694408,0.1275,False,Bittrex,Kraken
3122,01-14-2021_10-58-36,LINK/USD,25.0,16.0172,15.99427582,0.03578056714032201,-0.14671943285967798,0.1825,False,Coinbase Pro,Bittrex
3123,01-14-2021_10-58-45,LINK/USD,25.0,16.0228271,15.99974,0.0360222011008305,-0.0914777988991695,0.1275,False,Bittrex,Kraken
3124,01-14-2021_10-58-57,LINK/USD,25.0,16.02180225,16.0,0.03401965905552285,-0.09348034094447716,0.1275,False,Bittrex,Kraken
3125,01-14-2021_10-59-06,LINK/USD,25.0,16.03999871,16.03072,0.014461830963576564,-0.16803816903642343,0.1825,False,Bittrex,Coinbase Pro
3126,01-14-2021_10-59-16,LINK/USD,25.0,16.03209833,16.01297,0.029828175960296948,-0.09767182403970305,0.1275,False,Bittrex,Kraken
3127,01-14-2021_10-59-25,LINK/USD,25.0,16.02809713,16.01376,0.022362495503540945,-0.16013750449645905,0.1825,False,Bittrex,Coinbase Pro
3128,01-14-2021_10-59-36,LINK/USD,25.0,16.01466789,15.99189,0.03555785570524035,-0.14694214429475966,0.1825,False,Bittrex,Coinbase Pro
3129,01-14-2021_10-59-46,LINK/USD,25.0,16.0227,16.01063,0.018832656169062264,-0.12616734383093772,0.145,False,Binance US,Coinbase Pro
3130,01-14-2021_10-59-57,LINK/USD,25.0,16.03088,16.0108,0.03131456289361548,-0.08868543710638452,0.12,False,Coinbase Pro,Binance US
3131,01-14-2021_11-00-07,LINK/USD,25.0,16.03999874,16.01957,0.03184030798745535,-0.15065969201254464,0.1825,False,Bittrex,Coinbase Pro
3132,01-14-2021_11-00-16,LINK/USD,25.0,16.011,16.00576,0.008181874960965238,-0.08181812503903475,0.09,False,Binance US,Kraken
3133,01-14-2021_11-00-26,LINK/USD,25.0,16.02866889,16.01577,0.02011846724222726,-0.16238153275777273,0.1825,False,Bittrex,Coinbase Pro
3134,01-14-2021_11-00-36,LINK/USD,25.0,16.03306166,16.01344,0.030595622370983403,-0.0969043776290166,0.1275,False,Bittrex,Kraken
3135,01-14-2021_11-00-46,LINK/USD,25.0,16.03306159,16.01015,0.03572553793202208,-0.14677446206797792,0.1825,False,Bittrex,Coinbase Pro
3136,01-14-2021_11-00-56,LINK/USD,25.0,16.0330617,16.0264,0.010387442094110778,-0.05211255790588922,0.0625,False,Bittrex,Binance US
3137,01-14-2021_11-01-05,LINK/USD,25.0,16.03999869,16.0264,0.021194967441736774,-0.041305032558263226,0.0625,False,Bittrex,Binance US
3138,01-14-2021_11-01-14,LINK/USD,25.0,16.03999874,16.03,0.015584072296504959,-0.04691592770349504,0.0625,False,Bittrex,Binance US
3139,01-14-2021_11-01-24,LINK/USD,25.0,16.0393834,16.02985,0.014859361738305188,-0.11264063826169482,0.1275,False,Bittrex,Kraken
3140,01-14-2021_11-01-34,LINK/USD,25.0,16.03938338,16.02287,0.025738801188252485,-0.10176119881174751,0.1275,False,Bittrex,Kraken
3141,01-14-2021_11-01-45,LINK/USD,25.0,16.0393833,16.01148,0.04349185295671867,-0.13900814704328132,0.1825,False,Bittrex,Coinbase Pro
3142,01-14-2021_11-01-54,LINK/USD,25.0,16.02773379,16.00981,0.027957461477149906,-0.0995425385228501,0.1275,False,Bittrex,Kraken
3143,01-14-2021_11-02-05,LINK/USD,25.0,16.03177641,16.00981,0.03425448533934088,-0.09324551466065911,0.1275,False,Bittrex,Kraken
3144,01-14-2021_11-02-16,LINK/USD,25.0,16.03868328,16.02934,0.01456366435586773,-0.11293633564413227,0.1275,False,Bittrex,Kraken
3145,01-14-2021_11-02-27,LINK/USD,25.0,16.04841,16.03999876,0.01310291798377679,-0.1693970820162232,0.1825,False,Coinbase Pro,Bittrex
3146,01-14-2021_11-02-37,LINK/USD,25.0,16.05999,16.03999876,0.031119633324802075,-0.1513803666751979,0.1825,False,Coinbase Pro,Bittrex
3147,01-14-2021_11-02-49,LINK/USD,25.0,16.04643,16.03999876,0.010019736477212191,-0.11748026352278781,0.1275,False,Kraken,Bittrex
3148,01-14-2021_11-02-59,LINK/USD,25.0,16.04773,16.03883,0.013864889302101564,-0.17113511069789844,0.185,False,Coinbase Pro,Kraken
3149,01-14-2021_11-03-10,LINK/USD,25.0,16.03951342,16.02198,0.02732847864657896,-0.10017152135342104,0.1275,False,Bittrex,Kraken
3150,01-14-2021_11-03-20,LINK/USD,25.0,16.04217,16.01921,0.035780695504407524,-0.14921930449559248,0.185,False,Coinbase Pro,Kraken
3151,01-14-2021_11-03-30,LINK/USD,25.0,16.03999872,16.02328,0.026057857441026146,-0.10144214255897385,0.1275,False,Bittrex,Kraken
3152,01-14-2021_11-03-40,LINK/USD,25.0,16.0419,16.0289,0.020259445576892583,-0.09974055442310742,0.12,False,Coinbase Pro,Binance US
3153,01-14-2021_11-03-50,LINK/USD,25.0,16.05204,16.03999876,0.01875344193012549,-0.1637465580698745,0.1825,False,Coinbase Pro,Bittrex
3154,01-14-2021_11-04-01,LINK/USD,25.0,16.05275,16.03999876,0.01985834202862446,-0.16264165797137553,0.1825,False,Coinbase Pro,Bittrex
3155,01-14-2021_11-04-11,LINK/USD,25.0,16.04546,16.03299,0.019429171865432453,-0.16557082813456755,0.185,False,Coinbase Pro,Kraken
3156,01-14-2021_11-04-21,LINK/USD,25.0,16.05119,16.03999876,0.017430545648015373,-0.1650694543519846,0.1825,False,Coinbase Pro,Bittrex
3157,01-14-2021_11-04-31,LINK/USD,25.0,16.07909393,16.05,0.04523564904629919,-0.01726435095370081,0.0625,False,Bittrex,Binance US
3158,01-14-2021_11-04-42,LINK/USD,25.0,16.09876006,16.05828,0.06286207734187473,-0.06463792265812528,0.1275,False,Bittrex,Kraken
3159,01-14-2021_11-04-52,LINK/USD,25.0,16.09658688,16.08646,0.015728303266240924,-0.11177169673375908,0.1275,False,Bittrex,Kraken
3160,01-14-2021_11-05-03,LINK/USD,25.0,16.10522848,16.08482,0.031679898278599884,-0.09582010172140012,0.1275,False,Bittrex,Kraken
3161,01-14-2021_11-05-13,LINK/USD,25.0,16.09686863,16.0841,0.019830922233227015,-0.042669077766772985,0.0625,False,Bittrex,Binance US
3162,01-14-2021_11-05-23,LINK/USD,25.0,16.08260467,16.06526,0.026961848462821094,-0.1005381515371789,0.1275,False,Bittrex,Kraken
3163,01-14-2021_11-05-33,LINK/USD,25.0,16.08260459,16.05624,0.040983084941964655,-0.14151691505803535,0.1825,False,Bittrex,Coinbase Pro
3164,01-14-2021_11-05-43,LINK/USD,25.0,16.06392046,16.03526,0.04460377538497467,-0.13789622461502532,0.1825,False,Bittrex,Coinbase Pro
3165,01-14-2021_11-05-52,LINK/USD,25.0,16.05308492,16.03614,0.026388884261879696,-0.1561111157381203,0.1825,False,Bittrex,Coinbase Pro
3166,01-14-2021_11-06-02,LINK/USD,25.0,16.05308487,16.03928,0.021498780626576463,-0.16100121937342354,0.1825,False,Bittrex,Coinbase Pro
3167,01-14-2021_11-06-12,LINK/USD,25.0,16.05308482,16.02972,0.036386807056062176,-0.14611319294393782,0.1825,False,Bittrex,Coinbase Pro
3168,01-14-2021_11-06-23,LINK/USD,25.0,16.05308475,16.0303,0.03548344501202421,-0.02701655498797579,0.0625,False,Bittrex,Binance US
3169,01-14-2021_11-06-34,LINK/USD,25.0,16.04077721,16.02402,0.02611658054441852,-0.15638341945558148,0.1825,False,Bittrex,Coinbase Pro
3170,01-14-2021_11-06-44,LINK/USD,25.0,16.05300137,16.02385,0.045398628779910535,-0.13710137122008947,0.1825,False,Bittrex,Coinbase Pro
3171,01-14-2021_11-06-54,LINK/USD,25.0,16.04095059,16.02367,0.02693199181533379,-0.10056800818466621,0.1275,False,Bittrex,Kraken
3172,01-14-2021_11-07-04,LINK/USD,25.0,16.05303873,16.0289,0.037592150629541056,-0.14490783937045895,0.18249999,False,Bittrex,Coinbase Pro
3173,01-14-2021_11-07-15,LINK/USD,25.0,16.04916416,16.02877,0.031768258765194485,-0.09573174123480552,0.1275,False,Bittrex,Kraken
3174,01-14-2021_11-07-25,LINK/USD,25.0,16.05999992,16.03284,0.04227882960039113,-0.08522117039960887,0.1275,False,Bittrex,Kraken
3175,01-14-2021_11-07-35,LINK/USD,25.0,16.05999997,16.03284,0.04227890730189022,-0.08522109269810979,0.1275,False,Bittrex,Kraken
3176,01-14-2021_11-07-45,LINK/USD,25.0,16.0834,16.05556,0.04327443202308155,-0.046725567976918445,0.09,False,Binance US,Kraken
3177,01-14-2021_11-07-56,LINK/USD,25.0,16.10545141,16.082,0.036402907007994006,-0.091097092992006,0.1275,False,Bittrex,Kraken
3178,01-14-2021_11-08-05,LINK/USD,25.0,16.10545133,16.07373,0.049240051318698255,-0.07825994868130175,0.1275,False,Bittrex,Kraken
3179,01-14-2021_11-08-16,LINK/USD,25.0,16.09997556,16.07357,0.04100248460253036,-0.08649751539746964,0.1275,False,Bittrex,Kraken
3180,01-14-2021_11-08-26,LINK/USD,25.0,16.10871844,16.0868,0.03401642421406727,-0.028483575785932733,0.0625,False,Bittrex,Binance US
3181,01-14-2021_11-08-36,LINK/USD,25.0,16.09936125,16.0795,0.030841673920450906,-0.09665832607954909,0.1275,False,Bittrex,Kraken
3182,01-14-2021_11-08-46,LINK/USD,25.0,16.09935754,16.08127,0.028087363043928944,-0.09941263695607105,0.1275,False,Bittrex,Kraken
3183,01-14-2021_11-08-56,LINK/USD,25.0,16.09011883,16.0749,0.023646236178856757,-0.10385376382114325,0.1275,False,Bittrex,Kraken
3184,01-14-2021_11-09-05,LINK/USD,25.0,16.07590593,16.06448,0.01776871868023159,-0.10973128131976842,0.1275,False,Bittrex,Kraken
3185,01-14-2021_11-09-15,LINK/USD,25.0,16.07590141,16.06415,0.018274885028668954,-0.16422511497133105,0.1825,False,Bittrex,Coinbase Pro
3186,01-14-2021_11-09-25,LINK/USD,25.0,16.08739875,16.07397,0.020868429708064542,-0.10663157029193546,0.1275,False,Bittrex,Kraken
3187,01-14-2021_11-09-34,LINK/USD,25.0,16.0792888,16.06642,0.020008347632887346,-0.10749165236711265,0.1275,False,Bittrex,Kraken
3188,01-14-2021_11-09-42,LINK/USD,25.0,16.07928614,16.05796,0.03315778420496367,-0.09434221579503634,0.1275,False,Bittrex,Kraken
3189,01-14-2021_11-09-52,LINK/USD,25.0,16.07928881,16.06417,0.023506652219900937,-0.10399334778009907,0.1275,False,Bittrex,Kraken
3190,01-14-2021_11-10-01,LINK/USD,25.0,16.07022144,16.05738,0.01997707381934268,-0.10752292618065733,0.1275,False,Bittrex,Kraken
3191,01-14-2021_11-10-10,LINK/USD,25.0,16.07022145,16.0543,0.024768560361059767,-0.03773143963894023,0.0625,False,Bittrex,Binance US
3192,01-14-2021_11-10-19,LINK/USD,25.0,16.05717365,16.05,0.011168917638252278,-0.1713310823617477,0.1825,False,Bittrex,Coinbase Pro
3193,01-14-2021_11-10-30,LINK/USD,25.0,16.11028501,16.06206,0.07483574929007333,-0.05266425070992667,0.1275,False,Bittrex,Kraken
3194,01-14-2021_11-10-38,LINK/USD,25.0,16.0762,16.0655,0.016639504360483094,-0.07336049563951691,0.09,False,Binance US,Kraken
3195,01-14-2021_11-10-47,LINK/USD,25.0,16.0739442,16.05736,0.025793607022725158,-0.10170639297727485,0.1275,False,Bittrex,Kraken
3196,01-14-2021_11-10-57,LINK/USD,25.0,16.06614603,16.05614,0.01557005329920986,-0.16692994670079014,0.1825,False,Bittrex,Coinbase Pro
3197,01-14-2021_11-11-06,LINK/USD,25.0,16.06614606,16.05556,0.01647261882293848,-0.11102738117706153,0.1275,False,Bittrex,Kraken
3198,01-14-2021_11-11-15,LINK/USD,25.0,16.06614601,16.0475,0.029014441279811967,-0.03348555872018803,0.0625,False,Bittrex,Binance US
3199,01-14-2021_11-11-24,LINK/USD,25.0,16.06614607,16.05183,0.022276764349123665,-0.10522323565087634,0.1275,False,Bittrex,Kraken
3200,01-14-2021_11-11-33,LINK/USD,25.0,16.07357369,16.0561,0.027177668042282156,-0.10032233195771785,0.1275,False,Bittrex,Kraken
3201,01-14-2021_11-11-42,LINK/USD,25.0,16.07357365,16.04863,0.038796055163502596,-0.0887039448364974,0.1275,False,Bittrex,Kraken
3202,01-14-2021_11-11-53,LINK/USD,25.0,16.07357362,16.04986,0.036882930580067114,-0.09061706941993289,0.1275,False,Bittrex,Kraken
3203,01-14-2021_11-12-04,LINK/USD,25.0,16.07357369,16.05342,0.03134600056697283,-0.09615399943302717,0.1275,False,Bittrex,Kraken
3204,01-14-2021_11-12-14,LINK/USD,25.0,16.0823792,16.0671,0.023751460853501053,-0.03874853914649895,0.0625,False,Bittrex,Binance US
3205,01-14-2021_11-12-23,LINK/USD,25.0,16.09470003,16.06145,0.05164748323675006,-0.07585251676324994,0.1275,False,Bittrex,Kraken
3206,01-14-2021_11-12-32,LINK/USD,25.0,16.08172876,16.05678,0.03878432532399101,-0.088715674676009,0.1275,False,Bittrex,Kraken
3207,01-14-2021_11-12-43,LINK/USD,25.0,16.08172869,16.05956,0.0344625419743935,-0.0930374580256065,0.1275,False,Bittrex,Kraken
3208,01-14-2021_11-12-52,LINK/USD,25.0,16.08172391,16.05192,0.04633195757929446,-0.08116804242070555,0.1275,False,Bittrex,Kraken
3209,01-14-2021_11-13-03,LINK/USD,25.0,16.07,16.05797,0.018714996888611262,-0.10878500311138874,0.1275,False,Bittrex,Kraken
3210,01-14-2021_11-13-12,LINK/USD,25.0,16.07,16.05258,0.027100186683262795,-0.10039981331673721,0.1275,False,Bittrex,Kraken
3211,01-14-2021_11-13-20,LINK/USD,25.0,16.07818,16.06762,0.01641976890418898,-0.16858023109581102,0.185,False,Coinbase Pro,Kraken
3212,01-14-2021_11-13-30,LINK/USD,25.0,16.07927,16.06762,0.018113384500663732,-0.16688661549933625,0.185,False,Coinbase Pro,Kraken
3213,01-14-2021_11-13-40,LINK/USD,25.0,16.0708,16.06448,0.009831495631827246,-0.08016850436817274,0.09,False,Binance US,Kraken
3214,01-14-2021_11-13-50,LINK/USD,25.0,16.07,16.05618,0.021499688861230642,-0.10600031113876936,0.1275,False,Bittrex,Kraken
3215,01-14-2021_11-13-59,LINK/USD,25.0,16.06999996,16.04787,0.03442744252502302,-0.09307255747497697,0.1275,False,Bittrex,Kraken
3216,01-14-2021_11-14-08,LINK/USD,25.0,16.06999987,16.04786,0.034442859643906414,-0.09305714035609358,0.1275,False,Bittrex,Kraken
3217,01-14-2021_11-14-16,LINK/USD,25.0,16.06999984,16.0485,0.033447168970227883,-0.09405283102977212,0.1275,False,Bittrex,Kraken
3218,01-14-2021_11-14-27,LINK/USD,25.0,16.06999984,16.04831,0.03374275080266664,-0.09375724919733336,0.1275,False,Bittrex,Kraken
3219,01-14-2021_11-14-38,LINK/USD,25.0,16.06999984,16.04913,0.03246708184161311,-0.0950329181583869,0.1275,False,Bittrex,Kraken
3220,01-14-2021_11-14-47,LINK/USD,25.0,16.06999984,16.0377,0.05024866260359636,-0.01225133739640364,0.0625,False,Bittrex,Binance US
3221,01-14-2021_11-14-57,LINK/USD,25.0,16.06994717,16.0377,0.05016688863202715,-0.012333111367972847,0.0625,False,Bittrex,Binance US
3222,01-14-2021_11-15-09,LINK/USD,25.0,16.06994709,16.04619,0.03695888024233711,-0.0905411197576629,0.1275,False,Bittrex,Kraken
3223,01-14-2021_11-15-19,LINK/USD,25.0,16.07,16.05291,0.02658680771624083,-0.10091319228375917,0.1275,False,Bittrex,Kraken
3224,01-14-2021_11-15-29,LINK/USD,25.0,16.06999992,16.0542,0.024579838330203285,-0.03792016166979671,0.0625,False,Bittrex,Binance US
3225,01-14-2021_11-15-38,LINK/USD,25.0,16.07,16.0542,0.024579962663345837,-0.03792003733665417,0.0625,False,Bittrex,Binance US
3226,01-14-2021_11-15-48,LINK/USD,25.0,16.07,16.05866,0.017641568139391058,-0.10985843186060895,0.1275,False,Bittrex,Kraken
3227,01-14-2021_11-15-57,LINK/USD,25.0,16.07,16.06253,0.011621032980711606,-0.1158789670192884,0.1275,False,Bittrex,Kraken
3228,01-14-2021_11-16-06,LINK/USD,25.0,16.06999999,16.04813,0.034023008733055714,-0.09347699126694428,0.1275,False,Bittrex,Kraken
3229,01-14-2021_11-16-17,LINK/USD,25.0,16.07,16.05501,0.023319850653392888,-0.10418014934660712,0.1275,False,Bittrex,Kraken
3230,01-14-2021_11-16-27,LINK/USD,25.0,16.07,16.0602,0.015245799626636636,-0.11225420037336337,0.1275,False,Bittrex,Kraken
3231,01-14-2021_11-16-39,LINK/USD,25.0,16.07,16.05586,0.021997510889858667,-0.10550248911014133,0.1275,False,Bittrex,Kraken
3232,01-14-2021_11-16-48,LINK/USD,25.0,16.07,16.05855,0.01781269446172987,-0.10968730553827014,0.1275,False,Bittrex,Kraken
3233,01-14-2021_11-16-58,LINK/USD,25.0,16.07,16.05947,0.01638145612943258,-0.11111854387056742,0.1275,False,Bittrex,Kraken
3234,01-14-2021_11-17-07,LINK/USD,25.0,16.06999997,16.05298,0.026477862526093975,-0.10102213747390602,0.1275,False,Bittrex,Kraken
3235,01-14-2021_11-17-17,LINK/USD,25.0,16.07,16.06194,0.012538892345986933,-0.11496110765401307,0.1275,False,Bittrex,Kraken
3236,01-14-2021_11-17-27,LINK/USD,25.0,16.073,16.06542,0.011789958315188217,-0.07821004168481178,0.09,False,Binance US,Kraken
3237,01-14-2021_11-17-37,LINK/USD,25.0,16.073,16.06542,0.011789958315188217,-0.07821004168481178,0.09,False,Binance US,Kraken
3238,01-14-2021_11-17-48,LINK/USD,25.0,16.073,16.06659,0.009970136253342431,-0.08002986374665756,0.09,False,Binance US,Kraken
3239,01-14-2021_11-17-58,LINK/USD,25.0,16.07,16.06634,0.005693839452395763,-0.12180616054760424,0.1275,False,Bittrex,Kraken
3240,01-14-2021_11-18-07,LINK/USD,25.0,16.07,16.05893,0.017221530802738232,-0.11027846919726177,0.1275,False,Bittrex,Kraken
3241,01-14-2021_11-18-17,LINK/USD,25.0,16.06999999,16.0548,0.0236465308174516,-0.1588534691825484,0.1825,False,Bittrex,Coinbase Pro
3242,01-14-2021_11-18-27,LINK/USD,25.0,16.06587164,16.04945,0.025553608867250964,-0.10194639113274903,0.1275,False,Bittrex,Kraken
3243,01-14-2021_11-18-38,LINK/USD,25.0,16.06587156,16.04921,0.025926946972310492,-0.1565730530276895,0.1825,False,Bittrex,Coinbase Pro
3244,01-14-2021_11-18-47,LINK/USD,25.0,16.05630762,16.04055,0.02453493725476888,-0.10296506274523112,0.1275,False,Bittrex,Kraken
3245,01-14-2021_11-18-58,LINK/USD,25.0,16.05630761,16.03853,0.027680103096878128,-0.09981989690312187,0.1275,False,Bittrex,Kraken
3246,01-14-2021_11-19-08,LINK/USD,25.0,16.0509752,16.03522,0.024539318956771188,-0.1579606810432288,0.1825,False,Bittrex,Coinbase Pro
3247,01-14-2021_11-19-16,LINK/USD,25.0,16.03820491,16.01209,0.040707345595325156,-0.14179265440467484,0.1825,False,Bittrex,Coinbase Pro
3248,01-14-2021_11-19-27,LINK/USD,25.0,16.02607492,16.00294,0.03608949807655147,-0.09141050192344853,0.1275,False,Bittrex,Kraken
3249,01-14-2021_11-19-38,LINK/USD,25.0,16.02606898,16.00666,0.03027720026698878,-0.09722279973301122,0.1275,False,Bittrex,Kraken
3250,01-14-2021_11-19-49,LINK/USD,25.0,16.01417582,15.995,0.02993569606006608,-0.09756430393993393,0.1275,False,Bittrex,Kraken
3251,01-14-2021_11-20-00,LINK/USD,25.0,16.02941863,15.9952,0.05336848264720571,-0.009131517352794292,0.0625,False,Bittrex,Binance US
3252,01-14-2021_11-20-13,LINK/USD,25.0,16.01143701,16.00581,0.008785922832046478,-0.11871407716795353,0.1275,False,Bittrex,Kraken
3253,01-14-2021_11-20-26,LINK/USD,25.0,16.03245213,16.0077,0.0385969186112261,-0.1439030813887739,0.1825,False,Bittrex,Coinbase Pro
3254,01-14-2021_11-20-39,LINK/USD,25.0,16.01579685,15.9998,0.02497042474661588,-0.10252957525338412,0.1275,False,Bittrex,Kraken
3255,01-14-2021_11-20-50,LINK/USD,25.0,16.01578896,15.99735,0.02878247216863529,-0.09871752783136471,0.1275,False,Bittrex,Kraken
3256,01-14-2021_11-21-00,LINK/USD,25.0,16.01578887,15.98635,0.045952887864214316,-0.1365471121357857,0.1825,False,Bittrex,Coinbase Pro
3257,01-14-2021_11-21-11,LINK/USD,25.0,15.99143587,15.96781,0.036935191736475456,-0.09056480826352455,0.1275,False,Bittrex,Kraken
3258,01-14-2021_11-21-22,LINK/USD,25.0,15.99143579,15.9696,0.0341366939885027,-0.0283633060114973,0.0625,False,Bittrex,Binance US
3259,01-14-2021_11-21-34,LINK/USD,25.0,15.99143568,15.9696,0.034136522256269015,-0.028363477743730985,0.0625,False,Bittrex,Binance US
3260,01-14-2021_11-21-46,LINK/USD,25.0,15.97821134,15.96076,0.02730490232706978,-0.10019509767293022,0.1275,False,Bittrex,Kraken
3261,01-14-2021_11-21-58,LINK/USD,25.0,15.97821128,15.95755,0.032327273118897826,-0.15017272688110217,0.1825,False,Bittrex,Coinbase Pro
3262,01-14-2021_11-22-10,LINK/USD,25.0,15.98751078,15.96304,0.038265462861504465,-0.08923453713849554,0.1275,False,Bittrex,Kraken
3263,01-14-2021_11-22-20,LINK/USD,25.0,15.9875107,15.9667,0.03254212051911275,-0.09495787948088726,0.1275,False,Bittrex,Kraken
3264,01-14-2021_11-22-32,LINK/USD,25.0,15.98751059,15.96587,0.03383983684979492,-0.09366016315020509,0.1275,False,Bittrex,Kraken
3265,01-14-2021_11-22-43,LINK/USD,25.0,15.98751049,15.96107,0.041345539720738275,-0.08615446027926173,0.1275,False,Bittrex,Kraken
3266,01-14-2021_11-22-55,LINK/USD,25.0,15.97751702,15.94228,0.055135319142348635,-0.07236468085765137,0.1275,False,Bittrex,Kraken
3267,01-14-2021_11-23-07,LINK/USD,25.0,15.9703233,15.95134,0.029716524273494777,-0.09778347572650523,0.1275,False,Bittrex,Kraken
3268,01-14-2021_11-23-18,LINK/USD,25.0,15.97670863,15.95105,0.04015005623845879,-0.1423499437615412,0.1825,False,Bittrex,Coinbase Pro
3269,01-14-2021_11-23-29,LINK/USD,25.0,15.964264,15.94631,0.02811592191158888,-0.09938407808841113,0.1275,False,Bittrex,Kraken
3270,01-14-2021_11-23-41,LINK/USD,25.0,15.97691721,15.95601,0.032714712302124915,-0.14978528769787508,0.1825,False,Bittrex,Coinbase Pro
3271,01-14-2021_11-23-51,LINK/USD,25.0,15.97691394,15.95175,0.0393754702793354,-0.0881245297206646,0.1275,False,Bittrex,Kraken
3272,01-14-2021_11-24-01,LINK/USD,25.0,15.97691387,15.94903,0.04363150203300205,-0.08386849796699795,0.1275,False,Bittrex,Kraken
3273,01-14-2021_11-24-11,LINK/USD,25.0,15.96704523,15.94591,0.03309195548636976,-0.09440804451363025,0.1275,False,Bittrex,Kraken
3274,01-14-2021_11-24-22,LINK/USD,25.0,15.96704517,15.93789,0.0456489752637197,-0.08185102473628031,0.1275,False,Bittrex,Kraken
3275,01-14-2021_11-24-33,LINK/USD,25.0,15.96704056,15.94091,0.040913279924677824,-0.08658672007532217,0.1275,False,Bittrex,Kraken
3276,01-14-2021_11-24-45,LINK/USD,25.0,15.96703473,15.93829,0.045006368568222654,-0.08249363143177735,0.1275,False,Bittrex,Kraken
3277,01-14-2021_11-24-56,LINK/USD,25.0,15.96703462,15.9307,0.056890056395455905,-0.07060994360454409,0.1275,False,Bittrex,Kraken
3278,01-14-2021_11-25-07,LINK/USD,25.0,15.96702857,15.94724,0.030983488745644768,-0.09651651125435523,0.1275,False,Bittrex,Kraken
3279,01-14-2021_11-25-17,LINK/USD,25.0,15.96702205,15.94803,0.029736368404403517,-0.09776363159559648,0.1275,False,Bittrex,Kraken
3280,01-14-2021_11-25-29,LINK/USD,25.0,15.96701776,15.94803,0.02972965942263709,-0.09777034057736292,0.1275,False,Bittrex,Kraken
3281,01-14-2021_11-25-41,LINK/USD,25.0,15.96701775,15.94803,0.02972964378398223,-0.09777035621601778,0.1275,False,Bittrex,Kraken
3282,01-14-2021_11-25-51,LINK/USD,25.0,15.96548583,15.94109,0.038200888873294564,-0.14429911112670543,0.1825,False,Bittrex,Coinbase Pro
3283,01-14-2021_11-26-02,LINK/USD,25.0,15.95224893,15.93053,0.03403741079910617,-0.14846258920089384,0.1825,False,Bittrex,Coinbase Pro
3284,01-14-2021_11-26-13,LINK/USD,25.0,15.95224888,15.92126,0.048565064764712756,-0.13393493523528724,0.1825,False,Bittrex,Coinbase Pro
3285,01-14-2021_11-26-24,LINK/USD,25.0,15.91895672,15.90476,0.022295305291842406,-0.1602046947081576,0.1825,False,Bittrex,Coinbase Pro
3286,01-14-2021_11-26-37,LINK/USD,25.0,15.92929124,15.91386,0.02421834055185472,-0.15828165944814526,0.1825,False,Bittrex,Coinbase Pro
3287,01-14-2021_11-26-47,LINK/USD,25.0,15.92929116,15.90679,0.03531412630667103,-0.14718587369332897,0.1825,False,Bittrex,Coinbase Pro
3288,01-14-2021_11-26-58,LINK/USD,25.0,15.9292911,15.91417,0.02373159594026127,-0.10376840405973874,0.1275,False,Bittrex,Kraken
3289,01-14-2021_11-27-09,LINK/USD,25.0,15.92706329,15.91193,0.023754049513794003,-0.158745950486206,0.1825,False,Bittrex,Coinbase Pro
3290,01-14-2021_11-27-20,LINK/USD,25.0,15.9270633,15.91733,0.015277926345656908,-0.1122220736543431,0.1275,False,Bittrex,Kraken
3291,01-14-2021_11-27-30,LINK/USD,25.0,15.9381639,15.9154,0.035706591020812764,-0.14679340897918725,0.1825,False,Bittrex,Coinbase Pro
3292,01-14-2021_11-27-41,LINK/USD,25.0,15.92749515,15.91298,0.022783164997543792,-0.1597168350024562,0.1825,False,Bittrex,Coinbase Pro
3293,01-14-2021_11-27-53,LINK/USD,25.0,15.92749506,15.90802,0.030568303312347007,-0.151931696687653,0.1825,False,Bittrex,Coinbase Pro
3294,01-14-2021_11-28-05,LINK/USD,25.0,15.92749495,15.90477,0.035669372477183915,-0.1468306275228161,0.1825,False,Bittrex,Coinbase Pro
3295,01-14-2021_11-28-16,LINK/USD,25.0,15.93608835,15.91254,0.036941860327977596,-0.1455581396720224,0.1825,False,Bittrex,Coinbase Pro
3296,01-14-2021_11-28-27,LINK/USD,25.0,15.9143839,15.88974,0.038713248585138346,-0.14378675141486164,0.1825,False,Bittrex,Coinbase Pro
3297,01-14-2021_11-28-38,LINK/USD,25.0,15.90666653,15.8873,0.03043775696729997,-0.03206224303270003,0.0625,False,Bittrex,Binance US
3298,01-14-2021_11-28-49,LINK/USD,25.0,15.90912183,15.88,0.045762786769732326,-0.08173721323026767,0.1275,False,Bittrex,Kraken
3299,01-14-2021_11-29-00,LINK/USD,25.0,15.89844656,15.87635,0.034746413614387114,-0.14775358638561287,0.1825,False,Bittrex,Coinbase Pro
3300,01-14-2021_11-29-12,LINK/USD,25.0,15.89844661,15.8786,0.031208410618425973,-0.09629158938157403,0.1275,False,Bittrex,Kraken
3301,01-14-2021_11-29-23,LINK/USD,25.0,15.90238882,15.88,0.035197259124745375,-0.09230274087525463,0.1275,False,Bittrex,Kraken
3302,01-14-2021_11-29-47,LINK/USD,25.0,15.90238882,15.88,0.035197259124745375,-0.09230274087525463,0.1275,False,Bittrex,Kraken
3303,01-14-2021_11-29-59,LINK/USD,25.0,15.90951167,15.88,0.046374254930226545,-0.08112574506977346,0.1275,False,Bittrex,Kraken
3304,01-14-2021_11-30-21,LINK/USD,25.0,15.90951169,15.88,0.04637428629966902,-0.08112571370033098,0.1275,False,Bittrex,Kraken
3305,01-14-2021_11-30-32,LINK/USD,25.0,15.91876942,15.88885,0.04698764585786774,-0.08051235414213226,0.1275,False,Bittrex,Kraken
3306,01-14-2021_11-30-42,LINK/USD,25.0,15.92545212,15.88885,0.057458525704951094,-0.07004147429504891,0.1275,False,Bittrex,Kraken
3307,01-14-2021_11-31-04,LINK/USD,25.0,15.91711508,15.88901,0.04414286109439808,-0.13835713890560192,0.1825,False,Bittrex,Coinbase Pro
3308,01-14-2021_11-31-15,LINK/USD,25.0,15.9094584,15.89289,0.026035455738707917,-0.15646454426129208,0.1825,False,Bittrex,Coinbase Pro
3309,01-14-2021_11-31-27,LINK/USD,25.0,15.9094584,15.89758,0.018665625977563938,-0.10883437402243606,0.1275,False,Bittrex,Kraken
3310,01-14-2021_11-31-49,LINK/USD,25.0,15.91928231,15.90159,0.027784402675121708,-0.0997155973248783,0.1275,False,Bittrex,Kraken
3311,01-14-2021_11-32-01,LINK/USD,25.0,15.92385434,15.90577,0.028391901253725767,-0.09910809874627424,0.1275,False,Bittrex,Kraken
3312,01-14-2021_11-32-12,LINK/USD,25.0,15.91732211,15.89436,0.03606465623004208,-0.09143534376995792,0.1275,False,Bittrex,Kraken
3313,01-14-2021_11-32-24,LINK/USD,25.0,15.90688242,15.89138,0.024364327953586333,-0.15813567204641366,0.1825,False,Bittrex,Coinbase Pro
3314,01-14-2021_11-32-35,LINK/USD,25.0,15.90688242,15.88604,0.03275692157910762,-0.14974307842089238,0.1825,False,Bittrex,Coinbase Pro
3315,01-14-2021_11-32-47,LINK/USD,25.0,15.90688242,15.88475,0.03478434588190058,-0.14771565411809942,0.1825,False,Bittrex,Coinbase Pro
3316,01-14-2021_11-33-10,LINK/USD,25.0,15.90688232,15.88731,0.030760773239944323,-0.15173922676005566,0.1825,False,Bittrex,Coinbase Pro
3317,01-14-2021_11-33-21,LINK/USD,25.0,15.90304278,15.88668,0.02572271895755991,-0.1567772810424401,0.1825,False,Bittrex,Coinbase Pro
3318,01-14-2021_11-33-44,LINK/USD,25.0,15.91981997,15.89235,0.04313800352605414,-0.08436199647394586,0.1275,False,Bittrex,Kraken
3319,01-14-2021_11-33-56,LINK/USD,25.0,15.91574923,15.89544,0.03190115291857789,-0.0955988470814221,0.1275,False,Bittrex,Kraken
3320,01-14-2021_11-34-08,LINK/USD,25.0,15.9157492,15.89193,0.037414512663972097,-0.0900854873360279,0.1275,False,Bittrex,Kraken
3321,01-14-2021_11-34-19,LINK/USD,25.0,15.9157492,15.89114,0.03865542188865423,-0.08884457811134577,0.1275,False,Bittrex,Kraken
3322,01-14-2021_11-34-43,LINK/USD,25.0,15.90899852,15.88872,0.031866430772666765,-0.09563356922733324,0.1275,False,Bittrex,Kraken
3323,01-14-2021_11-35-05,LINK/USD,25.0,15.90899861,15.89121,0.027953692177738215,-0.09954630782226179,0.1275,False,Bittrex,Kraken
3324,01-14-2021_11-35-16,LINK/USD,25.0,15.90443054,15.84616,0.09159482298572216,-0.09090517701427783,0.1825,False,Bittrex,Coinbase Pro
3325,01-14-2021_11-35-27,LINK/USD,25.0,15.90899852,15.83481,0.11658263703201607,-0.010917362967983929,0.1275,False,Bittrex,Kraken
3326,01-14-2021_11-35-39,LINK/USD,25.0,15.84587409,15.83145,0.022756854431121402,-0.10474314556887859,0.1275,False,Bittrex,Kraken
3327,01-14-2021_11-35-51,LINK/USD,25.0,15.84959919,15.83147,0.028595660026907905,-0.15390433997309208,0.1825,False,Bittrex,Coinbase Pro
3328,01-14-2021_11-36-14,LINK/USD,25.0,15.84127121,15.82051,0.03276443178829943,-0.09473556821170057,0.1275,False,Bittrex,Kraken
3329,01-14-2021_11-36-26,LINK/USD,25.0,15.93099984,15.84663,0.13239884634886923,0.0048988463488692235,0.1275,False,Bittrex,Kraken
3330,01-14-2021_11-36-38,LINK/USD,25.0,15.85845211,15.84208,0.02580975413999708,-0.10169024586000291,0.1275,False,Bittrex,Kraken
3331,01-14-2021_11-37-00,LINK/USD,25.0,15.85845196,15.83293,0.04023400276454337,-0.08726599723545664,0.1275,False,Bittrex,Kraken
3332,01-14-2021_11-37-11,LINK/USD,25.0,15.87333866,15.84612,0.04286851774382646,-0.08463148225617353,0.1275,False,Bittrex,Kraken
3333,01-14-2021_11-37-33,LINK/USD,25.0,15.87293291,15.84614,0.04219905381052745,-0.08530094618947255,0.1275,False,Bittrex,Kraken
3334,01-14-2021_11-37-43,LINK/USD,25.0,15.87293283,15.85262,0.03199287462744203,-0.09550712537255797,0.1275,False,Bittrex,Kraken
3335,01-14-2021_11-37-55,LINK/USD,25.0,15.8729327,15.85219,0.03266992368713243,-0.09483007631286758,0.1275,False,Bittrex,Kraken
3336,01-14-2021_11-38-17,LINK/USD,25.0,15.8617249,15.84757,0.02230983718548982,-0.10519016281451019,0.1275,False,Bittrex,Kraken
3337,01-14-2021_11-38-28,LINK/USD,25.0,15.86172479,15.84894,0.020150377984208403,-0.1073496220157916,0.1275,False,Bittrex,Kraken
3338,01-14-2021_11-38-38,LINK/USD,25.0,15.87252688,15.86064,0.018722412773133208,-0.16377758722686678,0.1825,False,Bittrex,Coinbase Pro
3339,01-14-2021_11-38-50,LINK/USD,25.0,15.89083338,15.86211,0.045188599164584266,-0.13731140083541574,0.1825,False,Bittrex,Coinbase Pro
3340,01-14-2021_11-39-00,LINK/USD,25.0,15.89083327,15.86211,0.045188426421644175,-0.13731157357835583,0.1825,False,Bittrex,Coinbase Pro
3341,01-14-2021_11-39-11,LINK/USD,25.0,15.86788111,15.84899,0.02976312632581889,-0.09773687367418112,0.1275,False,Bittrex,Kraken
3342,01-14-2021_11-39-21,LINK/USD,25.0,15.85425766,15.83678,0.027559883872861252,-0.09994011612713875,0.1275,False,Bittrex,Kraken
3343,01-14-2021_11-39-33,LINK/USD,25.0,15.86461875,15.84158,0.03630523740130779,-0.09119476259869222,0.1275,False,Bittrex,Kraken
3344,01-14-2021_11-39-44,LINK/USD,25.0,15.85814014,15.84529,0.020257955672220777,-0.10724204432777923,0.1275,False,Bittrex,Kraken
3345,01-14-2021_11-40-06,LINK/USD,25.0,15.86752038,15.84727,0.03190539466003231,-0.09559460533996769,0.1275,False,Bittrex,Kraken
3346,01-14-2021_11-40-17,LINK/USD,25.0,15.8675203,15.84728,0.03188951332238267,-0.09561048667761733,0.1275,False,Bittrex,Kraken
3347,01-14-2021_11-40-27,LINK/USD,25.0,15.86752019,15.83986,0.04357988782871156,-0.08392011217128845,0.1275,False,Bittrex,Kraken
3348,01-14-2021_11-40-38,LINK/USD,25.0,15.86752008,15.83519,0.05093751234754934,-0.07656248765245066,0.1275,False,Bittrex,Kraken
3349,01-14-2021_11-40-49,LINK/USD,25.0,15.85754427,15.84114,0.025861933160475206,-0.1016380668395248,0.1275,False,Bittrex,Kraken
3350,01-14-2021_11-41-12,LINK/USD,25.0,15.88666873,15.85821,0.04478397970598418,-0.08271602029401581,0.1275,False,Bittrex,Kraken
3351,01-14-2021_11-41-23,LINK/USD,25.0,15.87837429,15.8633,0.023733994621686457,-0.10376600537831354,0.1275,False,Bittrex,Kraken
3352,01-14-2021_11-41-33,LINK/USD,25.0,15.87021458,15.84615,0.03790840363042054,-0.08959159636957946,0.1275,False,Bittrex,Kraken
3353,01-14-2021_11-41-43,LINK/USD,25.0,15.87021451,15.84411,0.04112186067735718,-0.08637813932264282,0.1275,False,Bittrex,Kraken
3354,01-14-2021_11-41-54,LINK/USD,25.0,15.8643839,15.84121,0.03651875191951159,-0.09098124808048841,0.1275,False,Bittrex,Kraken
3355,01-14-2021_11-42-05,LINK/USD,25.0,15.86438378,15.8387,0.04047396412645499,-0.08702603587354502,0.1275,False,Bittrex,Kraken
3356,01-14-2021_11-42-15,LINK/USD,25.0,15.86438372,15.83722,0.04280613807543323,-0.08469386192456677,0.1275,False,Bittrex,Kraken
3357,01-14-2021_11-42-26,LINK/USD,25.0,15.86438358,15.84175,0.035667285599004686,-0.09183271440099532,0.1275,False,Bittrex,Kraken
3358,01-14-2021_11-42-37,LINK/USD,25.0,15.86438349,15.84414,0.03190084571007865,-0.09559915428992136,0.1275,False,Bittrex,Kraken
3359,01-14-2021_11-42-48,LINK/USD,25.0,15.87056789,15.84434,0.0413152985163902,-0.0861847014836098,0.1275,False,Bittrex,Kraken
3360,01-14-2021_11-42-59,LINK/USD,25.0,15.87056773,15.84565,0.03925147862369557,-0.08824852137630443,0.1275,False,Bittrex,Kraken
3361,01-14-2021_11-43-09,LINK/USD,25.0,15.87877,15.84741,0.04937410139450252,-0.07812589860549748,0.1275,False,Bittrex,Kraken
3362,01-14-2021_11-43-20,LINK/USD,25.0,15.86577696,15.84798,0.02804300105325583,-0.15445699894674417,0.1825,False,Bittrex,Coinbase Pro
3363,01-14-2021_11-43-31,LINK/USD,25.0,15.8657769,15.84292,0.036016042807208416,-0.09148395719279159,0.1275,False,Bittrex,Kraken
3364,01-14-2021_11-43-42,LINK/USD,25.0,15.86577685,15.84602,0.031131236413425717,-0.09636876358657429,0.1275,False,Bittrex,Kraken
3365,01-14-2021_11-43-53,LINK/USD,25.0,15.86577671,15.84522,0.03239159099447743,-0.09510840900552257,0.1275,False,Bittrex,Kraken
3366,01-14-2021_11-44-04,LINK/USD,25.0,15.86577666,15.84468,0.03324240037550035,-0.09425759962449964,0.1275,False,Bittrex,Kraken
3367,01-14-2021_11-44-15,LINK/USD,25.0,15.8563436,15.83844,0.028227819180205505,-0.0992721808197945,0.1275,False,Bittrex,Kraken
3368,01-14-2021_11-44-27,LINK/USD,25.0,15.85634351,15.83968,0.02627262393358803,-0.10122737606641197,0.1275,False,Bittrex,Kraken
3369,01-14-2021_11-44-49,LINK/USD,25.0,15.84870817,15.83081,0.028232853125972616,-0.09926714687402738,0.1275,False,Bittrex,Kraken
3370,01-14-2021_11-45-01,LINK/USD,25.0,15.84870811,15.82839,0.03205010442961561,-0.09544989557038439,0.1275,False,Bittrex,Kraken
3371,01-14-2021_11-45-11,LINK/USD,25.0,15.84768767,15.82839,0.030442406491467802,-0.0970575935085322,0.1275,False,Bittrex,Kraken
3372,01-14-2021_11-45-34,LINK/USD,25.0,15.84768767,15.83477,0.02037784670701811,-0.10712215329298189,0.1275,False,Bittrex,Kraken
3373,01-14-2021_11-45-45,LINK/USD,25.0,15.84928,15.8419,0.011640907347209933,-0.17335909265279006,0.185,False,Coinbase Pro,Kraken
3374,01-14-2021_11-45-56,LINK/USD,25.0,15.86278,15.84652,0.02562602519861088,-0.15937397480138912,0.185,False,Coinbase Pro,Kraken
3375,01-14-2021_11-46-18,LINK/USD,25.0,15.84839,15.83496,0.021185117226417964,-0.16381488277358203,0.185,False,Coinbase Pro,Kraken
3376,01-14-2021_11-46-29,LINK/USD,25.0,15.84095,15.83236,0.013556636439102257,-0.17144336356089773,0.185,False,Coinbase Pro,Kraken
3377,01-14-2021_11-46-40,LINK/USD,25.0,15.84243,15.83237,0.01587508986942197,-0.16912491013057804,0.185,False,Coinbase Pro,Kraken
3378,01-14-2021_11-47-02,LINK/USD,25.0,15.85229,15.83721,0.023782052939984248,-0.16121794706001574,0.185,False,Coinbase Pro,Kraken
3379,01-14-2021_11-47-25,LINK/USD,25.0,15.8647,15.84413,0.03241473207813465,-0.057585267921865343,0.09,False,Binance US,Kraken
3380,01-14-2021_11-47-36,LINK/USD,25.0,15.869585,15.84648,0.03639824229808316,-0.09110175770191684,0.1275,False,Bittrex,Kraken
3381,01-14-2021_11-47-46,LINK/USD,25.0,15.86958497,15.84571,0.03761120729548545,-0.08988879270451455,0.1275,False,Bittrex,Kraken
3382,01-14-2021_11-47-57,LINK/USD,25.0,15.86958497,15.84578,0.037500933460140266,-0.08999906653985973,0.1275,False,Bittrex,Kraken
3383,01-14-2021_11-48-07,LINK/USD,25.0,15.869585,15.84573,0.037579747674562805,-0.0899202523254372,0.1275,False,Bittrex,Kraken
3384,01-14-2021_11-48-19,LINK/USD,25.0,15.87226,15.84652,0.04054243063054783,-0.14445756936945217,0.185,False,Coinbase Pro,Kraken
3385,01-14-2021_11-48-30,LINK/USD,25.0,15.86745426,15.84652,0.032983016142629565,-0.09451698385737044,0.1275,False,Bittrex,Kraken
3386,01-14-2021_11-48-41,LINK/USD,25.0,15.86745417,15.84568,0.03430633825489171,-0.09319366174510829,0.1275,False,Bittrex,Kraken
3387,01-14-2021_11-48-54,LINK/USD,25.0,15.86405558,15.84284,0.0334334116093657,-0.09406658839063431,0.1275,False,Bittrex,Kraken
3388,01-14-2021_11-49-17,LINK/USD,25.0,15.87137102,15.84652,0.03914441286875013,-0.08835558713124987,0.1275,False,Bittrex,Kraken
3389,01-14-2021_11-49-28,LINK/USD,25.0,15.87137111,15.84652,0.03914455441146851,-0.08835544558853149,0.1275,False,Bittrex,Kraken
3390,01-14-2021_11-49-40,LINK/USD,25.0,15.87137095,15.84549,0.04076672091140221,-0.08673327908859779,0.1275,False,Bittrex,Kraken
3391,01-14-2021_11-49-51,LINK/USD,25.0,15.87137083,15.84572,0.04040424465339018,-0.08709575534660982,0.1275,False,Bittrex,Kraken
3392,01-14-2021_11-50-12,LINK/USD,25.0,15.87137109,15.84652,0.03914452295753154,-0.08835547704246846,0.1275,False,Bittrex,Kraken
3393,01-14-2021_11-50-23,LINK/USD,25.0,15.87137098,15.84652,0.039144349960875395,-0.0883556500391246,0.1275,False,Bittrex,Kraken
3394,01-14-2021_11-50-33,LINK/USD,25.0,15.87137089,15.84573,0.040388587378037175,-0.08711141262196283,0.1275,False,Bittrex,Kraken
3395,01-14-2021_11-50-44,LINK/USD,25.0,15.87137083,15.84573,0.04038849302092766,-0.08711150697907234,0.1275,False,Bittrex,Kraken
3396,01-14-2021_11-50-55,LINK/USD,25.0,15.87137111,15.84652,0.03914455441146851,-0.08835544558853149,0.1275,False,Bittrex,Kraken
3397,01-14-2021_11-51-05,LINK/USD,25.0,15.87137111,15.84652,0.03914455441146851,-0.08835544558853149,0.1275,False,Bittrex,Kraken
3398,01-14-2021_11-51-16,LINK/USD,25.0,15.87137111,15.84652,0.03914455441146851,-0.08835544558853149,0.1275,False,Bittrex,Kraken
3399,01-14-2021_11-51-27,LINK/USD,25.0,15.87137109,15.84652,0.03914452295753154,-0.08835547704246846,0.1275,False,Bittrex,Kraken
3400,01-14-2021_11-51-38,LINK/USD,25.0,15.87137111,15.84652,0.03914455441146851,-0.08835544558853149,0.1275,False,Bittrex,Kraken
3401,01-14-2021_11-51-50,LINK/USD,25.0,15.87137111,15.84652,0.03914455441146851,-0.08835544558853149,0.1275,False,Bittrex,Kraken
3402,01-14-2021_11-52-01,LINK/USD,25.0,15.87137111,15.84652,0.03914455441146851,-0.08835544558853149,0.1275,False,Bittrex,Kraken
3403,01-14-2021_11-52-12,LINK/USD,25.0,15.87137111,15.84652,0.03914455441146851,-0.08835544558853149,0.1275,False,Bittrex,Kraken
3404,01-14-2021_11-52-22,LINK/USD,25.0,15.87137111,15.84652,0.03914455441146851,-0.08835544558853149,0.1275,False,Bittrex,Kraken
3405,01-14-2021_11-52-34,LINK/USD,25.0,15.85920186,15.83912,0.03165647959033108,-0.09584352040966893,0.1275,False,Bittrex,Kraken
3406,01-14-2021_11-52-45,LINK/USD,25.0,15.86769229,15.84652,0.03335754439437908,-0.09414245560562093,0.1275,False,Bittrex,Kraken
3407,01-14-2021_11-52-54,LINK/USD,25.0,15.87209617,15.84652,0.04028480190339091,-0.08721519809660909,0.1275,False,Bittrex,Kraken
3408,01-14-2021_11-53-07,LINK/USD,25.0,15.88365506,15.84652,0.05844854326621322,-0.06905145673378679,0.1275,False,Bittrex,Kraken
3409,01-14-2021_11-53-18,LINK/USD,25.0,15.87262453,15.84652,0.041115648440276514,-0.08638435155972349,0.1275,False,Bittrex,Kraken
3410,01-14-2021_11-53-28,LINK/USD,25.0,15.8726245,15.84652,0.04111560126682364,-0.08638439873317635,0.1275,False,Bittrex,Kraken
3411,01-14-2021_11-53-39,LINK/USD,25.0,15.87262452,15.84652,0.041115632715793174,-0.08638436728420683,0.1275,False,Bittrex,Kraken
3412,01-14-2021_11-53-49,LINK/USD,25.0,15.87262452,15.84652,0.041115632715793174,-0.08638436728420683,0.1275,False,Bittrex,Kraken
3413,01-14-2021_11-54-11,LINK/USD,25.0,15.88269451,15.86406,0.029331468266085865,-0.09816853173391414,0.1275,False,Bittrex,Kraken
3414,01-14-2021_11-54-22,LINK/USD,25.0,15.8826945,15.86406,0.029331452544149896,-0.0981685474558501,0.1275,False,Bittrex,Kraken
3415,01-14-2021_11-54-33,LINK/USD,25.0,15.88269451,15.86406,0.029331468266085865,-0.09816853173391414,0.1275,False,Bittrex,Kraken
3416,01-14-2021_11-54-44,LINK/USD,25.0,15.9100222,15.8885,0.03381862031594103,-0.09368137968405897,0.1275,False,Bittrex,Kraken
3417,01-14-2021_11-54-56,LINK/USD,25.0,15.9100222,15.88989,0.031634462458513764,-0.09586553754148625,0.1275,False,Bittrex,Kraken
3418,01-14-2021_11-55-07,LINK/USD,25.0,15.91002222,15.8895,0.03224731511405794,-0.09525268488594206,0.1275,False,Bittrex,Kraken
3419,01-14-2021_11-55-18,LINK/USD,25.0,15.93008361,15.89738,0.051323663454394826,-0.07617633654560518,0.1275,False,Bittrex,Kraken
3420,01-14-2021_11-55-29,LINK/USD,25.0,15.92922101,15.89738,0.049972641443059275,-0.07752735855694073,0.1275,False,Bittrex,Kraken
3421,01-14-2021_11-55-39,LINK/USD,25.0,15.94102507,15.89738,0.06844771557717677,-0.05905228442282323,0.1275,False,Bittrex,Kraken
3422,01-14-2021_11-55-50,LINK/USD,25.0,15.9240332,15.89738,0.041844298591389766,-0.08565570140861023,0.1275,False,Bittrex,Kraken
3423,01-14-2021_11-56-00,LINK/USD,25.0,15.9240332,15.89738,0.041844298591389766,-0.08565570140861023,0.1275,False,Bittrex,Kraken
3424,01-14-2021_11-56-11,LINK/USD,25.0,15.94648793,15.92368,0.03575698000105157,-0.09174301999894843,0.1275,False,Bittrex,Kraken
3425,01-14-2021_11-56-22,LINK/USD,25.0,15.93511823,15.91046,0.0386853577803671,-0.0888146422196329,0.1275,False,Bittrex,Kraken
3426,01-14-2021_11-56-34,LINK/USD,25.0,15.93511823,15.92263,0.01959230835277062,-0.10790769164722938,0.1275,False,Bittrex,Kraken
3427,01-14-2021_11-56-45,LINK/USD,25.0,15.93511823,15.92544,0.015183806389619197,-0.11231619361038081,0.1275,False,Bittrex,Kraken
3428,01-14-2021_11-56-55,LINK/USD,25.0,15.93535,15.92544,0.01554719538635744,-0.16945280461364257,0.185,False,Coinbase Pro,Kraken
3429,01-14-2021_11-57-07,LINK/USD,25.0,15.93676034,15.91829,0.02897442705723494,-0.09852557294276507,0.1275,False,Bittrex,Kraken
3430,01-14-2021_11-57-28,LINK/USD,25.0,15.9618476,15.9434,0.028893271728769054,-0.03360672827123094,0.0625,False,Bittrex,Binance US
3431,01-14-2021_11-57-40,LINK/USD,25.0,15.96184757,15.94368,0.02845467907196542,-0.09904532092803459,0.1275,False,Bittrex,Kraken
3432,01-14-2021_11-57-52,LINK/USD,25.0,15.9618476,15.94448,0.027201738224840646,-0.10029826177515935,0.1275,False,Bittrex,Kraken
3433,01-14-2021_11-58-03,LINK/USD,25.0,15.95230199,15.93507,0.027005491136644508,-0.1004945088633555,0.1275,False,Bittrex,Kraken
3434,01-14-2021_11-58-14,LINK/USD,25.0,15.97353786,15.94448,0.045478121776586805,-0.0820218782234132,0.1275,False,Bittrex,Kraken
3435,01-14-2021_11-58-25,LINK/USD,25.0,15.97819,15.94448,0.052743771353324816,-0.1322562286466752,0.185,False,Coinbase Pro,Kraken
3436,01-14-2021_11-58-46,LINK/USD,25.0,16.00118329,15.97936,0.03409636900672048,-0.09340363099327953,0.1275,False,Bittrex,Kraken
3437,01-14-2021_11-58-56,LINK/USD,25.0,16.05199992,15.97774,0.11565524602868203,-0.01184475397131797,0.1275,False,Bittrex,Kraken
3438,01-14-2021_11-59-07,LINK/USD,25.0,16.00222008,15.97694,0.039494644920543935,-0.08800535507945606,0.1275,False,Bittrex,Kraken
3439,01-14-2021_11-59-17,LINK/USD,25.0,15.99556779,15.96827,0.04266461553347652,-0.08483538446652347,0.1275,False,Bittrex,Kraken
3440,01-14-2021_11-59-28,LINK/USD,25.0,15.99480286,15.9788,0.025012593371845405,-0.1024874066281546,0.1275,False,Bittrex,Kraken
3441,01-14-2021_11-59-39,LINK/USD,25.0,16.01441012,15.99785,0.02585190443468107,-0.10164809556531892,0.1275,False,Bittrex,Kraken
3442,01-14-2021_11-59-50,LINK/USD,25.0,16.01441011,15.99271,0.033875912148723195,-0.09362408785127681,0.1275,False,Bittrex,Kraken
3443,01-14-2021_12-00-00,LINK/USD,25.0,16.01441016,15.99983,0.02276100064618503,-0.10473899935381498,0.1275,False,Bittrex,Kraken
3444,01-14-2021_12-00-12,LINK/USD,25.0,16.02174627,16.0002,0.03362035204668385,-0.02887964795331615,0.0625,False,Bittrex,Binance US
3445,01-14-2021_12-00-24,LINK/USD,25.0,16.01855245,15.9855,0.05158463928493324,-0.010915360715066762,0.0625,False,Bittrex,Binance US
3446,01-14-2021_12-00-36,LINK/USD,25.0,15.98837271,15.9673,0.0329500543648515,-0.0945499456351485,0.1275,False,Bittrex,Kraken
3447,01-14-2021_12-00-58,LINK/USD,25.0,15.98837272,15.9673,0.032950069980604284,-0.09454993001939571,0.1275,False,Bittrex,Kraken
3448,01-14-2021_12-01-09,LINK/USD,25.0,16.00598966,15.9803,0.040125072778538155,-0.08737492722146184,0.1275,False,Bittrex,Kraken
3449,01-14-2021_12-01-21,LINK/USD,25.0,16.07016038,16.0002,0.10883584598052602,0.04633584598052602,0.0625,True,Bittrex,Binance US
3450,01-14-2021_12-01-32,LINK/USD,25.0,16.03097396,16.0002,0.047991407254461674,-0.014508592745538326,0.0625,False,Bittrex,Binance US
3451,01-14-2021_12-01-42,LINK/USD,25.0,16.03097396,16.0002,0.047991407254461674,-0.014508592745538326,0.0625,False,Bittrex,Binance US
3452,01-14-2021_12-02-05,LINK/USD,25.0,16.01523922,15.9895,0.04017926246124775,-0.02232073753875225,0.0625,False,Bittrex,Binance US
3453,01-14-2021_12-02-16,LINK/USD,25.0,16.01523918,15.9836,0.049389178089064144,-0.07811082191093585,0.1275,False,Bittrex,Kraken
3454,01-14-2021_12-02-28,LINK/USD,25.0,16.01356055,15.9927,0.032567007716472314,-0.029932992283527686,0.0625,False,Bittrex,Binance US
3455,01-14-2021_12-02-39,LINK/USD,25.0,16.01356058,16.0002,0.020858228145536683,-0.041641771854463314,0.0625,False,Bittrex,Binance US
3456,01-14-2021_12-02-50,LINK/USD,25.0,16.02360677,16.0002,0.036519196857451856,-0.025980803142548144,0.0625,False,Bittrex,Binance US
3457,01-14-2021_12-03-01,LINK/USD,25.0,16.02360668,15.99525,0.0442420370243385,-0.1382579629756615,0.1825,False,Bittrex,Coinbase Pro
3458,01-14-2021_12-03-12,LINK/USD,25.0,16.02405806,16.0002,0.03722225030430589,-0.02527774969569411,0.0625,False,Bittrex,Binance US
3459,01-14-2021_12-03-23,LINK/USD,25.0,16.02405792,16.0002,0.03722203220793321,-0.025277967792066793,0.0625,False,Bittrex,Binance US
3460,01-14-2021_12-03-32,LINK/USD,25.0,16.01203314,15.99596,0.025095407715349627,-0.10240459228465038,0.1275,False,Bittrex,Kraken
3461,01-14-2021_12-03-43,LINK/USD,25.0,16.01203316,15.99566,0.025563836641468322,-0.10193616335853167,0.1275,False,Bittrex,Kraken
3462,01-14-2021_12-03-53,LINK/USD,25.0,16.02235593,16.0034,0.029577313852621145,-0.03292268614737885,0.0625,False,Bittrex,Binance US
3463,01-14-2021_12-04-04,LINK/USD,25.0,16.0223559,16.0034,0.02957726709840731,-0.032922732901592686,0.0625,False,Bittrex,Binance US
3464,01-14-2021_12-04-15,LINK/USD,25.0,16.02235595,16.0034,0.029577345022100625,-0.032922654977899375,0.0625,False,Bittrex,Binance US
3465,01-14-2021_12-04-26,LINK/USD,25.0,16.0701597,16.01176,0.0908511506578284,-0.036648819342171624,0.12749997000000002,False,Bittrex,Kraken
3466,01-14-2021_12-04-36,LINK/USD,25.0,16.05143924,16.01242,0.06077218281891865,-0.06672781718108135,0.1275,False,Bittrex,Kraken
3467,01-14-2021_12-04-46,LINK/USD,25.0,16.06508489,16.0368,0.044016091719515794,-0.018483908280484206,0.0625,False,Bittrex,Binance US
3468,01-14-2021_12-04-56,LINK/USD,25.0,16.06508476,16.04172,0.036359534277365,-0.09114046572263501,0.1275,False,Bittrex,Kraken
3469,01-14-2021_12-05-06,LINK/USD,25.0,16.06070619,16.0444,0.025382118642694726,-0.037117881357305274,0.0625,False,Bittrex,Binance US
3470,01-14-2021_12-05-17,LINK/USD,25.0,16.06070618,16.0444,0.0253821030925566,-0.037117896907443396,0.0625,False,Bittrex,Binance US
3471,01-14-2021_12-05-27,LINK/USD,25.0,16.04920721,16.03238,0.026211902213951904,-0.1012880977860481,0.1275,False,Bittrex,Kraken
3472,01-14-2021_12-05-38,LINK/USD,25.0,16.04999,16.03202,0.027990671645281115,-0.15700932835471887,0.185,False,Coinbase Pro,Kraken
3473,01-14-2021_12-05-49,LINK/USD,25.0,16.05579193,16.04046,0.02387289594129989,-0.10362710405870011,0.1275,False,Bittrex,Kraken
3474,01-14-2021_12-06-01,LINK/USD,25.0,16.06491373,16.04862,0.025356080763716937,-0.10214391923628306,0.1275,False,Bittrex,Kraken
3475,01-14-2021_12-06-11,LINK/USD,25.0,16.06491373,16.04898,0.024795853665627532,-0.10270414633437247,0.1275,False,Bittrex,Kraken
3476,01-14-2021_12-06-22,LINK/USD,25.0,16.05659817,16.03703,0.030467490362560776,-0.09703250963743923,0.1275,False,Bittrex,Kraken
3477,01-14-2021_12-06-33,LINK/USD,25.0,16.03768101,16.02655,0.017351339624879655,-0.11014866037512035,0.1275,False,Bittrex,Kraken
3478,01-14-2021_12-06-43,LINK/USD,25.0,16.03768093,16.02222,0.024100944001009792,-0.10339905599899021,0.1275,False,Bittrex,Kraken
3479,01-14-2021_12-06-54,LINK/USD,25.0,16.02172834,16.01366,0.01258968419133375,-0.16991031580866625,0.1825,False,Bittrex,Coinbase Pro
3480,01-14-2021_12-07-17,LINK/USD,25.0,16.03390948,16.0242,0.015138977820894402,-0.1123610221791056,0.1275,False,Bittrex,Kraken
3481,01-14-2021_12-07-28,LINK/USD,25.0,16.04325151,16.0274,0.02470121158126903,-0.037798788418730966,0.0625,False,Bittrex,Binance US
3482,01-14-2021_12-07-38,LINK/USD,25.0,16.04325151,16.0273,0.02485704034194363,-0.03764295965805637,0.0625,False,Bittrex,Binance US
3483,01-14-2021_12-07-50,LINK/USD,25.0,16.0432515,16.0273,0.024857024774560033,-0.03764297522543997,0.0625,False,Bittrex,Binance US
3484,01-14-2021_12-08-11,LINK/USD,25.0,16.11029424,16.02757,0.12837170874664453,0.0008717087466445228,0.1275,False,Bittrex,Kraken
3485,01-14-2021_12-08-22,LINK/USD,25.0,16.04085068,16.02769,0.02051119398612623,-0.10698880601387377,0.1275,False,Bittrex,Kraken
3486,01-14-2021_12-08-33,LINK/USD,25.0,16.04085058,16.01228,0.04452784448292055,-0.13797215551707945,0.1825,False,Bittrex,Coinbase Pro
3487,01-14-2021_12-08-46,LINK/USD,25.0,16.02639091,16.008,0.028688477186285005,-0.033811522813714995,0.0625,False,Bittrex,Binance US
3488,01-14-2021_12-09-08,LINK/USD,25.0,16.03876064,16.01292,0.04027842390694599,-0.087221576093054,0.1275,False,Bittrex,Kraken
3489,01-14-2021_12-09-18,LINK/USD,25.0,16.03876051,16.00866,0.046918385590384484,-0.08058161440961552,0.1275,False,Bittrex,Kraken
3490,01-14-2021_12-09-28,LINK/USD,25.0,16.02773568,16.00001,0.04324640821628468,-0.13925359178371532,0.1825,False,Bittrex,Coinbase Pro
3491,01-14-2021_12-09-39,LINK/USD,25.0,16.02168054,16.00131,0.0317858977857236,-0.0957141022142764,0.1275,False,Bittrex,Kraken
3492,01-14-2021_12-09-51,LINK/USD,25.0,16.02168046,16.0024,0.0300849527740447,-0.0974150472259553,0.1275,False,Bittrex,Kraken
3493,01-14-2021_12-10-13,LINK/USD,25.0,16.02168028,16.00001,0.03381399394646101,-0.148686006053539,0.1825,False,Bittrex,Coinbase Pro
3494,01-14-2021_12-10-24,LINK/USD,25.0,16.01125828,15.9693,0.06551371426630835,-0.11698628573369164,0.1825,False,Bittrex,Coinbase Pro
3495,01-14-2021_12-10-34,LINK/USD,25.0,15.99589877,15.97821,0.02764578948382446,-0.15485421051617554,0.1825,False,Bittrex,Coinbase Pro
3496,01-14-2021_12-10-45,LINK/USD,25.0,15.99589867,15.97923,0.0260514747309308,-0.1564485252690692,0.1825,False,Bittrex,Coinbase Pro
3497,01-14-2021_12-10-56,LINK/USD,25.0,15.98034676,15.96418,0.025291628903300247,-0.15720837109669974,0.1825,False,Bittrex,Coinbase Pro
3498,01-14-2021_12-11-18,LINK/USD,25.0,15.98034673,15.96583,0.02271028633682284,-0.10478971366317716,0.1275,False,Bittrex,Kraken
3499,01-14-2021_12-11-31,LINK/USD,25.0,15.96426396,15.94437,0.03115389480192638,-0.15134610519807362,0.1825,False,Bittrex,Coinbase Pro
3500,01-14-2021_12-11-55,LINK/USD,25.0,15.93263651,15.91475,0.028065835162896558,-0.15443416483710343,0.1825,False,Bittrex,Coinbase Pro
3501,01-14-2021_12-12-07,LINK/USD,25.0,15.93082122,15.89043,0.06338533877539813,-0.11911466122460186,0.1825,False,Bittrex,Coinbase Pro
3502,01-14-2021_12-12-19,LINK/USD,25.0,15.90362056,15.88512,0.029082308538175512,-0.1534176914618245,0.1825,False,Bittrex,Coinbase Pro
3503,01-14-2021_12-12-41,LINK/USD,25.0,15.9211317,15.89574,0.03987106645189068,-0.14262893354810932,0.1825,False,Bittrex,Coinbase Pro
3504,01-14-2021_12-13-05,LINK/USD,25.0,15.89469895,15.87362,0.03315405668630123,-0.14934594331369877,0.1825,False,Bittrex,Coinbase Pro
3505,01-14-2021_12-13-28,LINK/USD,25.0,15.91225475,15.88564,0.041814862849654036,-0.08568513715034597,0.1275,False,Bittrex,Kraken
3506,01-14-2021_12-13-41,LINK/USD,25.0,15.91225483,15.88564,0.041814988328715316,-0.08568501167128469,0.1275,False,Bittrex,Kraken
3507,01-14-2021_12-13-54,LINK/USD,25.0,15.91225466,15.88564,0.041814721685707205,-0.08568527831429279,0.1275,False,Bittrex,Kraken
3508,01-14-2021_12-14-05,LINK/USD,25.0,15.91225455,15.88564,0.04181454915199255,-0.08568545084800745,0.1275,False,Bittrex,Kraken
3509,01-14-2021_12-14-28,LINK/USD,25.0,15.88921642,15.866,0.036528579173321946,-0.025971420826678054,0.0625,False,Bittrex,Binance US
3510,01-14-2021_12-14-39,LINK/USD,25.0,15.89206807,15.87393,0.02853321216613832,-0.09896678783386167,0.1275,False,Bittrex,Kraken
3511,01-14-2021_12-14-52,LINK/USD,25.0,15.87885634,15.864,0.023390129115557715,-0.03910987088444229,0.0625,False,Bittrex,Binance US
3512,01-14-2021_12-15-16,LINK/USD,25.0,15.87298863,15.8365,0.0574696908858066,-0.0700303091141934,0.1275,False,Bittrex,Kraken
3513,01-14-2021_12-15-28,LINK/USD,25.0,15.88420602,15.86603,0.028607064113111223,-0.15389293588688877,0.1825,False,Bittrex,Coinbase Pro
3514,01-14-2021_12-15-41,LINK/USD,25.0,15.88420606,15.8765,0.012128494132618128,-0.05037150586738187,0.0625,False,Bittrex,Binance US
3515,01-14-2021_12-16-03,LINK/USD,25.0,15.90500609,15.87838,0.04185174442772031,-0.0856482555722797,0.1275,False,Bittrex,Kraken
3516,01-14-2021_12-16-15,LINK/USD,25.0,15.91310338,15.89543,0.027765451492971945,-0.15473454850702806,0.1825,False,Bittrex,Coinbase Pro
3517,01-14-2021_12-16-39,LINK/USD,25.0,15.90420946,15.88541,0.02955107584454613,-0.15294892415545386,0.1825,False,Bittrex,Coinbase Pro
3518,01-14-2021_12-16-50,LINK/USD,25.0,15.91138633,15.88494,0.04155252322378696,-0.08594747677621303,0.1275,False,Bittrex,Kraken
3519,01-14-2021_12-17-13,LINK/USD,25.0,15.92608051,15.89766,0.044613158244043244,-0.08288684175595676,0.1275,False,Bittrex,Kraken
3520,01-14-2021_12-17-25,LINK/USD,25.0,15.91436599,15.89311,0.033391198262872526,-0.14910880173712748,0.1825,False,Bittrex,Coinbase Pro
3521,01-14-2021_12-17-50,LINK/USD,25.0,15.92533026,15.89766,0.04343749791723428,-0.08406250208276572,0.1275,False,Bittrex,Kraken
3522,01-14-2021_12-18-12,LINK/USD,25.0,15.92533002,15.89766,0.043437121813567924,-0.08406287818643207,0.1275,False,Bittrex,Kraken
3523,01-14-2021_12-18-25,LINK/USD,25.0,15.9486158,15.93678,0.018553020758077424,-0.16394697924192259,0.1825,False,Bittrex,Coinbase Pro
3524,01-14-2021_12-18-50,LINK/USD,25.0,15.97101551,15.95971,0.017696917883716745,-0.16480308211628325,0.1825,False,Bittrex,Coinbase Pro
3525,01-14-2021_12-19-02,LINK/USD,25.0,15.99075533,15.9659,0.03885890548486238,-0.02364109451513762,0.0625,False,Bittrex,Binance US
3526,01-14-2021_12-19-25,LINK/USD,25.0,15.97413388,15.94624,0.04365476120574587,-0.13884523879425412,0.1825,False,Bittrex,Coinbase Pro
3527,01-14-2021_12-19-49,LINK/USD,25.0,15.95314297,15.91132,0.06554032969968444,-0.11695967030031555,0.1825,False,Bittrex,Coinbase Pro
3528,01-14-2021_12-20-12,LINK/USD,25.0,15.94417895,15.91546,0.04503046235566746,-0.13746953764433253,0.1825,False,Bittrex,Coinbase Pro
3529,01-14-2021_12-20-26,LINK/USD,25.0,15.9319716,15.91288,0.029957999674066087,-0.1525420003259339,0.1825,False,Bittrex,Coinbase Pro
3530,01-14-2021_12-20-38,LINK/USD,25.0,15.93197146,15.90652,0.03993771276815876,-0.14256228723184122,0.1825,False,Bittrex,Coinbase Pro
3531,01-14-2021_12-21-01,LINK/USD,25.0,15.93197125,15.90146,0.047877393075260524,-0.13462260692473949,0.1825,False,Bittrex,Coinbase Pro
3532,01-14-2021_12-21-13,LINK/USD,25.0,15.91769749,15.88792,0.04676789783621014,-0.13573210216378986,0.1825,False,Bittrex,Coinbase Pro
3533,01-14-2021_12-21-38,LINK/USD,25.0,15.85929194,15.84781,0.018099704645451322,-0.16440029535454867,0.1825,False,Bittrex,Coinbase Pro
3534,01-14-2021_12-22-03,LINK/USD,25.0,15.87143033,15.84954,0.034480714001284204,-0.0930192859987158,0.1275,False,Bittrex,Kraken
3535,01-14-2021_12-22-27,LINK/USD,25.0,15.86599645,15.83495,0.04891979223908375,-0.13358020776091625,0.1825,False,Bittrex,Coinbase Pro
3536,01-14-2021_12-22-52,LINK/USD,25.0,15.80317653,15.77599,0.04300801479435195,-0.13949198520564804,0.1825,False,Bittrex,Coinbase Pro
3537,01-14-2021_12-23-06,LINK/USD,25.0,15.79459429,15.77118,0.03706060689197962,-0.14543939310802037,0.1825,False,Bittrex,Coinbase Pro
3538,01-14-2021_12-23-29,LINK/USD,25.0,15.7769,15.75758,0.030614379250674516,-0.11438562074932547,0.145,False,Binance US,Coinbase Pro
3539,01-14-2021_12-23-53,LINK/USD,25.0,15.80450836,15.7769,0.04367165268784155,-0.08382834731215845,0.1275,False,Bittrex,Kraken
3540,01-14-2021_12-24-17,LINK/USD,25.0,15.83217632,15.81269,0.030770122196315315,-0.1517298778036847,0.1825,False,Bittrex,Coinbase Pro
3541,01-14-2021_12-24-30,LINK/USD,25.0,15.82013703,15.79781,0.035282611581777784,-0.1472173884182222,0.1825,False,Bittrex,Coinbase Pro
3542,01-14-2021_12-24-55,LINK/USD,25.0,15.82441344,15.80787,0.026135945042651286,-0.1563640549573487,0.1825,False,Bittrex,Coinbase Pro
3543,01-14-2021_12-25-18,LINK/USD,25.0,15.83339544,15.80656,0.04237158116478054,-0.14012841883521945,0.1825,False,Bittrex,Coinbase Pro
3544,01-14-2021_12-25-31,LINK/USD,25.0,15.82349471,15.80972,0.021763065385446475,-0.16073693461455352,0.1825,False,Bittrex,Coinbase Pro
3545,01-14-2021_12-25-55,LINK/USD,25.0,15.82159114,15.80642,0.023972209662348497,-0.1585277903376515,0.1825,False,Bittrex,Coinbase Pro
3546,01-14-2021_12-26-07,LINK/USD,25.0,15.81412727,15.79569,0.029146834480989554,-0.15335316551901043,0.1825,False,Bittrex,Coinbase Pro
3547,01-14-2021_12-26-20,LINK/USD,25.0,15.82068034,15.79336,0.04317187916837602,-0.139328120831624,0.1825,False,Bittrex,Coinbase Pro
3548,01-14-2021_12-26-30,LINK/USD,25.0,15.80641054,15.7804,0.041139226287614336,-0.14136077371238565,0.1825,False,Bittrex,Coinbase Pro
3549,01-14-2021_12-26-53,LINK/USD,25.0,15.80402025,15.78748,0.026164624156312783,-0.1563353758436872,0.1825,False,Bittrex,Coinbase Pro
3550,01-14-2021_12-27-06,LINK/USD,25.0,15.8040203,15.79,0.022178375713678877,-0.04032162428632112,0.0625,False,Bittrex,Binance US
3551,01-14-2021_12-27-18,LINK/USD,25.0,15.8040202,15.78751,0.026117088865782404,-0.1563829111342176,0.1825,False,Bittrex,Coinbase Pro
3552,01-14-2021_12-27-42,LINK/USD,25.0,15.81668314,15.79998,0.02640114215501793,-0.10109885784498207,0.1275,False,Bittrex,Kraken
3553,01-14-2021_12-27-55,LINK/USD,25.0,15.82683303,15.79998,0.042416935133357876,-0.08508306486664213,0.1275,False,Bittrex,Kraken
3554,01-14-2021_12-28-17,LINK/USD,25.0,15.82390264,15.80057,0.03686296694757655,-0.09063703305242346,0.1275,False,Bittrex,Kraken
3555,01-14-2021_12-28-28,LINK/USD,25.0,15.82390254,15.80108,0.03605706610981178,-0.09144293389018822,0.1275,False,Bittrex,Kraken
3556,01-14-2021_12-28-41,LINK/USD,25.0,15.86509782,15.842,0.03639722279380227,-0.026102777206197733,0.0625,False,Bittrex,Binance US
3557,01-14-2021_12-28-52,LINK/USD,25.0,15.83796828,15.81656,0.03379265512709955,-0.14870734487290044,0.1825,False,Bittrex,Coinbase Pro
3558,01-14-2021_12-29-16,LINK/USD,25.0,15.83796822,15.81291,0.03955403188705227,-0.14294596811294774,0.1825,False,Bittrex,Coinbase Pro
3559,01-14-2021_12-29-28,LINK/USD,25.0,15.81652369,15.79977,0.026481308927878294,-0.1560186910721217,0.1825,False,Bittrex,Coinbase Pro
3560,01-14-2021_12-29-50,LINK/USD,25.0,15.8165235,15.78693,0.04677624005047745,-0.13572375994952254,0.1825,False,Bittrex,Coinbase Pro
3561,01-14-2021_12-30-02,LINK/USD,25.0,15.81004561,15.79745,0.019917099404243875,-0.1625829005957561,0.1825,False,Bittrex,Coinbase Pro
3562,01-14-2021_12-30-25,LINK/USD,25.0,15.80706241,15.79728,0.015471581224685766,-0.11202841877531423,0.1275,False,Bittrex,Kraken
3563,01-14-2021_12-30-49,LINK/USD,25.0,15.90797917,15.8,0.16969341115877276,0.04219341115877276,0.1275,True,Bittrex,Kraken
3564,01-14-2021_12-31-01,LINK/USD,25.0,15.83514906,15.8,0.055492152089663016,-0.07200784791033699,0.1275,False,Bittrex,Kraken
3565,01-14-2021_12-31-23,LINK/USD,25.0,15.84925868,15.8325,0.026434485578098632,-0.15606551442190136,0.1825,False,Bittrex,Coinbase Pro
3566,01-14-2021_12-31-34,LINK/USD,25.0,15.8492586,15.82985,0.03061436577228953,-0.09688563422771047,0.1275,False,Bittrex,Kraken
3567,01-14-2021_12-31-45,LINK/USD,25.0,15.86391675,15.84438,0.03078803032674816,-0.09671196967325184,0.1275,False,Bittrex,Kraken
3568,01-14-2021_12-31-55,LINK/USD,25.0,15.87610985,15.8532,0.0360759817997879,-0.026424018200212097,0.0625,False,Bittrex,Binance US
3569,01-14-2021_12-32-05,LINK/USD,25.0,15.86559345,15.84505,0.03237107087223376,-0.15012892912776624,0.1825,False,Bittrex,Coinbase Pro
3570,01-14-2021_12-32-17,LINK/USD,25.0,15.90796626,15.85446,0.08408721002655793,-0.04341278997344207,0.1275,False,Bittrex,Kraken
3571,01-14-2021_12-32-28,LINK/USD,25.0,15.88197751,15.85789,0.03791642127819807,-0.08958357872180193,0.1275,False,Bittrex,Kraken
3572,01-14-2021_12-32-38,LINK/USD,25.0,15.88197748,15.85789,0.037916374126479975,-0.08958362587352003,0.1275,False,Bittrex,Kraken
3573,01-14-2021_12-32-47,LINK/USD,25.0,15.88197739,15.85579,0.04122186639128363,-0.14127813360871636,0.1825,False,Bittrex,Coinbase Pro
3574,01-14-2021_12-32-58,LINK/USD,25.0,15.88538347,15.8636,0.0342822539366763,-0.028217746063323702,0.0625,False,Bittrex,Binance US
3575,01-14-2021_12-33-10,LINK/USD,25.0,15.87164139,15.86287,0.01381613562275913,-0.11368386437724087,0.1275,False,Bittrex,Kraken
3576,01-14-2021_12-33-21,LINK/USD,25.0,15.8716413,15.85465,0.026763615178224856,-0.15573638482177515,0.1825,False,Bittrex,Coinbase Pro
3577,01-14-2021_12-33-45,LINK/USD,25.0,15.88340664,15.8628,0.0324342259614913,-0.0300657740385087,0.0625,False,Bittrex,Binance US
3578,01-14-2021_12-33-56,LINK/USD,25.0,15.88340662,15.86665,0.02637441136037709,-0.10112558863962291,0.1275,False,Bittrex,Kraken
3579,01-14-2021_12-34-09,LINK/USD,25.0,15.88340652,15.86665,0.02637425412945909,-0.1011257458705409,0.1275,False,Bittrex,Kraken
3580,01-14-2021_12-34-21,LINK/USD,25.0,15.8817431,15.85736,0.038382279335571895,-0.1441177206644281,0.1825,False,Bittrex,Coinbase Pro
3581,01-14-2021_12-34-33,LINK/USD,25.0,15.86898075,15.84879,0.031808517380678566,-0.15069148261932142,0.1825,False,Bittrex,Coinbase Pro
3582,01-14-2021_12-34-44,LINK/USD,25.0,15.86898064,15.84879,0.03180834430711254,-0.15069165569288745,0.1825,False,Bittrex,Coinbase Pro
3583,01-14-2021_12-35-07,LINK/USD,25.0,15.86911059,15.85327,0.024955069016252635,-0.15754493098374736,0.1825,False,Bittrex,Coinbase Pro
3584,01-14-2021_12-35-19,LINK/USD,25.0,15.87349301,15.85382,0.030984059380639105,-0.15151594061936088,0.1825,False,Bittrex,Coinbase Pro
3585,01-14-2021_12-35-31,LINK/USD,25.0,15.87349285,15.85239,0.033235990023456174,-0.14926400997654382,0.1825,False,Bittrex,Coinbase Pro
3586,01-14-2021_12-35-42,LINK/USD,25.0,15.87098272,15.8571,0.02186808505327355,-0.04063191494672645,0.0625,False,Bittrex,Binance US
3587,01-14-2021_12-35-52,LINK/USD,25.0,15.87349268,15.8571,0.025817695466375395,-0.0366823045336246,0.0625,False,Bittrex,Binance US
3588,01-14-2021_12-36-03,LINK/USD,25.0,15.87962892,15.8664,0.020826872067737735,-0.041673127932262265,0.0625,False,Bittrex,Binance US
3589,01-14-2021_12-36-24,LINK/USD,25.0,15.91442486,15.88553,0.04539099002036004,-0.08210900997963996,0.1275,False,Bittrex,Kraken
3590,01-14-2021_12-36-35,LINK/USD,25.0,15.92063447,15.90317,0.027424268223903543,-0.15507573177609646,0.1825,False,Bittrex,Coinbase Pro
3591,01-14-2021_12-36-46,LINK/USD,25.0,15.92063438,15.906,0.022980208656733524,-0.039519791343266476,0.0625,False,Bittrex,Binance US
3592,01-14-2021_12-36-56,LINK/USD,25.0,15.92063427,15.89842,0.03488282819526288,-0.1476171718047371,0.1825,False,Bittrex,Coinbase Pro
3593,01-14-2021_12-37-06,LINK/USD,25.0,15.9073167,15.8858,0.033815728330852245,-0.14868427166914774,0.1825,False,Bittrex,Coinbase Pro
3594,01-14-2021_12-37-16,LINK/USD,25.0,15.90731661,15.88374,0.037053091005273264,-0.14544690899472673,0.1825,False,Bittrex,Coinbase Pro
3595,01-14-2021_12-37-27,LINK/USD,25.0,15.90731646,15.88786,0.03057784769814134,-0.09692215230185866,0.1275,False,Bittrex,Kraken
3596,01-14-2021_12-37-38,LINK/USD,25.0,15.90731681,15.89686,0.016433962630054477,-0.11106603736994553,0.1275,False,Bittrex,Kraken
3597,01-14-2021_12-37-49,LINK/USD,25.0,15.9176949,15.89807,0.030822459098647767,-0.09667754090135224,0.1275,False,Bittrex,Kraken
3598,01-14-2021_12-38-01,LINK/USD,25.0,15.9176947,15.89707,0.03239272455703154,-0.09510727544296846,0.1275,False,Bittrex,Kraken
3599,01-14-2021_12-38-12,LINK/USD,25.0,15.9147143,15.89674,0.028235348214828704,-0.1542646517851713,0.1825,False,Bittrex,Coinbase Pro
3600,01-14-2021_12-38-33,LINK/USD,25.0,15.90828646,15.89097,0.027212956033229454,-0.15528704396677054,0.1825,False,Bittrex,Coinbase Pro
3601,01-14-2021_12-38-44,LINK/USD,25.0,15.91682463,15.89726,0.030729480368725744,-0.09677051963127425,0.1275,False,Bittrex,Kraken
3602,01-14-2021_12-38-55,LINK/USD,25.0,15.91522855,15.8934,0.03428877871816737,-0.09321122128183262,0.1275,False,Bittrex,Kraken
3603,01-14-2021_12-39-05,LINK/USD,25.0,15.91522845,15.89536,0.031209809621049755,-0.09629019037895024,0.1275,False,Bittrex,Kraken
3604,01-14-2021_12-39-16,LINK/USD,25.0,15.91522836,15.88942,0.040540354521185415,-0.08695964547881459,0.1275,False,Bittrex,Kraken
3605,01-14-2021_12-39-26,LINK/USD,25.0,15.91522826,15.89171,0.03694301397346006,-0.09055698602653994,0.1275,False,Bittrex,Kraken
3606,01-14-2021_12-39-37,LINK/USD,25.0,15.91522811,15.89537,0.0311935679821046,-0.0963064320178954,0.1275,False,Bittrex,Kraken
3607,01-14-2021_12-39-49,LINK/USD,25.0,15.91522857,15.906,0.01449644590306917,-0.04800355409693083,0.0625,False,Bittrex,Binance US
3608,01-14-2021_12-39-59,LINK/USD,25.0,15.92397058,15.906,0.028213095329644958,-0.03428690467035504,0.0625,False,Bittrex,Binance US
3609,01-14-2021_12-40-10,LINK/USD,25.0,15.92397048,15.90452,0.030536479617989904,-0.0969635203820101,0.1275,False,Bittrex,Kraken
3610,01-14-2021_12-40-21,LINK/USD,25.0,15.92397034,15.90009,0.03749118387267706,-0.09000881612732295,0.1275,False,Bittrex,Kraken
3611,01-14-2021_12-40-32,LINK/USD,25.0,15.91300416,15.8899,0.03629760881052745,-0.09120239118947254,0.1275,False,Bittrex,Kraken
3612,01-14-2021_12-40-44,LINK/USD,25.0,15.91300399,15.87905,0.05334314944767469,-0.12915685055232531,0.1825,False,Bittrex,Coinbase Pro
3613,01-14-2021_12-40-55,LINK/USD,25.0,15.90054109,15.87594,0.03867964281962822,-0.08882035718037179,0.1275,False,Bittrex,Kraken
3614,01-14-2021_12-41-08,LINK/USD,25.0,15.90054107,15.88936,0.017579700512668214,-0.16492029948733178,0.1825,False,Bittrex,Coinbase Pro
3615,01-14-2021_12-41-19,LINK/USD,25.0,15.9099667,15.89362,0.02568625740743963,-0.15681374259256037,0.1825,False,Bittrex,Coinbase Pro
3616,01-14-2021_12-41-29,LINK/USD,25.0,15.90996657,15.89425,0.024696107830980148,-0.10280389216901986,0.1275,False,Bittrex,Kraken
3617,01-14-2021_12-41-40,LINK/USD,25.0,15.90996643,15.89255,0.027367169623878355,-0.10013283037612164,0.1275,False,Bittrex,Kraken
3618,01-14-2021_12-41-50,LINK/USD,25.0,15.90996632,15.88666,0.03662220197585156,-0.09087779802414844,0.1275,False,Bittrex,Kraken
3619,01-14-2021_12-42-01,LINK/USD,25.0,15.90996622,15.88635,0.0371091611280605,-0.0903908388719395,0.1275,False,Bittrex,Kraken
3620,01-14-2021_12-42-12,LINK/USD,25.0,15.9287583,15.89472,0.053422714060518815,-0.07407728593948118,0.1275,False,Bittrex,Kraken
3621,01-14-2021_12-42-23,LINK/USD,25.0,15.92875813,15.89472,0.053422447817657925,-0.07407755218234208,0.1275,False,Bittrex,Kraken
3622,01-14-2021_12-42-34,LINK/USD,25.0,15.928758,15.89472,0.0534222442201719,-0.0740777557798281,0.1275,False,Bittrex,Kraken
3623,01-14-2021_12-42-46,LINK/USD,25.0,15.92875789,15.89472,0.05342207194537323,-0.07407792805462676,0.1275,False,Bittrex,Kraken
3624,01-14-2021_12-42-57,LINK/USD,25.0,15.91826786,15.89804,0.03176831200778701,-0.09573168799221299,0.1275,False,Bittrex,Kraken
3625,01-14-2021_12-43-08,LINK/USD,25.0,15.99435437,15.906,0.13810243282736417,0.07560243282736417,0.0625,True,Bittrex,Binance US
3626,01-14-2021_12-43-20,LINK/USD,25.0,15.93247023,15.90321,0.04591288980553805,-0.08158711019446195,0.1275,False,Bittrex,Kraken
3627,01-14-2021_12-43-30,LINK/USD,25.0,15.91971039,15.89957,0.03162807222399461,-0.0958719277760054,0.1275,False,Bittrex,Kraken
3628,01-14-2021_12-43-41,LINK/USD,25.0,15.91971026,15.90533,0.022582477578334304,-0.1049175224216657,0.1275,False,Bittrex,Kraken
3629,01-14-2021_12-43-52,LINK/USD,25.0,15.91971019,15.90093,0.029492041274401033,-0.09800795872559898,0.1275,False,Bittrex,Kraken
3630,01-14-2021_12-44-04,LINK/USD,25.0,15.91971019,15.89105,0.04500739909512148,-0.13749260090487853,0.1825,False,Bittrex,Coinbase Pro
3631,01-14-2021_12-44-15,LINK/USD,25.0,15.90880628,15.88606,0.03574479379479845,-0.14675520620520155,0.1825,False,Bittrex,Coinbase Pro
3632,01-14-2021_12-44-27,LINK/USD,25.0,15.9088062,15.89195,0.026488788329072123,-0.15601121167092788,0.1825,False,Bittrex,Coinbase Pro
3633,01-14-2021_12-44-38,LINK/USD,25.0,15.92695671,15.90098,0.04077475451366396,-0.14172524548633603,0.1825,False,Bittrex,Coinbase Pro
3634,01-14-2021_12-44-50,LINK/USD,25.0,15.92695661,15.90319,0.037305636258651076,-0.09019436374134893,0.1275,False,Bittrex,Kraken
3635,01-14-2021_12-45-00,LINK/USD,25.0,15.94643178,15.91547,0.048540294824501735,-0.07895970517549827,0.1275,False,Bittrex,Kraken
3636,01-14-2021_12-45-11,LINK/USD,25.0,15.94643164,15.91547,0.048540075765817245,-0.07895992423418276,0.1275,False,Bittrex,Kraken
3637,01-14-2021_12-45-21,LINK/USD,25.0,15.95588013,15.91547,0.06331541988088608,-0.06418458011911392,0.1275,False,Bittrex,Kraken
3638,01-14-2021_12-45-31,LINK/USD,25.0,15.96840864,15.93788,0.0477953700463417,-0.0797046299536583,0.1275,False,Bittrex,Kraken
3639,01-14-2021_12-45-42,LINK/USD,25.0,15.96840854,15.94011,0.044303945394923744,-0.08319605460507626,0.1275,False,Bittrex,Kraken
3640,01-14-2021_12-45-53,LINK/USD,25.0,15.96840845,15.938,0.04760720220680395,-0.01489279779319605,0.0625,False,Bittrex,Binance US
3641,01-14-2021_12-46-05,LINK/USD,25.0,15.95601989,15.9362,0.031053937850162767,-0.03144606214983724,0.0625,False,Bittrex,Binance US
3642,01-14-2021_12-46-14,LINK/USD,25.0,15.95601987,15.938,0.028233654361825237,-0.03426634563817477,0.0625,False,Bittrex,Binance US
3643,01-14-2021_12-46-24,LINK/USD,25.0,15.95601987,15.93704,0.029737788863760023,-0.09776221113623998,0.1275,False,Bittrex,Kraken
3644,01-14-2021_12-46-34,LINK/USD,25.0,15.95601977,15.93238,0.03703895197667937,-0.14546104802332063,0.1825,False,Bittrex,Coinbase Pro
3645,01-14-2021_12-46-45,LINK/USD,25.0,15.95601966,15.92916,0.042083897758247814,-0.1404161022417522,0.1825,False,Bittrex,Coinbase Pro
3646,01-14-2021_12-46-55,LINK/USD,25.0,15.93074675,15.90221,0.04478250525199119,-0.13771749474800882,0.1825,False,Bittrex,Coinbase Pro
3647,01-14-2021_12-47-06,LINK/USD,25.0,15.93074663,15.91765,0.020552442242940436,-0.16194755775705955,0.1825,False,Bittrex,Coinbase Pro
3648,01-14-2021_12-47-16,LINK/USD,25.0,15.94046985,15.91236,0.044085667274104665,-0.08341433272589534,0.1275,False,Bittrex,Kraken
3649,01-14-2021_12-47-27,LINK/USD,25.0,15.94046974,15.92134,0.03000184485152845,-0.09749815514847154,0.1275,False,Bittrex,Kraken
3650,01-14-2021_12-47-37,LINK/USD,25.0,15.9404696,15.91862,0.034267497364066785,-0.1482325026359332,0.1825,False,Bittrex,Coinbase Pro
3651,01-14-2021_12-47-47,LINK/USD,25.0,15.94046953,15.91862,0.034267387731079915,-0.1482326122689201,0.1825,False,Bittrex,Coinbase Pro
3652,01-14-2021_12-47-58,LINK/USD,25.0,15.94046939,15.91529,0.03948972483802108,-0.08801027516197893,0.1275,False,Bittrex,Kraken
3653,01-14-2021_12-48-07,LINK/USD,25.0,15.93013256,15.90994,0.03168925293613488,-0.09581074706386512,0.1275,False,Bittrex,Kraken
3654,01-14-2021_12-48-18,LINK/USD,25.0,15.93013243,15.91603,0.02213168983680762,-0.10536831016319238,0.1275,False,Bittrex,Kraken
3655,01-14-2021_12-48-29,LINK/USD,25.0,15.93013234,15.9172,0.02029540578192203,-0.04220459421807797,0.0625,False,Bittrex,Binance US
3656,01-14-2021_12-48-39,LINK/USD,25.0,15.99433026,15.9283,0.10320885421056666,0.040708854210566664,0.0625,True,Bittrex,Binance US
3657,01-14-2021_12-48-48,LINK/USD,25.0,15.95089445,15.9395,0.01785863801512267,-0.04464136198487733,0.0625,False,Bittrex,Binance US
3658,01-14-2021_12-48-59,LINK/USD,25.0,15.95089441,15.9395,0.01785857536749786,-0.04464142463250214,0.0625,False,Bittrex,Binance US
3659,01-14-2021_12-49-09,LINK/USD,25.0,15.95089433,15.92677,0.03781030941103529,-0.08968969058896471,0.1275,False,Bittrex,Kraken
3660,01-14-2021_12-49-21,LINK/USD,25.0,15.94376541,15.92332,0.03205862836387356,-0.09544137163612644,0.1275,False,Bittrex,Kraken
3661,01-14-2021_12-49-31,LINK/USD,25.0,15.94376529,15.92315,0.03232500232070382,-0.09517499767929619,0.1275,False,Bittrex,Kraken
3662,01-14-2021_12-49-41,LINK/USD,25.0,15.94376525,15.92841,0.024077201588252044,-0.10342279841174795,0.1275,False,Bittrex,Kraken
3663,01-14-2021_12-49-53,LINK/USD,25.0,15.9568268,15.92936,0.04303299199813199,-0.08446700800186802,0.1275,False,Bittrex,Kraken
3664,01-14-2021_12-50-03,LINK/USD,25.0,15.9568268,15.93,0.042030286372476425,-0.14046971362752358,0.1825,False,Bittrex,Coinbase Pro
3665,01-14-2021_12-50-13,LINK/USD,25.0,15.9568268,15.9395,0.027146374741623614,-0.03535362525837639,0.0625,False,Bittrex,Binance US
3666,01-14-2021_12-50-24,LINK/USD,25.0,15.9568268,15.93838,0.02890110958652434,-0.09859889041347566,0.1275,False,Bittrex,Kraken
3667,01-14-2021_12-50-35,LINK/USD,25.0,15.9568268,15.93,0.042030286372476425,-0.14046971362752358,0.1825,False,Bittrex,Coinbase Pro
3668,01-14-2021_12-50-46,LINK/USD,25.0,15.9568268,15.92998,0.042061620923277025,-0.14043837907672296,0.1825,False,Bittrex,Coinbase Pro
3669,01-14-2021_12-50-56,LINK/USD,25.0,15.9568268,15.93,0.042030286372476425,-0.14046971362752358,0.1825,False,Bittrex,Coinbase Pro
3670,01-14-2021_12-51-07,LINK/USD,25.0,15.9568268,15.93,0.042030286372476425,-0.14046971362752358,0.1825,False,Bittrex,Coinbase Pro
3671,01-14-2021_12-51-17,LINK/USD,25.0,15.9568268,15.93,0.042030286372476425,-0.14046971362752358,0.1825,False,Bittrex,Coinbase Pro
3672,01-14-2021_12-51-28,LINK/USD,25.0,15.9568268,15.93,0.042030286372476425,-0.14046971362752358,0.1825,False,Bittrex,Coinbase Pro
3673,01-14-2021_12-51-39,LINK/USD,25.0,15.95229006,15.92998,0.034963726079587726,-0.14753627392041227,0.1825,False,Bittrex,Coinbase Pro
3674,01-14-2021_12-51-49,LINK/USD,25.0,15.95228994,15.93,0.03493219481942334,-0.14756780518057666,0.1825,False,Bittrex,Coinbase Pro
3675,01-14-2021_12-51-59,LINK/USD,25.0,15.95228981,15.93,0.034931991371588846,-0.14756800862841116,0.1825,False,Bittrex,Coinbase Pro
3676,01-14-2021_12-52-09,LINK/USD,25.0,15.95228969,15.92959,0.03557434456294873,-0.14692565543705127,0.1825,False,Bittrex,Coinbase Pro
3677,01-14-2021_12-52-19,LINK/USD,25.0,15.95228969,15.92861,0.03711017424483565,-0.14538982575516435,0.1825,False,Bittrex,Coinbase Pro
3678,01-14-2021_12-52-30,LINK/USD,25.0,15.94965067,15.92799,0.03395163701099581,-0.1485483629890042,0.1825,False,Bittrex,Coinbase Pro
3679,01-14-2021_12-52-41,LINK/USD,25.0,15.94965058,15.93665,0.02037753105435105,-0.16212246894564894,0.1825,False,Bittrex,Coinbase Pro
3680,01-14-2021_12-52-51,LINK/USD,25.0,15.94965045,15.93664,0.020393001778919003,-0.162106998221081,0.1825,False,Bittrex,Coinbase Pro
3681,01-14-2021_12-53-00,LINK/USD,25.0,15.94965035,15.93589,0.021568419523378592,-0.1609315804766214,0.1825,False,Bittrex,Coinbase Pro
3682,01-14-2021_12-53-10,LINK/USD,25.0,15.94965026,15.93587,0.021599627225933865,-0.16090037277406613,0.1825,False,Bittrex,Coinbase Pro
3683,01-14-2021_12-53-21,LINK/USD,25.0,15.94790972,15.929,0.02964294432938373,-0.09785705567061627,0.1275,False,Bittrex,Kraken
3684,01-14-2021_12-53-32,LINK/USD,25.0,15.94790957,15.93293,0.02348202743163582,-0.10401797256836418,0.1275,False,Bittrex,Kraken
3685,01-14-2021_12-53-43,LINK/USD,25.0,15.95991799,15.94107,0.029523945567591497,-0.1529760544324085,0.1825,False,Bittrex,Coinbase Pro
3686,01-14-2021_12-53-53,LINK/USD,25.0,15.96833766,15.94709,0.03326529732212624,-0.09423470267787376,0.1275,False,Bittrex,Kraken
3687,01-14-2021_12-54-03,LINK/USD,25.0,15.96833752,15.9468,0.0337191018993453,-0.09378089810065471,0.1275,False,Bittrex,Kraken
3688,01-14-2021_12-54-12,LINK/USD,25.0,15.96833741,15.94709,0.03326490644338291,-0.09423509355661709,0.1275,False,Bittrex,Kraken
3689,01-14-2021_12-54-23,LINK/USD,25.0,15.96833725,15.94709,0.03326465628097887,-0.09423534371902113,0.1275,False,Bittrex,Kraken
3690,01-14-2021_12-54-33,LINK/USD,25.0,15.96833711,15.94709,0.03326443738887364,-0.09423556261112637,0.1275,False,Bittrex,Kraken
3691,01-14-2021_12-54-43,LINK/USD,25.0,15.99236037,15.9659,0.041364078515947936,-0.021135921484052064,0.0625,False,Bittrex,Binance US
3692,01-14-2021_12-54-54,LINK/USD,25.0,15.9923604,15.9659,0.041364125335746675,-0.021135874664253325,0.0625,False,Bittrex,Binance US
3693,01-14-2021_12-55-04,LINK/USD,25.0,15.99236031,15.9659,0.041363984876352705,-0.021136015123647295,0.0625,False,Bittrex,Binance US
3694,01-14-2021_12-55-13,LINK/USD,25.0,15.99999994,15.9814,0.029062406358983474,-0.033437593641016526,0.0625,False,Bittrex,Binance US
3695,01-14-2021_12-55-23,LINK/USD,25.0,16.0,15.98829,0.01829687500000121,-0.10920312499999879,0.1275,False,Bittrex,Kraken
3696,01-14-2021_12-55-32,LINK/USD,25.0,16.0,15.99291,0.011078124999999717,-0.11642187500000029,0.1275,False,Bittrex,Kraken
3697,01-14-2021_12-55-42,LINK/USD,25.0,16.0,15.99052,0.014812499999999895,-0.1676875000000001,0.1825,False,Bittrex,Coinbase Pro
3698,01-14-2021_12-55-52,LINK/USD,25.0,15.99999998,15.98858,0.017843718772303774,-0.10965628122769623,0.1275,False,Bittrex,Kraken
3699,01-14-2021_12-56-03,LINK/USD,25.0,16.0,15.98858,0.017843749999998937,-0.10965625000000107,0.1275,False,Bittrex,Kraken
3700,01-14-2021_12-56-14,LINK/USD,25.0,15.99999999,15.99,0.015624984384763991,-0.16687501561523602,0.1825,False,Bittrex,Coinbase Pro
3701,01-14-2021_12-56-24,LINK/USD,25.0,16.0,15.98859,0.01782812499999953,-0.16467187500000047,0.1825,False,Bittrex,Coinbase Pro
3702,01-14-2021_12-56-36,LINK/USD,25.0,15.99253588,15.96805,0.03827704402811741,-0.0892229559718826,0.1275,False,Bittrex,Kraken
3703,01-14-2021_12-56-46,LINK/USD,25.0,15.98328524,15.9634,0.0311031801369527,-0.0963968198630473,0.1275,False,Bittrex,Kraken
3704,01-14-2021_12-56-57,LINK/USD,25.0,15.98328514,15.9558,0.0429904424516817,-0.019509557548318297,0.0625,False,Bittrex,Binance US
3705,01-14-2021_12-57-06,LINK/USD,25.0,15.98328507,15.95969,0.03690585179558572,-0.09059414820441428,0.1275,False,Bittrex,Kraken
3706,01-14-2021_12-57-17,LINK/USD,25.0,15.98328506,15.97102,0.0191841976695633,-0.1083158023304367,0.1275,False,Bittrex,Kraken
3707,01-14-2021_12-57-27,LINK/USD,25.0,15.98328498,15.96538,0.0280057885822681,-0.0994942114177319,0.1275,False,Bittrex,Kraken
3708,01-14-2021_12-57-39,LINK/USD,25.0,15.98328484,15.96438,0.029569703895734625,-0.15293029610426537,0.1825,False,Bittrex,Coinbase Pro
3709,01-14-2021_12-57-50,LINK/USD,25.0,15.98328473,15.96861,0.022953244980450607,-0.1045467550195494,0.1275,False,Bittrex,Kraken
3710,01-14-2021_12-58-01,LINK/USD,25.0,15.98328464,15.95899,0.03800007405736974,-0.08949992594263026,0.1275,False,Bittrex,Kraken
3711,01-14-2021_12-58-11,LINK/USD,25.0,15.9832845,15.95743,0.04043990457655848,-0.1420600954234415,0.1825,False,Bittrex,Coinbase Pro
3712,01-14-2021_12-58-24,LINK/USD,25.0,15.99999996,15.97733,0.035421812588554515,-0.0920781874114455,0.1275,False,Bittrex,Kraken
3713,01-14-2021_12-58-35,LINK/USD,25.0,16.0005,15.97733,0.03620199368769504,-0.053798006312304955,0.09,False,Binance US,Kraken
3714,01-14-2021_12-58-46,LINK/USD,25.0,15.99999996,15.97733,0.035421812588554515,-0.0920781874114455,0.1275,False,Bittrex,Kraken
3715,01-14-2021_12-58-57,LINK/USD,25.0,15.99999986,15.97733,0.03542165655994042,-0.09207834344005958,0.1275,False,Bittrex,Kraken
3716,01-14-2021_12-59-07,LINK/USD,25.0,15.99999999,15.97733,0.035421859397136976,-0.09207814060286303,0.1275,False,Bittrex,Kraken
3717,01-14-2021_12-59-18,LINK/USD,25.0,15.99999986,15.97733,0.03542165655994042,-0.09207834344005958,0.1275,False,Bittrex,Kraken
3718,01-14-2021_12-59-28,LINK/USD,25.0,15.99999976,15.97733,0.03542150053132161,-0.09207849946867838,0.1275,False,Bittrex,Kraken
3719,01-14-2021_12-59-40,LINK/USD,25.0,15.99999961,15.97733,0.035421266488392514,-0.09207873351160749,0.1275,False,Bittrex,Kraken
3720,01-14-2021_12-59-51,LINK/USD,25.0,15.99999949,15.97733,0.03542107925404718,-0.09207892074595282,0.1275,False,Bittrex,Kraken
3721,01-14-2021_13-00-04,LINK/USD,25.0,15.99527426,15.96722,0.043847732061333695,-0.08365226793866631,0.1275,False,Bittrex,Kraken
3722,01-14-2021_13-00-15,LINK/USD,25.0,15.9847102,15.96177,0.03587834829811419,-0.09162165170188581,0.1275,False,Bittrex,Kraken
3723,01-14-2021_13-00-28,LINK/USD,25.0,15.98471008,15.9664,0.028636865961849087,-0.033863134038150916,0.0625,False,Bittrex,Binance US
3724,01-14-2021_13-00-38,LINK/USD,25.0,15.98470996,15.9664,0.02863667849748061,-0.03386332150251939,0.0625,False,Bittrex,Binance US
3725,01-14-2021_13-00-49,LINK/USD,25.0,15.99467986,15.9664,0.044201978794715935,-0.018298021205284065,0.0625,False,Bittrex,Binance US
3726,01-14-2021_13-01-00,LINK/USD,25.0,15.99467974,15.9664,0.04420179156397465,-0.01829820843602535,0.0625,False,Bittrex,Binance US
3727,01-14-2021_13-01-11,LINK/USD,25.0,15.99467974,15.9664,0.04420179156397465,-0.01829820843602535,0.0625,False,Bittrex,Binance US
3728,01-14-2021_13-01-23,LINK/USD,25.0,15.99467974,15.96142,0.05198562981668067,-0.13051437018331932,0.1825,False,Bittrex,Coinbase Pro
3729,01-14-2021_13-01-34,LINK/USD,25.0,15.97751603,15.96399,0.021164162775056096,-0.10633583722494391,0.1275,False,Bittrex,Kraken
3730,01-14-2021_13-01-44,LINK/USD,25.0,15.97751592,15.9664,0.017393066693936903,-0.04510693330606309,0.0625,False,Bittrex,Binance US
3731,01-14-2021_13-01-56,LINK/USD,25.0,15.9968232,15.9664,0.04754569019678786,-0.014954309803212142,0.0625,False,Bittrex,Binance US
3732,01-14-2021_13-02-08,LINK/USD,25.0,15.99682307,15.97733,0.03046397074390993,-0.09703602925609008,0.1275,False,Bittrex,Kraken
3733,01-14-2021_13-02-19,LINK/USD,25.0,16.01853,15.97733,0.06430053194643662,-0.12069946805356338,0.185,False,Coinbase Pro,Kraken
3734,01-14-2021_13-02-30,LINK/USD,25.0,16.04052198,16.00186,0.060256736109033614,-0.06724326389096638,0.1275,False,Bittrex,Kraken
3735,01-14-2021_13-02-41,LINK/USD,25.0,16.04052188,16.00186,0.06025658062940682,-0.06724341937059318,0.1275,False,Bittrex,Kraken
3736,01-14-2021_13-02-52,LINK/USD,25.0,16.05105501,16.03217,0.029413969966822457,-0.09808603003317755,0.1275,False,Bittrex,Kraken
3737,01-14-2021_13-03-02,LINK/USD,25.0,16.06421449,16.0361,0.04375329092110513,-0.08374670907889487,0.1275,False,Bittrex,Kraken
3738,01-14-2021_13-03-13,LINK/USD,25.0,16.06421437,16.0361,0.04375310449744279,-0.0837468955025572,0.1275,False,Bittrex,Kraken
3739,01-14-2021_13-03-24,LINK/USD,25.0,16.07626812,16.0361,0.06246493231539948,-0.06503506768460052,0.1275,False,Bittrex,Kraken
3740,01-14-2021_13-03-34,LINK/USD,25.0,16.10220853,16.0872,0.02330197434103059,-0.03919802565896941,0.0625,False,Bittrex,Binance US
3741,01-14-2021_13-03-45,LINK/USD,25.0,16.12808,16.110295,0.027568377637015598,-0.1549316223629844,0.1825,False,Coinbase Pro,Bittrex
3742,01-14-2021_13-03-56,LINK/USD,25.0,16.17142234,16.1432,0.043629959391684583,-0.018870040608315417,0.0625,False,Bittrex,Binance US
3743,01-14-2021_13-04-06,LINK/USD,25.0,16.16603478,16.15,0.024797020757123783,-0.03770297924287622,0.0625,False,Bittrex,Binance US
3744,01-14-2021_13-04-17,LINK/USD,25.0,16.176,16.15465,0.0329964144411446,-0.1520035855588554,0.185,False,Coinbase Pro,Kraken
3745,01-14-2021_13-04-28,LINK/USD,25.0,16.19999988,16.18,0.030864012574301797,-0.1516359874256982,0.1825,False,Bittrex,Coinbase Pro
3746,01-14-2021_13-04-38,LINK/USD,25.0,16.19999989,16.18537,0.02257699089404426,-0.15992300910595575,0.1825,False,Bittrex,Coinbase Pro
3747,01-14-2021_13-04-50,LINK/USD,25.0,16.19999999,16.19139,0.013287021613140243,-0.16921297838685975,0.1825,False,Bittrex,Coinbase Pro
3748,01-14-2021_13-05-01,LINK/USD,25.0,16.19999993,16.1774,0.034876435335888814,-0.09262356466411119,0.1275,False,Bittrex,Kraken
3749,01-14-2021_13-05-11,LINK/USD,25.0,16.19986223,16.17724,0.03491114566102028,-0.14758885433897972,0.1825,False,Bittrex,Coinbase Pro
3750,01-14-2021_13-05-23,LINK/USD,25.0,16.19986212,16.17683,0.0355436975780876,-0.1469563024219124,0.1825,False,Bittrex,Coinbase Pro
3751,01-14-2021_13-05-35,LINK/USD,25.0,16.19986198,16.17544,0.037688561837986675,-0.08981143816201333,0.1275,False,Bittrex,Kraken
3752,01-14-2021_13-05-45,LINK/USD,25.0,16.19986188,16.16213,0.05822870633017868,-0.12427129366982131,0.1825,False,Bittrex,Coinbase Pro
3753,01-14-2021_13-05-55,LINK/USD,25.0,16.19076419,16.1629,0.04302482216560366,-0.13947517783439634,0.1825,False,Bittrex,Coinbase Pro
3754,01-14-2021_13-06-06,LINK/USD,25.0,16.19999996,16.17673,0.035910432187433734,-0.14658956781256627,0.1825,False,Bittrex,Coinbase Pro
3755,01-14-2021_13-06-17,LINK/USD,25.0,16.19999999,16.18525,0.022762330260962162,-0.15973766973903783,0.1825,False,Bittrex,Coinbase Pro
3756,01-14-2021_13-06-27,LINK/USD,25.0,16.19886808,16.1715,0.04223764256989783,-0.14026235743010218,0.1825,False,Bittrex,Coinbase Pro
3757,01-14-2021_13-06-37,LINK/USD,25.0,16.18777794,16.16,0.04289955684924598,-0.139600443150754,0.1825,False,Bittrex,Coinbase Pro
3758,01-14-2021_13-06-48,LINK/USD,25.0,16.19999998,16.18037,0.03029317904974662,-0.09720682095025338,0.1275,False,Bittrex,Kraken
3759,01-14-2021_13-07-00,LINK/USD,25.0,16.19999994,16.17816,0.0337036112359441,-0.1487963887640559,0.1825,False,Bittrex,Coinbase Pro
3760,01-14-2021_13-07-11,LINK/USD,25.0,16.19999994,16.17048,0.0455554631316871,-0.1369445368683129,0.1825,False,Bittrex,Coinbase Pro
3761,01-14-2021_13-07-23,LINK/USD,25.0,16.19999985,16.17847,0.033225077468133885,-0.09427492253186612,0.1275,False,Bittrex,Kraken
3762,01-14-2021_13-07-34,LINK/USD,25.0,16.19717263,16.17742,0.030487774704910445,-0.15201222529508956,0.1825,False,Bittrex,Coinbase Pro
3763,01-14-2021_13-07-47,LINK/USD,25.0,16.19999997,16.18624,0.021234521644259676,-0.16126547835574032,0.1825,False,Bittrex,Coinbase Pro
3764,01-14-2021_13-07-59,LINK/USD,25.0,16.19999995,16.18453,0.02387337970331283,-0.10362662029668718,0.1275,False,Bittrex,Kraken
3765,01-14-2021_13-08-10,LINK/USD,25.0,16.19999984,16.17709,0.035354691707207626,-0.09214530829279238,0.1275,False,Bittrex,Kraken
3766,01-14-2021_13-08-21,LINK/USD,25.0,16.18995477,16.16875,0.03274371408265622,-0.14975628591734377,0.1825,False,Bittrex,Coinbase Pro
3767,01-14-2021_13-08-34,LINK/USD,25.0,16.18995465,16.16167,0.04367623413942021,-0.0838237658605798,0.1275,False,Bittrex,Kraken
3768,01-14-2021_13-08-47,LINK/USD,25.0,16.18995453,16.16275,0.042008348370578055,-0.14049165162942195,0.1825,False,Bittrex,Coinbase Pro
3769,01-14-2021_13-08-58,LINK/USD,25.0,16.18432577,16.15102,0.05144757105318991,-0.13105242894681007,0.1825,False,Bittrex,Coinbase Pro
3770,01-14-2021_13-09-10,LINK/USD,25.0,16.17245175,16.15397,0.02856980234923163,-0.15393019765076837,0.1825,False,Bittrex,Coinbase Pro
3771,01-14-2021_13-09-23,LINK/USD,25.0,16.16934876,16.13864,0.04747989615383799,-0.135020103846162,0.1825,False,Bittrex,Coinbase Pro
3772,01-14-2021_13-09-36,LINK/USD,25.0,16.15521736,16.12511,0.046590768989818086,-0.1359092310101819,0.1825,False,Bittrex,Coinbase Pro
3773,01-14-2021_13-09-47,LINK/USD,25.0,16.19999387,16.13998,0.09261403195827074,-0.08988596804172926,0.1825,False,Bittrex,Coinbase Pro
3774,01-14-2021_13-10-01,LINK/USD,25.0,16.19081454,16.16843,0.03456364092229435,-0.14793635907770564,0.1825,False,Bittrex,Coinbase Pro
3775,01-14-2021_13-10-11,LINK/USD,25.0,16.1835,16.16842,0.023295331664963604,-0.12170466833503639,0.145,False,Binance US,Coinbase Pro
3776,01-14-2021_13-10-33,LINK/USD,25.0,16.18215516,16.16371,0.028496142537299714,-0.1540038574627003,0.1825,False,Bittrex,Coinbase Pro
3777,01-14-2021_13-10-44,LINK/USD,25.0,16.18215508,16.15506,0.04185950490841896,-0.14064049509158105,0.1825,False,Bittrex,Coinbase Pro
3778,01-14-2021_13-10-56,LINK/USD,25.0,16.18194285,16.15768,0.03748445138032283,-0.14501554861967716,0.1825,False,Bittrex,Coinbase Pro
3779,01-14-2021_13-11-08,LINK/USD,25.0,16.16513386,16.14259,0.034864944817726555,-0.14763505518227343,0.1825,False,Bittrex,Coinbase Pro
3780,01-14-2021_13-11-20,LINK/USD,25.0,16.16477735,16.13812,0.04122752423806303,-0.08627247576193697,0.1275,False,Bittrex,Kraken
3781,01-14-2021_13-11-43,LINK/USD,25.0,16.1557469,16.133,0.0351993939692156,-0.1473006060307844,0.1825,False,Bittrex,Coinbase Pro
3782,01-14-2021_13-11-54,LINK/USD,25.0,16.15574681,16.13934,0.025388504463693434,-0.15711149553630657,0.1825,False,Bittrex,Coinbase Pro
3783,01-14-2021_13-12-07,LINK/USD,25.0,16.15574674,16.14,0.02436708784406345,-0.15813291215593656,0.1825,False,Bittrex,Coinbase Pro
3784,01-14-2021_13-12-18,LINK/USD,25.0,16.18860675,16.1488,0.061473403200680524,-0.06602659679931948,0.1275,False,Bittrex,Kraken
3785,01-14-2021_13-12-30,LINK/USD,25.0,16.19999991,16.1683,0.0489196144693071,-0.0135803855306929,0.0625,False,Bittrex,Binance US
3786,01-14-2021_13-12-40,LINK/USD,25.0,16.17817933,16.15677,0.03308365169419429,-0.09441634830580571,0.1275,False,Bittrex,Kraken
3787,01-14-2021_13-12-50,LINK/USD,25.0,16.17817923,16.1522,0.04014547871961113,-0.08735452128038887,0.1275,False,Bittrex,Kraken
3788,01-14-2021_13-12-59,LINK/USD,25.0,16.17817915,16.1569,0.03288248603675221,-0.029617513963247792,0.0625,False,Bittrex,Binance US
3789,01-14-2021_13-13-09,LINK/USD,25.0,16.17817907,16.14827,0.046218226832864834,-0.08128177316713517,0.1275,False,Bittrex,Kraken
3790,01-14-2021_13-13-20,LINK/USD,25.0,16.17817902,16.14229,0.055458991947788756,-0.07204100805221125,0.1275,False,Bittrex,Kraken
3791,01-14-2021_13-13-31,LINK/USD,25.0,16.17817902,16.15047,0.04281850875452111,-0.08468149124547888,0.1275,False,Bittrex,Kraken
3792,01-14-2021_13-13-41,LINK/USD,25.0,16.1921123,16.16798,0.037259345094836006,-0.090240654905164,0.1275,False,Bittrex,Kraken
3793,01-14-2021_13-13-51,LINK/USD,25.0,16.19211224,16.1606,0.048653689421315136,-0.013846310578684864,0.0625,False,Bittrex,Binance US
3794,01-14-2021_13-14-01,LINK/USD,25.0,16.18293528,16.14984,0.051126818817750545,-0.13137318118224944,0.1825,False,Bittrex,Coinbase Pro
3795,01-14-2021_13-14-12,LINK/USD,25.0,16.18927,16.16902,0.031270712020987926,-0.15372928797901209,0.185,False,Coinbase Pro,Kraken
3796,01-14-2021_13-14-23,LINK/USD,25.0,16.19999987,16.1698,0.04660473802831051,-0.015895261971689487,0.0625,False,Bittrex,Binance US
3797,01-14-2021_13-14-33,LINK/USD,25.0,16.19999998,16.19043,0.014768487672556738,-0.11273151232744326,0.1275,False,Bittrex,Kraken
3798,01-14-2021_13-14-43,LINK/USD,25.0,16.1999999,16.1659,0.052623302793972655,-0.009876697206027345,0.0625,False,Bittrex,Binance US
3799,01-14-2021_13-14-53,LINK/USD,25.0,16.18766858,16.16124,0.040815914702895764,-0.08668408529710424,0.1275,False,Bittrex,Kraken
3800,01-14-2021_13-15-04,LINK/USD,25.0,16.18766851,16.17077,0.02609781326687291,-0.10140218673312709,0.1275,False,Bittrex,Kraken
3801,01-14-2021_13-15-15,LINK/USD,25.0,16.18766847,16.16374,0.0369547814194853,-0.0905452185805147,0.1275,False,Bittrex,Kraken
3802,01-14-2021_13-15-26,LINK/USD,25.0,16.18766845,16.16642,0.03281579750912436,-0.09468420249087564,0.1275,False,Bittrex,Kraken
3803,01-14-2021_13-15-36,LINK/USD,25.0,16.19938717,16.18,0.02991960405129584,-0.15258039594870415,0.1825,False,Bittrex,Coinbase Pro
3804,01-14-2021_13-15-46,LINK/USD,25.0,16.19938707,16.18,0.029919449909163297,-0.1525805500908367,0.1825,False,Bittrex,Coinbase Pro
3805,01-14-2021_13-15-55,LINK/USD,25.0,16.19938695,16.17579,0.03641642438821076,-0.09108357561178924,0.1275,False,Bittrex,Kraken
3806,01-14-2021_13-16-06,LINK/USD,25.0,16.18874821,16.16956,0.02963201624840049,-0.15286798375159952,0.1825,False,Bittrex,Coinbase Pro
3807,01-14-2021_13-16-17,LINK/USD,25.0,16.1747791,16.16198,0.019782495824005923,-0.10771750417599407,0.1275,False,Bittrex,Kraken
3808,01-14-2021_13-16-28,LINK/USD,25.0,16.17477908,16.16489,0.015284721898038839,-0.11221527810196116,0.1275,False,Bittrex,Kraken
3809,01-14-2021_13-16-41,LINK/USD,25.0,16.19003964,16.17324,0.02594132005472743,-0.10155867994527257,0.1275,False,Bittrex,Kraken
3810,01-14-2021_13-16-51,LINK/USD,25.0,16.17902139,16.1594,0.03031918545475994,-0.03218081454524006,0.0625,False,Bittrex,Binance US
3811,01-14-2021_13-17-02,LINK/USD,25.0,16.17902135,16.1594,0.030319123721283925,-0.032180876278716075,0.0625,False,Bittrex,Binance US
3812,01-14-2021_13-17-12,LINK/USD,25.0,16.1914727,16.1712,0.03130150724337693,-0.03119849275662307,0.0625,False,Bittrex,Binance US
3813,01-14-2021_13-17-23,LINK/USD,25.0,16.19147261,16.15979,0.04891866657704941,-0.0785813334229506,0.1275,False,Bittrex,Kraken
3814,01-14-2021_13-17-33,LINK/USD,25.0,16.17941196,16.16332,0.02486487154135218,-0.10263512845864782,0.1275,False,Bittrex,Kraken
3815,01-14-2021_13-17-43,LINK/USD,25.0,16.18853,16.1712,0.02676277586661849,-0.09323722413338151,0.12,False,Coinbase Pro,Binance US
3816,01-14-2021_13-17-54,LINK/USD,25.0,16.19982518,16.1775,0.034452810064217666,-0.09304718993578234,0.1275,False,Bittrex,Kraken
3817,01-14-2021_13-18-05,LINK/USD,25.0,16.2,16.18453,0.023873456790124287,-0.10362654320987572,0.1275,False,Bittrex,Kraken
3818,01-14-2021_13-18-16,LINK/USD,25.0,16.19524001,16.17402,0.032756553757304276,-0.09474344624269573,0.1275,False,Bittrex,Kraken
3819,01-14-2021_13-18-27,LINK/USD,25.0,16.19523997,16.17402,0.032756492091670815,-0.0947435079083292,0.1275,False,Bittrex,Kraken
3820,01-14-2021_13-18-38,LINK/USD,25.0,16.19523997,16.1759,0.02985440480632897,-0.09764559519367103,0.1275,False,Bittrex,Kraken
3821,01-14-2021_13-18-49,LINK/USD,25.0,16.19999999,16.18373,0.02510800927475471,-0.1023919907252453,0.1275,False,Bittrex,Kraken
3822,01-14-2021_13-19-00,LINK/USD,25.0,16.19999996,16.17322,0.04132709886747268,-0.08617290113252732,0.1275,False,Bittrex,Kraken
3823,01-14-2021_13-19-11,LINK/USD,25.0,16.19435173,16.17321,0.03263750589169166,-0.09486249410830834,0.1275,False,Bittrex,Kraken
3824,01-14-2021_13-19-23,LINK/USD,25.0,16.17808503,16.17013,0.012292910417466722,-0.11520708958253328,0.1275,False,Bittrex,Kraken
3825,01-14-2021_13-19-34,LINK/USD,25.0,16.19039246,16.16991,0.031627491505539757,-0.09587250849446025,0.1275,False,Bittrex,Kraken
3826,01-14-2021_13-19-44,LINK/USD,25.0,16.19039237,16.16748,0.03537957801821982,-0.14712042198178016,0.1825,False,Bittrex,Coinbase Pro
3827,01-14-2021_13-19-56,LINK/USD,25.0,16.19039225,16.1702,0.031179371210103574,-0.1513206287898964,0.1825,False,Bittrex,Coinbase Pro
3828,01-14-2021_13-20-07,LINK/USD,25.0,16.19039216,16.16968,0.03198217775596896,-0.09551782224403105,0.1275,False,Bittrex,Kraken
3829,01-14-2021_13-20-18,LINK/USD,25.0,16.19039211,16.17794,0.019227622647123275,-0.10827237735287673,0.1275,False,Bittrex,Kraken
3830,01-14-2021_13-20-28,LINK/USD,25.0,16.19999993,16.18354,0.025401126652967676,-0.10209887334703233,0.1275,False,Bittrex,Kraken
3831,01-14-2021_13-20-39,LINK/USD,25.0,16.19999988,16.17806,0.033857839756973915,-0.09364216024302609,0.1275,False,Bittrex,Kraken
3832,01-14-2021_13-20-50,LINK/USD,25.0,16.18991339,16.18013,0.01510723029260537,-0.11239276970739463,0.1275,False,Bittrex,Kraken
3833,01-14-2021_13-21-01,LINK/USD,25.0,16.19847,16.18453,0.02151437759245413,-0.16348562240754588,0.185,False,Coinbase Pro,Kraken
3834,01-14-2021_13-21-10,LINK/USD,25.0,16.19756317,16.1783,0.029731586470482883,-0.09776841352951712,0.1275,False,Bittrex,Kraken
3835,01-14-2021_13-21-21,LINK/USD,25.0,16.19999999,16.17673,0.03591047841722761,-0.09158952158277239,0.1275,False,Bittrex,Kraken
3836,01-14-2021_13-21-33,LINK/USD,25.0,16.19467786,16.1834,0.01740982453849172,-0.04509017546150828,0.0625,False,Bittrex,Binance US
3837,01-14-2021_13-21-43,LINK/USD,25.0,16.19467784,16.17973,0.02307523519097274,-0.10442476480902727,0.1275,False,Bittrex,Kraken
3838,01-14-2021_13-21-55,LINK/USD,25.0,16.19467781,16.18414,0.016267396801027224,-0.11123260319897278,0.1275,False,Bittrex,Kraken
3839,01-14-2021_13-22-05,LINK/USD,25.0,16.19467779,16.18054,0.021824747277048917,-0.10567525272295109,0.1275,False,Bittrex,Kraken
3840,01-14-2021_13-22-16,LINK/USD,25.0,16.19467779,16.17795,0.025822974400778288,-0.10167702559922172,0.1275,False,Bittrex,Kraken
3841,01-14-2021_13-22-26,LINK/USD,25.0,16.19467772,16.17457,0.03104063005707371,-0.0964593699429263,0.1275,False,Bittrex,Kraken
3842,01-14-2021_13-22-36,LINK/USD,25.0,16.1946777,16.18305,0.017949878681435945,-0.10955012131856406,0.1275,False,Bittrex,Kraken
3843,01-14-2021_13-22-47,LINK/USD,25.0,16.1946777,16.18373,0.01690015109099565,-0.11059984890900434,0.1275,False,Bittrex,Kraken
3844,01-14-2021_13-22-58,LINK/USD,25.0,16.19467768,16.18291,0.01816596821580265,-0.10933403178419734,0.1275,False,Bittrex,Kraken
3845,01-14-2021_13-23-08,LINK/USD,25.0,16.19467766,16.17591,0.028971956703956,-0.098528043296044,0.1275,False,Bittrex,Kraken
3846,01-14-2021_13-23-19,LINK/USD,25.0,16.1784768,16.14724,0.04826906819806194,-0.07923093180193806,0.1275,False,Bittrex,Kraken
3847,01-14-2021_13-23-29,LINK/USD,25.0,16.16684807,16.1477,0.029610085276195647,-0.09788991472380436,0.1275,False,Bittrex,Kraken
3848,01-14-2021_13-23-39,LINK/USD,25.0,16.16684803,16.15805,0.01360504840472796,-0.11389495159527205,0.1275,False,Bittrex,Kraken
3849,01-14-2021_13-23-49,LINK/USD,25.0,16.17579247,16.15886,0.0261694597519778,-0.10133054024802221,0.1275,False,Bittrex,Kraken
3850,01-14-2021_13-24-00,LINK/USD,25.0,16.17579241,16.14651,0.045256530959648406,-0.0822434690403516,0.1275,False,Bittrex,Kraken
3851,01-14-2021_13-24-10,LINK/USD,25.0,16.16326685,16.14651,0.02591810516325194,-0.10158189483674807,0.1275,False,Bittrex,Kraken
3852,01-14-2021_13-24-20,LINK/USD,25.0,16.16326685,16.15315,0.01564790412403432,-0.11185209587596567,0.1275,False,Bittrex,Kraken
3853,01-14-2021_13-24-30,LINK/USD,25.0,16.15986763,16.14727,0.019489067436132695,-0.1080109325638673,0.1275,False,Bittrex,Kraken
3854,01-14-2021_13-24-40,LINK/USD,25.0,16.15986761,16.14444,0.023867166446420694,-0.1036328335535793,0.1275,False,Bittrex,Kraken
3855,01-14-2021_13-24-50,LINK/USD,25.0,16.16859925,16.15083,0.02747493726149565,-0.10002506273850435,0.1275,False,Bittrex,Kraken
3856,01-14-2021_13-25-00,LINK/USD,25.0,16.16859926,16.1597,0.013760097360468166,-0.11373990263953183,0.1275,False,Bittrex,Kraken
3857,01-14-2021_13-25-09,LINK/USD,25.0,16.18904605,16.16909,0.03081721112282757,-0.09668278887717244,0.1275,False,Bittrex,Kraken
3858,01-14-2021_13-25-19,LINK/USD,25.0,16.189046,16.17581,0.020439746727513607,-0.10706025327248639,0.1275,False,Bittrex,Kraken
3859,01-14-2021_13-25-30,LINK/USD,25.0,16.19727035,16.18291,0.022164768645725027,-0.10533523135427497,0.1275,False,Bittrex,Kraken
3860,01-14-2021_13-25-40,LINK/USD,25.0,16.19727035,16.18453,0.01966434733245253,-0.10783565266754747,0.1275,False,Bittrex,Kraken
3861,01-14-2021_13-25-51,LINK/USD,25.0,16.19999999,16.18292,0.026358009275528338,-0.10114199072447166,0.1275,False,Bittrex,Kraken
3862,01-14-2021_13-26-02,LINK/USD,25.0,16.1999999,16.18292,0.02635787053307693,-0.10114212946692308,0.1275,False,Bittrex,Kraken
3863,01-14-2021_13-26-12,LINK/USD,25.0,16.21853,16.18453,0.05240918874892248,-0.13259081125107752,0.185,False,Coinbase Pro,Kraken
3864,01-14-2021_13-26-22,LINK/USD,25.0,16.21269,16.19323,0.03000735843342268,-0.15499264156657733,0.185,False,Coinbase Pro,Kraken
3865,01-14-2021_13-26-32,LINK/USD,25.0,16.22997,16.2045,0.03923297455263642,-0.14576702544736359,0.185,False,Coinbase Pro,Kraken
3866,01-14-2021_13-26-42,LINK/USD,25.0,16.26102105,16.24191,0.02938168818125869,-0.09811831181874131,0.1275,False,Bittrex,Kraken
3867,01-14-2021_13-26-53,LINK/USD,25.0,16.25357951,16.23562,0.027623930453213645,-0.09987606954678635,0.1275,False,Bittrex,Kraken
3868,01-14-2021_13-27-06,LINK/USD,25.0,16.26076338,16.23668,0.0370268286875478,-0.0904731713124522,0.1275,False,Bittrex,Kraken
3869,01-14-2021_13-27-18,LINK/USD,25.0,16.27,16.24800895,0.03379079594345492,-0.14870920405654509,0.1825,False,Coinbase Pro,Bittrex
3870,01-14-2021_13-27-28,LINK/USD,25.0,16.27752,16.2515,0.039963090200471334,-0.08003690979952865,0.12,False,Coinbase Pro,Binance US
3871,01-14-2021_13-27-39,LINK/USD,25.0,16.29587,16.2721925,0.03632438771296281,-0.14617561228703718,0.1825,False,Coinbase Pro,Bittrex
3872,01-14-2021_13-27-50,LINK/USD,25.0,16.29999,16.2721925,0.04263422860995914,-0.13986577139004086,0.1825,False,Coinbase Pro,Bittrex
3873,01-14-2021_13-28-00,LINK/USD,25.0,16.29733,16.28485425,0.01913772071867005,-0.16336227928132996,0.1825,False,Coinbase Pro,Bittrex
3874,01-14-2021_13-28-10,LINK/USD,25.0,16.30257,16.28485425,0.02716711230192647,-0.15533288769807352,0.1825,False,Coinbase Pro,Bittrex
3875,01-14-2021_13-28-21,LINK/USD,25.0,16.2888,16.28133,0.011464932960067451,-0.07853506703993254,0.09,False,Binance US,Kraken
3876,01-14-2021_13-28-32,LINK/USD,25.0,16.28485425,16.27384,0.016908732849111596,-0.1105912671508884,0.1275,False,Bittrex,Kraken
3877,01-14-2021_13-28-43,LINK/USD,25.0,16.28485425,16.26881,0.024630631864574724,-0.10286936813542527,0.1275,False,Bittrex,Kraken
3878,01-14-2021_13-28-54,LINK/USD,25.0,16.29052,16.28485425,0.008694857499948028,-0.17380514250005197,0.1825,False,Coinbase Pro,Bittrex
3879,01-14-2021_13-29-05,LINK/USD,25.0,16.2848541,16.2383,0.07146840204113587,-0.11103159795886412,0.1825,False,Bittrex,Coinbase Pro
3880,01-14-2021_13-29-15,LINK/USD,25.0,16.24597471,16.22616,0.03049172233999891,-0.09700827766000109,0.1275,False,Bittrex,Kraken
3881,01-14-2021_13-29-26,LINK/USD,25.0,16.24597461,16.22616,0.03049156864341694,-0.09700843135658306,0.1275,False,Bittrex,Kraken
3882,01-14-2021_13-29-37,LINK/USD,25.0,16.25895523,16.23366,0.0388943041575758,-0.0886056958424242,0.1275,False,Bittrex,Kraken
3883,01-14-2021_13-29-47,LINK/USD,25.0,16.25895514,16.23785,0.03245156256701426,-0.15004843743298574,0.1825,False,Bittrex,Coinbase Pro
3884,01-14-2021_13-29-57,LINK/USD,25.0,16.25895506,16.23395,0.038448135054999,-0.089051864945001,0.1275,False,Bittrex,Kraken
3885,01-14-2021_13-30-08,LINK/USD,25.0,16.25895506,16.22881,0.04635147198691252,-0.08114852801308747,0.1275,False,Bittrex,Kraken
3886,01-14-2021_13-30-19,LINK/USD,25.0,16.27616039,16.26056,0.02396202425232961,-0.10353797574767039,0.1275,False,Bittrex,Kraken
3887,01-14-2021_13-30-28,LINK/USD,25.0,16.2848542,16.2649,0.03063306517045883,-0.03186693482954117,0.0625,False,Bittrex,Binance US
3888,01-14-2021_13-30-38,LINK/USD,25.0,16.29414,16.28485425,0.014247069805463948,-0.16825293019453605,0.1825,False,Coinbase Pro,Bittrex
3889,01-14-2021_13-30-48,LINK/USD,25.0,16.29516,16.28485425,0.015811059848446652,-0.16668894015155333,0.1825,False,Coinbase Pro,Bittrex
3890,01-14-2021_13-31-00,LINK/USD,25.0,16.26123888,16.24447,0.025780446563369044,-0.10171955343663096,0.1275,False,Bittrex,Kraken
3891,01-14-2021_13-31-10,LINK/USD,25.0,16.28485421,16.25397,0.0474124754230759,-0.0800875245769241,0.1275,False,Bittrex,Kraken
3892,01-14-2021_13-31-21,LINK/USD,25.0,16.27601326,16.25645,0.03004921980506883,-0.15245078019493116,0.1825,False,Bittrex,Coinbase Pro
3893,01-14-2021_13-31-32,LINK/USD,25.0,16.25937562,16.2303,0.04470592948882316,-0.01779407051117684,0.0625,False,Bittrex,Binance US
3894,01-14-2021_13-31-44,LINK/USD,25.0,16.23436721,16.20453,0.04594760241351004,-0.13655239758648996,0.1825,False,Bittrex,Coinbase Pro
3895,01-14-2021_13-31-55,LINK/USD,25.0,16.2344617,16.2179,0.02550392539347402,-0.15699607460652598,0.1825,False,Bittrex,Coinbase Pro
3896,01-14-2021_13-32-06,LINK/USD,25.0,16.23446162,16.19304,0.06378656245208036,-0.11871343754791963,0.1825,False,Bittrex,Coinbase Pro
3897,01-14-2021_13-32-16,LINK/USD,25.0,16.2150332,16.19781,0.026554370545476443,-0.15594562945452356,0.1825,False,Bittrex,Coinbase Pro
3898,01-14-2021_13-32-28,LINK/USD,25.0,16.21503316,16.19414,0.03221263841066355,-0.15028736158933645,0.1825,False,Bittrex,Coinbase Pro
3899,01-14-2021_13-32-38,LINK/USD,25.0,16.21503316,16.19085,0.03728509180551031,-0.14521490819448968,0.1825,False,Bittrex,Coinbase Pro
3900,01-14-2021_13-32-49,LINK/USD,25.0,16.20480987,16.17302,0.049043879957594995,-0.07845612004240501,0.1275,False,Bittrex,Kraken
3901,01-14-2021_13-33-01,LINK/USD,25.0,16.18337229,16.1668,0.025600798311738508,-0.1018992016882615,0.1275,False,Bittrex,Kraken
3902,01-14-2021_13-33-11,LINK/USD,25.0,16.22386462,16.19788,0.04004073722355667,-0.14245926277644333,0.1825,False,Bittrex,Coinbase Pro
3903,01-14-2021_13-33-23,LINK/USD,25.0,16.21602695,16.19249,0.03628655476550075,-0.09121344523449926,0.1275,False,Bittrex,Kraken
3904,01-14-2021_13-33-33,LINK/USD,25.0,16.20670166,16.18233,0.03759503400397621,-0.1449049659960238,0.1825,False,Bittrex,Coinbase Pro
3905,01-14-2021_13-33-44,LINK/USD,25.0,16.20211052,16.17791,0.03734161665254588,-0.09015838334745413,0.1275,False,Bittrex,Kraken
3906,01-14-2021_13-33-55,LINK/USD,25.0,16.18956973,16.16624,0.03602586478374614,-0.09147413521625386,0.1275,False,Bittrex,Kraken
3907,01-14-2021_13-34-06,LINK/USD,25.0,16.15404,16.14467759,0.014489270176373564,-0.16801072982362644,0.1825,False,Coinbase Pro,Bittrex
3908,01-14-2021_13-34-17,LINK/USD,25.0,16.14467756,16.13533,0.014474677436670217,-0.11302532256332978,0.1275,False,Bittrex,Kraken
3909,01-14-2021_13-34-28,LINK/USD,25.0,16.17959,16.14467759,0.05394514014261246,-0.12855485985738754,0.1825,False,Coinbase Pro,Bittrex
3910,01-14-2021_13-34-39,LINK/USD,25.0,16.20370418,16.17673,0.0416173050624031,-0.0858826949375969,0.1275,False,Bittrex,Kraken
3911,01-14-2021_13-34-52,LINK/USD,25.0,16.21587111,16.17673,0.060343828793541776,-0.06715617120645823,0.1275,False,Bittrex,Kraken
3912,01-14-2021_13-35-01,LINK/USD,25.0,16.2158711,16.1961,0.030481094537067172,-0.09701890546293283,0.1275,False,Bittrex,Kraken
3913,01-14-2021_13-35-12,LINK/USD,25.0,16.18376514,16.1574,0.040727759844393266,-0.14177224015560674,0.1825,False,Bittrex,Coinbase Pro
3914,01-14-2021_13-35-23,LINK/USD,25.0,16.18021612,16.15136,0.04458549840433215,-0.13791450159566784,0.1825,False,Bittrex,Coinbase Pro
3915,01-14-2021_13-35-35,LINK/USD,25.0,16.1837,16.17081,0.019912010232521437,-0.07008798976747856,0.09,False,Binance US,Kraken
3916,01-14-2021_13-35-46,LINK/USD,25.0,16.19451121,16.17838,0.02490227983855442,-0.15759772016144558,0.1825,False,Bittrex,Coinbase Pro
3917,01-14-2021_13-35-58,LINK/USD,25.0,16.1938852,16.18152,0.019089304152905516,-0.16341069584709447,0.1825,False,Bittrex,Coinbase Pro
3918,01-14-2021_13-36-09,LINK/USD,25.0,16.17096841,16.15789,0.0202189653526169,-0.1072810346473831,0.1275,False,Bittrex,Kraken
3919,01-14-2021_13-36-20,LINK/USD,25.0,16.17884044,16.15789,0.03237321005435421,-0.0951267899456458,0.1275,False,Bittrex,Kraken
3920,01-14-2021_13-36-32,LINK/USD,25.0,16.19449588,16.1701,0.03766075860090334,-0.14483924139909665,0.1825,False,Bittrex,Coinbase Pro
3921,01-14-2021_13-36-44,LINK/USD,25.0,16.20803865,16.18656,0.03312962546519906,-0.14937037453480093,0.1825,False,Bittrex,Coinbase Pro
3922,01-14-2021_13-36-54,LINK/USD,25.0,16.1954583,16.1812,0.022009719848431305,-0.04049028015156869,0.0625,False,Bittrex,Binance US
3923,01-14-2021_13-37-05,LINK/USD,25.0,16.19545824,16.18627,0.014183359099569836,-0.11331664090043017,0.1275,False,Bittrex,Kraken
3924,01-14-2021_13-37-17,LINK/USD,25.0,16.19545816,16.18312,0.019045710035044662,-0.10845428996495535,0.1275,False,Bittrex,Kraken
3925,01-14-2021_13-37-28,LINK/USD,25.0,16.19545806,16.17462,0.032166518419546174,-0.09533348158045382,0.1275,False,Bittrex,Kraken
3926,01-14-2021_13-37-40,LINK/USD,25.0,16.19545795,16.1795,0.024633372593210096,-0.03786662740678991,0.0625,False,Bittrex,Binance US
3927,01-14-2021_13-37-52,LINK/USD,25.0,16.19545793,16.1795,0.024633341750774147,-0.03786665824922585,0.0625,False,Bittrex,Binance US
3928,01-14-2021_13-38-03,LINK/USD,25.0,16.19545786,16.181,0.022317769779928075,-0.040182230220071925,0.0625,False,Bittrex,Binance US
3929,01-14-2021_13-38-24,LINK/USD,25.0,16.18152256,16.16744,0.021757161521397148,-0.16074283847860285,0.1825,False,Bittrex,Coinbase Pro
3930,01-14-2021_13-38-36,LINK/USD,25.0,16.18241,16.17864,0.005824225192661947,-0.17917577480733804,0.185,False,Kraken,Coinbase Pro
3931,01-14-2021_13-38-47,LINK/USD,25.0,16.19579846,16.17367,0.03415771697618046,-0.14834228302381952,0.1825,False,Bittrex,Coinbase Pro
3932,01-14-2021_13-38-58,LINK/USD,25.0,16.1745,16.15873114,0.024373025441277764,-0.06312697455872224,0.0875,False,Binance US,Bittrex
3933,01-14-2021_13-39-10,LINK/USD,25.0,16.1623,16.15711,0.008027941567720742,-0.13697205843227925,0.145,False,Binance US,Coinbase Pro
3934,01-14-2021_13-39-32,LINK/USD,25.0,16.18007852,16.16709,0.020068691236482392,-0.10743130876351761,0.1275,False,Bittrex,Kraken
3935,01-14-2021_13-39-43,LINK/USD,25.0,16.18007844,16.1614,0.028860243275802423,-0.03363975672419758,0.0625,False,Bittrex,Binance US
3936,01-14-2021_13-39-54,LINK/USD,25.0,16.18007838,16.16136,0.02892195507399453,-0.09857804492600547,0.1275,False,Bittrex,Kraken
3937,01-14-2021_13-40-06,LINK/USD,25.0,16.19733729,16.17646,0.03222333650619648,-0.15027666349380353,0.1825,False,Bittrex,Coinbase Pro
3938,01-14-2021_13-40-16,LINK/USD,25.0,16.19733725,16.17778,0.030185902932906235,-0.09731409706709376,0.1275,False,Bittrex,Kraken
3939,01-14-2021_13-40-28,LINK/USD,25.0,16.19733723,16.18829,0.013964069944847632,-0.16853593005515236,0.1825,False,Bittrex,Coinbase Pro
3940,01-14-2021_13-40-39,LINK/USD,25.0,16.20917734,16.197,0.018781551562691654,-0.04371844843730835,0.0625,False,Bittrex,Binance US
3941,01-14-2021_13-40-49,LINK/USD,25.0,16.22813109,16.2,0.04333692192278538,-0.08416307807721463,0.1275,False,Bittrex,Kraken
3942,01-14-2021_13-41-01,LINK/USD,25.0,16.25348147,16.20942,0.06777235708135189,-0.05972764291864811,0.1275,False,Bittrex,Kraken
3943,01-14-2021_13-41-12,LINK/USD,25.0,16.24613155,16.2136,0.050060455776627065,-0.07743954422337293,0.1275,False,Bittrex,Kraken
3944,01-14-2021_13-41-24,LINK/USD,25.0,16.21583412,16.20133,0.02236104521769979,-0.1601389547823002,0.1825,False,Bittrex,Coinbase Pro
3945,01-14-2021_13-41-33,LINK/USD,25.0,16.21583408,16.20682,0.013897034151202962,-0.11360296584879703,0.1275,False,Bittrex,Kraken
3946,01-14-2021_13-41-44,LINK/USD,25.0,16.22010384,16.2094,0.01649779820398712,-0.11100220179601289,0.1275,False,Bittrex,Kraken
3947,01-14-2021_13-41-55,LINK/USD,25.0,16.22010377,16.1967,0.03607216441378167,-0.026427835586218328,0.0625,False,Bittrex,Binance US
3948,01-14-2021_13-42-07,LINK/USD,25.0,16.21124226,16.19749,0.021207905877042278,-0.10629209412295773,0.1275,False,Bittrex,Kraken
3949,01-14-2021_13-42-18,LINK/USD,25.0,16.21124221,16.20254,0.013420023412263091,-0.1690799765877369,0.1825,False,Bittrex,Coinbase Pro
3950,01-14-2021_13-42-30,LINK/USD,25.0,16.21124221,16.20095,0.015872025515808557,-0.11162797448419144,0.1275,False,Bittrex,Kraken
3951,01-14-2021_13-42-41,LINK/USD,25.0,16.21010438,16.19783,0.018930137203720027,-0.10856986279627998,0.1275,False,Bittrex,Kraken
3952,01-14-2021_13-42-53,LINK/USD,25.0,16.21183607,16.19514,0.02574672900699063,-0.10175327099300938,0.1275,False,Bittrex,Kraken
3953,01-14-2021_13-43-04,LINK/USD,25.0,16.21183603,16.18843,0.03609404566621486,-0.14640595433378514,0.1825,False,Bittrex,Coinbase Pro
3954,01-14-2021_13-43-16,LINK/USD,25.0,16.19589149,16.17903,0.026027418759892146,-0.10147258124010786,0.1275,False,Bittrex,Kraken
3955,01-14-2021_13-43-28,LINK/USD,25.0,16.20981,16.1904,0.029935576049319196,-0.1550644239506808,0.185,False,Coinbase Pro,Kraken
3956,01-14-2021_13-43-50,LINK/USD,25.0,16.19884958,16.1818,0.026312948823619325,-0.03618705117638067,0.0625,False,Bittrex,Binance US
3957,01-14-2021_13-44-00,LINK/USD,25.0,16.19010684,16.17156,0.028639156281193304,-0.0988608437188067,0.1275,False,Bittrex,Kraken
3958,01-14-2021_13-44-11,LINK/USD,25.0,16.19010683,16.18022,0.01526677696419312,-0.11223322303580688,0.1275,False,Bittrex,Kraken
3959,01-14-2021_13-44-23,LINK/USD,25.0,16.19010677,16.17198,0.027990504104622584,-0.09950949589537741,0.1275,False,Bittrex,Kraken
3960,01-14-2021_13-44-34,LINK/USD,25.0,16.19010669,16.16738,0.035093483994821865,-0.09240651600517813,0.1275,False,Bittrex,Kraken
3961,01-14-2021_13-44-44,LINK/USD,25.0,16.19010669,16.16572,0.037656777788658356,-0.08984322221134164,0.1275,False,Bittrex,Kraken
3962,01-14-2021_13-44-55,LINK/USD,25.0,16.19010669,16.16572,0.037656777788658356,-0.08984322221134164,0.1275,False,Bittrex,Kraken
3963,01-14-2021_13-45-06,LINK/USD,25.0,16.17769429,16.16367,0.021672263285180775,-0.10582773671481922,0.1275,False,Bittrex,Kraken
3964,01-14-2021_13-45-27,LINK/USD,25.0,16.17769414,16.15533,0.034560147766523004,-0.147939852233477,0.1825,False,Bittrex,Coinbase Pro
3965,01-14-2021_13-45-40,LINK/USD,25.0,16.17769412,16.15322,0.03782077936827858,-0.08967922063172143,0.1275,False,Bittrex,Kraken
3966,01-14-2021_13-46-01,LINK/USD,25.0,16.18192749,16.16271,0.02968974186152261,-0.0978102581384774,0.1275,False,Bittrex,Kraken
3967,01-14-2021_13-46-13,LINK/USD,25.0,16.18192741,16.16037,0.03330476255053195,-0.09419523744946806,0.1275,False,Bittrex,Kraken
3968,01-14-2021_13-46-23,LINK/USD,25.0,16.18192741,16.16037,0.03330476255053195,-0.09419523744946806,0.1275,False,Bittrex,Kraken
3969,01-14-2021_13-46-33,LINK/USD,25.0,16.18192735,16.1668,0.023370748231668778,-0.03912925176833122,0.0625,False,Bittrex,Binance US
3970,01-14-2021_13-46-44,LINK/USD,25.0,16.19880251,16.17166,0.04188968595555909,-0.08561031404444092,0.1275,False,Bittrex,Kraken
3971,01-14-2021_13-46-55,LINK/USD,25.0,16.20840952,16.19725,0.017212546342424296,-0.11028745365757571,0.1275,False,Bittrex,Kraken
3972,01-14-2021_13-47-05,LINK/USD,25.0,16.22191153,16.19805,0.03677361011967212,-0.09072638988032788,0.1275,False,Bittrex,Kraken
3973,01-14-2021_13-47-16,LINK/USD,25.0,16.20790157,16.19684,0.01706200206150278,-0.11043799793849722,0.1275,False,Bittrex,Kraken
3974,01-14-2021_13-47-28,LINK/USD,25.0,16.21897114,16.19805,0.03224794566100051,-0.0952520543389995,0.1275,False,Bittrex,Kraken
3975,01-14-2021_13-47-39,LINK/USD,25.0,16.24994025,16.22355,0.040600533900427976,-0.08689946609957203,0.1275,False,Bittrex,Kraken
3976,01-14-2021_13-47-50,LINK/USD,25.0,16.2630374,16.2489,0.021732410207706252,-0.04076758979229375,0.0625,False,Bittrex,Binance US
3977,01-14-2021_13-48-01,LINK/USD,25.0,16.25669518,16.2489,0.011987645572625901,-0.0505123544273741,0.0625,False,Bittrex,Binance US
3978,01-14-2021_13-48-11,LINK/USD,25.0,16.2609454,16.2489,0.018518910960739172,-0.04398108903926083,0.0625,False,Bittrex,Binance US
3979,01-14-2021_13-48-22,LINK/USD,25.0,16.26094536,16.249,0.01836510691036804,-0.04413489308963196,0.0625,False,Bittrex,Binance US
3980,01-14-2021_13-48-44,LINK/USD,25.0,16.27454,16.2609,0.02095297317159005,-0.16404702682840994,0.185,False,Coinbase Pro,Kraken
3981,01-14-2021_13-48-56,LINK/USD,25.0,16.27399102,16.26089,0.020125702392086876,-0.10737429760791313,0.1275,False,Bittrex,Kraken
3982,01-14-2021_13-49-08,LINK/USD,25.0,16.25750619,16.22681,0.047203103663712116,-0.08029689633628789,0.1275,False,Bittrex,Kraken
3983,01-14-2021_13-49-18,LINK/USD,25.0,16.22571105,16.21154,0.021834251140571168,-0.10566574885942884,0.1275,False,Bittrex,Kraken
3984,01-14-2021_13-49-30,LINK/USD,25.0,16.21223372,16.20001,0.01884953087143363,-0.10865046912856638,0.1275,False,Bittrex,Kraken
3985,01-14-2021_13-49-41,LINK/USD,25.0,16.20164222,16.19075,0.01680727770076444,-0.11069272229923556,0.1275,False,Bittrex,Kraken
3986,01-14-2021_13-49-52,LINK/USD,25.0,16.20164215,16.1937,0.012255162048498964,-0.05024483795150104,0.0625,False,Bittrex,Binance US
3987,01-14-2021_13-50-04,LINK/USD,25.0,16.2122739,16.1957,0.025557642472350716,-0.03694235752764928,0.0625,False,Bittrex,Binance US
3988,01-14-2021_13-50-14,LINK/USD,25.0,16.19078,16.17908,0.018065837470463364,-0.16693416252953663,0.185,False,Coinbase Pro,Kraken
3989,01-14-2021_13-50-25,LINK/USD,25.0,16.19628716,16.1897,0.010167700681842962,-0.05233229931815704,0.0625,False,Bittrex,Binance US
3990,01-14-2021_13-50-37,LINK/USD,25.0,16.2002,16.1897,0.016203503660449252,-0.10379649633955074,0.12,False,Coinbase Pro,Binance US
3991,01-14-2021_13-51-00,LINK/USD,25.0,16.27721462,16.1897,0.1344127696953601,0.07191276969536009,0.0625,True,Bittrex,Binance US
3992,01-14-2021_13-51-12,LINK/USD,25.0,16.19809011,16.1851,0.020048829695022145,-0.04245117030497786,0.0625,False,Bittrex,Binance US
3993,01-14-2021_13-51-24,LINK/USD,25.0,16.2772088,16.1851,0.14146897224787378,0.07896897224787378,0.0625,True,Bittrex,Binance US
3994,01-14-2021_13-51-35,LINK/USD,25.0,16.21523959,16.1897,0.03937590600843083,-0.023124093991569172,0.0625,False,Bittrex,Binance US
3995,01-14-2021_13-51-46,LINK/USD,25.0,16.21523953,16.1978,0.026887561493827587,-0.03561243850617241,0.0625,False,Bittrex,Binance US
3996,01-14-2021_13-51-57,LINK/USD,25.0,16.27719726,16.2089,0.10489714369905191,0.04239714369905191,0.0625,True,Bittrex,Binance US
3997,01-14-2021_13-52-08,LINK/USD,25.0,16.20996221,16.19689,0.02016076569249555,-0.10733923430750444,0.1275,False,Bittrex,Kraken
3998,01-14-2021_13-52-20,LINK/USD,25.0,16.20996214,16.19808,0.018325366674788117,-0.10917463332521188,0.1275,False,Bittrex,Kraken
3999,01-14-2021_13-52-31,LINK/USD,25.0,16.21146,16.20143,0.015467453270711626,-0.16953254672928836,0.185,False,Coinbase Pro,Kraken
4000,01-14-2021_13-52-41,LINK/USD,25.0,16.21315,16.2016,0.01780961750184222,-0.10219038249815778,0.12,False,Coinbase Pro,Binance US
4001,01-14-2021_13-52-54,LINK/USD,25.0,16.27718264,16.2016,0.11608679719281009,0.05358679719281009,0.0625,True,Bittrex,Binance US
4002,01-14-2021_13-53-05,LINK/USD,25.0,16.27718252,16.21331,0.09810131440364336,-0.02939868559635664,0.1275,False,Bittrex,Kraken
4003,01-14-2021_13-53-15,LINK/USD,25.0,16.22463373,16.2062,0.02840392317442118,-0.03409607682557882,0.0625,False,Bittrex,Binance US
4004,01-14-2021_13-53-27,LINK/USD,25.0,16.2246337,16.21096,0.021069350859980025,-0.10643064914001998,0.1275,False,Bittrex,Kraken
4005,01-14-2021_13-53-37,LINK/USD,25.0,16.2136701,16.18591,0.04280354143877924,-0.08469645856122077,0.1275,False,Bittrex,Kraken
4006,01-14-2021_13-53-49,LINK/USD,25.0,16.21367005,16.1861,0.04251050180955382,-0.01998949819044618,0.0625,False,Bittrex,Binance US
4007,01-14-2021_13-54-00,LINK/USD,25.0,16.21367005,16.1861,0.04251050180955382,-0.01998949819044618,0.0625,False,Bittrex,Binance US
4008,01-14-2021_13-54-11,LINK/USD,25.0,16.20567458,16.1861,0.0301971076602978,-0.0323028923397022,0.0625,False,Bittrex,Binance US
4009,01-14-2021_13-54-22,LINK/USD,25.0,16.20567451,16.19259,0.02018507466617371,-0.1623149253338263,0.1825,False,Bittrex,Coinbase Pro
4010,01-14-2021_13-54-32,LINK/USD,25.0,16.2056745,16.19465,0.01700716005372273,-0.11049283994627727,0.1275,False,Bittrex,Kraken
4011,01-14-2021_13-54-41,LINK/USD,25.0,16.2771624,16.19465,0.12673032002187673,-0.0007696799781232722,0.1275,False,Bittrex,Kraken
4012,01-14-2021_13-54-53,LINK/USD,25.0,16.2771622,16.19107,0.13222851585271958,-0.050271484147280415,0.1825,False,Bittrex,Coinbase Pro
4013,01-14-2021_13-55-04,LINK/USD,25.0,16.1959,16.18016,0.024296272513415394,-0.12070372748658459,0.145,False,Binance US,Coinbase Pro
4014,01-14-2021_13-55-15,LINK/USD,25.0,16.19279,16.18151,0.017415158227827465,-0.16758484177217253,0.185,False,Coinbase Pro,Kraken
4015,01-14-2021_13-55-28,LINK/USD,25.0,16.22194032,16.19464,0.04207314208637455,-0.08542685791362545,0.1275,False,Bittrex,Kraken
4016,01-14-2021_13-55-38,LINK/USD,25.0,16.20956299,16.1861,0.036186956450450766,-0.026313043549549234,0.0625,False,Bittrex,Binance US
4017,01-14-2021_13-55-50,LINK/USD,25.0,16.20956291,16.18647,0.035616182447696584,-0.1468838175523034,0.1825,False,Bittrex,Coinbase Pro
4018,01-14-2021_13-56-01,LINK/USD,25.0,16.20956287,16.19465,0.02300011129171162,-0.10449988870828839,0.1275,False,Bittrex,Kraken
4019,01-14-2021_13-56-12,LINK/USD,25.0,16.19616,16.1793,0.0260246873332902,-0.0939753126667098,0.12,False,Coinbase Pro,Binance US
4020,01-14-2021_13-56-34,LINK/USD,25.0,16.18315201,16.16891,0.02200129182374319,-0.10549870817625681,0.1275,False,Bittrex,Kraken
4021,01-14-2021_13-56-46,LINK/USD,25.0,16.18825878,16.1737,0.022483548412860165,-0.04001645158713983,0.0625,False,Bittrex,Binance US
4022,01-14-2021_13-56-57,LINK/USD,25.0,16.19845,16.1787,0.03048131148350912,-0.08951868851649088,0.12,False,Coinbase Pro,Binance US
4023,01-14-2021_13-57-07,LINK/USD,25.0,16.19618309,16.1787,0.026986435481204593,-0.03551356451879541,0.0625,False,Bittrex,Binance US
4024,01-14-2021_13-57-18,LINK/USD,25.0,16.19077192,16.17808,0.019597459686774146,-0.10790254031322585,0.1275,False,Bittrex,Kraken
4025,01-14-2021_13-57-29,LINK/USD,25.0,16.19285,16.1831,0.015052940032175265,-0.10494705996782473,0.12,False,Coinbase Pro,Binance US
4026,01-14-2021_13-57-39,LINK/USD,25.0,16.19841913,16.1832,0.023488603853655757,-0.039011396146344246,0.0625,False,Bittrex,Binance US
4027,01-14-2021_13-57-51,LINK/USD,25.0,16.19841913,16.17901,0.02995528428458386,-0.09754471571541615,0.1275,False,Bittrex,Kraken
4028,01-14-2021_13-58-12,LINK/USD,25.0,16.18163,16.16957,0.018632239150194053,-0.16636776084980595,0.185,False,Coinbase Pro,Kraken
4029,01-14-2021_13-58-24,LINK/USD,25.0,16.1812,16.1705,0.016531530418015864,-0.10346846958198413,0.12,False,Coinbase Pro,Binance US
4030,01-14-2021_13-58-36,LINK/USD,25.0,16.18180462,16.1704,0.01761951195774668,-0.04488048804225332,0.0625,False,Bittrex,Binance US
4031,01-14-2021_13-58-48,LINK/USD,25.0,16.18180458,16.1704,0.01761945020349619,-0.04488054979650381,0.0625,False,Bittrex,Binance US
4032,01-14-2021_13-58-58,LINK/USD,25.0,16.18423,16.1705,0.021208917569756035,-0.09879108243024395,0.12,False,Coinbase Pro,Binance US
4033,01-14-2021_13-59-11,LINK/USD,25.0,16.18351,16.1705,0.020097617883879558,-0.09990238211612043,0.12,False,Coinbase Pro,Binance US
4034,01-14-2021_13-59-22,LINK/USD,25.0,16.18180448,16.16946,0.019071544238556136,-0.10842844576144386,0.12749999,False,Bittrex,Kraken
4035,01-14-2021_13-59-32,LINK/USD,25.0,16.18180444,16.16899,0.019797606700034453,-0.10770239329996555,0.1275,False,Bittrex,Kraken
4036,01-14-2021_13-59-44,LINK/USD,25.0,16.1818044,16.1705,0.017464677795759623,-0.04503532220424038,0.0625,False,Bittrex,Binance US
4037,01-14-2021_13-59-56,LINK/USD,25.0,16.18288005,16.16931,0.0209635892345411,-0.1065364107654589,0.1275,False,Bittrex,Kraken
4038,01-14-2021_14-00-06,LINK/USD,25.0,16.19518128,16.174,0.03269688624319063,-0.02980311375680937,0.0625,False,Bittrex,Binance US
4039,01-14-2021_14-00-17,LINK/USD,25.0,16.19518117,16.17439,0.032094685730524805,-0.0954053142694752,0.1275,False,Bittrex,Kraken
4040,01-14-2021_14-00-29,LINK/USD,25.0,16.18761608,16.16872,0.029182925865389515,-0.0983170741346105,0.1275,False,Bittrex,Kraken
4041,01-14-2021_14-00-40,LINK/USD,25.0,16.19328643,16.18004,0.020450496656840168,-0.10704950334315984,0.1275,False,Bittrex,Kraken
4042,01-14-2021_14-00-52,LINK/USD,25.0,16.18798541,16.17027,0.027358886160499984,-0.10014111383950001,0.1275,False,Bittrex,Kraken
4043,01-14-2021_14-01-04,LINK/USD,25.0,16.18798529,16.17001,0.027760233404559416,-0.1547397665954406,0.1825,False,Bittrex,Coinbase Pro
4044,01-14-2021_14-01-16,LINK/USD,25.0,16.18798517,16.17244,0.024007265012831933,-0.15849273498716807,0.1825,False,Bittrex,Coinbase Pro
4045,01-14-2021_14-01-27,LINK/USD,25.0,16.18798509,16.18046,0.011621412359482003,-0.170878587640518,0.1825,False,Bittrex,Coinbase Pro
4046,01-14-2021_14-01-38,LINK/USD,25.0,16.18798497,16.15894,0.044855752667525346,-0.13764424733247466,0.1825,False,Bittrex,Coinbase Pro
4047,01-14-2021_14-01-50,LINK/USD,25.0,16.17124759,16.15514,0.024901588313386167,-0.15759841168661382,0.1825,False,Bittrex,Coinbase Pro
4048,01-14-2021_14-02-00,LINK/USD,25.0,16.17124748,16.15733,0.02151577980797794,-0.16098422019202205,0.1825,False,Bittrex,Coinbase Pro
4049,01-14-2021_14-02-12,LINK/USD,25.0,16.17124739,16.15683,0.02228861765004816,-0.10521138234995184,0.1275,False,Bittrex,Kraken
4050,01-14-2021_14-02-23,LINK/USD,25.0,16.18656628,16.1658,0.03207332494239188,-0.03042667505760812,0.0625,False,Bittrex,Binance US
4051,01-14-2021_14-02-34,LINK/USD,25.0,16.18656618,16.1681,0.028520842213615154,-0.03397915778638484,0.0625,False,Bittrex,Binance US
4052,01-14-2021_14-02-55,LINK/USD,25.0,16.17868941,16.16195,0.0258664493392972,-0.1016335506607028,0.1275,False,Bittrex,Kraken
4053,01-14-2021_14-03-06,LINK/USD,25.0,16.1786893,16.168,0.016517561778010094,-0.045982438221989906,0.0625,False,Bittrex,Binance US
4054,01-14-2021_14-03-17,LINK/USD,25.0,16.17868921,16.168,0.016517422798064934,-0.04598257720193506,0.0625,False,Bittrex,Binance US
4055,01-14-2021_14-03-30,LINK/USD,25.0,16.1794,16.17475,0.007185062486868482,-0.1378149375131315,0.145,False,Binance US,Coinbase Pro
4056,01-14-2021_14-03-41,LINK/USD,25.0,16.17868911,16.1682,0.016208219851258615,-0.046291780148741385,0.0625,False,Bittrex,Binance US
4057,01-14-2021_14-03-52,LINK/USD,25.0,16.17099224,16.16489,0.009433929454412675,-0.11806607054558732,0.1275,False,Bittrex,Kraken
4058,01-14-2021_14-04-05,LINK/USD,25.0,16.18248652,16.15468,0.04295773700419273,-0.13954226299580727,0.1825,False,Bittrex,Coinbase Pro
4059,01-14-2021_14-04-16,LINK/USD,25.0,16.16372386,16.1503,0.020762325742923853,-0.04173767425707615,0.0625,False,Bittrex,Binance US
4060,01-14-2021_14-04-27,LINK/USD,25.0,16.16372378,16.15,0.021226204101841808,-0.04127379589815819,0.0625,False,Bittrex,Binance US
4061,01-14-2021_14-04-39,LINK/USD,25.0,16.16372369,16.15,0.02122606501943151,-0.041273934980568486,0.0625,False,Bittrex,Binance US
4062,01-14-2021_14-04-50,LINK/USD,25.0,16.17039,16.16083,0.014780101160207726,-0.17021989883979227,0.185,False,Coinbase Pro,Kraken
4063,01-14-2021_14-05-00,LINK/USD,25.0,16.15577417,16.1396,0.025028466339349867,-0.03747153366065013,0.0625,False,Bittrex,Binance US
4064,01-14-2021_14-05-13,LINK/USD,25.0,16.15577405,16.0883,0.10441166389053527,0.04191166389053527,0.0625,True,Bittrex,Binance US
4065,01-14-2021_14-05-25,LINK/USD,25.0,16.10816871,16.09217,0.024830119251963115,-0.10266988074803689,0.1275,False,Bittrex,Kraken
4066,01-14-2021_14-05-37,LINK/USD,25.0,16.15577388,16.10051,0.0855172280982708,-0.04198277190172921,0.1275,False,Bittrex,Kraken
4067,01-14-2021_14-06-00,LINK/USD,25.0,16.1168262,16.09617,0.03204135811801098,-0.09545864188198902,0.1275,False,Bittrex,Kraken
4068,01-14-2021_14-06-12,LINK/USD,25.0,16.11682616,16.09786,0.029419812269039756,-0.09808018773096025,0.1275,False,Bittrex,Kraken
4069,01-14-2021_14-06-22,LINK/USD,25.0,16.11682611,16.1005,0.025324635707696098,-0.10217536429230391,0.1275,False,Bittrex,Kraken
4070,01-14-2021_14-06-34,LINK/USD,25.0,16.1284011,16.10051,0.04323289678107258,-0.08426710321892741,0.1275,False,Bittrex,Kraken
4071,01-14-2021_14-06-44,LINK/USD,25.0,16.128401,16.1005,0.04324824264972075,-0.08425175735027926,0.1275,False,Bittrex,Kraken
4072,01-14-2021_14-06-55,LINK/USD,25.0,16.12641634,16.10051,0.04016134064414029,-0.08733865935585972,0.1275,False,Bittrex,Kraken
4073,01-14-2021_14-07-17,LINK/USD,25.0,16.1264162,16.099,0.04250200363798298,-0.019997996362017018,0.0625,False,Bittrex,Binance US
4074,01-14-2021_14-07-27,LINK/USD,25.0,16.12641613,16.10051,0.040161015614321734,-0.08733898438567828,0.1275,False,Bittrex,Kraken
4075,01-14-2021_14-07-37,LINK/USD,25.0,16.13622222,16.10051,0.055329276445724086,-0.07217072355427592,0.1275,False,Bittrex,Kraken
4076,01-14-2021_14-07-48,LINK/USD,25.0,16.13622215,16.10051,0.05532916823408754,-0.07217083176591246,0.1275,False,Bittrex,Kraken
4077,01-14-2021_14-07-59,LINK/USD,25.0,16.13622213,16.10051,0.05532913731648085,-0.07217086268351916,0.1275,False,Bittrex,Kraken
4078,01-14-2021_14-08-09,LINK/USD,25.0,16.13622204,16.09994,0.05621210452803066,-0.07128789547196934,0.1275,False,Bittrex,Kraken
4079,01-14-2021_14-08-20,LINK/USD,25.0,16.12031225,16.10133,0.029438403092968208,-0.0980615969070318,0.1275,False,Bittrex,Kraken
4080,01-14-2021_14-08-31,LINK/USD,25.0,16.12031211,16.1156,0.007307721413589654,-0.12019227858641035,0.1275,False,Bittrex,Kraken
4081,01-14-2021_14-08-40,LINK/USD,25.0,16.14100133,16.1287,0.01905292266028705,-0.04344707733971295,0.0625,False,Bittrex,Binance US
4082,01-14-2021_14-08-51,LINK/USD,25.0,16.14100127,16.1288,0.01889794473698415,-0.043602055263015846,0.0625,False,Bittrex,Binance US
4083,01-14-2021_14-09-01,LINK/USD,25.0,16.18879645,16.13835,0.07790333604448182,-0.04959666395551818,0.1275,False,Bittrex,Kraken
4084,01-14-2021_14-09-11,LINK/USD,25.0,16.16159,16.15,0.017928310271454983,-0.16707168972854503,0.185,False,Coinbase Pro,Kraken
4085,01-14-2021_14-09-24,LINK/USD,25.0,16.19435,16.173,0.03295902583308647,-0.08704097416691353,0.12,False,Coinbase Pro,Binance US
4086,01-14-2021_14-09-35,LINK/USD,25.0,16.21229,16.17585,0.056191938338135634,-0.12880806166186437,0.185,False,Coinbase Pro,Kraken
4087,01-14-2021_14-09-46,LINK/USD,25.0,16.21492217,16.17585,0.06024106929154742,-0.06725893070845258,0.1275,False,Bittrex,Kraken
4088,01-14-2021_14-09-58,LINK/USD,25.0,16.26627102,16.2046,0.09478358611536605,-0.03271641388463395,0.1275,False,Bittrex,Kraken
4089,01-14-2021_14-10-09,LINK/USD,25.0,16.23063,16.2129,0.02730947597228241,-0.09269052402771759,0.12,False,Coinbase Pro,Binance US
4090,01-14-2021_14-10-19,LINK/USD,25.0,16.22066062,16.19333,0.042123161072586374,-0.08537683892741363,0.1275,False,Bittrex,Kraken
4091,01-14-2021_14-10-31,LINK/USD,25.0,16.22066053,16.19834,0.034401388831725686,-0.09309861116827431,0.1275,False,Bittrex,Kraken
4092,01-14-2021_14-10-42,LINK/USD,25.0,16.20001,16.1813,0.028873438967010934,-0.03612656103298907,0.065,False,Kraken,Binance US
4093,01-14-2021_14-10-52,LINK/USD,25.0,16.20001,16.1911,0.013749991512351222,-0.05125000848764878,0.065,False,Kraken,Binance US
4094,01-14-2021_14-11-03,LINK/USD,25.0,16.20001,16.1907,0.014367275081927826,-0.05063272491807218,0.065,False,Kraken,Binance US
4095,01-14-2021_14-11-13,LINK/USD,25.0,16.20001,16.1875,0.01930554363855163,-0.04569445636144837,0.065,False,Kraken,Binance US
4096,01-14-2021_14-11-24,LINK/USD,25.0,16.26624444,16.20761,0.09011674485816697,-0.037383255141833036,0.1275,False,Bittrex,Kraken
4097,01-14-2021_14-11-36,LINK/USD,25.0,16.22959,16.2098,0.030484442305690432,-0.08951555769430956,0.12,False,Coinbase Pro,Binance US
4098,01-14-2021_14-11-46,LINK/USD,25.0,16.22897,16.2098,0.029530524734470244,-0.09046947526552976,0.12,False,Coinbase Pro,Binance US
4099,01-14-2021_14-11-57,LINK/USD,25.0,16.22700237,16.2098,0.026502692252949503,-0.0359973077470505,0.0625,False,Bittrex,Binance US
4100,01-14-2021_14-12-09,LINK/USD,25.0,16.22700233,16.2098,0.02650263069260299,-0.03599736930739701,0.0625,False,Bittrex,Binance US
4101,01-14-2021_14-12-21,LINK/USD,25.0,16.22998,16.21625,0.021149132654511068,-0.16385086734548893,0.185,False,Coinbase Pro,Kraken
4102,01-14-2021_14-12-33,LINK/USD,25.0,16.22700223,16.21625,0.016565336356648423,-0.11093466364335158,0.1275,False,Bittrex,Kraken
4103,01-14-2021_14-12-43,LINK/USD,25.0,16.22700219,16.21438,0.019446275184119306,-0.1080537248158807,0.1275,False,Bittrex,Kraken
4104,01-14-2021_14-12-54,LINK/USD,25.0,16.2270021,16.2079,0.029429496407104894,-0.03307050359289511,0.0625,False,Bittrex,Binance US
4105,01-14-2021_14-13-05,LINK/USD,25.0,16.21823803,16.20758,0.016429081229852812,-0.11107091877014719,0.1275,False,Bittrex,Kraken
4106,01-14-2021_14-13-17,LINK/USD,25.0,16.22742489,16.2079,0.03008008068494459,-0.03241991931505541,0.0625,False,Bittrex,Binance US
4107,01-14-2021_14-13-28,LINK/USD,25.0,16.22961,16.21625,0.020579668889151154,-0.16442033111084883,0.185,False,Coinbase Pro,Kraken
4108,01-14-2021_14-13-39,LINK/USD,25.0,16.2274248,16.21625,0.017215917093639378,-0.11028408290636063,0.1275,False,Bittrex,Kraken
4109,01-14-2021_14-13-50,LINK/USD,25.0,16.23590061,16.21625,0.030257961156616886,-0.09724203884338312,0.1275,False,Bittrex,Kraken
4110,01-14-2021_14-14-01,LINK/USD,25.0,16.266211,16.24249,0.03645747617561079,-0.1460425238243892,0.1825,False,Bittrex,Coinbase Pro
4111,01-14-2021_14-14-12,LINK/USD,25.0,16.26076206,16.24093,0.030490668159992698,-0.0970093318400073,0.1275,False,Bittrex,Kraken
4112,01-14-2021_14-14-23,LINK/USD,25.0,16.27708,16.25814,0.029089984198641002,-0.155910015801359,0.185,False,Coinbase Pro,Kraken
4113,01-14-2021_14-14-34,LINK/USD,25.0,16.27252621,16.26217,0.01591057507966006,-0.11158942492033994,0.1275,False,Bittrex,Kraken
4114,01-14-2021_14-14-44,LINK/USD,25.0,16.2725262,16.2687,0.0058783128583969405,-0.05662168714160306,0.0625,False,Bittrex,Binance US
4115,01-14-2021_14-14-54,LINK/USD,25.0,16.2934,16.26499,0.04359127008481561,-0.04640872991518439,0.09,False,Binance US,Kraken
4116,01-14-2021_14-15-06,LINK/USD,25.0,16.30903,16.26499,0.06750861332648074,-0.11749138667351926,0.185,False,Coinbase Pro,Kraken
4117,01-14-2021_14-15-15,LINK/USD,25.0,16.2978,16.28485425,0.01985812502300938,-0.06764187497699062,0.0875,False,Binance US,Bittrex
4118,01-14-2021_14-15-25,LINK/USD,25.0,16.28485425,16.27552,0.014329649281322913,-0.1681703507186771,0.1825,False,Bittrex,Coinbase Pro
4119,01-14-2021_14-15-35,LINK/USD,25.0,16.28485425,16.28098,0.005947627686012419,-0.17655237231398757,0.1825,False,Bittrex,Coinbase Pro
4120,01-14-2021_14-15-44,LINK/USD,25.0,16.28485425,16.27858,0.0096320327828495,-0.1728679672171505,0.1825,False,Bittrex,Coinbase Pro
4121,01-14-2021_14-15-54,LINK/USD,25.0,16.28819,16.2828,0.008272865186368853,-0.11172713481363114,0.12,False,Coinbase Pro,Binance US
4122,01-14-2021_14-16-05,LINK/USD,25.0,16.2982,16.28485425,0.020471202341367005,-0.06702879765863298,0.0875,False,Binance US,Bittrex
4123,01-14-2021_14-16-13,LINK/USD,25.0,16.33,16.3,0.04592774035517083,-0.13907225964482917,0.185,False,Coinbase Pro,Kraken
4124,01-14-2021_14-16-23,LINK/USD,25.0,16.37928,16.35439,0.03799007038160826,-0.14700992961839174,0.185,False,Coinbase Pro,Kraken
4125,01-14-2021_14-16-33,LINK/USD,25.0,16.37825,16.35765378,0.03143837101033628,-0.15106162898966372,0.1825,False,Coinbase Pro,Bittrex
4126,01-14-2021_14-16-44,LINK/USD,25.0,16.41649,16.4,0.025111945367129337,-0.15738804463287065,0.18249999,False,Coinbase Pro,Bittrex
4127,01-14-2021_14-16-54,LINK/USD,25.0,16.4001,16.3887,0.017377942817419258,-0.10262205718258074,0.12,False,Coinbase Pro,Binance US
4128,01-14-2021_14-17-05,LINK/USD,25.0,16.39999362,16.37344,0.04047809501526103,-0.08702190498473897,0.1275,False,Bittrex,Kraken
4129,01-14-2021_14-17-14,LINK/USD,25.0,16.39999359,16.35488,0.06877074334271081,-0.11372925665728918,0.1825,False,Bittrex,Coinbase Pro
4130,01-14-2021_14-17-25,LINK/USD,25.0,16.39999195,16.34252,0.08760972288160185,-0.039890277118398154,0.1275,False,Bittrex,Kraken
4131,01-14-2021_14-17-36,LINK/USD,25.0,16.39998951,16.3273,0.11080725075415004,-0.016692749245849958,0.1275,False,Bittrex,Kraken
4132,01-14-2021_14-17-46,LINK/USD,25.0,16.39998942,16.31488,0.12974005321035442,0.00224005321035442,0.1275,False,Bittrex,Kraken
4133,01-14-2021_14-17-56,LINK/USD,25.0,16.39998224,16.30943,0.13803710070359343,-0.044462899296406566,0.1825,False,Bittrex,Coinbase Pro
4134,01-14-2021_14-18-07,LINK/USD,25.0,16.3999776,16.30492,0.14490507596790944,-0.037594924032090554,0.1825,False,Bittrex,Coinbase Pro
4135,01-14-2021_14-18-18,LINK/USD,25.0,16.39997749,16.30573,0.1436701514643371,0.01617015146433709,0.1275,True,Bittrex,Kraken
4136,01-14-2021_14-18-29,LINK/USD,25.0,16.39997021,16.31785,0.1251834743424198,-0.05731652565758019,0.1825,False,Bittrex,Coinbase Pro
4137,01-14-2021_14-18-38,LINK/USD,25.0,16.39996492,16.31852,0.12415410703207642,-0.05834589296792357,0.1825,False,Bittrex,Coinbase Pro
4138,01-14-2021_14-18-51,LINK/USD,25.0,16.39996482,16.32016,0.12165394998694828,-0.06084605001305171,0.1825,False,Bittrex,Coinbase Pro
4139,01-14-2021_14-19-02,LINK/USD,25.0,16.39995999,16.31053,0.136326536855166,-0.05617346314483401,0.1925,False,Bittrex,Coinbase Pro
4140,01-14-2021_14-19-12,LINK/USD,25.0,16.39995818,16.2982,0.15511957238417387,-0.027380427615826125,0.1825,False,Bittrex,Coinbase Pro
4141,01-14-2021_14-19-23,LINK/USD,25.0,16.39995023,16.29962,0.1529428879248508,-0.02955711207514919,0.1825,False,Bittrex,Coinbase Pro
4142,01-14-2021_14-19-32,LINK/USD,25.0,16.39995013,16.29022,0.16727204828396497,-0.015227951716035026,0.1825,False,Bittrex,Coinbase Pro
4143,01-14-2021_14-19-42,LINK/USD,25.0,16.39994559,16.2831,0.1781188683809537,-0.004381131619046297,0.1825,False,Bittrex,Coinbase Pro
4144,01-14-2021_14-19-53,LINK/USD,25.0,16.39994047,16.28294,0.17835502240698178,-0.004144977593018212,0.1825,False,Bittrex,Coinbase Pro
4145,01-14-2021_14-20-03,LINK/USD,25.0,16.39994025,16.28079,0.18163214039758555,-0.0008678596024144503,0.1825,False,Bittrex,Coinbase Pro
4146,01-14-2021_14-20-15,LINK/USD,25.0,16.39993675,16.24947,0.2293709303482522,0.04687093034825221,0.1825,True,Bittrex,Coinbase Pro
4147,01-14-2021_14-20-27,LINK/USD,25.0,16.39993257,16.29077,0.1664070409040747,-0.016092959095925286,0.1825,False,Bittrex,Coinbase Pro
4148,01-14-2021_14-20-37,LINK/USD,25.0,16.39993234,16.27704,0.18733665702428126,0.004836657024281266,0.1825,False,Bittrex,Coinbase Pro
4149,01-14-2021_14-20-47,LINK/USD,25.0,16.39992439,16.26101,0.21176071714803812,0.02926071714803813,0.1825,True,Bittrex,Coinbase Pro
4150,01-14-2021_14-20-59,LINK/USD,25.0,16.3999216,16.22688,0.26378418784635793,0.08128418784635794,0.1825,True,Bittrex,Coinbase Pro
4151,01-14-2021_14-21-11,LINK/USD,25.0,16.3999202,16.26071,0.2122117033228016,0.029711703322801597,0.1825,True,Bittrex,Coinbase Pro
4152,01-14-2021_14-21-22,LINK/USD,25.0,16.39992006,16.25909,0.21468101595124328,0.032181015951243286,0.1825,True,Bittrex,Coinbase Pro
4153,01-14-2021_14-21-33,LINK/USD,25.0,16.39991522,16.24757,0.23223476761363532,0.04973476761363532,0.1825,True,Bittrex,Coinbase Pro
4154,01-14-2021_14-21-44,LINK/USD,25.0,16.39991503,16.2359,0.2500242069851719,0.06752420698517192,0.1825,True,Bittrex,Coinbase Pro
4155,01-14-2021_14-21-55,LINK/USD,25.0,16.39991154,16.23943,0.24463781345494195,0.11713781345494195,0.1275,True,Bittrex,Kraken
4156,01-14-2021_14-22-06,LINK/USD,25.0,16.39990974,16.2062,0.29529086298495566,0.11279086298495566,0.1825,True,Bittrex,Coinbase Pro
4157,01-14-2021_14-22-17,LINK/USD,25.0,16.39990514,16.21052,0.28869852963064513,0.10619852963064513,0.1825,True,Bittrex,Coinbase Pro
4158,01-14-2021_14-22-28,LINK/USD,25.0,16.39990496,16.24454,0.23683820177455467,0.05433820177455467,0.1825,True,Bittrex,Coinbase Pro
4159,01-14-2021_14-22-39,LINK/USD,25.0,16.3999011,16.23746,0.2476251213490585,0.06512512134905851,0.1825,True,Bittrex,Coinbase Pro
4160,01-14-2021_14-22-49,LINK/USD,25.0,16.3998965,16.24555,0.2352857836633284,0.052785783663328395,0.1825,True,Bittrex,Coinbase Pro
4161,01-14-2021_14-23-01,LINK/USD,25.0,16.39989385,16.26599,0.20412304375982732,0.07662304375982731,0.1275,True,Bittrex,Kraken
4162,01-14-2021_14-23-13,LINK/USD,25.0,16.39989366,16.26518,0.20535752059260484,0.07785752059260484,0.1275,True,Bittrex,Kraken
4163,01-14-2021_14-23-23,LINK/USD,25.0,16.39989092,16.26599,0.20411861373527063,0.07661861373527062,0.1275,True,Bittrex,Kraken
4164,01-14-2021_14-23-33,LINK/USD,25.0,16.39988516,16.29346,0.16223461164773267,-0.02026538835226732,0.1825,False,Bittrex,Coinbase Pro
4165,01-14-2021_14-23-44,LINK/USD,25.0,16.39988495,16.28767,0.17106057503165903,-0.011439424968340967,0.1825,False,Bittrex,Coinbase Pro
4166,01-14-2021_14-23-54,LINK/USD,25.0,16.39987869,16.26206,0.21009102049644424,0.02759102049644424,0.1825,True,Bittrex,Coinbase Pro
4167,01-14-2021_14-24-06,LINK/USD,25.0,16.39987478,16.2521,0.2252681529315958,0.042768152931595804,0.1825,True,Bittrex,Coinbase Pro
4168,01-14-2021_14-24-17,LINK/USD,25.0,16.39987464,16.2558,0.2196276544221186,0.0921276544221186,0.1275,True,Bittrex,Kraken
4169,01-14-2021_14-24-29,LINK/USD,25.0,16.39986773,16.25603,0.21926660075568993,0.03676660075568994,0.1825,True,Bittrex,Coinbase Pro
4170,01-14-2021_14-24-41,LINK/USD,25.0,16.39986107,16.2653,0.20512532000370198,0.022625320003701987,0.1825,True,Bittrex,Coinbase Pro
4171,01-14-2021_14-24-53,LINK/USD,25.0,16.39985895,16.27543,0.18967990880189653,0.007179908801896534,0.1825,False,Bittrex,Coinbase Pro
4172,01-14-2021_14-25-06,LINK/USD,25.0,16.39985874,16.24241,0.24001539052280815,0.05751539052280816,0.1825,True,Bittrex,Coinbase Pro
4173,01-14-2021_14-25-17,LINK/USD,25.0,16.39985518,16.24766,0.23200689629504345,0.04950689629504346,0.1825,True,Bittrex,Coinbase Pro
4174,01-14-2021_14-25-29,LINK/USD,25.0,16.39985099,16.2437,0.2380372085319789,0.05553720853197891,0.1825,True,Bittrex,Coinbase Pro
4175,01-14-2021_14-25-40,LINK/USD,25.0,16.39984667,16.22901,0.2604241878561416,0.07792418785614158,0.1825,True,Bittrex,Coinbase Pro
4176,01-14-2021_14-25-51,LINK/USD,25.0,16.26262979,16.22665,0.055310534742239494,-0.07218946525776052,0.1275,False,Bittrex,Kraken
4177,01-14-2021_14-26-03,LINK/USD,25.0,16.26262683,16.22182,0.06273099423999622,-0.06476900576000379,0.1275,False,Bittrex,Kraken
4178,01-14-2021_14-26-14,LINK/USD,25.0,16.26262672,16.23399,0.04402228571843144,-0.13847771428156855,0.1825,False,Bittrex,Coinbase Pro
4179,01-14-2021_14-26-26,LINK/USD,25.0,16.26262659,16.22849,0.05247705499951353,-0.07502294500048648,0.1275,False,Bittrex,Kraken
4180,01-14-2021_14-26-37,LINK/USD,25.0,16.26262646,16.24174,0.03210806700161984,-0.15039193299838016,0.1825,False,Bittrex,Coinbase Pro
4181,01-14-2021_14-26-47,LINK/USD,25.0,16.26262634,16.24302,0.03014018091249964,-0.15235981908750035,0.1825,False,Bittrex,Coinbase Pro
4182,01-14-2021_14-26-57,LINK/USD,25.0,16.26262626,16.24106,0.033153101558149205,-0.09434689844185079,0.1275,False,Bittrex,Kraken
4183,01-14-2021_14-27-08,LINK/USD,25.0,16.26262622,16.23259,0.046173692357056234,-0.08132630764294377,0.1275,False,Bittrex,Kraken
4184,01-14-2021_14-27-17,LINK/USD,25.0,16.26262618,16.2381,0.0377032893219991,-0.024796710678000898,0.0625,False,Bittrex,Binance US
4185,01-14-2021_14-27-28,LINK/USD,25.0,16.26235326,16.24523,0.026323465808173182,-0.10117653419182682,0.1275,False,Bittrex,Kraken
4186,01-14-2021_14-27-39,LINK/USD,25.0,16.26235315,16.2379,0.03759165382532504,-0.02490834617467496,0.0625,False,Bittrex,Binance US
4187,01-14-2021_14-27-50,LINK/USD,25.0,16.25912633,16.2177,0.06369704183238266,0.0011970418323826587,0.0625,False,Bittrex,Binance US
4188,01-14-2021_14-28-00,LINK/USD,25.0,16.25912204,16.1989,0.0925973122224053,0.030097312222405304,0.0625,True,Bittrex,Binance US
4189,01-14-2021_14-28-13,LINK/USD,25.0,16.25912192,16.1831,0.11689118326015781,0.05439118326015781,0.0625,True,Bittrex,Binance US
4190,01-14-2021_14-28-23,LINK/USD,25.0,16.25911687,16.18411,0.1153304798159054,-0.012169520184094604,0.1275,False,Bittrex,Kraken
4191,01-14-2021_14-28-34,LINK/USD,25.0,16.259109,16.18247,0.11784009812591842,-0.009659901874081583,0.1275,False,Bittrex,Kraken
4192,01-14-2021_14-28-44,LINK/USD,25.0,16.25910876,16.18331,0.11654814713226846,-0.010951852867731537,0.1275,False,Bittrex,Kraken
4193,01-14-2021_14-28-55,LINK/USD,25.0,16.2591062,16.18331,0.11654422922706961,-0.01095577077293039,0.1275,False,Bittrex,Kraken
4194,01-14-2021_14-29-06,LINK/USD,25.0,16.2590981,16.20572,0.0820742018894636,-0.0454257981105364,0.1275,False,Bittrex,Kraken
4195,01-14-2021_14-29-16,LINK/USD,25.0,16.25909803,16.20225,0.08740956893043772,-0.04009043106956228,0.1275,False,Bittrex,Kraken
4196,01-14-2021_14-29-25,LINK/USD,25.0,16.25909597,16.19737,0.09490990476022333,-0.03259009523977667,0.1275,False,Bittrex,Kraken
4197,01-14-2021_14-29-35,LINK/USD,25.0,16.25909591,16.22152,0.05777675186860604,-0.06972324813139397,0.1275,False,Bittrex,Kraken
4198,01-14-2021_14-29-45,LINK/USD,25.0,16.25909357,16.22209,0.05689672957580429,-0.0706032704241957,0.1275,False,Bittrex,Kraken
4199,01-14-2021_14-29-55,LINK/USD,25.0,16.25909347,16.20392,0.08483478814763178,-0.042665211852368226,0.1275,False,Bittrex,Kraken
4200,01-14-2021_14-30-05,LINK/USD,25.0,16.25908567,16.18813,0.1091015685631725,-0.018398431436827498,0.1275,False,Bittrex,Kraken
4201,01-14-2021_14-30-16,LINK/USD,25.0,16.25908563,16.19752,0.09466342603916847,-0.03283657396083153,0.1275,False,Bittrex,Kraken
4202,01-14-2021_14-30-27,LINK/USD,25.0,16.25908049,16.20764,0.07909501713770868,-0.04840498286229132,0.1275,False,Bittrex,Kraken
4203,01-14-2021_14-30-38,LINK/USD,25.0,16.25908048,16.20764,0.07909500181033625,-0.04840499818966375,0.1275,False,Bittrex,Kraken
4204,01-14-2021_14-30-48,LINK/USD,25.0,16.25908041,16.21978,0.060428402174313334,-0.06707159782568667,0.1275,False,Bittrex,Kraken
4205,01-14-2021_14-30-59,LINK/USD,25.0,16.25908032,16.21404,0.06925410157515946,-0.05824589842484054,0.1275,False,Bittrex,Kraken
4206,01-14-2021_14-31-08,LINK/USD,25.0,16.25907606,16.1916,0.10375137515655458,0.04125137515655458,0.0625,True,Bittrex,Binance US
4207,01-14-2021_14-31-18,LINK/USD,25.0,16.25907597,16.20407,0.08457733099576606,-0.04292266900423394,0.1275,False,Bittrex,Kraken
4208,01-14-2021_14-31-29,LINK/USD,25.0,16.25907429,16.20727,0.0796544272386121,-0.0478455727613879,0.1275,False,Bittrex,Kraken
4209,01-14-2021_14-31-38,LINK/USD,25.0,16.25907429,16.20523,0.08279113718226433,-0.04470886281773567,0.1275,False,Bittrex,Kraken
4210,01-14-2021_14-31-48,LINK/USD,25.0,16.25906883,16.21418,0.06902121897223285,-0.05847878102776716,0.1275,False,Bittrex,Kraken
4211,01-14-2021_14-31-57,LINK/USD,25.0,16.25906213,16.21455,0.06844203196362515,-0.05905796803637485,0.1275,False,Bittrex,Kraken
4212,01-14-2021_14-32-06,LINK/USD,25.0,16.2590621,16.21131,0.0734238231367606,-0.0540761768632394,0.1275,False,Bittrex,Kraken
4213,01-14-2021_14-32-17,LINK/USD,25.0,16.25905419,16.22714,0.049071412191415344,-0.07842858780858467,0.1275,False,Bittrex,Kraken
4214,01-14-2021_14-32-27,LINK/USD,25.0,16.25905278,16.22469,0.05283638054590616,-0.07466361945409383,0.1275,False,Bittrex,Kraken
4215,01-14-2021_14-32-38,LINK/USD,25.0,16.25904698,16.22714,0.049060347816281186,-0.07843965218371882,0.1275,False,Bittrex,Kraken
4216,01-14-2021_14-32-48,LINK/USD,25.0,16.28247,16.25904187,0.03597140053075365,-0.14652859946924635,0.1825,False,Coinbase Pro,Bittrex
4217,01-14-2021_14-32-59,LINK/USD,25.0,16.34960121,16.26627,0.12742086019356916,-7.913980643084462e-05,0.1275,False,Bittrex,Kraken
4218,01-14-2021_14-33-10,LINK/USD,25.0,16.34959884,16.28562,0.09782937279701048,-0.02967062720298952,0.1275,False,Bittrex,Kraken
4219,01-14-2021_14-33-21,LINK/USD,25.0,16.35646,16.32104,0.05413763124783488,-0.13086236875216511,0.185,False,Coinbase Pro,Kraken
4220,01-14-2021_14-33-31,LINK/USD,25.0,16.37557122,16.35,0.039038668722543315,-0.023461331277456685,0.0625,False,Bittrex,Binance US
4221,01-14-2021_14-33-42,LINK/USD,25.0,16.37798,16.35983,0.0277048817986133,-0.1572951182013867,0.185,False,Coinbase Pro,Kraken
4222,01-14-2021_14-33-53,LINK/USD,25.0,16.39985086,16.36324,0.05580974533325678,-0.07169025466674322,0.1275,False,Bittrex,Kraken
4223,01-14-2021_14-34-03,LINK/USD,25.0,16.38458414,16.36273,0.03334558236764939,-0.0941544176323506,0.1275,False,Bittrex,Kraken
4224,01-14-2021_14-34-14,LINK/USD,25.0,16.37335542,16.35186,0.03282073137822476,-0.09467926862177524,0.1275,False,Bittrex,Kraken
4225,01-14-2021_14-34-25,LINK/USD,25.0,16.36597026,16.35786,0.012388908007221101,-0.1151110919927789,0.1275,False,Bittrex,Kraken
4226,01-14-2021_14-34-36,LINK/USD,25.0,16.37234031,16.35587,0.025149596343809127,-0.10235040365619087,0.1275,False,Bittrex,Kraken
4227,01-14-2021_14-34-47,LINK/USD,25.0,16.34415543,16.33313,0.01686448413810776,-0.16563551586189224,0.1825,False,Bittrex,Coinbase Pro
4228,01-14-2021_14-34-59,LINK/USD,25.0,16.36139396,16.34248,0.028900288151246498,-0.0985997118487535,0.1275,False,Bittrex,Kraken
4229,01-14-2021_14-35-09,LINK/USD,25.0,16.36139396,16.35353,0.012016029959347162,-0.11548397004065283,0.1275,False,Bittrex,Kraken
4230,01-14-2021_14-35-19,LINK/USD,25.0,16.3819,16.36231,0.029895799632522604,-0.06010420036747739,0.09,False,Binance US,Kraken
4231,01-14-2021_14-35-29,LINK/USD,25.0,16.3852473,16.36231,0.034996877953741394,-0.0925031220462586,0.1275,False,Bittrex,Kraken
4232,01-14-2021_14-35-41,LINK/USD,25.0,16.38785,16.36324,0.03754305781417198,-0.14745694218582803,0.185,False,Coinbase Pro,Kraken
4233,01-14-2021_14-35-52,LINK/USD,25.0,16.39537,16.36324,0.04899248995295419,-0.1360075100470458,0.185,False,Coinbase Pro,Kraken
4234,01-14-2021_14-36-03,LINK/USD,25.0,16.39385,16.36324,0.04667909002461191,-0.1383209099753881,0.185,False,Coinbase Pro,Kraken
4235,01-14-2021_14-36-13,LINK/USD,25.0,16.40989,16.39105,0.028702203366385844,-0.15629779663361415,0.185,False,Coinbase Pro,Kraken
4236,01-14-2021_14-36-24,LINK/USD,25.0,16.41115,16.39105,0.030619426426544364,-0.15438057357345564,0.185,False,Coinbase Pro,Kraken
4237,01-14-2021_14-36-35,LINK/USD,25.0,16.38784,16.37557125,0.018716240212255694,-0.1637837597877443,0.1825,False,Coinbase Pro,Bittrex
4238,01-14-2021_14-36-45,LINK/USD,25.0,16.39484,16.3795,0.023391506108016845,-0.09660849389198314,0.12,False,Coinbase Pro,Binance US
4239,01-14-2021_14-36-56,LINK/USD,25.0,16.40973,16.39105,0.028458725402550514,-0.1665412745974495,0.195,False,Coinbase Pro,Kraken
4240,01-14-2021_14-37-08,LINK/USD,25.0,16.3956,16.39115,0.006785357047015759,-0.13821464295298422,0.145,False,Binance US,Coinbase Pro
4241,01-14-2021_14-37-19,LINK/USD,25.0,16.40451,16.3906,0.021198438722033152,-0.09880156127796684,0.12,False,Coinbase Pro,Binance US
4242,01-14-2021_14-37-31,LINK/USD,25.0,16.4119,16.39614,0.024006970551855997,-0.160993029448144,0.185,False,Coinbase Pro,Kraken
4243,01-14-2021_14-37-42,LINK/USD,25.0,16.39776402,16.38547,0.01874343963147055,-0.10875656036852946,0.1275,False,Bittrex,Kraken
4244,01-14-2021_14-37-55,LINK/USD,25.0,16.38725,16.376,0.017162733222475437,-0.16783726677752456,0.185,False,Coinbase Pro,Kraken
4245,01-14-2021_14-38-05,LINK/USD,25.0,16.37366395,16.35064,0.03515393694152746,-0.14734606305847253,0.1825,False,Bittrex,Coinbase Pro
4246,01-14-2021_14-38-17,LINK/USD,25.0,16.35782545,16.33593,0.033463265131000064,-0.14903673486899993,0.1825,False,Bittrex,Coinbase Pro
4247,01-14-2021_14-38-28,LINK/USD,25.0,16.3999939,16.35529,0.06814621437145511,-0.05935378562854489,0.1275,False,Bittrex,Kraken
4248,01-14-2021_14-38-39,LINK/USD,25.0,16.39999386,16.3836,0.02499064960015375,-0.03750935039984625,0.0625,False,Bittrex,Binance US
4249,01-14-2021_14-38-50,LINK/USD,25.0,16.41319,16.39315,0.030524230816802844,-0.15447576918319716,0.185,False,Coinbase Pro,Kraken
4250,01-14-2021_14-39-00,LINK/USD,25.0,16.41319,16.3962,0.02587857692502164,-0.09412142307497835,0.12,False,Coinbase Pro,Binance US
4251,01-14-2021_14-39-11,LINK/USD,25.0,16.41365,16.4,0.020790622439253212,-0.16170936756074678,0.18249999,False,Coinbase Pro,Bittrex
4252,01-14-2021_14-39-23,LINK/USD,25.0,16.41424,16.3939,0.03097919854955349,-0.08902080145044651,0.12,False,Coinbase Pro,Binance US
4253,01-14-2021_14-39-35,LINK/USD,25.0,16.41413,16.398,0.02456724785291761,-0.09543275214708238,0.12,False,Coinbase Pro,Binance US
4254,01-14-2021_14-39-47,LINK/USD,25.0,16.42,16.39999999,0.03045068514007369,-0.15204931485992632,0.1825,False,Coinbase Pro,Bittrex
4255,01-14-2021_14-40-00,LINK/USD,25.0,16.42778,16.4,0.042275949641399996,-0.1402240403586,0.18249999,False,Coinbase Pro,Bittrex
4256,01-14-2021_14-40-13,LINK/USD,25.0,16.45576182,16.43286,0.03479301087744739,-0.09270698912255261,0.1275,False,Bittrex,Kraken
4257,01-14-2021_14-40-25,LINK/USD,25.0,16.4496,16.43206,0.026657183153390253,-0.15834281684660975,0.185,False,Coinbase Pro,Kraken
4258,01-14-2021_14-40-38,LINK/USD,25.0,16.45086,16.43123,0.029831267179951947,-0.15516873282004806,0.185,False,Coinbase Pro,Kraken
4259,01-14-2021_14-40-49,LINK/USD,25.0,16.4399497,16.42235,0.02676361594950334,-0.10073637405049667,0.12749999,False,Bittrex,Kraken
4260,01-14-2021_14-41-01,LINK/USD,25.0,16.42300573,16.40974,0.020193821731073175,-0.10730617826892683,0.1275,False,Bittrex,Kraken
4261,01-14-2021_14-41-13,LINK/USD,25.0,16.43157,16.41637,0.023126213745856453,-0.16187378625414356,0.185,False,Coinbase Pro,Kraken
4262,01-14-2021_14-41-24,LINK/USD,25.0,16.42824649,16.41391,0.02181682933830578,-0.10568317066169422,0.1275,False,Bittrex,Kraken
4263,01-14-2021_14-41-36,LINK/USD,25.0,16.44772,16.43123,0.025064264226289424,-0.15993573577371056,0.185,False,Coinbase Pro,Kraken
4264,01-14-2021_14-41-47,LINK/USD,25.0,16.45329,16.4416,0.01776240496581228,-0.10223759503418772,0.12,False,Coinbase Pro,Binance US
4265,01-14-2021_14-42-00,LINK/USD,25.0,16.46757122,16.44716,0.030986992142487495,-0.0965130078575125,0.1275,False,Bittrex,Kraken
4266,01-14-2021_14-42-12,LINK/USD,25.0,16.46996,16.44835,0.032802144024634876,-0.15219785597536512,0.185,False,Coinbase Pro,Kraken
4267,01-14-2021_14-42-35,LINK/USD,25.0,16.4927,16.46035,0.04903684660486305,-0.13596315339513695,0.185,False,Coinbase Pro,Kraken
4268,01-14-2021_14-42-46,LINK/USD,25.0,16.48849814,16.47,0.02804703594429665,-0.09945296405570335,0.1275,False,Bittrex,Kraken
4269,01-14-2021_14-42-59,LINK/USD,25.0,16.48849824,16.47,0.028047187395035252,-0.09945281260496475,0.1275,False,Bittrex,Kraken
4270,01-14-2021_14-43-22,LINK/USD,25.0,16.4785442,16.46644,0.018363576073672692,-0.1641364239263273,0.1825,False,Bittrex,Coinbase Pro
4271,01-14-2021_14-43-36,LINK/USD,25.0,16.47854421,16.45605,0.03412651280558395,-0.14837348719441604,0.1825,False,Bittrex,Coinbase Pro
4272,01-14-2021_14-43-59,LINK/USD,25.0,16.45598324,16.44641,0.014543707082674072,-0.16795629291732592,0.1825,False,Bittrex,Coinbase Pro
4273,01-14-2021_14-44-12,LINK/USD,25.0,16.47925591,16.4621,0.02602652403375355,-0.03647347596624645,0.0625,False,Bittrex,Binance US
4274,01-14-2021_14-44-36,LINK/USD,25.0,16.45778059,16.43839,0.029455049989824345,-0.09804495001017566,0.1275,False,Bittrex,Kraken
4275,01-14-2021_14-44-58,LINK/USD,25.0,16.45778041,16.42859,0.04434135295404906,-0.08315864704595094,0.1275,False,Bittrex,Kraken
4276,01-14-2021_14-45-10,LINK/USD,25.0,16.46970597,16.45394,0.02393177211044095,-0.10356822788955905,0.1275,False,Bittrex,Kraken
4277,01-14-2021_14-45-23,LINK/USD,25.0,16.46970591,16.45018,0.029639129725053337,-0.09786087027494667,0.1275,False,Bittrex,Kraken
4278,01-14-2021_14-45-34,LINK/USD,25.0,16.46970575,16.45254,0.026056552346116146,-0.10144344765388386,0.1275,False,Bittrex,Kraken
4279,01-14-2021_14-45-43,LINK/USD,25.0,16.46970569,16.45106,0.02830301031323887,-0.09919698968676113,0.1275,False,Bittrex,Kraken
4280,01-14-2021_14-46-07,LINK/USD,25.0,16.45593402,16.43819,0.026956871573556054,-0.15554312842644394,0.1825,False,Bittrex,Coinbase Pro
4281,01-14-2021_14-46-20,LINK/USD,25.0,16.45593398,16.44237,0.020606518014240197,-0.1068934819857598,0.1275,False,Bittrex,Kraken
4282,01-14-2021_14-46-44,LINK/USD,25.0,16.45593383,16.43704,0.02870367339098566,-0.15379632660901432,0.1825,False,Bittrex,Coinbase Pro
4283,01-14-2021_14-46-57,LINK/USD,25.0,16.45593371,16.4358,0.03058731025964925,-0.15191268974035074,0.1825,False,Bittrex,Coinbase Pro
4284,01-14-2021_14-47-21,LINK/USD,25.0,16.45347074,16.44034,0.01995132244055812,-0.10754867755944188,0.1275,False,Bittrex,Kraken
4285,01-14-2021_14-47-33,LINK/USD,25.0,16.45347058,16.43677,0.02537546701591082,-0.15712453298408918,0.1825,False,Bittrex,Coinbase Pro
4286,01-14-2021_14-47-45,LINK/USD,25.0,16.43794292,16.39445,0.0661471453752956,-0.11635285462470439,0.1825,False,Bittrex,Coinbase Pro
4287,01-14-2021_14-47-57,LINK/USD,25.0,16.41549973,16.4022,0.020254835702159815,-0.1622451642978402,0.1825,False,Bittrex,Coinbase Pro
4288,01-14-2021_14-48-10,LINK/USD,25.0,16.41549957,16.40159,0.021183592282233998,-0.161316407717766,0.1825,False,Bittrex,Coinbase Pro
4289,01-14-2021_14-48-22,LINK/USD,25.0,16.4109,16.38500764,0.03944384524919456,-0.048056154750805435,0.0875,False,Binance US,Bittrex
4290,01-14-2021_14-48-35,LINK/USD,25.0,16.4072,16.38500764,0.03381497147593472,-0.05368502852406527,0.0875,False,Binance US,Bittrex
4291,01-14-2021_14-48-57,LINK/USD,25.0,16.40353,16.36193,0.06340098747037828,-0.12159901252962171,0.185,False,Kraken,Coinbase Pro
4292,01-14-2021_14-49-10,LINK/USD,25.0,16.3951,16.38337,0.017886441680746105,-0.1271135583192539,0.145,False,Binance US,Coinbase Pro
4293,01-14-2021_14-49-21,LINK/USD,25.0,16.3816,16.35325413,0.04325870183620495,-0.044241298163795045,0.0875,False,Binance US,Bittrex
4294,01-14-2021_14-49-44,LINK/USD,25.0,16.36864276,16.34606,0.03449088652478908,-0.14800911347521092,0.1825,False,Bittrex,Coinbase Pro
4295,01-14-2021_14-49-57,LINK/USD,25.0,16.37687213,16.35195,0.038044703839304216,-0.14445529616069577,0.1825,False,Bittrex,Coinbase Pro
4296,01-14-2021_14-50-21,LINK/USD,25.0,16.36565984,16.35291,0.019476513817113995,-0.163023486182886,0.1825,False,Bittrex,Coinbase Pro
4297,01-14-2021_14-50-46,LINK/USD,25.0,16.36972675,16.34774,0.033578370512507096,-0.1489216294874929,0.1825,False,Bittrex,Coinbase Pro
4298,01-14-2021_14-50-59,LINK/USD,25.0,16.36972663,16.34685,0.03493740383861095,-0.14756259616138906,0.1825,False,Bittrex,Coinbase Pro
4299,01-14-2021_14-51-21,LINK/USD,25.0,16.3697264,16.35997,0.014900065770189892,-0.1675999342298101,0.1825,False,Bittrex,Coinbase Pro
4300,01-14-2021_14-51-36,LINK/USD,25.0,16.38432424,16.358,0.04016680763637188,-0.14233319236362812,0.1825,False,Bittrex,Coinbase Pro
4301,01-14-2021_14-51-59,LINK/USD,25.0,16.37371097,16.34471,0.04427977575324516,-0.13822022424675484,0.1825,False,Bittrex,Coinbase Pro
4302,01-14-2021_14-52-13,LINK/USD,25.0,16.35823115,16.34379,0.02207015823957719,-0.1604298417604228,0.1825,False,Bittrex,Coinbase Pro
4303,01-14-2021_14-52-25,LINK/USD,25.0,16.37289582,16.36,0.01969080506859395,-0.16280919493140605,0.1825,False,Bittrex,Coinbase Pro
4304,01-14-2021_14-52-46,LINK/USD,25.0,16.37289574,16.36057,0.018820342161418747,-0.16367965783858124,0.1825,False,Bittrex,Coinbase Pro
4305,01-14-2021_14-52-59,LINK/USD,25.0,16.38500762,16.37146,0.020670756331330666,-0.10682924366866933,0.1275,False,Bittrex,Kraken
4306,01-14-2021_14-53-10,LINK/USD,25.0,16.38500752,16.368,0.025949820253729036,-0.10155017974627097,0.1275,False,Bittrex,Kraken
4307,01-14-2021_14-53-21,LINK/USD,25.0,16.3850076,16.3611,0.03647785918634718,-0.1460221408136528,0.1825,False,Bittrex,Coinbase Pro
4308,01-14-2021_14-53-33,LINK/USD,25.0,16.38500751,16.37004,0.022837203447827005,-0.159662796552173,0.1825,False,Bittrex,Coinbase Pro
4309,01-14-2021_14-53-58,LINK/USD,25.0,16.3949,16.38058,0.021836058774377158,-0.06816394122562283,0.09,False,Binance US,Kraken
4310,01-14-2021_14-54-10,LINK/USD,25.0,16.3924,16.38058,0.018026646494717316,-0.07197335350528268,0.09,False,Binance US,Kraken
4311,01-14-2021_14-54-21,LINK/USD,25.0,16.41184,16.39961,0.018629842845169102,-0.1663701571548309,0.185,False,Kraken,Coinbase Pro
4312,01-14-2021_14-54-33,LINK/USD,25.0,16.41795825,16.39423,0.03613154820880565,-0.15636845179119435,0.1925,False,Bittrex,Coinbase Pro
4313,01-14-2021_14-54-44,LINK/USD,25.0,16.41342169,16.3898,0.03597922853342411,-0.14652077146657588,0.1825,False,Bittrex,Coinbase Pro
4314,01-14-2021_14-54-56,LINK/USD,25.0,16.41368,16.40243,0.017135097065375388,-0.1678649029346246,0.185,False,Kraken,Coinbase Pro
4315,01-14-2021_14-55-07,LINK/USD,25.0,16.43163385,16.40888,0.03461897065093264,-0.14788102934906736,0.1825,False,Bittrex,Coinbase Pro
4316,01-14-2021_14-55-19,LINK/USD,25.0,16.42223448,16.39088,0.04773175056991538,-0.1347682494300846,0.1825,False,Bittrex,Coinbase Pro
4317,01-14-2021_14-55-31,LINK/USD,25.0,16.40914275,16.38798,0.03224231503501608,-0.15025768496498393,0.1825,False,Bittrex,Coinbase Pro
4318,01-14-2021_14-55-41,LINK/USD,25.0,16.40914266,16.38569,0.035731086757460485,-0.14676891324253952,0.1825,False,Bittrex,Coinbase Pro
4319,01-14-2021_14-55-52,LINK/USD,25.0,16.40914246,16.39615,0.019794544461531678,-0.16270545553846832,0.1825,False,Bittrex,Coinbase Pro
4320,01-14-2021_14-56-03,LINK/USD,25.0,16.42257836,16.40197,0.031371992186981806,-0.0961280078130182,0.1275,False,Bittrex,Kraken
4321,01-14-2021_14-56-15,LINK/USD,25.0,16.41812352,16.379,0.059573677759735245,-0.12292632224026476,0.1825,False,Bittrex,Coinbase Pro
4322,01-14-2021_14-56-26,LINK/USD,25.0,16.39523037,16.36433,0.047117925919087325,-0.13538207408091268,0.1825,False,Bittrex,Coinbase Pro
4323,01-14-2021_14-56-38,LINK/USD,25.0,16.40147,16.3941,0.011233749170041009,-0.10876625082995899,0.12,False,Coinbase Pro,Binance US
4324,01-14-2021_14-56-49,LINK/USD,25.0,16.39521891,16.38556,0.014728241893292984,-0.16777175810670703,0.1825,False,Bittrex,Coinbase Pro
4325,01-14-2021_14-56-59,LINK/USD,25.0,16.39521881,16.37833,0.02575264501761335,-0.15674735498238665,0.1825,False,Bittrex,Coinbase Pro
4326,01-14-2021_14-57-10,LINK/USD,25.0,16.3952159,16.3815,0.020914485182230987,-0.161585514817769,0.1825,False,Bittrex,Coinbase Pro
4327,01-14-2021_14-57-21,LINK/USD,25.0,16.39521298,16.38767,0.011501802399885932,-0.11599819760011407,0.1275,False,Bittrex,Kraken
4328,01-14-2021_14-57-32,LINK/USD,25.0,16.39520565,16.3815,0.020898868688484736,-0.16160113131151527,0.1825,False,Bittrex,Coinbase Pro
4329,01-14-2021_14-57-43,LINK/USD,25.0,16.39520557,16.3816,0.020746263201631268,-0.04175373679836873,0.0625,False,Bittrex,Binance US
4330,01-14-2021_14-57-54,LINK/USD,25.0,16.39520136,16.38767,0.01148409195262476,-0.11601590804737524,0.1275,False,Bittrex,Kraken
4331,01-14-2021_14-58-07,LINK/USD,25.0,16.42999,16.39519347,0.05294666947454209,-0.12955333052545792,0.1825,False,Coinbase Pro,Bittrex
4332,01-14-2021_14-58-19,LINK/USD,25.0,16.4425966,16.42162,0.03189368521028014,-0.09560631478971987,0.1275,False,Bittrex,Kraken
4333,01-14-2021_14-58-31,LINK/USD,25.0,16.44696811,16.42154,0.03865166793954464,-0.08884833206045537,0.1275,False,Bittrex,Kraken
4334,01-14-2021_14-58-42,LINK/USD,25.0,16.43726683,16.4182,0.02899939235214062,-0.09850060764785938,0.1275,False,Bittrex,Kraken
4335,01-14-2021_14-58-54,LINK/USD,25.0,16.4272,16.41475,0.01894723385604003,-0.07105276614395997,0.09,False,Binance US,Kraken
4336,01-14-2021_14-59-07,LINK/USD,25.0,16.42246405,16.40753,0.02273417977127077,-0.10476582022872924,0.1275,False,Bittrex,Kraken
4337,01-14-2021_14-59-19,LINK/USD,25.0,16.42245776,16.40982,0.019238533270553068,-0.10826146672944693,0.1275,False,Bittrex,Kraken
4338,01-14-2021_14-59-42,LINK/USD,25.0,16.4015,16.3946,0.0105173307319424,-0.1444826692680576,0.155,False,Binance US,Coinbase Pro
4339,01-14-2021_14-59-53,LINK/USD,25.0,16.40878746,16.39642,0.01884273903563638,-0.16365726096436362,0.1825,False,Bittrex,Coinbase Pro
4340,01-14-2021_15-00-06,LINK/USD,25.0,16.40878547,16.39718,0.017681793118114887,-0.16481820688188512,0.1825,False,Bittrex,Coinbase Pro
4341,01-14-2021_15-00-31,LINK/USD,25.0,16.40458499,16.38759,0.025899756090081674,-0.15660024390991834,0.1825,False,Bittrex,Coinbase Pro
4342,01-14-2021_15-00-56,LINK/USD,25.0,16.37656623,16.35267,0.03647930473395986,-0.09102069526604015,0.1275,False,Bittrex,Kraken
4343,01-14-2021_15-01-19,LINK/USD,25.0,16.4038,16.38641,0.026503005401185862,-0.06349699459881414,0.09,False,Binance US,Kraken
4344,01-14-2021_15-01-32,LINK/USD,25.0,16.40010574,16.38749,0.01923118698136073,-0.10826881301863928,0.1275,False,Bittrex,Kraken
4345,01-14-2021_15-01-44,LINK/USD,25.0,16.3918335,16.3814,0.01591264942997578,-0.11158735057002422,0.1275,False,Bittrex,Kraken
4346,01-14-2021_15-01-55,LINK/USD,25.0,16.39183341,16.3773,0.02216562607196257,-0.10533437392803743,0.1275,False,Bittrex,Kraken
4347,01-14-2021_15-02-17,LINK/USD,25.0,16.37343844,16.36298,0.0159686067748161,-0.1665313932251839,0.1825,False,Bittrex,Coinbase Pro
4348,01-14-2021_15-02-29,LINK/USD,25.0,16.35515858,16.32159,0.05131191458004306,-0.13118808541995694,0.1825,False,Bittrex,Coinbase Pro
4349,01-14-2021_15-02-53,LINK/USD,25.0,16.32828014,16.31407,0.021756945431730304,-0.1607430545682697,0.1825,False,Bittrex,Coinbase Pro
4350,01-14-2021_15-03-05,LINK/USD,25.0,16.32827681,16.29,0.05860509722703445,-0.0038949027729655514,0.0625,False,Bittrex,Binance US
4351,01-14-2021_15-03-27,LINK/USD,25.0,16.32504573,16.304,0.032229205277700734,-0.09527079472229927,0.1275,False,Bittrex,Kraken
4352,01-14-2021_15-03-40,LINK/USD,25.0,16.3172928,16.29369,0.036162248678897016,-0.146337751321103,0.1825,False,Bittrex,Coinbase Pro
4353,01-14-2021_15-03-52,LINK/USD,25.0,16.31729273,16.30259,0.022526301150693054,-0.10497369884930695,0.1275,False,Bittrex,Kraken
4354,01-14-2021_15-04-05,LINK/USD,25.0,16.31372026,16.30602,0.011800282028374093,-0.11569971797162591,0.1275,False,Bittrex,Kraken
4355,01-14-2021_15-04-27,LINK/USD,25.0,16.32913733,16.30925,0.03044761275211766,-0.15205238724788234,0.1825,False,Bittrex,Coinbase Pro
4356,01-14-2021_15-04-38,LINK/USD,25.0,16.29927462,16.28313,0.024762789106253204,-0.1577372108937468,0.1825,False,Bittrex,Coinbase Pro
4357,01-14-2021_15-05-02,LINK/USD,25.0,16.29927446,16.28549,0.02114275091481604,-0.16135724908518395,0.1825,False,Bittrex,Coinbase Pro
4358,01-14-2021_15-05-14,LINK/USD,25.0,16.28395329,16.26718,0.02575125600842306,-0.10174874399157693,0.1275,False,Bittrex,Kraken
4359,01-14-2021_15-05-26,LINK/USD,25.0,16.2839532,16.26578,0.027900473209416476,-0.09959952679058352,0.1275,False,Bittrex,Kraken
4360,01-14-2021_15-05-48,LINK/USD,25.0,16.25135548,16.24832,0.004669579721729772,-0.17783042027827023,0.1825,False,Bittrex,Coinbase Pro
4361,01-14-2021_15-06-01,LINK/USD,25.0,16.26767,16.2513,0.02515725976737671,-0.09484274023262329,0.12,False,Coinbase Pro,Binance US
4362,01-14-2021_15-06-13,LINK/USD,25.0,16.26458463,16.2525,0.018575067047378345,-0.043924932952621655,0.0625,False,Bittrex,Binance US
4363,01-14-2021_15-06-25,LINK/USD,25.0,16.26458467,16.25644,0.012519025485819669,-0.16998097451418032,0.1825,False,Bittrex,Coinbase Pro
4364,01-14-2021_15-06-37,LINK/USD,25.0,16.2738,16.25531946,0.028390019540614854,-0.05910998045938514,0.0875,False,Binance US,Bittrex
4365,01-14-2021_15-06-59,LINK/USD,25.0,16.2920344,16.27696,0.023131549488993836,-0.15936845051100615,0.1825,False,Bittrex,Coinbase Pro
4366,01-14-2021_15-07-22,LINK/USD,25.0,16.29372471,16.28367,0.015427273657427864,-0.11207272634257213,0.1275,False,Bittrex,Kraken
4367,01-14-2021_15-07-34,LINK/USD,25.0,16.28296,16.27367,0.014263377174666064,-0.17073662282533394,0.185,False,Coinbase Pro,Kraken
4368,01-14-2021_15-07-46,LINK/USD,25.0,16.2851,16.2787,0.00982493199304778,-0.08017506800695222,0.09,False,Binance US,Kraken
4369,01-14-2021_15-07-57,LINK/USD,25.0,16.29026088,16.27253,0.027210859498528178,-0.10028914050147182,0.1275,False,Bittrex,Kraken
4370,01-14-2021_15-08-10,LINK/USD,25.0,16.30092734,16.28666,0.02188117844834213,-0.10561882155165787,0.1275,False,Bittrex,Kraken
4371,01-14-2021_15-08-23,LINK/USD,25.0,16.2966,16.28566,0.016782641778041896,-0.0732173582219581,0.09,False,Binance US,Kraken
4372,01-14-2021_15-08-36,LINK/USD,25.0,16.29860379,16.28393,0.022507740830234324,-0.10499225916976568,0.1275,False,Bittrex,Kraken
4373,01-14-2021_15-08-47,LINK/USD,25.0,16.29860373,16.28393,0.0225076488806664,-0.10499235111933361,0.1275,False,Bittrex,Kraken
4374,01-14-2021_15-09-00,LINK/USD,25.0,16.30242,16.29579,0.010167202169986489,-0.17483279783001351,0.185,False,Coinbase Pro,Kraken
4375,01-14-2021_15-09-11,LINK/USD,25.0,16.3324,16.31428,0.027736278807768133,-0.15726372119223186,0.185,False,Coinbase Pro,Kraken
4376,01-14-2021_15-09-22,LINK/USD,25.0,16.33156857,16.32255,0.013805425304597756,-0.16869457469540225,0.1825,False,Bittrex,Coinbase Pro
4377,01-14-2021_15-09-34,LINK/USD,25.0,16.34380985,16.32714,0.025498721156498805,-0.1020012788435012,0.1275,False,Bittrex,Kraken
4378,01-14-2021_15-09-45,LINK/USD,25.0,16.34380981,16.33651,0.011166016499306106,-0.11633398350069389,0.1275,False,Bittrex,Kraken
4379,01-14-2021_15-09-56,LINK/USD,25.0,16.3483,16.33653,0.017998813332270793,-0.1670011866677292,0.185,False,Coinbase Pro,Kraken
4380,01-14-2021_15-10-07,LINK/USD,25.0,16.34380972,16.33643,0.011288249383754181,-0.11621175061624582,0.1275,False,Bittrex,Kraken
4381,01-14-2021_15-10-30,LINK/USD,25.0,16.34778,16.33466,0.020063886350318954,-0.16493611364968105,0.185,False,Coinbase Pro,Kraken
4382,01-14-2021_15-10-41,LINK/USD,25.0,16.34380959,16.33466,0.013995497728996454,-0.11350450227100355,0.1275,False,Bittrex,Kraken
4383,01-14-2021_15-10-51,LINK/USD,25.0,16.34380953,16.33407,0.014897888374989125,-0.11260211162501088,0.1275,False,Bittrex,Kraken
4384,01-14-2021_15-11-03,LINK/USD,25.0,16.35469,16.335,0.030098399908528764,-0.08990160009147123,0.12,False,Coinbase Pro,Binance US
4385,01-14-2021_15-11-14,LINK/USD,25.0,16.3438095,16.335,0.01347528555077404,-0.04902471444922596,0.0625,False,Bittrex,Binance US
4386,01-14-2021_15-11-24,LINK/USD,25.0,16.35079,16.335,0.024142564365390116,-0.09585743563460988,0.12,False,Coinbase Pro,Binance US
4387,01-14-2021_15-11-35,LINK/USD,25.0,16.35237,16.335,0.026555783657047364,-0.09344421634295264,0.12,False,Coinbase Pro,Binance US
4388,01-14-2021_15-11-46,LINK/USD,25.0,16.3516,16.34380953,0.011910868049609474,-0.07558913195039052,0.0875,False,Binance US,Bittrex
4389,01-14-2021_15-11-58,LINK/USD,25.0,16.36126,16.34380953,0.026664312528497186,-0.1558356874715028,0.1825,False,Coinbase Pro,Bittrex
4390,01-14-2021_15-12-10,LINK/USD,25.0,16.36511,16.34380953,0.03253945436358189,-0.1499605456364181,0.1825,False,Coinbase Pro,Bittrex
4391,01-14-2021_15-12-21,LINK/USD,25.0,16.37374,16.34380953,0.045698890418438366,-0.13680110958156164,0.1825,False,Coinbase Pro,Bittrex
4392,01-14-2021_15-12-33,LINK/USD,25.0,16.37374,16.34380953,0.045698890418438366,-0.13680110958156164,0.1825,False,Coinbase Pro,Bittrex
4393,01-14-2021_15-12-45,LINK/USD,25.0,16.38071,16.34380953,0.05631695756777191,-0.12618304243222808,0.1825,False,Coinbase Pro,Bittrex
4394,01-14-2021_15-12-56,LINK/USD,25.0,16.38075,16.34380953,0.056377867313763964,-0.12612213268623604,0.1825,False,Coinbase Pro,Bittrex
4395,01-14-2021_15-13-08,LINK/USD,25.0,16.33820527,16.32558,0.01931863046056727,-0.10818136953943273,0.1275,False,Bittrex,Kraken
4396,01-14-2021_15-13-19,LINK/USD,25.0,16.33874,16.3274,0.017351399189901688,-0.1026486008100983,0.12,False,Coinbase Pro,Binance US
4397,01-14-2021_15-13-30,LINK/USD,25.0,16.33820515,16.3268,0.017451656860854203,-0.0450483431391458,0.0625,False,Bittrex,Binance US
4398,01-14-2021_15-13-40,LINK/USD,25.0,16.32413611,16.30559,0.028402896598983658,-0.15409710340101634,0.1825,False,Bittrex,Coinbase Pro
4399,01-14-2021_15-13-51,LINK/USD,25.0,16.31808836,16.30998,0.012422349697341278,-0.11507765030265872,0.1275,False,Bittrex,Kraken
4400,01-14-2021_15-14-03,LINK/USD,25.0,16.32899082,16.314,0.022951234655665776,-0.03954876534433423,0.0625,False,Bittrex,Binance US
4401,01-14-2021_15-14-15,LINK/USD,25.0,16.32899067,16.30556,0.03587280817522778,-0.09162719182477222,0.1275,False,Bittrex,Kraken
4402,01-14-2021_15-14-26,LINK/USD,25.0,16.31732613,16.30621,0.017031175805765016,-0.11046882419423498,0.1275,False,Bittrex,Kraken
4403,01-14-2021_15-14-36,LINK/USD,25.0,16.31732609,16.2984,0.02899692311045918,-0.03350307688954082,0.0625,False,Bittrex,Binance US
4404,01-14-2021_15-14-46,LINK/USD,25.0,16.31705154,16.30659,0.016028539185458494,-0.11147146081454151,0.1275,False,Bittrex,Kraken
4405,01-14-2021_15-15-00,LINK/USD,25.0,16.30404725,16.29109,0.019868149609293295,-0.1076318503907067,0.1275,False,Bittrex,Kraken
4406,01-14-2021_15-15-12,LINK/USD,25.0,16.31879,16.30574,0.0199922910951115,-0.1650077089048885,0.185,False,Coinbase Pro,Kraken
4407,01-14-2021_15-15-25,LINK/USD,25.0,16.32283661,16.31206,0.016505418539505663,-0.11099458146049435,0.1275,False,Bittrex,Kraken
4408,01-14-2021_15-15-35,LINK/USD,25.0,16.33103,16.32416,0.010516789204354022,-0.17448321079564597,0.185,False,Coinbase Pro,Kraken
4409,01-14-2021_15-15-47,LINK/USD,25.0,16.333,16.32418,0.013500275515826932,-0.17149972448417306,0.185,False,Coinbase Pro,Kraken
4410,01-14-2021_15-15-59,LINK/USD,25.0,16.34380953,16.32575,0.027624419458102546,-0.09987558054189746,0.1275,False,Bittrex,Kraken
4411,01-14-2021_15-16-11,LINK/USD,25.0,16.36733,16.34380953,0.03592594210539773,-0.14657405789460226,0.1825,False,Coinbase Pro,Bittrex
4412,01-14-2021_15-16-22,LINK/USD,25.0,16.40156292,16.36599,0.05422184485330727,-0.07327815514669273,0.1275,False,Bittrex,Kraken
4413,01-14-2021_15-16-34,LINK/USD,25.0,16.40156291,16.38684,0.02244132172157687,-0.10505867827842313,0.1275,False,Bittrex,Kraken
4414,01-14-2021_15-16-45,LINK/USD,25.0,16.39614,16.36115677,0.05334064907959762,-0.12915935092040237,0.1825,False,Coinbase Pro,Bittrex
4415,01-14-2021_15-16-57,LINK/USD,25.0,16.39613,16.38611,0.015277995478202487,-0.1697220045217975,0.185,False,Coinbase Pro,Kraken
4416,01-14-2021_15-17-08,LINK/USD,25.0,16.39937,16.38432,0.022942954515939067,-0.16205704548406094,0.185,False,Coinbase Pro,Kraken
4417,01-14-2021_15-17-19,LINK/USD,25.0,16.38761,16.3786,0.013745140383496989,-0.171254859616503,0.185,False,Coinbase Pro,Kraken
4418,01-14-2021_15-17-30,LINK/USD,25.0,16.39553,16.38676,0.01337254727355862,-0.17162745272644137,0.185,False,Coinbase Pro,Kraken
4419,01-14-2021_15-17-41,LINK/USD,25.0,16.39579,16.38674,0.013799274081947257,-0.17120072591805274,0.185,False,Coinbase Pro,Kraken
4420,01-14-2021_15-17-52,LINK/USD,25.0,16.38200743,16.36359,0.028106186129356222,-0.09939381387064378,0.1275,False,Bittrex,Kraken
4421,01-14-2021_15-18-03,LINK/USD,25.0,16.38229,16.36954,0.019456986782678858,-0.16554301321732115,0.185,False,Coinbase Pro,Kraken
4422,01-14-2021_15-18-14,LINK/USD,25.0,16.40899,16.3937,0.023295157105952667,-0.16170484289404732,0.185,False,Coinbase Pro,Kraken
4423,01-14-2021_15-18-25,LINK/USD,25.0,16.39187153,16.36139,0.046488788580689035,-0.13601121141931097,0.1825,False,Bittrex,Coinbase Pro
4424,01-14-2021_15-18-37,LINK/USD,25.0,16.373,16.36604,0.01062725218347189,-0.0793727478165281,0.09,False,Binance US,Kraken
4425,01-14-2021_15-18-48,LINK/USD,25.0,16.35944704,16.34675,0.019403223056613548,-0.10809677694338646,0.1275,False,Bittrex,Kraken
4426,01-14-2021_15-19-00,LINK/USD,25.0,16.37015398,16.3562,0.021310092771650496,-0.1061899072283495,0.1275,False,Bittrex,Kraken
4427,01-14-2021_15-19-11,LINK/USD,25.0,16.37015395,16.35367,0.025173785858009303,-0.1023262141419907,0.1275,False,Bittrex,Kraken
4428,01-14-2021_15-19-21,LINK/USD,25.0,16.37015386,16.3636,0.01000885522525688,-0.05249114477474312,0.0625,False,Bittrex,Binance US
4429,01-14-2021_15-19-32,LINK/USD,25.0,16.37015381,16.35501,0.023127165107560802,-0.1043728348924392,0.1275,False,Bittrex,Kraken
4430,01-14-2021_15-19-44,LINK/USD,25.0,16.38282629,16.36508,0.02708062956578173,-0.10041937043421828,0.1275,False,Bittrex,Kraken
4431,01-14-2021_15-19-55,LINK/USD,25.0,16.38060084,16.36508,0.023687836837614815,-0.10381216316238519,0.1275,False,Bittrex,Kraken
4432,01-14-2021_15-20-09,LINK/USD,25.0,16.37848114,16.35818,0.03098751927372068,-0.09651248072627933,0.1275,False,Bittrex,Kraken
4433,01-14-2021_15-20-20,LINK/USD,25.0,16.36338718,16.33749,0.03956573861378434,-0.08793426138621566,0.1275,False,Bittrex,Kraken
4434,01-14-2021_15-20-31,LINK/USD,25.0,16.36345136,16.34878,0.022414831194874665,-0.10508516880512533,0.1275,False,Bittrex,Kraken
4435,01-14-2021_15-20-42,LINK/USD,25.0,16.36424,16.3502,0.021449208762517893,-0.16355079123748212,0.185,False,Coinbase Pro,Kraken
4436,01-14-2021_15-20-53,LINK/USD,25.0,16.37512,16.36383,0.017236514907980695,-0.1677634850920193,0.185,False,Coinbase Pro,Kraken
4437,01-14-2021_15-21-05,LINK/USD,25.0,16.37515,16.36508,0.015373904971866616,-0.1696260950281334,0.185,False,Coinbase Pro,Kraken
4438,01-14-2021_15-21-16,LINK/USD,25.0,16.37126867,16.35935,0.01820059007070223,-0.10929940992929776,0.1275,False,Bittrex,Kraken
4439,01-14-2021_15-21-27,LINK/USD,25.0,16.37126861,16.35173,0.029836737862920956,-0.09766325213707905,0.12749999,False,Bittrex,Kraken
4440,01-14-2021_15-21-39,LINK/USD,25.0,16.36712,16.35173,0.02350749551539919,-0.1614925044846008,0.185,False,Coinbase Pro,Kraken
4441,01-14-2021_15-21-50,LINK/USD,25.0,16.36586799,16.35173,0.021596761639285682,-0.10590323836071432,0.1275,False,Bittrex,Kraken
4442,01-14-2021_15-22-02,LINK/USD,25.0,16.38665699,16.36426,0.03416955333486415,-0.09333044666513585,0.1275,False,Bittrex,Kraken
4443,01-14-2021_15-22-14,LINK/USD,25.0,16.38200816,16.36072,0.032487103827692446,-0.09501289617230756,0.1275,False,Bittrex,Kraken
4444,01-14-2021_15-22-26,LINK/USD,25.0,16.38200814,16.35908,0.034989819019832946,-0.09251018098016706,0.1275,False,Bittrex,Kraken
4445,01-14-2021_15-22-37,LINK/USD,25.0,16.38138838,16.35469,0.04074498965025932,-0.08675501034974067,0.1275,False,Bittrex,Kraken
4446,01-14-2021_15-22-48,LINK/USD,25.0,16.38138828,16.35285,0.043552902098721515,-0.0839470979012785,0.1275,False,Bittrex,Kraken
4447,01-14-2021_15-23-00,LINK/USD,25.0,16.38138819,16.35285,0.04355276498700539,-0.08394723501299461,0.1275,False,Bittrex,Kraken
4448,01-14-2021_15-23-12,LINK/USD,25.0,16.38138805,16.35104,0.04631483288743749,-0.1361851671125625,0.1825,False,Bittrex,Coinbase Pro
4449,01-14-2021_15-23-23,LINK/USD,25.0,16.37719971,16.35285,0.03717013657886082,-0.09032986342113919,0.1275,False,Bittrex,Kraken
4450,01-14-2021_15-23-35,LINK/USD,25.0,16.37719958,16.35173,0.03887963243591266,-0.08862036756408734,0.1275,False,Bittrex,Kraken
4451,01-14-2021_15-23-46,LINK/USD,25.0,16.37719953,16.36097,0.024774580614760913,-0.10272541938523909,0.1275,False,Bittrex,Kraken
4452,01-14-2021_15-23-57,LINK/USD,25.0,16.37719943,16.35273,0.037352891293453434,-0.09014710870654657,0.1275,False,Bittrex,Kraken
4453,01-14-2021_15-24-09,LINK/USD,25.0,16.37719937,16.35273,0.03735279983954682,-0.09014720016045319,0.1275,False,Bittrex,Kraken
4454,01-14-2021_15-24-20,LINK/USD,25.0,16.37719934,16.35173,0.03887926664267003,-0.08862073335732998,0.1275,False,Bittrex,Kraken
4455,01-14-2021_15-24-32,LINK/USD,25.0,16.36304348,16.3475,0.0237478437599336,-0.0387521562400664,0.0625,False,Bittrex,Binance US
4456,01-14-2021_15-24-45,LINK/USD,25.0,16.3496501,16.32946,0.03087237322589652,-0.09662762677410348,0.1275,False,Bittrex,Kraken
4457,01-14-2021_15-24-57,LINK/USD,25.0,16.34965006,16.33141,0.027890596944061694,-0.09960940305593831,0.1275,False,Bittrex,Kraken
4458,01-14-2021_15-25-10,LINK/USD,25.0,16.34964996,16.32613,0.03596401155000868,-0.09153598844999132,0.1275,False,Bittrex,Kraken
4459,01-14-2021_15-25-21,LINK/USD,25.0,16.34,16.32301,0.0259944920440634,-0.11900550795593659,0.145,False,Binance US,Coinbase Pro
4460,01-14-2021_15-25-34,LINK/USD,25.0,16.33739229,16.32248,0.02281926291432891,-0.10468073708567109,0.1275,False,Bittrex,Kraken
4461,01-14-2021_15-25-46,LINK/USD,25.0,16.3804493,16.3375,0.06554963666350727,-0.06195036333649273,0.1275,False,Bittrex,Kraken
4462,01-14-2021_15-25-58,LINK/USD,25.0,16.38044915,16.36451,0.024326484966990716,-0.10317351503300928,0.1275,False,Bittrex,Kraken
4463,01-14-2021_15-26-10,LINK/USD,25.0,16.36811171,16.35701,0.016956308395090262,-0.11054369160490973,0.1275,False,Bittrex,Kraken
4464,01-14-2021_15-26-21,LINK/USD,25.0,16.37199,16.35434,0.026951519027313908,-0.1580484809726861,0.185,False,Coinbase Pro,Kraken
4465,01-14-2021_15-26-33,LINK/USD,25.0,16.36811159,16.34976,0.028029485715404003,-0.099470514284596,0.1275,False,Bittrex,Kraken
4466,01-14-2021_15-26-45,LINK/USD,25.0,16.3681115,16.35059,0.026761639545284217,-0.10073836045471579,0.1275,False,Bittrex,Kraken
4467,01-14-2021_15-26-57,LINK/USD,25.0,16.36811139,16.3406,0.04201979896228089,-0.02048020103771911,0.0625,False,Bittrex,Binance US
4468,01-14-2021_15-27-10,LINK/USD,25.0,16.3566698,16.3375,0.029299668322460476,-0.09820033167753953,0.1275,False,Bittrex,Kraken
4469,01-14-2021_15-27-21,LINK/USD,25.0,16.34498417,16.3375,0.01144719677021482,-0.11605280322978519,0.1275,False,Bittrex,Kraken
4470,01-14-2021_15-27-34,LINK/USD,25.0,16.34498408,16.32707,0.027399965506727814,-0.10010003449327219,0.1275,False,Bittrex,Kraken
4471,01-14-2021_15-27-46,LINK/USD,25.0,16.37074,16.35363,0.026128934916812556,-0.15887106508318743,0.185,False,Coinbase Pro,Kraken
4472,01-14-2021_15-27-59,LINK/USD,25.0,16.38118828,16.36283,0.028017320364992868,-0.09948267963500713,0.1275,False,Bittrex,Kraken
4473,01-14-2021_15-28-11,LINK/USD,25.0,16.38118818,16.3526,0.04362958853452329,-0.01887041146547671,0.0625,False,Bittrex,Binance US
4474,01-14-2021_15-28-24,LINK/USD,25.0,16.36661482,16.3523,0.021865883931151218,-0.040634116068848786,0.0625,False,Bittrex,Binance US
4475,01-14-2021_15-28-37,LINK/USD,25.0,16.36661471,16.33765,0.04424358749995945,-0.08325641250004055,0.1275,False,Bittrex,Kraken
4476,01-14-2021_15-28-50,LINK/USD,25.0,16.37855789,16.3524,0.039927034748235016,-0.022572965251764984,0.0625,False,Bittrex,Binance US
4477,01-14-2021_15-29-04,LINK/USD,25.0,16.37855419,16.35255,0.03969243820049039,-0.0878075617995096,0.1275,False,Bittrex,Kraken
4478,01-14-2021_15-29-15,LINK/USD,25.0,16.36579796,16.33817,0.04220380831341492,-0.08529619168658509,0.1275,False,Bittrex,Kraken
4479,01-14-2021_15-29-27,LINK/USD,25.0,16.37374,16.36579787,0.012126322391829831,-0.11537367760817017,0.1275,False,Kraken,Bittrex
4480,01-14-2021_15-29-38,LINK/USD,25.0,16.3955096,16.36851,0.04116919915682264,-0.08633080084317736,0.1275,False,Bittrex,Kraken
4481,01-14-2021_15-29-49,LINK/USD,25.0,16.3955048,16.37374,0.03318714529606873,-0.09431285470393128,0.1275,False,Bittrex,Kraken
4482,01-14-2021_15-30-00,LINK/USD,25.0,16.3989,16.37484,0.03667928946454059,-0.053320710535459406,0.09,False,Binance US,Kraken
4483,01-14-2021_15-30-12,LINK/USD,25.0,16.39550262,16.37483,0.03152178447823508,-0.09597821552176491,0.1275,False,Bittrex,Kraken
4484,01-14-2021_15-30-23,LINK/USD,25.0,16.39549803,16.37483,0.03151479443043107,-0.09598520556956894,0.1275,False,Bittrex,Kraken
4485,01-14-2021_15-30-35,LINK/USD,25.0,16.4,16.39073,0.01413109756097138,-0.1708689024390286,0.185,False,Coinbase Pro,Kraken
4486,01-14-2021_15-30-45,LINK/USD,25.0,16.42313601,16.4002,0.03491417532259522,-0.02758582467740478,0.0625,False,Bittrex,Binance US
4487,01-14-2021_15-30-56,LINK/USD,25.0,16.42313597,16.40922,0.021183484727611574,-0.10631651527238843,0.1275,False,Bittrex,Kraken
4488,01-14-2021_15-31-08,LINK/USD,25.0,16.39266254,16.37476,0.027302672699320792,-0.1001973273006792,0.1275,False,Bittrex,Kraken
4489,01-14-2021_15-31-21,LINK/USD,25.0,16.40615798,16.39065,0.023631340163406844,-0.15886865983659315,0.1825,False,Bittrex,Coinbase Pro
4490,01-14-2021_15-31-33,LINK/USD,25.0,16.41279355,16.39672,0.024483263545348053,-0.10301673645465195,0.1275,False,Bittrex,Kraken
4491,01-14-2021_15-31-45,LINK/USD,25.0,16.41279345,16.39683,0.024315559153029857,-0.10318444084697015,0.1275,False,Bittrex,Kraken
4492,01-14-2021_15-31-56,LINK/USD,25.0,16.4291,16.40671,0.034070642944528176,-0.05592935705547182,0.09,False,Binance US,Kraken
4493,01-14-2021_15-32-08,LINK/USD,25.0,16.42869039,16.40735,0.03247427137130265,-0.09502572862869735,0.1275,False,Bittrex,Kraken
4494,01-14-2021_15-32-20,LINK/USD,25.0,16.42869019,16.40753,0.03220005635762707,-0.09529994364237293,0.1275,False,Bittrex,Kraken
4495,01-14-2021_15-32-33,LINK/USD,25.0,16.42869008,16.40396,0.03763245864334556,-0.08986754135665445,0.1275,False,Bittrex,Kraken
4496,01-14-2021_15-32-44,LINK/USD,25.0,16.42913,16.40835,0.03162066402786091,-0.1533793359721391,0.185,False,Coinbase Pro,Kraken
4497,01-14-2021_15-32-56,LINK/USD,25.0,16.44107255,16.42,0.03204254153114774,-0.09545745846885226,0.1275,False,Bittrex,Kraken
4498,01-14-2021_15-33-08,LINK/USD,25.0,16.44107251,16.41737,0.036041611618686346,-0.09145838838131365,0.1275,False,Bittrex,Kraken
4499,01-14-2021_15-33-19,LINK/USD,25.0,16.44107245,16.42,0.03204238966783209,-0.0954576103321679,0.1275,False,Bittrex,Kraken
4500,01-14-2021_15-33-31,LINK/USD,25.0,16.4553434,16.42,0.05369593198522764,-0.07380405801477237,0.12749999,False,Bittrex,Kraken
4501,01-14-2021_15-33-44,LINK/USD,25.0,16.44471447,16.43066,0.021366242061607185,-0.10613375793839282,0.1275,False,Bittrex,Kraken
4502,01-14-2021_15-33-56,LINK/USD,25.0,16.43568839,16.42573,0.015147509741753147,-0.11235249025824685,0.1275,False,Bittrex,Kraken
4503,01-14-2021_15-34-09,LINK/USD,25.0,16.429,16.41804,0.016677825795844536,-0.07332217420415546,0.09,False,Binance US,Kraken
4504,01-14-2021_15-34-21,LINK/USD,25.0,16.4289,16.4172,0.01780399174624838,-0.07219600825375161,0.09,False,Binance US,Kraken
4505,01-14-2021_15-34-32,LINK/USD,25.0,16.4403,16.43298,0.011131183737523028,-0.07886881626247697,0.09,False,Binance US,Kraken
4506,01-14-2021_15-34-44,LINK/USD,25.0,16.44969,16.43212,0.026702630870246182,-0.1582973691297538,0.185,False,Coinbase Pro,Kraken
4507,01-14-2021_15-34-55,LINK/USD,25.0,16.44481903,16.43213,0.019290315656335707,-0.10820965434366431,0.12749997000000002,False,Bittrex,Kraken
4508,01-14-2021_15-35-07,LINK/USD,25.0,16.45699567,16.43728,0.029950287396533163,-0.09754971260346684,0.1275,False,Bittrex,Kraken
4509,01-14-2021_15-35-19,LINK/USD,25.0,16.45699551,16.43564,0.032441386380373624,-0.09505861361962638,0.1275,False,Bittrex,Kraken
4510,01-14-2021_15-35-31,LINK/USD,25.0,16.45699543,16.43728,0.02994992324670953,-0.09755007675329047,0.1275,False,Bittrex,Kraken
4511,01-14-2021_15-35-42,LINK/USD,25.0,16.45295655,16.43728,0.023820262869408807,-0.1036797371305912,0.1275,False,Bittrex,Kraken
4512,01-14-2021_15-35-54,LINK/USD,25.0,16.46836,16.43728,0.047181382967094676,-0.13781861703290532,0.185,False,Coinbase Pro,Kraken
4513,01-14-2021_15-36-06,LINK/USD,25.0,16.5,16.48,0.030303030303029655,-0.15469696969697033,0.185,False,Coinbase Pro,Kraken
4514,01-14-2021_15-36-18,LINK/USD,25.0,16.5,16.48918,0.016393939393937792,-0.1686060606060622,0.185,False,Coinbase Pro,Kraken
4515,01-14-2021_15-36-30,LINK/USD,25.0,16.49999,16.48918,0.016378797805330973,-0.11112120219466903,0.1275,False,Bittrex,Kraken
4516,01-14-2021_15-36-41,LINK/USD,25.0,16.49998999,16.48406,0.02413636312757554,-0.10336363687242446,0.1275,False,Bittrex,Kraken
4517,01-14-2021_15-36-54,LINK/USD,25.0,16.47955019,16.4544,0.0381536354300237,-0.0893463645699763,0.1275,False,Bittrex,Kraken
4518,01-14-2021_15-37-07,LINK/USD,25.0,16.48855306,16.47086,0.026826277502367303,-0.1006737224976327,0.1275,False,Bittrex,Kraken
4519,01-14-2021_15-37-18,LINK/USD,25.0,16.47212106,16.44794,0.03669997918288747,-0.09080002081711253,0.1275,False,Bittrex,Kraken
4520,01-14-2021_15-37-30,LINK/USD,25.0,16.45484875,16.44323,0.017652471585313467,-0.10984752841468653,0.1275,False,Bittrex,Kraken
4521,01-14-2021_15-37-42,LINK/USD,25.0,16.44707117,16.41638,0.04665142152479779,-0.08084857847520222,0.1275,False,Bittrex,Kraken
4522,01-14-2021_15-37-54,LINK/USD,25.0,16.44707111,16.41973,0.04155923844606987,-0.14094076155393012,0.1825,False,Bittrex,Coinbase Pro
4523,01-14-2021_15-38-17,LINK/USD,25.0,16.40266417,16.38752,0.023081875363425774,-0.15941812463657423,0.1825,False,Bittrex,Coinbase Pro
4524,01-14-2021_15-38-30,LINK/USD,25.0,16.39420145,16.38075,0.02051251175762755,-0.10698748824237245,0.1275,False,Bittrex,Kraken
4525,01-14-2021_15-38-42,LINK/USD,25.0,16.41298174,16.39395,0.02898885208897923,-0.09851114791102078,0.1275,False,Bittrex,Kraken
4526,01-14-2021_15-38-55,LINK/USD,25.0,16.41298156,16.38561,0.04169193741542054,-0.08580806258457946,0.1275,False,Bittrex,Kraken
4527,01-14-2021_15-39-18,LINK/USD,25.0,16.41874,16.40367101,0.022944802707149905,-0.1595551972928501,0.1825,False,Coinbase Pro,Bittrex
4528,01-14-2021_15-39-31,LINK/USD,25.0,16.4217475,16.39246,0.04458645463888482,-0.08291354536111518,0.1275,False,Bittrex,Kraken
4529,01-14-2021_15-39-43,LINK/USD,25.0,16.40329538,16.37103,0.049175149341239184,-0.13332485065876082,0.1825,False,Bittrex,Coinbase Pro
4530,01-14-2021_15-40-09,LINK/USD,25.0,16.37474,16.36794,0.010381844230806663,-0.17461812576919336,0.18499997,False,Coinbase Pro,Kraken
4531,01-14-2021_15-40-22,LINK/USD,25.0,16.40064492,16.381,0.029945346807741666,-0.09755465319225834,0.1275,False,Bittrex,Kraken
4532,01-14-2021_15-40-45,LINK/USD,25.0,16.3976952,16.37358,0.036766142597894895,-0.0907338574021051,0.1275,False,Bittrex,Kraken
4533,01-14-2021_15-40-56,LINK/USD,25.0,16.37155413,16.34737,0.0369301072579331,-0.0905698927420669,0.1275,False,Bittrex,Kraken
4534,01-14-2021_15-41-09,LINK/USD,25.0,16.3979,16.37283,0.03822135761286427,-0.14677864238713573,0.185,False,Coinbase Pro,Kraken
4535,01-14-2021_15-41-20,LINK/USD,25.0,16.38326019,16.3591,0.03686718900848988,-0.025632810991510123,0.0625,False,Bittrex,Binance US
4536,01-14-2021_15-41-31,LINK/USD,25.0,16.36953663,16.35267,0.025759174467235833,-0.10174082553276417,0.1275,False,Bittrex,Kraken
4537,01-14-2021_15-41-54,LINK/USD,25.0,16.36495253,16.35311,0.018091299040265425,-0.10940870095973458,0.1275,False,Bittrex,Kraken
4538,01-14-2021_15-42-05,LINK/USD,25.0,16.37125,16.34708,0.036909215850960644,-0.09059078414903936,0.1275,False,Bittrex,Kraken
4539,01-14-2021_15-42-18,LINK/USD,25.0,16.3522,16.3453,0.010549039273000162,-0.07945096072699984,0.09,False,Binance US,Kraken
4540,01-14-2021_15-42-32,LINK/USD,25.0,16.33741655,16.31917,0.027921412703406645,-0.09957858729659336,0.1275,False,Bittrex,Kraken
4541,01-14-2021_15-42-56,LINK/USD,25.0,16.3122,16.29839,0.02116514020181127,-0.06883485979818872,0.09,False,Binance US,Kraken
4542,01-14-2021_15-43-09,LINK/USD,25.0,16.31100119,16.29357,0.026716922212424794,-0.10078307778757521,0.1275,False,Bittrex,Kraken
4543,01-14-2021_15-43-33,LINK/USD,25.0,16.33002071,16.31728,0.01950504262403843,-0.10799495737596157,0.1275,False,Bittrex,Kraken
4544,01-14-2021_15-43-46,LINK/USD,25.0,16.33013,16.32092,0.014099704043996429,-0.17090029595600356,0.185,False,Coinbase Pro,Kraken
4545,01-14-2021_15-43-58,LINK/USD,25.0,16.31393084,16.30645,0.011463883342047268,-0.17103611665795274,0.1825,False,Bittrex,Coinbase Pro
4546,01-14-2021_15-44-22,LINK/USD,25.0,16.30963,16.2938,0.024264805516736997,-0.160735194483263,0.185,False,Coinbase Pro,Kraken
4547,01-14-2021_15-44-35,LINK/USD,25.0,16.30568,16.2957,0.015301416438932274,-0.16969858356106773,0.185,False,Coinbase Pro,Kraken
4548,01-14-2021_15-44-57,LINK/USD,25.0,16.3028,16.29311,0.014859410653388744,-0.07514058934661125,0.09,False,Binance US,Kraken
4549,01-14-2021_15-45-10,LINK/USD,25.0,16.28804,16.27739,0.016346349837055706,-0.16865365016294429,0.185,False,Kraken,Coinbase Pro
4550,01-14-2021_15-45-22,LINK/USD,25.0,16.2824,16.27209,0.01582997592492582,-0.07417002407507417,0.09,False,Binance US,Kraken
4551,01-14-2021_15-45-35,LINK/USD,25.0,16.29294576,16.2855,0.01142482168307348,-0.11607517831692653,0.1275,False,Bittrex,Kraken
4552,01-14-2021_15-45-47,LINK/USD,25.0,16.3147,16.30822,0.009929695305460444,-0.08007030469453955,0.09,False,Binance US,Kraken
4553,01-14-2021_15-46-00,LINK/USD,25.0,16.33821,16.31913,0.02919536473089597,-0.15580463526910404,0.185,False,Coinbase Pro,Kraken
4554,01-14-2021_15-46-24,LINK/USD,25.0,16.3087,16.29991,0.013474403232632253,-0.07652559676736774,0.09,False,Binance US,Kraken
4555,01-14-2021_15-46-36,LINK/USD,25.0,16.3026,16.29527109,0.011238866806524415,-0.07626113319347558,0.0875,False,Binance US,Bittrex
4556,01-14-2021_15-46-48,LINK/USD,25.0,16.3017,16.29527106,0.009859309151805138,-0.07764069084819486,0.0875,False,Binance US,Bittrex
4557,01-14-2021_15-46-59,LINK/USD,25.0,16.29527102,16.279,0.02496279438990478,-0.10253720561009522,0.1275,False,Bittrex,Kraken
4558,01-14-2021_15-47-11,LINK/USD,25.0,16.2960275,16.28425,0.018068053702046224,-0.10943194629795377,0.1275,False,Bittrex,Kraken
4559,01-14-2021_15-47-22,LINK/USD,25.0,16.28809762,16.27009,0.027639231450036557,-0.09986076854996345,0.1275,False,Bittrex,Kraken
4560,01-14-2021_15-47-33,LINK/USD,25.0,16.28809757,16.2727,0.02363316208941564,-0.10386683791058436,0.1275,False,Bittrex,Kraken
4561,01-14-2021_15-47-44,LINK/USD,25.0,16.27618407,16.25023,0.03986510272982084,-0.08763489727017916,0.1275,False,Bittrex,Kraken
4562,01-14-2021_15-47-55,LINK/USD,25.0,16.2628,16.25006,0.01958457338219327,-0.07041542661780673,0.09,False,Binance US,Kraken
4563,01-14-2021_15-48-07,LINK/USD,25.0,16.25838,16.25005,0.012808779226462421,-0.17219122077353757,0.185,False,Coinbase Pro,Kraken
4564,01-14-2021_15-48-19,LINK/USD,25.0,16.2622,16.24801,0.02181439165672427,-0.06818560834327572,0.09,False,Binance US,Kraken
4565,01-14-2021_15-48-30,LINK/USD,25.0,16.25296969,16.23921,0.021164885959989364,-0.10633511404001064,0.1275,False,Bittrex,Kraken
4566,01-14-2021_15-48-41,LINK/USD,25.0,16.24052687,16.22687,0.0210228247354859,-0.1064771752645141,0.1275,False,Bittrex,Kraken
4567,01-14-2021_15-48-52,LINK/USD,25.0,16.22864866,16.21819,0.016111415403581072,-0.16638858459641892,0.1825,False,Bittrex,Coinbase Pro
4568,01-14-2021_15-49-03,LINK/USD,25.0,16.2281,16.21630972,0.01816337094299332,-0.06933662905700667,0.0875,False,Binance US,Bittrex
4569,01-14-2021_15-49-13,LINK/USD,25.0,16.2214,16.21067082,0.016535533307850202,-0.07096446669214979,0.0875,False,Binance US,Bittrex
4570,01-14-2021_15-49-24,LINK/USD,25.0,16.2346,16.21761,0.026163256255158484,-0.06383674374484151,0.09,False,Binance US,Kraken
4571,01-14-2021_15-49-34,LINK/USD,25.0,16.2345,16.22243419,0.018580507561057145,-0.06891949243894285,0.0875,False,Binance US,Bittrex
4572,01-14-2021_15-49-45,LINK/USD,25.0,16.2346742,16.22994,0.007290260250497458,-0.12020973974950254,0.1275,False,Bittrex,Kraken
4573,01-14-2021_15-49-57,LINK/USD,25.0,16.23921084,16.21525,0.036887322044273245,-0.09061267795572675,0.1275,False,Bittrex,Kraken
4574,01-14-2021_15-50-09,LINK/USD,25.0,16.22535199,16.20896,0.025256755616305915,-0.10224324438369409,0.1275,False,Bittrex,Kraken
4575,01-14-2021_15-50-19,LINK/USD,25.0,16.22535189,16.20567,0.030325829192228287,-0.09717417080777171,0.1275,False,Bittrex,Kraken
4576,01-14-2021_15-50-30,LINK/USD,25.0,16.22589,16.20158,0.03745557254486477,-0.14754442745513524,0.185,False,Coinbase Pro,Kraken
4577,01-14-2021_15-50-41,LINK/USD,25.0,16.230136,16.21973,0.016028824404187438,-0.11147117559581257,0.1275,False,Bittrex,Kraken
4578,01-14-2021_15-50-52,LINK/USD,25.0,16.23013594,16.21319,0.02610258481913766,-0.10139741518086234,0.1275,False,Bittrex,Kraken
4579,01-14-2021_15-51-04,LINK/USD,25.0,16.23013579,16.20807,0.033988917723034036,-0.09351108227696597,0.1275,False,Bittrex,Kraken
4580,01-14-2021_15-51-15,LINK/USD,25.0,16.22982,16.22141802,0.012942195292367058,-0.11455780470763294,0.1275,False,Kraken,Bittrex
4581,01-14-2021_15-51-26,LINK/USD,25.0,16.2541,16.24179,0.018933684424236617,-0.12606631557576337,0.145,False,Binance US,Coinbase Pro
4582,01-14-2021_15-51-38,LINK/USD,25.0,16.2537,16.23734,0.02516350123356347,-0.11983649876643652,0.145,False,Binance US,Coinbase Pro
4583,01-14-2021_15-51-51,LINK/USD,25.0,16.2602,16.24361669,0.025496780482407135,-0.062003219517592856,0.0875,False,Binance US,Bittrex
4584,01-14-2021_15-52-03,LINK/USD,25.0,16.2575,16.23984,0.02715669690911786,-0.06284330309088214,0.09,False,Binance US,Kraken
4585,01-14-2021_15-52-13,LINK/USD,25.0,16.2433768,16.22627,0.02632888501361449,-0.1561711149863855,0.1825,False,Bittrex,Coinbase Pro
4586,01-14-2021_15-52-24,LINK/USD,25.0,16.25312736,16.24052,0.019392206374737517,-0.16310779362526248,0.1825,False,Bittrex,Coinbase Pro
4587,01-14-2021_15-52-35,LINK/USD,25.0,16.24263429,16.21712,0.03927055418545699,-0.143229445814543,0.1825,False,Bittrex,Coinbase Pro
4588,01-14-2021_15-52-45,LINK/USD,25.0,16.24263421,16.2278,0.022832210908971876,-0.15966778909102813,0.1825,False,Bittrex,Coinbase Pro
4589,01-14-2021_15-52-54,LINK/USD,25.0,16.2436,16.22999,0.02094671132015055,-0.12405328867984944,0.145,False,Binance US,Coinbase Pro
4590,01-14-2021_15-53-05,LINK/USD,25.0,16.24263402,16.22998,0.019476551623982503,-0.16302344837601748,0.1825,False,Bittrex,Coinbase Pro
4591,01-14-2021_15-53-16,LINK/USD,25.0,16.28013624,16.25007,0.04617012959346098,-0.08132987040653902,0.1275,False,Bittrex,Kraken
4592,01-14-2021_15-53-26,LINK/USD,25.0,16.28013613,16.25007,0.04616996098790918,-0.08133003901209082,0.1275,False,Bittrex,Kraken
4593,01-14-2021_15-53-37,LINK/USD,25.0,16.2871,16.26801,0.02930233129286137,-0.11569766870713862,0.145,False,Binance US,Coinbase Pro
4594,01-14-2021_15-53-48,LINK/USD,25.0,16.29293359,16.27429,0.028606864897925254,-0.15389313510207475,0.1825,False,Bittrex,Coinbase Pro
4595,01-14-2021_15-53-59,LINK/USD,25.0,16.2929335,16.26637,0.04075923467066526,-0.14174076532933474,0.1825,False,Bittrex,Coinbase Pro
4596,01-14-2021_15-54-10,LINK/USD,25.0,16.28239761,16.24783,0.053075122638526234,-0.12942487736147376,0.1825,False,Bittrex,Coinbase Pro
4597,01-14-2021_15-54-21,LINK/USD,25.0,16.272,16.26231,0.014887536873154944,-0.13011246312684505,0.145,False,Binance US,Coinbase Pro
4598,01-14-2021_15-54-32,LINK/USD,25.0,16.27965423,16.25943,0.031057523879609108,-0.15144247612039088,0.1825,False,Bittrex,Coinbase Pro
4599,01-14-2021_15-54-44,LINK/USD,25.0,16.27965418,16.26384,0.02428519031354989,-0.1582148096864501,0.1825,False,Bittrex,Coinbase Pro
4600,01-14-2021_15-54-57,LINK/USD,25.0,16.27965418,16.25958,0.030827098318623063,-0.15167290168137693,0.1825,False,Bittrex,Coinbase Pro
4601,01-14-2021_15-55-07,LINK/USD,25.0,16.27005473,16.2558,0.021903322140818565,-0.16059667785918144,0.1825,False,Bittrex,Coinbase Pro
4602,01-14-2021_15-55-18,LINK/USD,25.0,16.27005464,16.24929,0.031906223518378726,-0.15059377648162126,0.1825,False,Bittrex,Coinbase Pro
4603,01-14-2021_15-55-29,LINK/USD,25.0,16.2700545,16.25738,0.019475195980442558,-0.16302480401955743,0.1825,False,Bittrex,Coinbase Pro
4604,01-14-2021_15-55-40,LINK/USD,25.0,16.2872714,16.25416,0.050824044106004745,-0.13167595589399525,0.1825,False,Bittrex,Coinbase Pro
4605,01-14-2021_15-55-51,LINK/USD,25.0,16.26501,16.23858,0.04062401437195748,-0.14437598562804252,0.185,False,Kraken,Coinbase Pro
4606,01-14-2021_15-56-02,LINK/USD,25.0,16.25762418,16.22949,0.043263055672385024,-0.13923694432761496,0.1825,False,Bittrex,Coinbase Pro
4607,01-14-2021_15-56-13,LINK/USD,25.0,16.25762405,16.21765,0.06146969858120416,-0.12103030141879584,0.1825,False,Bittrex,Coinbase Pro
4608,01-14-2021_15-56-24,LINK/USD,25.0,16.24239773,16.21281,0.045540890101081415,-0.13695910989891857,0.1825,False,Bittrex,Coinbase Pro
4609,01-14-2021_15-56-34,LINK/USD,25.0,16.2335,16.21441,0.02939908214494486,-0.11560091785505514,0.145,False,Binance US,Coinbase Pro
4610,01-14-2021_15-56-44,LINK/USD,25.0,16.23045911,16.21217,0.02817096835654658,-0.1543290316434534,0.1825,False,Bittrex,Coinbase Pro
4611,01-14-2021_15-56-56,LINK/USD,25.0,16.22109536,16.20887,0.018841760880935095,-0.10865820911906493,0.12749997000000002,False,Bittrex,Kraken
4612,01-14-2021_15-57-07,LINK/USD,25.0,16.2337762,16.22035,0.02067633530638636,-0.16182366469361364,0.1825,False,Bittrex,Coinbase Pro
4613,01-14-2021_15-57-17,LINK/USD,25.0,16.24330642,16.23236,0.016847585887011466,-0.16565241411298853,0.1825,False,Bittrex,Coinbase Pro
4614,01-14-2021_15-57-28,LINK/USD,25.0,16.2433063,16.21888,0.03759440896586705,-0.08990559103413295,0.1275,False,Bittrex,Kraken
4615,01-14-2021_15-57-38,LINK/USD,25.0,16.23279179,16.20692,0.03984494832234903,-0.08765505167765097,0.1275,False,Bittrex,Kraken
4616,01-14-2021_15-57-49,LINK/USD,25.0,16.23279171,16.22524,0.011630331576529113,-0.11586966842347089,0.1275,False,Bittrex,Kraken
4617,01-14-2021_15-58-00,LINK/USD,25.0,16.2327916,16.22593,0.010567498445549295,-0.1719325015544507,0.1825,False,Bittrex,Coinbase Pro
4618,01-14-2021_15-58-11,LINK/USD,25.0,16.24902084,16.2259,0.0355726665435194,-0.1469273334564806,0.1825,False,Bittrex,Coinbase Pro
4619,01-14-2021_15-58-22,LINK/USD,25.0,16.2545,16.23412,0.03134516595404257,-0.05865483404595743,0.09,False,Binance US,Kraken
4620,01-14-2021_15-58-32,LINK/USD,25.0,16.2497,16.23412,0.02396967328627594,-0.06603032671372405,0.09,False,Binance US,Kraken
4621,01-14-2021_15-58-43,LINK/USD,25.0,16.26659169,16.25353,0.020074411174940375,-0.1624255888250596,0.1825,False,Bittrex,Coinbase Pro
4622,01-14-2021_15-58-54,LINK/USD,25.0,16.26659158,16.25936,0.011114159909335978,-0.11638584009066402,0.1275,False,Bittrex,Kraken
4623,01-14-2021_15-59-05,LINK/USD,25.0,16.2765892,16.26371,0.01978178573186639,-0.1627182142681336,0.1825,False,Bittrex,Coinbase Pro
4624,01-14-2021_15-59-15,LINK/USD,25.0,16.2951,16.27299,0.03392124012740241,-0.05607875987259758,0.09,False,Binance US,Kraken
4625,01-14-2021_15-59-27,LINK/USD,25.0,16.29888145,16.28699,0.01823967190092092,-0.1642603280990791,0.1825,False,Bittrex,Coinbase Pro
4626,01-14-2021_15-59-38,LINK/USD,25.0,16.30076237,16.28616,0.02239522555533425,-0.10510477444466576,0.1275,False,Bittrex,Kraken
4627,01-14-2021_15-59-50,LINK/USD,25.0,16.29534549,16.26716,0.043241626907043994,-0.139258373092956,0.1825,False,Bittrex,Coinbase Pro
4628,01-14-2021_16-00-01,LINK/USD,25.0,16.29533838,16.28596,0.014388133252132456,-0.11311186674786755,0.1275,False,Bittrex,Kraken
4629,01-14-2021_16-00-12,LINK/USD,25.0,16.32595,16.28596,0.06123686523601923,-0.12376313476398076,0.185,False,Coinbase Pro,Kraken
4630,01-14-2021_16-00-23,LINK/USD,25.0,16.3685,16.35429,0.021703271527632424,-0.12329672847236757,0.145,False,Binance US,Coinbase Pro
4631,01-14-2021_16-00-34,LINK/USD,25.0,16.3683,16.35721,0.01693822816053428,-0.07306177183946572,0.09,False,Binance US,Kraken
4632,01-14-2021_16-00-44,LINK/USD,25.0,16.37283293,16.35122,0.03300120707943952,-0.14949879292056048,0.1825,False,Bittrex,Coinbase Pro
4633,01-14-2021_16-00-54,LINK/USD,25.0,16.38652259,16.3686,0.027343492039816824,-0.03515650796018317,0.0625,False,Bittrex,Binance US
4634,01-14-2021_16-01-04,LINK/USD,25.0,16.4281,16.40199,0.03973374888148841,-0.05026625111851159,0.09,False,Binance US,Kraken
4635,01-14-2021_16-01-15,LINK/USD,25.0,16.4480637,16.41835,0.04516291482990565,-0.13733707517009436,0.18249999,False,Bittrex,Coinbase Pro
4636,01-14-2021_16-01-26,LINK/USD,25.0,16.4484,16.41626,0.0488497361445464,-0.041150263855453596,0.09,False,Binance US,Kraken
4637,01-14-2021_16-01-36,LINK/USD,25.0,16.4541,16.43335366,0.03152153566588077,-0.055978464334119224,0.0875,False,Binance US,Bittrex
4638,01-14-2021_16-01-46,LINK/USD,25.0,16.49212,16.4589,0.050357382798572936,-0.13464261720142706,0.185,False,Coinbase Pro,Kraken
4639,01-14-2021_16-01-58,LINK/USD,25.0,16.5,16.49999,1.5151515150941549e-05,-0.18498484848484906,0.185,False,Coinbase Pro,Kraken
4640,01-14-2021_16-02-09,LINK/USD,25.0,16.5119276,16.47387,0.05762137668287493,-0.12487862331712507,0.1825,False,Bittrex,Coinbase Pro
4641,01-14-2021_16-02-20,LINK/USD,25.0,16.5324,16.5,0.04899470131378248,-0.041005298686217516,0.09,False,Binance US,Kraken
4642,01-14-2021_16-02-30,LINK/USD,25.0,16.5347,16.5,0.052465421205103266,-0.03753457879489673,0.09,False,Binance US,Kraken
4643,01-14-2021_16-02-40,LINK/USD,25.0,16.5635,16.54471,0.028360551815743575,-0.06163944818425642,0.09,False,Binance US,Kraken
4644,01-14-2021_16-02-52,LINK/USD,25.0,16.5589991,16.53959,0.029302948630513442,-0.09819705136948656,0.1275,False,Bittrex,Kraken
4645,01-14-2021_16-03-05,LINK/USD,25.0,16.5636,16.55685,0.010188002608129052,-0.07981199739187095,0.09,False,Binance US,Kraken
4646,01-14-2021_16-03-16,LINK/USD,25.0,16.57557126,16.5685,0.010665182950684053,-0.051834817049315945,0.0625,False,Bittrex,Binance US
4647,01-14-2021_16-03-27,LINK/USD,25.0,16.59807,16.57513,0.0345522099858574,-0.1504477900141426,0.185,False,Kraken,Coinbase Pro
4648,01-14-2021_16-03-39,LINK/USD,25.0,16.5959,16.57557125,0.030623150898717297,-0.0568768491012827,0.0875,False,Binance US,Bittrex
4649,01-14-2021_16-03-52,LINK/USD,25.0,16.598,16.57557125,0.0337823081094101,-0.05371769189058989,0.0875,False,Binance US,Bittrex
4650,01-14-2021_16-04-05,LINK/USD,25.0,16.59482,16.57557125,0.02899813013940367,-0.09850186986059634,0.1275,False,Kraken,Bittrex
4651,01-14-2021_16-04-16,LINK/USD,25.0,16.5567,16.53429,0.03383826487162404,-0.11116173512837596,0.145,False,Binance US,Coinbase Pro
4652,01-14-2021_16-04-27,LINK/USD,25.0,16.5567,16.52873,0.042233657673328366,-0.10276634232667162,0.145,False,Binance US,Coinbase Pro
4653,01-14-2021_16-04-41,LINK/USD,25.0,16.5952,16.57557122,0.02956996601426603,-0.057930033985733966,0.0875,False,Binance US,Bittrex
4654,01-14-2021_16-04-52,LINK/USD,25.0,16.64,16.59999,0.060111177884618866,-0.02988882211538113,0.09,False,Binance US,Kraken
4655,01-14-2021_16-05-05,LINK/USD,25.0,16.62227783,16.58425,0.05719407169841649,-0.1253059283015835,0.1825,False,Bittrex,Coinbase Pro
4656,01-14-2021_16-05-16,LINK/USD,25.0,16.6120152,16.58412,0.04198045761479871,-0.08551954238520129,0.1275,False,Bittrex,Kraken
4657,01-14-2021_16-05-28,LINK/USD,25.0,16.6398,16.6,0.0597963917835545,-0.030203608216445493,0.09,False,Binance US,Kraken
4658,01-14-2021_16-05-39,LINK/USD,25.0,16.64,16.62639869,0.020434660456733904,-0.06706533954326609,0.0875,False,Binance US,Bittrex
4659,01-14-2021_16-05-50,LINK/USD,25.0,16.65,16.62639869,0.03543740240240255,-0.14706259759759743,0.1825,False,Coinbase Pro,Bittrex
4660,01-14-2021_16-06-01,LINK/USD,25.0,16.64861902,16.61404,0.05192475718025418,-0.1305752428197458,0.1825,False,Bittrex,Coinbase Pro
4661,01-14-2021_16-06-12,LINK/USD,25.0,16.62184505,16.5767,0.06790017874700698,-0.11459982125299302,0.1825,False,Bittrex,Coinbase Pro
4662,01-14-2021_16-06-24,LINK/USD,25.0,16.59641045,16.56446,0.04812855481047722,-0.07937144518952279,0.1275,False,Bittrex,Kraken
4663,01-14-2021_16-06-36,LINK/USD,25.0,16.56434421,16.53176,0.04917823728320589,-0.07832176271679411,0.1275,False,Bittrex,Kraken
4664,01-14-2021_16-06-47,LINK/USD,25.0,16.566,16.53928,0.04032355426777347,-0.04967644573222653,0.09,False,Binance US,Kraken
4665,01-14-2021_16-06-58,LINK/USD,25.0,16.56316672,16.54045,0.03428800842258532,-0.14821199157741466,0.1825,False,Bittrex,Coinbase Pro
4666,01-14-2021_16-07-09,LINK/USD,25.0,16.56259868,16.54751,0.022775230342056488,-0.15972476965794352,0.1825,False,Bittrex,Coinbase Pro
4667,01-14-2021_16-07-20,LINK/USD,25.0,16.569,16.55032,0.028185165067294057,-0.11681483493270593,0.145,False,Binance US,Coinbase Pro
4668,01-14-2021_16-07-31,LINK/USD,25.0,16.6151,16.56434409,0.07637015425727653,-0.011129845742723465,0.0875,False,Binance US,Bittrex
4669,01-14-2021_16-07-43,LINK/USD,25.0,16.6418,16.59476,0.07066543282577468,-0.01933456717422531,0.09,False,Binance US,Kraken
4670,01-14-2021_16-07-54,LINK/USD,25.0,16.65278214,16.63684,0.023933148025918897,-0.1585668519740811,0.1825,False,Bittrex,Coinbase Pro
4671,01-14-2021_16-08-06,LINK/USD,25.0,16.65278199,16.62918,0.03543250313096712,-0.14706749686903287,0.1825,False,Bittrex,Coinbase Pro
4672,01-14-2021_16-08-18,LINK/USD,25.0,16.6527818,16.63688,0.023872588062131144,-0.15862741193786886,0.1825,False,Bittrex,Coinbase Pro
4673,01-14-2021_16-08-30,LINK/USD,25.0,16.65278173,16.63424,0.02783578488661694,-0.15466421511338305,0.1825,False,Bittrex,Coinbase Pro
4674,01-14-2021_16-08-41,LINK/USD,25.0,16.65278165,16.63788,0.02237111239611179,-0.16012888760388821,0.1825,False,Bittrex,Coinbase Pro
4675,01-14-2021_16-08-54,LINK/USD,25.0,16.65278157,16.64,0.019188340918107952,-0.10831165908189205,0.1275,False,Bittrex,Kraken
4676,01-14-2021_16-09-05,LINK/USD,25.0,16.6527814,16.63615,0.02496790115793788,-0.15753209884206212,0.1825,False,Bittrex,Coinbase Pro
4677,01-14-2021_16-09-16,LINK/USD,25.0,16.65278133,16.63089,0.03286437497465024,-0.14963562502534977,0.1825,False,Bittrex,Coinbase Pro
4678,01-14-2021_16-09-28,LINK/USD,25.0,16.65278115,16.63977,0.019532998546612928,-0.10796700145338707,0.1275,False,Bittrex,Kraken
4679,01-14-2021_16-09-41,LINK/USD,25.0,16.67847,16.66466,0.020700340019197554,-0.16429965998080245,0.185,False,Kraken,Coinbase Pro
4680,01-14-2021_16-09-52,LINK/USD,25.0,16.67847,16.66106,0.02609651844563935,-0.15890348155436065,0.185,False,Kraken,Coinbase Pro
4681,01-14-2021_16-10-03,LINK/USD,25.0,16.6724,16.65543,0.02544624649120792,-0.11955375350879208,0.145,False,Binance US,Coinbase Pro
4682,01-14-2021_16-10-14,LINK/USD,25.0,16.6719,16.65926,0.018954048428795,-0.126045951571205,0.145,False,Binance US,Coinbase Pro
4683,01-14-2021_16-10-26,LINK/USD,25.0,16.68313,16.66738247,0.02359798491050351,-0.1039020150894965,0.1275,False,Kraken,Bittrex
4684,01-14-2021_16-10-37,LINK/USD,25.0,16.6726,16.66222,0.015564459052574036,-0.07443554094742597,0.09,False,Binance US,Kraken
4685,01-14-2021_16-10-47,LINK/USD,25.0,16.68681,16.66738247,0.029106117346577212,-0.09839388265342279,0.1275,False,Kraken,Bittrex
4686,01-14-2021_16-10-59,LINK/USD,25.0,16.6704,16.64721,0.034777209904980684,-0.11022279009501931,0.145,False,Binance US,Coinbase Pro
4687,01-14-2021_16-11-10,LINK/USD,25.0,16.68886,16.66738247,0.03217345283020908,-0.09532654716979092,0.1275,False,Kraken,Bittrex
4688,01-14-2021_16-11-20,LINK/USD,25.0,16.6925,16.67031568,0.03322498127901359,-0.05427500872098641,0.08749999,False,Binance US,Bittrex
4689,01-14-2021_16-11-32,LINK/USD,25.0,16.6914,16.67031568,0.03157961585007838,-0.05592037414992162,0.08749999,False,Binance US,Bittrex
4690,01-14-2021_16-11-43,LINK/USD,25.0,16.70241167,16.68717,0.022813576717454005,-0.15968642328254598,0.1825,False,Bittrex,Coinbase Pro
4691,01-14-2021_16-11-54,LINK/USD,25.0,16.70241151,16.689,0.02007421202616651,-0.10742575797383351,0.12749997000000002,False,Bittrex,Kraken
4692,01-14-2021_16-12-05,LINK/USD,25.0,16.70241132,16.67847,0.035835125152454204,-0.14666487484754578,0.1825,False,Bittrex,Coinbase Pro
4693,01-14-2021_16-12-16,LINK/USD,25.0,16.6728724,16.64574,0.04068345176083648,-0.1418165482391635,0.1825,False,Bittrex,Coinbase Pro
4694,01-14-2021_16-12-26,LINK/USD,25.0,16.67287232,16.64635,0.039768672564269344,-0.14273132743573064,0.1825,False,Bittrex,Coinbase Pro
4695,01-14-2021_16-12-36,LINK/USD,25.0,16.67287226,16.64535,0.04126802444535403,-0.14123197555464595,0.1825,False,Bittrex,Coinbase Pro
4696,01-14-2021_16-12-47,LINK/USD,25.0,16.65783806,16.63393,0.035881096805428,-0.146618903194572,0.1825,False,Bittrex,Coinbase Pro
4697,01-14-2021_16-12-59,LINK/USD,25.0,16.664,16.65172,0.01842294767162823,-0.12657705232837177,0.145,False,Binance US,Coinbase Pro
4698,01-14-2021_16-13-09,LINK/USD,25.0,16.62554979,16.58674,0.05835865654100867,-0.12414134345899133,0.1825,False,Bittrex,Coinbase Pro
4699,01-14-2021_16-13-20,LINK/USD,25.0,16.6146,16.59582,0.028258278863167896,-0.1167417211368321,0.145,False,Binance US,Coinbase Pro
4700,01-14-2021_16-13-31,LINK/USD,25.0,16.62717157,16.61124,0.023954119215242587,-0.1585458807847574,0.1825,False,Bittrex,Coinbase Pro
4701,01-14-2021_16-13-42,LINK/USD,25.0,16.6271715,16.60024,0.04049320715793406,-0.08700679284206594,0.1275,False,Bittrex,Kraken
4702,01-14-2021_16-13-55,LINK/USD,25.0,16.62717133,16.60504,0.033275849452620875,-0.14922415054737911,0.1825,False,Bittrex,Coinbase Pro
4703,01-14-2021_16-14-08,LINK/USD,25.0,16.62180041,16.59893,0.03439821414628491,-0.09310178585371509,0.1275,False,Bittrex,Kraken
4704,01-14-2021_16-14-20,LINK/USD,25.0,16.62180034,16.59064,0.046866674130678986,-0.08063332586932101,0.1275,False,Bittrex,Kraken
4705,01-14-2021_16-14-32,LINK/USD,25.0,16.6096,16.60493,0.007029067527214443,-0.13797093247278555,0.145,False,Binance US,Coinbase Pro
4706,01-14-2021_16-14-44,LINK/USD,25.0,16.6131,16.60041,0.019096375751664656,-0.07090362424833534,0.09,False,Binance US,Kraken
4707,01-14-2021_16-14-56,LINK/USD,25.0,16.60854633,16.59906,0.014279290028626303,-0.1682207099713737,0.1825,False,Bittrex,Coinbase Pro
4708,01-14-2021_16-15-09,LINK/USD,25.0,16.6148,16.60352,0.016972819414015353,-0.12802718058598464,0.145,False,Binance US,Coinbase Pro
4709,01-14-2021_16-15-21,LINK/USD,25.0,16.6094,16.60175,0.011514564042051053,-0.13348543595794893,0.145,False,Binance US,Coinbase Pro
4710,01-14-2021_16-15-32,LINK/USD,25.0,16.60854627,16.58956,0.02857906660123774,-0.15392093339876226,0.1825,False,Bittrex,Coinbase Pro
4711,01-14-2021_16-15-43,LINK/USD,25.0,16.60854609,16.59002,0.027886381353928787,-0.09961361864607121,0.1275,False,Bittrex,Kraken
4712,01-14-2021_16-16-47,LINK/USD,25.0,16.60188,16.56772,0.05143995740241461,-0.1335600425975854,0.185,False,Coinbase Pro,Kraken
4713,01-14-2021_16-17-00,LINK/USD,25.0,16.61940916,16.58578,0.05058717743248622,-0.07691282256751378,0.1275,False,Bittrex,Kraken
4714,01-14-2021_16-17-13,LINK/USD,25.0,16.61903715,16.58578,0.05002869555532694,-0.07747130444467307,0.1275,False,Bittrex,Kraken
4715,01-14-2021_16-17-26,LINK/USD,25.0,16.61351635,16.5973,0.02440234454038465,-0.10309765545961536,0.1275,False,Bittrex,Kraken
4716,01-14-2021_16-17-37,LINK/USD,25.0,16.6154,16.60508,0.015527763400219233,-0.07447223659978076,0.09,False,Binance US,Kraken
4717,01-14-2021_16-17-48,LINK/USD,25.0,16.6402,16.62722149,0.01949872898162273,-0.06800127101837726,0.0875,False,Binance US,Bittrex
4718,01-14-2021_16-17-59,LINK/USD,25.0,16.6319,16.61973,0.018293159530782897,-0.1267068404692171,0.145,False,Binance US,Coinbase Pro
4719,01-14-2021_16-18-10,LINK/USD,25.0,16.64673056,16.62289,0.03580366714363401,-0.091696332856366,0.1275,False,Bittrex,Kraken
4720,01-14-2021_16-18-21,LINK/USD,25.0,16.64673049,16.61619,0.04586559807997456,-0.08163440192002544,0.1275,False,Bittrex,Kraken
4721,01-14-2021_16-18-31,LINK/USD,25.0,16.64418835,16.62289,0.03199067078569587,-0.09550932921430413,0.1275,False,Bittrex,Kraken
4722,01-14-2021_16-18-43,LINK/USD,25.0,16.64418827,16.62289,0.03199055077739616,-0.09550944922260385,0.1275,False,Bittrex,Kraken
4723,01-14-2021_16-18-53,LINK/USD,25.0,16.64418585,16.62289,0.03198692052576093,-0.09551307947423907,0.1275,False,Bittrex,Kraken
4724,01-14-2021_16-19-04,LINK/USD,25.0,16.62388621,16.61214,0.01766465712591989,-0.10983534287408012,0.1275,False,Bittrex,Kraken
4725,01-14-2021_16-19-15,LINK/USD,25.0,16.6238801,16.60062,0.034979950318580665,-0.14752004968141932,0.1825,False,Bittrex,Coinbase Pro
4726,01-14-2021_16-19-26,LINK/USD,25.0,16.61872732,16.60684,0.017882416281205255,-0.10961758371879475,0.1275,False,Bittrex,Kraken
4727,01-14-2021_16-19-37,LINK/USD,25.0,16.61072606,16.59013,0.03099813326281925,-0.09650186673718075,0.1275,False,Bittrex,Kraken
4728,01-14-2021_16-19-48,LINK/USD,25.0,16.59626394,16.57622,0.03019345208124106,-0.09730654791875894,0.1275,False,Bittrex,Kraken
4729,01-14-2021_16-20-00,LINK/USD,25.0,16.60397,16.56927,0.052246541038078305,-0.1327534589619217,0.185,False,Coinbase Pro,Kraken
4730,01-14-2021_16-20-12,LINK/USD,25.0,16.62494193,16.6106,0.021566887361748742,-0.16093311263825125,0.1825,False,Bittrex,Coinbase Pro
4731,01-14-2021_16-20-23,LINK/USD,25.0,16.6131,16.6014,0.01760658757245427,-0.07239341242754573,0.09,False,Binance US,Kraken
4732,01-14-2021_16-20-33,LINK/USD,25.0,16.60213007,16.57977,0.033670483705590684,-0.09382951629440932,0.1275,False,Bittrex,Kraken
4733,01-14-2021_16-20-43,LINK/USD,25.0,16.5882096,16.56217,0.03924413880085154,-0.08825586119914847,0.1275,False,Bittrex,Kraken
4734,01-14-2021_16-20-53,LINK/USD,25.0,16.5689,16.54075,0.042474153383749255,-0.04752584661625074,0.09,False,Binance US,Kraken
4735,01-14-2021_16-21-04,LINK/USD,25.0,16.56393753,16.5356,0.04276991800512079,-0.08473007199487922,0.12749999,False,Bittrex,Kraken
4736,01-14-2021_16-21-15,LINK/USD,25.0,16.55287881,16.54115,0.017714154339297423,-0.10978584566070258,0.1275,False,Bittrex,Kraken
4737,01-14-2021_16-21-26,LINK/USD,25.0,16.55287873,16.53177,0.03188075371104669,-0.1506192462889533,0.1825,False,Bittrex,Coinbase Pro
4738,01-14-2021_16-21-36,LINK/USD,25.0,16.55287864,16.5384,0.02186725390019548,-0.16063274609980452,0.1825,False,Bittrex,Coinbase Pro
4739,01-14-2021_16-21-47,LINK/USD,25.0,16.55072767,16.53058,0.030433208741208268,-0.15206679125879172,0.1825,False,Bittrex,Coinbase Pro
4740,01-14-2021_16-21-57,LINK/USD,25.0,16.55072758,16.52682,0.03611258158355762,-0.14638741841644237,0.1825,False,Bittrex,Coinbase Pro
4741,01-14-2021_16-22-07,LINK/USD,25.0,16.569,16.5383,0.04632144365984596,-0.04367855634015404,0.09,False,Binance US,Kraken
4742,01-14-2021_16-22-20,LINK/USD,25.0,16.5706,16.5383,0.04873088482010207,-0.041269115179897925,0.09,False,Binance US,Kraken
4743,01-14-2021_16-22-31,LINK/USD,25.0,16.5686,16.54915,0.029347681759471347,-0.06065231824052865,0.09,False,Binance US,Kraken
4744,01-14-2021_16-22-41,LINK/USD,25.0,16.56609948,16.55001,0.02428073068651824,-0.15821926931348176,0.1825,False,Bittrex,Coinbase Pro
4745,01-14-2021_16-22-53,LINK/USD,25.0,16.5954,16.52455,0.10673138339539884,-0.07826861660460116,0.185,False,Coinbase Pro,Kraken
4746,01-14-2021_16-23-03,LINK/USD,25.0,16.64352056,16.58367,0.08990069105907579,-0.03759930894092421,0.1275,False,Bittrex,Kraken
4747,01-14-2021_16-23-13,LINK/USD,25.0,16.6031,16.59042,0.019092820015538633,-0.12590717998446135,0.145,False,Binance US,Coinbase Pro
4748,01-14-2021_16-23-26,LINK/USD,25.0,16.60266851,16.58774,0.02247908218942198,-0.160020917810578,0.1825,False,Bittrex,Coinbase Pro
4749,01-14-2021_16-23-37,LINK/USD,25.0,16.6121,16.6,0.01820961829028272,-0.12679038170971726,0.145,False,Binance US,Coinbase Pro
4750,01-14-2021_16-23-47,LINK/USD,25.0,16.63780974,16.61208,0.038661549209425446,-0.14383845079057456,0.1825,False,Bittrex,Coinbase Pro
4751,01-14-2021_16-23-58,LINK/USD,25.0,16.63780963,16.62317,0.021997532015278487,-0.10550246798472152,0.1275,False,Bittrex,Kraken
4752,01-14-2021_16-24-10,LINK/USD,25.0,16.72906697,16.63636,0.13854175215846157,-0.04395824784153843,0.1825,False,Bittrex,Coinbase Pro
4753,01-14-2021_16-24-22,LINK/USD,25.0,16.72906678,16.6818,0.07063570942359682,0.008135709423596815,0.0625,False,Bittrex,Binance US
4754,01-14-2021_16-24-34,LINK/USD,25.0,16.72906356,16.6836,0.06794098162898267,0.005440981628982669,0.0625,False,Bittrex,Binance US
4755,01-14-2021_16-24-44,LINK/USD,25.0,16.72997,16.71518,0.022101055769976594,-0.1628989442300234,0.185,False,Coinbase Pro,Kraken
4756,01-14-2021_16-24-56,LINK/USD,25.0,16.7664,16.74,0.03936444317206201,-0.145635556827938,0.185,False,Coinbase Pro,Kraken
4757,01-14-2021_16-25-09,LINK/USD,25.0,16.8,16.78,0.02976190476190413,-0.09023809523809587,0.12,False,Coinbase Pro,Binance US
4758,01-14-2021_16-25-19,LINK/USD,25.0,16.81015993,16.79346,0.02483606650612257,-0.10266393349387742,0.1275,False,Bittrex,Kraken
4759,01-14-2021_16-25-30,LINK/USD,25.0,16.83399988,16.81616,0.026493822215710335,-0.15600617778428966,0.1825,False,Bittrex,Coinbase Pro
4760,01-14-2021_16-25-41,LINK/USD,25.0,16.83399998,16.82676,0.01075201973476741,-0.17174798026523258,0.1825,False,Bittrex,Coinbase Pro
4761,01-14-2021_16-25-52,LINK/USD,25.0,16.83384544,16.80105,0.04870461730935467,-0.07879538269064533,0.1275,False,Bittrex,Kraken
4762,01-14-2021_16-26-02,LINK/USD,25.0,16.83384536,16.81607,0.02639824653824918,-0.10110175346175082,0.1275,False,Bittrex,Kraken
4763,01-14-2021_16-26-11,LINK/USD,25.0,16.83384522,16.81647,0.025803997501649967,-0.10169600249835004,0.1275,False,Bittrex,Kraken
4764,01-14-2021_16-26-22,LINK/USD,25.0,16.8692,16.834,0.05216607782230289,-0.035333922177697104,0.0875,False,Binance US,Bittrex
4765,01-14-2021_16-26-34,LINK/USD,25.0,16.89,16.85,0.05920663114268672,-0.12329336885731328,0.1825,False,Coinbase Pro,Bittrex
4766,01-14-2021_16-26-44,LINK/USD,25.0,16.88916,16.85,0.057966174753509014,-0.06953382524649099,0.1275,False,Kraken,Bittrex
4767,01-14-2021_16-26-55,LINK/USD,25.0,16.88939999,16.85162,0.05592263494021354,-0.12657735505978646,0.18249999,False,Bittrex,Coinbase Pro
4768,01-14-2021_16-27-06,LINK/USD,25.0,16.8881,16.87096,0.02537289570763032,-0.11962710429236967,0.145,False,Binance US,Coinbase Pro
4769,01-14-2021_16-27-17,LINK/USD,25.0,16.9081,16.88939979,0.0276497802828263,-0.05985021971717369,0.0875,False,Binance US,Bittrex
4770,01-14-2021_16-27-27,LINK/USD,25.0,16.898,16.8783,0.029145461001302334,-0.11585453899869766,0.145,False,Binance US,Coinbase Pro
4771,01-14-2021_16-27-38,LINK/USD,25.0,16.88939998,16.87719,0.01807343661477059,-0.1644265633852294,0.1825,False,Bittrex,Coinbase Pro
4772,01-14-2021_16-27-50,LINK/USD,25.0,16.8984,16.88939992,0.013314988401268546,-0.07418501159873145,0.0875,False,Binance US,Bittrex
4773,01-14-2021_16-28-02,LINK/USD,25.0,16.8984,16.8894,0.013314870046868849,-0.07418512995313115,0.0875,False,Binance US,Bittrex
4774,01-14-2021_16-28-14,LINK/USD,25.0,16.88939994,16.87614,0.019627606734264294,-0.16287239326573572,0.1825,False,Bittrex,Coinbase Pro
4775,01-14-2021_16-28-25,LINK/USD,25.0,16.88977,16.88001,0.014446614725955403,-0.1705533852740446,0.185,False,Kraken,Coinbase Pro
4776,01-14-2021_16-28-36,LINK/USD,25.0,16.89,16.885,0.007400828892834525,-0.057599171107165476,0.065,False,Kraken,Binance US
4777,01-14-2021_16-28-47,LINK/USD,25.0,16.89773,16.885,0.018833890706026323,-0.10116610929397367,0.12,False,Coinbase Pro,Binance US
4778,01-14-2021_16-29-00,LINK/USD,25.0,16.93000934,16.89112,0.05742663695423686,-0.07007336304576314,0.1275,False,Bittrex,Kraken
4779,01-14-2021_16-29-12,LINK/USD,25.0,16.93000924,16.9,0.0443136792995658,-0.0831863207004342,0.1275,False,Bittrex,Kraken
4780,01-14-2021_16-29-24,LINK/USD,25.0,16.93028,16.9118,0.02728838507100927,-0.037711614928990736,0.065,False,Kraken,Binance US
4781,01-14-2021_16-29-37,LINK/USD,25.0,16.95803209,16.92488,0.04887372813079452,-0.13362626186920548,0.18249999,False,Bittrex,Coinbase Pro
4782,01-14-2021_16-29-48,LINK/USD,25.0,16.9580318,16.92552,0.04792979572075362,-0.14457020427924638,0.1925,False,Bittrex,Coinbase Pro
4783,01-14-2021_16-30-02,LINK/USD,25.0,16.9580321,16.9272,0.045453534670454716,-0.017046465329545284,0.0625,False,Bittrex,Binance US
4784,01-14-2021_16-30-16,LINK/USD,25.0,16.96111266,16.94991,0.016512271666029574,-0.1659877283339704,0.1825,False,Bittrex,Coinbase Pro
4785,01-14-2021_16-30-27,LINK/USD,25.0,16.96111259,16.93,0.04585871038074297,-0.13664128961925703,0.1825,False,Bittrex,Coinbase Pro
4786,01-14-2021_16-30-39,LINK/USD,25.0,16.96111245,16.90557,0.08186734532262474,-0.10063265467737526,0.1825,False,Bittrex,Coinbase Pro
4787,01-14-2021_16-30-50,LINK/USD,25.0,16.91862193,16.87782,0.0602914501086683,-0.1222085498913317,0.1825,False,Bittrex,Coinbase Pro
4788,01-14-2021_16-31-02,LINK/USD,25.0,16.91725148,16.89499,0.03289760163806607,-0.14960239836193392,0.1825,False,Bittrex,Coinbase Pro
4789,01-14-2021_16-31-14,LINK/USD,25.0,16.91725135,16.89357,0.034995859418971716,-0.1475041405810283,0.1825,False,Bittrex,Coinbase Pro
4790,01-14-2021_16-31-26,LINK/USD,25.0,16.91725124,16.89633,0.030917020299569425,-0.15158297970043058,0.1825,False,Bittrex,Coinbase Pro
4791,01-14-2021_16-31-37,LINK/USD,25.0,16.91725116,16.88976,0.04062592636947097,-0.14187407363052904,0.1825,False,Bittrex,Coinbase Pro
4792,01-14-2021_16-31-48,LINK/USD,25.0,16.91725105,16.88503,0.047615670395812354,-0.13488432960418764,0.1825,False,Bittrex,Coinbase Pro
4793,01-14-2021_16-31-59,LINK/USD,25.0,16.89795313,16.84174,0.08316559048237772,-0.09933440951762228,0.1825,False,Bittrex,Coinbase Pro
4794,01-14-2021_16-32-12,LINK/USD,25.0,16.88920707,16.8775,0.01732921793112921,-0.11017078206887079,0.1275,False,Bittrex,Kraken
4795,01-14-2021_16-32-23,LINK/USD,25.0,16.8991,16.88899,0.014956417797398902,-0.1400435822026011,0.155,False,Binance US,Coinbase Pro
4796,01-14-2021_16-32-35,LINK/USD,25.0,16.89795273,16.83092,0.09917285701864,-0.08332714298136,0.1825,False,Bittrex,Coinbase Pro
4797,01-14-2021_16-32-44,LINK/USD,25.0,16.85776713,16.81904,0.0574321760725349,-0.1250678239274651,0.1825,False,Bittrex,Coinbase Pro
4798,01-14-2021_16-32-57,LINK/USD,25.0,16.85721746,16.83295,0.03598971784279396,-0.14651028215720605,0.1825,False,Bittrex,Coinbase Pro
4799,01-14-2021_16-33-08,LINK/USD,25.0,16.8659,16.83100105,0.051730044053383994,-0.07576995594661601,0.1275,False,Kraken,Bittrex
4800,01-14-2021_16-33-18,LINK/USD,25.0,16.8353,16.82956,0.008523756630412604,-0.08147624336958739,0.09,False,Binance US,Kraken
4801,01-14-2021_16-33-29,LINK/USD,25.0,16.857,16.83100105,0.03855809159399388,-0.04894190840600612,0.0875,False,Binance US,Bittrex
4802,01-14-2021_16-33-41,LINK/USD,25.0,16.8451,16.83100105,0.020924408284898135,-0.06657559171510186,0.0875,False,Binance US,Bittrex
4803,01-14-2021_16-33-52,LINK/USD,25.0,16.8358,16.82897,0.010142078190518461,-0.07985792180948154,0.09,False,Binance US,Kraken
4804,01-14-2021_16-34-05,LINK/USD,25.0,16.84027,16.82924,0.016374440552321384,-0.16862555944767862,0.185,False,Kraken,Coinbase Pro
4805,01-14-2021_16-34-16,LINK/USD,25.0,16.8487,16.83100105,0.02626159585012459,-0.0612384041498754,0.0875,False,Binance US,Bittrex
4806,01-14-2021_16-34-27,LINK/USD,25.0,16.8759,16.86982,0.009006927037966496,-0.1359930729620335,0.145,False,Binance US,Coinbase Pro
4807,01-14-2021_16-34-37,LINK/USD,25.0,16.88153432,16.85514,0.039087560851520715,-0.1434124391484793,0.1825,False,Bittrex,Coinbase Pro
4808,01-14-2021_16-34-49,LINK/USD,25.0,16.8815343,16.86152,0.029639337936243907,-0.1528606620637561,0.1825,False,Bittrex,Coinbase Pro
4809,01-14-2021_16-35-01,LINK/USD,25.0,16.88153411,16.83102,0.07480675285618595,-0.10769324714381405,0.1825,False,Bittrex,Coinbase Pro
4810,01-14-2021_16-35-13,LINK/USD,25.0,16.86038629,16.82699,0.04951886840785193,-0.13298113159214806,0.1825,False,Bittrex,Coinbase Pro
4811,01-14-2021_16-35-28,LINK/USD,25.0,16.83736016,16.81413,0.03449198653953463,-0.09300801346046537,0.1275,False,Bittrex,Kraken
4812,01-14-2021_16-35-40,LINK/USD,25.0,16.83338531,16.81123,0.0329038241446905,-0.0945961758553095,0.1275,False,Bittrex,Kraken
4813,01-14-2021_16-35-51,LINK/USD,25.0,16.83338525,16.81123,0.03290373515333294,-0.09459626484666706,0.1275,False,Bittrex,Kraken
4814,01-14-2021_16-36-02,LINK/USD,25.0,16.83338516,16.8058,0.04096793327337709,-0.02153206672662291,0.0625,False,Bittrex,Binance US
4815,01-14-2021_16-36-13,LINK/USD,25.0,16.83338503,16.7976,0.05314592094255619,-0.1293540790574438,0.1825,False,Bittrex,Coinbase Pro
4816,01-14-2021_16-36-24,LINK/USD,25.0,16.83338486,16.81191,0.031893258810690966,-0.09560674118930904,0.1275,False,Bittrex,Kraken
4817,01-14-2021_16-36-36,LINK/USD,25.0,16.8602,16.83338482,0.03976106451880736,-0.04773893548119264,0.0875,False,Binance US,Bittrex
4818,01-14-2021_16-36-51,LINK/USD,25.0,16.86925791,16.85151,0.026302149885146668,-0.15619785011485332,0.1825,False,Bittrex,Coinbase Pro
4819,01-14-2021_16-37-02,LINK/USD,25.0,16.86925787,16.86306,0.009185155102495342,-0.11831484489750466,0.1275,False,Bittrex,Kraken
4820,01-14-2021_16-37-13,LINK/USD,25.0,16.86452107,16.81194,0.07794628406841364,-0.10455371593158636,0.1825,False,Bittrex,Coinbase Pro
4821,01-14-2021_16-37-25,LINK/USD,25.0,16.86452058,16.80716,0.08503144178914007,-0.04246855821085993,0.1275,False,Bittrex,Kraken
4822,01-14-2021_16-37-35,LINK/USD,25.0,16.84783831,16.82008,0.04118972043957044,-0.14131027956042955,0.1825,False,Bittrex,Coinbase Pro
4823,01-14-2021_16-37-47,LINK/USD,25.0,16.848,16.82999,0.026724240265907386,-0.1182757597340926,0.145,False,Binance US,Coinbase Pro
4824,01-14-2021_16-37-57,LINK/USD,25.0,16.84783814,16.81234,0.0526746216710766,-0.0748253783289234,0.1275,False,Bittrex,Kraken
4825,01-14-2021_16-38-07,LINK/USD,25.0,16.84783788,16.78174,0.09808065650736328,-0.08441934349263672,0.1825,False,Bittrex,Coinbase Pro
4826,01-14-2021_16-38-21,LINK/USD,25.0,16.7859,16.7591,0.0399144520103204,-0.050085547989679596,0.09,False,Binance US,Kraken
4827,01-14-2021_16-38-32,LINK/USD,25.0,16.78586241,16.7642,0.03226287912841461,-0.1602371208715854,0.1925,False,Bittrex,Coinbase Pro
4828,01-14-2021_16-38-43,LINK/USD,25.0,16.79645,16.77529,0.031494750378803026,-0.15350524962119697,0.185,False,Coinbase Pro,Kraken
4829,01-14-2021_16-38-56,LINK/USD,25.0,16.84783776,16.7956,0.07751404177814294,-0.04998595822185706,0.1275,False,Bittrex,Kraken
4830,01-14-2021_16-39-07,LINK/USD,25.0,16.852,16.8203,0.0470270591027782,-0.0429729408972218,0.09,False,Binance US,Kraken
4831,01-14-2021_16-39-20,LINK/USD,25.0,16.86624255,16.83522,0.04598319677312987,-0.13651680322687013,0.1825,False,Bittrex,Coinbase Pro
4832,01-14-2021_16-39-32,LINK/USD,25.0,16.84847086,16.8198,0.042542228666083086,-0.019957771333916914,0.0625,False,Bittrex,Binance US
4833,01-14-2021_16-39-42,LINK/USD,25.0,16.8278155,16.79757,0.0449337883458484,-0.0825662116541516,0.1275,False,Bittrex,Kraken
4834,01-14-2021_16-39-53,LINK/USD,25.0,16.8606069,16.83726,0.03461752613424601,-0.14788247386575398,0.1825,False,Bittrex,Coinbase Pro
4835,01-14-2021_16-40-05,LINK/USD,25.0,16.89212,16.84386,0.07142383549252417,-0.12357616450747584,0.195,False,Coinbase Pro,Kraken
4836,01-14-2021_16-40-16,LINK/USD,25.0,16.90357182,16.86398,0.05855540536283869,-0.12394459463716131,0.1825,False,Bittrex,Coinbase Pro
4837,01-14-2021_16-40-25,LINK/USD,25.0,16.89200792,16.88009,0.017638400444229003,-0.109861599555771,0.1275,False,Bittrex,Kraken
4838,01-14-2021_16-40-37,LINK/USD,25.0,16.87420804,16.84723,0.03996934246639684,-0.08753065753360316,0.1275,False,Bittrex,Kraken
4839,01-14-2021_16-40-46,LINK/USD,25.0,16.88,16.86551,0.021460308056869905,-0.06853969194313009,0.09,False,Binance US,Kraken
4840,01-14-2021_16-40-56,LINK/USD,25.0,16.8796,16.86142,0.026925993506956583,-0.06307400649304341,0.09,False,Binance US,Kraken
4841,01-14-2021_16-41-07,LINK/USD,25.0,16.90107843,16.87359,0.04066076332621076,-0.08683923667378923,0.1275,False,Bittrex,Kraken
4842,01-14-2021_16-41-17,LINK/USD,25.0,16.90107831,16.88093,0.029803290699029556,-0.09769670930097045,0.1275,False,Bittrex,Kraken
4843,01-14-2021_16-41-28,LINK/USD,25.0,16.91577,16.9,0.023306654086689287,-0.16169334591331072,0.185,False,Coinbase Pro,Kraken
4844,01-14-2021_16-41-40,LINK/USD,25.0,16.94859098,16.9296,0.02801262361928523,-0.034487376380714765,0.0625,False,Bittrex,Binance US
4845,01-14-2021_16-41-49,LINK/USD,25.0,16.94859129,16.91841,0.044518876943191114,-0.13798111305680888,0.18249999,False,Bittrex,Coinbase Pro
4846,01-14-2021_16-42-00,LINK/USD,25.0,16.9344137,16.91422,0.029811631447270143,-0.09768836855272986,0.1275,False,Bittrex,Kraken
4847,01-14-2021_16-42-12,LINK/USD,25.0,16.90107586,16.87253,0.04222491549718082,-0.14027508450281917,0.1825,False,Bittrex,Coinbase Pro
4848,01-14-2021_16-42-22,LINK/USD,25.0,16.90107581,16.87396,0.04010959169823102,-0.14239040830176897,0.1825,False,Bittrex,Coinbase Pro
4849,01-14-2021_16-42-33,LINK/USD,25.0,16.89174692,16.87348,0.02703527362579992,-0.10046472637420008,0.1275,False,Bittrex,Kraken
4850,01-14-2021_16-42-43,LINK/USD,25.0,16.89174669,16.8704,0.03159337277511803,-0.09590662722488197,0.1275,False,Bittrex,Kraken
4851,01-14-2021_16-42-54,LINK/USD,25.0,16.87102216,16.85417,0.024972049470651514,-0.10252795052934849,0.1275,False,Bittrex,Kraken
4852,01-14-2021_16-43-04,LINK/USD,25.0,16.87181,16.86151,0.015262144369811041,-0.16973785563018895,0.185,False,Coinbase Pro,Kraken
4853,01-14-2021_16-43-15,LINK/USD,25.0,16.8873,16.87525,0.01783884931279506,-0.07216115068720494,0.09,False,Binance US,Kraken
4854,01-14-2021_16-43-25,LINK/USD,25.0,16.89355,16.8828,0.015908438427686293,-0.1040915615723137,0.12,False,Coinbase Pro,Binance US
4855,01-14-2021_16-43-36,LINK/USD,25.0,16.90412503,16.88061,0.034777058792256614,-0.14772294120774337,0.1825,False,Bittrex,Coinbase Pro
4856,01-14-2021_16-43-47,LINK/USD,25.0,16.90247912,16.86963,0.048586245495089934,-0.07891375450491006,0.1275,False,Bittrex,Kraken
4857,01-14-2021_16-43-59,LINK/USD,25.0,16.87956401,16.84919,0.04498636632735986,-0.13751363367264013,0.1825,False,Bittrex,Coinbase Pro
4858,01-14-2021_16-44-11,LINK/USD,25.0,16.85053354,16.8392,0.016814808820586127,-0.11068519117941387,0.1275,False,Bittrex,Kraken
4859,01-14-2021_16-44-22,LINK/USD,25.0,16.8479,16.83695,0.016248315813836702,-0.12875168418616328,0.145,False,Binance US,Coinbase Pro
4860,01-14-2021_16-44-34,LINK/USD,25.0,16.85489206,16.84907,0.008635564053561567,-0.17386443594643844,0.1825,False,Bittrex,Coinbase Pro
4861,01-14-2021_16-44-47,LINK/USD,25.0,16.85489183,16.84073,0.021005518965705284,-0.1614944810342947,0.1825,False,Bittrex,Coinbase Pro
4862,01-14-2021_16-44-57,LINK/USD,25.0,16.84679326,16.79441,0.07773476410548526,-0.10476523589451474,0.1825,False,Bittrex,Coinbase Pro
4863,01-14-2021_16-45-08,LINK/USD,25.0,16.81558792,16.79355,0.032764123539486295,-0.1497358764605137,0.1825,False,Bittrex,Coinbase Pro
4864,01-14-2021_16-45-19,LINK/USD,25.0,16.8247,16.81162,0.019435710592163084,-0.1255642894078369,0.145,False,Binance US,Coinbase Pro
4865,01-14-2021_16-45-30,LINK/USD,25.0,16.83142405,16.8098,0.032118568719679705,-0.0953814312803203,0.1275,False,Bittrex,Kraken
4866,01-14-2021_16-45-42,LINK/USD,25.0,16.83142394,16.81026,0.03143515972778859,-0.0960648402722114,0.1275,False,Bittrex,Kraken
4867,01-14-2021_16-45-52,LINK/USD,25.0,16.83142386,16.82283,0.012764606356959281,-0.16973539364304072,0.1825,False,Bittrex,Coinbase Pro
4868,01-14-2021_16-46-04,LINK/USD,25.0,16.8314236,16.81731,0.020963170340507802,-0.1615368296594922,0.1825,False,Bittrex,Coinbase Pro
4869,01-14-2021_16-46-13,LINK/USD,25.0,16.83142342,16.80934,0.03280088001018469,-0.1496991199898153,0.1825,False,Bittrex,Coinbase Pro
4870,01-14-2021_16-46-23,LINK/USD,25.0,16.8121,16.7916,0.03048399664527626,-0.11451600335472373,0.145,False,Binance US,Coinbase Pro
4871,01-14-2021_16-46-35,LINK/USD,25.0,16.811,16.79301,0.02675331628100806,-0.11824668371899193,0.145,False,Binance US,Coinbase Pro
4872,01-14-2021_16-46-45,LINK/USD,25.0,16.80044028,16.77772,0.033809054437473174,-0.14869094556252682,0.1825,False,Bittrex,Coinbase Pro
4873,01-14-2021_16-46-57,LINK/USD,25.0,16.80044005,16.7867,0.020445967425715014,-0.042054032574284986,0.0625,False,Bittrex,Binance US
4874,01-14-2021_16-47-08,LINK/USD,25.0,16.79054713,16.77327,0.025724489300784453,-0.10177551069921555,0.1275,False,Bittrex,Kraken
4875,01-14-2021_16-47-21,LINK/USD,25.0,16.79054706,16.77326,0.025739274512954758,-0.15676072548704523,0.1825,False,Bittrex,Coinbase Pro
4876,01-14-2021_16-47-32,LINK/USD,25.0,16.79054698,16.77591,0.021793482989913293,-0.10570651701008671,0.1275,False,Bittrex,Kraken
4877,01-14-2021_16-47-43,LINK/USD,25.0,16.79054695,16.76638,0.03598297016762446,-0.09151702983237554,0.1275,False,Bittrex,Kraken
4878,01-14-2021_16-47-54,LINK/USD,25.0,16.79054684,16.77214,0.027406552293089,-0.100093447706911,0.1275,False,Bittrex,Kraken
4879,01-14-2021_16-48-07,LINK/USD,25.0,16.78287191,16.756,0.04002877180989066,-0.14247122819010932,0.1825,False,Bittrex,Coinbase Pro
4880,01-14-2021_16-48-19,LINK/USD,25.0,16.78287176,16.76239,0.030509915544988837,-0.15199008445501117,0.1825,False,Bittrex,Coinbase Pro
4881,01-14-2021_16-48-31,LINK/USD,25.0,16.78287159,16.75787,0.03724271777020533,-0.09025728222979468,0.1275,False,Bittrex,Kraken
4882,01-14-2021_16-48-41,LINK/USD,25.0,16.77104985,16.74429,0.03988994463575763,-0.14261005536424237,0.1825,False,Bittrex,Coinbase Pro
4883,01-14-2021_16-48-52,LINK/USD,25.0,16.75254412,16.72331,0.043626388610875276,-0.08387361138912472,0.1275,False,Bittrex,Kraken
4884,01-14-2021_16-49-03,LINK/USD,25.0,16.75254404,16.72587,0.03980595415285896,-0.08769404584714105,0.1275,False,Bittrex,Kraken
4885,01-14-2021_16-49-13,LINK/USD,25.0,16.73218632,16.715,0.025678533084850953,-0.10182146691514905,0.1275,False,Bittrex,Kraken
4886,01-14-2021_16-49-23,LINK/USD,25.0,16.73218624,16.712,0.03016079266399712,-0.09733920733600288,0.1275,False,Bittrex,Kraken
4887,01-14-2021_16-49-33,LINK/USD,25.0,16.7374,16.72097,0.024540848638378306,-0.12045915136162169,0.145,False,Binance US,Coinbase Pro
4888,01-14-2021_16-49-45,LINK/USD,25.0,16.76161319,16.729,0.04864267781137016,-0.13385732218862983,0.1825,False,Bittrex,Coinbase Pro
4889,01-14-2021_16-49-56,LINK/USD,25.0,16.76086369,16.74731,0.02021627621744884,-0.10728372378255116,0.1275,False,Bittrex,Kraken
4890,01-14-2021_16-50-07,LINK/USD,25.0,16.76086358,16.73425,0.03969601547225194,-0.14280398452774806,0.1825,False,Bittrex,Coinbase Pro
4891,01-14-2021_16-50-18,LINK/USD,25.0,16.74972476,16.73367,0.023962722119380355,-0.15853727788061964,0.1825,False,Bittrex,Coinbase Pro
4892,01-14-2021_16-50-30,LINK/USD,25.0,16.74972465,16.7359,0.020634145170858233,-0.16186585482914176,0.1825,False,Bittrex,Coinbase Pro
4893,01-14-2021_16-50-40,LINK/USD,25.0,16.74972456,16.72502,0.03687308395953704,-0.14562691604046296,0.1825,False,Bittrex,Coinbase Pro
4894,01-14-2021_16-50-51,LINK/USD,25.0,16.74972448,16.72775,0.03279827084057325,-0.09470172915942676,0.1275,False,Bittrex,Kraken
4895,01-14-2021_16-51-01,LINK/USD,25.0,16.74972445,16.73557,0.021126392321038284,-0.10637360767896172,0.1275,False,Bittrex,Kraken
4896,01-14-2021_16-51-11,LINK/USD,25.0,16.74972435,16.73013,0.02924577979697018,-0.09825422020302982,0.1275,False,Bittrex,Kraken
4897,01-14-2021_16-51-22,LINK/USD,25.0,16.74545926,16.71659,0.04310013173087564,-0.13939986826912437,0.1825,False,Bittrex,Coinbase Pro
4898,01-14-2021_16-51-33,LINK/USD,25.0,16.7454591,16.71659,0.04309989327196383,-0.13940010672803615,0.1825,False,Bittrex,Coinbase Pro
4899,01-14-2021_16-51-44,LINK/USD,25.0,16.74545906,16.71639,0.04339842206750646,-0.13910157793249353,0.1825,False,Bittrex,Coinbase Pro
4900,01-14-2021_16-51-55,LINK/USD,25.0,16.74545891,16.72122,0.036187288342283346,-0.14631271165771664,0.1825,False,Bittrex,Coinbase Pro
4901,01-14-2021_16-52-06,LINK/USD,25.0,16.7472,16.73495,0.018286638960539815,-0.07171336103946019,0.09,False,Binance US,Kraken
4902,01-14-2021_16-52-16,LINK/USD,25.0,16.7458,16.73151,0.02133370755652018,-0.06866629244347981,0.09,False,Binance US,Kraken
4903,01-14-2021_16-52-28,LINK/USD,25.0,16.75,16.73341,0.0247611940298519,-0.1602388059701481,0.185,False,Coinbase Pro,Kraken
4904,01-14-2021_16-52-39,LINK/USD,25.0,16.76097739,16.73417,0.03998482513316288,-0.08751517486683713,0.1275,False,Bittrex,Kraken
4905,01-14-2021_16-52-50,LINK/USD,25.0,16.7407,16.7255998,0.022550132312267587,-0.06494986768773241,0.0875,False,Binance US,Bittrex
4906,01-14-2021_16-53-02,LINK/USD,25.0,16.7364,16.72169,0.0219730646973078,-0.1230269353026922,0.145,False,Binance US,Coinbase Pro
4907,01-14-2021_16-53-13,LINK/USD,25.0,16.72546571,16.70225,0.03470114136511289,-0.14779885863488712,0.1825,False,Bittrex,Coinbase Pro
4908,01-14-2021_16-53-23,LINK/USD,25.0,16.7258,16.71152,0.021344270528165177,-0.12365572947183481,0.145,False,Binance US,Coinbase Pro
4909,01-14-2021_16-53-34,LINK/USD,25.0,16.72546566,16.70627,0.02869226542061067,-0.09880773457938934,0.1275,False,Bittrex,Kraken
4910,01-14-2021_16-53-46,LINK/USD,25.0,16.71338294,16.67645,0.05524456079984937,-0.12725543920015062,0.1825,False,Bittrex,Coinbase Pro
4911,01-14-2021_16-54-00,LINK/USD,25.0,16.69463989,16.64436,0.0752934629487272,-0.0522065370512728,0.1275,False,Bittrex,Kraken
4912,01-14-2021_16-54-11,LINK/USD,25.0,16.69462951,16.64357,0.07646098101400485,-0.05103901898599515,0.1275,False,Bittrex,Kraken
4913,01-14-2021_16-54-23,LINK/USD,25.0,16.67729969,16.65171,0.03836006199394551,-0.08913993800605449,0.1275,False,Bittrex,Kraken
4914,01-14-2021_16-54-36,LINK/USD,25.0,16.67729805,16.65888,0.027609463392664308,-0.0998905366073357,0.1275,False,Bittrex,Kraken
4915,01-14-2021_16-54-48,LINK/USD,25.0,16.67342021,16.6473,0.03916444507338189,-0.08833555492661811,0.1275,False,Bittrex,Kraken
4916,01-14-2021_16-55-01,LINK/USD,25.0,16.66986198,16.6328,0.05558231382549323,-0.07191768617450678,0.1275,False,Bittrex,Kraken
4917,01-14-2021_16-55-13,LINK/USD,25.0,16.62384373,16.59878,0.03769244106098108,-0.08980755893901893,0.1275,False,Bittrex,Kraken
4918,01-14-2021_16-55-27,LINK/USD,25.0,16.61748912,16.57135,0.0694134951237438,-0.058086504876256204,0.1275,False,Bittrex,Kraken
4919,01-14-2021_16-55-40,LINK/USD,25.0,16.62059,16.59602,0.03695717179715138,-0.14804282820284861,0.185,False,Coinbase Pro,Kraken
4920,01-14-2021_16-55-52,LINK/USD,25.0,16.58572326,16.56677,0.02856863656604863,-0.15393136343395136,0.1825,False,Bittrex,Coinbase Pro
4921,01-14-2021_16-56-16,LINK/USD,25.0,16.657462,16.62955,0.04189113563639017,-0.08560886436360983,0.1275,False,Bittrex,Kraken
4922,01-14-2021_16-56-29,LINK/USD,25.0,16.6659,16.65746198,0.012657612250163243,-0.07484238774983676,0.0875,False,Binance US,Bittrex
4923,01-14-2021_16-56-41,LINK/USD,25.0,16.66463265,16.63991,0.03708850131779092,-0.14541149868220907,0.1825,False,Bittrex,Coinbase Pro
4924,01-14-2021_16-56-56,LINK/USD,25.0,16.63363426,16.62147,0.01828262514652985,-0.16421737485347015,0.1825,False,Bittrex,Coinbase Pro
4925,01-14-2021_16-57-08,LINK/USD,25.0,16.61039856,16.58645,0.036044529445657225,-0.14645547055434277,0.1825,False,Bittrex,Coinbase Pro
4926,01-14-2021_16-57-20,LINK/USD,25.0,16.6413,16.62429514,0.025546171272677196,-0.0619538287273228,0.0875,False,Binance US,Bittrex
4927,01-14-2021_16-57-33,LINK/USD,25.0,16.6606,16.64659,0.021022652245415784,-0.06897734775458421,0.09,False,Binance US,Kraken
4928,01-14-2021_16-57-45,LINK/USD,25.0,16.6603,16.65114,0.013745250685758714,-0.07625474931424128,0.09,False,Binance US,Kraken
4929,01-14-2021_16-58-08,LINK/USD,25.0,16.63549915,16.61778,0.026628521693623706,-0.1008714783063763,0.1275,False,Bittrex,Kraken
4930,01-14-2021_16-58-20,LINK/USD,25.0,16.62689028,16.61258,0.021516771565536722,-0.16098322843446328,0.1825,False,Bittrex,Coinbase Pro
4931,01-14-2021_16-58-43,LINK/USD,25.0,16.6445702,16.62882,0.023656663720880253,-0.15884333627911973,0.1825,False,Bittrex,Coinbase Pro
4932,01-14-2021_16-58-55,LINK/USD,25.0,16.63641927,16.61451,0.03292365629350039,-0.1495763437064996,0.1825,False,Bittrex,Coinbase Pro
4933,01-14-2021_16-59-20,LINK/USD,25.0,16.59755854,16.56252,0.052776647715324414,-0.12972335228467557,0.1825,False,Bittrex,Coinbase Pro
4934,01-14-2021_16-59-32,LINK/USD,25.0,16.5777,16.56536,0.018609336638981577,-0.12639066336101842,0.145,False,Binance US,Coinbase Pro
4935,01-14-2021_16-59-44,LINK/USD,25.0,16.58942354,16.56286,0.040030836418077774,-0.14246916358192221,0.1825,False,Bittrex,Coinbase Pro
4936,01-14-2021_17-00-07,LINK/USD,25.0,16.618525,16.6,0.027867996708493,-0.034632003291507,0.0625,False,Bittrex,Binance US
4937,01-14-2021_17-00-20,LINK/USD,25.0,16.6391,16.62498,0.021215089758458025,-0.06878491024154197,0.09,False,Binance US,Kraken
4938,01-14-2021_17-00-43,LINK/USD,25.0,16.64804206,16.62865,0.029120631618588765,-0.09837936838141123,0.1275,False,Bittrex,Kraken
4939,01-14-2021_17-00-56,LINK/USD,25.0,16.64803858,16.62167,0.03959712712294747,-0.14290287287705253,0.1825,False,Bittrex,Coinbase Pro
4940,01-14-2021_17-01-11,LINK/USD,25.0,16.63879621,16.62156,0.025897621712622814,-0.10160237828737718,0.1275,False,Bittrex,Kraken
4941,01-14-2021_17-01-35,LINK/USD,25.0,16.65373,16.64252,0.01682806194167671,-0.16817193805832328,0.185,False,Coinbase Pro,Kraken
4942,01-14-2021_17-01-50,LINK/USD,25.0,16.65277374,16.6379,0.02232922309554285,-0.17017077690445714,0.1925,False,Bittrex,Coinbase Pro
4943,01-14-2021_17-02-17,LINK/USD,25.0,16.68800256,16.66344,0.036796734527825475,-0.14570326547217452,0.1825,False,Bittrex,Coinbase Pro
4944,01-14-2021_17-02-30,LINK/USD,25.0,16.68722,16.67286,0.021513469589302364,-0.16348653041069763,0.185,False,Coinbase Pro,Kraken
4945,01-14-2021_17-02-55,LINK/USD,25.0,16.7032,16.69586287,0.010981623281766073,-0.07651837671823392,0.0875,False,Binance US,Bittrex
4946,01-14-2021_17-03-08,LINK/USD,25.0,16.74648,16.71608,0.04538267146289347,-0.1396173285371065,0.185,False,Coinbase Pro,Kraken
4947,01-14-2021_17-03-21,LINK/USD,25.0,16.80749316,16.77963,0.041444550556638454,-0.08605544944336155,0.1275,False,Bittrex,Kraken
4948,01-14-2021_17-03-36,LINK/USD,25.0,16.7934713,16.77048,0.03422654493118562,-0.14827345506881437,0.1825,False,Bittrex,Coinbase Pro
4949,01-14-2021_17-03-49,LINK/USD,25.0,16.76656915,16.74921,0.02588357499482417,-0.15661642500517584,0.1825,False,Bittrex,Coinbase Pro
4950,01-14-2021_17-04-03,LINK/USD,25.0,16.76702,16.75336,0.020367364027713344,-0.16463263597228667,0.185,False,Coinbase Pro,Kraken
4951,01-14-2021_17-04-28,LINK/USD,25.0,16.89598138,16.73771,0.23418494676394858,0.05168494676394858,0.1825,True,Bittrex,Coinbase Pro
4952,01-14-2021_17-04-43,LINK/USD,25.0,16.72731672,16.70726,0.029975997250082966,-0.15252400274991704,0.1825,False,Bittrex,Coinbase Pro
4953,01-14-2021_17-04-56,LINK/USD,25.0,16.73772,16.72731668,0.015538735263820606,-0.1669612647361794,0.1825,False,Coinbase Pro,Bittrex
4954,01-14-2021_17-05-09,LINK/USD,25.0,16.73571223,16.72612,0.014328983834348427,-0.16817101616565155,0.1825,False,Bittrex,Coinbase Pro
4955,01-14-2021_17-05-33,LINK/USD,25.0,16.72985,16.71742,0.018574583752989995,-0.16642538624701003,0.18499997,False,Coinbase Pro,Kraken
4956,01-14-2021_17-05-47,LINK/USD,25.0,16.73682008,16.71739,0.029022956432473265,-0.09847704356752673,0.1275,False,Bittrex,Kraken
4957,01-14-2021_17-06-00,LINK/USD,25.0,16.7416,16.71743,0.036092727098960116,-0.05390727290103988,0.09,False,Binance US,Kraken
4958,01-14-2021_17-06-12,LINK/USD,25.0,16.77927,16.76328,0.023824040020809335,-0.16117595997919065,0.185,False,Coinbase Pro,Kraken
4959,01-14-2021_17-06-25,LINK/USD,25.0,16.77777572,16.75726,0.030569785206310925,-0.09693021479368907,0.1275,False,Bittrex,Kraken
4960,01-14-2021_17-06-47,LINK/USD,25.0,16.78765,16.76328,0.03629155956908436,-0.14870844043091563,0.185,False,Coinbase Pro,Kraken
4961,01-14-2021_17-07-00,LINK/USD,25.0,16.78567,16.76328,0.03334689648968124,-0.15165310351031874,0.185,False,Coinbase Pro,Kraken
4962,01-14-2021_17-07-12,LINK/USD,25.0,16.78800486,16.76328,0.0368192352310279,-0.0906807647689721,0.1275,False,Bittrex,Kraken
4963,01-14-2021_17-07-24,LINK/USD,25.0,16.80702841,16.78021,0.03989165922996233,-0.08760834077003768,0.1275,False,Bittrex,Kraken
4964,01-14-2021_17-07-37,LINK/USD,25.0,16.80848,16.78021,0.042047228541782375,-0.1429527714582176,0.185,False,Coinbase Pro,Kraken
4965,01-14-2021_17-07-49,LINK/USD,25.0,16.82928251,16.80151,0.04125623000192651,-0.08624376999807348,0.1275,False,Bittrex,Kraken
4966,01-14-2021_17-08-02,LINK/USD,25.0,16.84134745,16.80151,0.05913637569421482,-0.06836362430578519,0.1275,False,Bittrex,Kraken
4967,01-14-2021_17-08-14,LINK/USD,25.0,16.8497,16.81859,0.04615809183546027,-0.04384190816453973,0.09,False,Binance US,Kraken
4968,01-14-2021_17-08-27,LINK/USD,25.0,16.87483,16.84297,0.047200475501083895,-0.1377995244989161,0.185,False,Coinbase Pro,Kraken
4969,01-14-2021_17-08-41,LINK/USD,25.0,16.8786,16.85884,0.029267830270280123,-0.06073216972971987,0.09,False,Binance US,Kraken
4970,01-14-2021_17-08-53,LINK/USD,25.0,16.90051346,16.87586,0.036468507389360236,-0.09103149261063977,0.1275,False,Bittrex,Kraken
4971,01-14-2021_17-09-06,LINK/USD,25.0,16.90051331,16.87142,0.043036133675871724,-0.13946386632412827,0.1825,False,Bittrex,Coinbase Pro
4972,01-14-2021_17-09-18,LINK/USD,25.0,16.85903884,16.84486,0.021025575856612095,-0.10647442414338791,0.1275,False,Bittrex,Kraken
4973,01-14-2021_17-09-41,LINK/USD,25.0,16.87999,16.84794,0.04746744518213301,-0.137532554817867,0.185,False,Coinbase Pro,Kraken
4974,01-14-2021_17-09-53,LINK/USD,25.0,16.92356586,16.88729,0.05358779039253838,-0.07391220960746162,0.1275,False,Bittrex,Kraken
4975,01-14-2021_17-10-05,LINK/USD,25.0,16.94414288,16.9272,0.024998136701267583,-0.03750186329873242,0.0625,False,Bittrex,Binance US
4976,01-14-2021_17-10-17,LINK/USD,25.0,16.91705699,16.88688,0.04459550798025289,-0.1379044920197471,0.1825,False,Bittrex,Coinbase Pro
4977,01-14-2021_17-10-30,LINK/USD,25.0,16.9239,16.91705012,0.0101186487748107,-0.0773813512251893,0.0875,False,Binance US,Bittrex
4978,01-14-2021_17-10-42,LINK/USD,25.0,16.93728,16.92556,0.017299117685957245,-0.16770088231404276,0.185,False,Coinbase Pro,Kraken
4979,01-14-2021_17-10-53,LINK/USD,25.0,16.94584133,16.9272,0.027501334452777554,-0.034998665547222446,0.0625,False,Bittrex,Binance US
4980,01-14-2021_17-11-05,LINK/USD,25.0,16.94118933,16.91542,0.03802762825270789,-0.08947237174729211,0.1275,False,Bittrex,Kraken
4981,01-14-2021_17-11-17,LINK/USD,25.0,16.97641615,16.94385,0.04795792838760819,-0.07954207161239181,0.1275,False,Bittrex,Kraken
4982,01-14-2021_17-11-29,LINK/USD,25.0,16.97641598,16.95,0.03890099658125756,-0.023599003418742437,0.0625,False,Bittrex,Binance US
4983,01-14-2021_17-11-40,LINK/USD,25.0,16.9764158,16.95,0.03890073192010636,-0.02359926807989364,0.0625,False,Bittrex,Binance US
4984,01-14-2021_17-11-52,LINK/USD,25.0,16.95352112,16.92682,0.03937400350494567,-0.1431259964950543,0.1825,False,Bittrex,Coinbase Pro
4985,01-14-2021_17-12-03,LINK/USD,25.0,16.95352091,16.92651,0.03983082650411131,-0.0876691734958887,0.1275,False,Bittrex,Kraken
4986,01-14-2021_17-12-26,LINK/USD,25.0,16.95352084,16.92244,0.04583242662884794,-0.13666757337115204,0.1825,False,Bittrex,Coinbase Pro
4987,01-14-2021_17-12-38,LINK/USD,25.0,16.93773494,16.91242,0.03736470680653726,-0.14513529319346274,0.1825,False,Bittrex,Coinbase Pro
4988,01-14-2021_17-12-51,LINK/USD,25.0,16.91354678,16.86996,0.06442584244296781,-0.11807415755703218,0.1825,False,Bittrex,Coinbase Pro
4989,01-14-2021_17-13-14,LINK/USD,25.0,16.91354658,16.87718,0.053753628530816486,-0.1287463714691835,0.1825,False,Bittrex,Coinbase Pro
4990,01-14-2021_17-13-26,LINK/USD,25.0,16.91186172,16.87945,0.04791270254071483,-0.07958729745928517,0.1275,False,Bittrex,Kraken
4991,01-14-2021_17-13-38,LINK/USD,25.0,16.90832375,16.87406,0.050661068634909656,-0.13183893136509034,0.1825,False,Bittrex,Coinbase Pro
4992,01-14-2021_17-13-50,LINK/USD,25.0,16.88731271,16.854,0.04931617980324677,-0.13318382019675323,0.1825,False,Bittrex,Coinbase Pro
4993,01-14-2021_17-14-03,LINK/USD,25.0,16.91250063,16.87383,0.05716279166222653,-0.07033720833777347,0.1275,False,Bittrex,Kraken
4994,01-14-2021_17-14-17,LINK/USD,25.0,16.90001352,16.87383,0.0387329867650899,-0.0887670132349101,0.1275,False,Bittrex,Kraken
4995,01-14-2021_17-14-29,LINK/USD,25.0,16.89913321,16.87383,0.037432703922683955,-0.09006729607731605,0.1275,False,Bittrex,Kraken
4996,01-14-2021_17-14-41,LINK/USD,25.0,16.8991331,16.88323,0.023526502670126865,-0.15897349732987312,0.1825,False,Bittrex,Coinbase Pro
4997,01-14-2021_17-14-54,LINK/USD,25.0,16.91068543,16.8884,0.03294578166604829,-0.029554218333951707,0.0625,False,Bittrex,Binance US
4998,01-14-2021_17-15-06,LINK/USD,25.0,16.91068535,16.8884,0.032945663553489046,-0.029554336446510954,0.0625,False,Bittrex,Binance US
4999,01-14-2021_17-15-19,LINK/USD,25.0,16.90845381,16.85537,0.0784870849169626,-0.1040129150830374,0.1825,False,Bittrex,Coinbase Pro
5000,01-14-2021_17-15-30,LINK/USD,25.0,16.87733373,16.84151,0.053064853982715855,-0.12943513601728415,0.18249999,False,Bittrex,Coinbase Pro
5001,01-14-2021_17-15-41,LINK/USD,25.0,16.86119936,16.84162,0.029030200613204778,-0.09846979938679523,0.1275,False,Bittrex,Kraken
5002,01-14-2021_17-15-52,LINK/USD,25.0,16.8777,16.86121,0.024425721514188845,-0.12057427848581115,0.145,False,Binance US,Coinbase Pro
5003,01-14-2021_17-16-02,LINK/USD,25.0,16.90062224,16.85756,0.06369919312509457,-0.11880080687490542,0.1825,False,Bittrex,Coinbase Pro
5004,01-14-2021_17-16-13,LINK/USD,25.0,16.88219493,16.86115,0.03116438663228103,-0.15133561336771897,0.1825,False,Bittrex,Coinbase Pro
5005,01-14-2021_17-16-24,LINK/USD,25.0,16.88219493,16.83335,0.07233201932943405,-0.11016798067056595,0.1825,False,Bittrex,Coinbase Pro
5006,01-14-2021_17-16-36,LINK/USD,25.0,16.87145207,16.83125,0.0595711469190681,-0.1229288530809319,0.1825,False,Bittrex,Coinbase Pro
5007,01-14-2021_17-16-49,LINK/USD,25.0,16.86060237,16.84305,0.026025716066983406,-0.1564742839330166,0.1825,False,Bittrex,Coinbase Pro
5008,01-14-2021_17-17-02,LINK/USD,25.0,16.86060224,16.84636,0.02111763239128219,-0.1613823676087178,0.1825,False,Bittrex,Coinbase Pro
5009,01-14-2021_17-17-12,LINK/USD,25.0,16.87667768,16.85683,0.029401047374866957,-0.15309895262513304,0.1825,False,Bittrex,Coinbase Pro
5010,01-14-2021_17-17-22,LINK/USD,25.0,16.87667761,16.83697,0.058820241337774574,-0.12367975866222541,0.1825,False,Bittrex,Coinbase Pro
5011,01-14-2021_17-17-33,LINK/USD,25.0,16.86422421,16.83662,0.040921256821928535,-0.14157874317807145,0.1825,False,Bittrex,Coinbase Pro
5012,01-14-2021_17-17-45,LINK/USD,25.0,16.85848722,16.82973,0.04264501853684006,-0.13985498146315994,0.1825,False,Bittrex,Coinbase Pro
5013,01-14-2021_17-17-56,LINK/USD,25.0,16.85848722,16.83391,0.03644636033956251,-0.1460536396604375,0.1825,False,Bittrex,Coinbase Pro
5014,01-14-2021_17-18-08,LINK/USD,25.0,16.8584872,16.84174,0.024834968584840637,-0.15766503141515936,0.1825,False,Bittrex,Coinbase Pro
5015,01-14-2021_17-18-17,LINK/USD,25.0,16.86629775,16.84918,0.025372714056350328,-0.10212728594364967,0.1275,False,Bittrex,Kraken
5016,01-14-2021_17-18-29,LINK/USD,25.0,16.8828,16.86484,0.026595114554455783,-0.1184048854455442,0.145,False,Binance US,Coinbase Pro
5017,01-14-2021_17-18-40,LINK/USD,25.0,16.88016391,16.8592,0.031048143418174568,-0.031451856581825435,0.0625,False,Bittrex,Binance US
5018,01-14-2021_17-18-51,LINK/USD,25.0,16.86605025,16.84686,0.028445086009395094,-0.09905491399060491,0.1275,False,Bittrex,Kraken
5019,01-14-2021_17-19-03,LINK/USD,25.0,16.86605018,16.85245,0.020159106392504237,-0.16234089360749576,0.1825,False,Bittrex,Coinbase Pro
5020,01-14-2021_17-19-13,LINK/USD,25.0,16.86605017,16.84614,0.029512200247419924,-0.09798779975258008,0.1275,False,Bittrex,Kraken
5021,01-14-2021_17-19-25,LINK/USD,25.0,16.88097279,16.85285,0.0416486513393657,-0.1408513486606343,0.1825,False,Bittrex,Coinbase Pro
5022,01-14-2021_17-19-35,LINK/USD,25.0,16.86956677,16.8483,0.031516473259141725,-0.15098352674085827,0.1825,False,Bittrex,Coinbase Pro
5023,01-14-2021_17-19-45,LINK/USD,25.0,16.8695667,16.84211,0.040689693588867246,-0.14181030641113274,0.1825,False,Bittrex,Coinbase Pro
5024,01-14-2021_17-19-57,LINK/USD,25.0,16.86535677,16.83594,0.043605318288207455,-0.13889468171179253,0.1825,False,Bittrex,Coinbase Pro
5025,01-14-2021_17-20-07,LINK/USD,25.0,16.86505852,16.8453,0.029289136436390924,-0.033210863563609076,0.0625,False,Bittrex,Binance US
5026,01-14-2021_17-20-20,LINK/USD,25.0,16.877468,16.84718,0.044864549587649585,-0.13763545041235042,0.1825,False,Bittrex,Coinbase Pro
5027,01-14-2021_17-20-31,LINK/USD,25.0,16.87746793,16.84921,0.04185747843989877,-0.14064252156010124,0.1825,False,Bittrex,Coinbase Pro
5028,01-14-2021_17-20-43,LINK/USD,25.0,16.87746793,16.85105,0.039131951116083266,-0.14336804888391674,0.1825,False,Bittrex,Coinbase Pro
5029,01-14-2021_17-20-54,LINK/USD,25.0,16.87746793,16.85043,0.04005033532302247,-0.08744966467697754,0.1275,False,Bittrex,Kraken
5030,01-14-2021_17-21-05,LINK/USD,25.0,16.86136823,16.84498,0.02429848778648085,-0.15820151221351914,0.1825,False,Bittrex,Coinbase Pro
5031,01-14-2021_17-21-16,LINK/USD,25.0,16.89035748,16.86182,0.04223930729972495,-0.08526069270027506,0.1275,False,Bittrex,Kraken
5032,01-14-2021_17-21-27,LINK/USD,25.0,16.89035743,16.86112,0.043275327536988074,-0.13922467246301193,0.1825,False,Bittrex,Coinbase Pro
5033,01-14-2021_17-21-38,LINK/USD,25.0,16.88899778,16.85975,0.04329413204529737,-0.13920586795470263,0.1825,False,Bittrex,Coinbase Pro
5034,01-14-2021_17-21-49,LINK/USD,25.0,16.88899775,16.85925,0.04403421452288676,-0.08346578547711325,0.1275,False,Bittrex,Kraken
5035,01-14-2021_17-22-01,LINK/USD,25.0,16.87400891,16.84923,0.036711652417875225,-0.14578834758212478,0.1825,False,Bittrex,Coinbase Pro
5036,01-14-2021_17-22-12,LINK/USD,25.0,16.87400879,16.85137,0.03354091828703204,-0.14895908171296796,0.1825,False,Bittrex,Coinbase Pro
5037,01-14-2021_17-22-24,LINK/USD,25.0,16.87400874,16.83285,0.06097949312784372,-0.12152050687215628,0.1825,False,Bittrex,Coinbase Pro
