,Date,Symbol,Investment,High,Low,Adjusted Spread,Adj. Spread after fees,Fees,Profitable,Sell exchange,Buy exchange
0,01-13-2021_19-15-03,LTC/USD,25.0,141.493,141.34,0.027033139448593146,-0.15496686055140685,0.182,False,Bittrex,Coinbase Pro
1,01-13-2021_19-15-14,LTC/USD,25.0,141.401,141.31,0.01608899512733435,-0.11091100487266566,0.127,False,Bittrex,Kraken
2,01-13-2021_19-15-25,LTC/USD,25.0,141.495,141.3,0.03445351425845316,-0.09254648574154684,0.127,False,Bittrex,Kraken
3,01-13-2021_19-15-36,LTC/USD,25.0,141.419,141.27,0.026340166455709788,-0.03583983354429021,0.06218,False,Bittrex,Binance US
4,01-13-2021_19-15-46,LTC/USD,25.0,141.413,141.2,0.03765566107783978,-0.08934433892216022,0.127,False,Bittrex,Kraken
5,01-13-2021_19-15-57,LTC/USD,25.0,141.321,141.17,0.02671223668103298,-0.10028776331896702,0.127,False,Bittrex,Kraken
6,01-13-2021_19-16-08,LTC/USD,25.0,141.318,141.19,0.022643966090663308,-0.10435603390933669,0.127,False,Bittrex,Kraken
7,01-13-2021_19-16-18,LTC/USD,25.0,141.313,141.12,0.03414406317889784,-0.09285593682110216,0.127,False,Bittrex,Kraken
8,01-13-2021_19-16-29,LTC/USD,25.0,141.21,141.12,0.015933715742511758,-0.07906628425748824,0.095,False,Binance US,Kraken
9,01-13-2021_19-16-40,LTC/USD,25.0,141.21,141.05,0.028326605764463667,-0.12167339423553633,0.15,False,Binance US,Coinbase Pro
10,01-13-2021_19-16-51,LTC/USD,25.0,140.922,140.76,0.028739302592924836,-0.09826069740707516,0.127,False,Bittrex,Kraken
11,01-13-2021_19-17-04,LTC/USD,25.0,140.48,140.385,0.016906321184510048,-0.11009367881548995,0.127,False,Kraken,Bittrex
12,01-13-2021_19-17-15,LTC/USD,25.0,140.93,140.54,0.06918328248066678,-0.08081671751933321,0.15,False,Binance US,Coinbase Pro
13,01-13-2021_19-17-27,LTC/USD,25.0,140.64,140.59,0.008887940841862726,-0.17611205915813727,0.185,False,Kraken,Coinbase Pro
14,01-13-2021_19-17-37,LTC/USD,25.0,140.69,140.58,0.019546520719309336,-0.12045347928069065,0.13999999999999999,False,Binance US,Coinbase Pro
15,01-13-2021_19-17-48,LTC/USD,25.0,140.663,140.57,0.016528866866201083,-0.11047113313379892,0.127,False,Bittrex,Kraken
16,01-13-2021_19-17-59,LTC/USD,25.0,140.64,140.52,0.021331058020473574,-0.07366894197952642,0.095,False,Binance US,Kraken
17,01-13-2021_19-18-11,LTC/USD,25.0,140.59,140.547,0.007646347535387717,-0.08435365246461228,0.092,False,Binance US,Bittrex
18,01-13-2021_19-18-23,LTC/USD,25.0,140.7,140.546,0.02736318407960135,-0.06463681592039865,0.092,False,Binance US,Bittrex
19,01-13-2021_19-18-34,LTC/USD,25.0,140.702,140.55,0.02700743415160886,-0.09999256584839114,0.127,False,Bittrex,Kraken
20,01-13-2021_19-18-44,LTC/USD,25.0,140.547,140.51,0.006581428276662992,-0.175418571723337,0.182,False,Bittrex,Coinbase Pro
21,01-13-2021_19-18-55,LTC/USD,25.0,140.64,140.53,0.01955346985210204,-0.13044653014789795,0.15,False,Binance US,Coinbase Pro
22,01-13-2021_19-19-07,LTC/USD,25.0,140.6,140.54,0.010668563300142653,-0.08433143669985735,0.095,False,Binance US,Kraken
23,01-13-2021_19-19-19,LTC/USD,25.0,140.59,140.51,0.014225762856535406,-0.0807482271434646,0.09497399,False,Binance US,Kraken
24,01-13-2021_19-19-29,LTC/USD,25.0,140.57,140.547,0.004090488724478219,-0.07790951127552179,0.082,False,Binance US,Bittrex
25,01-13-2021_19-19-41,LTC/USD,25.0,140.63,140.547,0.014755030932233237,-0.06724496906776677,0.082,False,Binance US,Bittrex
26,01-13-2021_19-19-52,LTC/USD,25.0,140.65,140.48,0.030216850337720567,-0.09678314966227944,0.127,False,Bittrex,Kraken
27,01-13-2021_19-20-03,LTC/USD,25.0,140.65,140.52,0.023107003199430404,-0.1588929968005696,0.182,False,Bittrex,Coinbase Pro
28,01-13-2021_19-20-15,LTC/USD,25.0,140.65,140.51,0.024884464984005473,-0.1571155350159945,0.182,False,Bittrex,Coinbase Pro
29,01-13-2021_19-20-26,LTC/USD,25.0,140.69,140.49,0.03553912858056518,-0.1044608714194348,0.13999999999999999,False,Binance US,Coinbase Pro
30,01-13-2021_19-20-37,LTC/USD,25.0,140.75,140.62,0.023090586145647504,-0.1269094138543525,0.15,False,Binance US,Coinbase Pro
31,01-13-2021_19-20-48,LTC/USD,25.0,140.75,140.64,0.019538188277089457,-0.13046181172291055,0.15,False,Binance US,Coinbase Pro
32,01-13-2021_19-20-58,LTC/USD,25.0,140.767,140.61,0.027882955522242833,-0.15411704447775715,0.182,False,Bittrex,Coinbase Pro
33,01-13-2021_19-21-09,LTC/USD,25.0,140.767,140.67,0.017227048953236273,-0.16477295104676373,0.182,False,Bittrex,Coinbase Pro
34,01-13-2021_19-21-18,LTC/USD,25.0,140.85,140.73,0.021299254526092395,-0.0737007454739076,0.095,False,Binance US,Kraken
35,01-13-2021_19-21-30,LTC/USD,25.0,140.872,140.69,0.03229882446476524,-0.14970117553523477,0.182,False,Bittrex,Coinbase Pro
36,01-13-2021_19-21-40,LTC/USD,25.0,140.872,140.69,0.03229882446476524,-0.14970117553523477,0.182,False,Bittrex,Coinbase Pro
37,01-13-2021_19-21-51,LTC/USD,25.0,140.872,140.71,0.02874950309500932,-0.15325049690499068,0.182,False,Bittrex,Coinbase Pro
38,01-13-2021_19-22-02,LTC/USD,25.0,140.872,140.73,0.025200181725258446,-0.10179981827474155,0.127,False,Bittrex,Kraken
39,01-13-2021_19-22-12,LTC/USD,25.0,140.872,140.71,0.02874950309500932,-0.15325049690499068,0.182,False,Bittrex,Coinbase Pro
40,01-13-2021_19-22-22,LTC/USD,25.0,140.872,140.73,0.025200181725258446,-0.10179981827474155,0.127,False,Bittrex,Kraken
41,01-13-2021_19-22-32,LTC/USD,25.0,140.872,140.6,0.0482707706286593,-0.13372922937134069,0.182,False,Bittrex,Coinbase Pro
42,01-13-2021_19-22-41,LTC/USD,25.0,140.758,140.59,0.029838446127397087,-0.1521615538726029,0.182,False,Bittrex,Coinbase Pro
43,01-13-2021_19-22-51,LTC/USD,25.0,140.78,140.71,0.012430743003266298,-0.1375692569967337,0.15,False,Binance US,Coinbase Pro
44,01-13-2021_19-23-01,LTC/USD,25.0,140.78,140.71,0.012430743003266298,-0.1375692569967337,0.15,False,Binance US,Coinbase Pro
45,01-13-2021_19-23-10,LTC/USD,25.0,140.78,140.71,0.012430743003266298,-0.1375692569967337,0.15,False,Binance US,Coinbase Pro
46,01-13-2021_19-23-20,LTC/USD,25.0,140.78,140.73,0.008879102145193097,-0.08612089785480691,0.095,False,Binance US,Kraken
47,01-13-2021_19-23-31,LTC/USD,25.0,140.85,140.73,0.021299254526092395,-0.0737007454739076,0.095,False,Binance US,Kraken
48,01-13-2021_19-23-40,LTC/USD,25.0,140.934,140.74,0.03441327146039785,-0.09258672853960215,0.127,False,Bittrex,Kraken
49,01-13-2021_19-23-49,LTC/USD,25.0,140.932,140.74,0.03405897879828195,-0.14794102120171804,0.182,False,Bittrex,Coinbase Pro
50,01-13-2021_19-23-59,LTC/USD,25.0,140.836,140.72,0.0205913260814021,-0.1614086739185979,0.182,False,Bittrex,Coinbase Pro
51,01-13-2021_19-24-09,LTC/USD,25.0,140.86,140.76,0.017748118699421896,-0.1322518813005781,0.15,False,Binance US,Coinbase Pro
52,01-13-2021_19-24-19,LTC/USD,25.0,140.86,140.77,0.01597330682947668,-0.13402669317052332,0.15,False,Binance US,Coinbase Pro
53,01-13-2021_19-24-30,LTC/USD,25.0,140.91,140.78,0.023064367326661603,-0.1269356326733384,0.15,False,Binance US,Coinbase Pro
54,01-13-2021_19-24-39,LTC/USD,25.0,140.91,140.76,0.026612731530765328,-0.12338726846923467,0.15,False,Binance US,Coinbase Pro
55,01-13-2021_19-24-48,LTC/USD,25.0,140.835,140.72,0.020413959598112878,-0.16158604040188712,0.182,False,Bittrex,Coinbase Pro
56,01-13-2021_19-24-57,LTC/USD,25.0,140.835,140.72,0.020413959598112878,-0.16158604040188712,0.182,False,Bittrex,Coinbase Pro
57,01-13-2021_19-25-09,LTC/USD,25.0,140.88,140.8,0.014196479273137436,-0.07080352072686256,0.085,False,Binance US,Kraken
58,01-13-2021_19-25-18,LTC/USD,25.0,140.939,140.91,0.005144069420103087,-0.1768559305798969,0.182,False,Bittrex,Coinbase Pro
59,01-13-2021_19-25-27,LTC/USD,25.0,140.97,140.92,0.008867134851388835,-0.05631286514861117,0.06518,False,Kraken,Binance US
60,01-13-2021_19-25-37,LTC/USD,25.0,140.95,140.92,0.005321035828308112,-0.17967896417169188,0.185,False,Kraken,Coinbase Pro
61,01-13-2021_19-25-47,LTC/USD,25.0,140.892,140.79,0.018098969423388813,-0.16390103057661118,0.182,False,Bittrex,Coinbase Pro
62,01-13-2021_19-25-56,LTC/USD,25.0,140.892,140.71,0.03229423955937667,-0.14970576044062334,0.182,False,Bittrex,Coinbase Pro
63,01-13-2021_19-26-07,LTC/USD,25.0,140.892,140.74,0.026971013258379965,-0.15502898674162002,0.182,False,Bittrex,Coinbase Pro
64,01-13-2021_19-26-17,LTC/USD,25.0,140.889,140.69,0.03531148634741042,-0.14668851365258956,0.182,False,Bittrex,Coinbase Pro
65,01-13-2021_19-26-27,LTC/USD,25.0,140.887,140.69,0.03495709327333301,-0.14704290672666698,0.182,False,Bittrex,Coinbase Pro
66,01-13-2021_19-26-38,LTC/USD,25.0,140.871,140.69,0.03212158641594288,-0.14987841358405712,0.182,False,Bittrex,Coinbase Pro
67,01-13-2021_19-26-48,LTC/USD,25.0,140.869,140.72,0.026443007333054273,-0.15555699266694573,0.182,False,Bittrex,Coinbase Pro
68,01-13-2021_19-26-57,LTC/USD,25.0,140.866,140.74,0.022361677054790502,-0.1046383229452095,0.127,False,Bittrex,Kraken
69,01-13-2021_19-27-07,LTC/USD,25.0,140.866,140.72,0.02591114960317163,-0.15608885039682838,0.182,False,Bittrex,Coinbase Pro
70,01-13-2021_19-27-17,LTC/USD,25.0,140.82,140.71,0.019528476068737612,-0.13047152393126238,0.15,False,Binance US,Coinbase Pro
71,01-13-2021_19-27-27,LTC/USD,25.0,140.84,140.74,0.01775063902300382,-0.06724936097699619,0.085,False,Binance US,Kraken
72,01-13-2021_19-27-37,LTC/USD,25.0,140.87,140.74,0.023070916447787932,-0.07192908355221207,0.095,False,Binance US,Kraken
73,01-13-2021_19-27-48,LTC/USD,25.0,140.985,140.74,0.04344433805014798,-0.08355566194985202,0.127,False,Bittrex,Kraken
74,01-13-2021_19-28-01,LTC/USD,25.0,140.877,140.69,0.03318497696572397,-0.14881502303427602,0.182,False,Bittrex,Coinbase Pro
75,01-13-2021_19-28-11,LTC/USD,25.0,140.877,140.69,0.03318497696572397,-0.14881502303427602,0.182,False,Bittrex,Coinbase Pro
76,01-13-2021_19-28-20,LTC/USD,25.0,140.875,140.71,0.029281277728481284,-0.15271872227151873,0.182,False,Bittrex,Coinbase Pro
77,01-13-2021_19-28-31,LTC/USD,25.0,140.871,140.73,0.025022893285349634,-0.15697710671465037,0.182,False,Bittrex,Coinbase Pro
78,01-13-2021_19-28-41,LTC/USD,25.0,140.871,140.74,0.02324822000269754,-0.10375177999730247,0.127,False,Bittrex,Kraken
79,01-13-2021_19-28-51,LTC/USD,25.0,140.871,140.65,0.039220279546536126,-0.08777972045346388,0.127,False,Bittrex,Kraken
80,01-13-2021_19-29-02,LTC/USD,25.0,140.869,140.73,0.024668308854327425,-0.10233169114567257,0.127,False,Bittrex,Kraken
81,01-13-2021_19-29-14,LTC/USD,25.0,140.869,140.74,0.02289361037559553,-0.10410638962440447,0.127,False,Bittrex,Kraken
82,01-13-2021_19-29-26,LTC/USD,25.0,140.869,140.74,0.02289361037559553,-0.10410638962440447,0.127,False,Bittrex,Kraken
83,01-13-2021_19-29-38,LTC/USD,25.0,140.869,140.74,0.02289361037559553,-0.10410638962440447,0.127,False,Bittrex,Kraken
84,01-13-2021_19-30-09,LTC/USD,25.0,140.811,140.57,0.04278785038100962,-0.08421214961899037,0.127,False,Bittrex,Kraken
85,01-13-2021_19-30-19,LTC/USD,25.0,140.631,140.48,0.026843299130350076,-0.10015670086964992,0.127,False,Bittrex,Kraken
86,01-13-2021_19-30-30,LTC/USD,25.0,140.539,140.37,0.03006282953485914,-0.15193717046514085,0.182,False,Bittrex,Coinbase Pro
87,01-13-2021_19-30-41,LTC/USD,25.0,140.53,140.36,0.030242652814343466,-0.10975734718565652,0.13999999999999999,False,Binance US,Coinbase Pro
88,01-13-2021_19-30-53,LTC/USD,25.0,140.51,140.39,0.021350793537827296,-0.1186492064621727,0.13999999999999999,False,Binance US,Coinbase Pro
89,01-13-2021_19-31-04,LTC/USD,25.0,140.593,140.49,0.0183152788545625,-0.1636847211454375,0.182,False,Bittrex,Coinbase Pro
90,01-13-2021_19-31-15,LTC/USD,25.0,140.592,140.44,0.027028564925460772,-0.15497143507453923,0.182,False,Bittrex,Coinbase Pro
91,01-13-2021_19-31-27,LTC/USD,25.0,140.59,140.42,0.03022974607013584,-0.15177025392986415,0.182,False,Bittrex,Coinbase Pro
92,01-13-2021_19-31-38,LTC/USD,25.0,140.59,140.44,0.026673305356000727,-0.15532669464399926,0.182,False,Bittrex,Coinbase Pro
93,01-13-2021_19-31-50,LTC/USD,25.0,140.589,140.44,0.026495671780864954,-0.15550432821913504,0.182,False,Bittrex,Coinbase Pro
94,01-13-2021_19-32-02,LTC/USD,25.0,140.589,140.36,0.04072153582427946,-0.14127846417572054,0.182,False,Bittrex,Coinbase Pro
95,01-13-2021_19-32-13,LTC/USD,25.0,140.48,140.37,0.019575740318903977,-0.16542425968109603,0.185,False,Kraken,Coinbase Pro
96,01-13-2021_19-32-25,LTC/USD,25.0,140.48,140.41,0.012457289293848445,-0.17254271070615154,0.185,False,Kraken,Coinbase Pro
97,01-13-2021_19-32-36,LTC/USD,25.0,140.55,140.43,0.02134471718249814,-0.12865528281750185,0.15,False,Binance US,Coinbase Pro
98,01-13-2021_19-32-47,LTC/USD,25.0,140.77,140.55,0.03907082474959133,-0.08792917525040866,0.127,False,Bittrex,Kraken
99,01-13-2021_19-32-59,LTC/USD,25.0,140.77,140.55,0.03907082474959133,-0.08792917525040866,0.127,False,Bittrex,Kraken
100,01-13-2021_19-33-10,LTC/USD,25.0,140.77,140.68,0.015983519215742596,-0.1660164807842574,0.182,False,Bittrex,Coinbase Pro
101,01-13-2021_19-33-21,LTC/USD,25.0,140.77,140.66,0.019535412374798188,-0.10746458762520181,0.127,False,Bittrex,Kraken
102,01-13-2021_19-33-31,LTC/USD,25.0,140.67,140.41,0.04620743584275093,-0.13579256415724905,0.182,False,Bittrex,Coinbase Pro
103,01-13-2021_19-33-42,LTC/USD,25.0,140.56,140.42,0.02490039840637713,-0.11509960159362286,0.13999999999999999,False,Binance US,Coinbase Pro
104,01-13-2021_19-33-52,LTC/USD,25.0,140.544,140.41,0.02383595173042153,-0.15816404826957847,0.182,False,Bittrex,Coinbase Pro
105,01-13-2021_19-34-03,LTC/USD,25.0,140.542,140.37,0.030595836120162843,-0.15140416387983716,0.182,False,Bittrex,Coinbase Pro
106,01-13-2021_19-34-14,LTC/USD,25.0,140.542,140.37,0.030595836120162843,-0.15140416387983716,0.182,False,Bittrex,Coinbase Pro
107,01-13-2021_19-34-23,LTC/USD,25.0,140.542,140.37,0.030595836120162843,-0.15140416387983716,0.182,False,Bittrex,Coinbase Pro
108,01-13-2021_19-34-33,LTC/USD,25.0,140.59,140.49,0.017782203570665466,-0.13221779642933454,0.15,False,Binance US,Coinbase Pro
109,01-13-2021_19-34-44,LTC/USD,25.0,140.876,140.74,0.024134700019874868,-0.15786529998012513,0.182,False,Bittrex,Coinbase Pro
110,01-13-2021_19-34-55,LTC/USD,25.0,140.875,140.75,0.022182786157941437,-0.10481721384205857,0.127,False,Bittrex,Kraken
111,01-13-2021_19-35-06,LTC/USD,25.0,140.875,140.77,0.01863354037266899,-0.163366459627331,0.182,False,Bittrex,Coinbase Pro
112,01-13-2021_19-35-16,LTC/USD,25.0,140.76,140.61,0.026641091219092295,-0.1133589087809077,0.13999999999999999,False,Binance US,Coinbase Pro
113,01-13-2021_19-35-28,LTC/USD,25.0,140.85,140.751,0.017571884984023706,-0.07442811501597629,0.092,False,Binance US,Bittrex
114,01-13-2021_19-35-38,LTC/USD,25.0,140.856,140.76,0.017038677798603477,-0.16496132220139653,0.182,False,Bittrex,Coinbase Pro
115,01-13-2021_19-35-48,LTC/USD,25.0,140.856,140.8,0.009939228715848665,-0.11706077128415134,0.127,False,Bittrex,Kraken
116,01-13-2021_19-35-58,LTC/USD,25.0,141.059,140.85,0.037041238063505906,-0.025138761936494093,0.06218,False,Bittrex,Binance US
117,01-13-2021_19-36-09,LTC/USD,25.0,141.044,140.86,0.03261393607668484,-0.09438606392331517,0.127,False,Bittrex,Kraken
118,01-13-2021_19-36-19,LTC/USD,25.0,141.043,140.86,0.03243691640137985,-0.09456308359862015,0.127,False,Bittrex,Kraken
119,01-13-2021_19-36-29,LTC/USD,25.0,141.044,140.86,0.03261393607668484,-0.09438606392331517,0.127,False,Bittrex,Kraken
120,01-13-2021_19-36-39,LTC/USD,25.0,140.98,140.79,0.03369272237196726,-0.11630727762803274,0.15,False,Binance US,Coinbase Pro
121,01-13-2021_19-36-49,LTC/USD,25.0,140.848,140.65,0.03514426899920614,-0.09185573100079386,0.127,False,Bittrex,Kraken
122,01-13-2021_19-36-59,LTC/USD,25.0,140.93,140.86,0.012417512240117999,-0.182582487759882,0.195,False,Coinbase Pro,Kraken
123,01-13-2021_19-37-10,LTC/USD,25.0,141.05,140.86,0.033676001417936495,-0.05132399858206351,0.085,False,Binance US,Kraken
124,01-13-2021_19-37-20,LTC/USD,25.0,141.05,140.99,0.010634526763559422,-0.12936547323644057,0.13999999999999999,False,Binance US,Coinbase Pro
125,01-13-2021_19-37-32,LTC/USD,25.0,141.22,141.11,0.019473162441577898,-0.1655268375584221,0.185,False,Coinbase Pro,Kraken
126,01-13-2021_19-37-43,LTC/USD,25.0,141.17,141.11,0.010625487001482938,-0.07437451299851706,0.085,False,Binance US,Kraken
127,01-13-2021_19-37-54,LTC/USD,25.0,141.29,141.124,0.02937221317856834,-0.05262778682143167,0.082,False,Binance US,Bittrex
128,01-13-2021_19-38-06,LTC/USD,25.0,141.29,141.124,0.02937221317856834,-0.05262778682143167,0.082,False,Binance US,Bittrex
129,01-13-2021_19-38-16,LTC/USD,25.0,141.28,141.124,0.027604756511892325,-0.054395243488107675,0.082,False,Binance US,Bittrex
130,01-13-2021_19-38-26,LTC/USD,25.0,141.23,141.122,0.019117751186004332,-0.07288224881399566,0.092,False,Binance US,Bittrex
131,01-13-2021_19-38-37,LTC/USD,25.0,141.28,141.123,0.02778171007927709,-0.05421828992072292,0.082,False,Binance US,Bittrex
132,01-13-2021_19-38-48,LTC/USD,25.0,141.3,141.123,0.031316348195332785,-0.05068365180466722,0.082,False,Binance US,Bittrex
133,01-13-2021_19-38-58,LTC/USD,25.0,141.37,141.123,0.04367970573672174,-0.04832029426327826,0.092,False,Binance US,Bittrex
134,01-13-2021_19-39-10,LTC/USD,25.0,141.37,141.124,0.043502864822807054,-0.048497135177192945,0.092,False,Binance US,Bittrex
135,01-13-2021_19-39-19,LTC/USD,25.0,141.24,141.123,0.02070943075616303,-0.07129056924383698,0.092,False,Binance US,Bittrex
136,01-13-2021_19-39-30,LTC/USD,25.0,141.22,141.09,0.023013737430957984,-0.126986262569042,0.15,False,Binance US,Coinbase Pro
137,01-13-2021_19-39-41,LTC/USD,25.0,141.13,141.08,0.008857082122862422,-0.08611690787713758,0.09497399,False,Binance US,Kraken
138,01-13-2021_19-39-52,LTC/USD,25.0,141.21,141.124,0.015225550598401801,-0.0767744494015982,0.092,False,Binance US,Bittrex
139,01-13-2021_19-40-03,LTC/USD,25.0,141.27,141.124,0.025837049621295214,-0.06616295037870479,0.092,False,Binance US,Bittrex
140,01-13-2021_19-40-13,LTC/USD,25.0,141.33,141.124,0.036439538668367875,-0.05556046133163212,0.092,False,Binance US,Bittrex
141,01-13-2021_19-40-23,LTC/USD,25.0,141.3,141.123,0.031316348195332785,-0.05068365180466722,0.082,False,Binance US,Bittrex
142,01-13-2021_19-40-33,LTC/USD,25.0,141.32,141.124,0.034673082366260606,-0.05732691763373939,0.092,False,Binance US,Bittrex
143,01-13-2021_19-40-44,LTC/USD,25.0,141.32,141.124,0.034673082366260606,-0.05732691763373939,0.092,False,Binance US,Bittrex
144,01-13-2021_19-40-54,LTC/USD,25.0,141.32,141.124,0.034673082366260606,-0.05732691763373939,0.092,False,Binance US,Bittrex
145,01-13-2021_19-41-04,LTC/USD,25.0,141.556,141.3,0.045211788973975,-0.081788211026025,0.127,False,Bittrex,Kraken
146,01-13-2021_19-41-15,LTC/USD,25.0,141.551,141.3,0.04433031204300506,-0.08266968795699495,0.127,False,Bittrex,Kraken
147,01-13-2021_19-41-25,LTC/USD,25.0,141.549,141.46,0.01571893831817933,-0.16628106168182066,0.182,False,Bittrex,Coinbase Pro
148,01-13-2021_19-41-36,LTC/USD,25.0,141.545,141.48,0.011480447914090525,-0.11551955208590947,0.127,False,Bittrex,Kraken
149,01-13-2021_19-41-47,LTC/USD,25.0,141.542,141.49,0.009184552994869455,-0.11781544700513055,0.127,False,Bittrex,Kraken
150,01-13-2021_19-41-57,LTC/USD,25.0,141.54,141.46,0.014130281192592922,-0.11286971880740708,0.127,False,Bittrex,Kraken
151,01-13-2021_19-42-07,LTC/USD,25.0,141.538,141.46,0.013777218838757604,-0.1682227811612424,0.182,False,Bittrex,Coinbase Pro
152,01-13-2021_19-42-17,LTC/USD,25.0,141.536,141.25,0.050517182907529073,-0.13148281709247092,0.182,False,Bittrex,Coinbase Pro
153,01-13-2021_19-42-27,LTC/USD,25.0,141.472,141.34,0.02332617054965028,-0.15867382945034972,0.182,False,Bittrex,Coinbase Pro
154,01-13-2021_19-42-38,LTC/USD,25.0,141.47,141.33,0.024740227610091606,-0.1022597723899084,0.127,False,Bittrex,Kraken
155,01-13-2021_19-42-48,LTC/USD,25.0,141.47,141.3,0.03004170495511195,-0.06495829504488805,0.095,False,Binance US,Kraken
156,01-13-2021_19-42-59,LTC/USD,25.0,141.467,141.3,0.029512183053291858,-0.09748781694670815,0.127,False,Bittrex,Kraken
157,01-13-2021_19-43-10,LTC/USD,25.0,141.463,141.28,0.032340612032827086,-0.1496593879671729,0.182,False,Bittrex,Coinbase Pro
158,01-13-2021_19-43-21,LTC/USD,25.0,141.359,141.28,0.013971519323143153,-0.16802848067685683,0.182,False,Bittrex,Coinbase Pro
159,01-13-2021_19-43-31,LTC/USD,25.0,141.357,141.2,0.027766576823222533,-0.15423342317677746,0.182,False,Bittrex,Coinbase Pro
160,01-13-2021_19-43-41,LTC/USD,25.0,141.332,141.19,0.025118161492088828,-0.15688183850791115,0.182,False,Bittrex,Coinbase Pro
161,01-13-2021_19-43-51,LTC/USD,25.0,141.332,141.19,0.025118161492088828,-0.15688183850791115,0.182,False,Bittrex,Coinbase Pro
162,01-13-2021_19-44-01,LTC/USD,25.0,141.332,141.19,0.025118161492088828,-0.15688183850791115,0.182,False,Bittrex,Coinbase Pro
163,01-13-2021_19-44-13,LTC/USD,25.0,141.33,141.15,0.03184037359371804,-0.09515962640628196,0.127,False,Bittrex,Kraken
164,01-13-2021_19-44-23,LTC/USD,25.0,141.328,141.23,0.01733555983244884,-0.10966444016755117,0.127,False,Bittrex,Kraken
165,01-13-2021_19-44-34,LTC/USD,25.0,141.326,141.12,0.036440570029575035,-0.14555942997042495,0.182,False,Bittrex,Coinbase Pro
166,01-13-2021_19-44-44,LTC/USD,25.0,141.315,141.11,0.036266496833312824,-0.14573350316668718,0.182,False,Bittrex,Coinbase Pro
167,01-13-2021_19-44-55,LTC/USD,25.0,141.232,141.08,0.0269060836071122,-0.1550939163928878,0.182,False,Bittrex,Coinbase Pro
168,01-13-2021_19-45-06,LTC/USD,25.0,141.232,141.13,0.01805539821003807,-0.16394460178996192,0.182,False,Bittrex,Coinbase Pro
169,01-13-2021_19-45-17,LTC/USD,25.0,141.415,141.24,0.030937312166315976,-0.151062687833684,0.182,False,Bittrex,Coinbase Pro
170,01-13-2021_19-45-27,LTC/USD,25.0,141.354,141.15,0.03607962986544557,-0.14592037013455442,0.182,False,Bittrex,Coinbase Pro
171,01-13-2021_19-45-38,LTC/USD,25.0,141.3,141.11,0.03361641896673703,-0.14838358103326296,0.182,False,Bittrex,Coinbase Pro
172,01-13-2021_19-45-49,LTC/USD,25.0,141.24,141.07,0.030090625885021226,-0.15490937411497877,0.185,False,Kraken,Coinbase Pro
173,01-13-2021_19-45-59,LTC/USD,25.0,141.24,141.14,0.017700368167661913,-0.1672996318323381,0.185,False,Kraken,Coinbase Pro
174,01-13-2021_19-46-21,LTC/USD,25.0,141.233,141.04,0.03416340373708907,-0.14783659626291093,0.182,False,Bittrex,Coinbase Pro
175,01-13-2021_19-46-31,LTC/USD,25.0,141.229,141.01,0.03876682551034534,-0.14323317448965467,0.182,False,Bittrex,Coinbase Pro
176,01-13-2021_19-46-41,LTC/USD,25.0,141.208,140.97,0.04213642286555994,-0.13986357713444006,0.182,False,Bittrex,Coinbase Pro
177,01-13-2021_19-46-53,LTC/USD,25.0,141.154,140.94,0.03790186604701224,-0.14409813395298776,0.182,False,Bittrex,Coinbase Pro
178,01-13-2021_19-47-04,LTC/USD,25.0,141.154,140.97,0.03258852033948693,-0.14941147966051307,0.182,False,Bittrex,Coinbase Pro
179,01-13-2021_19-47-15,LTC/USD,25.0,141.154,141.01,0.025504059396121517,-0.15649594060387848,0.182,False,Bittrex,Coinbase Pro
180,01-13-2021_19-47-24,LTC/USD,25.0,141.154,141.04,0.0201907136885962,-0.1618092863114038,0.182,False,Bittrex,Coinbase Pro
181,01-13-2021_19-47-34,LTC/USD,25.0,141.154,141.06,0.016648483216910977,-0.16535151678308901,0.182,False,Bittrex,Coinbase Pro
182,01-13-2021_19-47-44,LTC/USD,25.0,141.154,141.03,0.021961828924436294,-0.1600381710755637,0.182,False,Bittrex,Coinbase Pro
183,01-13-2021_19-47-55,LTC/USD,25.0,141.154,140.95,0.036130750811172146,-0.14586924918882785,0.182,False,Bittrex,Coinbase Pro
184,01-13-2021_19-48-06,LTC/USD,25.0,141.154,140.99,0.029046289867801705,-0.1529537101321983,0.182,False,Bittrex,Coinbase Pro
185,01-13-2021_19-48-16,LTC/USD,25.0,141.154,140.98,0.030817405103646833,-0.15118259489635316,0.182,False,Bittrex,Coinbase Pro
186,01-13-2021_19-48-26,LTC/USD,25.0,141.154,140.97,0.03258852033948693,-0.14941147966051307,0.182,False,Bittrex,Coinbase Pro
187,01-13-2021_19-48-36,LTC/USD,25.0,141.151,140.97,0.03205786710685925,-0.14994213289314073,0.182,False,Bittrex,Coinbase Pro
188,01-13-2021_19-48-46,LTC/USD,25.0,141.149,140.95,0.03524644170345031,-0.14675355829654968,0.182,False,Bittrex,Coinbase Pro
189,01-13-2021_19-48-56,LTC/USD,25.0,141.104,140.97,0.02374135389500201,-0.15825864610499799,0.182,False,Bittrex,Coinbase Pro
190,01-13-2021_19-49-06,LTC/USD,25.0,141.267,141.1,0.029553965186491112,-0.09744603481350889,0.127,False,Bittrex,Kraken
191,01-13-2021_19-49-17,LTC/USD,25.0,141.256,141.01,0.04353797360820236,-0.13846202639179764,0.182,False,Bittrex,Coinbase Pro
192,01-13-2021_19-49-28,LTC/USD,25.0,141.211,141.1,0.01965144358442657,-0.10734855641557343,0.127,False,Bittrex,Kraken
193,01-13-2021_19-49-40,LTC/USD,25.0,141.211,141.0,0.03735544681363575,-0.14464455318636424,0.182,False,Bittrex,Coinbase Pro
194,01-13-2021_19-49-51,LTC/USD,25.0,141.211,141.0,0.03735544681363575,-0.14464455318636424,0.182,False,Bittrex,Coinbase Pro
195,01-13-2021_19-50-03,LTC/USD,25.0,141.151,140.96,0.033829019985689525,-0.14817098001431048,0.182,False,Bittrex,Coinbase Pro
196,01-13-2021_19-50-14,LTC/USD,25.0,141.151,140.97,0.03205786710685925,-0.14994213289314073,0.182,False,Bittrex,Coinbase Pro
197,01-13-2021_19-50-27,LTC/USD,25.0,141.151,141.05,0.01788864407620192,-0.16411135592379808,0.182,False,Bittrex,Coinbase Pro
198,01-13-2021_19-50-38,LTC/USD,25.0,141.149,141.09,0.010449950052780661,-0.17155004994721934,0.182,False,Bittrex,Coinbase Pro
199,01-13-2021_19-50-48,LTC/USD,25.0,141.149,141.02,0.022848195878112966,-0.15915180412188704,0.182,False,Bittrex,Coinbase Pro
200,01-13-2021_19-50-59,LTC/USD,25.0,141.1,140.92,0.03189227498228328,-0.15310772501771672,0.185,False,Kraken,Coinbase Pro
201,01-13-2021_19-51-11,LTC/USD,25.0,141.1,140.92,0.03189227498228328,-0.15310772501771672,0.185,False,Kraken,Coinbase Pro
202,01-13-2021_19-51-21,LTC/USD,25.0,141.1,140.95,0.0265768958185694,-0.1584231041814306,0.185,False,Kraken,Coinbase Pro
203,01-13-2021_19-51-31,LTC/USD,25.0,141.1,141.0,0.017717930545711257,-0.16728206945428875,0.185,False,Kraken,Coinbase Pro
204,01-13-2021_19-51-41,LTC/USD,25.0,141.092,140.9,0.03402035551271639,-0.1479796444872836,0.182,False,Bittrex,Coinbase Pro
205,01-13-2021_19-51-51,LTC/USD,25.0,141.091,140.92,0.03029959387913132,-0.15170040612086869,0.182,False,Bittrex,Coinbase Pro
206,01-13-2021_19-52-02,LTC/USD,25.0,141.09,140.95,0.02480686086895152,-0.1571931391310485,0.182,False,Bittrex,Coinbase Pro
207,01-13-2021_19-52-13,LTC/USD,25.0,141.088,140.93,0.027996711272395076,-0.16400328872760492,0.192,False,Bittrex,Coinbase Pro
208,01-13-2021_19-52-23,LTC/USD,25.0,141.086,140.92,0.02941468324284926,-0.15258531675715073,0.182,False,Bittrex,Coinbase Pro
209,01-13-2021_19-52-34,LTC/USD,25.0,141.059,140.89,0.029952005898243133,-0.15204799410175687,0.182,False,Bittrex,Coinbase Pro
210,01-13-2021_19-52-45,LTC/USD,25.0,141.059,140.88,0.03172431393955757,-0.15027568606044242,0.182,False,Bittrex,Coinbase Pro
211,01-13-2021_19-52-56,LTC/USD,25.0,141.058,140.89,0.029774986175900405,-0.1522250138240996,0.182,False,Bittrex,Coinbase Pro
212,01-13-2021_19-53-07,LTC/USD,25.0,141.21,140.97,0.04248990864669802,-0.05251009135330198,0.095,False,Binance US,Kraken
213,01-13-2021_19-53-17,LTC/USD,25.0,141.2,141.1,0.017705382436259617,-0.06729461756374039,0.085,False,Binance US,Kraken
214,01-13-2021_19-53-28,LTC/USD,25.0,141.2,141.08,0.021246458923508522,-0.06372753107649148,0.08497399,False,Binance US,Kraken
215,01-13-2021_19-53-39,LTC/USD,25.0,141.2,141.1,0.017705382436259617,-0.06729461756374039,0.085,False,Binance US,Kraken
216,01-13-2021_19-53-50,LTC/USD,25.0,141.21,141.1,0.019474541463071603,-0.1655254585369284,0.185,False,Coinbase Pro,Kraken
217,01-13-2021_19-54-01,LTC/USD,25.0,141.344,141.09,0.04492585465247741,-0.1370741453475226,0.182,False,Bittrex,Coinbase Pro
218,01-13-2021_19-54-12,LTC/USD,25.0,141.284,141.1,0.03255853458282564,-0.09444146541717435,0.127,False,Bittrex,Kraken
219,01-13-2021_19-54-23,LTC/USD,25.0,141.281,141.1,0.03202836899512525,-0.09497163100487475,0.127,False,Bittrex,Kraken
220,01-13-2021_19-54-34,LTC/USD,25.0,141.219,141.04,0.03168837054504034,-0.15031162945495966,0.182,False,Bittrex,Coinbase Pro
221,01-13-2021_19-54-45,LTC/USD,25.0,141.216,141.0,0.03823929299796202,-0.08876070700203798,0.127,False,Bittrex,Kraken
222,01-13-2021_19-54-56,LTC/USD,25.0,141.16,141.04,0.02125247945593733,-0.10574752054406267,0.127,False,Bittrex,Kraken
223,01-13-2021_19-55-06,LTC/USD,25.0,141.19,141.09,0.017706636447339455,-0.07729336355266055,0.095,False,Binance US,Kraken
224,01-13-2021_19-55-16,LTC/USD,25.0,141.19,141.01,0.03187194560521404,-0.06312805439478597,0.095,False,Binance US,Kraken
225,01-13-2021_19-55-26,LTC/USD,25.0,141.14,140.98,0.028340654669122257,-0.06665934533087775,0.095,False,Binance US,Kraken
226,01-13-2021_19-55-36,LTC/USD,25.0,141.123,140.96,0.028875519936506187,-0.09812448006349381,0.127,False,Bittrex,Kraken
227,01-13-2021_19-55-48,LTC/USD,25.0,141.089,140.87,0.03880529311285679,-0.1431947068871432,0.182,False,Bittrex,Coinbase Pro
228,01-13-2021_19-55-58,LTC/USD,25.0,141.067,140.88,0.03314028085945186,-0.09385971914054814,0.127,False,Bittrex,Kraken
229,01-13-2021_19-56-09,LTC/USD,25.0,141.067,140.87,0.03491248839204114,-0.09208751160795886,0.127,False,Bittrex,Kraken
230,01-13-2021_19-56-19,LTC/USD,25.0,141.067,140.86,0.03668469592463043,-0.1553153040753696,0.192,False,Bittrex,Coinbase Pro
231,01-13-2021_19-56-31,LTC/USD,25.0,140.958,140.74,0.03866399920543519,-0.14333600079456482,0.182,False,Bittrex,Coinbase Pro
232,01-13-2021_19-56-42,LTC/USD,25.0,140.937,140.65,0.05090927151848097,-0.13109072848151904,0.182,False,Bittrex,Coinbase Pro
233,01-13-2021_19-56-54,LTC/USD,25.0,140.88,140.67,0.037265758091994595,-0.1477342419080054,0.185,False,Kraken,Coinbase Pro
234,01-13-2021_19-57-06,LTC/USD,25.0,140.846,140.75,0.017039887536742904,-0.1649601124632571,0.182,False,Bittrex,Coinbase Pro
235,01-13-2021_19-57-17,LTC/USD,25.0,141.007,140.82,0.03315438240654928,-0.14884561759345072,0.182,False,Bittrex,Coinbase Pro
236,01-13-2021_19-57-28,LTC/USD,25.0,140.915,140.77,0.025724727672707275,-0.1562752723272927,0.182,False,Bittrex,Coinbase Pro
237,01-13-2021_19-57-41,LTC/USD,25.0,140.966,140.75,0.03830710951577121,-0.14369289048422879,0.182,False,Bittrex,Coinbase Pro
238,01-13-2021_19-57-52,LTC/USD,25.0,140.965,140.68,0.050544461391124854,-0.13145553860887516,0.182,False,Bittrex,Coinbase Pro
239,01-13-2021_19-58-05,LTC/USD,25.0,140.929,140.71,0.038849349672529086,-0.1431506503274709,0.182,False,Bittrex,Coinbase Pro
240,01-13-2021_19-58-16,LTC/USD,25.0,140.914,140.74,0.030869892274716884,-0.15113010772528312,0.182,False,Bittrex,Coinbase Pro
241,01-13-2021_19-58-27,LTC/USD,25.0,140.913,140.71,0.03601512990284837,-0.1459848700971516,0.182,False,Bittrex,Coinbase Pro
242,01-13-2021_19-58-38,LTC/USD,25.0,140.913,140.71,0.03601512990284837,-0.1459848700971516,0.182,False,Bittrex,Coinbase Pro
243,01-13-2021_19-58-50,LTC/USD,25.0,140.889,140.63,0.04595816564813693,-0.13604183435186307,0.182,False,Bittrex,Coinbase Pro
244,01-13-2021_19-59-05,LTC/USD,25.0,140.859,140.61,0.04419312929951143,-0.13780687070048858,0.182,False,Bittrex,Coinbase Pro
245,01-13-2021_19-59-17,LTC/USD,25.0,140.859,140.64,0.03886865588993648,-0.1431313441100635,0.182,False,Bittrex,Coinbase Pro
246,01-13-2021_19-59-29,LTC/USD,25.0,140.857,140.64,0.038514237844056914,-0.14348576215594308,0.182,False,Bittrex,Coinbase Pro
247,01-13-2021_19-59-40,LTC/USD,25.0,140.74,140.54,0.035526502771070244,-0.14647349722892974,0.182,False,Bittrex,Coinbase Pro
248,01-13-2021_19-59-53,LTC/USD,25.0,140.733,140.55,0.03250836690754704,-0.14949163309245295,0.182,False,Bittrex,Coinbase Pro
249,01-13-2021_20-00-05,LTC/USD,25.0,140.79,140.7,0.015981248668229885,-0.1440187513317701,0.16,False,Binance US,Coinbase Pro
250,01-13-2021_20-00-17,LTC/USD,25.0,140.937,140.65,0.05090927151848097,-0.13109072848151904,0.182,False,Bittrex,Coinbase Pro
251,01-13-2021_20-00-28,LTC/USD,25.0,140.815,140.63,0.03284451230337717,-0.14915548769662282,0.182,False,Bittrex,Coinbase Pro
252,01-13-2021_20-00-38,LTC/USD,25.0,140.815,140.65,0.029293754216523814,-0.1527062457834762,0.182,False,Bittrex,Coinbase Pro
253,01-13-2021_20-00-49,LTC/USD,25.0,140.83,140.73,0.017751899453245533,-0.13224810054675445,0.15,False,Binance US,Coinbase Pro
254,01-13-2021_20-00-59,LTC/USD,25.0,140.83,140.72,0.01952708939856807,-0.13047291060143193,0.15,False,Binance US,Coinbase Pro
255,01-13-2021_20-01-09,LTC/USD,25.0,140.991,140.8,0.033867409976523766,-0.09313259002347624,0.127,False,Bittrex,Kraken
256,01-13-2021_20-01-19,LTC/USD,25.0,140.928,140.72,0.03689827429609418,-0.1451017257039058,0.182,False,Bittrex,Coinbase Pro
257,01-13-2021_20-01-31,LTC/USD,25.0,140.927,140.8,0.02252939465112809,-0.10447060534887191,0.127,False,Bittrex,Kraken
258,01-13-2021_20-01-41,LTC/USD,25.0,140.927,140.8,0.02252939465112809,-0.10447060534887191,0.127,False,Bittrex,Kraken
259,01-13-2021_20-01-52,LTC/USD,25.0,140.927,140.8,0.02252939465112809,-0.15947060534887192,0.182,False,Bittrex,Coinbase Pro
260,01-13-2021_20-02-03,LTC/USD,25.0,140.927,140.77,0.027851298899427057,-0.09914870110057294,0.127,False,Bittrex,Kraken
261,01-13-2021_20-02-13,LTC/USD,25.0,140.927,140.8,0.02252939465112809,-0.15947060534887192,0.182,False,Bittrex,Coinbase Pro
262,01-13-2021_20-02-23,LTC/USD,25.0,140.927,140.79,0.024303362733897774,-0.10269663726610223,0.127,False,Bittrex,Kraken
263,01-13-2021_20-02-35,LTC/USD,25.0,140.927,140.77,0.027851298899427057,-0.09914870110057294,0.127,False,Bittrex,Kraken
264,01-13-2021_20-02-46,LTC/USD,25.0,140.927,140.77,0.027851298899427057,-0.09914870110057294,0.127,False,Bittrex,Kraken
265,01-13-2021_20-02-57,LTC/USD,25.0,140.927,140.77,0.027851298899427057,-0.09914870110057294,0.127,False,Bittrex,Kraken
266,01-13-2021_20-03-09,LTC/USD,25.0,140.889,140.76,0.02289036049656451,-0.15910963950343548,0.182,False,Bittrex,Coinbase Pro
267,01-13-2021_20-03-19,LTC/USD,25.0,140.889,140.74,0.026439253596803318,-0.15556074640319667,0.182,False,Bittrex,Coinbase Pro
268,01-13-2021_20-03-29,LTC/USD,25.0,140.9,140.76,0.024840312278214118,-0.060159687721785884,0.085,False,Binance US,Kraken
269,01-13-2021_20-03-39,LTC/USD,25.0,140.89,140.76,0.023067641422385456,-0.07193235857761454,0.095,False,Binance US,Kraken
270,01-13-2021_20-03-50,LTC/USD,25.0,140.9,140.76,0.024840312278214118,-0.060159687721785884,0.085,False,Binance US,Kraken
271,01-13-2021_20-04-00,LTC/USD,25.0,140.889,140.76,0.02289036049656451,-0.10410963950343549,0.127,False,Bittrex,Kraken
272,01-13-2021_20-04-10,LTC/USD,25.0,140.89,140.69,0.035488679111361464,-0.11451132088863852,0.15,False,Binance US,Coinbase Pro
273,01-13-2021_20-04-22,LTC/USD,25.0,140.889,140.74,0.026439253596803318,-0.15556074640319667,0.182,False,Bittrex,Coinbase Pro
274,01-13-2021_20-04-33,LTC/USD,25.0,140.91,140.76,0.026612731530765328,-0.06838726846923468,0.095,False,Binance US,Kraken
275,01-13-2021_20-04-43,LTC/USD,25.0,141.122,140.87,0.04464222445827183,-0.08235777554172817,0.127,False,Bittrex,Kraken
276,01-13-2021_20-04-53,LTC/USD,25.0,141.122,140.87,0.04464222445827183,-0.08235777554172817,0.127,False,Bittrex,Kraken
277,01-13-2021_20-05-04,LTC/USD,25.0,141.12,140.99,0.023030045351473117,-0.10396995464852689,0.127,False,Bittrex,Kraken
278,01-13-2021_20-05-15,LTC/USD,25.0,141.14,140.99,0.026569363752298653,-0.06843063624770135,0.095,False,Binance US,Kraken
279,01-13-2021_20-05-24,LTC/USD,25.0,141.24,140.99,0.04425092041914472,-0.05074907958085528,0.095,False,Binance US,Kraken
280,01-13-2021_20-05-34,LTC/USD,25.0,141.39,141.124,0.047033029209985,-0.044966970790015,0.092,False,Binance US,Bittrex
281,01-13-2021_20-05-45,LTC/USD,25.0,141.29,141.124,0.02937221317856834,-0.05262778682143167,0.082,False,Binance US,Bittrex
282,01-13-2021_20-05-55,LTC/USD,25.0,141.394,141.21,0.03253320508649545,-0.09446679491350454,0.127,False,Bittrex,Kraken
283,01-13-2021_20-06-06,LTC/USD,25.0,141.394,141.2,0.034301314058591034,-0.14769868594140895,0.182,False,Bittrex,Coinbase Pro
284,01-13-2021_20-06-17,LTC/USD,25.0,141.394,141.25,0.025460769198128185,-0.10153923080187181,0.127,False,Bittrex,Kraken
285,01-13-2021_20-06-28,LTC/USD,25.0,141.391,141.23,0.02846715844714327,-0.15353284155285674,0.182,False,Bittrex,Coinbase Pro
286,01-13-2021_20-06-39,LTC/USD,25.0,141.32,141.124,0.034673082366260606,-0.05732691763373939,0.092,False,Binance US,Bittrex
287,01-13-2021_20-06-49,LTC/USD,25.0,141.32,141.124,0.034673082366260606,-0.05732691763373939,0.092,False,Binance US,Bittrex
288,01-13-2021_20-06-59,LTC/USD,25.0,141.389,141.26,0.022809412330524137,-0.15919058766947586,0.182,False,Bittrex,Coinbase Pro
289,01-13-2021_20-07-09,LTC/USD,25.0,141.389,141.24,0.026345755327500883,-0.1556542446724991,0.182,False,Bittrex,Coinbase Pro
290,01-13-2021_20-07-19,LTC/USD,25.0,141.389,141.25,0.024577583829012508,-0.15742241617098748,0.182,False,Bittrex,Coinbase Pro
291,01-13-2021_20-07-30,LTC/USD,25.0,141.385,141.26,0.022102769034904695,-0.1598972309650953,0.182,False,Bittrex,Coinbase Pro
292,01-13-2021_20-07-40,LTC/USD,25.0,141.385,141.26,0.022102769034904695,-0.1598972309650953,0.182,False,Bittrex,Coinbase Pro
293,01-13-2021_20-07-52,LTC/USD,25.0,141.381,141.27,0.01962781420416994,-0.16237218579583007,0.182,False,Bittrex,Coinbase Pro
294,01-13-2021_20-08-03,LTC/USD,25.0,141.468,141.3,0.029688692849262368,-0.09731130715073763,0.127,False,Bittrex,Kraken
295,01-13-2021_20-08-13,LTC/USD,25.0,141.467,141.3,0.029512183053291858,-0.09748781694670815,0.127,False,Bittrex,Kraken
296,01-13-2021_20-08-23,LTC/USD,25.0,141.448,141.3,0.02615802273626989,-0.10084197726373012,0.127,False,Bittrex,Kraken
297,01-13-2021_20-08-34,LTC/USD,25.0,141.448,141.3,0.02615802273626989,-0.10084197726373012,0.127,False,Bittrex,Kraken
298,01-13-2021_20-08-45,LTC/USD,25.0,141.448,141.3,0.02615802273626989,-0.10084197726373012,0.127,False,Bittrex,Kraken
299,01-13-2021_20-08-56,LTC/USD,25.0,141.565,141.3,0.04679829053791304,-0.08020170946208696,0.127,False,Bittrex,Kraken
300,01-13-2021_20-09-07,LTC/USD,25.0,141.57,141.3,0.047679593134135376,-0.047320406865864625,0.095,False,Binance US,Kraken
301,01-13-2021_20-09-18,LTC/USD,25.0,141.57,141.41,0.02825457370911856,-0.12174542629088143,0.15,False,Binance US,Coinbase Pro
302,01-13-2021_20-09-29,LTC/USD,25.0,141.57,141.46,0.019425019425016815,-0.13057498057498318,0.15,False,Binance US,Coinbase Pro
303,01-13-2021_20-09-38,LTC/USD,25.0,141.556,141.44,0.020486591878834854,-0.10651340812116515,0.127,False,Bittrex,Kraken
304,01-13-2021_20-09-48,LTC/USD,25.0,141.556,141.45,0.018720506372040563,-0.16327949362795943,0.182,False,Bittrex,Coinbase Pro
305,01-13-2021_20-09-58,LTC/USD,25.0,141.438,141.26,0.03146254896138189,-0.1505374510386181,0.182,False,Bittrex,Coinbase Pro
306,01-13-2021_20-10-08,LTC/USD,25.0,141.708,141.5,0.036695175995709206,-0.1453048240042908,0.182,False,Bittrex,Coinbase Pro
307,01-13-2021_20-10-19,LTC/USD,25.0,141.83,141.74,0.0158640626101677,-0.0463159373898323,0.06218,False,Bittrex,Binance US
308,01-13-2021_20-10-29,LTC/USD,25.0,141.986,141.79,0.034510444691729814,-0.09248955530827019,0.127,False,Bittrex,Kraken
309,01-13-2021_20-10-40,LTC/USD,25.0,141.985,141.86,0.022009367186674646,-0.04017063281332535,0.06218,False,Bittrex,Binance US
310,01-13-2021_20-10-51,LTC/USD,25.0,141.983,141.89,0.016375199847872234,-0.16562480015212777,0.182,False,Bittrex,Coinbase Pro
311,01-13-2021_20-11-01,LTC/USD,25.0,141.982,141.93,0.009156090208616673,-0.1728439097913833,0.182,False,Bittrex,Coinbase Pro
312,01-13-2021_20-11-12,LTC/USD,25.0,142.0,141.91,0.01584507042253581,-0.1691549295774642,0.185,False,Kraken,Coinbase Pro
313,01-13-2021_20-11-23,LTC/USD,25.0,141.999,141.87,0.02271142754526276,-0.15928857245473724,0.182,False,Bittrex,Coinbase Pro
314,01-13-2021_20-11-34,LTC/USD,25.0,142.0,141.92,0.014084507042255721,-0.17791549295774428,0.192,False,Bittrex,Coinbase Pro
315,01-13-2021_20-11-46,LTC/USD,25.0,142.01,141.97,0.007041757622701226,-0.17795824237729876,0.185,False,Kraken,Coinbase Pro
316,01-13-2021_20-11-59,LTC/USD,25.0,142.21,142.05,0.028127417199915013,-0.15687258280008498,0.185,False,Coinbase Pro,Kraken
317,01-13-2021_20-12-11,LTC/USD,25.0,142.21,142.05,0.028127417199915013,-0.15687258280008498,0.185,False,Coinbase Pro,Kraken
318,01-13-2021_20-12-22,LTC/USD,25.0,142.19,142.05,0.024614951825020458,-0.06038504817497955,0.085,False,Binance US,Kraken
319,01-13-2021_20-12-33,LTC/USD,25.0,142.19,142.05,0.024614951825020458,-0.06038504817497955,0.085,False,Binance US,Kraken
320,01-13-2021_20-12-45,LTC/USD,25.0,142.19,142.02,0.029889584358954127,-0.11011041564104586,0.13999999999999999,False,Binance US,Coinbase Pro
321,01-13-2021_20-12-56,LTC/USD,25.0,142.122,141.93,0.03377379997467093,-0.14822620002532907,0.182,False,Bittrex,Coinbase Pro
322,01-13-2021_20-13-07,LTC/USD,25.0,142.13,142.03,0.017589530711319624,-0.13241046928868036,0.15,False,Binance US,Coinbase Pro
323,01-13-2021_20-13-18,LTC/USD,25.0,142.19,142.06,0.022856740980377568,-0.11714325901962241,0.13999999999999999,False,Binance US,Coinbase Pro
324,01-13-2021_20-13-28,LTC/USD,25.0,142.122,142.03,0.016183279154531483,-0.1658167208454685,0.182,False,Bittrex,Coinbase Pro
325,01-13-2021_20-13-40,LTC/USD,25.0,142.12,142.06,0.010554461018857703,-0.1164455389811423,0.127,False,Bittrex,Kraken
326,01-13-2021_20-13-50,LTC/USD,25.0,142.21,142.08,0.022853526474930635,-0.06214647352506937,0.085,False,Binance US,Kraken
327,01-13-2021_20-14-01,LTC/USD,25.0,142.21,142.08,0.022853526474930635,-0.06214647352506937,0.085,False,Binance US,Kraken
328,01-13-2021_20-14-13,LTC/USD,25.0,142.124,142.08,0.007739720244290676,-0.11926027975570933,0.127,False,Bittrex,Kraken
329,01-13-2021_20-14-24,LTC/USD,25.0,142.124,141.99,0.023570966198528418,-0.038609033801471584,0.06218,False,Bittrex,Binance US
330,01-13-2021_20-14-34,LTC/USD,25.0,142.31,142.124,0.03267514580844759,-0.05932485419155241,0.092,False,Binance US,Bittrex
331,01-13-2021_20-14-44,LTC/USD,25.0,142.37,142.208,0.0284470042846116,-0.05355299571538841,0.082,False,Binance US,Bittrex
332,01-13-2021_20-14-55,LTC/USD,25.0,142.39,142.208,0.03195449118617669,-0.05004550881382332,0.082,False,Binance US,Bittrex
333,01-13-2021_20-15-05,LTC/USD,25.0,142.45,142.208,0.04247104247104076,-0.049528957528959236,0.092,False,Binance US,Bittrex
334,01-13-2021_20-15-15,LTC/USD,25.0,142.64,142.4,0.042063937184517085,-0.04293606281548292,0.085,False,Binance US,Kraken
335,01-13-2021_20-15-25,LTC/USD,25.0,142.65,142.46,0.03329828250963857,-0.05170171749036143,0.085,False,Binance US,Kraken
336,01-13-2021_20-15-36,LTC/USD,25.0,142.67,142.49,0.03154131912805397,-0.06345868087194603,0.095,False,Binance US,Kraken
337,01-13-2021_20-15-46,LTC/USD,25.0,142.67,142.5,0.029789023620941244,-0.06521097637905876,0.095,False,Binance US,Kraken
338,01-13-2021_20-15-57,LTC/USD,25.0,142.54,142.4,0.02455451101444969,-0.07044548898555031,0.095,False,Binance US,Kraken
339,01-13-2021_20-16-08,LTC/USD,25.0,142.497,142.32,0.03105328533232645,-0.09594671466767354,0.127,False,Bittrex,Kraken
340,01-13-2021_20-16-19,LTC/USD,25.0,142.497,142.35,0.02579001663193256,-0.16620998336806744,0.192,False,Bittrex,Coinbase Pro
341,01-13-2021_20-16-30,LTC/USD,25.0,142.62,142.45,0.02979946711541437,-0.15520053288458563,0.185,False,Coinbase Pro,Kraken
342,01-13-2021_20-16-40,LTC/USD,25.0,142.59,142.45,0.024545900834563216,-0.1604540991654368,0.185,False,Coinbase Pro,Kraken
343,01-13-2021_20-16-51,LTC/USD,25.0,142.59,142.45,0.024545900834563216,-0.060454099165436787,0.085,False,Binance US,Kraken
344,01-13-2021_20-17-01,LTC/USD,25.0,142.61,142.45,0.028048523946431703,-0.1569514760535683,0.185,False,Coinbase Pro,Kraken
345,01-13-2021_20-17-11,LTC/USD,25.0,142.53,142.45,0.01403213358591393,-0.17096786641408607,0.185,False,Coinbase Pro,Kraken
346,01-13-2021_20-17-20,LTC/USD,25.0,142.57,142.45,0.02104229501297688,-0.07395770498702312,0.095,False,Binance US,Kraken
347,01-13-2021_20-17-30,LTC/USD,25.0,142.58,142.45,0.022794220788333545,-0.07220577921166646,0.095,False,Binance US,Kraken
348,01-13-2021_20-17-40,LTC/USD,25.0,142.58,142.45,0.022794220788333545,-0.07220577921166646,0.095,False,Binance US,Kraken
349,01-13-2021_20-17-50,LTC/USD,25.0,142.68,142.5,0.03153910849453442,-0.15046089150546557,0.182,False,Coinbase Pro,Bittrex
350,01-13-2021_20-18-00,LTC/USD,25.0,142.63,142.5,0.022786230105867535,-0.06921376989413247,0.092,False,Binance US,Bittrex
351,01-13-2021_20-18-11,LTC/USD,25.0,142.64,142.5,0.024537296690967884,-0.15746270330903211,0.182,False,Coinbase Pro,Bittrex
352,01-13-2021_20-18-22,LTC/USD,25.0,142.68,142.589,0.015944771516682117,-0.07605522848331789,0.092,False,Binance US,Bittrex
353,01-13-2021_20-18-32,LTC/USD,25.0,142.74,142.589,0.02644668628275369,-0.16555331371724633,0.192,False,Coinbase Pro,Bittrex
354,01-13-2021_20-18-43,LTC/USD,25.0,142.72,142.589,0.022947029147982103,-0.1590529708520179,0.182,False,Coinbase Pro,Bittrex
355,01-13-2021_20-18-52,LTC/USD,25.0,142.7,142.589,0.019446391030131394,-0.1625536089698686,0.182,False,Coinbase Pro,Bittrex
356,01-13-2021_20-19-02,LTC/USD,25.0,142.96,142.589,0.06487828763290594,-0.027121712367094056,0.092,False,Binance US,Bittrex
357,01-13-2021_20-19-13,LTC/USD,25.0,142.76,142.589,0.029945362846734425,-0.06205463715326558,0.092,False,Binance US,Bittrex
358,01-13-2021_20-19-23,LTC/USD,25.0,142.82,142.589,0.04043551323343974,-0.041564486766560264,0.082,False,Binance US,Bittrex
359,01-13-2021_20-19-34,LTC/USD,25.0,142.92,142.814,0.018541841589699577,-0.16345815841030042,0.182,False,Coinbase Pro,Bittrex
360,01-13-2021_20-19-46,LTC/USD,25.0,142.98,142.814,0.029025038466917896,-0.0629749615330821,0.092,False,Binance US,Bittrex
361,01-13-2021_20-19-58,LTC/USD,25.0,142.99,142.814,0.030771382614171644,-0.061228617385828354,0.092,False,Binance US,Bittrex
362,01-13-2021_20-20-09,LTC/USD,25.0,143.0,142.814,0.03251748251748375,-0.05948251748251625,0.092,False,Binance US,Bittrex
363,01-13-2021_20-20-20,LTC/USD,25.0,143.0,142.93,0.012237762237761044,-0.17276223776223895,0.185,False,Coinbase Pro,Kraken
364,01-13-2021_20-20-31,LTC/USD,25.0,143.0,142.939,0.010664335664336897,-0.1713356643356631,0.182,False,Coinbase Pro,Bittrex
365,01-13-2021_20-20-42,LTC/USD,25.0,143.19,143.0,0.03317270759131185,-0.06182729240868815,0.095,False,Binance US,Kraken
366,01-13-2021_20-20-52,LTC/USD,25.0,143.245,143.1,0.025306293413384452,-0.03686370658661555,0.06217,False,Bittrex,Binance US
367,01-13-2021_20-21-03,LTC/USD,25.0,143.245,143.1,0.025306293413384452,-0.03686370658661555,0.06217,False,Bittrex,Binance US
368,01-13-2021_20-21-13,LTC/USD,25.0,143.303,143.1,0.03541447143465296,-0.02675552856534704,0.06217,False,Bittrex,Binance US
369,01-13-2021_20-21-24,LTC/USD,25.0,142.901,142.72,0.031665278759422884,-0.15033472124057712,0.182,False,Bittrex,Coinbase Pro
370,01-13-2021_20-21-34,LTC/USD,25.0,142.862,142.8,0.01084963111253927,-0.11615036888746073,0.127,False,Bittrex,Kraken
371,01-13-2021_20-21-46,LTC/USD,25.0,142.932,142.78,0.026586068899894146,-0.10038792110010583,0.12697398999999998,False,Bittrex,Kraken
372,01-13-2021_20-21-55,LTC/USD,25.0,143.061,142.9,0.028134851566814393,-0.09886514843318561,0.127,False,Bittrex,Kraken
373,01-13-2021_20-22-04,LTC/USD,25.0,142.992,142.82,0.03007161239789587,-0.15192838760210411,0.182,False,Bittrex,Coinbase Pro
374,01-13-2021_20-22-14,LTC/USD,25.0,142.991,142.81,0.031645348308636835,-0.15035465169136317,0.182,False,Bittrex,Coinbase Pro
375,01-13-2021_20-22-24,LTC/USD,25.0,142.955,142.8,0.0271064320940158,-0.1548935679059842,0.182,False,Bittrex,Coinbase Pro
376,01-13-2021_20-22-34,LTC/USD,25.0,142.955,142.77,0.03235283830576095,-0.14964716169423903,0.182,False,Bittrex,Coinbase Pro
377,01-13-2021_20-22-44,LTC/USD,25.0,142.84,142.72,0.021002520302437086,-0.12899747969756292,0.15,False,Binance US,Coinbase Pro
378,01-13-2021_20-22-54,LTC/USD,25.0,142.955,142.8,0.0271064320940158,-0.1548935679059842,0.182,False,Bittrex,Coinbase Pro
379,01-13-2021_20-23-05,LTC/USD,25.0,142.955,142.77,0.03235283830576095,-0.14964716169423903,0.182,False,Bittrex,Coinbase Pro
380,01-13-2021_20-23-15,LTC/USD,25.0,142.955,142.8,0.0271064320940158,-0.1548935679059842,0.182,False,Bittrex,Coinbase Pro
381,01-13-2021_20-23-24,LTC/USD,25.0,142.936,142.7,0.04127721497733573,-0.14072278502266428,0.182,False,Bittrex,Coinbase Pro
382,01-13-2021_20-23-35,LTC/USD,25.0,142.93,142.74,0.0332330511439162,-0.1167669488560838,0.15,False,Binance US,Coinbase Pro
383,01-13-2021_20-23-45,LTC/USD,25.0,143.145,143.1,0.007859163784976059,-0.054310836215023944,0.06217,False,Bittrex,Binance US
384,01-13-2021_20-23-56,LTC/USD,25.0,143.145,143.08,0.011352125467183227,-0.11564787453281677,0.127,False,Bittrex,Kraken
385,01-13-2021_20-24-07,LTC/USD,25.0,143.145,142.92,0.039295818924870364,-0.08767817107512962,0.12697398999999998,False,Bittrex,Kraken
386,01-13-2021_20-24-17,LTC/USD,25.0,143.132,142.9,0.04052203560349874,-0.08647796439650127,0.127,False,Bittrex,Kraken
387,01-13-2021_20-24-27,LTC/USD,25.0,142.904,142.72,0.03218944186306848,-0.1498105581369315,0.182,False,Bittrex,Coinbase Pro
388,01-13-2021_20-24-37,LTC/USD,25.0,142.904,142.75,0.026941163298437477,-0.1550588367015625,0.182,False,Bittrex,Coinbase Pro
389,01-13-2021_20-24-48,LTC/USD,25.0,142.868,142.71,0.027647898759691997,-0.154352101240308,0.182,False,Bittrex,Coinbase Pro
390,01-13-2021_20-24-59,LTC/USD,25.0,142.868,142.75,0.020648430719264463,-0.16135156928073552,0.182,False,Bittrex,Coinbase Pro
391,01-13-2021_20-25-10,LTC/USD,25.0,142.868,142.72,0.025898031749586357,-0.15610196825041364,0.182,False,Bittrex,Coinbase Pro
392,01-13-2021_20-25-21,LTC/USD,25.0,142.866,142.74,0.02204863298475578,-0.16995136701524421,0.192,False,Bittrex,Coinbase Pro
393,01-13-2021_20-25-32,LTC/USD,25.0,142.831,142.65,0.03168079758595529,-0.1503192024140447,0.182,False,Bittrex,Coinbase Pro
394,01-13-2021_20-25-42,LTC/USD,25.0,142.83,142.65,0.03150598613736729,-0.0954940138626327,0.127,False,Bittrex,Kraken
395,01-13-2021_20-25-54,LTC/USD,25.0,142.685,142.38,0.05343939447033795,-0.12856060552966203,0.182,False,Bittrex,Coinbase Pro
396,01-13-2021_20-26-06,LTC/USD,25.0,142.63,142.43,0.035055738624410825,-0.14694426137558916,0.182,False,Bittrex,Coinbase Pro
397,01-13-2021_20-26-18,LTC/USD,25.0,142.541,142.32,0.03876077760083128,-0.14323922239916873,0.182,False,Bittrex,Coinbase Pro
398,01-13-2021_20-26-30,LTC/USD,25.0,142.461,142.32,0.024743614041741167,-0.15725638595825883,0.182,False,Bittrex,Coinbase Pro
399,01-13-2021_20-26-43,LTC/USD,25.0,142.402,142.17,0.04072976503138989,-0.1412702349686101,0.182,False,Bittrex,Coinbase Pro
400,01-13-2021_20-26-54,LTC/USD,25.0,142.205,142.04,0.029007418867132036,-0.15299258113286796,0.182,False,Bittrex,Coinbase Pro
401,01-13-2021_20-27-09,LTC/USD,25.0,142.109,141.95,0.027971486675724307,-0.1540285133242757,0.182,False,Bittrex,Coinbase Pro
402,01-13-2021_20-27-21,LTC/USD,25.0,142.107,141.95,0.027620032792193678,-0.1543799672078063,0.182,False,Bittrex,Coinbase Pro
403,01-13-2021_20-27-33,LTC/USD,25.0,141.967,141.82,0.025886297519849645,-0.15611370248015036,0.182,False,Bittrex,Coinbase Pro
404,01-13-2021_20-27-43,LTC/USD,25.0,141.967,141.86,0.018842407038255248,-0.10815759296174475,0.127,False,Bittrex,Kraken
405,01-13-2021_20-27-55,LTC/USD,25.0,141.921,141.74,0.03188393542886239,-0.1501160645711376,0.182,False,Bittrex,Coinbase Pro
406,01-13-2021_20-28-06,LTC/USD,25.0,141.94,141.75,0.03346484430040823,-0.14853515569959178,0.182,False,Bittrex,Coinbase Pro
407,01-13-2021_20-28-20,LTC/USD,25.0,141.69,141.44,0.04411038181946503,-0.13788961818053497,0.182,False,Bittrex,Coinbase Pro
408,01-13-2021_20-28-32,LTC/USD,25.0,141.639,141.43,0.036889557254711484,-0.1451104427452885,0.182,False,Bittrex,Coinbase Pro
409,01-13-2021_20-28-45,LTC/USD,25.0,141.534,141.41,0.021902864329418237,-0.16009713567058176,0.182,False,Bittrex,Coinbase Pro
410,01-13-2021_20-28-57,LTC/USD,25.0,141.534,141.39,0.025435584382552154,-0.16656441561744784,0.192,False,Bittrex,Coinbase Pro
411,01-13-2021_20-29-11,LTC/USD,25.0,141.46,141.29,0.030043828644142498,-0.15195617135585748,0.182,False,Bittrex,Coinbase Pro
412,01-13-2021_20-29-25,LTC/USD,25.0,141.299,140.95,0.06174849078903919,-0.12025150921096081,0.182,False,Bittrex,Coinbase Pro
413,01-13-2021_20-29-37,LTC/USD,25.0,141.108,140.9,0.03685120616832469,-0.1451487938316753,0.182,False,Bittrex,Coinbase Pro
414,01-13-2021_20-29-49,LTC/USD,25.0,140.981,140.79,0.033869812244203566,-0.14813018775579642,0.182,False,Bittrex,Coinbase Pro
415,01-13-2021_20-30-04,LTC/USD,25.0,141.145,141.01,0.02391158028977635,-0.03826841971022365,0.06218,False,Bittrex,Binance US
416,01-13-2021_20-30-15,LTC/USD,25.0,141.25,141.0,0.04424778761061947,-0.1377522123893805,0.182,False,Bittrex,Coinbase Pro
417,01-13-2021_20-30-28,LTC/USD,25.0,141.37,141.25,0.021220909669661975,-0.040959090330338024,0.06218,False,Bittrex,Binance US
418,01-13-2021_20-30-39,LTC/USD,25.0,141.328,141.23,0.01733555983244884,-0.10966444016755117,0.127,False,Bittrex,Kraken
419,01-13-2021_20-30-52,LTC/USD,25.0,141.34,141.21,0.02299419838686774,-0.07200580161313226,0.095,False,Binance US,Kraken
420,01-13-2021_20-31-03,LTC/USD,25.0,141.34,141.23,0.019456629404275796,-0.13054337059572418,0.15,False,Binance US,Coinbase Pro
421,01-13-2021_20-31-17,LTC/USD,25.0,141.21,141.0,0.037178670065860765,-0.11282132993413924,0.15,False,Binance US,Coinbase Pro
422,01-13-2021_20-31-28,LTC/USD,25.0,141.284,141.15,0.023711106707055674,-0.10328889329294433,0.127,False,Bittrex,Kraken
423,01-13-2021_20-31-40,LTC/USD,25.0,141.284,141.15,0.023711106707055674,-0.10328889329294433,0.127,False,Bittrex,Kraken
424,01-13-2021_20-31-53,LTC/USD,25.0,141.26,141.06,0.03539572419651505,-0.09160427580348496,0.127,False,Bittrex,Kraken
425,01-13-2021_20-32-05,LTC/USD,25.0,141.2,140.95,0.04426345609065156,-0.09573654390934842,0.13999999999999999,False,Binance US,Coinbase Pro
426,01-13-2021_20-32-18,LTC/USD,25.0,141.06,140.91,0.026584432156530145,-0.06841556784346986,0.095,False,Binance US,Kraken
427,01-13-2021_20-32-30,LTC/USD,25.0,141.0,140.83,0.03014184397162899,-0.151858156028371,0.182,False,Bittrex,Coinbase Pro
428,01-13-2021_20-32-43,LTC/USD,25.0,140.919,140.79,0.022885487407663108,-0.1041145125923369,0.127,False,Bittrex,Kraken
429,01-13-2021_20-32-56,LTC/USD,25.0,140.82,140.68,0.02485442408748515,-0.10214557591251486,0.127,False,Bittrex,Kraken
430,01-13-2021_20-33-08,LTC/USD,25.0,140.74,140.5,0.042631803325282276,-0.13936819667471773,0.182,False,Bittrex,Coinbase Pro
431,01-13-2021_20-33-20,LTC/USD,25.0,140.89,140.75,0.024842075377952015,-0.07015792462204798,0.095,False,Binance US,Kraken
432,01-13-2021_20-33-34,LTC/USD,25.0,140.982,140.77,0.03759345164630752,-0.08940654835369248,0.127,False,Bittrex,Kraken
433,01-13-2021_20-33-47,LTC/USD,25.0,140.889,140.71,0.03176259324716657,-0.15023740675283342,0.182,False,Bittrex,Coinbase Pro
434,01-13-2021_20-33-59,LTC/USD,25.0,140.86,140.68,0.03194661365895336,-0.15005338634104665,0.182,False,Bittrex,Coinbase Pro
435,01-13-2021_20-34-12,LTC/USD,25.0,140.848,140.72,0.022719527433831915,-0.1592804725661681,0.182,False,Bittrex,Coinbase Pro
436,01-13-2021_20-34-24,LTC/USD,25.0,140.848,140.7,0.02626945359536957,-0.16573054640463042,0.192,False,Bittrex,Coinbase Pro
437,01-13-2021_20-34-36,LTC/USD,25.0,140.848,140.69,0.02804441667613588,-0.09895558332386412,0.127,False,Bittrex,Kraken
438,01-13-2021_20-34-47,LTC/USD,25.0,140.848,140.69,0.02804441667613588,-0.09895558332386412,0.127,False,Bittrex,Kraken
439,01-13-2021_20-34-58,LTC/USD,25.0,140.99,140.69,0.0531952620753265,-0.0738047379246735,0.127,False,Bittrex,Kraken
440,01-13-2021_20-35-13,LTC/USD,25.0,140.99,140.74,0.044329385062770406,-0.1376706149372296,0.182,False,Bittrex,Coinbase Pro
441,01-13-2021_20-35-25,LTC/USD,25.0,140.99,140.67,0.05674161288034995,-0.12525838711965004,0.182,False,Bittrex,Coinbase Pro
442,01-13-2021_20-35-37,LTC/USD,25.0,140.899,140.71,0.03353465957884601,-0.093465340421154,0.127,False,Bittrex,Kraken
443,01-13-2021_20-35-49,LTC/USD,25.0,140.91,140.74,0.03016109573486401,-0.11983890426513599,0.15,False,Binance US,Coinbase Pro
444,01-13-2021_20-36-01,LTC/USD,25.0,140.95,140.81,0.024831500532101165,-0.12516849946789882,0.15,False,Binance US,Coinbase Pro
445,01-13-2021_20-36-13,LTC/USD,25.0,140.95,140.81,0.024831500532101165,-0.12516849946789882,0.15,False,Binance US,Coinbase Pro
446,01-13-2021_20-36-25,LTC/USD,25.0,140.889,140.74,0.026439253596803318,-0.15556074640319667,0.182,False,Bittrex,Coinbase Pro
447,01-13-2021_20-36-37,LTC/USD,25.0,140.889,140.73,0.028213700146927763,-0.15378629985307224,0.182,False,Bittrex,Coinbase Pro
448,01-13-2021_20-36-48,LTC/USD,25.0,140.93,140.83,0.01773930320016929,-0.07726069679983072,0.095,False,Binance US,Kraken
449,01-13-2021_20-37-00,LTC/USD,25.0,140.93,140.8,0.02306109416022058,-0.06893890583977942,0.092,False,Binance US,Bittrex
450,01-13-2021_20-37-12,LTC/USD,25.0,140.98,140.77,0.037239324726907996,-0.112760675273092,0.15,False,Binance US,Coinbase Pro
451,01-13-2021_20-37-24,LTC/USD,25.0,140.94,140.8,0.024833262381152684,-0.06716673761884731,0.092,False,Binance US,Bittrex
452,01-13-2021_20-37-35,LTC/USD,25.0,140.96,140.8,0.028376844494891564,-0.12162315550510844,0.15,False,Binance US,Coinbase Pro
453,01-13-2021_20-37-47,LTC/USD,25.0,141.0,140.84,0.02836879432624053,-0.09863120567375946,0.127,False,Bittrex,Kraken
454,01-13-2021_20-37-58,LTC/USD,25.0,141.859,140.84,0.17957972352829313,0.052579723528293126,0.127,True,Bittrex,Kraken
455,01-13-2021_20-38-10,LTC/USD,25.0,141.05,140.84,0.03722084367245798,-0.08977915632754202,0.127,False,Bittrex,Kraken
456,01-13-2021_20-38-21,LTC/USD,25.0,141.183,140.91,0.04834151420496734,-0.07865848579503266,0.127,False,Bittrex,Kraken
457,01-13-2021_20-38-33,LTC/USD,25.0,141.183,140.94,0.04302925989672889,-0.0839707401032711,0.127,False,Bittrex,Kraken
458,01-13-2021_20-38-44,LTC/USD,25.0,141.07,140.9,0.030126887360882454,-0.15187311263911754,0.182,False,Bittrex,Coinbase Pro
459,01-13-2021_20-38-58,LTC/USD,25.0,141.13,140.97,0.028342662793168816,-0.06665733720683119,0.095,False,Binance US,Kraken
460,01-13-2021_20-39-09,LTC/USD,25.0,141.2,141.0,0.035410764872519235,-0.10458923512748075,0.13999999999999999,False,Binance US,Coinbase Pro
461,01-13-2021_20-39-20,LTC/USD,25.0,141.407,141.11,0.05250800879730088,-0.07449199120269911,0.127,False,Bittrex,Kraken
462,01-13-2021_20-39-33,LTC/USD,25.0,141.64,141.34,0.05295114374470188,-0.04204885625529812,0.095,False,Binance US,Kraken
463,01-13-2021_20-39-43,LTC/USD,25.0,141.669,141.51,0.028058361391698292,-0.09894163860830171,0.127,False,Bittrex,Kraken
464,01-13-2021_20-39-55,LTC/USD,25.0,141.72,141.51,0.03704487722269404,-0.05795512277730596,0.095,False,Binance US,Kraken
465,01-13-2021_20-40-05,LTC/USD,25.0,141.765,141.6,0.029097450005289044,-0.09790254999471096,0.127,False,Bittrex,Kraken
466,01-13-2021_20-40-16,LTC/USD,25.0,141.764,141.6,0.028921305832230973,-0.09807869416776903,0.127,False,Bittrex,Kraken
467,01-13-2021_20-40-28,LTC/USD,25.0,141.889,141.78,0.019205153324078832,-0.16279484667592117,0.182,False,Bittrex,Coinbase Pro
468,01-13-2021_20-40-40,LTC/USD,25.0,141.883,141.74,0.025196817095776217,-0.10180318290422379,0.127,False,Bittrex,Kraken
469,01-13-2021_20-40-51,LTC/USD,25.0,141.85,141.69,0.028198801550933485,-0.09880119844906651,0.127,False,Bittrex,Kraken
470,01-13-2021_20-41-02,LTC/USD,25.0,141.92,141.74,0.031708004509579064,-0.09529199549042094,0.127,False,Bittrex,Kraken
471,01-13-2021_20-41-13,LTC/USD,25.0,141.919,141.74,0.0315320711109862,-0.0954679288890138,0.127,False,Bittrex,Kraken
472,01-13-2021_20-41-24,LTC/USD,25.0,141.919,141.78,0.024485798237024285,-0.10251420176297571,0.127,False,Bittrex,Kraken
473,01-13-2021_20-41-35,LTC/USD,25.0,141.919,141.86,0.01039325248909545,-0.05178674751090455,0.06218,False,Bittrex,Binance US
474,01-13-2021_20-41-46,LTC/USD,25.0,142.058,141.87,0.03308507792591551,-0.0939149220740845,0.127,False,Bittrex,Kraken
475,01-13-2021_20-41-56,LTC/USD,25.0,142.08,141.88,0.03519144144144444,-0.05980855855855556,0.095,False,Binance US,Kraken
476,01-13-2021_20-42-08,LTC/USD,25.0,142.13,141.93,0.03517906142263925,-0.059820938577360754,0.095,False,Binance US,Kraken
477,01-13-2021_20-42-19,LTC/USD,25.0,142.211,142.0,0.037092770601432505,-0.08990722939856749,0.127,False,Bittrex,Kraken
478,01-13-2021_20-42-31,LTC/USD,25.0,142.28,142.0,0.04919876300253043,-0.03580123699746958,0.085,False,Binance US,Kraken
479,01-13-2021_20-42-42,LTC/USD,25.0,142.23,142.02,0.036912043872597125,-0.11308795612740287,0.15,False,Binance US,Coinbase Pro
480,01-13-2021_20-42-53,LTC/USD,25.0,141.751,141.46,0.05132238926003993,-0.07567761073996007,0.127,False,Bittrex,Kraken
481,01-13-2021_20-43-03,LTC/USD,25.0,141.699,141.55,0.026288117770767772,-0.1557118822292322,0.182,False,Bittrex,Coinbase Pro
482,01-13-2021_20-43-13,LTC/USD,25.0,141.78,141.6,0.0317393144308095,-0.1182606855691905,0.15,False,Binance US,Coinbase Pro
483,01-13-2021_20-43-24,LTC/USD,25.0,141.87,141.64,0.040530062733491606,-0.09946993726650838,0.13999999999999999,False,Binance US,Coinbase Pro
484,01-13-2021_20-43-35,LTC/USD,25.0,141.72,141.51,0.03704487722269404,-0.05795512277730596,0.095,False,Binance US,Kraken
485,01-13-2021_20-43-51,LTC/USD,25.0,141.761,141.59,0.030156389980317628,-0.09684361001968238,0.127,False,Bittrex,Kraken
486,01-13-2021_20-44-04,LTC/USD,25.0,141.97,141.85,0.021131224906671225,-0.07386877509332877,0.095,False,Binance US,Kraken
487,01-13-2021_20-44-14,LTC/USD,25.0,142.13,141.91,0.03869696756490517,-0.05630303243509483,0.095,False,Binance US,Kraken
488,01-13-2021_20-44-26,LTC/USD,25.0,142.171,142.0,0.03006942344078474,-0.15193057655921527,0.182,False,Bittrex,Coinbase Pro
489,01-13-2021_20-44-37,LTC/USD,25.0,142.309,142.11,0.034959138213321694,-0.1470408617866783,0.182,False,Bittrex,Coinbase Pro
490,01-13-2021_20-44-48,LTC/USD,25.0,142.309,142.13,0.03144565698585509,-0.15055434301414491,0.182,False,Bittrex,Coinbase Pro
491,01-13-2021_20-44-58,LTC/USD,25.0,142.288,142.14,0.02600359833577402,-0.155996401664226,0.182,False,Bittrex,Coinbase Pro
492,01-13-2021_20-45-09,LTC/USD,25.0,142.288,142.08,0.036545597661081466,-0.14545440233891854,0.182,False,Bittrex,Coinbase Pro
493,01-13-2021_20-45-19,LTC/USD,25.0,142.071,141.9,0.03009058850856126,-0.15190941149143875,0.182,False,Bittrex,Coinbase Pro
494,01-13-2021_20-45-30,LTC/USD,25.0,142.02,141.84,0.03168567807351197,-0.11831432192648803,0.15,False,Binance US,Coinbase Pro
495,01-13-2021_20-45-40,LTC/USD,25.0,142.01,141.91,0.017604394056755568,-0.12239560594324442,0.13999999999999999,False,Binance US,Coinbase Pro
496,01-13-2021_20-45-50,LTC/USD,25.0,141.98,141.8,0.0316946048739221,-0.10830539512607788,0.13999999999999999,False,Binance US,Coinbase Pro
497,01-13-2021_20-46-00,LTC/USD,25.0,141.96,141.78,0.03169907016060982,-0.11830092983939017,0.15,False,Binance US,Coinbase Pro
498,01-13-2021_20-46-12,LTC/USD,25.0,141.71,141.58,0.022934161315361554,-0.062065838684638455,0.085,False,Binance US,Kraken
499,01-13-2021_20-46-24,LTC/USD,25.0,142.011,141.86,0.02658244783854456,-0.15541755216145545,0.182,False,Bittrex,Coinbase Pro
500,01-13-2021_20-46-36,LTC/USD,25.0,142.009,141.8,0.03679344266912217,-0.14520655733087784,0.182,False,Bittrex,Coinbase Pro
501,01-13-2021_20-46-47,LTC/USD,25.0,142.111,141.9,0.03711887186776258,-0.08988112813223742,0.127,False,Bittrex,Kraken
502,01-13-2021_20-46-58,LTC/USD,25.0,142.181,142.0,0.03182563071015318,-0.09517436928984682,0.127,False,Bittrex,Kraken
503,01-13-2021_20-47-08,LTC/USD,25.0,142.171,142.01,0.02831097762553569,-0.09868902237446431,0.127,False,Bittrex,Kraken
504,01-13-2021_20-47-18,LTC/USD,25.0,142.171,142.01,0.02831097762553569,-0.09868902237446431,0.127,False,Bittrex,Kraken
505,01-13-2021_20-47-28,LTC/USD,25.0,142.151,141.99,0.02831496085148915,-0.15368503914851084,0.182,False,Bittrex,Coinbase Pro
506,01-13-2021_20-47-39,LTC/USD,25.0,142.319,142.14,0.03144344746660707,-0.09555655253339293,0.127,False,Bittrex,Kraken
507,01-13-2021_20-47-49,LTC/USD,25.0,142.318,142.14,0.03126800545258254,-0.09573199454741746,0.127,False,Bittrex,Kraken
508,01-13-2021_20-48-02,LTC/USD,25.0,142.32,142.21,0.019322653175938943,-0.07567734682406106,0.095,False,Binance US,Kraken
509,01-13-2021_20-48-13,LTC/USD,25.0,142.443,142.21,0.0408935504026179,-0.0861064495973821,0.127,False,Bittrex,Kraken
510,01-13-2021_20-48-24,LTC/USD,25.0,142.57,142.28,0.05085221294802414,-0.04414778705197586,0.095,False,Binance US,Kraken
511,01-13-2021_20-48-36,LTC/USD,25.0,142.68,142.49,0.033291281188673555,-0.11670871881132644,0.15,False,Binance US,Coinbase Pro
512,01-13-2021_20-48-47,LTC/USD,25.0,142.78,142.68,0.017509455105756112,-0.1324905448942439,0.15,False,Binance US,Coinbase Pro
513,01-13-2021_20-48-57,LTC/USD,25.0,142.85,142.7,0.026251312565629275,-0.1587226774343707,0.18497398999999998,False,Kraken,Coinbase Pro
514,01-13-2021_20-49-09,LTC/USD,25.0,142.9,142.79,0.019244226731982794,-0.1307557732680172,0.15,False,Binance US,Coinbase Pro
515,01-13-2021_20-49-18,LTC/USD,25.0,142.9,142.78,0.020993701889433967,-0.12900629811056602,0.15,False,Binance US,Coinbase Pro
516,01-13-2021_20-49-28,LTC/USD,25.0,142.9,142.8,0.017494751574526648,-0.13250524842547334,0.15,False,Binance US,Coinbase Pro
517,01-13-2021_20-49-39,LTC/USD,25.0,142.9,142.78,0.020993701889433967,-0.12900629811056602,0.15,False,Binance US,Coinbase Pro
518,01-13-2021_20-49-50,LTC/USD,25.0,142.95,142.814,0.023784540048967417,-0.10321545995103258,0.127,False,Kraken,Bittrex
519,01-13-2021_20-49-59,LTC/USD,25.0,142.91,142.814,0.016793786299069982,-0.16520621370093003,0.182,False,Coinbase Pro,Bittrex
520,01-13-2021_20-50-10,LTC/USD,25.0,143.076,142.95,0.022016271072717433,-0.10498372892728257,0.127,False,Bittrex,Kraken
521,01-13-2021_20-50-22,LTC/USD,25.0,143.076,142.95,0.022016271072717433,-0.15998372892728258,0.182,False,Bittrex,Coinbase Pro
522,01-13-2021_20-50-33,LTC/USD,25.0,143.076,142.95,0.022016271072717433,-0.10498372892728257,0.127,False,Bittrex,Kraken
523,01-13-2021_20-50-43,LTC/USD,25.0,143.195,142.95,0.0427738398687113,-0.0842261601312887,0.127,False,Bittrex,Kraken
524,01-13-2021_20-50-54,LTC/USD,25.0,143.327,143.1,0.03959477279228685,-0.14240522720771315,0.182,False,Bittrex,Coinbase Pro
525,01-13-2021_20-51-04,LTC/USD,25.0,143.443,143.21,0.04060846468632211,-0.14139153531367787,0.182,False,Bittrex,Coinbase Pro
526,01-13-2021_20-51-14,LTC/USD,25.0,143.301,143.06,0.04204436814816112,-0.13995563185183887,0.182,False,Bittrex,Coinbase Pro
527,01-13-2021_20-51-24,LTC/USD,25.0,143.261,143.04,0.03856597399152659,-0.1434340260084734,0.182,False,Bittrex,Coinbase Pro
528,01-13-2021_20-51-33,LTC/USD,25.0,143.261,143.17,0.015880106937688588,-0.1761198930623114,0.192,False,Bittrex,Coinbase Pro
529,01-13-2021_20-51-43,LTC/USD,25.0,143.261,143.2,0.010644906848340975,-0.11635509315165903,0.127,False,Bittrex,Kraken
530,01-13-2021_20-51-54,LTC/USD,25.0,143.389,143.15,0.04166986309968064,-0.14033013690031937,0.182,False,Bittrex,Coinbase Pro
531,01-13-2021_20-52-04,LTC/USD,25.0,143.251,143.11,0.024607158065212655,-0.15739284193478734,0.182,False,Bittrex,Coinbase Pro
532,01-13-2021_20-52-14,LTC/USD,25.0,143.411,143.23,0.031552670297259555,-0.09544732970274045,0.127,False,Bittrex,Kraken
533,01-13-2021_20-52-25,LTC/USD,25.0,143.411,143.24,0.02980942884436903,-0.09719057115563097,0.127,False,Bittrex,Kraken
534,01-13-2021_20-52-34,LTC/USD,25.0,143.411,143.24,0.02980942884436903,-0.09719057115563097,0.127,False,Bittrex,Kraken
535,01-13-2021_20-52-46,LTC/USD,25.0,143.411,143.24,0.02980942884436903,-0.09719057115563097,0.127,False,Bittrex,Kraken
536,01-13-2021_20-52-55,LTC/USD,25.0,143.513,143.33,0.03187864514016025,-0.09512135485983975,0.127,False,Bittrex,Kraken
537,01-13-2021_20-53-06,LTC/USD,25.0,143.602,143.31,0.0508349465884879,-0.13116505341151208,0.182,False,Bittrex,Coinbase Pro
538,01-13-2021_20-53-16,LTC/USD,25.0,143.62,143.38,0.041776911293693264,-0.14022308870630673,0.182,False,Bittrex,Coinbase Pro
539,01-13-2021_20-53-27,LTC/USD,25.0,143.62,143.45,0.02959197883303438,-0.1524080211669656,0.182,False,Bittrex,Coinbase Pro
540,01-13-2021_20-53-37,LTC/USD,25.0,143.62,143.36,0.04525832056816441,-0.13674167943183557,0.182,False,Bittrex,Coinbase Pro
541,01-13-2021_20-53-46,LTC/USD,25.0,143.532,143.36,0.029958476158626127,-0.09704152384137388,0.127,False,Bittrex,Kraken
542,01-13-2021_20-53-56,LTC/USD,25.0,143.532,143.33,0.03518379176768911,-0.1468162082323109,0.182,False,Bittrex,Coinbase Pro
543,01-13-2021_20-54-08,LTC/USD,25.0,143.532,143.3,0.0404091073767521,-0.1415908926232479,0.182,False,Bittrex,Coinbase Pro
544,01-13-2021_20-54-19,LTC/USD,25.0,143.272,143.1,0.03001284270478479,-0.1519871572952152,0.182,False,Bittrex,Coinbase Pro
545,01-13-2021_20-54-31,LTC/USD,25.0,143.431,143.18,0.04374925922569123,-0.018420740774308775,0.06217,False,Bittrex,Binance US
546,01-13-2021_20-54-41,LTC/USD,25.0,143.31,143.07,0.04186728072011882,-0.1401327192798812,0.182,False,Bittrex,Coinbase Pro
547,01-13-2021_20-54-52,LTC/USD,25.0,143.31,143.05,0.04535622078012541,-0.13664377921987458,0.182,False,Bittrex,Coinbase Pro
548,01-13-2021_20-55-02,LTC/USD,25.0,143.31,143.09,0.038378340660107264,-0.15362165933989275,0.192,False,Bittrex,Coinbase Pro
549,01-13-2021_20-55-13,LTC/USD,25.0,143.48,143.21,0.047044884304429505,-0.09295511569557048,0.13999999999999999,False,Binance US,Coinbase Pro
550,01-13-2021_20-55-24,LTC/USD,25.0,143.48,143.22,0.04530248118204469,-0.0946975188179553,0.13999999999999999,False,Binance US,Coinbase Pro
551,01-13-2021_20-55-35,LTC/USD,25.0,143.48,143.25,0.04007527181488531,-0.09992472818511468,0.13999999999999999,False,Binance US,Coinbase Pro
552,01-13-2021_20-55-46,LTC/USD,25.0,143.48,143.23,0.04356007805965988,-0.0964399219403401,0.13999999999999999,False,Binance US,Coinbase Pro
553,01-13-2021_20-55-57,LTC/USD,25.0,143.48,143.25,0.04007527181488531,-0.09992472818511468,0.13999999999999999,False,Binance US,Coinbase Pro
554,01-13-2021_20-56-08,LTC/USD,25.0,143.48,143.26,0.0383328686925005,-0.1116671313074995,0.15,False,Binance US,Coinbase Pro
555,01-13-2021_20-56-18,LTC/USD,25.0,143.48,143.28,0.034848062447725925,-0.05015193755227408,0.085,False,Binance US,Kraken
556,01-13-2021_20-56-29,LTC/USD,25.0,143.55,143.28,0.04702194357366949,-0.10297805642633051,0.15,False,Binance US,Coinbase Pro
557,01-13-2021_20-56-40,LTC/USD,25.0,143.643,143.35,0.05099447936899228,-0.1310055206310077,0.182,False,Bittrex,Coinbase Pro
558,01-13-2021_20-56-51,LTC/USD,25.0,143.52,143.32,0.03483835005574433,-0.10516164994425566,0.13999999999999999,False,Binance US,Coinbase Pro
559,01-13-2021_20-57-03,LTC/USD,25.0,143.58,143.34,0.04178854993731876,-0.10821145006268124,0.15,False,Binance US,Coinbase Pro
560,01-13-2021_20-57-14,LTC/USD,25.0,143.55,143.36,0.03308951584813614,-0.061910484151863864,0.095,False,Binance US,Kraken
561,01-13-2021_20-57-25,LTC/USD,25.0,143.668,143.36,0.05359579029428835,-0.07340420970571165,0.127,False,Bittrex,Kraken
562,01-13-2021_20-57-36,LTC/USD,25.0,143.76,143.66,0.01739009460211365,-0.10277990539788635,0.12017,False,Coinbase Pro,Binance US
563,01-13-2021_20-57-46,LTC/USD,25.0,143.743,143.65,0.016174700681074787,-0.1658252993189252,0.182,False,Bittrex,Coinbase Pro
564,01-13-2021_20-57-58,LTC/USD,25.0,143.76,143.65,0.01912910406232353,-0.16587089593767645,0.185,False,Kraken,Coinbase Pro
565,01-13-2021_20-58-08,LTC/USD,25.0,143.76,143.65,0.01912910406232353,-0.13087089593767648,0.15,False,Binance US,Coinbase Pro
566,01-13-2021_20-58-20,LTC/USD,25.0,143.911,143.64,0.047077707749931384,-0.1349222922500686,0.182,False,Bittrex,Coinbase Pro
567,01-13-2021_20-58-30,LTC/USD,25.0,143.8,143.61,0.03303198887343493,-0.09396801112656508,0.127,False,Bittrex,Kraken
568,01-13-2021_20-58-42,LTC/USD,25.0,143.997,143.81,0.03246595415182466,-0.09453404584817535,0.127,False,Bittrex,Kraken
569,01-13-2021_20-58-54,LTC/USD,25.0,143.991,143.74,0.04357911258342618,-0.13842088741657382,0.182,False,Bittrex,Coinbase Pro
570,01-13-2021_20-59-06,LTC/USD,25.0,143.919,143.64,0.048464761428307725,-0.13353523857169228,0.182,False,Bittrex,Coinbase Pro
571,01-13-2021_20-59-17,LTC/USD,25.0,143.919,143.7,0.03804223208888724,-0.14395776791111276,0.182,False,Bittrex,Coinbase Pro
572,01-13-2021_20-59-28,LTC/USD,25.0,143.998,143.81,0.03263934221308424,-0.09436065778691577,0.127,False,Bittrex,Kraken
573,01-13-2021_20-59-39,LTC/USD,25.0,143.997,143.81,0.03246595415182466,-0.09453404584817535,0.127,False,Bittrex,Kraken
574,01-13-2021_20-59-50,LTC/USD,25.0,144.06,143.85,0.03644314868804803,-0.05855685131195197,0.095,False,Binance US,Kraken
575,01-13-2021_21-00-01,LTC/USD,25.0,144.06,143.97,0.015618492294877726,-0.07938150770512227,0.095,False,Binance US,Kraken
576,01-13-2021_21-00-12,LTC/USD,25.0,143.999,143.87,0.02239598886103214,-0.03977401113896786,0.06217,False,Bittrex,Binance US
577,01-13-2021_21-00-23,LTC/USD,25.0,143.999,143.8,0.034548851033684935,-0.09245114896631507,0.127,False,Bittrex,Kraken
578,01-13-2021_21-00-34,LTC/USD,25.0,144.05,143.88,0.029503644567861146,-0.12049635543213885,0.15,False,Binance US,Coinbase Pro
579,01-13-2021_21-00-44,LTC/USD,25.0,143.999,143.66,0.05885457537899545,-0.0033154246210045507,0.06217,False,Bittrex,Binance US
580,01-13-2021_21-00-54,LTC/USD,25.0,144.05,143.9,0.02603262755987603,-0.06896737244012396,0.095,False,Binance US,Kraken
581,01-13-2021_21-01-05,LTC/USD,25.0,143.901,143.7,0.03491984072383476,-0.14708015927616525,0.182,False,Bittrex,Coinbase Pro
582,01-13-2021_21-01-15,LTC/USD,25.0,143.752,143.54,0.0368690522566673,-0.0901309477433327,0.127,False,Bittrex,Kraken
583,01-13-2021_21-01-25,LTC/USD,25.0,143.71,143.48,0.04001113353281229,-0.1449888664671877,0.185,False,Coinbase Pro,Kraken
584,01-13-2021_21-01-35,LTC/USD,25.0,143.7,143.53,0.029575504523310283,-0.05542449547668972,0.085,False,Binance US,Kraken
585,01-13-2021_21-01-46,LTC/USD,25.0,143.7,143.55,0.026096033402918804,-0.11390396659708119,0.13999999999999999,False,Binance US,Coinbase Pro
586,01-13-2021_21-01-55,LTC/USD,25.0,143.74,143.57,0.029567274245167648,-0.06543272575483236,0.095,False,Binance US,Kraken
587,01-13-2021_21-02-06,LTC/USD,25.0,143.691,143.55,0.024531807837650084,-0.10246819216234992,0.127,False,Bittrex,Kraken
588,01-13-2021_21-02-17,LTC/USD,25.0,143.68,143.49,0.03305957683741608,-0.06194042316258392,0.095,False,Binance US,Kraken
589,01-13-2021_21-02-27,LTC/USD,25.0,143.72,143.57,0.02609240189256987,-0.05890759810743014,0.085,False,Binance US,Kraken
590,01-13-2021_21-02-38,LTC/USD,25.0,143.78,143.57,0.03651411879260119,-0.05848588120739881,0.095,False,Binance US,Kraken
591,01-13-2021_21-02-49,LTC/USD,25.0,143.83,143.57,0.04519224083988377,-0.03980775916011624,0.085,False,Binance US,Kraken
592,01-13-2021_21-03-00,LTC/USD,25.0,144.25,144.0,0.043327556325823226,-0.051672443674176775,0.095,False,Binance US,Kraken
593,01-13-2021_21-03-11,LTC/USD,25.0,144.24,144.07,0.0294647809206905,-0.05553521907930951,0.085,False,Binance US,Kraken
594,01-13-2021_21-03-20,LTC/USD,25.0,144.33,144.13,0.034642832397979814,-0.06035716760202019,0.095,False,Binance US,Kraken
595,01-13-2021_21-03-32,LTC/USD,25.0,144.42,144.34,0.01384849743802522,-0.13615150256197478,0.15,False,Binance US,Coinbase Pro
596,01-13-2021_21-03-43,LTC/USD,25.0,144.42,144.3,0.020772746157037832,-0.07420124384296216,0.09497399,False,Binance US,Kraken
597,01-13-2021_21-03-53,LTC/USD,25.0,144.39,144.23,0.027702749497887078,-0.09929725050211292,0.127,False,Bittrex,Kraken
598,01-13-2021_21-04-03,LTC/USD,25.0,144.52,144.28,0.04151674508718673,-0.08548325491281328,0.127,False,Bittrex,Kraken
599,01-13-2021_21-04-14,LTC/USD,25.0,144.433,144.26,0.029944680232357187,-0.1620553197676428,0.192,False,Bittrex,Coinbase Pro
600,01-13-2021_21-04-25,LTC/USD,25.0,144.312,144.17,0.024599478906817226,-0.10240052109318278,0.127,False,Bittrex,Kraken
601,01-13-2021_21-04-36,LTC/USD,25.0,144.19,143.75,0.07628823080657426,-0.07371176919342573,0.15,False,Binance US,Coinbase Pro
602,01-13-2021_21-04-48,LTC/USD,25.0,144.04,143.9,0.024298805887251175,-0.10270119411274883,0.127,False,Bittrex,Kraken
603,01-13-2021_21-04-59,LTC/USD,25.0,144.02,143.88,0.02430218025274524,-0.15769781974725475,0.182,False,Bittrex,Coinbase Pro
604,01-13-2021_21-05-10,LTC/USD,25.0,143.851,143.72,0.022766612675615784,-0.10423338732438422,0.127,False,Bittrex,Kraken
605,01-13-2021_21-05-19,LTC/USD,25.0,144.019,143.83,0.03280817114408393,-0.09419182885591607,0.127,False,Bittrex,Kraken
606,01-13-2021_21-05-30,LTC/USD,25.0,144.07,143.95,0.020823210939127604,-0.11917678906087238,0.13999999999999999,False,Binance US,Coinbase Pro
607,01-13-2021_21-05-40,LTC/USD,25.0,144.07,143.97,0.01735267578260469,-0.06764732421739532,0.085,False,Binance US,Kraken
608,01-13-2021_21-05-50,LTC/USD,25.0,144.36,144.2,0.027708506511503358,-0.057291493488496645,0.085,False,Binance US,Kraken
609,01-13-2021_21-05-59,LTC/USD,25.0,144.37,144.22,0.025974925538547772,-0.059025074461452234,0.085,False,Binance US,Kraken
610,01-13-2021_21-06-10,LTC/USD,25.0,144.162,144.0,0.02809339493070402,-0.153906605069296,0.182,False,Bittrex,Coinbase Pro
611,01-13-2021_21-06-21,LTC/USD,25.0,144.27,144.1,0.02945865391280514,-0.12054134608719486,0.15,False,Binance US,Coinbase Pro
612,01-13-2021_21-06-31,LTC/USD,25.0,144.33,144.19,0.02424998267858636,-0.07075001732141364,0.095,False,Binance US,Kraken
613,01-13-2021_21-06-42,LTC/USD,25.0,144.33,144.19,0.02424998267858636,-0.07075001732141364,0.095,False,Binance US,Kraken
614,01-13-2021_21-06-53,LTC/USD,25.0,144.29,144.14,0.02598932704969258,-0.05901067295030743,0.085,False,Binance US,Kraken
615,01-13-2021_21-07-05,LTC/USD,25.0,144.29,144.15,0.024256705246376457,-0.06074329475362355,0.085,False,Binance US,Kraken
616,01-13-2021_21-07-16,LTC/USD,25.0,144.23,144.15,0.013866740622613897,-0.08113325937738611,0.095,False,Binance US,Kraken
617,01-13-2021_21-07-29,LTC/USD,25.0,144.23,144.14,0.015600083200444329,-0.07939991679955567,0.095,False,Binance US,Kraken
618,01-13-2021_21-07-40,LTC/USD,25.0,144.29,144.12,0.029454570656314974,-0.11054542934368501,0.13999999999999999,False,Binance US,Coinbase Pro
619,01-13-2021_21-07-52,LTC/USD,25.0,144.146,143.92,0.03919637034673163,-0.08780362965326838,0.127,False,Bittrex,Kraken
620,01-13-2021_21-08-04,LTC/USD,25.0,144.07,143.89,0.031234816408691406,-0.0537651835913086,0.085,False,Binance US,Kraken
621,01-13-2021_21-08-14,LTC/USD,25.0,144.01,143.87,0.02430386778695687,-0.06067012221304313,0.08497399,False,Binance US,Kraken
622,01-13-2021_21-08-25,LTC/USD,25.0,144.01,143.91,0.017359905562112754,-0.06764009443788725,0.085,False,Binance US,Kraken
623,01-13-2021_21-08-36,LTC/USD,25.0,143.83,143.68,0.02607244663839353,-0.058927553361606475,0.085,False,Binance US,Kraken
624,01-13-2021_21-08-46,LTC/USD,25.0,143.92,143.8,0.020844913841018647,-0.10615508615898135,0.127,False,Bittrex,Kraken
625,01-13-2021_21-08-58,LTC/USD,25.0,144.01,143.8,0.03645580168043531,-0.0485441983195647,0.085,False,Binance US,Kraken
626,01-13-2021_21-09-07,LTC/USD,25.0,144.31,144.01,0.05197145034994307,-0.04302854965005693,0.095,False,Binance US,Kraken
627,01-13-2021_21-09-18,LTC/USD,25.0,144.28,144.01,0.04678403105073645,-0.04821596894926355,0.095,False,Binance US,Kraken
628,01-13-2021_21-09-29,LTC/USD,25.0,144.0,143.9,0.017361111111110123,-0.07763888888888988,0.095,False,Binance US,Kraken
629,01-13-2021_21-09-38,LTC/USD,25.0,143.98,143.89,0.015627170440339528,-0.07937282955966048,0.095,False,Binance US,Kraken
630,01-13-2021_21-09-49,LTC/USD,25.0,143.951,143.89,0.010593882640621992,-0.116406117359378,0.127,False,Bittrex,Kraken
631,01-13-2021_21-09-58,LTC/USD,25.0,143.911,143.82,0.015808381569165697,-0.1111916184308343,0.127,False,Bittrex,Kraken
632,01-13-2021_21-10-09,LTC/USD,25.0,143.889,143.73,0.027625461293083596,-0.0993745387069164,0.127,False,Bittrex,Kraken
633,01-13-2021_21-10-19,LTC/USD,25.0,143.889,143.7,0.03283781248045739,-0.09416218751954261,0.127,False,Bittrex,Kraken
634,01-13-2021_21-10-30,LTC/USD,25.0,143.878,143.62,0.04482964734010436,-0.13717035265989563,0.182,False,Bittrex,Coinbase Pro
635,01-13-2021_21-10-41,LTC/USD,25.0,143.868,143.63,0.04135735535351843,-0.15064264464648158,0.192,False,Bittrex,Coinbase Pro
636,01-13-2021_21-10-53,LTC/USD,25.0,143.868,143.55,0.05525898740511852,-0.12674101259488146,0.182,False,Bittrex,Coinbase Pro
637,01-13-2021_21-11-05,LTC/USD,25.0,143.868,143.61,0.04483276336641598,-0.13716723663358402,0.182,False,Bittrex,Coinbase Pro
638,01-13-2021_21-11-16,LTC/USD,25.0,143.868,143.63,0.04135735535351843,-0.15064264464648158,0.192,False,Bittrex,Coinbase Pro
639,01-13-2021_21-11-26,LTC/USD,25.0,143.827,143.53,0.05162452112607456,-0.13037547887392542,0.182,False,Bittrex,Coinbase Pro
640,01-13-2021_21-11-36,LTC/USD,25.0,143.822,143.59,0.040327627205851556,-0.08667237279414844,0.127,False,Bittrex,Kraken
641,01-13-2021_21-11-46,LTC/USD,25.0,143.822,143.57,0.04380414679256469,-0.0831958532074353,0.127,False,Bittrex,Kraken
642,01-13-2021_21-11-55,LTC/USD,25.0,143.822,143.76,0.010777210718807244,-0.17122278928119275,0.182,False,Bittrex,Coinbase Pro
643,01-13-2021_21-12-05,LTC/USD,25.0,143.822,143.74,0.014253730305515433,-0.16774626969448456,0.182,False,Bittrex,Coinbase Pro
644,01-13-2021_21-12-14,LTC/USD,25.0,143.972,143.87,0.017711777290029287,-0.1642882227099707,0.182,False,Bittrex,Coinbase Pro
645,01-13-2021_21-12-24,LTC/USD,25.0,144.05,143.87,0.031239153071851235,-0.11876084692814876,0.15,False,Binance US,Coinbase Pro
646,01-13-2021_21-12-35,LTC/USD,25.0,144.127,143.97,0.027232926516199372,-0.15476707348380062,0.182,False,Bittrex,Coinbase Pro
647,01-13-2021_21-12-46,LTC/USD,25.0,144.127,143.99,0.023763763902669252,-0.15823623609733073,0.182,False,Bittrex,Coinbase Pro
648,01-13-2021_21-12-58,LTC/USD,25.0,144.059,143.96,0.017180460783427196,-0.1648195392165728,0.182,False,Bittrex,Coinbase Pro
649,01-13-2021_21-13-10,LTC/USD,25.0,144.06,143.9,0.027766208524225424,-0.06423379147577457,0.092,False,Binance US,Bittrex
650,01-13-2021_21-13-19,LTC/USD,25.0,144.04,143.9,0.024298805887251175,-0.06770119411274883,0.092,False,Binance US,Bittrex
651,01-13-2021_21-13-30,LTC/USD,25.0,144.16,143.98,0.03121531631520651,-0.15378468368479348,0.185,False,Coinbase Pro,Kraken
652,01-13-2021_21-13-39,LTC/USD,25.0,144.217,143.98,0.0410839221451048,-0.0859160778548952,0.127,False,Bittrex,Kraken
653,01-13-2021_21-13-49,LTC/USD,25.0,144.11,144.02,0.015613073346749601,-0.1113869266532504,0.127,False,Bittrex,Kraken
654,01-13-2021_21-13-58,LTC/USD,25.0,144.0,143.94,0.010416666666667062,-0.08458333333333294,0.095,False,Binance US,Kraken
655,01-13-2021_21-14-09,LTC/USD,25.0,144.079,143.94,0.02411871265070031,-0.10288128734929969,0.127,False,Bittrex,Kraken
656,01-13-2021_21-14-20,LTC/USD,25.0,144.079,143.99,0.015442916733180866,-0.11153107326681912,0.12697398999999998,False,Bittrex,Kraken
657,01-13-2021_21-14-30,LTC/USD,25.0,144.195,144.03,0.028607094559449365,-0.15339290544055062,0.182,False,Bittrex,Coinbase Pro
658,01-13-2021_21-14-39,LTC/USD,25.0,144.195,144.03,0.028607094559449365,-0.09839290544055064,0.127,False,Bittrex,Kraken
659,01-13-2021_21-14-49,LTC/USD,25.0,144.099,143.96,0.024115365130913745,-0.10288463486908625,0.127,False,Bittrex,Kraken
660,01-13-2021_21-15-00,LTC/USD,25.0,144.079,143.99,0.015442916733180866,-0.11153107326681912,0.12697398999999998,False,Bittrex,Kraken
661,01-13-2021_21-15-11,LTC/USD,25.0,144.279,144.04,0.04141281822025456,-0.08558718177974545,0.127,False,Bittrex,Kraken
662,01-13-2021_21-15-21,LTC/USD,25.0,144.227,144.04,0.03241418042391713,-0.09458581957608286,0.127,False,Bittrex,Kraken
663,01-13-2021_21-15-31,LTC/USD,25.0,144.23,144.04,0.032933508978714165,-0.062066491021285836,0.095,False,Binance US,Kraken
664,01-13-2021_21-15-41,LTC/USD,25.0,144.23,144.04,0.032933508978714165,-0.062066491021285836,0.095,False,Binance US,Kraken
665,01-13-2021_21-15-51,LTC/USD,25.0,144.2,144.03,0.029472954230233616,-0.05552704576976639,0.085,False,Binance US,Kraken
666,01-13-2021_21-16-02,LTC/USD,25.0,144.079,143.8,0.048410941219746866,-0.013759058780253137,0.06217,False,Bittrex,Binance US
667,01-13-2021_21-16-14,LTC/USD,25.0,144.247,144.04,0.035875962758328085,-0.09112403724167192,0.127,False,Bittrex,Kraken
668,01-13-2021_21-16-24,LTC/USD,25.0,144.2,144.04,0.027739251040221322,-0.05726074895977869,0.085,False,Binance US,Kraken
669,01-13-2021_21-16-34,LTC/USD,25.0,144.17,143.96,0.03641534299784622,-0.05858465700215378,0.095,False,Binance US,Kraken
670,01-13-2021_21-16-44,LTC/USD,25.0,144.199,144.04,0.0275660718867711,-0.0994339281132289,0.127,False,Bittrex,Kraken
671,01-13-2021_21-16-54,LTC/USD,25.0,144.17,144.01,0.027745023236456372,-0.06725497676354363,0.095,False,Binance US,Kraken
672,01-13-2021_21-17-06,LTC/USD,25.0,144.07,143.85,0.0381758867217323,-0.10182411327826768,0.13999999999999999,False,Binance US,Coinbase Pro
673,01-13-2021_21-17-16,LTC/USD,25.0,144.06,143.88,0.03123698458975545,-0.11876301541024455,0.15,False,Binance US,Coinbase Pro
674,01-13-2021_21-17-26,LTC/USD,25.0,144.06,143.84,0.03817853672081058,-0.11182146327918942,0.15,False,Binance US,Coinbase Pro
675,01-13-2021_21-17-36,LTC/USD,25.0,143.909,143.8,0.018935577344012616,-0.043234422655987384,0.06217,False,Bittrex,Binance US
676,01-13-2021_21-17-45,LTC/USD,25.0,143.909,143.77,0.024147204135943824,-0.15785279586405618,0.182,False,Bittrex,Coinbase Pro
677,01-13-2021_21-17-55,LTC/USD,25.0,143.909,143.8,0.018935577344012616,-0.043234422655987384,0.06217,False,Bittrex,Binance US
678,01-13-2021_21-18-05,LTC/USD,25.0,143.9,143.75,0.026059763724809882,-0.1559402362751901,0.182,False,Bittrex,Coinbase Pro
679,01-13-2021_21-18-15,LTC/USD,25.0,143.899,143.75,0.025886211856927587,-0.10111378814307241,0.127,False,Bittrex,Kraken
680,01-13-2021_21-18-25,LTC/USD,25.0,143.899,143.74,0.027623541511753353,-0.09937645848824665,0.127,False,Bittrex,Kraken
681,01-13-2021_21-18-35,LTC/USD,25.0,144.128,143.8,0.05689387211367232,-0.005276127886327683,0.06217,False,Bittrex,Binance US
682,01-13-2021_21-18-45,LTC/USD,25.0,143.93,143.78,0.026054331966929356,-0.10094566803307065,0.127,False,Bittrex,Kraken
683,01-13-2021_21-18-55,LTC/USD,25.0,143.889,143.73,0.027625461293083596,-0.0993745387069164,0.127,False,Bittrex,Kraken
684,01-13-2021_21-19-06,LTC/USD,25.0,143.92,143.71,0.03647859922178633,-0.05852140077821367,0.095,False,Binance US,Kraken
685,01-13-2021_21-19-15,LTC/USD,25.0,143.92,143.76,0.027793218454696466,-0.12220678154530352,0.15,False,Binance US,Coinbase Pro
686,01-13-2021_21-19-25,LTC/USD,25.0,143.9,143.76,0.024322446143157535,-0.07067755385684246,0.095,False,Binance US,Kraken
687,01-13-2021_21-19-36,LTC/USD,25.0,143.9,143.76,0.024322446143157535,-0.07067755385684246,0.095,False,Binance US,Kraken
688,01-13-2021_21-19-48,LTC/USD,25.0,143.88,143.71,0.02953850430914434,-0.12046149569085565,0.15,False,Binance US,Coinbase Pro
689,01-13-2021_21-19-58,LTC/USD,25.0,143.82,143.69,0.022597691558892272,-0.12740230844110773,0.15,False,Binance US,Coinbase Pro
690,01-13-2021_21-20-08,LTC/USD,25.0,143.82,143.66,0.027812543457098562,-0.06718745654290144,0.095,False,Binance US,Kraken
691,01-13-2021_21-20-19,LTC/USD,25.0,143.844,143.77,0.012861155140288065,-0.16913884485971192,0.182,False,Bittrex,Coinbase Pro
692,01-13-2021_21-20-30,LTC/USD,25.0,143.929,143.8,0.02240688117057554,-0.15959311882942445,0.182,False,Bittrex,Coinbase Pro
693,01-13-2021_21-20-42,LTC/USD,25.0,143.998,143.79,0.036111612661286686,-0.14588838733871332,0.182,False,Bittrex,Coinbase Pro
694,01-13-2021_21-20-51,LTC/USD,25.0,143.929,143.85,0.013722043507564098,-0.11327795649243591,0.127,False,Bittrex,Kraken
695,01-13-2021_21-21-02,LTC/USD,25.0,143.93,143.89,0.006947821857851119,-0.08805217814214888,0.095,False,Binance US,Kraken
696,01-13-2021_21-21-12,LTC/USD,25.0,144.059,143.92,0.024122061099967722,-0.10287793890003227,0.127,False,Bittrex,Kraken
697,01-13-2021_21-21-21,LTC/USD,25.0,144.059,143.92,0.024122061099967722,-0.10287793890003227,0.127,False,Bittrex,Kraken
698,01-13-2021_21-21-32,LTC/USD,25.0,144.04,143.87,0.029505692863091418,-0.12049430713690858,0.15,False,Binance US,Coinbase Pro
699,01-13-2021_21-21-42,LTC/USD,25.0,144.047,143.91,0.023776961686116416,-0.15822303831388357,0.182,False,Bittrex,Coinbase Pro
700,01-13-2021_21-21-53,LTC/USD,25.0,143.987,143.8,0.03246820893552602,-0.09453179106447399,0.127,False,Bittrex,Kraken
701,01-13-2021_21-22-03,LTC/USD,25.0,143.98,143.79,0.032990693151826254,-0.06200930684817375,0.095,False,Binance US,Kraken
702,01-13-2021_21-22-13,LTC/USD,25.0,143.91,143.75,0.02779514974636867,-0.06720485025363133,0.095,False,Binance US,Kraken
703,01-13-2021_21-22-23,LTC/USD,25.0,143.91,143.76,0.02605795288722217,-0.06894204711277784,0.095,False,Binance US,Kraken
704,01-13-2021_21-22-34,LTC/USD,25.0,143.75,143.46,0.050434782608694266,-0.09956521739130572,0.15,False,Binance US,Coinbase Pro
705,01-13-2021_21-22-46,LTC/USD,25.0,143.799,143.7,0.017211524419505346,-0.10978847558049465,0.127,False,Bittrex,Kraken
706,01-13-2021_21-22-58,LTC/USD,25.0,143.797,143.68,0.020341175406995666,-0.10665882459300434,0.127,False,Bittrex,Kraken
707,01-13-2021_21-23-09,LTC/USD,25.0,143.78,143.59,0.03303658366949467,-0.06196341633050533,0.095,False,Binance US,Kraken
708,01-13-2021_21-23-20,LTC/USD,25.0,143.68,143.46,0.038279510022271514,-0.05672048997772849,0.095,False,Binance US,Kraken
709,01-13-2021_21-23-32,LTC/USD,25.0,143.63,143.51,0.020887001322844212,-0.07408698867715578,0.09497399,False,Binance US,Kraken
710,01-13-2021_21-23-43,LTC/USD,25.0,143.63,143.44,0.03307108542783502,-0.061928914572164984,0.095,False,Binance US,Kraken
711,01-13-2021_21-23-53,LTC/USD,25.0,143.56,143.51,0.008707160769018419,-0.08626682923098157,0.09497399,False,Binance US,Kraken
712,01-13-2021_21-24-04,LTC/USD,25.0,143.339,143.2,0.024243227593329454,-0.10275677240667055,0.127,False,Bittrex,Kraken
713,01-13-2021_21-24-16,LTC/USD,25.0,143.09,142.94,0.026207282130128885,-0.12379271786987112,0.15,False,Binance US,Coinbase Pro
714,01-13-2021_21-24-27,LTC/USD,25.0,142.959,142.82,0.024307668632266945,-0.15769233136773306,0.182,False,Bittrex,Coinbase Pro
715,01-13-2021_21-24-38,LTC/USD,25.0,142.909,142.74,0.029564268170651033,-0.09743573182934898,0.127,False,Bittrex,Kraken
716,01-13-2021_21-24-49,LTC/USD,25.0,142.97,142.76,0.036720990417571514,-0.09025299958242847,0.12697398999999998,False,Bittrex,Kraken
717,01-13-2021_21-25-01,LTC/USD,25.0,143.188,142.43,0.13234349247143293,-0.04965650752856707,0.182,False,Bittrex,Coinbase Pro
718,01-13-2021_21-25-12,LTC/USD,25.0,143.186,142.25,0.16342379841604748,0.10124379841604748,0.06218,True,Bittrex,Binance US
719,01-13-2021_21-25-24,LTC/USD,25.0,143.182,142.72,0.08066656423293242,-0.04633343576706758,0.127,False,Bittrex,Kraken
720,01-13-2021_21-25-34,LTC/USD,25.0,143.179,142.65,0.09236689738020176,-0.03463310261979824,0.127,False,Bittrex,Kraken
721,01-13-2021_21-25-44,LTC/USD,25.0,143.177,142.85,0.057097159459968815,-0.06987683054003116,0.12697398999999998,False,Bittrex,Kraken
722,01-13-2021_21-25-54,LTC/USD,25.0,143.175,142.84,0.05849484896106302,-0.12350515103893697,0.182,False,Bittrex,Coinbase Pro
723,01-13-2021_21-26-05,LTC/USD,25.0,143.173,142.77,0.07036941322735285,-0.05663058677264715,0.127,False,Bittrex,Kraken
724,01-13-2021_21-26-16,LTC/USD,25.0,143.17,142.74,0.07508556261786312,-0.051914437382136885,0.127,False,Bittrex,Kraken
725,01-13-2021_21-26-26,LTC/USD,25.0,143.165,142.74,0.07421506653162138,-0.05278493346837862,0.127,False,Bittrex,Kraken
726,01-13-2021_21-26-36,LTC/USD,25.0,143.163,142.74,0.07386685107185548,-0.053133148928144525,0.127,False,Bittrex,Kraken
727,01-13-2021_21-26-47,LTC/USD,25.0,143.162,142.74,0.07369273969349358,-0.05330726030650643,0.127,False,Bittrex,Kraken
728,01-13-2021_21-26-57,LTC/USD,25.0,143.161,142.82,0.059548340679376394,-0.06742564932062359,0.12697398999999998,False,Bittrex,Kraken
729,01-13-2021_21-27-07,LTC/USD,25.0,143.16,142.79,0.06461302039675966,-0.06238697960324034,0.127,False,Bittrex,Kraken
730,01-13-2021_21-27-18,LTC/USD,25.0,143.163,142.82,0.05989676103462796,-0.06707722896537202,0.12697398999999998,False,Bittrex,Kraken
731,01-13-2021_21-27-28,LTC/USD,25.0,143.259,142.82,0.07660949748357747,-0.05036449251642251,0.12697398999999998,False,Bittrex,Kraken
732,01-13-2021_21-27-37,LTC/USD,25.0,143.393,142.82,0.0999002740719574,-0.027073715928042585,0.12697398999999998,False,Bittrex,Kraken
733,01-13-2021_21-27-47,LTC/USD,25.0,143.336,142.74,0.1039515543896864,-0.08804844561031361,0.192,False,Bittrex,Coinbase Pro
734,01-13-2021_21-27-57,LTC/USD,25.0,143.257,142.71,0.09545781357978965,-0.08654218642021035,0.182,False,Bittrex,Coinbase Pro
735,01-13-2021_21-28-07,LTC/USD,25.0,143.253,142.46,0.13839151710609515,-0.04360848289390484,0.182,False,Bittrex,Coinbase Pro
736,01-13-2021_21-28-17,LTC/USD,25.0,143.248,142.54,0.12356193454707892,-0.0034380654529210797,0.127,False,Bittrex,Kraken
737,01-13-2021_21-28-27,LTC/USD,25.0,143.242,142.64,0.10506694963767678,-0.021933050362323223,0.127,False,Bittrex,Kraken
738,01-13-2021_21-28-37,LTC/USD,25.0,143.234,142.61,0.10891268832818939,-0.018087311671810616,0.127,False,Bittrex,Kraken
739,01-13-2021_21-28-46,LTC/USD,25.0,143.225,142.58,0.11258509338453165,-0.014414906615468348,0.127,False,Bittrex,Kraken
740,01-13-2021_21-28-56,LTC/USD,25.0,143.15,142.58,0.09954593084177317,-0.027454069158226832,0.127,False,Bittrex,Kraken
741,01-13-2021_21-29-06,LTC/USD,25.0,143.143,142.58,0.09832824518138997,-0.028671754818610035,0.127,False,Bittrex,Kraken
742,01-13-2021_21-29-16,LTC/USD,25.0,143.143,142.58,0.09832824518138997,-0.028671754818610035,0.127,False,Bittrex,Kraken
743,01-13-2021_21-29-26,LTC/USD,25.0,143.14,142.62,0.09082017605141503,-0.036179823948584974,0.127,False,Bittrex,Kraken
744,01-13-2021_21-29-36,LTC/USD,25.0,143.136,142.62,0.0901240778001326,-0.036875922199867406,0.127,False,Bittrex,Kraken
745,01-13-2021_21-29-46,LTC/USD,25.0,143.134,142.62,0.08977601408470064,-0.037223985915299365,0.127,False,Bittrex,Kraken
746,01-13-2021_21-29-56,LTC/USD,25.0,143.14,142.67,0.08208746681570471,0.01990746681570471,0.06218,True,Bittrex,Binance US
747,01-13-2021_21-30-06,LTC/USD,25.0,143.134,142.81,0.056590327944440855,-0.12540967205555914,0.182,False,Bittrex,Coinbase Pro
748,01-13-2021_21-30-16,LTC/USD,25.0,143.129,142.54,0.10287922084273604,-0.07912077915726395,0.182,False,Bittrex,Coinbase Pro
749,01-13-2021_21-30-26,LTC/USD,25.0,143.127,142.63,0.08681101399456673,-0.040188986005433275,0.127,False,Bittrex,Kraken
750,01-13-2021_21-30-36,LTC/USD,25.0,143.125,142.73,0.06899563318777471,-0.05800436681222529,0.127,False,Bittrex,Kraken
751,01-13-2021_21-30-45,LTC/USD,25.0,143.122,142.65,0.08244714299688524,-0.04455285700311476,0.127,False,Bittrex,Kraken
752,01-13-2021_21-30-55,LTC/USD,25.0,143.117,142.61,0.08856390226178174,-0.03843609773821827,0.127,False,Bittrex,Kraken
753,01-13-2021_21-31-09,LTC/USD,25.0,143.112,142.7,0.07197160266085412,-0.11002839733914588,0.182,False,Bittrex,Coinbase Pro
754,01-13-2021_21-31-19,LTC/USD,25.0,143.111,142.69,0.07354431175800467,-0.10845568824199532,0.182,False,Bittrex,Coinbase Pro
755,01-13-2021_21-31-29,LTC/USD,25.0,143.106,142.62,0.08490210054085609,-0.04209789945914391,0.127,False,Bittrex,Kraken
756,01-13-2021_21-31-40,LTC/USD,25.0,143.099,142.57,0.0924185354195341,-0.0895814645804659,0.182,False,Bittrex,Coinbase Pro
757,01-13-2021_21-31-51,LTC/USD,25.0,143.095,142.68,0.07250428037317727,-0.05449571962682273,0.127,False,Bittrex,Kraken
758,01-13-2021_21-32-02,LTC/USD,25.0,143.095,142.76,0.0585275516265432,-0.06844643837345678,0.12697398999999998,False,Bittrex,Kraken
759,01-13-2021_21-32-12,LTC/USD,25.0,143.092,142.67,0.07372878986945906,-0.05327121013054094,0.127,False,Bittrex,Kraken
760,01-13-2021_21-32-22,LTC/USD,25.0,143.09,142.64,0.07862184639038666,-0.04837815360961334,0.127,False,Bittrex,Kraken
761,01-13-2021_21-32-32,LTC/USD,25.0,143.085,142.64,0.07775098717545892,-0.04924901282454108,0.127,False,Bittrex,Kraken
762,01-13-2021_21-32-43,LTC/USD,25.0,143.082,142.73,0.061503193972687664,-0.06549680602731234,0.127,False,Bittrex,Kraken
763,01-13-2021_21-32-54,LTC/USD,25.0,143.076,142.67,0.07094131790097674,-0.05605868209902326,0.127,False,Bittrex,Kraken
764,01-13-2021_21-33-05,LTC/USD,25.0,143.07,142.66,0.07164325155518218,-0.05535674844481782,0.127,False,Bittrex,Kraken
765,01-13-2021_21-33-15,LTC/USD,25.0,143.069,142.73,0.059237151304615016,-0.06776284869538499,0.127,False,Bittrex,Kraken
766,01-13-2021_21-33-26,LTC/USD,25.0,143.067,142.74,0.05714105978317819,-0.06985894021682182,0.127,False,Bittrex,Kraken
767,01-13-2021_21-33-38,LTC/USD,25.0,143.354,142.74,0.10707758416228433,-0.019922415837715673,0.127,False,Bittrex,Kraken
768,01-13-2021_21-33-49,LTC/USD,25.0,143.352,142.69,0.11545008091969523,-0.011549919080304769,0.127,False,Bittrex,Kraken
769,01-13-2021_21-34-00,LTC/USD,25.0,143.252,142.72,0.09284338089520751,-0.03415661910479249,0.127,False,Bittrex,Kraken
770,01-13-2021_21-34-11,LTC/USD,25.0,143.0,142.71,0.05069930069929931,-0.07630069930070069,0.127,False,Bittrex,Kraken
771,01-13-2021_21-34-21,LTC/USD,25.0,143.0,142.74,0.04545454545454386,-0.08154545454545614,0.127,False,Bittrex,Kraken
772,01-13-2021_21-34-33,LTC/USD,25.0,143.0,142.74,0.04545454545454386,-0.08154545454545614,0.127,False,Bittrex,Kraken
773,01-13-2021_21-34-43,LTC/USD,25.0,142.997,142.7,0.05192416624125426,-0.07507583375874574,0.127,False,Bittrex,Kraken
774,01-13-2021_21-34-54,LTC/USD,25.0,142.998,142.74,0.045105525951408654,-0.08189447404859135,0.127,False,Bittrex,Kraken
775,01-13-2021_21-35-05,LTC/USD,25.0,142.998,142.81,0.032867592553739944,-0.09413240744626006,0.127,False,Bittrex,Kraken
776,01-13-2021_21-35-14,LTC/USD,25.0,142.992,142.8,0.033568311513927154,-0.09343168848607285,0.127,False,Bittrex,Kraken
777,01-13-2021_21-35-25,LTC/USD,25.0,142.991,142.76,0.04038715723367606,-0.08658683276632392,0.12697398999999998,False,Bittrex,Kraken
778,01-13-2021_21-35-36,LTC/USD,25.0,142.991,142.79,0.03514207187865352,-0.14685792812134646,0.182,False,Bittrex,Coinbase Pro
779,01-13-2021_21-35-47,LTC/USD,25.0,143.0,142.84,0.027972027972027375,-0.06702797202797263,0.095,False,Binance US,Kraken
780,01-13-2021_21-35-58,LTC/USD,25.0,143.0,142.85,0.026223776223777216,-0.06875021377622278,0.09497399,False,Binance US,Kraken
781,01-13-2021_21-36-09,LTC/USD,25.0,143.0,142.84,0.027972027972027375,-0.06702797202797263,0.095,False,Binance US,Kraken
782,01-13-2021_21-36-19,LTC/USD,25.0,142.999,142.79,0.03653871705396597,-0.09046128294603403,0.127,False,Bittrex,Kraken
783,01-13-2021_21-36-30,LTC/USD,25.0,143.0,142.85,0.026223776223777216,-0.10075021377622276,0.12697398999999998,False,Bittrex,Kraken
784,01-13-2021_21-36-40,LTC/USD,25.0,143.0,142.82,0.03146853146853266,-0.09550545853146733,0.12697398999999998,False,Bittrex,Kraken
785,01-13-2021_21-36-51,LTC/USD,25.0,143.0,142.85,0.026223776223777216,-0.10075021377622276,0.12697398999999998,False,Bittrex,Kraken
786,01-13-2021_21-37-01,LTC/USD,25.0,143.0,142.83,0.029720279720277534,-0.09727972027972247,0.127,False,Bittrex,Kraken
787,01-13-2021_21-37-11,LTC/USD,25.0,143.0,142.81,0.03321678321678282,-0.09378321678321719,0.127,False,Bittrex,Kraken
788,01-13-2021_21-37-22,LTC/USD,25.0,143.0,142.81,0.03321678321678282,-0.09378321678321719,0.127,False,Bittrex,Kraken
789,01-13-2021_21-37-33,LTC/USD,25.0,143.0,142.81,0.03321678321678282,-0.06178321678321718,0.095,False,Binance US,Kraken
790,01-13-2021_21-37-44,LTC/USD,25.0,143.0,142.81,0.03321678321678282,-0.06178321678321718,0.095,False,Binance US,Kraken
791,01-13-2021_21-37-54,LTC/USD,25.0,143.0,142.81,0.03321678321678282,-0.06178321678321718,0.095,False,Binance US,Kraken
792,01-13-2021_21-38-07,LTC/USD,25.0,143.0,142.81,0.03321678321678282,-0.06178321678321718,0.095,False,Binance US,Kraken
793,01-13-2021_21-38-18,LTC/USD,25.0,143.02,142.81,0.036708152705916645,-0.058291847294083356,0.095,False,Binance US,Kraken
794,01-13-2021_21-38-28,LTC/USD,25.0,143.02,142.81,0.036708152705916645,-0.058291847294083356,0.095,False,Binance US,Kraken
795,01-13-2021_21-38-40,LTC/USD,25.0,143.0,142.81,0.03321678321678282,-0.09378321678321719,0.127,False,Bittrex,Kraken
796,01-13-2021_21-38-51,LTC/USD,25.0,142.86,142.63,0.04024919501610286,-0.14175080498389714,0.182,False,Bittrex,Coinbase Pro
797,01-13-2021_21-39-04,LTC/USD,25.0,142.926,142.69,0.0412801029903569,-0.08571989700964311,0.127,False,Bittrex,Kraken
798,01-13-2021_21-39-14,LTC/USD,25.0,142.925,142.56,0.0638446737799561,-0.0631553262200439,0.127,False,Bittrex,Kraken
799,01-13-2021_21-39-25,LTC/USD,25.0,142.923,142.72,0.03550863052133019,-0.09149136947866982,0.127,False,Bittrex,Kraken
800,01-13-2021_21-39-36,LTC/USD,25.0,142.921,142.77,0.0264131933025906,-0.1555868066974094,0.182,False,Bittrex,Coinbase Pro
801,01-13-2021_21-39-47,LTC/USD,25.0,142.921,142.8,0.021165539004061845,-0.10583446099593816,0.127,False,Bittrex,Kraken
802,01-13-2021_21-39-58,LTC/USD,25.0,142.94,142.8,0.02448579823702014,-0.06051420176297986,0.085,False,Binance US,Kraken
803,01-13-2021_21-40-09,LTC/USD,25.0,143.03,142.8,0.040201356358804057,-0.04479864364119595,0.085,False,Binance US,Kraken
804,01-13-2021_21-40-19,LTC/USD,25.0,143.03,142.81,0.03845347129972713,-0.04654652870027288,0.085,False,Binance US,Kraken
805,01-13-2021_21-40-30,LTC/USD,25.0,143.07,142.81,0.04543230586426066,-0.039567694135739344,0.085,False,Binance US,Kraken
806,01-13-2021_21-40-40,LTC/USD,25.0,143.07,142.81,0.04543230586426066,-0.039567694135739344,0.085,False,Binance US,Kraken
807,01-13-2021_21-40-51,LTC/USD,25.0,143.08,142.91,0.029703662286835318,-0.06529633771316468,0.095,False,Binance US,Kraken
808,01-13-2021_21-41-02,LTC/USD,25.0,143.17,142.91,0.04540057274568537,-0.04959942725431463,0.095,False,Binance US,Kraken
809,01-13-2021_21-41-13,LTC/USD,25.0,143.17,143.0,0.02968498987217775,-0.06231501012782225,0.092,False,Binance US,Bittrex
810,01-13-2021_21-41-25,LTC/USD,25.0,143.17,143.0,0.02968498987217775,-0.06231501012782225,0.092,False,Binance US,Bittrex
811,01-13-2021_21-41-36,LTC/USD,25.0,143.08,142.89,0.03319821079117034,-0.06180178920882966,0.095,False,Binance US,Kraken
812,01-13-2021_21-41-46,LTC/USD,25.0,143.08,142.91,0.029703662286835318,-0.12029633771316467,0.15,False,Binance US,Coinbase Pro
813,01-13-2021_21-41-57,LTC/USD,25.0,143.08,142.93,0.02620911378250029,-0.06879088621749971,0.095,False,Binance US,Kraken
814,01-13-2021_21-42-09,LTC/USD,25.0,143.16,143.04,0.020955574182733402,-0.0640444258172666,0.085,False,Binance US,Kraken
815,01-13-2021_21-42-20,LTC/USD,25.0,143.137,142.9,0.04139390933161845,-0.08560609066838155,0.127,False,Bittrex,Kraken
816,01-13-2021_21-42-32,LTC/USD,25.0,143.01,142.8,0.03671071953009922,-0.058289280469900784,0.095,False,Binance US,Kraken
817,01-13-2021_21-42-43,LTC/USD,25.0,143.101,142.89,0.03686207643552679,-0.09013792356447321,0.127,False,Bittrex,Kraken
818,01-13-2021_21-42-55,LTC/USD,25.0,143.244,142.98,0.0460752282818146,-0.1359247717181854,0.182,False,Bittrex,Coinbase Pro
819,01-13-2021_21-43-07,LTC/USD,25.0,143.244,143.05,0.03385831169193621,-0.0931416883080638,0.127,False,Bittrex,Kraken
820,01-13-2021_21-43-18,LTC/USD,25.0,143.244,143.05,0.03385831169193621,-0.1481416883080638,0.182,False,Bittrex,Coinbase Pro
821,01-13-2021_21-43-30,LTC/USD,25.0,143.211,143.0,0.03683376276962187,-0.14516623723037814,0.182,False,Bittrex,Coinbase Pro
822,01-13-2021_21-43-40,LTC/USD,25.0,143.211,142.98,0.04032511469091462,-0.08667488530908538,0.127,False,Bittrex,Kraken
823,01-13-2021_21-43-53,LTC/USD,25.0,143.211,143.03,0.03159673488768523,-0.09540326511231477,0.127,False,Bittrex,Kraken
824,01-13-2021_21-44-04,LTC/USD,25.0,143.211,143.05,0.028105382966392485,-0.09889461703360752,0.127,False,Bittrex,Kraken
825,01-13-2021_21-44-14,LTC/USD,25.0,143.211,143.04,0.02985105892704134,-0.09714894107295866,0.127,False,Bittrex,Kraken
826,01-13-2021_21-44-24,LTC/USD,25.0,143.207,142.98,0.0396279511476401,-0.0873720488523599,0.127,False,Bittrex,Kraken
827,01-13-2021_21-44-35,LTC/USD,25.0,143.207,142.96,0.04311940058795759,-0.08388059941204241,0.127,False,Bittrex,Kraken
828,01-13-2021_21-44-46,LTC/USD,25.0,143.205,142.89,0.05499109667958977,-0.07200890332041024,0.127,False,Bittrex,Kraken
829,01-13-2021_21-44-57,LTC/USD,25.0,143.203,143.02,0.03194765472790247,-0.09505234527209752,0.127,False,Bittrex,Kraken
830,01-13-2021_21-45-08,LTC/USD,25.0,143.203,143.05,0.02671033428070494,-0.10028966571929507,0.127,False,Bittrex,Kraken
831,01-13-2021_21-45-19,LTC/USD,25.0,143.203,143.05,0.02671033428070494,-0.10028966571929507,0.127,False,Bittrex,Kraken
832,01-13-2021_21-45-29,LTC/USD,25.0,143.203,143.03,0.03020188124550495,-0.09679811875449505,0.127,False,Bittrex,Kraken
833,01-13-2021_21-45-40,LTC/USD,25.0,143.203,143.04,0.028456107763107426,-0.09854389223689258,0.127,False,Bittrex,Kraken
834,01-13-2021_21-45-50,LTC/USD,25.0,143.203,143.04,0.028456107763107426,-0.09854389223689258,0.127,False,Bittrex,Kraken
835,01-13-2021_21-46-01,LTC/USD,25.0,143.24,143.05,0.033161128176486615,-0.05183887182351339,0.085,False,Binance US,Kraken
836,01-13-2021_21-46-12,LTC/USD,25.0,143.281,143.08,0.03507094450764466,-0.09192905549235533,0.127,False,Bittrex,Kraken
837,01-13-2021_21-46-24,LTC/USD,25.0,143.35,143.24,0.019183815835365405,-0.10098618416463459,0.12017,False,Coinbase Pro,Binance US
838,01-13-2021_21-46-34,LTC/USD,25.0,143.527,143.27,0.04476509646268239,-0.0822349035373176,0.127,False,Bittrex,Kraken
839,01-13-2021_21-46-43,LTC/USD,25.0,143.55,143.27,0.0487634970393593,-0.0462365029606407,0.095,False,Binance US,Kraken
840,01-13-2021_21-46-54,LTC/USD,25.0,143.54,143.27,0.047025219451020936,-0.047974780548979065,0.095,False,Binance US,Kraken
841,01-13-2021_21-47-05,LTC/USD,25.0,143.76,143.61,0.026085141903168,-0.094084858096832,0.12017,False,Coinbase Pro,Binance US
842,01-13-2021_21-47-16,LTC/USD,25.0,144.407,143.9,0.08777275339838184,-0.039227246601618165,0.127,False,Bittrex,Kraken
843,01-13-2021_21-47-28,LTC/USD,25.0,144.403,144.18,0.03860723115170474,-0.023562768848295265,0.06217,False,Bittrex,Binance US
844,01-13-2021_21-47-39,LTC/USD,25.0,144.403,144.25,0.026488369355205845,-0.10051163064479415,0.127,False,Bittrex,Kraken
845,01-13-2021_21-47-49,LTC/USD,25.0,144.403,144.09,0.05418862489006256,-0.12781137510993743,0.182,False,Bittrex,Coinbase Pro
846,01-13-2021_21-47-58,LTC/USD,25.0,144.377,144.22,0.027185770586729652,-0.09981422941327035,0.127,False,Bittrex,Kraken
847,01-13-2021_21-48-08,LTC/USD,25.0,144.76,144.46,0.05180989223542121,-0.043190107764578795,0.095,False,Binance US,Kraken
848,01-13-2021_21-48-18,LTC/USD,25.0,144.69,144.57,0.02073398299813473,-0.12926601700186527,0.15,False,Binance US,Coinbase Pro
849,01-13-2021_21-48-29,LTC/USD,25.0,144.87,144.678,0.033133153862084506,-0.14886684613791548,0.182,False,Coinbase Pro,Bittrex
850,01-13-2021_21-48-40,LTC/USD,25.0,144.9,144.678,0.038302277432713666,-0.08869772256728634,0.127,False,Kraken,Bittrex
851,01-13-2021_21-48-51,LTC/USD,25.0,144.88,144.76,0.02070679182772028,-0.09946320817227972,0.12017,False,Coinbase Pro,Binance US
852,01-13-2021_21-49-01,LTC/USD,25.0,144.88,144.76,0.02070679182772028,-0.04446320817227972,0.06517,False,Kraken,Binance US
853,01-13-2021_21-49-12,LTC/USD,25.0,144.86,144.8,0.010354825348612845,-0.05481517465138716,0.06517,False,Kraken,Binance US
854,01-13-2021_21-49-24,LTC/USD,25.0,144.99,144.86,0.022415338988895,-0.159584661011105,0.182,False,Coinbase Pro,Bittrex
855,01-13-2021_21-49-34,LTC/USD,25.0,144.86,144.77,0.015532238022919267,-0.10463776197708073,0.12017,False,Coinbase Pro,Binance US
856,01-13-2021_21-49-44,LTC/USD,25.0,144.99,144.86,0.022415338988895,-0.069584661011105,0.092,False,Binance US,Bittrex
857,01-13-2021_21-49-54,LTC/USD,25.0,144.99,144.75,0.04138216428719378,-0.10861783571280621,0.15,False,Binance US,Coinbase Pro
858,01-13-2021_21-50-05,LTC/USD,25.0,144.99,144.89,0.01724256845300068,-0.13275743154699932,0.15,False,Binance US,Coinbase Pro
859,01-13-2021_21-50-17,LTC/USD,25.0,145.0,144.99,0.0017241379310329148,-0.1802758620689671,0.182,False,Coinbase Pro,Bittrex
860,01-13-2021_21-50-28,LTC/USD,25.0,145.17,144.99,0.03099814011158959,-0.15100185988841042,0.182,False,Coinbase Pro,Bittrex
861,01-13-2021_21-50-39,LTC/USD,25.0,145.28,144.99,0.04990363436123211,-0.1320963656387679,0.182,False,Coinbase Pro,Bittrex
862,01-13-2021_21-50-49,LTC/USD,25.0,145.26,144.99,0.046468401486985715,-0.13553159851301427,0.182,False,Coinbase Pro,Bittrex
863,01-13-2021_21-50-58,LTC/USD,25.0,145.37,145.0,0.06363073536493163,-0.11836926463506836,0.182,False,Coinbase Pro,Bittrex
864,01-13-2021_21-51-09,LTC/USD,25.0,145.413,145.16,0.04349679877315204,-0.08350320122684796,0.127,False,Bittrex,Kraken
865,01-13-2021_21-51-20,LTC/USD,25.0,145.318,145.17,0.025461401891029425,-0.10153859810897058,0.127,False,Bittrex,Kraken
866,01-13-2021_21-51-30,LTC/USD,25.0,145.456,145.18,0.04743702562974062,-0.07956297437025939,0.127,False,Bittrex,Kraken
867,01-13-2021_21-51-40,LTC/USD,25.0,145.455,145.18,0.047265477295384425,-0.07973452270461558,0.127,False,Bittrex,Kraken
868,01-13-2021_21-51-50,LTC/USD,25.0,145.48,145.25,0.03952433324168095,-0.08064566675831905,0.12017,False,Coinbase Pro,Binance US
869,01-13-2021_21-52-02,LTC/USD,25.0,145.499,145.25,0.04278379920136826,-0.019386200798631743,0.06217,False,Bittrex,Binance US
870,01-13-2021_21-52-15,LTC/USD,25.0,145.54,145.41,0.02233063075443099,-0.06266936924556901,0.085,False,Binance US,Kraken
871,01-13-2021_21-52-25,LTC/USD,25.0,145.601,145.31,0.049965316172278486,-0.07703468382772152,0.127,False,Bittrex,Kraken
872,01-13-2021_21-52-35,LTC/USD,25.0,145.619,145.41,0.03588130669761556,-0.09111869330238445,0.127,False,Bittrex,Kraken
873,01-13-2021_21-52-44,LTC/USD,25.0,145.504,144.97,0.09175005498130495,0.02958005498130495,0.06217,True,Bittrex,Binance US
874,01-13-2021_21-52-56,LTC/USD,25.0,145.136,144.9,0.04065152684378617,-0.08634847315621383,0.127,False,Bittrex,Kraken
875,01-13-2021_21-53-06,LTC/USD,25.0,145.293,145.07,0.03837074050367416,-0.14362925949632582,0.182,False,Bittrex,Coinbase Pro
876,01-13-2021_21-53-16,LTC/USD,25.0,145.618,144.89,0.12498454861349707,-0.0020154513865029283,0.127,False,Bittrex,Kraken
877,01-13-2021_21-53-27,LTC/USD,25.0,144.997,144.66,0.05810465044104662,-0.12389534955895337,0.182,False,Bittrex,Coinbase Pro
878,01-13-2021_21-53-37,LTC/USD,25.0,144.67,144.56,0.019008778599568885,-0.06599122140043112,0.085,False,Binance US,Kraken
879,01-13-2021_21-53-47,LTC/USD,25.0,145.131,144.92,0.036346473186295955,-0.09065352681370405,0.127,False,Bittrex,Kraken
880,01-13-2021_21-53-58,LTC/USD,25.0,145.02,144.8,0.0379258033374705,-0.04707419666252951,0.085,False,Binance US,Kraken
881,01-13-2021_21-54-10,LTC/USD,25.0,145.264,145.01,0.04371351470426587,-0.13828648529573412,0.182,False,Bittrex,Coinbase Pro
882,01-13-2021_21-54-20,LTC/USD,25.0,145.501,145.23,0.046563253860800784,-0.1354367461391992,0.182,False,Bittrex,Coinbase Pro
883,01-13-2021_21-54-31,LTC/USD,25.0,145.422,145.26,0.027849981433346768,-0.09912400856665321,0.12697398999999998,False,Bittrex,Kraken
884,01-13-2021_21-54-42,LTC/USD,25.0,145.328,145.1,0.03922162281184779,-0.0877783771881522,0.127,False,Bittrex,Kraken
885,01-13-2021_21-54-52,LTC/USD,25.0,145.73,145.54,0.03259452411994746,-0.06240547588005254,0.095,False,Binance US,Kraken
886,01-13-2021_21-55-02,LTC/USD,25.0,145.619,145.35,0.046182160295017385,-0.13581783970498262,0.182,False,Bittrex,Coinbase Pro
887,01-13-2021_21-55-12,LTC/USD,25.0,145.32,145.0,0.05505092210294405,-0.03994907789705595,0.095,False,Binance US,Kraken
888,01-13-2021_21-55-24,LTC/USD,25.0,145.527,145.35,0.030406728648290787,-0.09656726135170919,0.12697398999999998,False,Bittrex,Kraken
889,01-13-2021_21-55-35,LTC/USD,25.0,145.524,145.42,0.017866468761168847,-0.10913353123883116,0.127,False,Bittrex,Kraken
890,01-13-2021_21-55-46,LTC/USD,25.0,145.618,145.49,0.02197530525072208,-0.10502469474927792,0.127,False,Bittrex,Kraken
891,01-13-2021_21-55-57,LTC/USD,25.0,145.556,145.31,0.04225177938388135,-0.08474822061611866,0.127,False,Bittrex,Kraken
892,01-13-2021_21-56-08,LTC/USD,25.0,145.47,145.25,0.03780848284869713,-0.08919151715130287,0.127,False,Bittrex,Kraken
893,01-13-2021_21-56-18,LTC/USD,25.0,145.467,145.34,0.021826256126820782,-0.10517374387317922,0.127,False,Bittrex,Kraken
894,01-13-2021_21-56-30,LTC/USD,25.0,145.619,145.5,0.020430026301512815,-0.10656997369848718,0.127,False,Bittrex,Kraken
895,01-13-2021_21-56-42,LTC/USD,25.0,145.619,145.53,0.0152795995028119,-0.11172040049718811,0.127,False,Bittrex,Kraken
896,01-13-2021_21-56-53,LTC/USD,25.0,145.68,145.55,0.02230917078528203,-0.16269082921471797,0.185,False,Coinbase Pro,Kraken
897,01-13-2021_21-57-05,LTC/USD,25.0,145.63,145.45,0.03090022660166292,-0.06409977339833708,0.095,False,Binance US,Kraken
898,01-13-2021_21-57-17,LTC/USD,25.0,145.756,145.54,0.03704821756908947,-0.08995178243091054,0.127,False,Bittrex,Kraken
899,01-13-2021_21-57-29,LTC/USD,25.0,145.677,145.51,0.02865929419194547,-0.09834070580805454,0.127,False,Bittrex,Kraken
900,01-13-2021_21-57-40,LTC/USD,25.0,145.677,145.47,0.03552379579480523,-0.09147620420519477,0.127,False,Bittrex,Kraken
901,01-13-2021_21-57-51,LTC/USD,25.0,145.586,145.39,0.03365708241177489,-0.1483429175882251,0.182,False,Bittrex,Coinbase Pro
902,01-13-2021_21-58-03,LTC/USD,25.0,145.475,145.42,0.009451795841211003,-0.117548204158789,0.127,False,Bittrex,Kraken
903,01-13-2021_21-58-14,LTC/USD,25.0,145.473,145.29,0.031449134891014335,-0.09555086510898567,0.127,False,Bittrex,Kraken
904,01-13-2021_21-58-25,LTC/USD,25.0,145.471,145.28,0.032824411738422515,-0.09417558826157749,0.127,False,Bittrex,Kraken
905,01-13-2021_21-58-36,LTC/USD,25.0,145.392,145.27,0.02097777044128729,-0.10602222955871271,0.127,False,Bittrex,Kraken
906,01-13-2021_21-58-47,LTC/USD,25.0,145.56,145.45,0.01889255289915046,-0.07610744710084955,0.095,False,Binance US,Kraken
907,01-13-2021_21-59-00,LTC/USD,25.0,145.511,145.39,0.020788806344539126,-0.10621119365546088,0.127,False,Bittrex,Kraken
908,01-13-2021_21-59-11,LTC/USD,25.0,145.509,145.37,0.02388168429443911,-0.10309230570556087,0.12697398999999998,False,Bittrex,Kraken
909,01-13-2021_21-59-21,LTC/USD,25.0,145.508,145.35,0.027146273744401588,-0.09982771625559839,0.12697398999999998,False,Bittrex,Kraken
910,01-13-2021_21-59-32,LTC/USD,25.0,145.508,145.35,0.027146273744401588,-0.09982771625559839,0.12697398999999998,False,Bittrex,Kraken
911,01-13-2021_21-59-42,LTC/USD,25.0,145.508,145.34,0.02886439233581768,-0.09813560766418232,0.127,False,Bittrex,Kraken
912,01-13-2021_21-59-52,LTC/USD,25.0,145.508,145.34,0.02886439233581768,-0.09813560766418232,0.127,False,Bittrex,Kraken
913,01-13-2021_22-00-02,LTC/USD,25.0,145.56,145.35,0.03606760098928413,-0.05890638901071586,0.09497399,False,Binance US,Kraken
914,01-13-2021_22-00-12,LTC/USD,25.0,145.728,145.5,0.039113965744402006,-0.08788603425559799,0.127,False,Bittrex,Kraken
915,01-13-2021_22-00-22,LTC/USD,25.0,145.769,145.5,0.04613463768016613,-0.08086536231983388,0.127,False,Bittrex,Kraken
916,01-13-2021_22-00-32,LTC/USD,25.0,145.769,145.55,0.03755942621544946,-0.08944057378455054,0.127,False,Bittrex,Kraken
917,01-13-2021_22-00-42,LTC/USD,25.0,145.77,145.55,0.03773067160595439,-0.1472693283940456,0.185,False,Coinbase Pro,Kraken
918,01-13-2021_22-00-53,LTC/USD,25.0,145.87,145.64,0.0394186604510897,-0.14558133954891028,0.185,False,Coinbase Pro,Kraken
919,01-13-2021_22-01-04,LTC/USD,25.0,145.93,145.77,0.0274104022476524,-0.0927595977523476,0.12017,False,Coinbase Pro,Binance US
920,01-13-2021_22-01-14,LTC/USD,25.0,145.89,145.74,0.02570429775858134,-0.15929570224141865,0.185,False,Coinbase Pro,Kraken
921,01-13-2021_22-01-25,LTC/USD,25.0,145.995,145.77,0.03852871673687358,-0.023641283263126422,0.06217,False,Bittrex,Binance US
922,01-13-2021_22-01-35,LTC/USD,25.0,146.0,145.77,0.039383561643833866,-0.08078643835616614,0.12017,False,Coinbase Pro,Binance US
923,01-13-2021_22-01-47,LTC/USD,25.0,146.1,145.78,0.054757015742640865,-0.007412984257359138,0.06217,False,Bittrex,Binance US
924,01-13-2021_22-01-58,LTC/USD,25.0,146.14,145.78,0.06158478171616007,-0.05858521828383993,0.12017,False,Coinbase Pro,Binance US
925,01-13-2021_22-02-09,LTC/USD,25.0,146.13,145.78,0.05987819065215806,-0.06029180934784194,0.12017,False,Coinbase Pro,Binance US
926,01-13-2021_22-02-21,LTC/USD,25.0,146.207,145.78,0.07301292003802701,0.010842920038027004,0.06217,True,Bittrex,Binance US
927,01-13-2021_22-02-32,LTC/USD,25.0,146.207,145.9,0.05249406663155457,-0.009675933368445432,0.06217,False,Bittrex,Binance US
928,01-13-2021_22-02-43,LTC/USD,25.0,146.207,145.9,0.05249406663155457,-0.009675933368445432,0.06217,False,Bittrex,Binance US
929,01-13-2021_22-02-54,LTC/USD,25.0,146.205,145.9,0.05215279915187695,-0.010017200848123055,0.06217,False,Bittrex,Binance US
930,01-13-2021_22-03-06,LTC/USD,25.0,146.205,145.9,0.05215279915187695,-0.010017200848123055,0.06217,False,Bittrex,Binance US
931,01-13-2021_22-03-17,LTC/USD,25.0,146.205,145.92,0.04873294346978985,-0.07826705653021016,0.127,False,Bittrex,Kraken
932,01-13-2021_22-03-27,LTC/USD,25.0,146.189,145.92,0.046002093180746405,-0.08099790681925359,0.127,False,Bittrex,Kraken
933,01-13-2021_22-03-37,LTC/USD,25.0,146.189,145.92,0.046002093180746405,-0.08099790681925359,0.127,False,Bittrex,Kraken
934,01-13-2021_22-03-48,LTC/USD,25.0,146.189,145.91,0.047712208168876655,-0.07928779183112335,0.127,False,Bittrex,Kraken
935,01-13-2021_22-04-00,LTC/USD,25.0,146.189,145.91,0.047712208168876655,-0.07928779183112335,0.127,False,Bittrex,Kraken
936,01-13-2021_22-04-10,LTC/USD,25.0,146.171,145.89,0.04806014872991324,-0.07891384127008674,0.12697398999999998,False,Bittrex,Kraken
937,01-13-2021_22-04-21,LTC/USD,25.0,146.556,145.79,0.13066677583995528,0.003666775839955283,0.127,False,Bittrex,Kraken
938,01-13-2021_22-04-32,LTC/USD,25.0,145.921,145.7,0.03786295324182326,-0.08913704675817674,0.127,False,Bittrex,Kraken
939,01-13-2021_22-04-43,LTC/USD,25.0,145.83,145.63,0.03428649797709954,-0.09271350202290046,0.127,False,Bittrex,Kraken
940,01-13-2021_22-04-53,LTC/USD,25.0,145.6,145.53,0.012019230769229597,-0.1729807692307704,0.185,False,Coinbase Pro,Kraken
941,01-13-2021_22-05-05,LTC/USD,25.0,145.59,145.393,0.033827872793461555,-0.14817212720653844,0.182,False,Coinbase Pro,Bittrex
942,01-13-2021_22-05-15,LTC/USD,25.0,145.751,145.47,0.04819864014655232,-0.07880135985344769,0.127,False,Bittrex,Kraken
943,01-13-2021_22-05-27,LTC/USD,25.0,145.619,145.4,0.03759811563051424,-0.08940188436948576,0.127,False,Bittrex,Kraken
944,01-13-2021_22-05-38,LTC/USD,25.0,145.98,145.33,0.11131661871488856,0.02631661871488855,0.085,True,Binance US,Kraken
945,01-13-2021_22-05-50,LTC/USD,25.0,145.79,145.33,0.07888058165854647,-0.01611941834145353,0.095,False,Binance US,Kraken
946,01-13-2021_22-06-01,LTC/USD,25.0,145.79,145.35,0.07545099115165611,-0.01952299884834388,0.09497399,False,Binance US,Kraken
947,01-13-2021_22-06-11,LTC/USD,25.0,145.79,145.39,0.06859181013787052,-0.026408189862129477,0.095,False,Binance US,Kraken
948,01-13-2021_22-06-23,LTC/USD,25.0,145.79,145.38,0.0703066053913157,-0.024693394608684305,0.095,False,Binance US,Kraken
949,01-13-2021_22-06-34,LTC/USD,25.0,145.94,145.38,0.09592983417842989,0.0009298341784298864,0.095,False,Binance US,Kraken
950,01-13-2021_22-06-46,LTC/USD,25.0,145.79,145.35,0.07545099115165611,-0.01952299884834388,0.09497399,False,Binance US,Kraken
951,01-13-2021_22-06-57,LTC/USD,25.0,145.79,145.35,0.07545099115165611,-0.01952299884834388,0.09497399,False,Binance US,Kraken
952,01-13-2021_22-07-07,LTC/USD,25.0,145.95,145.37,0.09934909215484485,0.004375102154844851,0.09497399,False,Binance US,Kraken
953,01-13-2021_22-07-16,LTC/USD,25.0,145.91,145.38,0.09080940305667898,-0.004190596943321023,0.095,False,Binance US,Kraken
954,01-13-2021_22-07-28,LTC/USD,25.0,145.91,145.37,0.09252278802001097,-0.05747721197998902,0.15,False,Binance US,Coinbase Pro
955,01-13-2021_22-07-40,LTC/USD,25.0,145.91,145.35,0.09594955794667985,0.0009755679466798561,0.09497399,False,Binance US,Kraken
956,01-13-2021_22-07-51,LTC/USD,25.0,145.91,145.35,0.09594955794667985,0.0009755679466798561,0.09497399,False,Binance US,Kraken
957,01-13-2021_22-08-02,LTC/USD,25.0,145.91,145.28,0.10794325269001362,0.012943252690013618,0.095,True,Binance US,Kraken
958,01-13-2021_22-08-14,LTC/USD,25.0,145.79,145.3,0.08402496741888688,-0.010975032581113126,0.095,False,Binance US,Kraken
959,01-13-2021_22-08-24,LTC/USD,25.0,145.79,145.3,0.08402496741888688,-0.010975032581113126,0.095,False,Binance US,Kraken
960,01-13-2021_22-08-35,LTC/USD,25.0,145.79,145.3,0.08402496741888688,-0.010975032581113126,0.095,False,Binance US,Kraken
961,01-13-2021_22-08-46,LTC/USD,25.0,145.79,145.3,0.08402496741888688,-0.010975032581113126,0.095,False,Binance US,Kraken
962,01-13-2021_22-08-57,LTC/USD,25.0,145.79,145.3,0.08402496741888688,-0.010975032581113126,0.095,False,Binance US,Kraken
963,01-13-2021_22-09-08,LTC/USD,25.0,145.79,145.3,0.08402496741888688,-0.010975032581113126,0.095,False,Binance US,Kraken
964,01-13-2021_22-09-21,LTC/USD,25.0,145.79,145.3,0.08402496741888688,-0.010975032581113126,0.095,False,Binance US,Kraken
965,01-13-2021_22-09-34,LTC/USD,25.0,145.79,145.3,0.08402496741888688,-0.010975032581113126,0.095,False,Binance US,Kraken
966,01-13-2021_22-09-46,LTC/USD,25.0,145.79,145.3,0.08402496741888688,-0.010975032581113126,0.095,False,Binance US,Kraken
967,01-13-2021_22-09-58,LTC/USD,25.0,145.79,145.3,0.08402496741888688,-0.010975032581113126,0.095,False,Binance US,Kraken
968,01-13-2021_22-10-09,LTC/USD,25.0,145.79,145.3,0.08402496741888688,-0.010975032581113126,0.095,False,Binance US,Kraken
969,01-13-2021_22-10-20,LTC/USD,25.0,145.79,145.3,0.08402496741888688,-0.010975032581113126,0.095,False,Binance US,Kraken
970,01-13-2021_22-10-32,LTC/USD,25.0,145.79,145.38,0.0703066053913157,-0.024693394608684305,0.095,False,Binance US,Kraken
971,01-13-2021_22-10-43,LTC/USD,25.0,145.65,145.38,0.04634397528321493,-0.08065602471678507,0.127,False,Bittrex,Kraken
972,01-13-2021_22-10-54,LTC/USD,25.0,145.592,145.44,0.02610033518325444,-0.10087365481674554,0.12697398999999998,False,Bittrex,Kraken
973,01-13-2021_22-11-06,LTC/USD,25.0,145.55,145.39,0.02748196496049897,-0.06751803503950103,0.095,False,Binance US,Kraken
974,01-13-2021_22-11-16,LTC/USD,25.0,145.55,145.45,0.017176228100313076,-0.07782377189968692,0.095,False,Binance US,Kraken
975,01-13-2021_22-11-28,LTC/USD,25.0,145.55,145.45,0.017176228100313076,-0.07782377189968692,0.095,False,Binance US,Kraken
976,01-13-2021_22-11-38,LTC/USD,25.0,145.55,145.43,0.020611473720371785,-0.07438852627962822,0.095,False,Binance US,Kraken
977,01-13-2021_22-11-50,LTC/USD,25.0,145.596,145.5,0.016483969339817654,-0.11051603066018234,0.127,False,Bittrex,Kraken
978,01-13-2021_22-12-01,LTC/USD,25.0,145.719,145.53,0.032425421530478685,-0.09457457846952132,0.127,False,Bittrex,Kraken
979,01-13-2021_22-12-12,LTC/USD,25.0,145.84,145.53,0.053140427866155075,-0.041859572133844926,0.095,False,Binance US,Kraken
980,01-13-2021_22-12-23,LTC/USD,25.0,145.67,145.53,0.02402691013935374,-0.06097308986064627,0.085,False,Binance US,Kraken
981,01-13-2021_22-12-34,LTC/USD,25.0,145.67,145.53,0.02402691013935374,-0.06097308986064627,0.085,False,Binance US,Kraken
982,01-13-2021_22-12-46,LTC/USD,25.0,145.773,145.53,0.04167438414521122,-0.08532561585478879,0.127,False,Bittrex,Kraken
983,01-13-2021_22-12-56,LTC/USD,25.0,145.773,145.62,0.026239427054391345,-0.15576057294560866,0.182,False,Bittrex,Coinbase Pro
984,01-13-2021_22-13-08,LTC/USD,25.0,145.71,145.58,0.02230457758561448,-0.10469542241438552,0.127,False,Bittrex,Kraken
985,01-13-2021_22-13-19,LTC/USD,25.0,145.71,145.56,0.025736051060326275,-0.1012379389396737,0.12697398999999998,False,Bittrex,Kraken
986,01-13-2021_22-13-31,LTC/USD,25.0,145.71,145.46,0.0428934184338755,-0.0841065815661245,0.127,False,Bittrex,Kraken
987,01-13-2021_22-13-42,LTC/USD,25.0,145.58,145.41,0.02919357054540732,-0.05580642945459269,0.085,False,Binance US,Kraken
988,01-13-2021_22-13-54,LTC/USD,25.0,145.58,145.38,0.034345377112243614,-0.10565462288775637,0.13999999999999999,False,Binance US,Coinbase Pro
989,01-13-2021_22-14-05,LTC/USD,25.0,145.58,145.31,0.04636625910152668,-0.10363374089847331,0.15,False,Binance US,Coinbase Pro
990,01-13-2021_22-14-17,LTC/USD,25.0,145.433,145.22,0.03661479856703669,-0.0903852014329633,0.127,False,Bittrex,Kraken
991,01-13-2021_22-14-29,LTC/USD,25.0,145.345,145.2,0.024940658433384402,-0.1020593415666156,0.127,False,Bittrex,Kraken
992,01-13-2021_22-14-39,LTC/USD,25.0,145.384,145.21,0.029920761569357388,-0.09707923843064262,0.127,False,Bittrex,Kraken
993,01-13-2021_22-14-48,LTC/USD,25.0,145.384,145.24,0.024762009574639754,-0.15723799042536024,0.182,False,Bittrex,Coinbase Pro
994,01-13-2021_22-14-59,LTC/USD,25.0,145.384,145.2,0.031640345567599856,-0.15035965443240012,0.182,False,Bittrex,Coinbase Pro
995,01-13-2021_22-15-10,LTC/USD,25.0,145.33,145.2,0.02236289823161492,-0.15963710176838508,0.182,False,Bittrex,Coinbase Pro
996,01-13-2021_22-15-21,LTC/USD,25.0,145.419,145.26,0.027334804942961415,-0.15466519505703857,0.182,False,Bittrex,Coinbase Pro
997,01-13-2021_22-15-32,LTC/USD,25.0,145.42,145.31,0.018910741301056463,-0.06608925869894354,0.085,False,Binance US,Kraken
998,01-13-2021_22-15-43,LTC/USD,25.0,145.394,145.25,0.024760306477572224,-0.10223969352242777,0.127,False,Bittrex,Kraken
999,01-13-2021_22-15-55,LTC/USD,25.0,145.394,145.23,0.02819923793279222,-0.15380076206720777,0.182,False,Bittrex,Coinbase Pro
1000,01-13-2021_22-16-06,LTC/USD,25.0,145.394,145.27,0.02132137502235223,-0.16067862497764776,0.182,False,Bittrex,Coinbase Pro
1001,01-13-2021_22-16-17,LTC/USD,25.0,145.42,145.35,0.012034108100672737,-0.17296589189932726,0.185,False,Kraken,Coinbase Pro
1002,01-13-2021_22-16-27,LTC/USD,25.0,145.491,145.38,0.019073344742976953,-0.10792665525702305,0.127,False,Bittrex,Kraken
1003,01-13-2021_22-16-37,LTC/USD,25.0,145.491,145.41,0.013918386704335194,-0.1680816132956648,0.182,False,Bittrex,Coinbase Pro
1004,01-13-2021_22-16-46,LTC/USD,25.0,145.53,145.43,0.01717858860715906,-0.13282141139284093,0.15,False,Binance US,Coinbase Pro
1005,01-13-2021_22-16-57,LTC/USD,25.0,145.675,145.45,0.03861335163892616,-0.14338664836107384,0.182,False,Bittrex,Coinbase Pro
1006,01-13-2021_22-17-08,LTC/USD,25.0,145.673,145.46,0.03655447474823644,-0.09044552525176355,0.127,False,Bittrex,Kraken
1007,01-13-2021_22-17-18,LTC/USD,25.0,146.019,145.46,0.09570672309767864,-0.031293276902321365,0.127,False,Bittrex,Kraken
1008,01-13-2021_22-17-29,LTC/USD,25.0,145.821,145.46,0.06189094849164215,-0.06510905150835786,0.127,False,Bittrex,Kraken
1009,01-13-2021_22-17-40,LTC/USD,25.0,145.821,145.6,0.037888918605688424,-0.14411108139431156,0.182,False,Bittrex,Coinbase Pro
1010,01-13-2021_22-17-50,LTC/USD,25.0,145.821,145.67,0.025887903662711556,-0.10108608633728842,0.12697398999999998,False,Bittrex,Kraken
1011,01-13-2021_22-18-02,LTC/USD,25.0,146.074,145.73,0.05887426920602272,-0.06812573079397728,0.127,False,Bittrex,Kraken
1012,01-13-2021_22-18-12,LTC/USD,25.0,146.072,145.85,0.03799496138890554,-0.024175038611094463,0.06217,False,Bittrex,Binance US
1013,01-13-2021_22-18-23,LTC/USD,25.0,146.072,145.85,0.03799496138890554,-0.024175038611094463,0.06217,False,Bittrex,Binance US
1014,01-13-2021_22-18-33,LTC/USD,25.0,146.072,145.85,0.03799496138890554,-0.024175038611094463,0.06217,False,Bittrex,Binance US
1015,01-13-2021_22-18-43,LTC/USD,25.0,146.071,145.85,0.03782407185546817,-0.024345928144531834,0.06217,False,Bittrex,Binance US
1016,01-13-2021_22-18-53,LTC/USD,25.0,146.126,145.85,0.04721952287751845,-0.014950477122481556,0.06217,False,Bittrex,Binance US
1017,01-13-2021_22-19-04,LTC/USD,25.0,146.126,145.9,0.038665261486662036,-0.023504738513337967,0.06217,False,Bittrex,Binance US
1018,01-13-2021_22-19-13,LTC/USD,25.0,146.126,145.9,0.038665261486662036,-0.023504738513337967,0.06217,False,Bittrex,Binance US
1019,01-13-2021_22-19-24,LTC/USD,25.0,146.126,145.9,0.038665261486662036,-0.023504738513337967,0.06217,False,Bittrex,Binance US
1020,01-13-2021_22-19-34,LTC/USD,25.0,146.273,145.9,0.06375065801617359,0.001580658016173589,0.06217,False,Bittrex,Binance US
1021,01-13-2021_22-19-44,LTC/USD,25.0,146.272,145.95,0.055034456355283784,-0.07196554364471622,0.127,False,Bittrex,Kraken
1022,01-13-2021_22-19-55,LTC/USD,25.0,146.27,145.95,0.05469337526492473,-0.07230662473507526,0.127,False,Bittrex,Kraken
1023,01-13-2021_22-20-06,LTC/USD,25.0,146.264,145.95,0.05367007602691389,-0.0733299239730861,0.127,False,Bittrex,Kraken
1024,01-13-2021_22-20-16,LTC/USD,25.0,146.208,145.93,0.04753501860363175,-0.07946498139636826,0.127,False,Bittrex,Kraken
1025,01-13-2021_22-20-28,LTC/USD,25.0,146.062,145.88,0.031151154988980082,-0.15084884501101992,0.182,False,Bittrex,Coinbase Pro
1026,01-13-2021_22-20-39,LTC/USD,25.0,146.03,145.89,0.0239676778744119,-0.1260323221255881,0.15,False,Binance US,Coinbase Pro
1027,01-13-2021_22-20-49,LTC/USD,25.0,145.991,145.87,0.020720455370538134,-0.16127954462946187,0.182,False,Bittrex,Coinbase Pro
1028,01-13-2021_22-21-00,LTC/USD,25.0,145.989,145.84,0.02551562103994152,-0.15648437896005848,0.182,False,Bittrex,Coinbase Pro
1029,01-13-2021_22-21-10,LTC/USD,25.0,145.987,145.85,0.02346099310212561,-0.03870900689787439,0.06217,False,Bittrex,Binance US
1030,01-13-2021_22-21-21,LTC/USD,25.0,145.913,145.85,0.01079410333555211,-0.17120589666444788,0.182,False,Bittrex,Coinbase Pro
1031,01-13-2021_22-21-32,LTC/USD,25.0,145.913,145.82,0.015934152542956718,-0.11106584745704329,0.127,False,Bittrex,Kraken
1032,01-13-2021_22-21-44,LTC/USD,25.0,145.899,145.82,0.013536761732432663,-0.16846323826756734,0.182,False,Bittrex,Coinbase Pro
1033,01-13-2021_22-21-55,LTC/USD,25.0,145.897,145.81,0.01490777740460549,-0.11209222259539452,0.127,False,Bittrex,Kraken
1034,01-13-2021_22-22-06,LTC/USD,25.0,145.897,145.86,0.006340089241036093,-0.12065991075896391,0.127,False,Bittrex,Kraken
1035,01-13-2021_22-22-17,LTC/USD,25.0,145.97,145.86,0.018839487565935675,-0.06616051243406433,0.085,False,Binance US,Kraken
1036,01-13-2021_22-22-27,LTC/USD,25.0,145.93,145.86,0.011992050983347012,-0.08300794901665298,0.095,False,Binance US,Kraken
1037,01-13-2021_22-22-37,LTC/USD,25.0,145.93,145.86,0.011992050983347012,-0.17300794901665298,0.185,False,Coinbase Pro,Kraken
1038,01-13-2021_22-22-48,LTC/USD,25.0,145.97,145.86,0.018839487565935675,-0.06616051243406433,0.085,False,Binance US,Kraken
1039,01-13-2021_22-22-58,LTC/USD,25.0,145.97,145.86,0.018839487565935675,-0.06616051243406433,0.085,False,Binance US,Kraken
1040,01-13-2021_22-23-09,LTC/USD,25.0,145.97,145.85,0.02055216825375155,-0.06144783174624845,0.082,False,Binance US,Bittrex
1041,01-13-2021_22-23-19,LTC/USD,25.0,145.97,145.85,0.02055216825375155,-0.06144783174624845,0.082,False,Binance US,Bittrex
1042,01-13-2021_22-23-29,LTC/USD,25.0,145.89,145.82,0.011995338954005275,-0.08300466104599473,0.095,False,Binance US,Kraken
1043,01-13-2021_22-23-40,LTC/USD,25.0,145.89,145.79,0.017136198505722518,-0.07786380149427749,0.095,False,Binance US,Kraken
1044,01-13-2021_22-23-51,LTC/USD,25.0,145.89,145.8,0.015422578655146856,-0.07657742134485314,0.092,False,Binance US,Bittrex
1045,01-13-2021_22-24-02,LTC/USD,25.0,145.89,145.78,0.018849818356293308,-0.0761501816437067,0.095,False,Binance US,Kraken
1046,01-13-2021_22-24-12,LTC/USD,25.0,145.95,145.8,0.02569373072969806,-0.15630626927030195,0.182,False,Coinbase Pro,Bittrex
1047,01-13-2021_22-24-23,LTC/USD,25.0,145.98,145.8,0.030826140567197288,-0.1511738594328027,0.182,False,Coinbase Pro,Bittrex
