,Date,Symbol,Investment,High,Low,Adjusted Spread,Adj. Spread after fees,Fees,Profitable,Sell exchange,Buy exchange
0,01-13-2021_19-15-10,XLM/USD,25.0,0.29742894,0.296789,0.05378931855117646,-0.12871068144882353,0.1825,False,Bittrex,Coinbase Pro
1,01-13-2021_19-15-19,XLM/USD,25.0,0.2974289,0.296868,0.04714572121269783,-0.13535427878730216,0.1825,False,Bittrex,Coinbase Pro
2,01-13-2021_19-15-30,XLM/USD,25.0,0.29742888,0.296831,0.05025403047612551,-0.1322459695238745,0.1825,False,Bittrex,Coinbase Pro
3,01-13-2021_19-15-41,XLM/USD,25.0,0.29742887,0.296661,0.0645423223374385,-0.11795767766256149,0.1825,False,Bittrex,Coinbase Pro
4,01-13-2021_19-15-52,XLM/USD,25.0,0.29742873,0.296336,0.09184805381779917,-0.09065194618220082,0.1825,False,Bittrex,Coinbase Pro
5,01-13-2021_19-16-03,XLM/USD,25.0,0.29742862,0.296365,0.0894012822303371,-0.0930987177696629,0.1825,False,Bittrex,Coinbase Pro
6,01-13-2021_19-16-14,XLM/USD,25.0,0.29742821,0.296423,0.08449181736998265,-0.09800817263001735,0.18249999,False,Bittrex,Coinbase Pro
7,01-13-2021_19-16-24,XLM/USD,25.0,0.2974282,0.296387,0.08751692004994521,-0.09498307995005478,0.1825,False,Bittrex,Coinbase Pro
8,01-13-2021_19-16-34,XLM/USD,25.0,0.2974282,0.296224,0.10121770565131255,-0.08128229434868744,0.1825,False,Bittrex,Coinbase Pro
9,01-13-2021_19-16-46,XLM/USD,25.0,0.2974281,0.295775,0.1389495478066769,-0.0435504521933231,0.1825,False,Bittrex,Coinbase Pro
10,01-13-2021_19-16-58,XLM/USD,25.0,0.29742777,0.294714,0.22810328033592864,0.04560328033592864,0.1825,True,Bittrex,Coinbase Pro
11,01-13-2021_19-17-10,XLM/USD,25.0,0.29710219,0.293765,0.2808116291569569,0.1533116391569569,0.12749999,True,Bittrex,Kraken
12,01-13-2021_19-17-21,XLM/USD,25.0,0.29710168,0.29409,0.2534216568549832,0.12592166685498318,0.12749999,True,Bittrex,Kraken
13,01-13-2021_19-17-32,XLM/USD,25.0,0.29710137,0.294701,0.20198240755335337,0.01948240755335337,0.1825,True,Bittrex,Coinbase Pro
14,01-13-2021_19-17-42,XLM/USD,25.0,0.29710112,0.294864,0.18824567204593348,0.005745682045933481,0.18249999,False,Bittrex,Coinbase Pro
15,01-13-2021_19-17-54,XLM/USD,25.0,0.29710072,0.294629,0.20798670565322183,0.025486705653221836,0.1825,True,Bittrex,Coinbase Pro
16,01-13-2021_19-18-06,XLM/USD,25.0,0.29710024,0.294147,0.24850535294081413,0.06600535294081414,0.1825,True,Bittrex,Coinbase Pro
17,01-13-2021_19-18-17,XLM/USD,25.0,0.29709988,0.294376,0.22920574723893833,0.10170574723893833,0.1275,True,Bittrex,Kraken
18,01-13-2021_19-18-28,XLM/USD,25.0,0.29709942,0.294651,0.20602699258046403,0.023526992580464035,0.1825,True,Bittrex,Coinbase Pro
19,01-13-2021_19-18-39,XLM/USD,25.0,0.29709899,0.294175,0.24604509762890706,0.06354509762890706,0.1825,True,Bittrex,Coinbase Pro
20,01-13-2021_19-18-50,XLM/USD,25.0,0.29699105,0.294533,0.2069128009076359,0.024412800907635895,0.1825,True,Bittrex,Coinbase Pro
21,01-13-2021_19-19-00,XLM/USD,25.0,0.29699058,0.294388,0.21907933914941183,0.03657933914941183,0.1825,True,Bittrex,Coinbase Pro
22,01-13-2021_19-19-13,XLM/USD,25.0,0.29698994,0.294548,0.20555746770412756,0.07805746770412755,0.1275,True,Bittrex,Kraken
23,01-13-2021_19-19-24,XLM/USD,25.0,0.29698941,0.294485,0.21081643954914187,0.02831643954914187,0.1825,True,Bittrex,Coinbase Pro
24,01-13-2021_19-19-35,XLM/USD,25.0,0.2969887,0.294548,0.20545394488073268,0.07795394488073268,0.1275,True,Bittrex,Kraken
25,01-13-2021_19-19-46,XLM/USD,25.0,0.29698844,0.294658,0.19617261870529745,0.013672618705297457,0.1825,True,Bittrex,Coinbase Pro
26,01-13-2021_19-19-57,XLM/USD,25.0,0.29698832,0.294659,0.1960784181680923,0.013578418168092299,0.1825,True,Bittrex,Coinbase Pro
27,01-13-2021_19-20-09,XLM/USD,25.0,0.2969881,0.294659,0.19606004415664913,0.013560044156649131,0.1825,True,Bittrex,Coinbase Pro
28,01-13-2021_19-20-21,XLM/USD,25.0,0.29698773,0.295228,0.14813154065321277,-0.03436845934678723,0.1825,False,Bittrex,Coinbase Pro
29,01-13-2021_19-20-32,XLM/USD,25.0,0.29698756,0.295285,0.14331913430986506,-0.03918086569013493,0.1825,False,Bittrex,Coinbase Pro
30,01-13-2021_19-20-44,XLM/USD,25.0,0.29698722,0.2956,0.11677438510653947,-0.06572561489346053,0.1825,False,Bittrex,Coinbase Pro
31,01-13-2021_19-20-54,XLM/USD,25.0,0.29698712,0.295711,0.10742216699498548,-0.07507783300501451,0.1825,False,Bittrex,Coinbase Pro
32,01-13-2021_19-21-03,XLM/USD,25.0,0.2969871,0.295476,0.12720249465380715,-0.06529750534619286,0.1925,False,Bittrex,Coinbase Pro
33,01-13-2021_19-21-14,XLM/USD,25.0,0.29698699,0.29563,0.11422975127631031,-0.07827024872368969,0.1925,False,Bittrex,Coinbase Pro
34,01-13-2021_19-21-24,XLM/USD,25.0,0.29698699,0.295931,0.0888919410240838,-0.09360805897591619,0.1825,False,Bittrex,Coinbase Pro
35,01-13-2021_19-21-35,XLM/USD,25.0,0.29698695,0.295852,0.09553870969751561,-0.08696129030248438,0.1825,False,Bittrex,Coinbase Pro
36,01-13-2021_19-21-46,XLM/USD,25.0,0.29698684,0.295786,0.10108528714605511,-0.08141471285394489,0.1825,False,Bittrex,Coinbase Pro
37,01-13-2021_19-21-57,XLM/USD,25.0,0.29698684,0.295931,0.08887935909887243,-0.09362064090112757,0.1825,False,Bittrex,Coinbase Pro
38,01-13-2021_19-22-07,XLM/USD,25.0,0.29698654,0.295853,0.0954201493441457,-0.0870798506558543,0.1825,False,Bittrex,Coinbase Pro
39,01-13-2021_19-22-18,XLM/USD,25.0,0.29698642,0.295828,0.09751455975663748,-0.029985440243362527,0.1275,False,Bittrex,Kraken
40,01-13-2021_19-22-28,XLM/USD,25.0,0.29698602,0.29593,0.08889475672962575,-0.09360524327037424,0.1825,False,Bittrex,Coinbase Pro
41,01-13-2021_19-22-37,XLM/USD,25.0,0.29698581,0.29562,0.11497266485560563,-0.06752733514439437,0.1825,False,Bittrex,Coinbase Pro
42,01-13-2021_19-22-47,XLM/USD,25.0,0.2969855,0.29577,0.10231981022642822,-0.08018018977357178,0.1825,False,Bittrex,Coinbase Pro
43,01-13-2021_19-22-57,XLM/USD,25.0,0.2969851,0.295877,0.09327909043248304,-0.08922090956751695,0.1825,False,Bittrex,Coinbase Pro
44,01-13-2021_19-23-06,XLM/USD,25.0,0.29698471,0.295879,0.09307802411780577,-0.08942197588219422,0.1825,False,Bittrex,Coinbase Pro
45,01-13-2021_19-23-16,XLM/USD,25.0,0.2969845,0.295952,0.08691531039498626,-0.09558468960501373,0.1825,False,Bittrex,Coinbase Pro
46,01-13-2021_19-23-26,XLM/USD,25.0,0.2969843,0.296373,0.05145894917677309,-0.07604104082322691,0.12749999,False,Bittrex,Kraken
47,01-13-2021_19-23-36,XLM/USD,25.0,0.2969841,0.296265,0.06053354371496425,-0.12196645628503575,0.1825,False,Bittrex,Coinbase Pro
48,01-13-2021_19-23-44,XLM/USD,25.0,0.2969841,0.296265,0.06053354371496425,-0.12196645628503575,0.1825,False,Bittrex,Coinbase Pro
49,01-13-2021_19-23-54,XLM/USD,25.0,0.29698399,0.296309,0.05682040301229593,-0.12567959698770406,0.1825,False,Bittrex,Coinbase Pro
50,01-13-2021_19-24-05,XLM/USD,25.0,0.29698389,0.296373,0.05142450656161645,-0.07607548343838355,0.12749999,False,Bittrex,Kraken
51,01-13-2021_19-24-16,XLM/USD,25.0,0.29698389,0.296373,0.05142450656161645,-0.07607548343838355,0.12749999,False,Bittrex,Kraken
52,01-13-2021_19-24-25,XLM/USD,25.0,0.29698389,0.296373,0.05142450656161645,-0.07607548343838355,0.12749999,False,Bittrex,Kraken
53,01-13-2021_19-24-35,XLM/USD,25.0,0.29698389,0.296548,0.03669306776202527,-0.14580693223797472,0.1825,False,Bittrex,Coinbase Pro
54,01-13-2021_19-24-44,XLM/USD,25.0,0.29698389,0.296418,0.047636422298862564,-0.13486357770113744,0.1825,False,Bittrex,Coinbase Pro
55,01-13-2021_19-24-53,XLM/USD,25.0,0.2969838,0.296377,0.051080227271657445,-0.07641977272834255,0.1275,False,Bittrex,Kraken
56,01-13-2021_19-25-04,XLM/USD,25.0,0.29698378,0.296545,0.03693636063221803,-0.09056363936778197,0.1275,False,Bittrex,Kraken
57,01-13-2021_19-25-14,XLM/USD,25.0,0.29698378,0.296655,0.02767659567131688,-0.1548234043286831,0.1825,False,Bittrex,Coinbase Pro
58,01-13-2021_19-25-23,XLM/USD,25.0,0.29698378,0.2969,0.007052573712946357,-0.15544742628705366,0.1625,False,Bittrex,Binance US
59,01-13-2021_19-25-33,XLM/USD,25.0,0.29698378,0.296676,0.02590882236059994,-0.10159116763940007,0.12749999,False,Bittrex,Kraken
60,01-13-2021_19-25-43,XLM/USD,25.0,0.29698378,0.296747,0.01993206497674654,-0.16256793502325345,0.1825,False,Bittrex,Coinbase Pro
61,01-13-2021_19-25-52,XLM/USD,25.0,0.29698358,0.296497,0.04096017699025769,-0.1415398230097423,0.1825,False,Bittrex,Coinbase Pro
62,01-13-2021_19-26-03,XLM/USD,25.0,0.29698346,0.296289,0.05845948457869946,-0.12404051542130054,0.1825,False,Bittrex,Coinbase Pro
63,01-13-2021_19-26-13,XLM/USD,25.0,0.29698325,0.296328,0.05515883471542555,-0.12734116528457445,0.1825,False,Bittrex,Coinbase Pro
64,01-13-2021_19-26-23,XLM/USD,25.0,0.29698305,0.2961,0.07433505043470089,-0.08816494956529912,0.1625,False,Bittrex,Binance US
65,01-13-2021_19-26-34,XLM/USD,25.0,0.29698284,0.296308,0.05680799604448609,-0.07069199395551393,0.12749999,False,Bittrex,Kraken
66,01-13-2021_19-26-44,XLM/USD,25.0,0.29698273,0.296397,0.0493067391494407,-0.0781932608505593,0.1275,False,Bittrex,Kraken
67,01-13-2021_19-26-53,XLM/USD,25.0,0.29698262,0.296299,0.057547138617067554,-0.06995285138293245,0.12749999,False,Bittrex,Kraken
68,01-13-2021_19-27-03,XLM/USD,25.0,0.29698251,0.296299,0.05753790012751915,-0.06996208987248086,0.12749999,False,Bittrex,Kraken
69,01-13-2021_19-27-13,XLM/USD,25.0,0.29698231,0.296212,0.0648447713939638,-0.0626552286060362,0.1275,False,Bittrex,Kraken
70,01-13-2021_19-27-22,XLM/USD,25.0,0.29698211,0.296188,0.06684830274793442,-0.11565169725206557,0.1825,False,Bittrex,Coinbase Pro
71,01-13-2021_19-27-33,XLM/USD,25.0,0.2969819,0.296152,0.0698611598888682,-0.1126388401111318,0.1825,False,Bittrex,Coinbase Pro
72,01-13-2021_19-27-43,XLM/USD,25.0,0.29698199,0.296498,0.04074236959621607,-0.14175763040378392,0.1825,False,Bittrex,Coinbase Pro
73,01-13-2021_19-27-54,XLM/USD,25.0,0.29698186,0.2965,0.040563083549951556,-0.14193691645004844,0.1825,False,Bittrex,Coinbase Pro
74,01-13-2021_19-28-06,XLM/USD,25.0,0.29698186,0.2965,0.040563083549951556,-0.14193691645004844,0.1825,False,Bittrex,Coinbase Pro
75,01-13-2021_19-28-15,XLM/USD,25.0,0.297089,0.29661,0.04030778655554457,-0.14469221344445543,0.185,False,Coinbase Pro,Kraken
76,01-13-2021_19-28-26,XLM/USD,25.0,0.297293,0.296614,0.05709855260635007,-0.12790144739364992,0.185,False,Coinbase Pro,Kraken
77,01-13-2021_19-28-36,XLM/USD,25.0,0.2971,0.29676,0.028609895658023517,-0.061390104341976476,0.09,False,Binance US,Kraken
78,01-13-2021_19-28-46,XLM/USD,25.0,0.2971,0.296891,0.017586671154490006,-0.12741332884551,0.145,False,Binance US,Coinbase Pro
79,01-13-2021_19-28-56,XLM/USD,25.0,0.29698853,0.296518,0.039608432015873565,-0.15289156798412645,0.1925,False,Bittrex,Coinbase Pro
80,01-13-2021_19-29-09,XLM/USD,25.0,0.29698853,0.2965,0.041123642047723785,-0.12137635795227622,0.1625,False,Bittrex,Binance US
81,01-13-2021_19-29-20,XLM/USD,25.0,0.29698853,0.2965,0.041123642047723785,-0.12137635795227622,0.1625,False,Bittrex,Binance US
82,01-13-2021_19-29-32,XLM/USD,25.0,0.29698852,0.296663,0.027401732565283,-0.10009824743471699,0.12749997999999998,False,Bittrex,Kraken
83,01-13-2021_19-30-04,XLM/USD,25.0,0.29698845,0.2966,0.032699083078823445,-0.12980091692117657,0.1625,False,Bittrex,Binance US
84,01-13-2021_19-30-14,XLM/USD,25.0,0.29698833,0.296186,0.06753884908541842,-0.11496115091458158,0.1825,False,Bittrex,Coinbase Pro
85,01-13-2021_19-30-24,XLM/USD,25.0,0.2969881,0.2962,0.06634104194746847,-0.09615895805253154,0.1625,False,Bittrex,Binance US
86,01-13-2021_19-30-35,XLM/USD,25.0,0.29698798,0.295976,0.08518694931693599,-0.097313050683064,0.1825,False,Bittrex,Coinbase Pro
87,01-13-2021_19-30-47,XLM/USD,25.0,0.29698768,0.296,0.08314149597047182,-0.07935850402952818,0.1625,False,Bittrex,Binance US
88,01-13-2021_19-30-58,XLM/USD,25.0,0.29698738,0.295182,0.15197447110379092,-0.03052551889620908,0.18249999,False,Bittrex,Coinbase Pro
89,01-13-2021_19-31-09,XLM/USD,25.0,0.29698717,0.295209,0.14968407557808164,0.022184075578081636,0.1275,True,Bittrex,Kraken
90,01-13-2021_19-31-21,XLM/USD,25.0,0.29698695,0.295238,0.1472244824225464,-0.03527551757745359,0.1825,False,Bittrex,Coinbase Pro
91,01-13-2021_19-31-32,XLM/USD,25.0,0.29698674,0.295064,0.16185402755692338,-0.020645972443076616,0.1825,False,Bittrex,Coinbase Pro
92,01-13-2021_19-31-45,XLM/USD,25.0,0.29698639,0.295237,0.14726179876457993,0.01976180876457992,0.12749999,True,Bittrex,Kraken
93,01-13-2021_19-31-56,XLM/USD,25.0,0.29698596,0.295327,0.13964969926524365,0.012149699265243646,0.1275,True,Bittrex,Kraken
94,01-13-2021_19-32-08,XLM/USD,25.0,0.29698554,0.295185,0.15156798543121133,-0.030932014568788663,0.1825,False,Bittrex,Coinbase Pro
95,01-13-2021_19-32-19,XLM/USD,25.0,0.29698536,0.295178,0.15214217966838334,-0.03035782033161666,0.1825,False,Bittrex,Coinbase Pro
96,01-13-2021_19-32-31,XLM/USD,25.0,0.29698515,0.295177,0.152208788890619,-0.030291201109380994,0.18249999,False,Bittrex,Coinbase Pro
97,01-13-2021_19-32-42,XLM/USD,25.0,0.29698435,0.295441,0.12991846203343702,-0.05258153796656298,0.1825,False,Bittrex,Coinbase Pro
98,01-13-2021_19-32-53,XLM/USD,25.0,0.29698415,0.29565,0.11230818210331918,-0.015191817896680823,0.1275,False,Bittrex,Kraken
99,01-13-2021_19-33-05,XLM/USD,25.0,0.29698395,0.29565,0.11229142180915608,-0.015208578190843924,0.1275,False,Bittrex,Kraken
100,01-13-2021_19-33-16,XLM/USD,25.0,0.29698375,0.295692,0.10873911451383961,-0.07376088548616039,0.1825,False,Bittrex,Coinbase Pro
101,01-13-2021_19-33-26,XLM/USD,25.0,0.29698362,0.295692,0.10872821874822536,-0.07377178125177464,0.1825,False,Bittrex,Coinbase Pro
102,01-13-2021_19-33-37,XLM/USD,25.0,0.29698342,0.29569,0.1088798155802763,-0.07362018441972369,0.1825,False,Bittrex,Coinbase Pro
103,01-13-2021_19-33-48,XLM/USD,25.0,0.29698318,0.295692,0.1086913407015174,-0.0738086592984826,0.1825,False,Bittrex,Coinbase Pro
104,01-13-2021_19-33-58,XLM/USD,25.0,0.29698277,0.295687,0.10907787680746844,-0.07342212319253155,0.1825,False,Bittrex,Coinbase Pro
105,01-13-2021_19-34-09,XLM/USD,25.0,0.29698235,0.295691,0.10870595508453823,-0.07379404491546177,0.1825,False,Bittrex,Coinbase Pro
106,01-13-2021_19-34-19,XLM/USD,25.0,0.29698205,0.295692,0.1085966306717853,-0.0739033693282147,0.1825,False,Bittrex,Coinbase Pro
107,01-13-2021_19-34-28,XLM/USD,25.0,0.29698193,0.295691,0.10867075313302929,-0.0738292468669707,0.1825,False,Bittrex,Coinbase Pro
108,01-13-2021_19-34-39,XLM/USD,25.0,0.29698143,0.295692,0.10854466557050221,-0.07395533442949778,0.1825,False,Bittrex,Coinbase Pro
109,01-13-2021_19-34-50,XLM/USD,25.0,0.29698103,0.295821,0.09765186012049143,-0.029848139879508573,0.1275,False,Bittrex,Kraken
110,01-13-2021_19-35-01,XLM/USD,25.0,0.29698044,0.29594,0.08758489279630936,-0.03991510720369064,0.1275,False,Bittrex,Kraken
111,01-13-2021_19-35-12,XLM/USD,25.0,0.29698023,0.295773,0.10162545163359894,-0.02587454836640106,0.1275,False,Bittrex,Kraken
112,01-13-2021_19-35-23,XLM/USD,25.0,0.29697962,0.295676,0.10973985352934364,-0.07276013647065636,0.18249999,False,Bittrex,Coinbase Pro
113,01-13-2021_19-35-33,XLM/USD,25.0,0.29697931,0.29585,0.09506638694796571,-0.032433613052034294,0.1275,False,Bittrex,Kraken
114,01-13-2021_19-35-43,XLM/USD,25.0,0.29697901,0.295758,0.10278588375656304,-0.07971411624343695,0.1825,False,Bittrex,Coinbase Pro
115,01-13-2021_19-35-53,XLM/USD,25.0,0.29697881,0.295758,0.10276911675953927,-0.07973088324046072,0.1825,False,Bittrex,Coinbase Pro
116,01-13-2021_19-36-03,XLM/USD,25.0,0.2969786,0.2958,0.09921590309873964,-0.028284096901260367,0.1275,False,Bittrex,Kraken
117,01-13-2021_19-36-14,XLM/USD,25.0,0.29697849,0.2958,0.09920667991812948,-0.02829332008187052,0.1275,False,Bittrex,Kraken
118,01-13-2021_19-36-24,XLM/USD,25.0,0.29697808,0.2958,0.09917230254838762,-0.028327697451612385,0.1275,False,Bittrex,Kraken
119,01-13-2021_19-36-35,XLM/USD,25.0,0.29697769,0.2958,0.09913960203542638,-0.028360397964573625,0.1275,False,Bittrex,Kraken
120,01-13-2021_19-36-45,XLM/USD,25.0,0.29697746,0.295278,0.14306304592948244,-0.03943695407051756,0.1825,False,Bittrex,Coinbase Pro
121,01-13-2021_19-36-54,XLM/USD,25.0,0.29697716,0.295048,0.1623996943064612,0.0348996943064612,0.1275,True,Bittrex,Kraken
122,01-13-2021_19-37-05,XLM/USD,25.0,0.29697716,0.295771,0.10153642791923895,-0.025963572080761055,0.1275,False,Bittrex,Kraken
123,01-13-2021_19-37-15,XLM/USD,25.0,0.2959,0.29386362,0.1720496789455901,0.0845496789455901,0.0875,True,Binance US,Bittrex
124,01-13-2021_19-37-26,XLM/USD,25.0,0.2961,0.29386362,0.1888196555217817,0.10131965552178171,0.0875,True,Binance US,Bittrex
125,01-13-2021_19-37-38,XLM/USD,25.0,0.29697712,0.295433,0.12998644474698778,-0.05251355525301221,0.1825,False,Bittrex,Coinbase Pro
126,01-13-2021_19-37-49,XLM/USD,25.0,0.2969771,0.295768,0.10178394226356328,-0.08071604773643672,0.18249999,False,Bittrex,Coinbase Pro
127,01-13-2021_19-38-00,XLM/USD,25.0,0.29697708,0.295203,0.149344858532518,-0.033155141467482,0.1825,False,Bittrex,Coinbase Pro
128,01-13-2021_19-38-11,XLM/USD,25.0,0.29697697,0.2954,0.13275187634920063,-0.029748123650799374,0.1625,False,Bittrex,Binance US
129,01-13-2021_19-38-21,XLM/USD,25.0,0.2969769,0.29539,0.13358783124209342,-0.04891215875790658,0.18249999,False,Bittrex,Coinbase Pro
130,01-13-2021_19-38-32,XLM/USD,25.0,0.2969768,0.295799,0.09914915912623533,-0.02835083087376468,0.12749999,False,Bittrex,Kraken
131,01-13-2021_19-38-43,XLM/USD,25.0,0.29697675,0.295932,0.08794880407304938,-0.039551195926950625,0.1275,False,Bittrex,Kraken
132,01-13-2021_19-38-53,XLM/USD,25.0,0.29697673,0.295924,0.0886205798009832,-0.0388794201990168,0.1275,False,Bittrex,Kraken
133,01-13-2021_19-39-05,XLM/USD,25.0,0.29697659,0.29594,0.08726192862541825,-0.040238071374581755,0.1275,False,Bittrex,Kraken
134,01-13-2021_19-39-15,XLM/USD,25.0,0.29697637,0.29594,0.087243473277016,-0.04025652672298401,0.1275,False,Bittrex,Kraken
135,01-13-2021_19-39-25,XLM/USD,25.0,0.29697613,0.296444,0.04479568778810771,-0.08270431221189228,0.1275,False,Bittrex,Kraken
136,01-13-2021_19-39-36,XLM/USD,25.0,0.29697606,0.296209,0.06457254500581512,-0.1279274549941849,0.1925,False,Bittrex,Coinbase Pro
137,01-13-2021_19-39-47,XLM/USD,25.0,0.29697591,0.296205,0.06489667798307391,-0.06260332201692609,0.1275,False,Bittrex,Kraken
138,01-13-2021_19-39-58,XLM/USD,25.0,0.29697557,0.296262,0.06006975590618419,-0.06743024409381582,0.1275,False,Bittrex,Kraken
139,01-13-2021_19-40-08,XLM/USD,25.0,0.29697545,0.296062,0.07689608686509124,-0.050603913134908765,0.1275,False,Bittrex,Kraken
140,01-13-2021_19-40-18,XLM/USD,25.0,0.29697531,0.296579,0.033362201053011006,-0.14913779894698898,0.1825,False,Bittrex,Coinbase Pro
141,01-13-2021_19-40-28,XLM/USD,25.0,0.29697519,0.296663,0.026280814905783035,-0.10121917509421698,0.12749999,False,Bittrex,Kraken
142,01-13-2021_19-40-39,XLM/USD,25.0,0.29697509,0.2968,0.014739451716302945,-0.14776053828369706,0.16249999,False,Bittrex,Binance US
143,01-13-2021_19-40-49,XLM/USD,25.0,0.29697489,0.296663,0.02625558679388528,-0.10124440320611472,0.12749999,False,Bittrex,Kraken
144,01-13-2021_19-41-00,XLM/USD,25.0,0.2972,0.296807,0.0330585464333809,-0.056941453566619095,0.09,False,Binance US,Kraken
145,01-13-2021_19-41-10,XLM/USD,25.0,0.29698855,0.296546,0.037253119690981475,-0.14524688030901853,0.1825,False,Bittrex,Coinbase Pro
146,01-13-2021_19-41-20,XLM/USD,25.0,0.29698842,0.296643,0.02907689128081031,-0.09842310871918969,0.1275,False,Bittrex,Kraken
147,01-13-2021_19-41-31,XLM/USD,25.0,0.2971,0.296643,0.03845506563446527,-0.05154493436553473,0.09,False,Binance US,Kraken
148,01-13-2021_19-41-42,XLM/USD,25.0,0.2973,0.296812,0.04103599058190283,-0.04896399941809717,0.08999999,False,Binance US,Kraken
149,01-13-2021_19-41-53,XLM/USD,25.0,0.2975,0.29698856,0.04297815126050203,-0.044521848739497966,0.0875,False,Binance US,Bittrex
150,01-13-2021_19-42-03,XLM/USD,25.0,0.2975,0.29698856,0.04297815126050203,-0.044521848739497966,0.0875,False,Binance US,Bittrex
151,01-13-2021_19-42-12,XLM/USD,25.0,0.2976,0.29698856,0.051364247311824866,-0.03613575268817513,0.0875,False,Binance US,Bittrex
152,01-13-2021_19-42-22,XLM/USD,25.0,0.2975,0.29698856,0.04297815126050203,-0.044521848739497966,0.0875,False,Binance US,Bittrex
153,01-13-2021_19-42-33,XLM/USD,25.0,0.2976,0.29698856,0.051364247311824866,-0.03613575268817513,0.0875,False,Binance US,Bittrex
154,01-13-2021_19-42-43,XLM/USD,25.0,0.2976,0.29698856,0.051364247311824866,-0.03613575268817513,0.0875,False,Binance US,Bittrex
155,01-13-2021_19-42-54,XLM/USD,25.0,0.2976,0.29698856,0.051364247311824866,-0.03613575268817513,0.0875,False,Binance US,Bittrex
156,01-13-2021_19-43-06,XLM/USD,25.0,0.2976,0.29698856,0.051364247311824866,-0.03613575268817513,0.0875,False,Binance US,Bittrex
157,01-13-2021_19-43-16,XLM/USD,25.0,0.2974,0.29698856,0.034586415601881734,-0.05291358439811826,0.0875,False,Binance US,Bittrex
158,01-13-2021_19-43-26,XLM/USD,25.0,0.29722,0.29698846,0.019475472713812544,-0.10802452728618746,0.1275,False,Kraken,Bittrex
159,01-13-2021_19-43-36,XLM/USD,25.0,0.2971,0.29698,0.010097610232241122,-0.07990238976775887,0.09,False,Binance US,Kraken
160,01-13-2021_19-43-46,XLM/USD,25.0,0.297,0.296948,0.004377104377104082,-0.1406228956228959,0.145,False,Binance US,Coinbase Pro
161,01-13-2021_19-43-56,XLM/USD,25.0,0.2972,0.29694,0.021870794078065105,-0.06812920592193489,0.09,False,Binance US,Kraken
162,01-13-2021_19-44-07,XLM/USD,25.0,0.297104,0.29698856,0.009713770262262262,-0.17278622973773775,0.1825,False,Coinbase Pro,Bittrex
163,01-13-2021_19-44-18,XLM/USD,25.0,0.2973,0.29698856,0.02618903464513927,-0.061310965354860726,0.0875,False,Binance US,Bittrex
164,01-13-2021_19-44-30,XLM/USD,25.0,0.2973,0.29698856,0.02618903464513927,-0.061310965354860726,0.0875,False,Binance US,Bittrex
165,01-13-2021_19-44-39,XLM/USD,25.0,0.2972,0.29698855,0.017786843876177818,-0.06971315612382217,0.0875,False,Binance US,Bittrex
166,01-13-2021_19-44-50,XLM/USD,25.0,0.2973,0.296883,0.0350655903128154,-0.1099344096871846,0.145,False,Binance US,Coinbase Pro
167,01-13-2021_19-45-01,XLM/USD,25.0,0.2971,0.296893,0.01741837765061909,-0.1275816223493809,0.145,False,Binance US,Coinbase Pro
168,01-13-2021_19-45-13,XLM/USD,25.0,0.2973,0.29698856,0.02618903464513927,-0.061310965354860726,0.0875,False,Binance US,Bittrex
169,01-13-2021_19-45-23,XLM/USD,25.0,0.2975,0.29698856,0.04297815126050203,-0.044521848739497966,0.0875,False,Binance US,Bittrex
170,01-13-2021_19-45-33,XLM/USD,25.0,0.2973,0.29698856,0.02618903464513927,-0.061310965354860726,0.0875,False,Binance US,Bittrex
171,01-13-2021_19-45-44,XLM/USD,25.0,0.2974,0.29698856,0.034586415601881734,-0.05291358439811826,0.0875,False,Binance US,Bittrex
172,01-13-2021_19-45-55,XLM/USD,25.0,0.2974,0.29698856,0.034586415601881734,-0.05291358439811826,0.0875,False,Binance US,Bittrex
173,01-13-2021_19-46-05,XLM/USD,25.0,0.2974,0.29698856,0.034586415601881734,-0.05291358439811826,0.0875,False,Binance US,Bittrex
174,01-13-2021_19-46-27,XLM/USD,25.0,0.2974,0.29694,0.03866845998655144,-0.05133154001344856,0.09,False,Binance US,Kraken
175,01-13-2021_19-46-37,XLM/USD,25.0,0.2972,0.29698856,0.01778600269179064,-0.06971399730820935,0.0875,False,Binance US,Bittrex
176,01-13-2021_19-46-48,XLM/USD,25.0,0.29698856,0.2966,0.03270833058351118,-0.12979166941648884,0.1625,False,Bittrex,Binance US
177,01-13-2021_19-47-00,XLM/USD,25.0,0.2975,0.296904,0.05008403361344416,-0.039915956386555845,0.08999999,False,Binance US,Kraken
178,01-13-2021_19-47-11,XLM/USD,25.0,0.2974,0.29698856,0.034586415601881734,-0.05291358439811826,0.0875,False,Binance US,Bittrex
179,01-13-2021_19-47-20,XLM/USD,25.0,0.2974,0.29698856,0.034586415601881734,-0.05291358439811826,0.0875,False,Binance US,Bittrex
180,01-13-2021_19-47-30,XLM/USD,25.0,0.2974,0.29698856,0.034586415601881734,-0.05291358439811826,0.0875,False,Binance US,Bittrex
181,01-13-2021_19-47-40,XLM/USD,25.0,0.2975,0.29698856,0.04297815126050203,-0.044521848739497966,0.0875,False,Binance US,Bittrex
182,01-13-2021_19-47-50,XLM/USD,25.0,0.2975,0.29698856,0.04297815126050203,-0.044521848739497966,0.0875,False,Binance US,Bittrex
183,01-13-2021_19-48-01,XLM/USD,25.0,0.297225,0.29698856,0.019887290772983804,-0.17261270922701621,0.1925,False,Coinbase Pro,Bittrex
184,01-13-2021_19-48-11,XLM/USD,25.0,0.297205,0.296952,0.02128160697161919,-0.17371839302838082,0.195,False,Coinbase Pro,Kraken
185,01-13-2021_19-48-21,XLM/USD,25.0,0.297038,0.296952,0.007238131148205825,-0.17776186885179418,0.185,False,Coinbase Pro,Kraken
186,01-13-2021_19-48-32,XLM/USD,25.0,0.2972,0.296952,0.020861372812922774,-0.06913862718707722,0.09,False,Binance US,Kraken
187,01-13-2021_19-48-41,XLM/USD,25.0,0.2972,0.296952,0.020861372812922774,-0.06913862718707722,0.09,False,Binance US,Kraken
188,01-13-2021_19-48-51,XLM/USD,25.0,0.2972,0.296952,0.020861372812922774,-0.06913862718707722,0.09,False,Binance US,Kraken
189,01-13-2021_19-49-02,XLM/USD,25.0,0.297263,0.296662,0.05054446735719028,-0.1344555326428097,0.185,False,Coinbase Pro,Kraken
190,01-13-2021_19-49-12,XLM/USD,25.0,0.2973,0.29694,0.030272452068619827,-0.05972754793138017,0.09,False,Binance US,Kraken
191,01-13-2021_19-49-23,XLM/USD,25.0,0.2973,0.29694,0.030272452068619827,-0.05972754793138017,0.09,False,Binance US,Kraken
192,01-13-2021_19-49-35,XLM/USD,25.0,0.2973,0.29694,0.030272452068619827,-0.05972754793138017,0.09,False,Binance US,Kraken
193,01-13-2021_19-49-46,XLM/USD,25.0,0.29744351,0.297,0.03727682611061473,-0.09022317388938528,0.1275,False,Bittrex,Kraken
194,01-13-2021_19-49-57,XLM/USD,25.0,0.29744351,0.297,0.03727682611061473,-0.09022317388938528,0.1275,False,Bittrex,Kraken
195,01-13-2021_19-50-08,XLM/USD,25.0,0.29744351,0.297,0.03727682611061473,-0.09022317388938528,0.1275,False,Bittrex,Kraken
196,01-13-2021_19-50-20,XLM/USD,25.0,0.29744351,0.297,0.03727682611061473,-0.09022317388938528,0.1275,False,Bittrex,Kraken
197,01-13-2021_19-50-32,XLM/USD,25.0,0.29744351,0.297,0.03727682611061473,-0.09022317388938528,0.1275,False,Bittrex,Kraken
198,01-13-2021_19-50-43,XLM/USD,25.0,0.29744351,0.297,0.03727682611061473,-0.09022317388938528,0.1275,False,Bittrex,Kraken
199,01-13-2021_19-50-54,XLM/USD,25.0,0.29744349,0.296877,0.047613245796703695,-0.0798867542032963,0.1275,False,Bittrex,Kraken
200,01-13-2021_19-51-05,XLM/USD,25.0,0.29744337,0.296662,0.06567384574751182,-0.06182615425248818,0.1275,False,Bittrex,Kraken
201,01-13-2021_19-51-16,XLM/USD,25.0,0.29744329,0.296662,0.06566713944026487,-0.06183286055973514,0.1275,False,Bittrex,Kraken
202,01-13-2021_19-51-26,XLM/USD,25.0,0.29744323,0.296662,0.06566210970745759,-0.06183789029254241,0.1275,False,Bittrex,Kraken
203,01-13-2021_19-51-36,XLM/USD,25.0,0.29744316,0.296689,0.06338690054261155,-0.06411308945738846,0.12749999,False,Bittrex,Kraken
204,01-13-2021_19-51-47,XLM/USD,25.0,0.29744313,0.296982,0.03875782910164846,-0.08874216089835155,0.12749999,False,Bittrex,Kraken
205,01-13-2021_19-51-57,XLM/USD,25.0,0.29744308,0.296999,0.03732478832588854,-0.09017520167411147,0.12749999,False,Bittrex,Kraken
206,01-13-2021_19-52-08,XLM/USD,25.0,0.29744303,0.296999,0.03732059211473069,-0.09017940788526932,0.1275,False,Bittrex,Kraken
207,01-13-2021_19-52-19,XLM/USD,25.0,0.29744301,0.296999,0.0373189136298744,-0.0901810863701256,0.1275,False,Bittrex,Kraken
208,01-13-2021_19-52-29,XLM/USD,25.0,0.29744299,0.296999,0.037317235144792384,-0.09018276485520763,0.1275,False,Bittrex,Kraken
209,01-13-2021_19-52-41,XLM/USD,25.0,0.29744299,0.297,0.03723318542488024,-0.09026681457511976,0.1275,False,Bittrex,Kraken
210,01-13-2021_19-52-51,XLM/USD,25.0,0.29744299,0.297,0.03723318542488024,-0.09026681457511976,0.1275,False,Bittrex,Kraken
211,01-13-2021_19-53-03,XLM/USD,25.0,0.2975,0.297,0.042016806722689114,-0.04798319327731088,0.09,False,Binance US,Kraken
212,01-13-2021_19-53-13,XLM/USD,25.0,0.2975,0.297,0.042016806722689114,-0.04798319327731088,0.09,False,Binance US,Kraken
213,01-13-2021_19-53-23,XLM/USD,25.0,0.2977,0.297337,0.03048370843130687,-0.059516291568693126,0.09,False,Binance US,Kraken
214,01-13-2021_19-53-34,XLM/USD,25.0,0.2977,0.297337,0.03048370843130687,-0.059516291568693126,0.09,False,Binance US,Kraken
215,01-13-2021_19-53-46,XLM/USD,25.0,0.2976,0.297337,0.022093413978491072,-0.06790658602150892,0.09,False,Binance US,Kraken
216,01-13-2021_19-53-57,XLM/USD,25.0,0.2977,0.297337,0.03048370843130687,-0.059516291568693126,0.09,False,Binance US,Kraken
217,01-13-2021_19-54-07,XLM/USD,25.0,0.297728,0.297337,0.03283198086844156,-0.15216801913155845,0.185,False,Coinbase Pro,Kraken
218,01-13-2021_19-54-18,XLM/USD,25.0,0.2977,0.297337,0.03048370843130687,-0.059516291568693126,0.09,False,Binance US,Kraken
219,01-13-2021_19-54-29,XLM/USD,25.0,0.2977,0.297337,0.03048370843130687,-0.059516291568693126,0.09,False,Binance US,Kraken
220,01-13-2021_19-54-40,XLM/USD,25.0,0.2977,0.297337,0.03048370843130687,-0.059516291568693126,0.09,False,Binance US,Kraken
221,01-13-2021_19-54-51,XLM/USD,25.0,0.2977,0.297337,0.03048370843130687,-0.059516291568693126,0.09,False,Binance US,Kraken
222,01-13-2021_19-55-01,XLM/USD,25.0,0.2977,0.297337,0.03048370843130687,-0.059516291568693126,0.09,False,Binance US,Kraken
223,01-13-2021_19-55-12,XLM/USD,25.0,0.2977,0.297337,0.03048370843130687,-0.059516291568693126,0.09,False,Binance US,Kraken
224,01-13-2021_19-55-22,XLM/USD,25.0,0.2976,0.297337,0.022093413978491072,-0.06790658602150892,0.09,False,Binance US,Kraken
225,01-13-2021_19-55-31,XLM/USD,25.0,0.2976,0.297337,0.022093413978491072,-0.06790658602150892,0.09,False,Binance US,Kraken
226,01-13-2021_19-55-42,XLM/USD,25.0,0.2976,0.297404,0.016465053763438677,-0.1285349462365613,0.145,False,Binance US,Coinbase Pro
227,01-13-2021_19-55-54,XLM/USD,25.0,0.2976,0.297384,0.018145161290322075,-0.12685483870967793,0.145,False,Binance US,Coinbase Pro
228,01-13-2021_19-56-04,XLM/USD,25.0,0.2976,0.297403,0.016549059139785178,-0.1284509408602148,0.145,False,Binance US,Coinbase Pro
229,01-13-2021_19-56-14,XLM/USD,25.0,0.2976,0.29741,0.015961021505373655,-0.12903897849462634,0.145,False,Binance US,Coinbase Pro
230,01-13-2021_19-56-25,XLM/USD,25.0,0.2975,0.297372,0.010756302521005167,-0.07924369747899483,0.09,False,Binance US,Kraken
231,01-13-2021_19-56-37,XLM/USD,25.0,0.2975,0.297295,0.017226890756303424,-0.12777310924369656,0.145,False,Binance US,Coinbase Pro
232,01-13-2021_19-56-49,XLM/USD,25.0,0.29744349,0.297253,0.01601060423275591,-0.16648939576724409,0.1825,False,Bittrex,Coinbase Pro
233,01-13-2021_19-57-01,XLM/USD,25.0,0.29744347,0.297138,0.02567462650970068,-0.15682537349029932,0.1825,False,Bittrex,Coinbase Pro
234,01-13-2021_19-57-12,XLM/USD,25.0,0.2975,0.297247,0.021260504201680942,-0.06873949579831906,0.09,False,Binance US,Kraken
235,01-13-2021_19-57-23,XLM/USD,25.0,0.29744347,0.297257,0.015672725980502625,-0.11182727401949738,0.1275,False,Bittrex,Kraken
236,01-13-2021_19-57-35,XLM/USD,25.0,0.29744347,0.297254,0.015924874733337514,-0.1115751252666625,0.1275,False,Bittrex,Kraken
237,01-13-2021_19-57-47,XLM/USD,25.0,0.29744347,0.297137,0.025758676093982087,-0.16674132390601792,0.1925,False,Bittrex,Coinbase Pro
238,01-13-2021_19-57-59,XLM/USD,25.0,0.29744343,0.2972,0.020460193052506567,-0.14203980694749344,0.1625,False,Bittrex,Binance US
239,01-13-2021_19-58-11,XLM/USD,25.0,0.29744341,0.297159,0.02390454708678978,-0.10359545291321022,0.1275,False,Bittrex,Kraken
240,01-13-2021_19-58-22,XLM/USD,25.0,0.29744339,0.297172,0.022810222812480595,-0.1046897671875194,0.12749999,False,Bittrex,Kraken
241,01-13-2021_19-58-32,XLM/USD,25.0,0.2975,0.297306,0.016302521008401006,-0.12869747899159897,0.145,False,Binance US,Coinbase Pro
242,01-13-2021_19-58-44,XLM/USD,25.0,0.29744337,0.297176,0.022472344903837413,-0.17002765509616258,0.1925,False,Bittrex,Coinbase Pro
243,01-13-2021_19-58-56,XLM/USD,25.0,0.29744335,0.297149,0.024740005113578666,-0.10275998488642134,0.12749999,False,Bittrex,Kraken
244,01-13-2021_19-59-12,XLM/USD,25.0,0.2975,0.297364,0.011428571428568863,-0.07857142857143114,0.09,False,Binance US,Kraken
245,01-13-2021_19-59-23,XLM/USD,25.0,0.2975,0.29733,0.014285714285714578,-0.07571428571428541,0.09,False,Binance US,Kraken
246,01-13-2021_19-59-34,XLM/USD,25.0,0.29744329,0.297058,0.03238348392394716,-0.15011651607605284,0.1825,False,Bittrex,Coinbase Pro
247,01-13-2021_19-59-46,XLM/USD,25.0,0.29744311,0.2971,0.02883828776535077,-0.13366171223464923,0.1625,False,Bittrex,Binance US
248,01-13-2021_19-59-59,XLM/USD,25.0,0.29744305,0.297149,0.024714815155370932,-0.15778518484462906,0.1825,False,Bittrex,Coinbase Pro
249,01-13-2021_20-00-12,XLM/USD,25.0,0.297513,0.29744353,0.005837560039394573,-0.17666243996060543,0.1825,False,Coinbase Pro,Bittrex
250,01-13-2021_20-00-23,XLM/USD,25.0,0.297451,0.297292,0.013363545592384984,-0.17163645440761502,0.185,False,Kraken,Coinbase Pro
251,01-13-2021_20-00-33,XLM/USD,25.0,0.2976,0.29742,0.015120967741931954,-0.12987903225806804,0.145,False,Binance US,Coinbase Pro
252,01-13-2021_20-00-43,XLM/USD,25.0,0.2975,0.297396,0.00873949579831874,-0.13626050420168126,0.145,False,Binance US,Coinbase Pro
253,01-13-2021_20-00-55,XLM/USD,25.0,0.2976,0.297402,0.016633064516127016,-0.12836693548387298,0.145,False,Binance US,Coinbase Pro
254,01-13-2021_20-01-05,XLM/USD,25.0,0.2976,0.29742,0.015120967741931954,-0.12987903225806804,0.145,False,Binance US,Coinbase Pro
255,01-13-2021_20-01-15,XLM/USD,25.0,0.2976,0.297402,0.016633064516127016,-0.12836693548387298,0.145,False,Binance US,Coinbase Pro
256,01-13-2021_20-01-25,XLM/USD,25.0,0.29744352,0.297316,0.01071800118556895,-0.11678199881443105,0.1275,False,Bittrex,Kraken
257,01-13-2021_20-01-36,XLM/USD,25.0,0.29744353,0.2972,0.020468591130557774,-0.14203140886944224,0.1625,False,Bittrex,Binance US
258,01-13-2021_20-01-47,XLM/USD,25.0,0.29744353,0.297351,0.007777106464547664,-0.17472289353545234,0.1825,False,Bittrex,Coinbase Pro
259,01-13-2021_20-01-57,XLM/USD,25.0,0.29744353,0.297151,0.024587019929464684,-0.1579129800705353,0.1825,False,Bittrex,Coinbase Pro
260,01-13-2021_20-02-08,XLM/USD,25.0,0.29744351,0.2972,0.020466911515400213,-0.14203308848459978,0.1625,False,Bittrex,Binance US
261,01-13-2021_20-02-18,XLM/USD,25.0,0.29744351,0.2972,0.020466911515400213,-0.14203308848459978,0.1625,False,Bittrex,Binance US
262,01-13-2021_20-02-29,XLM/USD,25.0,0.29744347,0.296933,0.042904791286894374,-0.13959520871310563,0.1825,False,Bittrex,Coinbase Pro
263,01-13-2021_20-02-40,XLM/USD,25.0,0.29744345,0.2972,0.020461872668567624,-0.1420381273314324,0.1625,False,Bittrex,Binance US
264,01-13-2021_20-02-52,XLM/USD,25.0,0.29744335,0.297184,0.021798268477005077,-0.16070172152299492,0.18249999,False,Bittrex,Coinbase Pro
265,01-13-2021_20-03-02,XLM/USD,25.0,0.29744333,0.297221,0.018686752868184404,-0.16381324713181558,0.1825,False,Bittrex,Coinbase Pro
266,01-13-2021_20-03-14,XLM/USD,25.0,0.29744333,0.2974,0.00364187020095627,-0.15885812979904373,0.1625,False,Bittrex,Binance US
267,01-13-2021_20-03-24,XLM/USD,25.0,0.29744333,0.2974,0.00364187020095627,-0.15885812979904373,0.1625,False,Bittrex,Binance US
268,01-13-2021_20-03-34,XLM/USD,25.0,0.29744352,0.297364,0.006683621818353917,-0.17581637818164608,0.1825,False,Bittrex,Coinbase Pro
269,01-13-2021_20-03-45,XLM/USD,25.0,0.2975,0.297416,0.007058823529409494,-0.0829411764705905,0.09,False,Binance US,Kraken
270,01-13-2021_20-03-56,XLM/USD,25.0,0.29744351,0.297296,0.012398152509699854,-0.17010184749030013,0.1825,False,Bittrex,Coinbase Pro
271,01-13-2021_20-04-06,XLM/USD,25.0,0.29744351,0.297331,0.009456417455537196,-0.1730435825444628,0.1825,False,Bittrex,Coinbase Pro
272,01-13-2021_20-04-16,XLM/USD,25.0,0.2975,0.297206,0.024705882352937896,-0.12029411764706209,0.145,False,Binance US,Coinbase Pro
273,01-13-2021_20-04-27,XLM/USD,25.0,0.29744347,0.29718,0.02214454396998427,-0.16035545603001572,0.1825,False,Bittrex,Coinbase Pro
274,01-13-2021_20-04-39,XLM/USD,25.0,0.2976,0.29742,0.015120967741931954,-0.12987903225806804,0.145,False,Binance US,Coinbase Pro
275,01-13-2021_20-04-49,XLM/USD,25.0,0.2975,0.29742,0.006722689075627646,-0.13827731092437234,0.145,False,Binance US,Coinbase Pro
276,01-13-2021_20-04-59,XLM/USD,25.0,0.2976,0.2973,0.025201612903223033,-0.11979838709677695,0.145,False,Binance US,Coinbase Pro
277,01-13-2021_20-05-10,XLM/USD,25.0,0.2975,0.297319,0.01521008403361233,-0.12978991596638767,0.145,False,Binance US,Coinbase Pro
278,01-13-2021_20-05-20,XLM/USD,25.0,0.2976,0.297409,0.016045026881720156,-0.12895497311827983,0.145,False,Binance US,Coinbase Pro
279,01-13-2021_20-05-29,XLM/USD,25.0,0.2976,0.29742,0.015120967741931954,-0.12987903225806804,0.145,False,Binance US,Coinbase Pro
280,01-13-2021_20-05-40,XLM/USD,25.0,0.2976,0.29742,0.015120967741931954,-0.12987903225806804,0.145,False,Binance US,Coinbase Pro
281,01-13-2021_20-05-51,XLM/USD,25.0,0.297602,0.29742,0.015288875746799416,-0.1697111242532006,0.185,False,Kraken,Coinbase Pro
282,01-13-2021_20-06-01,XLM/USD,25.0,0.297829,0.29742,0.034331780988418915,-0.1506682190115811,0.185,False,Kraken,Coinbase Pro
283,01-13-2021_20-06-13,XLM/USD,25.0,0.297602,0.29742,0.015288875746799416,-0.1697111242532006,0.185,False,Kraken,Coinbase Pro
284,01-13-2021_20-06-23,XLM/USD,25.0,0.297602,0.29742,0.015288875746799416,-0.1697111242532006,0.185,False,Kraken,Coinbase Pro
285,01-13-2021_20-06-34,XLM/USD,25.0,0.297577,0.297402,0.014702077109452406,-0.1702979228905476,0.185,False,Kraken,Coinbase Pro
286,01-13-2021_20-06-44,XLM/USD,25.0,0.2976,0.297417,0.015372983870966797,-0.12962701612903318,0.145,False,Binance US,Coinbase Pro
287,01-13-2021_20-06-55,XLM/USD,25.0,0.2976,0.297386,0.017977150537633737,-0.12702284946236625,0.145,False,Binance US,Coinbase Pro
288,01-13-2021_20-07-05,XLM/USD,25.0,0.2976,0.297417,0.015372983870966797,-0.12962701612903318,0.145,False,Binance US,Coinbase Pro
289,01-13-2021_20-07-15,XLM/USD,25.0,0.2976,0.29742,0.015120967741931954,-0.12987903225806804,0.145,False,Binance US,Coinbase Pro
290,01-13-2021_20-07-25,XLM/USD,25.0,0.2976,0.29742,0.015120967741931954,-0.12987903225806804,0.145,False,Binance US,Coinbase Pro
291,01-13-2021_20-07-35,XLM/USD,25.0,0.29766,0.29698855,0.05639404018006806,-0.07110595981993195,0.1275,False,Kraken,Bittrex
292,01-13-2021_20-07-46,XLM/USD,25.0,0.297657,0.29698855,0.05614264069045807,-0.07135735930954193,0.1275,False,Kraken,Bittrex
293,01-13-2021_20-07-58,XLM/USD,25.0,0.297657,0.29698855,0.05614264069045807,-0.07135735930954193,0.1275,False,Kraken,Bittrex
294,01-13-2021_20-08-09,XLM/USD,25.0,0.2977,0.29698855,0.05974554921061491,-0.027754450789385085,0.0875,False,Binance US,Bittrex
295,01-13-2021_20-08-18,XLM/USD,25.0,0.2977,0.29698855,0.05974554921061491,-0.027754450789385085,0.0875,False,Binance US,Bittrex
296,01-13-2021_20-08-28,XLM/USD,25.0,0.2978,0.29698855,0.06812038280725247,-0.019379617192747528,0.0875,False,Binance US,Bittrex
297,01-13-2021_20-08-39,XLM/USD,25.0,0.2978,0.29698855,0.06812038280725247,-0.019379617192747528,0.0875,False,Binance US,Bittrex
298,01-13-2021_20-08-51,XLM/USD,25.0,0.2989,0.298,0.07527601204416293,-0.012223987955837068,0.0875,False,Binance US,Bittrex
299,01-13-2021_20-09-03,XLM/USD,25.0,0.2992,0.298765,0.0363469251336914,-0.053653074866308596,0.09,False,Binance US,Kraken
300,01-13-2021_20-09-13,XLM/USD,25.0,0.2993,0.29899488,0.025486134313397264,-0.062013865686602734,0.0875,False,Binance US,Bittrex
301,01-13-2021_20-09-24,XLM/USD,25.0,0.2992,0.298946,0.02122326203208823,-0.12377673796791176,0.145,False,Binance US,Coinbase Pro
302,01-13-2021_20-09-34,XLM/USD,25.0,0.299,0.298941,0.004933110367890949,-0.14006688963210903,0.145,False,Binance US,Coinbase Pro
303,01-13-2021_20-09-43,XLM/USD,25.0,0.2993,0.298893,0.03399599064483718,-0.1110040093551628,0.145,False,Binance US,Coinbase Pro
304,01-13-2021_20-09-54,XLM/USD,25.0,0.2993,0.298979,0.02681256264617572,-0.11818743735382427,0.145,False,Binance US,Coinbase Pro
305,01-13-2021_20-10-04,XLM/USD,25.0,0.29899488,0.298543,0.037783255686520086,-0.15471674431347993,0.1925,False,Bittrex,Coinbase Pro
306,01-13-2021_20-10-15,XLM/USD,25.0,0.29899488,0.298714,0.023485351989977126,-0.15901464801002288,0.1825,False,Bittrex,Coinbase Pro
307,01-13-2021_20-10-24,XLM/USD,25.0,0.2992,0.298791,0.034174465240645734,-0.05582553475935426,0.09,False,Binance US,Kraken
308,01-13-2021_20-10-34,XLM/USD,25.0,0.299304,0.29899488,0.02581990217304113,-0.10168009782695887,0.1275,False,Kraken,Bittrex
309,01-13-2021_20-10-46,XLM/USD,25.0,0.3,0.29899488,0.08375999999999754,-0.0037400000000024497,0.0875,False,Binance US,Bittrex
310,01-13-2021_20-10-56,XLM/USD,25.0,0.29999972,0.299534,0.038810036222700704,-0.14368996377729928,0.1825,False,Bittrex,Coinbase Pro
311,01-13-2021_20-11-07,XLM/USD,25.0,0.2999996,0.2999,0.008300011066679547,-0.15419998893332046,0.1625,False,Bittrex,Binance US
312,01-13-2021_20-11-17,XLM/USD,25.0,0.2999996,0.299869,0.010883347844462187,-0.1716166521555378,0.1825,False,Bittrex,Coinbase Pro
313,01-13-2021_20-11-29,XLM/USD,25.0,0.3,0.299869,0.010916666666666021,-0.13408333333333397,0.145,False,Binance US,Coinbase Pro
314,01-13-2021_20-11-41,XLM/USD,25.0,0.3,0.299867,0.011083333333332853,-0.13391666666666713,0.145,False,Binance US,Coinbase Pro
315,01-13-2021_20-11-53,XLM/USD,25.0,0.3003,0.29999991,0.02498251748252003,-0.06251748251747996,0.0875,False,Binance US,Bittrex
316,01-13-2021_20-12-05,XLM/USD,25.0,0.3002,0.29986,0.028314457028648144,-0.11668554297135185,0.145,False,Binance US,Coinbase Pro
317,01-13-2021_20-12-17,XLM/USD,25.0,0.3004,0.299983,0.034703728362183814,-0.05529627163781618,0.09,False,Binance US,Kraken
318,01-13-2021_20-12-28,XLM/USD,25.0,0.3007,0.3,0.05819753907549334,-0.029302460924506654,0.0875,False,Binance US,Bittrex
319,01-13-2021_20-12-39,XLM/USD,25.0,0.3011,0.3,0.09133178346064347,0.003831783460643473,0.0875,False,Binance US,Bittrex
320,01-13-2021_20-12-51,XLM/USD,25.0,0.3011,0.3,0.09133178346064347,0.003831783460643473,0.0875,False,Binance US,Bittrex
321,01-13-2021_20-13-03,XLM/USD,25.0,0.3016,0.30074247,0.07108173076923038,-0.01641826923076961,0.0875,False,Binance US,Bittrex
322,01-13-2021_20-13-13,XLM/USD,25.0,0.302474,0.30176962,0.05821822702116582,-0.12428176297883417,0.18249999,False,Coinbase Pro,Bittrex
323,01-13-2021_20-13-24,XLM/USD,25.0,0.302049,0.30176962,0.023123731579975083,-0.15937625842002492,0.18249999,False,Coinbase Pro,Bittrex
324,01-13-2021_20-13-35,XLM/USD,25.0,0.30251239,0.301909,0.049864899748406744,-0.07763509025159326,0.12749999,False,Bittrex,Kraken
325,01-13-2021_20-13-45,XLM/USD,25.0,0.30251239,0.301909,0.049864899748406744,-0.07763509025159326,0.12749999,False,Bittrex,Kraken
326,01-13-2021_20-13-56,XLM/USD,25.0,0.30251239,0.301909,0.049864899748406744,-0.07763509025159326,0.12749999,False,Bittrex,Kraken
327,01-13-2021_20-14-09,XLM/USD,25.0,0.3025124,0.302219,0.02424693996014702,-0.103253050039853,0.12749999,False,Bittrex,Kraken
328,01-13-2021_20-14-19,XLM/USD,25.0,0.303,0.3025124,0.04023102310230833,-0.04726896689769167,0.08749999,False,Binance US,Bittrex
329,01-13-2021_20-14-30,XLM/USD,25.0,0.30251239,0.302027,0.04011323304807697,-0.08738676695192303,0.1275,False,Bittrex,Kraken
330,01-13-2021_20-14-40,XLM/USD,25.0,0.30251239,0.302017,0.04093964548030908,-0.08656035451969092,0.1275,False,Bittrex,Kraken
331,01-13-2021_20-14-50,XLM/USD,25.0,0.3021,0.30176962,0.027340284673946003,-0.060159705326054,0.08749999,False,Binance US,Bittrex
332,01-13-2021_20-15-00,XLM/USD,25.0,0.3019,0.301511,0.032212653196424995,-0.057787346803575,0.09,False,Binance US,Kraken
333,01-13-2021_20-15-10,XLM/USD,25.0,0.3027,0.302135,0.04666336306574477,-0.04333663693425523,0.09,False,Binance US,Kraken
334,01-13-2021_20-15-20,XLM/USD,25.0,0.3027,0.302487,0.017591674925670524,-0.07240832507432947,0.09,False,Binance US,Kraken
335,01-13-2021_20-15-31,XLM/USD,25.0,0.30287,0.3025124,0.02951761481823538,-0.1529823751817646,0.18249999,False,Coinbase Pro,Bittrex
336,01-13-2021_20-15-42,XLM/USD,25.0,0.303,0.3025124,0.04023102310230833,-0.04726896689769167,0.08749999,False,Binance US,Bittrex
337,01-13-2021_20-15-52,XLM/USD,25.0,0.3031,0.3025124,0.048465852853840814,-0.039034137146159185,0.08749999,False,Binance US,Bittrex
338,01-13-2021_20-16-03,XLM/USD,25.0,0.30302,0.3025124,0.0418784238664112,-0.1406215661335888,0.18249999,False,Coinbase Pro,Bittrex
339,01-13-2021_20-16-14,XLM/USD,25.0,0.30302,0.3025124,0.0418784238664112,-0.1406215661335888,0.18249999,False,Coinbase Pro,Bittrex
340,01-13-2021_20-16-24,XLM/USD,25.0,0.3036,0.3025124,0.08955862977601832,0.00205863977601832,0.08749999,False,Binance US,Bittrex
341,01-13-2021_20-16-35,XLM/USD,25.0,0.30383358,0.303494,0.02794128285622725,-0.15455871714377276,0.1825,False,Bittrex,Coinbase Pro
342,01-13-2021_20-16-46,XLM/USD,25.0,0.30383358,0.303328,0.04160007593630743,-0.08589992406369257,0.1275,False,Bittrex,Kraken
343,01-13-2021_20-16-57,XLM/USD,25.0,0.30383358,0.303088,0.061347728582203456,-0.12115227141779654,0.1825,False,Bittrex,Coinbase Pro
344,01-13-2021_20-17-07,XLM/USD,25.0,0.30383358,0.303315,0.04266974045462575,-0.08483025954537425,0.1275,False,Bittrex,Kraken
345,01-13-2021_20-17-16,XLM/USD,25.0,0.30383367,0.303337,0.04086693222643633,-0.08663306777356367,0.1275,False,Bittrex,Kraken
346,01-13-2021_20-17-25,XLM/USD,25.0,0.30383367,0.303337,0.04086693222643633,-0.08663306777356367,0.1275,False,Bittrex,Kraken
347,01-13-2021_20-17-35,XLM/USD,25.0,0.30383358,0.303135,0.0574804799390512,-0.07001951006094881,0.12749999,False,Bittrex,Kraken
348,01-13-2021_20-17-45,XLM/USD,25.0,0.30383355,0.303337,0.04085707453966033,-0.08664292546033966,0.1275,False,Bittrex,Kraken
349,01-13-2021_20-17-54,XLM/USD,25.0,0.30383371,0.303324,0.04193988218094666,-0.08556011781905334,0.1275,False,Bittrex,Kraken
350,01-13-2021_20-18-07,XLM/USD,25.0,0.30383369,0.303337,0.04086857517347454,-0.08663142482652547,0.1275,False,Bittrex,Kraken
351,01-13-2021_20-18-17,XLM/USD,25.0,0.30383365,0.303337,0.04086528927918183,-0.08663471072081817,0.1275,False,Bittrex,Kraken
352,01-13-2021_20-18-27,XLM/USD,25.0,0.30383363,0.303337,0.04086364633171103,-0.08663634366828898,0.12749999,False,Bittrex,Kraken
353,01-13-2021_20-18-37,XLM/USD,25.0,0.30383361,0.303336,0.04094428526192195,-0.08655570473807805,0.12749999,False,Bittrex,Kraken
354,01-13-2021_20-18-48,XLM/USD,25.0,0.30383359,0.303337,0.04086036043611599,-0.08663963956388401,0.1275,False,Bittrex,Kraken
355,01-13-2021_20-18-58,XLM/USD,25.0,0.30383357,0.303337,0.040858717487996306,-0.0866412825120037,0.1275,False,Bittrex,Kraken
356,01-13-2021_20-19-08,XLM/USD,25.0,0.30383357,0.303355,0.039377643490810736,-0.08812235650918926,0.1275,False,Bittrex,Kraken
357,01-13-2021_20-19-18,XLM/USD,25.0,0.30383355,0.3035,0.027445125793383894,-0.1650548742066161,0.1925,False,Bittrex,Coinbase Pro
358,01-13-2021_20-19-29,XLM/USD,25.0,0.303859,0.3037,0.013081725405530587,-0.2069182745944694,0.22,False,Coinbase Pro,Binance US
359,01-13-2021_20-19-40,XLM/USD,25.0,0.304,0.30383374,0.013672697368418887,-0.0738273026315811,0.0875,False,Binance US,Bittrex
360,01-13-2021_20-19-52,XLM/USD,25.0,0.304,0.30383374,0.013672697368418887,-0.0738273026315811,0.0875,False,Binance US,Bittrex
361,01-13-2021_20-20-04,XLM/USD,25.0,0.3041,0.30373,0.030417625780991574,-0.11458237421900841,0.145,False,Binance US,Coinbase Pro
362,01-13-2021_20-20-15,XLM/USD,25.0,0.304,0.303795,0.016858552631579832,-0.12814144736842015,0.145,False,Binance US,Coinbase Pro
363,01-13-2021_20-20-25,XLM/USD,25.0,0.30399866,0.303478,0.04281762294609708,-0.1396823770539029,0.1825,False,Bittrex,Coinbase Pro
364,01-13-2021_20-20-37,XLM/USD,25.0,0.30399853,0.303079,0.07561960908166247,-0.10688038091833753,0.18249999,False,Bittrex,Coinbase Pro
365,01-13-2021_20-20-48,XLM/USD,25.0,0.30399821,0.303324,0.05544522778604588,-0.07205477221395412,0.1275,False,Bittrex,Kraken
366,01-13-2021_20-20-58,XLM/USD,25.0,0.3039981,0.302898,0.09046931543322087,-0.03703068456677913,0.1275,False,Bittrex,Kraken
367,01-13-2021_20-21-09,XLM/USD,25.0,0.30399798,0.302898,0.09045948265840453,-0.03704051734159547,0.1275,False,Bittrex,Kraken
368,01-13-2021_20-21-19,XLM/USD,25.0,0.30399796,0.302409,0.13067192950900297,-0.051828070490997025,0.1825,False,Bittrex,Coinbase Pro
369,01-13-2021_20-21-29,XLM/USD,25.0,0.30399745,0.302138,0.15291657874103753,0.025416578741037532,0.1275,True,Bittrex,Kraken
370,01-13-2021_20-21-40,XLM/USD,25.0,0.30383363,0.302137,0.13960189331247105,0.012101903312471046,0.12749999,True,Bittrex,Kraken
371,01-13-2021_20-21-51,XLM/USD,25.0,0.30383342,0.302468,0.11234939197932917,-0.015150608020670836,0.1275,False,Bittrex,Kraken
372,01-13-2021_20-22-00,XLM/USD,25.0,0.3038331,0.302326,0.12400722633577767,-0.05849277366422233,0.1825,False,Bittrex,Coinbase Pro
373,01-13-2021_20-22-09,XLM/USD,25.0,0.30383289,0.302314,0.12497741768509614,-0.057522582314903856,0.1825,False,Bittrex,Coinbase Pro
374,01-13-2021_20-22-19,XLM/USD,25.0,0.30383268,0.302468,0.11228877683598806,-0.015211223164011939,0.1275,False,Bittrex,Kraken
375,01-13-2021_20-22-30,XLM/USD,25.0,0.30383244,0.302729,0.09079346497694218,-0.09170653502305781,0.1825,False,Bittrex,Coinbase Pro
376,01-13-2021_20-22-40,XLM/USD,25.0,0.30383203,0.302262,0.12918568855298107,-0.06331431144701893,0.1925,False,Bittrex,Coinbase Pro
377,01-13-2021_20-22-49,XLM/USD,25.0,0.30383191,0.302402,0.11765633833523105,-0.07484366166476895,0.1925,False,Bittrex,Coinbase Pro
378,01-13-2021_20-23-00,XLM/USD,25.0,0.3038317,0.302218,0.13277910106154128,-0.04972089893845871,0.1825,False,Bittrex,Coinbase Pro
379,01-13-2021_20-23-11,XLM/USD,25.0,0.30383131,0.30227,0.12846849128222151,-0.05403150871777848,0.1825,False,Bittrex,Coinbase Pro
380,01-13-2021_20-23-20,XLM/USD,25.0,0.30383109,0.302459,0.11289907823455854,-0.07960092176544147,0.1925,False,Bittrex,Coinbase Pro
381,01-13-2021_20-23-30,XLM/USD,25.0,0.30383089,0.302247,0.13032661030615025,-0.05217338969384974,0.1825,False,Bittrex,Coinbase Pro
382,01-13-2021_20-23-41,XLM/USD,25.0,0.3038304,0.302074,0.14452141721170686,-0.047978582788293145,0.1925,False,Bittrex,Coinbase Pro
383,01-13-2021_20-23-51,XLM/USD,25.0,0.3038301,0.30214,0.13906620838422298,-0.04343379161577701,0.1825,False,Bittrex,Coinbase Pro
384,01-13-2021_20-24-02,XLM/USD,25.0,0.30382979,0.302046,0.14677543633887968,-0.03572456366112031,0.1825,False,Bittrex,Coinbase Pro
385,01-13-2021_20-24-12,XLM/USD,25.0,0.30382949,0.301867,0.16147955223174548,-0.021020447768254513,0.1825,False,Bittrex,Coinbase Pro
386,01-13-2021_20-24-22,XLM/USD,25.0,0.30382919,0.301451,0.19568478591540217,0.013184785915402175,0.1825,True,Bittrex,Coinbase Pro
387,01-13-2021_20-24-32,XLM/USD,25.0,0.30382898,0.301191,0.21706125597367631,0.034561265973676314,0.18249999,True,Bittrex,Coinbase Pro
388,01-13-2021_20-24-43,XLM/USD,25.0,0.30352959,0.300543,0.2459883729952005,0.06348837299520049,0.1825,True,Bittrex,Coinbase Pro
389,01-13-2021_20-24-54,XLM/USD,25.0,0.30352937,0.300686,0.2341923287357671,0.10669233873576708,0.12749999,True,Bittrex,Kraken
390,01-13-2021_20-25-05,XLM/USD,25.0,0.30352867,0.300774,0.22688713392379167,0.09938713392379167,0.1275,True,Bittrex,Kraken
391,01-13-2021_20-25-16,XLM/USD,25.0,0.30318709,0.3,0.26279895360979943,0.13529895360979943,0.1275,True,Bittrex,Kraken
392,01-13-2021_20-25-26,XLM/USD,25.0,0.30318688,0.3,0.2627818195826946,0.13528181958269458,0.1275,True,Bittrex,Kraken
393,01-13-2021_20-25-37,XLM/USD,25.0,0.30318687,0.299795,0.279684769990206,0.15218476999020597,0.1275,True,Bittrex,Kraken
394,01-13-2021_20-25-48,XLM/USD,25.0,0.30313228,0.299711,0.2821606461707057,0.09966064617070569,0.1825,True,Bittrex,Coinbase Pro
395,01-13-2021_20-26-00,XLM/USD,25.0,0.30282996,0.299558,0.2701152818565259,0.1426152818565259,0.1275,True,Bittrex,Kraken
396,01-13-2021_20-26-12,XLM/USD,25.0,0.30282985,0.299523,0.27299571029738545,0.14549571029738545,0.1275,True,Bittrex,Kraken
397,01-13-2021_20-26-25,XLM/USD,25.0,0.30282959,0.299471,0.27726732384374947,0.14976732384374947,0.1275,True,Bittrex,Kraken
398,01-13-2021_20-26-36,XLM/USD,25.0,0.30282917,0.299559,0.269968213432012,0.142468213432012,0.1275,True,Bittrex,Kraken
399,01-13-2021_20-26-48,XLM/USD,25.0,0.30282862,0.299355,0.2867645072648691,0.15926450726486907,0.1275,True,Bittrex,Kraken
400,01-13-2021_20-27-01,XLM/USD,25.0,0.30246651,0.299039,0.28329665323939685,0.15579665323939684,0.1275,True,Bittrex,Kraken
401,01-13-2021_20-27-16,XLM/USD,25.0,0.30209303,0.299043,0.2524081737337652,0.12490817373376517,0.1275,True,Bittrex,Kraken
402,01-13-2021_20-27-28,XLM/USD,25.0,0.30209262,0.299229,0.23698195606366979,0.054481966063669784,0.18249999,True,Bittrex,Coinbase Pro
403,01-13-2021_20-27-38,XLM/USD,25.0,0.30209242,0.299288,0.23208294997934525,0.04958294997934526,0.1825,True,Bittrex,Coinbase Pro
404,01-13-2021_20-27-49,XLM/USD,25.0,0.30209186,0.299265,0.2339404312317441,0.051440431231744105,0.1825,True,Bittrex,Coinbase Pro
405,01-13-2021_20-28-00,XLM/USD,25.0,0.30209164,0.299269,0.23359136982406958,0.05109136982406959,0.1825,True,Bittrex,Coinbase Pro
406,01-13-2021_20-28-13,XLM/USD,25.0,0.30209104,0.298883,0.26548619250673305,0.13798619250673305,0.1275,True,Bittrex,Kraken
407,01-13-2021_20-28-27,XLM/USD,25.0,0.30189134,0.298528,0.2785223981582241,0.1510223981582241,0.1275,True,Bittrex,Kraken
408,01-13-2021_20-28-40,XLM/USD,25.0,0.30150777,0.297502,0.3321448399157358,0.1496448399157358,0.1825,True,Bittrex,Coinbase Pro
409,01-13-2021_20-28-52,XLM/USD,25.0,0.30077091,0.296863,0.3248244652383449,0.1973244652383449,0.1275,True,Bittrex,Kraken
410,01-13-2021_20-29-05,XLM/USD,25.0,0.30077071,0.29719,0.29762788404495794,0.17012789404495793,0.12749999,True,Bittrex,Kraken
411,01-13-2021_20-29-19,XLM/USD,25.0,0.30077048,0.297152,0.3007675487301795,0.17326754873017952,0.1275,True,Bittrex,Kraken
412,01-13-2021_20-29-30,XLM/USD,25.0,0.30077025,0.297151,0.3008317810687741,0.17333178106877412,0.1275,True,Bittrex,Kraken
413,01-13-2021_20-29-43,XLM/USD,25.0,0.30055843,0.296984,0.297315733250267,0.169815733250267,0.1275,True,Bittrex,Kraken
414,01-13-2021_20-29-56,XLM/USD,25.0,0.30049806,0.29715,0.27854256363585056,0.15104257363585055,0.12749999,True,Bittrex,Kraken
415,01-13-2021_20-30-10,XLM/USD,25.0,0.30049776,0.297718,0.23126295517144785,0.10376296517144784,0.12749999,True,Bittrex,Kraken
416,01-13-2021_20-30-22,XLM/USD,25.0,0.30049745,0.298057,0.20303416884236314,0.07553416884236314,0.1275,True,Bittrex,Kraken
417,01-13-2021_20-30-34,XLM/USD,25.0,0.30049743,0.298684,0.15086901075992604,0.023369010759926034,0.1275,True,Bittrex,Kraken
418,01-13-2021_20-30-46,XLM/USD,25.0,0.30049727,0.298724,0.14752796256684741,0.020027962566847413,0.1275,True,Bittrex,Kraken
419,01-13-2021_20-30-57,XLM/USD,25.0,0.30049712,0.298594,0.15833096836335572,0.03083096836335572,0.1275,True,Bittrex,Kraken
420,01-13-2021_20-31-10,XLM/USD,25.0,0.30049678,0.2979,0.2160405845280622,0.05354058452806221,0.1625,True,Bittrex,Binance US
421,01-13-2021_20-31-23,XLM/USD,25.0,0.30046689,0.297775,0.2239755934505774,0.09647559345057741,0.1275,True,Bittrex,Kraken
422,01-13-2021_20-31-34,XLM/USD,25.0,0.30046616,0.29802,0.20353040755071847,0.021030407550718472,0.1825,True,Bittrex,Coinbase Pro
423,01-13-2021_20-31-46,XLM/USD,25.0,0.30046534,0.297993,0.2057092508573549,0.07820925085735489,0.1275,True,Bittrex,Kraken
424,01-13-2021_20-31-58,XLM/USD,25.0,0.30005372,0.297577,0.2063563817839055,0.023856381783905506,0.1825,True,Bittrex,Coinbase Pro
425,01-13-2021_20-32-11,XLM/USD,25.0,0.29960072,0.296772,0.2360408212637145,0.1085408212637145,0.1275,True,Bittrex,Kraken
426,01-13-2021_20-32-24,XLM/USD,25.0,0.29960054,0.2964,0.26706727564643484,0.10456727564643484,0.1625,True,Bittrex,Binance US
427,01-13-2021_20-32-36,XLM/USD,25.0,0.29926817,0.295677,0.29999598687691853,0.11749598687691853,0.1825,True,Bittrex,Coinbase Pro
428,01-13-2021_20-32-50,XLM/USD,25.0,0.297,0.2952,0.15151515151514885,-0.01098484848485115,0.1625,False,Bittrex,Binance US
429,01-13-2021_20-33-01,XLM/USD,25.0,0.29699984,0.294589,0.20293276925671283,0.07543277925671282,0.12749999,True,Bittrex,Kraken
430,01-13-2021_20-33-14,XLM/USD,25.0,0.29699971,0.294684,0.19492527450615785,0.06742527450615785,0.1275,True,Bittrex,Kraken
431,01-13-2021_20-33-27,XLM/USD,25.0,0.2969996,0.294867,0.17951202627882198,0.05201202627882198,0.1275,True,Bittrex,Kraken
432,01-13-2021_20-33-40,XLM/USD,25.0,0.29699956,0.295475,0.12833015644871731,0.0008301664487173066,0.12749999,False,Bittrex,Kraken
433,01-13-2021_20-33-53,XLM/USD,25.0,0.29699946,0.295417,0.13320394589269688,0.005703945892696877,0.1275,False,Bittrex,Kraken
434,01-13-2021_20-34-06,XLM/USD,25.0,0.29699926,0.295667,0.1121433770575703,-0.015356622942429704,0.1275,False,Bittrex,Kraken
435,01-13-2021_20-34-19,XLM/USD,25.0,0.29699914,0.295748,0.10531511976768551,-0.02218488023231449,0.1275,False,Bittrex,Kraken
436,01-13-2021_20-34-30,XLM/USD,25.0,0.29699912,0.295644,0.11406767804564434,-0.013432321954355661,0.1275,False,Bittrex,Kraken
437,01-13-2021_20-34-42,XLM/USD,25.0,0.29699912,0.296,0.0841012592899282,-0.0783987407100718,0.1625,False,Bittrex,Binance US
438,01-13-2021_20-34-53,XLM/USD,25.0,0.29699912,0.296399,0.05051530119011648,-0.07698469880988353,0.1275,False,Bittrex,Kraken
439,01-13-2021_20-35-08,XLM/USD,25.0,0.29699911,0.29676,0.02012716469082911,-0.16237283530917088,0.1825,False,Bittrex,Coinbase Pro
440,01-13-2021_20-35-19,XLM/USD,25.0,0.29699911,0.2966,0.0335952185176612,-0.1289047814823388,0.1625,False,Bittrex,Binance US
441,01-13-2021_20-35-32,XLM/USD,25.0,0.29699911,0.296254,0.0627198849181731,-0.1197801150818269,0.1825,False,Bittrex,Coinbase Pro
442,01-13-2021_20-35-43,XLM/USD,25.0,0.29699911,0.296446,0.046558220325982065,-0.13594177967401794,0.1825,False,Bittrex,Coinbase Pro
443,01-13-2021_20-35-55,XLM/USD,25.0,0.297,0.296623,0.03173400673400343,-0.05826599326599657,0.09,False,Binance US,Kraken
444,01-13-2021_20-36-07,XLM/USD,25.0,0.297,0.296623,0.03173400673400343,-0.05826599326599657,0.09,False,Binance US,Kraken
445,01-13-2021_20-36-18,XLM/USD,25.0,0.29699911,0.296144,0.07197917192411724,-0.12052082807588277,0.1925,False,Bittrex,Coinbase Pro
446,01-13-2021_20-36-31,XLM/USD,25.0,0.29699911,0.296208,0.06659195039338534,-0.06090804960661467,0.1275,False,Bittrex,Kraken
447,01-13-2021_20-36-42,XLM/USD,25.0,0.29699911,0.296148,0.0716424705784462,-0.05585752942155381,0.1275,False,Bittrex,Kraken
448,01-13-2021_20-36-55,XLM/USD,25.0,0.29699911,0.296311,0.057921890742367844,-0.06957810925763216,0.1275,False,Bittrex,Kraken
449,01-13-2021_20-37-06,XLM/USD,25.0,0.29699911,0.296406,0.04992523378268775,-0.07757476621731225,0.1275,False,Bittrex,Kraken
450,01-13-2021_20-37-18,XLM/USD,25.0,0.29699907,0.296421,0.04865924327641718,-0.07884074672358282,0.12749999,False,Bittrex,Kraken
451,01-13-2021_20-37-30,XLM/USD,25.0,0.29699907,0.296325,0.056740076660843686,-0.1257599233391563,0.1825,False,Bittrex,Coinbase Pro
452,01-13-2021_20-37-42,XLM/USD,25.0,0.29699904,0.296144,0.07197329661402051,-0.055526703385979495,0.1275,False,Bittrex,Kraken
453,01-13-2021_20-37-52,XLM/USD,25.0,0.297,0.296421,0.04873737373737342,-0.04126261626262658,0.08999999,False,Binance US,Kraken
454,01-13-2021_20-38-05,XLM/USD,25.0,0.296999,0.296299,0.05892275731568405,-0.06857723268431595,0.12749999,False,Bittrex,Kraken
455,01-13-2021_20-38-16,XLM/USD,25.0,0.2969989,0.296334,0.05596822075772198,-0.07153177924227802,0.1275,False,Bittrex,Kraken
456,01-13-2021_20-38-27,XLM/USD,25.0,0.29879435,0.296623,0.18167595873214812,0.054175958732148116,0.1275,True,Bittrex,Kraken
457,01-13-2021_20-38-38,XLM/USD,25.0,0.29879375,0.296419,0.19869475181459087,0.07119475181459087,0.1275,True,Bittrex,Kraken
458,01-13-2021_20-38-50,XLM/USD,25.0,0.29879345,0.296258,0.21214069451656273,0.08464069451656273,0.1275,True,Bittrex,Kraken
459,01-13-2021_20-39-03,XLM/USD,25.0,0.29879289,0.296612,0.18247505822511298,0.05497505822511298,0.1275,True,Bittrex,Kraken
460,01-13-2021_20-39-15,XLM/USD,25.0,0.29879262,0.296623,0.18153226140591952,0.05403226140591952,0.1275,True,Bittrex,Kraken
461,01-13-2021_20-39-26,XLM/USD,25.0,0.29879244,0.296721,0.17331763815710835,0.04581763815710835,0.1275,True,Bittrex,Kraken
462,01-13-2021_20-39-38,XLM/USD,25.0,0.29879222,0.29676,0.17003622115729566,0.04253622115729566,0.1275,True,Bittrex,Kraken
463,01-13-2021_20-39-49,XLM/USD,25.0,0.29879201,0.29676,0.17001876991288797,0.04251876991288797,0.1275,True,Bittrex,Kraken
464,01-13-2021_20-40-00,XLM/USD,25.0,0.29879181,0.29676,0.17000214965731217,0.042502149657312166,0.1275,True,Bittrex,Kraken
465,01-13-2021_20-40-11,XLM/USD,25.0,0.29879128,0.29676,0.16995810587243113,0.04245810587243112,0.1275,True,Bittrex,Kraken
466,01-13-2021_20-40-22,XLM/USD,25.0,0.29879084,0.29765,0.09545473348513431,-0.032045266514865695,0.1275,False,Bittrex,Kraken
467,01-13-2021_20-40-35,XLM/USD,25.0,0.29879058,0.297676,0.09325762545793581,-0.03424237454206419,0.1275,False,Bittrex,Kraken
468,01-13-2021_20-40-46,XLM/USD,25.0,0.29879027,0.297677,0.09314811355804854,-0.03435188644195146,0.1275,False,Bittrex,Kraken
469,01-13-2021_20-40-57,XLM/USD,25.0,0.2989,0.298509,0.03270324523251712,-0.057296754767482874,0.09,False,Binance US,Kraken
470,01-13-2021_20-41-08,XLM/USD,25.0,0.2989,0.298509,0.03270324523251712,-0.057296754767482874,0.09,False,Binance US,Kraken
471,01-13-2021_20-41-19,XLM/USD,25.0,0.29976178,0.298569,0.09947732496117455,-0.028022675038825454,0.1275,False,Bittrex,Kraken
472,01-13-2021_20-41-30,XLM/USD,25.0,0.29976138,0.298785,0.08142976923845216,-0.04607023076154784,0.1275,False,Bittrex,Kraken
473,01-13-2021_20-41-41,XLM/USD,25.0,0.29976146,0.298785,0.08143641947833762,-0.04606358052166239,0.1275,False,Bittrex,Kraken
474,01-13-2021_20-41-52,XLM/USD,25.0,0.29976139,0.299195,0.04723673719287428,-0.08026326280712573,0.1275,False,Bittrex,Kraken
475,01-13-2021_20-42-03,XLM/USD,25.0,0.29976139,0.299195,0.04723673719287428,-0.08026326280712573,0.1275,False,Bittrex,Kraken
476,01-13-2021_20-42-14,XLM/USD,25.0,0.29999999,0.299555,0.03708250123608158,-0.09041749876391841,0.1275,False,Bittrex,Kraken
477,01-13-2021_20-42-26,XLM/USD,25.0,0.29999999,0.29935,0.05416583513886027,-0.07333416486113972,0.1275,False,Bittrex,Kraken
478,01-13-2021_20-42-37,XLM/USD,25.0,0.3001,0.299962,0.011496167944016285,-0.1335038320559837,0.145,False,Binance US,Coinbase Pro
479,01-13-2021_20-42-48,XLM/USD,25.0,0.29999997,0.2988,0.09999750999975054,-0.06250249000024946,0.1625,False,Bittrex,Binance US
480,01-13-2021_20-42-58,XLM/USD,25.0,0.29999965,0.298683,0.10972096134112409,-0.01777903865887591,0.1275,False,Bittrex,Kraken
481,01-13-2021_20-43-09,XLM/USD,25.0,0.29999932,0.298503,0.12469361597219583,-0.0028063840278041707,0.1275,False,Bittrex,Kraken
482,01-13-2021_20-43-19,XLM/USD,25.0,0.29999909,0.299108,0.07425772524843648,-0.05324226475156353,0.12749999,False,Bittrex,Kraken
483,01-13-2021_20-43-30,XLM/USD,25.0,0.29999896,0.298673,0.11049704972310233,-0.07200295027689767,0.1825,False,Bittrex,Coinbase Pro
484,01-13-2021_20-43-47,XLM/USD,25.0,0.29999891,0.298919,0.08999282697393944,-0.03750717302606056,0.1275,False,Bittrex,Kraken
485,01-13-2021_20-43-57,XLM/USD,25.0,0.29999869,0.298909,0.09080789652781751,-0.036692093472182497,0.12749999,False,Bittrex,Kraken
486,01-13-2021_20-44-09,XLM/USD,25.0,0.29999866,0.29903,0.08072202722505116,-0.04677797277494884,0.1275,False,Bittrex,Kraken
487,01-13-2021_20-44-20,XLM/USD,25.0,0.3,0.299691,0.025750000000000314,-0.06424999999999968,0.09,False,Binance US,Kraken
488,01-13-2021_20-44-32,XLM/USD,25.0,0.29999866,0.299726,0.02272176815722945,-0.10477823184277055,0.1275,False,Bittrex,Kraken
489,01-13-2021_20-44-43,XLM/USD,25.0,0.299941,0.29761225,0.19410067313238188,0.011600673132381889,0.1825,True,Coinbase Pro,Bittrex
490,01-13-2021_20-44-53,XLM/USD,25.0,0.3002,0.299883,0.026399067288475325,-0.06360093271152467,0.09,False,Binance US,Kraken
491,01-13-2021_20-45-04,XLM/USD,25.0,0.3001,0.299889,0.01757747417527168,-0.07242252582472831,0.09,False,Binance US,Kraken
492,01-13-2021_20-45-14,XLM/USD,25.0,0.29999999,0.299262,0.06149916871664077,-0.12100083128335923,0.1825,False,Bittrex,Coinbase Pro
493,01-13-2021_20-45-25,XLM/USD,25.0,0.29999985,0.299051,0.07907087286876986,-0.04842912713123014,0.1275,False,Bittrex,Kraken
494,01-13-2021_20-45-36,XLM/USD,25.0,0.29999981,0.298928,0.08931755656778174,-0.03818244343221826,0.1275,False,Bittrex,Kraken
495,01-13-2021_20-45-46,XLM/USD,25.0,0.29999977,0.299182,0.06814755224645634,-0.059352437753543666,0.12749999,False,Bittrex,Kraken
496,01-13-2021_20-45-56,XLM/USD,25.0,0.29999966,0.299032,0.08063842472354646,-0.10186156527645354,0.18249999,False,Bittrex,Coinbase Pro
497,01-13-2021_20-46-06,XLM/USD,25.0,0.29999951,0.298066,0.16112609650595985,0.03362609650595985,0.1275,True,Bittrex,Kraken
498,01-13-2021_20-46-19,XLM/USD,25.0,0.29999921,0.298791,0.10068443180234064,-0.026815558197659364,0.12749999,False,Bittrex,Kraken
499,01-13-2021_20-46-30,XLM/USD,25.0,0.29999901,0.29907,0.07741775547859374,-0.10508224452140626,0.1825,False,Bittrex,Coinbase Pro
500,01-13-2021_20-46-42,XLM/USD,25.0,0.3003,0.299889,0.03421578421578377,-0.055784215784216225,0.09,False,Binance US,Kraken
501,01-13-2021_20-46-53,XLM/USD,25.0,0.30120229,0.300468,0.06094658178063411,-0.06655341821936589,0.1275,False,Bittrex,Kraken
502,01-13-2021_20-47-03,XLM/USD,25.0,0.30120229,0.300541,0.05488753090157292,-0.12761246909842708,0.1825,False,Bittrex,Coinbase Pro
503,01-13-2021_20-47-13,XLM/USD,25.0,0.30120227,0.300502,0.058122901928993,-0.06937708807100701,0.12749999,False,Bittrex,Kraken
504,01-13-2021_20-47-24,XLM/USD,25.0,0.30120227,0.300511,0.057375895606631845,-0.07012409439336817,0.12749999,False,Bittrex,Kraken
505,01-13-2021_20-47-33,XLM/USD,25.0,0.30120213,0.300109,0.09073060007908955,-0.03676939992091045,0.1275,False,Bittrex,Kraken
506,01-13-2021_20-47-44,XLM/USD,25.0,0.30120203,0.300652,0.045652912764236234,-0.08184708723576377,0.1275,False,Bittrex,Kraken
507,01-13-2021_20-47-56,XLM/USD,25.0,0.30120202,0.300652,0.0456520842722137,-0.0818479157277863,0.1275,False,Bittrex,Kraken
508,01-13-2021_20-48-08,XLM/USD,25.0,0.30283416,0.30088,0.16132261961464633,0.03382262961464633,0.12749999,True,Bittrex,Kraken
509,01-13-2021_20-48-19,XLM/USD,25.0,0.3028336,0.300876,0.1616069022724034,0.0341069022724034,0.1275,True,Bittrex,Kraken
510,01-13-2021_20-48-32,XLM/USD,25.0,0.30283284,0.3008,0.16781865533473683,0.005318655334736827,0.1625,False,Bittrex,Binance US
511,01-13-2021_20-48-42,XLM/USD,25.0,0.30283219,0.30088,0.16116103773512488,0.03366104773512488,0.12749999,True,Bittrex,Kraken
512,01-13-2021_20-48-53,XLM/USD,25.0,0.30283144,0.301166,0.13748902689892586,-0.05501097310107414,0.1925,False,Bittrex,Coinbase Pro
513,01-13-2021_20-49-03,XLM/USD,25.0,0.3028308,0.301265,0.12926360198500336,0.0017636019850033602,0.1275,False,Bittrex,Kraken
514,01-13-2021_20-49-14,XLM/USD,25.0,0.30283028,0.301266,0.12913834111965528,0.0016383611196552905,0.12749997999999998,False,Bittrex,Kraken
515,01-13-2021_20-49-24,XLM/USD,25.0,0.30282988,0.301266,0.1291054898545693,0.0016055098545693092,0.12749997999999998,False,Bittrex,Kraken
516,01-13-2021_20-49-34,XLM/USD,25.0,0.30282967,0.301293,0.1268592671253132,-0.0006407328746868002,0.1275,False,Bittrex,Kraken
517,01-13-2021_20-49-44,XLM/USD,25.0,0.30282917,0.301796,0.08529313738171031,-0.0422068526182897,0.12749999,False,Bittrex,Kraken
518,01-13-2021_20-49-54,XLM/USD,25.0,0.30282903,0.301724,0.09122556711290251,-0.03627443288709749,0.1275,False,Bittrex,Kraken
519,01-13-2021_20-50-05,XLM/USD,25.0,0.30282862,0.301761,0.08813731013931175,-0.03936268986068825,0.1275,False,Bittrex,Kraken
520,01-13-2021_20-50-16,XLM/USD,25.0,0.3028284,0.301437,0.11486703360715071,-0.06763296639284928,0.1825,False,Bittrex,Coinbase Pro
521,01-13-2021_20-50-28,XLM/USD,25.0,0.30282833,0.301837,0.08183927177486638,-0.04566072822513362,0.1275,False,Bittrex,Kraken
522,01-13-2021_20-50-39,XLM/USD,25.0,0.30282823,0.301979,0.07010822603955869,-0.05739177396044132,0.1275,False,Bittrex,Kraken
523,01-13-2021_20-50-49,XLM/USD,25.0,0.30282823,0.301993,0.06895245532425796,-0.05854754467574204,0.1275,False,Bittrex,Kraken
524,01-13-2021_20-50-59,XLM/USD,25.0,0.30282826,0.302176,0.053847352291362734,-0.07365264770863728,0.1275,False,Bittrex,Kraken
525,01-13-2021_20-51-10,XLM/USD,25.0,0.30282826,0.302248,0.04790338920152293,-0.07959661079847707,0.1275,False,Bittrex,Kraken
526,01-13-2021_20-51-20,XLM/USD,25.0,0.3038116,0.302497,0.10817559303199739,-0.01932440696800261,0.1275,False,Bittrex,Kraken
527,01-13-2021_20-51-30,XLM/USD,25.0,0.30282996,0.3025,0.027239709043320716,-0.1552602909566793,0.1825,False,Bittrex,Coinbase Pro
528,01-13-2021_20-51-39,XLM/USD,25.0,0.30282996,0.302461,0.030459337642816886,-0.1520406623571831,0.1825,False,Bittrex,Coinbase Pro
529,01-13-2021_20-51-49,XLM/USD,25.0,0.30282996,0.302439,0.03227553839124733,-0.09522446160875267,0.1275,False,Bittrex,Kraken
530,01-13-2021_20-52-00,XLM/USD,25.0,0.30282993,0.302337,0.040693632891570734,-0.14180636710842925,0.1825,False,Bittrex,Coinbase Pro
531,01-13-2021_20-52-10,XLM/USD,25.0,0.3028299,0.302245,0.048286183101470447,-0.07921380689852955,0.12749999,False,Bittrex,Kraken
532,01-13-2021_20-52-20,XLM/USD,25.0,0.3028299,0.302439,0.03227059151028117,-0.09522940848971884,0.1275,False,Bittrex,Kraken
533,01-13-2021_20-52-30,XLM/USD,25.0,0.3028299,0.302439,0.03227059151028117,-0.09522940848971884,0.1275,False,Bittrex,Kraken
534,01-13-2021_20-52-41,XLM/USD,25.0,0.3028299,0.3025,0.0272347611646005,-0.1552652388353995,0.1825,False,Bittrex,Coinbase Pro
535,01-13-2021_20-52-51,XLM/USD,25.0,0.3029,0.302499,0.033096731594584414,-0.11190326840541558,0.145,False,Binance US,Coinbase Pro
536,01-13-2021_20-53-01,XLM/USD,25.0,0.30381149,0.303,0.06677578257491396,-0.11572421742508604,0.1825,False,Bittrex,Coinbase Pro
537,01-13-2021_20-53-11,XLM/USD,25.0,0.30282996,0.3026,0.01898425109589793,-0.14351574890410207,0.1625,False,Bittrex,Binance US
538,01-13-2021_20-53-22,XLM/USD,25.0,0.3038113,0.302794,0.08371150118511053,-0.09878849881488946,0.1825,False,Bittrex,Coinbase Pro
539,01-13-2021_20-53-32,XLM/USD,25.0,0.30381119,0.302825,0.08115155337102609,-0.046348446628973916,0.1275,False,Bittrex,Kraken
540,01-13-2021_20-53-42,XLM/USD,25.0,0.30282996,0.302348,0.03978800512340353,-0.14271199487659647,0.1825,False,Bittrex,Coinbase Pro
541,01-13-2021_20-53-52,XLM/USD,25.0,0.30282996,0.302729,0.008334710343717584,-0.17416528965628242,0.1825,False,Bittrex,Coinbase Pro
542,01-13-2021_20-54-02,XLM/USD,25.0,0.30381068,0.3027,0.09139573368519953,-0.09110426631480047,0.1825,False,Bittrex,Coinbase Pro
543,01-13-2021_20-54-14,XLM/USD,25.0,0.30282996,0.302233,0.04928178176294341,-0.1332182182370566,0.1825,False,Bittrex,Coinbase Pro
544,01-13-2021_20-54-25,XLM/USD,25.0,0.30282989,0.301661,0.0964972447072495,-0.08600275529275049,0.1825,False,Bittrex,Coinbase Pro
545,01-13-2021_20-54-37,XLM/USD,25.0,0.30282965,0.301196,0.1348654268166927,-0.0476345731833073,0.1825,False,Bittrex,Coinbase Pro
546,01-13-2021_20-54-46,XLM/USD,25.0,0.30282942,0.300405,0.20014733046743263,0.07264733046743263,0.1275,True,Bittrex,Kraken
547,01-13-2021_20-54-57,XLM/USD,25.0,0.30282917,0.300267,0.21151941868743812,0.029019418687438125,0.1825,True,Bittrex,Coinbase Pro
548,01-13-2021_20-55-08,XLM/USD,25.0,0.30282882,0.29997,0.23600957134793052,0.053509571347930523,0.1825,True,Bittrex,Coinbase Pro
549,01-13-2021_20-55-19,XLM/USD,25.0,0.30258266,0.299958,0.21685479267053842,0.08935479267053842,0.1275,True,Bittrex,Kraken
550,01-13-2021_20-55-29,XLM/USD,25.0,0.3021998,0.299794,0.19902395699798722,0.07152395699798722,0.1275,True,Bittrex,Kraken
551,01-13-2021_20-55-41,XLM/USD,25.0,0.3021996,0.3,0.1819658265596665,-0.0105341734403335,0.1925,False,Bittrex,Coinbase Pro
552,01-13-2021_20-55-51,XLM/USD,25.0,0.30219927,0.300838,0.11261360757092707,-0.014886392429072928,0.1275,False,Bittrex,Kraken
553,01-13-2021_20-56-03,XLM/USD,25.0,0.30219927,0.301112,0.08994644494012419,-0.09255355505987581,0.1825,False,Bittrex,Coinbase Pro
554,01-13-2021_20-56-13,XLM/USD,25.0,0.30219927,0.301309,0.07364925136980197,-0.053850748630198036,0.1275,False,Bittrex,Kraken
555,01-13-2021_20-56-24,XLM/USD,25.0,0.30219927,0.301265,0.07728923369007598,-0.05021076630992402,0.1275,False,Bittrex,Kraken
556,01-13-2021_20-56-34,XLM/USD,25.0,0.30219927,0.301235,0.07977103981753866,-0.04772896018246134,0.1275,False,Bittrex,Kraken
557,01-13-2021_20-56-45,XLM/USD,25.0,0.30219925,0.300645,0.12857824762966646,-0.05392175237033353,0.1825,False,Bittrex,Coinbase Pro
558,01-13-2021_20-56-56,XLM/USD,25.0,0.30219925,0.300732,0.12138100938370756,-0.0061189906162924385,0.1275,False,Bittrex,Kraken
559,01-13-2021_20-57-08,XLM/USD,25.0,0.30219925,0.300737,0.1209673750017578,-0.006532624998242198,0.1275,False,Bittrex,Kraken
560,01-13-2021_20-57-19,XLM/USD,25.0,0.30219925,0.3013,0.07439214359399987,-0.08810785640600013,0.1625,False,Bittrex,Binance US
561,01-13-2021_20-57-30,XLM/USD,25.0,0.3023,0.302076,0.01852464439298726,-0.12647535560701273,0.145,False,Binance US,Coinbase Pro
562,01-13-2021_20-57-41,XLM/USD,25.0,0.30282986,0.302229,0.049603761002958956,-0.07789623899704104,0.1275,False,Bittrex,Kraken
563,01-13-2021_20-57-53,XLM/USD,25.0,0.30282986,0.302229,0.049603761002958956,-0.07789623899704104,0.1275,False,Bittrex,Kraken
564,01-13-2021_20-58-03,XLM/USD,25.0,0.30373094,0.302709,0.08411556623108589,-0.04338443376891411,0.1275,False,Bittrex,Kraken
565,01-13-2021_20-58-14,XLM/USD,25.0,0.30373082,0.302865,0.0712654053348963,-0.05623459466510371,0.1275,False,Bittrex,Kraken
566,01-13-2021_20-58-25,XLM/USD,25.0,0.30282996,0.30244,0.0321929838117753,-0.09530701618822471,0.1275,False,Bittrex,Kraken
567,01-13-2021_20-58-37,XLM/USD,25.0,0.3029,0.302552,0.028722350610763864,-0.06127764938923613,0.09,False,Binance US,Kraken
568,01-13-2021_20-58-49,XLM/USD,25.0,0.30282996,0.3023,0.04375062493816629,-0.08374937506183372,0.1275,False,Bittrex,Kraken
569,01-13-2021_20-59-00,XLM/USD,25.0,0.30282996,0.302169,0.05456527484929069,-0.07293472515070931,0.1275,False,Bittrex,Kraken
570,01-13-2021_20-59-12,XLM/USD,25.0,0.30282992,0.301649,0.09749036686995577,-0.08500963313004423,0.1825,False,Bittrex,Coinbase Pro
571,01-13-2021_20-59-23,XLM/USD,25.0,0.30282988,0.301434,0.11523631683901336,-0.06726367316098664,0.18249999,False,Bittrex,Coinbase Pro
572,01-13-2021_20-59-34,XLM/USD,25.0,0.30282983,0.301478,0.11159980507864749,-0.015900194921352515,0.1275,False,Bittrex,Kraken
573,01-13-2021_20-59-44,XLM/USD,25.0,0.30282983,0.301516,0.10846272971193226,-0.019037270288067745,0.1275,False,Bittrex,Kraken
574,01-13-2021_20-59-56,XLM/USD,25.0,0.30282964,0.301515,0.10852966704316275,-0.018970332956837255,0.1275,False,Bittrex,Kraken
575,01-13-2021_21-00-07,XLM/USD,25.0,0.30282959,0.3005,0.1923185577736965,0.02981855777369649,0.1625,True,Bittrex,Binance US
576,01-13-2021_21-00-17,XLM/USD,25.0,0.30274368,0.300486,0.1864349406071862,0.003934940607186216,0.1825,False,Bittrex,Coinbase Pro
577,01-13-2021_21-00-28,XLM/USD,25.0,0.30274339,0.300465,0.1881453134286449,0.060645313428644904,0.1275,True,Bittrex,Kraken
578,01-13-2021_21-00-39,XLM/USD,25.0,0.30274308,0.30054,0.1819265365206716,0.05442653652067159,0.1275,True,Bittrex,Kraken
579,01-13-2021_21-00-49,XLM/USD,25.0,0.30274283,0.30061,0.1761255584484057,-0.0063744415515943065,0.1825,False,Bittrex,Coinbase Pro
580,01-13-2021_21-00-59,XLM/USD,25.0,0.30274265,0.300362,0.19659023926757466,0.06909023926757465,0.1275,True,Bittrex,Kraken
581,01-13-2021_21-01-10,XLM/USD,25.0,0.30274237,0.299989,0.22736906631205747,0.044869066312057476,0.1825,True,Bittrex,Coinbase Pro
582,01-13-2021_21-01-20,XLM/USD,25.0,0.30261274,0.299931,0.22154883498956357,0.029048834989563566,0.1925,True,Bittrex,Coinbase Pro
583,01-13-2021_21-01-31,XLM/USD,25.0,0.30261254,0.300237,0.19625260737707775,0.013752607377077758,0.1825,True,Bittrex,Coinbase Pro
584,01-13-2021_21-01-41,XLM/USD,25.0,0.30231053,0.299604,0.22382035452089943,0.04132035452089944,0.1825,True,Bittrex,Coinbase Pro
585,01-13-2021_21-01-51,XLM/USD,25.0,0.30231042,0.299996,0.19139432904760934,0.06389432904760933,0.1275,True,Bittrex,Kraken
586,01-13-2021_21-02-01,XLM/USD,25.0,0.30231006,0.3,0.19103399999325218,0.06353400999325218,0.12749999,True,Bittrex,Kraken
587,01-13-2021_21-02-11,XLM/USD,25.0,0.30230941,0.299767,0.21024899621880733,0.02774899621880733,0.1825,True,Bittrex,Coinbase Pro
588,01-13-2021_21-02-22,XLM/USD,25.0,0.3023088,0.299789,0.2083796435962136,0.025879643596213614,0.1825,True,Bittrex,Coinbase Pro
589,01-13-2021_21-02-33,XLM/USD,25.0,0.30230871,0.299664,0.2187093782378942,0.03620937823789419,0.1825,True,Bittrex,Coinbase Pro
590,01-13-2021_21-02-44,XLM/USD,25.0,0.30230861,0.299747,0.21183733404086574,0.029337334040865748,0.1825,True,Bittrex,Coinbase Pro
591,01-13-2021_21-02-55,XLM/USD,25.0,0.30230851,0.300053,0.18652385935149168,0.05902385935149168,0.1275,True,Bittrex,Kraken
592,01-13-2021_21-03-06,XLM/USD,25.0,0.30230843,0.299871,0.20156814680953636,0.019068146809536363,0.1825,True,Bittrex,Coinbase Pro
593,01-13-2021_21-03-16,XLM/USD,25.0,0.30230835,0.300103,0.18237587549268777,-0.010124124507312232,0.1925,False,Bittrex,Coinbase Pro
594,01-13-2021_21-03-27,XLM/USD,25.0,0.30230816,0.300263,0.16912874597893673,0.04162874597893673,0.1275,True,Bittrex,Kraken
595,01-13-2021_21-03-37,XLM/USD,25.0,0.30230791,0.30098,0.10981436112604429,-0.07268563887395571,0.1825,False,Bittrex,Coinbase Pro
596,01-13-2021_21-03-48,XLM/USD,25.0,0.30230759,0.300997,0.10838216136088415,-0.07411783863911585,0.1825,False,Bittrex,Coinbase Pro
597,01-13-2021_21-03-58,XLM/USD,25.0,0.30230708,0.300809,0.12388727382765999,-0.003612726172340014,0.1275,False,Bittrex,Kraken
598,01-13-2021_21-04-09,XLM/USD,25.0,0.30230665,0.301253,0.08713420627697216,-0.04036579372302784,0.1275,False,Bittrex,Kraken
599,01-13-2021_21-04-20,XLM/USD,25.0,0.3023064,0.300997,0.10828417790691502,-0.07421582209308497,0.1825,False,Bittrex,Coinbase Pro
600,01-13-2021_21-04-30,XLM/USD,25.0,0.30230598,0.301128,0.09741620063221769,-0.0850837993677823,0.1825,False,Bittrex,Coinbase Pro
601,01-13-2021_21-04-42,XLM/USD,25.0,0.30230537,0.300965,0.11084569883757234,-0.016654301162427665,0.1275,False,Bittrex,Kraken
602,01-13-2021_21-04-54,XLM/USD,25.0,0.30230505,0.301006,0.10742873795856402,-0.07507126204143598,0.1825,False,Bittrex,Coinbase Pro
603,01-13-2021_21-05-05,XLM/USD,25.0,0.30230435,0.300619,0.13937526866550004,0.011875268665500038,0.1275,True,Bittrex,Kraken
604,01-13-2021_21-05-15,XLM/USD,25.0,0.30230404,0.300593,0.14149992835027916,-0.04100007164972083,0.1825,False,Bittrex,Coinbase Pro
605,01-13-2021_21-05-25,XLM/USD,25.0,0.30230357,0.300985,0.10904353527813274,-0.018456464721867266,0.1275,False,Bittrex,Kraken
606,01-13-2021_21-05-36,XLM/USD,25.0,0.30230346,0.300985,0.10903447813663969,-0.018465521863360312,0.1275,False,Bittrex,Kraken
607,01-13-2021_21-05-46,XLM/USD,25.0,0.30230305,0.301281,0.08452197223944619,-0.042978027760553816,0.1275,False,Bittrex,Kraken
608,01-13-2021_21-05-55,XLM/USD,25.0,0.30230303,0.301669,0.05243331500844965,-0.07506668499155035,0.1275,False,Bittrex,Kraken
609,01-13-2021_21-06-05,XLM/USD,25.0,0.30230292,0.301173,0.09344269648470076,-0.034057303515299245,0.1275,False,Bittrex,Kraken
610,01-13-2021_21-06-17,XLM/USD,25.0,0.30230269,0.301173,0.09342374690744243,-0.034076253092557574,0.1275,False,Bittrex,Kraken
611,01-13-2021_21-06-27,XLM/USD,25.0,0.30230267,0.30159,0.05893679337995682,-0.06856320662004319,0.1275,False,Bittrex,Kraken
612,01-13-2021_21-06-37,XLM/USD,25.0,0.3029,0.302798,0.008418620006602096,-0.0815813799933979,0.09,False,Binance US,Kraken
613,01-13-2021_21-06-48,XLM/USD,25.0,0.30282969,0.302331,0.041169179944011466,-0.08633082005598854,0.1275,False,Bittrex,Kraken
614,01-13-2021_21-06-59,XLM/USD,25.0,0.302957,0.302691,0.021950309779934816,-0.1630496802200652,0.18499999,False,Kraken,Coinbase Pro
615,01-13-2021_21-07-11,XLM/USD,25.0,0.30282983,0.302678,0.012534267182333015,-0.11496573281766699,0.1275,False,Bittrex,Kraken
616,01-13-2021_21-07-23,XLM/USD,25.0,0.30282983,0.302466,0.03003584554401472,-0.09746415445598527,0.1275,False,Bittrex,Kraken
617,01-13-2021_21-07-36,XLM/USD,25.0,0.30282983,0.3022,0.05199537311103053,-0.07550462688896947,0.1275,False,Bittrex,Kraken
618,01-13-2021_21-07-47,XLM/USD,25.0,0.30282983,0.3022,0.05199537311103053,-0.07550462688896947,0.1275,False,Bittrex,Kraken
619,01-13-2021_21-07-58,XLM/USD,25.0,0.30282983,0.3022,0.05199537311103053,-0.07550462688896947,0.1275,False,Bittrex,Kraken
620,01-13-2021_21-08-10,XLM/USD,25.0,0.30282979,0.302037,0.06544848180226817,-0.11705151819773182,0.1825,False,Bittrex,Coinbase Pro
621,01-13-2021_21-08-21,XLM/USD,25.0,0.30282973,0.301949,0.07270835000249118,-0.05479164999750882,0.1275,False,Bittrex,Kraken
622,01-13-2021_21-08-31,XLM/USD,25.0,0.30282969,0.301975,0.07055863644017132,-0.12194136355982868,0.1925,False,Bittrex,Coinbase Pro
623,01-13-2021_21-08-42,XLM/USD,25.0,0.30282954,0.301793,0.08557124248843344,-0.041928757511566564,0.1275,False,Bittrex,Kraken
624,01-13-2021_21-08-52,XLM/USD,25.0,0.30282942,0.302,0.0684725414063159,-0.05902745859368411,0.1275,False,Bittrex,Kraken
625,01-13-2021_21-09-03,XLM/USD,25.0,0.3028293,0.301845,0.08125864967491991,-0.10124135032508008,0.1825,False,Bittrex,Coinbase Pro
626,01-13-2021_21-09-14,XLM/USD,25.0,0.30282929,0.3019,0.07671731489381126,-0.08578267510618875,0.16249999,False,Bittrex,Binance US
627,01-13-2021_21-09-24,XLM/USD,25.0,0.30282896,0.301728,0.0908895899520297,-0.036610410047970304,0.1275,False,Bittrex,Kraken
628,01-13-2021_21-09-34,XLM/USD,25.0,0.30282886,0.3016,0.10144838903399088,-0.026051610966009123,0.1275,False,Bittrex,Kraken
629,01-13-2021_21-09-44,XLM/USD,25.0,0.30282881,0.302007,0.06784443659769182,-0.11465556340230817,0.1825,False,Bittrex,Coinbase Pro
630,01-13-2021_21-09-54,XLM/USD,25.0,0.30282871,0.302007,0.06783620350923592,-0.05966378649076409,0.12749999,False,Bittrex,Kraken
631,01-13-2021_21-10-04,XLM/USD,25.0,0.30282871,0.302171,0.05429719659011013,-0.12820279340988988,0.18249999,False,Bittrex,Coinbase Pro
632,01-13-2021_21-10-14,XLM/USD,25.0,0.30282868,0.302064,0.06312810266187614,-0.06437189733812386,0.1275,False,Bittrex,Kraken
633,01-13-2021_21-10-24,XLM/USD,25.0,0.30282864,0.30201,0.06758277552611781,-0.05991722447388219,0.1275,False,Bittrex,Kraken
634,01-13-2021_21-10-36,XLM/USD,25.0,0.3028286,0.3022,0.05189404171204265,-0.11060595828795736,0.1625,False,Bittrex,Binance US
635,01-13-2021_21-10-47,XLM/USD,25.0,0.30282848,0.302289,0.04453676219621389,-0.08296323780378612,0.1275,False,Bittrex,Kraken
636,01-13-2021_21-10-59,XLM/USD,25.0,0.30282838,0.302377,0.03726368050444952,-0.1452363194955505,0.1825,False,Bittrex,Coinbase Pro
637,01-13-2021_21-11-11,XLM/USD,25.0,0.30282828,0.302203,0.05162001382433683,-0.13087998617566315,0.1825,False,Bittrex,Coinbase Pro
638,01-13-2021_21-11-21,XLM/USD,25.0,0.30282826,0.30212,0.05847043469457045,-0.06902956530542956,0.1275,False,Bittrex,Kraken
639,01-13-2021_21-11-32,XLM/USD,25.0,0.30282822,0.302305,0.04319445525915575,-0.08430554474084426,0.1275,False,Bittrex,Kraken
640,01-13-2021_21-11-41,XLM/USD,25.0,0.30282809,0.302306,0.043101186551087044,-0.08439881344891295,0.1275,False,Bittrex,Kraken
641,01-13-2021_21-11-51,XLM/USD,25.0,0.30282809,0.302213,0.05077880985214952,-0.07672119014785048,0.1275,False,Bittrex,Kraken
642,01-13-2021_21-12-01,XLM/USD,25.0,0.30282809,0.302123,0.05820876788543785,-0.12429123211456214,0.1825,False,Bittrex,Coinbase Pro
643,01-13-2021_21-12-10,XLM/USD,25.0,0.30282808,0.302123,0.058207944256690514,-0.12429205574330948,0.1825,False,Bittrex,Coinbase Pro
644,01-13-2021_21-12-20,XLM/USD,25.0,0.30282804,0.302122,0.05828720484404439,-0.06921278515595561,0.12749999,False,Bittrex,Kraken
645,01-13-2021_21-12-30,XLM/USD,25.0,0.3028279,0.302131,0.057532677801483974,-0.12496732219851603,0.1825,False,Bittrex,Coinbase Pro
646,01-13-2021_21-12-42,XLM/USD,25.0,0.30282778,0.302294,0.044066300654449844,-0.08343369934555016,0.1275,False,Bittrex,Kraken
647,01-13-2021_21-12-53,XLM/USD,25.0,0.30282774,0.301515,0.1083734931284725,-0.08412649687152751,0.19249999,False,Bittrex,Coinbase Pro
648,01-13-2021_21-13-04,XLM/USD,25.0,0.30282757,0.301603,0.10109465924783372,-0.026405340752166287,0.1275,False,Bittrex,Kraken
649,01-13-2021_21-13-15,XLM/USD,25.0,0.30282735,0.301749,0.08902349804269707,-0.09347650195730292,0.1825,False,Bittrex,Coinbase Pro
650,01-13-2021_21-13-25,XLM/USD,25.0,0.3028273,0.302239,0.048567285710373664,-0.13393271428962633,0.1825,False,Bittrex,Coinbase Pro
651,01-13-2021_21-13-35,XLM/USD,25.0,0.30282714,0.3023,0.04351822627258421,-0.1189817737274158,0.1625,False,Bittrex,Binance US
652,01-13-2021_21-13-45,XLM/USD,25.0,0.30282699,0.3023,0.043505864520200534,-0.11899412547979948,0.16249999,False,Bittrex,Binance US
653,01-13-2021_21-13-54,XLM/USD,25.0,0.30282686,0.301922,0.07470110148088843,-0.05279889851911157,0.1275,False,Bittrex,Kraken
654,01-13-2021_21-14-04,XLM/USD,25.0,0.30282636,0.301965,0.07111005792230514,-0.11138994207769486,0.1825,False,Bittrex,Coinbase Pro
655,01-13-2021_21-14-15,XLM/USD,25.0,0.30282623,0.302042,0.06474257530465549,-0.1177574246953445,0.1825,False,Bittrex,Coinbase Pro
656,01-13-2021_21-14-25,XLM/USD,25.0,0.30282583,0.3022,0.051665837091901465,-0.11083416290809854,0.1625,False,Bittrex,Binance US
657,01-13-2021_21-14-35,XLM/USD,25.0,0.30282569,0.3022,0.051654303173548174,-0.11084569682645183,0.1625,False,Bittrex,Binance US
658,01-13-2021_21-14-44,XLM/USD,25.0,0.30282563,0.302185,0.05288769646083382,-0.07461229353916618,0.12749999,False,Bittrex,Kraken
659,01-13-2021_21-14-55,XLM/USD,25.0,0.30282549,0.3021,0.059893405934883105,-0.10260659406511691,0.1625,False,Bittrex,Binance US
660,01-13-2021_21-15-06,XLM/USD,25.0,0.30282534,0.30217,0.05410214349961633,-0.07339785650038366,0.1275,False,Bittrex,Kraken
661,01-13-2021_21-15-16,XLM/USD,25.0,0.30282534,0.3022,0.05162546833101667,-0.11087453166898334,0.1625,False,Bittrex,Binance US
662,01-13-2021_21-15-26,XLM/USD,25.0,0.30282521,0.3022,0.05161475822967209,-0.11088524177032791,0.1625,False,Bittrex,Binance US
663,01-13-2021_21-15-36,XLM/USD,25.0,0.30282524,0.3022,0.051617229792335954,-0.11088277020766404,0.1625,False,Bittrex,Binance US
664,01-13-2021_21-15-46,XLM/USD,25.0,0.3028252,0.3022,0.05161393437534198,-0.11088606562465803,0.1625,False,Bittrex,Binance US
665,01-13-2021_21-15-57,XLM/USD,25.0,0.30282504,0.302266,0.046152061929886204,-0.1363479380701138,0.1825,False,Bittrex,Coinbase Pro
666,01-13-2021_21-16-08,XLM/USD,25.0,0.30282488,0.302628,0.01625361826280674,-0.17624638173719326,0.1925,False,Bittrex,Coinbase Pro
667,01-13-2021_21-16-19,XLM/USD,25.0,0.30282484,0.30247,0.02929416226224766,-0.09820583773775235,0.1275,False,Bittrex,Kraken
668,01-13-2021_21-16-30,XLM/USD,25.0,0.30282481,0.302575,0.020623310223493323,-0.10687667977650668,0.12749999,False,Bittrex,Kraken
669,01-13-2021_21-16-40,XLM/USD,25.0,0.30282468,0.302568,0.021190478926619283,-0.10630952107338072,0.1275,False,Bittrex,Kraken
670,01-13-2021_21-16-49,XLM/USD,25.0,0.30282456,0.302649,0.014493540418255626,-0.16800645958174437,0.1825,False,Bittrex,Coinbase Pro
671,01-13-2021_21-17-00,XLM/USD,25.0,0.30282454,0.302698,0.010446643458944312,-0.1170533565410557,0.1275,False,Bittrex,Kraken
672,01-13-2021_21-17-11,XLM/USD,25.0,0.3029,0.302769,0.01081214922416575,-0.07918785077583425,0.09,False,Binance US,Kraken
673,01-13-2021_21-17-21,XLM/USD,25.0,0.302901,0.302774,0.010481972657732083,-0.1745180273422679,0.185,False,Coinbase Pro,Kraken
674,01-13-2021_21-17-32,XLM/USD,25.0,0.3029,0.302774,0.010399471772863569,-0.07960052822713642,0.09,False,Binance US,Kraken
675,01-13-2021_21-17-41,XLM/USD,25.0,0.3029,0.302632,0.02211951138989687,-0.06788048861010312,0.09,False,Binance US,Kraken
676,01-13-2021_21-17-51,XLM/USD,25.0,0.3029,0.302633,0.022036975899638267,-0.06796302410036173,0.09,False,Binance US,Kraken
677,01-13-2021_21-18-01,XLM/USD,25.0,0.3029,0.302774,0.010399471772863569,-0.07960052822713642,0.09,False,Binance US,Kraken
678,01-13-2021_21-18-11,XLM/USD,25.0,0.30282973,0.30268,0.012360906572813588,-0.17013909342718642,0.1825,False,Bittrex,Coinbase Pro
679,01-13-2021_21-18-20,XLM/USD,25.0,0.30282971,0.302425,0.033410691441072185,-0.14908930855892782,0.1825,False,Bittrex,Coinbase Pro
680,01-13-2021_21-18-30,XLM/USD,25.0,0.30282971,0.302471,0.02961317765023653,-0.09788682234976348,0.1275,False,Bittrex,Kraken
681,01-13-2021_21-18-40,XLM/USD,25.0,0.30282969,0.3025,0.02721744357364643,-0.13528255642635356,0.1625,False,Bittrex,Binance US
682,01-13-2021_21-18-51,XLM/USD,25.0,0.30282965,0.302178,0.053796746784867636,-0.07370325321513237,0.1275,False,Bittrex,Kraken
683,01-13-2021_21-19-01,XLM/USD,25.0,0.30282954,0.302189,0.05287958367601975,-0.12962041632398025,0.1825,False,Bittrex,Coinbase Pro
684,01-13-2021_21-19-11,XLM/USD,25.0,0.30282941,0.302258,0.047172597932280944,-0.08032740206771906,0.1275,False,Bittrex,Kraken
685,01-13-2021_21-19-21,XLM/USD,25.0,0.30282941,0.3025,0.02719435341501589,-0.13530564658498412,0.1625,False,Bittrex,Binance US
686,01-13-2021_21-19-31,XLM/USD,25.0,0.30282939,0.302,0.06847007154754575,-0.11402992845245424,0.1825,False,Bittrex,Coinbase Pro
687,01-13-2021_21-19-42,XLM/USD,25.0,0.30282926,0.30226,0.046995128542071524,-0.08050487145792848,0.1275,False,Bittrex,Kraken
688,01-13-2021_21-19-53,XLM/USD,25.0,0.30282924,0.302099,0.06028479944671072,-0.06721520055328928,0.1275,False,Bittrex,Kraken
689,01-13-2021_21-20-04,XLM/USD,25.0,0.30282914,0.302059,0.06357875599421961,-0.11892124400578039,0.1825,False,Bittrex,Coinbase Pro
690,01-13-2021_21-20-14,XLM/USD,25.0,0.30282891,0.302056,0.06380748126062465,-0.06369250873937536,0.12749999,False,Bittrex,Kraken
691,01-13-2021_21-20-25,XLM/USD,25.0,0.30282889,0.3023,0.04366244581222122,-0.11883755418777878,0.1625,False,Bittrex,Binance US
692,01-13-2021_21-20-36,XLM/USD,25.0,0.30282879,0.3025,0.027143225054660686,-0.13535677494533932,0.1625,False,Bittrex,Binance US
693,01-13-2021_21-20-47,XLM/USD,25.0,0.303,0.30282983,0.014040429042901776,-0.07345957095709822,0.0875,False,Binance US,Bittrex
694,01-13-2021_21-20-58,XLM/USD,25.0,0.303106,0.30282983,0.02277833497192109,-0.10472166502807892,0.1275,False,Kraken,Bittrex
695,01-13-2021_21-21-08,XLM/USD,25.0,0.303106,0.30282983,0.02277833497192109,-0.10472166502807892,0.1275,False,Kraken,Bittrex
696,01-13-2021_21-21-17,XLM/USD,25.0,0.303001,0.30282983,0.014122890683528955,-0.16837710931647104,0.1825,False,Coinbase Pro,Bittrex
697,01-13-2021_21-21-28,XLM/USD,25.0,0.303038,0.30282983,0.017173588790840754,-0.11032641120915924,0.1275,False,Kraken,Bittrex
698,01-13-2021_21-21-38,XLM/USD,25.0,0.303033,0.30282983,0.016761375823753085,-0.11073862417624691,0.1275,False,Kraken,Bittrex
699,01-13-2021_21-21-48,XLM/USD,25.0,0.303032,0.30282983,0.016678931597983174,-0.11082105840201684,0.12749999,False,Kraken,Bittrex
700,01-13-2021_21-21-58,XLM/USD,25.0,0.303058,0.30282983,0.018822304641353472,-0.10867769535864653,0.1275,False,Kraken,Bittrex
701,01-13-2021_21-22-08,XLM/USD,25.0,0.303172,0.30282983,0.02821583127729267,-0.15428416872270734,0.1825,False,Coinbase Pro,Bittrex
702,01-13-2021_21-22-18,XLM/USD,25.0,0.303084,0.30282983,0.02096530994707721,-0.10653469005292279,0.1275,False,Kraken,Bittrex
703,01-13-2021_21-22-29,XLM/USD,25.0,0.30282981,0.302522,0.025411137694796623,-0.16708886230520337,0.1925,False,Bittrex,Coinbase Pro
704,01-13-2021_21-22-40,XLM/USD,25.0,0.30282965,0.301487,0.11084201959748664,-0.07165798040251335,0.1825,False,Bittrex,Coinbase Pro
705,01-13-2021_21-22-52,XLM/USD,25.0,0.30282952,0.301379,0.11974724260699639,-0.06275275739300361,0.1825,False,Bittrex,Coinbase Pro
706,01-13-2021_21-23-04,XLM/USD,25.0,0.3028294,0.301202,0.1343495710786338,-0.0481504289213662,0.1825,False,Bittrex,Coinbase Pro
707,01-13-2021_21-23-15,XLM/USD,25.0,0.30282907,0.3014,0.11797661961580974,-0.044523380384190264,0.1625,False,Bittrex,Binance US
708,01-13-2021_21-23-27,XLM/USD,25.0,0.30282886,0.3014,0.11795936490332992,-0.044540635096670084,0.1625,False,Bittrex,Binance US
709,01-13-2021_21-23-38,XLM/USD,25.0,0.30282869,0.3014,0.11794539678522618,-0.04455460321477382,0.1625,False,Bittrex,Binance US
710,01-13-2021_21-23-48,XLM/USD,25.0,0.30282825,0.3014,0.11790924393612714,-0.04459075606387286,0.1625,False,Bittrex,Binance US
711,01-13-2021_21-24-00,XLM/USD,25.0,0.30194876,0.3014,0.045434861199627176,-0.11706513880037284,0.1625,False,Bittrex,Binance US
712,01-13-2021_21-24-11,XLM/USD,25.0,0.30194876,0.3014,0.045434861199627176,-0.11706513880037284,0.1625,False,Bittrex,Binance US
713,01-13-2021_21-24-22,XLM/USD,25.0,0.30194854,0.301165,0.06487363707736188,-0.11762636292263812,0.1825,False,Bittrex,Coinbase Pro
714,01-13-2021_21-24-34,XLM/USD,25.0,0.30194812,0.300552,0.11559270513093448,-0.06690729486906552,0.1825,False,Bittrex,Coinbase Pro
715,01-13-2021_21-24-45,XLM/USD,25.0,0.30194789,0.300761,0.09826943980300673,-0.02923056019699327,0.1275,False,Bittrex,Kraken
716,01-13-2021_21-24-56,XLM/USD,25.0,0.30194787,0.300348,0.13246243465800928,0.004962434658009274,0.1275,False,Bittrex,Kraken
717,01-13-2021_21-25-07,XLM/USD,25.0,0.30194776,0.3,0.16126630646307993,-0.0012336835369200772,0.16249999,False,Bittrex,Binance US
718,01-13-2021_21-25-19,XLM/USD,25.0,0.30194735,0.300762,0.09814210987445572,-0.08435789012554427,0.1825,False,Bittrex,Coinbase Pro
719,01-13-2021_21-25-29,XLM/USD,25.0,0.30194714,0.30078,0.09663446389987425,-0.08586553610012575,0.1825,False,Bittrex,Coinbase Pro
720,01-13-2021_21-25-39,XLM/USD,25.0,0.30194697,0.300775,0.09703442296506294,-0.03046557703493706,0.1275,False,Bittrex,Kraken
721,01-13-2021_21-25-49,XLM/USD,25.0,0.30194686,0.3008,0.09495545010800674,-0.06754454989199327,0.1625,False,Bittrex,Binance US
722,01-13-2021_21-25-59,XLM/USD,25.0,0.30194671,0.300798,0.09510867000339208,-0.08739132999660791,0.1825,False,Bittrex,Coinbase Pro
723,01-13-2021_21-26-12,XLM/USD,25.0,0.30194671,0.3007,0.10322268455913827,-0.05927731544086173,0.1625,False,Bittrex,Binance US
724,01-13-2021_21-26-22,XLM/USD,25.0,0.30194665,0.300648,0.10752313363966423,-0.07497686636033576,0.1825,False,Bittrex,Coinbase Pro
725,01-13-2021_21-26-32,XLM/USD,25.0,0.30194651,0.300525,0.11769551501025916,-0.06480448498974084,0.1825,False,Bittrex,Coinbase Pro
726,01-13-2021_21-26-42,XLM/USD,25.0,0.30194634,0.3004,0.1280310269698897,-0.03446897303011032,0.1625,False,Bittrex,Binance US
727,01-13-2021_21-26-52,XLM/USD,25.0,0.30194572,0.3001,0.15281885764103523,-0.009681142358964778,0.1625,False,Bittrex,Binance US
728,01-13-2021_21-27-03,XLM/USD,25.0,0.30135105,0.3001,0.10378676297959069,-0.058713237020409315,0.1625,False,Bittrex,Binance US
729,01-13-2021_21-27-13,XLM/USD,25.0,0.30135105,0.300481,0.07217910805354844,-0.05532089194645157,0.1275,False,Bittrex,Kraken
730,01-13-2021_21-27-23,XLM/USD,25.0,0.30135105,0.3008,0.04571495602885716,-0.13678504397114283,0.1825,False,Bittrex,Coinbase Pro
731,01-13-2021_21-27-33,XLM/USD,25.0,0.30135103,0.300728,0.05168640040819043,-0.07581359959180957,0.1275,False,Bittrex,Kraken
732,01-13-2021_21-27-43,XLM/USD,25.0,0.30135093,0.300507,0.07001222793637908,-0.05748777206362092,0.1275,False,Bittrex,Kraken
733,01-13-2021_21-27-53,XLM/USD,25.0,0.30135078,0.300578,0.06410967311914482,-0.11839032688085517,0.1825,False,Bittrex,Coinbase Pro
734,01-13-2021_21-28-02,XLM/USD,25.0,0.30135056,0.3003,0.0871543095854856,-0.09534569041451439,0.1825,False,Bittrex,Coinbase Pro
735,01-13-2021_21-28-13,XLM/USD,25.0,0.30135035,0.30039,0.07967055621471808,-0.04782944378528192,0.1275,False,Bittrex,Kraken
736,01-13-2021_21-28-22,XLM/USD,25.0,0.30135011,0.30039,0.07965070926969414,-0.04784929073030586,0.1275,False,Bittrex,Kraken
737,01-13-2021_21-28-33,XLM/USD,25.0,0.30134997,0.30039,0.07963913187049862,-0.04786086812950138,0.1275,False,Bittrex,Kraken
738,01-13-2021_21-28-42,XLM/USD,25.0,0.30134993,0.300687,0.05499669437454375,-0.07250330562545626,0.1275,False,Bittrex,Kraken
739,01-13-2021_21-28-52,XLM/USD,25.0,0.30134988,0.3003,0.08709809341885277,-0.07540190658114723,0.1625,False,Bittrex,Binance US
740,01-13-2021_21-29-02,XLM/USD,25.0,0.30134963,0.300285,0.0883218273737349,-0.0941781726262651,0.1825,False,Bittrex,Coinbase Pro
741,01-13-2021_21-29-12,XLM/USD,25.0,0.3013495,0.3002,0.0953626934838095,-0.0671373065161905,0.1625,False,Bittrex,Binance US
742,01-13-2021_21-29-22,XLM/USD,25.0,0.3013494,0.300165,0.09825803535696224,-0.029241964643037757,0.1275,False,Bittrex,Kraken
743,01-13-2021_21-29-32,XLM/USD,25.0,0.3013494,0.3002,0.09535442911118847,-0.06714557088881154,0.1625,False,Bittrex,Binance US
744,01-13-2021_21-29-42,XLM/USD,25.0,0.3013494,0.30015,0.09950243803372573,-0.02799755196627428,0.12749999,False,Bittrex,Kraken
745,01-13-2021_21-29-52,XLM/USD,25.0,0.3013494,0.3002,0.09535442911118847,-0.06714557088881154,0.1625,False,Bittrex,Binance US
746,01-13-2021_21-30-01,XLM/USD,25.0,0.3013493,0.3002,0.09534616473308252,-0.06715383526691748,0.1625,False,Bittrex,Binance US
747,01-13-2021_21-30-12,XLM/USD,25.0,0.30134928,0.3002,0.09534451185680407,-0.06715548814319594,0.1625,False,Bittrex,Binance US
748,01-13-2021_21-30-22,XLM/USD,25.0,0.30134918,0.300602,0.061986231387788575,-0.06551376861221142,0.1275,False,Bittrex,Kraken
749,01-13-2021_21-30-32,XLM/USD,25.0,0.30134918,0.300602,0.061986231387788575,-0.06551376861221142,0.1275,False,Bittrex,Kraken
750,01-13-2021_21-30-41,XLM/USD,25.0,0.30134918,0.300728,0.05153324127180295,-0.07596675872819705,0.1275,False,Bittrex,Kraken
751,01-13-2021_21-30-50,XLM/USD,25.0,0.30134916,0.300635,0.05924688822759778,-0.12325311177240222,0.1825,False,Bittrex,Coinbase Pro
752,01-13-2021_21-31-03,XLM/USD,25.0,0.30134916,0.300445,0.07500933468671252,-0.052490665313287485,0.1275,False,Bittrex,Kraken
753,01-13-2021_21-31-14,XLM/USD,25.0,0.30134915,0.300624,0.06015862331119962,-0.12234136668880038,0.18249999,False,Bittrex,Coinbase Pro
754,01-13-2021_21-31-24,XLM/USD,25.0,0.30134915,0.3004,0.07874171870071722,-0.08375827129928279,0.16249999,False,Bittrex,Binance US
755,01-13-2021_21-31-36,XLM/USD,25.0,0.30134915,0.300646,0.0583334978711559,-0.12416649212884409,0.18249999,False,Bittrex,Coinbase Pro
756,01-13-2021_21-31-46,XLM/USD,25.0,0.30134909,0.300396,0.07906859781789866,-0.048431402182101346,0.1275,False,Bittrex,Kraken
757,01-13-2021_21-31-57,XLM/USD,25.0,0.30134907,0.3004,0.07873510278296167,-0.08376489721703834,0.1625,False,Bittrex,Binance US
758,01-13-2021_21-32-08,XLM/USD,25.0,0.30134896,0.300342,0.08353770326600772,-0.09896229673399227,0.1825,False,Bittrex,Coinbase Pro
759,01-13-2021_21-32-17,XLM/USD,25.0,0.30134856,0.300378,0.0805180552380945,-0.1019819447619055,0.1825,False,Bittrex,Coinbase Pro
760,01-13-2021_21-32-28,XLM/USD,25.0,0.30134804,0.300242,0.09175768987911576,-0.09074231012088424,0.1825,False,Bittrex,Coinbase Pro
761,01-13-2021_21-32-38,XLM/USD,25.0,0.30134753,0.300381,0.080183998853414,-0.102316001146586,0.1825,False,Bittrex,Coinbase Pro
762,01-13-2021_21-32-48,XLM/USD,25.0,0.30134722,0.300647,0.058090796390956344,-0.12440920360904364,0.1825,False,Bittrex,Coinbase Pro
763,01-13-2021_21-33-00,XLM/USD,25.0,0.30134711,0.300647,0.058081691906716484,-0.12441830809328351,0.1825,False,Bittrex,Coinbase Pro
764,01-13-2021_21-33-11,XLM/USD,25.0,0.301347,0.300472,0.0725907342697919,-0.1199092657302081,0.1925,False,Bittrex,Coinbase Pro
765,01-13-2021_21-33-22,XLM/USD,25.0,0.30134679,0.300533,0.06751274835215443,-0.059987251647845574,0.1275,False,Bittrex,Kraken
766,01-13-2021_21-33-32,XLM/USD,25.0,0.30134669,0.300646,0.05812989019391157,-0.06937010980608843,0.1275,False,Bittrex,Kraken
767,01-13-2021_21-33-44,XLM/USD,25.0,0.30134645,0.300966,0.03156250886645393,-0.09593749113354608,0.1275,False,Bittrex,Kraken
768,01-13-2021_21-33-54,XLM/USD,25.0,0.30134631,0.3007,0.05361854273244488,-0.10888145726755513,0.1625,False,Bittrex,Binance US
769,01-13-2021_21-34-06,XLM/USD,25.0,0.30134628,0.300696,0.05394790338875288,-0.13855209661124712,0.1925,False,Bittrex,Coinbase Pro
770,01-13-2021_21-34-16,XLM/USD,25.0,0.30134628,0.300879,0.03876603354785185,-0.08873396645214815,0.1275,False,Bittrex,Kraken
771,01-13-2021_21-34-28,XLM/USD,25.0,0.30134626,0.300966,0.031546766168590056,-0.09595323383140994,0.1275,False,Bittrex,Kraken
772,01-13-2021_21-34-39,XLM/USD,25.0,0.30134612,0.300966,0.03153516627325281,-0.09596483372674719,0.1275,False,Bittrex,Kraken
773,01-13-2021_21-34-49,XLM/USD,25.0,0.3013461,0.300966,0.0315335091444683,-0.0959664908555317,0.1275,False,Bittrex,Kraken
774,01-13-2021_21-34-59,XLM/USD,25.0,0.3013461,0.301142,0.016932357843687445,-0.11056764215631255,0.1275,False,Bittrex,Kraken
775,01-13-2021_21-35-10,XLM/USD,25.0,0.3013461,0.301238,0.008968093497808655,-0.17353190650219133,0.1825,False,Bittrex,Coinbase Pro
776,01-13-2021_21-35-21,XLM/USD,25.0,0.301346,0.300924,0.03500959030483049,-0.14749040969516952,0.1825,False,Bittrex,Coinbase Pro
777,01-13-2021_21-35-32,XLM/USD,25.0,0.3013459,0.300815,0.044044070286006945,-0.08345592971399306,0.1275,False,Bittrex,Kraken
778,01-13-2021_21-35-43,XLM/USD,25.0,0.3015,0.301074,0.03532338308457562,-0.10967661691542438,0.145,False,Binance US,Coinbase Pro
779,01-13-2021_21-35-53,XLM/USD,25.0,0.3018,0.301263,0.044483101391650896,-0.0455168986083491,0.09,False,Binance US,Kraken
780,01-13-2021_21-36-04,XLM/USD,25.0,0.3016,0.301263,0.027934350132624023,-0.06206564986737598,0.09,False,Binance US,Kraken
781,01-13-2021_21-36-15,XLM/USD,25.0,0.3014,0.301263,0.011363636363636218,-0.07863636363636378,0.09,False,Binance US,Kraken
782,01-13-2021_21-36-25,XLM/USD,25.0,0.3016,0.301329,0.022463527851456045,-0.06753647214854396,0.09,False,Binance US,Kraken
783,01-13-2021_21-36-35,XLM/USD,25.0,0.3019,0.30135105,0.04545793309042668,-0.042042066909573315,0.0875,False,Binance US,Bittrex
784,01-13-2021_21-36-46,XLM/USD,25.0,0.3018,0.30135105,0.037189363817097705,-0.05031063618290229,0.0875,False,Binance US,Bittrex
785,01-13-2021_21-36-57,XLM/USD,25.0,0.302016,0.30135105,0.05504261363636343,-0.12745738636363657,0.1825,False,Coinbase Pro,Bittrex
786,01-13-2021_21-37-07,XLM/USD,25.0,0.3021,0.30135105,0.06197864945382079,-0.025521350546179204,0.0875,False,Binance US,Bittrex
787,01-13-2021_21-37-17,XLM/USD,25.0,0.30213,0.30135105,0.0644548704200179,-0.0630451295799821,0.1275,False,Kraken,Bittrex
788,01-13-2021_21-37-27,XLM/USD,25.0,0.3021,0.30135105,0.06197864945382079,-0.025521350546179204,0.0875,False,Binance US,Bittrex
789,01-13-2021_21-37-38,XLM/USD,25.0,0.3021,0.30135105,0.06197864945382079,-0.025521350546179204,0.0875,False,Binance US,Bittrex
790,01-13-2021_21-37-49,XLM/USD,25.0,0.302222,0.30135105,0.07204554929819648,-0.11045445070180351,0.1825,False,Coinbase Pro,Bittrex
791,01-13-2021_21-38-00,XLM/USD,25.0,0.30219,0.30135105,0.06940583738707477,-0.11309416261292522,0.1825,False,Coinbase Pro,Bittrex
792,01-13-2021_21-38-13,XLM/USD,25.0,0.301897,0.30135105,0.04520995571337386,-0.13729004428662614,0.1825,False,Coinbase Pro,Bittrex
793,01-13-2021_21-38-23,XLM/USD,25.0,0.3018,0.30135105,0.037189363817097705,-0.05031063618290229,0.0875,False,Binance US,Bittrex
794,01-13-2021_21-38-35,XLM/USD,25.0,0.3018,0.30135105,0.037189363817097705,-0.05031063618290229,0.0875,False,Binance US,Bittrex
795,01-13-2021_21-38-45,XLM/USD,25.0,0.30134719,0.300914,0.03593778325923433,-0.14656221674076567,0.1825,False,Bittrex,Coinbase Pro
796,01-13-2021_21-38-57,XLM/USD,25.0,0.30142,0.30035108,0.08865702342246937,-0.09384297657753063,0.1825,False,Coinbase Pro,Bittrex
797,01-13-2021_21-39-09,XLM/USD,25.0,0.30282924,0.301413,0.11691737561406,-0.010582624385940001,0.1275,False,Bittrex,Kraken
798,01-13-2021_21-39-20,XLM/USD,25.0,0.30134719,0.301171,0.014616861036597437,-0.11288313896340256,0.1275,False,Bittrex,Kraken
799,01-13-2021_21-39-31,XLM/USD,25.0,0.30282856,0.301377,0.11983347937856476,-0.007666520621435247,0.1275,False,Bittrex,Kraken
800,01-13-2021_21-39-41,XLM/USD,25.0,0.30282834,0.3014,0.11791663884562228,-0.04458336115437772,0.1625,False,Bittrex,Binance US
801,01-13-2021_21-39-52,XLM/USD,25.0,0.30282797,0.3014,0.11788623752290785,-0.06461376247709215,0.1825,False,Bittrex,Coinbase Pro
802,01-13-2021_21-40-03,XLM/USD,25.0,0.30282755,0.301753,0.08870972934926226,-0.03879027065073774,0.1275,False,Bittrex,Kraken
803,01-13-2021_21-40-14,XLM/USD,25.0,0.30282732,0.3018,0.08481070994519238,-0.07768929005480762,0.1625,False,Bittrex,Binance US
804,01-13-2021_21-40-25,XLM/USD,25.0,0.30282718,0.3018,0.0847991914067919,-0.07770079859320811,0.16249999,False,Bittrex,Binance US
805,01-13-2021_21-40-35,XLM/USD,25.0,0.30282707,0.3018,0.08479014111915122,-0.042709858880848786,0.1275,False,Bittrex,Kraken
806,01-13-2021_21-40-46,XLM/USD,25.0,0.30282686,0.3018,0.08477286327903368,-0.07772713672096633,0.1625,False,Bittrex,Binance US
807,01-13-2021_21-40-57,XLM/USD,25.0,0.30282684,0.3018,0.08477121776920214,-0.07772878223079786,0.1625,False,Bittrex,Binance US
808,01-13-2021_21-41-08,XLM/USD,25.0,0.30282674,0.3018,0.0847629902167796,-0.0777370097832204,0.1625,False,Bittrex,Binance US
809,01-13-2021_21-41-19,XLM/USD,25.0,0.3028267,0.301897,0.07675181877951794,-0.10574818122048206,0.1825,False,Bittrex,Coinbase Pro
810,01-13-2021_21-41-30,XLM/USD,25.0,0.30282656,0.301606,0.10076394884253524,-0.08173605115746475,0.1825,False,Bittrex,Coinbase Pro
811,01-13-2021_21-41-41,XLM/USD,25.0,0.30282656,0.301567,0.10398361359056883,-0.02351638640943117,0.1275,False,Bittrex,Kraken
812,01-13-2021_21-41-51,XLM/USD,25.0,0.30282626,0.301999,0.06829493584869392,-0.05920506415130608,0.1275,False,Bittrex,Kraken
813,01-13-2021_21-42-03,XLM/USD,25.0,0.30282605,0.302,0.06819509087808187,-0.05930490912191813,0.1275,False,Bittrex,Kraken
814,01-13-2021_21-42-15,XLM/USD,25.0,0.30282591,0.301646,0.09740827659033129,-0.08509172340966871,0.1825,False,Bittrex,Coinbase Pro
815,01-13-2021_21-42-26,XLM/USD,25.0,0.3028257,0.30139,0.1185252770818316,-0.07397472291816841,0.1925,False,Bittrex,Coinbase Pro
816,01-13-2021_21-42-38,XLM/USD,25.0,0.30282547,0.301424,0.11569948194912076,-0.011800518050879241,0.1275,False,Bittrex,Kraken
817,01-13-2021_21-42-49,XLM/USD,25.0,0.30282544,0.301488,0.11041344478852429,-0.017086555211475715,0.1275,False,Bittrex,Kraken
818,01-13-2021_21-43-01,XLM/USD,25.0,0.30282518,0.301488,0.11039207505796322,-0.01710792494203678,0.1275,False,Bittrex,Kraken
819,01-13-2021_21-43-13,XLM/USD,25.0,0.30282467,0.301488,0.1103501574029652,-0.01714984259703481,0.1275,False,Bittrex,Kraken
820,01-13-2021_21-43-24,XLM/USD,25.0,0.30282428,0.301488,0.1103181026303458,-0.017181897369654198,0.1275,False,Bittrex,Kraken
821,01-13-2021_21-43-35,XLM/USD,25.0,0.30282383,0.301488,0.11028111625165346,-0.017218883748346542,0.1275,False,Bittrex,Kraken
822,01-13-2021_21-43-47,XLM/USD,25.0,0.30282352,0.301488,0.11025563668238471,-0.017244363317615294,0.1275,False,Bittrex,Kraken
823,01-13-2021_21-43-59,XLM/USD,25.0,0.30282326,0.301488,0.11023426668083594,-0.01726573331916406,0.1275,False,Bittrex,Kraken
824,01-13-2021_21-44-10,XLM/USD,25.0,0.30282285,0.301798,0.08460804724610166,-0.042891952753898344,0.1275,False,Bittrex,Kraken
825,01-13-2021_21-44-20,XLM/USD,25.0,0.30282283,0.301794,0.0849366277965222,-0.04256336220347781,0.12749999,False,Bittrex,Kraken
826,01-13-2021_21-44-30,XLM/USD,25.0,0.30282281,0.301422,0.11564601094613502,-0.011853989053864977,0.1275,False,Bittrex,Kraken
827,01-13-2021_21-44-42,XLM/USD,25.0,0.30282281,0.301422,0.11564601094613502,-0.011853989053864977,0.1275,False,Bittrex,Kraken
828,01-13-2021_21-44-52,XLM/USD,25.0,0.30282282,0.30138,0.11911420678269981,-0.008385793217300194,0.1275,False,Bittrex,Kraken
829,01-13-2021_21-45-03,XLM/USD,25.0,0.3028225,0.301434,0.11462985742473022,-0.012870142575269777,0.1275,False,Bittrex,Kraken
830,01-13-2021_21-45-14,XLM/USD,25.0,0.30282248,0.301553,0.10480397624377072,-0.022696023756229283,0.1275,False,Bittrex,Kraken
831,01-13-2021_21-45-24,XLM/USD,25.0,0.30282207,0.301442,0.11393406695885895,-0.06856593304114104,0.1825,False,Bittrex,Coinbase Pro
832,01-13-2021_21-45-36,XLM/USD,25.0,0.30282145,0.301442,0.11388311495107137,-0.06861688504892863,0.1825,False,Bittrex,Coinbase Pro
833,01-13-2021_21-45-45,XLM/USD,25.0,0.30282134,0.301799,0.0844012512460326,-0.043098738753967414,0.12749999,False,Bittrex,Kraken
834,01-13-2021_21-45-56,XLM/USD,25.0,0.30282103,0.301635,0.09791509526270391,-0.08458490473729609,0.1825,False,Bittrex,Coinbase Pro
835,01-13-2021_21-46-07,XLM/USD,25.0,0.3028208,0.301799,0.08435682093172076,-0.04314316906827925,0.12749999,False,Bittrex,Kraken
836,01-13-2021_21-46-18,XLM/USD,25.0,0.3028207,0.301799,0.08434859307834754,-0.043151406921652466,0.1275,False,Bittrex,Kraken
837,01-13-2021_21-46-29,XLM/USD,25.0,0.3028207,0.302072,0.06181050370730857,-0.06568949629269144,0.1275,False,Bittrex,Kraken
838,01-13-2021_21-46-39,XLM/USD,25.0,0.30282051,0.302072,0.0617948566297557,-0.0657051433702443,0.1275,False,Bittrex,Kraken
839,01-13-2021_21-46-49,XLM/USD,25.0,0.30419424,0.302852,0.11031109596289483,-0.01718890403710517,0.1275,False,Bittrex,Kraken
840,01-13-2021_21-46-59,XLM/USD,25.0,0.30332,0.3028204,0.041177634181721365,-0.14132236581827862,0.1825,False,Coinbase Pro,Bittrex
841,01-13-2021_21-47-11,XLM/USD,25.0,0.30419392,0.303524,0.05505698470238907,-0.07244301529761094,0.1275,False,Bittrex,Kraken
842,01-13-2021_21-47-22,XLM/USD,25.0,0.3041937,0.304,0.015919133104993533,-0.14658086689500646,0.1625,False,Bittrex,Binance US
843,01-13-2021_21-47-34,XLM/USD,25.0,0.304535,0.30419373,0.028015663224260315,-0.09948433677573969,0.1275,False,Kraken,Bittrex
844,01-13-2021_21-47-44,XLM/USD,25.0,0.304397,0.30419373,0.01669448122024672,-0.11080551877975328,0.1275,False,Kraken,Bittrex
845,01-13-2021_21-47-54,XLM/USD,25.0,0.30499989,0.303997,0.0822041280080444,-0.1002958719919556,0.1825,False,Bittrex,Coinbase Pro
846,01-13-2021_21-48-04,XLM/USD,25.0,0.30499967,0.304364,0.05210415473564095,-0.07539584526435905,0.1275,False,Bittrex,Kraken
847,01-13-2021_21-48-14,XLM/USD,25.0,0.30499965,0.3046,0.03275823431273029,-0.12974176568726972,0.1625,False,Bittrex,Binance US
848,01-13-2021_21-48-23,XLM/USD,25.0,0.30499963,0.304582,0.03423200874046979,-0.09326798125953022,0.12749999,False,Bittrex,Kraken
849,01-13-2021_21-48-35,XLM/USD,25.0,0.30499963,0.3048,0.01636313460445888,-0.14613686539554113,0.1625,False,Bittrex,Binance US
850,01-13-2021_21-48-45,XLM/USD,25.0,0.30499963,0.304728,0.022264781108096973,-0.160235218891903,0.1825,False,Bittrex,Coinbase Pro
851,01-13-2021_21-48-57,XLM/USD,25.0,0.30499963,0.304586,0.033904139490267424,-0.09359586050973258,0.1275,False,Bittrex,Kraken
852,01-13-2021_21-49-07,XLM/USD,25.0,0.30499963,0.304678,0.026363146735622036,-0.10113684326437797,0.12749999,False,Bittrex,Kraken
853,01-13-2021_21-49-17,XLM/USD,25.0,0.305,0.3049,0.008196721311474508,-0.1368032786885255,0.145,False,Binance US,Coinbase Pro
854,01-13-2021_21-49-29,XLM/USD,25.0,0.305721,0.305,0.05895898548022765,-0.10604100451977233,0.16499998999999999,False,Kraken,Binance US
855,01-13-2021_21-49-39,XLM/USD,25.0,0.3059,0.305,0.073553448839491,-0.013946551160508996,0.0875,False,Binance US,Bittrex
856,01-13-2021_21-49-50,XLM/USD,25.0,0.306,0.305,0.08169934640522884,-0.005800653594771152,0.0875,False,Binance US,Bittrex
857,01-13-2021_21-50-01,XLM/USD,25.0,0.306081,0.305,0.08829362162303432,-0.03920637837696568,0.1275,False,Kraken,Bittrex
858,01-13-2021_21-50-12,XLM/USD,25.0,0.3064,0.3052,0.09791122715404527,0.010411227154045272,0.0875,True,Binance US,Bittrex
859,01-13-2021_21-50-23,XLM/USD,25.0,0.3065,0.306,0.04078303425774881,-0.04671696574225118,0.0875,False,Binance US,Bittrex
860,01-13-2021_21-50-34,XLM/USD,25.0,0.3065,0.306,0.04078303425774881,-0.049216965742251186,0.09,False,Binance US,Kraken
861,01-13-2021_21-50-45,XLM/USD,25.0,0.306697,0.306,0.056815032426140714,-0.12568496757385927,0.1825,False,Coinbase Pro,Bittrex
862,01-13-2021_21-50-54,XLM/USD,25.0,0.30671,0.306,0.05787225718104957,-0.13462774281895043,0.1925,False,Coinbase Pro,Bittrex
863,01-13-2021_21-51-04,XLM/USD,25.0,0.307107,0.306,0.09011517158514984,-0.03738482841485016,0.1275,False,Kraken,Bittrex
864,01-13-2021_21-51-15,XLM/USD,25.0,0.3065,0.306,0.04078303425774881,-0.04671696574225118,0.0875,False,Binance US,Bittrex
865,01-13-2021_21-51-25,XLM/USD,25.0,0.307313,0.306,0.10681292363160756,-0.07568707636839243,0.1825,False,Coinbase Pro,Bittrex
866,01-13-2021_21-51-35,XLM/USD,25.0,0.307736,0.30640134,0.10842572854654536,-0.01907425145345462,0.12749997999999998,False,Kraken,Bittrex
867,01-13-2021_21-51-45,XLM/USD,25.0,0.307695,0.30640134,0.10510895529663905,-0.07739103470336095,0.18249999,False,Coinbase Pro,Bittrex
868,01-13-2021_21-51-56,XLM/USD,25.0,0.308,0.307772,0.01850649350649399,-0.071493506493506,0.09,False,Binance US,Kraken
869,01-13-2021_21-52-10,XLM/USD,25.0,0.308499,0.308,0.04043773237514766,-0.14456226762485233,0.185,False,Coinbase Pro,Kraken
870,01-13-2021_21-52-20,XLM/USD,25.0,0.308423,0.308,0.03428732617217318,-0.13071267382782684,0.165,False,Kraken,Binance US
871,01-13-2021_21-52-30,XLM/USD,25.0,0.308637,0.308,0.05159783175704781,-0.16840216824295218,0.22,False,Coinbase Pro,Binance US
872,01-13-2021_21-52-39,XLM/USD,25.0,0.308874,0.308,0.07074081988124493,-0.09425918011875507,0.165,False,Kraken,Binance US
873,01-13-2021_21-52-50,XLM/USD,25.0,0.309,0.308,0.08090614886731398,-0.04659385113268602,0.1275,False,Kraken,Bittrex
874,01-13-2021_21-53-02,XLM/USD,25.0,0.308874,0.308,0.07074081988124493,-0.05675918011875507,0.1275,False,Kraken,Bittrex
875,01-13-2021_21-53-11,XLM/USD,25.0,0.308611,0.308,0.04949596741529208,-0.07800403258470792,0.1275,False,Kraken,Bittrex
876,01-13-2021_21-53-22,XLM/USD,25.0,0.308234,0.307739,0.04014806932395706,-0.14485193067604293,0.185,False,Kraken,Coinbase Pro
877,01-13-2021_21-53-32,XLM/USD,25.0,0.308,0.30668,0.10714285714285617,-0.07535714285714383,0.1825,False,Bittrex,Coinbase Pro
878,01-13-2021_21-53-42,XLM/USD,25.0,0.3079997,0.307019,0.07960235026202957,-0.047897649737970435,0.1275,False,Bittrex,Kraken
879,01-13-2021_21-53-53,XLM/USD,25.0,0.308,0.307171,0.0672889610389585,-0.07771103896104149,0.145,False,Binance US,Coinbase Pro
880,01-13-2021_21-54-05,XLM/USD,25.0,0.30802,0.307685,0.027189792870595232,-0.15781020712940477,0.185,False,Kraken,Coinbase Pro
881,01-13-2021_21-54-15,XLM/USD,25.0,0.30799999,0.307581,0.034008929675615245,-0.09349107032438475,0.1275,False,Bittrex,Kraken
882,01-13-2021_21-54-26,XLM/USD,25.0,0.30799999,0.30772,0.022726461776833802,-0.10477353822316621,0.1275,False,Bittrex,Kraken
883,01-13-2021_21-54-37,XLM/USD,25.0,0.308,0.3077,0.024350649350651177,-0.13814935064934883,0.1625,False,Bittrex,Binance US
884,01-13-2021_21-54-47,XLM/USD,25.0,0.308225,0.3077,0.042582528996678824,-0.18741747100332118,0.23,False,Coinbase Pro,Binance US
885,01-13-2021_21-54-57,XLM/USD,25.0,0.308497,0.3077,0.06458733796439249,-0.1654126620356075,0.23,False,Coinbase Pro,Binance US
886,01-13-2021_21-55-08,XLM/USD,25.0,0.30808,0.3077,0.03083614645546992,-0.18916385354453008,0.22,False,Coinbase Pro,Binance US
887,01-13-2021_21-55-18,XLM/USD,25.0,0.3085,0.3077,0.06482982171799213,-0.15517017828200785,0.22,False,Coinbase Pro,Binance US
888,01-13-2021_21-55-30,XLM/USD,25.0,0.308692,0.3077,0.08033897865834297,-0.13966102134165703,0.22,False,Coinbase Pro,Binance US
889,01-13-2021_21-55-41,XLM/USD,25.0,0.308843,0.3077,0.0925227380902275,-0.1274772619097725,0.22,False,Coinbase Pro,Binance US
890,01-13-2021_21-55-53,XLM/USD,25.0,0.308699,0.3077,0.08090405216732381,-0.1390959478326762,0.22,False,Coinbase Pro,Binance US
891,01-13-2021_21-56-03,XLM/USD,25.0,0.308445,0.3077,0.06038353677317278,-0.1596164632268272,0.22,False,Coinbase Pro,Binance US
892,01-13-2021_21-56-13,XLM/USD,25.0,0.308395,0.3077,0.05634008333468452,-0.1736599166653155,0.23,False,Coinbase Pro,Binance US
893,01-13-2021_21-56-24,XLM/USD,25.0,0.308501,0.3077,0.06491064858785317,-0.15508935141214683,0.22,False,Coinbase Pro,Binance US
894,01-13-2021_21-56-36,XLM/USD,25.0,0.309041,0.3077,0.10848075174491706,-0.11151924825508294,0.22,False,Coinbase Pro,Binance US
895,01-13-2021_21-56-48,XLM/USD,25.0,0.308911,0.3077,0.09800557442111302,-0.12199442557888698,0.22,False,Coinbase Pro,Binance US
896,01-13-2021_21-57-00,XLM/USD,25.0,0.308706,0.308,0.057174139796439365,-0.12532586020356062,0.1825,False,Coinbase Pro,Bittrex
897,01-13-2021_21-57-11,XLM/USD,25.0,0.30962403,0.308724,0.07267120061708357,-0.05482879938291643,0.1275,False,Bittrex,Kraken
898,01-13-2021_21-57-24,XLM/USD,25.0,0.30962378,0.308,0.13110911571456327,0.0036091157145632657,0.1275,False,Bittrex,Kraken
899,01-13-2021_21-57-35,XLM/USD,25.0,0.30962369,0.307872,0.14143701342749548,-0.04106298657250451,0.1825,False,Bittrex,Coinbase Pro
900,01-13-2021_21-57-46,XLM/USD,25.0,0.30962369,0.30737,0.18197008762475753,-0.0005299123752424695,0.1825,False,Bittrex,Coinbase Pro
901,01-13-2021_21-57-58,XLM/USD,25.0,0.3095437,0.306107,0.2775617788376859,0.0950617788376859,0.1825,True,Bittrex,Coinbase Pro
902,01-13-2021_21-58-09,XLM/USD,25.0,0.30869758,0.305747,0.23895393025109202,0.04645393025109201,0.1925,True,Bittrex,Coinbase Pro
903,01-13-2021_21-58-20,XLM/USD,25.0,0.30829462,0.305952,0.18996601367873506,0.062466013678735055,0.1275,True,Bittrex,Kraken
904,01-13-2021_21-58-30,XLM/USD,25.0,0.30829451,0.305834,0.1995259338221776,0.007025933822177588,0.1925,False,Bittrex,Coinbase Pro
905,01-13-2021_21-58-41,XLM/USD,25.0,0.30823407,0.305834,0.19466293910988097,0.002162939109880968,0.1925,False,Bittrex,Coinbase Pro
906,01-13-2021_21-58-53,XLM/USD,25.0,0.30823379,0.3058,0.1973980529519485,0.0348980629519485,0.16249999,True,Bittrex,Binance US
907,01-13-2021_21-59-06,XLM/USD,25.0,0.30823327,0.30589,0.19005654386367898,0.007556543863678988,0.1825,False,Bittrex,Coinbase Pro
908,01-13-2021_21-59-16,XLM/USD,25.0,0.3079997,0.3063,0.13796279671700742,-0.02453720328299258,0.1625,False,Bittrex,Binance US
909,01-13-2021_21-59-26,XLM/USD,25.0,0.30799949,0.306928,0.08697173492073057,-0.04052826507926943,0.1275,False,Bittrex,Kraken
910,01-13-2021_21-59-38,XLM/USD,25.0,0.30799949,0.306928,0.08697173492073057,-0.04052826507926943,0.1275,False,Bittrex,Kraken
911,01-13-2021_21-59-48,XLM/USD,25.0,0.30799999,0.3063,0.13798620577877166,-0.024513794221228347,0.1625,False,Bittrex,Binance US
912,01-13-2021_21-59-57,XLM/USD,25.0,0.30799988,0.306501,0.12166238506326531,-0.005837614936734695,0.1275,False,Bittrex,Kraken
913,01-13-2021_22-00-08,XLM/USD,25.0,0.30799988,0.306928,0.08700328065063086,-0.040496719349369145,0.1275,False,Bittrex,Kraken
914,01-13-2021_22-00-18,XLM/USD,25.0,0.30799988,0.306928,0.08700328065063086,-0.040496719349369145,0.1275,False,Bittrex,Kraken
915,01-13-2021_22-00-28,XLM/USD,25.0,0.30799988,0.307443,0.04520131631219969,-0.08229868368780031,0.1275,False,Bittrex,Kraken
916,01-13-2021_22-00-38,XLM/USD,25.0,0.30799988,0.307571,0.034811701874690695,-0.0926882981253093,0.1275,False,Bittrex,Kraken
917,01-13-2021_22-00-48,XLM/USD,25.0,0.30799988,0.3077,0.024340918574386305,-0.1381590814256137,0.1625,False,Bittrex,Binance US
918,01-13-2021_22-00-59,XLM/USD,25.0,0.3085,0.308,0.04051863857374396,-0.04948136142625604,0.09,False,Binance US,Kraken
919,01-13-2021_22-01-10,XLM/USD,25.0,0.3085,0.308,0.04051863857374396,-0.04948136142625604,0.09,False,Binance US,Kraken
920,01-13-2021_22-01-20,XLM/USD,25.0,0.308754,0.308,0.061051840623925276,-0.12144815937607473,0.1825,False,Coinbase Pro,Bittrex
921,01-13-2021_22-01-30,XLM/USD,25.0,0.30962352,0.308949,0.054462916770664886,-0.1280370832293351,0.1825,False,Bittrex,Coinbase Pro
922,01-13-2021_22-01-41,XLM/USD,25.0,0.30962332,0.308931,0.05590018219557626,-0.07159980780442374,0.12749999,False,Bittrex,Kraken
923,01-13-2021_22-01-53,XLM/USD,25.0,0.30962332,0.308931,0.05590018219557626,-0.07159980780442374,0.12749999,False,Bittrex,Kraken
924,01-13-2021_22-02-04,XLM/USD,25.0,0.30999989,0.309399,0.04845888816283295,-0.07904111183716706,0.1275,False,Bittrex,Kraken
925,01-13-2021_22-02-15,XLM/USD,25.0,0.309797,0.309528,0.021707763470915124,-0.16329223652908487,0.185,False,Coinbase Pro,Kraken
926,01-13-2021_22-02-26,XLM/USD,25.0,0.3097,0.309473,0.018324184694864163,-0.07167581530513584,0.09,False,Binance US,Kraken
927,01-13-2021_22-02-38,XLM/USD,25.0,0.30962377,0.308924,0.05650163745503486,-0.13599836254496514,0.1925,False,Bittrex,Coinbase Pro
928,01-13-2021_22-02-49,XLM/USD,25.0,0.30962368,0.308642,0.0792639632730921,-0.048236036726907905,0.1275,False,Bittrex,Kraken
929,01-13-2021_22-03-00,XLM/USD,25.0,0.30962346,0.307152,0.19955367723104994,0.017053677231049946,0.1825,True,Bittrex,Coinbase Pro
930,01-13-2021_22-03-12,XLM/USD,25.0,0.30938259,0.307152,0.1802452749522874,0.052745274952287396,0.1275,True,Bittrex,Kraken
931,01-13-2021_22-03-23,XLM/USD,25.0,0.30938225,0.3077,0.13593620836360618,-0.02656379163639383,0.1625,False,Bittrex,Binance US
932,01-13-2021_22-03-32,XLM/USD,25.0,0.30938204,0.307616,0.14270705565197192,0.015207055651971918,0.1275,True,Bittrex,Kraken
933,01-13-2021_22-03-44,XLM/USD,25.0,0.30938182,0.3077,0.13590165058826023,-0.026598349411739775,0.1625,False,Bittrex,Binance US
934,01-13-2021_22-03-55,XLM/USD,25.0,0.3093813,0.3077,0.13585985966185188,-0.026640130338148132,0.16249999,False,Bittrex,Binance US
935,01-13-2021_22-04-05,XLM/USD,25.0,0.30938109,0.308336,0.0844500547851863,-0.0430499452148137,0.1275,False,Bittrex,Kraken
936,01-13-2021_22-04-16,XLM/USD,25.0,0.30938077,0.308073,0.1056764129199143,-0.021823587080085707,0.1275,False,Bittrex,Kraken
937,01-13-2021_22-04-27,XLM/USD,25.0,0.30938065,0.308336,0.08441461998350416,-0.04308538001649584,0.1275,False,Bittrex,Kraken
938,01-13-2021_22-04-38,XLM/USD,25.0,0.30938049,0.30738,0.1616528889717659,-0.020847111028234083,0.1825,False,Bittrex,Coinbase Pro
939,01-13-2021_22-04-48,XLM/USD,25.0,0.30938047,0.307288,0.1690854952802946,0.04158549528029459,0.1275,True,Bittrex,Kraken
940,01-13-2021_22-04-59,XLM/USD,25.0,0.30938024,0.30706,0.187490965809579,0.059990965809578994,0.1275,True,Bittrex,Kraken
941,01-13-2021_22-05-10,XLM/USD,25.0,0.30937984,0.306988,0.1932769762890848,0.0657769762890848,0.1275,True,Bittrex,Kraken
942,01-13-2021_22-05-21,XLM/USD,25.0,0.3093797,0.306824,0.20651807471530892,0.024018074715308924,0.1825,True,Bittrex,Coinbase Pro
943,01-13-2021_22-05-32,XLM/USD,25.0,0.30937953,0.3072,0.17612105752439736,0.01362105752439735,0.1625,True,Bittrex,Binance US
944,01-13-2021_22-05-44,XLM/USD,25.0,0.309379,0.30697,0.19466414979685065,0.012164149796850654,0.1825,True,Bittrex,Coinbase Pro
945,01-13-2021_22-05-56,XLM/USD,25.0,0.30937836,0.306902,0.20010772569872134,0.01760772569872135,0.1825,True,Bittrex,Coinbase Pro
946,01-13-2021_22-06-06,XLM/USD,25.0,0.30937772,0.3069,0.20021803767899124,0.03771804767899123,0.16249999,True,Bittrex,Binance US
947,01-13-2021_22-06-17,XLM/USD,25.0,0.30937691,0.307091,0.18471885959427306,0.05721885959427306,0.1275,True,Bittrex,Kraken
948,01-13-2021_22-06-29,XLM/USD,25.0,0.30937634,0.307173,0.1780469055907809,-0.004453094409219094,0.1825,False,Bittrex,Coinbase Pro
949,01-13-2021_22-06-41,XLM/USD,25.0,0.30937559,0.306741,0.2128957556089018,0.030395755608901814,0.1825,True,Bittrex,Coinbase Pro
950,01-13-2021_22-06-52,XLM/USD,25.0,0.30937498,0.306525,0.23030142902958972,0.047801429029589726,0.1825,True,Bittrex,Coinbase Pro
951,01-13-2021_22-07-02,XLM/USD,25.0,0.30937413,0.306508,0.2316071159537501,0.04910711595375011,0.1825,True,Bittrex,Coinbase Pro
952,01-13-2021_22-07-12,XLM/USD,25.0,0.3093737,0.305602,0.30478511909706524,0.12228511909706524,0.1825,True,Bittrex,Coinbase Pro
953,01-13-2021_22-07-22,XLM/USD,25.0,0.30937295,0.305286,0.3302607742532095,0.1477607742532095,0.1825,True,Bittrex,Coinbase Pro
954,01-13-2021_22-07-34,XLM/USD,25.0,0.30937241,0.305437,0.3180155916295164,0.13551559162951643,0.1825,True,Bittrex,Coinbase Pro
955,01-13-2021_22-07-46,XLM/USD,25.0,0.30937185,0.305461,0.31603150060356344,0.13353150060356345,0.1825,True,Bittrex,Coinbase Pro
956,01-13-2021_22-07-57,XLM/USD,25.0,0.30937099,0.305463,0.3158012650119544,0.13330126501195438,0.1825,True,Bittrex,Coinbase Pro
957,01-13-2021_22-08-09,XLM/USD,25.0,0.30937053,0.305546,0.30905739470401344,0.12655739470401345,0.1825,True,Bittrex,Coinbase Pro
958,01-13-2021_22-08-19,XLM/USD,25.0,0.30937,0.305658,0.29996444386979937,0.11746444386979937,0.1825,True,Bittrex,Coinbase Pro
959,01-13-2021_22-08-30,XLM/USD,25.0,0.30936973,0.30533,0.32644838911680363,0.14394838911680363,0.1825,True,Bittrex,Coinbase Pro
960,01-13-2021_22-08-41,XLM/USD,25.0,0.30936945,0.305605,0.30420343702327224,0.12170343702327224,0.1825,True,Bittrex,Coinbase Pro
961,01-13-2021_22-08-52,XLM/USD,25.0,0.30936935,0.305216,0.33563037191628714,0.15313037191628714,0.1825,True,Bittrex,Coinbase Pro
962,01-13-2021_22-09-03,XLM/USD,25.0,0.30936908,0.305164,0.33981094684704977,0.15731094684704977,0.1825,True,Bittrex,Coinbase Pro
963,01-13-2021_22-09-15,XLM/USD,25.0,0.30936871,0.305021,0.35133724415762707,0.16883724415762708,0.1825,True,Bittrex,Coinbase Pro
964,01-13-2021_22-09-28,XLM/USD,25.0,0.30936828,0.304861,0.36423255803730126,0.18173255803730126,0.1825,True,Bittrex,Coinbase Pro
965,01-13-2021_22-09-40,XLM/USD,25.0,0.30936803,0.3045,0.39338502430260996,0.23088502430260996,0.1625,True,Bittrex,Binance US
966,01-13-2021_22-09-53,XLM/USD,25.0,0.30936701,0.30442,0.39976870837003387,0.21726870837003387,0.1825,True,Bittrex,Coinbase Pro
967,01-13-2021_22-10-04,XLM/USD,25.0,0.30936605,0.304461,0.3963791437360387,0.21387914373603872,0.1825,True,Bittrex,Coinbase Pro
968,01-13-2021_22-10-15,XLM/USD,25.0,0.30936535,0.304429,0.39890941244712586,0.21640942244712585,0.18249999,True,Bittrex,Coinbase Pro
969,01-13-2021_22-10-26,XLM/USD,25.0,0.30936512,0.304473,0.3953354534602996,0.2678354534602996,0.1275,True,Bittrex,Kraken
970,01-13-2021_22-10-38,XLM/USD,25.0,0.30936456,0.304474,0.3952101042213746,0.2677101042213746,0.1275,True,Bittrex,Kraken
971,01-13-2021_22-10-49,XLM/USD,25.0,0.30936434,0.304438,0.3981017980288249,0.2156017980288249,0.1825,True,Bittrex,Coinbase Pro
972,01-13-2021_22-11-00,XLM/USD,25.0,0.30936427,0.3042,0.41732922163247643,0.25482922163247645,0.1625,True,Bittrex,Binance US
973,01-13-2021_22-11-11,XLM/USD,25.0,0.30936411,0.3042,0.41731650772289,0.25481650772289,0.1625,True,Bittrex,Binance US
974,01-13-2021_22-11-22,XLM/USD,25.0,0.3093637,0.3042,0.4172839282695411,0.2547839282695411,0.1625,True,Bittrex,Binance US
975,01-13-2021_22-11-33,XLM/USD,25.0,0.30936325,0.304,0.4334104002333815,0.27091040023338153,0.1625,True,Bittrex,Binance US
976,01-13-2021_22-11-44,XLM/USD,25.0,0.30936261,0.304,0.4333595776166996,0.27085957761669954,0.1625,True,Bittrex,Binance US
977,01-13-2021_22-11-56,XLM/USD,25.0,0.30936169,0.3045,0.3928807409863863,0.21038074098638632,0.1825,True,Bittrex,Coinbase Pro
978,01-13-2021_22-12-07,XLM/USD,25.0,0.30936088,0.304799,0.36865359317571267,0.24115359317571267,0.1275,True,Bittrex,Kraken
979,01-13-2021_22-12-18,XLM/USD,25.0,0.30936055,0.304835,0.3657180917217781,0.1832180917217781,0.1825,True,Bittrex,Coinbase Pro
980,01-13-2021_22-12-28,XLM/USD,25.0,0.30935992,0.30448,0.39435619197212407,0.21185619197212407,0.1825,True,Bittrex,Coinbase Pro
981,01-13-2021_22-12-40,XLM/USD,25.0,0.30935955,0.304478,0.3944883873796653,0.2119883873796653,0.1825,True,Bittrex,Coinbase Pro
982,01-13-2021_22-12-51,XLM/USD,25.0,0.30935904,0.304421,0.399054121709194,0.21655412170919403,0.1825,True,Bittrex,Coinbase Pro
983,01-13-2021_22-13-02,XLM/USD,25.0,0.30935856,0.304541,0.3893184659251063,0.20681846592510633,0.1825,True,Bittrex,Coinbase Pro
984,01-13-2021_22-13-14,XLM/USD,25.0,0.3093581,0.304538,0.389524308560213,0.20702430856021298,0.1825,True,Bittrex,Coinbase Pro
985,01-13-2021_22-13-25,XLM/USD,25.0,0.30935781,0.304188,0.41778563793168794,0.23528563793168794,0.1825,True,Bittrex,Coinbase Pro
986,01-13-2021_22-13-36,XLM/USD,25.0,0.30935744,0.304313,0.40765465346493557,0.22515465346493557,0.1825,True,Bittrex,Coinbase Pro
987,01-13-2021_22-13-48,XLM/USD,25.0,0.30935679,0.304371,0.4029158370824825,0.22041583708248252,0.1825,True,Bittrex,Coinbase Pro
988,01-13-2021_22-13-59,XLM/USD,25.0,0.30935615,0.304282,0.4100573077341439,0.2275573077341439,0.1825,True,Bittrex,Coinbase Pro
989,01-13-2021_22-14-11,XLM/USD,25.0,0.30587124,0.3041,0.14477006730021488,-0.03772993269978511,0.1825,False,Bittrex,Coinbase Pro
990,01-13-2021_22-14-23,XLM/USD,25.0,0.30587124,0.304143,0.14125551653695784,0.013755516536957835,0.1275,True,Bittrex,Kraken
991,01-13-2021_22-14-34,XLM/USD,25.0,0.30587123,0.30426,0.13169185607943734,-0.05080813392056266,0.18249999,False,Bittrex,Coinbase Pro
992,01-13-2021_22-14-44,XLM/USD,25.0,0.30587122,0.3039,0.1611151908963514,-0.0013848091036486043,0.1625,False,Bittrex,Binance US
993,01-13-2021_22-14-54,XLM/USD,25.0,0.30587102,0.3039,0.16109894948530837,-0.0014010505146916374,0.1625,False,Bittrex,Binance US
994,01-13-2021_22-15-05,XLM/USD,25.0,0.30587099,0.304379,0.12194602044476321,-0.06055397955523678,0.1825,False,Bittrex,Coinbase Pro
995,01-13-2021_22-15-16,XLM/USD,25.0,0.30587077,0.304379,0.12192812670527517,-0.06057186329472483,0.18249999,False,Bittrex,Coinbase Pro
996,01-13-2021_22-15-27,XLM/USD,25.0,0.30587046,0.30435,0.12427319722211824,-0.05822680277788175,0.1825,False,Bittrex,Coinbase Pro
997,01-13-2021_22-15-39,XLM/USD,25.0,0.30587024,0.304443,0.11665404257700882,-0.010845957422991187,0.1275,False,Bittrex,Kraken
998,01-13-2021_22-15-50,XLM/USD,25.0,0.30587021,0.3044,0.12016616459641265,-0.04233383540358736,0.1625,False,Bittrex,Binance US
999,01-13-2021_22-16-01,XLM/USD,25.0,0.30587021,0.304751,0.09147752571262022,-0.036022474287379785,0.1275,False,Bittrex,Kraken
1000,01-13-2021_22-16-12,XLM/USD,25.0,0.3058701,0.305343,0.043082014227608594,-0.0844179857723914,0.1275,False,Bittrex,Kraken
1001,01-13-2021_22-16-22,XLM/USD,25.0,0.3062,0.305743,0.03731221423906276,-0.10768778576093724,0.145,False,Binance US,Coinbase Pro
1002,01-13-2021_22-16-32,XLM/USD,25.0,0.3061,0.30587134,0.0186752695197641,-0.0688247304802359,0.0875,False,Binance US,Bittrex
1003,01-13-2021_22-16-42,XLM/USD,25.0,0.3061,0.30587134,0.0186752695197641,-0.0688247304802359,0.0875,False,Binance US,Bittrex
1004,01-13-2021_22-16-52,XLM/USD,25.0,0.3061,0.30587134,0.0186752695197641,-0.0688247304802359,0.0875,False,Binance US,Bittrex
1005,01-13-2021_22-17-03,XLM/USD,25.0,0.30755477,0.306112,0.11727748524270834,-0.010222514757291662,0.1275,False,Bittrex,Kraken
1006,01-13-2021_22-17-13,XLM/USD,25.0,0.30755467,0.306423,0.09198933639992962,-0.03551066360007038,0.1275,False,Bittrex,Kraken
1007,01-13-2021_22-17-23,XLM/USD,25.0,0.30755434,0.306203,0.10984562923091726,-0.07265436076908274,0.18249999,False,Bittrex,Coinbase Pro
1008,01-13-2021_22-17-35,XLM/USD,25.0,0.30755411,0.305214,0.19021937310478523,-0.0022806268952147712,0.1925,False,Bittrex,Coinbase Pro
1009,01-13-2021_22-17-45,XLM/USD,25.0,0.30755391,0.305133,0.1967874510195626,0.014287451019562608,0.1825,True,Bittrex,Coinbase Pro
1010,01-13-2021_22-17-57,XLM/USD,25.0,0.30755351,0.30552,0.16529725185057723,0.037797251850577224,0.1275,True,Bittrex,Kraken
1011,01-13-2021_22-18-08,XLM/USD,25.0,0.3075531,0.305516,0.16558929173531448,-0.01691070826468552,0.1825,False,Bittrex,Coinbase Pro
1012,01-13-2021_22-18-18,XLM/USD,25.0,0.30755271,0.30552,0.16523265231510992,0.037732652315109916,0.1275,True,Bittrex,Kraken
1013,01-13-2021_22-18-29,XLM/USD,25.0,0.3075524,0.306012,0.12521443500359591,-0.05728556499640408,0.1825,False,Bittrex,Coinbase Pro
1014,01-13-2021_22-18-39,XLM/USD,25.0,0.30755227,0.3061,0.11805066501379044,-0.044449334986209565,0.1625,False,Bittrex,Binance US
1015,01-13-2021_22-18-48,XLM/USD,25.0,0.30755195,0.3061,0.11802477597687441,-0.04447522402312559,0.1625,False,Bittrex,Binance US
1016,01-13-2021_22-18-59,XLM/USD,25.0,0.3075519,0.306193,0.11046103113003011,-0.07203896886996988,0.1825,False,Bittrex,Coinbase Pro
1017,01-13-2021_22-19-09,XLM/USD,25.0,0.30755188,0.306031,0.12362792254757167,-0.058872077452428326,0.1825,False,Bittrex,Coinbase Pro
1018,01-13-2021_22-19-19,XLM/USD,25.0,0.30755167,0.306017,0.12474895681756627,-0.05775104318243372,0.1825,False,Bittrex,Coinbase Pro
1019,01-13-2021_22-19-30,XLM/USD,25.0,0.30755144,0.30614,0.1147320266164244,-0.012767973383575604,0.1275,False,Bittrex,Kraken
1020,01-13-2021_22-19-40,XLM/USD,25.0,0.30755128,0.3062,0.10984184491119292,-0.052658155088807085,0.1625,False,Bittrex,Binance US
1021,01-13-2021_22-19-50,XLM/USD,25.0,0.30755125,0.3062,0.1098394170077321,-0.052660582992267904,0.1625,False,Bittrex,Binance US
1022,01-13-2021_22-20-00,XLM/USD,25.0,0.30755115,0.3062,0.10983132399277061,-0.052668676007229395,0.1625,False,Bittrex,Binance US
1023,01-13-2021_22-20-11,XLM/USD,25.0,0.30755093,0.3062,0.10981351934133092,-0.052686480658669085,0.1625,False,Bittrex,Binance US
1024,01-13-2021_22-20-22,XLM/USD,25.0,0.30755077,0.3062,0.1098005704879186,-0.052699419512081416,0.16249999,False,Bittrex,Binance US
1025,01-13-2021_22-20-34,XLM/USD,25.0,0.30755056,0.3062,0.10978357509737141,-0.052716424902628595,0.1625,False,Bittrex,Binance US
1026,01-13-2021_22-20-44,XLM/USD,25.0,0.30755047,0.3062,0.1097762913514644,-0.05272370864853561,0.1625,False,Bittrex,Binance US
1027,01-13-2021_22-20-54,XLM/USD,25.0,0.30755026,0.3062,0.10975929592776087,-0.05274070407223913,0.1625,False,Bittrex,Binance US
1028,01-13-2021_22-21-05,XLM/USD,25.0,0.30754998,0.3062,0.10973663532671771,-0.0527633646732823,0.1625,False,Bittrex,Binance US
1029,01-13-2021_22-21-15,XLM/USD,25.0,0.30755047,0.3062,0.1097762913514644,-0.05272370864853561,0.1625,False,Bittrex,Binance US
1030,01-13-2021_22-21-27,XLM/USD,25.0,0.30755045,0.3062,0.10977467274067942,-0.05272532725932058,0.1625,False,Bittrex,Binance US
1031,01-13-2021_22-21-39,XLM/USD,25.0,0.30755023,0.3062,0.1097568680081911,-0.05274313199180891,0.1625,False,Bittrex,Binance US
1032,01-13-2021_22-21-50,XLM/USD,25.0,0.30754994,0.3062,0.1097333980946309,-0.05276660190536911,0.1625,False,Bittrex,Binance US
1033,01-13-2021_22-22-00,XLM/USD,25.0,0.30754972,0.3062,0.10971559330309248,-0.052784406696907524,0.1625,False,Bittrex,Binance US
1034,01-13-2021_22-22-12,XLM/USD,25.0,0.30754932,0.3062,0.10968322088957855,-0.05281677911042146,0.1625,False,Bittrex,Binance US
1035,01-13-2021_22-22-22,XLM/USD,25.0,0.30754931,0.3062,0.10968241157816225,-0.05281758842183776,0.1625,False,Bittrex,Binance US
1036,01-13-2021_22-22-32,XLM/USD,25.0,0.3075493,0.3062,0.10968160226669331,-0.052818397733306696,0.1625,False,Bittrex,Binance US
1037,01-13-2021_22-22-43,XLM/USD,25.0,0.30799989,0.307724,0.022393676828910625,-0.16010632317108936,0.1825,False,Bittrex,Coinbase Pro
1038,01-13-2021_22-22-53,XLM/USD,25.0,0.308002,0.3077,0.024512827838782256,-0.14048717216121775,0.165,False,Kraken,Binance US
1039,01-13-2021_22-23-03,XLM/USD,25.0,0.30799979,0.307642,0.029041415904858973,-0.15345858409514102,0.1825,False,Bittrex,Coinbase Pro
1040,01-13-2021_22-23-14,XLM/USD,25.0,0.3077,0.307473,0.018443288917775205,-0.07155671108222479,0.09,False,Binance US,Kraken
1041,01-13-2021_22-23-24,XLM/USD,25.0,0.308,0.307473,0.042775974025974,-0.08472402597402601,0.1275,False,Bittrex,Kraken
1042,01-13-2021_22-23-35,XLM/USD,25.0,0.30921115,0.3077,0.12217783867108419,-0.040322151328915826,0.16249999,False,Bittrex,Binance US
1043,01-13-2021_22-23-46,XLM/USD,25.0,0.30921085,0.3077,0.12215370191569994,-0.04034629808430007,0.1625,False,Bittrex,Binance US
1044,01-13-2021_22-23-57,XLM/USD,25.0,0.30921071,0.307493,0.13887859835126534,-0.04362140164873465,0.1825,False,Bittrex,Coinbase Pro
1045,01-13-2021_22-24-08,XLM/USD,25.0,0.30921071,0.307275,0.15650411979584888,-0.02599588020415111,0.1825,False,Bittrex,Coinbase Pro
1046,01-13-2021_22-24-18,XLM/USD,25.0,0.30921062,0.307292,0.1551224210863118,-0.0273775689136882,0.18249999,False,Bittrex,Coinbase Pro
