,Date,Symbol,Investment,High,Low,Adjusted Spread,Adj. Spread after fees,Fees,Profitable,Sell exchange,Buy exchange
0,01-13-2021_19-15-08,XTZ/USD,25.0,2.46567639,2.4627,0.0301782303232437,-0.15232176967675629,0.1825,False,Bittrex,Coinbase Pro
1,01-13-2021_19-15-17,XTZ/USD,25.0,2.46567387,2.4633,0.024069180730702237,-0.15843081926929775,0.1825,False,Bittrex,Coinbase Pro
2,01-13-2021_19-15-28,XTZ/USD,25.0,2.46567196,2.4632,0.025063755845281106,-0.1024362441547189,0.1275,False,Bittrex,Kraken
3,01-13-2021_19-15-40,XTZ/USD,25.0,2.46567185,2.463,0.027090486513848457,-0.045409513486151534,0.0725,False,Bittrex,Binance US
4,01-13-2021_19-15-50,XTZ/USD,25.0,2.46378385,2.4591,0.047526997954793766,-0.02497300204520623,0.0725,False,Bittrex,Binance US
5,01-13-2021_19-16-00,XTZ/USD,25.0,2.4619307,2.4584,0.03585295881805057,-0.14664704118194943,0.1825,False,Bittrex,Coinbase Pro
6,01-13-2021_19-16-12,XTZ/USD,25.0,2.46193062,2.4586,0.03382122116828621,-0.1486787788317138,0.1825,False,Bittrex,Coinbase Pro
7,01-13-2021_19-16-22,XTZ/USD,25.0,2.46193044,2.4584,0.03585032239984838,-0.14664967760015163,0.1825,False,Bittrex,Coinbase Pro
8,01-13-2021_19-16-32,XTZ/USD,25.0,2.46193018,2.4584,0.03584768598108484,-0.14665231401891515,0.1825,False,Bittrex,Coinbase Pro
9,01-13-2021_19-16-43,XTZ/USD,25.0,2.46028271,2.4541,0.06282519865369492,-0.11967480134630508,0.1825,False,Bittrex,Coinbase Pro
10,01-13-2021_19-16-56,XTZ/USD,25.0,2.45667998,2.4545,0.022184208136057183,-0.16031579186394282,0.1825,False,Bittrex,Coinbase Pro
11,01-13-2021_19-17-08,XTZ/USD,25.0,2.452,2.4491,0.02956769983686687,-0.1554320401631331,0.18499974,False,Kraken,Coinbase Pro
12,01-13-2021_19-17-20,XTZ/USD,25.0,2.45106855,2.4497,0.013958707927610019,-0.16854129207238996,0.1825,False,Bittrex,Coinbase Pro
13,01-13-2021_19-17-30,XTZ/USD,25.0,2.4539,2.45106848,0.028847141285300706,-0.05865285871469929,0.0875,False,Binance US,Bittrex
14,01-13-2021_19-17-40,XTZ/USD,25.0,2.45263262,2.4506,0.02071875730006437,-0.16178124269993563,0.1825,False,Bittrex,Coinbase Pro
15,01-13-2021_19-17-52,XTZ/USD,25.0,2.45263263,2.4511,0.015622294807358255,-0.16687770519264175,0.1825,False,Bittrex,Coinbase Pro
16,01-13-2021_19-18-03,XTZ/USD,25.0,2.4508,2.4494,0.014281051085362838,-0.13071894891463715,0.145,False,Binance US,Coinbase Pro
17,01-13-2021_19-18-14,XTZ/USD,25.0,2.4515,2.45034202,0.011808892514785762,-0.07569110748521424,0.0875,False,Binance US,Bittrex
18,01-13-2021_19-18-27,XTZ/USD,25.0,2.45402354,2.4538,0.0022772805186692608,-0.12522271948133074,0.1275,False,Bittrex,Kraken
19,01-13-2021_19-18-37,XTZ/USD,25.0,2.45402349,2.4529,0.011445387590808001,-0.171054612409192,0.1825,False,Bittrex,Coinbase Pro
20,01-13-2021_19-18-48,XTZ/USD,25.0,2.4542,2.451,0.03259718034390118,-0.042402819656098815,0.075,False,Kraken,Binance US
21,01-13-2021_19-18-59,XTZ/USD,25.0,2.4542,2.4532,0.01018661885747223,-0.17481338114252776,0.185,False,Kraken,Coinbase Pro
22,01-13-2021_19-19-11,XTZ/USD,25.0,2.45740369,2.4553,0.021401550837585555,-0.05109844916241444,0.0725,False,Bittrex,Binance US
23,01-13-2021_19-19-22,XTZ/USD,25.0,2.45740359,2.4553,0.021400534374579238,-0.051099465625420754,0.0725,False,Bittrex,Binance US
24,01-13-2021_19-19-33,XTZ/USD,25.0,2.45740358,2.4551,0.0234351005543824,-0.15906489944561758,0.1825,False,Bittrex,Coinbase Pro
25,01-13-2021_19-19-44,XTZ/USD,25.0,2.45740354,2.4554,0.020382692213424845,-0.052117307786575154,0.0725,False,Bittrex,Binance US
26,01-13-2021_19-19-55,XTZ/USD,25.0,2.4567977,2.4554,0.014222782771247885,-0.05827721722875211,0.0725,False,Bittrex,Binance US
27,01-13-2021_19-20-07,XTZ/USD,25.0,2.45679763,2.4554,0.01422207086710718,-0.058277929132892814,0.0725,False,Bittrex,Binance US
28,01-13-2021_19-20-18,XTZ/USD,25.0,2.45679759,2.453,0.038643700395359165,-0.08885629960464084,0.1275,False,Bittrex,Kraken
29,01-13-2021_19-20-30,XTZ/USD,25.0,2.4567975,2.453,0.038642785984601094,-0.08885721401539891,0.1275,False,Bittrex,Kraken
30,01-13-2021_19-20-41,XTZ/USD,25.0,2.45650982,2.4554,0.011294683120785654,-0.06120531687921434,0.0725,False,Bittrex,Binance US
31,01-13-2021_19-20-51,XTZ/USD,25.0,2.46083914,2.4581,0.0278272963424997,-0.1646727036575003,0.1925,False,Bittrex,Coinbase Pro
32,01-13-2021_19-21-01,XTZ/USD,25.0,2.46083906,2.4588,0.02071508894206171,-0.1617849110579383,0.1825,False,Bittrex,Coinbase Pro
33,01-13-2021_19-21-12,XTZ/USD,25.0,2.46083898,2.4587,0.021730190571024627,-0.16076980942897537,0.1825,False,Bittrex,Coinbase Pro
34,01-13-2021_19-21-22,XTZ/USD,25.0,2.4609,2.46,0.009142996464709282,-0.1758570035352907,0.185,False,Kraken,Coinbase Pro
35,01-13-2021_19-21-33,XTZ/USD,25.0,2.46105067,2.4604,0.00660967699620937,-0.17589032300379062,0.1825,False,Bittrex,Coinbase Pro
36,01-13-2021_19-21-44,XTZ/USD,25.0,2.4614,2.4609,0.005078410660596845,-0.13992158933940316,0.145,False,Binance US,Coinbase Pro
37,01-13-2021_19-21-54,XTZ/USD,25.0,2.46105026,2.4601,0.009652992621123456,-0.17284700737887654,0.1825,False,Bittrex,Coinbase Pro
38,01-13-2021_19-22-05,XTZ/USD,25.0,2.46104852,2.4603,0.0076036696749044305,-0.06489633032509556,0.0725,False,Bittrex,Binance US
39,01-13-2021_19-22-16,XTZ/USD,25.0,2.4610484,2.4598,0.012681587245502257,-0.16981841275449774,0.1825,False,Bittrex,Coinbase Pro
40,01-13-2021_19-22-25,XTZ/USD,25.0,2.46104834,2.4589,0.021823423427759576,-0.17067656657224042,0.19249999,False,Bittrex,Coinbase Pro
41,01-13-2021_19-22-35,XTZ/USD,25.0,2.459871,2.4575,0.024096792067552757,-0.15840320793244725,0.1825,False,Bittrex,Coinbase Pro
42,01-13-2021_19-22-45,XTZ/USD,25.0,2.45986919,2.4575,0.024078414511139318,-0.15842158548886068,0.1825,False,Bittrex,Coinbase Pro
43,01-13-2021_19-22-55,XTZ/USD,25.0,2.46176774,2.4599,0.018967467662077096,-0.1635325323379229,0.1825,False,Bittrex,Coinbase Pro
44,01-13-2021_19-23-04,XTZ/USD,25.0,2.46176557,2.4598,0.01996097865646749,-0.16253901134353252,0.18249999,False,Bittrex,Coinbase Pro
45,01-13-2021_19-23-14,XTZ/USD,25.0,2.4617655,2.4598,0.01996026835212211,-0.16253973164787788,0.1825,False,Bittrex,Coinbase Pro
46,01-13-2021_19-23-24,XTZ/USD,25.0,2.461764,2.4592,0.026038239246329163,-0.15646176075367083,0.1825,False,Bittrex,Coinbase Pro
47,01-13-2021_19-23-34,XTZ/USD,25.0,2.46176389,2.4596,0.02197499533555831,-0.10552500466444169,0.1275,False,Bittrex,Kraken
48,01-13-2021_19-23-43,XTZ/USD,25.0,2.46176382,2.4598,0.019943221035719,-0.162556778964281,0.1825,False,Bittrex,Coinbase Pro
49,01-13-2021_19-23-52,XTZ/USD,25.0,2.46176309,2.4592,0.02602900752728168,-0.1564709924727183,0.1825,False,Bittrex,Coinbase Pro
50,01-13-2021_19-24-03,XTZ/USD,25.0,2.46138988,2.4594,0.020210938707524054,-0.16228906129247594,0.1825,False,Bittrex,Coinbase Pro
51,01-13-2021_19-24-13,XTZ/USD,25.0,2.46138821,2.46,0.014099868464064847,-0.16840013153593514,0.1825,False,Bittrex,Coinbase Pro
52,01-13-2021_19-24-24,XTZ/USD,25.0,2.4634929,2.4604,0.03138734436782783,-0.15111265563217216,0.1825,False,Bittrex,Coinbase Pro
53,01-13-2021_19-24-33,XTZ/USD,25.0,2.46349282,2.4604,0.0313865335316869,-0.15111346646831308,0.1825,False,Bittrex,Coinbase Pro
54,01-13-2021_19-24-42,XTZ/USD,25.0,2.4621285,2.4594,0.027704687224894147,-0.15479531277510586,0.1825,False,Bittrex,Coinbase Pro
55,01-13-2021_19-24-51,XTZ/USD,25.0,2.46212845,2.4594,0.027704180096694096,-0.1547958199033059,0.1825,False,Bittrex,Coinbase Pro
56,01-13-2021_19-25-01,XTZ/USD,25.0,2.46212799,2.4596,0.02566875087594375,-0.15683124912405624,0.1825,False,Bittrex,Coinbase Pro
57,01-13-2021_19-25-12,XTZ/USD,25.0,2.47345208,2.4691,0.04398791505999046,-0.13851207494000956,0.18249999,False,Bittrex,Coinbase Pro
58,01-13-2021_19-25-21,XTZ/USD,25.0,2.471072,2.4691,0.01995085533727733,-0.16254914466272266,0.1825,False,Bittrex,Coinbase Pro
59,01-13-2021_19-25-31,XTZ/USD,25.0,2.4722,2.4691,0.03134859639187647,-0.11365140360812352,0.145,False,Binance US,Coinbase Pro
60,01-13-2021_19-25-41,XTZ/USD,25.0,2.4716,2.4703,0.013149376921832809,-0.17185062307816718,0.185,False,Kraken,Coinbase Pro
61,01-13-2021_19-25-50,XTZ/USD,25.0,2.4711,2.4703,0.008093561571768767,-0.13690643842823122,0.145,False,Binance US,Coinbase Pro
62,01-13-2021_19-26-00,XTZ/USD,25.0,2.47107047,2.4697,0.013865144849550787,-0.1686348551504492,0.1825,False,Bittrex,Coinbase Pro
63,01-13-2021_19-26-10,XTZ/USD,25.0,2.47106848,2.4693,0.017891855429275287,-0.1646081445707247,0.1825,False,Bittrex,Coinbase Pro
64,01-13-2021_19-26-20,XTZ/USD,25.0,2.4711,2.4702,0.009105256768237615,-0.1858947432317624,0.195,False,Kraken,Coinbase Pro
65,01-13-2021_19-26-31,XTZ/USD,25.0,2.4710684,2.4695,0.01586763037397129,-0.1666323696260287,0.1825,False,Bittrex,Coinbase Pro
66,01-13-2021_19-26-41,XTZ/USD,25.0,2.47005191,2.4665,0.03594975054593187,-0.15655024945406815,0.1925,False,Bittrex,Coinbase Pro
67,01-13-2021_19-26-51,XTZ/USD,25.0,2.47005085,2.4668,0.03290266271238601,-0.14959733728761399,0.1825,False,Bittrex,Coinbase Pro
68,01-13-2021_19-27-00,XTZ/USD,25.0,2.47005018,2.4666,0.03492014077219827,-0.14757985922780173,0.1825,False,Bittrex,Coinbase Pro
69,01-13-2021_19-27-11,XTZ/USD,25.0,2.47005012,2.4652,0.0490892873056353,-0.1334107126943647,0.1825,False,Bittrex,Coinbase Pro
70,01-13-2021_19-27-20,XTZ/USD,25.0,2.4682789,2.4654,0.029158981993487845,-0.15334101800651215,0.1825,False,Bittrex,Coinbase Pro
71,01-13-2021_19-27-31,XTZ/USD,25.0,2.46827657,2.4665,0.017994032978242064,-0.17450596702175794,0.1925,False,Bittrex,Coinbase Pro
72,01-13-2021_19-27-41,XTZ/USD,25.0,2.46827653,2.4666,0.01698077565077034,-0.16551922434922967,0.1825,False,Bittrex,Coinbase Pro
73,01-13-2021_19-27-52,XTZ/USD,25.0,2.4694,2.4665,0.029359358548634314,-0.1656406414513657,0.195,False,Kraken,Coinbase Pro
74,01-13-2021_19-28-04,XTZ/USD,25.0,2.47121049,2.4671,0.04158377055124882,-0.14091622944875118,0.1825,False,Bittrex,Coinbase Pro
75,01-13-2021_19-28-13,XTZ/USD,25.0,2.46932457,2.4668,0.025559317218471583,-0.15694068278152842,0.1825,False,Bittrex,Coinbase Pro
76,01-13-2021_19-28-24,XTZ/USD,25.0,2.46932457,2.4662,0.031633852815061196,-0.1508661471849388,0.1825,False,Bittrex,Coinbase Pro
77,01-13-2021_19-28-34,XTZ/USD,25.0,2.46932262,2.4654,0.03971352273118516,-0.14278647726881483,0.1825,False,Bittrex,Coinbase Pro
78,01-13-2021_19-28-45,XTZ/USD,25.0,2.46932255,2.4649,0.04477493229873607,-0.13772506770126391,0.1825,False,Bittrex,Coinbase Pro
79,01-13-2021_19-28-55,XTZ/USD,25.0,2.46766998,2.4645,0.03211511289690382,-0.15038488710309617,0.1825,False,Bittrex,Coinbase Pro
80,01-13-2021_19-29-07,XTZ/USD,25.0,2.46766989,2.4633,0.04427141995074539,-0.1382285800492546,0.1825,False,Bittrex,Coinbase Pro
81,01-13-2021_19-29-18,XTZ/USD,25.0,2.46766678,2.4656,0.02093860500890104,-0.16156139499109895,0.1825,False,Bittrex,Coinbase Pro
82,01-13-2021_19-29-30,XTZ/USD,25.0,2.4676667,2.4644,0.03309502859523308,-0.14940496140476692,0.18249999,False,Bittrex,Coinbase Pro
83,01-13-2021_19-29-41,XTZ/USD,25.0,2.46766621,2.4647,0.03005076201128371,-0.1524492279887163,0.18249999,False,Bittrex,Coinbase Pro
84,01-13-2021_19-30-12,XTZ/USD,25.0,2.46570574,2.4606,0.05176753167634982,-0.13073246832365018,0.1825,False,Bittrex,Coinbase Pro
85,01-13-2021_19-30-23,XTZ/USD,25.0,2.46373778,2.4595,0.043001532411460736,-0.13949846758853926,0.1825,False,Bittrex,Coinbase Pro
86,01-13-2021_19-30-33,XTZ/USD,25.0,2.46123922,2.4576,0.03696532188366644,-0.14553467811633355,0.1825,False,Bittrex,Coinbase Pro
87,01-13-2021_19-30-45,XTZ/USD,25.0,2.45942402,2.4559,0.03582159858713547,-0.14667840141286453,0.1825,False,Bittrex,Coinbase Pro
88,01-13-2021_19-30-56,XTZ/USD,25.0,2.45455826,2.4519,0.027074729120506017,-0.165425270879494,0.1925,False,Bittrex,Coinbase Pro
89,01-13-2021_19-31-07,XTZ/USD,25.0,2.46018146,2.4565,0.037410451829025776,-0.14508954817097422,0.1825,False,Bittrex,Coinbase Pro
90,01-13-2021_19-31-19,XTZ/USD,25.0,2.46018146,2.4577,0.025216229375208614,-0.15728377062479137,0.1825,False,Bittrex,Coinbase Pro
91,01-13-2021_19-31-30,XTZ/USD,25.0,2.46018144,2.4571,0.03131313761963711,-0.15118686238036289,0.1825,False,Bittrex,Coinbase Pro
92,01-13-2021_19-31-42,XTZ/USD,25.0,2.45883614,2.4571,0.017652050616107497,-0.1648479493838925,0.1825,False,Bittrex,Coinbase Pro
93,01-13-2021_19-31-54,XTZ/USD,25.0,2.46099617,2.4592,0.018246371346445307,-0.1092533686535547,0.12749974,False,Bittrex,Kraken
94,01-13-2021_19-32-06,XTZ/USD,25.0,2.45955516,2.4555,0.04121842910813248,-0.14128157089186752,0.1825,False,Bittrex,Coinbase Pro
95,01-13-2021_19-32-17,XTZ/USD,25.0,2.4583815,2.4567,0.017099664962497818,-0.11040032503750219,0.12749999,False,Bittrex,Kraken
96,01-13-2021_19-32-29,XTZ/USD,25.0,2.46240419,2.46,0.024408969999356888,-0.04809102000064311,0.07249999,False,Bittrex,Binance US
97,01-13-2021_19-32-40,XTZ/USD,25.0,2.4634,2.4608,0.026386295364132475,-0.15861370463586752,0.185,False,Coinbase Pro,Kraken
98,01-13-2021_19-32-51,XTZ/USD,25.0,2.46594961,2.4632,0.027875772368275986,-0.154624227631724,0.1825,False,Bittrex,Coinbase Pro
99,01-13-2021_19-33-02,XTZ/USD,25.0,2.46486979,2.4635,0.013893127393151643,-0.16860687260684834,0.1825,False,Bittrex,Coinbase Pro
100,01-13-2021_19-33-13,XTZ/USD,25.0,2.46486764,2.4623,0.026042371995277737,-0.15645762800472227,0.1825,False,Bittrex,Coinbase Pro
101,01-13-2021_19-33-24,XTZ/USD,25.0,2.46486757,2.4637,0.011842116937749201,-0.1806578830622508,0.1925,False,Bittrex,Coinbase Pro
102,01-13-2021_19-33-35,XTZ/USD,25.0,2.4628372,2.4606,0.022709580641385486,-0.10479041935861452,0.1275,False,Bittrex,Kraken
103,01-13-2021_19-33-46,XTZ/USD,25.0,2.4628372,2.4607,0.021694491215253187,-0.10580550878474682,0.1275,False,Bittrex,Kraken
104,01-13-2021_19-33-56,XTZ/USD,25.0,2.4628372,2.4607,0.021694491215253187,-0.10580550878474682,0.1275,False,Bittrex,Kraken
105,01-13-2021_19-34-07,XTZ/USD,25.0,2.4628372,2.4607,0.021694491215253187,-0.10580550878474682,0.1275,False,Bittrex,Kraken
106,01-13-2021_19-34-17,XTZ/USD,25.0,2.46283716,2.4599,0.029814801072756077,-0.15268519892724391,0.1825,False,Bittrex,Coinbase Pro
107,01-13-2021_19-34-26,XTZ/USD,25.0,2.46683371,2.4642,0.026691199221531754,-0.16580880077846824,0.1925,False,Bittrex,Coinbase Pro
108,01-13-2021_19-34-37,XTZ/USD,25.0,2.46951947,2.4653,0.04271549638764117,-0.13978450361235883,0.1825,False,Bittrex,Coinbase Pro
109,01-13-2021_19-34-47,XTZ/USD,25.0,2.4704,2.4683,0.02125161917098436,-0.12374838082901563,0.145,False,Binance US,Coinbase Pro
110,01-13-2021_19-34-59,XTZ/USD,25.0,2.4692,2.4676,0.016199578810949133,-0.07380042118905086,0.09,False,Binance US,Kraken
111,01-13-2021_19-35-09,XTZ/USD,25.0,2.46868626,2.4651,0.03631749463376589,-0.14618250536623412,0.1825,False,Bittrex,Coinbase Pro
112,01-13-2021_19-35-20,XTZ/USD,25.0,2.46868617,2.4658,0.02922779366483405,-0.16327220633516595,0.1925,False,Bittrex,Coinbase Pro
113,01-13-2021_19-35-31,XTZ/USD,25.0,2.46868415,2.466,0.027181990859380344,-0.15531800914061966,0.1825,False,Bittrex,Coinbase Pro
114,01-13-2021_19-35-41,XTZ/USD,25.0,2.46868407,2.466,0.027181181592020473,-0.1553188184079795,0.1825,False,Bittrex,Coinbase Pro
115,01-13-2021_19-35-51,XTZ/USD,25.0,2.46868398,2.466,0.027180271166173994,-0.155319728833826,0.1825,False,Bittrex,Coinbase Pro
116,01-13-2021_19-36-01,XTZ/USD,25.0,2.46868392,2.466,0.027179664215578787,-0.1553203357844212,0.1825,False,Bittrex,Coinbase Pro
117,01-13-2021_19-36-12,XTZ/USD,25.0,2.4688,2.466,0.028353856124429803,-0.1566461438755702,0.185,False,Kraken,Coinbase Pro
118,01-13-2021_19-36-22,XTZ/USD,25.0,2.4688,2.466,0.028353856124429803,-0.1566461438755702,0.185,False,Kraken,Coinbase Pro
119,01-13-2021_19-36-33,XTZ/USD,25.0,2.4693,2.46868366,0.006240027538169764,-0.08125997246183023,0.0875,False,Binance US,Bittrex
120,01-13-2021_19-36-43,XTZ/USD,25.0,2.47101505,2.4667,0.043656654377724334,-0.13884334562227565,0.1825,False,Bittrex,Coinbase Pro
121,01-13-2021_19-36-53,XTZ/USD,25.0,2.47101503,2.467,0.04062126242914534,-0.14187873757085465,0.1825,False,Bittrex,Coinbase Pro
122,01-13-2021_19-37-03,XTZ/USD,25.0,2.472,2.4694,0.02629449838187862,-0.11870550161812138,0.145,False,Binance US,Coinbase Pro
123,01-13-2021_19-37-13,XTZ/USD,25.0,2.47446373,2.4711,0.033984434275787824,-0.14851556572421218,0.1825,False,Bittrex,Coinbase Pro
124,01-13-2021_19-37-24,XTZ/USD,25.0,2.4756,2.4731,0.025246404911940003,-0.12975359508806,0.155,False,Binance US,Coinbase Pro
125,01-13-2021_19-37-36,XTZ/USD,25.0,2.4751,2.4728,0.023231384590521282,-0.12176861540947871,0.145,False,Binance US,Coinbase Pro
126,01-13-2021_19-37-47,XTZ/USD,25.0,2.47823572,2.4737,0.04575553450581165,-0.13674446549418834,0.1825,False,Bittrex,Coinbase Pro
127,01-13-2021_19-37-58,XTZ/USD,25.0,2.47773623,2.473,0.04778787530584148,-0.14471212469415853,0.1925,False,Bittrex,Coinbase Pro
128,01-13-2021_19-38-09,XTZ/USD,25.0,2.47773496,2.4727,0.0508020438150465,-0.1316979561849535,0.1825,False,Bittrex,Coinbase Pro
129,01-13-2021_19-38-19,XTZ/USD,25.0,2.47471633,2.4713,0.034512339440540045,-0.14798766055945994,0.1825,False,Bittrex,Coinbase Pro
130,01-13-2021_19-38-30,XTZ/USD,25.0,2.476,2.474,0.02019386106623364,-0.12480613893376635,0.145,False,Binance US,Coinbase Pro
131,01-13-2021_19-38-41,XTZ/USD,25.0,2.477,2.47471466,0.02306560355268271,-0.06443439644731729,0.0875,False,Binance US,Bittrex
132,01-13-2021_19-38-51,XTZ/USD,25.0,2.478,2.47471466,0.033145076674739066,-0.05435492332526093,0.0875,False,Binance US,Bittrex
133,01-13-2021_19-39-02,XTZ/USD,25.0,2.47684009,2.4749,0.019582309813147566,-0.10791769018685243,0.1275,False,Bittrex,Kraken
134,01-13-2021_19-39-13,XTZ/USD,25.0,2.47684004,2.4749,0.019581805533150535,-0.10791819446684947,0.1275,False,Bittrex,Kraken
135,01-13-2021_19-39-23,XTZ/USD,25.0,2.4769,2.4749,0.02018652347692906,-0.06981347652307093,0.09,False,Binance US,Kraken
136,01-13-2021_19-39-33,XTZ/USD,25.0,2.4768381,2.4731,0.03773056462592445,-0.03476943537407554,0.0725,False,Bittrex,Binance US
137,01-13-2021_19-39-45,XTZ/USD,25.0,2.47683642,2.4731,0.03771363310298943,-0.03478636689701056,0.0725,False,Bittrex,Binance US
138,01-13-2021_19-39-56,XTZ/USD,25.0,2.47569293,2.4731,0.02618388137498184,-0.04631611862501815,0.0725,False,Bittrex,Binance US
139,01-13-2021_19-40-06,XTZ/USD,25.0,2.47569206,2.4743,0.014057281421342637,-0.16844271857865736,0.1825,False,Bittrex,Coinbase Pro
140,01-13-2021_19-40-16,XTZ/USD,25.0,2.4788,2.4759,0.0292480232370492,-0.0607517167629508,0.08999974,False,Binance US,Kraken
141,01-13-2021_19-40-26,XTZ/USD,25.0,2.4774,2.4759,0.015136837006535207,-0.07486290299346479,0.08999974,False,Binance US,Kraken
142,01-13-2021_19-40-37,XTZ/USD,25.0,2.4772,2.4758,0.014128855159048987,-0.075871144840951,0.09,False,Binance US,Kraken
143,01-13-2021_19-40-47,XTZ/USD,25.0,2.47685358,2.4758,0.010634258000832456,-0.11686574199916755,0.1275,False,Bittrex,Kraken
144,01-13-2021_19-40-58,XTZ/USD,25.0,2.47685346,2.4756,0.012651737579986258,-0.16984826242001375,0.1825,False,Bittrex,Coinbase Pro
145,01-13-2021_19-41-08,XTZ/USD,25.0,2.4777,2.4758,0.019171005367881633,-0.07082899463211836,0.09,False,Binance US,Kraken
146,01-13-2021_19-41-18,XTZ/USD,25.0,2.4776,2.4758,0.018162738133675752,-0.07183726186632425,0.09,False,Binance US,Kraken
147,01-13-2021_19-41-29,XTZ/USD,25.0,2.4778,2.4758,0.020179191218013762,-0.06982080878198624,0.09,False,Binance US,Kraken
148,01-13-2021_19-41-40,XTZ/USD,25.0,2.4778,2.4758,0.020179191218013762,-0.06982080878198624,0.09,False,Binance US,Kraken
149,01-13-2021_19-41-51,XTZ/USD,25.0,2.4778,2.4758,0.020179191218013762,-0.06982080878198624,0.09,False,Binance US,Kraken
150,01-13-2021_19-42-01,XTZ/USD,25.0,2.4778,2.4758,0.020179191218013762,-0.06982080878198624,0.09,False,Binance US,Kraken
151,01-13-2021_19-42-10,XTZ/USD,25.0,2.47836265,2.4758,0.02585023220875058,-0.10164976779124943,0.1275,False,Bittrex,Kraken
152,01-13-2021_19-42-20,XTZ/USD,25.0,2.47836169,2.4758,0.02584055840533751,-0.10165944159466249,0.1275,False,Bittrex,Kraken
153,01-13-2021_19-42-30,XTZ/USD,25.0,2.47836167,2.4771,0.012726855156695931,-0.16977314484330405,0.1825,False,Bittrex,Coinbase Pro
154,01-13-2021_19-42-41,XTZ/USD,25.0,2.47835963,2.4772,0.011697555774018945,-0.11580244422598106,0.1275,False,Bittrex,Kraken
155,01-13-2021_19-42-52,XTZ/USD,25.0,2.47835958,2.477,0.013714515147151447,-0.17878548485284856,0.1925,False,Bittrex,Coinbase Pro
156,01-13-2021_19-43-03,XTZ/USD,25.0,2.47835898,2.4773,0.01068227008824828,-0.11681772991175172,0.1275,False,Bittrex,Kraken
157,01-13-2021_19-43-14,XTZ/USD,25.0,2.47835702,2.477,0.013688705753942699,-0.1788112942460573,0.1925,False,Bittrex,Coinbase Pro
158,01-13-2021_19-43-24,XTZ/USD,25.0,2.47835695,2.476,0.023775328247206306,-0.1587246717527937,0.1825,False,Bittrex,Coinbase Pro
159,01-13-2021_19-43-34,XTZ/USD,25.0,2.47835537,2.4762,0.02174193848560246,-0.17075806151439754,0.1925,False,Bittrex,Coinbase Pro
160,01-13-2021_19-43-44,XTZ/USD,25.0,2.4787,2.4772,0.0151288982127734,-0.12987110178722658,0.145,False,Binance US,Coinbase Pro
161,01-13-2021_19-43-54,XTZ/USD,25.0,2.47835528,2.4759,0.024767231920033158,-0.15773276807996683,0.1825,False,Bittrex,Coinbase Pro
162,01-13-2021_19-44-05,XTZ/USD,25.0,2.47835522,2.4763,0.020731693175120323,-0.16176830682487967,0.1825,False,Bittrex,Coinbase Pro
163,01-13-2021_19-44-16,XTZ/USD,25.0,2.47835512,2.4766,0.017704484577656974,-0.16479551542234303,0.1825,False,Bittrex,Coinbase Pro
164,01-13-2021_19-44-27,XTZ/USD,25.0,2.47835512,2.4764,0.019721951711261076,-0.10777804828873892,0.1275,False,Bittrex,Kraken
165,01-13-2021_19-44-37,XTZ/USD,25.0,2.47835512,2.4762,0.021739418844865178,-0.10576058115513483,0.1275,False,Bittrex,Kraken
166,01-13-2021_19-44-48,XTZ/USD,25.0,2.47835512,2.4762,0.021739418844865178,-0.10576058115513483,0.1275,False,Bittrex,Kraken
167,01-13-2021_19-44-59,XTZ/USD,25.0,2.47835508,2.4754,0.02980888436696487,-0.09769111563303513,0.1275,False,Bittrex,Kraken
168,01-13-2021_19-45-10,XTZ/USD,25.0,2.478355,2.4759,0.024764410264065014,-0.157735589735935,0.1825,False,Bittrex,Coinbase Pro
169,01-13-2021_19-45-21,XTZ/USD,25.0,2.4792,2.4766,0.02621813488222166,-0.11878186511777833,0.145,False,Binance US,Coinbase Pro
170,01-13-2021_19-45-31,XTZ/USD,25.0,2.4791,2.4776,0.015126457182042445,-0.12987354281795754,0.145,False,Binance US,Coinbase Pro
171,01-13-2021_19-45-42,XTZ/USD,25.0,2.48211521,2.4782,0.03943420901884451,-0.1430657909811555,0.1825,False,Bittrex,Coinbase Pro
172,01-13-2021_19-45-53,XTZ/USD,25.0,2.48211392,2.4783,0.038414030569558305,-0.1440859694304417,0.1825,False,Bittrex,Coinbase Pro
173,01-13-2021_19-46-03,XTZ/USD,25.0,2.48211378,2.4787,0.034383798473576165,-0.09311620152642383,0.1275,False,Bittrex,Kraken
174,01-13-2021_19-46-25,XTZ/USD,25.0,2.48499442,2.48,0.050245786869815734,-0.07725421313018427,0.1275,False,Bittrex,Kraken
175,01-13-2021_19-46-35,XTZ/USD,25.0,2.48499442,2.48,0.050245786869815734,-0.07725421313018427,0.1275,False,Bittrex,Kraken
176,01-13-2021_19-46-46,XTZ/USD,25.0,2.48499442,2.48,0.050245786869815734,-0.07725421313018427,0.1275,False,Bittrex,Kraken
177,01-13-2021_19-46-57,XTZ/USD,25.0,2.4863,2.4837,0.02614326509270963,-0.06385673490729037,0.09,False,Binance US,Kraken
178,01-13-2021_19-47-08,XTZ/USD,25.0,2.49141759,2.4837,0.07744175475617864,-0.05005824524382137,0.1275,False,Bittrex,Kraken
179,01-13-2021_19-47-18,XTZ/USD,25.0,2.49141554,2.4866,0.048321324992619076,-0.02417867500738092,0.0725,False,Bittrex,Binance US
180,01-13-2021_19-47-27,XTZ/USD,25.0,2.49141545,2.4871,0.04330319537835409,-0.1391968046216459,0.1825,False,Bittrex,Coinbase Pro
181,01-13-2021_19-47-37,XTZ/USD,25.0,2.49141315,2.4882,0.03224224372421038,-0.1502577562757896,0.1825,False,Bittrex,Coinbase Pro
182,01-13-2021_19-47-47,XTZ/USD,25.0,2.49141315,2.4885,0.029231903989909498,-0.09826809601009051,0.1275,False,Bittrex,Kraken
183,01-13-2021_19-47-59,XTZ/USD,25.0,2.49141204,2.4884,0.030224225776803018,-0.152275774223197,0.1825,False,Bittrex,Coinbase Pro
184,01-13-2021_19-48-09,XTZ/USD,25.0,2.48997602,2.4877,0.022851826500723142,-0.15964817349927685,0.1825,False,Bittrex,Coinbase Pro
185,01-13-2021_19-48-19,XTZ/USD,25.0,2.48997594,2.4877,0.022851024014313243,-0.15964897598568675,0.1825,False,Bittrex,Coinbase Pro
186,01-13-2021_19-48-30,XTZ/USD,25.0,2.48997502,2.4876,0.023845821553664787,-0.1586541784463352,0.1825,False,Bittrex,Coinbase Pro
187,01-13-2021_19-48-40,XTZ/USD,25.0,2.489975,2.4872,0.027861725519330013,-0.16463827448066998,0.1925,False,Bittrex,Coinbase Pro
188,01-13-2021_19-48-49,XTZ/USD,25.0,2.48997441,2.4871,0.028859834748261468,-0.15364015525173852,0.18249999,False,Bittrex,Coinbase Pro
189,01-13-2021_19-49-00,XTZ/USD,25.0,2.48997441,2.4872,0.027855808365514316,-0.1646441816344857,0.19249999,False,Bittrex,Coinbase Pro
190,01-13-2021_19-49-10,XTZ/USD,25.0,2.49236925,2.4886,0.037807901056393894,-0.1446920989436061,0.1825,False,Bittrex,Coinbase Pro
191,01-13-2021_19-49-20,XTZ/USD,25.0,2.49236925,2.4886,0.037807901056393894,-0.08969209894360611,0.1275,False,Bittrex,Kraken
192,01-13-2021_19-49-33,XTZ/USD,25.0,2.49236915,2.4886,0.03780689951165651,-0.0896931004883435,0.1275,False,Bittrex,Kraken
193,01-13-2021_19-49-44,XTZ/USD,25.0,2.49236722,2.4886,0.037787569682451255,-0.08971243031754875,0.1275,False,Bittrex,Kraken
194,01-13-2021_19-49-55,XTZ/USD,25.0,2.49236715,2.4885,0.03878993109020917,-0.08871006890979083,0.1275,False,Bittrex,Kraken
195,01-13-2021_19-50-06,XTZ/USD,25.0,2.49236714,2.4877,0.046814330893481595,-0.13568566910651841,0.1825,False,Bittrex,Coinbase Pro
196,01-13-2021_19-50-17,XTZ/USD,25.0,2.49122092,2.4872,0.04035089750289862,-0.1521491024971014,0.1925,False,Bittrex,Coinbase Pro
197,01-13-2021_19-50-30,XTZ/USD,25.0,2.49122081,2.4872,0.04034979540814065,-0.15215020459185935,0.1925,False,Bittrex,Coinbase Pro
198,01-13-2021_19-50-41,XTZ/USD,25.0,2.49122072,2.4872,0.0403488936941701,-0.1521511063058299,0.1925,False,Bittrex,Coinbase Pro
199,01-13-2021_19-50-52,XTZ/USD,25.0,2.49122064,2.4869,0.04335866453001115,-0.13914133546998886,0.1825,False,Bittrex,Coinbase Pro
200,01-13-2021_19-51-03,XTZ/USD,25.0,2.49121833,2.4865,0.04734962350730832,-0.13515037649269168,0.1825,False,Bittrex,Coinbase Pro
201,01-13-2021_19-51-14,XTZ/USD,25.0,2.49121825,2.4863,0.049355872372886585,-0.14314412762711343,0.1925,False,Bittrex,Coinbase Pro
202,01-13-2021_19-51-24,XTZ/USD,25.0,2.49121818,2.4872,0.04032344529534636,-0.15217654470465364,0.19249999,False,Bittrex,Coinbase Pro
203,01-13-2021_19-51-34,XTZ/USD,25.0,2.48981491,2.4862,0.03629697518358931,-0.14620302481641068,0.1825,False,Bittrex,Coinbase Pro
204,01-13-2021_19-51-45,XTZ/USD,25.0,2.48981486,2.4846,0.05236192541641584,-0.13013807458358415,0.1825,False,Bittrex,Coinbase Pro
205,01-13-2021_19-51-55,XTZ/USD,25.0,2.48981366,2.4838,0.06038263120461603,-0.12211736879538396,0.1825,False,Bittrex,Coinbase Pro
206,01-13-2021_19-52-05,XTZ/USD,25.0,2.48686725,2.483,0.038876723315246095,-0.1436232766847539,0.1825,False,Bittrex,Coinbase Pro
207,01-13-2021_19-52-17,XTZ/USD,25.0,2.48686653,2.4825,0.04389590220589744,-0.13860409779410254,0.1825,False,Bittrex,Coinbase Pro
208,01-13-2021_19-52-27,XTZ/USD,25.0,2.48686646,2.4817,0.051937449025709584,-0.13056255097429043,0.1825,False,Bittrex,Coinbase Pro
209,01-13-2021_19-52-39,XTZ/USD,25.0,2.48686638,2.4829,0.03987327216189282,-0.14262672783810718,0.1825,False,Bittrex,Coinbase Pro
210,01-13-2021_19-52-50,XTZ/USD,25.0,2.48686631,2.4829,0.03987256958738594,-0.14262742041261406,0.18249999,False,Bittrex,Coinbase Pro
211,01-13-2021_19-53-00,XTZ/USD,25.0,2.48686623,2.4828,0.040877047898147674,-0.14162295210185233,0.1825,False,Bittrex,Coinbase Pro
212,01-13-2021_19-53-11,XTZ/USD,25.0,2.48686615,2.4835,0.03383927598998622,-0.1486607140100138,0.18249999,False,Bittrex,Coinbase Pro
213,01-13-2021_19-53-21,XTZ/USD,25.0,2.48686389,2.4837,0.0318060229665421,-0.1506939670334579,0.18249999,False,Bittrex,Coinbase Pro
214,01-13-2021_19-53-32,XTZ/USD,25.0,2.4868638,2.4823,0.045879070659198516,-0.13662092934080147,0.1825,False,Bittrex,Coinbase Pro
215,01-13-2021_19-53-43,XTZ/USD,25.0,2.48686377,2.4821,0.047889334123033145,-0.13461066587696685,0.1825,False,Bittrex,Coinbase Pro
216,01-13-2021_19-53-55,XTZ/USD,25.0,2.48686228,2.4821,0.04787438410139873,-0.13462561589860128,0.1825,False,Bittrex,Coinbase Pro
217,01-13-2021_19-54-05,XTZ/USD,25.0,2.48685985,2.4813,0.05589227314116669,-0.1266077268588333,0.1825,False,Bittrex,Coinbase Pro
218,01-13-2021_19-54-16,XTZ/USD,25.0,2.48255277,2.4773,0.05289686148342977,-0.12960313851657024,0.1825,False,Bittrex,Coinbase Pro
219,01-13-2021_19-54-27,XTZ/USD,25.0,2.4802877,2.4744,0.05934493002565507,-0.13315506997434493,0.1925,False,Bittrex,Coinbase Pro
220,01-13-2021_19-54-38,XTZ/USD,25.0,2.48028649,2.4742,0.06134865896076328,-0.13115134103923673,0.1925,False,Bittrex,Coinbase Pro
221,01-13-2021_19-54-49,XTZ/USD,25.0,2.48028586,2.4742,0.06134232446900069,-0.13115767553099933,0.1925,False,Bittrex,Coinbase Pro
222,01-13-2021_19-54-59,XTZ/USD,25.0,2.48028572,2.4738,0.06537271036660744,-0.12712728963339257,0.1925,False,Bittrex,Coinbase Pro
223,01-13-2021_19-55-10,XTZ/USD,25.0,2.47855387,2.4733,0.05299330048452581,-0.1295066995154742,0.1825,False,Bittrex,Coinbase Pro
224,01-13-2021_19-55-20,XTZ/USD,25.0,2.47661201,2.4718,0.0485745241944478,-0.1339254758055522,0.1825,False,Bittrex,Coinbase Pro
225,01-13-2021_19-55-30,XTZ/USD,25.0,2.47661193,2.4718,0.048573718208647636,-0.13392628179135235,0.1825,False,Bittrex,Coinbase Pro
226,01-13-2021_19-55-40,XTZ/USD,25.0,2.47661026,2.4712,0.054613558776100184,-0.1278864412238998,0.1825,False,Bittrex,Coinbase Pro
227,01-13-2021_19-55-52,XTZ/USD,25.0,2.47477419,2.4691,0.057320280198979834,-0.12517971980102016,0.1825,False,Bittrex,Coinbase Pro
228,01-13-2021_19-56-02,XTZ/USD,25.0,2.47283072,2.4692,0.03670611144785832,-0.14579388855214168,0.1825,False,Bittrex,Coinbase Pro
229,01-13-2021_19-56-12,XTZ/USD,25.0,2.47282886,2.4684,0.04477523770084092,-0.1377247622991591,0.1825,False,Bittrex,Coinbase Pro
230,01-13-2021_19-56-23,XTZ/USD,25.0,2.47084297,2.4644,0.06518999869910955,-0.11731000130089045,0.1825,False,Bittrex,Coinbase Pro
231,01-13-2021_19-56-34,XTZ/USD,25.0,2.46859289,2.4644,0.042462347851938795,-0.1400376521480612,0.1825,False,Bittrex,Coinbase Pro
232,01-13-2021_19-56-47,XTZ/USD,25.0,2.46796675,2.4634,0.0462602464153939,-0.1362397535846061,0.1825,False,Bittrex,Coinbase Pro
233,01-13-2021_19-56-58,XTZ/USD,25.0,2.46796481,2.4617,0.06346129789427375,-0.11903870210572624,0.1825,False,Bittrex,Coinbase Pro
234,01-13-2021_19-57-10,XTZ/USD,25.0,2.46796473,2.4648,0.03205809590317716,-0.15044190409682284,0.1825,False,Bittrex,Coinbase Pro
235,01-13-2021_19-57-21,XTZ/USD,25.0,2.47084292,2.4664,0.04495348494269918,-0.1375465150573008,0.1825,False,Bittrex,Coinbase Pro
236,01-13-2021_19-57-33,XTZ/USD,25.0,2.46975147,2.4682,0.015704717851629503,-0.1667952821483705,0.1825,False,Bittrex,Coinbase Pro
237,01-13-2021_19-57-45,XTZ/USD,25.0,2.46975147,2.4683,0.014692470250859667,-0.16780752974914032,0.1825,False,Bittrex,Coinbase Pro
238,01-13-2021_19-57-57,XTZ/USD,25.0,2.4697514,2.4665,0.03291221942418886,-0.15958778057581113,0.1925,False,Bittrex,Coinbase Pro
239,01-13-2021_19-58-09,XTZ/USD,25.0,2.4697505,2.467,0.0278418811940708,-0.1546581188059292,0.1825,False,Bittrex,Coinbase Pro
240,01-13-2021_19-58-20,XTZ/USD,25.0,2.4697491,2.4672,0.02580322835222382,-0.15669677164777618,0.1825,False,Bittrex,Coinbase Pro
241,01-13-2021_19-58-31,XTZ/USD,25.0,2.46974906,2.4677,0.020741580928064482,-0.1617584190719355,0.1825,False,Bittrex,Coinbase Pro
242,01-13-2021_19-58-42,XTZ/USD,25.0,2.46974662,2.4677,0.020716902529865806,-0.1617830974701342,0.1825,False,Bittrex,Coinbase Pro
243,01-13-2021_19-58-53,XTZ/USD,25.0,2.46974658,2.4669,0.02881449480537323,-0.09868550519462677,0.1275,False,Bittrex,Kraken
244,01-13-2021_19-59-10,XTZ/USD,25.0,2.46974504,2.4671,0.02677442364658001,-0.15572557635342,0.1825,False,Bittrex,Coinbase Pro
245,01-13-2021_19-59-21,XTZ/USD,25.0,2.46974324,2.4671,0.026756222642806676,-0.15574377735719333,0.1825,False,Bittrex,Coinbase Pro
246,01-13-2021_19-59-32,XTZ/USD,25.0,2.46974315,2.467,0.027767563602718547,-0.15473242639728146,0.18249999,False,Bittrex,Coinbase Pro
247,01-13-2021_19-59-44,XTZ/USD,25.0,2.46974314,2.467,0.02776746249004416,-0.15473253750995583,0.1825,False,Bittrex,Coinbase Pro
248,01-13-2021_19-59-57,XTZ/USD,25.0,2.46763232,2.4653,0.023629128021793705,-0.1588708719782063,0.1825,False,Bittrex,Coinbase Pro
249,01-13-2021_20-00-10,XTZ/USD,25.0,2.4719,2.4688,0.031352400987098225,-0.05864759901290177,0.09,False,Binance US,Kraken
250,01-13-2021_20-00-21,XTZ/USD,25.0,2.47461164,2.4699,0.04759979226477753,-0.13490020773522246,0.1825,False,Bittrex,Coinbase Pro
251,01-13-2021_20-00-32,XTZ/USD,25.0,2.47438609,2.4715,0.029159657133378723,-0.15334034286662127,0.1825,False,Bittrex,Coinbase Pro
252,01-13-2021_20-00-41,XTZ/USD,25.0,2.47438462,2.4715,0.029144822279085655,-0.15335517772091434,0.1825,False,Bittrex,Coinbase Pro
253,01-13-2021_20-00-53,XTZ/USD,25.0,2.47438453,2.4715,0.02914391402212875,-0.15335608597787126,0.1825,False,Bittrex,Coinbase Pro
254,01-13-2021_20-01-03,XTZ/USD,25.0,2.47629003,2.4719,0.04432063638361165,-0.13817936361638833,0.1825,False,Bittrex,Coinbase Pro
255,01-13-2021_20-01-13,XTZ/USD,25.0,2.47629001,2.4719,0.04432043482661218,-0.1381795651733878,0.1825,False,Bittrex,Coinbase Pro
256,01-13-2021_20-01-23,XTZ/USD,25.0,2.47526379,2.4719,0.03397405575104246,-0.14852594424895754,0.1825,False,Bittrex,Coinbase Pro
257,01-13-2021_20-01-34,XTZ/USD,25.0,2.4752637,2.4709,0.044073081991226865,-0.13842690800877314,0.18249999,False,Bittrex,Coinbase Pro
258,01-13-2021_20-01-45,XTZ/USD,25.0,2.47458203,2.4703,0.04326013391441462,-0.13923986608558536,0.1825,False,Bittrex,Coinbase Pro
259,01-13-2021_20-01-56,XTZ/USD,25.0,2.474582,2.4696,0.05033173279366012,-0.13216826720633987,0.1825,False,Bittrex,Coinbase Pro
260,01-13-2021_20-02-06,XTZ/USD,25.0,2.474582,2.4693,0.05336254769492168,-0.1291374523050783,0.1825,False,Bittrex,Coinbase Pro
261,01-13-2021_20-02-16,XTZ/USD,25.0,2.47292018,2.4682,0.04771868536411954,-0.13478131463588044,0.1825,False,Bittrex,Coinbase Pro
262,01-13-2021_20-02-27,XTZ/USD,25.0,2.47292018,2.4677,0.05277343808161492,-0.12972656191838508,0.1825,False,Bittrex,Coinbase Pro
263,01-13-2021_20-02-38,XTZ/USD,25.0,2.47292018,2.4678,0.05176248753811405,-0.07573751246188595,0.1275,False,Bittrex,Kraken
264,01-13-2021_20-02-50,XTZ/USD,25.0,2.47292018,2.4673,0.05681724025560943,-0.12568275974439058,0.1825,False,Bittrex,Coinbase Pro
265,01-13-2021_20-03-00,XTZ/USD,25.0,2.47155299,2.4678,0.03796186057091353,-0.08953812942908648,0.12749999,False,Bittrex,Kraken
266,01-13-2021_20-03-12,XTZ/USD,25.0,2.4715529,2.4676,0.03998397121097241,-0.1525160287890276,0.1925,False,Bittrex,Coinbase Pro
267,01-13-2021_20-03-23,XTZ/USD,25.0,2.4715529,2.4679,0.036949441786170406,-0.1455505582138296,0.1825,False,Bittrex,Coinbase Pro
268,01-13-2021_20-03-32,XTZ/USD,25.0,2.4715529,2.4679,0.036949441786170406,-0.1455505582138296,0.1825,False,Bittrex,Coinbase Pro
269,01-13-2021_20-03-42,XTZ/USD,25.0,2.4715529,2.4671,0.04504152025230759,-0.1374584797476924,0.1825,False,Bittrex,Coinbase Pro
270,01-13-2021_20-03-54,XTZ/USD,25.0,2.4715529,2.4665,0.051110579101907104,-0.1413894208980929,0.1925,False,Bittrex,Coinbase Pro
271,01-13-2021_20-04-04,XTZ/USD,25.0,2.4715529,2.4664,0.05212208891017145,-0.13037791108982855,0.1825,False,Bittrex,Coinbase Pro
272,01-13-2021_20-04-14,XTZ/USD,25.0,2.4715529,2.4663,0.05313359871844028,-0.1293664012815597,0.1825,False,Bittrex,Coinbase Pro
273,01-13-2021_20-04-25,XTZ/USD,25.0,2.47155289,2.4689,0.026834242661096734,-0.15566575733890325,0.1825,False,Bittrex,Coinbase Pro
274,01-13-2021_20-04-36,XTZ/USD,25.0,2.47155281,2.4691,0.02481041463160017,-0.15768958536839983,0.1825,False,Bittrex,Coinbase Pro
275,01-13-2021_20-04-46,XTZ/USD,25.0,2.47518786,2.4706,0.04633850296922512,-0.13616149703077488,0.1825,False,Bittrex,Coinbase Pro
276,01-13-2021_20-04-57,XTZ/USD,25.0,2.47518777,2.4707,0.045327571249270227,-0.13717242875072977,0.1825,False,Bittrex,Coinbase Pro
277,01-13-2021_20-05-08,XTZ/USD,25.0,2.47518768,2.4694,0.05845698133080633,-0.12404301866919366,0.1825,False,Bittrex,Coinbase Pro
278,01-13-2021_20-05-18,XTZ/USD,25.0,2.4751876,2.47,0.0523960284868886,-0.1401039715131114,0.1925,False,Bittrex,Coinbase Pro
279,01-13-2021_20-05-28,XTZ/USD,25.0,2.47834557,2.4737,0.04686160453402891,-0.1356383954659711,0.1825,False,Bittrex,Coinbase Pro
280,01-13-2021_20-05-37,XTZ/USD,25.0,2.47413561,2.471,0.031683893834741475,-0.15081610616525853,0.1825,False,Bittrex,Coinbase Pro
281,01-13-2021_20-05-49,XTZ/USD,25.0,2.47413561,2.4708,0.03370480165393715,-0.14879519834606286,0.1825,False,Bittrex,Coinbase Pro
282,01-13-2021_20-05-59,XTZ/USD,25.0,2.47413561,2.4707,0.034715255563537224,-0.14778474443646278,0.1825,False,Bittrex,Coinbase Pro
283,01-13-2021_20-06-10,XTZ/USD,25.0,2.47413561,2.47,0.04178843293071983,-0.15071156706928018,0.1925,False,Bittrex,Coinbase Pro
284,01-13-2021_20-06-21,XTZ/USD,25.0,2.4725262,2.4675,0.05082049282228124,-0.13167950717771876,0.1825,False,Bittrex,Coinbase Pro
285,01-13-2021_20-06-32,XTZ/USD,25.0,2.47252612,2.4679,0.04677523892042578,-0.1357247610795742,0.1825,False,Bittrex,Coinbase Pro
286,01-13-2021_20-06-42,XTZ/USD,25.0,2.47252602,2.4679,0.046774229700521995,-0.135725770299478,0.1825,False,Bittrex,Coinbase Pro
287,01-13-2021_20-06-52,XTZ/USD,25.0,2.47252594,2.467,0.055873427964926246,-0.12662657203507374,0.1825,False,Bittrex,Coinbase Pro
288,01-13-2021_20-07-03,XTZ/USD,25.0,2.47252585,2.4675,0.05081696112499692,-0.13168303887500307,0.1825,False,Bittrex,Coinbase Pro
289,01-13-2021_20-07-13,XTZ/USD,25.0,2.47252576,2.4677,0.04879382935124732,-0.13370617064875268,0.1825,False,Bittrex,Coinbase Pro
290,01-13-2021_20-07-23,XTZ/USD,25.0,2.47252568,2.4693,0.03261523253420666,-0.14988476746579332,0.1825,False,Bittrex,Coinbase Pro
291,01-13-2021_20-07-33,XTZ/USD,25.0,2.47252563,2.4685,0.04070362255455841,-0.1417963774454416,0.1825,False,Bittrex,Coinbase Pro
292,01-13-2021_20-07-44,XTZ/USD,25.0,2.4728,2.4711,0.017186994500162114,-0.12781300549983787,0.145,False,Binance US,Coinbase Pro
293,01-13-2021_20-07-56,XTZ/USD,25.0,2.4826255,2.4772,0.05463470023972911,-0.1278652997602709,0.1825,False,Bittrex,Coinbase Pro
294,01-13-2021_20-08-07,XTZ/USD,25.0,2.481,2.4767,0.04332930270052145,-0.10167069729947853,0.145,False,Binance US,Coinbase Pro
295,01-13-2021_20-08-16,XTZ/USD,25.0,2.48052449,2.4751,0.05467079665881697,-0.12782920334118303,0.1825,False,Bittrex,Coinbase Pro
296,01-13-2021_20-08-26,XTZ/USD,25.0,2.48052449,2.4776,0.029474512464904946,-0.15302548753509504,0.1825,False,Bittrex,Coinbase Pro
297,01-13-2021_20-08-37,XTZ/USD,25.0,2.48052449,2.4776,0.029474512464904946,-0.15302548753509504,0.1825,False,Bittrex,Coinbase Pro
298,01-13-2021_20-08-49,XTZ/USD,25.0,2.48052449,2.4773,0.032498066568171884,-0.1500019334318281,0.1825,False,Bittrex,Coinbase Pro
299,01-13-2021_20-09-00,XTZ/USD,25.0,2.48052449,2.4779,0.026450958361633536,-0.15604904163836647,0.1825,False,Bittrex,Coinbase Pro
300,01-13-2021_20-09-11,XTZ/USD,25.0,2.48052447,2.477,0.03552141938757346,-0.15697858061242653,0.1925,False,Bittrex,Coinbase Pro
301,01-13-2021_20-09-22,XTZ/USD,25.0,2.48052444,2.4777,0.028466157745254145,-0.15403384225474584,0.1825,False,Bittrex,Coinbase Pro
302,01-13-2021_20-09-32,XTZ/USD,25.0,2.48052444,2.4777,0.028466157745254145,-0.15403384225474584,0.1825,False,Bittrex,Coinbase Pro
303,01-13-2021_20-09-42,XTZ/USD,25.0,2.48052444,2.4772,0.03350541468561478,-0.14899458531438523,0.1825,False,Bittrex,Coinbase Pro
304,01-13-2021_20-09-52,XTZ/USD,25.0,2.48052444,2.4772,0.03350541468561478,-0.14899458531438523,0.1825,False,Bittrex,Coinbase Pro
305,01-13-2021_20-10-02,XTZ/USD,25.0,2.47943206,2.4746,0.048721439860707726,-0.13377856013929226,0.1825,False,Bittrex,Coinbase Pro
306,01-13-2021_20-10-12,XTZ/USD,25.0,2.47943206,2.4765,0.02956382680636966,-0.15293617319363034,0.1825,False,Bittrex,Coinbase Pro
307,01-13-2021_20-10-22,XTZ/USD,25.0,2.47943206,2.4766,0.028555531382459486,-0.15394446861754052,0.1825,False,Bittrex,Coinbase Pro
308,01-13-2021_20-10-32,XTZ/USD,25.0,2.48416613,2.4771,0.07111168929752812,-0.11138830070247188,0.18249999,False,Bittrex,Coinbase Pro
309,01-13-2021_20-10-44,XTZ/USD,25.0,2.48416594,2.4768,0.07412890460932861,-0.10837109539067138,0.1825,False,Bittrex,Coinbase Pro
310,01-13-2021_20-10-54,XTZ/USD,25.0,2.48416589,2.4805,0.03689256436895734,-0.14560743563104267,0.1825,False,Bittrex,Coinbase Pro
311,01-13-2021_20-11-05,XTZ/USD,25.0,2.48416583,2.4802,0.0399110835527417,-0.1425889164472583,0.1825,False,Bittrex,Coinbase Pro
312,01-13-2021_20-11-16,XTZ/USD,25.0,2.48416579,2.4805,0.03689155948001251,-0.14560844051998748,0.1825,False,Bittrex,Coinbase Pro
313,01-13-2021_20-11-27,XTZ/USD,25.0,2.48416579,2.48,0.041923429756273015,-0.140576570243727,0.1825,False,Bittrex,Coinbase Pro
314,01-13-2021_20-11-39,XTZ/USD,25.0,2.48562949,2.4815,0.04153364385775731,-0.15096635614224269,0.1925,False,Bittrex,Coinbase Pro
315,01-13-2021_20-11-50,XTZ/USD,25.0,2.48562863,2.4812,0.044542353859193,-0.147957646140807,0.1925,False,Bittrex,Coinbase Pro
316,01-13-2021_20-12-03,XTZ/USD,25.0,2.48562863,2.4814,0.04253079028945755,-0.14996920971054245,0.1925,False,Bittrex,Coinbase Pro
317,01-13-2021_20-12-15,XTZ/USD,25.0,2.48906009,2.4828,0.0628760433019523,-0.11962395669804769,0.1825,False,Bittrex,Coinbase Pro
318,01-13-2021_20-12-26,XTZ/USD,25.0,2.48905943,2.4831,0.059856244573480516,-0.12264375542651948,0.1825,False,Bittrex,Coinbase Pro
319,01-13-2021_20-12-37,XTZ/USD,25.0,2.48905937,2.4847,0.04378531557485482,-0.13871468442514517,0.1825,False,Bittrex,Coinbase Pro
320,01-13-2021_20-12-49,XTZ/USD,25.0,2.4890582,2.4851,0.03975600088419008,-0.14274399911580993,0.1825,False,Bittrex,Coinbase Pro
321,01-13-2021_20-13-00,XTZ/USD,25.0,2.48905818,2.4848,0.04276898822830941,-0.1397310117716906,0.1825,False,Bittrex,Coinbase Pro
322,01-13-2021_20-13-11,XTZ/USD,25.0,2.48905612,2.4846,0.04475712664927732,-0.13774287335072266,0.1825,False,Bittrex,Coinbase Pro
323,01-13-2021_20-13-22,XTZ/USD,25.0,2.48562947,2.4818,0.038516098700748166,-0.14398390129925182,0.1825,False,Bittrex,Coinbase Pro
324,01-13-2021_20-13-33,XTZ/USD,25.0,2.48874109,2.4831,0.05666609940530341,-0.12583390059469657,0.1825,False,Bittrex,Coinbase Pro
325,01-13-2021_20-13-43,XTZ/USD,25.0,2.48562946,2.483,0.026446620889342885,-0.15605337911065711,0.1825,False,Bittrex,Coinbase Pro
326,01-13-2021_20-13-54,XTZ/USD,25.0,2.48873957,2.483,0.05765538979234984,-0.12484461020765016,0.1825,False,Bittrex,Coinbase Pro
327,01-13-2021_20-14-05,XTZ/USD,25.0,2.48562947,2.4822,0.0344929729208587,-0.1480070270791413,0.1825,False,Bittrex,Coinbase Pro
328,01-13-2021_20-14-17,XTZ/USD,25.0,2.48562947,2.4815,0.04153344303565969,-0.1509665569643403,0.1925,False,Bittrex,Coinbase Pro
329,01-13-2021_20-14-28,XTZ/USD,25.0,2.48562777,2.4813,0.04352793741115681,-0.13897206258884318,0.1825,False,Bittrex,Coinbase Pro
330,01-13-2021_20-14-39,XTZ/USD,25.0,2.48562777,2.48,0.05660310513830285,-0.12589689486169714,0.1825,False,Bittrex,Coinbase Pro
331,01-13-2021_20-14-48,XTZ/USD,25.0,2.48562717,2.4805,0.05156817222914143,-0.13093181777085858,0.18249999,False,Bittrex,Coinbase Pro
332,01-13-2021_20-14-59,XTZ/USD,25.0,2.48562717,2.4805,0.05156817222914143,-0.13093181777085858,0.18249999,False,Bittrex,Coinbase Pro
333,01-13-2021_20-15-08,XTZ/USD,25.0,2.48562717,2.4815,0.041510348472734215,-0.1509896415272658,0.19249999,False,Bittrex,Coinbase Pro
334,01-13-2021_20-15-19,XTZ/USD,25.0,2.48562664,2.4815,0.04150502667608961,-0.1509949733239104,0.1925,False,Bittrex,Coinbase Pro
335,01-13-2021_20-15-29,XTZ/USD,25.0,2.48562947,2.4832,0.024435158471146187,-0.1580648415288538,0.1825,False,Bittrex,Coinbase Pro
336,01-13-2021_20-15-40,XTZ/USD,25.0,2.48562947,2.4819,0.03751031725577468,-0.1449896827442253,0.1825,False,Bittrex,Coinbase Pro
337,01-13-2021_20-15-50,XTZ/USD,25.0,2.48562947,2.4813,0.04354500592560219,-0.13895499407439782,0.1825,False,Bittrex,Coinbase Pro
338,01-13-2021_20-16-01,XTZ/USD,25.0,2.48562947,2.4814,0.04253922448063317,-0.14996077551936682,0.1925,False,Bittrex,Coinbase Pro
339,01-13-2021_20-16-12,XTZ/USD,25.0,2.48562947,2.4822,0.0344929729208587,-0.1480070270791413,0.1825,False,Bittrex,Coinbase Pro
340,01-13-2021_20-16-22,XTZ/USD,25.0,2.48758538,2.4842,0.03402275181405135,-0.15847724818594866,0.1925,False,Bittrex,Coinbase Pro
341,01-13-2021_20-16-34,XTZ/USD,25.0,2.48758538,2.485,0.02598282676834385,-0.15651717323165615,0.1825,False,Bittrex,Coinbase Pro
342,01-13-2021_20-16-44,XTZ/USD,25.0,2.48758538,2.485,0.02598282676834385,-0.15651717323165615,0.1825,False,Bittrex,Coinbase Pro
343,01-13-2021_20-16-55,XTZ/USD,25.0,2.48758538,2.4839,0.03703772370618943,-0.14546227629381056,0.1825,False,Bittrex,Coinbase Pro
344,01-13-2021_20-17-05,XTZ/USD,25.0,2.48866873,2.4844,0.04288166147368441,-0.13961833852631558,0.1825,False,Bittrex,Coinbase Pro
345,01-13-2021_20-17-14,XTZ/USD,25.0,2.4857,2.4832,0.025143822665646964,-0.15985591733435303,0.18499974,False,Kraken,Coinbase Pro
346,01-13-2021_20-17-23,XTZ/USD,25.0,2.49003588,2.4833,0.0676283427691046,-0.1148716572308954,0.1825,False,Bittrex,Coinbase Pro
347,01-13-2021_20-17-33,XTZ/USD,25.0,2.48562947,2.483,0.02644672136108869,-0.1560532786389113,0.1825,False,Bittrex,Coinbase Pro
348,01-13-2021_20-17-43,XTZ/USD,25.0,2.48562945,2.4818,0.03851589785436454,-0.14398410214563545,0.1825,False,Bittrex,Coinbase Pro
349,01-13-2021_20-17-53,XTZ/USD,25.0,2.48881573,2.484,0.048373709852755915,-0.1341262901472441,0.1825,False,Bittrex,Coinbase Pro
350,01-13-2021_20-18-04,XTZ/USD,25.0,2.48860769,2.4844,0.042269518985532384,-0.1402304810144676,0.1825,False,Bittrex,Coinbase Pro
351,01-13-2021_20-18-15,XTZ/USD,25.0,2.48562947,2.4829,0.027452502806062175,-0.15504749719393782,0.1825,False,Bittrex,Coinbase Pro
352,01-13-2021_20-18-25,XTZ/USD,25.0,2.48562946,2.4791,0.0656720974010374,-0.1168279025989626,0.1825,False,Bittrex,Coinbase Pro
353,01-13-2021_20-18-35,XTZ/USD,25.0,2.48562939,2.4788,0.06868873963547766,-0.11381126036452234,0.1825,False,Bittrex,Coinbase Pro
354,01-13-2021_20-18-46,XTZ/USD,25.0,2.48562929,2.4788,0.06868773661739162,-0.11381225338260838,0.18249999,False,Bittrex,Coinbase Pro
355,01-13-2021_20-18-55,XTZ/USD,25.0,2.48297984,2.4761,0.06926999455621698,-0.11323000544378302,0.1825,False,Bittrex,Coinbase Pro
356,01-13-2021_20-19-06,XTZ/USD,25.0,2.48297977,2.4763,0.06725558219106899,-0.11524441780893101,0.1825,False,Bittrex,Coinbase Pro
357,01-13-2021_20-19-16,XTZ/USD,25.0,2.48297971,2.4779,0.05114530315674589,-0.1313546968432541,0.1825,False,Bittrex,Coinbase Pro
358,01-13-2021_20-19-27,XTZ/USD,25.0,2.48297971,2.4777,0.05315901272507718,-0.12934098727492283,0.1825,False,Bittrex,Coinbase Pro
359,01-13-2021_20-19-38,XTZ/USD,25.0,2.48297971,2.4778,0.05215215794091377,-0.13034784205908623,0.1825,False,Bittrex,Coinbase Pro
360,01-13-2021_20-19-50,XTZ/USD,25.0,2.48297971,2.477,0.06020699621423893,-0.1322930037857611,0.1925,False,Bittrex,Coinbase Pro
361,01-13-2021_20-20-02,XTZ/USD,25.0,2.48297967,2.4756,0.07430256164763696,-0.10819743835236303,0.1825,False,Bittrex,Coinbase Pro
362,01-13-2021_20-20-13,XTZ/USD,25.0,2.48058981,2.4725,0.08153111376362518,-0.10096888623637482,0.1825,False,Bittrex,Coinbase Pro
363,01-13-2021_20-20-23,XTZ/USD,25.0,2.47728287,2.4702,0.07147821193305663,-0.12102178806694337,0.1925,False,Bittrex,Coinbase Pro
364,01-13-2021_20-20-35,XTZ/USD,25.0,2.47532268,2.4699,0.054767405112614694,-0.1277325948873853,0.1825,False,Bittrex,Coinbase Pro
365,01-13-2021_20-20-46,XTZ/USD,25.0,2.47532264,2.4707,0.04668724720265165,-0.13581275279734834,0.1825,False,Bittrex,Coinbase Pro
366,01-13-2021_20-20-56,XTZ/USD,25.0,2.47532264,2.4686,0.06789660357164594,-0.11460339642835406,0.1825,False,Bittrex,Coinbase Pro
367,01-13-2021_20-21-07,XTZ/USD,25.0,2.47457371,2.4701,0.04519677451838841,-0.08230322548161159,0.1275,False,Bittrex,Kraken
368,01-13-2021_20-21-17,XTZ/USD,25.0,2.47457371,2.47,0.04620704953662344,-0.14629295046337656,0.1925,False,Bittrex,Coinbase Pro
369,01-13-2021_20-21-27,XTZ/USD,25.0,2.47457371,2.4687,0.05934062477371022,-0.12315937522628978,0.1825,False,Bittrex,Coinbase Pro
370,01-13-2021_20-21-38,XTZ/USD,25.0,2.47457371,2.4711,0.03509402433601569,-0.1474059756639843,0.1825,False,Bittrex,Coinbase Pro
371,01-13-2021_20-21-49,XTZ/USD,25.0,2.47457371,2.4708,0.03812484939072526,-0.14437515060927475,0.1825,False,Bittrex,Coinbase Pro
372,01-13-2021_20-21-58,XTZ/USD,25.0,2.47457371,2.4694,0.05226869964605156,-0.13023130035394842,0.1825,False,Bittrex,Coinbase Pro
373,01-13-2021_20-22-08,XTZ/USD,25.0,2.47457371,2.4698,0.04822759957309798,-0.13427240042690203,0.1825,False,Bittrex,Coinbase Pro
374,01-13-2021_20-22-17,XTZ/USD,25.0,2.47457371,2.4705,0.04115567444543932,-0.14134432555456067,0.1825,False,Bittrex,Coinbase Pro
375,01-13-2021_20-22-28,XTZ/USD,25.0,2.47457371,2.4705,0.04115567444543932,-0.14134432555456067,0.1825,False,Bittrex,Coinbase Pro
376,01-13-2021_20-22-37,XTZ/USD,25.0,2.47457371,2.4706,0.04014539942719981,-0.1423546005728002,0.1825,False,Bittrex,Coinbase Pro
377,01-13-2021_20-22-48,XTZ/USD,25.0,2.47457371,2.4692,0.0542892496825261,-0.1282107503174739,0.1825,False,Bittrex,Coinbase Pro
378,01-13-2021_20-22-58,XTZ/USD,25.0,2.47457371,2.47,0.04620704953662344,-0.14629295046337656,0.1925,False,Bittrex,Coinbase Pro
379,01-13-2021_20-23-09,XTZ/USD,25.0,2.47457371,2.4696,0.05024814960957701,-0.13225185039042298,0.1825,False,Bittrex,Coinbase Pro
380,01-13-2021_20-23-18,XTZ/USD,25.0,2.47457371,2.4698,0.04822759957309798,-0.13427240042690203,0.1825,False,Bittrex,Coinbase Pro
381,01-13-2021_20-23-28,XTZ/USD,25.0,2.47389877,2.4681,0.05859950769125176,-0.12390048230874824,0.18249999,False,Bittrex,Coinbase Pro
382,01-13-2021_20-23-39,XTZ/USD,25.0,2.47389877,2.4696,0.04344124800223857,-0.13905874199776141,0.18249999,False,Bittrex,Coinbase Pro
383,01-13-2021_20-23-48,XTZ/USD,25.0,2.47389877,2.469,0.04950455187784474,-0.13299543812215525,0.18249999,False,Bittrex,Coinbase Pro
384,01-13-2021_20-23-59,XTZ/USD,25.0,2.47389877,2.469,0.04950455187784474,-0.13299543812215525,0.18249999,False,Bittrex,Coinbase Pro
385,01-13-2021_20-24-10,XTZ/USD,25.0,2.47279157,2.4668,0.060574959821623246,-0.12192504017837674,0.1825,False,Bittrex,Coinbase Pro
386,01-13-2021_20-24-20,XTZ/USD,25.0,2.47086431,2.4664,0.04516951802990666,-0.13733047197009335,0.18249999,False,Bittrex,Coinbase Pro
387,01-13-2021_20-24-30,XTZ/USD,25.0,2.46846116,2.4633,0.05227102702316885,-0.13022897297683114,0.1825,False,Bittrex,Coinbase Pro
388,01-13-2021_20-24-41,XTZ/USD,25.0,2.46820754,2.4633,0.04970752986193418,-0.13279247013806583,0.1825,False,Bittrex,Coinbase Pro
389,01-13-2021_20-24-51,XTZ/USD,25.0,2.46820753,2.4627,0.055784713532577614,-0.1267152864674224,0.1825,False,Bittrex,Coinbase Pro
390,01-13-2021_20-25-02,XTZ/USD,25.0,2.46820753,2.4629,0.053758951946800644,-0.01874104805319935,0.0725,False,Bittrex,Binance US
391,01-13-2021_20-25-14,XTZ/USD,25.0,2.46615292,2.4617,0.04514034758233748,-0.13735965241766251,0.1825,False,Bittrex,Coinbase Pro
392,01-13-2021_20-25-24,XTZ/USD,25.0,2.46615292,2.4629,0.03297565180994527,-0.14952434819005472,0.1825,False,Bittrex,Coinbase Pro
393,01-13-2021_20-25-35,XTZ/USD,25.0,2.46371334,2.4577,0.061019071317769236,-0.12148092868223076,0.1825,False,Bittrex,Coinbase Pro
394,01-13-2021_20-25-46,XTZ/USD,25.0,2.46371329,2.4552,0.08638677676654276,-0.09611322323345724,0.1825,False,Bittrex,Coinbase Pro
395,01-13-2021_20-25-58,XTZ/USD,25.0,2.4583002,2.4516,0.06813854548765082,-0.11436145451234918,0.1825,False,Bittrex,Coinbase Pro
396,01-13-2021_20-26-10,XTZ/USD,25.0,2.45657923,2.4516,0.050672393741601415,-0.13182760625839857,0.1825,False,Bittrex,Coinbase Pro
397,01-13-2021_20-26-22,XTZ/USD,25.0,2.45657923,2.4523,0.04354866665545992,-0.13895133334454007,0.1825,False,Bittrex,Coinbase Pro
398,01-13-2021_20-26-34,XTZ/USD,25.0,2.4522075,2.4493,0.02964165960670195,-0.15285834039329804,0.1825,False,Bittrex,Coinbase Pro
399,01-13-2021_20-26-46,XTZ/USD,25.0,2.4488,2.4446,0.04287814439725561,-0.14212185560274437,0.185,False,Kraken,Coinbase Pro
400,01-13-2021_20-26-59,XTZ/USD,25.0,2.4462,2.4423,0.03985773853323764,-0.10514226146676235,0.145,False,Binance US,Coinbase Pro
401,01-13-2021_20-27-13,XTZ/USD,25.0,2.4453327,2.4435,0.01873671423115575,-0.17376327576884426,0.19249999,False,Bittrex,Coinbase Pro
402,01-13-2021_20-27-26,XTZ/USD,25.0,2.44533272,2.443,0.023848697366631418,-0.15865130263336857,0.1825,False,Bittrex,Coinbase Pro
403,01-13-2021_20-27-37,XTZ/USD,25.0,2.44849196,2.4445,0.04075937419047127,-0.14174062580952873,0.1825,False,Bittrex,Coinbase Pro
404,01-13-2021_20-27-48,XTZ/USD,25.0,2.44849196,2.4442,0.04382248410568811,-0.08367751589431188,0.1275,False,Bittrex,Kraken
405,01-13-2021_20-27-58,XTZ/USD,25.0,2.45212098,2.4472,0.050170648594997896,-0.1323293514050021,0.1825,False,Bittrex,Coinbase Pro
406,01-13-2021_20-28-10,XTZ/USD,25.0,2.45212096,2.4459,0.06342427740595463,-0.11907572259404536,0.1825,False,Bittrex,Coinbase Pro
407,01-13-2021_20-28-24,XTZ/USD,25.0,2.44846066,2.4452,0.03329295885031727,-0.14920704114968272,0.1825,False,Bittrex,Coinbase Pro
408,01-13-2021_20-28-37,XTZ/USD,25.0,2.44846066,2.4437,0.04860870421336114,-0.14389129578663887,0.1925,False,Bittrex,Coinbase Pro
409,01-13-2021_20-28-50,XTZ/USD,25.0,2.44846064,2.4429,0.056776897994162946,-0.12572310200583706,0.1825,False,Bittrex,Coinbase Pro
410,01-13-2021_20-29-03,XTZ/USD,25.0,2.44576161,2.4414,0.044583351686513374,-0.13791664831348663,0.1825,False,Bittrex,Coinbase Pro
411,01-13-2021_20-29-16,XTZ/USD,25.0,2.4407,2.4371,0.03687466710370024,-0.10812533289629975,0.145,False,Binance US,Coinbase Pro
412,01-13-2021_20-29-29,XTZ/USD,25.0,2.4400993,2.4355,0.04712205769658381,-0.13537794230341618,0.1825,False,Bittrex,Coinbase Pro
413,01-13-2021_20-29-41,XTZ/USD,25.0,2.43671171,2.4328,0.04013308164386959,-0.1423669183561304,0.1825,False,Bittrex,Coinbase Pro
414,01-13-2021_20-29-54,XTZ/USD,25.0,2.43908697,2.436,0.03164063067419058,-0.1508593693258094,0.1825,False,Bittrex,Coinbase Pro
415,01-13-2021_20-30-08,XTZ/USD,25.0,2.4429,2.4388,0.04195832821646169,-0.10304167178353829,0.145,False,Binance US,Coinbase Pro
416,01-13-2021_20-30-19,XTZ/USD,25.0,2.44451492,2.4406,0.04003780021927781,-0.1424621997807222,0.1825,False,Bittrex,Coinbase Pro
417,01-13-2021_20-30-32,XTZ/USD,25.0,2.44645777,2.4432,0.033290682961592946,-0.14920931703840706,0.1825,False,Bittrex,Coinbase Pro
418,01-13-2021_20-30-43,XTZ/USD,25.0,2.4500901,2.4452,0.049897144598889866,-0.13260285540111014,0.1825,False,Bittrex,Coinbase Pro
419,01-13-2021_20-30-55,XTZ/USD,25.0,2.44779189,2.4462,0.016258428734313463,-0.16624157126568653,0.1825,False,Bittrex,Coinbase Pro
420,01-13-2021_20-31-08,XTZ/USD,25.0,2.44779055,2.4426,0.053012603549760576,-0.12948739645023943,0.1825,False,Bittrex,Coinbase Pro
421,01-13-2021_20-31-20,XTZ/USD,25.0,2.44573941,2.44,0.05866743178497387,-0.12383256821502613,0.1825,False,Bittrex,Coinbase Pro
422,01-13-2021_20-31-32,XTZ/USD,25.0,2.44573758,2.4418,0.040249412203901117,-0.1422505877960989,0.1825,False,Bittrex,Coinbase Pro
423,01-13-2021_20-31-44,XTZ/USD,25.0,2.4621858,2.4447,0.17754346564747242,0.05004346564747242,0.1275,True,Bittrex,Kraken
424,01-13-2021_20-31-56,XTZ/USD,25.0,2.44703329,2.4425,0.0463141431149054,-0.1361858468850946,0.18249999,False,Bittrex,Coinbase Pro
425,01-13-2021_20-32-09,XTZ/USD,25.0,2.44703327,2.4412,0.0595953278559236,-0.1229046721440764,0.1825,False,Bittrex,Coinbase Pro
426,01-13-2021_20-32-22,XTZ/USD,25.0,2.44590556,2.437,0.09102518250950059,-0.0914748174904994,0.1825,False,Bittrex,Coinbase Pro
427,01-13-2021_20-32-34,XTZ/USD,25.0,2.441,2.4371,0.03994264645636822,-0.10505735354363177,0.145,False,Binance US,Coinbase Pro
428,01-13-2021_20-32-48,XTZ/USD,25.0,2.4378,2.4362,0.016408236934944087,-0.1685917630650559,0.185,False,Coinbase Pro,Kraken
429,01-13-2021_20-32-59,XTZ/USD,25.0,2.43600057,2.434,0.020531296509506445,-0.16196870349049355,0.1825,False,Bittrex,Coinbase Pro
430,01-13-2021_20-33-12,XTZ/USD,25.0,2.43283659,2.4302,0.027093784379490813,-0.15540621562050919,0.1825,False,Bittrex,Coinbase Pro
431,01-13-2021_20-33-24,XTZ/USD,25.0,2.43860381,2.4337,0.05027272142251004,-0.13222727857748995,0.1825,False,Bittrex,Coinbase Pro
432,01-13-2021_20-33-38,XTZ/USD,25.0,2.43516568,2.4324,0.028393139969022485,-0.1541068600309775,0.1825,False,Bittrex,Coinbase Pro
433,01-13-2021_20-33-50,XTZ/USD,25.0,2.43069249,2.4277,0.030778163139838537,-0.15172183686016147,0.1825,False,Bittrex,Coinbase Pro
434,01-13-2021_20-34-02,XTZ/USD,25.0,2.4341,2.4318,0.023622694219629113,-0.12137730578037087,0.145,False,Binance US,Coinbase Pro
435,01-13-2021_20-34-16,XTZ/USD,25.0,2.43371766,2.4304,0.034080165239874206,-0.1484198247601258,0.18249999,False,Bittrex,Coinbase Pro
436,01-13-2021_20-34-27,XTZ/USD,25.0,2.43685968,2.4331,0.038570952924133206,-0.1439290470758668,0.1825,False,Bittrex,Coinbase Pro
437,01-13-2021_20-34-39,XTZ/USD,25.0,2.43776615,2.4348,0.030418729868734323,-0.15208127013126568,0.1825,False,Bittrex,Coinbase Pro
438,01-13-2021_20-34-51,XTZ/USD,25.0,2.44149455,2.4374,0.041926675609413405,-0.0855733243905866,0.1275,False,Bittrex,Kraken
439,01-13-2021_20-35-06,XTZ/USD,25.0,2.44149455,2.4374,0.041926675609413405,-0.0855733243905866,0.1275,False,Bittrex,Kraken
440,01-13-2021_20-35-16,XTZ/USD,25.0,2.44149455,2.4381,0.03475893484996603,-0.14774106515003396,0.1825,False,Bittrex,Coinbase Pro
441,01-13-2021_20-35-28,XTZ/USD,25.0,2.44149455,2.4365,0.05114234230012626,-0.13135765769987373,0.1825,False,Bittrex,Coinbase Pro
442,01-13-2021_20-35-41,XTZ/USD,25.0,2.43992267,2.4379,0.020724734690055927,-0.16177526530994407,0.1825,False,Bittrex,Coinbase Pro
443,01-13-2021_20-35-53,XTZ/USD,25.0,2.43969899,2.4376,0.0215086984972674,-0.1609913015027326,0.1825,False,Bittrex,Coinbase Pro
444,01-13-2021_20-36-05,XTZ/USD,25.0,2.43969899,2.4378,0.019459265341581482,-0.1630407346584185,0.1825,False,Bittrex,Coinbase Pro
445,01-13-2021_20-36-16,XTZ/USD,25.0,2.43969899,2.4369,0.028681714542170392,-0.1538182854578296,0.1825,False,Bittrex,Coinbase Pro
446,01-13-2021_20-36-29,XTZ/USD,25.0,2.43895683,2.4365,0.025183205067223907,-0.1573167949327761,0.1825,False,Bittrex,Coinbase Pro
447,01-13-2021_20-36-40,XTZ/USD,25.0,2.43895683,2.4363,0.027233261853181638,-0.10026673814681836,0.1275,False,Bittrex,Kraken
448,01-13-2021_20-36-52,XTZ/USD,25.0,2.4392,2.4377,0.015373893079698844,-0.12962610692030113,0.145,False,Binance US,Coinbase Pro
449,01-13-2021_20-37-03,XTZ/USD,25.0,2.43978124,2.4377,0.02132609233440816,-0.16117390766559184,0.1825,False,Bittrex,Coinbase Pro
450,01-13-2021_20-37-16,XTZ/USD,25.0,2.43978123,2.4378,0.020301307916854937,-0.16219869208314505,0.1825,False,Bittrex,Coinbase Pro
451,01-13-2021_20-37-28,XTZ/USD,25.0,2.4416103,2.4378,0.03901421123591673,-0.14348578876408327,0.1825,False,Bittrex,Coinbase Pro
452,01-13-2021_20-37-39,XTZ/USD,25.0,2.4416103,2.4377,0.04003812565829825,-0.14246187434170174,0.1825,False,Bittrex,Coinbase Pro
453,01-13-2021_20-37-50,XTZ/USD,25.0,2.44288155,2.4389,0.04074644961807729,-0.14175354038192273,0.18249999,False,Bittrex,Coinbase Pro
454,01-13-2021_20-38-03,XTZ/USD,25.0,2.44288155,2.4384,0.04586335755820769,-0.1366366324417923,0.18249999,False,Bittrex,Coinbase Pro
455,01-13-2021_20-38-14,XTZ/USD,25.0,2.44288155,2.4389,0.04074644961807729,-0.08675354038192272,0.12749999,False,Bittrex,Kraken
456,01-13-2021_20-38-25,XTZ/USD,25.0,2.44448331,2.4421,0.024374373822170996,-0.103125626177829,0.1275,False,Bittrex,Kraken
457,01-13-2021_20-38-36,XTZ/USD,25.0,2.44147295,2.4387,0.028394232260490725,-0.15410576773950926,0.1825,False,Bittrex,Coinbase Pro
458,01-13-2021_20-38-48,XTZ/USD,25.0,2.44226575,2.4399,0.024216754462527385,-0.10328324553747262,0.1275,False,Bittrex,Kraken
459,01-13-2021_20-39-01,XTZ/USD,25.0,2.44628314,2.4419,0.044793874514458716,-0.1377061254855413,0.1825,False,Bittrex,Coinbase Pro
460,01-13-2021_20-39-13,XTZ/USD,25.0,2.44628151,2.4442,0.02127218383791006,-0.16122781616208992,0.1825,False,Bittrex,Coinbase Pro
461,01-13-2021_20-39-24,XTZ/USD,25.0,2.4433,2.4417,0.01637130110915385,-0.07362869889084614,0.09,False,Binance US,Kraken
462,01-13-2021_20-39-36,XTZ/USD,25.0,2.44623475,2.4419,0.04430022507038565,-0.13819976492961436,0.18249999,False,Bittrex,Coinbase Pro
463,01-13-2021_20-39-46,XTZ/USD,25.0,2.44623475,2.4419,0.04430022507038565,-0.13819976492961436,0.18249999,False,Bittrex,Coinbase Pro
464,01-13-2021_20-39-58,XTZ/USD,25.0,2.44623475,2.4418,0.04532220384817636,-0.13717778615182363,0.18249999,False,Bittrex,Coinbase Pro
465,01-13-2021_20-40-08,XTZ/USD,25.0,2.44623475,2.4433,0.029992522181283877,-0.15250746781871613,0.18249999,False,Bittrex,Coinbase Pro
466,01-13-2021_20-40-20,XTZ/USD,25.0,2.44623475,2.4433,0.029992522181283877,-0.15250746781871613,0.18249999,False,Bittrex,Coinbase Pro
467,01-13-2021_20-40-33,XTZ/USD,25.0,2.45005965,2.4458,0.04346475809272477,-0.13903524190727523,0.1825,False,Bittrex,Coinbase Pro
468,01-13-2021_20-40-44,XTZ/USD,25.0,2.44882783,2.4453,0.03601549644263781,-0.09148450355736219,0.1275,False,Bittrex,Kraken
469,01-13-2021_20-40-55,XTZ/USD,25.0,2.44882604,2.4461,0.02783006995466496,-0.09966993004533505,0.1275,False,Bittrex,Kraken
470,01-13-2021_20-41-06,XTZ/USD,25.0,2.44819692,2.4463,0.01937058233044505,-0.16312941766955494,0.1825,False,Bittrex,Coinbase Pro
471,01-13-2021_20-41-17,XTZ/USD,25.0,2.45074069,2.4466,0.0422391689265158,-0.1402608210734842,0.18249999,False,Bittrex,Coinbase Pro
472,01-13-2021_20-41-28,XTZ/USD,25.0,2.45074069,2.4466,0.0422391689265158,-0.1402608210734842,0.18249999,False,Bittrex,Coinbase Pro
473,01-13-2021_20-41-39,XTZ/USD,25.0,2.45074069,2.4479,0.028977871991831956,-0.15352211800816803,0.18249999,False,Bittrex,Coinbase Pro
474,01-13-2021_20-41-50,XTZ/USD,25.0,2.4523,2.4497,0.02650572931533823,-0.06349427068466176,0.09,False,Binance US,Kraken
475,01-13-2021_20-42-01,XTZ/USD,25.0,2.45336446,2.45,0.03428414382427093,-0.14821585617572908,0.1825,False,Bittrex,Coinbase Pro
476,01-13-2021_20-42-12,XTZ/USD,25.0,2.45336446,2.4493,0.04141720549746548,-0.14108279450253453,0.1825,False,Bittrex,Coinbase Pro
477,01-13-2021_20-42-23,XTZ/USD,25.0,2.45272075,2.4476,0.05219458839739622,-0.13030541160260378,0.1825,False,Bittrex,Coinbase Pro
478,01-13-2021_20-42-35,XTZ/USD,25.0,2.45272018,2.4497,0.030783984498387002,-0.15171601550161298,0.1825,False,Bittrex,Coinbase Pro
479,01-13-2021_20-42-46,XTZ/USD,25.0,2.45087903,2.4444,0.06608883915417015,-0.11641116084582985,0.1825,False,Bittrex,Coinbase Pro
480,01-13-2021_20-42-56,XTZ/USD,25.0,2.446,2.4428,0.03270645952575727,-0.15229354047424273,0.185,False,Kraken,Coinbase Pro
481,01-13-2021_20-43-07,XTZ/USD,25.0,2.4489,2.4434,0.05614765813222325,-0.09885234186777675,0.155,False,Binance US,Coinbase Pro
482,01-13-2021_20-43-18,XTZ/USD,25.0,2.44733863,2.4449,0.02491103979345807,-0.15758896020654192,0.1825,False,Bittrex,Coinbase Pro
483,01-13-2021_20-43-28,XTZ/USD,25.0,2.44661726,2.4429,0.03798366892907645,-0.14451633107092354,0.1825,False,Bittrex,Coinbase Pro
484,01-13-2021_20-43-45,XTZ/USD,25.0,2.44661725,2.4438,0.028787195872179275,-0.15371280412782073,0.1825,False,Bittrex,Coinbase Pro
485,01-13-2021_20-43-54,XTZ/USD,25.0,2.4473,2.4439,0.03473215380214549,-0.1102678461978545,0.145,False,Binance US,Coinbase Pro
486,01-13-2021_20-44-07,XTZ/USD,25.0,2.45001009,2.446,0.040919117194329245,-0.14158088280567074,0.1825,False,Bittrex,Coinbase Pro
487,01-13-2021_20-44-18,XTZ/USD,25.0,2.45297405,2.4484,0.04661739083623812,-0.13588260916376188,0.1825,False,Bittrex,Coinbase Pro
488,01-13-2021_20-44-30,XTZ/USD,25.0,2.45297405,2.4487,0.04355987785520812,-0.13894012214479187,0.1825,False,Bittrex,Coinbase Pro
489,01-13-2021_20-44-41,XTZ/USD,25.0,2.45297405,2.449,0.040502364874182656,-0.14199763512581734,0.1825,False,Bittrex,Coinbase Pro
490,01-13-2021_20-44-51,XTZ/USD,25.0,2.45297331,2.449,0.04049483522509381,-0.14200516477490618,0.1825,False,Bittrex,Coinbase Pro
491,01-13-2021_20-45-02,XTZ/USD,25.0,2.45139622,2.4488,0.026476951979635895,-0.1560230480203641,0.1825,False,Bittrex,Coinbase Pro
492,01-13-2021_20-45-12,XTZ/USD,25.0,2.44956414,2.4463,0.03331347755605404,-0.14918651244394596,0.18249999,False,Bittrex,Coinbase Pro
493,01-13-2021_20-45-23,XTZ/USD,25.0,2.44956414,2.4463,0.03331347755605404,-0.14918651244394596,0.18249999,False,Bittrex,Coinbase Pro
494,01-13-2021_20-45-34,XTZ/USD,25.0,2.44956412,2.4473,0.023107376344163433,-0.16939262365583657,0.1925,False,Bittrex,Coinbase Pro
495,01-13-2021_20-45-44,XTZ/USD,25.0,2.45202519,2.4473,0.048176401483056006,-0.14432359851694399,0.1925,False,Bittrex,Coinbase Pro
496,01-13-2021_20-45-53,XTZ/USD,25.0,2.45017093,2.4475,0.027252486421429925,-0.15524751357857008,0.1825,False,Bittrex,Coinbase Pro
497,01-13-2021_20-46-04,XTZ/USD,25.0,2.44875112,2.4432,0.05667297050587769,-0.1258270294941223,0.1825,False,Bittrex,Coinbase Pro
498,01-13-2021_20-46-17,XTZ/USD,25.0,2.44875112,2.4441,0.04748461329953037,-0.13501538670046964,0.1825,False,Bittrex,Coinbase Pro
499,01-13-2021_20-46-28,XTZ/USD,25.0,2.45187858,2.4484,0.03546851818412536,-0.14703148181587464,0.1825,False,Bittrex,Coinbase Pro
500,01-13-2021_20-46-40,XTZ/USD,25.0,2.45187858,2.449,0.029350760101668292,-0.1531492398983317,0.1825,False,Bittrex,Coinbase Pro
501,01-13-2021_20-46-50,XTZ/USD,25.0,2.45456432,2.4505,0.04139553368884523,-0.14110446631115475,0.1825,False,Bittrex,Coinbase Pro
502,01-13-2021_20-47-01,XTZ/USD,25.0,2.45456432,2.4506,0.040377022998522284,-0.14212297700147772,0.1825,False,Bittrex,Coinbase Pro
503,01-13-2021_20-47-11,XTZ/USD,25.0,2.45259417,2.4473,0.05396500228979982,-0.13853499771020017,0.1925,False,Bittrex,Coinbase Pro
504,01-13-2021_20-47-22,XTZ/USD,25.0,2.45365916,2.448,0.05766041278528673,-0.13483958721471329,0.1925,False,Bittrex,Coinbase Pro
505,01-13-2021_20-47-32,XTZ/USD,25.0,2.45253703,2.4495,0.030958044290974217,-0.09654195570902578,0.1275,False,Bittrex,Kraken
506,01-13-2021_20-47-42,XTZ/USD,25.0,2.45572709,2.4506,0.0521952339581816,-0.1303047660418184,0.1825,False,Bittrex,Coinbase Pro
507,01-13-2021_20-47-53,XTZ/USD,25.0,2.45572709,2.4506,0.0521952339581816,-0.1303047660418184,0.1825,False,Bittrex,Coinbase Pro
508,01-13-2021_20-48-05,XTZ/USD,25.0,2.45572709,2.4509,0.049141148660782515,-0.1333588513392175,0.1825,False,Bittrex,Coinbase Pro
509,01-13-2021_20-48-17,XTZ/USD,25.0,2.45572708,2.45,0.05830330298755933,-0.12419669701244067,0.1825,False,Bittrex,Coinbase Pro
510,01-13-2021_20-48-28,XTZ/USD,25.0,2.45493727,2.4501,0.04926062733977612,-0.13323937266022387,0.1825,False,Bittrex,Coinbase Pro
511,01-13-2021_20-48-40,XTZ/USD,25.0,2.45493532,2.4505,0.045167381436349234,-0.13733261856365075,0.1825,False,Bittrex,Coinbase Pro
512,01-13-2021_20-48-51,XTZ/USD,25.0,2.45493532,2.451,0.04007559759252716,-0.14242440240747284,0.1825,False,Bittrex,Coinbase Pro
513,01-13-2021_20-49-01,XTZ/USD,25.0,2.45791978,2.4538,0.04190311695200958,-0.14059688304799042,0.1825,False,Bittrex,Coinbase Pro
514,01-13-2021_20-49-12,XTZ/USD,25.0,2.45791978,2.455,0.029697673859803903,-0.1528023261401961,0.1825,False,Bittrex,Coinbase Pro
515,01-13-2021_20-49-22,XTZ/USD,25.0,2.45791978,2.4549,0.030714794117489966,-0.16178520588251005,0.1925,False,Bittrex,Coinbase Pro
516,01-13-2021_20-49-32,XTZ/USD,25.0,2.4558844,2.45,0.05990102791482969,-0.12259897208517032,0.1825,False,Bittrex,Coinbase Pro
517,01-13-2021_20-49-43,XTZ/USD,25.0,2.4573,2.4543,0.030521303870102486,-0.12447869612989751,0.155,False,Binance US,Coinbase Pro
518,01-13-2021_20-49-53,XTZ/USD,25.0,2.4565238,2.4529,0.03687934959148099,-0.14562065040851901,0.1825,False,Bittrex,Coinbase Pro
519,01-13-2021_20-50-03,XTZ/USD,25.0,2.45400168,2.4484,0.057066790598124965,-0.12543320940187502,0.1825,False,Bittrex,Coinbase Pro
520,01-13-2021_20-50-14,XTZ/USD,25.0,2.4543,2.4511,0.03259585217781131,-0.1524041478221887,0.185,False,Kraken,Coinbase Pro
521,01-13-2021_20-50-26,XTZ/USD,25.0,2.45400167,2.4514,0.026504362566303577,-0.15599563743369643,0.1825,False,Bittrex,Coinbase Pro
522,01-13-2021_20-50-37,XTZ/USD,25.0,2.45400167,2.4516,0.024466874140307744,-0.15803312585969226,0.1825,False,Bittrex,Coinbase Pro
523,01-13-2021_20-50-47,XTZ/USD,25.0,2.45400167,2.4513,0.027523106779303756,-0.15497689322069624,0.1825,False,Bittrex,Coinbase Pro
524,01-13-2021_20-50-57,XTZ/USD,25.0,2.45736386,2.4524,0.05049984742593383,-0.13200014257406617,0.18249999,False,Bittrex,Coinbase Pro
525,01-13-2021_20-51-08,XTZ/USD,25.0,2.45367139,2.449,0.04759592114737033,-0.13490407885262967,0.1825,False,Bittrex,Coinbase Pro
526,01-13-2021_20-51-18,XTZ/USD,25.0,2.45367138,2.451,0.027218192519323624,-0.15528180748067638,0.1825,False,Bittrex,Coinbase Pro
527,01-13-2021_20-51-28,XTZ/USD,25.0,2.45292761,2.4491,0.0390106294249761,-0.1434893705750239,0.1825,False,Bittrex,Coinbase Pro
528,01-13-2021_20-51-37,XTZ/USD,25.0,2.45292761,2.449,0.04002981971408752,-0.14247018028591246,0.1825,False,Bittrex,Coinbase Pro
529,01-13-2021_20-51-47,XTZ/USD,25.0,2.45292761,2.4487,0.04308739058141272,-0.13941260941858727,0.1825,False,Bittrex,Coinbase Pro
530,01-13-2021_20-51-58,XTZ/USD,25.0,2.45235361,2.4449,0.07598425008536777,-0.10651574991463222,0.1825,False,Bittrex,Coinbase Pro
531,01-13-2021_20-52-08,XTZ/USD,25.0,2.44994577,2.4452,0.04842729641317717,-0.13407270358682283,0.1825,False,Bittrex,Coinbase Pro
532,01-13-2021_20-52-18,XTZ/USD,25.0,2.44994577,2.4455,0.04536600416261249,-0.1371339958373875,0.1825,False,Bittrex,Coinbase Pro
533,01-13-2021_20-52-28,XTZ/USD,25.0,2.44994577,2.4451,0.049447727163362376,-0.13305227283663762,0.1825,False,Bittrex,Coinbase Pro
534,01-13-2021_20-52-39,XTZ/USD,25.0,2.44994577,2.4452,0.04842729641317717,-0.13407270358682283,0.1825,False,Bittrex,Coinbase Pro
535,01-13-2021_20-52-49,XTZ/USD,25.0,2.44994577,2.4485,0.01475308165698378,-0.16774691834301622,0.1825,False,Bittrex,Coinbase Pro
536,01-13-2021_20-52-59,XTZ/USD,25.0,2.44994577,2.4479,0.020875666158108614,-0.16162433384189137,0.1825,False,Bittrex,Coinbase Pro
537,01-13-2021_20-53-09,XTZ/USD,25.0,2.44994577,2.4447,0.053529450164112265,-0.12897054983588774,0.1825,False,Bittrex,Coinbase Pro
538,01-13-2021_20-53-20,XTZ/USD,25.0,2.44994577,2.4451,0.049447727163362376,-0.13305227283663762,0.1825,False,Bittrex,Coinbase Pro
539,01-13-2021_20-53-30,XTZ/USD,25.0,2.44994577,2.4455,0.04536600416261249,-0.1371339958373875,0.1825,False,Bittrex,Coinbase Pro
540,01-13-2021_20-53-40,XTZ/USD,25.0,2.44994577,2.4431,0.06985634216711636,-0.11264365783288363,0.1825,False,Bittrex,Coinbase Pro
541,01-13-2021_20-53-50,XTZ/USD,25.0,2.4485283,2.4437,0.049297980341903594,-0.14320200965809643,0.19249999,False,Bittrex,Coinbase Pro
542,01-13-2021_20-54-00,XTZ/USD,25.0,2.4485283,2.4446,0.04010878698032719,-0.1423912030196728,0.18249999,False,Bittrex,Coinbase Pro
543,01-13-2021_20-54-12,XTZ/USD,25.0,2.4485283,2.441,0.07686556042664643,-0.10563442957335357,0.18249999,False,Bittrex,Coinbase Pro
544,01-13-2021_20-54-23,XTZ/USD,25.0,2.44477576,2.4401,0.047813792132821505,-0.1346862078671785,0.1825,False,Bittrex,Coinbase Pro
545,01-13-2021_20-54-35,XTZ/USD,25.0,2.44743426,2.4416,0.05959567633085137,-0.12290432366914864,0.1825,False,Bittrex,Coinbase Pro
546,01-13-2021_20-54-44,XTZ/USD,25.0,2.44596051,2.4387,0.07420919072810434,-0.10829080927189566,0.1825,False,Bittrex,Coinbase Pro
547,01-13-2021_20-54-55,XTZ/USD,25.0,2.44596051,2.4399,0.061944070388934264,-0.12055592961106573,0.1825,False,Bittrex,Coinbase Pro
548,01-13-2021_20-55-06,XTZ/USD,25.0,2.44587828,2.4408,0.05190650779236869,-0.1305934922076313,0.1825,False,Bittrex,Coinbase Pro
549,01-13-2021_20-55-17,XTZ/USD,25.0,2.44587828,2.44,0.06008352958594616,-0.12241647041405383,0.1825,False,Bittrex,Coinbase Pro
550,01-13-2021_20-55-27,XTZ/USD,25.0,2.44587828,2.4413,0.04679586917138049,-0.1357041308286195,0.1825,False,Bittrex,Coinbase Pro
551,01-13-2021_20-55-39,XTZ/USD,25.0,2.44587828,2.4428,0.03146395330842045,-0.15103604669157955,0.1825,False,Bittrex,Coinbase Pro
552,01-13-2021_20-55-49,XTZ/USD,25.0,2.44587828,2.4425,0.03453033648101428,-0.14796966351898572,0.1825,False,Bittrex,Coinbase Pro
553,01-13-2021_20-56-01,XTZ/USD,25.0,2.44587828,2.4434,0.025331186963237343,-0.16716881303676268,0.1925,False,Bittrex,Coinbase Pro
554,01-13-2021_20-56-11,XTZ/USD,25.0,2.44587828,2.4419,0.04066310282619738,-0.1418368971738026,0.1825,False,Bittrex,Coinbase Pro
555,01-13-2021_20-56-22,XTZ/USD,25.0,2.44587828,2.443,0.029419697860026083,-0.15308030213997392,0.1825,False,Bittrex,Coinbase Pro
556,01-13-2021_20-56-32,XTZ/USD,25.0,2.44587828,2.443,0.029419697860026083,-0.15308030213997392,0.1825,False,Bittrex,Coinbase Pro
557,01-13-2021_20-56-43,XTZ/USD,25.0,2.44856964,2.4457,0.02929914625585366,-0.15320085374414633,0.1825,False,Bittrex,Coinbase Pro
558,01-13-2021_20-56-55,XTZ/USD,25.0,2.44821336,2.4441,0.04200369203115373,-0.14049630796884627,0.1825,False,Bittrex,Coinbase Pro
559,01-13-2021_20-57-06,XTZ/USD,25.0,2.44821336,2.444,0.04302484486074423,-0.13947515513925576,0.1825,False,Bittrex,Coinbase Pro
560,01-13-2021_20-57-17,XTZ/USD,25.0,2.44821336,2.4445,0.037919080712800785,-0.1445809192871992,0.1825,False,Bittrex,Coinbase Pro
561,01-13-2021_20-57-28,XTZ/USD,25.0,2.44821336,2.4444,0.03894023354239129,-0.1435597664576087,0.1825,False,Bittrex,Coinbase Pro
562,01-13-2021_20-57-39,XTZ/USD,25.0,2.4482119,2.4464,0.01850227915320429,-0.1639977208467957,0.1825,False,Bittrex,Coinbase Pro
563,01-13-2021_20-57-50,XTZ/USD,25.0,2.44989155,2.4464,0.03562963838133648,-0.14687035161866352,0.18249999,False,Bittrex,Coinbase Pro
564,01-13-2021_20-58-01,XTZ/USD,25.0,2.45754495,2.449,0.08692567352633881,-0.09557431647366119,0.18249999,False,Bittrex,Coinbase Pro
565,01-13-2021_20-58-12,XTZ/USD,25.0,2.45754479,2.4511,0.06556126694236364,-0.11693873305763636,0.1825,False,Bittrex,Coinbase Pro
566,01-13-2021_20-58-23,XTZ/USD,25.0,2.45754477,2.4498,0.07878564507290702,-0.10371435492709298,0.1825,False,Bittrex,Coinbase Pro
567,01-13-2021_20-58-35,XTZ/USD,25.0,2.45576437,2.4539,0.018979528561201473,-0.16352047143879853,0.1825,False,Bittrex,Coinbase Pro
568,01-13-2021_20-58-47,XTZ/USD,25.0,2.45771124,2.4538,0.039785389922372155,-0.14271461007762784,0.1825,False,Bittrex,Coinbase Pro
569,01-13-2021_20-58-58,XTZ/USD,25.0,2.45771115,2.4522,0.05605978147595011,-0.12644021852404988,0.1825,False,Bittrex,Coinbase Pro
570,01-13-2021_20-59-09,XTZ/USD,25.0,2.45673898,2.452,0.048224292838793446,-0.13427570716120654,0.1825,False,Bittrex,Coinbase Pro
571,01-13-2021_20-59-21,XTZ/USD,25.0,2.45673898,2.4517,0.05127712020916131,-0.1312228797908387,0.1825,False,Bittrex,Coinbase Pro
572,01-13-2021_20-59-32,XTZ/USD,25.0,2.45673898,2.4514,0.05432994757953369,-0.1281700524204663,0.1825,False,Bittrex,Coinbase Pro
573,01-13-2021_20-59-43,XTZ/USD,25.0,2.45673888,2.4515,0.053311323016960996,-0.12918867698303899,0.1825,False,Bittrex,Coinbase Pro
574,01-13-2021_20-59-54,XTZ/USD,25.0,2.45673888,2.452,0.048223277192569525,-0.13427672280743047,0.1825,False,Bittrex,Coinbase Pro
575,01-13-2021_21-00-04,XTZ/USD,25.0,2.45673888,2.452,0.048223277192569525,-0.13427672280743047,0.1825,False,Bittrex,Coinbase Pro
576,01-13-2021_21-00-15,XTZ/USD,25.0,2.45387467,2.4475,0.06494494276677981,-0.11755505723322018,0.1825,False,Bittrex,Coinbase Pro
577,01-13-2021_21-00-27,XTZ/USD,25.0,2.45223206,2.4492,0.03091122624014859,-0.16158877375985142,0.1925,False,Bittrex,Coinbase Pro
578,01-13-2021_21-00-37,XTZ/USD,25.0,2.45223206,2.4476,0.047222896188707855,-0.13527710381129215,0.1825,False,Bittrex,Coinbase Pro
579,01-13-2021_21-00-47,XTZ/USD,25.0,2.45452896,2.4506,0.04001745410247769,-0.1424825458975223,0.1825,False,Bittrex,Coinbase Pro
580,01-13-2021_21-00-57,XTZ/USD,25.0,2.45452895,2.4496,0.050202606084556456,-0.13229738391544354,0.18249999,False,Bittrex,Coinbase Pro
581,01-13-2021_21-01-09,XTZ/USD,25.0,2.45249555,2.4451,0.07538800631055201,-0.10711199368944799,0.1825,False,Bittrex,Coinbase Pro
582,01-13-2021_21-01-18,XTZ/USD,25.0,2.45047049,2.4465,0.04050742516797191,-0.1419925748320281,0.1825,False,Bittrex,Coinbase Pro
583,01-13-2021_21-01-29,XTZ/USD,25.0,2.4506,2.4473,0.0336652248428987,-0.1213347751571013,0.155,False,Binance US,Coinbase Pro
584,01-13-2021_21-01-39,XTZ/USD,25.0,2.45046538,2.4463,0.042495805429414855,-0.14000419457058513,0.1825,False,Bittrex,Coinbase Pro
585,01-13-2021_21-01-49,XTZ/USD,25.0,2.45046538,2.446,0.045556448546924894,-0.1369435514530751,0.1825,False,Bittrex,Coinbase Pro
586,01-13-2021_21-01-59,XTZ/USD,25.0,2.45046538,2.447,0.03535430482188388,-0.1471456951781161,0.1825,False,Bittrex,Coinbase Pro
587,01-13-2021_21-02-09,XTZ/USD,25.0,2.45046538,2.447,0.03535430482188388,-0.1471456951781161,0.1825,False,Bittrex,Coinbase Pro
588,01-13-2021_21-02-20,XTZ/USD,25.0,2.45046538,2.4464,0.04147559105690849,-0.1410244089430915,0.1825,False,Bittrex,Coinbase Pro
589,01-13-2021_21-02-31,XTZ/USD,25.0,2.45046538,2.447,0.03535430482188388,-0.1471456951781161,0.1825,False,Bittrex,Coinbase Pro
590,01-13-2021_21-02-41,XTZ/USD,25.0,2.45046538,2.4471,0.03433409044938204,-0.15816590955061796,0.1925,False,Bittrex,Coinbase Pro
591,01-13-2021_21-02-52,XTZ/USD,25.0,2.45321209,2.4497,0.035790729369836904,-0.1467092706301631,0.1825,False,Bittrex,Coinbase Pro
592,01-13-2021_21-03-04,XTZ/USD,25.0,2.45607164,2.4503,0.058748693503091955,-0.12375130649690805,0.1825,False,Bittrex,Coinbase Pro
593,01-13-2021_21-03-14,XTZ/USD,25.0,2.45607164,2.4509,0.052641379792976256,-0.12985862020702374,0.1825,False,Bittrex,Coinbase Pro
594,01-13-2021_21-03-24,XTZ/USD,25.0,2.4560703,2.4512,0.04957411031760658,-0.1329258896823934,0.1825,False,Bittrex,Coinbase Pro
595,01-13-2021_21-03-36,XTZ/USD,25.0,2.4560703,2.4523,0.03837736240692889,-0.1441226375930711,0.1825,False,Bittrex,Coinbase Pro
596,01-13-2021_21-03-47,XTZ/USD,25.0,2.4560703,2.4511,0.05059199649130661,-0.1319080035086934,0.1825,False,Bittrex,Coinbase Pro
597,01-13-2021_21-03-56,XTZ/USD,25.0,2.4560703,2.4509,0.052627768838702134,-0.12987223116129787,0.1825,False,Bittrex,Coinbase Pro
598,01-13-2021_21-04-06,XTZ/USD,25.0,2.4560703,2.4518,0.04346679327541998,-0.13903320672458003,0.1825,False,Bittrex,Coinbase Pro
599,01-13-2021_21-04-18,XTZ/USD,25.0,2.4560703,2.4525,0.03634159005953336,-0.14615840994046664,0.1825,False,Bittrex,Coinbase Pro
600,01-13-2021_21-04-28,XTZ/USD,25.0,2.4560703,2.4527,0.03430581771213782,-0.1481941822878622,0.1825,False,Bittrex,Coinbase Pro
601,01-13-2021_21-04-39,XTZ/USD,25.0,2.45570031,2.4496,0.06210356751553171,-0.12039643248446828,0.1825,False,Bittrex,Coinbase Pro
602,01-13-2021_21-04-52,XTZ/USD,25.0,2.4545,2.4497,0.048889794255448316,-0.09611020574455167,0.145,False,Binance US,Coinbase Pro
603,01-13-2021_21-05-03,XTZ/USD,25.0,2.4544,2.4506,0.03870599739243833,-0.10629400260756167,0.145,False,Binance US,Coinbase Pro
604,01-13-2021_21-05-13,XTZ/USD,25.0,2.45337998,2.4475,0.059917135216861185,-0.12258286478313882,0.1825,False,Bittrex,Coinbase Pro
605,01-13-2021_21-05-23,XTZ/USD,25.0,2.45337997,2.4485,0.049727009876906,-0.132772990123094,0.1825,False,Bittrex,Coinbase Pro
606,01-13-2021_21-05-34,XTZ/USD,25.0,2.45337997,2.4482,0.052784016982089434,-0.12971598301791057,0.1825,False,Bittrex,Coinbase Pro
607,01-13-2021_21-05-44,XTZ/USD,25.0,2.45337997,2.4484,0.05074601224530199,-0.13175398775469802,0.1825,False,Bittrex,Coinbase Pro
608,01-13-2021_21-05-53,XTZ/USD,25.0,2.45337997,2.4491,0.043612995666543655,-0.13888700433345635,0.1825,False,Bittrex,Coinbase Pro
609,01-13-2021_21-06-03,XTZ/USD,25.0,2.45337997,2.4479,0.05584102408726835,-0.12665897591273165,0.1825,False,Bittrex,Coinbase Pro
610,01-13-2021_21-06-14,XTZ/USD,25.0,2.45285508,2.4481,0.04846474664128752,-0.13403525335871247,0.1825,False,Bittrex,Coinbase Pro
611,01-13-2021_21-06-24,XTZ/USD,25.0,2.45285508,2.449,0.03929176280565383,-0.14320823719434617,0.1825,False,Bittrex,Coinbase Pro
612,01-13-2021_21-06-35,XTZ/USD,25.0,2.45285508,2.4491,0.038272542379469796,-0.1442274576205302,0.1825,False,Bittrex,Coinbase Pro
613,01-13-2021_21-06-46,XTZ/USD,25.0,2.45285508,2.4478,0.051522407919835096,-0.1309775920801649,0.1825,False,Bittrex,Coinbase Pro
614,01-13-2021_21-06-57,XTZ/USD,25.0,2.45285508,2.4487,0.04234942408419688,-0.1401505759158031,0.1825,False,Bittrex,Coinbase Pro
615,01-13-2021_21-07-09,XTZ/USD,25.0,2.45285508,2.4488,0.04133020365801737,-0.14116979634198262,0.1825,False,Bittrex,Coinbase Pro
616,01-13-2021_21-07-21,XTZ/USD,25.0,2.45285508,2.4485,0.044387864936560426,-0.13811213506343956,0.1825,False,Bittrex,Coinbase Pro
617,01-13-2021_21-07-34,XTZ/USD,25.0,2.45265848,2.4488,0.0393295686238421,-0.1431704213761579,0.18249999,False,Bittrex,Coinbase Pro
618,01-13-2021_21-07-45,XTZ/USD,25.0,2.45265847,2.4487,0.040348768982904036,-0.03215123101709596,0.0725,False,Bittrex,Binance US
619,01-13-2021_21-07-56,XTZ/USD,25.0,2.45265847,2.449,0.037290862596127884,-0.14520913740387212,0.1825,False,Bittrex,Coinbase Pro
620,01-13-2021_21-08-08,XTZ/USD,25.0,2.45265847,2.4484,0.04340667536968471,-0.1390933246303153,0.1825,False,Bittrex,Coinbase Pro
621,01-13-2021_21-08-19,XTZ/USD,25.0,2.45265847,2.4479,0.048503186014313145,-0.13399681398568686,0.1825,False,Bittrex,Coinbase Pro
622,01-13-2021_21-08-29,XTZ/USD,25.0,2.45265845,2.4482,0.04544507613769054,-0.13705492386230944,0.1825,False,Bittrex,Coinbase Pro
623,01-13-2021_21-08-40,XTZ/USD,25.0,2.45064132,2.4473,0.03408617953116138,-0.15841382046883862,0.1925,False,Bittrex,Coinbase Pro
624,01-13-2021_21-08-50,XTZ/USD,25.0,2.45064132,2.4477,0.03000561501998681,-0.1624943849800132,0.1925,False,Bittrex,Coinbase Pro
625,01-13-2021_21-09-02,XTZ/USD,25.0,2.45064131,2.4476,0.03102565426027161,-0.1514743457397284,0.1825,False,Bittrex,Coinbase Pro
626,01-13-2021_21-09-12,XTZ/USD,25.0,2.45398182,2.4513,0.027321107048791003,-0.15517889295120899,0.1825,False,Bittrex,Coinbase Pro
627,01-13-2021_21-09-22,XTZ/USD,25.0,2.45398181,2.4473,0.06807110359143557,-0.12442889640856443,0.1925,False,Bittrex,Coinbase Pro
628,01-13-2021_21-09-32,XTZ/USD,25.0,2.45398179,2.451,0.030377059154947546,-0.15212294084505246,0.1825,False,Bittrex,Coinbase Pro
629,01-13-2021_21-09-41,XTZ/USD,25.0,2.45398179,2.4511,0.02935830668898317,-0.15314169331101682,0.1825,False,Bittrex,Coinbase Pro
630,01-13-2021_21-09-52,XTZ/USD,25.0,2.45398179,2.4516,0.024264544359147714,-0.15823545564085228,0.1825,False,Bittrex,Coinbase Pro
631,01-13-2021_21-10-02,XTZ/USD,25.0,2.45398179,2.4514,0.02630204929108099,-0.156197950708919,0.1825,False,Bittrex,Coinbase Pro
632,01-13-2021_21-10-12,XTZ/USD,25.0,2.45398179,2.4513,0.027320801757049894,-0.1551791982429501,0.1825,False,Bittrex,Coinbase Pro
633,01-13-2021_21-10-22,XTZ/USD,25.0,2.45398179,2.4517,0.023245791893178814,-0.15925420810682117,0.1825,False,Bittrex,Coinbase Pro
634,01-13-2021_21-10-33,XTZ/USD,25.0,2.45716839,2.4517,0.055637110812742044,-0.12686288918725797,0.1825,False,Bittrex,Coinbase Pro
635,01-13-2021_21-10-45,XTZ/USD,25.0,2.45671538,2.4512,0.05612554922825297,-0.12637445077174703,0.1825,False,Bittrex,Coinbase Pro
636,01-13-2021_21-10-57,XTZ/USD,25.0,2.4541698,2.4512,0.030252592954242617,-0.09724740704575738,0.1275,False,Bittrex,Kraken
637,01-13-2021_21-11-09,XTZ/USD,25.0,2.4541698,2.4523,0.01904717432346877,-0.16345282567653122,0.1825,False,Bittrex,Coinbase Pro
638,01-13-2021_21-11-19,XTZ/USD,25.0,2.45728243,2.4533,0.040516608422579245,-0.14198339157742074,0.1825,False,Bittrex,Coinbase Pro
639,01-13-2021_21-11-30,XTZ/USD,25.0,2.45728243,2.453,0.04356876063285844,-0.13893123936714155,0.1825,False,Bittrex,Coinbase Pro
640,01-13-2021_21-11-39,XTZ/USD,25.0,2.45728243,2.4521,0.05272521726368698,-0.12977478273631302,0.1825,False,Bittrex,Coinbase Pro
641,01-13-2021_21-11-50,XTZ/USD,25.0,2.45728243,2.4522,0.051707833193596925,-0.13079216680640307,0.1825,False,Bittrex,Coinbase Pro
642,01-13-2021_21-11-59,XTZ/USD,25.0,2.45728243,2.4516,0.05781213761415079,-0.1246878623858492,0.1825,False,Bittrex,Coinbase Pro
643,01-13-2021_21-12-08,XTZ/USD,25.0,2.45728243,2.4529,0.044586144702948485,-0.13791385529705152,0.1825,False,Bittrex,Coinbase Pro
644,01-13-2021_21-12-18,XTZ/USD,25.0,2.4592,2.4543,0.04981294729993622,-0.10518705270006379,0.155,False,Binance US,Coinbase Pro
645,01-13-2021_21-12-28,XTZ/USD,25.0,2.4589,2.4545,0.044735450811338,-0.10026454918866198,0.145,False,Binance US,Coinbase Pro
646,01-13-2021_21-12-39,XTZ/USD,25.0,2.4577,2.4546,0.031533547625827815,-0.11346645237417217,0.145,False,Binance US,Coinbase Pro
647,01-13-2021_21-12-51,XTZ/USD,25.0,2.4574,2.4529,0.04578009278098526,-0.09921990721901473,0.145,False,Binance US,Coinbase Pro
648,01-13-2021_21-13-02,XTZ/USD,25.0,2.4553,2.4536,0.017309493748218496,-0.1276905062517815,0.145,False,Binance US,Coinbase Pro
649,01-13-2021_21-13-13,XTZ/USD,25.0,2.4553,2.4539,0.01425487720441337,-0.13074512279558662,0.145,False,Binance US,Coinbase Pro
650,01-13-2021_21-13-23,XTZ/USD,25.0,2.4583,2.4542,0.041695480616683996,-0.103304519383316,0.145,False,Binance US,Coinbase Pro
651,01-13-2021_21-13-33,XTZ/USD,25.0,2.45938858,2.455,0.04461047794244948,-0.1378895220575505,0.1825,False,Bittrex,Coinbase Pro
652,01-13-2021_21-13-43,XTZ/USD,25.0,2.45938858,2.4551,0.043593965130962746,-0.13890603486903724,0.1825,False,Bittrex,Coinbase Pro
653,01-13-2021_21-13-52,XTZ/USD,25.0,2.45819206,2.4529,0.05382065223984098,-0.12867934776015902,0.1825,False,Bittrex,Coinbase Pro
654,01-13-2021_21-14-02,XTZ/USD,25.0,2.45819206,2.4532,0.050769629448727725,-0.13173037055127226,0.1825,False,Bittrex,Coinbase Pro
655,01-13-2021_21-14-13,XTZ/USD,25.0,2.45819206,2.454,0.0426335686724152,-0.1398664313275848,0.1825,False,Bittrex,Coinbase Pro
656,01-13-2021_21-14-23,XTZ/USD,25.0,2.45819206,2.4539,0.043650576269455954,-0.13884942373054404,0.1825,False,Bittrex,Coinbase Pro
657,01-13-2021_21-14-33,XTZ/USD,25.0,2.45819206,2.4551,0.03144648510499393,-0.15105351489500607,0.1825,False,Bittrex,Coinbase Pro
658,01-13-2021_21-14-42,XTZ/USD,25.0,2.45819206,2.4543,0.039582545881301945,-0.15291745411869806,0.1925,False,Bittrex,Coinbase Pro
659,01-13-2021_21-14-53,XTZ/USD,25.0,2.45819206,2.4537,0.04568459146353296,-0.13681540853646704,0.1825,False,Bittrex,Coinbase Pro
660,01-13-2021_21-15-04,XTZ/USD,25.0,2.4571,2.4537,0.03459362663302338,-0.11040637336697662,0.145,False,Binance US,Coinbase Pro
661,01-13-2021_21-15-14,XTZ/USD,25.0,2.45818048,2.4554,0.028277826044731186,-0.1542221739552688,0.1825,False,Bittrex,Coinbase Pro
662,01-13-2021_21-15-24,XTZ/USD,25.0,2.45818048,2.455,0.03234587559656836,-0.15015412440343162,0.1825,False,Bittrex,Coinbase Pro
663,01-13-2021_21-15-34,XTZ/USD,25.0,2.45818048,2.4546,0.036413925148405545,-0.14608607485159444,0.1825,False,Bittrex,Coinbase Pro
664,01-13-2021_21-15-44,XTZ/USD,25.0,2.45818048,2.4551,0.03132886320861133,-0.15117113679138866,0.1825,False,Bittrex,Coinbase Pro
665,01-13-2021_21-15-55,XTZ/USD,25.0,2.45818048,2.4539,0.04353301186412286,-0.13896698813587713,0.1825,False,Bittrex,Coinbase Pro
666,01-13-2021_21-16-06,XTZ/USD,25.0,2.4595,2.4561,0.03455986989225072,-0.11044013010774928,0.145,False,Binance US,Coinbase Pro
667,01-13-2021_21-16-17,XTZ/USD,25.0,2.4617,2.4565,0.05280903440711573,-0.09219096559288426,0.145,False,Binance US,Coinbase Pro
668,01-13-2021_21-16-27,XTZ/USD,25.0,2.4608,2.4565,0.04368498049414569,-0.10131501950585431,0.145,False,Binance US,Coinbase Pro
669,01-13-2021_21-16-38,XTZ/USD,25.0,2.46193314,2.4562,0.05821786858111271,-0.12428212141888728,0.18249999,False,Bittrex,Coinbase Pro
670,01-13-2021_21-16-48,XTZ/USD,25.0,2.45991318,2.4552,0.04789986124632235,-0.13460012875367766,0.18249999,False,Bittrex,Coinbase Pro
671,01-13-2021_21-16-58,XTZ/USD,25.0,2.45991318,2.455,0.0499324533071525,-0.1325675366928475,0.18249999,False,Bittrex,Coinbase Pro
672,01-13-2021_21-17-09,XTZ/USD,25.0,2.45991318,2.4551,0.04891615727673968,-0.13358383272326033,0.18249999,False,Bittrex,Coinbase Pro
673,01-13-2021_21-17-19,XTZ/USD,25.0,2.45991318,2.4552,0.04789986124632235,-0.13460012875367766,0.18249999,False,Bittrex,Coinbase Pro
674,01-13-2021_21-17-30,XTZ/USD,25.0,2.457285,2.4517,0.05682084088740165,-0.12567915911259836,0.1825,False,Bittrex,Coinbase Pro
675,01-13-2021_21-17-39,XTZ/USD,25.0,2.45565625,2.4505,0.052493605324444276,-0.13000638467555573,0.18249999,False,Bittrex,Coinbase Pro
676,01-13-2021_21-17-49,XTZ/USD,25.0,2.45565622,2.4495,0.06267387867508409,-0.11982612132491591,0.1825,False,Bittrex,Coinbase Pro
677,01-13-2021_21-17-59,XTZ/USD,25.0,2.4556562,2.45,0.05758338646916228,-0.12491661353083772,0.1825,False,Bittrex,Coinbase Pro
678,01-13-2021_21-18-08,XTZ/USD,25.0,2.4556562,2.4496,0.0616556177530036,-0.1208443822469964,0.1825,False,Bittrex,Coinbase Pro
679,01-13-2021_21-18-18,XTZ/USD,25.0,2.4543,2.45,0.04380067636393013,-0.10119932363606986,0.145,False,Binance US,Coinbase Pro
680,01-13-2021_21-18-28,XTZ/USD,25.0,2.455,2.4519,0.031568228105905094,-0.1234317718940949,0.155,False,Binance US,Coinbase Pro
681,01-13-2021_21-18-39,XTZ/USD,25.0,2.455,2.4514,0.03665987780040782,-0.10834012219959217,0.145,False,Binance US,Coinbase Pro
682,01-13-2021_21-18-49,XTZ/USD,25.0,2.4543,2.4493,0.05093101902782763,-0.09406898097217237,0.145,False,Binance US,Coinbase Pro
683,01-13-2021_21-18-59,XTZ/USD,25.0,2.4562,2.4496,0.0671769399885974,-0.07782306001140259,0.145,False,Binance US,Coinbase Pro
684,01-13-2021_21-19-09,XTZ/USD,25.0,2.4552,2.4501,0.05193059628543606,-0.09306940371456393,0.145,False,Binance US,Coinbase Pro
685,01-13-2021_21-19-19,XTZ/USD,25.0,2.4548,2.4491,0.058049535603715556,-0.08695046439628443,0.145,False,Binance US,Coinbase Pro
686,01-13-2021_21-19-29,XTZ/USD,25.0,2.4545,2.4504,0.04176003259319383,-0.10323996740680616,0.145,False,Binance US,Coinbase Pro
687,01-13-2021_21-19-40,XTZ/USD,25.0,2.4557,2.4505,0.052938062466916916,-0.09206193753308307,0.145,False,Binance US,Coinbase Pro
688,01-13-2021_21-19-51,XTZ/USD,25.0,2.4549,2.4488,0.06212065664589184,-0.08287934335410815,0.145,False,Binance US,Coinbase Pro
689,01-13-2021_21-20-01,XTZ/USD,25.0,2.4546,2.4506,0.040739835411064976,-0.10426016458893501,0.145,False,Binance US,Coinbase Pro
690,01-13-2021_21-20-12,XTZ/USD,25.0,2.4546,2.4506,0.040739835411064976,-0.10426016458893501,0.145,False,Binance US,Coinbase Pro
691,01-13-2021_21-20-23,XTZ/USD,25.0,2.45695556,2.452,0.050423785442826344,-0.13207621455717367,0.1825,False,Bittrex,Coinbase Pro
692,01-13-2021_21-20-34,XTZ/USD,25.0,2.45695556,2.4518,0.05245882428577532,-0.1300411757142247,0.1825,False,Bittrex,Coinbase Pro
693,01-13-2021_21-20-45,XTZ/USD,25.0,2.45695552,2.4509,0.06161609307441099,-0.12088390692558901,0.1825,False,Bittrex,Coinbase Pro
694,01-13-2021_21-20-56,XTZ/USD,25.0,2.45695551,2.4522,0.04838823882488467,-0.13411176117511533,0.1825,False,Bittrex,Coinbase Pro
695,01-13-2021_21-21-07,XTZ/USD,25.0,2.45695551,2.4522,0.04838823882488467,-0.13411176117511533,0.1825,False,Bittrex,Coinbase Pro
696,01-13-2021_21-21-16,XTZ/USD,25.0,2.45695551,2.452,0.050423277709247476,-0.1320767222907525,0.1825,False,Bittrex,Coinbase Pro
697,01-13-2021_21-21-25,XTZ/USD,25.0,2.45695551,2.4524,0.046353199940521866,-0.13614680005947813,0.1825,False,Bittrex,Coinbase Pro
698,01-13-2021_21-21-36,XTZ/USD,25.0,2.4569443,2.4522,0.04827439515010611,-0.13422559484989388,0.18249999,False,Bittrex,Coinbase Pro
699,01-13-2021_21-21-45,XTZ/USD,25.0,2.4569443,2.4526,0.04420429881133323,-0.13829569118866678,0.18249999,False,Bittrex,Coinbase Pro
700,01-13-2021_21-21-56,XTZ/USD,25.0,2.4569443,2.4527,0.043186774726637754,-0.13931321527336224,0.18249999,False,Bittrex,Coinbase Pro
701,01-13-2021_21-22-06,XTZ/USD,25.0,2.45694425,2.4524,0.04623883915965856,-0.13626116084034143,0.1825,False,Bittrex,Coinbase Pro
702,01-13-2021_21-22-17,XTZ/USD,25.0,2.45605729,2.4511,0.050459836789883215,-0.13204016321011677,0.1825,False,Bittrex,Coinbase Pro
703,01-13-2021_21-22-27,XTZ/USD,25.0,2.45605685,2.4514,0.047401691862302926,-0.13509830813769708,0.1825,False,Bittrex,Coinbase Pro
704,01-13-2021_21-22-38,XTZ/USD,25.0,2.45317317,2.4466,0.06698640438823765,-0.11551359561176235,0.1825,False,Bittrex,Coinbase Pro
705,01-13-2021_21-22-50,XTZ/USD,25.0,2.45208127,2.4473,0.04874705886073731,-0.14375294113926268,0.1925,False,Bittrex,Coinbase Pro
706,01-13-2021_21-23-02,XTZ/USD,25.0,2.45208127,2.4469,0.05282522711818618,-0.1296747728818138,0.1825,False,Bittrex,Coinbase Pro
707,01-13-2021_21-23-13,XTZ/USD,25.0,2.4518229,2.4469,0.05019632535449392,-0.13230367464550608,0.1825,False,Bittrex,Coinbase Pro
708,01-13-2021_21-23-24,XTZ/USD,25.0,2.45182289,2.4453,0.06651061569948714,-0.11598938430051285,0.1825,False,Bittrex,Coinbase Pro
709,01-13-2021_21-23-36,XTZ/USD,25.0,2.45034798,2.4457,0.04742163192674482,-0.13507836807325518,0.1825,False,Bittrex,Coinbase Pro
710,01-13-2021_21-23-46,XTZ/USD,25.0,2.4523,2.446,0.06422542103331538,-0.08077457896668461,0.145,False,Binance US,Coinbase Pro
711,01-13-2021_21-23-58,XTZ/USD,25.0,2.4522,2.4459,0.0642280401272324,-0.08077195987276758,0.145,False,Binance US,Coinbase Pro
712,01-13-2021_21-24-09,XTZ/USD,25.0,2.4501,2.4456,0.045916493204356215,-0.09908350679564377,0.145,False,Binance US,Coinbase Pro
713,01-13-2021_21-24-20,XTZ/USD,25.0,2.4511,2.4469,0.042837909510015725,-0.10216209048998426,0.145,False,Binance US,Coinbase Pro
714,01-13-2021_21-24-32,XTZ/USD,25.0,2.4512,2.4468,0.044875979112271126,-0.10012402088772887,0.145,False,Binance US,Coinbase Pro
715,01-13-2021_21-24-42,XTZ/USD,25.0,2.4512,2.4468,0.044875979112271126,-0.10012402088772887,0.145,False,Binance US,Coinbase Pro
716,01-13-2021_21-24-54,XTZ/USD,25.0,2.45,2.4439,0.062244897959183615,-0.08275510204081638,0.145,False,Binance US,Coinbase Pro
717,01-13-2021_21-25-04,XTZ/USD,25.0,2.44988451,2.4428,0.07229432623336067,-0.11020567376663933,0.1825,False,Bittrex,Coinbase Pro
718,01-13-2021_21-25-17,XTZ/USD,25.0,2.4487392,2.4455,0.03307007949233514,-0.14942992050766485,0.1825,False,Bittrex,Coinbase Pro
719,01-13-2021_21-25-27,XTZ/USD,25.0,2.44873919,2.4454,0.03409091108637174,-0.14840908891362825,0.1825,False,Bittrex,Coinbase Pro
720,01-13-2021_21-25-37,XTZ/USD,25.0,2.44873919,2.4454,0.03409091108637174,-0.14840908891362825,0.1825,False,Bittrex,Coinbase Pro
721,01-13-2021_21-25-47,XTZ/USD,25.0,2.44873919,2.4454,0.03409091108637174,-0.14840908891362825,0.1825,False,Bittrex,Coinbase Pro
722,01-13-2021_21-25-58,XTZ/USD,25.0,2.451,2.4454,0.05711954304365842,-0.08788045695634157,0.145,False,Binance US,Coinbase Pro
723,01-13-2021_21-26-09,XTZ/USD,25.0,2.4505,2.4442,0.06427259742909582,-0.08072740257090417,0.145,False,Binance US,Coinbase Pro
724,01-13-2021_21-26-19,XTZ/USD,25.0,2.44871334,2.4428,0.060371909437139014,-0.12212809056286097,0.1825,False,Bittrex,Coinbase Pro
725,01-13-2021_21-26-30,XTZ/USD,25.0,2.4481,2.4429,0.05310240594747268,-0.09189759405252731,0.145,False,Binance US,Coinbase Pro
726,01-13-2021_21-26-39,XTZ/USD,25.0,2.44756448,2.4426,0.05070836785472489,-0.13179163214527512,0.1825,False,Bittrex,Coinbase Pro
727,01-13-2021_21-26-50,XTZ/USD,25.0,2.44756448,2.4426,0.05070836785472489,-0.13179163214527512,0.1825,False,Bittrex,Coinbase Pro
728,01-13-2021_21-27-01,XTZ/USD,25.0,2.448,2.4424,0.05718954248365837,-0.08781045751634162,0.145,False,Binance US,Coinbase Pro
729,01-13-2021_21-27-11,XTZ/USD,25.0,2.4485,2.4432,0.05411476414131185,-0.09088523585868814,0.145,False,Binance US,Coinbase Pro
730,01-13-2021_21-27-21,XTZ/USD,25.0,2.449,2.4455,0.03572886892609062,-0.10927113107390937,0.145,False,Binance US,Coinbase Pro
731,01-13-2021_21-27-31,XTZ/USD,25.0,2.449,2.4455,0.03572886892609062,-0.10927113107390937,0.145,False,Binance US,Coinbase Pro
732,01-13-2021_21-27-41,XTZ/USD,25.0,2.4487,2.4444,0.043900845346512354,-0.10109915465348764,0.145,False,Binance US,Coinbase Pro
733,01-13-2021_21-27-51,XTZ/USD,25.0,2.44669735,2.4443,0.024495775907876934,-0.15800422409212306,0.1825,False,Bittrex,Coinbase Pro
734,01-13-2021_21-28-01,XTZ/USD,25.0,2.44622924,2.4448,0.014606562384155586,-0.1678934376158444,0.1825,False,Bittrex,Coinbase Pro
735,01-13-2021_21-28-10,XTZ/USD,25.0,2.4448,2.4419,0.02965477748691,-0.11534522251308998,0.145,False,Binance US,Coinbase Pro
736,01-13-2021_21-28-20,XTZ/USD,25.0,2.4493,2.4424,0.07042828563262878,-0.07457171436737121,0.145,False,Binance US,Coinbase Pro
737,01-13-2021_21-28-30,XTZ/USD,25.0,2.44693319,2.4424,0.046315016063026175,-0.1361849839369738,0.1825,False,Bittrex,Coinbase Pro
738,01-13-2021_21-28-40,XTZ/USD,25.0,2.4451,2.4423,0.028628685943316586,-0.11637131405668341,0.145,False,Binance US,Coinbase Pro
739,01-13-2021_21-28-50,XTZ/USD,25.0,2.4451,2.4425,0.026583779804508583,-0.1184162201954914,0.145,False,Binance US,Coinbase Pro
740,01-13-2021_21-29-00,XTZ/USD,25.0,2.4451,2.4427,0.02453887366570058,-0.12046112633429941,0.145,False,Binance US,Coinbase Pro
741,01-13-2021_21-29-09,XTZ/USD,25.0,2.4451,2.4427,0.02453887366570058,-0.12046112633429941,0.145,False,Binance US,Coinbase Pro
742,01-13-2021_21-29-20,XTZ/USD,25.0,2.4451,2.4426,0.02556132673510231,-0.11943867326489768,0.145,False,Binance US,Coinbase Pro
743,01-13-2021_21-29-30,XTZ/USD,25.0,2.4491,2.4449,0.04287289208280574,-0.10212710791719426,0.145,False,Binance US,Coinbase Pro
744,01-13-2021_21-29-40,XTZ/USD,25.0,2.4491,2.4455,0.036748193213834136,-0.10825180678616586,0.145,False,Binance US,Coinbase Pro
745,01-13-2021_21-29-50,XTZ/USD,25.0,2.4491,2.4455,0.036748193213834136,-0.10825180678616586,0.145,False,Binance US,Coinbase Pro
746,01-13-2021_21-29-59,XTZ/USD,25.0,2.4491,2.4476,0.015311747172431268,-0.1296882528275687,0.145,False,Binance US,Coinbase Pro
747,01-13-2021_21-30-10,XTZ/USD,25.0,2.4491,2.4468,0.023478012331060068,-0.12152198766893993,0.145,False,Binance US,Coinbase Pro
748,01-13-2021_21-30-20,XTZ/USD,25.0,2.4491,2.4471,0.020415662896576536,-0.06958433710342346,0.09,False,Binance US,Kraken
749,01-13-2021_21-30-30,XTZ/USD,25.0,2.4491,2.4475,0.016332530317262135,-0.12866746968273785,0.145,False,Binance US,Coinbase Pro
750,01-13-2021_21-30-39,XTZ/USD,25.0,2.4491,2.4477,0.014290964027600401,-0.1407090359723996,0.155,False,Binance US,Coinbase Pro
751,01-13-2021_21-30-48,XTZ/USD,25.0,2.4491,2.4472,0.01939487975174567,-0.12560512024825432,0.145,False,Binance US,Coinbase Pro
752,01-13-2021_21-31-00,XTZ/USD,25.0,2.4491,2.4458,0.03368584377934607,-0.11131415622065392,0.145,False,Binance US,Coinbase Pro
753,01-13-2021_21-31-12,XTZ/USD,25.0,2.4491,2.4467,0.024498795475890935,-0.12050120452410906,0.145,False,Binance US,Coinbase Pro
754,01-13-2021_21-31-22,XTZ/USD,25.0,2.4491,2.4458,0.03368584377934607,-0.11131415622065392,0.145,False,Binance US,Coinbase Pro
755,01-13-2021_21-31-33,XTZ/USD,25.0,2.44871332,2.4429,0.059350761403136824,-0.01314923859686317,0.0725,False,Bittrex,Binance US
756,01-13-2021_21-31-44,XTZ/USD,25.0,2.4491,2.4469,0.022457229186233735,-0.12254277081376626,0.145,False,Binance US,Coinbase Pro
757,01-13-2021_21-31-55,XTZ/USD,25.0,2.4491,2.4471,0.020415662896576536,-0.13458433710342346,0.155,False,Binance US,Coinbase Pro
758,01-13-2021_21-32-06,XTZ/USD,25.0,2.4491,2.4477,0.014290964027600401,-0.0757090359723996,0.09,False,Binance US,Kraken
759,01-13-2021_21-32-15,XTZ/USD,25.0,2.4491,2.4477,0.014290964027600401,-0.0757090359723996,0.09,False,Binance US,Kraken
760,01-13-2021_21-32-25,XTZ/USD,25.0,2.4491,2.4477,0.014290964027600401,-0.0757090359723996,0.09,False,Binance US,Kraken
761,01-13-2021_21-32-36,XTZ/USD,25.0,2.4489,2.4448,0.04185552697129542,-0.10314447302870457,0.145,False,Binance US,Coinbase Pro
762,01-13-2021_21-32-46,XTZ/USD,25.0,2.4489,2.4457,0.03266772836783956,-0.11233227163216043,0.145,False,Binance US,Coinbase Pro
763,01-13-2021_21-32-57,XTZ/USD,25.0,2.4489,2.4457,0.03266772836783956,-0.11233227163216043,0.145,False,Binance US,Coinbase Pro
764,01-13-2021_21-33-09,XTZ/USD,25.0,2.4489,2.446,0.02960512883335276,-0.06039487116664724,0.09,False,Binance US,Kraken
765,01-13-2021_21-33-19,XTZ/USD,25.0,2.45016958,2.4476,0.02621838934103338,-0.15628161065896662,0.1825,False,Bittrex,Coinbase Pro
766,01-13-2021_21-33-30,XTZ/USD,25.0,2.45016958,2.4484,0.018055689027042132,-0.16444431097295786,0.1825,False,Bittrex,Coinbase Pro
767,01-13-2021_21-33-42,XTZ/USD,25.0,2.45163106,2.4494,0.02275077229605842,-0.15974922770394157,0.1825,False,Bittrex,Coinbase Pro
768,01-13-2021_21-33-52,XTZ/USD,25.0,2.45004986,2.4466,0.035201936665892136,-0.14729805333410786,0.18249999,False,Bittrex,Coinbase Pro
769,01-13-2021_21-34-04,XTZ/USD,25.0,2.45004986,2.4473,0.028059224884511274,-0.16444076511548875,0.19249999,False,Bittrex,Coinbase Pro
770,01-13-2021_21-34-14,XTZ/USD,25.0,2.45004984,2.448,0.020916309196389565,-0.10658369080361044,0.1275,False,Bittrex,Kraken
771,01-13-2021_21-34-25,XTZ/USD,25.0,2.45004984,2.4457,0.044385219526801134,-0.13811478047319886,0.1825,False,Bittrex,Coinbase Pro
772,01-13-2021_21-34-37,XTZ/USD,25.0,2.45004984,2.4457,0.044385219526801134,-0.13811478047319886,0.1825,False,Bittrex,Coinbase Pro
773,01-13-2021_21-34-47,XTZ/USD,25.0,2.4491,2.4445,0.046956024662120135,-0.09804397533787985,0.145,False,Binance US,Coinbase Pro
774,01-13-2021_21-34-57,XTZ/USD,25.0,2.44816758,2.4428,0.05481222000333517,-0.12768777999666484,0.1825,False,Bittrex,Coinbase Pro
775,01-13-2021_21-35-08,XTZ/USD,25.0,2.44816752,2.4439,0.04357871719497334,-0.13892128280502666,0.1825,False,Bittrex,Coinbase Pro
776,01-13-2021_21-35-19,XTZ/USD,25.0,2.44816746,2.4437,0.045620449509608585,-0.14687955049039142,0.1925,False,Bittrex,Coinbase Pro
777,01-13-2021_21-35-30,XTZ/USD,25.0,2.44816549,2.4426,0.05683326987833603,-0.12566673012166396,0.1825,False,Bittrex,Coinbase Pro
778,01-13-2021_21-35-40,XTZ/USD,25.0,2.4477,2.4427,0.05106834987948214,-0.09393165012051785,0.145,False,Binance US,Coinbase Pro
779,01-13-2021_21-35-51,XTZ/USD,25.0,2.447,2.4426,0.044953003677972614,-0.10004699632202738,0.145,False,Binance US,Coinbase Pro
780,01-13-2021_21-36-02,XTZ/USD,25.0,2.44623074,2.4432,0.030973570383632434,-0.15152642961636756,0.1825,False,Bittrex,Coinbase Pro
781,01-13-2021_21-36-13,XTZ/USD,25.0,2.44623074,2.4426,0.037105453102103364,-0.14539454689789663,0.1825,False,Bittrex,Coinbase Pro
782,01-13-2021_21-36-24,XTZ/USD,25.0,2.44623074,2.4441,0.02177574630592377,-0.16072425369407622,0.1825,False,Bittrex,Coinbase Pro
783,01-13-2021_21-36-34,XTZ/USD,25.0,2.44623074,2.4434,0.028929609477475457,-0.16357039052252453,0.1925,False,Bittrex,Coinbase Pro
784,01-13-2021_21-36-44,XTZ/USD,25.0,2.4462,2.4432,0.030659798871720562,-0.11434020112827943,0.145,False,Binance US,Coinbase Pro
785,01-13-2021_21-36-55,XTZ/USD,25.0,2.4462,2.4434,0.028615812280272827,-0.12638418771972718,0.155,False,Binance US,Coinbase Pro
786,01-13-2021_21-37-05,XTZ/USD,25.0,2.4462,2.4433,0.029637805575998964,-0.11536219442400103,0.145,False,Binance US,Coinbase Pro
787,01-13-2021_21-37-16,XTZ/USD,25.0,2.4462,2.4434,0.028615812280272827,-0.12638418771972718,0.155,False,Binance US,Coinbase Pro
788,01-13-2021_21-37-25,XTZ/USD,25.0,2.4462,2.444,0.022483852505929623,-0.12251614749407036,0.145,False,Binance US,Coinbase Pro
789,01-13-2021_21-37-36,XTZ/USD,25.0,2.4462,2.4449,0.013285912844412547,-0.13171408715558744,0.145,False,Binance US,Coinbase Pro
790,01-13-2021_21-37-47,XTZ/USD,25.0,2.4462,2.444,0.022483852505929623,-0.12251614749407036,0.145,False,Binance US,Coinbase Pro
791,01-13-2021_21-37-58,XTZ/USD,25.0,2.44739155,2.4441,0.03362304245922255,-0.14887695754077745,0.1825,False,Bittrex,Coinbase Pro
792,01-13-2021_21-38-11,XTZ/USD,25.0,2.44739155,2.4439,0.035666033904542954,-0.14683396609545704,0.1825,False,Bittrex,Coinbase Pro
793,01-13-2021_21-38-21,XTZ/USD,25.0,2.44739155,2.444,0.034644538181885016,-0.14785546181811499,0.1825,False,Bittrex,Coinbase Pro
794,01-13-2021_21-38-33,XTZ/USD,25.0,2.44739155,2.4435,0.039752016795188305,-0.1527479832048117,0.1925,False,Bittrex,Coinbase Pro
795,01-13-2021_21-38-43,XTZ/USD,25.0,2.4459,2.4415,0.04497322049143423,-0.10002677950856576,0.145,False,Binance US,Coinbase Pro
796,01-13-2021_21-38-55,XTZ/USD,25.0,2.4453,2.4412,0.04191714718030727,-0.10308285281969272,0.145,False,Binance US,Coinbase Pro
797,01-13-2021_21-39-07,XTZ/USD,25.0,2.4453,2.4426,0.027603974972395254,-0.11739602502760474,0.145,False,Binance US,Coinbase Pro
798,01-13-2021_21-39-18,XTZ/USD,25.0,2.4453,2.4425,0.028626344415819488,-0.1163736555841805,0.145,False,Binance US,Coinbase Pro
799,01-13-2021_21-39-29,XTZ/USD,25.0,2.4453,2.4427,0.026581605528975562,-0.11841839447102442,0.145,False,Binance US,Coinbase Pro
800,01-13-2021_21-39-39,XTZ/USD,25.0,2.4453,2.4428,0.02555923608555133,-0.11944076391444866,0.145,False,Binance US,Coinbase Pro
801,01-13-2021_21-39-50,XTZ/USD,25.0,2.44654909,2.4434,0.03217889652073122,-0.16032110347926878,0.1925,False,Bittrex,Coinbase Pro
802,01-13-2021_21-40-01,XTZ/USD,25.0,2.44654909,2.4452,0.013785642044895201,-0.16871435795510478,0.1825,False,Bittrex,Coinbase Pro
803,01-13-2021_21-40-12,XTZ/USD,25.0,2.4496,2.4462,0.03469954278249581,-0.11030045721750417,0.145,False,Binance US,Coinbase Pro
804,01-13-2021_21-40-22,XTZ/USD,25.0,2.4473,2.4436,0.037796755608219414,-0.10720324439178058,0.145,False,Binance US,Coinbase Pro
805,01-13-2021_21-40-34,XTZ/USD,25.0,2.4498,2.4451,0.04796309902849363,-0.09703690097150636,0.145,False,Binance US,Coinbase Pro
806,01-13-2021_21-40-44,XTZ/USD,25.0,2.4492,2.4445,0.04797484893025993,-0.09702515106974005,0.145,False,Binance US,Coinbase Pro
807,01-13-2021_21-40-54,XTZ/USD,25.0,2.4467,2.4451,0.016348551109656106,-0.12865144889034388,0.145,False,Binance US,Coinbase Pro
808,01-13-2021_21-41-06,XTZ/USD,25.0,2.4467,2.4452,0.015326766665304869,-0.12967323333469513,0.145,False,Binance US,Coinbase Pro
809,01-13-2021_21-41-16,XTZ/USD,25.0,2.4467,2.4446,0.02145747333142591,-0.12354252666857408,0.145,False,Binance US,Coinbase Pro
810,01-13-2021_21-41-29,XTZ/USD,25.0,2.4464,2.442,0.044964028776978,-0.110035971223022,0.155,False,Binance US,Coinbase Pro
811,01-13-2021_21-41-39,XTZ/USD,25.0,2.44627098,2.4414,0.04977964460830287,-0.13272035539169713,0.1825,False,Bittrex,Coinbase Pro
812,01-13-2021_21-41-49,XTZ/USD,25.0,2.4463,2.4414,0.05007562441237917,-0.09492437558762082,0.145,False,Binance US,Coinbase Pro
813,01-13-2021_21-42-01,XTZ/USD,25.0,2.44627098,2.4401,0.06306517195408812,-0.11943482804591188,0.1825,False,Bittrex,Coinbase Pro
814,01-13-2021_21-42-13,XTZ/USD,25.0,2.44523184,2.4398,0.05553502035209845,-0.12696497964790154,0.1825,False,Bittrex,Coinbase Pro
815,01-13-2021_21-42-24,XTZ/USD,25.0,2.44523184,2.4397,0.0565574182937162,-0.1259425817062838,0.1825,False,Bittrex,Coinbase Pro
816,01-13-2021_21-42-35,XTZ/USD,25.0,2.4406,2.4349,0.058387281815947295,-0.0966127181840527,0.155,False,Binance US,Coinbase Pro
817,01-13-2021_21-42-47,XTZ/USD,25.0,2.44056351,2.4349,0.05801436816532798,-0.13448563183467202,0.1925,False,Bittrex,Coinbase Pro
818,01-13-2021_21-42-59,XTZ/USD,25.0,2.44056351,2.4355,0.05186824660833991,-0.13063175339166008,0.1825,False,Bittrex,Coinbase Pro
819,01-13-2021_21-43-11,XTZ/USD,25.0,2.44056351,2.4344,0.06313613612947863,-0.11936386387052136,0.1825,False,Bittrex,Coinbase Pro
820,01-13-2021_21-43-21,XTZ/USD,25.0,2.44056349,2.4343,0.06416028537737672,-0.11833971462262327,0.1825,False,Bittrex,Coinbase Pro
821,01-13-2021_21-43-33,XTZ/USD,25.0,2.44056167,2.4329,0.07848265108580584,-0.10401734891419416,0.1825,False,Bittrex,Coinbase Pro
822,01-13-2021_21-43-45,XTZ/USD,25.0,2.4389414,2.432,0.07115177101016139,-0.11134822898983861,0.1825,False,Bittrex,Coinbase Pro
823,01-13-2021_21-43-57,XTZ/USD,25.0,2.43894131,2.4338,0.052700222622412696,-0.1297997773775873,0.1825,False,Bittrex,Coinbase Pro
824,01-13-2021_21-44-08,XTZ/USD,25.0,2.4393,2.4326,0.06866724060181127,-0.08633275939818873,0.155,False,Binance US,Coinbase Pro
825,01-13-2021_21-44-18,XTZ/USD,25.0,2.43894129,2.432,0.07115064668079688,-0.11134935331920312,0.1825,False,Bittrex,Coinbase Pro
826,01-13-2021_21-44-28,XTZ/USD,25.0,2.43894125,2.4324,0.06705009807021965,-0.11544990192978034,0.1825,False,Bittrex,Coinbase Pro
827,01-13-2021_21-44-39,XTZ/USD,25.0,2.43894117,2.4328,0.06294914034355584,-0.11955084965644416,0.18249999,False,Bittrex,Coinbase Pro
828,01-13-2021_21-44-50,XTZ/USD,25.0,2.43894116,2.4328,0.06294903809815887,-0.11955096190184113,0.1825,False,Bittrex,Coinbase Pro
829,01-13-2021_21-45-01,XTZ/USD,25.0,2.43894111,2.4327,0.0639735618708721,-0.1185264381291279,0.1825,False,Bittrex,Coinbase Pro
830,01-13-2021_21-45-12,XTZ/USD,25.0,2.43894107,2.4341,0.04962266267466532,-0.1328773373253347,0.1825,False,Bittrex,Coinbase Pro
831,01-13-2021_21-45-22,XTZ/USD,25.0,2.43894107,2.4347,0.04347245257549374,-0.13902754742450626,0.1825,False,Bittrex,Coinbase Pro
832,01-13-2021_21-45-33,XTZ/USD,25.0,2.43894107,2.4347,0.04347245257549374,-0.13902754742450626,0.1825,False,Bittrex,Coinbase Pro
833,01-13-2021_21-45-44,XTZ/USD,25.0,2.43894107,2.4357,0.033222102410203215,-0.1592778975897968,0.1925,False,Bittrex,Coinbase Pro
834,01-13-2021_21-45-54,XTZ/USD,25.0,2.43894107,2.4348,0.04244741755896286,-0.14005258244103713,0.1825,False,Bittrex,Coinbase Pro
835,01-13-2021_21-46-04,XTZ/USD,25.0,2.43894107,2.4352,0.038347277492848476,-0.14415272250715153,0.1825,False,Bittrex,Coinbase Pro
836,01-13-2021_21-46-16,XTZ/USD,25.0,2.43894107,2.4344,0.04654755762507726,-0.13595244237492274,0.1825,False,Bittrex,Coinbase Pro
837,01-13-2021_21-46-27,XTZ/USD,25.0,2.4396,2.4363,0.03381701918347125,-0.11118298081652875,0.145,False,Binance US,Coinbase Pro
838,01-13-2021_21-46-37,XTZ/USD,25.0,2.44048346,2.4366,0.03978166686694068,-0.14271833313305932,0.1825,False,Bittrex,Coinbase Pro
839,01-13-2021_21-46-47,XTZ/USD,25.0,2.44048346,2.4361,0.04490360282957698,-0.13759639717042302,0.1825,False,Bittrex,Coinbase Pro
840,01-13-2021_21-46-58,XTZ/USD,25.0,2.4436,2.4367,0.07059256834178984,-0.08440743165821016,0.155,False,Binance US,Coinbase Pro
841,01-13-2021_21-47-09,XTZ/USD,25.0,2.4461,2.4409,0.05314582396467716,-0.10185417603532285,0.155,False,Binance US,Coinbase Pro
842,01-13-2021_21-47-20,XTZ/USD,25.0,2.4467,2.4425,0.04291494666285182,-0.1420850533371482,0.185,False,Kraken,Coinbase Pro
843,01-13-2021_21-47-32,XTZ/USD,25.0,2.4531,2.4451,0.08152949329419924,-0.06347050670580075,0.145,False,Binance US,Coinbase Pro
844,01-13-2021_21-47-42,XTZ/USD,25.0,2.4527,2.4447,0.08154278957883156,-0.06345721042116843,0.145,False,Binance US,Coinbase Pro
845,01-13-2021_21-47-52,XTZ/USD,25.0,2.4525,2.4455,0.0713557594291551,-0.07364424057084488,0.145,False,Binance US,Coinbase Pro
846,01-13-2021_21-48-02,XTZ/USD,25.0,2.4525,2.4455,0.0713557594291551,-0.07364424057084488,0.145,False,Binance US,Coinbase Pro
847,01-13-2021_21-48-11,XTZ/USD,25.0,2.45351647,2.4476,0.06028561528262169,-0.1222143847173783,0.1825,False,Bittrex,Coinbase Pro
848,01-13-2021_21-48-21,XTZ/USD,25.0,2.45230404,2.4455,0.06936374822430268,-0.11313625177569732,0.1825,False,Bittrex,Coinbase Pro
849,01-13-2021_21-48-33,XTZ/USD,25.0,2.45443256,2.4486,0.05940843613971601,-0.13309156386028398,0.1925,False,Bittrex,Coinbase Pro
850,01-13-2021_21-48-43,XTZ/USD,25.0,2.45938084,2.4497,0.09840728855966992,-0.08409271144033008,0.1825,False,Bittrex,Coinbase Pro
851,01-13-2021_21-48-54,XTZ/USD,25.0,2.459,2.4467,0.12505083367222652,-0.019949166327773465,0.145,False,Binance US,Coinbase Pro
852,01-13-2021_21-49-05,XTZ/USD,25.0,2.45466154,2.4461,0.0871967464809842,-0.0953032535190158,0.1825,False,Bittrex,Coinbase Pro
853,01-13-2021_21-49-16,XTZ/USD,25.0,2.4533,2.4452,0.08254188236253432,-0.06245811763746567,0.145,False,Binance US,Coinbase Pro
854,01-13-2021_21-49-27,XTZ/USD,25.0,2.45836418,2.4507,0.07793983558611635,-0.10456016441388365,0.1825,False,Bittrex,Coinbase Pro
855,01-13-2021_21-49-37,XTZ/USD,25.0,2.45837995,2.4523,0.061828827557755296,-0.1206711724422447,0.1825,False,Bittrex,Coinbase Pro
856,01-13-2021_21-49-47,XTZ/USD,25.0,2.4618,2.4534,0.08530343650987496,-0.05969656349012503,0.145,False,Binance US,Coinbase Pro
857,01-13-2021_21-49-59,XTZ/USD,25.0,2.4618,2.4524,0.0954586075229537,-0.049541392477046295,0.145,False,Binance US,Coinbase Pro
858,01-13-2021_21-50-10,XTZ/USD,25.0,2.4613,2.4529,0.08532076544915251,-0.059679234550847476,0.145,False,Binance US,Coinbase Pro
859,01-13-2021_21-50-21,XTZ/USD,25.0,2.457,2.4514,0.056980056980055226,-0.08801994301994476,0.145,False,Binance US,Coinbase Pro
860,01-13-2021_21-50-32,XTZ/USD,25.0,2.4569,2.4534,0.03561398510318166,-0.10938601489681833,0.145,False,Binance US,Coinbase Pro
861,01-13-2021_21-50-42,XTZ/USD,25.0,2.4567,2.4528,0.03968738551715957,-0.10531261448284042,0.145,False,Binance US,Coinbase Pro
862,01-13-2021_21-50-53,XTZ/USD,25.0,2.4567,2.4535,0.032564008629463216,-0.11243599137053678,0.145,False,Binance US,Coinbase Pro
863,01-13-2021_21-51-02,XTZ/USD,25.0,2.4567,2.4534,0.033581633899136064,-0.11141836610086392,0.145,False,Binance US,Coinbase Pro
864,01-13-2021_21-51-12,XTZ/USD,25.0,2.4567,2.4535,0.032564008629463216,-0.05743599137053678,0.09,False,Binance US,Kraken
865,01-13-2021_21-51-23,XTZ/USD,25.0,2.4567,2.4537,0.03052875809012205,-0.059471241909877945,0.09,False,Binance US,Kraken
866,01-13-2021_21-51-33,XTZ/USD,25.0,2.4567,2.4547,0.020352505393416206,-0.12464749460658378,0.145,False,Binance US,Coinbase Pro
867,01-13-2021_21-51-43,XTZ/USD,25.0,2.46070654,2.4545,0.06305648295631366,-0.11944351704368633,0.1825,False,Bittrex,Coinbase Pro
868,01-13-2021_21-51-54,XTZ/USD,25.0,2.4643315,2.456,0.08452089339441708,-0.09797910660558291,0.1825,False,Bittrex,Coinbase Pro
869,01-13-2021_21-52-08,XTZ/USD,25.0,2.46399841,2.4576,0.0649189745215793,-0.1175810254784207,0.1825,False,Bittrex,Coinbase Pro
870,01-13-2021_21-52-18,XTZ/USD,25.0,2.46845367,2.4602,0.08359150204346566,-0.09890849795653434,0.1825,False,Bittrex,Coinbase Pro
871,01-13-2021_21-52-28,XTZ/USD,25.0,2.46845365,2.4612,0.07346350214029744,-0.10903649785970256,0.1825,False,Bittrex,Coinbase Pro
872,01-13-2021_21-52-38,XTZ/USD,25.0,2.4686,2.4626,0.06076318561127545,-0.08423681438872455,0.145,False,Binance US,Coinbase Pro
873,01-13-2021_21-52-48,XTZ/USD,25.0,2.4721,2.4676,0.04550786780470218,-0.10949213219529783,0.155,False,Binance US,Coinbase Pro
874,01-13-2021_21-52-59,XTZ/USD,25.0,2.47471813,2.4692,0.05574503549622447,-0.12675495450377552,0.18249999,False,Bittrex,Coinbase Pro
875,01-13-2021_21-53-09,XTZ/USD,25.0,2.47377044,2.47,0.03810418237514209,-0.1543958176248579,0.1925,False,Bittrex,Coinbase Pro
876,01-13-2021_21-53-20,XTZ/USD,25.0,2.4721,2.4686,0.03539500829254764,-0.10960499170745236,0.145,False,Binance US,Coinbase Pro
877,01-13-2021_21-53-30,XTZ/USD,25.0,2.4714,2.4622,0.09306465970704737,-0.05193534029295262,0.145,False,Binance US,Coinbase Pro
878,01-13-2021_21-53-40,XTZ/USD,25.0,2.471,2.4639,0.07183326588425622,-0.07316673411574377,0.145,False,Binance US,Coinbase Pro
879,01-13-2021_21-53-51,XTZ/USD,25.0,2.47228712,2.4688,0.03526208557847394,-0.14723791442152606,0.1825,False,Bittrex,Coinbase Pro
880,01-13-2021_21-54-03,XTZ/USD,25.0,2.47342729,2.469,0.044748535947464564,-0.13775146405253544,0.1825,False,Bittrex,Coinbase Pro
881,01-13-2021_21-54-14,XTZ/USD,25.0,2.47649436,2.4667,0.09887323143348377,-0.08362675856651623,0.18249999,False,Bittrex,Coinbase Pro
882,01-13-2021_21-54-23,XTZ/USD,25.0,2.47326932,2.4665,0.06842481675226617,-0.12407518324773384,0.1925,False,Bittrex,Coinbase Pro
883,01-13-2021_21-54-35,XTZ/USD,25.0,2.47326925,2.4669,0.06438087967980138,-0.11811912032019861,0.1825,False,Bittrex,Coinbase Pro
884,01-13-2021_21-54-45,XTZ/USD,25.0,2.4711,2.4631,0.08093561571769665,-0.06406438428230334,0.145,False,Binance US,Coinbase Pro
885,01-13-2021_21-54-55,XTZ/USD,25.0,2.4721,2.4684,0.037417580194978546,-0.10758241980502145,0.145,False,Binance US,Coinbase Pro
886,01-13-2021_21-55-06,XTZ/USD,25.0,2.4715,2.4657,0.05866882460044311,-0.09633117539955688,0.155,False,Binance US,Coinbase Pro
887,01-13-2021_21-55-15,XTZ/USD,25.0,2.4711,2.4648,0.06373679737768577,-0.08126320262231422,0.145,False,Binance US,Coinbase Pro
888,01-13-2021_21-55-27,XTZ/USD,25.0,2.4706,2.4657,0.04958309722334783,-0.10541690277665217,0.155,False,Binance US,Coinbase Pro
889,01-13-2021_21-55-39,XTZ/USD,25.0,2.4706,2.4671,0.03541649801667895,-0.10958350198332104,0.145,False,Binance US,Coinbase Pro
890,01-13-2021_21-55-50,XTZ/USD,25.0,2.47681492,2.468,0.08897435097814896,-0.09352563902185104,0.18249999,False,Bittrex,Coinbase Pro
891,01-13-2021_21-56-01,XTZ/USD,25.0,2.4717,2.4667,0.050572480479021464,-0.09442751952097853,0.145,False,Binance US,Coinbase Pro
892,01-13-2021_21-56-11,XTZ/USD,25.0,2.472,2.4673,0.04753236245954843,-0.09746763754045157,0.145,False,Binance US,Coinbase Pro
893,01-13-2021_21-56-21,XTZ/USD,25.0,2.47510576,2.4678,0.07379240230930514,-0.10870758769069486,0.18249999,False,Bittrex,Coinbase Pro
894,01-13-2021_21-56-34,XTZ/USD,25.0,2.47931527,2.4689,0.10502163768789027,-0.02247836231210973,0.1275,False,Bittrex,Kraken
895,01-13-2021_21-56-46,XTZ/USD,25.0,2.4721,2.4689,0.032361150438899026,-0.05763884956110097,0.09,False,Binance US,Kraken
896,01-13-2021_21-56-58,XTZ/USD,25.0,2.47398028,2.4689,0.051337110900496426,-0.07616288909950358,0.1275,False,Bittrex,Kraken
897,01-13-2021_21-57-09,XTZ/USD,25.0,2.47404223,2.4689,0.05196182524337603,-0.07553817475662397,0.1275,False,Bittrex,Kraken
898,01-13-2021_21-57-22,XTZ/USD,25.0,2.47404223,2.4688,0.0529723172914464,-0.12952768270855358,0.1825,False,Bittrex,Coinbase Pro
899,01-13-2021_21-57-33,XTZ/USD,25.0,2.4721,2.4684,0.037417580194978546,-0.10758241980502145,0.145,False,Binance US,Coinbase Pro
900,01-13-2021_21-57-43,XTZ/USD,25.0,2.4741296,2.4688,0.05385328238262101,-0.128646717617379,0.1825,False,Bittrex,Coinbase Pro
901,01-13-2021_21-57-55,XTZ/USD,25.0,2.4718,2.4688,0.030342260700705087,-0.1146577392992949,0.145,False,Binance US,Coinbase Pro
902,01-13-2021_21-58-07,XTZ/USD,25.0,2.47419895,2.4697,0.045458652385248675,-0.1370413476147513,0.1825,False,Bittrex,Coinbase Pro
903,01-13-2021_21-58-18,XTZ/USD,25.0,2.47419895,2.4711,0.031312659800458296,-0.1511873401995417,0.1825,False,Bittrex,Coinbase Pro
904,01-13-2021_21-58-28,XTZ/USD,25.0,2.47455392,2.4708,0.03792521926537627,-0.1445747807346237,0.1825,False,Bittrex,Coinbase Pro
905,01-13-2021_21-58-39,XTZ/USD,25.0,2.47688357,2.4722,0.047272811454759665,-0.025227178545240335,0.07249999,False,Bittrex,Binance US
906,01-13-2021_21-58-51,XTZ/USD,25.0,2.48064476,2.4722,0.08510650271423952,0.01260650271423952,0.0725,True,Bittrex,Binance US
907,01-13-2021_21-59-03,XTZ/USD,25.0,2.47846069,2.4722,0.06315099151320369,-0.009349008486796304,0.0725,False,Bittrex,Binance US
908,01-13-2021_21-59-14,XTZ/USD,25.0,2.47846069,2.4722,0.06315099151320369,-0.009349008486796304,0.0725,False,Bittrex,Binance US
909,01-13-2021_21-59-24,XTZ/USD,25.0,2.4806423,2.475,0.05686329705818407,-0.12563670294181592,0.1825,False,Bittrex,Coinbase Pro
910,01-13-2021_21-59-36,XTZ/USD,25.0,2.48064229,2.476,0.04678516143494483,-0.13571483856505517,0.1825,False,Bittrex,Coinbase Pro
911,01-13-2021_21-59-46,XTZ/USD,25.0,2.48064221,2.4733,0.07399505227317743,-0.10850494772682256,0.1825,False,Bittrex,Coinbase Pro
912,01-13-2021_21-59-56,XTZ/USD,25.0,2.48064009,2.4748,0.058856684042383235,-0.12364331595761677,0.1825,False,Bittrex,Coinbase Pro
913,01-13-2021_22-00-06,XTZ/USD,25.0,2.48064009,2.4757,0.049786444433382974,-0.13271355556661701,0.1825,False,Bittrex,Coinbase Pro
914,01-13-2021_22-00-16,XTZ/USD,25.0,2.48511334,2.4772,0.07960743553048562,-0.10289256446951438,0.1825,False,Bittrex,Coinbase Pro
915,01-13-2021_22-00-25,XTZ/USD,25.0,2.48511327,2.4778,0.07357079140300152,0.0010707914030015225,0.0725,False,Bittrex,Binance US
916,01-13-2021_22-00-36,XTZ/USD,25.0,2.48064224,2.4767,0.03973003378350685,-0.14276996621649315,0.1825,False,Bittrex,Coinbase Pro
917,01-13-2021_22-00-45,XTZ/USD,25.0,2.48064224,2.4758,0.048800265531234836,-0.13369973446876515,0.1825,False,Bittrex,Coinbase Pro
918,01-13-2021_22-00-57,XTZ/USD,25.0,2.48064224,2.4755,0.05182367611381233,-0.13067632388618766,0.1825,False,Bittrex,Coinbase Pro
919,01-13-2021_22-01-07,XTZ/USD,25.0,2.48511317,2.4763,0.08865964442174494,-0.09384035557825506,0.1825,False,Bittrex,Coinbase Pro
920,01-13-2021_22-01-18,XTZ/USD,25.0,2.48064224,2.4761,0.04577685494865735,-0.13672314505134264,0.1825,False,Bittrex,Coinbase Pro
921,01-13-2021_22-01-28,XTZ/USD,25.0,2.48511254,2.4763,0.08865332915667119,-0.0938466708433288,0.1825,False,Bittrex,Coinbase Pro
922,01-13-2021_22-01-39,XTZ/USD,25.0,2.48511245,2.4774,0.077586529333915,-0.104913470666085,0.1825,False,Bittrex,Coinbase Pro
923,01-13-2021_22-01-51,XTZ/USD,25.0,2.48511237,2.4778,0.07356176413061132,0.0010617641306113201,0.0725,False,Bittrex,Binance US
924,01-13-2021_22-02-02,XTZ/USD,25.0,2.48511066,2.4778,0.07354461229505528,0.001044612295055286,0.0725,False,Bittrex,Binance US
925,01-13-2021_22-02-13,XTZ/USD,25.0,2.48511059,2.4763,0.08863378188734802,-0.09386620811265198,0.18249999,False,Bittrex,Coinbase Pro
926,01-13-2021_22-02-24,XTZ/USD,25.0,2.48250212,2.4733,0.09266981008660599,-0.089830189913394,0.1825,False,Bittrex,Coinbase Pro
927,01-13-2021_22-02-36,XTZ/USD,25.0,2.48104561,2.4715,0.09618535388392138,-0.08631464611607861,0.1825,False,Bittrex,Coinbase Pro
928,01-13-2021_22-02-47,XTZ/USD,25.0,2.4808086,2.4705,0.10388346767259787,-0.07861653232740212,0.1825,False,Bittrex,Coinbase Pro
929,01-13-2021_22-02-58,XTZ/USD,25.0,2.4797872,2.4699,0.09967790784628712,-0.08282208215371288,0.18249999,False,Bittrex,Coinbase Pro
930,01-13-2021_22-03-10,XTZ/USD,25.0,2.47923011,2.4704,0.08904084744275605,-0.09345915255724395,0.1825,False,Bittrex,Coinbase Pro
931,01-13-2021_22-03-20,XTZ/USD,25.0,2.47898221,2.4708,0.08251582007117092,-0.09998417992882908,0.1825,False,Bittrex,Coinbase Pro
932,01-13-2021_22-03-31,XTZ/USD,25.0,2.47898213,2.473,0.060328490548659484,-0.1321715094513405,0.1925,False,Bittrex,Coinbase Pro
933,01-13-2021_22-03-41,XTZ/USD,25.0,2.47898213,2.4752,0.038141965145991476,-0.14435803485400853,0.1825,False,Bittrex,Coinbase Pro
934,01-13-2021_22-03-51,XTZ/USD,25.0,2.48163498,2.4752,0.06482601240573935,-0.11767398759426065,0.1825,False,Bittrex,Coinbase Pro
935,01-13-2021_22-04-03,XTZ/USD,25.0,2.48163497,2.4767,0.0497149062982445,-0.1327850937017555,0.1825,False,Bittrex,Coinbase Pro
936,01-13-2021_22-04-14,XTZ/USD,25.0,2.48034733,2.4721,0.08312676515348824,-0.09937323484651175,0.1825,False,Bittrex,Coinbase Pro
937,01-13-2021_22-04-25,XTZ/USD,25.0,2.47875428,2.4719,0.06913028910634668,-0.11336971089365332,0.1825,False,Bittrex,Coinbase Pro
938,01-13-2021_22-04-36,XTZ/USD,25.0,2.47711822,2.4701,0.07083049108572585,-0.11166950891427414,0.1825,False,Bittrex,Coinbase Pro
939,01-13-2021_22-04-46,XTZ/USD,25.0,2.4754,2.4701,0.053526702755111115,-0.09147329724488887,0.145,False,Binance US,Coinbase Pro
940,01-13-2021_22-04-57,XTZ/USD,25.0,2.47519008,2.4708,0.04434083704795565,-0.13815916295204433,0.1825,False,Bittrex,Coinbase Pro
941,01-13-2021_22-05-09,XTZ/USD,25.0,2.4743,2.4691,0.052540112355008196,-0.0924598876449918,0.145,False,Binance US,Coinbase Pro
942,01-13-2021_22-05-19,XTZ/USD,25.0,2.474,2.47,0.04042037186742121,-0.1145796281325788,0.155,False,Binance US,Coinbase Pro
943,01-13-2021_22-05-30,XTZ/USD,25.0,2.474,2.47,0.04042037186742121,-0.1145796281325788,0.155,False,Binance US,Coinbase Pro
944,01-13-2021_22-05-42,XTZ/USD,25.0,2.4738,2.4711,0.02728595682755648,-0.11771404317244351,0.145,False,Binance US,Coinbase Pro
945,01-13-2021_22-05-53,XTZ/USD,25.0,2.4735,2.4692,0.043460683242371054,-0.10153931675762894,0.145,False,Binance US,Coinbase Pro
946,01-13-2021_22-06-04,XTZ/USD,25.0,2.4734,2.4692,0.04245168593838423,-0.10254831406161577,0.145,False,Binance US,Coinbase Pro
947,01-13-2021_22-06-14,XTZ/USD,25.0,2.4746,2.47,0.04647215711630099,-0.04352784288369901,0.09,False,Binance US,Kraken
948,01-13-2021_22-06-27,XTZ/USD,25.0,2.4746,2.4703,0.043441364260892595,-0.1015586357391074,0.145,False,Binance US,Coinbase Pro
949,01-13-2021_22-06-39,XTZ/USD,25.0,2.4746,2.4695,0.05152347854198764,-0.09347652145801236,0.145,False,Binance US,Coinbase Pro
950,01-13-2021_22-06-50,XTZ/USD,25.0,2.47165619,2.4654,0.06327933093316082,-0.11922066906683917,0.1825,False,Bittrex,Coinbase Pro
951,01-13-2021_22-07-00,XTZ/USD,25.0,2.47165617,2.4685,0.03192363523604513,-0.15057636476395486,0.1825,False,Bittrex,Coinbase Pro
952,01-13-2021_22-07-10,XTZ/USD,25.0,2.47165617,2.466,0.057210323877693314,-0.07028967612230669,0.1275,False,Bittrex,Kraken
953,01-13-2021_22-07-20,XTZ/USD,25.0,2.47165617,2.4655,0.062267661606024746,-0.12023233839397525,0.1825,False,Bittrex,Coinbase Pro
954,01-13-2021_22-07-32,XTZ/USD,25.0,2.47111701,2.4647,0.06492013504451409,-0.1175798649554859,0.1825,False,Bittrex,Coinbase Pro
955,01-13-2021_22-07-44,XTZ/USD,25.0,2.46909095,2.4646,0.0454716947547042,-0.1370283052452958,0.1825,False,Bittrex,Coinbase Pro
956,01-13-2021_22-07-55,XTZ/USD,25.0,2.46909095,2.4635,0.05660939707385228,-0.12589060292614773,0.1825,False,Bittrex,Coinbase Pro
957,01-13-2021_22-08-07,XTZ/USD,25.0,2.46909092,2.4635,0.05660909400614931,-0.1258909059938507,0.1825,False,Bittrex,Coinbase Pro
958,01-13-2021_22-08-17,XTZ/USD,25.0,2.46909091,2.465,0.041421216847782535,-0.08607878315221747,0.1275,False,Bittrex,Kraken
959,01-13-2021_22-08-28,XTZ/USD,25.0,2.46909091,2.4646,0.0454712904839934,-0.1370287095160066,0.1825,False,Bittrex,Coinbase Pro
960,01-13-2021_22-08-39,XTZ/USD,25.0,2.46909091,2.4646,0.0454712904839934,-0.0820287095160066,0.1275,False,Bittrex,Kraken
961,01-13-2021_22-08-50,XTZ/USD,25.0,2.46909091,2.4654,0.037371143211571665,-0.14512885678842832,0.1825,False,Bittrex,Coinbase Pro
962,01-13-2021_22-09-01,XTZ/USD,25.0,2.4690909,2.4653,0.03838356052423809,-0.14411642947576192,0.18249999,False,Bittrex,Coinbase Pro
963,01-13-2021_22-09-13,XTZ/USD,25.0,2.4690909,2.4655,0.036358523697931106,-0.1461414663020689,0.18249999,False,Bittrex,Coinbase Pro
964,01-13-2021_22-09-25,XTZ/USD,25.0,2.4686,2.4654,0.032407032326015675,-0.11259296767398431,0.145,False,Binance US,Coinbase Pro
965,01-13-2021_22-09-38,XTZ/USD,25.0,2.4685,2.4642,0.04354871379380385,-0.11145128620619615,0.155,False,Binance US,Coinbase Pro
966,01-13-2021_22-09-51,XTZ/USD,25.0,2.4684398,2.4638,0.04699122093234846,-0.13550877906765152,0.1825,False,Bittrex,Coinbase Pro
967,01-13-2021_22-10-02,XTZ/USD,25.0,2.4684398,2.4641,0.04395286447739067,-0.13854713552260933,0.1825,False,Bittrex,Coinbase Pro
968,01-13-2021_22-10-13,XTZ/USD,25.0,2.4684398,2.4639,0.045978435447361035,-0.13652156455263897,0.1825,False,Bittrex,Coinbase Pro
969,01-13-2021_22-10-24,XTZ/USD,25.0,2.4684398,2.4638,0.04699122093234846,-0.13550877906765152,0.1825,False,Bittrex,Coinbase Pro
970,01-13-2021_22-10-36,XTZ/USD,25.0,2.4684398,2.4639,0.045978435447361035,-0.13652156455263897,0.1825,False,Bittrex,Coinbase Pro
971,01-13-2021_22-10-47,XTZ/USD,25.0,2.4684398,2.4639,0.045978435447361035,-0.13652156455263897,0.1825,False,Bittrex,Coinbase Pro
972,01-13-2021_22-10-58,XTZ/USD,25.0,2.46835337,2.4637,0.04713030614413418,-0.14536969385586582,0.1925,False,Bittrex,Coinbase Pro
973,01-13-2021_22-11-09,XTZ/USD,25.0,2.46835337,2.4637,0.04713030614413418,-0.14536969385586582,0.1925,False,Bittrex,Coinbase Pro
974,01-13-2021_22-11-20,XTZ/USD,25.0,2.46835337,2.4638,0.04611748519621404,-0.13638251480378596,0.1825,False,Bittrex,Coinbase Pro
975,01-13-2021_22-11-31,XTZ/USD,25.0,2.46835337,2.4639,0.045104664248293895,-0.1373953357517061,0.1825,False,Bittrex,Coinbase Pro
976,01-13-2021_22-11-42,XTZ/USD,25.0,2.46835337,2.4639,0.045104664248293895,-0.1373953357517061,0.1825,False,Bittrex,Coinbase Pro
977,01-13-2021_22-11-54,XTZ/USD,25.0,2.46835337,2.4639,0.045104664248293895,-0.1373953357517061,0.1825,False,Bittrex,Coinbase Pro
978,01-13-2021_22-12-05,XTZ/USD,25.0,2.46835337,2.4639,0.045104664248293895,-0.1373953357517061,0.1825,False,Bittrex,Coinbase Pro
979,01-13-2021_22-12-15,XTZ/USD,25.0,2.4676335,2.4639,0.03782470127755613,-0.14467529872244386,0.1825,False,Bittrex,Coinbase Pro
980,01-13-2021_22-12-26,XTZ/USD,25.0,2.4685,2.4639,0.046586996151508374,-0.09841300384849161,0.145,False,Binance US,Coinbase Pro
981,01-13-2021_22-12-38,XTZ/USD,25.0,2.4686,2.4639,0.047597828728831164,-0.09740217127116882,0.145,False,Binance US,Coinbase Pro
982,01-13-2021_22-12-49,XTZ/USD,25.0,2.4686,2.4658,0.02835615328525978,-0.12664384671474022,0.155,False,Binance US,Coinbase Pro
983,01-13-2021_22-13-00,XTZ/USD,25.0,2.4683,2.4641,0.042539399586759924,-0.10246060041324007,0.145,False,Binance US,Coinbase Pro
984,01-13-2021_22-13-12,XTZ/USD,25.0,2.4683,2.4651,0.03241097111372292,-0.11258902888627707,0.145,False,Binance US,Coinbase Pro
985,01-13-2021_22-13-23,XTZ/USD,25.0,2.4683,2.4635,0.04861645667058663,-0.09638354332941336,0.145,False,Binance US,Coinbase Pro
986,01-13-2021_22-13-34,XTZ/USD,25.0,2.4679,2.4631,0.04862433648041208,-0.0963756635195879,0.145,False,Binance US,Coinbase Pro
987,01-13-2021_22-13-45,XTZ/USD,25.0,2.46733739,2.4627,0.046987797643678504,-0.1355122023563215,0.1825,False,Bittrex,Coinbase Pro
988,01-13-2021_22-13-57,XTZ/USD,25.0,2.46733739,2.4627,0.046987797643678504,-0.1355122023563215,0.1825,False,Bittrex,Coinbase Pro
989,01-13-2021_22-14-09,XTZ/USD,25.0,2.4654,2.4611,0.04360347205321397,-0.10139652794678602,0.145,False,Binance US,Coinbase Pro
990,01-13-2021_22-14-21,XTZ/USD,25.0,2.4653,2.461,0.04360524074149386,-0.10139475925850613,0.145,False,Binance US,Coinbase Pro
991,01-13-2021_22-14-33,XTZ/USD,25.0,2.4651,2.461,0.04158046326721243,-0.10341953673278756,0.145,False,Binance US,Coinbase Pro
992,01-13-2021_22-14-42,XTZ/USD,25.0,2.4649,2.461,0.03955535721530525,-0.050444642784694745,0.09,False,Binance US,Kraken
993,01-13-2021_22-14-52,XTZ/USD,25.0,2.46720346,2.4623,0.04968641702537142,-0.13281358297462859,0.1825,False,Bittrex,Coinbase Pro
994,01-13-2021_22-15-03,XTZ/USD,25.0,2.46720346,2.463,0.04259336601286853,-0.13990663398713146,0.1825,False,Bittrex,Coinbase Pro
995,01-13-2021_22-15-14,XTZ/USD,25.0,2.4686,2.4637,0.04962326824921136,-0.04037673175078864,0.09,False,Binance US,Kraken
996,01-13-2021_22-15-25,XTZ/USD,25.0,2.47025779,2.4661,0.0420785030699147,-0.1404214969300853,0.1825,False,Bittrex,Coinbase Pro
997,01-13-2021_22-15-37,XTZ/USD,25.0,2.47025779,2.4661,0.0420785030699147,-0.1404214969300853,0.1825,False,Bittrex,Coinbase Pro
998,01-13-2021_22-15-47,XTZ/USD,25.0,2.471,2.4659,0.051598543099960585,-0.0934014569000394,0.145,False,Binance US,Coinbase Pro
999,01-13-2021_22-15-59,XTZ/USD,25.0,2.4704,2.4661,0.04351522020725584,-0.10148477979274415,0.145,False,Binance US,Coinbase Pro
1000,01-13-2021_22-16-10,XTZ/USD,25.0,2.4704,2.4664,0.040479274611398997,-0.049520465388601,0.08999974,False,Binance US,Kraken
1001,01-13-2021_22-16-20,XTZ/USD,25.0,2.4704,2.4669,0.03541936528497693,-0.054580634715023064,0.09,False,Binance US,Kraken
1002,01-13-2021_22-16-30,XTZ/USD,25.0,2.4704,2.4673,0.031371437823837486,-0.1136285621761625,0.145,False,Binance US,Coinbase Pro
1003,01-13-2021_22-16-40,XTZ/USD,25.0,2.4704,2.4676,0.02833549222798065,-0.12666450777201935,0.155,False,Binance US,Coinbase Pro
1004,01-13-2021_22-16-50,XTZ/USD,25.0,2.47356288,2.4691,0.04510578683974799,-0.13739421316025202,0.1825,False,Bittrex,Coinbase Pro
1005,01-13-2021_22-17-01,XTZ/USD,25.0,2.47356286,2.47,0.03600939415786389,-0.15649060584213612,0.1925,False,Bittrex,Coinbase Pro
1006,01-13-2021_22-17-12,XTZ/USD,25.0,2.47356286,2.47,0.03600939415786389,-0.15649060584213612,0.1925,False,Bittrex,Coinbase Pro
1007,01-13-2021_22-17-22,XTZ/USD,25.0,2.47356286,2.4703,0.03297733052152937,-0.14952266947847062,0.1825,False,Bittrex,Coinbase Pro
1008,01-13-2021_22-17-33,XTZ/USD,25.0,2.47356286,2.4693,0.04308420930931859,-0.1394157906906814,0.1825,False,Bittrex,Coinbase Pro
1009,01-13-2021_22-17-43,XTZ/USD,25.0,2.47356286,2.4692,0.04409489718809976,-0.13840510281190024,0.1825,False,Bittrex,Coinbase Pro
1010,01-13-2021_22-17-55,XTZ/USD,25.0,2.47356286,2.4693,0.04308420930931859,-0.1394157906906814,0.1825,False,Bittrex,Coinbase Pro
1011,01-13-2021_22-18-05,XTZ/USD,25.0,2.47356286,2.4693,0.04308420930931859,-0.1394157906906814,0.1825,False,Bittrex,Coinbase Pro
1012,01-13-2021_22-18-16,XTZ/USD,25.0,2.47356286,2.4693,0.04308420930931859,-0.1394157906906814,0.1825,False,Bittrex,Coinbase Pro
1013,01-13-2021_22-18-27,XTZ/USD,25.0,2.47356286,2.4693,0.04308420930931859,-0.1394157906906814,0.1825,False,Bittrex,Coinbase Pro
1014,01-13-2021_22-18-37,XTZ/USD,25.0,2.47356286,2.4692,0.04409489718809976,-0.13840510281190024,0.1825,False,Bittrex,Coinbase Pro
1015,01-13-2021_22-18-46,XTZ/USD,25.0,2.47356286,2.4694,0.04207352143054191,-0.14042647856945809,0.1825,False,Bittrex,Coinbase Pro
1016,01-13-2021_22-18-57,XTZ/USD,25.0,2.47356286,2.4694,0.04207352143054191,-0.14042647856945809,0.1825,False,Bittrex,Coinbase Pro
1017,01-13-2021_22-19-07,XTZ/USD,25.0,2.47356286,2.4697,0.0390414577942029,-0.1434585422057971,0.1825,False,Bittrex,Coinbase Pro
1018,01-13-2021_22-19-17,XTZ/USD,25.0,2.47356286,2.4697,0.0390414577942029,-0.1434585422057971,0.1825,False,Bittrex,Coinbase Pro
1019,01-13-2021_22-19-28,XTZ/USD,25.0,2.47356286,2.4699,0.03702008203664506,-0.14547991796335494,0.1825,False,Bittrex,Coinbase Pro
1020,01-13-2021_22-19-38,XTZ/USD,25.0,2.47356286,2.4695,0.04106283355176075,-0.14143716644823925,0.1825,False,Bittrex,Coinbase Pro
1021,01-13-2021_22-19-48,XTZ/USD,25.0,2.47356286,2.4698,0.03803076991542173,-0.14446923008457827,0.1825,False,Bittrex,Coinbase Pro
1022,01-13-2021_22-19-58,XTZ/USD,25.0,2.4738,2.4695,0.04345541272536374,-0.10154458727463625,0.145,False,Binance US,Coinbase Pro
1023,01-13-2021_22-20-09,XTZ/USD,25.0,2.4717,2.4676,0.041469433992796165,-0.11353056600720383,0.155,False,Binance US,Coinbase Pro
1024,01-13-2021_22-20-20,XTZ/USD,25.0,2.4717,2.4678,0.03944653477363548,-0.10555346522636451,0.145,False,Binance US,Coinbase Pro
1025,01-13-2021_22-20-32,XTZ/USD,25.0,2.4747,2.4705,0.04242938538004588,-0.10257061461995412,0.145,False,Binance US,Coinbase Pro
1026,01-13-2021_22-20-42,XTZ/USD,25.0,2.4747,2.4708,0.039398714995754966,-0.10560128500424502,0.145,False,Binance US,Coinbase Pro
1027,01-13-2021_22-20-52,XTZ/USD,25.0,2.4747,2.4708,0.039398714995754966,-0.10560128500424502,0.145,False,Binance US,Coinbase Pro
1028,01-13-2021_22-21-03,XTZ/USD,25.0,2.4747,2.4707,0.040408938457186766,-0.10459106154281322,0.145,False,Binance US,Coinbase Pro
1029,01-13-2021_22-21-13,XTZ/USD,25.0,2.4747,2.4711,0.03636804461146854,-0.10863195538853146,0.145,False,Binance US,Coinbase Pro
1030,01-13-2021_22-21-25,XTZ/USD,25.0,2.4765,2.4711,0.05451241671714409,-0.0904875832828559,0.145,False,Binance US,Coinbase Pro
1031,01-13-2021_22-21-37,XTZ/USD,25.0,2.47976401,2.4747,0.05105334599964512,-0.13144665400035488,0.1825,False,Bittrex,Coinbase Pro
1032,01-13-2021_22-21-48,XTZ/USD,25.0,2.47976399,2.4735,0.06315107027584393,-0.11934892972415606,0.1825,False,Bittrex,Coinbase Pro
1033,01-13-2021_22-21-58,XTZ/USD,25.0,2.47976393,2.4747,0.051052541118298496,-0.1314474588817015,0.1825,False,Bittrex,Coinbase Pro
1034,01-13-2021_22-22-10,XTZ/USD,25.0,2.47976391,2.475,0.04802785842624703,-0.13447213157375298,0.18249999,False,Bittrex,Coinbase Pro
1035,01-13-2021_22-22-21,XTZ/USD,25.0,2.47976391,2.4756,0.04197889548283588,-0.14052109451716413,0.18249999,False,Bittrex,Coinbase Pro
1036,01-13-2021_22-22-30,XTZ/USD,25.0,2.47976391,2.4756,0.04197889548283588,-0.14052109451716413,0.18249999,False,Bittrex,Coinbase Pro
1037,01-13-2021_22-22-41,XTZ/USD,25.0,2.47976391,2.4756,0.04197889548283588,-0.14052109451716413,0.18249999,False,Bittrex,Coinbase Pro
1038,01-13-2021_22-22-51,XTZ/USD,25.0,2.47976391,2.4756,0.04197889548283588,-0.14052109451716413,0.18249999,False,Bittrex,Coinbase Pro
1039,01-13-2021_22-23-01,XTZ/USD,25.0,2.4994,2.4761,0.23305593342402053,0.08805593342402054,0.145,True,Binance US,Coinbase Pro
1040,01-13-2021_22-23-12,XTZ/USD,25.0,2.481,2.476,0.05038291011688728,-0.09461708988311271,0.145,False,Binance US,Coinbase Pro
1041,01-13-2021_22-23-22,XTZ/USD,25.0,2.4805,2.4762,0.04333803668615393,-0.11166196331384606,0.155,False,Binance US,Coinbase Pro
1042,01-13-2021_22-23-32,XTZ/USD,25.0,2.4805,2.4762,0.04333803668615393,-0.11166196331384606,0.155,False,Binance US,Coinbase Pro
1043,01-13-2021_22-23-44,XTZ/USD,25.0,2.48125713,2.478,0.03281733642816494,-0.09468265357183507,0.12749999,False,Bittrex,Kraken
1044,01-13-2021_22-23-55,XTZ/USD,25.0,2.4841,2.4792,0.049313634716800114,-0.09568636528319988,0.145,False,Binance US,Coinbase Pro
1045,01-13-2021_22-24-06,XTZ/USD,25.0,2.48791562,2.4822,0.05743382084638083,-0.12506617915361917,0.1825,False,Bittrex,Coinbase Pro
1046,01-13-2021_22-24-16,XTZ/USD,25.0,2.4921,2.4847,0.07423458127683553,-0.07076541872316446,0.145,False,Binance US,Coinbase Pro
1047,01-13-2021_22-24-26,XTZ/USD,25.0,2.49152526,2.4858,0.05744734050980659,-0.1250526594901934,0.1825,False,Bittrex,Coinbase Pro
1048,01-13-2021_22-24-39,XTZ/USD,25.0,2.49152526,2.4859,0.05644393908332245,-0.12605606091667754,0.1825,False,Bittrex,Coinbase Pro
1049,01-13-2021_22-24-50,XTZ/USD,25.0,2.4969,2.49,0.06908566622611945,-0.07591433377388054,0.145,False,Binance US,Coinbase Pro
1050,01-13-2021_22-25-00,XTZ/USD,25.0,2.497,2.493,0.04004805766920308,-0.04995194233079692,0.09,False,Binance US,Kraken
1051,01-13-2021_22-25-11,XTZ/USD,25.0,2.4977,2.493,0.047043279817433524,-0.04295672018256647,0.09,False,Binance US,Kraken
1052,01-13-2021_22-25-21,XTZ/USD,25.0,2.4974,2.493,0.04404580763994514,-0.04595419236005486,0.09,False,Binance US,Kraken
1053,01-13-2021_22-25-32,XTZ/USD,25.0,2.4982,2.493,0.052037466976226035,-0.03796253302377396,0.09,False,Binance US,Kraken
1054,01-13-2021_22-25-44,XTZ/USD,25.0,2.4982,2.493,0.052037466976226035,-0.03796253302377396,0.09,False,Binance US,Kraken
1055,01-13-2021_22-25-54,XTZ/USD,25.0,2.4982,2.493,0.052037466976226035,-0.03796253302377396,0.09,False,Binance US,Kraken
1056,01-13-2021_22-26-06,XTZ/USD,25.0,2.4982,2.493,0.052037466976226035,-0.03796253302377396,0.09,False,Binance US,Kraken
1057,01-13-2021_22-26-17,XTZ/USD,25.0,2.4949,2.4879,0.07014309190749246,-0.07485690809250753,0.145,False,Binance US,Coinbase Pro
1058,01-13-2021_22-26-28,XTZ/USD,25.0,2.4883245,2.481,0.07358867382449695,-0.10891132617550305,0.1825,False,Bittrex,Coinbase Pro
1059,01-13-2021_22-26-39,XTZ/USD,25.0,2.4895,2.4848,0.047198232576824144,-0.09780176742317584,0.145,False,Binance US,Coinbase Pro
1060,01-13-2021_22-26-49,XTZ/USD,25.0,2.4883,2.4829,0.05425390829080389,-0.09074609170919609,0.145,False,Binance US,Coinbase Pro
1061,01-13-2021_22-27-00,XTZ/USD,25.0,2.4883,2.4853,0.030141060161557223,-0.11485893983844277,0.145,False,Binance US,Coinbase Pro
1062,01-13-2021_22-27-11,XTZ/USD,25.0,2.4921,2.4854,0.06721239115605686,-0.07778760884394313,0.145,False,Binance US,Coinbase Pro
1063,01-13-2021_22-27-23,XTZ/USD,25.0,2.4918,2.4835,0.08327313588570709,-0.0617268641142929,0.145,False,Binance US,Coinbase Pro
1064,01-13-2021_22-27-34,XTZ/USD,25.0,2.4918,2.4843,0.0752468095352741,-0.06975319046472589,0.145,False,Binance US,Coinbase Pro
1065,01-13-2021_22-27-45,XTZ/USD,25.0,2.4916,2.4844,0.0722427355915887,-0.0177572644084113,0.09,False,Binance US,Kraken
1066,01-13-2021_22-27-55,XTZ/USD,25.0,2.4916,2.4846,0.07023599293626703,-0.07476400706373296,0.145,False,Binance US,Coinbase Pro
1067,01-13-2021_22-28-07,XTZ/USD,25.0,2.4916,2.485,0.0662225076256237,-0.07877749237437628,0.145,False,Binance US,Coinbase Pro
1068,01-13-2021_22-28-19,XTZ/USD,25.0,2.4912,2.4851,0.06121547848426455,-0.08378452151573544,0.145,False,Binance US,Coinbase Pro
1069,01-13-2021_22-28-30,XTZ/USD,25.0,2.4908,2.487,0.03814035651196428,-0.10685964348803571,0.145,False,Binance US,Coinbase Pro
1070,01-13-2021_22-28-41,XTZ/USD,25.0,2.4908,2.4882,0.026096033402924334,-0.11890396659707565,0.145,False,Binance US,Coinbase Pro
1071,01-13-2021_22-28-52,XTZ/USD,25.0,2.4908,2.4883,0.02509233981050211,-0.11990766018949787,0.145,False,Binance US,Coinbase Pro
1072,01-13-2021_22-29-03,XTZ/USD,25.0,2.4908,2.4874,0.0341255821422843,-0.11087441785771569,0.145,False,Binance US,Coinbase Pro
1073,01-13-2021_22-29-15,XTZ/USD,25.0,2.4908,2.4872,0.03613296932712429,-0.05386703067287571,0.09,False,Binance US,Kraken
1074,01-13-2021_22-29-26,XTZ/USD,25.0,2.4908,2.4882,0.026096033402924334,-0.11890396659707565,0.145,False,Binance US,Coinbase Pro
1075,01-13-2021_22-29-38,XTZ/USD,25.0,2.49015563,2.4851,0.05075616498716343,-0.13174383501283657,0.1825,False,Bittrex,Coinbase Pro
1076,01-13-2021_22-29-49,XTZ/USD,25.0,2.48863289,2.4848,0.03850397155202729,-0.08899602844797272,0.1275,False,Bittrex,Kraken
1077,01-13-2021_22-30-01,XTZ/USD,25.0,2.487,2.4838,0.03216726980297639,-0.1128327301970236,0.145,False,Binance US,Coinbase Pro
1078,01-13-2021_22-30-14,XTZ/USD,25.0,2.487,2.4844,0.026135906714919156,-0.06386409328508084,0.09,False,Binance US,Kraken
1079,01-13-2021_22-30-25,XTZ/USD,25.0,2.48804257,2.4842,0.038610372329764955,-0.15388962767023506,0.1925,False,Bittrex,Coinbase Pro
1080,01-13-2021_22-30-36,XTZ/USD,25.0,2.48804256,2.4846,0.034591048153129994,-0.14790895184687,0.1825,False,Bittrex,Coinbase Pro
1081,01-13-2021_22-30-46,XTZ/USD,25.0,2.48804256,2.4855,0.02554779448788599,-0.156952205512114,0.1825,False,Bittrex,Coinbase Pro
1082,01-13-2021_22-30-57,XTZ/USD,25.0,2.4891,2.4858,0.03314451006388155,-0.11185548993611844,0.145,False,Binance US,Coinbase Pro
1083,01-13-2021_22-31-07,XTZ/USD,25.0,2.4891,2.4849,0.04218392189948155,-0.10281607810051843,0.145,False,Binance US,Coinbase Pro
1084,01-13-2021_22-31-18,XTZ/USD,25.0,2.4884,2.4866,0.018083909339332523,-0.12691609066066747,0.145,False,Binance US,Coinbase Pro
1085,01-13-2021_22-31-29,XTZ/USD,25.0,2.4911,2.4869,0.04215005419292663,-0.10284994580707335,0.145,False,Binance US,Coinbase Pro
1086,01-13-2021_22-31-39,XTZ/USD,25.0,2.4911,2.4876,0.03512504516077071,-0.05487495483922929,0.09,False,Binance US,Kraken
1087,01-13-2021_22-31-50,XTZ/USD,25.0,2.4922,2.487,0.052162747773050626,-0.09283725222694936,0.145,False,Binance US,Coinbase Pro
1088,01-13-2021_22-31-59,XTZ/USD,25.0,2.4922,2.4877,0.04514083941898895,-0.04485916058101105,0.09,False,Binance US,Kraken
1089,01-13-2021_22-32-09,XTZ/USD,25.0,2.4922,2.487,0.052162747773050626,-0.09283725222694936,0.145,False,Binance US,Coinbase Pro
1090,01-13-2021_22-32-19,XTZ/USD,25.0,2.4922,2.487,0.052162747773050626,-0.09283725222694936,0.145,False,Binance US,Coinbase Pro
1091,01-13-2021_22-32-30,XTZ/USD,25.0,2.4923,2.487,0.05316374433254506,-0.09183625566745493,0.145,False,Binance US,Coinbase Pro
1092,01-13-2021_22-32-40,XTZ/USD,25.0,2.4922,2.4869,0.053165877537919126,-0.09183412246208086,0.145,False,Binance US,Coinbase Pro
1093,01-13-2021_22-32-51,XTZ/USD,25.0,2.4922,2.486,0.062194045421713355,-0.08280595457828663,0.145,False,Binance US,Coinbase Pro
1094,01-13-2021_22-33-03,XTZ/USD,25.0,2.4922,2.4869,0.053165877537919126,-0.09183412246208086,0.145,False,Binance US,Coinbase Pro
1095,01-13-2021_22-33-13,XTZ/USD,25.0,2.49236963,2.4909,0.014741292606745981,-0.16775870739325402,0.1825,False,Bittrex,Coinbase Pro
1096,01-13-2021_22-33-23,XTZ/USD,25.0,2.4949,2.4904,0.045091987654813086,-0.0999080123451869,0.145,False,Binance US,Coinbase Pro
1097,01-13-2021_22-33-35,XTZ/USD,25.0,2.4957,2.4901,0.05609648595584233,-0.09890351404415768,0.155,False,Binance US,Coinbase Pro
1098,01-13-2021_22-33-46,XTZ/USD,25.0,2.4933,2.491,0.023061805639112507,-0.12193819436088749,0.145,False,Binance US,Coinbase Pro
1099,01-13-2021_22-33-57,XTZ/USD,25.0,2.4933,2.4914,0.01905105683231072,-0.12594894316768926,0.145,False,Binance US,Coinbase Pro
1100,01-13-2021_22-34-08,XTZ/USD,25.0,2.4933,2.4906,0.027072554445914297,-0.11792744555408569,0.145,False,Binance US,Coinbase Pro
1101,01-13-2021_22-34-18,XTZ/USD,25.0,2.49629189,2.4915,0.047990080999705864,-0.13450991900029413,0.1825,False,Bittrex,Coinbase Pro
1102,01-13-2021_22-34-28,XTZ/USD,25.0,2.49629188,2.4905,0.058004835556327856,-0.12449516444367215,0.1825,False,Bittrex,Coinbase Pro
0,01-13-2021_17-35-05,XTZ/USD,25.0,2.49462107,2.4908,0.03829309034096981,-0.14420690965903019,0.1825,False,Bittrex,Coinbase Pro
