,Date,Symbol,Investment,High,Low,Adjusted Spread,Adj. Spread after fees,Fees,Profitable,Sell exchange,Buy exchange
0,01-14-2021_00-22-41,ZEC/USD,25.0,115.12,114.93,0.04126129256428026,-0.14073870743571973,0.182,False,Bittrex,Coinbase Pro
0,01-14-2021_00-27-07,ZEC/USD,25.0,115.987,115.75,0.0510833110607212,-0.0111366889392788,0.06222,False,Bittrex,Binance US
1,01-14-2021_00-27-18,ZEC/USD,25.0,115.984,115.75,0.050437991447095,-0.011782008552904996,0.06222,False,Bittrex,Binance US
2,01-14-2021_00-27-28,ZEC/USD,25.0,116.0,115.75,0.05387931034482758,-0.011340689655172417,0.06522,False,Kraken,Binance US
3,01-14-2021_00-27-40,ZEC/USD,25.0,115.938,115.75,0.040538908727078785,-0.021681091272921213,0.06222,False,Bittrex,Binance US
4,01-14-2021_00-27-50,ZEC/USD,25.0,115.977,115.75,0.04893211585055741,-0.01328788414944259,0.06222,False,Bittrex,Binance US
5,01-14-2021_00-28-02,ZEC/USD,25.0,115.984,115.75,0.050437991447095,-0.011782008552904996,0.06222,False,Bittrex,Binance US
6,01-14-2021_00-28-12,ZEC/USD,25.0,116.0,115.75,0.05387931034482758,-0.011340689655172417,0.06522,False,Kraken,Binance US
7,01-14-2021_00-28-24,ZEC/USD,25.0,115.98,115.75,0.04957751336437402,-0.01564248663562598,0.06522,False,Kraken,Binance US
8,01-14-2021_00-28-35,ZEC/USD,25.0,115.98,115.75,0.04957751336437402,-0.01564248663562598,0.06522,False,Kraken,Binance US
9,01-14-2021_00-28-47,ZEC/USD,25.0,115.93,115.75,0.0388165272147,-0.026403472785300003,0.06522,False,Kraken,Binance US
10,01-14-2021_00-28-58,ZEC/USD,25.0,115.983,115.75,0.05022287749066762,-0.01199712250933238,0.06222,False,Bittrex,Binance US
11,01-14-2021_00-29-10,ZEC/USD,25.0,115.9,115.75,0.03235547886108837,-0.03286452113891163,0.06522,False,Kraken,Binance US
12,01-14-2021_00-29-23,ZEC/USD,25.0,115.98,115.75,0.04957751336437402,-0.01564248663562598,0.06522,False,Kraken,Binance US
13,01-14-2021_00-29-35,ZEC/USD,25.0,115.94,115.75,0.040969466965671414,-0.024250533034328586,0.06522,False,Kraken,Binance US
14,01-14-2021_00-29-47,ZEC/USD,25.0,116.094,115.75,0.07407790238944177,0.011857902389441774,0.06222,True,Bittrex,Binance US
15,01-14-2021_00-30-00,ZEC/USD,25.0,116.086,115.75,0.07236014678772602,0.010140146787726026,0.06222,True,Bittrex,Binance US
16,01-14-2021_00-30-12,ZEC/USD,25.0,116.08,115.75,0.07107167470709819,0.00885167470709819,0.06222,False,Bittrex,Binance US
17,01-14-2021_00-30-24,ZEC/USD,25.0,116.031,115.75,0.06054416492144468,-0.0016758350785553155,0.06222,False,Bittrex,Binance US
18,01-14-2021_00-30-35,ZEC/USD,25.0,116.112,115.75,0.07794198704698799,0.01572198704698799,0.06222,True,Bittrex,Binance US
19,01-14-2021_00-30-47,ZEC/USD,25.0,116.108,115.75,0.07708340510559222,0.014863405105592226,0.06222,True,Bittrex,Binance US
20,01-14-2021_00-30-58,ZEC/USD,25.0,115.969,115.75,0.047210892566115534,-0.015009107433884464,0.06222,False,Bittrex,Binance US
21,01-14-2021_00-31-10,ZEC/USD,25.0,115.95,115.75,0.04312203536006961,-0.02209796463993039,0.06522,False,Kraken,Binance US
22,01-14-2021_00-31-22,ZEC/USD,25.0,116.004,115.75,0.054739491741665126,-0.007480508258334871,0.06222,False,Bittrex,Binance US
23,01-14-2021_00-31-33,ZEC/USD,25.0,115.968,115.75,0.04699572295805816,-0.01522427704194184,0.06222,False,Bittrex,Binance US
24,01-14-2021_00-31-45,ZEC/USD,25.0,116.043,115.75,0.06312315262445954,0.0009031526244595439,0.06222,False,Bittrex,Binance US
25,01-14-2021_00-31-55,ZEC/USD,25.0,115.965,115.75,0.046350191868236836,-0.015869808131763162,0.06222,False,Bittrex,Binance US
26,01-14-2021_00-32-07,ZEC/USD,25.0,116.028,115.75,0.059899334643363195,-0.002320665356636803,0.06222,False,Bittrex,Binance US
27,01-14-2021_00-32-18,ZEC/USD,25.0,115.958,115.75,0.044843822763414,-0.017376177236586,0.06222,False,Bittrex,Binance US
28,01-14-2021_00-32-29,ZEC/USD,25.0,115.958,115.75,0.044843822763414,-0.017376177236586,0.06222,False,Bittrex,Binance US
29,01-14-2021_00-32-40,ZEC/USD,25.0,115.997,115.75,0.05323413536556977,-0.008985864634430227,0.06222,False,Bittrex,Binance US
30,01-14-2021_00-32-51,ZEC/USD,25.0,116.096,115.75,0.07450730429989053,0.012287304299890528,0.06222,True,Bittrex,Binance US
31,01-14-2021_00-33-04,ZEC/USD,25.0,116.019,115.75,0.05796464372215013,-0.00425535627784987,0.06222,False,Bittrex,Binance US
32,01-14-2021_00-33-16,ZEC/USD,25.0,116.169,115.95,0.04712961289156188,-0.07987038710843812,0.127,False,Bittrex,Kraken
33,01-14-2021_00-33-28,ZEC/USD,25.0,116.37,116.05,0.06874624043997753,-0.05147375956002247,0.12022,False,Coinbase Pro,Binance US
34,01-14-2021_00-33-40,ZEC/USD,25.0,116.379,116.05,0.07067426253877584,0.008454262538775847,0.06222,False,Bittrex,Binance US
35,01-14-2021_00-33-50,ZEC/USD,25.0,116.546,116.05,0.10639575789817096,0.044175757898170964,0.06222,True,Bittrex,Binance US
36,01-14-2021_00-34-01,ZEC/USD,25.0,116.546,116.05,0.10639575789817096,0.044175757898170964,0.06222,True,Bittrex,Binance US
37,01-14-2021_00-34-13,ZEC/USD,25.0,116.546,116.05,0.10639575789817096,0.044175757898170964,0.06222,True,Bittrex,Binance US
38,01-14-2021_00-34-24,ZEC/USD,25.0,116.544,116.05,0.10596856123009331,0.04374856123009331,0.06222,True,Bittrex,Binance US
39,01-14-2021_00-34-36,ZEC/USD,25.0,116.44,116.05,0.08373411198900733,0.018514111989007334,0.06522,True,Kraken,Binance US
40,01-14-2021_00-34-47,ZEC/USD,25.0,116.367,116.05,0.06810350013320084,0.005883500133200839,0.06222,False,Bittrex,Binance US
41,01-14-2021_00-34-58,ZEC/USD,25.0,116.418,116.05,0.07902558023673513,0.016805580236735132,0.06222,True,Bittrex,Binance US
42,01-14-2021_00-35-12,ZEC/USD,25.0,116.602,116.05,0.11835131472873679,0.056131314728736795,0.06222,True,Bittrex,Binance US
43,01-14-2021_00-35-23,ZEC/USD,25.0,116.44,116.05,0.08373411198900733,-0.03648588801099266,0.12022,False,Coinbase Pro,Binance US
44,01-14-2021_00-35-36,ZEC/USD,25.0,116.511,116.05,0.09891769875805687,0.03669769875805687,0.06222,True,Bittrex,Binance US
45,01-14-2021_00-35-47,ZEC/USD,25.0,116.467,116.05,0.08951033339916062,0.02729033339916062,0.06222,True,Bittrex,Binance US
46,01-14-2021_00-35-57,ZEC/USD,25.0,116.527,116.05,0.10233679748041309,0.040116797480413094,0.06222,True,Bittrex,Binance US
47,01-14-2021_00-36-11,ZEC/USD,25.0,116.632,116.05,0.1247513546882519,0.0625313546882519,0.06222,True,Bittrex,Binance US
48,01-14-2021_00-36-22,ZEC/USD,25.0,116.626,116.05,0.12347161010409505,0.06125161010409505,0.06222,True,Bittrex,Binance US
49,01-14-2021_00-36-33,ZEC/USD,25.0,116.563,116.05,0.11002633768863303,0.04780633768863303,0.06222,True,Bittrex,Binance US
50,01-14-2021_00-36-45,ZEC/USD,25.0,116.554,116.05,0.10810439796146097,0.045884397961460974,0.06222,True,Bittrex,Binance US
51,01-14-2021_00-36-56,ZEC/USD,25.0,116.546,116.05,0.10639575789817096,0.044175757898170964,0.06222,True,Bittrex,Binance US
52,01-14-2021_00-37-09,ZEC/USD,25.0,116.543,116.45,0.01994971812978976,-0.16205028187021023,0.182,False,Bittrex,Coinbase Pro
53,01-14-2021_00-37-20,ZEC/USD,25.0,116.543,116.45,0.01994971812978976,-0.16205028187021023,0.182,False,Bittrex,Coinbase Pro
54,01-14-2021_00-37-32,ZEC/USD,25.0,116.703,116.47,0.04991302708585128,-0.13208697291414873,0.182,False,Bittrex,Coinbase Pro
55,01-14-2021_00-37-43,ZEC/USD,25.0,116.696,116.48,0.04627407965996992,-0.08072592034003008,0.127,False,Bittrex,Kraken
56,01-14-2021_00-37-55,ZEC/USD,25.0,116.694,116.48,0.04584640170017281,-0.08115359829982718,0.127,False,Bittrex,Kraken
57,01-14-2021_00-38-07,ZEC/USD,25.0,116.694,116.48,0.04584640170017281,-0.08115359829982718,0.127,False,Bittrex,Kraken
58,01-14-2021_00-38-18,ZEC/USD,25.0,116.694,116.48,0.04584640170017281,-0.08115359829982718,0.127,False,Bittrex,Kraken
59,01-14-2021_00-38-29,ZEC/USD,25.0,116.63,116.48,0.03215296235959691,-0.15284703764040308,0.185,False,Coinbase Pro,Kraken
60,01-14-2021_00-38-41,ZEC/USD,25.0,116.802,116.49,0.0667796784301664,-0.060220321569833604,0.127,False,Bittrex,Kraken
61,01-14-2021_00-38-53,ZEC/USD,25.0,116.724,116.5,0.0479764230149763,-0.0790235769850237,0.127,False,Bittrex,Kraken
62,01-14-2021_00-39-05,ZEC/USD,25.0,116.7,116.5,0.04284490145672726,-0.14215509854327274,0.185,False,Coinbase Pro,Kraken
63,01-14-2021_00-39-17,ZEC/USD,25.0,116.795,116.5,0.06314482640524031,-0.06385517359475969,0.127,False,Bittrex,Kraken
64,01-14-2021_00-39-29,ZEC/USD,25.0,116.791,116.5,0.062290758705721504,-0.06470924129427849,0.127,False,Bittrex,Kraken
65,01-14-2021_00-39-40,ZEC/USD,25.0,116.787,116.69,0.020764297396116092,-0.04144570260388391,0.06221,False,Bittrex,Binance US
66,01-14-2021_00-39-53,ZEC/USD,25.0,116.799,116.68,0.025471108485517806,-0.15652889151448218,0.182,False,Bittrex,Coinbase Pro
67,01-14-2021_00-40-04,ZEC/USD,25.0,116.69,116.49,0.042848573142514966,-0.052151426857485035,0.095,False,Binance US,Kraken
68,01-14-2021_00-40-16,ZEC/USD,25.0,116.655,116.49,0.0353606789250367,-0.09163932107496331,0.127,False,Bittrex,Kraken
69,01-14-2021_00-40-28,ZEC/USD,25.0,116.78,116.61,0.03639321801678406,-0.14560678198321594,0.182,False,Bittrex,Coinbase Pro
70,01-14-2021_00-40-40,ZEC/USD,25.0,116.91,116.66,0.05345992643914122,-0.07354007356085879,0.127,False,Bittrex,Kraken
71,01-14-2021_00-40-51,ZEC/USD,25.0,116.831,116.66,0.036591315661084485,-0.09040868433891552,0.127,False,Bittrex,Kraken
72,01-14-2021_00-41-04,ZEC/USD,25.0,116.92,116.66,0.0555935682517972,-0.039406431748202804,0.095,False,Binance US,Kraken
73,01-14-2021_00-41-15,ZEC/USD,25.0,116.833,116.66,0.0370186505524984,-0.08998134944750161,0.127,False,Bittrex,Kraken
74,01-14-2021_00-41-28,ZEC/USD,25.0,116.883,116.66,0.04769726991949192,-0.07930273008050809,0.127,False,Bittrex,Kraken
75,01-14-2021_00-41-39,ZEC/USD,25.0,117.042,116.66,0.08159464123989786,-0.04540535876010214,0.127,False,Bittrex,Kraken
76,01-14-2021_00-41-51,ZEC/USD,25.0,116.929,116.66,0.05751353385387831,-0.0694864661461217,0.127,False,Bittrex,Kraken
77,01-14-2021_00-42-02,ZEC/USD,25.0,116.736,116.62,0.024842379385964838,-0.10215762061403516,0.127,False,Bittrex,Kraken
78,01-14-2021_00-42-13,ZEC/USD,25.0,116.85,116.66,0.040650406504064554,-0.08634959349593545,0.127,False,Bittrex,Kraken
79,01-14-2021_00-42-24,ZEC/USD,25.0,116.53,116.45,0.017162962327297325,-0.16783703767270267,0.185,False,Kraken,Coinbase Pro
80,01-14-2021_00-42-36,ZEC/USD,25.0,116.68,116.62,0.012855673637299081,-0.11414432636270092,0.127,False,Bittrex,Kraken
81,01-14-2021_00-42-47,ZEC/USD,25.0,116.78,116.57,0.04495632813838156,-0.10504367186161843,0.15,False,Binance US,Coinbase Pro
82,01-14-2021_00-42-57,ZEC/USD,25.0,116.657,116.44,0.046503853176405784,-0.1354961468235942,0.182,False,Bittrex,Coinbase Pro
83,01-14-2021_00-43-09,ZEC/USD,25.0,116.501,116.31,0.0409867726457289,-0.1410132273542711,0.182,False,Bittrex,Coinbase Pro
84,01-14-2021_00-43-19,ZEC/USD,25.0,116.527,116.3,0.04870115938795383,-0.013508840612046172,0.06221,False,Bittrex,Binance US
85,01-14-2021_00-43-32,ZEC/USD,25.0,116.419,116.33,0.019112000618455458,-0.16288799938154452,0.182,False,Bittrex,Coinbase Pro
86,01-14-2021_00-43-43,ZEC/USD,25.0,116.525,116.49,0.007509118214977644,-0.17449088178502234,0.182,False,Bittrex,Coinbase Pro
87,01-14-2021_00-43-53,ZEC/USD,25.0,116.522,116.47,0.011156691440244483,-0.05105330855975552,0.06221,False,Bittrex,Binance US
88,01-14-2021_00-44-05,ZEC/USD,25.0,116.477,116.4,0.016526867965348992,-0.110473132034651,0.127,False,Bittrex,Kraken
89,01-14-2021_00-44-16,ZEC/USD,25.0,116.477,116.37,0.022965907432368475,-0.10403409256763152,0.127,False,Bittrex,Kraken
90,01-14-2021_00-44-29,ZEC/USD,25.0,116.446,116.17,0.0592549336172982,-0.1227450663827018,0.182,False,Bittrex,Coinbase Pro
91,01-14-2021_00-44-40,ZEC/USD,25.0,116.313,116.29,0.004943557469929444,-0.12205644253007056,0.127,False,Bittrex,Kraken
92,01-14-2021_00-44-51,ZEC/USD,25.0,116.302,116.16,0.030523980671013848,-0.15147601932898613,0.182,False,Bittrex,Coinbase Pro
93,01-14-2021_00-45-04,ZEC/USD,25.0,116.302,116.2,0.021925676256643017,-0.16007432374335698,0.182,False,Bittrex,Coinbase Pro
94,01-14-2021_00-45-15,ZEC/USD,25.0,116.26,116.08,0.0387063478410474,-0.1462936521589526,0.185,False,Kraken,Coinbase Pro
95,01-14-2021_00-45-27,ZEC/USD,25.0,116.136,115.92,0.04649721016738866,-0.13550278983261133,0.182,False,Bittrex,Coinbase Pro
96,01-14-2021_00-45-39,ZEC/USD,25.0,116.129,115.92,0.044993068053630694,-0.13700693194636931,0.182,False,Bittrex,Coinbase Pro
97,01-14-2021_00-45-51,ZEC/USD,25.0,116.08,115.92,0.034458993797380384,-0.11554100620261962,0.15,False,Binance US,Coinbase Pro
98,01-14-2021_00-46-03,ZEC/USD,25.0,115.949,115.73,0.047219035955461904,-0.1347809640445381,0.182,False,Bittrex,Coinbase Pro
99,01-14-2021_00-46-15,ZEC/USD,25.0,115.955,115.8,0.03341813634599654,-0.14858186365400344,0.182,False,Bittrex,Coinbase Pro
100,01-14-2021_00-46-28,ZEC/USD,25.0,115.789,115.67,0.025693286927082833,-0.15630671307291716,0.182,False,Bittrex,Coinbase Pro
101,01-14-2021_00-46-39,ZEC/USD,25.0,116.03,115.89,0.030164612600189728,-0.035055387399810276,0.06522,False,Kraken,Binance US
102,01-14-2021_00-46-51,ZEC/USD,25.0,115.949,115.83,0.02565783232283154,-0.15634216767716846,0.182,False,Bittrex,Coinbase Pro
103,01-14-2021_00-47-01,ZEC/USD,25.0,115.77,115.698,0.015548069448044126,-0.07645193055195587,0.092,False,Binance US,Bittrex
104,01-14-2021_00-47-12,ZEC/USD,25.0,115.894,115.79,0.02243429340604328,-0.03978570659395672,0.06222,False,Bittrex,Binance US
105,01-14-2021_00-47-23,ZEC/USD,25.0,115.888,115.82,0.014669335910536908,-0.1673306640894631,0.182,False,Bittrex,Coinbase Pro
106,01-14-2021_00-47-34,ZEC/USD,25.0,115.792,115.67,0.026340334392704137,-0.10065966560729586,0.127,False,Bittrex,Kraken
107,01-14-2021_00-47-45,ZEC/USD,25.0,115.72,115.68,0.00864154856550122,-0.13135845143449876,0.13999999999999999,False,Binance US,Coinbase Pro
108,01-14-2021_00-47-56,ZEC/USD,25.0,115.792,115.7,0.019863202984661883,-0.16213679701533812,0.182,False,Bittrex,Coinbase Pro
109,01-14-2021_00-48-08,ZEC/USD,25.0,116.02,115.95,0.01508360627477874,-0.13491639372522124,0.15,False,Binance US,Coinbase Pro
110,01-14-2021_00-48-19,ZEC/USD,25.0,115.927,115.85,0.016605277459093307,-0.04561472254090669,0.06222,False,Bittrex,Binance US
111,01-14-2021_00-48-30,ZEC/USD,25.0,115.819,115.67,0.03216225317089617,-0.14983774682910384,0.182,False,Bittrex,Coinbase Pro
112,01-14-2021_00-48-42,ZEC/USD,25.0,115.757,115.6,0.033907236711389094,-0.09309276328861091,0.127,False,Bittrex,Kraken
113,01-14-2021_00-48-51,ZEC/USD,25.0,115.853,115.71,0.03085807014060937,-0.031361929859390625,0.06222,False,Bittrex,Binance US
114,01-14-2021_00-49-01,ZEC/USD,25.0,115.848,115.72,0.02762240176783374,-0.15437759823216626,0.182,False,Bittrex,Coinbase Pro
115,01-14-2021_00-49-12,ZEC/USD,25.0,115.846,115.74,0.022875196381404787,-0.1591248036185952,0.182,False,Bittrex,Coinbase Pro
116,01-14-2021_00-49-24,ZEC/USD,25.0,115.846,115.73,0.025033233775874793,-0.1569667662241252,0.182,False,Bittrex,Coinbase Pro
117,01-14-2021_00-49-35,ZEC/USD,25.0,115.807,115.74,0.014463719809684921,-0.16753628019031508,0.182,False,Bittrex,Coinbase Pro
118,01-14-2021_00-49-47,ZEC/USD,25.0,115.75,115.64,0.023758099352051712,-0.11624190064794827,0.13999999999999999,False,Binance US,Coinbase Pro
119,01-14-2021_00-49-57,ZEC/USD,25.0,115.75,115.72,0.006479481641468928,-0.13352051835853107,0.13999999999999999,False,Binance US,Coinbase Pro
120,01-14-2021_00-50-10,ZEC/USD,25.0,115.688,115.5,0.04062651268930278,-0.02159348731069722,0.06222,False,Bittrex,Binance US
121,01-14-2021_00-50-21,ZEC/USD,25.0,115.46,115.33,0.02814827645937889,-0.1568517235406211,0.185,False,Kraken,Coinbase Pro
122,01-14-2021_00-50-31,ZEC/USD,25.0,115.57,115.45,0.02595829367482702,-0.15904170632517298,0.185,False,Kraken,Coinbase Pro
123,01-14-2021_00-50-41,ZEC/USD,25.0,115.43,115.28,0.03248722169280206,-0.15251277830719795,0.185,False,Kraken,Coinbase Pro
124,01-14-2021_00-50-53,ZEC/USD,25.0,115.36,115.22,0.030339805825242844,-0.11966019417475715,0.15,False,Binance US,Coinbase Pro
125,01-14-2021_00-51-05,ZEC/USD,25.0,115.251,115.13,0.026247060763032275,-0.15575293923696773,0.182,False,Bittrex,Coinbase Pro
126,01-14-2021_00-51-17,ZEC/USD,25.0,115.2,115.08,0.026041666666667653,-0.15595833333333234,0.182,False,Bittrex,Coinbase Pro
127,01-14-2021_00-51-28,ZEC/USD,25.0,115.2,115.06,0.03038194444444457,-0.15161805555555544,0.182,False,Bittrex,Coinbase Pro
128,01-14-2021_00-51-39,ZEC/USD,25.0,115.198,115.01,0.04079931943262648,-0.08620068056737352,0.127,False,Bittrex,Kraken
129,01-14-2021_00-51-51,ZEC/USD,25.0,115.064,114.94,0.026941528193004594,-0.10005847180699541,0.127,False,Bittrex,Kraken
130,01-14-2021_00-52-02,ZEC/USD,25.0,115.02,114.91,0.02390888541123271,-0.1260911145887673,0.15,False,Binance US,Coinbase Pro
131,01-14-2021_00-52-14,ZEC/USD,25.0,115.02,114.67,0.07607372630846686,-0.07392627369153314,0.15,False,Binance US,Coinbase Pro
132,01-14-2021_00-52-25,ZEC/USD,25.0,115.02,114.68,0.07390019127108095,-0.07609980872891904,0.15,False,Binance US,Coinbase Pro
133,01-14-2021_00-52-37,ZEC/USD,25.0,114.71,114.47,0.052305814663062264,-0.13269418533693772,0.185,False,Kraken,Coinbase Pro
134,01-14-2021_00-52-49,ZEC/USD,25.0,115.148,114.67,0.10377948379476727,-0.02322051620523273,0.127,False,Bittrex,Kraken
135,01-14-2021_00-53-00,ZEC/USD,25.0,114.313,114.23,0.01815191622999974,-0.16384808377000026,0.182,False,Bittrex,Coinbase Pro
136,01-14-2021_00-53-11,ZEC/USD,25.0,114.311,114.27,0.008966766103002123,-0.17303323389699787,0.182,False,Bittrex,Coinbase Pro
137,01-14-2021_00-53-23,ZEC/USD,25.0,114.861,114.11,0.16345844107225357,0.03645844107225357,0.127,True,Bittrex,Kraken
138,01-14-2021_00-53-36,ZEC/USD,25.0,114.54,114.43,0.02400907979745055,-0.12599092020254946,0.15,False,Binance US,Coinbase Pro
139,01-14-2021_00-53-46,ZEC/USD,25.0,114.373,114.26,0.024699885462477932,-0.15730011453752207,0.182,False,Bittrex,Coinbase Pro
140,01-14-2021_00-53-57,ZEC/USD,25.0,114.5,114.31,0.04148471615720475,-0.14351528384279524,0.185,False,Kraken,Coinbase Pro
141,01-14-2021_00-54-09,ZEC/USD,25.0,114.291,114.14,0.03302972237533932,-0.14897027762466067,0.182,False,Bittrex,Coinbase Pro
142,01-14-2021_00-54-21,ZEC/USD,25.0,114.25,114.13,0.026258205689278894,-0.1237417943107211,0.15,False,Binance US,Coinbase Pro
143,01-14-2021_00-54-32,ZEC/USD,25.0,114.481,114.33,0.03297490413256266,-0.14902509586743734,0.182,False,Bittrex,Coinbase Pro
144,01-14-2021_00-54-45,ZEC/USD,25.0,114.756,114.59,0.03616368643033846,-0.09083631356966154,0.127,False,Bittrex,Kraken
145,01-14-2021_00-54-55,ZEC/USD,25.0,115.051,114.72,0.07192462473164142,-0.05507537526835858,0.127,False,Bittrex,Kraken
146,01-14-2021_00-55-07,ZEC/USD,25.0,115.02,114.79,0.04999130585984824,-0.10000869414015176,0.15,False,Binance US,Coinbase Pro
147,01-14-2021_00-55-18,ZEC/USD,25.0,114.882,114.73,0.033077418568618455,-0.14892258143138154,0.182,False,Bittrex,Coinbase Pro
148,01-14-2021_00-55-28,ZEC/USD,25.0,114.81,114.74,0.015242574688617583,-0.1667574253113824,0.182,False,Bittrex,Coinbase Pro
149,01-14-2021_00-55-42,ZEC/USD,25.0,114.903,114.67,0.05069493398779929,-0.1313050660122007,0.182,False,Bittrex,Coinbase Pro
150,01-14-2021_00-55-53,ZEC/USD,25.0,114.897,114.64,0.05591964977327628,-0.1260803502267237,0.182,False,Bittrex,Coinbase Pro
151,01-14-2021_00-56-05,ZEC/USD,25.0,114.894,114.68,0.046564659599282514,-0.13543534040071747,0.182,False,Bittrex,Coinbase Pro
152,01-14-2021_00-56-16,ZEC/USD,25.0,114.894,114.68,0.046564659599282514,-0.13543534040071747,0.182,False,Bittrex,Coinbase Pro
153,01-14-2021_00-56-27,ZEC/USD,25.0,114.803,114.67,0.02896265777026636,-0.15303734222973364,0.182,False,Bittrex,Coinbase Pro
154,01-14-2021_00-56-41,ZEC/USD,25.0,114.94,114.68,0.056551244127368824,-0.12544875587263116,0.182,False,Bittrex,Coinbase Pro
155,01-14-2021_00-56-53,ZEC/USD,25.0,114.938,114.71,0.049591953922986445,-0.13240804607701356,0.182,False,Bittrex,Coinbase Pro
156,01-14-2021_00-57-05,ZEC/USD,25.0,114.938,114.71,0.049591953922986445,-0.13240804607701356,0.182,False,Bittrex,Coinbase Pro
157,01-14-2021_00-57-17,ZEC/USD,25.0,114.938,114.8,0.030016182637597057,-0.15198381736240293,0.182,False,Bittrex,Coinbase Pro
158,01-14-2021_00-57-28,ZEC/USD,25.0,114.92,114.8,0.02610511660285515,-0.15589488339714486,0.182,False,Bittrex,Coinbase Pro
159,01-14-2021_00-57-39,ZEC/USD,25.0,114.92,114.82,0.021754263835713654,-0.16024573616428633,0.182,False,Bittrex,Coinbase Pro
160,01-14-2021_00-57-50,ZEC/USD,25.0,114.92,114.82,0.021754263835713654,-0.16024573616428633,0.182,False,Bittrex,Coinbase Pro
161,01-14-2021_00-58-01,ZEC/USD,25.0,114.92,114.83,0.01957883745214136,-0.16242116254785863,0.182,False,Bittrex,Coinbase Pro
162,01-14-2021_00-58-14,ZEC/USD,25.0,115.118,114.86,0.05602946541809178,-0.1259705345819082,0.182,False,Bittrex,Coinbase Pro
163,01-14-2021_00-58-26,ZEC/USD,25.0,115.11,114.88,0.049952219616020324,-0.04504778038397968,0.095,False,Binance US,Kraken
164,01-14-2021_00-58-40,ZEC/USD,25.0,115.026,114.88,0.03173195625336898,-0.09526804374663103,0.127,False,Bittrex,Kraken
165,01-14-2021_00-58-52,ZEC/USD,25.0,114.937,114.85,0.01892341021603211,-0.16307658978396788,0.182,False,Bittrex,Coinbase Pro
166,01-14-2021_00-59-04,ZEC/USD,25.0,115.015,114.88,0.029343998608878215,-0.0976560013911218,0.127,False,Bittrex,Kraken
167,01-14-2021_00-59-15,ZEC/USD,25.0,115.011,114.88,0.028475537122536154,-0.09852446287746384,0.127,False,Bittrex,Kraken
168,01-14-2021_00-59-26,ZEC/USD,25.0,115.12,114.88,0.052119527449619764,-0.07488047255038024,0.127,False,Bittrex,Kraken
169,01-14-2021_00-59-37,ZEC/USD,25.0,115.035,114.88,0.03368540009562332,-0.09331459990437668,0.127,False,Bittrex,Kraken
170,01-14-2021_00-59-48,ZEC/USD,25.0,115.11,114.88,0.049952219616020324,-0.04504778038397968,0.095,False,Binance US,Kraken
171,01-14-2021_01-00-01,ZEC/USD,25.0,115.162,114.88,0.061218110140500055,-0.06578188985949995,0.127,False,Bittrex,Kraken
172,01-14-2021_01-00-13,ZEC/USD,25.0,115.161,114.88,0.061001554345656496,-0.06599844565434351,0.127,False,Bittrex,Kraken
173,01-14-2021_01-00-25,ZEC/USD,25.0,115.161,114.9,0.05665980670539412,-0.07034019329460589,0.127,False,Bittrex,Kraken
174,01-14-2021_01-00-36,ZEC/USD,25.0,115.156,114.91,0.05340581472090236,-0.07359418527909764,0.127,False,Bittrex,Kraken
175,01-14-2021_01-00-48,ZEC/USD,25.0,115.035,114.83,0.044551658190984986,-0.137448341809015,0.182,False,Bittrex,Coinbase Pro
176,01-14-2021_01-01-11,ZEC/USD,25.0,114.95,114.83,0.02609830361026632,-0.12390169638973367,0.15,False,Binance US,Coinbase Pro
177,01-14-2021_01-01-22,ZEC/USD,25.0,114.93,114.76,0.036979030714348236,-0.11302096928565175,0.15,False,Binance US,Coinbase Pro
178,01-14-2021_01-01-36,ZEC/USD,25.0,114.615,114.5,0.025083976791867316,-0.10191602320813269,0.127,False,Bittrex,Kraken
179,01-14-2021_01-01-47,ZEC/USD,25.0,114.413,114.26,0.03343151564944359,-0.14856848435055642,0.182,False,Bittrex,Coinbase Pro
180,01-14-2021_01-01-59,ZEC/USD,25.0,114.52,114.411,0.023794970310861564,-0.15820502968913844,0.182,False,Coinbase Pro,Bittrex
181,01-14-2021_01-02-12,ZEC/USD,25.0,114.587,114.53,0.012435965685462173,-0.11456403431453782,0.127,False,Bittrex,Kraken
182,01-14-2021_01-02-24,ZEC/USD,25.0,114.72,114.52,0.043584379358438556,-0.10641562064156143,0.15,False,Binance US,Coinbase Pro
183,01-14-2021_01-02-37,ZEC/USD,25.0,114.48,114.33,0.03275681341719201,-0.11724318658280798,0.15,False,Binance US,Coinbase Pro
184,01-14-2021_01-02-50,ZEC/USD,25.0,114.585,114.42,0.035999476371251046,-0.09100052362874896,0.127,False,Bittrex,Kraken
185,01-14-2021_01-03-02,ZEC/USD,25.0,114.44,114.28,0.03495281370150223,-0.11504718629849776,0.15,False,Binance US,Coinbase Pro
186,01-14-2021_01-03-16,ZEC/USD,25.0,114.498,114.32,0.038865307690966536,-0.14313469230903347,0.182,False,Bittrex,Coinbase Pro
187,01-14-2021_01-03-30,ZEC/USD,25.0,114.4,114.23,0.03715034965035002,-0.05784965034964998,0.095,False,Binance US,Kraken
188,01-14-2021_01-03-43,ZEC/USD,25.0,114.39,114.26,0.028411574438324035,-0.06658842556167596,0.095,False,Binance US,Kraken
189,01-14-2021_01-03-55,ZEC/USD,25.0,114.39,114.29,0.021855057260248778,-0.12814494273975122,0.15,False,Binance US,Coinbase Pro
190,01-14-2021_01-04-08,ZEC/USD,25.0,114.39,114.27,0.02622606871230102,-0.06877393128769899,0.095,False,Binance US,Kraken
191,01-14-2021_01-04-33,ZEC/USD,25.0,114.51,114.36,0.032748231595495086,-0.11725176840450491,0.15,False,Binance US,Coinbase Pro
192,01-14-2021_01-04-46,ZEC/USD,25.0,114.4,114.19,0.04589160839161013,-0.13610839160838986,0.182,False,Bittrex,Coinbase Pro
193,01-14-2021_01-04-59,ZEC/USD,25.0,114.317,114.13,0.040895054978699066,-0.08610494502130094,0.127,False,Bittrex,Kraken
194,01-14-2021_01-05-12,ZEC/USD,25.0,114.2,114.05,0.032837127845885654,-0.09416287215411434,0.127,False,Bittrex,Kraken
195,01-14-2021_01-05-24,ZEC/USD,25.0,114.35,114.12,0.05028421512898771,-0.0347157848710123,0.085,False,Binance US,Kraken
196,01-14-2021_01-05-37,ZEC/USD,25.0,114.33,114.21,0.02623983206507578,-0.06876016793492422,0.095,False,Binance US,Kraken
197,01-14-2021_01-05-48,ZEC/USD,25.0,114.755,114.43,0.07080301511916445,-0.05619698488083555,0.127,False,Bittrex,Kraken
198,01-14-2021_01-06-11,ZEC/USD,25.0,114.59,114.47,0.026180294964657593,-0.1238197050353424,0.15,False,Binance US,Coinbase Pro
199,01-14-2021_01-06-22,ZEC/USD,25.0,114.644,114.48,0.03576288336066464,-0.09123711663933537,0.127,False,Bittrex,Kraken
200,01-14-2021_01-06-36,ZEC/USD,25.0,114.79,114.56,0.050091471382525475,-0.09990852861747451,0.15,False,Binance US,Coinbase Pro
201,01-14-2021_01-06-48,ZEC/USD,25.0,114.79,114.56,0.050091471382525475,-0.09990852861747451,0.15,False,Binance US,Coinbase Pro
202,01-14-2021_01-07-00,ZEC/USD,25.0,114.79,114.66,0.02831257078142906,-0.12168742921857094,0.15,False,Binance US,Coinbase Pro
203,01-14-2021_01-07-15,ZEC/USD,25.0,114.838,114.7,0.03004232048624824,-0.15195767951375175,0.182,False,Bittrex,Coinbase Pro
204,01-14-2021_01-07-29,ZEC/USD,25.0,114.909,114.7,0.04547076382180751,-0.1365292361781925,0.182,False,Bittrex,Coinbase Pro
205,01-14-2021_01-07-40,ZEC/USD,25.0,114.909,114.78,0.028065686760829194,-0.1539343132391708,0.182,False,Bittrex,Coinbase Pro
206,01-14-2021_01-08-03,ZEC/USD,25.0,115.14,114.82,0.0694806322737553,-0.1125193677262447,0.182,False,Bittrex,Coinbase Pro
207,01-14-2021_01-08-14,ZEC/USD,25.0,115.136,114.82,0.0686145080600339,-0.0583854919399661,0.127,False,Bittrex,Kraken
208,01-14-2021_01-08-26,ZEC/USD,25.0,115.115,114.82,0.06406636841419487,-0.06293363158580513,0.127,False,Bittrex,Kraken
209,01-14-2021_01-08-37,ZEC/USD,25.0,115.17,114.91,0.05643830858730683,-0.07056169141269317,0.127,False,Bittrex,Kraken
210,01-14-2021_01-09-00,ZEC/USD,25.0,114.95,114.83,0.02609830361026632,-0.12390169638973367,0.15,False,Binance US,Coinbase Pro
211,01-14-2021_01-09-12,ZEC/USD,25.0,115.0,114.89,0.023913043478260745,-0.10308695652173926,0.127,False,Bittrex,Kraken
212,01-14-2021_01-09-24,ZEC/USD,25.0,115.15,114.89,0.056448111159358466,-0.02855188884064154,0.085,False,Binance US,Kraken
213,01-14-2021_01-09-36,ZEC/USD,25.0,115.14,114.94,0.04342539517109668,-0.10657460482890332,0.15,False,Binance US,Coinbase Pro
214,01-14-2021_01-09-47,ZEC/USD,25.0,115.137,114.96,0.03843247609369853,-0.14356752390630145,0.182,False,Bittrex,Coinbase Pro
215,01-14-2021_01-09-59,ZEC/USD,25.0,115.33,115.08,0.05419231769704327,-0.03080768230295674,0.085,False,Binance US,Kraken
216,01-14-2021_01-10-10,ZEC/USD,25.0,115.33,115.08,0.05419231769704327,-0.03080768230295674,0.085,False,Binance US,Kraken
217,01-14-2021_01-10-22,ZEC/USD,25.0,115.16,114.96,0.04341785342132747,-0.05158214657867253,0.095,False,Binance US,Kraken
218,01-14-2021_01-10-45,ZEC/USD,25.0,114.94,114.63,0.06742648338263492,-0.08257351661736508,0.15,False,Binance US,Coinbase Pro
219,01-14-2021_01-10-56,ZEC/USD,25.0,114.769,114.65,0.025921633890684716,-0.10107836610931528,0.127,False,Bittrex,Kraken
220,01-14-2021_01-11-09,ZEC/USD,25.0,114.67,114.53,0.0305223685357985,-0.10947763146420149,0.13999999999999999,False,Binance US,Coinbase Pro
221,01-14-2021_01-11-21,ZEC/USD,25.0,114.65,114.53,0.026166593981684375,-0.11383340601831561,0.13999999999999999,False,Binance US,Coinbase Pro
222,01-14-2021_01-11-44,ZEC/USD,25.0,114.65,114.57,0.01744439598779165,-0.06755560401220836,0.085,False,Binance US,Kraken
223,01-14-2021_01-12-08,ZEC/USD,25.0,114.556,114.33,0.04932085617514558,-0.1326791438248544,0.182,False,Bittrex,Coinbase Pro
224,01-14-2021_01-12-22,ZEC/USD,25.0,114.359,114.21,0.03257286265182472,-0.14942713734817528,0.182,False,Bittrex,Coinbase Pro
225,01-14-2021_01-12-34,ZEC/USD,25.0,114.36,114.26,0.021860790486182738,-0.07313920951381726,0.095,False,Binance US,Kraken
226,01-14-2021_01-12-57,ZEC/USD,25.0,114.37,114.2,0.03716009443035798,-0.11283990556964202,0.15,False,Binance US,Coinbase Pro
227,01-14-2021_01-13-09,ZEC/USD,25.0,114.37,114.14,0.05027542187636705,-0.04472457812363295,0.095,False,Binance US,Kraken
228,01-14-2021_01-13-22,ZEC/USD,25.0,114.255,114.11,0.03172727670561377,-0.09527272329438624,0.127,False,Bittrex,Kraken
229,01-14-2021_01-13-44,ZEC/USD,25.0,114.19,114.08,0.024082669235484595,-0.1159173307645154,0.13999999999999999,False,Binance US,Coinbase Pro
230,01-14-2021_01-13-57,ZEC/USD,25.0,114.0,113.7,0.0657894736842099,-0.029210526315790103,0.095,False,Binance US,Kraken
231,01-14-2021_01-14-12,ZEC/USD,25.0,113.97,113.65,0.07019391067824717,-0.07980608932175283,0.15,False,Binance US,Coinbase Pro
232,01-14-2021_01-14-34,ZEC/USD,25.0,113.97,113.4,0.12503290339562895,-0.024967096604371047,0.15,False,Binance US,Coinbase Pro
233,01-14-2021_01-14-45,ZEC/USD,25.0,113.97,113.41,0.12283934368693566,0.027839343686935664,0.095,True,Binance US,Kraken
234,01-14-2021_01-14-57,ZEC/USD,25.0,113.97,113.42,0.12064578397823926,-0.029354216021760735,0.15,False,Binance US,Coinbase Pro
235,01-14-2021_01-15-10,ZEC/USD,25.0,114.06,113.86,0.04383657724004972,-0.14116342275995028,0.185,False,Kraken,Coinbase Pro
236,01-14-2021_01-15-21,ZEC/USD,25.0,113.97,113.945,0.005483899271739424,-0.12151610072826058,0.127,False,Kraken,Bittrex
237,01-14-2021_01-15-33,ZEC/USD,25.0,114.7,114.15,0.11987794245858699,-0.007122057541413013,0.127,False,Bittrex,Kraken
238,01-14-2021_01-15-45,ZEC/USD,25.0,114.77,114.56,0.04574366123551315,-0.10425633876448684,0.15,False,Binance US,Coinbase Pro
239,01-14-2021_01-16-08,ZEC/USD,25.0,114.92,114.79,0.028280542986424347,-0.12171945701357564,0.15,False,Binance US,Coinbase Pro
240,01-14-2021_01-16-20,ZEC/USD,25.0,114.92,114.71,0.045683954054996506,-0.10431604594500349,0.15,False,Binance US,Coinbase Pro
241,01-14-2021_01-16-32,ZEC/USD,25.0,114.92,114.79,0.028280542986424347,-0.12171945701357564,0.15,False,Binance US,Coinbase Pro
242,01-14-2021_01-16-44,ZEC/USD,25.0,114.92,114.75,0.03698224852071043,-0.05801775147928957,0.095,False,Binance US,Kraken
243,01-14-2021_01-16-56,ZEC/USD,25.0,114.945,114.89,0.01196224281177794,-0.17003775718822206,0.182,False,Bittrex,Coinbase Pro
244,01-14-2021_01-17-09,ZEC/USD,25.0,115.11,114.93,0.03909304143862232,-0.05590695856137768,0.095,False,Binance US,Kraken
245,01-14-2021_01-17-20,ZEC/USD,25.0,114.95,114.81,0.030448020878643012,-0.11955197912135698,0.15,False,Binance US,Coinbase Pro
246,01-14-2021_01-17-34,ZEC/USD,25.0,114.94,114.81,0.028275622063684412,-0.12172437793631558,0.15,False,Binance US,Coinbase Pro
247,01-14-2021_01-17-46,ZEC/USD,25.0,114.93,114.67,0.056556164621944904,-0.09344383537805509,0.15,False,Binance US,Coinbase Pro
248,01-14-2021_01-18-09,ZEC/USD,25.0,114.752,114.54,0.0461865588399307,-0.1358134411600693,0.182,False,Bittrex,Coinbase Pro
249,01-14-2021_01-18-34,ZEC/USD,25.0,114.41,114.23,0.03933222620400153,-0.05566777379599847,0.095,False,Binance US,Kraken
250,01-14-2021_01-18-46,ZEC/USD,25.0,114.41,114.33,0.017480989424001028,-0.13251901057599896,0.15,False,Binance US,Coinbase Pro
251,01-14-2021_01-18-58,ZEC/USD,25.0,114.4,114.27,0.028409090909093018,-0.15659090909090698,0.185,False,Kraken,Coinbase Pro
252,01-14-2021_01-19-13,ZEC/USD,25.0,114.37,114.22,0.03278831861502266,-0.11721168138497734,0.15,False,Binance US,Coinbase Pro
253,01-14-2021_01-19-27,ZEC/USD,25.0,114.32,114.07,0.054671098670398884,-0.09532890132960112,0.15,False,Binance US,Coinbase Pro
254,01-14-2021_01-19-50,ZEC/USD,25.0,114.09,113.67,0.09203260583749709,-0.057967394162502905,0.15,False,Binance US,Coinbase Pro
255,01-14-2021_01-20-05,ZEC/USD,25.0,113.99,113.8,0.041670321958066,-0.108329678041934,0.15,False,Binance US,Coinbase Pro
256,01-14-2021_01-20-29,ZEC/USD,25.0,113.56,113.43,0.02861923212398632,-0.11138076787601367,0.13999999999999999,False,Binance US,Coinbase Pro
257,01-14-2021_01-20-42,ZEC/USD,25.0,113.56,113.46,0.022014793941530584,-0.1179852060584694,0.13999999999999999,False,Binance US,Coinbase Pro
258,01-14-2021_01-21-05,ZEC/USD,25.0,113.45,113.3,0.033054208902601516,-0.11694579109739847,0.15,False,Binance US,Coinbase Pro
259,01-14-2021_01-21-18,ZEC/USD,25.0,113.89,113.68,0.04609711124769377,-0.09390288875230621,0.13999999999999999,False,Binance US,Coinbase Pro
260,01-14-2021_01-21-31,ZEC/USD,25.0,113.87,113.69,0.03951874945112998,-0.05548125054887002,0.095,False,Binance US,Kraken
261,01-14-2021_01-21-55,ZEC/USD,25.0,114.11,113.81,0.06572605380772877,-0.029273946192271236,0.095,False,Binance US,Kraken
262,01-14-2021_01-22-07,ZEC/USD,25.0,114.12,113.81,0.06791097090781682,-0.017089029092183183,0.085,False,Binance US,Kraken
263,01-14-2021_01-22-19,ZEC/USD,25.0,114.12,113.81,0.06791097090781682,-0.017089029092183183,0.085,False,Binance US,Kraken
264,01-14-2021_01-22-31,ZEC/USD,25.0,113.99,113.81,0.03947714711816664,-0.05552285288183336,0.095,False,Binance US,Kraken
265,01-14-2021_01-22-42,ZEC/USD,25.0,114.123,113.81,0.06856637137124032,-0.058433628628759685,0.127,False,Bittrex,Kraken
266,01-14-2021_01-22-53,ZEC/USD,25.0,114.123,113.81,0.06856637137124032,-0.058433628628759685,0.127,False,Bittrex,Kraken
267,01-14-2021_01-23-06,ZEC/USD,25.0,114.218,114.0,0.04771577159467061,-0.1342842284053294,0.182,False,Bittrex,Coinbase Pro
268,01-14-2021_01-23-17,ZEC/USD,25.0,114.12,114.0,0.02628811777076861,-0.11371188222923137,0.13999999999999999,False,Binance US,Coinbase Pro
269,01-14-2021_01-23-28,ZEC/USD,25.0,114.291,114.15,0.030842323542534217,-0.09615767645746578,0.127,False,Bittrex,Kraken
270,01-14-2021_01-23-41,ZEC/USD,25.0,114.47,114.15,0.06988730671791586,-0.015112693282084144,0.085,False,Binance US,Kraken
271,01-14-2021_01-23-54,ZEC/USD,25.0,114.475,114.35,0.027298536798427607,-0.09970146320157239,0.127,False,Bittrex,Kraken
272,01-14-2021_01-24-05,ZEC/USD,25.0,114.47,114.29,0.039311610028826896,-0.10068838997117309,0.13999999999999999,False,Binance US,Coinbase Pro
273,01-14-2021_01-24-17,ZEC/USD,25.0,114.43,114.22,0.04587957703399632,-0.09412042296600368,0.13999999999999999,False,Binance US,Coinbase Pro
274,01-14-2021_01-24-29,ZEC/USD,25.0,114.28,114.14,0.03062653132656645,-0.10937346867343353,0.13999999999999999,False,Binance US,Coinbase Pro
275,01-14-2021_01-24-42,ZEC/USD,25.0,114.27,114.09,0.03938041480703435,-0.10061958519296563,0.13999999999999999,False,Binance US,Coinbase Pro
276,01-14-2021_01-24-53,ZEC/USD,25.0,114.26,114.07,0.0415718536670777,-0.04342814633292231,0.085,False,Binance US,Kraken
277,01-14-2021_01-25-07,ZEC/USD,25.0,114.263,114.13,0.02909953353229168,-0.09790046646770832,0.127,False,Bittrex,Kraken
278,01-14-2021_01-25-19,ZEC/USD,25.0,114.26,114.05,0.04594783826361105,-0.09405216173638895,0.13999999999999999,False,Binance US,Coinbase Pro
279,01-14-2021_01-25-31,ZEC/USD,25.0,113.98,113.79,0.04167397789085754,-0.10832602210914245,0.15,False,Binance US,Coinbase Pro
280,01-14-2021_01-25-53,ZEC/USD,25.0,114.224,114.09,0.02932833730214323,-0.09767166269785676,0.127,False,Bittrex,Kraken
281,01-14-2021_01-26-04,ZEC/USD,25.0,114.18,114.0,0.03941145559642818,-0.1005885444035718,0.13999999999999999,False,Binance US,Coinbase Pro
282,01-14-2021_01-26-15,ZEC/USD,25.0,114.265,114.12,0.03172450006563603,-0.15027549993436395,0.182,False,Bittrex,Coinbase Pro
283,01-14-2021_01-26-27,ZEC/USD,25.0,114.55,114.13,0.09166302924487162,-0.003336970755128385,0.095,False,Binance US,Kraken
284,01-14-2021_01-26-40,ZEC/USD,25.0,114.55,114.13,0.09166302924487162,-0.003336970755128385,0.095,False,Binance US,Kraken
285,01-14-2021_01-26-50,ZEC/USD,25.0,114.53,114.32,0.04583951803021216,-0.04916048196978784,0.095,False,Binance US,Kraken
286,01-14-2021_01-27-03,ZEC/USD,25.0,114.85,114.53,0.06965607313887531,-0.08034392686112468,0.15,False,Binance US,Coinbase Pro
287,01-14-2021_01-27-26,ZEC/USD,25.0,115.159,115.0,0.03451749320504824,-0.09248250679495176,0.127,False,Bittrex,Kraken
288,01-14-2021_01-27-36,ZEC/USD,25.0,115.25,115.0,0.05422993492407809,-0.0727700650759219,0.127,False,Bittrex,Kraken
289,01-14-2021_01-27-46,ZEC/USD,25.0,115.327,115.0,0.07088539544078971,-0.05611460455921029,0.127,False,Bittrex,Kraken
290,01-14-2021_01-27-57,ZEC/USD,25.0,115.53,115.01,0.11252488531117373,0.05030488531117373,0.06222,True,Bittrex,Binance US
291,01-14-2021_01-28-10,ZEC/USD,25.0,115.469,115.01,0.09937732205180373,0.037157322051803734,0.06222,True,Bittrex,Binance US
292,01-14-2021_01-28-23,ZEC/USD,25.0,115.456,115.01,0.09657358647450066,0.034353586474500666,0.06222,True,Bittrex,Binance US
293,01-14-2021_01-28-35,ZEC/USD,25.0,115.195,114.96,0.05100047745127815,-0.13099952254872185,0.182,False,Bittrex,Coinbase Pro
294,01-14-2021_01-28-47,ZEC/USD,25.0,115.078,114.96,0.025634786840232106,-0.1563652131597679,0.182,False,Bittrex,Coinbase Pro
295,01-14-2021_01-29-10,ZEC/USD,25.0,115.48,115.28,0.04329754069968887,-0.10670245930031112,0.15,False,Binance US,Coinbase Pro
296,01-14-2021_01-29-23,ZEC/USD,25.0,115.42,115.26,0.03465603881476274,-0.060343961185237265,0.095,False,Binance US,Kraken
297,01-14-2021_01-29-34,ZEC/USD,25.0,115.42,115.3,0.025992029111073588,-0.1240079708889264,0.15,False,Binance US,Coinbase Pro
298,01-14-2021_01-29-46,ZEC/USD,25.0,115.63,115.37,0.056213785349820744,-0.028786214650179262,0.085,False,Binance US,Kraken
299,01-14-2021_01-29-57,ZEC/USD,25.0,116.23,116.05,0.03871633829476186,-0.026503661705238143,0.06522,False,Kraken,Binance US
300,01-14-2021_01-30-09,ZEC/USD,25.0,116.56,115.97,0.12654426904598562,-0.055455730954014376,0.182,False,Bittrex,Coinbase Pro
301,01-14-2021_01-30-21,ZEC/USD,25.0,116.42,116.25,0.03650575502491017,-0.10349424497508981,0.13999999999999999,False,Binance US,Coinbase Pro
302,01-14-2021_01-30-34,ZEC/USD,25.0,116.44,116.08,0.07729302645139115,-0.06270697354860884,0.13999999999999999,False,Binance US,Coinbase Pro
303,01-14-2021_01-30-46,ZEC/USD,25.0,116.51,116.36,0.032186078448203086,-0.1178139215517969,0.15,False,Binance US,Coinbase Pro
304,01-14-2021_01-31-11,ZEC/USD,25.0,116.51,115.83,0.1459102222985166,-0.004089777701483388,0.15,False,Binance US,Coinbase Pro
305,01-14-2021_01-31-24,ZEC/USD,25.0,116.51,115.79,0.15449317655136874,0.05949317655136874,0.095,True,Binance US,Kraken
306,01-14-2021_01-31-49,ZEC/USD,25.0,116.44,115.7,0.15888010992785875,0.07388010992785875,0.085,True,Binance US,Kraken
307,01-14-2021_01-32-14,ZEC/USD,25.0,116.16,115.5,0.1420454545454538,-0.007954545454546186,0.15,False,Binance US,Coinbase Pro
308,01-14-2021_01-32-27,ZEC/USD,25.0,115.96,115.42,0.1164194549844757,-0.023580545015524285,0.13999999999999999,False,Binance US,Coinbase Pro
309,01-14-2021_01-32-51,ZEC/USD,25.0,115.3,115.18,0.026019080659147948,-0.06898091934085206,0.095,False,Binance US,Kraken
310,01-14-2021_01-33-06,ZEC/USD,25.0,115.34,115.19,0.032512571527658594,-0.0944874284723414,0.127,False,Bittrex,Kraken
311,01-14-2021_01-33-20,ZEC/USD,25.0,115.26,115.11,0.03253513794898614,-0.11746486205101386,0.15,False,Binance US,Coinbase Pro
312,01-14-2021_01-33-32,ZEC/USD,25.0,115.25,115.07,0.039045553145337704,-0.1109544468546623,0.15,False,Binance US,Coinbase Pro
313,01-14-2021_01-33-57,ZEC/USD,25.0,115.25,115.08,0.036876355748373474,-0.05812364425162653,0.095,False,Binance US,Kraken
314,01-14-2021_01-34-08,ZEC/USD,25.0,115.25,115.09,0.03470715835140924,-0.060292841648590764,0.095,False,Binance US,Kraken
315,01-14-2021_01-34-20,ZEC/USD,25.0,115.25,115.14,0.023861171366594238,-0.07113882863340576,0.095,False,Binance US,Kraken
316,01-14-2021_01-34-31,ZEC/USD,25.0,115.911,115.54,0.08001828989483205,-0.046981710105167954,0.127,False,Bittrex,Kraken
317,01-14-2021_01-34-43,ZEC/USD,25.0,115.74,115.54,0.04320027648176703,-0.10679972351823297,0.15,False,Binance US,Coinbase Pro
318,01-14-2021_01-34-55,ZEC/USD,25.0,115.74,115.62,0.025920165889059602,-0.0690798341109404,0.095,False,Binance US,Kraken
319,01-14-2021_01-35-07,ZEC/USD,25.0,115.78,115.56,0.047503886681637346,-0.047496113318362655,0.095,False,Binance US,Kraken
320,01-14-2021_01-35-19,ZEC/USD,25.0,115.73,115.64,0.01944180419943044,-0.12055819580056955,0.13999999999999999,False,Binance US,Coinbase Pro
321,01-14-2021_01-35-31,ZEC/USD,25.0,115.49,115.2,0.06277599792189628,-0.12222400207810372,0.185,False,Kraken,Coinbase Pro
322,01-14-2021_01-35-54,ZEC/USD,25.0,115.18,115.1,0.0173641257162729,-0.12263587428372709,0.13999999999999999,False,Binance US,Coinbase Pro
323,01-14-2021_01-36-08,ZEC/USD,25.0,115.31,115.1,0.04552944237273609,-0.04947055762726391,0.095,False,Binance US,Kraken
324,01-14-2021_01-36-31,ZEC/USD,25.0,115.813,115.07,0.16038786664709687,-0.02161213335290313,0.182,False,Bittrex,Coinbase Pro
325,01-14-2021_01-36-44,ZEC/USD,25.0,115.2,115.01,0.041232638888888395,-0.1087673611111116,0.15,False,Binance US,Coinbase Pro
326,01-14-2021_01-37-07,ZEC/USD,25.0,115.02,114.61,0.08911493653277618,-0.06088506346722382,0.15,False,Binance US,Coinbase Pro
327,01-14-2021_01-37-20,ZEC/USD,25.0,115.02,114.5,0.11302382194400888,0.01802382194400888,0.095,True,Binance US,Kraken
328,01-14-2021_01-37-44,ZEC/USD,25.0,115.02,114.51,0.11085028690662296,0.015850286906622962,0.095,True,Binance US,Kraken
329,01-14-2021_01-37-56,ZEC/USD,25.0,115.02,114.59,0.09346200660754492,-0.05653799339245508,0.15,False,Binance US,Coinbase Pro
330,01-14-2021_01-38-19,ZEC/USD,25.0,115.02,114.63,0.08476786645800743,-0.010232133541992566,0.095,False,Binance US,Kraken
331,01-14-2021_01-38-31,ZEC/USD,25.0,115.02,114.63,0.08476786645800743,-0.010232133541992566,0.095,False,Binance US,Kraken
332,01-14-2021_01-38-43,ZEC/USD,25.0,115.236,115.04,0.04252143427401115,-0.08447856572598886,0.127,False,Bittrex,Kraken
333,01-14-2021_01-38-54,ZEC/USD,25.0,115.08,114.95,0.028241223496696964,-0.15675877650330303,0.185,False,Coinbase Pro,Kraken
334,01-14-2021_01-39-07,ZEC/USD,25.0,115.266,115.04,0.04901705620044052,-0.07798294379955947,0.127,False,Bittrex,Kraken
335,01-14-2021_01-39-18,ZEC/USD,25.0,115.355,115.04,0.06826752199731215,-0.058732478002687855,0.127,False,Bittrex,Kraken
336,01-14-2021_01-39-30,ZEC/USD,25.0,115.26,115.04,0.04771820232517761,-0.04728179767482239,0.095,False,Binance US,Kraken
337,01-14-2021_01-39-41,ZEC/USD,25.0,115.14,114.96,0.03908285565398793,-0.11091714434601206,0.15,False,Binance US,Coinbase Pro
338,01-14-2021_01-40-05,ZEC/USD,25.0,115.28,115.04,0.05204718945176849,-0.032952810548231515,0.085,False,Binance US,Kraken
339,01-14-2021_01-40-17,ZEC/USD,25.0,115.18,115.03,0.03255773571800783,-0.052442264281992175,0.085,False,Binance US,Kraken
340,01-14-2021_01-40-28,ZEC/USD,25.0,115.185,115.04,0.03147111168988931,-0.0955288883101107,0.127,False,Bittrex,Kraken
341,01-14-2021_01-40-41,ZEC/USD,25.0,115.37,115.04,0.0715090578139894,-0.023490942186010597,0.095,False,Binance US,Kraken
342,01-14-2021_01-40-53,ZEC/USD,25.0,115.39,115.04,0.07582979460958365,-0.019170205390416348,0.095,False,Binance US,Kraken
343,01-14-2021_01-41-07,ZEC/USD,25.0,115.37,115.04,0.0715090578139894,-0.023490942186010597,0.095,False,Binance US,Kraken
344,01-14-2021_01-41-19,ZEC/USD,25.0,115.347,115.04,0.06653835817142795,-0.060461641828572055,0.127,False,Bittrex,Kraken
345,01-14-2021_01-41-31,ZEC/USD,25.0,115.387,115.26,0.02751609800064031,-0.15448390199935969,0.182,False,Bittrex,Coinbase Pro
346,01-14-2021_01-41-43,ZEC/USD,25.0,115.11,114.95,0.03474937016766497,-0.060250629832335034,0.095,False,Binance US,Kraken
347,01-14-2021_01-41-54,ZEC/USD,25.0,115.44,115.3,0.03031878031878044,-0.05468121968121957,0.085,False,Binance US,Kraken
348,01-14-2021_01-42-06,ZEC/USD,25.0,115.29,115.25,0.0086737791655838,-0.1313262208344162,0.13999999999999999,False,Binance US,Coinbase Pro
349,01-14-2021_01-42-18,ZEC/USD,25.0,115.19,115.07,0.026043927424256565,-0.06895607257574343,0.095,False,Binance US,Kraken
350,01-14-2021_01-42-29,ZEC/USD,25.0,115.119,115.01,0.023671157671625594,-0.1583288423283744,0.182,False,Bittrex,Coinbase Pro
351,01-14-2021_01-42-40,ZEC/USD,25.0,115.055,114.96,0.020642301507977287,-0.10635769849202271,0.127,False,Bittrex,Kraken
352,01-14-2021_01-43-03,ZEC/USD,25.0,115.342,115.1,0.05245270586603415,-0.07454729413396585,0.127,False,Bittrex,Kraken
353,01-14-2021_01-43-16,ZEC/USD,25.0,115.28,115.08,0.04337265787647528,-0.04162734212352472,0.085,False,Binance US,Kraken
354,01-14-2021_01-43-28,ZEC/USD,25.0,115.17,114.95,0.04775549188156613,-0.037244508118433876,0.085,False,Binance US,Kraken
355,01-14-2021_01-43-40,ZEC/USD,25.0,115.17,115.0,0.03690197099939257,-0.04809802900060744,0.085,False,Binance US,Kraken
356,01-14-2021_01-43-51,ZEC/USD,25.0,115.797,115.1,0.15047885523804647,0.023478855238046464,0.127,True,Bittrex,Kraken
357,01-14-2021_01-44-04,ZEC/USD,25.0,115.27,115.11,0.034701136462218396,-0.060298863537781605,0.095,False,Binance US,Kraken
358,01-14-2021_01-44-17,ZEC/USD,25.0,115.44,115.12,0.06930006930006782,-0.015699930699932182,0.085,False,Binance US,Kraken
359,01-14-2021_01-44-40,ZEC/USD,25.0,115.24,114.99,0.054234640749739674,-0.13076535925026034,0.185,False,Coinbase Pro,Kraken
360,01-14-2021_01-44-51,ZEC/USD,25.0,115.162,115.0,0.03516785050624471,-0.14683214949375528,0.182,False,Bittrex,Coinbase Pro
361,01-14-2021_01-45-03,ZEC/USD,25.0,115.03,114.81,0.04781361383986761,-0.037186386160132395,0.085,False,Binance US,Kraken
362,01-14-2021_01-45-15,ZEC/USD,25.0,114.82,114.7,0.026127852290539613,-0.05887214770946039,0.085,False,Binance US,Kraken
363,01-14-2021_01-45-27,ZEC/USD,25.0,114.705,114.61,0.020705287476570085,-0.16129471252342992,0.182,False,Bittrex,Coinbase Pro
364,01-14-2021_01-45-37,ZEC/USD,25.0,114.81,114.68,0.028307638707428674,-0.05669236129257133,0.085,False,Binance US,Kraken
365,01-14-2021_01-45-50,ZEC/USD,25.0,115.12,114.73,0.08469423210562903,-0.010305767894370974,0.095,False,Binance US,Kraken
366,01-14-2021_01-46-14,ZEC/USD,25.0,114.89,114.73,0.034815910871267425,-0.05018408912873258,0.085,False,Binance US,Kraken
367,01-14-2021_01-46-26,ZEC/USD,25.0,114.94,114.73,0.04567600487210583,-0.13932399512789417,0.185,False,Coinbase Pro,Kraken
368,01-14-2021_01-46-38,ZEC/USD,25.0,114.864,114.72,0.03134141245298907,-0.15065858754701092,0.182,False,Bittrex,Coinbase Pro
369,01-14-2021_01-47-00,ZEC/USD,25.0,114.944,114.73,0.046544404231625536,-0.08045559576837447,0.127,False,Bittrex,Kraken
370,01-14-2021_01-47-13,ZEC/USD,25.0,115.269,114.95,0.06918599102967897,-0.05781400897032103,0.127,False,Bittrex,Kraken
371,01-14-2021_01-47-24,ZEC/USD,25.0,115.45,115.12,0.07145950627977442,-0.023540493720225583,0.095,False,Binance US,Kraken
372,01-14-2021_01-47-36,ZEC/USD,25.0,115.234,115.08,0.033410278216497814,-0.0935897217835022,0.127,False,Bittrex,Kraken
373,01-14-2021_01-47-47,ZEC/USD,25.0,115.343,115.12,0.048334099165098655,-0.07866590083490135,0.127,False,Bittrex,Kraken
374,01-14-2021_01-48-01,ZEC/USD,25.0,115.34,115.12,0.04768510490723055,-0.03731489509276946,0.085,False,Binance US,Kraken
375,01-14-2021_01-48-13,ZEC/USD,25.0,115.35,115.12,0.04984828781967702,-0.03515171218032299,0.085,False,Binance US,Kraken
376,01-14-2021_01-48-37,ZEC/USD,25.0,115.22,115.08,0.030376670716889553,-0.06462332928311044,0.095,False,Binance US,Kraken
377,01-14-2021_01-48-47,ZEC/USD,25.0,115.135,115.0,0.02931341468710755,-0.09768658531289245,0.127,False,Bittrex,Kraken
378,01-14-2021_01-48-58,ZEC/USD,25.0,115.22,115.09,0.02820690852282491,-0.06679309147717509,0.095,False,Binance US,Kraken
379,01-14-2021_01-49-10,ZEC/USD,25.0,115.089,114.99,0.021505096056096535,-0.10549490394390347,0.127,False,Bittrex,Kraken
380,01-14-2021_01-49-21,ZEC/USD,25.0,115.33,115.12,0.04552154686551499,-0.03947845313448502,0.085,False,Binance US,Kraken
381,01-14-2021_01-49-34,ZEC/USD,25.0,115.267,115.1,0.03622025384542011,-0.0907797461545799,0.127,False,Bittrex,Kraken
382,01-14-2021_01-49-45,ZEC/USD,25.0,115.13,114.98,0.03257187527143044,-0.09442812472856957,0.127,False,Bittrex,Kraken
383,01-14-2021_01-49-56,ZEC/USD,25.0,115.14,115.06,0.017370158068438054,-0.07762984193156194,0.095,False,Binance US,Kraken
384,01-14-2021_01-50-19,ZEC/USD,25.0,115.33,115.12,0.04552154686551499,-0.03947845313448502,0.085,False,Binance US,Kraken
385,01-14-2021_01-50-31,ZEC/USD,25.0,115.2,115.09,0.023871527777777655,-0.07112847222222235,0.095,False,Binance US,Kraken
386,01-14-2021_01-50-44,ZEC/USD,25.0,115.406,115.12,0.06195518430584228,-0.06504481569415772,0.127,False,Bittrex,Kraken
387,01-14-2021_01-50-55,ZEC/USD,25.0,115.4,115.2,0.043327556325823836,-0.08367244367417617,0.127,False,Bittrex,Kraken
388,01-14-2021_01-51-08,ZEC/USD,25.0,115.333,115.16,0.03750010838181653,-0.14449989161818347,0.182,False,Bittrex,Coinbase Pro
389,01-14-2021_01-51-19,ZEC/USD,25.0,115.31,115.16,0.032521030266240064,-0.06247896973375994,0.095,False,Binance US,Kraken
390,01-14-2021_01-51-31,ZEC/USD,25.0,115.28,115.11,0.03686675919500384,-0.04813324080499617,0.085,False,Binance US,Kraken
391,01-14-2021_01-51-43,ZEC/USD,25.0,115.28,115.07,0.04554129077030013,-0.03945870922969988,0.085,False,Binance US,Kraken
392,01-14-2021_01-51-53,ZEC/USD,25.0,115.284,115.2,0.01821588425106762,-0.10878411574893238,0.127,False,Bittrex,Kraken
393,01-14-2021_01-52-04,ZEC/USD,25.0,115.361,115.2,0.034890474250396875,-0.09210952574960313,0.127,False,Bittrex,Kraken
394,01-14-2021_01-52-16,ZEC/USD,25.0,115.296,115.2,0.020815986677769314,-0.10618401332223068,0.127,False,Bittrex,Kraken
395,01-14-2021_01-52-27,ZEC/USD,25.0,115.373,115.2,0.03748710703544196,-0.08951289296455804,0.127,False,Bittrex,Kraken
396,01-14-2021_01-52-38,ZEC/USD,25.0,115.373,115.2,0.03748710703544196,-0.08951289296455804,0.127,False,Bittrex,Kraken
397,01-14-2021_01-52-50,ZEC/USD,25.0,115.372,115.2,0.03727074160108108,-0.08972925839891893,0.127,False,Bittrex,Kraken
398,01-14-2021_01-53-01,ZEC/USD,25.0,115.394,115.2,0.042029914900255344,-0.08497008509974466,0.127,False,Bittrex,Kraken
399,01-14-2021_01-53-13,ZEC/USD,25.0,115.394,115.2,0.042029914900255344,-0.08497008509974466,0.127,False,Bittrex,Kraken
400,01-14-2021_01-53-24,ZEC/USD,25.0,115.36,115.18,0.03900832177531047,-0.055991678224689534,0.095,False,Binance US,Kraken
401,01-14-2021_01-53-35,ZEC/USD,25.0,115.36,115.2,0.034674063800276655,-0.15032593619972334,0.185,False,Coinbase Pro,Kraken
402,01-14-2021_01-53-45,ZEC/USD,25.0,115.36,115.2,0.034674063800276655,-0.060325936199723346,0.095,False,Binance US,Kraken
403,01-14-2021_01-53-57,ZEC/USD,25.0,115.391,115.2,0.04138104358225565,-0.08561895641774435,0.127,False,Bittrex,Kraken
404,01-14-2021_01-54-09,ZEC/USD,25.0,115.391,115.2,0.04138104358225565,-0.08561895641774435,0.127,False,Bittrex,Kraken
405,01-14-2021_01-54-19,ZEC/USD,25.0,115.55,115.39,0.03461704889658083,-0.05038295110341918,0.085,False,Binance US,Kraken
406,01-14-2021_01-54-30,ZEC/USD,25.0,115.62,115.49,0.028109323646430043,-0.06689067635356996,0.095,False,Binance US,Kraken
407,01-14-2021_01-54-42,ZEC/USD,25.0,115.642,115.49,0.03286003355182395,-0.09413996644817604,0.127,False,Bittrex,Kraken
408,01-14-2021_01-54-53,ZEC/USD,25.0,115.7,115.49,0.045375972342266195,-0.1396240276577338,0.185,False,Coinbase Pro,Kraken
409,01-14-2021_01-55-05,ZEC/USD,25.0,115.72,115.57,0.032405807120637245,-0.15259419287936277,0.185,False,Coinbase Pro,Kraken
410,01-14-2021_01-55-16,ZEC/USD,25.0,115.72,115.6,0.025924645696509797,-0.1590753543034902,0.185,False,Coinbase Pro,Kraken
411,01-14-2021_01-55-27,ZEC/USD,25.0,115.718,115.6,0.025493008866384056,-0.10150699113361594,0.127,False,Bittrex,Kraken
412,01-14-2021_01-55-38,ZEC/USD,25.0,115.69,115.54,0.03241421038983306,-0.06258578961016695,0.095,False,Binance US,Kraken
413,01-14-2021_01-55-49,ZEC/USD,25.0,115.92,115.6,0.06901311249137496,-0.025986887508625045,0.095,False,Binance US,Kraken
414,01-14-2021_01-56-00,ZEC/USD,25.0,115.947,115.69,0.05541324915694348,-0.07158675084305652,0.127,False,Bittrex,Kraken
415,01-14-2021_01-56-12,ZEC/USD,25.0,116.33,115.87,0.09885670076506356,0.0038567007650635587,0.095,False,Binance US,Kraken
416,01-14-2021_01-56-22,ZEC/USD,25.0,116.37,116.0,0.07948784050872315,-0.01551215949127685,0.095,False,Binance US,Kraken
417,01-14-2021_01-56-34,ZEC/USD,25.0,116.34,116.0,0.07306171566099437,-0.02193828433900563,0.095,False,Binance US,Kraken
418,01-14-2021_01-56-45,ZEC/USD,25.0,116.18,116.06,0.025822000344294316,-0.06917799965570569,0.095,False,Binance US,Kraken
419,01-14-2021_01-56-55,ZEC/USD,25.0,116.25,116.12,0.02795698924731085,-0.09904301075268915,0.127,False,Bittrex,Kraken
420,01-14-2021_01-57-07,ZEC/USD,25.0,116.12,115.96,0.03444712366517628,-0.06055287633482372,0.095,False,Binance US,Kraken
421,01-14-2021_01-57-17,ZEC/USD,25.0,116.05,115.73,0.06893580353295846,-0.08106419646704154,0.15,False,Binance US,Coinbase Pro
422,01-14-2021_01-57-27,ZEC/USD,25.0,116.05,115.91,0.030159414045670095,-0.0648405859543299,0.095,False,Binance US,Kraken
423,01-14-2021_01-57-38,ZEC/USD,25.0,116.04,115.88,0.034470872113066785,-0.1155291278869332,0.15,False,Binance US,Coinbase Pro
424,01-14-2021_01-57-50,ZEC/USD,25.0,116.03,115.87,0.034473842971644526,-0.060526157028355475,0.095,False,Binance US,Kraken
425,01-14-2021_01-58-02,ZEC/USD,25.0,116.046,115.87,0.037915998828051356,-0.08908400117194865,0.127,False,Bittrex,Kraken
426,01-14-2021_01-58-14,ZEC/USD,25.0,115.95,115.76,0.04096593359206505,-0.05403406640793495,0.095,False,Binance US,Kraken
427,01-14-2021_01-58-25,ZEC/USD,25.0,115.95,115.84,0.023717119448037824,-0.07128288055196218,0.095,False,Binance US,Kraken
428,01-14-2021_01-58-36,ZEC/USD,25.0,115.912,115.78,0.028469873697288674,-0.15353012630271132,0.182,False,Bittrex,Coinbase Pro
429,01-14-2021_01-58-47,ZEC/USD,25.0,115.89,115.76,0.028043834670807545,-0.15695616532919246,0.185,False,Coinbase Pro,Kraken
430,01-14-2021_01-58-57,ZEC/USD,25.0,115.99,115.86,0.028019656866970312,-0.1569803431330297,0.185,False,Coinbase Pro,Kraken
431,01-14-2021_01-59-10,ZEC/USD,25.0,115.94,115.84,0.021562877350352408,-0.0734371226496476,0.095,False,Binance US,Kraken
432,01-14-2021_01-59-21,ZEC/USD,25.0,115.95,115.84,0.023717119448037824,-0.16128288055196216,0.185,False,Coinbase Pro,Kraken
433,01-14-2021_01-59-32,ZEC/USD,25.0,115.894,115.77,0.026748580599515383,-0.10025141940048463,0.127,False,Bittrex,Kraken
434,01-14-2021_01-59-44,ZEC/USD,25.0,115.96,115.77,0.04096240082787119,-0.044037599172128815,0.085,False,Binance US,Kraken
435,01-14-2021_01-59-55,ZEC/USD,25.0,115.93,115.77,0.03450357974640102,-0.05049642025359899,0.085,False,Binance US,Kraken
436,01-14-2021_02-00-07,ZEC/USD,25.0,115.93,115.78,0.03234710601224999,-0.05265289398775001,0.085,False,Binance US,Kraken
437,01-14-2021_02-00-18,ZEC/USD,25.0,115.97,115.74,0.049581788393550916,-0.13541821160644907,0.185,False,Coinbase Pro,Kraken
438,01-14-2021_02-00-29,ZEC/USD,25.0,115.96,115.78,0.03880648499482421,-0.1461935150051758,0.185,False,Coinbase Pro,Kraken
439,01-14-2021_02-00-39,ZEC/USD,25.0,115.88,115.66,0.0474628926475662,-0.1375371073524338,0.185,False,Coinbase Pro,Kraken
440,01-14-2021_02-00-52,ZEC/USD,25.0,115.87,115.68,0.04099421765771937,-0.14400578234228062,0.185,False,Coinbase Pro,Kraken
441,01-14-2021_02-01-03,ZEC/USD,25.0,115.86,115.67,0.04099775591230747,-0.14400224408769252,0.185,False,Coinbase Pro,Kraken
442,01-14-2021_02-01-16,ZEC/USD,25.0,115.879,115.74,0.02998817732289932,-0.09701182267710068,0.127,False,Bittrex,Kraken
443,01-14-2021_02-01-26,ZEC/USD,25.0,115.879,115.76,0.025673331664926295,-0.1013266683350737,0.127,False,Bittrex,Kraken
444,01-14-2021_02-01-36,ZEC/USD,25.0,116.06,115.86,0.043081164914699904,-0.0519188350853001,0.095,False,Binance US,Kraken
445,01-14-2021_02-01-47,ZEC/USD,25.0,116.05,115.87,0.03877638948728837,-0.05622361051271163,0.095,False,Binance US,Kraken
446,01-14-2021_02-01-59,ZEC/USD,25.0,116.05,115.87,0.03877638948728837,-0.05622361051271163,0.095,False,Binance US,Kraken
447,01-14-2021_02-02-11,ZEC/USD,25.0,116.13,115.87,0.055971755790922006,-0.039028244209077995,0.095,False,Binance US,Kraken
448,01-14-2021_02-02-22,ZEC/USD,25.0,116.4,116.12,0.06013745704467378,-0.034862542955326224,0.095,False,Binance US,Kraken
449,01-14-2021_02-02-33,ZEC/USD,25.0,116.41,116.13,0.06013229104028888,-0.024867708959711125,0.085,False,Binance US,Kraken
450,01-14-2021_02-02-44,ZEC/USD,25.0,116.3,116.13,0.036543422184007246,-0.14845657781599275,0.185,False,Coinbase Pro,Kraken
451,01-14-2021_02-02-55,ZEC/USD,25.0,116.31,116.13,0.03868970853753048,-0.14631029146246952,0.185,False,Coinbase Pro,Kraken
452,01-14-2021_02-03-07,ZEC/USD,25.0,116.31,116.13,0.03868970853753048,-0.14631029146246952,0.185,False,Coinbase Pro,Kraken
453,01-14-2021_02-03-19,ZEC/USD,25.0,116.3,116.13,0.036543422184007246,-0.14845657781599275,0.185,False,Coinbase Pro,Kraken
454,01-14-2021_02-03-32,ZEC/USD,25.0,116.3,116.08,0.04729148753224396,-0.13770851246775603,0.185,False,Coinbase Pro,Kraken
455,01-14-2021_02-03-43,ZEC/USD,25.0,116.3,116.07,0.04944110060189252,-0.13555889939810747,0.185,False,Coinbase Pro,Kraken
456,01-14-2021_02-03-55,ZEC/USD,25.0,116.21,115.97,0.051630668617157496,-0.13336933138284252,0.185,False,Coinbase Pro,Kraken
457,01-14-2021_02-04-07,ZEC/USD,25.0,116.15,116.0,0.032285837279381335,-0.06271416272061867,0.095,False,Binance US,Kraken
458,01-14-2021_02-04-18,ZEC/USD,25.0,116.15,115.92,0.04950495049505036,-0.04549504950494964,0.095,False,Binance US,Kraken
459,01-14-2021_02-04-31,ZEC/USD,25.0,116.04,115.85,0.040934160634266616,-0.1440658393657334,0.185,False,Coinbase Pro,Kraken
460,01-14-2021_02-04-43,ZEC/USD,25.0,116.03,115.75,0.060329225200379456,-0.12467077479962055,0.185,False,Coinbase Pro,Kraken
461,01-14-2021_02-04-54,ZEC/USD,25.0,115.94,115.82,0.02587545282042534,-0.15912454717957467,0.185,False,Coinbase Pro,Kraken
462,01-14-2021_02-05-06,ZEC/USD,25.0,115.9,115.74,0.034512510785161946,-0.05048748921483806,0.085,False,Binance US,Kraken
463,01-14-2021_02-05-17,ZEC/USD,25.0,115.89,115.7,0.04098714298041197,-0.07923285701958802,0.12022,False,Coinbase Pro,Binance US
464,01-14-2021_02-05-29,ZEC/USD,25.0,115.89,115.69,0.04314436103201373,-0.14185563896798625,0.185,False,Coinbase Pro,Kraken
465,01-14-2021_02-05-40,ZEC/USD,25.0,115.9,115.7,0.04314063848145014,-0.07707936151854985,0.12022,False,Coinbase Pro,Binance US
466,01-14-2021_02-05-52,ZEC/USD,25.0,116.08,115.81,0.05814955203307978,-0.12685044796692022,0.185,False,Coinbase Pro,Kraken
467,01-14-2021_02-06-03,ZEC/USD,25.0,116.37,116.04,0.07089456045372482,-0.024105439546275184,0.095,False,Binance US,Kraken
468,01-14-2021_02-06-15,ZEC/USD,25.0,116.01,115.9,0.023704853029911092,-0.1612951469700889,0.185,False,Coinbase Pro,Kraken
469,01-14-2021_02-06-26,ZEC/USD,25.0,115.959,115.89,0.014875947533180393,-0.04734405246681961,0.06222,False,Bittrex,Binance US
470,01-14-2021_02-06-39,ZEC/USD,25.0,115.86,115.64,0.04747108579319844,-0.13752891420680155,0.185,False,Coinbase Pro,Kraken
471,01-14-2021_02-06-50,ZEC/USD,25.0,115.73,115.45,0.06048561306489266,-0.12451438693510733,0.185,False,Coinbase Pro,Kraken
472,01-14-2021_02-07-03,ZEC/USD,25.0,115.7,115.348,0.07605877268798701,-0.10594122731201298,0.182,False,Coinbase Pro,Bittrex
473,01-14-2021_02-07-15,ZEC/USD,25.0,115.57,115.26,0.06705892532663929,-0.11794107467336071,0.185,False,Coinbase Pro,Kraken
474,01-14-2021_02-07-28,ZEC/USD,25.0,115.49,115.13,0.07792882500649395,-0.10707117499350605,0.185,False,Coinbase Pro,Kraken
475,01-14-2021_02-07-40,ZEC/USD,25.0,115.35,115.11,0.052015604681403316,-0.13298439531859668,0.185,False,Coinbase Pro,Kraken
476,01-14-2021_02-07-52,ZEC/USD,25.0,115.25,115.052,0.042950108459868394,-0.1390498915401316,0.182,False,Coinbase Pro,Bittrex
477,01-14-2021_02-08-05,ZEC/USD,25.0,115.18,114.91,0.058603924292414095,-0.1263960757075859,0.185,False,Coinbase Pro,Kraken
478,01-14-2021_02-08-17,ZEC/USD,25.0,115.05,114.621,0.09322033898305129,-0.0887796610169487,0.182,False,Coinbase Pro,Bittrex
479,01-14-2021_02-08-29,ZEC/USD,25.0,115.02,114.39,0.1369327073552416,0.0419327073552416,0.095,True,Binance US,Kraken
480,01-14-2021_02-08-54,ZEC/USD,25.0,114.68,114.36,0.06975933031043063,-0.11524066968956936,0.185,False,Coinbase Pro,Kraken
481,01-14-2021_02-09-06,ZEC/USD,25.0,114.81,114.39,0.09145544813169622,-0.09354455186830378,0.185,False,Coinbase Pro,Kraken
482,01-14-2021_02-09-19,ZEC/USD,25.0,114.91,114.39,0.1131320163606292,-0.0718679836393708,0.185,False,Coinbase Pro,Kraken
483,01-14-2021_02-09-31,ZEC/USD,25.0,114.73,114.39,0.07408698683866544,-0.020913013161334565,0.095,False,Binance US,Kraken
484,01-14-2021_02-09-43,ZEC/USD,25.0,114.74,114.39,0.07625936900819119,-0.008740630991808815,0.085,False,Binance US,Kraken
485,01-14-2021_02-09-54,ZEC/USD,25.0,115.14,114.77,0.0803369810665287,-0.0146630189334713,0.095,False,Binance US,Kraken
486,01-14-2021_02-10-06,ZEC/USD,25.0,115.22,114.96,0.0564138170456529,-0.0385861829543471,0.095,False,Binance US,Kraken
487,01-14-2021_02-10-28,ZEC/USD,25.0,114.81,114.68,0.028307638707428674,-0.11169236129257132,0.13999999999999999,False,Binance US,Coinbase Pro
488,01-14-2021_02-10-41,ZEC/USD,25.0,114.79,114.64,0.03266835090164772,-0.11733164909835228,0.15,False,Binance US,Coinbase Pro
489,01-14-2021_02-10-54,ZEC/USD,25.0,114.79,114.69,0.021778900601099514,-0.07322109939890048,0.095,False,Binance US,Kraken
490,01-14-2021_02-11-07,ZEC/USD,25.0,114.79,114.72,0.01524523042076997,-0.07975476957923003,0.095,False,Binance US,Kraken
491,01-14-2021_02-11-21,ZEC/USD,25.0,114.908,114.76,0.032199672781702784,-0.09480032721829722,0.127,False,Bittrex,Kraken
492,01-14-2021_02-11-34,ZEC/USD,25.0,115.22,114.76,0.09980906092692104,0.004809060926921044,0.095,False,Binance US,Kraken
493,01-14-2021_02-11-46,ZEC/USD,25.0,115.081,114.76,0.06973349206211234,-0.057266507937887665,0.127,False,Bittrex,Kraken
494,01-14-2021_02-11-59,ZEC/USD,25.0,114.98,114.71,0.058705861889026406,-0.09129413811097359,0.15,False,Binance US,Coinbase Pro
495,01-14-2021_02-12-22,ZEC/USD,25.0,115.01,114.77,0.05216937657595189,-0.03283062342404812,0.085,False,Binance US,Kraken
496,01-14-2021_02-12-35,ZEC/USD,25.0,114.853,114.75,0.022419962909108693,-0.1595800370908913,0.182,False,Bittrex,Coinbase Pro
497,01-14-2021_02-12-58,ZEC/USD,25.0,115.147,114.53,0.13395919997915803,-0.04804080002084196,0.182,False,Bittrex,Coinbase Pro
498,01-14-2021_02-13-10,ZEC/USD,25.0,114.56,114.29,0.05892108938547399,-0.08107891061452599,0.13999999999999999,False,Binance US,Coinbase Pro
499,01-14-2021_02-13-24,ZEC/USD,25.0,114.44,114.29,0.03276826284515717,-0.11723173715484282,0.15,False,Binance US,Coinbase Pro
500,01-14-2021_02-13-36,ZEC/USD,25.0,114.45,114.21,0.052424639580604865,-0.042575360419395136,0.095,False,Binance US,Kraken
501,01-14-2021_02-13-59,ZEC/USD,25.0,114.299,114.19,0.02384097848625291,-0.15815902151374708,0.182,False,Bittrex,Coinbase Pro
502,01-14-2021_02-14-11,ZEC/USD,25.0,114.26,114.0,0.05688779975494598,-0.005332200245054021,0.06222,False,Bittrex,Binance US
503,01-14-2021_02-14-35,ZEC/USD,25.0,114.257,114.0,0.05623287851072691,-0.005987121489273085,0.06222,False,Bittrex,Binance US
504,01-14-2021_02-14-46,ZEC/USD,25.0,114.214,114.0,0.04684189328803794,-0.015378106711962054,0.06222,False,Bittrex,Binance US
505,01-14-2021_02-14-57,ZEC/USD,25.0,113.975,113.73,0.05373985523140828,-0.1282601447685917,0.182,False,Bittrex,Coinbase Pro
506,01-14-2021_02-15-09,ZEC/USD,25.0,114.05,113.93,0.026304252520822084,-0.15869574747917792,0.185,False,Coinbase Pro,Kraken
507,01-14-2021_02-15-22,ZEC/USD,25.0,114.151,114.0,0.03307023153542156,-0.029149768464578438,0.06222,False,Bittrex,Binance US
508,01-14-2021_02-15-44,ZEC/USD,25.0,114.254,114.0,0.05557792287359849,-0.0066420771264015105,0.06222,False,Bittrex,Binance US
509,01-14-2021_02-15-55,ZEC/USD,25.0,114.244,114.0,0.053394488988480746,-0.008825511011519252,0.06222,False,Bittrex,Binance US
510,01-14-2021_02-16-08,ZEC/USD,25.0,114.263,114.0,0.05754268660896467,-0.0046773133910353246,0.06222,False,Bittrex,Binance US
511,01-14-2021_02-16-19,ZEC/USD,25.0,114.263,114.0,0.05754268660896467,-0.0046773133910353246,0.06222,False,Bittrex,Binance US
512,01-14-2021_02-16-41,ZEC/USD,25.0,114.548,114.24,0.06722072842825866,-0.059779271571741344,0.127,False,Bittrex,Kraken
513,01-14-2021_02-16-51,ZEC/USD,25.0,114.548,114.24,0.06722072842825866,-0.059779271571741344,0.127,False,Bittrex,Kraken
514,01-14-2021_02-17-03,ZEC/USD,25.0,114.51,114.23,0.061130032311588756,-0.033869967688411245,0.095,False,Binance US,Kraken
515,01-14-2021_02-17-14,ZEC/USD,25.0,114.39,114.24,0.032782585890376276,-0.062217414109623725,0.095,False,Binance US,Kraken
516,01-14-2021_02-17-25,ZEC/USD,25.0,114.515,114.24,0.06003580316989165,-0.06696419683010835,0.127,False,Bittrex,Kraken
517,01-14-2021_02-17-36,ZEC/USD,25.0,114.507,114.24,0.05829337944405366,-0.06870662055594634,0.127,False,Bittrex,Kraken
518,01-14-2021_02-17-47,ZEC/USD,25.0,114.59,114.24,0.07635919364691694,-0.01864080635308306,0.095,False,Binance US,Kraken
519,01-14-2021_02-17-59,ZEC/USD,25.0,114.59,114.24,0.07635919364691694,-0.01864080635308306,0.095,False,Binance US,Kraken
520,01-14-2021_02-18-10,ZEC/USD,25.0,114.38,114.22,0.03497114880223741,-0.11502885119776259,0.15,False,Binance US,Coinbase Pro
521,01-14-2021_02-18-21,ZEC/USD,25.0,114.24,114.12,0.026260504201678556,-0.12373949579832144,0.15,False,Binance US,Coinbase Pro
522,01-14-2021_02-18-32,ZEC/USD,25.0,114.305,114.22,0.018590612834085987,-0.16340938716591402,0.182,False,Bittrex,Coinbase Pro
523,01-14-2021_02-18-44,ZEC/USD,25.0,114.1,113.93,0.03724802804557132,-0.047751971954428686,0.085,False,Binance US,Kraken
524,01-14-2021_02-18-56,ZEC/USD,25.0,114.08,113.87,0.04602033660588923,-0.038979663394110776,0.085,False,Binance US,Kraken
525,01-14-2021_02-19-10,ZEC/USD,25.0,114.03,113.84,0.04165570463912956,-0.10834429536087044,0.15,False,Binance US,Coinbase Pro
526,01-14-2021_02-19-22,ZEC/USD,25.0,114.04,113.83,0.04603647842862328,-0.04896352157137672,0.095,False,Binance US,Kraken
527,01-14-2021_02-19-33,ZEC/USD,25.0,113.97,113.8,0.03729051504781997,-0.11270948495218003,0.15,False,Binance US,Coinbase Pro
528,01-14-2021_02-19-45,ZEC/USD,25.0,113.97,113.78,0.04167763446520965,-0.053322365534790354,0.095,False,Binance US,Kraken
529,01-14-2021_02-19-57,ZEC/USD,25.0,113.97,113.67,0.06580679126085749,-0.02919320873914251,0.095,False,Binance US,Kraken
530,01-14-2021_02-20-09,ZEC/USD,25.0,113.97,113.63,0.07458103009563995,-0.07541896990436005,0.15,False,Binance US,Coinbase Pro
531,01-14-2021_02-20-21,ZEC/USD,25.0,113.97,113.62,0.07677458980433323,-0.07322541019566677,0.15,False,Binance US,Coinbase Pro
532,01-14-2021_02-20-33,ZEC/USD,25.0,113.97,113.55,0.09212950776520175,-0.057870492234798246,0.15,False,Binance US,Coinbase Pro
533,01-14-2021_02-20-46,ZEC/USD,25.0,113.97,113.46,0.11187154514345993,0.016871545143459926,0.095,True,Binance US,Kraken
534,01-14-2021_02-20-59,ZEC/USD,25.0,113.97,113.49,0.10529086601737386,0.010290866017373862,0.095,True,Binance US,Kraken
535,01-14-2021_02-21-09,ZEC/USD,25.0,113.97,113.45,0.11406510485215321,-0.035934895147846785,0.15,False,Binance US,Coinbase Pro
536,01-14-2021_02-21-22,ZEC/USD,25.0,113.97,113.48,0.10748442572606715,0.012484425726067144,0.095,True,Binance US,Kraken
537,01-14-2021_02-21-35,ZEC/USD,25.0,113.97,113.45,0.11406510485215321,-0.035934895147846785,0.15,False,Binance US,Coinbase Pro
538,01-14-2021_02-21-58,ZEC/USD,25.0,113.97,113.39,0.12722646310432534,-0.022773536895674656,0.15,False,Binance US,Coinbase Pro
539,01-14-2021_02-22-12,ZEC/USD,25.0,113.97,113.44,0.1162586645608496,-0.033741335439150394,0.15,False,Binance US,Coinbase Pro
540,01-14-2021_02-22-25,ZEC/USD,25.0,113.97,113.45,0.11406510485215321,0.01906510485215321,0.095,True,Binance US,Kraken
541,01-14-2021_02-22-50,ZEC/USD,25.0,113.97,113.49,0.10529086601737386,0.010290866017373862,0.095,True,Binance US,Kraken
542,01-14-2021_02-23-04,ZEC/USD,25.0,113.97,113.62,0.07677458980433323,-0.07322541019566677,0.15,False,Binance US,Coinbase Pro
543,01-14-2021_02-23-17,ZEC/USD,25.0,113.97,113.53,0.09651662718259141,-0.053483372817408587,0.15,False,Binance US,Coinbase Pro
544,01-14-2021_02-23-31,ZEC/USD,25.0,113.97,113.45,0.11406510485215321,0.01906510485215321,0.095,True,Binance US,Kraken
545,01-14-2021_02-23-54,ZEC/USD,25.0,113.97,113.57,0.08774238834781208,-0.06225761165218792,0.15,False,Binance US,Coinbase Pro
546,01-14-2021_02-24-07,ZEC/USD,25.0,113.97,113.56,0.08993594805650536,-0.06006405194349464,0.15,False,Binance US,Coinbase Pro
547,01-14-2021_02-24-30,ZEC/USD,25.0,113.97,113.64,0.07238747038694356,-0.07761252961305644,0.15,False,Binance US,Coinbase Pro
548,01-14-2021_02-24-42,ZEC/USD,25.0,113.97,113.67,0.06580679126085749,-0.02919320873914251,0.095,False,Binance US,Kraken
549,01-14-2021_02-24-55,ZEC/USD,25.0,113.97,113.71,0.05703255242607816,-0.09296744757392184,0.15,False,Binance US,Coinbase Pro
550,01-14-2021_02-25-08,ZEC/USD,25.0,113.97,113.59,0.0833552689304193,-0.011644731069580708,0.095,False,Binance US,Kraken
551,01-14-2021_02-25-20,ZEC/USD,25.0,113.97,113.606,0.0798455733965088,-0.012154426603491197,0.092,False,Binance US,Bittrex
552,01-14-2021_02-25-43,ZEC/USD,25.0,113.97,113.67,0.06580679126085749,-0.0841932087391425,0.15,False,Binance US,Coinbase Pro
553,01-14-2021_02-25-55,ZEC/USD,25.0,113.97,113.64,0.07238747038694356,-0.07761252961305644,0.15,False,Binance US,Coinbase Pro
554,01-14-2021_02-26-06,ZEC/USD,25.0,113.994,113.97,0.005263434917627443,-0.17673656508237257,0.182,False,Bittrex,Coinbase Pro
555,01-14-2021_02-26-19,ZEC/USD,25.0,114.0,113.9,0.021929824561402262,-0.16307017543859773,0.185,False,Coinbase Pro,Kraken
556,01-14-2021_02-26-31,ZEC/USD,25.0,114.1,113.97,0.02848378615249681,-0.11151621384750318,0.13999999999999999,False,Binance US,Coinbase Pro
557,01-14-2021_02-26-41,ZEC/USD,25.0,113.98,113.74,0.052640814177927944,-0.09735918582207205,0.15,False,Binance US,Coinbase Pro
558,01-14-2021_02-26-54,ZEC/USD,25.0,114.18,114.0,0.03941145559642818,-0.14558854440357183,0.185,False,Kraken,Coinbase Pro
559,01-14-2021_02-27-07,ZEC/USD,25.0,114.38,114.0,0.08305647840531462,-0.06694352159468538,0.15,False,Binance US,Coinbase Pro
560,01-14-2021_02-27-18,ZEC/USD,25.0,114.27,114.12,0.032817012339194776,-0.10718298766080521,0.13999999999999999,False,Binance US,Coinbase Pro
561,01-14-2021_02-27-30,ZEC/USD,25.0,114.22,113.97,0.05471896340395727,-0.08528103659604272,0.13999999999999999,False,Binance US,Coinbase Pro
562,01-14-2021_02-27-40,ZEC/USD,25.0,114.19,113.95,0.05254400560469281,-0.0324559943953072,0.085,False,Binance US,Kraken
563,01-14-2021_02-27-52,ZEC/USD,25.0,114.22,114.08,0.030642619506216197,-0.05435738049378381,0.085,False,Binance US,Kraken
564,01-14-2021_02-28-05,ZEC/USD,25.0,114.314,114.14,0.03805308186223744,-0.14394691813776256,0.182,False,Bittrex,Coinbase Pro
565,01-14-2021_02-28-17,ZEC/USD,25.0,114.218,114.05,0.03677178728396714,-0.09022821271603286,0.127,False,Bittrex,Kraken
566,01-14-2021_02-28-30,ZEC/USD,25.0,114.3,114.04,0.05686789151355882,-0.038132108486441184,0.095,False,Binance US,Kraken
567,01-14-2021_02-28-42,ZEC/USD,25.0,114.28,113.95,0.07219110955547739,-0.012808890444522616,0.085,False,Binance US,Kraken
568,01-14-2021_02-28-53,ZEC/USD,25.0,114.25,114.04,0.04595185995623496,-0.10404814004376503,0.15,False,Binance US,Coinbase Pro
569,01-14-2021_02-29-03,ZEC/USD,25.0,114.753,114.07,0.14879785277944954,0.02179785277944954,0.127,True,Bittrex,Kraken
570,01-14-2021_02-29-16,ZEC/USD,25.0,114.23,114.06,0.03720563774840272,-0.05779436225159728,0.095,False,Binance US,Kraken
571,01-14-2021_02-29-28,ZEC/USD,25.0,114.23,114.11,0.026262803116520298,-0.0687371968834797,0.095,False,Binance US,Kraken
572,01-14-2021_02-29-39,ZEC/USD,25.0,114.23,114.12,0.02407423619014257,-0.12592576380985743,0.15,False,Binance US,Coinbase Pro
573,01-14-2021_02-29-50,ZEC/USD,25.0,114.23,114.06,0.03720563774840272,-0.05779436225159728,0.095,False,Binance US,Kraken
574,01-14-2021_02-30-00,ZEC/USD,25.0,114.272,114.15,0.026690702884346097,-0.10030929711565391,0.127,False,Bittrex,Kraken
575,01-14-2021_02-30-11,ZEC/USD,25.0,114.269,114.13,0.030410697564521,-0.096589302435479,0.127,False,Bittrex,Kraken
576,01-14-2021_02-30-22,ZEC/USD,25.0,114.23,114.08,0.032828503895650375,-0.062171496104349626,0.095,False,Binance US,Kraken
577,01-14-2021_02-30-33,ZEC/USD,25.0,114.23,114.12,0.02407423619014257,-0.12592576380985743,0.15,False,Binance US,Coinbase Pro
578,01-14-2021_02-30-44,ZEC/USD,25.0,113.99,113.84,0.03289762259847168,-0.15210237740152832,0.185,False,Kraken,Coinbase Pro
579,01-14-2021_02-30-56,ZEC/USD,25.0,113.92,113.76,0.035112359550561044,-0.05988764044943896,0.095,False,Binance US,Kraken
580,01-14-2021_02-31-07,ZEC/USD,25.0,113.92,113.78,0.030723314606741697,-0.0642766853932583,0.095,False,Binance US,Kraken
581,01-14-2021_02-31-18,ZEC/USD,25.0,113.965,113.88,0.018646075549512562,-0.10835392445048744,0.127,False,Bittrex,Kraken
582,01-14-2021_02-31-29,ZEC/USD,25.0,113.97,113.92,0.01096779854347573,-0.05425220145652427,0.06522,False,Kraken,Binance US
583,01-14-2021_02-31-42,ZEC/USD,25.0,114.093,113.94,0.03352528200678521,-0.0934747179932148,0.127,False,Bittrex,Kraken
584,01-14-2021_02-31-53,ZEC/USD,25.0,113.988,113.95,0.00833421061866089,-0.17366578938133911,0.182,False,Bittrex,Coinbase Pro
585,01-14-2021_02-32-04,ZEC/USD,25.0,114.17,113.92,0.05474292721380398,-0.04025707278619602,0.095,False,Binance US,Kraken
586,01-14-2021_02-32-16,ZEC/USD,25.0,114.09,113.97,0.026295030239285772,-0.12370496976071423,0.15,False,Binance US,Coinbase Pro
587,01-14-2021_02-32-27,ZEC/USD,25.0,114.09,113.91,0.03944254535892865,-0.05555745464107135,0.095,False,Binance US,Kraken
588,01-14-2021_02-32-36,ZEC/USD,25.0,114.11,113.91,0.04381736920515355,-0.14118263079484644,0.185,False,Coinbase Pro,Kraken
589,01-14-2021_02-32-47,ZEC/USD,25.0,114.24,114.07,0.03720238095238133,-0.057797619047618674,0.095,False,Binance US,Kraken
590,01-14-2021_02-33-00,ZEC/USD,25.0,114.328,114.09,0.05204324399972,-0.07495675600028001,0.127,False,Bittrex,Kraken
591,01-14-2021_02-33-12,ZEC/USD,25.0,114.325,114.19,0.029521102121146975,-0.15247889787885302,0.182,False,Bittrex,Coinbase Pro
592,01-14-2021_02-33-22,ZEC/USD,25.0,114.276,114.2,0.016626413245124393,-0.1653735867548756,0.182,False,Bittrex,Coinbase Pro
593,01-14-2021_02-33-32,ZEC/USD,25.0,114.39,114.23,0.034968091616399286,-0.11503190838360071,0.15,False,Binance US,Coinbase Pro
594,01-14-2021_02-33-43,ZEC/USD,25.0,114.575,114.28,0.06436831769583279,-0.06263168230416721,0.127,False,Bittrex,Kraken
595,01-14-2021_02-33-55,ZEC/USD,25.0,114.76,114.66,0.021784593935170904,-0.11821540606482908,0.13999999999999999,False,Binance US,Coinbase Pro
596,01-14-2021_02-34-06,ZEC/USD,25.0,115.31,115.0,0.06721012921689408,-0.11778987078310592,0.185,False,Coinbase Pro,Kraken
597,01-14-2021_02-34-16,ZEC/USD,25.0,115.35,115.01,0.07368877329865392,0.00846877329865392,0.06522,False,Kraken,Binance US
598,01-14-2021_02-34-27,ZEC/USD,25.0,115.378,115.01,0.07973790497321738,0.017517904973217382,0.06222,True,Bittrex,Binance US
599,01-14-2021_02-34-38,ZEC/USD,25.0,115.173,115.01,0.035381556441179074,-0.026838443558820924,0.06222,False,Bittrex,Binance US
600,01-14-2021_02-34-50,ZEC/USD,25.0,115.266,115.01,0.055523745076605464,-0.006696254923394533,0.06222,False,Bittrex,Binance US
601,01-14-2021_02-35-00,ZEC/USD,25.0,115.206,115.01,0.04253250698748284,-0.019687493012517154,0.06222,False,Bittrex,Binance US
602,01-14-2021_02-35-13,ZEC/USD,25.0,115.177,115.01,0.03624855656945431,-0.025971443430545686,0.06222,False,Bittrex,Binance US
603,01-14-2021_02-35-25,ZEC/USD,25.0,115.177,115.01,0.03624855656945431,-0.025971443430545686,0.06222,False,Bittrex,Binance US
604,01-14-2021_02-35-35,ZEC/USD,25.0,115.27,115.01,0.05638934675110412,-0.06383065324889586,0.12022,False,Coinbase Pro,Binance US
605,01-14-2021_02-35-47,ZEC/USD,25.0,115.28,115.01,0.058553088133239936,-0.06166691186676006,0.12022,False,Coinbase Pro,Binance US
606,01-14-2021_02-35-57,ZEC/USD,25.0,115.31,115.01,0.06504206053247705,0.00282206053247705,0.06222,False,Bittrex,Binance US
607,01-14-2021_02-36-08,ZEC/USD,25.0,115.25,115.01,0.05206073752711386,-0.06815926247288613,0.12022,False,Coinbase Pro,Binance US
608,01-14-2021_02-36-19,ZEC/USD,25.0,115.198,115.01,0.04079931943262648,-0.02142068056737352,0.06222,False,Bittrex,Binance US
609,01-14-2021_02-36-30,ZEC/USD,25.0,115.356,115.01,0.07498526301189133,0.012765263011891334,0.06222,True,Bittrex,Binance US
610,01-14-2021_02-36-43,ZEC/USD,25.0,115.09,115.01,0.017377704405247697,-0.0448422955947523,0.06222,False,Bittrex,Binance US
611,01-14-2021_02-36-54,ZEC/USD,25.0,115.05,114.952,0.02129508909169904,-0.16070491090830097,0.182,False,Coinbase Pro,Bittrex
612,01-14-2021_02-37-05,ZEC/USD,25.0,115.07,114.97,0.021725905970277726,-0.16327409402972226,0.185,False,Coinbase Pro,Kraken
613,01-14-2021_02-37-17,ZEC/USD,25.0,115.173,115.01,0.035381556441179074,-0.026838443558820924,0.06222,False,Bittrex,Binance US
614,01-14-2021_02-37-27,ZEC/USD,25.0,115.37,115.12,0.05417352864696195,-0.04082647135303805,0.095,False,Binance US,Kraken
615,01-14-2021_02-37-39,ZEC/USD,25.0,115.01,114.9,0.02391096426397692,-0.11608903573602307,0.13999999999999999,False,Binance US,Coinbase Pro
616,01-14-2021_02-37-50,ZEC/USD,25.0,115.0,114.81,0.04130434782608646,-0.05369565217391354,0.095,False,Binance US,Kraken
617,01-14-2021_02-38-01,ZEC/USD,25.0,115.0,114.89,0.023913043478260745,-0.07108695652173926,0.095,False,Binance US,Kraken
618,01-14-2021_02-38-12,ZEC/USD,25.0,115.0,114.87,0.028260869565216402,-0.0667391304347836,0.095,False,Binance US,Kraken
619,01-14-2021_02-38-23,ZEC/USD,25.0,115.0,114.88,0.026086956521740118,-0.06891304347825988,0.095,False,Binance US,Kraken
620,01-14-2021_02-38-34,ZEC/USD,25.0,115.0,114.8,0.043478260869565834,-0.05152173913043417,0.095,False,Binance US,Kraken
621,01-14-2021_02-38-45,ZEC/USD,25.0,115.0,114.85,0.03260869565217515,-0.062391304347824854,0.095,False,Binance US,Kraken
622,01-14-2021_02-38-55,ZEC/USD,25.0,115.018,114.94,0.01695386809021261,-0.11004613190978739,0.127,False,Bittrex,Kraken
623,01-14-2021_02-39-06,ZEC/USD,25.0,115.0,114.92,0.017391304347825716,-0.07760869565217429,0.095,False,Binance US,Kraken
624,01-14-2021_02-39-18,ZEC/USD,25.0,115.0,114.8,0.043478260869565834,-0.05152173913043417,0.095,False,Binance US,Kraken
625,01-14-2021_02-39-28,ZEC/USD,25.0,114.813,114.7,0.024605227631017294,-0.1023947723689827,0.127,False,Bittrex,Kraken
626,01-14-2021_02-39-38,ZEC/USD,25.0,114.87,114.61,0.05658570558022223,-0.028414294419777775,0.085,False,Binance US,Kraken
627,01-14-2021_02-39-48,ZEC/USD,25.0,114.89,114.73,0.034815910871267425,-0.10518408912873256,0.13999999999999999,False,Binance US,Coinbase Pro
628,01-14-2021_02-39-58,ZEC/USD,25.0,114.87,114.67,0.04352746583093994,-0.04147253416906006,0.085,False,Binance US,Kraken
629,01-14-2021_02-40-10,ZEC/USD,25.0,114.84,114.66,0.03918495297805791,-0.11081504702194209,0.15,False,Binance US,Coinbase Pro
630,01-14-2021_02-40-19,ZEC/USD,25.0,114.63,114.46,0.03707580912501127,-0.10292419087498872,0.13999999999999999,False,Binance US,Coinbase Pro
631,01-14-2021_02-40-30,ZEC/USD,25.0,114.49,114.27,0.04803913005502639,-0.10196086994497361,0.15,False,Binance US,Coinbase Pro
632,01-14-2021_02-40-41,ZEC/USD,25.0,114.48,114.26,0.04804332634521289,-0.04695667365478711,0.095,False,Binance US,Kraken
633,01-14-2021_02-40-51,ZEC/USD,25.0,114.34,114.17,0.037169844323946495,-0.057830155676053506,0.095,False,Binance US,Kraken
634,01-14-2021_02-41-02,ZEC/USD,25.0,114.334,114.26,0.016180663669599173,-0.11081933633040084,0.127,False,Bittrex,Kraken
635,01-14-2021_02-41-12,ZEC/USD,25.0,114.346,114.25,0.020988928340301284,-0.10601107165969872,0.127,False,Bittrex,Kraken
636,01-14-2021_02-41-22,ZEC/USD,25.0,114.33,114.19,0.03061313740925404,-0.06438686259074597,0.095,False,Binance US,Kraken
637,01-14-2021_02-41-33,ZEC/USD,25.0,114.31,114.18,0.028431458315107044,-0.06656854168489296,0.095,False,Binance US,Kraken
638,01-14-2021_02-41-43,ZEC/USD,25.0,114.39,114.18,0.04589562024652368,-0.1391043797534763,0.185,False,Coinbase Pro,Kraken
639,01-14-2021_02-41-55,ZEC/USD,25.0,114.61,114.5,0.023994415845039575,-0.09622558415496042,0.12022,False,Coinbase Pro,Binance US
640,01-14-2021_02-42-05,ZEC/USD,25.0,114.596,114.5,0.020943139376593343,-0.04127686062340666,0.06222,False,Bittrex,Binance US
641,01-14-2021_02-42-16,ZEC/USD,25.0,114.79,114.596,0.04225106716613002,-0.049748932833869976,0.092,False,Binance US,Bittrex
642,01-14-2021_02-42-27,ZEC/USD,25.0,114.77,114.68,0.01960442624378958,-0.13039557375621041,0.15,False,Binance US,Coinbase Pro
643,01-14-2021_02-42-38,ZEC/USD,25.0,114.78,114.61,0.03702735668234921,-0.0479726433176508,0.085,False,Binance US,Kraken
644,01-14-2021_02-42-48,ZEC/USD,25.0,114.78,114.6,0.03920543648719438,-0.04579456351280563,0.085,False,Binance US,Kraken
645,01-14-2021_02-42-59,ZEC/USD,25.0,114.82,114.66,0.034837136387388216,-0.15016286361261177,0.185,False,Coinbase Pro,Kraken
646,01-14-2021_02-43-10,ZEC/USD,25.0,114.78,114.66,0.026136957658129584,-0.1138630423418704,0.13999999999999999,False,Binance US,Coinbase Pro
647,01-14-2021_02-43-22,ZEC/USD,25.0,114.69,114.57,0.026157467957102744,-0.06884253204289725,0.095,False,Binance US,Kraken
648,01-14-2021_02-43-33,ZEC/USD,25.0,114.68,114.653,0.005885943494942671,-0.08611405650505732,0.092,False,Binance US,Bittrex
649,01-14-2021_02-43-43,ZEC/USD,25.0,114.694,114.62,0.016129876017925537,-0.11087012398207446,0.127,False,Bittrex,Kraken
650,01-14-2021_02-43-53,ZEC/USD,25.0,114.68,114.59,0.019619811649808905,-0.16538018835019108,0.185,False,Coinbase Pro,Kraken
651,01-14-2021_02-44-03,ZEC/USD,25.0,114.8,114.64,0.034843205574912155,-0.060156794425087846,0.095,False,Binance US,Kraken
652,01-14-2021_02-44-15,ZEC/USD,25.0,114.78,114.66,0.026136957658129584,-0.1138630423418704,0.13999999999999999,False,Binance US,Coinbase Pro
653,01-14-2021_02-44-25,ZEC/USD,25.0,114.75,114.62,0.02832244008714498,-0.12167755991285502,0.15,False,Binance US,Coinbase Pro
654,01-14-2021_02-44-37,ZEC/USD,25.0,114.75,114.61,0.03050108932461886,-0.06449891067538113,0.095,False,Binance US,Kraken
655,01-14-2021_02-44-48,ZEC/USD,25.0,114.75,114.58,0.03703703703703741,-0.05796296296296259,0.095,False,Binance US,Kraken
656,01-14-2021_02-44-59,ZEC/USD,25.0,114.78,114.64,0.030493117267816817,-0.05450688273218319,0.085,False,Binance US,Kraken
657,01-14-2021_02-45-10,ZEC/USD,25.0,114.8,114.64,0.034843205574912155,-0.15015679442508784,0.185,False,Coinbase Pro,Kraken
658,01-14-2021_02-45-21,ZEC/USD,25.0,114.79,114.66,0.02831257078142906,-0.15668742921857093,0.185,False,Coinbase Pro,Kraken
659,01-14-2021_02-45-32,ZEC/USD,25.0,114.84,114.66,0.03918495297805791,-0.1458150470219421,0.185,False,Coinbase Pro,Kraken
660,01-14-2021_02-45-43,ZEC/USD,25.0,114.81,114.66,0.03266266004703547,-0.15233733995296453,0.185,False,Coinbase Pro,Kraken
661,01-14-2021_02-45-55,ZEC/USD,25.0,114.84,114.66,0.03918495297805791,-0.1458150470219421,0.185,False,Coinbase Pro,Kraken
662,01-14-2021_02-46-06,ZEC/USD,25.0,115.01,114.68,0.07173289279193076,-0.013267107208069243,0.085,False,Binance US,Kraken
663,01-14-2021_02-46-17,ZEC/USD,25.0,115.01,114.696,0.06825493435353602,-0.01374506564646398,0.082,False,Binance US,Bittrex
664,01-14-2021_02-46-28,ZEC/USD,25.0,115.29,114.94,0.07589556769884823,-0.00910443230115178,0.085,False,Binance US,Kraken
665,01-14-2021_02-46-39,ZEC/USD,25.0,115.29,115.07,0.047705785410706275,-0.09229421458929371,0.13999999999999999,False,Binance US,Coinbase Pro
666,01-14-2021_02-46-49,ZEC/USD,25.0,115.453,115.28,0.03746113136947542,-0.08953886863052458,0.127,False,Bittrex,Kraken
667,01-14-2021_02-47-01,ZEC/USD,25.0,115.34,115.18,0.03468007629616711,-0.0503199237038329,0.085,False,Binance US,Kraken
668,01-14-2021_02-47-10,ZEC/USD,25.0,115.24,115.13,0.023863241929885332,-0.11613675807011466,0.13999999999999999,False,Binance US,Coinbase Pro
669,01-14-2021_02-47-21,ZEC/USD,25.0,115.32,115.1,0.047693374956642144,-0.04730662504335786,0.095,False,Binance US,Kraken
670,01-14-2021_02-47-32,ZEC/USD,25.0,115.32,115.12,0.04335761359694516,-0.05164238640305484,0.095,False,Binance US,Kraken
671,01-14-2021_02-47-44,ZEC/USD,25.0,115.31,115.1,0.04552944237273609,-0.04947055762726391,0.095,False,Binance US,Kraken
672,01-14-2021_02-47-54,ZEC/USD,25.0,115.33,115.12,0.04552154686551499,-0.03947845313448502,0.085,False,Binance US,Kraken
673,01-14-2021_02-48-05,ZEC/USD,25.0,115.3,115.12,0.039028620988723464,-0.05597137901127654,0.095,False,Binance US,Kraken
674,01-14-2021_02-48-17,ZEC/USD,25.0,115.32,115.18,0.03035032951786038,-0.06464967048213963,0.095,False,Binance US,Kraken
675,01-14-2021_02-48-28,ZEC/USD,25.0,115.32,115.14,0.03902185223725126,-0.05597814776274874,0.095,False,Binance US,Kraken
676,01-14-2021_02-48-39,ZEC/USD,25.0,115.31,115.18,0.028184892897406003,-0.066815107102594,0.095,False,Binance US,Kraken
677,01-14-2021_02-48-50,ZEC/USD,25.0,115.167,115.05,0.025397900440231238,-0.15660209955976875,0.182,False,Bittrex,Coinbase Pro
678,01-14-2021_02-49-02,ZEC/USD,25.0,115.09,114.95,0.03041098270918424,-0.06458901729081576,0.095,False,Binance US,Kraken
679,01-14-2021_02-49-12,ZEC/USD,25.0,115.09,114.98,0.02389434355721597,-0.12610565644278401,0.15,False,Binance US,Coinbase Pro
680,01-14-2021_02-49-23,ZEC/USD,25.0,115.08,114.965,0.024982620785539384,-0.06701737921446062,0.092,False,Binance US,Bittrex
681,01-14-2021_02-49-34,ZEC/USD,25.0,115.05,114.95,0.021729682746630667,-0.12827031725336932,0.15,False,Binance US,Coinbase Pro
682,01-14-2021_02-49-43,ZEC/USD,25.0,115.04,114.95,0.019558414464534817,-0.12044158553546516,0.13999999999999999,False,Binance US,Coinbase Pro
683,01-14-2021_02-49-53,ZEC/USD,25.0,115.07,114.89,0.039106630746500524,-0.04589336925349948,0.085,False,Binance US,Kraken
684,01-14-2021_02-50-03,ZEC/USD,25.0,115.08,114.95,0.028241223496696964,-0.06675877650330303,0.095,False,Binance US,Kraken
685,01-14-2021_02-50-13,ZEC/USD,25.0,114.962,114.89,0.015657347645309478,-0.1663426523546905,0.182,False,Bittrex,Coinbase Pro
686,01-14-2021_02-50-26,ZEC/USD,25.0,114.916,114.81,0.02306032232239082,-0.15893967767760916,0.182,False,Bittrex,Coinbase Pro
687,01-14-2021_02-50-35,ZEC/USD,25.0,114.89,114.758,0.028723126468797325,-0.05327687353120268,0.082,False,Binance US,Bittrex
688,01-14-2021_02-50-46,ZEC/USD,25.0,114.81,114.757,0.0115408065499515,-0.0704591934500485,0.082,False,Binance US,Bittrex
689,01-14-2021_02-50-57,ZEC/USD,25.0,115.351,114.68,0.14542570068746527,0.01842570068746527,0.127,True,Bittrex,Kraken
690,01-14-2021_02-51-09,ZEC/USD,25.0,114.81,114.73,0.017420085358417884,-0.1225799146415821,0.13999999999999999,False,Binance US,Coinbase Pro
691,01-14-2021_02-51-18,ZEC/USD,25.0,114.783,114.68,0.02243363564290758,-0.10456636435709242,0.127,False,Bittrex,Kraken
692,01-14-2021_02-51-31,ZEC/USD,25.0,114.781,114.68,0.021998414371716374,-0.10500158562828363,0.127,False,Bittrex,Kraken
693,01-14-2021_02-51-42,ZEC/USD,25.0,114.66,114.51,0.032705389848245135,-0.11729461015175485,0.15,False,Binance US,Coinbase Pro
694,01-14-2021_02-51-53,ZEC/USD,25.0,114.6,114.569,0.0067626527050592715,-0.17523734729494073,0.182,False,Coinbase Pro,Bittrex
695,01-14-2021_02-52-05,ZEC/USD,25.0,114.61,114.53,0.017450484250937592,-0.07754951574906241,0.095,False,Binance US,Kraken
696,01-14-2021_02-52-18,ZEC/USD,25.0,114.89,114.7,0.041343894159630454,-0.04365610584036955,0.085,False,Binance US,Kraken
697,01-14-2021_02-52-30,ZEC/USD,25.0,114.88,114.69,0.04134749303621121,-0.053652506963788794,0.095,False,Binance US,Kraken
698,01-14-2021_02-52-41,ZEC/USD,25.0,114.94,114.8,0.03045066991473825,-0.11954933008526175,0.15,False,Binance US,Coinbase Pro
699,01-14-2021_02-52-51,ZEC/USD,25.0,114.995,114.8,0.042393147528155005,-0.13960685247184498,0.182,False,Bittrex,Coinbase Pro
700,01-14-2021_02-53-01,ZEC/USD,25.0,114.78,114.72,0.013068478829064792,-0.17193152117093521,0.185,False,Coinbase Pro,Kraken
701,01-14-2021_02-53-12,ZEC/USD,25.0,114.78,114.69,0.01960271824359719,-0.1653972817564028,0.185,False,Coinbase Pro,Kraken
702,01-14-2021_02-53-23,ZEC/USD,25.0,114.8,114.74,0.01306620209059283,-0.17193379790940716,0.185,False,Coinbase Pro,Kraken
703,01-14-2021_02-53-34,ZEC/USD,25.0,114.941,114.81,0.028492878955290155,-0.09850712104470985,0.127,False,Bittrex,Kraken
704,01-14-2021_02-53-44,ZEC/USD,25.0,114.99,114.81,0.03913383772501796,-0.14586616227498203,0.185,False,Coinbase Pro,Kraken
705,01-14-2021_02-53-54,ZEC/USD,25.0,114.92,114.81,0.023929690219282856,-0.12607030978071715,0.15,False,Binance US,Coinbase Pro
706,01-14-2021_02-54-05,ZEC/USD,25.0,114.811,114.77,0.008927715985404497,-0.1180722840145955,0.127,False,Bittrex,Kraken
707,01-14-2021_02-54-15,ZEC/USD,25.0,114.996,114.81,0.04043618908483618,-0.08656381091516382,0.127,False,Bittrex,Kraken
708,01-14-2021_02-54-26,ZEC/USD,25.0,114.79,114.68,0.0239567906612073,-0.1260432093387927,0.15,False,Binance US,Coinbase Pro
709,01-14-2021_02-54-37,ZEC/USD,25.0,114.8,114.72,0.017421602787456077,-0.1325783972125439,0.15,False,Binance US,Coinbase Pro
710,01-14-2021_02-54-46,ZEC/USD,25.0,114.67,114.57,0.021801691811286415,-0.1631983081887136,0.185,False,Coinbase Pro,Kraken
711,01-14-2021_02-54-56,ZEC/USD,25.0,114.64,114.47,0.03707257501744629,-0.05792742498255371,0.095,False,Binance US,Kraken
712,01-14-2021_02-55-06,ZEC/USD,25.0,114.691,114.6,0.019835906915104104,-0.1071640930848959,0.127,False,Bittrex,Kraken
713,01-14-2021_02-55-16,ZEC/USD,25.0,114.64,114.4,0.05233775296580489,-0.1326622470341951,0.185,False,Coinbase Pro,Kraken
714,01-14-2021_02-55-27,ZEC/USD,25.0,114.64,114.4,0.05233775296580489,-0.1326622470341951,0.185,False,Coinbase Pro,Kraken
715,01-14-2021_02-55-38,ZEC/USD,25.0,114.65,114.56,0.01962494548626328,-0.10737505451373672,0.127,False,Bittrex,Kraken
716,01-14-2021_02-55-49,ZEC/USD,25.0,114.6,114.48,0.02617801047120208,-0.055821989528797925,0.082,False,Binance US,Bittrex
717,01-14-2021_02-56-01,ZEC/USD,25.0,114.59,114.479,0.024216772842308273,-0.06778322715769172,0.092,False,Binance US,Bittrex
718,01-14-2021_02-56-13,ZEC/USD,25.0,114.59,114.477,0.0246531110917182,-0.0673468889082818,0.092,False,Binance US,Bittrex
719,01-14-2021_02-56-23,ZEC/USD,25.0,114.59,114.4,0.04145213369403912,-0.05354786630596088,0.095,False,Binance US,Kraken
720,01-14-2021_02-56-34,ZEC/USD,25.0,114.52,114.45,0.01528117359413054,-0.16971882640586947,0.185,False,Coinbase Pro,Kraken
721,01-14-2021_02-56-45,ZEC/USD,25.0,114.55,114.37,0.039284155390657494,-0.1457158446093425,0.185,False,Coinbase Pro,Kraken
722,01-14-2021_02-56-54,ZEC/USD,25.0,114.53,114.41,0.026194010302978375,-0.15880598969702162,0.185,False,Coinbase Pro,Kraken
723,01-14-2021_02-57-06,ZEC/USD,25.0,114.49,114.4,0.019652371386144903,-0.1653476286138551,0.185,False,Coinbase Pro,Kraken
724,01-14-2021_02-57-16,ZEC/USD,25.0,114.477,114.34,0.029918673620028573,-0.09708132637997142,0.127,False,Bittrex,Kraken
725,01-14-2021_02-57-27,ZEC/USD,25.0,114.359,114.26,0.021642371829062326,-0.10535762817093768,0.127,False,Bittrex,Kraken
726,01-14-2021_02-57-38,ZEC/USD,25.0,114.42,114.3,0.02621919244887357,-0.09400080755112643,0.12022,False,Coinbase Pro,Binance US
727,01-14-2021_02-57-48,ZEC/USD,25.0,114.43,114.35,0.017477934108191144,-0.16752206589180885,0.185,False,Coinbase Pro,Kraken
728,01-14-2021_02-57-59,ZEC/USD,25.0,114.602,114.46,0.03097677178408974,-0.09602322821591026,0.127,False,Bittrex,Kraken
729,01-14-2021_02-58-12,ZEC/USD,25.0,114.51,114.34,0.037114662474893395,-0.057885337525106606,0.095,False,Binance US,Kraken
730,01-14-2021_02-58-22,ZEC/USD,25.0,114.366,114.29,0.01661332913628032,-0.11038667086371969,0.127,False,Bittrex,Kraken
731,01-14-2021_02-58-34,ZEC/USD,25.0,114.35,114.24,0.024048972452995067,-0.11595102754700493,0.13999999999999999,False,Binance US,Coinbase Pro
732,01-14-2021_02-58-46,ZEC/USD,25.0,114.35,114.23,0.026235242675992643,-0.11376475732400734,0.13999999999999999,False,Binance US,Coinbase Pro
733,01-14-2021_02-58-58,ZEC/USD,25.0,114.35,114.22,0.028421512898993324,-0.11157848710100667,0.13999999999999999,False,Binance US,Coinbase Pro
734,01-14-2021_02-59-09,ZEC/USD,25.0,114.35,114.26,0.019676432006993705,-0.0653235679930063,0.085,False,Binance US,Kraken
735,01-14-2021_02-59-20,ZEC/USD,25.0,114.35,114.26,0.019676432006993705,-0.0653235679930063,0.085,False,Binance US,Kraken
736,01-14-2021_02-59-32,ZEC/USD,25.0,114.44,114.26,0.03932191541418923,-0.05567808458581077,0.095,False,Binance US,Kraken
737,01-14-2021_02-59-43,ZEC/USD,25.0,114.365,114.22,0.031696760372490716,-0.15030323962750927,0.182,False,Bittrex,Coinbase Pro
738,01-14-2021_02-59-53,ZEC/USD,25.0,114.31,114.23,0.017496282040066112,-0.13250371795993388,0.15,False,Binance US,Coinbase Pro
739,01-14-2021_03-00-06,ZEC/USD,25.0,114.31,114.2,0.024057387805091295,-0.0709426121949087,0.095,False,Binance US,Kraken
740,01-14-2021_03-00-17,ZEC/USD,25.0,114.31,114.23,0.017496282040066112,-0.13250371795993388,0.15,False,Binance US,Coinbase Pro
741,01-14-2021_03-00-28,ZEC/USD,25.0,114.28,114.2,0.017500875043751814,-0.12249912495624818,0.13999999999999999,False,Binance US,Coinbase Pro
742,01-14-2021_03-00-39,ZEC/USD,25.0,114.18,114.171,0.001970572779821409,-0.1800294272201786,0.182,False,Coinbase Pro,Bittrex
743,01-14-2021_03-00-50,ZEC/USD,25.0,114.18,114.14,0.008758101243651745,-0.07624189875634826,0.085,False,Binance US,Kraken
744,01-14-2021_03-01-01,ZEC/USD,25.0,114.18,114.14,0.008758101243651745,-0.07624189875634826,0.085,False,Binance US,Kraken
745,01-14-2021_03-01-12,ZEC/USD,25.0,114.14,114.03,0.024093218854038773,-0.1259067811459612,0.15,False,Binance US,Coinbase Pro
746,01-14-2021_03-01-24,ZEC/USD,25.0,114.05,113.98,0.015344147303812623,-0.13465585269618738,0.15,False,Binance US,Coinbase Pro
747,01-14-2021_03-01-35,ZEC/USD,25.0,114.05,113.93,0.026304252520822084,-0.12369574747917791,0.15,False,Binance US,Coinbase Pro
748,01-14-2021_03-01-46,ZEC/USD,25.0,114.04,113.89,0.03288319887758806,-0.11711680112241193,0.15,False,Binance US,Coinbase Pro
749,01-14-2021_03-01-59,ZEC/USD,25.0,114.562,114.08,0.10518321956669736,-0.021816780433302638,0.127,False,Bittrex,Kraken
750,01-14-2021_03-02-10,ZEC/USD,25.0,114.555,114.28,0.060014840033173075,-0.06698515996682693,0.127,False,Bittrex,Kraken
751,01-14-2021_03-02-21,ZEC/USD,25.0,114.55,114.28,0.05892623308598779,-0.06807376691401221,0.127,False,Bittrex,Kraken
752,01-14-2021_03-02-33,ZEC/USD,25.0,114.541,114.38,0.03514025545437908,-0.14685974454562092,0.182,False,Bittrex,Coinbase Pro
753,01-14-2021_03-02-44,ZEC/USD,25.0,114.533,114.38,0.033396488348337555,-0.14860351165166244,0.182,False,Bittrex,Coinbase Pro
754,01-14-2021_03-02-54,ZEC/USD,25.0,114.53,114.38,0.03274251287872297,-0.11725748712127702,0.15,False,Binance US,Coinbase Pro
755,01-14-2021_03-03-07,ZEC/USD,25.0,114.53,114.38,0.03274251287872297,-0.11725748712127702,0.15,False,Binance US,Coinbase Pro
756,01-14-2021_03-03-18,ZEC/USD,25.0,114.71,114.42,0.06320285938453318,-0.021797140615466823,0.085,False,Binance US,Kraken
757,01-14-2021_03-03-29,ZEC/USD,25.0,115.187,114.52,0.14476460017189474,0.01776460017189474,0.127,True,Bittrex,Kraken
758,01-14-2021_03-03-43,ZEC/USD,25.0,115.174,114.52,0.14195912271867142,0.01495912271867142,0.127,True,Bittrex,Kraken
759,01-14-2021_03-04-05,ZEC/USD,25.0,115.15,114.65,0.10855405992184107,-0.01844594007815893,0.127,False,Bittrex,Kraken
760,01-14-2021_03-04-18,ZEC/USD,25.0,115.139,114.65,0.10617601334039511,-0.020823986659604887,0.127,False,Bittrex,Kraken
761,01-14-2021_03-04-40,ZEC/USD,25.0,115.115,114.65,0.10098597055118559,-0.02601402944881441,0.127,False,Bittrex,Kraken
762,01-14-2021_03-04-52,ZEC/USD,25.0,115.102,114.65,0.09817379367864984,-0.028826206321350162,0.127,False,Bittrex,Kraken
763,01-14-2021_03-05-04,ZEC/USD,25.0,115.092,114.65,0.09601014840301522,-0.03098985159698478,0.127,False,Bittrex,Kraken
764,01-14-2021_03-05-26,ZEC/USD,25.0,115.068,114.6,0.10167900719574588,-0.025320992804254122,0.127,False,Bittrex,Kraken
765,01-14-2021_03-05-38,ZEC/USD,25.0,115.058,114.57,0.10603347876723343,-0.07596652123276657,0.182,False,Bittrex,Coinbase Pro
766,01-14-2021_03-06-01,ZEC/USD,25.0,115.035,114.4,0.138001477811099,0.011001477811099003,0.127,True,Bittrex,Kraken
767,01-14-2021_03-06-13,ZEC/USD,25.0,115.023,114.45,0.12454030932943701,-0.0024596906705629945,0.127,False,Bittrex,Kraken
768,01-14-2021_03-06-36,ZEC/USD,25.0,114.995,114.45,0.11848341232227526,-0.06351658767772474,0.182,False,Bittrex,Coinbase Pro
769,01-14-2021_03-06-46,ZEC/USD,25.0,114.982,114.41,0.12436729227183445,-0.05763270772816555,0.182,False,Bittrex,Coinbase Pro
770,01-14-2021_03-06-57,ZEC/USD,25.0,114.968,114.27,0.15178136524946234,-0.030218634750537654,0.182,False,Bittrex,Coinbase Pro
771,01-14-2021_03-07-08,ZEC/USD,25.0,114.955,114.29,0.14462180853377235,-0.037378191466227645,0.182,False,Bittrex,Coinbase Pro
772,01-14-2021_03-07-19,ZEC/USD,25.0,114.939,114.26,0.1476870339919409,-0.03431296600805908,0.182,False,Bittrex,Coinbase Pro
773,01-14-2021_03-07-31,ZEC/USD,25.0,114.925,114.33,0.12943223841635826,0.0024322384163582567,0.127,False,Bittrex,Kraken
774,01-14-2021_03-07-53,ZEC/USD,25.0,114.902,114.46,0.09616890915737047,-0.030831090842629527,0.127,False,Bittrex,Kraken
775,01-14-2021_03-08-06,ZEC/USD,25.0,114.891,114.46,0.09378454361090328,-0.03321545638909672,0.127,False,Bittrex,Kraken
776,01-14-2021_03-08-29,ZEC/USD,25.0,114.873,114.46,0.08988186954288886,-0.03711813045711114,0.127,False,Bittrex,Kraken
777,01-14-2021_03-08-40,ZEC/USD,25.0,114.863,114.46,0.08771318875530106,-0.039286811244698946,0.127,False,Bittrex,Kraken
778,01-14-2021_03-08-52,ZEC/USD,25.0,114.854,114.46,0.08576105316314744,-0.04123894683685256,0.127,False,Bittrex,Kraken
779,01-14-2021_03-09-03,ZEC/USD,25.0,114.846,114.46,0.08402556466921135,-0.04297443533078865,0.127,False,Bittrex,Kraken
780,01-14-2021_03-09-15,ZEC/USD,25.0,114.96,114.46,0.10873347251217816,0.013733472512178158,0.095,True,Binance US,Kraken
781,01-14-2021_03-09-26,ZEC/USD,25.0,115.318,114.79,0.11446608508645477,-0.012533914913545233,0.127,False,Bittrex,Kraken
782,01-14-2021_03-09-48,ZEC/USD,25.0,115.301,114.82,0.10429224377932732,-0.022707756220672684,0.127,False,Bittrex,Kraken
783,01-14-2021_03-10-00,ZEC/USD,25.0,115.292,114.86,0.09367518995246898,-0.03332481004753102,0.127,False,Bittrex,Kraken
784,01-14-2021_03-10-12,ZEC/USD,25.0,115.282,114.86,0.09151472042469706,-0.03548527957530294,0.127,False,Bittrex,Kraken
785,01-14-2021_03-10-35,ZEC/USD,25.0,115.264,114.86,0.0876249305941136,-0.039375069405886406,0.127,False,Bittrex,Kraken
786,01-14-2021_03-10-46,ZEC/USD,25.0,115.256,114.86,0.08589574512389828,-0.041104254876101726,0.127,False,Bittrex,Kraken
787,01-14-2021_03-10-59,ZEC/USD,25.0,115.243,114.86,0.08308530669975521,-0.04391469330024479,0.127,False,Bittrex,Kraken
788,01-14-2021_03-11-11,ZEC/USD,25.0,115.224,114.79,0.0941644101923205,-0.0878355898076795,0.182,False,Bittrex,Coinbase Pro
789,01-14-2021_03-11-33,ZEC/USD,25.0,115.209,114.7,0.11045144042566127,0.04823144042566127,0.06222,True,Bittrex,Binance US
790,01-14-2021_03-11-46,ZEC/USD,25.0,115.209,114.62,0.127811195305922,0.0008111953059219967,0.127,False,Bittrex,Kraken
791,01-14-2021_03-12-10,ZEC/USD,25.0,115.197,114.6,0.12956066564233626,0.0025606656423362573,0.127,False,Bittrex,Kraken
792,01-14-2021_03-12-23,ZEC/USD,25.0,115.18,114.5,0.14759506858829805,0.08537506858829805,0.06222,True,Bittrex,Binance US
793,01-14-2021_03-12-34,ZEC/USD,25.0,115.17,114.5,0.14543717982113433,0.08321717982113433,0.06222,True,Bittrex,Binance US
794,01-14-2021_03-12-47,ZEC/USD,25.0,115.151,114.5,0.14133615860912982,0.07911615860912982,0.06222,True,Bittrex,Binance US
795,01-14-2021_03-13-12,ZEC/USD,25.0,115.127,114.6,0.11443883711032188,-0.06756116288967812,0.182,False,Bittrex,Coinbase Pro
796,01-14-2021_03-13-24,ZEC/USD,25.0,115.109,114.6,0.11054739420896723,-0.016452605791032776,0.127,False,Bittrex,Kraken
797,01-14-2021_03-13-36,ZEC/USD,25.0,115.091,114.58,0.11099912243355164,-0.07100087756644835,0.182,False,Bittrex,Coinbase Pro
798,01-14-2021_03-13-49,ZEC/USD,25.0,115.077,114.6,0.10362626762950108,-0.023373732370498917,0.127,False,Bittrex,Kraken
799,01-14-2021_03-14-01,ZEC/USD,25.0,115.061,114.68,0.08278217641077346,-0.044217823589226546,0.127,False,Bittrex,Kraken
800,01-14-2021_03-14-13,ZEC/USD,25.0,115.046,114.74,0.0664951410740077,-0.1155048589259923,0.182,False,Bittrex,Coinbase Pro
801,01-14-2021_03-14-24,ZEC/USD,25.0,115.04,114.74,0.06519471488178272,-0.061805285118217285,0.127,False,Bittrex,Kraken
802,01-14-2021_03-14-37,ZEC/USD,25.0,115.029,114.82,0.04542332803032348,-0.13657667196967652,0.182,False,Bittrex,Coinbase Pro
803,01-14-2021_03-14-49,ZEC/USD,25.0,115.014,114.74,0.05955796685620901,-0.06744203314379099,0.127,False,Bittrex,Kraken
804,01-14-2021_03-15-01,ZEC/USD,25.0,114.999,114.83,0.036739449908259406,-0.025480550091740592,0.06222,False,Bittrex,Binance US
805,01-14-2021_03-15-13,ZEC/USD,25.0,114.986,114.71,0.06000730523716158,-0.12199269476283842,0.182,False,Bittrex,Coinbase Pro
806,01-14-2021_03-15-25,ZEC/USD,25.0,114.973,114.6,0.0811059987997192,-0.10089400120028079,0.182,False,Bittrex,Coinbase Pro
807,01-14-2021_03-15-37,ZEC/USD,25.0,114.961,114.46,0.10894999173632901,-0.07305000826367099,0.182,False,Bittrex,Coinbase Pro
808,01-14-2021_03-15-51,ZEC/USD,25.0,114.946,114.31,0.13832582256015774,-0.043674177439842254,0.182,False,Bittrex,Coinbase Pro
809,01-14-2021_03-16-04,ZEC/USD,25.0,114.932,114.25,0.1483485887307282,0.021348588730728202,0.127,True,Bittrex,Kraken
810,01-14-2021_03-16-18,ZEC/USD,25.0,114.918,114.28,0.138794618771647,-0.04320538122835299,0.182,False,Bittrex,Coinbase Pro
811,01-14-2021_03-16-30,ZEC/USD,25.0,114.905,114.17,0.159914712153518,0.03291471215351799,0.127,True,Bittrex,Kraken
812,01-14-2021_03-16-41,ZEC/USD,25.0,114.891,114.08,0.17647161222376143,0.049471612223761424,0.127,True,Bittrex,Kraken
813,01-14-2021_03-17-04,ZEC/USD,25.0,114.86,113.88,0.21330315166289482,0.08630315166289482,0.127,True,Bittrex,Kraken
814,01-14-2021_03-17-16,ZEC/USD,25.0,114.841,113.83,0.22008690276120804,0.09308690276120804,0.127,True,Bittrex,Kraken
815,01-14-2021_03-17-39,ZEC/USD,25.0,114.813,114.0,0.17702699171696637,0.05002699171696637,0.127,True,Bittrex,Kraken
816,01-14-2021_03-17-51,ZEC/USD,25.0,114.799,114.03,0.16746661556285453,0.040466615562854524,0.127,True,Bittrex,Kraken
817,01-14-2021_03-18-15,ZEC/USD,25.0,114.781,114.01,0.1679284899068663,0.04092848990686629,0.127,True,Bittrex,Kraken
818,01-14-2021_03-18-28,ZEC/USD,25.0,114.77,113.94,0.18079637535941412,0.05379637535941412,0.127,True,Bittrex,Kraken
819,01-14-2021_03-18-39,ZEC/USD,25.0,114.761,113.99,0.1679577556835512,0.0409577556835512,0.127,True,Bittrex,Kraken
820,01-14-2021_03-18-53,ZEC/USD,25.0,114.743,114.01,0.15970473144331024,-0.022295268556689757,0.182,False,Bittrex,Coinbase Pro
821,01-14-2021_03-19-07,ZEC/USD,25.0,114.733,113.94,0.17279248341802408,0.04579248341802408,0.127,True,Bittrex,Kraken
822,01-14-2021_03-19-43,ZEC/USD,25.0,114.695,113.96,0.16020750686603588,0.03320750686603588,0.127,True,Bittrex,Kraken
823,01-14-2021_03-20-07,ZEC/USD,25.0,114.673,113.87,0.175063005240989,0.048063005240989,0.127,True,Bittrex,Kraken
824,01-14-2021_03-20-21,ZEC/USD,25.0,114.659,113.89,0.16767109428828209,0.040671094288282084,0.127,True,Bittrex,Kraken
825,01-14-2021_03-20-46,ZEC/USD,25.0,114.632,113.76,0.19017377346639677,0.06317377346639677,0.127,True,Bittrex,Kraken
826,01-14-2021_03-21-12,ZEC/USD,25.0,114.607,113.8,0.176036367761132,0.04903636776113199,0.127,True,Bittrex,Kraken
827,01-14-2021_03-21-23,ZEC/USD,25.0,114.593,113.71,0.19263829378758077,0.06563829378758076,0.127,True,Bittrex,Kraken
828,01-14-2021_03-21-38,ZEC/USD,25.0,114.581,113.68,0.19658582138399827,0.06958582138399827,0.127,True,Bittrex,Kraken
829,01-14-2021_03-21-50,ZEC/USD,25.0,114.564,113.9,0.1448971753779519,0.017897175377951907,0.127,True,Bittrex,Kraken
830,01-14-2021_03-22-14,ZEC/USD,25.0,114.54,113.85,0.1506024096385568,0.02360240963855681,0.127,True,Bittrex,Kraken
831,01-14-2021_03-22-26,ZEC/USD,25.0,114.528,113.81,0.15673023190835506,0.029730231908355054,0.127,True,Bittrex,Kraken
832,01-14-2021_03-22-39,ZEC/USD,25.0,114.514,113.78,0.1602424157744893,0.0332424157744893,0.127,True,Bittrex,Kraken
833,01-14-2021_03-22-52,ZEC/USD,25.0,114.505,113.64,0.18885638181738676,0.06185638181738676,0.127,True,Bittrex,Kraken
834,01-14-2021_03-23-16,ZEC/USD,25.0,114.478,113.42,0.23104876046052358,0.04904876046052359,0.182,True,Bittrex,Coinbase Pro
835,01-14-2021_03-23-28,ZEC/USD,25.0,114.47,113.42,0.2293177251681657,0.1023177251681657,0.127,True,Bittrex,Kraken
836,01-14-2021_03-23-41,ZEC/USD,25.0,114.459,113.44,0.22256878008719397,0.09556878008719397,0.127,True,Bittrex,Kraken
837,01-14-2021_03-23-54,ZEC/USD,25.0,114.443,113.48,0.21036673278400467,0.08336673278400467,0.127,True,Bittrex,Kraken
838,01-14-2021_03-24-17,ZEC/USD,25.0,114.42,113.23,0.26000699178465253,0.13300699178465253,0.127,True,Bittrex,Kraken
839,01-14-2021_03-24-31,ZEC/USD,25.0,114.397,113.36,0.2266230757799606,0.0996230757799606,0.127,True,Bittrex,Kraken
840,01-14-2021_03-24-43,ZEC/USD,25.0,114.383,113.37,0.2214052787564566,0.03940527875645661,0.182,True,Bittrex,Coinbase Pro
841,01-14-2021_03-24-54,ZEC/USD,25.0,114.372,113.37,0.21902213828559336,0.037022138285593365,0.182,True,Bittrex,Coinbase Pro
842,01-14-2021_03-25-07,ZEC/USD,25.0,114.355,113.44,0.20003497879410742,0.07303497879410742,0.127,True,Bittrex,Kraken
843,01-14-2021_03-25-19,ZEC/USD,25.0,114.341,113.44,0.19699845199884475,0.06999845199884475,0.127,True,Bittrex,Kraken
844,01-14-2021_03-25-31,ZEC/USD,25.0,114.328,113.44,0.1941781540829904,0.06717815408299041,0.127,True,Bittrex,Kraken
845,01-14-2021_03-25-44,ZEC/USD,25.0,114.328,113.44,0.1941781540829904,0.06717815408299041,0.127,True,Bittrex,Kraken
846,01-14-2021_03-25-56,ZEC/USD,25.0,114.328,113.41,0.20073822685606463,0.07373822685606463,0.127,True,Bittrex,Kraken
847,01-14-2021_03-26-08,ZEC/USD,25.0,114.328,113.44,0.1941781540829904,0.06717815408299041,0.127,True,Bittrex,Kraken
848,01-14-2021_03-26-20,ZEC/USD,25.0,114.324,113.42,0.19768377593506095,0.015683775935060956,0.182,True,Bittrex,Coinbase Pro
849,01-14-2021_03-26-42,ZEC/USD,25.0,114.296,113.34,0.2091061804437607,0.0821061804437607,0.127,True,Bittrex,Kraken
850,01-14-2021_03-26-54,ZEC/USD,25.0,114.28,113.34,0.20563528176408769,0.07863528176408768,0.127,True,Bittrex,Kraken
851,01-14-2021_03-27-07,ZEC/USD,25.0,114.267,113.29,0.21375375217691672,0.08675375217691672,0.127,True,Bittrex,Kraken
852,01-14-2021_03-27-19,ZEC/USD,25.0,114.25,113.15,0.2407002188183795,0.1137002188183795,0.127,True,Bittrex,Kraken
853,01-14-2021_03-27-31,ZEC/USD,25.0,114.232,113.2,0.2258561523916233,0.09885615239162329,0.127,True,Bittrex,Kraken
854,01-14-2021_03-27-44,ZEC/USD,25.0,114.219,113.22,0.21865889212827883,0.03665889212827883,0.182,True,Bittrex,Coinbase Pro
855,01-14-2021_03-27-56,ZEC/USD,25.0,114.206,113.3,0.19832583226800823,0.01632583226800824,0.182,True,Bittrex,Coinbase Pro
856,01-14-2021_03-28-08,ZEC/USD,25.0,114.191,113.4,0.17317476858946781,0.04617476858946781,0.127,True,Bittrex,Kraken
857,01-14-2021_03-28-31,ZEC/USD,25.0,114.174,113.38,0.17385744565312836,0.046857445653128355,0.127,True,Bittrex,Kraken
858,01-14-2021_03-28-44,ZEC/USD,25.0,114.158,113.39,0.1681879500341633,-0.013812049965836681,0.182,False,Bittrex,Coinbase Pro
859,01-14-2021_03-28-55,ZEC/USD,25.0,114.147,113.4,0.16360482535677676,0.036604825356776755,0.127,True,Bittrex,Kraken
860,01-14-2021_03-29-07,ZEC/USD,25.0,114.136,113.4,0.16121118665451523,0.034211186654515224,0.127,True,Bittrex,Kraken
861,01-14-2021_03-29-20,ZEC/USD,25.0,114.124,113.4,0.15859941817671777,0.03159941817671777,0.127,True,Bittrex,Kraken
862,01-14-2021_03-29-33,ZEC/USD,25.0,114.114,113.4,0.15642252484357716,0.029422524843577158,0.127,True,Bittrex,Kraken
863,01-14-2021_03-29-44,ZEC/USD,25.0,114.105,113.4,0.15446299461022706,0.027462994610227054,0.127,True,Bittrex,Kraken
864,01-14-2021_03-30-06,ZEC/USD,25.0,114.084,113.4,0.14988955506468862,0.02288955506468862,0.127,True,Bittrex,Kraken
865,01-14-2021_03-30-18,ZEC/USD,25.0,114.073,113.67,0.08832063678521465,-0.09367936321478534,0.182,False,Bittrex,Coinbase Pro
866,01-14-2021_03-30-30,ZEC/USD,25.0,114.063,113.73,0.07298598143131392,-0.10901401856868607,0.182,False,Bittrex,Coinbase Pro
867,01-14-2021_03-30-42,ZEC/USD,25.0,114.053,113.66,0.08614416104793401,-0.04085583895206599,0.127,False,Bittrex,Kraken
868,01-14-2021_03-30-54,ZEC/USD,25.0,114.042,113.63,0.0903176022868781,-0.0366823977131219,0.127,False,Bittrex,Kraken
869,01-14-2021_03-31-06,ZEC/USD,25.0,114.026,113.72,0.06708996193850468,-0.05991003806149532,0.127,False,Bittrex,Kraken
870,01-14-2021_03-31-16,ZEC/USD,25.0,114.02,113.73,0.06358533590597966,-0.06341466409402034,0.127,False,Bittrex,Kraken
871,01-14-2021_03-31-27,ZEC/USD,25.0,114.01,113.65,0.07894044382071735,-0.04805955617928265,0.127,False,Bittrex,Kraken
872,01-14-2021_03-31-37,ZEC/USD,25.0,114.004,113.65,0.07762885512789007,-0.04937114487210993,0.127,False,Bittrex,Kraken
873,01-14-2021_03-31-47,ZEC/USD,25.0,113.998,113.57,0.09386129581220976,-0.03313870418779025,0.127,False,Bittrex,Kraken
874,01-14-2021_03-32-00,ZEC/USD,25.0,113.981,113.57,0.09014660338126561,-0.036853396618734394,0.127,False,Bittrex,Kraken
875,01-14-2021_03-32-12,ZEC/USD,25.0,113.972,113.59,0.08379251044115897,-0.04320748955884103,0.127,False,Bittrex,Kraken
876,01-14-2021_03-32-24,ZEC/USD,25.0,113.959,113.61,0.07656262339964455,-0.05043737660035545,0.127,False,Bittrex,Kraken
877,01-14-2021_03-32-37,ZEC/USD,25.0,113.959,113.67,0.06339999473494885,-0.06360000526505115,0.127,False,Bittrex,Kraken
878,01-14-2021_03-32-49,ZEC/USD,25.0,113.958,113.75,0.045630846452201335,-0.08136915354779867,0.127,False,Bittrex,Kraken
879,01-14-2021_03-33-00,ZEC/USD,25.0,113.953,113.75,0.044535905153879875,-0.08246409484612013,0.127,False,Bittrex,Kraken
880,01-14-2021_03-33-13,ZEC/USD,25.0,113.944,113.72,0.04914694937864296,-0.07785305062135704,0.127,False,Bittrex,Kraken
881,01-14-2021_03-33-34,ZEC/USD,25.0,114.582,113.75,0.18152938506920668,0.05452938506920668,0.127,True,Bittrex,Kraken
882,01-14-2021_03-33-45,ZEC/USD,25.0,114.571,113.91,0.1442337066098754,0.017233706609875388,0.127,True,Bittrex,Kraken
883,01-14-2021_03-33-57,ZEC/USD,25.0,114.563,113.91,0.14249801419306535,0.015498014193065346,0.127,True,Bittrex,Kraken
884,01-14-2021_03-34-08,ZEC/USD,25.0,114.554,113.91,0.14054507044712655,0.01354507044712655,0.127,True,Bittrex,Kraken
885,01-14-2021_03-34-20,ZEC/USD,25.0,114.547,113.91,0.13902590203148063,0.012025902031480629,0.127,True,Bittrex,Kraken
886,01-14-2021_03-34-31,ZEC/USD,25.0,114.539,113.91,0.13728948218510834,0.010289482185108334,0.127,True,Bittrex,Kraken
887,01-14-2021_03-34-43,ZEC/USD,25.0,114.525,113.91,0.13425016371971382,0.00725016371971382,0.127,False,Bittrex,Kraken
888,01-14-2021_03-34-55,ZEC/USD,25.0,114.515,113.88,0.13862812731956625,0.01162812731956625,0.127,True,Bittrex,Kraken
889,01-14-2021_03-35-08,ZEC/USD,25.0,114.503,113.89,0.13383928805358802,-0.04816071194641197,0.182,False,Bittrex,Coinbase Pro
890,01-14-2021_03-35-20,ZEC/USD,25.0,114.492,113.87,0.13581734968382067,0.008817349683820669,0.127,False,Bittrex,Kraken
891,01-14-2021_03-35-32,ZEC/USD,25.0,114.483,113.93,0.12076028755360999,-0.006239712446390017,0.127,False,Bittrex,Kraken
892,01-14-2021_03-35-55,ZEC/USD,25.0,114.466,113.93,0.11706532944280118,-0.009934670557198821,0.127,False,Bittrex,Kraken
893,01-14-2021_03-36-07,ZEC/USD,25.0,114.453,114.22,0.050894253536387005,-0.131105746463613,0.182,False,Bittrex,Coinbase Pro
894,01-14-2021_03-36-31,ZEC/USD,25.0,114.425,114.22,0.04478916320734068,-0.13721083679265933,0.182,False,Bittrex,Coinbase Pro
895,01-14-2021_03-36-42,ZEC/USD,25.0,114.419,114.22,0.0434805408192691,-0.1385194591807309,0.182,False,Bittrex,Coinbase Pro
896,01-14-2021_03-36-53,ZEC/USD,25.0,114.412,114.26,0.033213299304269,-0.148786700695731,0.182,False,Bittrex,Coinbase Pro
897,01-14-2021_03-37-04,ZEC/USD,25.0,114.76,114.3,0.10020913210177936,0.015209132101779349,0.085,True,Binance US,Kraken
898,01-14-2021_03-37-16,ZEC/USD,25.0,114.7,114.29,0.08936355710549183,0.004363557105491828,0.085,False,Binance US,Kraken
899,01-14-2021_03-37-39,ZEC/USD,25.0,114.42,114.17,0.054623317601817864,-0.04037668239818214,0.095,False,Binance US,Kraken
900,01-14-2021_03-37-51,ZEC/USD,25.0,114.411,114.27,0.03080997456538387,-0.09619002543461613,0.127,False,Bittrex,Kraken
901,01-14-2021_03-38-13,ZEC/USD,25.0,114.4,114.18,0.04807692307692282,-0.07892307692307718,0.127,False,Bittrex,Kraken
902,01-14-2021_03-38-24,ZEC/USD,25.0,114.393,114.19,0.04436460272918862,-0.13763539727081137,0.182,False,Bittrex,Coinbase Pro
903,01-14-2021_03-38-36,ZEC/USD,25.0,114.385,114.2,0.04043362328976751,-0.08656637671023248,0.127,False,Bittrex,Kraken
904,01-14-2021_03-38-48,ZEC/USD,25.0,114.376,114.07,0.06688466111771953,-0.060115338882280475,0.127,False,Bittrex,Kraken
905,01-14-2021_03-39-11,ZEC/USD,25.0,114.363,114.09,0.05967839248707977,-0.06732160751292024,0.127,False,Bittrex,Kraken
906,01-14-2021_03-39-22,ZEC/USD,25.0,114.357,114.14,0.04743915982405947,-0.07956084017594053,0.127,False,Bittrex,Kraken
907,01-14-2021_03-39-33,ZEC/USD,25.0,114.47,114.14,0.0720712850528519,-0.012928714947148104,0.085,False,Binance US,Kraken
908,01-14-2021_03-39-45,ZEC/USD,25.0,114.339,114.14,0.04351096301349453,-0.08348903698650548,0.127,False,Bittrex,Kraken
909,01-14-2021_03-39-56,ZEC/USD,25.0,114.332,114.14,0.041982996886259547,-0.08501700311374046,0.127,False,Bittrex,Kraken
910,01-14-2021_03-40-06,ZEC/USD,25.0,114.324,114.14,0.040236520765542995,-0.08676347923445701,0.127,False,Bittrex,Kraken
911,01-14-2021_03-40-16,ZEC/USD,25.0,114.317,114.11,0.04526885765021687,-0.08173114234978313,0.127,False,Bittrex,Kraken
912,01-14-2021_03-40-39,ZEC/USD,25.0,114.31,114.14,0.03717959933514166,-0.05782040066485834,0.095,False,Binance US,Kraken
913,01-14-2021_03-40-51,ZEC/USD,25.0,114.978,114.14,0.18220877037346142,0.05520877037346142,0.127,True,Bittrex,Kraken
914,01-14-2021_03-41-01,ZEC/USD,25.0,114.965,114.14,0.1794024268255562,0.05240242682555621,0.127,True,Bittrex,Kraken
915,01-14-2021_03-41-15,ZEC/USD,25.0,114.956,114.14,0.17745920178155172,0.05045920178155172,0.127,True,Bittrex,Kraken
916,01-14-2021_03-41-38,ZEC/USD,25.0,114.94,114.67,0.05872629197842266,-0.06827370802157734,0.127,False,Bittrex,Kraken
917,01-14-2021_03-41-50,ZEC/USD,25.0,114.935,114.6,0.07286727280637054,-0.054132727193629465,0.127,False,Bittrex,Kraken
918,01-14-2021_03-42-01,ZEC/USD,25.0,114.925,114.61,0.06852294974983636,-0.05847705025016364,0.127,False,Bittrex,Kraken
919,01-14-2021_03-42-12,ZEC/USD,25.0,114.915,114.59,0.07070443371187461,-0.05629556628812539,0.127,False,Bittrex,Kraken
920,01-14-2021_03-42-33,ZEC/USD,25.0,114.898,114.54,0.07789517659140931,-0.049104823408590695,0.127,False,Bittrex,Kraken
921,01-14-2021_03-42-43,ZEC/USD,25.0,114.889,114.47,0.09117496017895467,-0.03582503982104533,0.127,False,Bittrex,Kraken
922,01-14-2021_03-42-54,ZEC/USD,25.0,114.877,114.47,0.08857299546471367,-0.03842700453528633,0.127,False,Bittrex,Kraken
923,01-14-2021_03-43-05,ZEC/USD,25.0,114.865,114.53,0.0729116789274352,-0.054088321072564796,0.127,False,Bittrex,Kraken
924,01-14-2021_03-43-16,ZEC/USD,25.0,114.854,114.53,0.07052431782959193,-0.056475682170408076,0.127,False,Bittrex,Kraken
925,01-14-2021_03-43-27,ZEC/USD,25.0,114.845,114.53,0.06857068222386646,-0.05842931777613354,0.127,False,Bittrex,Kraken
926,01-14-2021_03-43-39,ZEC/USD,25.0,114.837,114.53,0.06683386016701981,-0.06016613983298019,0.127,False,Bittrex,Kraken
927,01-14-2021_03-43-49,ZEC/USD,25.0,114.837,114.53,0.06683386016701981,-0.06016613983298019,0.127,False,Bittrex,Kraken
928,01-14-2021_03-43-59,ZEC/USD,25.0,114.837,114.53,0.06683386016701981,-0.06016613983298019,0.127,False,Bittrex,Kraken
929,01-14-2021_03-44-10,ZEC/USD,25.0,114.832,114.53,0.065748223491708,-0.061251776508292,0.127,False,Bittrex,Kraken
930,01-14-2021_03-44-20,ZEC/USD,25.0,114.825,114.53,0.06422817330720698,-0.06277182669279302,0.127,False,Bittrex,Kraken
931,01-14-2021_03-44-31,ZEC/USD,25.0,114.82,114.47,0.07620623584741211,-0.05079376415258789,0.127,False,Bittrex,Kraken
932,01-14-2021_03-44-43,ZEC/USD,25.0,114.819,114.43,0.0846985255053597,-0.042301474494640307,0.127,False,Bittrex,Kraken
933,01-14-2021_03-44-53,ZEC/USD,25.0,114.811,114.41,0.08731741732064228,-0.03968258267935772,0.127,False,Bittrex,Kraken
934,01-14-2021_03-45-04,ZEC/USD,25.0,114.801,114.43,0.0807919791639435,-0.046208020836056504,0.127,False,Bittrex,Kraken
935,01-14-2021_03-45-15,ZEC/USD,25.0,114.793,114.53,0.057277011664475456,-0.06972298833552454,0.127,False,Bittrex,Kraken
936,01-14-2021_03-45-24,ZEC/USD,25.0,114.784,114.53,0.05532129913576911,-0.0716787008642309,0.127,False,Bittrex,Kraken
937,01-14-2021_03-45-34,ZEC/USD,25.0,114.78,114.53,0.054451995121101236,-0.07254800487889876,0.127,False,Bittrex,Kraken
938,01-14-2021_03-45-44,ZEC/USD,25.0,114.773,114.42,0.07689090639784497,-0.05010909360215503,0.127,False,Bittrex,Kraken
939,01-14-2021_03-45-55,ZEC/USD,25.0,114.764,114.4,0.07929315813321036,-0.04770684186678964,0.127,False,Bittrex,Kraken
940,01-14-2021_03-46-06,ZEC/USD,25.0,114.758,114.51,0.05402673451959568,-0.07297326548040432,0.127,False,Bittrex,Kraken
941,01-14-2021_03-46-17,ZEC/USD,25.0,114.751,114.49,0.056862249566454734,-0.07013775043354527,0.127,False,Bittrex,Kraken
942,01-14-2021_03-46-28,ZEC/USD,25.0,114.746,114.53,0.047060463981313944,-0.07993953601868606,0.127,False,Bittrex,Kraken
943,01-14-2021_03-46-39,ZEC/USD,25.0,115.299,114.52,0.1689086635616984,0.041908663561698395,0.127,True,Bittrex,Kraken
944,01-14-2021_03-46-51,ZEC/USD,25.0,115.285,114.53,0.16372468230905918,0.036724682309059176,0.127,True,Bittrex,Kraken
945,01-14-2021_03-47-03,ZEC/USD,25.0,115.272,114.53,0.16092372822541562,0.03392372822541562,0.127,True,Bittrex,Kraken
946,01-14-2021_03-47-15,ZEC/USD,25.0,115.263,114.47,0.1719979525086121,0.044997952508612105,0.127,True,Bittrex,Kraken
947,01-14-2021_03-47-27,ZEC/USD,25.0,115.253,114.51,0.1611671713534561,0.034167171353456094,0.127,True,Bittrex,Kraken
948,01-14-2021_03-47-40,ZEC/USD,25.0,115.242,114.45,0.17181236007705558,0.04481236007705558,0.127,True,Bittrex,Kraken
949,01-14-2021_03-47-51,ZEC/USD,25.0,115.233,114.46,0.16770369598986626,0.040703695989866256,0.127,True,Bittrex,Kraken
950,01-14-2021_03-48-14,ZEC/USD,25.0,115.06,114.27,0.17164957413523516,0.044649574135235154,0.127,True,Bittrex,Kraken
951,01-14-2021_03-48-24,ZEC/USD,25.0,114.928,114.1,0.1801127662536551,0.0531127662536551,0.127,True,Bittrex,Kraken
952,01-14-2021_03-48-36,ZEC/USD,25.0,114.914,114.14,0.16838679360217226,0.04138679360217226,0.127,True,Bittrex,Kraken
953,01-14-2021_03-48-47,ZEC/USD,25.0,114.903,114.14,0.16600959069824225,0.03900959069824225,0.127,True,Bittrex,Kraken
954,01-14-2021_03-49-01,ZEC/USD,25.0,114.888,114.1,0.17147134600654787,-0.010528653993452125,0.182,False,Bittrex,Coinbase Pro
955,01-14-2021_03-49-12,ZEC/USD,25.0,114.705,113.94,0.16673205178501385,0.03973205178501385,0.127,True,Bittrex,Kraken
956,01-14-2021_03-49-25,ZEC/USD,25.0,114.689,113.82,0.18942531541821792,0.062425315418217914,0.127,True,Bittrex,Kraken
957,01-14-2021_03-49-36,ZEC/USD,25.0,114.679,113.87,0.17636184480157602,0.049361844801576016,0.127,True,Bittrex,Kraken
958,01-14-2021_03-49-47,ZEC/USD,25.0,114.67,113.9,0.1678730269468902,-0.014126973053109781,0.182,False,Bittrex,Coinbase Pro
959,01-14-2021_03-49-58,ZEC/USD,25.0,114.653,113.83,0.17945452801060754,0.05245452801060754,0.127,True,Bittrex,Kraken
960,01-14-2021_03-50-11,ZEC/USD,25.0,114.584,113.76,0.17978077218459776,0.05278077218459776,0.127,True,Bittrex,Kraken
961,01-14-2021_03-50-35,ZEC/USD,25.0,114.567,113.81,0.16518718304572672,0.038187183045726714,0.127,True,Bittrex,Kraken
962,01-14-2021_03-50-46,ZEC/USD,25.0,114.561,113.81,0.1638864884210169,0.03688648842101691,0.127,True,Bittrex,Kraken
963,01-14-2021_03-50-59,ZEC/USD,25.0,114.547,113.81,0.16085100439120945,0.033851004391209444,0.127,True,Bittrex,Kraken
964,01-14-2021_03-51-10,ZEC/USD,25.0,114.537,113.81,0.15868234718911878,0.031682347189118776,0.127,True,Bittrex,Kraken
965,01-14-2021_03-51-21,ZEC/USD,25.0,114.529,113.81,0.15694714875708207,0.02994714875708207,0.127,True,Bittrex,Kraken
966,01-14-2021_03-51-33,ZEC/USD,25.0,114.526,113.81,0.1562963868466536,0.029296386846653588,0.127,True,Bittrex,Kraken
967,01-14-2021_03-51-44,ZEC/USD,25.0,114.53,113.81,0.15716406181786405,0.030164061817864046,0.127,True,Bittrex,Kraken
968,01-14-2021_03-51-55,ZEC/USD,25.0,114.525,113.81,0.15607945863348688,0.029079458633486877,0.127,True,Bittrex,Kraken
969,01-14-2021_03-52-07,ZEC/USD,25.0,114.525,113.81,0.15607945863348688,0.029079458633486877,0.127,True,Bittrex,Kraken
970,01-14-2021_03-52-18,ZEC/USD,25.0,114.522,113.81,0.1554286512635134,0.028428651263513405,0.127,True,Bittrex,Kraken
971,01-14-2021_03-52-29,ZEC/USD,25.0,114.522,113.81,0.1554286512635134,0.028428651263513405,0.127,True,Bittrex,Kraken
972,01-14-2021_03-52-42,ZEC/USD,25.0,114.522,113.72,0.17507553133895817,0.04807553133895817,0.127,True,Bittrex,Kraken
973,01-14-2021_03-52-54,ZEC/USD,25.0,114.522,113.75,0.1685265713138099,0.04152657131380991,0.127,True,Bittrex,Kraken
974,01-14-2021_03-53-19,ZEC/USD,25.0,114.411,113.64,0.1684715630490077,0.041471563049007704,0.127,True,Bittrex,Kraken
975,01-14-2021_03-53-33,ZEC/USD,25.0,114.401,113.73,0.1466333336247044,0.019633333624704402,0.127,True,Bittrex,Kraken
976,01-14-2021_03-53-57,ZEC/USD,25.0,114.268,113.48,0.17240172226695066,0.04540172226695066,0.127,True,Bittrex,Kraken
977,01-14-2021_03-54-08,ZEC/USD,25.0,114.258,113.55,0.15491256629732675,0.027912566297326746,0.127,True,Bittrex,Kraken
978,01-14-2021_03-54-32,ZEC/USD,25.0,114.196,113.36,0.1830186696556794,0.05601866965567939,0.127,True,Bittrex,Kraken
979,01-14-2021_03-54-58,ZEC/USD,25.0,113.96,113.28,0.14917514917514757,0.022175149175147568,0.127,True,Bittrex,Kraken
980,01-14-2021_03-55-22,ZEC/USD,25.0,113.942,113.14,0.17596671991012808,0.048966719910128076,0.127,True,Bittrex,Kraken
981,01-14-2021_03-55-35,ZEC/USD,25.0,113.93,113.23,0.15360308961643176,0.026603089616431763,0.127,True,Bittrex,Kraken
982,01-14-2021_03-55-48,ZEC/USD,25.0,113.914,113.22,0.15230788138420268,0.025307881384202674,0.127,True,Bittrex,Kraken
983,01-14-2021_03-56-13,ZEC/USD,25.0,113.9,113.21,0.151448639157158,0.024448639157158003,0.127,True,Bittrex,Kraken
984,01-14-2021_03-56-24,ZEC/USD,25.0,113.894,113.28,0.13477443939101363,0.007774439391013632,0.127,False,Bittrex,Kraken
985,01-14-2021_03-56-37,ZEC/USD,25.0,113.88,113.34,0.11854583772391818,-0.008454162276081825,0.127,False,Bittrex,Kraken
986,01-14-2021_03-57-00,ZEC/USD,25.0,113.858,113.2,0.1444782096998018,0.017478209699801794,0.127,True,Bittrex,Kraken
987,01-14-2021_03-57-26,ZEC/USD,25.0,113.832,113.06,0.16954810598074166,0.04254810598074166,0.127,True,Bittrex,Kraken
988,01-14-2021_03-57-49,ZEC/USD,25.0,113.812,113.13,0.1498084560503291,0.022808456050329107,0.127,True,Bittrex,Kraken
989,01-14-2021_03-58-13,ZEC/USD,25.0,113.796,113.05,0.16388976765440114,0.036889767654401134,0.127,True,Bittrex,Kraken
990,01-14-2021_03-58-38,ZEC/USD,25.0,113.744,113.02,0.15912927275284933,0.032129272752849325,0.127,True,Bittrex,Kraken
991,01-14-2021_03-59-01,ZEC/USD,25.0,113.732,113.05,0.14991383251855286,0.022913832518552862,0.127,True,Bittrex,Kraken
992,01-14-2021_03-59-24,ZEC/USD,25.0,113.712,113.17,0.11916068664696812,-0.007839313353031882,0.127,False,Bittrex,Kraken
993,01-14-2021_03-59-37,ZEC/USD,25.0,113.701,113.18,0.11455484120631891,-0.012445158793681091,0.127,False,Bittrex,Kraken
994,01-14-2021_03-59-59,ZEC/USD,25.0,113.686,113.33,0.07828580476048254,-0.04871419523951746,0.127,False,Bittrex,Kraken
995,01-14-2021_04-00-11,ZEC/USD,25.0,113.674,113.23,0.0976476590953082,-0.029352340904691798,0.127,False,Bittrex,Kraken
996,01-14-2021_04-00-24,ZEC/USD,25.0,113.666,113.33,0.0739007266904788,-0.0530992733095212,0.127,False,Bittrex,Kraken
997,01-14-2021_04-00-36,ZEC/USD,25.0,113.656,113.34,0.06950798901949798,-0.05749201098050202,0.127,False,Bittrex,Kraken
998,01-14-2021_04-00-46,ZEC/USD,25.0,114.18,113.34,0.18392012611665864,0.05692012611665864,0.127,True,Bittrex,Kraken
999,01-14-2021_04-00-58,ZEC/USD,25.0,114.168,113.34,0.18131175110363737,0.05431175110363737,0.127,True,Bittrex,Kraken
1000,01-14-2021_04-01-11,ZEC/USD,25.0,114.156,113.34,0.17870282770945076,0.051702827709450755,0.127,True,Bittrex,Kraken
1001,01-14-2021_04-01-24,ZEC/USD,25.0,114.142,113.3,0.18441940740481128,0.00241940740481128,0.182,False,Bittrex,Coinbase Pro
1002,01-14-2021_04-01-38,ZEC/USD,25.0,113.988,113.3,0.15089307646418973,0.023893076464189728,0.127,True,Bittrex,Kraken
1003,01-14-2021_04-01-49,ZEC/USD,25.0,113.982,113.32,0.14519836465406954,0.018198364654069543,0.127,True,Bittrex,Kraken
1004,01-14-2021_04-02-01,ZEC/USD,25.0,113.97,113.3,0.1469685004825835,0.0199685004825835,0.127,True,Bittrex,Kraken
1005,01-14-2021_04-02-12,ZEC/USD,25.0,113.962,113.29,0.14741756023937738,0.02041756023937738,0.127,True,Bittrex,Kraken
1006,01-14-2021_04-02-25,ZEC/USD,25.0,113.944,113.1,0.18517868426595702,0.0031786842659570214,0.182,False,Bittrex,Coinbase Pro
1007,01-14-2021_04-02-37,ZEC/USD,25.0,113.931,113.04,0.1955130737025022,0.0685130737025022,0.127,True,Bittrex,Kraken
1008,01-14-2021_04-02-48,ZEC/USD,25.0,113.919,113.06,0.18851113510476625,0.061511135104766246,0.127,True,Bittrex,Kraken
1009,01-14-2021_04-03-11,ZEC/USD,25.0,113.81,112.1,0.37562604340567785,0.19362604340567785,0.182,True,Bittrex,Coinbase Pro
1010,01-14-2021_04-03-24,ZEC/USD,25.0,113.548,111.92,0.3584387219501885,0.1764387219501885,0.182,True,Bittrex,Coinbase Pro
1011,01-14-2021_04-03-35,ZEC/USD,25.0,113.281,112.2,0.23856604373195922,0.11156604373195922,0.127,True,Bittrex,Kraken
1012,01-14-2021_04-03-47,ZEC/USD,25.0,113.267,112.24,0.22667679023899306,0.04467679023899307,0.182,True,Bittrex,Coinbase Pro
1013,01-14-2021_04-03-59,ZEC/USD,25.0,113.257,112.6,0.14502414861774784,0.018024148617747843,0.127,True,Bittrex,Kraken
1014,01-14-2021_04-04-22,ZEC/USD,25.0,113.234,112.55,0.15101471289541957,-0.030985287104580428,0.182,False,Bittrex,Coinbase Pro
1015,01-14-2021_04-04-34,ZEC/USD,25.0,113.224,112.57,0.14440401328340516,0.017404013283405156,0.127,True,Bittrex,Kraken
1016,01-14-2021_04-04-46,ZEC/USD,25.0,113.093,112.56,0.1178233842943421,-0.0641766157056579,0.182,False,Bittrex,Coinbase Pro
1017,01-14-2021_04-04-58,ZEC/USD,25.0,113.083,112.51,0.12667686566504102,-0.05532313433495897,0.182,False,Bittrex,Coinbase Pro
1018,01-14-2021_04-05-10,ZEC/USD,25.0,113.071,112.48,0.13067010993092704,-0.05132989006907296,0.182,False,Bittrex,Coinbase Pro
1019,01-14-2021_04-05-20,ZEC/USD,25.0,113.061,112.59,0.1041473187040632,-0.0778526812959368,0.182,False,Bittrex,Coinbase Pro
1020,01-14-2021_04-05-32,ZEC/USD,25.0,113.049,112.59,0.10150465727251085,-0.08049534272748915,0.182,False,Bittrex,Coinbase Pro
1021,01-14-2021_04-05-43,ZEC/USD,25.0,113.043,112.55,0.10902930743168732,-0.07297069256831268,0.182,False,Bittrex,Coinbase Pro
1022,01-14-2021_04-05-55,ZEC/USD,25.0,113.032,112.47,0.12430108287918414,-0.05769891712081586,0.182,False,Bittrex,Coinbase Pro
1023,01-14-2021_04-06-06,ZEC/USD,25.0,113.022,112.43,0.13094795703491327,0.003947957034913269,0.127,False,Bittrex,Kraken
1024,01-14-2021_04-06-28,ZEC/USD,25.0,113.002,112.1,0.19955399019486403,0.017553990194864033,0.182,True,Bittrex,Coinbase Pro
1025,01-14-2021_04-06-42,ZEC/USD,25.0,112.991,111.83,0.2568788664583908,0.07487886645839081,0.182,True,Bittrex,Coinbase Pro
1026,01-14-2021_04-06-53,ZEC/USD,25.0,112.984,111.69,0.28632372725341576,0.10432372725341577,0.182,True,Bittrex,Coinbase Pro
1027,01-14-2021_04-07-07,ZEC/USD,25.0,112.972,111.57,0.31025386821513323,0.12825386821513324,0.182,True,Bittrex,Coinbase Pro
1028,01-14-2021_04-07-31,ZEC/USD,25.0,112.949,111.76,0.26317187403164105,0.13617187403164105,0.127,True,Bittrex,Kraken
1029,01-14-2021_04-07-54,ZEC/USD,25.0,112.904,111.62,0.28431233614397894,0.10231233614397894,0.182,True,Bittrex,Coinbase Pro
1030,01-14-2021_04-08-07,ZEC/USD,25.0,112.892,111.67,0.2706126209120208,0.14361262091202082,0.127,True,Bittrex,Kraken
1031,01-14-2021_04-08-30,ZEC/USD,25.0,112.866,111.64,0.2715609661013944,0.1445609661013944,0.127,True,Bittrex,Kraken
1032,01-14-2021_04-08-43,ZEC/USD,25.0,112.851,111.49,0.30150375273590935,0.11950375273590935,0.182,True,Bittrex,Coinbase Pro
1033,01-14-2021_04-09-07,ZEC/USD,25.0,112.608,111.2,0.3125888036373973,0.13058880363739728,0.182,True,Bittrex,Coinbase Pro
1034,01-14-2021_04-09-19,ZEC/USD,25.0,112.594,111.1,0.33172282714887114,0.14972282714887114,0.182,True,Bittrex,Coinbase Pro
1035,01-14-2021_04-09-41,ZEC/USD,25.0,112.564,110.95,0.3584627411961174,0.17646274119611738,0.182,True,Bittrex,Coinbase Pro
1036,01-14-2021_04-09-52,ZEC/USD,25.0,112.444,111.03,0.3143787129593401,0.13237871295934012,0.182,True,Bittrex,Coinbase Pro
1037,01-14-2021_04-10-04,ZEC/USD,25.0,112.429,110.99,0.31997972053473905,0.13797972053473906,0.182,True,Bittrex,Coinbase Pro
1038,01-14-2021_04-10-18,ZEC/USD,25.0,112.411,111.02,0.309355845958137,0.12735584595813698,0.182,True,Bittrex,Coinbase Pro
1039,01-14-2021_04-10-41,ZEC/USD,25.0,112.377,111.04,0.29743630814134325,0.17043630814134325,0.127,True,Bittrex,Kraken
1040,01-14-2021_04-10-53,ZEC/USD,25.0,112.365,110.93,0.31927201530725496,0.13727201530725497,0.182,True,Bittrex,Coinbase Pro
1041,01-14-2021_04-11-05,ZEC/USD,25.0,112.28,110.95,0.2961346633416455,0.11413466334164551,0.182,True,Bittrex,Coinbase Pro
1042,01-14-2021_04-11-28,ZEC/USD,25.0,112.252,110.96,0.2877454299255251,0.1607454299255251,0.127,True,Bittrex,Kraken
1043,01-14-2021_04-11-41,ZEC/USD,25.0,112.238,110.97,0.28243553876583705,0.15543553876583704,0.127,True,Bittrex,Kraken
1044,01-14-2021_04-12-04,ZEC/USD,25.0,112.212,111.62,0.13189320215306713,0.004893202153067128,0.127,False,Bittrex,Kraken
1045,01-14-2021_04-12-16,ZEC/USD,25.0,112.203,111.77,0.09647692129444109,-0.0855230787055589,0.182,False,Bittrex,Coinbase Pro
1046,01-14-2021_04-12-27,ZEC/USD,25.0,112.193,111.88,0.0697458843243345,0.0075258843243345,0.06222,False,Bittrex,Binance US
1047,01-14-2021_04-12-38,ZEC/USD,25.0,112.181,111.88,0.06707909539048545,0.004859095390485457,0.06222,False,Bittrex,Binance US
1048,01-14-2021_04-12-50,ZEC/USD,25.0,112.18,111.88,0.0668568372258895,0.0016368372258895036,0.06522,False,Kraken,Binance US
1049,01-14-2021_04-13-01,ZEC/USD,25.0,112.763,111.88,0.19576456816509177,0.13354456816509178,0.06222,True,Bittrex,Binance US
1050,01-14-2021_04-13-23,ZEC/USD,25.0,112.197,111.88,0.07063468720197671,0.008414687201976717,0.06222,False,Bittrex,Binance US
1051,01-14-2021_04-13-34,ZEC/USD,25.0,112.752,111.88,0.19334468568185043,0.13112468568185043,0.06222,True,Bittrex,Binance US
1052,01-14-2021_04-13-46,ZEC/USD,25.0,112.18,111.88,0.0668568372258895,0.004636837225889506,0.06222,False,Bittrex,Binance US
1053,01-14-2021_04-14-09,ZEC/USD,25.0,112.177,111.88,0.0661900389562948,0.003970038956294802,0.06222,False,Bittrex,Binance US
1054,01-14-2021_04-14-21,ZEC/USD,25.0,112.177,111.88,0.0661900389562948,0.003970038956294802,0.06222,False,Bittrex,Binance US
1055,01-14-2021_04-14-44,ZEC/USD,25.0,112.165,111.88,0.06352248919003495,0.00130248919003495,0.06222,False,Bittrex,Binance US
1056,01-14-2021_04-14-57,ZEC/USD,25.0,112.18,111.88,0.0668568372258895,0.0016368372258895036,0.06522,False,Kraken,Binance US
1057,01-14-2021_04-15-08,ZEC/USD,25.0,112.162,111.88,0.06285551256218921,0.0006355125621892166,0.06222,False,Bittrex,Binance US
1058,01-14-2021_04-15-19,ZEC/USD,25.0,112.17,111.88,0.06463403762146881,-0.0005859623785311879,0.06522,False,Kraken,Binance US
1059,01-14-2021_04-15-31,ZEC/USD,25.0,112.34,111.88,0.10236781199928964,0.04014781199928964,0.06222,True,Bittrex,Binance US
1060,01-14-2021_04-15-42,ZEC/USD,25.0,112.927,111.88,0.23178690658567286,0.16956690658567286,0.06222,True,Bittrex,Binance US
1061,01-14-2021_04-15-53,ZEC/USD,25.0,112.917,111.88,0.22959341817441267,0.16737341817441267,0.06222,True,Bittrex,Binance US
1062,01-14-2021_04-16-04,ZEC/USD,25.0,112.902,111.88,0.22630245699810578,0.16408245699810578,0.06222,True,Bittrex,Binance US
1063,01-14-2021_04-16-15,ZEC/USD,25.0,112.896,111.88,0.22498582766440028,0.1627658276644003,0.06222,True,Bittrex,Binance US
1064,01-14-2021_04-16-25,ZEC/USD,25.0,112.886,111.88,0.22279113441879425,0.16057113441879425,0.06222,True,Bittrex,Binance US
1065,01-14-2021_04-16-35,ZEC/USD,25.0,112.881,111.88,0.22169364197695024,0.15947364197695024,0.06222,True,Bittrex,Binance US
1066,01-14-2021_04-16-45,ZEC/USD,25.0,112.877,111.88,0.22081557801855115,0.15859557801855115,0.06222,True,Bittrex,Binance US
1067,01-14-2021_04-16-55,ZEC/USD,25.0,112.871,111.88,0.21949836539057857,0.15727836539057857,0.06222,True,Bittrex,Binance US
1068,01-14-2021_04-17-05,ZEC/USD,25.0,112.863,111.88,0.2177418640298424,0.15552186402984242,0.06222,True,Bittrex,Binance US
1069,01-14-2021_04-17-16,ZEC/USD,25.0,112.857,111.88,0.2164243245877535,0.15420432458775352,0.06222,True,Bittrex,Binance US
1070,01-14-2021_04-17-26,ZEC/USD,25.0,112.855,111.88,0.21598511364140013,0.15376511364140014,0.06222,True,Bittrex,Binance US
1071,01-14-2021_04-17-37,ZEC/USD,25.0,112.847,111.88,0.2142281141722861,0.1520081141722861,0.06222,True,Bittrex,Binance US
1072,01-14-2021_04-17-47,ZEC/USD,25.0,112.843,111.88,0.21334952101592655,0.15112952101592655,0.06222,True,Bittrex,Binance US
1073,01-14-2021_04-17-58,ZEC/USD,25.0,112.9,111.88,0.22586359610274806,0.16064359610274806,0.06522,True,Kraken,Binance US
1074,01-14-2021_04-18-09,ZEC/USD,25.0,112.92,112.82,0.022139567835637735,-0.12786043216436227,0.15,False,Binance US,Coinbase Pro
1075,01-14-2021_04-18-18,ZEC/USD,25.0,112.99,112.82,0.03761394813700365,-0.14738605186299636,0.185,False,Kraken,Coinbase Pro
1076,01-14-2021_04-18-29,ZEC/USD,25.0,112.91,112.61,0.06642458595341359,-0.1185754140465864,0.185,False,Kraken,Coinbase Pro
1077,01-14-2021_04-18-39,ZEC/USD,25.0,112.841,112.59,0.05560922005299284,-0.12639077994700715,0.182,False,Bittrex,Coinbase Pro
1078,01-14-2021_04-18-49,ZEC/USD,25.0,112.835,112.62,0.04763592856826101,-0.13436407143173898,0.182,False,Bittrex,Coinbase Pro
1079,01-14-2021_04-18-59,ZEC/USD,25.0,112.83,112.67,0.03545156430027399,-0.09154843569972601,0.127,False,Bittrex,Kraken
1080,01-14-2021_04-19-09,ZEC/USD,25.0,112.91,112.81,0.02214152865113682,-0.07285847134886318,0.095,False,Binance US,Kraken
1081,01-14-2021_04-19-19,ZEC/USD,25.0,112.92,112.83,0.01992561105207302,-0.13007438894792697,0.15,False,Binance US,Coinbase Pro
1082,01-14-2021_04-19-30,ZEC/USD,25.0,112.9,112.836,0.014171833480958185,-0.07782816651904181,0.092,False,Binance US,Bittrex
1083,01-14-2021_04-19-40,ZEC/USD,25.0,112.9,112.849,0.011293179805137717,-0.08070682019486228,0.092,False,Binance US,Bittrex
1084,01-14-2021_04-19-50,ZEC/USD,25.0,112.92,112.849,0.015719093163300998,-0.111280906836699,0.127,False,Kraken,Bittrex
1085,01-14-2021_04-20-00,ZEC/USD,25.0,112.9,112.849,0.011293179805137717,-0.11570682019486228,0.127,False,Kraken,Bittrex
1086,01-14-2021_04-20-10,ZEC/USD,25.0,112.93,112.848,0.018152838041266238,-0.10884716195873376,0.127,False,Kraken,Bittrex
1087,01-14-2021_04-20-22,ZEC/USD,25.0,113.01,112.849,0.0356163171400764,-0.0913836828599236,0.127,False,Kraken,Bittrex
1088,01-14-2021_04-20-32,ZEC/USD,25.0,112.92,112.849,0.015719093163300998,-0.076280906836699,0.092,False,Binance US,Bittrex
1089,01-14-2021_04-20-41,ZEC/USD,25.0,113.01,112.849,0.0356163171400764,-0.0913836828599236,0.127,False,Kraken,Bittrex
1090,01-14-2021_04-20-52,ZEC/USD,25.0,112.96,112.849,0.024566218130309403,-0.1024337818696906,0.127,False,Kraken,Bittrex
1091,01-14-2021_04-21-02,ZEC/USD,25.0,113.01,112.849,0.0356163171400764,-0.0913836828599236,0.127,False,Kraken,Bittrex
1092,01-14-2021_04-21-14,ZEC/USD,25.0,112.97,112.849,0.026777020447905444,-0.10022297955209455,0.127,False,Kraken,Bittrex
1093,01-14-2021_04-21-24,ZEC/USD,25.0,112.95,112.849,0.02235502434705602,-0.10464497565294398,0.127,False,Kraken,Bittrex
1094,01-14-2021_04-21-34,ZEC/USD,25.0,112.95,112.849,0.02235502434705602,-0.10464497565294398,0.127,False,Kraken,Bittrex
1095,01-14-2021_04-21-44,ZEC/USD,25.0,112.99,112.849,0.03119745110186546,-0.15080254889813455,0.182,False,Coinbase Pro,Bittrex
1096,01-14-2021_04-21-54,ZEC/USD,25.0,112.97,112.849,0.026777020447905444,-0.10022297955209455,0.127,False,Kraken,Bittrex
1097,01-14-2021_04-22-06,ZEC/USD,25.0,112.92,112.848,0.015940488841658416,-0.11105951115834159,0.127,False,Kraken,Bittrex
1098,01-14-2021_04-22-16,ZEC/USD,25.0,112.92,112.8,0.026567481402764024,-0.12343251859723597,0.15,False,Binance US,Coinbase Pro
1099,01-14-2021_04-22-28,ZEC/USD,25.0,112.92,112.78,0.030995394969890313,-0.11900460503010968,0.15,False,Binance US,Coinbase Pro
1100,01-14-2021_04-22-39,ZEC/USD,25.0,112.92,112.77,0.03320935175345503,-0.11679064824654496,0.15,False,Binance US,Coinbase Pro
1101,01-14-2021_04-22-50,ZEC/USD,25.0,112.92,112.75,0.03763726532058132,-0.11236273467941868,0.15,False,Binance US,Coinbase Pro
1102,01-14-2021_04-23-02,ZEC/USD,25.0,112.92,112.8,0.026567481402764024,-0.12343251859723597,0.15,False,Binance US,Coinbase Pro
1103,01-14-2021_04-23-12,ZEC/USD,25.0,112.92,112.77,0.03320935175345503,-0.11679064824654496,0.15,False,Binance US,Coinbase Pro
1104,01-14-2021_04-23-22,ZEC/USD,25.0,112.92,112.75,0.03763726532058132,-0.11236273467941868,0.15,False,Binance US,Coinbase Pro
1105,01-14-2021_04-23-33,ZEC/USD,25.0,112.86,112.76,0.022151337940810364,-0.12784866205918963,0.15,False,Binance US,Coinbase Pro
1106,01-14-2021_04-23-43,ZEC/USD,25.0,112.86,112.75,0.02436647173489266,-0.12563352826510732,0.15,False,Binance US,Coinbase Pro
1107,01-14-2021_04-23-54,ZEC/USD,25.0,112.86,112.83,0.006645401382243739,-0.14335459861775626,0.15,False,Binance US,Coinbase Pro
1108,01-14-2021_04-24-05,ZEC/USD,25.0,112.92,112.849,0.015719093163300998,-0.076280906836699,0.092,False,Binance US,Bittrex
1109,01-14-2021_04-24-16,ZEC/USD,25.0,112.92,112.83,0.01992561105207302,-0.13007438894792697,0.15,False,Binance US,Coinbase Pro
1110,01-14-2021_04-24-27,ZEC/USD,25.0,112.92,112.81,0.024353524619199308,-0.12564647538080068,0.15,False,Binance US,Coinbase Pro
1111,01-14-2021_04-24-39,ZEC/USD,25.0,112.92,112.849,0.015719093163300998,-0.076280906836699,0.092,False,Binance US,Bittrex
1112,01-14-2021_04-24-49,ZEC/USD,25.0,112.92,112.849,0.015719093163300998,-0.076280906836699,0.092,False,Binance US,Bittrex
1113,01-14-2021_04-24-59,ZEC/USD,25.0,112.91,112.77,0.030998140111593433,-0.11900185988840656,0.15,False,Binance US,Coinbase Pro
1114,01-14-2021_04-25-10,ZEC/USD,25.0,112.86,112.76,0.022151337940810364,-0.07284866205918963,0.095,False,Binance US,Kraken
1115,01-14-2021_04-25-20,ZEC/USD,25.0,112.86,112.75,0.02436647173489266,-0.07063352826510734,0.095,False,Binance US,Kraken
1116,01-14-2021_04-25-31,ZEC/USD,25.0,112.88,112.849,0.006865698086461663,-0.12013430191353834,0.127,False,Kraken,Bittrex
1117,01-14-2021_04-25-40,ZEC/USD,25.0,112.88,112.83,0.011073706591069534,-0.17392629340893045,0.185,False,Kraken,Coinbase Pro
1118,01-14-2021_04-25-51,ZEC/USD,25.0,112.88,112.83,0.011073706591069534,-0.17392629340893045,0.185,False,Kraken,Coinbase Pro
1119,01-14-2021_04-26-03,ZEC/USD,25.0,112.92,112.848,0.015940488841658416,-0.07605951115834159,0.092,False,Binance US,Bittrex
1120,01-14-2021_04-26-13,ZEC/USD,25.0,112.88,112.72,0.03543586109142377,-0.11456413890857622,0.15,False,Binance US,Coinbase Pro
1121,01-14-2021_04-26-23,ZEC/USD,25.0,112.87,112.76,0.024364312926375347,-0.11563568707362464,0.13999999999999999,False,Binance US,Coinbase Pro
1122,01-14-2021_04-26-33,ZEC/USD,25.0,112.86,112.72,0.0310118731171364,-0.11898812688286359,0.15,False,Binance US,Coinbase Pro
1123,01-14-2021_04-26-43,ZEC/USD,25.0,112.84,112.7,0.031017369727047273,-0.11898263027295272,0.15,False,Binance US,Coinbase Pro
1124,01-14-2021_04-26-54,ZEC/USD,25.0,112.87,112.827,0.009524231416675459,-0.11747576858332454,0.127,False,Kraken,Bittrex
1125,01-14-2021_04-27-04,ZEC/USD,25.0,112.92,112.83,0.01992561105207302,-0.13007438894792697,0.15,False,Binance US,Coinbase Pro
1126,01-14-2021_04-27-15,ZEC/USD,25.0,112.9,112.75,0.03321523472099329,-0.1167847652790067,0.15,False,Binance US,Coinbase Pro
1127,01-14-2021_04-27-25,ZEC/USD,25.0,112.84,112.73,0.02437079049982263,-0.12562920950017736,0.15,False,Binance US,Coinbase Pro
1128,01-14-2021_04-27-35,ZEC/USD,25.0,112.834,112.74,0.020827055674709816,-0.16117294432529017,0.182,False,Bittrex,Coinbase Pro
1129,01-14-2021_04-27-45,ZEC/USD,25.0,112.83,112.73,0.02215722768767046,-0.11784277231232952,0.13999999999999999,False,Binance US,Coinbase Pro
1130,01-14-2021_04-27-56,ZEC/USD,25.0,112.825,112.77,0.012187015289166147,-0.16981298471083384,0.182,False,Bittrex,Coinbase Pro
1131,01-14-2021_04-28-06,ZEC/USD,25.0,112.822,112.76,0.013738455265816421,-0.11326154473418358,0.127,False,Bittrex,Kraken
1132,01-14-2021_04-28-17,ZEC/USD,25.0,112.93,112.79,0.03099265031435415,-0.06400734968564585,0.095,False,Binance US,Kraken
1133,01-14-2021_04-28-27,ZEC/USD,25.0,112.91,112.73,0.039854751572046904,-0.11014524842795309,0.15,False,Binance US,Coinbase Pro
1134,01-14-2021_04-28-38,ZEC/USD,25.0,112.84,112.72,0.026586316908898563,-0.12341368309110143,0.15,False,Binance US,Coinbase Pro
1135,01-14-2021_04-28-49,ZEC/USD,25.0,112.835,112.73,0.023264058137986834,-0.10373594186201317,0.127,False,Bittrex,Kraken
1136,01-14-2021_04-29-00,ZEC/USD,25.0,112.828,112.67,0.0350090403091434,-0.0919909596908566,0.127,False,Bittrex,Kraken
1137,01-14-2021_04-29-11,ZEC/USD,25.0,112.82,112.65,0.037670625775568935,-0.14432937422443107,0.182,False,Bittrex,Coinbase Pro
1138,01-14-2021_04-29-22,ZEC/USD,25.0,112.85,112.7,0.03322995126273626,-0.05177004873726375,0.085,False,Binance US,Kraken
1139,01-14-2021_04-29-33,ZEC/USD,25.0,112.846,112.7,0.03234496570547489,-0.09465503429452511,0.127,False,Bittrex,Kraken
1140,01-14-2021_04-29-44,ZEC/USD,25.0,112.841,112.7,0.03123864552777606,-0.09576135447222395,0.127,False,Bittrex,Kraken
1141,01-14-2021_04-29-56,ZEC/USD,25.0,112.835,112.7,0.02991093189169826,-0.09708906810830174,0.127,False,Bittrex,Kraken
1142,01-14-2021_04-30-07,ZEC/USD,25.0,112.828,112.7,0.028361754174495716,-0.09863824582550429,0.127,False,Bittrex,Kraken
1143,01-14-2021_04-30-18,ZEC/USD,25.0,113.01,112.7,0.06857800194673087,-0.026421998053269127,0.095,False,Binance US,Kraken
1144,01-14-2021_04-30-29,ZEC/USD,25.0,113.01,112.79,0.04866825944606647,-0.046331740553933534,0.095,False,Binance US,Kraken
1145,01-14-2021_04-30-39,ZEC/USD,25.0,112.99,112.79,0.044251703690589575,-0.050748296309410426,0.095,False,Binance US,Kraken
1146,01-14-2021_04-30-50,ZEC/USD,25.0,112.99,112.79,0.044251703690589575,-0.050748296309410426,0.095,False,Binance US,Kraken
1147,01-14-2021_04-31-02,ZEC/USD,25.0,112.99,112.79,0.044251703690589575,-0.050748296309410426,0.095,False,Binance US,Kraken
1148,01-14-2021_04-31-12,ZEC/USD,25.0,113.11,112.79,0.0707276102908658,-0.0242723897091342,0.095,False,Binance US,Kraken
1149,01-14-2021_04-31-22,ZEC/USD,25.0,113.19,112.849,0.07531584062196174,-0.006684159378038262,0.082,False,Binance US,Bittrex
1150,01-14-2021_04-31-32,ZEC/USD,25.0,113.13,112.849,0.06209670290815692,-0.029903297091843077,0.092,False,Binance US,Bittrex
1151,01-14-2021_04-31-42,ZEC/USD,25.0,113.15,112.849,0.06650463985859521,-0.025495360141404785,0.092,False,Binance US,Bittrex
1152,01-14-2021_04-31-52,ZEC/USD,25.0,113.22,112.849,0.08192015544956614,-0.010079844550433856,0.092,False,Binance US,Bittrex
1153,01-14-2021_04-32-03,ZEC/USD,25.0,113.22,112.849,0.08192015544956614,-0.010079844550433856,0.092,False,Binance US,Bittrex
1154,01-14-2021_04-32-15,ZEC/USD,25.0,113.22,112.849,0.08192015544956614,-0.010079844550433856,0.092,False,Binance US,Bittrex
1155,01-14-2021_04-32-27,ZEC/USD,25.0,113.22,112.849,0.08192015544956614,-0.010079844550433856,0.092,False,Binance US,Bittrex
1156,01-14-2021_04-32-38,ZEC/USD,25.0,113.33,113.12,0.046324891908584166,-0.048675108091415835,0.095,False,Binance US,Kraken
1157,01-14-2021_04-32-48,ZEC/USD,25.0,113.33,113.12,0.046324891908584166,-0.048675108091415835,0.095,False,Binance US,Kraken
1158,01-14-2021_04-32-59,ZEC/USD,25.0,113.268,113.11,0.03487304446092481,-0.14712695553907518,0.182,False,Bittrex,Coinbase Pro
1159,01-14-2021_04-33-10,ZEC/USD,25.0,113.262,113.05,0.04679415867634407,-0.13520584132365593,0.182,False,Bittrex,Coinbase Pro
1160,01-14-2021_04-33-20,ZEC/USD,25.0,113.254,113.05,0.04503152206544752,-0.13696847793455247,0.182,False,Bittrex,Coinbase Pro
1161,01-14-2021_04-33-33,ZEC/USD,25.0,113.249,113.09,0.0350996476790064,-0.1469003523209936,0.182,False,Bittrex,Coinbase Pro
1162,01-14-2021_04-33-43,ZEC/USD,25.0,113.241,113.09,0.033335982550488835,-0.14866401744951116,0.182,False,Bittrex,Coinbase Pro
1163,01-14-2021_04-33-54,ZEC/USD,25.0,113.236,113.07,0.036649122187292694,-0.1453508778127073,0.182,False,Bittrex,Coinbase Pro
1164,01-14-2021_04-34-04,ZEC/USD,25.0,113.23,113.09,0.030910536077011518,-0.11908946392298847,0.15,False,Binance US,Coinbase Pro
1165,01-14-2021_04-34-14,ZEC/USD,25.0,113.23,113.09,0.030910536077011518,-0.11908946392298847,0.15,False,Binance US,Coinbase Pro
1166,01-14-2021_04-34-25,ZEC/USD,25.0,113.23,113.09,0.030910536077011518,-0.11908946392298847,0.15,False,Binance US,Coinbase Pro
1167,01-14-2021_04-34-36,ZEC/USD,25.0,113.23,113.08,0.033118431511084886,-0.11688156848891511,0.15,False,Binance US,Coinbase Pro
1168,01-14-2021_04-34-47,ZEC/USD,25.0,113.201,113.01,0.04218160616955422,-0.13981839383044578,0.182,False,Bittrex,Coinbase Pro
1169,01-14-2021_04-34-58,ZEC/USD,25.0,113.192,112.97,0.04903173369142568,-0.1329682663085743,0.182,False,Bittrex,Coinbase Pro
1170,01-14-2021_04-35-09,ZEC/USD,25.0,113.185,112.96,0.04969739806511651,-0.13230260193488347,0.182,False,Bittrex,Coinbase Pro
1171,01-14-2021_04-35-19,ZEC/USD,25.0,113.181,113.07,0.024518249529515604,-0.1574817504704844,0.182,False,Bittrex,Coinbase Pro
1172,01-14-2021_04-35-30,ZEC/USD,25.0,113.175,113.03,0.032030041970398944,-0.14996995802960106,0.182,False,Bittrex,Coinbase Pro
1173,01-14-2021_04-35-40,ZEC/USD,25.0,113.166,112.98,0.04109008005938021,-0.1409099199406198,0.182,False,Bittrex,Coinbase Pro
1174,01-14-2021_04-35-50,ZEC/USD,25.0,113.16,113.08,0.017674089784375728,-0.16432591021562426,0.182,False,Bittrex,Coinbase Pro
1175,01-14-2021_04-36-00,ZEC/USD,25.0,113.24,113.09,0.03311550688802355,-0.11688449311197643,0.15,False,Binance US,Coinbase Pro
1176,01-14-2021_04-36-09,ZEC/USD,25.0,113.24,113.09,0.03311550688802355,-0.11688449311197643,0.15,False,Binance US,Coinbase Pro
1177,01-14-2021_04-36-20,ZEC/USD,25.0,113.573,113.12,0.09971560141934896,-0.027284398580651043,0.127,False,Bittrex,Kraken
1178,01-14-2021_04-36-31,ZEC/USD,25.0,113.571,113.12,0.09927710419032883,-0.027722895809671175,0.127,False,Bittrex,Kraken
1179,01-14-2021_04-36-41,ZEC/USD,25.0,113.571,113.12,0.09927710419032883,-0.027722895809671175,0.127,False,Bittrex,Kraken
1180,01-14-2021_04-36-52,ZEC/USD,25.0,113.571,113.12,0.09927710419032883,-0.027722895809671175,0.127,False,Bittrex,Kraken
1181,01-14-2021_04-37-02,ZEC/USD,25.0,113.571,113.12,0.09927710419032883,-0.027722895809671175,0.127,False,Bittrex,Kraken
1182,01-14-2021_04-37-13,ZEC/USD,25.0,113.571,113.05,0.1146859673684305,-0.0673140326315695,0.182,False,Bittrex,Coinbase Pro
1183,01-14-2021_04-37-22,ZEC/USD,25.0,113.571,113.01,0.12349103204162877,-0.0035089679583712313,0.127,False,Bittrex,Kraken
1184,01-14-2021_04-37-32,ZEC/USD,25.0,113.571,112.97,0.13229609671483017,-0.049703903285169826,0.182,False,Bittrex,Coinbase Pro
1185,01-14-2021_04-37-41,ZEC/USD,25.0,113.571,113.01,0.12349103204162877,-0.058508967958371225,0.182,False,Bittrex,Coinbase Pro
1186,01-14-2021_04-37-52,ZEC/USD,25.0,113.571,112.94,0.13889989521973045,-0.043100104780269544,0.182,False,Bittrex,Coinbase Pro
1187,01-14-2021_04-38-02,ZEC/USD,25.0,113.08,112.85,0.05084895649098072,-0.09915104350901927,0.15,False,Binance US,Coinbase Pro
1188,01-14-2021_04-38-14,ZEC/USD,25.0,113.579,113.01,0.12524322277885622,-0.05675677722114378,0.182,False,Bittrex,Coinbase Pro
1189,01-14-2021_04-38-24,ZEC/USD,25.0,113.57,113.0,0.12547327639341227,-0.056526723606587725,0.182,False,Bittrex,Coinbase Pro
1190,01-14-2021_04-38-34,ZEC/USD,25.0,113.01,112.78,0.05088045305725245,-0.09911954694274755,0.15,False,Binance US,Coinbase Pro
1191,01-14-2021_04-38-44,ZEC/USD,25.0,113.552,112.91,0.1413449344793597,-0.0406550655206403,0.182,False,Bittrex,Coinbase Pro
1192,01-14-2021_04-38-55,ZEC/USD,25.0,112.99,112.835,0.03429507036020912,-0.057704929639790875,0.092,False,Binance US,Bittrex
1193,01-14-2021_04-39-05,ZEC/USD,25.0,113.536,112.89,0.14224563134160106,-0.03975436865839893,0.182,False,Bittrex,Coinbase Pro
1194,01-14-2021_04-39-15,ZEC/USD,25.0,112.99,112.74,0.055314629613240116,-0.09468537038675988,0.15,False,Binance US,Coinbase Pro
1195,01-14-2021_04-39-26,ZEC/USD,25.0,112.99,112.77,0.04867687405965105,-0.10132312594034895,0.15,False,Binance US,Coinbase Pro
1196,01-14-2021_04-39-37,ZEC/USD,25.0,112.99,112.74,0.055314629613240116,-0.09468537038675988,0.15,False,Binance US,Coinbase Pro
1197,01-14-2021_04-39-48,ZEC/USD,25.0,112.99,112.72,0.05973979998229845,-0.09026020001770155,0.15,False,Binance US,Coinbase Pro
1198,01-14-2021_04-39-57,ZEC/USD,25.0,112.827,112.62,0.045866680847668026,-0.13613331915233196,0.182,False,Bittrex,Coinbase Pro
1199,01-14-2021_04-40-06,ZEC/USD,25.0,112.87,112.76,0.024364312926375347,-0.16063568707362466,0.185,False,Kraken,Coinbase Pro
1200,01-14-2021_04-40-16,ZEC/USD,25.0,112.87,112.76,0.024364312926375347,-0.11563568707362464,0.13999999999999999,False,Binance US,Coinbase Pro
1201,01-14-2021_04-40-26,ZEC/USD,25.0,112.87,112.77,0.022149375387615956,-0.16285062461238403,0.185,False,Kraken,Coinbase Pro
1202,01-14-2021_04-40-37,ZEC/USD,25.0,112.827,112.65,0.0392193357972809,-0.1427806642027191,0.182,False,Bittrex,Coinbase Pro
1203,01-14-2021_04-40-46,ZEC/USD,25.0,112.824,112.68,0.03190810465858134,-0.15009189534141865,0.182,False,Bittrex,Coinbase Pro
1204,01-14-2021_04-40-56,ZEC/USD,25.0,112.818,112.67,0.03279618500593791,-0.1492038149940621,0.182,False,Bittrex,Coinbase Pro
1205,01-14-2021_04-41-06,ZEC/USD,25.0,113.522,112.96,0.12376455664981496,-0.0032354433501850383,0.127,False,Bittrex,Kraken
1206,01-14-2021_04-41-18,ZEC/USD,25.0,113.509,113.03,0.1054982424301155,-0.07650175756988449,0.182,False,Bittrex,Coinbase Pro
1207,01-14-2021_04-41-28,ZEC/USD,25.0,113.496,112.92,0.12687671812222312,-0.055123281877776875,0.182,False,Bittrex,Coinbase Pro
1208,01-14-2021_04-41-38,ZEC/USD,25.0,113.488,112.94,0.12071760891019355,-0.061282391089806446,0.182,False,Bittrex,Coinbase Pro
1209,01-14-2021_04-41-48,ZEC/USD,25.0,113.478,113.02,0.10090061509719911,-0.08109938490280089,0.182,False,Bittrex,Coinbase Pro
1210,01-14-2021_04-41-59,ZEC/USD,25.0,113.466,113.0,0.10267392875398666,-0.07932607124601333,0.182,False,Bittrex,Coinbase Pro
1211,01-14-2021_04-42-10,ZEC/USD,25.0,113.45,113.04,0.09034817100043997,-0.09165182899956002,0.182,False,Bittrex,Coinbase Pro
1212,01-14-2021_04-42-21,ZEC/USD,25.0,113.441,113.04,0.08837192902037098,-0.09362807097962901,0.182,False,Bittrex,Coinbase Pro
1213,01-14-2021_04-42-33,ZEC/USD,25.0,113.426,113.09,0.07405709449332572,-0.10794290550667428,0.182,False,Bittrex,Coinbase Pro
1214,01-14-2021_04-42-45,ZEC/USD,25.0,113.416,113.11,0.06745080059250842,-0.11454919940749157,0.182,False,Bittrex,Coinbase Pro
1215,01-14-2021_04-42-56,ZEC/USD,25.0,113.412,113.11,0.06657143864846901,-0.11542856135153098,0.182,False,Bittrex,Coinbase Pro
1216,01-14-2021_04-43-06,ZEC/USD,25.0,113.401,113.11,0.06415287343145053,-0.11784712656854947,0.182,False,Bittrex,Coinbase Pro
1217,01-14-2021_04-43-16,ZEC/USD,25.0,113.389,113.11,0.06151390346506195,-0.12048609653493805,0.182,False,Bittrex,Coinbase Pro
1218,01-14-2021_04-43-26,ZEC/USD,25.0,113.376,113.02,0.07849985887666013,-0.10350014112333987,0.182,False,Bittrex,Coinbase Pro
1219,01-14-2021_04-43-37,ZEC/USD,25.0,113.367,113.06,0.06770047721118186,-0.11429952278881814,0.182,False,Bittrex,Coinbase Pro
1220,01-14-2021_04-43-47,ZEC/USD,25.0,113.359,113.11,0.05491403417461235,-0.12708596582538764,0.182,False,Bittrex,Coinbase Pro
1221,01-14-2021_04-43-58,ZEC/USD,25.0,113.348,113.04,0.06793238522073454,-0.11406761477926546,0.182,False,Bittrex,Coinbase Pro
1222,01-14-2021_04-44-09,ZEC/USD,25.0,113.338,113.11,0.050292046798071796,-0.13170795320192819,0.182,False,Bittrex,Coinbase Pro
1223,01-14-2021_04-44-19,ZEC/USD,25.0,113.336,113.14,0.043234276840544476,-0.08376572315945552,0.127,False,Bittrex,Kraken
1224,01-14-2021_04-44-32,ZEC/USD,25.0,113.33,113.14,0.04191299744110071,-0.08508700255889928,0.127,False,Bittrex,Kraken
1225,01-14-2021_04-44-43,ZEC/USD,25.0,113.323,113.09,0.051401745453259685,-0.07559825454674032,0.127,False,Bittrex,Kraken
1226,01-14-2021_04-44-55,ZEC/USD,25.0,113.318,113.09,0.05030092306606065,-0.07669907693393935,0.127,False,Bittrex,Kraken
1227,01-14-2021_04-45-07,ZEC/USD,25.0,113.34,113.09,0.05514381506970178,-0.029856184930298228,0.085,False,Binance US,Kraken
1228,01-14-2021_04-45-18,ZEC/USD,25.0,113.911,113.16,0.16482165901449483,0.03782165901449483,0.127,True,Bittrex,Kraken
1229,01-14-2021_04-45-30,ZEC/USD,25.0,113.9,113.16,0.16242317822651647,0.03542317822651647,0.127,True,Bittrex,Kraken
1230,01-14-2021_04-45-40,ZEC/USD,25.0,113.888,113.16,0.15980612531610192,0.032806125316101914,0.127,True,Bittrex,Kraken
1231,01-14-2021_04-45-51,ZEC/USD,25.0,113.873,113.22,0.1433614640871861,0.01636146408718611,0.127,True,Bittrex,Kraken
1232,01-14-2021_04-46-00,ZEC/USD,25.0,113.863,113.22,0.1411784337317655,0.0141784337317655,0.127,True,Bittrex,Kraken
1233,01-14-2021_04-46-10,ZEC/USD,25.0,113.855,113.41,0.09771200210794594,-0.08428799789205406,0.182,False,Bittrex,Coinbase Pro
1234,01-14-2021_04-46-21,ZEC/USD,25.0,113.841,113.42,0.09245350971969507,-0.08954649028030492,0.182,False,Bittrex,Coinbase Pro
1235,01-14-2021_04-46-30,ZEC/USD,25.0,113.831,113.41,0.09246163171719622,-0.08953836828280377,0.182,False,Bittrex,Coinbase Pro
1236,01-14-2021_04-46-40,ZEC/USD,25.0,113.822,113.45,0.08170652422203087,-0.10029347577796913,0.182,False,Bittrex,Coinbase Pro
1237,01-14-2021_04-46-50,ZEC/USD,25.0,113.811,113.45,0.0792981346267066,-0.1027018653732934,0.182,False,Bittrex,Coinbase Pro
1238,01-14-2021_04-47-00,ZEC/USD,25.0,113.799,113.38,0.09204826052953258,-0.08995173947046742,0.182,False,Bittrex,Coinbase Pro
1239,01-14-2021_04-47-11,ZEC/USD,25.0,113.791,113.45,0.07491805151549638,-0.10708194848450361,0.182,False,Bittrex,Coinbase Pro
1240,01-14-2021_04-47-21,ZEC/USD,25.0,113.783,113.43,0.07755991668351037,-0.10444008331648963,0.182,False,Bittrex,Coinbase Pro
1241,01-14-2021_04-47-32,ZEC/USD,25.0,113.773,113.46,0.06877730217186907,-0.11322269782813092,0.182,False,Bittrex,Coinbase Pro
1242,01-14-2021_04-47-44,ZEC/USD,25.0,113.761,113.46,0.0661474494774136,-0.11585255052258639,0.182,False,Bittrex,Coinbase Pro
1243,01-14-2021_04-47-55,ZEC/USD,25.0,113.749,113.46,0.06351704190806105,-0.06348295809193895,0.127,False,Bittrex,Kraken
1244,01-14-2021_04-48-06,ZEC/USD,25.0,113.742,113.47,0.05978442439907984,-0.06721557560092016,0.127,False,Bittrex,Kraken
1245,01-14-2021_04-48-18,ZEC/USD,25.0,113.738,113.47,0.05890731329898554,-0.06809268670101445,0.127,False,Bittrex,Kraken
1246,01-14-2021_04-48-28,ZEC/USD,25.0,113.733,113.47,0.05781083766365198,-0.06918916233634803,0.127,False,Bittrex,Kraken
1247,01-14-2021_04-48-40,ZEC/USD,25.0,113.73,113.47,0.05715290600545263,-0.06984709399454737,0.127,False,Bittrex,Kraken
1248,01-14-2021_04-48-51,ZEC/USD,25.0,113.79,113.63,0.03515247385534994,-0.11484752614465005,0.15,False,Binance US,Coinbase Pro
1249,01-14-2021_04-49-02,ZEC/USD,25.0,114.41,113.72,0.15077353378201155,-0.03122646621798844,0.182,False,Bittrex,Coinbase Pro
1250,01-14-2021_04-49-12,ZEC/USD,25.0,114.403,113.73,0.14706782164803409,0.020067821648034084,0.127,True,Bittrex,Kraken
1251,01-14-2021_04-49-22,ZEC/USD,25.0,114.39,113.74,0.14205787219162638,-0.03994212780837361,0.182,False,Bittrex,Coinbase Pro
1252,01-14-2021_04-49-33,ZEC/USD,25.0,114.381,113.66,0.15758736153731906,-0.024412638462680936,0.182,False,Bittrex,Coinbase Pro
1253,01-14-2021_04-49-43,ZEC/USD,25.0,114.368,113.74,0.137276161163962,0.010276161163961989,0.127,True,Bittrex,Kraken
1254,01-14-2021_04-49-55,ZEC/USD,25.0,114.358,113.74,0.13510204795467068,0.008102047954670677,0.127,False,Bittrex,Kraken
1255,01-14-2021_04-50-05,ZEC/USD,25.0,114.346,113.74,0.13249261014814875,-0.04950738985185124,0.182,False,Bittrex,Coinbase Pro
1256,01-14-2021_04-50-16,ZEC/USD,25.0,114.334,113.74,0.12988262459111208,0.0028826245911120763,0.127,False,Bittrex,Kraken
1257,01-14-2021_04-50-27,ZEC/USD,25.0,114.32,113.72,0.1312106368089561,0.004210636808956086,0.127,False,Bittrex,Kraken
1258,01-14-2021_04-50-37,ZEC/USD,25.0,114.309,113.74,0.12444339465833894,-0.002556605341661064,0.127,False,Bittrex,Kraken
1259,01-14-2021_04-50-49,ZEC/USD,25.0,114.296,113.74,0.12161405473507636,-0.005385945264923642,0.127,False,Bittrex,Kraken
1260,01-14-2021_04-51-00,ZEC/USD,25.0,113.954,113.74,0.046948768801445905,-0.08005123119855409,0.127,False,Bittrex,Kraken
1261,01-14-2021_04-51-12,ZEC/USD,25.0,113.944,113.74,0.04475882889840793,-0.08224117110159207,0.127,False,Bittrex,Kraken
1262,01-14-2021_04-51-22,ZEC/USD,25.0,113.939,113.71,0.05024618436180746,-0.13175381563819255,0.182,False,Bittrex,Coinbase Pro
1263,01-14-2021_04-51-33,ZEC/USD,25.0,113.935,113.71,0.049370254969940866,-0.13262974503005914,0.182,False,Bittrex,Coinbase Pro
1264,01-14-2021_04-51-43,ZEC/USD,25.0,113.927,113.74,0.041035048759295825,-0.14096495124070418,0.182,False,Bittrex,Coinbase Pro
1265,01-14-2021_04-51-55,ZEC/USD,25.0,113.924,113.74,0.040377795723467336,-0.14162220427653266,0.182,False,Bittrex,Coinbase Pro
1266,01-14-2021_04-52-06,ZEC/USD,25.0,113.84,113.7,0.030744905130007154,-0.11925509486999283,0.15,False,Binance US,Coinbase Pro
1267,01-14-2021_04-52-16,ZEC/USD,25.0,113.83,113.65,0.03953263638759392,-0.11046736361240608,0.15,False,Binance US,Coinbase Pro
1268,01-14-2021_04-52-26,ZEC/USD,25.0,113.83,113.68,0.032943863656327746,-0.11705613634367225,0.15,False,Binance US,Coinbase Pro
1269,01-14-2021_04-52-36,ZEC/USD,25.0,113.83,113.65,0.03953263638759392,-0.11046736361240608,0.15,False,Binance US,Coinbase Pro
1270,01-14-2021_04-52-47,ZEC/USD,25.0,113.83,113.72,0.024158833347974928,-0.12584116665202508,0.15,False,Binance US,Coinbase Pro
1271,01-14-2021_04-52-59,ZEC/USD,25.0,113.867,113.74,0.02788340783545925,-0.09911659216454075,0.127,False,Bittrex,Kraken
1272,01-14-2021_04-53-10,ZEC/USD,25.0,113.96,113.74,0.04826254826254802,-0.04673745173745198,0.095,False,Binance US,Kraken
1273,01-14-2021_04-53-21,ZEC/USD,25.0,113.96,113.74,0.04826254826254802,-0.04673745173745198,0.095,False,Binance US,Kraken
1274,01-14-2021_04-53-32,ZEC/USD,25.0,114.009,113.74,0.058986571235605405,-0.06801342876439459,0.127,False,Bittrex,Kraken
1275,01-14-2021_04-53-43,ZEC/USD,25.0,114.007,113.74,0.058549036462675556,-0.06845096353732444,0.127,False,Bittrex,Kraken
1276,01-14-2021_04-53-53,ZEC/USD,25.0,114.001,113.74,0.05723634003210715,-0.06976365996789285,0.127,False,Bittrex,Kraken
1277,01-14-2021_04-54-03,ZEC/USD,25.0,113.996,113.74,0.05614232078318543,-0.07085767921681457,0.127,False,Bittrex,Kraken
1278,01-14-2021_04-54-13,ZEC/USD,25.0,113.994,113.74,0.05570468621155607,-0.07129531378844393,0.127,False,Bittrex,Kraken
1279,01-14-2021_04-54-23,ZEC/USD,25.0,113.991,113.74,0.055048205560089124,-0.07195179443991087,0.127,False,Bittrex,Kraken
1280,01-14-2021_04-54-34,ZEC/USD,25.0,113.96,113.74,0.04826254826254802,-0.04673745173745198,0.095,False,Binance US,Kraken
1281,01-14-2021_04-54-46,ZEC/USD,25.0,113.96,113.74,0.04826254826254802,-0.04673745173745198,0.095,False,Binance US,Kraken
1282,01-14-2021_04-54-57,ZEC/USD,25.0,113.94,113.74,0.04388274530454688,-0.1061172546954531,0.15,False,Binance US,Coinbase Pro
1283,01-14-2021_04-55-07,ZEC/USD,25.0,113.87,113.68,0.041714235531746226,-0.053285764468253775,0.095,False,Binance US,Kraken
1284,01-14-2021_04-55-18,ZEC/USD,25.0,113.8,113.64,0.03514938488576375,-0.05985061511423625,0.095,False,Binance US,Kraken
1285,01-14-2021_04-55-29,ZEC/USD,25.0,113.79,113.64,0.0329554442393896,-0.1170445557606104,0.15,False,Binance US,Coinbase Pro
1286,01-14-2021_04-55-38,ZEC/USD,25.0,113.81,113.63,0.039539583516388456,-0.11046041648361155,0.15,False,Binance US,Coinbase Pro
1287,01-14-2021_04-55-49,ZEC/USD,25.0,113.93,113.62,0.06802422540156286,-0.08197577459843713,0.15,False,Binance US,Coinbase Pro
1288,01-14-2021_04-56-01,ZEC/USD,25.0,113.88,113.65,0.05049174569722291,-0.08950825430277708,0.13999999999999999,False,Binance US,Coinbase Pro
1289,01-14-2021_04-56-11,ZEC/USD,25.0,113.94,113.66,0.06143584342636501,-0.08856415657363498,0.15,False,Binance US,Coinbase Pro
1290,01-14-2021_04-56-21,ZEC/USD,25.0,113.88,113.62,0.05707762557077426,-0.08292237442922573,0.13999999999999999,False,Binance US,Coinbase Pro
1291,01-14-2021_04-56-32,ZEC/USD,25.0,113.82,113.63,0.04173256018274419,-0.10826743981725581,0.15,False,Binance US,Coinbase Pro
1292,01-14-2021_04-56-42,ZEC/USD,25.0,113.69,113.62,0.015392734629253491,-0.1346072653707465,0.15,False,Binance US,Coinbase Pro
1293,01-14-2021_04-56-51,ZEC/USD,25.0,113.69,113.53,0.03518339343829637,-0.11481660656170362,0.15,False,Binance US,Coinbase Pro
1294,01-14-2021_04-57-01,ZEC/USD,25.0,113.69,113.6,0.01979065880904288,-0.13020934119095712,0.15,False,Binance US,Coinbase Pro
1295,01-14-2021_04-57-11,ZEC/USD,25.0,113.77,113.61,0.03515865342357313,-0.11484134657642686,0.15,False,Binance US,Coinbase Pro
1296,01-14-2021_04-57-22,ZEC/USD,25.0,113.77,113.65,0.026368990067678285,-0.1236310099323217,0.15,False,Binance US,Coinbase Pro
1297,01-14-2021_04-57-33,ZEC/USD,25.0,113.77,113.63,0.03076382174562727,-0.11923617825437273,0.15,False,Binance US,Coinbase Pro
1298,01-14-2021_04-57-43,ZEC/USD,25.0,113.78,113.64,0.030761117946915224,-0.11923888205308478,0.15,False,Binance US,Coinbase Pro
1299,01-14-2021_04-57-55,ZEC/USD,25.0,113.77,113.63,0.03076382174562727,-0.11923617825437273,0.15,False,Binance US,Coinbase Pro
1300,01-14-2021_04-58-07,ZEC/USD,25.0,113.77,113.58,0.04175090094049348,-0.10824909905950651,0.15,False,Binance US,Coinbase Pro
1301,01-14-2021_04-58-19,ZEC/USD,25.0,113.75,113.57,0.03956043956044106,-0.11043956043955894,0.15,False,Binance US,Coinbase Pro
1302,01-14-2021_04-58-29,ZEC/USD,25.0,113.72,113.56,0.035174111853674944,-0.11482588814632505,0.15,False,Binance US,Coinbase Pro
1303,01-14-2021_04-58-40,ZEC/USD,25.0,113.72,113.52,0.04396763981709524,-0.10603236018290475,0.15,False,Binance US,Coinbase Pro
1304,01-14-2021_04-58-50,ZEC/USD,25.0,113.72,113.51,0.046166021807947974,-0.10383397819205202,0.15,False,Binance US,Coinbase Pro
1305,01-14-2021_04-59-02,ZEC/USD,25.0,113.72,113.5,0.04836440379880383,-0.10163559620119617,0.15,False,Binance US,Coinbase Pro
1306,01-14-2021_04-59-13,ZEC/USD,25.0,113.7,113.54,0.035180299032541024,-0.10481970096745896,0.13999999999999999,False,Binance US,Coinbase Pro
1307,01-14-2021_04-59-25,ZEC/USD,25.0,113.7,113.6,0.021987686895340485,-0.1180123131046595,0.13999999999999999,False,Binance US,Coinbase Pro
1308,01-14-2021_04-59-37,ZEC/USD,25.0,114.641,113.65,0.216109419841069,0.034109419841068994,0.182,True,Bittrex,Coinbase Pro
1309,01-14-2021_04-59-49,ZEC/USD,25.0,113.77,113.68,0.019776742550757936,-0.07522325744924206,0.095,False,Binance US,Kraken
1310,01-14-2021_05-00-01,ZEC/USD,25.0,113.91,113.68,0.05047844789746067,-0.04452155210253933,0.095,False,Binance US,Kraken
1311,01-14-2021_05-00-14,ZEC/USD,25.0,113.92,113.68,0.05266853932584157,-0.04233146067415843,0.095,False,Binance US,Kraken
1312,01-14-2021_05-00-28,ZEC/USD,25.0,113.96,113.68,0.06142506142505856,-0.03357493857494144,0.095,False,Binance US,Kraken
1313,01-14-2021_05-00-40,ZEC/USD,25.0,113.989,113.74,0.05461053259525249,-0.07238946740474751,0.127,False,Bittrex,Kraken
1314,01-14-2021_05-00-52,ZEC/USD,25.0,113.961,113.74,0.04848149805635341,-0.0785185019436466,0.127,False,Bittrex,Kraken
1315,01-14-2021_05-01-05,ZEC/USD,25.0,113.857,113.73,0.027885856820396494,-0.1541141431796035,0.182,False,Bittrex,Coinbase Pro
1316,01-14-2021_05-01-29,ZEC/USD,25.0,113.695,113.61,0.018690355776417995,-0.163309644223582,0.182,False,Bittrex,Coinbase Pro
1317,01-14-2021_05-01-42,ZEC/USD,25.0,113.69,113.56,0.028586507168615414,-0.12141349283138458,0.15,False,Binance US,Coinbase Pro
1318,01-14-2021_05-02-05,ZEC/USD,25.0,113.69,113.51,0.03958131761808264,-0.11041868238191735,0.15,False,Binance US,Coinbase Pro
1319,01-14-2021_05-02-29,ZEC/USD,25.0,113.69,113.61,0.017591696719148186,-0.13240830328085182,0.15,False,Binance US,Coinbase Pro
1320,01-14-2021_05-02-41,ZEC/USD,25.0,113.714,113.5,0.04704785690416278,-0.01517214309583722,0.06222,False,Bittrex,Binance US
1321,01-14-2021_05-02-54,ZEC/USD,25.0,113.705,113.5,0.04507277604326949,-0.01714722395673051,0.06222,False,Bittrex,Binance US
1322,01-14-2021_05-03-17,ZEC/USD,25.0,113.84,113.68,0.035137034434292995,-0.11486296556570699,0.15,False,Binance US,Coinbase Pro
1323,01-14-2021_05-03-30,ZEC/USD,25.0,113.745,113.62,0.02747373510923557,-0.15452626489076443,0.182,False,Bittrex,Coinbase Pro
1324,01-14-2021_05-03-53,ZEC/USD,25.0,113.72,113.6,0.02638058389025777,-0.12361941610974223,0.15,False,Binance US,Coinbase Pro
1325,01-14-2021_05-04-06,ZEC/USD,25.0,113.71,113.6,0.024184328555096175,-0.12581567144490383,0.15,False,Binance US,Coinbase Pro
1326,01-14-2021_05-04-29,ZEC/USD,25.0,113.691,113.58,0.024408264506426233,-0.15759173549357375,0.182,False,Bittrex,Coinbase Pro
1327,01-14-2021_05-04-53,ZEC/USD,25.0,113.729,113.63,0.021762259406132946,-0.10523774059386706,0.127,False,Bittrex,Kraken
1328,01-14-2021_05-05-05,ZEC/USD,25.0,113.722,113.58,0.031216475264239967,-0.09578352473576003,0.127,False,Bittrex,Kraken
1329,01-14-2021_05-05-17,ZEC/USD,25.0,113.67,113.57,0.021993489926983488,-0.1600065100730165,0.182,False,Bittrex,Coinbase Pro
1330,01-14-2021_05-05-40,ZEC/USD,25.0,113.81,113.63,0.039539583516388456,-0.055460416483611545,0.095,False,Binance US,Kraken
1331,01-14-2021_05-05-51,ZEC/USD,25.0,113.76,113.63,0.02856891701828623,-0.09843108298171377,0.127,False,Bittrex,Kraken
1332,01-14-2021_05-06-04,ZEC/USD,25.0,113.77,113.63,0.03076382174562727,-0.06423617825437274,0.095,False,Binance US,Kraken
1333,01-14-2021_05-06-16,ZEC/USD,25.0,113.69,113.59,0.021989620898934453,-0.10501037910106555,0.127,False,Bittrex,Kraken
1334,01-14-2021_05-06-28,ZEC/USD,25.0,113.685,113.63,0.012094823415579633,-0.11490517658442037,0.127,False,Bittrex,Kraken
1335,01-14-2021_05-06-52,ZEC/USD,25.0,113.64,113.555,0.01869940161914681,-0.07330059838085319,0.092,False,Binance US,Bittrex
1336,01-14-2021_05-07-02,ZEC/USD,25.0,113.64,113.55,0.019799366420275303,-0.1302006335797247,0.15,False,Binance US,Coinbase Pro
1337,01-14-2021_05-07-14,ZEC/USD,25.0,113.64,113.58,0.013199577613516868,-0.17180042238648313,0.185,False,Kraken,Coinbase Pro
1338,01-14-2021_05-07-37,ZEC/USD,25.0,113.64,113.56,0.01759943681802145,-0.13240056318197854,0.15,False,Binance US,Coinbase Pro
1339,01-14-2021_05-07-59,ZEC/USD,25.0,113.656,113.57,0.018916731188853366,-0.16308326881114663,0.182,False,Bittrex,Coinbase Pro
1340,01-14-2021_05-08-12,ZEC/USD,25.0,113.84,113.64,0.04392129304286781,-0.051078706957132194,0.095,False,Binance US,Kraken
1341,01-14-2021_05-08-24,ZEC/USD,25.0,113.81,113.64,0.03734293998769917,-0.05765706001230083,0.095,False,Binance US,Kraken
1342,01-14-2021_05-08-38,ZEC/USD,25.0,113.743,113.62,0.02703463070254663,-0.09996536929745337,0.127,False,Bittrex,Kraken
1343,01-14-2021_05-09-01,ZEC/USD,25.0,113.742,113.59,0.03340894304654416,-0.14859105695345584,0.182,False,Bittrex,Coinbase Pro
1344,01-14-2021_05-09-13,ZEC/USD,25.0,113.619,113.49,0.028384337126714038,-0.15361566287328596,0.182,False,Bittrex,Coinbase Pro
1345,01-14-2021_05-09-36,ZEC/USD,25.0,113.616,113.45,0.03652654555696311,-0.1454734544430369,0.182,False,Bittrex,Coinbase Pro
1346,01-14-2021_05-09-47,ZEC/USD,25.0,113.53,113.42,0.02422267242138629,-0.1157773275786137,0.13999999999999999,False,Binance US,Coinbase Pro
1347,01-14-2021_05-10-01,ZEC/USD,25.0,113.53,113.36,0.037435039196688474,-0.10256496080331151,0.13999999999999999,False,Binance US,Coinbase Pro
1348,01-14-2021_05-10-11,ZEC/USD,25.0,113.412,113.26,0.0335061545515468,-0.1484938454484532,0.182,False,Bittrex,Coinbase Pro
1349,01-14-2021_05-10-22,ZEC/USD,25.0,113.328,113.23,0.021618664407736608,-0.1603813355922634,0.182,False,Bittrex,Coinbase Pro
1350,01-14-2021_05-10-34,ZEC/USD,25.0,113.322,113.21,0.02470835318826198,-0.15729164681173802,0.182,False,Bittrex,Coinbase Pro
1351,01-14-2021_05-10-45,ZEC/USD,25.0,113.32,113.18,0.030885986586654247,-0.11911401341334575,0.15,False,Binance US,Coinbase Pro
1352,01-14-2021_05-10-56,ZEC/USD,25.0,113.308,113.15,0.03486073357574073,-0.14713926642425926,0.182,False,Bittrex,Coinbase Pro
1353,01-14-2021_05-11-19,ZEC/USD,25.0,113.17,113.0,0.03755412211716924,-0.11244587788283075,0.15,False,Binance US,Coinbase Pro
1354,01-14-2021_05-11-31,ZEC/USD,25.0,113.17,113.01,0.03534505611027582,-0.11465494388972416,0.15,False,Binance US,Coinbase Pro
1355,01-14-2021_05-11-53,ZEC/USD,25.0,113.17,112.96,0.04639038614473976,-0.10360961385526024,0.15,False,Binance US,Coinbase Pro
1356,01-14-2021_05-12-05,ZEC/USD,25.0,113.17,112.95,0.04859945215163004,-0.10140054784836995,0.15,False,Binance US,Coinbase Pro
1357,01-14-2021_05-12-18,ZEC/USD,25.0,112.89,112.8,0.019930906191868943,-0.16506909380813106,0.185,False,Kraken,Coinbase Pro
1358,01-14-2021_05-12-29,ZEC/USD,25.0,112.92,112.81,0.024353524619199308,-0.16064647538080068,0.185,False,Kraken,Coinbase Pro
1359,01-14-2021_05-12-41,ZEC/USD,25.0,112.91,112.84,0.015499070055795143,-0.16950092994420485,0.185,False,Kraken,Coinbase Pro
1360,01-14-2021_05-12-53,ZEC/USD,25.0,112.901,112.77,0.029007714723518884,-0.15299228527648112,0.182,False,Bittrex,Coinbase Pro
1361,01-14-2021_05-13-15,ZEC/USD,25.0,112.743,112.64,0.022839555449117557,-0.15916044455088244,0.182,False,Bittrex,Coinbase Pro
1362,01-14-2021_05-13-28,ZEC/USD,25.0,112.525,112.47,0.012219506776273455,-0.16978049322372654,0.182,False,Bittrex,Coinbase Pro
1363,01-14-2021_05-13-49,ZEC/USD,25.0,112.35,112.2,0.03337783711615298,-0.11662216288384702,0.15,False,Binance US,Coinbase Pro
1364,01-14-2021_05-14-02,ZEC/USD,25.0,112.34,112.23,0.02447925939113393,-0.12552074060886606,0.15,False,Binance US,Coinbase Pro
1365,01-14-2021_05-14-14,ZEC/USD,25.0,112.34,112.26,0.017803097739006207,-0.1321969022609938,0.15,False,Binance US,Coinbase Pro
1366,01-14-2021_05-14-35,ZEC/USD,25.0,112.452,112.42,0.007114146480275245,-0.17488585351972474,0.182,False,Bittrex,Coinbase Pro
1367,01-14-2021_05-14-47,ZEC/USD,25.0,112.49,112.418,0.01600142234865066,-0.11099857765134934,0.127,False,Kraken,Bittrex
1368,01-14-2021_05-15-09,ZEC/USD,25.0,112.38,112.313,0.014904787328704632,-0.07709521267129536,0.092,False,Binance US,Bittrex
1369,01-14-2021_05-15-22,ZEC/USD,25.0,112.53,112.426,0.023104949791166625,-0.06889505020883338,0.092,False,Binance US,Bittrex
1370,01-14-2021_05-15-35,ZEC/USD,25.0,112.536,112.43,0.023548020189093834,-0.10345197981090618,0.127,False,Bittrex,Kraken
1371,01-14-2021_05-15-58,ZEC/USD,25.0,112.59,112.48,0.024424904520827656,-0.16057509547917234,0.185,False,Kraken,Coinbase Pro
1372,01-14-2021_05-16-11,ZEC/USD,25.0,112.63,112.53,0.02219657284915083,-0.12780342715084916,0.15,False,Binance US,Coinbase Pro
1373,01-14-2021_05-16-22,ZEC/USD,25.0,112.651,112.56,0.020195115888894458,-0.16180488411110555,0.182,False,Bittrex,Coinbase Pro
1374,01-14-2021_05-16-35,ZEC/USD,25.0,112.85,112.73,0.026583961010188378,-0.1134160389898116,0.13999999999999999,False,Binance US,Coinbase Pro
1375,01-14-2021_05-16-58,ZEC/USD,25.0,112.736,112.59,0.03237652568833398,-0.149623474311666,0.182,False,Bittrex,Coinbase Pro
1376,01-14-2021_05-17-22,ZEC/USD,25.0,112.69,112.62,0.01552932824562809,-0.1244706717543719,0.13999999999999999,False,Binance US,Coinbase Pro
1377,01-14-2021_05-17-34,ZEC/USD,25.0,112.85,112.62,0.05095259193619623,-0.08904740806380376,0.13999999999999999,False,Binance US,Coinbase Pro
1378,01-14-2021_05-17-46,ZEC/USD,25.0,112.84,112.68,0.035448422545195986,-0.05655157745480401,0.092,False,Binance US,Bittrex
1379,01-14-2021_05-18-09,ZEC/USD,25.0,112.84,112.68,0.035448422545195986,-0.05655157745480401,0.092,False,Binance US,Bittrex
1380,01-14-2021_05-18-20,ZEC/USD,25.0,112.84,112.74,0.02215526409074985,-0.12784473590925013,0.15,False,Binance US,Coinbase Pro
1381,01-14-2021_05-18-42,ZEC/USD,25.0,112.959,112.76,0.044042528705104965,-0.08295747129489503,0.127,False,Bittrex,Kraken
1382,01-14-2021_05-18-55,ZEC/USD,25.0,112.952,112.76,0.04249592747361557,-0.08450407252638442,0.127,False,Bittrex,Kraken
1383,01-14-2021_05-19-18,ZEC/USD,25.0,112.958,112.78,0.03939517342729095,-0.08760482657270904,0.127,False,Bittrex,Kraken
1384,01-14-2021_05-19-31,ZEC/USD,25.0,113.05,112.78,0.059708093763820434,-0.03529190623617957,0.095,False,Binance US,Kraken
1385,01-14-2021_05-19-54,ZEC/USD,25.0,113.075,112.78,0.0652221976564231,-0.061777802343576896,0.127,False,Bittrex,Kraken
1386,01-14-2021_05-20-07,ZEC/USD,25.0,112.94,112.81,0.02877634142022212,-0.11122365857977787,0.13999999999999999,False,Binance US,Coinbase Pro
1387,01-14-2021_05-20-30,ZEC/USD,25.0,113.05,112.9,0.033171163202121066,-0.11682883679787892,0.15,False,Binance US,Coinbase Pro
1388,01-14-2021_05-20-42,ZEC/USD,25.0,113.06,112.89,0.0375906598266411,-0.1124093401733589,0.15,False,Binance US,Coinbase Pro
1389,01-14-2021_05-21-05,ZEC/USD,25.0,112.92,112.78,0.030995394969890313,-0.11900460503010968,0.15,False,Binance US,Coinbase Pro
1390,01-14-2021_05-21-18,ZEC/USD,25.0,112.92,112.77,0.03320935175345503,-0.11679064824654496,0.15,False,Binance US,Coinbase Pro
1391,01-14-2021_05-21-43,ZEC/USD,25.0,112.78,112.64,0.031033871253768525,-0.11896612874623147,0.15,False,Binance US,Coinbase Pro
1392,01-14-2021_05-21-55,ZEC/USD,25.0,112.78,112.67,0.024383755985103617,-0.12561624401489638,0.15,False,Binance US,Coinbase Pro
1393,01-14-2021_05-22-08,ZEC/USD,25.0,112.68,112.51,0.037717429889954225,-0.14728257011004578,0.185,False,Kraken,Coinbase Pro
1394,01-14-2021_05-22-19,ZEC/USD,25.0,112.65,112.53,0.02663115845539382,-0.12336884154460617,0.15,False,Binance US,Coinbase Pro
1395,01-14-2021_05-22-32,ZEC/USD,25.0,112.82,112.63,0.04210246410210905,-0.08489753589789095,0.127,False,Bittrex,Kraken
1396,01-14-2021_05-22-45,ZEC/USD,25.0,112.814,112.74,0.01639867392344879,-0.1656013260765512,0.182,False,Bittrex,Coinbase Pro
1397,01-14-2021_05-22-57,ZEC/USD,25.0,112.81,112.68,0.028809502703660016,-0.15319049729634,0.182,False,Bittrex,Coinbase Pro
1398,01-14-2021_05-23-09,ZEC/USD,25.0,112.78,112.65,0.028817166164212506,-0.1561828338357875,0.185,False,Kraken,Coinbase Pro
1399,01-14-2021_05-23-32,ZEC/USD,25.0,112.682,112.61,0.015974157363199695,-0.1660258426368003,0.182,False,Bittrex,Coinbase Pro
1400,01-14-2021_05-23-46,ZEC/USD,25.0,112.7,112.6,0.022182786157943328,-0.15981721384205666,0.182,False,Bittrex,Coinbase Pro
1401,01-14-2021_05-24-10,ZEC/USD,25.0,112.6,112.46,0.03108348134991132,-0.15391651865008868,0.185,False,Kraken,Coinbase Pro
1402,01-14-2021_05-24-32,ZEC/USD,25.0,112.67,112.52,0.033283038963345536,-0.10671696103665446,0.13999999999999999,False,Binance US,Coinbase Pro
1403,01-14-2021_05-24-44,ZEC/USD,25.0,112.56,112.5,0.013326226012793683,-0.17167377398720632,0.185,False,Kraken,Coinbase Pro
1404,01-14-2021_05-25-07,ZEC/USD,25.0,112.692,112.51,0.040375536861531426,-0.14162446313846858,0.182,False,Bittrex,Coinbase Pro
1405,01-14-2021_05-25-19,ZEC/USD,25.0,112.67,112.5,0.03772077749179056,-0.10227922250820942,0.13999999999999999,False,Binance US,Coinbase Pro
1406,01-14-2021_05-25-42,ZEC/USD,25.0,112.63,112.5,0.02885554470389671,-0.12114445529610329,0.15,False,Binance US,Coinbase Pro
1407,01-14-2021_05-25-55,ZEC/USD,25.0,112.548,112.48,0.015104666453423838,-0.16689533354657615,0.182,False,Bittrex,Coinbase Pro
1408,01-14-2021_05-26-18,ZEC/USD,25.0,112.548,112.46,0.019547215410315615,-0.16245278458968437,0.182,False,Bittrex,Coinbase Pro
1409,01-14-2021_05-26-43,ZEC/USD,25.0,112.67,112.51,0.03550190822756647,-0.10449809177243352,0.13999999999999999,False,Binance US,Coinbase Pro
1410,01-14-2021_05-26-54,ZEC/USD,25.0,112.67,112.5,0.03772077749179056,-0.10227922250820942,0.13999999999999999,False,Binance US,Coinbase Pro
1411,01-14-2021_05-27-05,ZEC/USD,25.0,112.65,112.5,0.03328894806924227,-0.11671105193075773,0.15,False,Binance US,Coinbase Pro
1412,01-14-2021_05-27-28,ZEC/USD,25.0,112.44,112.23,0.04669156883671152,-0.13830843116328848,0.185,False,Kraken,Coinbase Pro
1413,01-14-2021_05-27-39,ZEC/USD,25.0,112.37,112.25,0.026697517130907837,-0.11330248286909214,0.13999999999999999,False,Binance US,Coinbase Pro
1414,01-14-2021_05-27-52,ZEC/USD,25.0,112.22,112.05,0.037872037070041366,-0.14712796292995864,0.185,False,Kraken,Coinbase Pro
1415,01-14-2021_05-28-15,ZEC/USD,25.0,112.2,111.99,0.04679144385026915,-0.09320855614973084,0.13999999999999999,False,Binance US,Coinbase Pro
1416,01-14-2021_05-28-27,ZEC/USD,25.0,112.2,111.97,0.05124777183600802,-0.08875222816399198,0.13999999999999999,False,Binance US,Coinbase Pro
1417,01-14-2021_05-28-52,ZEC/USD,25.0,112.06,111.92,0.031233267892200732,-0.11876673210779926,0.15,False,Binance US,Coinbase Pro
1418,01-14-2021_05-29-05,ZEC/USD,25.0,112.06,111.93,0.02900232018561383,-0.12099767981438617,0.15,False,Binance US,Coinbase Pro
1419,01-14-2021_05-29-16,ZEC/USD,25.0,112.06,111.93,0.02900232018561383,-0.12099767981438617,0.15,False,Binance US,Coinbase Pro
1420,01-14-2021_05-29-30,ZEC/USD,25.0,112.06,111.93,0.02900232018561383,-0.12099767981438617,0.15,False,Binance US,Coinbase Pro
1421,01-14-2021_05-29-41,ZEC/USD,25.0,112.06,111.95,0.024540424772443205,-0.1254595752275568,0.15,False,Binance US,Coinbase Pro
1422,01-14-2021_05-30-04,ZEC/USD,25.0,111.89,111.73,0.03574939672892944,-0.11425060327107056,0.15,False,Binance US,Coinbase Pro
1423,01-14-2021_05-30-15,ZEC/USD,25.0,112.01,111.96,0.01115971788233447,-0.17384028211766553,0.185,False,Kraken,Coinbase Pro
1424,01-14-2021_05-30-38,ZEC/USD,25.0,112.0,111.87,0.02901785714285613,-0.15598214285714387,0.185,False,Kraken,Coinbase Pro
1425,01-14-2021_05-30-51,ZEC/USD,25.0,111.95,111.87,0.01786511835640873,-0.16713488164359128,0.185,False,Kraken,Coinbase Pro
1426,01-14-2021_05-31-15,ZEC/USD,25.0,112.06,111.87,0.04238800642512888,-0.10761199357487111,0.15,False,Binance US,Coinbase Pro
1427,01-14-2021_05-31-29,ZEC/USD,25.0,112.652,112.02,0.14025494443063705,-0.04174505556936295,0.182,False,Bittrex,Coinbase Pro
1428,01-14-2021_05-31-42,ZEC/USD,25.0,112.326,112.05,0.06142834250307059,-0.06557165749692942,0.127,False,Bittrex,Kraken
1429,01-14-2021_05-32-04,ZEC/USD,25.0,112.316,112.05,0.05920794900103399,-0.06779205099896601,0.127,False,Bittrex,Kraken
1430,01-14-2021_05-32-16,ZEC/USD,25.0,112.326,112.31,0.0035610633335094134,-0.17843893666649058,0.182,False,Bittrex,Coinbase Pro
1431,01-14-2021_05-32-39,ZEC/USD,25.0,112.587,112.38,0.04596445415545486,-0.08103554584454514,0.127,False,Bittrex,Kraken
1432,01-14-2021_05-33-01,ZEC/USD,25.0,112.75,112.38,0.082039911308205,-0.012960088691795005,0.095,False,Binance US,Kraken
1433,01-14-2021_05-33-12,ZEC/USD,25.0,112.72,112.38,0.07540809084457137,-0.019591909155428633,0.095,False,Binance US,Kraken
1434,01-14-2021_05-33-24,ZEC/USD,25.0,112.7,112.38,0.07098491570541424,-0.024015084294585765,0.095,False,Binance US,Kraken
1435,01-14-2021_05-33-48,ZEC/USD,25.0,112.68,112.38,0.06656017039403872,-0.02843982960596128,0.095,False,Binance US,Kraken
1436,01-14-2021_05-34-00,ZEC/USD,25.0,112.68,112.38,0.06656017039403872,-0.02843982960596128,0.095,False,Binance US,Kraken
1437,01-14-2021_05-34-12,ZEC/USD,25.0,112.66,112.51,0.03328599325403681,-0.11671400674596319,0.15,False,Binance US,Coinbase Pro
1438,01-14-2021_05-34-23,ZEC/USD,25.0,112.68,112.51,0.037717429889954225,-0.11228257011004578,0.15,False,Binance US,Coinbase Pro
1439,01-14-2021_05-34-44,ZEC/USD,25.0,112.5,112.34,0.03555555555555479,-0.1044444444444452,0.13999999999999999,False,Binance US,Coinbase Pro
1440,01-14-2021_05-34-57,ZEC/USD,25.0,112.5,112.34,0.03555555555555479,-0.1044444444444452,0.13999999999999999,False,Binance US,Coinbase Pro
1441,01-14-2021_05-35-20,ZEC/USD,25.0,112.543,112.49,0.011773277769388473,-0.17022672223061153,0.182,False,Bittrex,Coinbase Pro
1442,01-14-2021_05-35-43,ZEC/USD,25.0,112.605,112.41,0.04329292660183993,-0.13870707339816007,0.182,False,Bittrex,Coinbase Pro
1443,01-14-2021_05-35-55,ZEC/USD,25.0,112.57,112.4,0.0377542862219036,-0.11224571377809639,0.15,False,Binance US,Coinbase Pro
1444,01-14-2021_05-36-18,ZEC/USD,25.0,112.597,112.5,0.021536985887722186,-0.1604630141122778,0.182,False,Bittrex,Coinbase Pro
1445,01-14-2021_05-36-30,ZEC/USD,25.0,112.592,112.45,0.031529771209321246,-0.15047022879067876,0.182,False,Bittrex,Coinbase Pro
1446,01-14-2021_05-36-53,ZEC/USD,25.0,112.61,112.5,0.024420566557144,-0.125579433442856,0.15,False,Binance US,Coinbase Pro
1447,01-14-2021_05-37-05,ZEC/USD,25.0,112.57,112.47,0.022208403659943664,-0.15979159634005632,0.182,False,Bittrex,Coinbase Pro
1448,01-14-2021_05-37-18,ZEC/USD,25.0,112.561,112.46,0.022432281163105628,-0.15956771883689436,0.182,False,Bittrex,Coinbase Pro
1449,01-14-2021_05-37-40,ZEC/USD,25.0,112.547,112.48,0.014882671239569482,-0.1671173287604305,0.182,False,Bittrex,Coinbase Pro
1450,01-14-2021_05-37-54,ZEC/USD,25.0,112.54,112.37,0.03776435045317258,-0.1442356495468274,0.182,False,Bittrex,Coinbase Pro
1451,01-14-2021_05-38-18,ZEC/USD,25.0,112.52,112.34,0.039992890152860075,-0.11000710984713992,0.15,False,Binance US,Coinbase Pro
1452,01-14-2021_05-38-30,ZEC/USD,25.0,112.34,112.25,0.02002848495638317,-0.16497151504361682,0.185,False,Kraken,Coinbase Pro
1453,01-14-2021_05-38-53,ZEC/USD,25.0,112.34,112.2,0.03115542104326165,-0.15384457895673834,0.185,False,Kraken,Coinbase Pro
1454,01-14-2021_05-39-05,ZEC/USD,25.0,112.193,112.0,0.04300624816164953,-0.13899375183835047,0.182,False,Bittrex,Coinbase Pro
1455,01-14-2021_05-39-30,ZEC/USD,25.0,112.12,112.04,0.01783803068141239,-0.07716196931858761,0.095,False,Binance US,Kraken
1456,01-14-2021_05-39-43,ZEC/USD,25.0,112.133,112.03,0.02296380191379755,-0.15903619808620245,0.182,False,Bittrex,Coinbase Pro
1457,01-14-2021_05-39-56,ZEC/USD,25.0,112.122,111.99,0.02943222561138871,-0.1525677743886113,0.182,False,Bittrex,Coinbase Pro
1458,01-14-2021_05-40-19,ZEC/USD,25.0,112.197,112.11,0.01938554506805068,-0.16261445493194931,0.182,False,Bittrex,Coinbase Pro
1459,01-14-2021_05-40-31,ZEC/USD,25.0,112.189,112.06,0.028746133756426807,-0.15325386624357318,0.182,False,Bittrex,Coinbase Pro
1460,01-14-2021_05-40-42,ZEC/USD,25.0,112.165,112.02,0.03231845941247498,-0.14968154058752503,0.182,False,Bittrex,Coinbase Pro
1461,01-14-2021_05-41-06,ZEC/USD,25.0,112.159,112.04,0.026524844194402535,-0.15547515580559745,0.182,False,Bittrex,Coinbase Pro
1462,01-14-2021_05-41-18,ZEC/USD,25.0,112.18,112.08,0.02228561240863089,-0.07271438759136911,0.095,False,Binance US,Kraken
1463,01-14-2021_05-41-41,ZEC/USD,25.0,112.04,111.87,0.037932881113888275,-0.14706711888611174,0.185,False,Kraken,Coinbase Pro
1464,01-14-2021_05-41-54,ZEC/USD,25.0,111.92,111.78,0.03127233738384573,-0.11872766261615426,0.15,False,Binance US,Coinbase Pro
1465,01-14-2021_05-42-16,ZEC/USD,25.0,111.93,111.78,0.03350308228357136,-0.10649691771642864,0.13999999999999999,False,Binance US,Coinbase Pro
1466,01-14-2021_05-42-27,ZEC/USD,25.0,111.89,111.7,0.042452408615604106,-0.10754759138439589,0.15,False,Binance US,Coinbase Pro
1467,01-14-2021_05-42-50,ZEC/USD,25.0,111.89,111.71,0.040218071320048,-0.10978192867995198,0.15,False,Binance US,Coinbase Pro
1468,01-14-2021_05-43-02,ZEC/USD,25.0,111.89,111.7,0.042452408615604106,-0.10754759138439589,0.15,False,Binance US,Coinbase Pro
1469,01-14-2021_05-43-24,ZEC/USD,25.0,112.0,111.82,0.04017857142857295,-0.14482142857142705,0.185,False,Kraken,Coinbase Pro
1470,01-14-2021_05-43-36,ZEC/USD,25.0,111.97,111.82,0.03349111369116855,-0.15150888630883144,0.185,False,Kraken,Coinbase Pro
1471,01-14-2021_05-43-48,ZEC/USD,25.0,111.96,111.911,0.01094140764558601,-0.11605859235441399,0.127,False,Kraken,Bittrex
1472,01-14-2021_05-44-11,ZEC/USD,25.0,112.14,112.08,0.013376136971643096,-0.1136238630283569,0.127,False,Bittrex,Kraken
1473,01-14-2021_05-44-23,ZEC/USD,25.0,112.12,112.02,0.022297538351767864,-0.12770246164823212,0.15,False,Binance US,Coinbase Pro
1474,01-14-2021_05-44-35,ZEC/USD,25.0,112.199,112.08,0.026515387837681214,-0.10048461216231878,0.127,False,Bittrex,Kraken
1475,01-14-2021_05-44-47,ZEC/USD,25.0,112.199,112.08,0.026515387837681214,-0.10048461216231878,0.127,False,Bittrex,Kraken
1476,01-14-2021_05-45-10,ZEC/USD,25.0,112.199,112.08,0.026515387837681214,-0.10048461216231878,0.127,False,Bittrex,Kraken
1477,01-14-2021_05-45-34,ZEC/USD,25.0,112.09,111.97,0.02676420733339382,-0.11323579266660616,0.13999999999999999,False,Binance US,Coinbase Pro
1478,01-14-2021_05-45-46,ZEC/USD,25.0,112.0,111.9,0.022321428571427302,-0.1596785714285727,0.182,False,Bittrex,Coinbase Pro
1479,01-14-2021_05-46-10,ZEC/USD,25.0,112.12,111.98,0.031216553692472476,-0.11878344630752752,0.15,False,Binance US,Coinbase Pro
1480,01-14-2021_05-46-33,ZEC/USD,25.0,112.101,111.96,0.031444857762197784,-0.09555514223780222,0.127,False,Bittrex,Kraken
1481,01-14-2021_05-46-55,ZEC/USD,25.0,112.179,112.0,0.039891601814956906,-0.0871083981850431,0.127,False,Bittrex,Kraken
1482,01-14-2021_05-47-06,ZEC/USD,25.0,112.173,112.03,0.03187041444911001,-0.15012958555088998,0.182,False,Bittrex,Coinbase Pro
1483,01-14-2021_05-47-18,ZEC/USD,25.0,112.12,112.06,0.013378523011060085,-0.13662147698893992,0.15,False,Binance US,Coinbase Pro
1484,01-14-2021_05-47-29,ZEC/USD,25.0,112.2,112.1,0.02228163992870065,-0.16271836007129936,0.185,False,Kraken,Coinbase Pro
1485,01-14-2021_05-47-41,ZEC/USD,25.0,112.215,112.07,0.03230405917212722,-0.14969594082787277,0.182,False,Bittrex,Coinbase Pro
1486,01-14-2021_05-47-51,ZEC/USD,25.0,112.211,112.04,0.03809786919285816,-0.14390213080714184,0.182,False,Bittrex,Coinbase Pro
1487,01-14-2021_05-48-03,ZEC/USD,25.0,112.2,112.07,0.02896613190731053,-0.15603386809268946,0.185,False,Kraken,Coinbase Pro
1488,01-14-2021_05-48-13,ZEC/USD,25.0,112.18,112.02,0.035656979853808786,-0.14934302014619122,0.185,False,Kraken,Coinbase Pro
1489,01-14-2021_05-48-24,ZEC/USD,25.0,112.128,112.05,0.017390839041096548,-0.16460916095890343,0.182,False,Bittrex,Coinbase Pro
1490,01-14-2021_05-48-33,ZEC/USD,25.0,112.12,111.98,0.031216553692472476,-0.11878344630752752,0.15,False,Binance US,Coinbase Pro
1491,01-14-2021_05-49-04,ZEC/USD,25.0,111.9,111.83,0.015638963360144635,-0.16936103663985536,0.185,False,Kraken,Coinbase Pro
1492,01-14-2021_05-49-14,ZEC/USD,25.0,111.965,111.83,0.03014334836779465,-0.15185665163220535,0.182,False,Bittrex,Coinbase Pro
1493,01-14-2021_05-49-25,ZEC/USD,25.0,111.95,111.85,0.022331397945513292,-0.16266860205448672,0.185,False,Kraken,Coinbase Pro
1494,01-14-2021_05-49-36,ZEC/USD,25.0,111.918,111.84,0.01742347075537513,-0.16457652924462488,0.182,False,Bittrex,Coinbase Pro
1495,01-14-2021_05-49-48,ZEC/USD,25.0,112.02,111.9,0.026780931976430625,-0.12321906802356937,0.15,False,Binance US,Coinbase Pro
1496,01-14-2021_05-49-59,ZEC/USD,25.0,112.012,111.87,0.031693032889332375,-0.15030696711066763,0.182,False,Bittrex,Coinbase Pro
1497,01-14-2021_05-50-10,ZEC/USD,25.0,112.01,111.87,0.03124721007052954,-0.10875278992947045,0.13999999999999999,False,Binance US,Coinbase Pro
1498,01-14-2021_05-50-20,ZEC/USD,25.0,112.01,111.87,0.03124721007052954,-0.10875278992947045,0.13999999999999999,False,Binance US,Coinbase Pro
1499,01-14-2021_05-50-32,ZEC/USD,25.0,112.01,111.9,0.024551379341130126,-0.11544862065886986,0.13999999999999999,False,Binance US,Coinbase Pro
1500,01-14-2021_05-50-43,ZEC/USD,25.0,112.01,111.78,0.051334702258727785,-0.0886652977412722,0.13999999999999999,False,Binance US,Coinbase Pro
1501,01-14-2021_05-50-54,ZEC/USD,25.0,112.02,111.78,0.05356186395286442,-0.09643813604713558,0.15,False,Binance US,Coinbase Pro
1502,01-14-2021_05-51-05,ZEC/USD,25.0,111.876,111.74,0.03039078980299838,-0.1516092101970016,0.182,False,Bittrex,Coinbase Pro
1503,01-14-2021_05-51-16,ZEC/USD,25.0,111.876,111.71,0.037094640494836024,-0.14490535950516398,0.182,False,Bittrex,Coinbase Pro
1504,01-14-2021_05-51-27,ZEC/USD,25.0,111.83,111.7,0.029061969060179615,-0.1559380309398204,0.185,False,Kraken,Coinbase Pro
1505,01-14-2021_05-51-37,ZEC/USD,25.0,111.82,111.72,0.02235736004292486,-0.12764263995707514,0.15,False,Binance US,Coinbase Pro
1506,01-14-2021_05-51-59,ZEC/USD,25.0,111.93,111.78,0.03350308228357136,-0.10649691771642864,0.13999999999999999,False,Binance US,Coinbase Pro
1507,01-14-2021_05-52-10,ZEC/USD,25.0,111.848,111.71,0.030845433087763132,-0.15115456691223686,0.182,False,Bittrex,Coinbase Pro
1508,01-14-2021_05-52-21,ZEC/USD,25.0,111.84,111.71,0.029059370529329772,-0.15294062947067022,0.182,False,Bittrex,Coinbase Pro
1509,01-14-2021_05-52-32,ZEC/USD,25.0,111.83,111.71,0.02682643297862929,-0.1551735670213707,0.182,False,Bittrex,Coinbase Pro
1510,01-14-2021_05-52-44,ZEC/USD,25.0,111.824,111.73,0.021015166690512344,-0.16098483330948765,0.182,False,Bittrex,Coinbase Pro
1511,01-14-2021_05-53-06,ZEC/USD,25.0,111.92,111.78,0.03127233738384573,-0.11872766261615426,0.15,False,Binance US,Coinbase Pro
1512,01-14-2021_05-53-16,ZEC/USD,25.0,111.92,111.78,0.03127233738384573,-0.11872766261615426,0.15,False,Binance US,Coinbase Pro
1513,01-14-2021_05-53-28,ZEC/USD,25.0,111.92,111.78,0.03127233738384573,-0.11872766261615426,0.15,False,Binance US,Coinbase Pro
1514,01-14-2021_05-53-40,ZEC/USD,25.0,111.878,111.74,0.03083716190850865,-0.15116283809149134,0.182,False,Bittrex,Coinbase Pro
1515,01-14-2021_05-53-52,ZEC/USD,25.0,111.87,111.78,0.02011263073210052,-0.16188736926789948,0.182,False,Bittrex,Coinbase Pro
1516,01-14-2021_05-54-03,ZEC/USD,25.0,111.97,111.77,0.04465481825489034,-0.13734518174510965,0.182,False,Bittrex,Coinbase Pro
1517,01-14-2021_05-54-13,ZEC/USD,25.0,111.84,111.74,0.02235336194563853,-0.15964663805436147,0.182,False,Bittrex,Coinbase Pro
1518,01-14-2021_05-54-36,ZEC/USD,25.0,111.83,111.74,0.020119824733971968,-0.16188017526602802,0.182,False,Bittrex,Coinbase Pro
1519,01-14-2021_05-54-47,ZEC/USD,25.0,111.824,111.74,0.01877951065960867,-0.16322048934039132,0.182,False,Bittrex,Coinbase Pro
1520,01-14-2021_05-55-09,ZEC/USD,25.0,111.47,111.35,0.026913070781377172,-0.15808692921862283,0.185,False,Kraken,Coinbase Pro
1521,01-14-2021_05-55-20,ZEC/USD,25.0,111.536,111.42,0.02600057380576667,-0.10099942619423333,0.127,False,Bittrex,Kraken
1522,01-14-2021_05-55-31,ZEC/USD,25.0,111.51,111.41,0.022419513944939583,-0.16258048605506042,0.185,False,Kraken,Coinbase Pro
1523,01-14-2021_05-55-52,ZEC/USD,25.0,111.627,111.49,0.03068254096231209,-0.1513174590376879,0.182,False,Bittrex,Coinbase Pro
1524,01-14-2021_05-56-03,ZEC/USD,25.0,111.55,111.26,0.06499327655759571,-0.08500672344240429,0.15,False,Binance US,Coinbase Pro
1525,01-14-2021_05-56-15,ZEC/USD,25.0,111.34,111.26,0.01796299622777041,-0.16703700377222958,0.185,False,Kraken,Coinbase Pro
1526,01-14-2021_05-56-26,ZEC/USD,25.0,111.33,111.27,0.013473457289140905,-0.1685265427108591,0.182,False,Bittrex,Coinbase Pro
1527,01-14-2021_05-56-36,ZEC/USD,25.0,111.25,111.16,0.02022471910112436,-0.16477528089887564,0.185,False,Kraken,Coinbase Pro
1528,01-14-2021_05-56-47,ZEC/USD,25.0,111.24,111.15,0.020226537216826053,-0.16177346278317395,0.182,False,Bittrex,Coinbase Pro
1529,01-14-2021_05-56-58,ZEC/USD,25.0,111.233,111.16,0.01640700151933498,-0.16559299848066503,0.182,False,Bittrex,Coinbase Pro
1530,01-14-2021_05-57-08,ZEC/USD,25.0,111.23,111.16,0.015733165512902856,-0.16926683448709715,0.185,False,Kraken,Coinbase Pro
1531,01-14-2021_05-57-19,ZEC/USD,25.0,111.44,111.28,0.03589375448671855,-0.14910624551328144,0.185,False,Kraken,Coinbase Pro
1532,01-14-2021_05-57-31,ZEC/USD,25.0,111.22,111.11,0.024725768746628178,-0.1602742312533718,0.185,False,Kraken,Coinbase Pro
1533,01-14-2021_05-57-42,ZEC/USD,25.0,111.173,111.11,0.014167108920331913,-0.1678328910796681,0.182,False,Bittrex,Coinbase Pro
1534,01-14-2021_05-57-53,ZEC/USD,25.0,111.23,111.11,0.026971140879260214,-0.12302885912073978,0.15,False,Binance US,Coinbase Pro
1535,01-14-2021_05-58-03,ZEC/USD,25.0,111.23,111.09,0.03146633102580252,-0.11853366897419748,0.15,False,Binance US,Coinbase Pro
1536,01-14-2021_05-58-13,ZEC/USD,25.0,111.23,111.09,0.03146633102580252,-0.11853366897419748,0.15,False,Binance US,Coinbase Pro
1537,01-14-2021_05-58-25,ZEC/USD,25.0,111.173,111.07,0.023162098711019905,-0.1588379012889801,0.182,False,Bittrex,Coinbase Pro
1538,01-14-2021_05-58-36,ZEC/USD,25.0,111.173,111.06,0.025410846158689507,-0.1565891538413105,0.182,False,Bittrex,Coinbase Pro
1539,01-14-2021_05-58-48,ZEC/USD,25.0,111.032,110.95,0.01846314575977953,-0.16353685424022046,0.182,False,Bittrex,Coinbase Pro
1540,01-14-2021_05-58-59,ZEC/USD,25.0,111.024,110.85,0.03918071768266469,-0.14281928231733532,0.182,False,Bittrex,Coinbase Pro
1541,01-14-2021_05-59-10,ZEC/USD,25.0,110.87,110.76,0.02480382429872811,-0.1601961757012719,0.185,False,Kraken,Coinbase Pro
1542,01-14-2021_05-59-20,ZEC/USD,25.0,110.99,110.9,0.02027209658527552,-0.11972790341472447,0.13999999999999999,False,Binance US,Coinbase Pro
1543,01-14-2021_05-59-32,ZEC/USD,25.0,111.052,110.94,0.025213413536003173,-0.15678658646399682,0.182,False,Bittrex,Coinbase Pro
1544,01-14-2021_05-59-43,ZEC/USD,25.0,111.045,110.94,0.023639065243820968,-0.15836093475617902,0.182,False,Bittrex,Coinbase Pro
1545,01-14-2021_05-59-53,ZEC/USD,25.0,111.164,111.0,0.036882443956676954,-0.14511755604332305,0.182,False,Bittrex,Coinbase Pro
1546,01-14-2021_06-00-03,ZEC/USD,25.0,111.05,110.93,0.027014858171992423,-0.03821514182800757,0.06523,False,Kraken,Binance US
1547,01-14-2021_06-00-13,ZEC/USD,25.0,111.151,111.02,0.029464422272404256,-0.15253557772759574,0.182,False,Bittrex,Coinbase Pro
1548,01-14-2021_06-00-25,ZEC/USD,25.0,111.033,110.95,0.018688137760845516,-0.16331186223915448,0.182,False,Bittrex,Coinbase Pro
1549,01-14-2021_06-00-35,ZEC/USD,25.0,111.11,111.02,0.020250202502025787,-0.12974979749797422,0.15,False,Binance US,Coinbase Pro
1550,01-14-2021_06-00-46,ZEC/USD,25.0,111.164,111.03,0.030135655428016342,-0.15186434457198367,0.182,False,Bittrex,Coinbase Pro
1551,01-14-2021_06-00-57,ZEC/USD,25.0,111.23,111.05,0.04045671131889032,-0.10954328868110967,0.15,False,Binance US,Coinbase Pro
1552,01-14-2021_06-01-08,ZEC/USD,25.0,111.66,111.41,0.05597349095468386,-0.09402650904531613,0.15,False,Binance US,Coinbase Pro
1553,01-14-2021_06-01-19,ZEC/USD,25.0,111.677,111.6,0.017237210884965656,-0.16476278911503434,0.182,False,Bittrex,Coinbase Pro
1554,01-14-2021_06-01-29,ZEC/USD,25.0,111.86,111.65,0.04693366708385342,-0.038066332916146584,0.085,False,Binance US,Kraken
1555,01-14-2021_06-01-40,ZEC/USD,25.0,111.746,111.63,0.0259517119180999,-0.1560482880819001,0.182,False,Bittrex,Coinbase Pro
1556,01-14-2021_06-01-51,ZEC/USD,25.0,111.85,111.63,0.04917299955297248,-0.0908270004470275,0.13999999999999999,False,Binance US,Coinbase Pro
1557,01-14-2021_06-02-02,ZEC/USD,25.0,112.217,111.84,0.08398905691650894,-0.04301094308349106,0.127,False,Bittrex,Kraken
1558,01-14-2021_06-02-13,ZEC/USD,25.0,112.071,111.88,0.04260691882824337,-0.019613081171756627,0.06222,False,Bittrex,Binance US
1559,01-14-2021_06-02-24,ZEC/USD,25.0,112.222,111.88,0.07618826967974167,0.013968269679741671,0.06222,True,Bittrex,Binance US
1560,01-14-2021_06-02-36,ZEC/USD,25.0,112.102,111.88,0.04950848334552648,-0.012711516654473516,0.06222,False,Bittrex,Binance US
1561,01-14-2021_06-02-45,ZEC/USD,25.0,111.99,111.86,0.029020448254307406,-0.15297955174569258,0.182,False,Bittrex,Coinbase Pro
1562,01-14-2021_06-02-56,ZEC/USD,25.0,111.954,111.88,0.016524644050234488,-0.04569535594976551,0.06222,False,Bittrex,Binance US
1563,01-14-2021_06-03-08,ZEC/USD,25.0,112.169,111.88,0.06441173586285014,0.0021917358628501388,0.06222,False,Bittrex,Binance US
1564,01-14-2021_06-03-19,ZEC/USD,25.0,112.052,111.88,0.03837504015992826,-0.02384495984007174,0.06222,False,Bittrex,Binance US
1565,01-14-2021_06-03-30,ZEC/USD,25.0,112.045,111.88,0.036815565174707986,-0.025404434825292012,0.06222,False,Bittrex,Binance US
1566,01-14-2021_06-03-41,ZEC/USD,25.0,112.052,111.88,0.03837504015992826,-0.02384495984007174,0.06222,False,Bittrex,Binance US
1567,01-14-2021_06-03-53,ZEC/USD,25.0,112.045,111.88,0.036815565174707986,-0.025404434825292012,0.06222,False,Bittrex,Binance US
1568,01-14-2021_06-04-03,ZEC/USD,25.0,112.137,111.88,0.0572959861597878,-0.004924013840212196,0.06222,False,Bittrex,Binance US
1569,01-14-2021_06-04-15,ZEC/USD,25.0,112.104,111.88,0.0499536145008215,-0.012266385499178495,0.06222,False,Bittrex,Binance US
1570,01-14-2021_06-04-27,ZEC/USD,25.0,112.195,111.88,0.07019029368510134,0.00797029368510134,0.06222,False,Bittrex,Binance US
1571,01-14-2021_06-04-39,ZEC/USD,25.0,112.018,111.88,0.030798621650093116,-0.03142137834990688,0.06222,False,Bittrex,Binance US
1572,01-14-2021_06-04-50,ZEC/USD,25.0,112.115,111.88,0.05240155197787973,-0.009818448022120264,0.06222,False,Bittrex,Binance US
1573,01-14-2021_06-05-01,ZEC/USD,25.0,112.19,111.88,0.06907924057402672,0.006859240574026718,0.06222,False,Bittrex,Binance US
1574,01-14-2021_06-05-12,ZEC/USD,25.0,112.186,111.88,0.06819032677874502,0.005970326778745025,0.06222,False,Bittrex,Binance US
1575,01-14-2021_06-05-22,ZEC/USD,25.0,112.347,111.88,0.10391910776433701,0.04169910776433701,0.06222,True,Bittrex,Binance US
1576,01-14-2021_06-05-33,ZEC/USD,25.0,112.18,111.88,0.0668568372258895,0.0016368372258895036,0.06522,False,Kraken,Binance US
1577,01-14-2021_06-05-43,ZEC/USD,25.0,112.1,111.88,0.04906333630686861,-0.016156663693131387,0.06522,False,Kraken,Binance US
1578,01-14-2021_06-05-54,ZEC/USD,25.0,112.181,111.88,0.06707909539048545,0.004859095390485457,0.06222,False,Bittrex,Binance US
1579,01-14-2021_06-06-05,ZEC/USD,25.0,112.171,111.88,0.06485633541646482,0.0026363354164648245,0.06222,False,Bittrex,Binance US
1580,01-14-2021_06-06-16,ZEC/USD,25.0,112.161,111.88,0.06263317909077262,0.00041317909077262516,0.06222,False,Bittrex,Binance US
1581,01-14-2021_06-06-27,ZEC/USD,25.0,112.18,111.88,0.0668568372258895,0.0016368372258895036,0.06522,False,Kraken,Binance US
1582,01-14-2021_06-06-37,ZEC/USD,25.0,112.15,111.88,0.0601872492197972,-0.060032750780202794,0.12022,False,Coinbase Pro,Binance US
1583,01-14-2021_06-06-47,ZEC/USD,25.0,112.16,111.88,0.06241084165477914,-0.002809158345220858,0.06522,False,Kraken,Binance US
1584,01-14-2021_06-06-58,ZEC/USD,25.0,112.159,111.88,0.0621885002541059,-3.149974589410076e-05,0.06222,False,Bittrex,Binance US
1585,01-14-2021_06-07-08,ZEC/USD,25.0,112.151,111.88,0.06040962630738932,-0.0018103736926106742,0.06222,False,Bittrex,Binance US
1586,01-14-2021_06-07-19,ZEC/USD,25.0,112.147,111.88,0.059520094162128744,-0.002699905837871254,0.06222,False,Bittrex,Binance US
1587,01-14-2021_06-07-29,ZEC/USD,25.0,112.09,111.88,0.046837362833439186,-0.018382637166560814,0.06522,False,Kraken,Binance US
1588,01-14-2021_06-07-40,ZEC/USD,25.0,112.047,111.88,0.03726114933911698,-0.02495885066088302,0.06222,False,Bittrex,Binance US
1589,01-14-2021_06-07-51,ZEC/USD,25.0,112.06,111.88,0.040157058718545156,-0.025062941281454844,0.06522,False,Kraken,Binance US
1590,01-14-2021_06-08-03,ZEC/USD,25.0,112.001,111.88,0.02700868742243581,-0.035211312577564186,0.06222,False,Bittrex,Binance US
1591,01-14-2021_06-08-14,ZEC/USD,25.0,112.08,111.88,0.04461099214846602,-0.02060900785153398,0.06522,False,Kraken,Binance US
1592,01-14-2021_06-08-24,ZEC/USD,25.0,112.074,111.88,0.04327497903171178,-0.01894502096828822,0.06222,False,Bittrex,Binance US
1593,01-14-2021_06-08-34,ZEC/USD,25.0,112.068,111.88,0.04193882285755131,-0.02028117714244869,0.06222,False,Bittrex,Binance US
1594,01-14-2021_06-08-46,ZEC/USD,25.0,112.04,111.88,0.03570153516601455,-0.02951846483398545,0.06522,False,Kraken,Binance US
1595,01-14-2021_06-08-57,ZEC/USD,25.0,112.19,111.88,0.06907924057402672,0.006859240574026718,0.06222,False,Bittrex,Binance US
1596,01-14-2021_06-09-08,ZEC/USD,25.0,112.072,111.88,0.042829609536728014,-0.019390390463271984,0.06222,False,Bittrex,Binance US
1597,01-14-2021_06-09-19,ZEC/USD,25.0,112.268,111.88,0.08640039904514314,0.024180399045143144,0.06222,True,Bittrex,Binance US
1598,01-14-2021_06-09-31,ZEC/USD,25.0,112.262,111.88,0.08506885678145877,0.022848856781458773,0.06222,True,Bittrex,Binance US
1599,01-14-2021_06-09-41,ZEC/USD,25.0,112.335,111.88,0.10125962522811198,0.03903962522811198,0.06222,True,Bittrex,Binance US
1600,01-14-2021_06-09-53,ZEC/USD,25.0,112.194,111.88,0.06996809098525927,0.007748090985259276,0.06222,False,Bittrex,Binance US
1601,01-14-2021_06-10-04,ZEC/USD,25.0,112.167,111.88,0.06396712045432394,0.0017471204543239444,0.06222,False,Bittrex,Binance US
1602,01-14-2021_06-10-15,ZEC/USD,25.0,112.332,111.88,0.10059466581205671,0.038374665812056716,0.06222,True,Bittrex,Binance US
1603,01-14-2021_06-10-28,ZEC/USD,25.0,112.33,111.88,0.10015133980236866,0.037931339802368666,0.06222,True,Bittrex,Binance US
1604,01-14-2021_06-10-39,ZEC/USD,25.0,112.287,111.88,0.09061601075814892,0.028396010758148918,0.06222,True,Bittrex,Binance US
1605,01-14-2021_06-10-51,ZEC/USD,25.0,112.243,111.88,0.0808513671231167,0.018631367123116707,0.06222,True,Bittrex,Binance US
1606,01-14-2021_06-11-02,ZEC/USD,25.0,112.241,111.88,0.08040733778209483,0.01818733778209483,0.06222,True,Bittrex,Binance US
1607,01-14-2021_06-11-12,ZEC/USD,25.0,112.353,111.88,0.1052486359954783,0.04302863599547831,0.06222,True,Bittrex,Binance US
1608,01-14-2021_06-11-24,ZEC/USD,25.0,112.497,111.88,0.13711476750491222,0.07489476750491222,0.06222,True,Bittrex,Binance US
1609,01-14-2021_06-11-36,ZEC/USD,25.0,112.41,111.88,0.11787207543812853,0.052652075438128526,0.06522,True,Kraken,Binance US
1610,01-14-2021_06-11-48,ZEC/USD,25.0,112.39,111.88,0.11344425660646079,0.04822425660646079,0.06522,True,Kraken,Binance US
1611,01-14-2021_06-11-59,ZEC/USD,25.0,112.385,111.88,0.11233705565689586,0.050117055656895865,0.06222,True,Bittrex,Binance US
1612,01-14-2021_06-12-12,ZEC/USD,25.0,112.26,111.88,0.08462497773027117,0.019404977730271167,0.06522,True,Kraken,Binance US
1613,01-14-2021_06-12-25,ZEC/USD,25.0,112.34,111.88,0.10236781199928964,0.03714781199928964,0.06522,True,Kraken,Binance US
1614,01-14-2021_06-12-36,ZEC/USD,25.0,112.322,111.88,0.09837787788679138,0.03615787788679138,0.06222,True,Bittrex,Binance US
1615,01-14-2021_06-12-48,ZEC/USD,25.0,112.35,112.28,0.015576323987537425,-0.07942367601246257,0.095,False,Binance US,Kraken
1616,01-14-2021_06-13-10,ZEC/USD,25.0,112.44,112.29,0.033351120597650184,-0.1166488794023498,0.15,False,Binance US,Coinbase Pro
1617,01-14-2021_06-13-22,ZEC/USD,25.0,112.44,112.29,0.033351120597650184,-0.1166488794023498,0.15,False,Binance US,Coinbase Pro
1618,01-14-2021_06-13-34,ZEC/USD,25.0,112.36,112.29,0.015574937700247682,-0.13442506229975232,0.15,False,Binance US,Coinbase Pro
1619,01-14-2021_06-13-58,ZEC/USD,25.0,112.441,112.3,0.031349774548431034,-0.15065022545156898,0.182,False,Bittrex,Coinbase Pro
1620,01-14-2021_06-14-10,ZEC/USD,25.0,112.6,112.31,0.06438721136767141,-0.030612788632328594,0.095,False,Binance US,Kraken
1621,01-14-2021_06-14-21,ZEC/USD,25.0,112.59,112.35,0.053290700772717185,-0.041709299227282816,0.095,False,Binance US,Kraken
1622,01-14-2021_06-14-44,ZEC/USD,25.0,112.691,112.6,0.020187947573454885,-0.16181205242654512,0.182,False,Bittrex,Coinbase Pro
1623,01-14-2021_06-14-55,ZEC/USD,25.0,112.764,112.6,0.03635912170550918,-0.09064087829449083,0.127,False,Bittrex,Kraken
1624,01-14-2021_06-15-06,ZEC/USD,25.0,113.19,112.92,0.05963424330771182,-0.005585756692288182,0.06522,False,Kraken,Binance US
1625,01-14-2021_06-15-16,ZEC/USD,25.0,113.25,112.92,0.07284768211920492,0.0076276821192049205,0.06522,False,Kraken,Binance US
1626,01-14-2021_06-15-26,ZEC/USD,25.0,113.235,112.92,0.0695456351834675,0.007325635183467502,0.06222,False,Bittrex,Binance US
1627,01-14-2021_06-15-38,ZEC/USD,25.0,113.21,112.92,0.06404027912728383,-0.0011797208727161723,0.06522,False,Kraken,Binance US
1628,01-14-2021_06-15-51,ZEC/USD,25.0,113.35,112.98,0.08160564622849369,-0.06839435377150631,0.15,False,Binance US,Coinbase Pro
1629,01-14-2021_06-16-02,ZEC/USD,25.0,113.16,112.86,0.06627783669140977,-0.08372216330859023,0.15,False,Binance US,Coinbase Pro
1630,01-14-2021_06-16-13,ZEC/USD,25.0,113.05,112.86,0.04201680672268857,-0.10798319327731143,0.15,False,Binance US,Coinbase Pro
1631,01-14-2021_06-16-25,ZEC/USD,25.0,112.909,112.83,0.01749196255391681,-0.1645080374460832,0.182,False,Bittrex,Coinbase Pro
1632,01-14-2021_06-16-36,ZEC/USD,25.0,112.87,112.7,0.03765393815894429,-0.04734606184105571,0.085,False,Binance US,Kraken
1633,01-14-2021_06-16-58,ZEC/USD,25.0,112.97,112.85,0.02655572275825541,-0.0684442772417446,0.095,False,Binance US,Kraken
1634,01-14-2021_06-17-09,ZEC/USD,25.0,112.95,112.78,0.037627268702966295,-0.1123727312970337,0.15,False,Binance US,Coinbase Pro
1635,01-14-2021_06-17-20,ZEC/USD,25.0,112.95,112.84,0.024347056219566055,-0.07065294378043395,0.095,False,Binance US,Kraken
1636,01-14-2021_06-17-31,ZEC/USD,25.0,112.861,112.75,0.024587767253525177,-0.1574122327464748,0.182,False,Bittrex,Coinbase Pro
1637,01-14-2021_06-17-42,ZEC/USD,25.0,112.84,112.72,0.026586316908898563,-0.15841368309110143,0.185,False,Kraken,Coinbase Pro
1638,01-14-2021_06-17-55,ZEC/USD,25.0,112.82,112.73,0.019943272469417923,-0.13005672753058206,0.15,False,Binance US,Coinbase Pro
1639,01-14-2021_06-18-05,ZEC/USD,25.0,112.82,112.71,0.024375110795958038,-0.12562488920404197,0.15,False,Binance US,Coinbase Pro
1640,01-14-2021_06-18-27,ZEC/USD,25.0,112.82,112.72,0.02215919163268798,-0.12784080836731201,0.15,False,Binance US,Coinbase Pro
1641,01-14-2021_06-18-38,ZEC/USD,25.0,112.82,112.72,0.02215919163268798,-0.12784080836731201,0.15,False,Binance US,Coinbase Pro
1642,01-14-2021_06-18-49,ZEC/USD,25.0,112.7,112.5,0.044365572315883506,-0.1406344276841165,0.185,False,Kraken,Coinbase Pro
1643,01-14-2021_06-18-59,ZEC/USD,25.0,112.66,112.5,0.035505059470973856,-0.11449494052902615,0.15,False,Binance US,Coinbase Pro
1644,01-14-2021_06-19-11,ZEC/USD,25.0,112.66,112.51,0.03328599325403681,-0.11671400674596319,0.15,False,Binance US,Coinbase Pro
1645,01-14-2021_06-19-33,ZEC/USD,25.0,112.56,112.36,0.04442075337597789,-0.05057924662402211,0.095,False,Binance US,Kraken
1646,01-14-2021_06-19-44,ZEC/USD,25.0,112.56,112.37,0.04219971570717789,-0.1078002842928221,0.15,False,Binance US,Coinbase Pro
1647,01-14-2021_06-19-56,ZEC/USD,25.0,112.47,112.37,0.02222814972881531,-0.16277185027118468,0.185,False,Kraken,Coinbase Pro
1648,01-14-2021_06-20-19,ZEC/USD,25.0,112.56,112.52,0.00888415067519684,-0.17611584932480315,0.185,False,Kraken,Coinbase Pro
1649,01-14-2021_06-20-30,ZEC/USD,25.0,112.74,112.61,0.028827390455915262,-0.06617260954408474,0.095,False,Binance US,Kraken
1650,01-14-2021_06-20-42,ZEC/USD,25.0,112.794,112.54,0.05629732077947202,-0.12570267922052797,0.182,False,Bittrex,Coinbase Pro
1651,01-14-2021_06-20-52,ZEC/USD,25.0,112.499,112.38,0.026444679508262244,-0.15555532049173776,0.182,False,Bittrex,Coinbase Pro
1652,01-14-2021_06-21-04,ZEC/USD,25.0,112.32,112.16,0.03561253561253486,-0.14938746438746514,0.185,False,Kraken,Coinbase Pro
1653,01-14-2021_06-21-15,ZEC/USD,25.0,112.47,112.27,0.044456299457633776,-0.14054370054236623,0.185,False,Kraken,Coinbase Pro
1654,01-14-2021_06-21-26,ZEC/USD,25.0,112.55,112.35,0.044424700133274736,-0.10557529986672526,0.15,False,Binance US,Coinbase Pro
1655,01-14-2021_06-21-49,ZEC/USD,25.0,112.501,112.44,0.013555435062801007,-0.16844456493719898,0.182,False,Bittrex,Coinbase Pro
1656,01-14-2021_06-21-59,ZEC/USD,25.0,112.489,112.44,0.010889953684361714,-0.17111004631563828,0.182,False,Bittrex,Coinbase Pro
1657,01-14-2021_06-22-09,ZEC/USD,25.0,112.46,112.24,0.04890627778765758,-0.13609372221234242,0.185,False,Kraken,Coinbase Pro
1658,01-14-2021_06-22-21,ZEC/USD,25.0,112.46,112.053,0.09047661390716621,-0.03652338609283379,0.127,False,Kraken,Bittrex
1659,01-14-2021_06-22-43,ZEC/USD,25.0,112.04,111.93,0.024544805426633218,-0.11545519457336677,0.13999999999999999,False,Binance US,Coinbase Pro
1660,01-14-2021_06-22-55,ZEC/USD,25.0,112.02,111.87,0.033476164970539075,-0.11652383502946093,0.15,False,Binance US,Coinbase Pro
1661,01-14-2021_06-23-06,ZEC/USD,25.0,111.89,111.77,0.026812047546698668,-0.12318795245330133,0.15,False,Binance US,Coinbase Pro
1662,01-14-2021_06-23-18,ZEC/USD,25.0,112.14,111.92,0.04904583556268924,-0.09095416443731075,0.13999999999999999,False,Binance US,Coinbase Pro
1663,01-14-2021_06-23-29,ZEC/USD,25.0,112.35,112.04,0.06898086337338409,-0.02601913662661591,0.095,False,Binance US,Kraken
1664,01-14-2021_06-23-41,ZEC/USD,25.0,112.18,112.03,0.03342841861294475,-0.11657158138705524,0.15,False,Binance US,Coinbase Pro
1665,01-14-2021_06-23-52,ZEC/USD,25.0,112.204,112.04,0.03654058678834696,-0.09045941321165304,0.127,False,Bittrex,Kraken
1666,01-14-2021_06-24-04,ZEC/USD,25.0,111.905,111.77,0.0301595102989154,-0.1518404897010846,0.182,False,Bittrex,Coinbase Pro
1667,01-14-2021_06-24-27,ZEC/USD,25.0,112.4,112.29,0.024466192170818378,-0.03775380782918162,0.06222,False,Bittrex,Binance US
1668,01-14-2021_06-24-39,ZEC/USD,25.0,112.43,112.22,0.046695721782444174,-0.10330427821755582,0.15,False,Binance US,Coinbase Pro
1669,01-14-2021_06-24-50,ZEC/USD,25.0,112.13,112.08,0.011147774904128502,-0.1738522250958715,0.185,False,Kraken,Coinbase Pro
1670,01-14-2021_06-25-12,ZEC/USD,25.0,111.99,111.84,0.0334851326011232,-0.11651486739887679,0.15,False,Binance US,Coinbase Pro
1671,01-14-2021_06-25-25,ZEC/USD,25.0,112.12,111.79,0.0735818765608273,-0.07641812343917269,0.15,False,Binance US,Coinbase Pro
1672,01-14-2021_06-25-38,ZEC/USD,25.0,111.887,111.84,0.010501666860313764,-0.17149833313968624,0.182,False,Bittrex,Coinbase Pro
1673,01-14-2021_06-25-49,ZEC/USD,25.0,111.99,111.83,0.03571747477453268,-0.11428252522546731,0.15,False,Binance US,Coinbase Pro
1674,01-14-2021_06-26-11,ZEC/USD,25.0,112.02,111.84,0.040171397964647526,-0.10982860203535247,0.15,False,Binance US,Coinbase Pro
1675,01-14-2021_06-26-22,ZEC/USD,25.0,112.0,111.75,0.05580357142857143,-0.09419642857142857,0.15,False,Binance US,Coinbase Pro
1676,01-14-2021_06-26-34,ZEC/USD,25.0,111.847,111.74,0.0239166003558431,-0.1580833996441569,0.182,False,Bittrex,Coinbase Pro
1677,01-14-2021_06-26-45,ZEC/USD,25.0,111.96,111.84,0.026795284030008564,-0.15820471596999144,0.185,False,Kraken,Coinbase Pro
1678,01-14-2021_06-27-08,ZEC/USD,25.0,111.918,111.8,0.02635858396326087,-0.03586141603673913,0.06222,False,Bittrex,Binance US
1679,01-14-2021_06-27-20,ZEC/USD,25.0,112.11,111.8,0.06912853447506964,0.003908534475069642,0.06522,False,Kraken,Binance US
1680,01-14-2021_06-27-31,ZEC/USD,25.0,112.024,111.8,0.04998928800971304,-0.012230711990286955,0.06222,False,Bittrex,Binance US
1681,01-14-2021_06-27-53,ZEC/USD,25.0,112.145,112.1,0.01003165544607466,-0.11696834455392534,0.127,False,Bittrex,Kraken
1682,01-14-2021_06-28-04,ZEC/USD,25.0,112.141,112.1,0.00914027875621116,-0.17285972124378884,0.182,False,Bittrex,Coinbase Pro
1683,01-14-2021_06-28-14,ZEC/USD,25.0,112.14,112.12,0.004458712323879976,-0.18054128767612002,0.185,False,Kraken,Coinbase Pro
1684,01-14-2021_06-28-24,ZEC/USD,25.0,112.25,112.13,0.02672605790645981,-0.12327394209354019,0.15,False,Binance US,Coinbase Pro
1685,01-14-2021_06-28-35,ZEC/USD,25.0,112.23,112.116,0.025394279604384815,-0.05660572039561519,0.082,False,Binance US,Bittrex
1686,01-14-2021_06-28-45,ZEC/USD,25.0,112.46,112.39,0.015561088386980523,-0.12443891161301947,0.13999999999999999,False,Binance US,Coinbase Pro
1687,01-14-2021_06-28-54,ZEC/USD,25.0,112.5,112.45,0.011111111111110478,-0.1738888888888895,0.185,False,Coinbase Pro,Kraken
1688,01-14-2021_06-29-05,ZEC/USD,25.0,112.54,112.43,0.024435756175581885,-0.1255642438244181,0.15,False,Binance US,Coinbase Pro
1689,01-14-2021_06-29-15,ZEC/USD,25.0,112.4,112.388,0.002669039145907574,-0.08933096085409242,0.092,False,Binance US,Bittrex
1690,01-14-2021_06-29-28,ZEC/USD,25.0,112.34,112.27,0.015577710521632407,-0.1344222894783676,0.15,False,Binance US,Coinbase Pro
1691,01-14-2021_06-29-39,ZEC/USD,25.0,112.34,112.27,0.015577710521632407,-0.1344222894783676,0.15,False,Binance US,Coinbase Pro
1692,01-14-2021_06-29-50,ZEC/USD,25.0,112.39,112.24,0.03336595782543057,-0.15163404217456944,0.185,False,Kraken,Coinbase Pro
1693,01-14-2021_06-30-01,ZEC/USD,25.0,112.26,112.2,0.01336183858899035,-0.17163816141100965,0.185,False,Kraken,Coinbase Pro
1694,01-14-2021_06-30-13,ZEC/USD,25.0,112.694,112.35,0.07631284717908858,-0.10568715282091141,0.182,False,Bittrex,Coinbase Pro
1695,01-14-2021_06-30-22,ZEC/USD,25.0,112.47,112.26,0.04667911443051342,-0.10332088556948657,0.15,False,Binance US,Coinbase Pro
1696,01-14-2021_06-30-32,ZEC/USD,25.0,112.29,112.15,0.031169293792857905,-0.1538307062071421,0.185,False,Kraken,Coinbase Pro
1697,01-14-2021_06-30-42,ZEC/USD,25.0,112.27,112.17,0.022267747394672292,-0.1277322526053277,0.15,False,Binance US,Coinbase Pro
1698,01-14-2021_06-30-52,ZEC/USD,25.0,112.27,112.1,0.03785517057094542,-0.11214482942905457,0.15,False,Binance US,Coinbase Pro
1699,01-14-2021_06-31-02,ZEC/USD,25.0,112.26,112.1,0.035631569570641994,-0.149368430429358,0.185,False,Kraken,Coinbase Pro
1700,01-14-2021_06-31-12,ZEC/USD,25.0,112.26,112.15,0.024496704079814587,-0.16050329592018542,0.185,False,Kraken,Coinbase Pro
1701,01-14-2021_06-31-21,ZEC/USD,25.0,112.26,112.1,0.035631569570641994,-0.149368430429358,0.185,False,Kraken,Coinbase Pro
1702,01-14-2021_06-31-33,ZEC/USD,25.0,112.26,112.12,0.031177623374309765,-0.15382237662569023,0.185,False,Kraken,Coinbase Pro
1703,01-14-2021_06-31-44,ZEC/USD,25.0,112.26,112.17,0.020042757883485526,-0.16495724211651447,0.185,False,Kraken,Coinbase Pro
1704,01-14-2021_06-31-55,ZEC/USD,25.0,112.21,112.136,0.016486944122626787,-0.06551305587737322,0.082,False,Binance US,Bittrex
1705,01-14-2021_06-32-06,ZEC/USD,25.0,112.217,112.17,0.01047078428402048,-0.1715292157159795,0.182,False,Bittrex,Coinbase Pro
1706,01-14-2021_06-32-17,ZEC/USD,25.0,112.29,112.21,0.017811025024492944,-0.07718897497550706,0.095,False,Binance US,Kraken
1707,01-14-2021_06-32-27,ZEC/USD,25.0,112.4,112.31,0.020017793594306808,-0.1649822064056932,0.185,False,Kraken,Coinbase Pro
1708,01-14-2021_06-32-37,ZEC/USD,25.0,112.48,112.366,0.025337837837838797,-0.0666621621621612,0.092,False,Binance US,Bittrex
1709,01-14-2021_06-32-47,ZEC/USD,25.0,112.57,112.49,0.017766722927955562,-0.16723327707204444,0.185,False,Kraken,Coinbase Pro
1710,01-14-2021_06-32-57,ZEC/USD,25.0,112.56,112.49,0.015547263681593681,-0.13445273631840632,0.15,False,Binance US,Coinbase Pro
1711,01-14-2021_06-33-07,ZEC/USD,25.0,112.592,112.53,0.013766519823788015,-0.16823348017621198,0.182,False,Bittrex,Coinbase Pro
1712,01-14-2021_06-33-17,ZEC/USD,25.0,112.44,112.379,0.013562789043043588,-0.11343721095695641,0.127,False,Kraken,Bittrex
1713,01-14-2021_06-33-27,ZEC/USD,25.0,112.51,112.34,0.03777442005155135,-0.10222557994844864,0.13999999999999999,False,Binance US,Coinbase Pro
1714,01-14-2021_06-33-37,ZEC/USD,25.0,112.51,112.47,0.00888809883566044,-0.13111190116433954,0.13999999999999999,False,Binance US,Coinbase Pro
1715,01-14-2021_06-33-47,ZEC/USD,25.0,112.47,112.37,0.02222814972881531,-0.16277185027118468,0.185,False,Kraken,Coinbase Pro
1716,01-14-2021_06-33-57,ZEC/USD,25.0,112.45,112.34,0.024455313472654384,-0.1255446865273456,0.15,False,Binance US,Coinbase Pro
1717,01-14-2021_06-34-07,ZEC/USD,25.0,112.45,112.34,0.024455313472654384,-0.1255446865273456,0.15,False,Binance US,Coinbase Pro
1718,01-14-2021_06-34-19,ZEC/USD,25.0,112.42,112.31,0.024461839530332555,-0.12553816046966743,0.15,False,Binance US,Coinbase Pro
1719,01-14-2021_06-34-29,ZEC/USD,25.0,112.43,112.34,0.020012452192476077,-0.12998754780752392,0.15,False,Binance US,Coinbase Pro
1720,01-14-2021_06-34-40,ZEC/USD,25.0,112.42,112.29,0.028909446717664884,-0.12109055328233512,0.15,False,Binance US,Coinbase Pro
1721,01-14-2021_06-34-51,ZEC/USD,25.0,112.43,112.31,0.0266832695899681,-0.1233167304100319,0.15,False,Binance US,Coinbase Pro
1722,01-14-2021_06-35-01,ZEC/USD,25.0,112.33,112.28,0.011127926644706927,-0.13887207335529306,0.15,False,Binance US,Coinbase Pro
1723,01-14-2021_06-35-11,ZEC/USD,25.0,112.43,112.37,0.01334163479498405,-0.17165836520501596,0.185,False,Kraken,Coinbase Pro
1724,01-14-2021_06-35-22,ZEC/USD,25.0,112.43,112.37,0.01334163479498405,-0.08165836520501595,0.095,False,Binance US,Kraken
1725,01-14-2021_06-35-32,ZEC/USD,25.0,112.43,112.2,0.05114293338077114,-0.04385706661922886,0.095,False,Binance US,Kraken
1726,01-14-2021_06-35-42,ZEC/USD,25.0,112.303,112.2,0.022929040185924336,-0.10407095981407566,0.127,False,Bittrex,Kraken
1727,01-14-2021_06-35-53,ZEC/USD,25.0,112.453,112.2,0.056245720434314805,-0.0707542795656852,0.127,False,Bittrex,Kraken
1728,01-14-2021_06-36-02,ZEC/USD,25.0,112.446,112.2,0.05469291926791418,-0.07230708073208582,0.127,False,Bittrex,Kraken
1729,01-14-2021_06-36-12,ZEC/USD,25.0,112.437,112.2,0.0526961765255198,-0.0743038234744802,0.127,False,Bittrex,Kraken
1730,01-14-2021_06-36-22,ZEC/USD,25.0,112.43,112.2,0.05114293338077114,-0.04385706661922886,0.095,False,Binance US,Kraken
1731,01-14-2021_06-36-32,ZEC/USD,25.0,112.363,112.2,0.03626638662192997,-0.09073361337807004,0.127,False,Bittrex,Kraken
1732,01-14-2021_06-36-45,ZEC/USD,25.0,112.31,112.19,0.02671177989493468,-0.06828822010506533,0.095,False,Binance US,Kraken
1733,01-14-2021_06-36-56,ZEC/USD,25.0,112.4,112.26,0.03113879003558731,-0.11886120996441268,0.15,False,Binance US,Coinbase Pro
1734,01-14-2021_06-37-07,ZEC/USD,25.0,112.378,112.27,0.024026054921782756,-0.15797394507821724,0.182,False,Bittrex,Coinbase Pro
1735,01-14-2021_06-37-16,ZEC/USD,25.0,112.31,112.22,0.020033834921201008,-0.129966165078799,0.15,False,Binance US,Coinbase Pro
1736,01-14-2021_06-37-26,ZEC/USD,25.0,112.43,112.34,0.020012452192476077,-0.12998754780752392,0.15,False,Binance US,Coinbase Pro
1737,01-14-2021_06-37-36,ZEC/USD,25.0,112.42,112.32,0.02223803593666797,-0.16276196406333204,0.185,False,Kraken,Coinbase Pro
1738,01-14-2021_06-37-46,ZEC/USD,25.0,112.387,112.33,0.012679402421988789,-0.1693205975780112,0.182,False,Bittrex,Coinbase Pro
1739,01-14-2021_06-37-58,ZEC/USD,25.0,112.37,112.26,0.02447272403666446,-0.16052727596333555,0.185,False,Kraken,Coinbase Pro
1740,01-14-2021_06-38-07,ZEC/USD,25.0,112.33,112.21,0.026707023947299152,-0.12329297605270084,0.15,False,Binance US,Coinbase Pro
1741,01-14-2021_06-38-17,ZEC/USD,25.0,112.33,112.21,0.026707023947299152,-0.12329297605270084,0.15,False,Binance US,Coinbase Pro
1742,01-14-2021_06-38-26,ZEC/USD,25.0,112.33,112.19,0.03115819460518129,-0.1188418053948187,0.15,False,Binance US,Coinbase Pro
1743,01-14-2021_06-38-35,ZEC/USD,25.0,112.33,112.2,0.02893260927623864,-0.06606739072376136,0.095,False,Binance US,Kraken
1744,01-14-2021_06-38-45,ZEC/USD,25.0,112.33,112.21,0.026707023947299152,-0.12329297605270084,0.15,False,Binance US,Coinbase Pro
1745,01-14-2021_06-38-54,ZEC/USD,25.0,112.421,112.25,0.03802670319602353,-0.024193296803976465,0.06222,False,Bittrex,Binance US
1746,01-14-2021_06-39-03,ZEC/USD,25.0,112.37,112.25,0.026697517130907837,-0.03852248286909216,0.06522,False,Kraken,Binance US
1747,01-14-2021_06-39-13,ZEC/USD,25.0,112.37,112.24,0.02892231022515121,-0.1560776897748488,0.185,False,Kraken,Coinbase Pro
1748,01-14-2021_06-39-23,ZEC/USD,25.0,112.37,112.25,0.026697517130907837,-0.15830248286909215,0.185,False,Kraken,Coinbase Pro
1749,01-14-2021_06-39-34,ZEC/USD,25.0,112.37,112.25,0.026697517130907837,-0.03852248286909216,0.06522,False,Kraken,Binance US
1750,01-14-2021_06-39-43,ZEC/USD,25.0,112.35,112.25,0.02225189141076865,-0.04296810858923135,0.06522,False,Kraken,Binance US
1751,01-14-2021_06-39-54,ZEC/USD,25.0,112.36,112.25,0.024474902100391473,-0.04074509789960853,0.06522,False,Kraken,Binance US
1752,01-14-2021_06-40-05,ZEC/USD,25.0,112.743,112.25,0.1093194255962665,0.04709942559626651,0.06222,True,Bittrex,Binance US
1753,01-14-2021_06-40-16,ZEC/USD,25.0,112.43,112.42,0.002223605799165062,-0.14777639420083494,0.15,False,Binance US,Coinbase Pro
1754,01-14-2021_06-40-27,ZEC/USD,25.0,112.42,112.39,0.0066714107810000745,-0.1783285892189999,0.185,False,Kraken,Coinbase Pro
1755,01-14-2021_06-40-38,ZEC/USD,25.0,112.43,112.35,0.017788846393314173,-0.07721115360668583,0.095,False,Binance US,Kraken
1756,01-14-2021_06-40-48,ZEC/USD,25.0,112.43,112.42,0.002223605799165062,-0.14777639420083494,0.15,False,Binance US,Coinbase Pro
1757,01-14-2021_06-40-59,ZEC/USD,25.0,112.4,112.31,0.020017793594306808,-0.1649822064056932,0.185,False,Kraken,Coinbase Pro
1758,01-14-2021_06-41-10,ZEC/USD,25.0,112.47,112.35,0.0266737796745809,-0.1233262203254191,0.15,False,Binance US,Coinbase Pro
1759,01-14-2021_06-41-20,ZEC/USD,25.0,112.48,112.4,0.017780938833570032,-0.07721906116642997,0.095,False,Binance US,Kraken
1760,01-14-2021_06-41-31,ZEC/USD,25.0,112.57,112.42,0.03331260548991549,-0.06168739451008451,0.095,False,Binance US,Kraken
1761,01-14-2021_06-41-43,ZEC/USD,25.0,112.56,112.42,0.031094527363184205,-0.0639054726368158,0.095,False,Binance US,Kraken
1762,01-14-2021_06-41-53,ZEC/USD,25.0,112.56,112.42,0.031094527363184205,-0.0639054726368158,0.095,False,Binance US,Kraken
1763,01-14-2021_06-42-02,ZEC/USD,25.0,112.57,112.42,0.03331260548991549,-0.1516873945100845,0.185,False,Coinbase Pro,Kraken
1764,01-14-2021_06-42-13,ZEC/USD,25.0,112.56,112.42,0.031094527363184205,-0.15390547263681578,0.185,False,Coinbase Pro,Kraken
1765,01-14-2021_06-42-23,ZEC/USD,25.0,112.737,112.42,0.07029635345982088,-0.05670364654017912,0.127,False,Bittrex,Kraken
1766,01-14-2021_06-42-33,ZEC/USD,25.0,112.732,112.47,0.05810240215732899,-0.06889759784267102,0.127,False,Bittrex,Kraken
1767,01-14-2021_06-42-44,ZEC/USD,25.0,112.767,112.52,0.05475892770047972,-0.07224107229952029,0.127,False,Bittrex,Kraken
1768,01-14-2021_06-42-55,ZEC/USD,25.0,112.766,112.52,0.054537715268788756,-0.07246228473121125,0.127,False,Bittrex,Kraken
1769,01-14-2021_06-43-05,ZEC/USD,25.0,112.76,112.62,0.031039375665129605,-0.1509606243348704,0.182,False,Bittrex,Coinbase Pro
1770,01-14-2021_06-43-15,ZEC/USD,25.0,112.75,112.62,0.028824833702881476,-0.06617516629711853,0.095,False,Binance US,Kraken
1771,01-14-2021_06-43-26,ZEC/USD,25.0,112.75,112.62,0.028824833702881476,-0.06617516629711853,0.095,False,Binance US,Kraken
1772,01-14-2021_06-43-36,ZEC/USD,25.0,112.75,112.62,0.028824833702881476,-0.06617516629711853,0.095,False,Binance US,Kraken
1773,01-14-2021_06-43-46,ZEC/USD,25.0,112.766,112.62,0.03236791231399553,-0.09463208768600448,0.127,False,Bittrex,Kraken
1774,01-14-2021_06-43-56,ZEC/USD,25.0,112.851,112.62,0.05117367147831976,-0.07582632852168024,0.127,False,Bittrex,Kraken
1775,01-14-2021_06-44-07,ZEC/USD,25.0,112.842,112.62,0.04918381453713914,-0.07781618546286087,0.127,False,Bittrex,Kraken
1776,01-14-2021_06-44-19,ZEC/USD,25.0,112.84,112.77,0.01550868486352521,-0.0794913151364748,0.095,False,Binance US,Kraken
1777,01-14-2021_06-44-31,ZEC/USD,25.0,112.84,112.77,0.01550868486352521,-0.0794913151364748,0.095,False,Binance US,Kraken
1778,01-14-2021_06-44-41,ZEC/USD,25.0,112.84,112.77,0.01550868486352521,-0.0794913151364748,0.095,False,Binance US,Kraken
1779,01-14-2021_06-44-53,ZEC/USD,25.0,112.84,112.77,0.01550868486352521,-0.0794913151364748,0.095,False,Binance US,Kraken
1780,01-14-2021_06-45-03,ZEC/USD,25.0,112.84,112.77,0.01550868486352521,-0.0794913151364748,0.095,False,Binance US,Kraken
1781,01-14-2021_06-45-13,ZEC/USD,25.0,112.89,112.77,0.026574541589158594,-0.1134254584108414,0.13999999999999999,False,Binance US,Coinbase Pro
1782,01-14-2021_06-45-24,ZEC/USD,25.0,112.83,112.65,0.03988300983780745,-0.10011699016219253,0.13999999999999999,False,Binance US,Coinbase Pro
1783,01-14-2021_06-45-34,ZEC/USD,25.0,112.73,112.55,0.039918389071233656,-0.14508161092876634,0.185,False,Kraken,Coinbase Pro
1784,01-14-2021_06-45-44,ZEC/USD,25.0,112.697,112.53,0.03704623903032059,-0.1449537609696794,0.182,False,Bittrex,Coinbase Pro
1785,01-14-2021_06-45-54,ZEC/USD,25.0,112.62,112.48,0.03107796128573978,-0.15392203871426022,0.185,False,Kraken,Coinbase Pro
1786,01-14-2021_06-46-05,ZEC/USD,25.0,112.57,112.48,0.019987563293948036,-0.16501243670605195,0.185,False,Kraken,Coinbase Pro
1787,01-14-2021_06-46-15,ZEC/USD,25.0,112.55,112.46,0.019991115059974102,-0.13000888494002588,0.15,False,Binance US,Coinbase Pro
1788,01-14-2021_06-46-25,ZEC/USD,25.0,112.55,112.44,0.02443358507330063,-0.12556641492669937,0.15,False,Binance US,Coinbase Pro
1789,01-14-2021_06-46-35,ZEC/USD,25.0,112.65,112.49,0.035508211273859475,-0.14949178872614052,0.185,False,Kraken,Coinbase Pro
1790,01-14-2021_06-46-44,ZEC/USD,25.0,112.59,112.45,0.031086242117417305,-0.15391375788258269,0.185,False,Kraken,Coinbase Pro
1791,01-14-2021_06-46-54,ZEC/USD,25.0,112.57,112.47,0.022208403659943664,-0.16279159634005633,0.185,False,Kraken,Coinbase Pro
1792,01-14-2021_06-47-05,ZEC/USD,25.0,112.56,112.44,0.026652452025587366,-0.15834754797441264,0.185,False,Kraken,Coinbase Pro
1793,01-14-2021_06-47-15,ZEC/USD,25.0,112.56,112.49,0.015547263681593681,-0.04967273631840632,0.06522,False,Kraken,Binance US
1794,01-14-2021_06-47-24,ZEC/USD,25.0,112.546,112.49,0.012439358129123113,-0.16956064187087688,0.182,False,Bittrex,Coinbase Pro
1795,01-14-2021_06-47-34,ZEC/USD,25.0,112.546,112.49,0.012439358129123113,-0.16956064187087688,0.182,False,Bittrex,Coinbase Pro
1796,01-14-2021_06-47-45,ZEC/USD,25.0,112.59,112.49,0.022204458655299877,-0.16279554134470012,0.185,False,Kraken,Coinbase Pro
1797,01-14-2021_06-47-56,ZEC/USD,25.0,112.702,112.6,0.0226260403542093,-0.1043739596457907,0.127,False,Bittrex,Kraken
1798,01-14-2021_06-48-05,ZEC/USD,25.0,112.59,112.48,0.024424904520827656,-0.040795095479172344,0.06522,False,Kraken,Binance US
1799,01-14-2021_06-48-16,ZEC/USD,25.0,112.547,112.48,0.014882671239569482,-0.047337328760430515,0.06222,False,Bittrex,Binance US
1800,01-14-2021_06-48-26,ZEC/USD,25.0,112.545,112.48,0.014438668976853199,-0.0477813310231468,0.06222,False,Bittrex,Binance US
1801,01-14-2021_06-48-38,ZEC/USD,25.0,112.545,112.49,0.012217335288108495,-0.050002664711891506,0.06222,False,Bittrex,Binance US
1802,01-14-2021_06-48-49,ZEC/USD,25.0,112.6,112.49,0.024422735346358665,-0.040797264653641335,0.06522,False,Kraken,Binance US
1803,01-14-2021_06-48-59,ZEC/USD,25.0,112.679,112.49,0.041933279493074835,-0.020286720506925163,0.06222,False,Bittrex,Binance US
1804,01-14-2021_06-49-10,ZEC/USD,25.0,112.82,112.6,0.048750221591916075,-0.046249778408083926,0.095,False,Binance US,Kraken
1805,01-14-2021_06-49-21,ZEC/USD,25.0,112.778,112.59,0.04167479472946904,-0.020545205270530956,0.06222,False,Bittrex,Binance US
1806,01-14-2021_06-49-31,ZEC/USD,25.0,112.83,112.6,0.050961623681645835,-0.03403837631835417,0.085,False,Binance US,Kraken
1807,01-14-2021_06-49-42,ZEC/USD,25.0,112.84,112.66,0.03987947536334784,-0.14512052463665215,0.185,False,Kraken,Coinbase Pro
1808,01-14-2021_06-49-55,ZEC/USD,25.0,112.84,112.67,0.037663948954271914,-0.14733605104572808,0.185,False,Kraken,Coinbase Pro
1809,01-14-2021_06-50-05,ZEC/USD,25.0,112.84,112.77,0.01550868486352521,-0.16949131513647478,0.185,False,Kraken,Coinbase Pro
1810,01-14-2021_06-50-17,ZEC/USD,25.0,112.82,112.74,0.017727353306151016,-0.13227264669384897,0.15,False,Binance US,Coinbase Pro
1811,01-14-2021_06-50-27,ZEC/USD,25.0,112.907,112.81,0.021477853454611805,-0.16052214654538818,0.182,False,Bittrex,Coinbase Pro
1812,01-14-2021_06-50-39,ZEC/USD,25.0,112.92,112.84,0.017711654268508303,-0.1322883457314917,0.15,False,Binance US,Coinbase Pro
1813,01-14-2021_06-50-51,ZEC/USD,25.0,112.92,112.84,0.017711654268508303,-0.0772883457314917,0.095,False,Binance US,Kraken
1814,01-14-2021_06-51-02,ZEC/USD,25.0,112.92,112.83,0.01992561105207302,-0.13007438894792697,0.15,False,Binance US,Coinbase Pro
1815,01-14-2021_06-51-14,ZEC/USD,25.0,112.92,112.84,0.017711654268508303,-0.0772883457314917,0.095,False,Binance US,Kraken
1816,01-14-2021_06-51-25,ZEC/USD,25.0,112.92,112.84,0.017711654268508303,-0.0772883457314917,0.095,False,Binance US,Kraken
1817,01-14-2021_06-51-37,ZEC/USD,25.0,112.92,112.84,0.017711654268508303,-0.0772883457314917,0.095,False,Binance US,Kraken
1818,01-14-2021_06-51-49,ZEC/USD,25.0,112.92,112.84,0.017711654268508303,-0.0772883457314917,0.095,False,Binance US,Kraken
1819,01-14-2021_06-52-02,ZEC/USD,25.0,112.92,112.84,0.017711654268508303,-0.0772883457314917,0.095,False,Binance US,Kraken
1820,01-14-2021_06-52-13,ZEC/USD,25.0,112.92,112.84,0.017711654268508303,-0.0772883457314917,0.095,False,Binance US,Kraken
1821,01-14-2021_06-52-24,ZEC/USD,25.0,113.049,112.84,0.046218896230838656,-0.08078110376916134,0.127,False,Bittrex,Kraken
1822,01-14-2021_06-52-35,ZEC/USD,25.0,113.055,112.84,0.04754323117066989,-0.07945676882933012,0.127,False,Bittrex,Kraken
1823,01-14-2021_06-52-57,ZEC/USD,25.0,113.083,112.92,0.03603547836544766,-0.026184521634552337,0.06222,False,Bittrex,Binance US
1824,01-14-2021_06-53-08,ZEC/USD,25.0,112.947,112.86,0.019256819570241637,-0.16274318042975836,0.182,False,Bittrex,Coinbase Pro
1825,01-14-2021_06-53-18,ZEC/USD,25.0,112.94,112.89,0.011067823623162111,-0.17093217637683789,0.182,False,Bittrex,Coinbase Pro
1826,01-14-2021_06-53-28,ZEC/USD,25.0,113.052,112.92,0.029190107207303938,-0.03302989279269606,0.06222,False,Bittrex,Binance US
1827,01-14-2021_06-53-40,ZEC/USD,25.0,113.043,112.92,0.027202038162470178,-0.035017961837529823,0.06222,False,Bittrex,Binance US
1828,01-14-2021_06-53-51,ZEC/USD,25.0,113.034,112.92,0.025213652529328414,-0.03700634747067158,0.06222,False,Bittrex,Binance US
1829,01-14-2021_06-54-02,ZEC/USD,25.0,113.027,112.92,0.023666911445937546,-0.03855308855406245,0.06222,False,Bittrex,Binance US
1830,01-14-2021_06-54-24,ZEC/USD,25.0,113.05,112.92,0.02874834144183889,-0.03347165855816111,0.06222,False,Bittrex,Binance US
1831,01-14-2021_06-54-34,ZEC/USD,25.0,113.045,112.92,0.027643858640364456,-0.03457614135963554,0.06222,False,Bittrex,Binance US
1832,01-14-2021_06-54-46,ZEC/USD,25.0,112.96,112.86,0.02213172804532452,-0.1628682719546755,0.185,False,Kraken,Coinbase Pro
1833,01-14-2021_06-54-59,ZEC/USD,25.0,113.036,112.92,0.025655543366714953,-0.036564456633285045,0.06222,False,Bittrex,Binance US
1834,01-14-2021_06-55-10,ZEC/USD,25.0,113.04,112.92,0.026539278131635823,-0.09368072186836417,0.12022,False,Coinbase Pro,Binance US
1835,01-14-2021_06-55-19,ZEC/USD,25.0,113.111,112.92,0.04221516917010779,-0.020004830829892205,0.06222,False,Bittrex,Binance US
1836,01-14-2021_06-55-32,ZEC/USD,25.0,113.11,112.92,0.04199451861020196,-0.07822548138979804,0.12022,False,Coinbase Pro,Binance US
1837,01-14-2021_06-55-41,ZEC/USD,25.0,113.1,112.92,0.03978779840848643,-0.08043220159151357,0.12022,False,Coinbase Pro,Binance US
1838,01-14-2021_06-56-03,ZEC/USD,25.0,113.11,112.92,0.04199451861020196,-0.07822548138979804,0.12022,False,Coinbase Pro,Binance US
1839,01-14-2021_06-56-16,ZEC/USD,25.0,113.0,112.92,0.017699115044247413,-0.04752088495575259,0.06522,False,Kraken,Binance US
1840,01-14-2021_06-56-28,ZEC/USD,25.0,113.01,112.92,0.019909742500664414,-0.10031025749933559,0.12022,False,Coinbase Pro,Binance US
1841,01-14-2021_06-56-50,ZEC/USD,25.0,113.01,112.92,0.019909742500664414,-0.10031025749933559,0.12022,False,Coinbase Pro,Binance US
1842,01-14-2021_06-57-02,ZEC/USD,25.0,112.98,112.92,0.013276686139140173,-0.051943313860859826,0.06522,False,Kraken,Binance US
1843,01-14-2021_06-57-14,ZEC/USD,25.0,112.99,112.92,0.015488096291705724,-0.04973190370829428,0.06522,False,Kraken,Binance US
1844,01-14-2021_06-57-37,ZEC/USD,25.0,113.1,112.92,0.03978779840848643,-0.08043220159151357,0.12022,False,Coinbase Pro,Binance US
1845,01-14-2021_06-57-48,ZEC/USD,25.0,113.046,112.92,0.027864763016826066,-0.03435523698317393,0.06222,False,Bittrex,Binance US
1846,01-14-2021_06-57-59,ZEC/USD,25.0,112.992,112.92,0.015930331350892703,-0.046289668649107295,0.06222,False,Bittrex,Binance US
1847,01-14-2021_06-58-10,ZEC/USD,25.0,112.98,112.92,0.013276686139140173,-0.051943313860859826,0.06522,False,Kraken,Binance US
1848,01-14-2021_06-58-21,ZEC/USD,25.0,113.055,112.92,0.029852726549025942,-0.03236727345097405,0.06222,False,Bittrex,Binance US
1849,01-14-2021_06-58-45,ZEC/USD,25.0,112.97,112.856,0.02522793662034264,-0.10177206337965736,0.127,False,Kraken,Bittrex
1850,01-14-2021_06-58-56,ZEC/USD,25.0,112.96,112.856,0.023016997167138634,-0.10398300283286137,0.127,False,Kraken,Bittrex
1851,01-14-2021_06-59-08,ZEC/USD,25.0,112.97,112.856,0.02522793662034264,-0.10177206337965736,0.127,False,Kraken,Bittrex
1852,01-14-2021_06-59-19,ZEC/USD,25.0,112.97,112.856,0.02522793662034264,-0.10177206337965736,0.127,False,Kraken,Bittrex
1853,01-14-2021_06-59-42,ZEC/USD,25.0,112.97,112.856,0.02522793662034264,-0.10177206337965736,0.127,False,Kraken,Bittrex
1854,01-14-2021_06-59-53,ZEC/USD,25.0,112.97,112.838,0.02921129503408095,-0.09778870496591904,0.127,False,Kraken,Bittrex
1855,01-14-2021_07-00-04,ZEC/USD,25.0,112.97,112.886,0.01858900593077879,-0.10841099406922121,0.127,False,Kraken,Bittrex
1856,01-14-2021_07-00-14,ZEC/USD,25.0,112.97,112.886,0.01858900593077879,-0.10841099406922121,0.127,False,Kraken,Bittrex
1857,01-14-2021_07-00-25,ZEC/USD,25.0,113.003,112.92,0.018362344362538696,-0.0438576556374613,0.06222,False,Bittrex,Binance US
1858,01-14-2021_07-00-36,ZEC/USD,25.0,113.002,112.92,0.0181412718358953,-0.0440787281641047,0.06222,False,Bittrex,Binance US
1859,01-14-2021_07-00-47,ZEC/USD,25.0,113.0,112.92,0.017699115044247413,-0.044520884955752585,0.06222,False,Bittrex,Binance US
1860,01-14-2021_07-00-57,ZEC/USD,25.0,112.979,112.92,0.013055523592879538,-0.04916447640712046,0.06222,False,Bittrex,Binance US
1861,01-14-2021_07-01-08,ZEC/USD,25.0,112.979,112.91,0.015268324201843398,-0.1117316757981566,0.127,False,Bittrex,Kraken
1862,01-14-2021_07-01-18,ZEC/USD,25.0,112.97,112.91,0.013277861379127705,-0.1717221386208723,0.185,False,Coinbase Pro,Kraken
1863,01-14-2021_07-01-29,ZEC/USD,25.0,112.93,112.91,0.004427521473481411,-0.1805724785265186,0.185,False,Coinbase Pro,Kraken
1864,01-14-2021_07-01-40,ZEC/USD,25.0,112.93,112.87,0.013282564420437942,-0.17171743557956207,0.185,False,Coinbase Pro,Kraken
1865,01-14-2021_07-01-51,ZEC/USD,25.0,112.914,112.87,0.009741927484633643,-0.052478072515366354,0.06222,False,Bittrex,Binance US
1866,01-14-2021_07-02-01,ZEC/USD,25.0,112.914,112.85,0.014170076341287873,-0.16782992365871213,0.182,False,Bittrex,Coinbase Pro
1867,01-14-2021_07-02-13,ZEC/USD,25.0,112.89,112.825,0.014394543360793188,-0.11260545663920682,0.127,False,Kraken,Bittrex
1868,01-14-2021_07-02-24,ZEC/USD,25.0,112.81,112.747,0.013961528233313179,-0.11303847176668683,0.127,False,Kraken,Bittrex
1869,01-14-2021_07-02-36,ZEC/USD,25.0,112.77,112.72,0.011084508291211572,-0.17391549170878842,0.185,False,Kraken,Coinbase Pro
1870,01-14-2021_07-02-47,ZEC/USD,25.0,112.76,112.68,0.017736786094359323,-0.13226321390564066,0.15,False,Binance US,Coinbase Pro
1871,01-14-2021_07-02-58,ZEC/USD,25.0,112.49,112.38,0.02444661747710895,-0.16055338252289106,0.185,False,Kraken,Coinbase Pro
1872,01-14-2021_07-03-09,ZEC/USD,25.0,113.175,112.5,0.14910536779323993,0.022105367793239933,0.127,True,Bittrex,Kraken
1873,01-14-2021_07-03-20,ZEC/USD,25.0,112.5,112.42,0.017777777777777396,-0.1672222222222226,0.185,False,Kraken,Coinbase Pro
1874,01-14-2021_07-03-31,ZEC/USD,25.0,112.5,112.4,0.022222222222220957,-0.16277777777777905,0.185,False,Kraken,Coinbase Pro
1875,01-14-2021_07-03-43,ZEC/USD,25.0,112.48,112.38,0.02222617354196491,-0.1627738264580351,0.185,False,Kraken,Coinbase Pro
1876,01-14-2021_07-03-54,ZEC/USD,25.0,112.5,112.397,0.02288888888888765,-0.10411111111111235,0.127,False,Kraken,Bittrex
1877,01-14-2021_07-04-05,ZEC/USD,25.0,112.5,112.38,0.026666666666667675,-0.15833333333333233,0.185,False,Kraken,Coinbase Pro
1878,01-14-2021_07-04-15,ZEC/USD,25.0,112.48,112.38,0.02222617354196491,-0.1627738264580351,0.185,False,Kraken,Coinbase Pro
1879,01-14-2021_07-04-26,ZEC/USD,25.0,112.61,112.45,0.03552082408311797,-0.05647917591688203,0.092,False,Binance US,Bittrex
1880,01-14-2021_07-04-36,ZEC/USD,25.0,112.5,112.43,0.015555555555554039,-0.16944444444444595,0.185,False,Kraken,Coinbase Pro
1881,01-14-2021_07-04-47,ZEC/USD,25.0,112.5,112.39,0.024444444444444317,-0.16055555555555567,0.185,False,Kraken,Coinbase Pro
1882,01-14-2021_07-04-58,ZEC/USD,25.0,112.5,112.39,0.024444444444444317,-0.16055555555555567,0.185,False,Kraken,Coinbase Pro
1883,01-14-2021_07-05-09,ZEC/USD,25.0,112.53,112.489,0.009108682129209282,-0.1728913178707907,0.182,False,Coinbase Pro,Bittrex
1884,01-14-2021_07-05-21,ZEC/USD,25.0,112.69,112.5,0.04215103380956556,-0.04284896619043445,0.085,False,Binance US,Kraken
1885,01-14-2021_07-05-43,ZEC/USD,25.0,112.86,112.56,0.06645401382243424,-0.028545986177565763,0.095,False,Binance US,Kraken
1886,01-14-2021_07-05-55,ZEC/USD,25.0,112.84,112.56,0.062034739454094545,-0.032965260545905456,0.095,False,Binance US,Kraken
1887,01-14-2021_07-06-05,ZEC/USD,25.0,112.69,112.6,0.019966279172953103,-0.1650337208270469,0.185,False,Kraken,Coinbase Pro
1888,01-14-2021_07-06-16,ZEC/USD,25.0,112.68,112.62,0.013312034078807745,-0.17168796592119226,0.185,False,Kraken,Coinbase Pro
1889,01-14-2021_07-06-27,ZEC/USD,25.0,112.68,112.67,0.0022186723464690085,-0.182781327653531,0.185,False,Kraken,Coinbase Pro
1890,01-14-2021_07-06-37,ZEC/USD,25.0,112.721,112.66,0.01352897862865106,-0.16847102137134892,0.182,False,Bittrex,Coinbase Pro
1891,01-14-2021_07-06-48,ZEC/USD,25.0,112.688,112.62,0.015085900894504702,-0.1669140991054953,0.182,False,Bittrex,Coinbase Pro
1892,01-14-2021_07-06-59,ZEC/USD,25.0,112.68,112.61,0.015530706425276753,-0.16946929357472323,0.185,False,Kraken,Coinbase Pro
1893,01-14-2021_07-07-09,ZEC/USD,25.0,112.68,112.64,0.00887468938587288,-0.05634531061412712,0.06522,False,Kraken,Binance US
1894,01-14-2021_07-07-20,ZEC/USD,25.0,112.58,112.49,0.01998578788417201,-0.04523421211582799,0.06522,False,Kraken,Binance US
1895,01-14-2021_07-07-31,ZEC/USD,25.0,112.582,112.53,0.011547138974257097,-0.1704528610257429,0.182,False,Bittrex,Coinbase Pro
1896,01-14-2021_07-07-43,ZEC/USD,25.0,112.65,112.58,0.015534842432314112,-0.13446515756768587,0.15,False,Binance US,Coinbase Pro
1897,01-14-2021_07-07-54,ZEC/USD,25.0,112.65,112.6,0.01109631602308286,-0.13890368397691713,0.15,False,Binance US,Coinbase Pro
1898,01-14-2021_07-08-05,ZEC/USD,25.0,112.693,112.65,0.009539190544220174,-0.17246080945577982,0.182,False,Bittrex,Coinbase Pro
1899,01-14-2021_07-08-17,ZEC/USD,25.0,112.683,112.63,0.0117586503731733,-0.0504613496268267,0.06222,False,Bittrex,Binance US
1900,01-14-2021_07-08-30,ZEC/USD,25.0,112.77,112.68,0.01995211492417957,-0.13004788507582044,0.15,False,Binance US,Coinbase Pro
1901,01-14-2021_07-08-41,ZEC/USD,25.0,112.739,112.67,0.015300827575196387,-0.04691917242480361,0.06222,False,Bittrex,Binance US
1902,01-14-2021_07-08-53,ZEC/USD,25.0,112.77,112.69,0.017735213265939145,-0.07726478673406086,0.095,False,Binance US,Kraken
1903,01-14-2021_07-09-15,ZEC/USD,25.0,112.88,112.69,0.04208008504606612,-0.05291991495393388,0.095,False,Binance US,Kraken
1904,01-14-2021_07-09-26,ZEC/USD,25.0,113.316,112.69,0.1381093579017978,0.01110935790179779,0.127,True,Bittrex,Kraken
1905,01-14-2021_07-09-38,ZEC/USD,25.0,112.861,112.69,0.03787845225543068,-0.08912154774456932,0.127,False,Bittrex,Kraken
1906,01-14-2021_07-10-00,ZEC/USD,25.0,113.103,112.91,0.04266023005578938,-0.08433976994421062,0.127,False,Bittrex,Kraken
1907,01-14-2021_07-10-10,ZEC/USD,25.0,113.099,112.91,0.041777557714923905,-0.0852224422850761,0.127,False,Bittrex,Kraken
1908,01-14-2021_07-10-20,ZEC/USD,25.0,113.158,112.91,0.054790646706376185,-0.07220935329362382,0.127,False,Bittrex,Kraken
1909,01-14-2021_07-10-31,ZEC/USD,25.0,113.234,113.15,0.01854566649592635,-0.16345433350407365,0.182,False,Bittrex,Coinbase Pro
1910,01-14-2021_07-10-42,ZEC/USD,25.0,113.31,113.23,0.01765069278969162,-0.10256930721030838,0.12022,False,Coinbase Pro,Binance US
1911,01-14-2021_07-10-52,ZEC/USD,25.0,113.32,113.249,0.015663607483232873,-0.07633639251676713,0.092,False,Binance US,Bittrex
1912,01-14-2021_07-11-04,ZEC/USD,25.0,113.32,113.19,0.028679844687609306,-0.12132015531239068,0.15,False,Binance US,Coinbase Pro
1913,01-14-2021_07-11-16,ZEC/USD,25.0,113.198,113.12,0.017226452764180628,-0.10977354723581938,0.127,False,Bittrex,Kraken
1914,01-14-2021_07-11-27,ZEC/USD,25.0,113.23,113.17,0.013247372604433956,-0.051972627395566046,0.06522,False,Kraken,Binance US
1915,01-14-2021_07-11-39,ZEC/USD,25.0,113.31,113.17,0.030888712381961118,-0.034331287618038886,0.06522,False,Kraken,Binance US
1916,01-14-2021_07-11-51,ZEC/USD,25.0,113.23,113.142,0.019429479819837513,-0.10757052018016248,0.127,False,Kraken,Bittrex
1917,01-14-2021_07-12-01,ZEC/USD,25.0,113.23,113.14,0.019871058906650935,-0.07512894109334907,0.095,False,Binance US,Kraken
1918,01-14-2021_07-12-13,ZEC/USD,25.0,113.23,113.21,0.004415790868146744,-0.14558420913185324,0.15,False,Binance US,Coinbase Pro
1919,01-14-2021_07-12-24,ZEC/USD,25.0,113.23,113.19,0.00883158173629035,-0.14116841826370966,0.15,False,Binance US,Coinbase Pro
1920,01-14-2021_07-12-34,ZEC/USD,25.0,113.23,113.161,0.01523447849509905,-0.07676552150490094,0.092,False,Binance US,Bittrex
1921,01-14-2021_07-12-45,ZEC/USD,25.0,113.15,113.09,0.01325673884224531,-0.10696326115775469,0.12022,False,Coinbase Pro,Binance US
1922,01-14-2021_07-12-54,ZEC/USD,25.0,113.108,113.07,0.008399052233266195,-0.1736009477667338,0.182,False,Bittrex,Coinbase Pro
1923,01-14-2021_07-13-04,ZEC/USD,25.0,113.15,113.06,0.019885108263367965,-0.045334891736632035,0.06522,False,Kraken,Binance US
1924,01-14-2021_07-13-14,ZEC/USD,25.0,113.15,113.043,0.023641184268669756,-0.10335881573133024,0.127,False,Kraken,Bittrex
1925,01-14-2021_07-13-24,ZEC/USD,25.0,113.19,113.12,0.015460729746442525,-0.049759270253557475,0.06522,False,Kraken,Binance US
1926,01-14-2021_07-13-33,ZEC/USD,25.0,113.13,113.12,0.0022098470785801524,-0.11801015292141984,0.12022,False,Coinbase Pro,Binance US
1927,01-14-2021_07-13-44,ZEC/USD,25.0,113.12,113.119,0.00022100424328252627,-0.18177899575671747,0.182,False,Coinbase Pro,Bittrex
1928,01-14-2021_07-13-56,ZEC/USD,25.0,113.12,113.032,0.019448373408771234,-0.10755162659122877,0.127,False,Kraken,Bittrex
1929,01-14-2021_07-14-06,ZEC/USD,25.0,113.19,113.11,0.01766940542450709,-0.1673305945754929,0.185,False,Coinbase Pro,Kraken
1930,01-14-2021_07-14-17,ZEC/USD,25.0,113.154,113.11,0.00972126482492818,-0.11727873517507183,0.127,False,Bittrex,Kraken
1931,01-14-2021_07-14-28,ZEC/USD,25.0,113.15,113.06,0.019885108263367965,-0.16511489173663202,0.185,False,Coinbase Pro,Kraken
1932,01-14-2021_07-14-39,ZEC/USD,25.0,113.15,113.07,0.017675651789662506,-0.16732434821033748,0.185,False,Coinbase Pro,Kraken
1933,01-14-2021_07-15-01,ZEC/USD,25.0,113.14,113.07,0.015467562312181235,-0.16953243768781875,0.185,False,Coinbase Pro,Kraken
1934,01-14-2021_07-15-12,ZEC/USD,25.0,113.2,113.08,0.0265017667844533,-0.0684982332155467,0.095,False,Binance US,Kraken
1935,01-14-2021_07-15-24,ZEC/USD,25.0,113.22,113.13,0.019872813990461802,-0.16512718600953818,0.185,False,Coinbase Pro,Kraken
1936,01-14-2021_07-15-35,ZEC/USD,25.0,113.2,113.123,0.017005300353356487,-0.07499469964664351,0.092,False,Binance US,Bittrex
1937,01-14-2021_07-15-46,ZEC/USD,25.0,113.2,113.123,0.017005300353356487,-0.07499469964664351,0.092,False,Binance US,Bittrex
1938,01-14-2021_07-15-57,ZEC/USD,25.0,113.21,113.13,0.01766628389718185,-0.16733371610281814,0.185,False,Coinbase Pro,Kraken
1939,01-14-2021_07-16-08,ZEC/USD,25.0,113.2,113.12,0.01766784452296782,-0.07733215547703218,0.095,False,Binance US,Kraken
1940,01-14-2021_07-16-19,ZEC/USD,25.0,113.25,113.13,0.026490066225166566,-0.15850993377483344,0.185,False,Coinbase Pro,Kraken
1941,01-14-2021_07-16-30,ZEC/USD,25.0,113.24,113.13,0.024284705051218526,-0.16071529494878148,0.185,False,Coinbase Pro,Kraken
1942,01-14-2021_07-16-41,ZEC/USD,25.0,113.24,113.13,0.024284705051218526,-0.16071529494878148,0.185,False,Coinbase Pro,Kraken
1943,01-14-2021_07-16-52,ZEC/USD,25.0,113.24,113.13,0.024284705051218526,-0.16071529494878148,0.185,False,Coinbase Pro,Kraken
1944,01-14-2021_07-17-03,ZEC/USD,25.0,113.24,113.13,0.024284705051218526,-0.16071529494878148,0.185,False,Coinbase Pro,Kraken
1945,01-14-2021_07-17-14,ZEC/USD,25.0,113.24,113.13,0.024284705051218526,-0.16071529494878148,0.185,False,Coinbase Pro,Kraken
1946,01-14-2021_07-17-25,ZEC/USD,25.0,113.24,113.13,0.024284705051218526,-0.16071529494878148,0.185,False,Coinbase Pro,Kraken
1947,01-14-2021_07-17-36,ZEC/USD,25.0,113.168,113.09,0.017231019369433706,-0.04498898063056629,0.06222,False,Bittrex,Binance US
1948,01-14-2021_07-17-47,ZEC/USD,25.0,113.15,113.09,0.01325673884224531,-0.10696326115775469,0.12022,False,Coinbase Pro,Binance US
1949,01-14-2021_07-18-12,ZEC/USD,25.0,113.22,113.127,0.020535241123477196,-0.0714647588765228,0.092,False,Binance US,Bittrex
1950,01-14-2021_07-18-24,ZEC/USD,25.0,113.22,113.13,0.019872813990461802,-0.0751271860095382,0.095,False,Binance US,Kraken
1951,01-14-2021_07-18-47,ZEC/USD,25.0,113.26,113.22,0.008829242450999085,-0.056390757549000914,0.06522,False,Kraken,Binance US
1952,01-14-2021_07-19-00,ZEC/USD,25.0,113.26,113.22,0.008829242450999085,-0.056390757549000914,0.06522,False,Kraken,Binance US
1953,01-14-2021_07-19-11,ZEC/USD,25.0,113.26,113.22,0.008829242450999085,-0.056390757549000914,0.06522,False,Kraken,Binance US
1954,01-14-2021_07-19-34,ZEC/USD,25.0,113.343,113.26,0.01830726202765023,-0.10869273797234977,0.127,False,Bittrex,Kraken
1955,01-14-2021_07-19-46,ZEC/USD,25.0,113.34,113.26,0.017646020822304192,-0.06735397917769581,0.085,False,Binance US,Kraken
1956,01-14-2021_07-19-58,ZEC/USD,25.0,113.34,113.26,0.017646020822304192,-0.06735397917769581,0.085,False,Binance US,Kraken
1957,01-14-2021_07-20-21,ZEC/USD,25.0,113.57,113.26,0.06823985207360836,-0.026760147926391642,0.095,False,Binance US,Kraken
1958,01-14-2021_07-20-32,ZEC/USD,25.0,113.692,113.56,0.029025788973716445,-0.09797421102628356,0.127,False,Bittrex,Kraken
1959,01-14-2021_07-20-44,ZEC/USD,25.0,113.686,113.67,0.0035184631353036744,-0.1784815368646963,0.182,False,Bittrex,Coinbase Pro
1960,01-14-2021_07-21-06,ZEC/USD,25.0,113.731,113.67,0.013408833123772947,-0.04881116687622705,0.06222,False,Bittrex,Binance US
1961,01-14-2021_07-21-18,ZEC/USD,25.0,113.65,113.56,0.01979762428508654,-0.13020237571491344,0.15,False,Binance US,Coinbase Pro
1962,01-14-2021_07-21-31,ZEC/USD,25.0,113.65,113.58,0.015398152221735018,-0.13460184777826498,0.15,False,Binance US,Coinbase Pro
1963,01-14-2021_07-21-53,ZEC/USD,25.0,113.67,113.53,0.030790885897774383,-0.11920911410222561,0.15,False,Binance US,Coinbase Pro
1964,01-14-2021_07-22-03,ZEC/USD,25.0,113.67,113.55,0.026392187912378937,-0.12360781208762106,0.15,False,Binance US,Coinbase Pro
1965,01-14-2021_07-22-26,ZEC/USD,25.0,113.782,113.59,0.042185934506335156,-0.13981406549366485,0.182,False,Bittrex,Coinbase Pro
1966,01-14-2021_07-22-36,ZEC/USD,25.0,113.715,113.64,0.016488589895792737,-0.16551141010420725,0.182,False,Bittrex,Coinbase Pro
1967,01-14-2021_07-22-46,ZEC/USD,25.0,113.711,113.63,0.017808303506257766,-0.16419169649374224,0.182,False,Bittrex,Coinbase Pro
1968,01-14-2021_07-22-57,ZEC/USD,25.0,113.67,113.58,0.0197941409342842,-0.1302058590657158,0.15,False,Binance US,Coinbase Pro
1969,01-14-2021_07-23-19,ZEC/USD,25.0,113.704,113.61,0.02066769858580043,-0.16133230141419957,0.182,False,Bittrex,Coinbase Pro
1970,01-14-2021_07-23-29,ZEC/USD,25.0,113.77,113.67,0.021974158389732427,-0.04024584161026757,0.06222,False,Bittrex,Binance US
1971,01-14-2021_07-23-40,ZEC/USD,25.0,113.769,113.69,0.017359737714141753,-0.10964026228585824,0.127,False,Bittrex,Kraken
1972,01-14-2021_07-23-51,ZEC/USD,25.0,114.27,113.95,0.07000962632361801,-0.11499037367638199,0.185,False,Kraken,Coinbase Pro
1973,01-14-2021_07-24-02,ZEC/USD,25.0,114.277,113.96,0.06934903786413874,0.0071290378641387375,0.06222,False,Bittrex,Binance US
1974,01-14-2021_07-24-13,ZEC/USD,25.0,114.389,113.96,0.09375901528993218,0.03153901528993218,0.06222,True,Bittrex,Binance US
1975,01-14-2021_07-24-35,ZEC/USD,25.0,114.58,113.96,0.1352766625938219,0.0700566625938219,0.06522,True,Kraken,Binance US
1976,01-14-2021_07-24-57,ZEC/USD,25.0,115.13,114.86,0.058629375488577266,-0.006590624511422734,0.06522,False,Kraken,Binance US
1977,01-14-2021_07-25-09,ZEC/USD,25.0,114.76,114.59,0.03703380968978775,-0.14796619031021224,0.185,False,Kraken,Coinbase Pro
1978,01-14-2021_07-25-19,ZEC/USD,25.0,114.69,114.55,0.03051704594995217,-0.11948295405004783,0.15,False,Binance US,Coinbase Pro
1979,01-14-2021_07-25-29,ZEC/USD,25.0,114.84,114.72,0.026123301985371942,-0.12387669801462806,0.15,False,Binance US,Coinbase Pro
1980,01-14-2021_07-25-39,ZEC/USD,25.0,115.05,114.8,0.05432420686657975,-0.13067579313342026,0.185,False,Kraken,Coinbase Pro
1981,01-14-2021_07-25-50,ZEC/USD,25.0,115.02,114.8,0.04781777082246542,-0.1371822291775346,0.185,False,Kraken,Coinbase Pro
1982,01-14-2021_07-26-01,ZEC/USD,25.0,115.02,114.8,0.04781777082246542,-0.1371822291775346,0.185,False,Kraken,Coinbase Pro
1983,01-14-2021_07-26-12,ZEC/USD,25.0,115.01,114.8,0.0456482045039579,-0.1393517954960421,0.185,False,Kraken,Coinbase Pro
1984,01-14-2021_07-26-23,ZEC/USD,25.0,114.99,114.8,0.04130793982085349,-0.1436920601791465,0.185,False,Kraken,Coinbase Pro
1985,01-14-2021_07-26-33,ZEC/USD,25.0,114.98,114.79,0.04131153244042393,-0.14368846755957607,0.185,False,Kraken,Coinbase Pro
1986,01-14-2021_07-26-43,ZEC/USD,25.0,114.95,114.79,0.034797738147019704,-0.1152022618529803,0.15,False,Binance US,Coinbase Pro
1987,01-14-2021_07-26-54,ZEC/USD,25.0,114.99,114.78,0.045656144012521466,-0.09434385598747852,0.13999999999999999,False,Binance US,Coinbase Pro
1988,01-14-2021_07-27-05,ZEC/USD,25.0,114.98,114.66,0.06957731779440063,-0.08042268220559937,0.15,False,Binance US,Coinbase Pro
1989,01-14-2021_07-27-15,ZEC/USD,25.0,114.96,114.75,0.045668058455113465,-0.10433194154488654,0.15,False,Binance US,Coinbase Pro
1990,01-14-2021_07-27-25,ZEC/USD,25.0,114.97,114.8,0.03696616508654468,-0.1030338349134553,0.13999999999999999,False,Binance US,Coinbase Pro
1991,01-14-2021_07-27-37,ZEC/USD,25.0,114.97,114.8,0.03696616508654468,-0.1030338349134553,0.13999999999999999,False,Binance US,Coinbase Pro
1992,01-14-2021_07-27-48,ZEC/USD,25.0,115.0,114.92,0.017391304347825716,-0.1676086956521743,0.185,False,Coinbase Pro,Kraken
1993,01-14-2021_07-27-58,ZEC/USD,25.0,115.0,114.92,0.017391304347825716,-0.13260869565217429,0.15,False,Binance US,Coinbase Pro
1994,01-14-2021_07-28-19,ZEC/USD,25.0,115.0,114.92,0.017391304347825716,-0.1676086956521743,0.185,False,Coinbase Pro,Kraken
1995,01-14-2021_07-28-29,ZEC/USD,25.0,115.01,114.92,0.019563516215981958,-0.06543648378401805,0.085,False,Binance US,Kraken
1996,01-14-2021_07-28-40,ZEC/USD,25.0,115.01,114.92,0.019563516215981958,-0.06543648378401805,0.085,False,Binance US,Kraken
1997,01-14-2021_07-28-50,ZEC/USD,25.0,114.99,114.92,0.01521871467083946,-0.16978128532916054,0.185,False,Coinbase Pro,Kraken
1998,01-14-2021_07-29-01,ZEC/USD,25.0,115.38,115.01,0.08016987346160304,0.014949873461603036,0.06522,True,Kraken,Binance US
1999,01-14-2021_07-29-11,ZEC/USD,25.0,115.44,115.01,0.09312196812196652,0.030901968121966522,0.06222,True,Bittrex,Binance US
2000,01-14-2021_07-29-23,ZEC/USD,25.0,115.45,115.01,0.0952793417063659,0.0300593417063659,0.06522,True,Kraken,Binance US
2001,01-14-2021_07-29-34,ZEC/USD,25.0,115.521,115.01,0.11058595406895623,0.04836595406895623,0.06222,True,Bittrex,Binance US
2002,01-14-2021_07-29-45,ZEC/USD,25.0,115.61,115.01,0.1297465617161133,0.06752656171611329,0.06222,True,Bittrex,Binance US
2003,01-14-2021_07-29-56,ZEC/USD,25.0,115.671,115.01,0.14286208297671874,0.08064208297671874,0.06222,True,Bittrex,Binance US
2004,01-14-2021_07-30-07,ZEC/USD,25.0,115.59,115.01,0.12544337745479675,0.06022337745479675,0.06522,True,Kraken,Binance US
2005,01-14-2021_07-30-17,ZEC/USD,25.0,115.398,115.01,0.08405691606440126,0.02183691606440126,0.06222,True,Bittrex,Binance US
2006,01-14-2021_07-30-27,ZEC/USD,25.0,115.19,114.97,0.047747200277801646,-0.13725279972219834,0.185,False,Kraken,Coinbase Pro
2007,01-14-2021_07-30-37,ZEC/USD,25.0,114.99,114.88,0.023915123054178502,-0.1610848769458215,0.185,False,Kraken,Coinbase Pro
2008,01-14-2021_07-30-48,ZEC/USD,25.0,114.96,114.92,0.008698677800972523,-0.17630132219902747,0.185,False,Kraken,Coinbase Pro
2009,01-14-2021_07-30-59,ZEC/USD,25.0,115.008,114.94,0.01478158041179697,-0.16721841958820302,0.182,False,Bittrex,Coinbase Pro
2010,01-14-2021_07-31-09,ZEC/USD,25.0,114.9,114.826,0.016100957354223733,-0.11089904264577627,0.127,False,Kraken,Bittrex
2011,01-14-2021_07-31-18,ZEC/USD,25.0,115.01,114.96,0.010868620119992036,-0.11613137988000796,0.127,False,Kraken,Bittrex
2012,01-14-2021_07-31-29,ZEC/USD,25.0,115.04,114.93,0.023904728789985966,-0.16109527121001405,0.185,False,Kraken,Coinbase Pro
2013,01-14-2021_07-31-39,ZEC/USD,25.0,115.12,114.98,0.030403057678943836,-0.15459694232105617,0.185,False,Kraken,Coinbase Pro
2014,01-14-2021_07-31-49,ZEC/USD,25.0,115.31,115.01,0.06504206053247705,-0.00017793946752295287,0.06522,False,Kraken,Binance US
2015,01-14-2021_07-31-59,ZEC/USD,25.0,115.296,115.01,0.062014293644185696,-0.00020570635581430158,0.06222,False,Bittrex,Binance US
2016,01-14-2021_07-32-09,ZEC/USD,25.0,115.296,115.01,0.062014293644185696,-0.00020570635581430158,0.06222,False,Bittrex,Binance US
2017,01-14-2021_07-32-20,ZEC/USD,25.0,115.23,115.01,0.04773062570511127,-0.017489374294888733,0.06522,False,Kraken,Binance US
2018,01-14-2021_07-32-31,ZEC/USD,25.0,115.084,114.97,0.024764519828995413,-0.15723548017100458,0.182,False,Bittrex,Coinbase Pro
2019,01-14-2021_07-32-43,ZEC/USD,25.0,115.439,115.01,0.09290621020625349,0.030686210206253492,0.06222,True,Bittrex,Binance US
2020,01-14-2021_07-32-53,ZEC/USD,25.0,115.18,115.01,0.03689876714707451,-0.025321232852925486,0.06222,False,Bittrex,Binance US
2021,01-14-2021_07-33-03,ZEC/USD,25.0,115.07,115.0,0.01520813417919379,-0.16979186582080621,0.185,False,Kraken,Coinbase Pro
2022,01-14-2021_07-33-14,ZEC/USD,25.0,115.07,115.0,0.01520813417919379,-0.16979186582080621,0.185,False,Kraken,Coinbase Pro
2023,01-14-2021_07-33-26,ZEC/USD,25.0,115.07,114.97,0.021725905970277726,-0.16327409402972226,0.185,False,Kraken,Coinbase Pro
2024,01-14-2021_07-33-37,ZEC/USD,25.0,115.44,114.97,0.10178447678447654,-0.08021552321552346,0.182,False,Bittrex,Coinbase Pro
2025,01-14-2021_07-33-49,ZEC/USD,25.0,115.046,114.99,0.012169045425310656,-0.11483095457468935,0.127,False,Bittrex,Kraken
2026,01-14-2021_07-34-00,ZEC/USD,25.0,114.97,114.81,0.03479168478733508,-0.15020831521266492,0.185,False,Kraken,Coinbase Pro
2027,01-14-2021_07-34-10,ZEC/USD,25.0,114.79,114.6,0.041379911142088145,-0.10862008885791186,0.15,False,Binance US,Coinbase Pro
2028,01-14-2021_07-34-20,ZEC/USD,25.0,114.76,114.62,0.03049843150923679,-0.1095015684907632,0.13999999999999999,False,Binance US,Coinbase Pro
2029,01-14-2021_07-34-30,ZEC/USD,25.0,114.74,114.62,0.0261460693742353,-0.11385393062576468,0.13999999999999999,False,Binance US,Coinbase Pro
2030,01-14-2021_07-34-40,ZEC/USD,25.0,114.64,114.51,0.028349616189810592,-0.1216503838101894,0.15,False,Binance US,Coinbase Pro
2031,01-14-2021_07-34-52,ZEC/USD,25.0,114.64,114.51,0.028349616189810592,-0.1216503838101894,0.15,False,Binance US,Coinbase Pro
2032,01-14-2021_07-35-01,ZEC/USD,25.0,114.64,114.51,0.028349616189810592,-0.1216503838101894,0.15,False,Binance US,Coinbase Pro
2033,01-14-2021_07-35-12,ZEC/USD,25.0,114.79,114.59,0.043557801202195934,-0.05144219879780407,0.095,False,Binance US,Kraken
2034,01-14-2021_07-35-23,ZEC/USD,25.0,114.84,114.59,0.054423545802856146,-0.13057645419714387,0.185,False,Coinbase Pro,Kraken
2035,01-14-2021_07-35-34,ZEC/USD,25.0,115.036,114.81,0.049115059633505834,-0.07788494036649417,0.127,False,Bittrex,Kraken
2036,01-14-2021_07-35-45,ZEC/USD,25.0,114.96,114.81,0.032620041753651595,-0.0943799582463484,0.127,False,Bittrex,Kraken
2037,01-14-2021_07-35-54,ZEC/USD,25.0,114.942,114.8,0.03088514207165264,-0.15111485792834736,0.182,False,Bittrex,Coinbase Pro
2038,01-14-2021_07-36-04,ZEC/USD,25.0,115.05,114.82,0.049978270317254235,-0.13502172968274576,0.185,False,Kraken,Coinbase Pro
2039,01-14-2021_07-36-13,ZEC/USD,25.0,115.07,114.79,0.06083253671677825,-0.12416746328322176,0.185,False,Kraken,Coinbase Pro
2040,01-14-2021_07-36-24,ZEC/USD,25.0,115.08,115.01,0.015206812652066646,-0.10501318734793334,0.12022,False,Coinbase Pro,Binance US
2041,01-14-2021_07-36-34,ZEC/USD,25.0,115.07,115.0,0.01520813417919379,-0.16979186582080621,0.185,False,Kraken,Coinbase Pro
2042,01-14-2021_07-36-44,ZEC/USD,25.0,115.222,114.88,0.07420457898665159,-0.10779542101334841,0.182,False,Bittrex,Coinbase Pro
2043,01-14-2021_07-36-54,ZEC/USD,25.0,115.218,115.01,0.04513183703935115,-0.01708816296064885,0.06222,False,Bittrex,Binance US
2044,01-14-2021_07-37-04,ZEC/USD,25.0,115.21,115.01,0.04339901050255807,-0.018820989497441924,0.06222,False,Bittrex,Binance US
2045,01-14-2021_07-37-13,ZEC/USD,25.0,115.209,115.01,0.04318239026464905,-0.01903760973535095,0.06222,False,Bittrex,Binance US
2046,01-14-2021_07-37-23,ZEC/USD,25.0,115.08,114.92,0.034758428919012124,-0.15024157108098787,0.185,False,Kraken,Coinbase Pro
2047,01-14-2021_07-37-33,ZEC/USD,25.0,114.96,114.76,0.04349338900486879,-0.1415066109951312,0.185,False,Kraken,Coinbase Pro
2048,01-14-2021_07-37-44,ZEC/USD,25.0,114.872,114.66,0.046138310467303455,-0.13586168953269653,0.182,False,Bittrex,Coinbase Pro
2049,01-14-2021_07-37-54,ZEC/USD,25.0,114.8,114.69,0.023954703832752493,-0.1610452961672475,0.185,False,Kraken,Coinbase Pro
2050,01-14-2021_07-38-04,ZEC/USD,25.0,114.91,114.76,0.03263423548864143,-0.14936576451135858,0.182,False,Bittrex,Coinbase Pro
2051,01-14-2021_07-38-15,ZEC/USD,25.0,114.909,114.72,0.041119494556563704,-0.14088050544343628,0.182,False,Bittrex,Coinbase Pro
2052,01-14-2021_07-38-24,ZEC/USD,25.0,114.83,114.67,0.034834102586431374,-0.15016589741356862,0.185,False,Kraken,Coinbase Pro
2053,01-14-2021_07-38-34,ZEC/USD,25.0,114.792,114.7,0.02003623945919549,-0.1619637605408045,0.182,False,Bittrex,Coinbase Pro
2054,01-14-2021_07-38-45,ZEC/USD,25.0,114.79,114.7,0.019601010540988634,-0.16239898945901135,0.182,False,Bittrex,Coinbase Pro
2055,01-14-2021_07-38-55,ZEC/USD,25.0,114.787,114.68,0.023304032686628125,-0.15869596731337188,0.182,False,Bittrex,Coinbase Pro
2056,01-14-2021_07-39-05,ZEC/USD,25.0,114.724,114.64,0.01830480108782887,-0.16369519891217113,0.182,False,Bittrex,Coinbase Pro
2057,01-14-2021_07-39-14,ZEC/USD,25.0,115.471,114.67,0.1734201661023118,-0.008579833897688183,0.182,False,Bittrex,Coinbase Pro
2058,01-14-2021_07-39-25,ZEC/USD,25.0,114.802,114.65,0.033100468632950866,-0.14889953136704914,0.182,False,Bittrex,Coinbase Pro
2059,01-14-2021_07-39-36,ZEC/USD,25.0,114.759,114.67,0.01938845755017006,-0.16261154244982995,0.182,False,Bittrex,Coinbase Pro
2060,01-14-2021_07-39-47,ZEC/USD,25.0,114.76,114.67,0.019606134541652886,-0.1623938654583471,0.182,False,Bittrex,Coinbase Pro
2061,01-14-2021_07-39-58,ZEC/USD,25.0,114.7,114.58,0.026155187445511017,-0.11384481255448897,0.13999999999999999,False,Binance US,Coinbase Pro
2062,01-14-2021_07-40-10,ZEC/USD,25.0,114.692,114.63,0.013514456108533641,-0.16848554389146636,0.182,False,Bittrex,Coinbase Pro
2063,01-14-2021_07-40-21,ZEC/USD,25.0,114.757,114.67,0.018953092186098298,-0.1630469078139017,0.182,False,Bittrex,Coinbase Pro
2064,01-14-2021_07-40-31,ZEC/USD,25.0,114.718,114.62,0.02135671821335775,-0.16064328178664225,0.182,False,Bittrex,Coinbase Pro
2065,01-14-2021_07-40-42,ZEC/USD,25.0,114.718,114.58,0.03007374605554604,-0.15192625394445397,0.182,False,Bittrex,Coinbase Pro
2066,01-14-2021_07-40-55,ZEC/USD,25.0,114.67,114.54,0.028342199354668928,-0.15665780064533108,0.185,False,Kraken,Coinbase Pro
2067,01-14-2021_07-41-06,ZEC/USD,25.0,114.62,114.54,0.017448961786773316,-0.16755103821322667,0.185,False,Kraken,Coinbase Pro
2068,01-14-2021_07-41-16,ZEC/USD,25.0,114.62,114.54,0.017448961786773316,-0.13255103821322667,0.15,False,Binance US,Coinbase Pro
2069,01-14-2021_07-41-27,ZEC/USD,25.0,114.628,114.54,0.01919251840736859,-0.16280748159263142,0.182,False,Bittrex,Coinbase Pro
2070,01-14-2021_07-41-39,ZEC/USD,25.0,114.64,114.54,0.021807397069084595,-0.1631926029309154,0.185,False,Kraken,Coinbase Pro
2071,01-14-2021_07-41-49,ZEC/USD,25.0,114.626,114.52,0.023118664177413664,-0.15888133582258634,0.182,False,Bittrex,Coinbase Pro
2072,01-14-2021_07-42-00,ZEC/USD,25.0,114.62,114.51,0.023992322456813694,-0.1260076775431863,0.15,False,Binance US,Coinbase Pro
2073,01-14-2021_07-42-09,ZEC/USD,25.0,114.6,114.49,0.023996509598603714,-0.041223490401396286,0.06522,False,Kraken,Binance US
2074,01-14-2021_07-42-19,ZEC/USD,25.0,114.62,114.53,0.01963008201012114,-0.13036991798987885,0.15,False,Binance US,Coinbase Pro
2075,01-14-2021_07-42-29,ZEC/USD,25.0,114.61,114.5,0.023994415845039575,-0.1260055841549604,0.15,False,Binance US,Coinbase Pro
2076,01-14-2021_07-42-38,ZEC/USD,25.0,114.61,114.5,0.023994415845039575,-0.1610055841549604,0.185,False,Kraken,Coinbase Pro
2077,01-14-2021_07-42-50,ZEC/USD,25.0,114.58,114.5,0.017455053237912004,-0.167544946762088,0.185,False,Kraken,Coinbase Pro
2078,01-14-2021_07-43-00,ZEC/USD,25.0,114.534,114.5,0.00742137705834207,-0.05479862294165793,0.06222,False,Bittrex,Binance US
2079,01-14-2021_07-43-11,ZEC/USD,25.0,114.63,114.53,0.02180929948529929,-0.1181907005147007,0.13999999999999999,False,Binance US,Coinbase Pro
2080,01-14-2021_07-43-22,ZEC/USD,25.0,114.62,114.53,0.01963008201012114,-0.13036991798987885,0.15,False,Binance US,Coinbase Pro
2081,01-14-2021_07-43-33,ZEC/USD,25.0,114.62,114.53,0.01963008201012114,-0.13036991798987885,0.15,False,Binance US,Coinbase Pro
2082,01-14-2021_07-43-43,ZEC/USD,25.0,114.62,114.48,0.030535683126854077,-0.11946431687314592,0.15,False,Binance US,Coinbase Pro
2083,01-14-2021_07-43-55,ZEC/USD,25.0,114.577,114.49,0.018982867416672478,-0.1630171325833275,0.182,False,Bittrex,Coinbase Pro
2084,01-14-2021_07-44-04,ZEC/USD,25.0,114.62,114.5,0.026173442680161522,-0.03904655731983848,0.06522,False,Kraken,Binance US
2085,01-14-2021_07-44-15,ZEC/USD,25.0,114.58,114.5,0.017455053237912004,-0.04776494676208799,0.06522,False,Kraken,Binance US
2086,01-14-2021_07-44-25,ZEC/USD,25.0,114.56,114.5,0.01309357541899491,-0.05212642458100509,0.06522,False,Kraken,Binance US
2087,01-14-2021_07-44-35,ZEC/USD,25.0,114.589,114.48,0.023780642120970308,-0.1582193578790297,0.182,False,Bittrex,Coinbase Pro
2088,01-14-2021_07-44-45,ZEC/USD,25.0,114.5,114.38,0.02620087336244641,-0.15879912663755358,0.185,False,Kraken,Coinbase Pro
2089,01-14-2021_07-44-56,ZEC/USD,25.0,114.499,114.34,0.03471646040576595,-0.14728353959423404,0.182,False,Bittrex,Coinbase Pro
2090,01-14-2021_07-45-07,ZEC/USD,25.0,114.442,114.27,0.03757361807727867,-0.14442638192272134,0.182,False,Bittrex,Coinbase Pro
2091,01-14-2021_07-45-17,ZEC/USD,25.0,114.36,114.22,0.030605106680657697,-0.1193948933193423,0.15,False,Binance US,Coinbase Pro
2092,01-14-2021_07-45-28,ZEC/USD,25.0,114.36,114.25,0.024046869534802257,-0.12595313046519774,0.15,False,Binance US,Coinbase Pro
2093,01-14-2021_07-45-40,ZEC/USD,25.0,114.35,114.21,0.030607783121994005,-0.10939221687800599,0.13999999999999999,False,Binance US,Coinbase Pro
2094,01-14-2021_07-45-51,ZEC/USD,25.0,114.36,114.21,0.032791185729277215,-0.11720881427072277,0.15,False,Binance US,Coinbase Pro
2095,01-14-2021_07-46-01,ZEC/USD,25.0,114.36,114.26,0.021860790486182738,-0.12813920951381724,0.15,False,Binance US,Coinbase Pro
2096,01-14-2021_07-46-12,ZEC/USD,25.0,114.34,114.2,0.030610460031485168,-0.15438953996851484,0.185,False,Kraken,Coinbase Pro
2097,01-14-2021_07-46-23,ZEC/USD,25.0,114.327,114.18,0.032144637749611064,-0.14985536225038892,0.182,False,Bittrex,Coinbase Pro
2098,01-14-2021_07-46-34,ZEC/USD,25.0,114.27,114.15,0.026253609871355197,-0.1587463901286448,0.185,False,Kraken,Coinbase Pro
2099,01-14-2021_07-46-46,ZEC/USD,25.0,114.24,114.11,0.028448879551819732,-0.03677112044818027,0.06522,False,Kraken,Binance US
2100,01-14-2021_07-46-57,ZEC/USD,25.0,114.23,114.06,0.03720563774840272,-0.14779436225159728,0.185,False,Kraken,Coinbase Pro
2101,01-14-2021_07-47-08,ZEC/USD,25.0,114.152,114.0,0.033288948069241237,-0.14871105193075876,0.182,False,Bittrex,Coinbase Pro
2102,01-14-2021_07-47-19,ZEC/USD,25.0,113.99,113.89,0.02193174839898112,-0.16306825160101887,0.185,False,Kraken,Coinbase Pro
2103,01-14-2021_07-47-31,ZEC/USD,25.0,113.941,113.77,0.03751941794437614,-0.14448058205562386,0.182,False,Bittrex,Coinbase Pro
2104,01-14-2021_07-47-42,ZEC/USD,25.0,113.943,113.84,0.022599018807648218,-0.15940098119235177,0.182,False,Bittrex,Coinbase Pro
2105,01-14-2021_07-47-55,ZEC/USD,25.0,114.26,113.97,0.06345177664974755,-0.12154822335025245,0.185,False,Coinbase Pro,Kraken
2106,01-14-2021_07-48-06,ZEC/USD,25.0,114.52,114.3,0.04802654558155756,-0.014193454418442435,0.06222,False,Bittrex,Binance US
2107,01-14-2021_07-48-18,ZEC/USD,25.0,114.414,114.27,0.031464680895695776,-0.15053531910430423,0.182,False,Bittrex,Coinbase Pro
2108,01-14-2021_07-48-30,ZEC/USD,25.0,114.569,114.48,0.019420611160086636,-0.16257938883991335,0.182,False,Bittrex,Coinbase Pro
2109,01-14-2021_07-48-43,ZEC/USD,25.0,114.48,114.34,0.030573025856044846,-0.15442697414395515,0.185,False,Kraken,Coinbase Pro
2110,01-14-2021_07-49-05,ZEC/USD,25.0,114.5,114.39,0.024017467248908173,-0.12598253275109184,0.15,False,Binance US,Coinbase Pro
2111,01-14-2021_07-49-16,ZEC/USD,25.0,114.446,114.36,0.018786152421228906,-0.16321384757877108,0.182,False,Bittrex,Coinbase Pro
2112,01-14-2021_07-49-39,ZEC/USD,25.0,114.446,114.14,0.06684375163832668,-0.11515624836167332,0.182,False,Bittrex,Coinbase Pro
2113,01-14-2021_07-49-52,ZEC/USD,25.0,114.296,114.12,0.03849653531182235,-0.14350346468817765,0.182,False,Bittrex,Coinbase Pro
2114,01-14-2021_07-50-03,ZEC/USD,25.0,114.296,114.14,0.034121929026388914,-0.14787807097361108,0.182,False,Bittrex,Coinbase Pro
2115,01-14-2021_07-50-14,ZEC/USD,25.0,114.16,114.06,0.021899088997896443,-0.16310091100210355,0.185,False,Kraken,Coinbase Pro
2116,01-14-2021_07-50-37,ZEC/USD,25.0,114.2,114.1,0.021891418563924805,-0.1601085814360752,0.182,False,Bittrex,Coinbase Pro
2117,01-14-2021_07-50-48,ZEC/USD,25.0,114.17,114.06,0.024086887974073625,-0.16091311202592637,0.185,False,Kraken,Coinbase Pro
2118,01-14-2021_07-51-12,ZEC/USD,25.0,114.097,113.95,0.03220943583091391,-0.1497905641690861,0.182,False,Bittrex,Coinbase Pro
2119,01-14-2021_07-51-35,ZEC/USD,25.0,113.96,113.8,0.03510003510003436,-0.11489996489996564,0.15,False,Binance US,Coinbase Pro
2120,01-14-2021_07-51-47,ZEC/USD,25.0,113.84,113.68,0.035137034434292995,-0.149862965565707,0.185,False,Kraken,Coinbase Pro
2121,01-14-2021_07-52-10,ZEC/USD,25.0,113.629,113.52,0.023981554004701453,-0.15801844599529855,0.182,False,Bittrex,Coinbase Pro
2122,01-14-2021_07-52-22,ZEC/USD,25.0,113.628,113.52,0.023761748864717346,-0.15823825113528264,0.182,False,Bittrex,Coinbase Pro
2123,01-14-2021_07-52-35,ZEC/USD,25.0,113.694,113.51,0.040459478952274856,-0.14154052104772513,0.182,False,Bittrex,Coinbase Pro
2124,01-14-2021_07-52-48,ZEC/USD,25.0,113.649,113.51,0.030576599882092183,-0.1514234001179078,0.182,False,Bittrex,Coinbase Pro
2125,01-14-2021_07-53-12,ZEC/USD,25.0,113.675,113.62,0.012095887398282958,-0.050124112601717036,0.06222,False,Bittrex,Binance US
2126,01-14-2021_07-53-24,ZEC/USD,25.0,113.748,113.66,0.019340999402189064,-0.16265900059781094,0.182,False,Bittrex,Coinbase Pro
2127,01-14-2021_07-53-46,ZEC/USD,25.0,113.882,113.7,0.039953636219947436,-0.14204636378005256,0.182,False,Bittrex,Coinbase Pro
2128,01-14-2021_07-53-57,ZEC/USD,25.0,113.966,113.7,0.05835073618447413,-0.12364926381552586,0.182,False,Bittrex,Coinbase Pro
2129,01-14-2021_07-54-21,ZEC/USD,25.0,114.114,113.98,0.029356608303976798,-0.0328633916960232,0.06222,False,Bittrex,Binance US
2130,01-14-2021_07-54-33,ZEC/USD,25.0,114.12,114.01,0.024097441289870184,-0.1159025587101298,0.13999999999999999,False,Binance US,Coinbase Pro
2131,01-14-2021_07-54-56,ZEC/USD,25.0,114.12,114.03,0.019716088328076455,-0.16528391167192355,0.185,False,Kraken,Coinbase Pro
2132,01-14-2021_07-55-08,ZEC/USD,25.0,114.11,114.0,0.024099553062833984,-0.125900446937166,0.15,False,Binance US,Coinbase Pro
2133,01-14-2021_07-55-19,ZEC/USD,25.0,114.12,113.95,0.03724150017525449,-0.1477584998247455,0.185,False,Kraken,Coinbase Pro
2134,01-14-2021_07-55-41,ZEC/USD,25.0,114.03,113.95,0.017539244058580702,-0.1674607559414193,0.185,False,Kraken,Coinbase Pro
2135,01-14-2021_07-55-53,ZEC/USD,25.0,114.12,114.04,0.017525411847178034,-0.12247458815282194,0.13999999999999999,False,Binance US,Coinbase Pro
2136,01-14-2021_07-56-05,ZEC/USD,25.0,114.25,114.13,0.026258205689278894,-0.06874179431072111,0.095,False,Binance US,Kraken
2137,01-14-2021_07-56-19,ZEC/USD,25.0,114.297,114.17,0.02777850687244533,-0.09922149312755467,0.127,False,Bittrex,Kraken
2138,01-14-2021_07-56-41,ZEC/USD,25.0,114.361,114.22,0.03082344505557081,-0.1511765549444292,0.182,False,Bittrex,Coinbase Pro
2139,01-14-2021_07-56-52,ZEC/USD,25.0,114.358,114.2,0.0345406530369544,-0.14745934696304558,0.182,False,Bittrex,Coinbase Pro
2140,01-14-2021_07-57-04,ZEC/USD,25.0,114.256,114.12,0.029757737011622074,-0.15224226298837792,0.182,False,Bittrex,Coinbase Pro
2141,01-14-2021_07-57-27,ZEC/USD,25.0,113.854,113.62,0.05138159397122513,-0.13061840602877486,0.182,False,Bittrex,Coinbase Pro
2142,01-14-2021_07-57-38,ZEC/USD,25.0,113.76,113.68,0.017580872011251383,-0.1674191279887486,0.185,False,Kraken,Coinbase Pro
2143,01-14-2021_07-57-50,ZEC/USD,25.0,113.797,113.66,0.03009745423868829,-0.1519025457613117,0.182,False,Bittrex,Coinbase Pro
2144,01-14-2021_07-58-00,ZEC/USD,25.0,113.792,113.66,0.029000281214849245,-0.15299971878515076,0.182,False,Bittrex,Coinbase Pro
2145,01-14-2021_07-58-13,ZEC/USD,25.0,113.79,113.62,0.037349503471307166,-0.14465049652869283,0.182,False,Bittrex,Coinbase Pro
2146,01-14-2021_07-58-24,ZEC/USD,25.0,113.79,113.62,0.037349503471307166,-0.14465049652869283,0.182,False,Bittrex,Coinbase Pro
2147,01-14-2021_07-58-36,ZEC/USD,25.0,113.831,113.62,0.04634062777275051,-0.1356593722272495,0.182,False,Bittrex,Coinbase Pro
2148,01-14-2021_07-58-47,ZEC/USD,25.0,113.825,113.62,0.045025258071600766,-0.13697474192839923,0.182,False,Bittrex,Coinbase Pro
2149,01-14-2021_07-58-58,ZEC/USD,25.0,113.825,113.62,0.045025258071600766,-0.13697474192839923,0.182,False,Bittrex,Coinbase Pro
2150,01-14-2021_07-59-09,ZEC/USD,25.0,113.742,113.43,0.06857625151658965,-0.11342374848341034,0.182,False,Bittrex,Coinbase Pro
2151,01-14-2021_07-59-30,ZEC/USD,25.0,113.727,113.53,0.0433054595654512,-0.1386945404345488,0.182,False,Bittrex,Coinbase Pro
2152,01-14-2021_07-59-42,ZEC/USD,25.0,113.652,113.54,0.02463661000246251,-0.1573633899975375,0.182,False,Bittrex,Coinbase Pro
2153,01-14-2021_07-59-54,ZEC/USD,25.0,113.627,113.54,0.019141577265964316,-0.16285842273403567,0.182,False,Bittrex,Coinbase Pro
2154,01-14-2021_08-00-05,ZEC/USD,25.0,113.527,113.39,0.030169034678975148,-0.15183096532102486,0.182,False,Bittrex,Coinbase Pro
2155,01-14-2021_08-00-26,ZEC/USD,25.0,113.56,113.41,0.03302219091229431,-0.1519778090877057,0.185,False,Kraken,Coinbase Pro
2156,01-14-2021_08-00-38,ZEC/USD,25.0,113.62,113.45,0.037405386375638464,-0.10259461362436152,0.13999999999999999,False,Binance US,Coinbase Pro
2157,01-14-2021_08-00-50,ZEC/USD,25.0,113.789,113.56,0.050312420356976334,-0.13168757964302366,0.182,False,Bittrex,Coinbase Pro
2158,01-14-2021_08-01-01,ZEC/USD,25.0,113.971,113.7,0.05944494652148371,-0.12255505347851628,0.182,False,Bittrex,Coinbase Pro
2159,01-14-2021_08-01-13,ZEC/USD,25.0,113.962,113.77,0.04211930292553818,-0.13988069707446182,0.182,False,Bittrex,Coinbase Pro
2160,01-14-2021_08-01-23,ZEC/USD,25.0,114.144,113.96,0.04029997196523946,-0.14170002803476053,0.182,False,Bittrex,Coinbase Pro
2161,01-14-2021_08-01-33,ZEC/USD,25.0,114.197,113.99,0.04531642687636449,-0.1366835731236355,0.182,False,Bittrex,Coinbase Pro
2162,01-14-2021_08-01-56,ZEC/USD,25.0,114.298,114.11,0.04112057953770022,-0.1408794204622998,0.182,False,Bittrex,Coinbase Pro
2163,01-14-2021_08-02-06,ZEC/USD,25.0,114.13,113.88,0.054762113379479546,-0.13023788662052044,0.185,False,Kraken,Coinbase Pro
2164,01-14-2021_08-02-18,ZEC/USD,25.0,114.02,113.79,0.050429749166810596,-0.1315702508331894,0.182,False,Bittrex,Coinbase Pro
2165,01-14-2021_08-02-29,ZEC/USD,25.0,113.99,113.79,0.04386349679796224,-0.14113650320203774,0.185,False,Kraken,Coinbase Pro
2166,01-14-2021_08-02-40,ZEC/USD,25.0,114.03,113.88,0.032886082609840765,-0.062113917390159236,0.095,False,Binance US,Kraken
2167,01-14-2021_08-02-51,ZEC/USD,25.0,114.03,113.89,0.030693677102517008,-0.11930632289748298,0.15,False,Binance US,Coinbase Pro
2168,01-14-2021_08-03-03,ZEC/USD,25.0,114.084,113.94,0.03155569580309365,-0.09544430419690636,0.127,False,Bittrex,Kraken
2169,01-14-2021_08-03-14,ZEC/USD,25.0,114.081,113.95,0.028707672618578078,-0.15329232738142193,0.182,False,Bittrex,Coinbase Pro
2170,01-14-2021_08-03-25,ZEC/USD,25.0,114.07,113.9,0.0372578241430673,-0.1477421758569327,0.185,False,Kraken,Coinbase Pro
2171,01-14-2021_08-03-36,ZEC/USD,25.0,114.015,113.89,0.02740867429724159,-0.1545913257027584,0.182,False,Bittrex,Coinbase Pro
2172,01-14-2021_08-03-47,ZEC/USD,25.0,114.06,113.94,0.026301946344030453,-0.15869805365596953,0.185,False,Kraken,Coinbase Pro
2173,01-14-2021_08-03-59,ZEC/USD,25.0,114.117,113.94,0.03877599305975593,-0.14322400694024406,0.182,False,Bittrex,Coinbase Pro
2174,01-14-2021_08-04-21,ZEC/USD,25.0,114.108,113.93,0.03899814211098198,-0.143001857889018,0.182,False,Bittrex,Coinbase Pro
2175,01-14-2021_08-04-33,ZEC/USD,25.0,114.1,113.95,0.032865907099034065,-0.14913409290096594,0.182,False,Bittrex,Coinbase Pro
2176,01-14-2021_08-04-44,ZEC/USD,25.0,114.044,113.86,0.040335309178912856,-0.14166469082108712,0.182,False,Bittrex,Coinbase Pro
2177,01-14-2021_08-04-54,ZEC/USD,25.0,113.942,113.83,0.02457390602236111,-0.15742609397763888,0.182,False,Bittrex,Coinbase Pro
2178,01-14-2021_08-05-04,ZEC/USD,25.0,113.81,113.61,0.04393287057376391,-0.1410671294262361,0.185,False,Kraken,Coinbase Pro
2179,01-14-2021_08-05-15,ZEC/USD,25.0,114.584,113.71,0.19068979962298607,0.06368979962298607,0.127,True,Bittrex,Kraken
2180,01-14-2021_08-05-25,ZEC/USD,25.0,113.804,113.68,0.02723981582369583,-0.15476018417630416,0.182,False,Bittrex,Coinbase Pro
2181,01-14-2021_08-05-46,ZEC/USD,25.0,113.604,113.45,0.033889651772824096,-0.1481103482271759,0.182,False,Bittrex,Coinbase Pro
2182,01-14-2021_08-05-58,ZEC/USD,25.0,113.69,113.5,0.04178027970797733,-0.14321972029202268,0.185,False,Kraken,Coinbase Pro
2183,01-14-2021_08-06-09,ZEC/USD,25.0,113.67,113.53,0.030790885897774383,-0.15420911410222563,0.185,False,Kraken,Coinbase Pro
2184,01-14-2021_08-06-20,ZEC/USD,25.0,114.322,113.56,0.1666345935165586,-0.015365406483441396,0.182,False,Bittrex,Coinbase Pro
2185,01-14-2021_08-06-41,ZEC/USD,25.0,113.89,113.79,0.021951005356044058,-0.06304899464395594,0.085,False,Binance US,Kraken
2186,01-14-2021_08-06-53,ZEC/USD,25.0,113.91,113.8,0.02414186638574301,-0.160858133614257,0.185,False,Kraken,Coinbase Pro
2187,01-14-2021_08-07-03,ZEC/USD,25.0,113.91,113.78,0.028531296637695432,-0.15646870336230456,0.185,False,Kraken,Coinbase Pro
2188,01-14-2021_08-07-14,ZEC/USD,25.0,113.89,113.78,0.02414610589164971,-0.11585389410835027,0.13999999999999999,False,Binance US,Coinbase Pro
2189,01-14-2021_08-07-25,ZEC/USD,25.0,113.92,113.76,0.035112359550561044,-0.11488764044943894,0.15,False,Binance US,Coinbase Pro
2190,01-14-2021_08-07-37,ZEC/USD,25.0,113.92,113.75,0.03730688202247228,-0.05769311797752772,0.095,False,Binance US,Kraken
2191,01-14-2021_08-07-48,ZEC/USD,25.0,114.03,113.97,0.013154433043936306,-0.1368455669560637,0.15,False,Binance US,Coinbase Pro
2192,01-14-2021_08-07-58,ZEC/USD,25.0,114.225,113.98,0.053622236813304955,-0.07337776318669505,0.127,False,Bittrex,Kraken
2193,01-14-2021_08-08-09,ZEC/USD,25.0,114.25,114.07,0.03938730853391834,-0.11061269146608166,0.15,False,Binance US,Coinbase Pro
2194,01-14-2021_08-08-18,ZEC/USD,25.0,114.278,114.08,0.04331542379110754,-0.08368457620889247,0.127,False,Bittrex,Kraken
2195,01-14-2021_08-08-29,ZEC/USD,25.0,114.25,114.08,0.0371991247264774,-0.0578008752735226,0.095,False,Binance US,Kraken
2196,01-14-2021_08-08-41,ZEC/USD,25.0,114.25,114.07,0.03938730853391834,-0.11061269146608166,0.15,False,Binance US,Coinbase Pro
2197,01-14-2021_08-08-52,ZEC/USD,25.0,114.17,114.04,0.028466322151177073,-0.15353367784882294,0.182,False,Bittrex,Coinbase Pro
2198,01-14-2021_08-09-03,ZEC/USD,25.0,114.028,113.97,0.01271617497456917,-0.16928382502543082,0.182,False,Bittrex,Coinbase Pro
2199,01-14-2021_08-09-25,ZEC/USD,25.0,114.013,113.92,0.020392411391684174,-0.1616075886083158,0.182,False,Bittrex,Coinbase Pro
2200,01-14-2021_08-09-34,ZEC/USD,25.0,114.03,113.93,0.021924055073225097,-0.1630759449267749,0.185,False,Kraken,Coinbase Pro
2201,01-14-2021_08-09-46,ZEC/USD,25.0,114.07,113.92,0.0328745507144717,-0.1521254492855283,0.185,False,Kraken,Coinbase Pro
2202,01-14-2021_08-09-57,ZEC/USD,25.0,114.013,113.88,0.02916334102251712,-0.1528366589774829,0.182,False,Bittrex,Coinbase Pro
2203,01-14-2021_08-10-08,ZEC/USD,25.0,114.075,113.94,0.029585798816569166,-0.15241420118343083,0.182,False,Bittrex,Coinbase Pro
2204,01-14-2021_08-10-19,ZEC/USD,25.0,114.069,113.93,0.030464017392980516,-0.15153598260701948,0.182,False,Bittrex,Coinbase Pro
2205,01-14-2021_08-10-29,ZEC/USD,25.0,114.069,113.93,0.030464017392980516,-0.15153598260701948,0.182,False,Bittrex,Coinbase Pro
2206,01-14-2021_08-10-39,ZEC/USD,25.0,114.069,113.94,0.02827236146542989,-0.1537276385345701,0.182,False,Bittrex,Coinbase Pro
2207,01-14-2021_08-10-49,ZEC/USD,25.0,114.037,113.92,0.02564956987644458,-0.15635043012355543,0.182,False,Bittrex,Coinbase Pro
2208,01-14-2021_08-11-00,ZEC/USD,25.0,114.037,113.94,0.021265028017224324,-0.16073497198277567,0.182,False,Bittrex,Coinbase Pro
2209,01-14-2021_08-11-11,ZEC/USD,25.0,114.037,113.9,0.03003411173566484,-0.09696588826433516,0.127,False,Bittrex,Kraken
2210,01-14-2021_08-11-32,ZEC/USD,25.0,114.035,113.9,0.029596176612441554,-0.15240382338755845,0.182,False,Bittrex,Coinbase Pro
2211,01-14-2021_08-11-44,ZEC/USD,25.0,114.034,113.9,0.029377203290246845,-0.15262279670975315,0.182,False,Bittrex,Coinbase Pro
2212,01-14-2021_08-12-06,ZEC/USD,25.0,113.931,113.79,0.030939779340124974,-0.151060220659875,0.182,False,Bittrex,Coinbase Pro
2213,01-14-2021_08-12-18,ZEC/USD,25.0,113.923,113.75,0.037964239003537875,-0.14403576099646212,0.182,False,Bittrex,Coinbase Pro
2214,01-14-2021_08-12-40,ZEC/USD,25.0,114.004,113.9,0.022806217325707694,-0.1591937826742923,0.182,False,Bittrex,Coinbase Pro
2215,01-14-2021_08-13-04,ZEC/USD,25.0,114.037,113.9,0.03003411173566484,-0.09696588826433516,0.127,False,Bittrex,Kraken
2216,01-14-2021_08-13-16,ZEC/USD,25.0,113.97,113.87,0.02193559708695146,-0.12806440291304855,0.15,False,Binance US,Coinbase Pro
2217,01-14-2021_08-13-40,ZEC/USD,25.0,114.006,113.9,0.02324439064610515,-0.10375560935389486,0.127,False,Bittrex,Kraken
2218,01-14-2021_08-13-51,ZEC/USD,25.0,114.133,113.9,0.05103694812192571,-0.07596305187807428,0.127,False,Bittrex,Kraken
2219,01-14-2021_08-14-14,ZEC/USD,25.0,114.232,114.0,0.050773863715946346,-0.07622613628405366,0.127,False,Bittrex,Kraken
2220,01-14-2021_08-14-27,ZEC/USD,25.0,114.15,113.97,0.03942181340341805,-0.11057818659658195,0.15,False,Binance US,Coinbase Pro
2221,01-14-2021_08-14-38,ZEC/USD,25.0,114.13,113.92,0.04600017523876145,-0.10399982476123854,0.15,False,Binance US,Coinbase Pro
2222,01-14-2021_08-15-00,ZEC/USD,25.0,114.14,114.0,0.03066409672332236,-0.11933590327667763,0.15,False,Binance US,Coinbase Pro
2223,01-14-2021_08-15-11,ZEC/USD,25.0,114.14,114.0,0.03066409672332236,-0.06433590327667764,0.095,False,Binance US,Kraken
2224,01-14-2021_08-15-34,ZEC/USD,25.0,114.21,114.0,0.045967953769370844,-0.08103204623062915,0.127,False,Bittrex,Kraken
2225,01-14-2021_08-15-45,ZEC/USD,25.0,114.204,114.0,0.044656929704737475,-0.08234307029526253,0.127,False,Bittrex,Kraken
2226,01-14-2021_08-15-57,ZEC/USD,25.0,114.201,114.0,0.04400136601255537,-0.08299863398744464,0.127,False,Bittrex,Kraken
2227,01-14-2021_08-16-19,ZEC/USD,25.0,114.388,114.06,0.07168584117215157,-0.05531415882784843,0.127,False,Bittrex,Kraken
2228,01-14-2021_08-16-32,ZEC/USD,25.0,114.263,114.06,0.044415077496653105,-0.0825849225033469,0.127,False,Bittrex,Kraken
2229,01-14-2021_08-16-55,ZEC/USD,25.0,114.15,113.98,0.037231712658782674,-0.11276828734121733,0.15,False,Binance US,Coinbase Pro
2230,01-14-2021_08-17-07,ZEC/USD,25.0,114.11,113.92,0.04162650074489478,-0.10837349925510521,0.15,False,Binance US,Coinbase Pro
2231,01-14-2021_08-17-30,ZEC/USD,25.0,114.03,113.87,0.035078488117161404,-0.1499215118828386,0.185,False,Kraken,Coinbase Pro
2232,01-14-2021_08-17-41,ZEC/USD,25.0,114.01,113.85,0.03508464169809902,-0.11491535830190097,0.15,False,Binance US,Coinbase Pro
2233,01-14-2021_08-18-04,ZEC/USD,25.0,114.01,113.85,0.03508464169809902,-0.11491535830190097,0.15,False,Binance US,Coinbase Pro
2234,01-14-2021_08-18-27,ZEC/USD,25.0,113.868,113.57,0.06542663434854433,-0.11657336565145567,0.182,False,Bittrex,Coinbase Pro
2235,01-14-2021_08-18-39,ZEC/USD,25.0,113.766,113.62,0.032083399258126505,-0.1499166007418735,0.182,False,Bittrex,Coinbase Pro
2236,01-14-2021_08-19-01,ZEC/USD,25.0,113.837,113.64,0.04326361376353969,-0.1387363862364603,0.182,False,Bittrex,Coinbase Pro
2237,01-14-2021_08-19-14,ZEC/USD,25.0,113.74,113.64,0.021979954281693845,-0.16002004571830614,0.182,False,Bittrex,Coinbase Pro
2238,01-14-2021_08-19-28,ZEC/USD,25.0,113.731,113.64,0.0200033412174328,-0.1619966587825672,0.182,False,Bittrex,Coinbase Pro
2239,01-14-2021_08-19-50,ZEC/USD,25.0,113.683,113.58,0.02265070415101832,-0.15934929584898166,0.182,False,Bittrex,Coinbase Pro
2240,01-14-2021_08-20-14,ZEC/USD,25.0,113.676,113.55,0.027710334635280266,-0.15428966536471972,0.182,False,Bittrex,Coinbase Pro
2241,01-14-2021_08-20-26,ZEC/USD,25.0,113.62,113.46,0.0352050695300147,-0.10479493046998528,0.13999999999999999,False,Binance US,Coinbase Pro
2242,01-14-2021_08-20-49,ZEC/USD,25.0,113.63,113.41,0.048402710551790656,-0.13659728944820934,0.185,False,Kraken,Coinbase Pro
2243,01-14-2021_08-21-00,ZEC/USD,25.0,113.57,113.39,0.03962313991370798,-0.14537686008629203,0.185,False,Kraken,Coinbase Pro
2244,01-14-2021_08-21-22,ZEC/USD,25.0,113.52,113.2,0.07047216349541781,-0.02152783650458219,0.092,False,Binance US,Bittrex
2245,01-14-2021_08-21-32,ZEC/USD,25.0,113.52,113.2,0.07047216349541781,-0.02152783650458219,0.092,False,Binance US,Bittrex
2246,01-14-2021_08-21-43,ZEC/USD,25.0,113.51,113.2,0.06827592282618322,-0.023724077173816777,0.092,False,Binance US,Bittrex
2247,01-14-2021_08-22-06,ZEC/USD,25.0,113.51,113.2,0.06827592282618322,-0.023724077173816777,0.092,False,Binance US,Bittrex
2248,01-14-2021_08-22-17,ZEC/USD,25.0,113.41,113.2,0.046292214090466834,-0.045707785909533165,0.092,False,Binance US,Bittrex
2249,01-14-2021_08-22-39,ZEC/USD,25.0,113.52,113.2,0.07047216349541781,-0.02152783650458219,0.092,False,Binance US,Bittrex
2250,01-14-2021_08-22-51,ZEC/USD,25.0,113.53,113.2,0.07266801726415888,-0.009331982735841127,0.082,False,Binance US,Bittrex
2251,01-14-2021_08-23-02,ZEC/USD,25.0,113.52,113.2,0.07047216349541781,-0.02152783650458219,0.092,False,Binance US,Bittrex
2252,01-14-2021_08-23-13,ZEC/USD,25.0,113.51,113.2,0.06827592282618322,-0.023724077173816777,0.092,False,Binance US,Bittrex
2253,01-14-2021_08-23-34,ZEC/USD,25.0,113.37,113.2,0.037487871570962714,-0.054512128429037285,0.092,False,Binance US,Bittrex
2254,01-14-2021_08-23-46,ZEC/USD,25.0,113.37,113.16,0.046308547234719936,-0.10369145276528005,0.15,False,Binance US,Coinbase Pro
2255,01-14-2021_08-23-57,ZEC/USD,25.0,113.35,113.14,0.046316718129685436,-0.10368328187031456,0.15,False,Binance US,Coinbase Pro
2256,01-14-2021_08-24-08,ZEC/USD,25.0,113.23,113.11,0.026494745208867913,-0.12350525479113209,0.15,False,Binance US,Coinbase Pro
2257,01-14-2021_08-24-20,ZEC/USD,25.0,113.23,113.08,0.033118431511084886,-0.1518815684889151,0.185,False,Kraken,Coinbase Pro
2258,01-14-2021_08-24-31,ZEC/USD,25.0,113.25,113.17,0.017660044150109997,-0.04755995584989001,0.06522,False,Kraken,Binance US
2259,01-14-2021_08-24-43,ZEC/USD,25.0,113.32,113.12,0.044122837980936434,-0.14087716201906356,0.185,False,Kraken,Coinbase Pro
2260,01-14-2021_08-24-53,ZEC/USD,25.0,113.27,113.19,0.017656925929195353,-0.13234307407080464,0.15,False,Binance US,Coinbase Pro
2261,01-14-2021_08-25-04,ZEC/USD,25.0,113.27,113.13,0.03089962037609265,-0.11910037962390735,0.15,False,Binance US,Coinbase Pro
2262,01-14-2021_08-25-25,ZEC/USD,25.0,113.65,113.2,0.09898812142542956,0.0069881214254295665,0.092,False,Binance US,Bittrex
2263,01-14-2021_08-25-36,ZEC/USD,25.0,113.46,113.2,0.05728891239203043,-0.06971108760796957,0.127,False,Kraken,Bittrex
2264,01-14-2021_08-25-47,ZEC/USD,25.0,113.51,113.2,0.06827592282618322,-0.023724077173816777,0.092,False,Binance US,Bittrex
2265,01-14-2021_08-25-57,ZEC/USD,25.0,113.51,113.2,0.06827592282618322,-0.023724077173816777,0.092,False,Binance US,Bittrex
2266,01-14-2021_08-26-08,ZEC/USD,25.0,113.51,113.2,0.06827592282618322,-0.023724077173816777,0.092,False,Binance US,Bittrex
2267,01-14-2021_08-26-20,ZEC/USD,25.0,113.49,113.2,0.063882280377124,-0.063117719622876,0.127,False,Kraken,Bittrex
2268,01-14-2021_08-26-29,ZEC/USD,25.0,113.4,113.2,0.04409171075837805,-0.04790828924162195,0.092,False,Binance US,Bittrex
2269,01-14-2021_08-26-40,ZEC/USD,25.0,113.42,113.18,0.052900722976546216,-0.09709927702345378,0.15,False,Binance US,Coinbase Pro
2270,01-14-2021_08-26-50,ZEC/USD,25.0,113.37,113.2,0.037487871570962714,-0.054512128429037285,0.092,False,Binance US,Bittrex
2271,01-14-2021_08-27-01,ZEC/USD,25.0,113.38,113.2,0.039689539601338995,-0.087310460398661,0.127,False,Kraken,Bittrex
2272,01-14-2021_08-27-11,ZEC/USD,25.0,113.37,113.2,0.037487871570962714,-0.054512128429037285,0.092,False,Binance US,Bittrex
2273,01-14-2021_08-27-22,ZEC/USD,25.0,113.37,113.2,0.037487871570962714,-0.054512128429037285,0.092,False,Binance US,Bittrex
2274,01-14-2021_08-27-34,ZEC/USD,25.0,113.35,113.2,0.033083370092631556,-0.15191662990736843,0.185,False,Kraken,Coinbase Pro
2275,01-14-2021_08-27-45,ZEC/USD,25.0,113.31,113.2,0.024269702585826367,-0.06773029741417363,0.092,False,Binance US,Bittrex
2276,01-14-2021_08-27-57,ZEC/USD,25.0,113.31,113.2,0.024269702585826367,-0.10273029741417364,0.127,False,Kraken,Bittrex
2277,01-14-2021_08-28-07,ZEC/USD,25.0,113.31,113.19,0.026476039184538995,-0.12352396081546099,0.15,False,Binance US,Coinbase Pro
2278,01-14-2021_08-28-17,ZEC/USD,25.0,113.31,113.18,0.02868237578324849,-0.1213176242167515,0.15,False,Binance US,Coinbase Pro
2279,01-14-2021_08-28-28,ZEC/USD,25.0,113.31,113.15,0.03530138557938324,-0.11469861442061675,0.15,False,Binance US,Coinbase Pro
2280,01-14-2021_08-28-39,ZEC/USD,25.0,113.31,113.18,0.02868237578324849,-0.1213176242167515,0.15,False,Binance US,Coinbase Pro
2281,01-14-2021_08-29-01,ZEC/USD,25.0,113.31,113.2,0.024269702585826367,-0.10273029741417364,0.127,False,Kraken,Bittrex
2282,01-14-2021_08-29-12,ZEC/USD,25.0,113.31,113.2,0.024269702585826367,-0.10273029741417364,0.127,False,Kraken,Bittrex
2283,01-14-2021_08-29-22,ZEC/USD,25.0,113.31,113.2,0.024269702585826367,-0.06773029741417363,0.092,False,Binance US,Bittrex
2284,01-14-2021_08-29-32,ZEC/USD,25.0,113.35,113.2,0.033083370092631556,-0.11691662990736844,0.15,False,Binance US,Coinbase Pro
2285,01-14-2021_08-29-43,ZEC/USD,25.0,113.29,113.18,0.024273987112719442,-0.16072601288728056,0.185,False,Kraken,Coinbase Pro
2286,01-14-2021_08-29-54,ZEC/USD,25.0,113.36,113.2,0.035285815102328116,-0.11471418489767188,0.15,False,Binance US,Coinbase Pro
2287,01-14-2021_08-30-16,ZEC/USD,25.0,113.49,113.2,0.063882280377124,-0.028117719622876,0.092,False,Binance US,Bittrex
2288,01-14-2021_08-30-26,ZEC/USD,25.0,113.49,113.2,0.063882280377124,-0.028117719622876,0.092,False,Binance US,Bittrex
2289,01-14-2021_08-30-36,ZEC/USD,25.0,113.58,113.2,0.08364148617714286,-0.008358513822857142,0.092,False,Binance US,Bittrex
2290,01-14-2021_08-30-47,ZEC/USD,25.0,113.52,113.2,0.07047216349541781,-0.02152783650458219,0.092,False,Binance US,Bittrex
2291,01-14-2021_08-30-58,ZEC/USD,25.0,113.4,113.2,0.04409171075837805,-0.04790828924162195,0.092,False,Binance US,Bittrex
2292,01-14-2021_08-31-08,ZEC/USD,25.0,113.39,113.2,0.041890819296233735,-0.050109180703766264,0.092,False,Binance US,Bittrex
2293,01-14-2021_08-31-18,ZEC/USD,25.0,113.39,113.2,0.041890819296233735,-0.050109180703766264,0.092,False,Binance US,Bittrex
2294,01-14-2021_08-31-30,ZEC/USD,25.0,113.39,113.2,0.041890819296233735,-0.050109180703766264,0.092,False,Binance US,Bittrex
2295,01-14-2021_08-31-40,ZEC/USD,25.0,113.39,113.2,0.041890819296233735,-0.050109180703766264,0.092,False,Binance US,Bittrex
2296,01-14-2021_08-32-03,ZEC/USD,25.0,113.27,113.06,0.04634943056413741,-0.1386505694358626,0.185,False,Kraken,Coinbase Pro
2297,01-14-2021_08-32-14,ZEC/USD,25.0,113.23,113.11,0.026494745208867913,-0.12350525479113209,0.15,False,Binance US,Coinbase Pro
2298,01-14-2021_08-32-24,ZEC/USD,25.0,113.23,113.1,0.028702640642941285,-0.12129735935705871,0.15,False,Binance US,Coinbase Pro
2299,01-14-2021_08-32-34,ZEC/USD,25.0,113.25,113.08,0.03752759381898492,-0.05747240618101508,0.095,False,Binance US,Kraken
2300,01-14-2021_08-32-45,ZEC/USD,25.0,113.24,113.11,0.028700105969621036,-0.12129989403037895,0.15,False,Binance US,Coinbase Pro
2301,01-14-2021_08-32-56,ZEC/USD,25.0,113.2,113.06,0.03091872791519447,-0.15108127208480554,0.182,False,Bittrex,Coinbase Pro
2302,01-14-2021_08-33-06,ZEC/USD,25.0,113.14,113.04,0.022096517588826747,-0.16290348241117325,0.185,False,Kraken,Coinbase Pro
2303,01-14-2021_08-33-16,ZEC/USD,25.0,113.11,113.02,0.019892140394307183,-0.13010785960569282,0.15,False,Binance US,Coinbase Pro
2304,01-14-2021_08-33-26,ZEC/USD,25.0,113.11,113.01,0.022102378215894777,-0.12789762178410521,0.15,False,Binance US,Coinbase Pro
2305,01-14-2021_08-33-36,ZEC/USD,25.0,113.24,113.16,0.017661603673613187,-0.1323383963263868,0.15,False,Binance US,Coinbase Pro
2306,01-14-2021_08-33-46,ZEC/USD,25.0,113.24,113.14,0.0220770045920157,-0.1279229954079843,0.15,False,Binance US,Coinbase Pro
2307,01-14-2021_08-33-57,ZEC/USD,25.0,113.24,113.14,0.0220770045920157,-0.1279229954079843,0.15,False,Binance US,Coinbase Pro
2308,01-14-2021_08-34-07,ZEC/USD,25.0,113.24,113.13,0.024284705051218526,-0.12571529494878148,0.15,False,Binance US,Coinbase Pro
2309,01-14-2021_08-34-19,ZEC/USD,25.0,113.24,113.15,0.019869304132812876,-0.13013069586718712,0.15,False,Binance US,Coinbase Pro
2310,01-14-2021_08-34-29,ZEC/USD,25.0,113.31,113.13,0.039714058776808496,-0.1452859412231915,0.185,False,Kraken,Coinbase Pro
2311,01-14-2021_08-34-40,ZEC/USD,25.0,113.26,113.06,0.044146212254989145,-0.14085378774501084,0.185,False,Kraken,Coinbase Pro
2312,01-14-2021_08-34-52,ZEC/USD,25.0,113.17,113.05,0.026508792082708437,-0.15849120791729157,0.185,False,Kraken,Coinbase Pro
2313,01-14-2021_08-35-02,ZEC/USD,25.0,113.117,113.04,0.017017778052812172,-0.1649822219471878,0.182,False,Bittrex,Coinbase Pro
2314,01-14-2021_08-35-12,ZEC/USD,25.0,113.23,113.06,0.037534222379228495,-0.1124657776207715,0.15,False,Binance US,Coinbase Pro
2315,01-14-2021_08-35-23,ZEC/USD,25.0,113.27,113.199,0.015670521762160758,-0.11132947823783924,0.127,False,Kraken,Bittrex
2316,01-14-2021_08-35-34,ZEC/USD,25.0,113.33,113.2,0.028677314038647195,-0.0633226859613528,0.092,False,Binance US,Bittrex
2317,01-14-2021_08-35-44,ZEC/USD,25.0,113.35,113.2,0.033083370092631556,-0.14891662990736843,0.182,False,Coinbase Pro,Bittrex
2318,01-14-2021_08-35-54,ZEC/USD,25.0,113.41,113.2,0.046292214090466834,-0.045707785909533165,0.092,False,Binance US,Bittrex
2319,01-14-2021_08-36-05,ZEC/USD,25.0,113.39,113.2,0.041890819296233735,-0.050109180703766264,0.092,False,Binance US,Bittrex
2320,01-14-2021_08-36-15,ZEC/USD,25.0,113.39,113.2,0.041890819296233735,-0.050109180703766264,0.092,False,Binance US,Bittrex
2321,01-14-2021_08-36-26,ZEC/USD,25.0,113.61,113.2,0.09022093125605066,-0.0017790687439493413,0.092,False,Binance US,Bittrex
2322,01-14-2021_08-36-35,ZEC/USD,25.0,113.61,113.2,0.09022093125605066,-0.0017790687439493413,0.092,False,Binance US,Bittrex
2323,01-14-2021_08-36-45,ZEC/USD,25.0,113.61,113.2,0.09022093125605066,-0.0017790687439493413,0.092,False,Binance US,Bittrex
2324,01-14-2021_08-36-53,ZEC/USD,25.0,113.61,113.2,0.09022093125605066,-0.0017790687439493413,0.092,False,Binance US,Bittrex
2325,01-14-2021_08-37-03,ZEC/USD,25.0,113.61,113.2,0.09022093125605066,-0.0017790687439493413,0.092,False,Binance US,Bittrex
2326,01-14-2021_08-37-14,ZEC/USD,25.0,113.61,113.2,0.09022093125605066,-0.0017790687439493413,0.092,False,Binance US,Bittrex
2327,01-14-2021_08-37-22,ZEC/USD,25.0,113.61,113.2,0.09022093125605066,-0.0017790687439493413,0.092,False,Binance US,Bittrex
2328,01-14-2021_08-37-32,ZEC/USD,25.0,113.61,113.2,0.09022093125605066,-0.0017790687439493413,0.092,False,Binance US,Bittrex
2329,01-14-2021_08-37-41,ZEC/USD,25.0,113.61,113.2,0.09022093125605066,-0.0017790687439493413,0.092,False,Binance US,Bittrex
2330,01-14-2021_08-37-50,ZEC/USD,25.0,113.61,113.2,0.09022093125605066,-0.0017790687439493413,0.092,False,Binance US,Bittrex
2331,01-14-2021_08-38-00,ZEC/USD,25.0,113.59,113.2,0.08583502068844101,-0.006164979311558988,0.092,False,Binance US,Bittrex
2332,01-14-2021_08-38-10,ZEC/USD,25.0,113.59,113.2,0.08583502068844101,-0.006164979311558988,0.092,False,Binance US,Bittrex
2333,01-14-2021_08-38-21,ZEC/USD,25.0,113.59,113.2,0.08583502068844101,-0.006164979311558988,0.092,False,Binance US,Bittrex
2334,01-14-2021_08-38-31,ZEC/USD,25.0,113.62,113.2,0.09241330751628271,-0.08958669248371728,0.182,False,Coinbase Pro,Bittrex
2335,01-14-2021_08-38-42,ZEC/USD,25.0,113.61,113.2,0.09022093125605066,-0.0017790687439493413,0.092,False,Binance US,Bittrex
2336,01-14-2021_08-38-52,ZEC/USD,25.0,113.61,113.2,0.09022093125605066,-0.0017790687439493413,0.092,False,Binance US,Bittrex
2337,01-14-2021_08-39-03,ZEC/USD,25.0,113.61,113.2,0.09022093125605066,-0.0017790687439493413,0.092,False,Binance US,Bittrex
2338,01-14-2021_08-39-13,ZEC/USD,25.0,113.61,113.2,0.09022093125605066,-0.0017790687439493413,0.092,False,Binance US,Bittrex
2339,01-14-2021_08-39-23,ZEC/USD,25.0,113.61,113.2,0.09022093125605066,-0.09177906874394934,0.182,False,Coinbase Pro,Bittrex
2340,01-14-2021_08-39-33,ZEC/USD,25.0,113.61,113.2,0.09022093125605066,-0.09177906874394934,0.182,False,Coinbase Pro,Bittrex
2341,01-14-2021_08-39-43,ZEC/USD,25.0,113.61,113.2,0.09022093125605066,-0.0017790687439493413,0.092,False,Binance US,Bittrex
2342,01-14-2021_08-39-53,ZEC/USD,25.0,113.74,113.2,0.11869175312115175,0.03669175312115175,0.082,True,Binance US,Bittrex
2343,01-14-2021_08-40-04,ZEC/USD,25.0,113.83,113.2,0.13836422735658338,0.04636422735658338,0.092,True,Binance US,Bittrex
2344,01-14-2021_08-40-13,ZEC/USD,25.0,113.83,113.2,0.13836422735658338,0.04636422735658338,0.092,True,Binance US,Bittrex
2345,01-14-2021_08-40-23,ZEC/USD,25.0,113.74,113.2,0.11869175312115175,-0.00830824687884825,0.127,False,Kraken,Bittrex
2346,01-14-2021_08-40-32,ZEC/USD,25.0,113.69,113.2,0.10774914240478381,0.01574914240478381,0.092,True,Binance US,Bittrex
2347,01-14-2021_08-40-42,ZEC/USD,25.0,113.62,113.2,0.09241330751628271,-0.03458669248371729,0.127,False,Kraken,Bittrex
2348,01-14-2021_08-40-53,ZEC/USD,25.0,113.67,113.2,0.10336940265681333,-0.023630597343186677,0.127,False,Kraken,Bittrex
2349,01-14-2021_08-41-03,ZEC/USD,25.0,113.58,113.2,0.08364148617714286,-0.008358513822857142,0.092,False,Binance US,Bittrex
2350,01-14-2021_08-41-14,ZEC/USD,25.0,113.49,113.2,0.063882280377124,-0.028117719622876,0.092,False,Binance US,Bittrex
2351,01-14-2021_08-41-23,ZEC/USD,25.0,113.42,113.2,0.04849232939516815,-0.04350767060483185,0.092,False,Binance US,Bittrex
2352,01-14-2021_08-41-33,ZEC/USD,25.0,113.38,113.2,0.039689539601338995,-0.052310460398661,0.092,False,Binance US,Bittrex
2353,01-14-2021_08-41-42,ZEC/USD,25.0,113.34,113.2,0.030880536439033122,-0.09611946356096687,0.127,False,Kraken,Bittrex
2354,01-14-2021_08-41-52,ZEC/USD,25.0,113.26,113.12,0.03090234857849209,-0.11909765142150791,0.15,False,Binance US,Coinbase Pro
2355,01-14-2021_08-42-02,ZEC/USD,25.0,113.23,113.08,0.033118431511084886,-0.11688156848891511,0.15,False,Binance US,Coinbase Pro
2356,01-14-2021_08-42-12,ZEC/USD,25.0,113.18,113.05,0.028715320728045956,-0.12128467927195404,0.15,False,Binance US,Coinbase Pro
2357,01-14-2021_08-42-22,ZEC/USD,25.0,113.17,113.03,0.030926924096492128,-0.15107307590350788,0.182,False,Bittrex,Coinbase Pro
2358,01-14-2021_08-42-31,ZEC/USD,25.0,113.18,113.05,0.028715320728045956,-0.12128467927195404,0.15,False,Binance US,Coinbase Pro
2359,01-14-2021_08-42-41,ZEC/USD,25.0,113.15,113.04,0.024304021210782022,-0.12569597878921798,0.15,False,Binance US,Coinbase Pro
2360,01-14-2021_08-42-52,ZEC/USD,25.0,113.15,113.0,0.03314184710561328,-0.11685815289438672,0.15,False,Binance US,Coinbase Pro
2361,01-14-2021_08-43-02,ZEC/USD,25.0,113.195,113.0,0.04306727328945475,-0.13893272671054524,0.182,False,Bittrex,Coinbase Pro
2362,01-14-2021_08-43-12,ZEC/USD,25.0,113.097,112.97,0.02807324685889001,-0.15392675314110998,0.182,False,Bittrex,Coinbase Pro
2363,01-14-2021_08-43-21,ZEC/USD,25.0,113.089,112.91,0.039570603683824694,-0.1424293963161753,0.182,False,Bittrex,Coinbase Pro
2364,01-14-2021_08-43-30,ZEC/USD,25.0,112.938,112.79,0.03276133807929929,-0.1492386619207007,0.182,False,Bittrex,Coinbase Pro
2365,01-14-2021_08-43-40,ZEC/USD,25.0,112.93,112.77,0.03542017178783556,-0.14657982821216442,0.182,False,Bittrex,Coinbase Pro
2366,01-14-2021_08-43-50,ZEC/USD,25.0,113.04,112.9,0.03096249115357408,-0.11903750884642592,0.15,False,Binance US,Coinbase Pro
2367,01-14-2021_08-44-00,ZEC/USD,25.0,113.126,112.9,0.0499443098845533,-0.0770556901154467,0.127,False,Bittrex,Kraken
2368,01-14-2021_08-44-09,ZEC/USD,25.0,113.117,112.9,0.04795919269428971,-0.13404080730571027,0.182,False,Bittrex,Coinbase Pro
2369,01-14-2021_08-44-19,ZEC/USD,25.0,113.111,112.9,0.04663560573242181,-0.13536439426757818,0.182,False,Bittrex,Coinbase Pro
2370,01-14-2021_08-44-29,ZEC/USD,25.0,113.101,112.9,0.044429315390667065,-0.13757068460933292,0.182,False,Bittrex,Coinbase Pro
2371,01-14-2021_08-44-39,ZEC/USD,25.0,113.094,112.9,0.04288468000070482,-0.13911531999929516,0.182,False,Bittrex,Coinbase Pro
2372,01-14-2021_08-44-49,ZEC/USD,25.0,112.968,112.87,0.02168755753841773,-0.16031244246158227,0.182,False,Bittrex,Coinbase Pro
2373,01-14-2021_08-44-58,ZEC/USD,25.0,112.959,112.84,0.026336989527173525,-0.15566301047282646,0.182,False,Bittrex,Coinbase Pro
2374,01-14-2021_08-45-07,ZEC/USD,25.0,112.952,112.86,0.020362631914441254,-0.16163736808555873,0.182,False,Bittrex,Coinbase Pro
2375,01-14-2021_08-45-17,ZEC/USD,25.0,112.88,112.79,0.019932671863923904,-0.1650673281360761,0.185,False,Kraken,Coinbase Pro
2376,01-14-2021_08-45-28,ZEC/USD,25.0,112.879,112.76,0.026355655170580833,-0.15564434482941916,0.182,False,Bittrex,Coinbase Pro
2377,01-14-2021_08-45-38,ZEC/USD,25.0,112.807,112.73,0.017064543866958205,-0.16493545613304178,0.182,False,Bittrex,Coinbase Pro
2378,01-14-2021_08-45-48,ZEC/USD,25.0,112.79,112.63,0.03546413689157079,-0.1145358631084292,0.15,False,Binance US,Coinbase Pro
2379,01-14-2021_08-45-58,ZEC/USD,25.0,112.76,112.55,0.04655906349769598,-0.10344093650230402,0.15,False,Binance US,Coinbase Pro
2380,01-14-2021_08-46-06,ZEC/USD,25.0,112.76,112.5,0.05764455480667017,-0.09235544519332983,0.15,False,Binance US,Coinbase Pro
2381,01-14-2021_08-46-16,ZEC/USD,25.0,112.76,112.5,0.05764455480667017,-0.09235544519332983,0.15,False,Binance US,Coinbase Pro
2382,01-14-2021_08-46-27,ZEC/USD,25.0,112.76,112.36,0.08868393047179977,-0.06131606952820022,0.15,False,Binance US,Coinbase Pro
2383,01-14-2021_08-46-38,ZEC/USD,25.0,112.76,112.39,0.08203263568641463,-0.06796736431358537,0.15,False,Binance US,Coinbase Pro
2384,01-14-2021_08-46-48,ZEC/USD,25.0,112.76,112.4,0.07981553742461854,-0.07018446257538145,0.15,False,Binance US,Coinbase Pro
2385,01-14-2021_08-46-58,ZEC/USD,25.0,112.76,112.44,0.07094714437744044,-0.07905285562255955,0.15,False,Binance US,Coinbase Pro
2386,01-14-2021_08-47-08,ZEC/USD,25.0,112.76,112.55,0.04655906349769598,-0.10344093650230402,0.15,False,Binance US,Coinbase Pro
2387,01-14-2021_08-47-18,ZEC/USD,25.0,112.76,112.56,0.04434196523589989,-0.1056580347641001,0.15,False,Binance US,Coinbase Pro
2388,01-14-2021_08-47-28,ZEC/USD,25.0,112.76,112.54,0.04877616175948893,-0.10122383824051107,0.15,False,Binance US,Coinbase Pro
2389,01-14-2021_08-47-37,ZEC/USD,25.0,112.76,112.55,0.04655906349769598,-0.10344093650230402,0.15,False,Binance US,Coinbase Pro
2390,01-14-2021_08-47-47,ZEC/USD,25.0,112.801,112.56,0.053412647051001245,-0.12858735294899876,0.182,False,Bittrex,Coinbase Pro
2391,01-14-2021_08-47-56,ZEC/USD,25.0,112.793,112.56,0.05164327573519724,-0.13035672426480277,0.182,False,Bittrex,Coinbase Pro
2392,01-14-2021_08-48-05,ZEC/USD,25.0,112.784,112.56,0.04965243296921632,-0.13234756703078368,0.182,False,Bittrex,Coinbase Pro
2393,01-14-2021_08-48-16,ZEC/USD,25.0,112.776,112.56,0.04788252819748749,-0.1341174718025125,0.182,False,Bittrex,Coinbase Pro
2394,01-14-2021_08-48-25,ZEC/USD,25.0,112.909,112.55,0.0794887918589326,-0.1025112081410674,0.182,False,Bittrex,Coinbase Pro
2395,01-14-2021_08-48-35,ZEC/USD,25.0,112.906,112.56,0.07661240323809267,-0.10538759676190733,0.182,False,Bittrex,Coinbase Pro
2396,01-14-2021_08-48-46,ZEC/USD,25.0,112.841,112.56,0.062255740378052246,-0.11974425962194775,0.182,False,Bittrex,Coinbase Pro
2397,01-14-2021_08-48-55,ZEC/USD,25.0,112.837,112.56,0.06137171317918791,-0.12062828682081209,0.182,False,Bittrex,Coinbase Pro
2398,01-14-2021_08-49-06,ZEC/USD,25.0,112.92,112.83,0.01992561105207302,-0.07507438894792698,0.095,False,Binance US,Kraken
2399,01-14-2021_08-49-15,ZEC/USD,25.0,113.001,112.83,0.037831523614836694,-0.08916847638516331,0.127,False,Bittrex,Kraken
2400,01-14-2021_08-49-25,ZEC/USD,25.0,113.07,112.83,0.05306447333510102,-0.03193552666489899,0.085,False,Binance US,Kraken
2401,01-14-2021_08-49-35,ZEC/USD,25.0,113.06,112.83,0.05085795153016186,-0.044142048469838144,0.095,False,Binance US,Kraken
2402,01-14-2021_08-49-44,ZEC/USD,25.0,113.06,112.83,0.05085795153016186,-0.044142048469838144,0.095,False,Binance US,Kraken
2403,01-14-2021_08-49-55,ZEC/USD,25.0,113.149,112.99,0.035130668410681055,-0.14686933158931895,0.182,False,Bittrex,Coinbase Pro
2404,01-14-2021_08-50-06,ZEC/USD,25.0,113.18,112.99,0.041968545679451304,-0.1080314543205487,0.15,False,Binance US,Coinbase Pro
2405,01-14-2021_08-50-15,ZEC/USD,25.0,113.18,112.99,0.041968545679451304,-0.1080314543205487,0.15,False,Binance US,Coinbase Pro
2406,01-14-2021_08-50-24,ZEC/USD,25.0,113.18,112.99,0.041968545679451304,-0.1080314543205487,0.15,False,Binance US,Coinbase Pro
2407,01-14-2021_08-50-34,ZEC/USD,25.0,113.18,112.99,0.041968545679451304,-0.1080314543205487,0.15,False,Binance US,Coinbase Pro
2408,01-14-2021_08-50-43,ZEC/USD,25.0,113.146,112.99,0.034468739504712034,-0.14753126049528797,0.182,False,Bittrex,Coinbase Pro
2409,01-14-2021_08-50-54,ZEC/USD,25.0,113.145,112.99,0.03424808873569339,-0.1477519112643066,0.182,False,Bittrex,Coinbase Pro
2410,01-14-2021_08-51-04,ZEC/USD,25.0,113.12,112.99,0.028730551626593367,-0.12126944837340663,0.15,False,Binance US,Coinbase Pro
2411,01-14-2021_08-51-14,ZEC/USD,25.0,113.12,112.99,0.028730551626593367,-0.12126944837340663,0.15,False,Binance US,Coinbase Pro
2412,01-14-2021_08-51-23,ZEC/USD,25.0,113.12,112.99,0.028730551626593367,-0.12126944837340663,0.15,False,Binance US,Coinbase Pro
2413,01-14-2021_08-51-32,ZEC/USD,25.0,113.195,112.99,0.04527585140686389,-0.1367241485931361,0.182,False,Bittrex,Coinbase Pro
2414,01-14-2021_08-51-42,ZEC/USD,25.0,113.189,112.96,0.05057911987914002,-0.13142088012085998,0.182,False,Bittrex,Coinbase Pro
2415,01-14-2021_08-51-52,ZEC/USD,25.0,113.02,112.84,0.03981596177667506,-0.11018403822332493,0.15,False,Binance US,Coinbase Pro
2416,01-14-2021_08-52-02,ZEC/USD,25.0,113.03,112.81,0.04865964788109327,-0.10134035211890673,0.15,False,Binance US,Coinbase Pro
2417,01-14-2021_08-52-11,ZEC/USD,25.0,113.03,112.81,0.04865964788109327,-0.10134035211890673,0.15,False,Binance US,Coinbase Pro
2418,01-14-2021_08-52-21,ZEC/USD,25.0,112.947,112.8,0.03253738479109794,-0.14946261520890206,0.182,False,Bittrex,Coinbase Pro
2419,01-14-2021_08-52-30,ZEC/USD,25.0,113.03,112.82,0.04644784570468193,-0.10355215429531806,0.15,False,Binance US,Coinbase Pro
2420,01-14-2021_08-52-41,ZEC/USD,25.0,112.98,112.83,0.03319171534785043,-0.10680828465214956,0.13999999999999999,False,Binance US,Coinbase Pro
2421,01-14-2021_08-52-50,ZEC/USD,25.0,112.93,112.82,0.024351368104138325,-0.16064863189586168,0.185,False,Kraken,Coinbase Pro
2422,01-14-2021_08-53-01,ZEC/USD,25.0,112.92,112.8,0.026567481402764024,-0.12343251859723597,0.15,False,Binance US,Coinbase Pro
2423,01-14-2021_08-53-11,ZEC/USD,25.0,112.92,112.8,0.026567481402764024,-0.12343251859723597,0.15,False,Binance US,Coinbase Pro
2424,01-14-2021_08-53-20,ZEC/USD,25.0,112.92,112.79,0.028781438186325597,-0.1212185618136744,0.15,False,Binance US,Coinbase Pro
2425,01-14-2021_08-53-31,ZEC/USD,25.0,113.093,112.91,0.04045343213107949,-0.1415465678689205,0.182,False,Bittrex,Coinbase Pro
2426,01-14-2021_08-53-41,ZEC/USD,25.0,113.09,112.86,0.05084446016447165,-0.13115553983552836,0.182,False,Bittrex,Coinbase Pro
2427,01-14-2021_08-53-51,ZEC/USD,25.0,113.01,112.83,0.03981948500132883,-0.11018051499867117,0.15,False,Binance US,Coinbase Pro
2428,01-14-2021_08-54-01,ZEC/USD,25.0,113.01,112.8,0.046456065834883625,-0.10354393416511637,0.15,False,Binance US,Coinbase Pro
2429,01-14-2021_08-54-10,ZEC/USD,25.0,112.963,112.78,0.04049998672131422,-0.14150001327868578,0.182,False,Bittrex,Coinbase Pro
2430,01-14-2021_08-54-20,ZEC/USD,25.0,112.881,112.73,0.03344229764087762,-0.14855770235912238,0.182,False,Bittrex,Coinbase Pro
2431,01-14-2021_08-54-30,ZEC/USD,25.0,112.872,112.77,0.02259196257707932,-0.15940803742292067,0.182,False,Bittrex,Coinbase Pro
2432,01-14-2021_08-54-39,ZEC/USD,25.0,112.91,112.75,0.03542644584182016,-0.14957355415817983,0.185,False,Kraken,Coinbase Pro
2433,01-14-2021_08-54-49,ZEC/USD,25.0,112.87,112.75,0.02657925046513789,-0.1134207495348621,0.13999999999999999,False,Binance US,Coinbase Pro
2434,01-14-2021_08-54-59,ZEC/USD,25.0,112.89,112.78,0.02435999645672766,-0.16064000354327235,0.185,False,Kraken,Coinbase Pro
2435,01-14-2021_08-55-10,ZEC/USD,25.0,113.031,112.81,0.04888039564367378,-0.13311960435632622,0.182,False,Bittrex,Coinbase Pro
2436,01-14-2021_08-55-20,ZEC/USD,25.0,112.958,112.78,0.03939517342729095,-0.14260482657270904,0.182,False,Bittrex,Coinbase Pro
2437,01-14-2021_08-55-30,ZEC/USD,25.0,113.02,112.79,0.05087595115908462,-0.09912404884091537,0.15,False,Binance US,Coinbase Pro
2438,01-14-2021_08-55-40,ZEC/USD,25.0,112.94,112.79,0.033203470869486336,-0.14879652913051367,0.182,False,Bittrex,Coinbase Pro
2439,01-14-2021_08-55-52,ZEC/USD,25.0,112.931,112.77,0.035641232256865114,-0.1463587677431349,0.182,False,Bittrex,Coinbase Pro
2440,01-14-2021_08-56-03,ZEC/USD,25.0,112.922,112.76,0.0358654646570181,-0.1461345353429819,0.182,False,Bittrex,Coinbase Pro
2441,01-14-2021_08-56-12,ZEC/USD,25.0,112.78,112.61,0.03768398652243343,-0.14731601347756657,0.185,False,Kraken,Coinbase Pro
2442,01-14-2021_08-56-23,ZEC/USD,25.0,112.76,112.39,0.08203263568641463,-0.06796736431358537,0.15,False,Binance US,Coinbase Pro
2443,01-14-2021_08-56-33,ZEC/USD,25.0,112.76,112.35,0.09090102873359587,-0.05909897126640412,0.15,False,Binance US,Coinbase Pro
2444,01-14-2021_08-56-44,ZEC/USD,25.0,112.76,112.29,0.104203618304363,-0.04579638169563699,0.15,False,Binance US,Coinbase Pro
2445,01-14-2021_08-56-54,ZEC/USD,25.0,112.76,112.33,0.09533522525718491,-0.054664774742815087,0.15,False,Binance US,Coinbase Pro
2446,01-14-2021_08-57-04,ZEC/USD,25.0,112.76,112.32,0.09755232351898101,-0.05244767648101899,0.15,False,Binance US,Coinbase Pro
2447,01-14-2021_08-57-15,ZEC/USD,25.0,112.448,112.23,0.04846684689811942,-0.013753153101880577,0.06222,False,Bittrex,Binance US
2448,01-14-2021_08-57-26,ZEC/USD,25.0,112.389,112.23,0.03536822998691861,-0.026851770013081387,0.06222,False,Bittrex,Binance US
2449,01-14-2021_08-57-37,ZEC/USD,25.0,112.381,112.23,0.03359108746140278,-0.028628912538597215,0.06222,False,Bittrex,Binance US
2450,01-14-2021_08-57-46,ZEC/USD,25.0,112.378,112.23,0.032924593781700186,-0.029295406218299812,0.06222,False,Bittrex,Binance US
2451,01-14-2021_08-57-57,ZEC/USD,25.0,112.373,112.19,0.04071262669858572,-0.14128737330141428,0.182,False,Bittrex,Coinbase Pro
2452,01-14-2021_08-58-07,ZEC/USD,25.0,112.321,112.22,0.02248021296106674,-0.15951978703893327,0.182,False,Bittrex,Coinbase Pro
2453,01-14-2021_08-58-18,ZEC/USD,25.0,112.316,112.14,0.03917518430143566,-0.14282481569856434,0.182,False,Bittrex,Coinbase Pro
2454,01-14-2021_08-58-28,ZEC/USD,25.0,112.28,112.12,0.03562522265764085,-0.14637477734235915,0.182,False,Bittrex,Coinbase Pro
2455,01-14-2021_08-58-39,ZEC/USD,25.0,112.22,112.07,0.03341650329709626,-0.10658349670290374,0.13999999999999999,False,Binance US,Coinbase Pro
2456,01-14-2021_08-58-49,ZEC/USD,25.0,112.175,112.04,0.030086917762422755,-0.15191308223757724,0.182,False,Bittrex,Coinbase Pro
2457,01-14-2021_08-58-59,ZEC/USD,25.0,112.08,111.96,0.026766595289080243,-0.15823340471091976,0.185,False,Kraken,Coinbase Pro
2458,01-14-2021_08-59-08,ZEC/USD,25.0,112.18,111.99,0.04234266357639774,-0.14265733642360226,0.185,False,Kraken,Coinbase Pro
2459,01-14-2021_08-59-18,ZEC/USD,25.0,112.127,112.04,0.019397647310636396,-0.1626023526893636,0.182,False,Bittrex,Coinbase Pro
2460,01-14-2021_08-59-30,ZEC/USD,25.0,112.126,112.02,0.02363412589408539,-0.1583658741059146,0.182,False,Bittrex,Coinbase Pro
2461,01-14-2021_08-59-40,ZEC/USD,25.0,112.23,112.05,0.040096230954291816,-0.09990376904570816,0.13999999999999999,False,Binance US,Coinbase Pro
2462,01-14-2021_08-59-52,ZEC/USD,25.0,112.2,111.98,0.049019607843137,-0.135980392156863,0.185,False,Kraken,Coinbase Pro
2463,01-14-2021_09-00-03,ZEC/USD,25.0,112.12,111.95,0.03790581519800252,-0.14709418480199749,0.185,False,Kraken,Coinbase Pro
2464,01-14-2021_09-00-14,ZEC/USD,25.0,112.09,111.98,0.024533856722276613,-0.11546614327772337,0.13999999999999999,False,Binance US,Coinbase Pro
2465,01-14-2021_09-00-25,ZEC/USD,25.0,112.23,112.07,0.03564109418159378,-0.049358905818406226,0.085,False,Binance US,Kraken
2466,01-14-2021_09-00-35,ZEC/USD,25.0,112.278,112.07,0.04631361442134982,-0.08068638557865018,0.127,False,Bittrex,Kraken
2467,01-14-2021_09-00-44,ZEC/USD,25.0,112.276,112.07,0.04586910826890944,-0.08113089173109056,0.127,False,Bittrex,Kraken
2468,01-14-2021_09-00-55,ZEC/USD,25.0,112.279,112.07,0.046535861559152465,-0.08046413844084754,0.127,False,Bittrex,Kraken
2469,01-14-2021_09-01-07,ZEC/USD,25.0,112.35,112.2,0.03337783711615298,-0.11662216288384702,0.15,False,Binance US,Coinbase Pro
2470,01-14-2021_09-01-17,ZEC/USD,25.0,112.64,112.36,0.06214488636363662,-0.032855113636363384,0.095,False,Binance US,Kraken
2471,01-14-2021_09-01-28,ZEC/USD,25.0,112.73,112.57,0.035483012507764304,-0.11451698749223568,0.15,False,Binance US,Coinbase Pro
2472,01-14-2021_09-01-38,ZEC/USD,25.0,112.635,112.53,0.02330536689306254,-0.15869463310693746,0.182,False,Bittrex,Coinbase Pro
2473,01-14-2021_09-01-49,ZEC/USD,25.0,112.59,112.43,0.03552713384847602,-0.11447286615152397,0.15,False,Binance US,Coinbase Pro
2474,01-14-2021_09-02-00,ZEC/USD,25.0,112.632,112.49,0.03151857376234332,-0.15048142623765667,0.182,False,Bittrex,Coinbase Pro
2475,01-14-2021_09-02-11,ZEC/USD,25.0,112.65,112.45,0.04438526409232198,-0.14061473590767803,0.185,False,Kraken,Coinbase Pro
2476,01-14-2021_09-02-22,ZEC/USD,25.0,112.59,112.518,0.015987210231815156,-0.07601278976818485,0.092,False,Binance US,Bittrex
2477,01-14-2021_09-02-33,ZEC/USD,25.0,112.67,112.52,0.033283038963345536,-0.15171696103665447,0.185,False,Kraken,Coinbase Pro
2478,01-14-2021_09-02-44,ZEC/USD,25.0,112.591,112.52,0.01576502562371725,-0.16623497437628273,0.182,False,Bittrex,Coinbase Pro
2479,01-14-2021_09-02-55,ZEC/USD,25.0,112.6,112.45,0.033303730017760096,-0.1516962699822399,0.185,False,Kraken,Coinbase Pro
2480,01-14-2021_09-03-07,ZEC/USD,25.0,112.64,112.49,0.033291903409092174,-0.11670809659090782,0.15,False,Binance US,Coinbase Pro
2481,01-14-2021_09-03-19,ZEC/USD,25.0,112.55,112.41,0.031097290093292,-0.153902709906708,0.185,False,Kraken,Coinbase Pro
2482,01-14-2021_09-03-30,ZEC/USD,25.0,112.43,112.26,0.03780129858578709,-0.1471987014142129,0.185,False,Kraken,Coinbase Pro
2483,01-14-2021_09-03-42,ZEC/USD,25.0,112.37,112.27,0.02224793094242425,-0.11775206905757574,0.13999999999999999,False,Binance US,Coinbase Pro
2484,01-14-2021_09-03-54,ZEC/USD,25.0,112.384,112.33,0.012012386104784055,-0.16998761389521594,0.182,False,Bittrex,Coinbase Pro
2485,01-14-2021_09-04-05,ZEC/USD,25.0,112.385,112.34,0.010010232682297839,-0.17198976731770216,0.182,False,Bittrex,Coinbase Pro
2486,01-14-2021_09-04-15,ZEC/USD,25.0,112.385,112.28,0.02335720959202829,-0.1586427904079717,0.182,False,Bittrex,Coinbase Pro
2487,01-14-2021_09-04-26,ZEC/USD,25.0,112.37,112.21,0.03559668950787817,-0.049403310492121835,0.085,False,Binance US,Kraken
2488,01-14-2021_09-04-37,ZEC/USD,25.0,112.35,112.17,0.040053404539384205,-0.10994659546061579,0.15,False,Binance US,Coinbase Pro
2489,01-14-2021_09-04-48,ZEC/USD,25.0,112.22,112.08,0.031188736410622118,-0.15381126358937788,0.185,False,Kraken,Coinbase Pro
2490,01-14-2021_09-05-00,ZEC/USD,25.0,112.231,112.17,0.013588046083522565,-0.16841195391647742,0.182,False,Bittrex,Coinbase Pro
2491,01-14-2021_09-05-11,ZEC/USD,25.0,112.3,112.12,0.04007123775600904,-0.14492876224399096,0.185,False,Kraken,Coinbase Pro
2492,01-14-2021_09-05-23,ZEC/USD,25.0,112.24,112.15,0.020046329294366803,-0.1649536707056332,0.185,False,Kraken,Coinbase Pro
2493,01-14-2021_09-05-33,ZEC/USD,25.0,112.25,112.13,0.02672605790645981,-0.12327394209354019,0.15,False,Binance US,Coinbase Pro
2494,01-14-2021_09-05-44,ZEC/USD,25.0,112.27,112.08,0.042308720049879255,-0.14269127995012074,0.185,False,Kraken,Coinbase Pro
2495,01-14-2021_09-05-54,ZEC/USD,25.0,112.23,112.08,0.033413525795243176,-0.10658647420475681,0.13999999999999999,False,Binance US,Coinbase Pro
2496,01-14-2021_09-06-05,ZEC/USD,25.0,112.26,112.08,0.04008551576697105,-0.14491448423302894,0.185,False,Kraken,Coinbase Pro
2497,01-14-2021_09-06-17,ZEC/USD,25.0,112.881,112.31,0.12646060895987765,-0.05553939104012234,0.182,False,Bittrex,Coinbase Pro
2498,01-14-2021_09-06-28,ZEC/USD,25.0,112.5,112.32,0.040000000000001514,-0.04499999999999849,0.085,False,Binance US,Kraken
2499,01-14-2021_09-06-39,ZEC/USD,25.0,112.38,112.15,0.051165687844809966,-0.09883431215519003,0.15,False,Binance US,Coinbase Pro
2500,01-14-2021_09-06-50,ZEC/USD,25.0,112.38,112.18,0.04449190247374725,-0.10550809752625274,0.15,False,Binance US,Coinbase Pro
2501,01-14-2021_09-07-01,ZEC/USD,25.0,112.38,112.22,0.035593521978999065,-0.11440647802100093,0.15,False,Binance US,Coinbase Pro
2502,01-14-2021_09-07-11,ZEC/USD,25.0,112.32,112.14,0.04006410256410092,-0.10993589743589907,0.15,False,Binance US,Coinbase Pro
2503,01-14-2021_09-07-23,ZEC/USD,25.0,112.211,112.11,0.0225022502250223,-0.1594977497749777,0.182,False,Bittrex,Coinbase Pro
2504,01-14-2021_09-07-33,ZEC/USD,25.0,112.211,112.11,0.0225022502250223,-0.1594977497749777,0.182,False,Bittrex,Coinbase Pro
2505,01-14-2021_09-07-44,ZEC/USD,25.0,112.211,112.06,0.033641978059191224,-0.14835802194080877,0.182,False,Bittrex,Coinbase Pro
2506,01-14-2021_09-07-56,ZEC/USD,25.0,112.209,112.07,0.03096899535688091,-0.09603100464311909,0.127,False,Bittrex,Kraken
2507,01-14-2021_09-08-07,ZEC/USD,25.0,112.2,112.04,0.03565062388591724,-0.10434937611408274,0.13999999999999999,False,Binance US,Coinbase Pro
2508,01-14-2021_09-08-19,ZEC/USD,25.0,112.192,112.04,0.033870507701080924,-0.14812949229891909,0.182,False,Bittrex,Coinbase Pro
2509,01-14-2021_09-08-30,ZEC/USD,25.0,112.18,112.04,0.03119985737208071,-0.1538001426279193,0.185,False,Kraken,Coinbase Pro
2510,01-14-2021_09-08-40,ZEC/USD,25.0,112.19,111.95,0.05348070237989012,-0.09651929762010988,0.15,False,Binance US,Coinbase Pro
2511,01-14-2021_09-08-51,ZEC/USD,25.0,112.19,111.99,0.04456725198324334,-0.05043274801675666,0.095,False,Binance US,Kraken
2512,01-14-2021_09-09-02,ZEC/USD,25.0,112.1,111.98,0.0267618198037445,-0.12323818019625549,0.15,False,Binance US,Coinbase Pro
2513,01-14-2021_09-09-14,ZEC/USD,25.0,112.1,111.98,0.0267618198037445,-0.12323818019625549,0.15,False,Binance US,Coinbase Pro
2514,01-14-2021_09-09-37,ZEC/USD,25.0,112.11,111.95,0.03567924360003492,-0.10432075639996508,0.13999999999999999,False,Binance US,Coinbase Pro
2515,01-14-2021_09-09-47,ZEC/USD,25.0,112.13,111.95,0.04013198965486324,-0.14486801034513674,0.185,False,Kraken,Coinbase Pro
2516,01-14-2021_09-09-58,ZEC/USD,25.0,112.11,111.93,0.04013914905003849,-0.0998608509499615,0.13999999999999999,False,Binance US,Coinbase Pro
2517,01-14-2021_09-10-09,ZEC/USD,25.0,112.11,112.044,0.014717687985015276,-0.11228231201498473,0.127,False,Kraken,Bittrex
2518,01-14-2021_09-10-18,ZEC/USD,25.0,112.2,112.07,0.02896613190731053,-0.11103386809268945,0.13999999999999999,False,Binance US,Coinbase Pro
2519,01-14-2021_09-10-29,ZEC/USD,25.0,112.36,112.07,0.06452474190103379,-0.08547525809896621,0.15,False,Binance US,Coinbase Pro
2520,01-14-2021_09-10-40,ZEC/USD,25.0,112.36,112.16,0.04449982200071263,-0.05050017799928737,0.095,False,Binance US,Kraken
2521,01-14-2021_09-10-51,ZEC/USD,25.0,112.35,112.15,0.0445037828215373,-0.10549621717846269,0.15,False,Binance US,Coinbase Pro
2522,01-14-2021_09-11-02,ZEC/USD,25.0,112.23,112.11,0.026730820636194544,-0.11326917936380544,0.13999999999999999,False,Binance US,Coinbase Pro
2523,01-14-2021_09-11-12,ZEC/USD,25.0,112.22,112.02,0.04455533772946062,-0.09544466227053937,0.13999999999999999,False,Binance US,Coinbase Pro
2524,01-14-2021_09-11-23,ZEC/USD,25.0,112.22,112.06,0.03564427018356723,-0.10435572981643276,0.13999999999999999,False,Binance US,Coinbase Pro
2525,01-14-2021_09-11-34,ZEC/USD,25.0,112.135,111.99,0.03232710572078527,-0.14967289427921474,0.182,False,Bittrex,Coinbase Pro
2526,01-14-2021_09-11-44,ZEC/USD,25.0,112.135,111.98,0.03455656128773379,-0.1474434387122662,0.182,False,Bittrex,Coinbase Pro
2527,01-14-2021_09-11-54,ZEC/USD,25.0,112.1,111.94,0.03568242640499478,-0.11431757359500522,0.15,False,Binance US,Coinbase Pro
2528,01-14-2021_09-12-04,ZEC/USD,25.0,112.09,111.93,0.035685609777856314,-0.10431439022214367,0.13999999999999999,False,Binance US,Coinbase Pro
2529,01-14-2021_09-12-15,ZEC/USD,25.0,112.125,111.95,0.03901895206242969,-0.1429810479375703,0.182,False,Bittrex,Coinbase Pro
2530,01-14-2021_09-12-27,ZEC/USD,25.0,112.11,111.93,0.04013914905003849,-0.0998608509499615,0.13999999999999999,False,Binance US,Coinbase Pro
2531,01-14-2021_09-12-39,ZEC/USD,25.0,112.11,111.97,0.031219338150031348,-0.10878066184996864,0.13999999999999999,False,Binance US,Coinbase Pro
2532,01-14-2021_09-12-49,ZEC/USD,25.0,112.11,111.97,0.031219338150031348,-0.10878066184996864,0.13999999999999999,False,Binance US,Coinbase Pro
2533,01-14-2021_09-13-01,ZEC/USD,25.0,112.11,111.93,0.04013914905003849,-0.0998608509499615,0.13999999999999999,False,Binance US,Coinbase Pro
2534,01-14-2021_09-13-12,ZEC/USD,25.0,112.11,111.99,0.026759432700027775,-0.11324056729997221,0.13999999999999999,False,Binance US,Coinbase Pro
2535,01-14-2021_09-13-22,ZEC/USD,25.0,112.11,111.97,0.031219338150031348,-0.10878066184996864,0.13999999999999999,False,Binance US,Coinbase Pro
2536,01-14-2021_09-13-33,ZEC/USD,25.0,112.14,111.97,0.037899054752987715,-0.14710094524701228,0.185,False,Kraken,Coinbase Pro
2537,01-14-2021_09-13-44,ZEC/USD,25.0,112.09,111.93,0.035685609777856314,-0.10431439022214367,0.13999999999999999,False,Binance US,Coinbase Pro
2538,01-14-2021_09-13-54,ZEC/USD,25.0,112.11,111.98,0.028989385425027974,-0.11101061457497201,0.13999999999999999,False,Binance US,Coinbase Pro
2539,01-14-2021_09-14-04,ZEC/USD,25.0,112.11,111.97,0.031219338150031348,-0.10878066184996864,0.13999999999999999,False,Binance US,Coinbase Pro
2540,01-14-2021_09-14-14,ZEC/USD,25.0,112.11,111.96,0.03344929087503472,-0.05155070912496529,0.085,False,Binance US,Kraken
2541,01-14-2021_09-14-24,ZEC/USD,25.0,112.11,111.95,0.03567924360003492,-0.10432075639996508,0.13999999999999999,False,Binance US,Coinbase Pro
2542,01-14-2021_09-14-34,ZEC/USD,25.0,112.11,111.96,0.03344929087503472,-0.10655070912496527,0.13999999999999999,False,Binance US,Coinbase Pro
2543,01-14-2021_09-14-44,ZEC/USD,25.0,112.04,111.96,0.01785076758300886,-0.16714923241699114,0.185,False,Kraken,Coinbase Pro
2544,01-14-2021_09-14-55,ZEC/USD,25.0,112.11,111.89,0.0490589599500488,-0.09094104004995118,0.13999999999999999,False,Binance US,Coinbase Pro
2545,01-14-2021_09-15-05,ZEC/USD,25.0,112.01,111.85,0.0357110972234646,-0.10428890277653538,0.13999999999999999,False,Binance US,Coinbase Pro
2546,01-14-2021_09-15-16,ZEC/USD,25.0,112.01,111.87,0.03124721007052954,-0.10875278992947045,0.13999999999999999,False,Binance US,Coinbase Pro
2547,01-14-2021_09-15-25,ZEC/USD,25.0,112.021,111.9,0.02700386534667498,-0.154996134653325,0.182,False,Bittrex,Coinbase Pro
2548,01-14-2021_09-15-35,ZEC/USD,25.0,112.11,111.91,0.044599054500045233,-0.09540094549995476,0.13999999999999999,False,Binance US,Coinbase Pro
2549,01-14-2021_09-15-46,ZEC/USD,25.0,112.23,112.1,0.028958389022545144,-0.11104161097745484,0.13999999999999999,False,Binance US,Coinbase Pro
2550,01-14-2021_09-15-56,ZEC/USD,25.0,112.23,112.09,0.031185957408892576,-0.10881404259110741,0.13999999999999999,False,Binance US,Coinbase Pro
2551,01-14-2021_09-16-07,ZEC/USD,25.0,112.23,112.09,0.031185957408892576,-0.10881404259110741,0.13999999999999999,False,Binance US,Coinbase Pro
2552,01-14-2021_09-16-17,ZEC/USD,25.0,112.23,112.11,0.026730820636194544,-0.11326917936380544,0.13999999999999999,False,Binance US,Coinbase Pro
2553,01-14-2021_09-16-28,ZEC/USD,25.0,112.692,112.15,0.12023923614808225,-0.06176076385191774,0.182,False,Bittrex,Coinbase Pro
2554,01-14-2021_09-16-38,ZEC/USD,25.0,112.38,112.17,0.046716497597435874,-0.04828350240256413,0.095,False,Binance US,Kraken
2555,01-14-2021_09-16-47,ZEC/USD,25.0,112.274,112.12,0.03429110925058258,-0.1477088907494174,0.182,False,Bittrex,Coinbase Pro
2556,01-14-2021_09-16-59,ZEC/USD,25.0,112.267,112.08,0.04164180035094855,-0.08535819964905145,0.127,False,Bittrex,Kraken
2557,01-14-2021_09-17-09,ZEC/USD,25.0,112.22,112.07,0.03341650329709626,-0.10658349670290374,0.13999999999999999,False,Binance US,Coinbase Pro
2558,01-14-2021_09-17-20,ZEC/USD,25.0,112.137,111.98,0.035001828120958395,-0.1469981718790416,0.182,False,Bittrex,Coinbase Pro
2559,01-14-2021_09-17-29,ZEC/USD,25.0,112.1,111.95,0.03345227475468142,-0.11654772524531858,0.15,False,Binance US,Coinbase Pro
2560,01-14-2021_09-17-39,ZEC/USD,25.0,112.043,111.89,0.034138678900066444,-0.14786132109993355,0.182,False,Bittrex,Coinbase Pro
2561,01-14-2021_09-17-49,ZEC/USD,25.0,112.01,111.88,0.029015266494065182,-0.1109847335059348,0.13999999999999999,False,Binance US,Coinbase Pro
2562,01-14-2021_09-17-59,ZEC/USD,25.0,112.01,111.87,0.03124721007052954,-0.10875278992947045,0.13999999999999999,False,Binance US,Coinbase Pro
2563,01-14-2021_09-18-09,ZEC/USD,25.0,112.675,111.84,0.18526736188151624,0.05826736188151624,0.127,True,Bittrex,Kraken
2564,01-14-2021_09-18-20,ZEC/USD,25.0,112.01,111.69,0.07142219444692602,-0.06857780555307397,0.13999999999999999,False,Binance US,Coinbase Pro
2565,01-14-2021_09-18-30,ZEC/USD,25.0,112.01,111.42,0.13168467101151757,-0.008315328988482418,0.13999999999999999,False,Binance US,Coinbase Pro
2566,01-14-2021_09-18-40,ZEC/USD,25.0,112.01,111.19,0.18301937327024537,0.04301937327024538,0.13999999999999999,True,Binance US,Coinbase Pro
2567,01-14-2021_09-18-51,ZEC/USD,25.0,112.01,111.09,0.20533880903490795,0.06533880903490796,0.13999999999999999,True,Binance US,Coinbase Pro
2568,01-14-2021_09-19-02,ZEC/USD,25.0,111.89,110.97,0.20555903119134902,0.05555903119134903,0.15,True,Binance US,Coinbase Pro
2569,01-14-2021_09-19-13,ZEC/USD,25.0,111.89,111.08,0.18098132094020966,0.030981320940209667,0.15,True,Binance US,Coinbase Pro
2570,01-14-2021_09-19-23,ZEC/USD,25.0,111.89,111.0,0.19885601930467436,0.04885601930467437,0.15,True,Binance US,Coinbase Pro
2571,01-14-2021_09-19-34,ZEC/USD,25.0,111.83,111.15,0.15201645354555857,0.025016453545558565,0.127,True,Bittrex,Kraken
2572,01-14-2021_09-19-46,ZEC/USD,25.0,111.49,111.13,0.08072472867521738,-0.05927527132478261,0.13999999999999999,False,Binance US,Coinbase Pro
2573,01-14-2021_09-19-57,ZEC/USD,25.0,111.49,111.02,0.10539061799264482,-0.034609382007355166,0.13999999999999999,False,Binance US,Coinbase Pro
2574,01-14-2021_09-20-07,ZEC/USD,25.0,111.4,110.91,0.10996409335727314,-0.040035906642726854,0.15,False,Binance US,Coinbase Pro
2575,01-14-2021_09-20-29,ZEC/USD,25.0,111.4,110.93,0.10547576301615773,-0.044524236983842266,0.15,False,Binance US,Coinbase Pro
2576,01-14-2021_09-20-51,ZEC/USD,25.0,111.04,110.46,0.1305835734870345,-0.01941642651296549,0.15,False,Binance US,Coinbase Pro
2577,01-14-2021_09-21-04,ZEC/USD,25.0,111.04,110.6,0.09906340057637156,-0.05093659942362844,0.15,False,Binance US,Coinbase Pro
2578,01-14-2021_09-21-15,ZEC/USD,25.0,111.0,110.7,0.06756756756756693,-0.08243243243243306,0.15,False,Binance US,Coinbase Pro
2579,01-14-2021_09-21-25,ZEC/USD,25.0,111.0,110.76,0.054054054054052905,-0.09594594594594709,0.15,False,Binance US,Coinbase Pro
2580,01-14-2021_09-21-35,ZEC/USD,25.0,111.038,110.81,0.051333777625676445,-0.07566622237432355,0.127,False,Bittrex,Kraken
2581,01-14-2021_09-21-45,ZEC/USD,25.0,111.722,111.0,0.16156173358872788,0.09933173358872788,0.06223,True,Bittrex,Binance US
2582,01-14-2021_09-21-57,ZEC/USD,25.0,111.42,111.0,0.09423801830910108,0.02900801830910109,0.06523,True,Kraken,Binance US
2583,01-14-2021_09-22-09,ZEC/USD,25.0,111.69,111.4,0.06491180947264573,-0.020088190527354277,0.085,False,Binance US,Kraken
2584,01-14-2021_09-22-19,ZEC/USD,25.0,111.68,111.44,0.053724928366764214,-0.04127507163323579,0.095,False,Binance US,Kraken
2585,01-14-2021_09-22-29,ZEC/USD,25.0,111.68,111.44,0.053724928366764214,-0.04127507163323579,0.095,False,Binance US,Kraken
2586,01-14-2021_09-22-39,ZEC/USD,25.0,111.53,111.2,0.07397112884425677,-0.07602887115574322,0.15,False,Binance US,Coinbase Pro
2587,01-14-2021_09-22-50,ZEC/USD,25.0,111.53,111.2,0.07397112884425677,-0.07602887115574322,0.15,False,Binance US,Coinbase Pro
2588,01-14-2021_09-23-00,ZEC/USD,25.0,111.4,111.29,0.024685816876121956,-0.12531418312387804,0.15,False,Binance US,Coinbase Pro
2589,01-14-2021_09-23-11,ZEC/USD,25.0,111.4,111.2,0.0448833034111317,-0.1051166965888683,0.15,False,Binance US,Coinbase Pro
2590,01-14-2021_09-23-22,ZEC/USD,25.0,111.309,111.13,0.04020339774861018,-0.08679660225138983,0.127,False,Bittrex,Kraken
2591,01-14-2021_09-23-34,ZEC/USD,25.0,111.302,111.23,0.01617221613268466,-0.16582778386731534,0.182,False,Bittrex,Coinbase Pro
2592,01-14-2021_09-23-44,ZEC/USD,25.0,111.4,111.28,0.026929982046679655,-0.12307001795332034,0.15,False,Binance US,Coinbase Pro
2593,01-14-2021_09-23-56,ZEC/USD,25.0,111.38,111.26,0.02693481774106445,-0.12306518225893555,0.15,False,Binance US,Coinbase Pro
2594,01-14-2021_09-24-05,ZEC/USD,25.0,111.25,111.15,0.022471910112358273,-0.12752808988764172,0.15,False,Binance US,Coinbase Pro
2595,01-14-2021_09-24-15,ZEC/USD,25.0,111.13,111.06,0.0157473229550961,-0.1342526770449039,0.15,False,Binance US,Coinbase Pro
2596,01-14-2021_09-24-25,ZEC/USD,25.0,111.24,111.11,0.02921610931319567,-0.12078389068680433,0.15,False,Binance US,Coinbase Pro
2597,01-14-2021_09-24-35,ZEC/USD,25.0,111.24,111.11,0.02921610931319567,-0.12078389068680433,0.15,False,Binance US,Coinbase Pro
2598,01-14-2021_09-24-46,ZEC/USD,25.0,111.22,111.13,0.02023017442906029,-0.07476982557093971,0.095,False,Binance US,Kraken
2599,01-14-2021_09-24-57,ZEC/USD,25.0,111.37,111.16,0.04714016341923497,-0.10285983658076503,0.15,False,Binance US,Coinbase Pro
2600,01-14-2021_09-25-08,ZEC/USD,25.0,111.29,111.13,0.0359421331656058,-0.1490578668343942,0.185,False,Kraken,Coinbase Pro
2601,01-14-2021_09-25-17,ZEC/USD,25.0,111.23,111.07,0.035961521172348014,-0.11403847882765197,0.15,False,Binance US,Coinbase Pro
2602,01-14-2021_09-25-28,ZEC/USD,25.0,111.23,111.13,0.02247595073271791,-0.12752404926728209,0.15,False,Binance US,Coinbase Pro
2603,01-14-2021_09-25-37,ZEC/USD,25.0,111.26,111.09,0.03819881358979006,-0.14680118641020995,0.185,False,Kraken,Coinbase Pro
2604,01-14-2021_09-25-49,ZEC/USD,25.0,111.245,111.13,0.025843858150930175,-0.1561561418490698,0.182,False,Bittrex,Coinbase Pro
2605,01-14-2021_09-26-00,ZEC/USD,25.0,111.3,111.14,0.0359389038634314,-0.1490610961365686,0.185,False,Kraken,Coinbase Pro
2606,01-14-2021_09-26-11,ZEC/USD,25.0,111.242,111.14,0.022922996709876634,-0.15907700329012336,0.182,False,Bittrex,Coinbase Pro
2607,01-14-2021_09-26-21,ZEC/USD,25.0,111.235,111.1,0.03034116959590172,-0.09665883040409828,0.127,False,Bittrex,Kraken
2608,01-14-2021_09-26-31,ZEC/USD,25.0,111.06,110.88,0.04051863857374546,-0.10948136142625453,0.15,False,Binance US,Coinbase Pro
2609,01-14-2021_09-26-41,ZEC/USD,25.0,110.924,110.76,0.03696224441960294,-0.14503775558039705,0.182,False,Bittrex,Coinbase Pro
2610,01-14-2021_09-26-52,ZEC/USD,25.0,110.89,110.73,0.03607178284786649,-0.10392821715213349,0.13999999999999999,False,Binance US,Coinbase Pro
2611,01-14-2021_09-27-03,ZEC/USD,25.0,110.89,110.64,0.056362160699792586,-0.0836378393002074,0.13999999999999999,False,Binance US,Coinbase Pro
2612,01-14-2021_09-27-15,ZEC/USD,25.0,110.89,110.71,0.0405807557038522,-0.09941924429614779,0.13999999999999999,False,Binance US,Coinbase Pro
2613,01-14-2021_09-27-25,ZEC/USD,25.0,110.89,110.61,0.06312561998376795,-0.07687438001623204,0.13999999999999999,False,Binance US,Coinbase Pro
2614,01-14-2021_09-27-35,ZEC/USD,25.0,110.89,110.56,0.07439805212372583,-0.010601947876274179,0.085,False,Binance US,Kraken
2615,01-14-2021_09-27-45,ZEC/USD,25.0,110.89,110.58,0.06988907926774332,-0.07011092073225667,0.13999999999999999,False,Binance US,Coinbase Pro
2616,01-14-2021_09-27-55,ZEC/USD,25.0,110.89,110.53,0.0811615114077012,-0.05883848859229879,0.13999999999999999,False,Binance US,Coinbase Pro
2617,01-14-2021_09-28-07,ZEC/USD,25.0,110.89,110.43,0.10370637568761695,-0.03629362431238303,0.13999999999999999,False,Binance US,Coinbase Pro
2618,01-14-2021_09-28-19,ZEC/USD,25.0,110.89,110.06,0.18712237352331101,0.04712237352331103,0.13999999999999999,True,Binance US,Coinbase Pro
2619,01-14-2021_09-28-31,ZEC/USD,25.0,110.89,110.06,0.18712237352331101,0.04712237352331103,0.13999999999999999,True,Binance US,Coinbase Pro
2620,01-14-2021_09-28-42,ZEC/USD,25.0,110.89,109.99,0.2029037785192546,0.0629037785192546,0.13999999999999999,True,Binance US,Coinbase Pro
2621,01-14-2021_09-28-55,ZEC/USD,25.0,110.89,109.92,0.21868518351519498,0.07868518351519499,0.13999999999999999,True,Binance US,Coinbase Pro
2622,01-14-2021_09-29-07,ZEC/USD,25.0,110.89,109.93,0.2164306970872021,0.07643069708720213,0.13999999999999999,True,Binance US,Coinbase Pro
2623,01-14-2021_09-29-29,ZEC/USD,25.0,110.46,109.95,0.11542639869635862,-0.03457360130364137,0.15,False,Binance US,Coinbase Pro
2624,01-14-2021_09-29-40,ZEC/USD,25.0,110.46,110.02,0.09958355965960479,0.004583559659604788,0.095,False,Binance US,Kraken
2625,01-14-2021_09-29-51,ZEC/USD,25.0,110.46,110.01,0.10184682237913921,-0.048153177620860785,0.15,False,Binance US,Coinbase Pro
2626,01-14-2021_09-30-01,ZEC/USD,25.0,110.46,109.99,0.10637334781821449,-0.043626652181785505,0.15,False,Binance US,Coinbase Pro
2627,01-14-2021_09-30-11,ZEC/USD,25.0,110.46,109.99,0.10637334781821449,-0.043626652181785505,0.15,False,Binance US,Coinbase Pro
2628,01-14-2021_09-30-34,ZEC/USD,25.0,110.893,110.68,0.04801926181093348,-0.07898073818906652,0.127,False,Bittrex,Kraken
2629,01-14-2021_09-30-45,ZEC/USD,25.0,110.97,110.83,0.03154005587095624,-0.06345994412904377,0.095,False,Binance US,Kraken
2630,01-14-2021_09-30-55,ZEC/USD,25.0,110.91,110.83,0.018032639076728495,-0.0769673609232715,0.095,False,Binance US,Kraken
2631,01-14-2021_09-31-06,ZEC/USD,25.0,111.07,110.83,0.05401998739533513,-0.04098001260466487,0.095,False,Binance US,Kraken
2632,01-14-2021_09-31-17,ZEC/USD,25.0,111.23,110.83,0.08990380293086525,-0.00509619706913475,0.095,False,Binance US,Kraken
2633,01-14-2021_09-31-27,ZEC/USD,25.0,111.251,111.18,0.01595491276482862,-0.16604508723517136,0.182,False,Bittrex,Coinbase Pro
2634,01-14-2021_09-31-38,ZEC/USD,25.0,111.28,111.22,0.013479511143063056,-0.16852048885693693,0.182,False,Bittrex,Coinbase Pro
2635,01-14-2021_09-31-49,ZEC/USD,25.0,111.349,111.3,0.011001445904320332,-0.17099855409567966,0.182,False,Bittrex,Coinbase Pro
2636,01-14-2021_09-31-59,ZEC/USD,25.0,111.411,111.29,0.02715171751442746,-0.15484828248557253,0.182,False,Bittrex,Coinbase Pro
2637,01-14-2021_09-32-10,ZEC/USD,25.0,111.322,111.27,0.011677835468282709,-0.17032216453171728,0.182,False,Bittrex,Coinbase Pro
2638,01-14-2021_09-32-20,ZEC/USD,25.0,111.31,111.179,0.02942233402210049,-0.052577665977899514,0.082,False,Binance US,Bittrex
2639,01-14-2021_09-32-31,ZEC/USD,25.0,111.3,111.23,0.01572327044025004,-0.16927672955974996,0.185,False,Kraken,Coinbase Pro
2640,01-14-2021_09-32-42,ZEC/USD,25.0,111.28,111.167,0.02538641265276769,-0.0666135873472323,0.092,False,Binance US,Bittrex
2641,01-14-2021_09-32-53,ZEC/USD,25.0,111.15,111.04,0.024741340530814084,-0.1152586594691859,0.13999999999999999,False,Binance US,Coinbase Pro
2642,01-14-2021_09-33-04,ZEC/USD,25.0,111.15,111.03,0.0269905533063438,-0.11300944669365619,0.13999999999999999,False,Binance US,Coinbase Pro
2643,01-14-2021_09-33-13,ZEC/USD,25.0,111.35,111.26,0.020206555904802245,-0.16179344409519775,0.182,False,Bittrex,Coinbase Pro
2644,01-14-2021_09-33-23,ZEC/USD,25.0,111.31,111.23,0.017967837570747977,-0.167032162429252,0.185,False,Kraken,Coinbase Pro
2645,01-14-2021_09-33-33,ZEC/USD,25.0,111.2,111.1,0.022482014388491126,-0.11751798561150886,0.13999999999999999,False,Binance US,Coinbase Pro
2646,01-14-2021_09-33-43,ZEC/USD,25.0,111.2,111.0,0.044964028776979054,-0.09503597122302093,0.13999999999999999,False,Binance US,Coinbase Pro
2647,01-14-2021_09-33-53,ZEC/USD,25.0,111.08,110.98,0.022506301764492778,-0.07249369823550722,0.095,False,Binance US,Kraken
2648,01-14-2021_09-34-03,ZEC/USD,25.0,111.119,110.98,0.03127277963264514,-0.15072722036735486,0.182,False,Bittrex,Coinbase Pro
2649,01-14-2021_09-34-13,ZEC/USD,25.0,110.938,110.84,0.022084407506895512,-0.1599155924931045,0.182,False,Bittrex,Coinbase Pro
2650,01-14-2021_09-34-23,ZEC/USD,25.0,111.01,110.8,0.04729303666336545,-0.10270696333663454,0.15,False,Binance US,Coinbase Pro
2651,01-14-2021_09-34-32,ZEC/USD,25.0,111.02,110.87,0.03377769771212202,-0.05122230228787798,0.085,False,Binance US,Kraken
2652,01-14-2021_09-34-42,ZEC/USD,25.0,111.01,110.87,0.03152869110890923,-0.11847130889109075,0.15,False,Binance US,Coinbase Pro
2653,01-14-2021_09-34-52,ZEC/USD,25.0,110.88,110.76,0.02705627705627488,-0.1579437229437251,0.185,False,Kraken,Coinbase Pro
2654,01-14-2021_09-35-03,ZEC/USD,25.0,110.75,110.59,0.03611738148984121,-0.11388261851015878,0.15,False,Binance US,Coinbase Pro
2655,01-14-2021_09-35-12,ZEC/USD,25.0,110.76,110.64,0.02708559046587318,-0.15791440953412683,0.185,False,Coinbase Pro,Kraken
2656,01-14-2021_09-35-22,ZEC/USD,25.0,110.901,110.76,0.03178510563475333,-0.09521489436524667,0.127,False,Bittrex,Kraken
2657,01-14-2021_09-35-33,ZEC/USD,25.0,110.92,110.86,0.013523260007212917,-0.1714767399927871,0.185,False,Kraken,Coinbase Pro
2658,01-14-2021_09-35-45,ZEC/USD,25.0,110.87,110.803,0.015107783891045204,-0.07689221610895479,0.092,False,Binance US,Bittrex
2659,01-14-2021_09-35-55,ZEC/USD,25.0,110.893,110.86,0.007439603942539486,-0.17456039605746052,0.182,False,Bittrex,Coinbase Pro
2660,01-14-2021_09-36-06,ZEC/USD,25.0,110.89,110.86,0.006763459283975367,-0.17823654071602463,0.185,False,Kraken,Coinbase Pro
2661,01-14-2021_09-36-17,ZEC/USD,25.0,110.962,110.86,0.02298084028766692,-0.15901915971233307,0.182,False,Bittrex,Coinbase Pro
2662,01-14-2021_09-36-28,ZEC/USD,25.0,111.343,111.15,0.04333456077166904,-0.13866543922833097,0.182,False,Bittrex,Coinbase Pro
2663,01-14-2021_09-36-38,ZEC/USD,25.0,111.424,111.3,0.027821654221713774,-0.1541783457782862,0.182,False,Bittrex,Coinbase Pro
2664,01-14-2021_09-36-49,ZEC/USD,25.0,111.46,111.31,0.03364435671989761,-0.10635564328010239,0.13999999999999999,False,Binance US,Coinbase Pro
2665,01-14-2021_09-36-59,ZEC/USD,25.0,111.46,111.31,0.03364435671989761,-0.0513556432801024,0.085,False,Binance US,Kraken
2666,01-14-2021_09-37-12,ZEC/USD,25.0,111.56,111.43,0.0291323054858362,-0.1558676945141638,0.185,False,Coinbase Pro,Kraken
2667,01-14-2021_09-37-22,ZEC/USD,25.0,111.71,111.43,0.06266225046996396,-0.022337749530036047,0.085,False,Binance US,Kraken
2668,01-14-2021_09-37-33,ZEC/USD,25.0,111.72,111.43,0.06489437880415146,-0.030105621195848545,0.095,False,Binance US,Kraken
2669,01-14-2021_09-37-42,ZEC/USD,25.0,111.56,111.43,0.0291323054858362,-0.1558676945141638,0.185,False,Coinbase Pro,Kraken
2670,01-14-2021_09-37-53,ZEC/USD,25.0,111.56,111.43,0.0291323054858362,-0.0658676945141638,0.095,False,Binance US,Kraken
2671,01-14-2021_09-38-03,ZEC/USD,25.0,111.56,111.43,0.0291323054858362,-0.0658676945141638,0.095,False,Binance US,Kraken
2672,01-14-2021_09-38-13,ZEC/USD,25.0,111.48,111.43,0.011212773591675,-0.083787226408325,0.095,False,Binance US,Kraken
2673,01-14-2021_09-38-24,ZEC/USD,25.0,111.48,111.43,0.011212773591675,-0.083787226408325,0.095,False,Binance US,Kraken
2674,01-14-2021_09-38-35,ZEC/USD,25.0,111.57,111.43,0.03137044008245639,-0.05362955991754362,0.085,False,Binance US,Kraken
2675,01-14-2021_09-38-45,ZEC/USD,25.0,111.56,111.43,0.0291323054858362,-0.0658676945141638,0.095,False,Binance US,Kraken
2676,01-14-2021_09-38-55,ZEC/USD,25.0,111.56,111.43,0.0291323054858362,-0.0658676945141638,0.095,False,Binance US,Kraken
2677,01-14-2021_09-39-05,ZEC/USD,25.0,111.56,111.43,0.0291323054858362,-0.12086769451416379,0.15,False,Binance US,Coinbase Pro
2678,01-14-2021_09-39-16,ZEC/USD,25.0,111.47,111.35,0.026913070781377172,-0.11308692921862282,0.13999999999999999,False,Binance US,Coinbase Pro
2679,01-14-2021_09-39-27,ZEC/USD,25.0,111.22,111.01,0.04720374033447081,-0.1377962596655292,0.185,False,Kraken,Coinbase Pro
2680,01-14-2021_09-39-38,ZEC/USD,25.0,111.0,110.85,0.03378378378378506,-0.15121621621621495,0.185,False,Kraken,Coinbase Pro
2681,01-14-2021_09-39-50,ZEC/USD,25.0,110.96,110.72,0.05407354001441846,-0.09592645998558152,0.15,False,Binance US,Coinbase Pro
2682,01-14-2021_09-40-00,ZEC/USD,25.0,111.42,111.16,0.05833782085801587,-0.12366217914198413,0.182,False,Bittrex,Coinbase Pro
2683,01-14-2021_09-40-10,ZEC/USD,25.0,111.38,111.17,0.04713593104686518,-0.10286406895313482,0.15,False,Binance US,Coinbase Pro
2684,01-14-2021_09-40-21,ZEC/USD,25.0,111.38,111.19,0.042646794756688304,-0.10735320524331168,0.15,False,Binance US,Coinbase Pro
2685,01-14-2021_09-40-31,ZEC/USD,25.0,111.26,111.23,0.006740967104080787,-0.1782590328959192,0.185,False,Kraken,Coinbase Pro
2686,01-14-2021_09-40-41,ZEC/USD,25.0,111.44,111.34,0.022433596554198295,-0.1595664034458017,0.182,False,Bittrex,Coinbase Pro
2687,01-14-2021_09-40-51,ZEC/USD,25.0,111.47,111.39,0.01794204718758372,-0.12205795281241627,0.13999999999999999,False,Binance US,Coinbase Pro
2688,01-14-2021_09-41-01,ZEC/USD,25.0,111.47,111.38,0.02018480308603288,-0.11981519691396711,0.13999999999999999,False,Binance US,Coinbase Pro
2689,01-14-2021_09-41-11,ZEC/USD,25.0,111.47,111.33,0.031398582578272306,-0.0536014174217277,0.085,False,Binance US,Kraken
2690,01-14-2021_09-41-21,ZEC/USD,25.0,111.47,111.43,0.008971023593790267,-0.13102897640620972,0.13999999999999999,False,Binance US,Coinbase Pro
2691,01-14-2021_09-41-31,ZEC/USD,25.0,111.6,111.43,0.038082437275982865,-0.04691756272401714,0.085,False,Binance US,Kraken
2692,01-14-2021_09-41-41,ZEC/USD,25.0,111.789,111.43,0.08028518011611041,-0.04671481988388959,0.127,False,Bittrex,Kraken
2693,01-14-2021_09-41-52,ZEC/USD,25.0,111.842,111.5,0.07644713077376987,-0.05055286922623013,0.127,False,Bittrex,Kraken
2694,01-14-2021_09-42-02,ZEC/USD,25.0,111.834,111.5,0.07466423449040613,-0.05233576550959387,0.127,False,Bittrex,Kraken
2695,01-14-2021_09-42-12,ZEC/USD,25.0,112.256,111.69,0.12605116875712713,-0.055948831242872865,0.182,False,Bittrex,Coinbase Pro
2696,01-14-2021_09-42-23,ZEC/USD,25.0,111.936,111.82,0.025907661520872163,-0.15609233847912785,0.182,False,Bittrex,Coinbase Pro
2697,01-14-2021_09-42-34,ZEC/USD,25.0,111.87,111.77,0.022347367480112748,-0.12765263251988723,0.15,False,Binance US,Coinbase Pro
2698,01-14-2021_09-42-45,ZEC/USD,25.0,111.87,111.73,0.031286314472155304,-0.0637136855278447,0.095,False,Binance US,Kraken
2699,01-14-2021_09-42-55,ZEC/USD,25.0,111.87,111.7,0.037990524716188814,-0.11200947528381118,0.15,False,Binance US,Coinbase Pro
2700,01-14-2021_09-43-07,ZEC/USD,25.0,111.87,111.66,0.04692947170823455,-0.10307052829176544,0.15,False,Binance US,Coinbase Pro
2701,01-14-2021_09-43-18,ZEC/USD,25.0,111.65,111.58,0.015673981191224224,-0.13432601880877576,0.15,False,Binance US,Coinbase Pro
2702,01-14-2021_09-43-29,ZEC/USD,25.0,111.74,111.61,0.029085376767494956,-0.055914623232505054,0.085,False,Binance US,Kraken
2703,01-14-2021_09-43-39,ZEC/USD,25.0,111.766,111.67,0.021473435570746838,-0.10552656442925316,0.127,False,Bittrex,Kraken
2704,01-14-2021_09-43-50,ZEC/USD,25.0,111.87,111.67,0.04469473496022232,-0.05030526503977768,0.095,False,Binance US,Kraken
2705,01-14-2021_09-44-02,ZEC/USD,25.0,111.87,111.72,0.03352105122016753,-0.06147894877983247,0.095,False,Binance US,Kraken
2706,01-14-2021_09-44-12,ZEC/USD,25.0,112.81,111.72,0.2415565995922355,0.0915565995922355,0.15,True,Binance US,Coinbase Pro
2707,01-14-2021_09-44-23,ZEC/USD,25.0,111.761,111.64,0.027066686948039816,-0.15493331305196018,0.182,False,Bittrex,Coinbase Pro
2708,01-14-2021_09-44-33,ZEC/USD,25.0,111.761,111.7,0.013645189287853732,-0.16835481071214625,0.182,False,Bittrex,Coinbase Pro
2709,01-14-2021_09-44-44,ZEC/USD,25.0,111.647,111.52,0.028437844277053915,-0.15356215572294607,0.182,False,Bittrex,Coinbase Pro
2710,01-14-2021_09-44-55,ZEC/USD,25.0,111.691,111.57,0.027083650428416192,-0.09991634957158381,0.127,False,Bittrex,Kraken
2711,01-14-2021_09-45-05,ZEC/USD,25.0,111.62,111.53,0.02015767783551411,-0.11984232216448587,0.13999999999999999,False,Binance US,Coinbase Pro
2712,01-14-2021_09-45-14,ZEC/USD,25.0,111.63,111.44,0.04255128549672976,-0.10744871450327023,0.15,False,Binance US,Coinbase Pro
2713,01-14-2021_09-45-23,ZEC/USD,25.0,111.62,111.4,0.04927432359792126,-0.09072567640207872,0.13999999999999999,False,Binance US,Coinbase Pro
2714,01-14-2021_09-45-32,ZEC/USD,25.0,111.62,111.44,0.04031535567102822,-0.09968464432897176,0.13999999999999999,False,Binance US,Coinbase Pro
2715,01-14-2021_09-45-42,ZEC/USD,25.0,111.63,111.41,0.049269909522529534,-0.04573009047747047,0.095,False,Binance US,Kraken
2716,01-14-2021_09-45-52,ZEC/USD,25.0,111.463,111.36,0.02310183648385438,-0.1588981635161456,0.182,False,Bittrex,Coinbase Pro
2717,01-14-2021_09-46-03,ZEC/USD,25.0,111.376,111.29,0.019303979313316722,-0.10769602068668328,0.127,False,Bittrex,Kraken
2718,01-14-2021_09-46-12,ZEC/USD,25.0,111.46,111.33,0.02915844249057856,-0.11084155750942143,0.13999999999999999,False,Binance US,Coinbase Pro
2719,01-14-2021_09-46-22,ZEC/USD,25.0,111.4,111.31,0.020197486535009742,-0.16480251346499025,0.185,False,Kraken,Coinbase Pro
2720,01-14-2021_09-46-31,ZEC/USD,25.0,111.375,111.3,0.016835016835017473,-0.16516498316498252,0.182,False,Bittrex,Coinbase Pro
2721,01-14-2021_09-46-40,ZEC/USD,25.0,111.46,111.376,0.018840839763141257,-0.06315916023685875,0.082,False,Binance US,Bittrex
2722,01-14-2021_09-46-50,ZEC/USD,25.0,111.46,111.37,0.020186614031937288,-0.1198133859680627,0.13999999999999999,False,Binance US,Coinbase Pro
2723,01-14-2021_09-47-00,ZEC/USD,25.0,111.46,111.37,0.020186614031937288,-0.1198133859680627,0.13999999999999999,False,Binance US,Coinbase Pro
2724,01-14-2021_09-47-11,ZEC/USD,25.0,111.46,111.37,0.020186614031937288,-0.1198133859680627,0.13999999999999999,False,Binance US,Coinbase Pro
2725,01-14-2021_09-47-20,ZEC/USD,25.0,111.63,111.4,0.05150945086446067,-0.04349054913553933,0.095,False,Binance US,Kraken
2726,01-14-2021_09-47-31,ZEC/USD,25.0,111.764,111.47,0.0657635732436198,-0.061236426756380205,0.127,False,Bittrex,Kraken
2727,01-14-2021_09-47-41,ZEC/USD,25.0,111.87,111.5,0.08268525967641113,-0.012314740323588869,0.095,False,Binance US,Kraken
2728,01-14-2021_09-47-52,ZEC/USD,25.0,112.1,111.83,0.060214094558429083,-0.08978590544157092,0.15,False,Binance US,Coinbase Pro
2729,01-14-2021_09-48-01,ZEC/USD,25.0,112.1,111.95,0.03345227475468142,-0.11654772524531858,0.15,False,Binance US,Coinbase Pro
2730,01-14-2021_09-48-11,ZEC/USD,25.0,112.1,111.95,0.03345227475468142,-0.11654772524531858,0.15,False,Binance US,Coinbase Pro
2731,01-14-2021_09-48-20,ZEC/USD,25.0,112.08,111.92,0.035688793718771546,-0.11431120628122846,0.15,False,Binance US,Coinbase Pro
2732,01-14-2021_09-48-29,ZEC/USD,25.0,112.08,111.94,0.031227694503925894,-0.1187723054960741,0.15,False,Binance US,Coinbase Pro
2733,01-14-2021_09-48-39,ZEC/USD,25.0,112.0,111.92,0.017857142857142478,-0.1321428571428575,0.15,False,Binance US,Coinbase Pro
2734,01-14-2021_09-48-49,ZEC/USD,25.0,111.99,111.9,0.02009107956067265,-0.12990892043932734,0.15,False,Binance US,Coinbase Pro
2735,01-14-2021_09-49-00,ZEC/USD,25.0,111.99,111.86,0.029020448254307406,-0.12097955174569258,0.15,False,Binance US,Coinbase Pro
2736,01-14-2021_09-49-10,ZEC/USD,25.0,112.469,111.98,0.10869661862379637,-0.07330338137620362,0.182,False,Bittrex,Coinbase Pro
2737,01-14-2021_09-49-20,ZEC/USD,25.0,112.21,111.99,0.04901523928348607,-0.035984760716513936,0.085,False,Binance US,Kraken
2738,01-14-2021_09-49-31,ZEC/USD,25.0,112.2,111.99,0.04679144385026915,-0.03820855614973086,0.085,False,Binance US,Kraken
2739,01-14-2021_09-49-42,ZEC/USD,25.0,112.21,111.99,0.04901523928348607,-0.035984760716513936,0.085,False,Binance US,Kraken
2740,01-14-2021_09-49-52,ZEC/USD,25.0,112.21,111.99,0.04901523928348607,-0.035984760716513936,0.085,False,Binance US,Kraken
2741,01-14-2021_09-50-02,ZEC/USD,25.0,112.2,111.99,0.04679144385026915,-0.03820855614973086,0.085,False,Binance US,Kraken
2742,01-14-2021_09-50-11,ZEC/USD,25.0,112.01,111.87,0.03124721007052954,-0.10875278992947045,0.13999999999999999,False,Binance US,Coinbase Pro
2743,01-14-2021_09-50-21,ZEC/USD,25.0,112.01,111.91,0.02231943576466577,-0.06268056423533423,0.085,False,Binance US,Kraken
2744,01-14-2021_09-50-31,ZEC/USD,25.0,112.11,111.98,0.028989385425027974,-0.053010614574972026,0.082,False,Binance US,Bittrex
2745,01-14-2021_09-50-41,ZEC/USD,25.0,111.979,111.89,0.01986979701551153,-0.16213020298448846,0.182,False,Bittrex,Coinbase Pro
2746,01-14-2021_09-50-50,ZEC/USD,25.0,111.97,111.82,0.03349111369116855,-0.11650888630883144,0.15,False,Binance US,Coinbase Pro
2747,01-14-2021_09-51-00,ZEC/USD,25.0,112.1,111.93,0.03791257805530497,-0.11208742194469502,0.15,False,Binance US,Coinbase Pro
2748,01-14-2021_09-51-10,ZEC/USD,25.0,112.11,111.95,0.03567924360003492,-0.10432075639996508,0.13999999999999999,False,Binance US,Coinbase Pro
2749,01-14-2021_09-51-20,ZEC/USD,25.0,112.2,111.99,0.04679144385026915,-0.03820855614973086,0.085,False,Binance US,Kraken
2750,01-14-2021_09-51-31,ZEC/USD,25.0,112.21,111.99,0.04901523928348607,-0.035984760716513936,0.085,False,Binance US,Kraken
2751,01-14-2021_09-51-41,ZEC/USD,25.0,112.21,111.99,0.04901523928348607,-0.035984760716513936,0.085,False,Binance US,Kraken
2752,01-14-2021_09-51-52,ZEC/USD,25.0,112.29,111.99,0.06679134384184063,-0.028208656158159373,0.095,False,Binance US,Kraken
2753,01-14-2021_09-52-02,ZEC/USD,25.0,112.37,112.15,0.04894544807332892,-0.036054551926671084,0.085,False,Binance US,Kraken
2754,01-14-2021_09-52-12,ZEC/USD,25.0,112.37,112.15,0.04894544807332892,-0.036054551926671084,0.085,False,Binance US,Kraken
2755,01-14-2021_09-52-22,ZEC/USD,25.0,112.37,112.15,0.04894544807332892,-0.036054551926671084,0.085,False,Binance US,Kraken
2756,01-14-2021_09-52-32,ZEC/USD,25.0,112.23,112.08,0.033413525795243176,-0.10658647420475681,0.13999999999999999,False,Binance US,Coinbase Pro
2757,01-14-2021_09-52-42,ZEC/USD,25.0,112.24,112.12,0.026728439059156794,-0.1232715609408432,0.15,False,Binance US,Coinbase Pro
2758,01-14-2021_09-52-53,ZEC/USD,25.0,112.24,112.12,0.026728439059156794,-0.1232715609408432,0.15,False,Binance US,Coinbase Pro
2759,01-14-2021_09-53-04,ZEC/USD,25.0,112.252,112.14,0.024943876278372495,-0.1570561237216275,0.182,False,Bittrex,Coinbase Pro
2760,01-14-2021_09-53-14,ZEC/USD,25.0,112.246,112.15,0.021381608253298434,-0.16061839174670156,0.182,False,Bittrex,Coinbase Pro
2761,01-14-2021_09-53-24,ZEC/USD,25.0,112.37,112.18,0.04227106879060197,-0.09772893120939802,0.13999999999999999,False,Binance US,Coinbase Pro
2762,01-14-2021_09-53-33,ZEC/USD,25.0,112.35,112.18,0.037828215398306074,-0.11217178460169391,0.15,False,Binance US,Coinbase Pro
2763,01-14-2021_09-53-42,ZEC/USD,25.0,112.483,112.33,0.03400513855427171,-0.0929948614457283,0.127,False,Bittrex,Kraken
2764,01-14-2021_09-53-52,ZEC/USD,25.0,112.36,112.29,0.015574937700247682,-0.16642506229975232,0.182,False,Bittrex,Coinbase Pro
2765,01-14-2021_09-54-02,ZEC/USD,25.0,112.512,112.33,0.040440130830489675,-0.08655986916951033,0.127,False,Bittrex,Kraken
2766,01-14-2021_09-54-12,ZEC/USD,25.0,112.507,112.33,0.039330886078201066,-0.08766911392179894,0.127,False,Bittrex,Kraken
2767,01-14-2021_09-54-21,ZEC/USD,25.0,112.51,112.33,0.03999644476046725,-0.08700355523953275,0.127,False,Bittrex,Kraken
2768,01-14-2021_09-54-30,ZEC/USD,25.0,112.32,112.14,0.04006410256410092,-0.10993589743589907,0.15,False,Binance US,Coinbase Pro
2769,01-14-2021_09-54-40,ZEC/USD,25.0,112.275,112.17,0.023380093520374966,-0.15861990647962504,0.182,False,Bittrex,Coinbase Pro
2770,01-14-2021_09-54-50,ZEC/USD,25.0,112.23,112.08,0.033413525795243176,-0.10658647420475681,0.13999999999999999,False,Binance US,Coinbase Pro
2771,01-14-2021_09-55-01,ZEC/USD,25.0,112.196,112.07,0.028075867232344464,-0.15392413276765554,0.182,False,Bittrex,Coinbase Pro
2772,01-14-2021_09-55-11,ZEC/USD,25.0,112.25,112.1,0.03340757238307476,-0.15159242761692523,0.185,False,Kraken,Coinbase Pro
2773,01-14-2021_09-55-20,ZEC/USD,25.0,112.238,112.17,0.015146385359681623,-0.16685361464031837,0.182,False,Bittrex,Coinbase Pro
2774,01-14-2021_09-55-31,ZEC/USD,25.0,112.239,112.17,0.015368989388715735,-0.16663101061128427,0.182,False,Bittrex,Coinbase Pro
2775,01-14-2021_09-55-40,ZEC/USD,25.0,112.241,112.16,0.018041535624237815,-0.16395846437576217,0.182,False,Bittrex,Coinbase Pro
2776,01-14-2021_09-55-51,ZEC/USD,25.0,112.238,112.15,0.01960120458311665,-0.16239879541688335,0.182,False,Bittrex,Coinbase Pro
2777,01-14-2021_09-56-01,ZEC/USD,25.0,112.181,112.08,0.022508267888501413,-0.15949173211149859,0.182,False,Bittrex,Coinbase Pro
2778,01-14-2021_09-56-10,ZEC/USD,25.0,112.176,112.02,0.034766795036372734,-0.14723320496362727,0.182,False,Bittrex,Coinbase Pro
2779,01-14-2021_09-56-20,ZEC/USD,25.0,111.99,111.87,0.026788106080897923,-0.15821189391910206,0.185,False,Kraken,Coinbase Pro
2780,01-14-2021_09-56-30,ZEC/USD,25.0,111.872,111.71,0.03620208810068787,-0.14579791189931213,0.182,False,Bittrex,Coinbase Pro
2781,01-14-2021_09-56-40,ZEC/USD,25.0,111.784,111.64,0.03220496672153561,-0.09479503327846439,0.127,False,Bittrex,Kraken
2782,01-14-2021_09-56-49,ZEC/USD,25.0,111.783,111.68,0.023035703103332892,-0.1589642968966671,0.182,False,Bittrex,Coinbase Pro
2783,01-14-2021_09-56-58,ZEC/USD,25.0,111.775,111.63,0.03243122343994861,-0.09456877656005139,0.127,False,Bittrex,Kraken
2784,01-14-2021_09-57-08,ZEC/USD,25.0,111.73,111.64,0.020137832274233287,-0.1648621677257667,0.185,False,Kraken,Coinbase Pro
2785,01-14-2021_09-57-19,ZEC/USD,25.0,111.6,111.48,0.026881720430105362,-0.15811827956989463,0.185,False,Kraken,Coinbase Pro
2786,01-14-2021_09-57-28,ZEC/USD,25.0,111.58,111.51,0.015683814303637116,-0.1693161856963629,0.185,False,Coinbase Pro,Kraken
2787,01-14-2021_09-57-39,ZEC/USD,25.0,111.68,111.53,0.03357808022922763,-0.06142191977077237,0.095,False,Binance US,Kraken
2788,01-14-2021_09-57-49,ZEC/USD,25.0,111.565,111.43,0.03025142293729909,-0.1517485770627009,0.182,False,Bittrex,Coinbase Pro
2789,01-14-2021_09-57-59,ZEC/USD,25.0,111.563,111.46,0.023081129048163063,-0.15891887095183693,0.182,False,Bittrex,Coinbase Pro
2790,01-14-2021_09-58-08,ZEC/USD,25.0,111.562,111.44,0.02733905810222116,-0.09966094189777884,0.127,False,Bittrex,Kraken
2791,01-14-2021_09-58-19,ZEC/USD,25.0,111.616,111.44,0.03942087155963346,-0.08757912844036654,0.127,False,Bittrex,Kraken
2792,01-14-2021_09-58-30,ZEC/USD,25.0,111.614,111.44,0.03897360546168191,-0.08802639453831809,0.127,False,Bittrex,Kraken
2793,01-14-2021_09-58-40,ZEC/USD,25.0,112.192,111.44,0.1675698802053612,0.0405698802053612,0.127,True,Bittrex,Kraken
2794,01-14-2021_09-58-52,ZEC/USD,25.0,111.72,111.44,0.06265664160401029,-0.032343358395989716,0.095,False,Binance US,Kraken
2795,01-14-2021_09-59-03,ZEC/USD,25.0,111.58,111.44,0.03136762860727742,-0.15063237139272256,0.182,False,Bittrex,Coinbase Pro
2796,01-14-2021_09-59-14,ZEC/USD,25.0,111.489,111.24,0.055835104808548246,-0.12616489519145174,0.182,False,Bittrex,Coinbase Pro
2797,01-14-2021_09-59-25,ZEC/USD,25.0,111.26,111.1,0.0359518245550986,-0.1140481754449014,0.15,False,Binance US,Coinbase Pro
2798,01-14-2021_09-59-37,ZEC/USD,25.0,111.135,111.07,0.014621856300897991,-0.167378143699102,0.182,False,Bittrex,Coinbase Pro
2799,01-14-2021_09-59-49,ZEC/USD,25.0,110.85,110.7,0.03382949932340809,-0.1161705006765919,0.15,False,Binance US,Coinbase Pro
2800,01-14-2021_10-00-02,ZEC/USD,25.0,110.914,110.76,0.03471157833997429,-0.1472884216600257,0.182,False,Bittrex,Coinbase Pro
2801,01-14-2021_10-00-13,ZEC/USD,25.0,111.04,110.81,0.051783141210375534,-0.13321685878962447,0.185,False,Kraken,Coinbase Pro
2802,01-14-2021_10-00-26,ZEC/USD,25.0,110.85,110.65,0.04510599909787746,-0.10489400090212253,0.15,False,Binance US,Coinbase Pro
2803,01-14-2021_10-00-38,ZEC/USD,25.0,110.923,110.74,0.04124482749294712,-0.14075517250705288,0.182,False,Bittrex,Coinbase Pro
2804,01-14-2021_10-00-50,ZEC/USD,25.0,111.04,110.901,0.031295028818446056,-0.06070497118155394,0.092,False,Binance US,Bittrex
2805,01-14-2021_10-01-03,ZEC/USD,25.0,111.053,110.98,0.016433594770063235,-0.16556640522993676,0.182,False,Bittrex,Coinbase Pro
2806,01-14-2021_10-01-13,ZEC/USD,25.0,111.13,110.98,0.0337442634752073,-0.1162557365247927,0.15,False,Binance US,Coinbase Pro
2807,01-14-2021_10-01-26,ZEC/USD,25.0,110.966,110.89,0.017122361804515214,-0.1648776381954848,0.182,False,Bittrex,Coinbase Pro
2808,01-14-2021_10-01-37,ZEC/USD,25.0,111.0,110.86,0.03153153153153166,-0.11846846846846834,0.15,False,Binance US,Coinbase Pro
2809,01-14-2021_10-01-47,ZEC/USD,25.0,110.89,110.77,0.027053837135901468,-0.11294616286409852,0.13999999999999999,False,Binance US,Coinbase Pro
2810,01-14-2021_10-01-58,ZEC/USD,25.0,110.93,110.73,0.04507346975570243,-0.09492653024429756,0.13999999999999999,False,Binance US,Coinbase Pro
2811,01-14-2021_10-02-10,ZEC/USD,25.0,110.93,110.85,0.018029387902283533,-0.12197061209771645,0.13999999999999999,False,Binance US,Coinbase Pro
2812,01-14-2021_10-02-33,ZEC/USD,25.0,111.054,110.97,0.018909719595872995,-0.108090280404127,0.127,False,Bittrex,Kraken
2813,01-14-2021_10-02-44,ZEC/USD,25.0,111.191,111.07,0.027205439289153196,-0.1547945607108468,0.182,False,Bittrex,Coinbase Pro
2814,01-14-2021_10-02-54,ZEC/USD,25.0,111.276,111.16,0.02606132499370926,-0.10093867500629074,0.127,False,Bittrex,Kraken
2815,01-14-2021_10-03-05,ZEC/USD,25.0,111.411,111.35,0.013688055937027549,-0.16831194406297245,0.182,False,Bittrex,Coinbase Pro
2816,01-14-2021_10-03-15,ZEC/USD,25.0,111.487,111.42,0.015024173221988454,-0.04719582677801154,0.06222,False,Bittrex,Binance US
2817,01-14-2021_10-03-25,ZEC/USD,25.0,111.58,111.44,0.03136762860727742,-0.05363237139272259,0.085,False,Binance US,Kraken
2818,01-14-2021_10-03-36,ZEC/USD,25.0,111.67,111.44,0.051491000268649584,-0.13350899973135041,0.185,False,Coinbase Pro,Kraken
2819,01-14-2021_10-03-47,ZEC/USD,25.0,111.964,111.68,0.06341323996998853,-0.11858676003001146,0.182,False,Bittrex,Coinbase Pro
2820,01-14-2021_10-04-08,ZEC/USD,25.0,111.88,111.73,0.033518055058989873,-0.11648194494101012,0.15,False,Binance US,Coinbase Pro
2821,01-14-2021_10-04-19,ZEC/USD,25.0,111.88,111.75,0.029048981051125192,-0.06595101894887481,0.095,False,Binance US,Kraken
2822,01-14-2021_10-04-29,ZEC/USD,25.0,111.88,111.75,0.029048981051125192,-0.06595101894887481,0.095,False,Binance US,Kraken
2823,01-14-2021_10-04-40,ZEC/USD,25.0,111.928,111.75,0.03975770137945762,-0.08724229862054239,0.127,False,Bittrex,Kraken
2824,01-14-2021_10-04-51,ZEC/USD,25.0,111.924,111.75,0.03886565883992856,-0.08813434116007143,0.127,False,Bittrex,Kraken
2825,01-14-2021_10-05-03,ZEC/USD,25.0,111.926,111.75,0.039311688079624464,-0.08768831192037554,0.127,False,Bittrex,Kraken
2826,01-14-2021_10-05-13,ZEC/USD,25.0,111.88,111.75,0.029048981051125192,-0.06595101894887481,0.095,False,Binance US,Kraken
2827,01-14-2021_10-05-22,ZEC/USD,25.0,111.86,111.7,0.035758984444841005,-0.10424101555515898,0.13999999999999999,False,Binance US,Coinbase Pro
2828,01-14-2021_10-05-45,ZEC/USD,25.0,111.838,111.63,0.04649582431731576,-0.13550417568268425,0.182,False,Bittrex,Coinbase Pro
2829,01-14-2021_10-05-56,ZEC/USD,25.0,111.705,111.54,0.03692762186115036,-0.14507237813884963,0.182,False,Bittrex,Coinbase Pro
2830,01-14-2021_10-06-06,ZEC/USD,25.0,111.701,111.61,0.02036687227509019,-0.16163312772490981,0.182,False,Bittrex,Coinbase Pro
2831,01-14-2021_10-06-17,ZEC/USD,25.0,111.826,111.75,0.01699068195231731,-0.11000931804768269,0.127,False,Bittrex,Kraken
2832,01-14-2021_10-06-26,ZEC/USD,25.0,111.824,111.75,0.016543854628701817,-0.16545614537129819,0.182,False,Bittrex,Coinbase Pro
2833,01-14-2021_10-06-38,ZEC/USD,25.0,111.81,111.68,0.029067167516321317,-0.12093283248367867,0.15,False,Binance US,Coinbase Pro
2834,01-14-2021_10-06-49,ZEC/USD,25.0,111.857,111.71,0.032854448089973266,-0.14914555191002674,0.182,False,Bittrex,Coinbase Pro
2835,01-14-2021_10-07-02,ZEC/USD,25.0,111.778,111.59,0.04204763012399631,-0.13995236987600368,0.182,False,Bittrex,Coinbase Pro
2836,01-14-2021_10-07-12,ZEC/USD,25.0,111.775,111.64,0.030194587340640823,-0.15180541265935918,0.182,False,Bittrex,Coinbase Pro
2837,01-14-2021_10-07-23,ZEC/USD,25.0,111.775,111.66,0.025721315142028425,-0.15627868485797158,0.182,False,Bittrex,Coinbase Pro
2838,01-14-2021_10-07-33,ZEC/USD,25.0,111.81,111.68,0.029067167516321317,-0.12093283248367867,0.15,False,Binance US,Coinbase Pro
2839,01-14-2021_10-07-46,ZEC/USD,25.0,111.812,111.7,0.0250420348442016,-0.1569579651557984,0.182,False,Bittrex,Coinbase Pro
2840,01-14-2021_10-08-08,ZEC/USD,25.0,111.74,111.55,0.04250939681403207,-0.14249060318596793,0.185,False,Kraken,Coinbase Pro
2841,01-14-2021_10-08-19,ZEC/USD,25.0,111.715,111.54,0.039162153694668835,-0.14283784630533117,0.182,False,Bittrex,Coinbase Pro
2842,01-14-2021_10-08-30,ZEC/USD,25.0,111.807,111.7,0.023925156743316457,-0.15807484325668353,0.182,False,Bittrex,Coinbase Pro
2843,01-14-2021_10-08-53,ZEC/USD,25.0,111.75,111.61,0.03131991051454151,-0.11868008948545848,0.15,False,Binance US,Coinbase Pro
2844,01-14-2021_10-09-03,ZEC/USD,25.0,111.72,111.59,0.02909058360186078,-0.12090941639813921,0.15,False,Binance US,Coinbase Pro
2845,01-14-2021_10-09-25,ZEC/USD,25.0,111.729,111.67,0.01320158598036264,-0.16879841401963736,0.182,False,Bittrex,Coinbase Pro
2846,01-14-2021_10-09-37,ZEC/USD,25.0,111.72,111.64,0.017901897601145342,-0.13209810239885467,0.15,False,Binance US,Coinbase Pro
2847,01-14-2021_10-09-48,ZEC/USD,25.0,111.72,111.64,0.017901897601145342,-0.13209810239885467,0.15,False,Binance US,Coinbase Pro
2848,01-14-2021_10-09-59,ZEC/USD,25.0,111.72,111.63,0.0201396348012897,-0.1298603651987103,0.15,False,Binance US,Coinbase Pro
2849,01-14-2021_10-10-09,ZEC/USD,25.0,111.703,111.62,0.018576045406121233,-0.16342395459387876,0.182,False,Bittrex,Coinbase Pro
2850,01-14-2021_10-10-31,ZEC/USD,25.0,111.736,111.63,0.023716617741821964,-0.15828338225817803,0.182,False,Bittrex,Coinbase Pro
2851,01-14-2021_10-10-42,ZEC/USD,25.0,111.733,111.61,0.027520965158011657,-0.15447903484198833,0.182,False,Bittrex,Coinbase Pro
2852,01-14-2021_10-10-53,ZEC/USD,25.0,111.813,111.66,0.034208902363769375,-0.1477910976362306,0.182,False,Bittrex,Coinbase Pro
2853,01-14-2021_10-11-05,ZEC/USD,25.0,111.739,111.62,0.026624544697912048,-0.15537545530208796,0.182,False,Bittrex,Coinbase Pro
2854,01-14-2021_10-11-16,ZEC/USD,25.0,111.8,111.67,0.029069767441859448,-0.11093023255814054,0.13999999999999999,False,Binance US,Coinbase Pro
2855,01-14-2021_10-11-39,ZEC/USD,25.0,111.881,111.7,0.04044475826994695,-0.14155524173005304,0.182,False,Bittrex,Coinbase Pro
2856,01-14-2021_10-11-50,ZEC/USD,25.0,111.867,111.71,0.0350863078477144,-0.14691369215228559,0.182,False,Bittrex,Coinbase Pro
2857,01-14-2021_10-12-00,ZEC/USD,25.0,111.863,111.68,0.040898241599097274,-0.14110175840090272,0.182,False,Bittrex,Coinbase Pro
2858,01-14-2021_10-12-10,ZEC/USD,25.0,111.794,111.7,0.021020806125551034,-0.16097919387444895,0.182,False,Bittrex,Coinbase Pro
2859,01-14-2021_10-12-22,ZEC/USD,25.0,111.7,111.56,0.031333930170098605,-0.11866606982990138,0.15,False,Binance US,Coinbase Pro
2860,01-14-2021_10-12-44,ZEC/USD,25.0,111.787,111.65,0.030638625242649067,-0.15136137475735092,0.182,False,Bittrex,Coinbase Pro
2861,01-14-2021_10-12-57,ZEC/USD,25.0,111.787,111.68,0.023929437233309623,-0.15807056276669038,0.182,False,Bittrex,Coinbase Pro
2862,01-14-2021_10-13-20,ZEC/USD,25.0,111.81,111.71,0.022359359627942162,-0.07264064037205784,0.095,False,Binance US,Kraken
2863,01-14-2021_10-13-31,ZEC/USD,25.0,111.81,111.7,0.024595295590734156,-0.12540470440926585,0.15,False,Binance US,Coinbase Pro
2864,01-14-2021_10-13-56,ZEC/USD,25.0,111.841,111.71,0.029282642322583003,-0.097717357677417,0.127,False,Bittrex,Kraken
2865,01-14-2021_10-14-07,ZEC/USD,25.0,111.843,111.71,0.029729173931316615,-0.09727082606868338,0.127,False,Bittrex,Kraken
2866,01-14-2021_10-14-30,ZEC/USD,25.0,112.155,111.88,0.06129909500245323,-0.0009209049975467676,0.06222,False,Bittrex,Binance US
2867,01-14-2021_10-14-42,ZEC/USD,25.0,112.208,111.88,0.07307856837302219,0.010858568373022195,0.06222,True,Bittrex,Binance US
2868,01-14-2021_10-14-54,ZEC/USD,25.0,112.15,111.88,0.0601872492197972,-0.005032750780202801,0.06522,False,Kraken,Binance US
2869,01-14-2021_10-15-16,ZEC/USD,25.0,112.11,111.88,0.05128891267505218,-0.01393108732494782,0.06522,False,Kraken,Binance US
2870,01-14-2021_10-15-26,ZEC/USD,25.0,112.199,111.88,0.07107906487580161,0.008859064875801612,0.06222,False,Bittrex,Binance US
2871,01-14-2021_10-15-36,ZEC/USD,25.0,112.194,111.88,0.06996809098525927,0.007748090985259276,0.06222,False,Bittrex,Binance US
2872,01-14-2021_10-15-48,ZEC/USD,25.0,112.197,111.88,0.07063468720197671,0.008414687201976717,0.06222,False,Bittrex,Binance US
2873,01-14-2021_10-15-59,ZEC/USD,25.0,112.245,111.88,0.08129538064056507,0.019075380640565076,0.06222,True,Bittrex,Binance US
2874,01-14-2021_10-16-10,ZEC/USD,25.0,112.245,111.88,0.08129538064056507,0.019075380640565076,0.06222,True,Bittrex,Binance US
2875,01-14-2021_10-16-32,ZEC/USD,25.0,112.339,111.88,0.10214618253678669,0.03992618253678669,0.06222,True,Bittrex,Binance US
2876,01-14-2021_10-16-44,ZEC/USD,25.0,112.338,111.88,0.1019245491285225,0.039704549128522504,0.06222,True,Bittrex,Binance US
2877,01-14-2021_10-16-55,ZEC/USD,25.0,112.327,111.88,0.09948632118724855,0.037266321187248555,0.06222,True,Bittrex,Binance US
2878,01-14-2021_10-17-17,ZEC/USD,25.0,112.507,111.88,0.13932466424311588,0.07710466424311588,0.06222,True,Bittrex,Binance US
2879,01-14-2021_10-17-29,ZEC/USD,25.0,112.858,111.88,0.21664392422336223,0.15442392422336224,0.06222,True,Bittrex,Binance US
2880,01-14-2021_10-17-41,ZEC/USD,25.0,112.617,111.88,0.16360762584689897,0.10138762584689898,0.06222,True,Bittrex,Binance US
2881,01-14-2021_10-18-03,ZEC/USD,25.0,112.617,111.88,0.16360762584689897,0.10138762584689898,0.06222,True,Bittrex,Binance US
2882,01-14-2021_10-18-15,ZEC/USD,25.0,112.677,111.88,0.17683289402451502,0.11461289402451502,0.06222,True,Bittrex,Binance US
2883,01-14-2021_10-18-27,ZEC/USD,25.0,112.791,111.88,0.20192213917777158,0.13970213917777158,0.06222,True,Bittrex,Binance US
2884,01-14-2021_10-18-38,ZEC/USD,25.0,112.697,111.88,0.18123818735192757,0.11901818735192757,0.06222,True,Bittrex,Binance US
2885,01-14-2021_10-18-49,ZEC/USD,25.0,112.56,111.88,0.1510305614783242,0.0858105614783242,0.06522,True,Kraken,Binance US
2886,01-14-2021_10-19-00,ZEC/USD,25.0,112.35,111.88,0.10458388963061836,0.03936388963061836,0.06522,True,Kraken,Binance US
2887,01-14-2021_10-19-11,ZEC/USD,25.0,112.34,111.88,0.10236781199928964,0.03714781199928964,0.06522,True,Kraken,Binance US
2888,01-14-2021_10-19-32,ZEC/USD,25.0,112.33,111.88,0.10015133980236866,0.03493133980236866,0.06522,True,Kraken,Binance US
2889,01-14-2021_10-19-45,ZEC/USD,25.0,112.26,111.88,0.08462497773027117,0.019404977730271167,0.06522,True,Kraken,Binance US
2890,01-14-2021_10-19-56,ZEC/USD,25.0,112.26,111.88,0.08462497773027117,0.019404977730271167,0.06522,True,Kraken,Binance US
2891,01-14-2021_10-20-17,ZEC/USD,25.0,112.462,111.88,0.12937703402038195,0.06715703402038195,0.06222,True,Bittrex,Binance US
2892,01-14-2021_10-20-28,ZEC/USD,25.0,112.56,111.88,0.1510305614783242,0.0858105614783242,0.06522,True,Kraken,Binance US
2893,01-14-2021_10-20-40,ZEC/USD,25.0,112.59,111.88,0.15765165645261744,0.09243165645261744,0.06522,True,Kraken,Binance US
2894,01-14-2021_10-20-51,ZEC/USD,25.0,112.659,111.88,0.17286679271074892,0.11064679271074893,0.06222,True,Bittrex,Binance US
2895,01-14-2021_10-21-01,ZEC/USD,25.0,113.167,111.88,0.2843143319165495,0.22209433191654948,0.06222,True,Bittrex,Binance US
2896,01-14-2021_10-21-12,ZEC/USD,25.0,112.636,111.88,0.16779715188749608,0.10557715188749608,0.06222,True,Bittrex,Binance US
2897,01-14-2021_10-21-23,ZEC/USD,25.0,112.668,111.88,0.17485000177512935,0.11263000177512936,0.06222,True,Bittrex,Binance US
2898,01-14-2021_10-21-36,ZEC/USD,25.0,112.65,111.88,0.17088326675543947,0.10566326675543947,0.06522,True,Kraken,Binance US
2899,01-14-2021_10-21-47,ZEC/USD,25.0,112.46,111.88,0.12893473234927938,0.06371473234927938,0.06522,True,Kraken,Binance US
2900,01-14-2021_10-21-58,ZEC/USD,25.0,112.398,111.88,0.11521557323084057,0.05299557323084057,0.06222,True,Bittrex,Binance US
2901,01-14-2021_10-22-09,ZEC/USD,25.0,112.63,111.88,0.1664742963686407,0.1012542963686407,0.06522,True,Kraken,Binance US
2902,01-14-2021_10-22-20,ZEC/USD,25.0,112.61,111.88,0.16206375987923008,0.09684375987923008,0.06522,True,Kraken,Binance US
2903,01-14-2021_10-22-32,ZEC/USD,25.0,112.59,111.88,0.15765165645261744,0.09243165645261744,0.06522,True,Kraken,Binance US
2904,01-14-2021_10-22-43,ZEC/USD,25.0,112.615,111.88,0.16316654086933347,0.10094654086933347,0.06222,True,Bittrex,Binance US
2905,01-14-2021_10-22-54,ZEC/USD,25.0,112.615,111.88,0.16316654086933347,0.10094654086933347,0.06222,True,Bittrex,Binance US
2906,01-14-2021_10-23-05,ZEC/USD,25.0,112.615,111.88,0.16316654086933347,0.10094654086933347,0.06222,True,Bittrex,Binance US
2907,01-14-2021_10-23-16,ZEC/USD,25.0,112.615,111.88,0.16316654086933347,0.10094654086933347,0.06222,True,Bittrex,Binance US
2908,01-14-2021_10-23-27,ZEC/USD,25.0,112.615,111.88,0.16316654086933347,0.10094654086933347,0.06222,True,Bittrex,Binance US
2909,01-14-2021_10-23-37,ZEC/USD,25.0,112.615,111.88,0.16316654086933347,0.10094654086933347,0.06222,True,Bittrex,Binance US
2910,01-14-2021_10-23-48,ZEC/USD,25.0,112.62,111.88,0.1642692239389116,0.0990492239389116,0.06522,True,Kraken,Binance US
2911,01-14-2021_10-23-58,ZEC/USD,25.0,112.615,111.88,0.16316654086933347,0.10094654086933347,0.06222,True,Bittrex,Binance US
2912,01-14-2021_10-24-08,ZEC/USD,25.0,112.69,111.88,0.17969651255657162,0.11747651255657163,0.06222,True,Bittrex,Binance US
2913,01-14-2021_10-24-20,ZEC/USD,25.0,112.69,111.88,0.17969651255657162,0.11747651255657163,0.06222,True,Bittrex,Binance US
2914,01-14-2021_10-24-31,ZEC/USD,25.0,112.55,111.88,0.14882274544646862,0.08360274544646862,0.06522,True,Kraken,Binance US
2915,01-14-2021_10-24-52,ZEC/USD,25.0,112.608,111.88,0.16162262006251968,0.09940262006251968,0.06222,True,Bittrex,Binance US
2916,01-14-2021_10-25-04,ZEC/USD,25.0,112.674,111.88,0.17617196513836622,0.11395196513836622,0.06222,True,Bittrex,Binance US
2917,01-14-2021_10-25-13,ZEC/USD,25.0,112.674,111.88,0.17617196513836622,0.11395196513836622,0.06222,True,Bittrex,Binance US
2918,01-14-2021_10-25-23,ZEC/USD,25.0,112.791,111.88,0.20192213917777158,0.13970213917777158,0.06222,True,Bittrex,Binance US
2919,01-14-2021_10-25-32,ZEC/USD,25.0,112.71,111.88,0.18410078963712145,0.11888078963712145,0.06522,True,Kraken,Binance US
2920,01-14-2021_10-25-43,ZEC/USD,25.0,112.74,111.88,0.19070427532375367,0.12548427532375367,0.06522,True,Kraken,Binance US
2921,01-14-2021_10-25-54,ZEC/USD,25.0,112.73,111.88,0.18850350394748702,0.12328350394748702,0.06522,True,Kraken,Binance US
2922,01-14-2021_10-26-05,ZEC/USD,25.0,112.75,111.88,0.1929046563192915,0.1276846563192915,0.06522,True,Kraken,Binance US
2923,01-14-2021_10-26-15,ZEC/USD,25.0,112.71,111.88,0.18410078963712145,0.11888078963712145,0.06522,True,Kraken,Binance US
2924,01-14-2021_10-26-26,ZEC/USD,25.0,112.7,111.88,0.18189884649512142,0.11667884649512142,0.06522,True,Kraken,Binance US
2925,01-14-2021_10-26-37,ZEC/USD,25.0,112.803,111.88,0.2045601624070286,0.1423401624070286,0.06222,True,Bittrex,Binance US
2926,01-14-2021_10-26-48,ZEC/USD,25.0,112.72,111.88,0.186302342086587,0.121082342086587,0.06522,True,Kraken,Binance US
2927,01-14-2021_10-26-59,ZEC/USD,25.0,112.7,111.88,0.18189884649512142,0.11667884649512142,0.06522,True,Kraken,Binance US
2928,01-14-2021_10-27-08,ZEC/USD,25.0,112.66,111.88,0.1730871649210015,0.10786716492100151,0.06522,True,Kraken,Binance US
2929,01-14-2021_10-27-18,ZEC/USD,25.0,112.655,111.88,0.17198526474635073,0.10976526474635073,0.06222,True,Bittrex,Binance US
2930,01-14-2021_10-27-29,ZEC/USD,25.0,112.656,111.88,0.17220565260616622,0.10998565260616622,0.06222,True,Bittrex,Binance US
2931,01-14-2021_10-27-38,ZEC/USD,25.0,112.58,111.88,0.15544501687688816,0.09022501687688816,0.06522,True,Kraken,Binance US
2932,01-14-2021_10-27-50,ZEC/USD,25.0,112.73,111.88,0.18850350394748702,0.12328350394748702,0.06522,True,Kraken,Binance US
2933,01-14-2021_10-28-00,ZEC/USD,25.0,112.72,111.88,0.186302342086587,0.121082342086587,0.06522,True,Kraken,Binance US
2934,01-14-2021_10-28-13,ZEC/USD,25.0,112.832,111.88,0.21093306863301153,0.14871306863301154,0.06222,True,Bittrex,Binance US
2935,01-14-2021_10-28-23,ZEC/USD,25.0,112.919,111.88,0.2300321469371854,0.1678121469371854,0.06222,True,Bittrex,Binance US
2936,01-14-2021_10-28-34,ZEC/USD,25.0,112.831,111.88,0.21071336778013303,0.14849336778013303,0.06222,True,Bittrex,Binance US
2937,01-14-2021_10-28-45,ZEC/USD,25.0,113.026,112.76,0.05883602003078742,-0.06816397996921258,0.127,False,Bittrex,Kraken
2938,01-14-2021_10-28-55,ZEC/USD,25.0,113.11,113.026,0.018565997701353372,-0.16343400229864663,0.182,False,Coinbase Pro,Bittrex
2939,01-14-2021_10-29-05,ZEC/USD,25.0,113.37,113.08,0.06394989856223124,-0.031050101437768762,0.095,False,Binance US,Kraken
2940,01-14-2021_10-29-17,ZEC/USD,25.0,113.37,113.13,0.052924053982537064,-0.09707594601746293,0.15,False,Binance US,Coinbase Pro
2941,01-14-2021_10-29-27,ZEC/USD,25.0,113.37,113.13,0.052924053982537064,-0.09707594601746293,0.15,False,Binance US,Coinbase Pro
2942,01-14-2021_10-29-38,ZEC/USD,25.0,113.29,113.13,0.035307617618503574,-0.10469238238149642,0.13999999999999999,False,Binance US,Coinbase Pro
2943,01-14-2021_10-29-48,ZEC/USD,25.0,113.199,113.13,0.015238650518114696,-0.1667613494818853,0.182,False,Bittrex,Coinbase Pro
2944,01-14-2021_10-29-59,ZEC/USD,25.0,113.2,113.13,0.015459363957598804,-0.16654063604240119,0.182,False,Bittrex,Coinbase Pro
2945,01-14-2021_10-30-09,ZEC/USD,25.0,113.25,113.13,0.026490066225166566,-0.15850993377483344,0.185,False,Kraken,Coinbase Pro
2946,01-14-2021_10-30-19,ZEC/USD,25.0,113.29,113.13,0.035307617618503574,-0.10469238238149642,0.13999999999999999,False,Binance US,Coinbase Pro
2947,01-14-2021_10-30-29,ZEC/USD,25.0,113.182,113.02,0.03578307504727035,-0.09121692495272965,0.127,False,Bittrex,Kraken
2948,01-14-2021_10-30-40,ZEC/USD,25.0,113.16,113.04,0.026511134676562024,-0.12348886532343797,0.15,False,Binance US,Coinbase Pro
2949,01-14-2021_10-30-51,ZEC/USD,25.0,113.16,112.92,0.053022269353127184,-0.09697773064687282,0.15,False,Binance US,Coinbase Pro
2950,01-14-2021_10-31-00,ZEC/USD,25.0,113.16,112.83,0.07290562036055107,-0.07709437963944893,0.15,False,Binance US,Coinbase Pro
2951,01-14-2021_10-31-10,ZEC/USD,25.0,113.16,112.82,0.0751148815835992,-0.07488511841640079,0.15,False,Binance US,Coinbase Pro
2952,01-14-2021_10-31-20,ZEC/USD,25.0,113.16,112.74,0.09278897136797493,-0.05721102863202507,0.15,False,Binance US,Coinbase Pro
2953,01-14-2021_10-31-29,ZEC/USD,25.0,113.16,112.68,0.10604453870625437,-0.043955461293745626,0.15,False,Binance US,Coinbase Pro
2954,01-14-2021_10-31-40,ZEC/USD,25.0,113.16,112.63,0.11709084482149196,-0.03290915517850804,0.15,False,Binance US,Coinbase Pro
2955,01-14-2021_10-31-49,ZEC/USD,25.0,113.16,112.6,0.12371862849063324,-0.026281371509366755,0.15,False,Binance US,Coinbase Pro
2956,01-14-2021_10-31-59,ZEC/USD,25.0,112.68,112.54,0.031061412850550352,-0.15393858714944963,0.185,False,Kraken,Coinbase Pro
2957,01-14-2021_10-32-10,ZEC/USD,25.0,112.61,112.42,0.042180978598702984,-0.139819021401297,0.182,False,Bittrex,Coinbase Pro
2958,01-14-2021_10-32-20,ZEC/USD,25.0,112.54,112.43,0.024435756175581885,-0.1605642438244181,0.185,False,Coinbase Pro,Kraken
2959,01-14-2021_10-32-30,ZEC/USD,25.0,112.522,112.38,0.0315493858978711,-0.1504506141021289,0.182,False,Bittrex,Coinbase Pro
2960,01-14-2021_10-32-41,ZEC/USD,25.0,112.5,112.36,0.031111111111111235,-0.10888888888888876,0.13999999999999999,False,Binance US,Coinbase Pro
2961,01-14-2021_10-32-51,ZEC/USD,25.0,112.47,112.33,0.03111940962034333,-0.11888059037965666,0.15,False,Binance US,Coinbase Pro
2962,01-14-2021_10-33-01,ZEC/USD,25.0,112.48,112.33,0.03333926031294578,-0.1166607396870542,0.15,False,Binance US,Coinbase Pro
2963,01-14-2021_10-33-10,ZEC/USD,25.0,112.528,112.39,0.030659035973270035,-0.15134096402672997,0.182,False,Bittrex,Coinbase Pro
2964,01-14-2021_10-33-21,ZEC/USD,25.0,112.484,112.37,0.025336936808788384,-0.15666306319121162,0.182,False,Bittrex,Coinbase Pro
2965,01-14-2021_10-33-31,ZEC/USD,25.0,112.392,112.32,0.016015374759769985,-0.16598462524023,0.182,False,Bittrex,Coinbase Pro
2966,01-14-2021_10-33-42,ZEC/USD,25.0,112.45,112.31,0.031124944419742232,-0.15387505558025777,0.185,False,Kraken,Coinbase Pro
2967,01-14-2021_10-33-52,ZEC/USD,25.0,112.372,112.31,0.013793471683336955,-0.16820652831666305,0.182,False,Bittrex,Coinbase Pro
2968,01-14-2021_10-34-03,ZEC/USD,25.0,112.51,112.45,0.013332148253489082,-0.16866785174651092,0.182,False,Bittrex,Coinbase Pro
2969,01-14-2021_10-34-13,ZEC/USD,25.0,112.61,112.5,0.024420566557144,-0.070579433442856,0.095,False,Binance US,Kraken
2970,01-14-2021_10-34-23,ZEC/USD,25.0,112.732,112.5,0.05144945534542085,-0.07555054465457915,0.127,False,Bittrex,Kraken
2971,01-14-2021_10-34-34,ZEC/USD,25.0,112.83,112.5,0.0731188513693163,-0.011881148630683708,0.085,False,Binance US,Kraken
2972,01-14-2021_10-34-44,ZEC/USD,25.0,112.649,112.5,0.03306731528908399,-0.09393268471091601,0.127,False,Bittrex,Kraken
2973,01-14-2021_10-34-55,ZEC/USD,25.0,112.73,112.5,0.05100683047990862,-0.04399316952009138,0.095,False,Binance US,Kraken
2974,01-14-2021_10-35-05,ZEC/USD,25.0,112.73,112.5,0.05100683047990862,-0.04399316952009138,0.095,False,Binance US,Kraken
2975,01-14-2021_10-35-16,ZEC/USD,25.0,112.73,112.5,0.05100683047990862,-0.04399316952009138,0.095,False,Binance US,Kraken
2976,01-14-2021_10-35-24,ZEC/USD,25.0,112.73,112.5,0.05100683047990862,-0.04399316952009138,0.095,False,Binance US,Kraken
2977,01-14-2021_10-35-34,ZEC/USD,25.0,112.73,112.5,0.05100683047990862,-0.04399316952009138,0.095,False,Binance US,Kraken
2978,01-14-2021_10-35-44,ZEC/USD,25.0,112.7,112.5,0.044365572315883506,-0.050634427684116495,0.095,False,Binance US,Kraken
2979,01-14-2021_10-35-54,ZEC/USD,25.0,112.5,112.4,0.022222222222220957,-0.16277777777777905,0.185,False,Kraken,Coinbase Pro
2980,01-14-2021_10-36-05,ZEC/USD,25.0,112.56,112.5,0.013326226012793683,-0.08167377398720632,0.095,False,Binance US,Kraken
2981,01-14-2021_10-36-14,ZEC/USD,25.0,112.84,112.5,0.07532789790854383,-0.019672102091456173,0.095,False,Binance US,Kraken
2982,01-14-2021_10-36-24,ZEC/USD,25.0,112.743,112.5,0.05388361139937624,-0.07311638860062376,0.127,False,Bittrex,Kraken
2983,01-14-2021_10-36-34,ZEC/USD,25.0,112.71,112.5,0.04657971785999329,-0.04842028214000671,0.095,False,Binance US,Kraken
2984,01-14-2021_10-36-43,ZEC/USD,25.0,112.59,112.5,0.019984012789768944,-0.10701598721023106,0.127,False,Bittrex,Kraken
2985,01-14-2021_10-36-54,ZEC/USD,25.0,112.54,112.44,0.022214323795985542,-0.12778567620401446,0.15,False,Binance US,Coinbase Pro
2986,01-14-2021_10-37-04,ZEC/USD,25.0,112.44,112.34,0.02223408039843346,-0.12776591960156652,0.15,False,Binance US,Coinbase Pro
2987,01-14-2021_10-37-14,ZEC/USD,25.0,112.44,112.34,0.02223408039843346,-0.12776591960156652,0.15,False,Binance US,Coinbase Pro
2988,01-14-2021_10-37-22,ZEC/USD,25.0,112.44,112.34,0.02223408039843346,-0.12776591960156652,0.15,False,Binance US,Coinbase Pro
2989,01-14-2021_10-37-31,ZEC/USD,25.0,112.53,112.41,0.026659557451347318,-0.12334044254865267,0.15,False,Binance US,Coinbase Pro
2990,01-14-2021_10-37-41,ZEC/USD,25.0,112.53,112.44,0.01999466808851049,-0.1300053319114895,0.15,False,Binance US,Coinbase Pro
2991,01-14-2021_10-37-51,ZEC/USD,25.0,112.49,112.39,0.022224197706461533,-0.12777580229353847,0.15,False,Binance US,Coinbase Pro
2992,01-14-2021_10-38-01,ZEC/USD,25.0,112.408,112.33,0.017347519749484678,-0.16465248025051532,0.182,False,Bittrex,Coinbase Pro
2993,01-14-2021_10-38-11,ZEC/USD,25.0,112.41,112.33,0.017792011386886908,-0.1092079886131131,0.127,False,Bittrex,Kraken
2994,01-14-2021_10-38-22,ZEC/USD,25.0,112.3,112.23,0.01558325912733597,-0.16941674087266403,0.185,False,Kraken,Coinbase Pro
2995,01-14-2021_10-38-32,ZEC/USD,25.0,112.33,112.22,0.024481438618356503,-0.1605185613816435,0.185,False,Kraken,Coinbase Pro
2996,01-14-2021_10-38-41,ZEC/USD,25.0,112.284,112.26,0.005343593031954889,-0.1766564069680451,0.182,False,Bittrex,Coinbase Pro
2997,01-14-2021_10-38-51,ZEC/USD,25.0,112.3,112.2,0.022261798753338006,-0.162738201246662,0.185,False,Kraken,Coinbase Pro
2998,01-14-2021_10-39-02,ZEC/USD,25.0,112.32,112.28,0.008903133903132132,-0.05631686609686787,0.06522,False,Kraken,Binance US
2999,01-14-2021_10-39-11,ZEC/USD,25.0,112.35,112.25,0.02225189141076865,-0.16274810858923133,0.185,False,Kraken,Coinbase Pro
3000,01-14-2021_10-39-20,ZEC/USD,25.0,112.42,112.36,0.013342821562000149,-0.04887717843799985,0.06222,False,Bittrex,Binance US
3001,01-14-2021_10-39-30,ZEC/USD,25.0,112.424,112.33,0.020903010033446662,-0.16109698996655333,0.182,False,Bittrex,Coinbase Pro
3002,01-14-2021_10-39-39,ZEC/USD,25.0,112.4,112.33,0.015569395017795236,-0.13443060498220477,0.15,False,Binance US,Coinbase Pro
3003,01-14-2021_10-39-48,ZEC/USD,25.0,112.4,112.34,0.013345195729537872,-0.13665480427046212,0.15,False,Binance US,Coinbase Pro
3004,01-14-2021_10-39-57,ZEC/USD,25.0,112.37,112.27,0.02224793094242425,-0.11775206905757574,0.13999999999999999,False,Binance US,Coinbase Pro
3005,01-14-2021_10-40-08,ZEC/USD,25.0,112.29,112.23,0.013358268768368126,-0.17164173123163187,0.185,False,Kraken,Coinbase Pro
3006,01-14-2021_10-40-18,ZEC/USD,25.0,112.269,112.15,0.026498855427589042,-0.15550114457241096,0.182,False,Bittrex,Coinbase Pro
3007,01-14-2021_10-40-30,ZEC/USD,25.0,112.22,112.13,0.020049901978257754,-0.04217009802174224,0.06222,False,Bittrex,Binance US
3008,01-14-2021_10-40-41,ZEC/USD,25.0,112.22,112.14,0.017822135091783615,-0.16417786490821637,0.182,False,Bittrex,Coinbase Pro
3009,01-14-2021_10-40-51,ZEC/USD,25.0,112.22,112.14,0.017822135091783615,-0.16717786490821637,0.185,False,Kraken,Coinbase Pro
3010,01-14-2021_10-41-01,ZEC/USD,25.0,112.22,112.1,0.026733202637677006,-0.155266797362323,0.182,False,Bittrex,Coinbase Pro
3011,01-14-2021_10-41-12,ZEC/USD,25.0,112.258,112.18,0.017370699638330617,-0.16462930036166937,0.182,False,Bittrex,Coinbase Pro
3012,01-14-2021_10-41-22,ZEC/USD,25.0,112.254,112.16,0.02093466602526598,-0.16106533397473402,0.182,False,Bittrex,Coinbase Pro
3013,01-14-2021_10-41-31,ZEC/USD,25.0,112.365,112.25,0.02558625906643414,-0.10141374093356587,0.127,False,Bittrex,Kraken
3014,01-14-2021_10-41-41,ZEC/USD,25.0,112.37,112.25,0.026697517130907837,-0.05830248286909217,0.085,False,Binance US,Kraken
3015,01-14-2021_10-41-51,ZEC/USD,25.0,112.37,112.25,0.026697517130907837,-0.05830248286909217,0.085,False,Binance US,Kraken
3016,01-14-2021_10-42-00,ZEC/USD,25.0,112.37,112.25,0.026697517130907837,-0.05830248286909217,0.085,False,Binance US,Kraken
3017,01-14-2021_10-42-11,ZEC/USD,25.0,112.37,112.25,0.026697517130907837,-0.05830248286909217,0.085,False,Binance US,Kraken
3018,01-14-2021_10-42-22,ZEC/USD,25.0,112.37,112.25,0.026697517130907837,-0.05830248286909217,0.085,False,Binance US,Kraken
3019,01-14-2021_10-42-31,ZEC/USD,25.0,112.37,112.25,0.026697517130907837,-0.05830248286909217,0.085,False,Binance US,Kraken
3020,01-14-2021_10-42-42,ZEC/USD,25.0,112.23,112.12,0.024503252249843944,-0.11549674775015605,0.13999999999999999,False,Binance US,Coinbase Pro
3021,01-14-2021_10-42-52,ZEC/USD,25.0,112.23,112.12,0.024503252249843944,-0.16049674775015604,0.185,False,Kraken,Coinbase Pro
3022,01-14-2021_10-43-02,ZEC/USD,25.0,112.232,112.19,0.0093556205003924,-0.1726443794996076,0.182,False,Bittrex,Coinbase Pro
3023,01-14-2021_10-43-12,ZEC/USD,25.0,112.3,112.12,0.04007123775600904,-0.14192876224399095,0.182,False,Bittrex,Coinbase Pro
3024,01-14-2021_10-43-22,ZEC/USD,25.0,112.24,112.163,0.017150748396293252,-0.10984925160370675,0.127,False,Kraken,Bittrex
3025,01-14-2021_10-43-33,ZEC/USD,25.0,112.31,112.14,0.03784168818448974,-0.11215831181551025,0.15,False,Binance US,Coinbase Pro
3026,01-14-2021_10-43-45,ZEC/USD,25.0,112.22,112.15,0.015594368205309475,-0.12440563179469051,0.13999999999999999,False,Binance US,Coinbase Pro
3027,01-14-2021_10-43-56,ZEC/USD,25.0,112.22,112.14,0.017822135091783615,-0.12217786490821637,0.13999999999999999,False,Binance US,Coinbase Pro
3028,01-14-2021_10-44-07,ZEC/USD,25.0,112.22,112.14,0.017822135091783615,-0.12217786490821637,0.13999999999999999,False,Binance US,Coinbase Pro
3029,01-14-2021_10-44-17,ZEC/USD,25.0,112.22,112.13,0.020049901978257754,-0.11995009802174222,0.13999999999999999,False,Binance US,Coinbase Pro
3030,01-14-2021_10-44-27,ZEC/USD,25.0,112.188,112.08,0.024066745106429404,-0.1579332548935706,0.182,False,Bittrex,Coinbase Pro
3031,01-14-2021_10-44-38,ZEC/USD,25.0,112.196,112.12,0.016934650076650105,-0.1650653499233499,0.182,False,Bittrex,Coinbase Pro
3032,01-14-2021_10-44-50,ZEC/USD,25.0,112.22,112.12,0.022277668864728727,-0.16272233113527126,0.185,False,Kraken,Coinbase Pro
3033,01-14-2021_10-45-00,ZEC/USD,25.0,112.22,112.12,0.022277668864728727,-0.06272233113527129,0.085,False,Binance US,Kraken
3034,01-14-2021_10-45-11,ZEC/USD,25.0,112.2,112.13,0.015597147950090772,-0.16940285204990924,0.185,False,Kraken,Coinbase Pro
3035,01-14-2021_10-45-22,ZEC/USD,25.0,112.775,112.18,0.13189980048769648,-0.05010019951230352,0.182,False,Bittrex,Coinbase Pro
3036,01-14-2021_10-45-32,ZEC/USD,25.0,112.4,112.25,0.033362989323844676,-0.061637010676155325,0.095,False,Binance US,Kraken
3037,01-14-2021_10-45-43,ZEC/USD,25.0,112.374,112.25,0.027586452382222584,-0.09941354761777742,0.127,False,Bittrex,Kraken
3038,01-14-2021_10-45-53,ZEC/USD,25.0,112.374,112.25,0.027586452382222584,-0.09941354761777742,0.127,False,Bittrex,Kraken
3039,01-14-2021_10-46-03,ZEC/USD,25.0,112.374,112.25,0.027586452382222584,-0.09941354761777742,0.127,False,Bittrex,Kraken
3040,01-14-2021_10-46-14,ZEC/USD,25.0,112.489,112.25,0.05311630470534993,-0.07388369529465008,0.127,False,Bittrex,Kraken
3041,01-14-2021_10-46-24,ZEC/USD,25.0,112.578,112.38,0.043969514469969155,-0.08303048553003084,0.127,False,Bittrex,Kraken
3042,01-14-2021_10-46-35,ZEC/USD,25.0,112.715,112.47,0.054340593532361384,-0.07265940646763862,0.127,False,Bittrex,Kraken
3043,01-14-2021_10-46-45,ZEC/USD,25.0,112.75,112.65,0.022172949002216037,-0.07282705099778397,0.095,False,Binance US,Kraken
3044,01-14-2021_10-46-55,ZEC/USD,25.0,113.196,112.65,0.12058729990458855,-0.00641270009541145,0.127,False,Bittrex,Kraken
3045,01-14-2021_10-47-05,ZEC/USD,25.0,112.9,112.65,0.05535872453498671,-0.03964127546501329,0.095,False,Binance US,Kraken
3046,01-14-2021_10-47-16,ZEC/USD,25.0,112.81,112.65,0.035457849481428196,-0.059542150518571806,0.095,False,Binance US,Kraken
3047,01-14-2021_10-47-27,ZEC/USD,25.0,112.81,112.65,0.035457849481428196,-0.059542150518571806,0.095,False,Binance US,Kraken
3048,01-14-2021_10-47-37,ZEC/USD,25.0,113.06,112.65,0.09065982664072099,-0.004340173359279012,0.095,False,Binance US,Kraken
3049,01-14-2021_10-47-48,ZEC/USD,25.0,113.29,113.18,0.024273987112719442,-0.11572601288728054,0.13999999999999999,False,Binance US,Coinbase Pro
3050,01-14-2021_10-47-58,ZEC/USD,25.0,113.25,113.17,0.017660044150109997,-0.13233995584989,0.15,False,Binance US,Coinbase Pro
3051,01-14-2021_10-48-09,ZEC/USD,25.0,113.23,113.19,0.00883158173629035,-0.17616841826370966,0.185,False,Kraken,Coinbase Pro
3052,01-14-2021_10-48-19,ZEC/USD,25.0,113.31,113.2,0.024269702585826367,-0.06773029741417363,0.092,False,Binance US,Bittrex
3053,01-14-2021_10-48-29,ZEC/USD,25.0,113.45,113.2,0.05509034817100044,-0.03690965182899956,0.092,False,Binance US,Bittrex
3054,01-14-2021_10-48-39,ZEC/USD,25.0,113.51,113.2,0.06827592282618322,-0.023724077173816777,0.092,False,Binance US,Bittrex
3055,01-14-2021_10-48-50,ZEC/USD,25.0,113.51,113.2,0.06827592282618322,-0.023724077173816777,0.092,False,Binance US,Bittrex
3056,01-14-2021_10-49-00,ZEC/USD,25.0,113.51,113.2,0.06827592282618322,-0.023724077173816777,0.092,False,Binance US,Bittrex
3057,01-14-2021_10-49-11,ZEC/USD,25.0,113.59,113.2,0.08583502068844101,-0.006164979311558988,0.092,False,Binance US,Bittrex
3058,01-14-2021_10-49-20,ZEC/USD,25.0,113.59,113.2,0.08583502068844101,-0.006164979311558988,0.092,False,Binance US,Bittrex
3059,01-14-2021_10-49-29,ZEC/USD,25.0,113.59,113.2,0.08583502068844101,-0.006164979311558988,0.092,False,Binance US,Bittrex
3060,01-14-2021_10-49-40,ZEC/USD,25.0,113.61,113.2,0.09022093125605066,-0.0017790687439493413,0.092,False,Binance US,Bittrex
3061,01-14-2021_10-49-50,ZEC/USD,25.0,113.59,113.2,0.08583502068844101,-0.006164979311558988,0.092,False,Binance US,Bittrex
3062,01-14-2021_10-50-01,ZEC/USD,25.0,113.61,113.2,0.09022093125605066,-0.0017790687439493413,0.092,False,Binance US,Bittrex
3063,01-14-2021_10-50-10,ZEC/USD,25.0,113.61,113.2,0.09022093125605066,-0.0017790687439493413,0.092,False,Binance US,Bittrex
3064,01-14-2021_10-50-20,ZEC/USD,25.0,113.61,113.2,0.09022093125605066,-0.0017790687439493413,0.092,False,Binance US,Bittrex
3065,01-14-2021_10-50-31,ZEC/USD,25.0,113.59,113.2,0.08583502068844101,-0.006164979311558988,0.092,False,Binance US,Bittrex
3066,01-14-2021_10-50-40,ZEC/USD,25.0,113.59,113.2,0.08583502068844101,-0.006164979311558988,0.092,False,Binance US,Bittrex
3067,01-14-2021_10-50-49,ZEC/USD,25.0,113.59,113.2,0.08583502068844101,-0.09616497931155898,0.182,False,Coinbase Pro,Bittrex
3068,01-14-2021_10-50-59,ZEC/USD,25.0,113.59,113.2,0.08583502068844101,-0.006164979311558988,0.092,False,Binance US,Bittrex
3069,01-14-2021_10-51-09,ZEC/USD,25.0,113.61,113.2,0.09022093125605066,-0.0017790687439493413,0.092,False,Binance US,Bittrex
3070,01-14-2021_10-51-20,ZEC/USD,25.0,113.47,113.2,0.059487089098439236,-0.06751291090156077,0.127,False,Kraken,Bittrex
3071,01-14-2021_10-51-30,ZEC/USD,25.0,113.35,113.04,0.0683722981914398,-0.08162770180856019,0.15,False,Binance US,Coinbase Pro
3072,01-14-2021_10-51-40,ZEC/USD,25.0,113.06,112.75,0.06854767380152182,-0.08145232619847817,0.15,False,Binance US,Coinbase Pro
3073,01-14-2021_10-51-50,ZEC/USD,25.0,113.06,112.81,0.05528038209800106,-0.09471961790199893,0.15,False,Binance US,Coinbase Pro
3074,01-14-2021_10-52-00,ZEC/USD,25.0,113.08,112.925,0.034267775026530146,-0.05773222497346985,0.092,False,Binance US,Bittrex
3075,01-14-2021_10-52-10,ZEC/USD,25.0,113.26,113.09,0.03752428041674062,-0.02769571958325938,0.06522,False,Kraken,Binance US
3076,01-14-2021_10-52-19,ZEC/USD,25.0,113.22,113.12,0.022080904433844355,-0.16291909556615564,0.185,False,Kraken,Coinbase Pro
3077,01-14-2021_10-52-29,ZEC/USD,25.0,113.21,113.11,0.022082854871476532,-0.12791714512852345,0.15,False,Binance US,Coinbase Pro
3078,01-14-2021_10-52-40,ZEC/USD,25.0,113.2,113.09,0.024293286219081146,-0.15770671378091886,0.182,False,Bittrex,Coinbase Pro
3079,01-14-2021_10-52-50,ZEC/USD,25.0,113.157,113.04,0.025849041597070934,-0.15615095840292906,0.182,False,Bittrex,Coinbase Pro
3080,01-14-2021_10-53-00,ZEC/USD,25.0,113.11,113.03,0.01768190257271645,-0.13231809742728354,0.15,False,Binance US,Coinbase Pro
3081,01-14-2021_10-53-11,ZEC/USD,25.0,113.12,113.04,0.017680339462517302,-0.1673196605374827,0.185,False,Kraken,Coinbase Pro
3082,01-14-2021_10-53-21,ZEC/USD,25.0,113.34,113.2,0.030880536439033122,-0.05111946356096688,0.082,False,Binance US,Bittrex
3083,01-14-2021_10-53-30,ZEC/USD,25.0,113.39,113.2,0.041890819296233735,-0.08510918070376627,0.127,False,Kraken,Bittrex
3084,01-14-2021_10-53-40,ZEC/USD,25.0,113.34,113.2,0.030880536439033122,-0.05111946356096688,0.082,False,Binance US,Bittrex
3085,01-14-2021_10-53-51,ZEC/USD,25.0,113.41,113.2,0.046292214090466834,-0.08070778590953318,0.127,False,Kraken,Bittrex
3086,01-14-2021_10-54-01,ZEC/USD,25.0,113.34,113.2,0.030880536439033122,-0.05111946356096688,0.082,False,Binance US,Bittrex
3087,01-14-2021_10-54-11,ZEC/USD,25.0,113.48,113.2,0.06168487839266856,-0.06531512160733144,0.127,False,Kraken,Bittrex
3088,01-14-2021_10-54-21,ZEC/USD,25.0,113.566,113.37,0.04314671644682342,-0.13885328355317658,0.182,False,Bittrex,Coinbase Pro
3089,01-14-2021_10-54-30,ZEC/USD,25.0,113.569,113.48,0.01959161390872479,-0.1074083860912752,0.127,False,Bittrex,Kraken
3090,01-14-2021_10-54-41,ZEC/USD,25.0,113.651,113.48,0.03761515516801266,-0.08938484483198735,0.127,False,Bittrex,Kraken
3091,01-14-2021_10-54-51,ZEC/USD,25.0,113.646,113.48,0.036516903366593814,-0.09048309663340619,0.127,False,Bittrex,Kraken
3092,01-14-2021_10-55-01,ZEC/USD,25.0,113.698,113.48,0.047934000598073255,-0.07906599940192674,0.127,False,Bittrex,Kraken
3093,01-14-2021_10-55-11,ZEC/USD,25.0,113.696,113.48,0.04749507458485654,-0.07950492541514345,0.127,False,Bittrex,Kraken
3094,01-14-2021_10-55-20,ZEC/USD,25.0,113.698,113.48,0.047934000598073255,-0.07906599940192674,0.127,False,Bittrex,Kraken
3095,01-14-2021_10-55-31,ZEC/USD,25.0,113.851,113.68,0.03754907730278879,-0.08945092269721122,0.127,False,Bittrex,Kraken
3096,01-14-2021_10-55-41,ZEC/USD,25.0,113.8,113.68,0.02636203866432125,-0.06863796133567875,0.095,False,Binance US,Kraken
3097,01-14-2021_10-55-52,ZEC/USD,25.0,113.66,113.6,0.01319725497096654,-0.13680274502903345,0.15,False,Binance US,Coinbase Pro
3098,01-14-2021_10-56-02,ZEC/USD,25.0,113.59,113.5,0.019808081697333262,-0.16519191830266675,0.185,False,Kraken,Coinbase Pro
3099,01-14-2021_10-56-12,ZEC/USD,25.0,113.8,113.64,0.03514938488576375,-0.11485061511423625,0.15,False,Binance US,Coinbase Pro
3100,01-14-2021_10-56-23,ZEC/USD,25.0,113.54,113.43,0.024220539017086363,-0.12577946098291362,0.15,False,Binance US,Coinbase Pro
3101,01-14-2021_10-56-33,ZEC/USD,25.0,113.43,113.3,0.028652032090278067,-0.15634796790972194,0.185,False,Kraken,Coinbase Pro
3102,01-14-2021_10-56-43,ZEC/USD,25.0,113.54,113.4,0.03082614056720111,-0.11917385943279889,0.15,False,Binance US,Coinbase Pro
3103,01-14-2021_10-56-53,ZEC/USD,25.0,113.574,113.52,0.011886523324000663,-0.17011347667599933,0.182,False,Bittrex,Coinbase Pro
3104,01-14-2021_10-57-03,ZEC/USD,25.0,113.56,113.5,0.013208876364917724,-0.05201112363508228,0.06522,False,Kraken,Binance US
3105,01-14-2021_10-57-13,ZEC/USD,25.0,113.65,113.52,0.02859656841179271,-0.12140343158820728,0.15,False,Binance US,Coinbase Pro
3106,01-14-2021_10-57-23,ZEC/USD,25.0,113.456,113.38,0.016746580172050753,-0.16525341982794925,0.182,False,Bittrex,Coinbase Pro
3107,01-14-2021_10-57-32,ZEC/USD,25.0,113.978,113.41,0.12458544631420052,-0.05741455368579948,0.182,False,Bittrex,Coinbase Pro
3108,01-14-2021_10-57-42,ZEC/USD,25.0,113.625,113.53,0.020902090209020653,-0.16109790979097935,0.182,False,Bittrex,Coinbase Pro
3109,01-14-2021_10-57-54,ZEC/USD,25.0,114.455,113.93,0.11467388930147034,0.05245388930147034,0.06222,True,Bittrex,Binance US
3110,01-14-2021_10-58-05,ZEC/USD,25.0,114.31,113.93,0.08310733969031482,-0.03711266030968517,0.12022,False,Coinbase Pro,Binance US
3111,01-14-2021_10-58-16,ZEC/USD,25.0,114.781,113.96,0.17881879405128293,0.11659879405128293,0.06222,True,Bittrex,Binance US
3112,01-14-2021_10-58-26,ZEC/USD,25.0,114.84,113.96,0.19157088122605573,0.12635088122605573,0.06522,True,Kraken,Binance US
3113,01-14-2021_10-58-37,ZEC/USD,25.0,114.763,114.67,0.02025914275506991,-0.1617408572449301,0.182,False,Bittrex,Coinbase Pro
3114,01-14-2021_10-58-46,ZEC/USD,25.0,114.96,114.69,0.05871607515657534,-0.09128392484342465,0.15,False,Binance US,Coinbase Pro
3115,01-14-2021_10-58-58,ZEC/USD,25.0,114.94,114.65,0.06307638768052724,-0.08692361231947275,0.15,False,Binance US,Coinbase Pro
3116,01-14-2021_10-59-08,ZEC/USD,25.0,114.93,114.76,0.036979030714348236,-0.11302096928565175,0.15,False,Binance US,Coinbase Pro
3117,01-14-2021_10-59-17,ZEC/USD,25.0,114.897,114.76,0.02980930746668765,-0.15219069253331236,0.182,False,Bittrex,Coinbase Pro
3118,01-14-2021_10-59-26,ZEC/USD,25.0,114.85,114.64,0.04571179799738654,-0.10428820200261346,0.15,False,Binance US,Coinbase Pro
3119,01-14-2021_10-59-38,ZEC/USD,25.0,114.886,114.57,0.06876381804571544,-0.11323618195428456,0.182,False,Bittrex,Coinbase Pro
3120,01-14-2021_10-59-47,ZEC/USD,25.0,114.85,114.57,0.06094906399651744,-0.08905093600348254,0.15,False,Binance US,Coinbase Pro
3121,01-14-2021_10-59-58,ZEC/USD,25.0,115.415,114.66,0.16354026772949998,0.036540267729499976,0.127,True,Bittrex,Kraken
3122,01-14-2021_11-00-08,ZEC/USD,25.0,114.85,114.59,0.056595559425335416,-0.09340444057466457,0.15,False,Binance US,Coinbase Pro
3123,01-14-2021_11-00-17,ZEC/USD,25.0,114.85,114.52,0.07183282542446633,-0.07816717457553367,0.15,False,Binance US,Coinbase Pro
3124,01-14-2021_11-00-27,ZEC/USD,25.0,114.85,114.4,0.09795385285154302,-0.05204614714845697,0.15,False,Binance US,Coinbase Pro
3125,01-14-2021_11-00-38,ZEC/USD,25.0,114.85,114.22,0.1371353939921627,-0.012864606007837287,0.15,False,Binance US,Coinbase Pro
3126,01-14-2021_11-00-47,ZEC/USD,25.0,114.85,114.39,0.10013060513713404,-0.04986939486286596,0.15,False,Binance US,Coinbase Pro
3127,01-14-2021_11-00-57,ZEC/USD,25.0,115.062,114.53,0.11558985590377285,-0.011410144096227148,0.127,False,Bittrex,Kraken
3128,01-14-2021_11-01-06,ZEC/USD,25.0,114.85,114.63,0.04788855028297755,-0.04711144971702245,0.095,False,Binance US,Kraken
3129,01-14-2021_11-01-15,ZEC/USD,25.0,114.85,114.76,0.019590770570306747,-0.13040922942969324,0.15,False,Binance US,Coinbase Pro
3130,01-14-2021_11-01-26,ZEC/USD,25.0,114.85,114.74,0.023944275141488777,-0.12605572485851121,0.15,False,Binance US,Coinbase Pro
3131,01-14-2021_11-01-36,ZEC/USD,25.0,114.938,114.77,0.03654143973272685,-0.14545856026727313,0.182,False,Bittrex,Coinbase Pro
3132,01-14-2021_11-01-45,ZEC/USD,25.0,114.932,114.76,0.03741342706991896,-0.14458657293008104,0.182,False,Bittrex,Coinbase Pro
3133,01-14-2021_11-01-55,ZEC/USD,25.0,114.969,114.78,0.04109803512250976,-0.14090196487749024,0.182,False,Bittrex,Coinbase Pro
3134,01-14-2021_11-02-06,ZEC/USD,25.0,115.068,114.78,0.06257169673584244,-0.11942830326415756,0.182,False,Bittrex,Coinbase Pro
3135,01-14-2021_11-02-17,ZEC/USD,25.0,115.074,114.85,0.048664337730504666,-0.07833566226949534,0.127,False,Bittrex,Kraken
3136,01-14-2021_11-02-28,ZEC/USD,25.0,115.29,115.01,0.06071645415907735,-0.004503545840922649,0.06522,False,Kraken,Binance US
3137,01-14-2021_11-02-38,ZEC/USD,25.0,115.406,115.01,0.08578410134655061,0.02356410134655061,0.06222,True,Bittrex,Binance US
3138,01-14-2021_11-02-50,ZEC/USD,25.0,115.545,115.01,0.11575576615171504,0.05353576615171504,0.06222,True,Bittrex,Binance US
3139,01-14-2021_11-03-00,ZEC/USD,25.0,115.55,115.01,0.11683254002596107,0.051612540025961065,0.06522,True,Kraken,Binance US
3140,01-14-2021_11-03-10,ZEC/USD,25.0,115.34,115.01,0.07152765736084582,0.00630765736084582,0.06522,False,Kraken,Binance US
3141,01-14-2021_11-03-20,ZEC/USD,25.0,115.565,115.01,0.12006230260026665,0.057842302600266654,0.06222,True,Bittrex,Binance US
3142,01-14-2021_11-03-31,ZEC/USD,25.0,115.404,115.01,0.08535232747564886,0.02313232747564886,0.06222,True,Bittrex,Binance US
3143,01-14-2021_11-03-41,ZEC/USD,25.0,115.498,115.01,0.10562953471055765,0.043409534710557654,0.06222,True,Bittrex,Binance US
3144,01-14-2021_11-03-51,ZEC/USD,25.0,115.63,115.01,0.13404825737265208,0.07182825737265208,0.06222,True,Bittrex,Binance US
3145,01-14-2021_11-04-02,ZEC/USD,25.0,115.562,115.01,0.119416417161349,0.057196417161349,0.06222,True,Bittrex,Binance US
3146,01-14-2021_11-04-12,ZEC/USD,25.0,115.563,115.01,0.119631716033678,0.057411716033678006,0.06222,True,Bittrex,Binance US
3147,01-14-2021_11-04-22,ZEC/USD,25.0,115.591,115.01,0.1256585720341525,0.06343857203415251,0.06222,True,Bittrex,Binance US
3148,01-14-2021_11-04-33,ZEC/USD,25.0,115.702,115.01,0.14952204801991173,0.08730204801991173,0.06222,True,Bittrex,Binance US
3149,01-14-2021_11-04-44,ZEC/USD,25.0,115.774,115.01,0.16497659232642817,0.10275659232642817,0.06222,True,Bittrex,Binance US
3150,01-14-2021_11-04-54,ZEC/USD,25.0,115.774,115.2,0.12394838219289264,0.061728382192892645,0.06222,True,Bittrex,Binance US
3151,01-14-2021_11-05-03,ZEC/USD,25.0,115.859,115.2,0.14219870704908377,0.07997870704908377,0.06222,True,Bittrex,Binance US
3152,01-14-2021_11-05-13,ZEC/USD,25.0,115.854,115.2,0.14112589983945234,0.07890589983945234,0.06222,True,Bittrex,Binance US
3153,01-14-2021_11-05-24,ZEC/USD,25.0,115.718,115.2,0.11190998807445701,0.049689988074457014,0.06222,True,Bittrex,Binance US
3154,01-14-2021_11-05-33,ZEC/USD,25.0,115.784,115.2,0.12609687003385683,0.06387687003385684,0.06222,True,Bittrex,Binance US
3155,01-14-2021_11-05-44,ZEC/USD,25.0,115.784,115.2,0.12609687003385683,0.06387687003385684,0.06222,True,Bittrex,Binance US
3156,01-14-2021_11-05-54,ZEC/USD,25.0,115.786,115.2,0.12652652306841902,0.06430652306841902,0.06222,True,Bittrex,Binance US
3157,01-14-2021_11-06-03,ZEC/USD,25.0,115.786,115.2,0.12652652306841902,0.06430652306841902,0.06222,True,Bittrex,Binance US
3158,01-14-2021_11-06-13,ZEC/USD,25.0,115.665,115.2,0.10050577097652777,0.03828577097652777,0.06222,True,Bittrex,Binance US
3159,01-14-2021_11-06-24,ZEC/USD,25.0,115.562,115.2,0.07831294023987011,0.01609294023987011,0.06222,True,Bittrex,Binance US
3160,01-14-2021_11-06-35,ZEC/USD,25.0,115.554,115.2,0.07658756944805009,0.014367569448050094,0.06222,True,Bittrex,Binance US
3161,01-14-2021_11-06-45,ZEC/USD,25.0,115.68,115.2,0.10373443983402575,0.04151443983402575,0.06222,True,Bittrex,Binance US
3162,01-14-2021_11-06-55,ZEC/USD,25.0,115.634,115.2,0.0938305342719264,0.03161053427192641,0.06222,True,Bittrex,Binance US
3163,01-14-2021_11-07-05,ZEC/USD,25.0,115.628,115.2,0.09253813955097323,0.030318139550973233,0.06222,True,Bittrex,Binance US
3164,01-14-2021_11-07-16,ZEC/USD,25.0,115.775,115.2,0.12416324767868771,0.06194324767868771,0.06222,True,Bittrex,Binance US
3165,01-14-2021_11-07-26,ZEC/USD,25.0,115.755,115.2,0.11986523260334168,0.05764523260334169,0.06222,True,Bittrex,Binance US
3166,01-14-2021_11-07-36,ZEC/USD,25.0,115.755,115.2,0.11986523260334168,0.05764523260334169,0.06222,True,Bittrex,Binance US
3167,01-14-2021_11-07-47,ZEC/USD,25.0,115.811,115.2,0.13189593389229093,0.06967593389229093,0.06222,True,Bittrex,Binance US
3168,01-14-2021_11-07-57,ZEC/USD,25.0,115.81,115.2,0.13168120196874178,0.06946120196874178,0.06222,True,Bittrex,Binance US
3169,01-14-2021_11-08-06,ZEC/USD,25.0,115.751,115.2,0.11900545135679215,0.05678545135679215,0.06222,True,Bittrex,Binance US
3170,01-14-2021_11-08-17,ZEC/USD,25.0,115.9,115.57,0.07118205349439441,-0.05581794650560559,0.127,False,Bittrex,Kraken
3171,01-14-2021_11-08-27,ZEC/USD,25.0,116.02,115.57,0.0969660403378734,-0.030033959662126603,0.127,False,Bittrex,Kraken
3172,01-14-2021_11-08-37,ZEC/USD,25.0,115.918,115.57,0.07505305474559887,-0.05194694525440113,0.127,False,Bittrex,Kraken
3173,01-14-2021_11-08-46,ZEC/USD,25.0,116.41,115.57,0.18039687312086664,-0.0016031268791333597,0.182,False,Bittrex,Coinbase Pro
3174,01-14-2021_11-08-57,ZEC/USD,25.0,115.64,115.57,0.015133171912834528,-0.16986682808716547,0.185,False,Coinbase Pro,Kraken
3175,01-14-2021_11-09-06,ZEC/USD,25.0,115.749,115.57,0.03866124113383313,-0.14333875886616687,0.182,False,Bittrex,Coinbase Pro
3176,01-14-2021_11-09-16,ZEC/USD,25.0,116.276,115.5,0.16684440469228307,0.039844404692283064,0.127,True,Bittrex,Kraken
3177,01-14-2021_11-09-26,ZEC/USD,25.0,115.629,115.53,0.021404664919700885,-0.10559533508029911,0.127,False,Bittrex,Kraken
3178,01-14-2021_11-09-34,ZEC/USD,25.0,115.476,115.17,0.06624753195469132,-0.11575246804530867,0.182,False,Bittrex,Coinbase Pro
3179,01-14-2021_11-09-43,ZEC/USD,25.0,115.18,114.92,0.05643340857787921,-0.1285665914221208,0.185,False,Kraken,Coinbase Pro
3180,01-14-2021_11-09-53,ZEC/USD,25.0,115.2,114.98,0.04774305555555531,-0.10225694444444469,0.15,False,Binance US,Coinbase Pro
3181,01-14-2021_11-10-02,ZEC/USD,25.0,115.135,114.95,0.0401702349415908,-0.1418297650584092,0.182,False,Bittrex,Coinbase Pro
3182,01-14-2021_11-10-11,ZEC/USD,25.0,115.06,114.97,0.019555014774900792,-0.1304449852250992,0.15,False,Binance US,Coinbase Pro
3183,01-14-2021_11-10-21,ZEC/USD,25.0,115.24,115.0,0.05206525511974898,-0.087934744880251,0.13999999999999999,False,Binance US,Coinbase Pro
3184,01-14-2021_11-10-31,ZEC/USD,25.0,115.57,115.25,0.06922211646620949,-0.0807778835337905,0.15,False,Binance US,Coinbase Pro
3185,01-14-2021_11-10-39,ZEC/USD,25.0,115.646,115.38,0.057503069712745214,-0.12449693028725478,0.182,False,Bittrex,Coinbase Pro
3186,01-14-2021_11-10-49,ZEC/USD,25.0,116.216,115.38,0.17983754388380227,-0.002162456116197725,0.182,False,Bittrex,Coinbase Pro
3187,01-14-2021_11-10-58,ZEC/USD,25.0,115.58,115.38,0.04326007959854708,-0.10673992040145291,0.15,False,Binance US,Coinbase Pro
3188,01-14-2021_11-11-07,ZEC/USD,25.0,115.67,115.5,0.03674245698971248,-0.1482575430102875,0.185,False,Kraken,Coinbase Pro
3189,01-14-2021_11-11-17,ZEC/USD,25.0,115.596,115.46,0.029412782449221835,-0.15258721755077817,0.182,False,Bittrex,Coinbase Pro
3190,01-14-2021_11-11-25,ZEC/USD,25.0,115.596,115.5,0.020761964081802926,-0.16123803591819708,0.182,False,Bittrex,Coinbase Pro
3191,01-14-2021_11-11-34,ZEC/USD,25.0,115.706,115.51,0.04234871138921015,-0.13965128861078985,0.182,False,Bittrex,Coinbase Pro
3192,01-14-2021_11-11-43,ZEC/USD,25.0,115.706,115.54,0.035866765768412356,-0.14613323423158764,0.182,False,Bittrex,Coinbase Pro
3193,01-14-2021_11-11-54,ZEC/USD,25.0,115.698,115.52,0.03846220332244232,-0.14353779667755767,0.182,False,Bittrex,Coinbase Pro
3194,01-14-2021_11-12-05,ZEC/USD,25.0,115.811,115.54,0.058500487863847296,-0.1234995121361527,0.182,False,Bittrex,Coinbase Pro
3195,01-14-2021_11-12-15,ZEC/USD,25.0,115.662,115.52,0.030692880980791037,-0.09630711901920896,0.127,False,Bittrex,Kraken
3196,01-14-2021_11-12-24,ZEC/USD,25.0,115.66,115.51,0.03242261801832775,-0.11757738198167225,0.15,False,Binance US,Coinbase Pro
3197,01-14-2021_11-12-34,ZEC/USD,25.0,115.65,115.37,0.060527453523562716,-0.08947254647643728,0.15,False,Binance US,Coinbase Pro
3198,01-14-2021_11-12-44,ZEC/USD,25.0,115.88,115.59,0.06256472212633588,-0.08743527787366412,0.15,False,Binance US,Coinbase Pro
3199,01-14-2021_11-12-53,ZEC/USD,25.0,116.001,115.63,0.07995620727407722,-0.04704379272592278,0.127,False,Bittrex,Kraken
3200,01-14-2021_11-13-04,ZEC/USD,25.0,116.137,115.79,0.07469626389522595,-0.052303736104774054,0.127,False,Bittrex,Kraken
3201,01-14-2021_11-13-13,ZEC/USD,25.0,116.167,115.92,0.05315623197637881,-0.12884376802362119,0.182,False,Bittrex,Coinbase Pro
3202,01-14-2021_11-13-22,ZEC/USD,25.0,116.381,116.0,0.08184325620161371,-0.04515674379838629,0.127,False,Bittrex,Kraken
3203,01-14-2021_11-13-31,ZEC/USD,25.0,116.375,116.05,0.06981740064446892,0.007597400644468927,0.06222,False,Bittrex,Binance US
3204,01-14-2021_11-13-40,ZEC/USD,25.0,116.603,116.05,0.11856470245190888,0.05634470245190888,0.06222,True,Bittrex,Binance US
3205,01-14-2021_11-13-51,ZEC/USD,25.0,116.52,116.05,0.10084105732921363,0.03862105732921363,0.06222,True,Bittrex,Binance US
3206,01-14-2021_11-14-00,ZEC/USD,25.0,116.897,116.05,0.18114237320034055,0.11892237320034055,0.06222,True,Bittrex,Binance US
3207,01-14-2021_11-14-08,ZEC/USD,25.0,116.897,116.05,0.18114237320034055,0.11892237320034055,0.06222,True,Bittrex,Binance US
3208,01-14-2021_11-14-17,ZEC/USD,25.0,116.892,116.05,0.18008075830681286,0.11786075830681286,0.06222,True,Bittrex,Binance US
3209,01-14-2021_11-14-28,ZEC/USD,25.0,116.701,116.05,0.13945895922057144,0.07723895922057145,0.06222,True,Bittrex,Binance US
3210,01-14-2021_11-14-38,ZEC/USD,25.0,116.657,116.05,0.13008220681142138,0.06786220681142138,0.06222,True,Bittrex,Binance US
3211,01-14-2021_11-14-48,ZEC/USD,25.0,116.729,116.05,0.14542230294100053,0.08320230294100053,0.06222,True,Bittrex,Binance US
3212,01-14-2021_11-14-58,ZEC/USD,25.0,116.651,116.05,0.12880301069000674,0.06658301069000674,0.06222,True,Bittrex,Binance US
3213,01-14-2021_11-15-10,ZEC/USD,25.0,116.866,116.05,0.17455889651395667,0.11233889651395668,0.06222,True,Bittrex,Binance US
3214,01-14-2021_11-15-20,ZEC/USD,25.0,116.809,116.05,0.16244467463979667,0.10022467463979667,0.06222,True,Bittrex,Binance US
3215,01-14-2021_11-15-30,ZEC/USD,25.0,116.892,116.05,0.18008075830681286,0.11786075830681286,0.06222,True,Bittrex,Binance US
3216,01-14-2021_11-15-39,ZEC/USD,25.0,116.887,116.05,0.17901905258925357,0.11679905258925358,0.06222,True,Bittrex,Binance US
3217,01-14-2021_11-15-49,ZEC/USD,25.0,116.903,116.05,0.18241619120125416,0.12019619120125416,0.06222,True,Bittrex,Binance US
3218,01-14-2021_11-15-58,ZEC/USD,25.0,116.943,116.05,0.19090497079773922,0.12868497079773922,0.06222,True,Bittrex,Binance US
3219,01-14-2021_11-16-08,ZEC/USD,25.0,116.743,116.05,0.1484029021011962,0.0861829021011962,0.06222,True,Bittrex,Binance US
3220,01-14-2021_11-16-18,ZEC/USD,25.0,116.76,116.05,0.15202124015073826,0.08680124015073826,0.06522,True,Kraken,Binance US
3221,01-14-2021_11-16-28,ZEC/USD,25.0,116.879,116.05,0.1773201344980723,0.1151001344980723,0.06222,True,Bittrex,Binance US
3222,01-14-2021_11-16-40,ZEC/USD,25.0,116.832,116.05,0.16733429197480068,0.10511429197480068,0.06222,True,Bittrex,Binance US
3223,01-14-2021_11-16-49,ZEC/USD,25.0,116.831,116.05,0.16712173994915858,0.10490173994915858,0.06222,True,Bittrex,Binance US
3224,01-14-2021_11-16-59,ZEC/USD,25.0,116.843,116.05,0.16967212413238414,0.10745212413238414,0.06222,True,Bittrex,Binance US
3225,01-14-2021_11-17-08,ZEC/USD,25.0,116.73,116.05,0.14563522659128048,0.08341522659128048,0.06222,True,Bittrex,Binance US
3226,01-14-2021_11-17-19,ZEC/USD,25.0,116.802,116.05,0.16095614801116623,0.09873614801116623,0.06222,True,Bittrex,Binance US
3227,01-14-2021_11-17-29,ZEC/USD,25.0,116.738,116.05,0.1473384844694963,0.0851184844694963,0.06222,True,Bittrex,Binance US
3228,01-14-2021_11-17-38,ZEC/USD,25.0,116.495,116.05,0.09549766084381463,0.03327766084381463,0.06222,True,Bittrex,Binance US
3229,01-14-2021_11-17-49,ZEC/USD,25.0,116.238,116.05,0.04043428138818682,-0.02178571861181318,0.06222,False,Bittrex,Binance US
3230,01-14-2021_11-17-59,ZEC/USD,25.0,116.4,116.05,0.07517182130584375,0.009951821305843753,0.06522,True,Kraken,Binance US
3231,01-14-2021_11-18-08,ZEC/USD,25.0,116.352,116.05,0.06488930143014446,0.0026693014301444606,0.06222,False,Bittrex,Binance US
3232,01-14-2021_11-18-18,ZEC/USD,25.0,116.28,116.05,0.049449604403165634,-0.015770395596834366,0.06522,False,Kraken,Binance US
3233,01-14-2021_11-18-28,ZEC/USD,25.0,116.265,116.05,0.04623059390186286,-0.015989406098137135,0.06222,False,Bittrex,Binance US
3234,01-14-2021_11-18-39,ZEC/USD,25.0,116.263,116.05,0.04580132974377232,-0.016418670256227674,0.06222,False,Bittrex,Binance US
3235,01-14-2021_11-18-48,ZEC/USD,25.0,116.171,116.01,0.03464720110871072,-0.14735279889128927,0.182,False,Bittrex,Coinbase Pro
3236,01-14-2021_11-18-59,ZEC/USD,25.0,116.094,115.96,0.02885592709356219,-0.1531440729064378,0.182,False,Bittrex,Coinbase Pro
3237,01-14-2021_11-19-08,ZEC/USD,25.0,116.036,115.81,0.04869178530800766,-0.13330821469199233,0.182,False,Bittrex,Coinbase Pro
3238,01-14-2021_11-19-18,ZEC/USD,25.0,115.97,115.65,0.06898335776493773,-0.11301664223506226,0.182,False,Bittrex,Coinbase Pro
3239,01-14-2021_11-19-28,ZEC/USD,25.0,115.61,115.42,0.041086411210102446,-0.14391358878989755,0.185,False,Kraken,Coinbase Pro
3240,01-14-2021_11-19-39,ZEC/USD,25.0,115.499,115.28,0.04740300781824823,-0.13459699218175175,0.182,False,Bittrex,Coinbase Pro
3241,01-14-2021_11-19-50,ZEC/USD,25.0,115.378,115.18,0.0429024597410237,-0.1390975402589763,0.182,False,Bittrex,Coinbase Pro
3242,01-14-2021_11-20-02,ZEC/USD,25.0,115.396,115.23,0.03596311830565982,-0.14603688169434018,0.182,False,Bittrex,Coinbase Pro
3243,01-14-2021_11-20-15,ZEC/USD,25.0,115.384,115.23,0.033366844623170536,-0.14863315537682947,0.182,False,Bittrex,Coinbase Pro
3244,01-14-2021_11-20-27,ZEC/USD,25.0,115.29,115.18,0.023852892705351597,-0.1611471072946484,0.185,False,Kraken,Coinbase Pro
3245,01-14-2021_11-20-40,ZEC/USD,25.0,115.16,114.97,0.04124696075026001,-0.14375303924973998,0.185,False,Kraken,Coinbase Pro
3246,01-14-2021_11-20-51,ZEC/USD,25.0,115.17,115.03,0.030389858470087818,-0.15461014152991218,0.185,False,Kraken,Coinbase Pro
3247,01-14-2021_11-21-01,ZEC/USD,25.0,115.174,115.04,0.029086425755813015,-0.15291357424418697,0.182,False,Bittrex,Coinbase Pro
3248,01-14-2021_11-21-12,ZEC/USD,25.0,115.679,115.04,0.13809766681938723,0.07587766681938724,0.06222,True,Bittrex,Binance US
3249,01-14-2021_11-21-23,ZEC/USD,25.0,115.085,114.99,0.02063692053699415,-0.16136307946300585,0.182,False,Bittrex,Coinbase Pro
3250,01-14-2021_11-21-35,ZEC/USD,25.0,115.108,114.98,0.027799979150015662,-0.09920002084998433,0.127,False,Bittrex,Kraken
3251,01-14-2021_11-21-48,ZEC/USD,25.0,115.03,114.94,0.019560114752673958,-0.12043988524732603,0.13999999999999999,False,Binance US,Coinbase Pro
3252,01-14-2021_11-22-00,ZEC/USD,25.0,115.308,115.24,0.014743122766853134,-0.047476877233146864,0.06222,False,Bittrex,Binance US
3253,01-14-2021_11-22-11,ZEC/USD,25.0,115.747,115.32,0.09222701236317285,-0.03477298763682715,0.127,False,Bittrex,Kraken
3254,01-14-2021_11-22-21,ZEC/USD,25.0,115.434,115.32,0.024689432922710017,-0.10231056707728999,0.127,False,Bittrex,Kraken
3255,01-14-2021_11-22-32,ZEC/USD,25.0,115.78,115.59,0.041026083952322885,-0.14397391604767712,0.185,False,Kraken,Coinbase Pro
3256,01-14-2021_11-22-45,ZEC/USD,25.0,115.62,115.37,0.054056391627746066,-0.09594360837225394,0.15,False,Binance US,Coinbase Pro
3257,01-14-2021_11-22-56,ZEC/USD,25.0,115.56,115.44,0.02596053997923255,-0.12403946002076745,0.15,False,Binance US,Coinbase Pro
3258,01-14-2021_11-23-08,ZEC/USD,25.0,115.5,115.39,0.023809523809523687,-0.1611904761904763,0.185,False,Kraken,Coinbase Pro
3259,01-14-2021_11-23-18,ZEC/USD,25.0,115.62,115.37,0.054056391627746066,-0.09594360837225394,0.15,False,Binance US,Coinbase Pro
3260,01-14-2021_11-23-30,ZEC/USD,25.0,116.381,115.58,0.17206416854984963,0.045064168549849626,0.127,True,Bittrex,Kraken
3261,01-14-2021_11-23-41,ZEC/USD,25.0,115.931,115.68,0.054127023833140095,-0.1278729761668599,0.182,False,Bittrex,Coinbase Pro
3262,01-14-2021_11-23-52,ZEC/USD,25.0,115.871,115.67,0.04336719282650392,-0.13863280717349608,0.182,False,Bittrex,Coinbase Pro
3263,01-14-2021_11-24-03,ZEC/USD,25.0,115.74,115.6,0.030240193537238762,-0.11975980646276123,0.15,False,Binance US,Coinbase Pro
3264,01-14-2021_11-24-13,ZEC/USD,25.0,115.64,115.39,0.05404704254583189,-0.08595295745416809,0.13999999999999999,False,Binance US,Coinbase Pro
3265,01-14-2021_11-24-22,ZEC/USD,25.0,115.43,115.26,0.03681885125184131,-0.11318114874815868,0.15,False,Binance US,Coinbase Pro
3266,01-14-2021_11-24-34,ZEC/USD,25.0,115.495,115.31,0.04004502359409547,-0.08695497640590452,0.127,False,Bittrex,Kraken
3267,01-14-2021_11-24-46,ZEC/USD,25.0,115.468,115.3,0.03637371392940173,-0.14562628607059827,0.182,False,Bittrex,Coinbase Pro
3268,01-14-2021_11-24-58,ZEC/USD,25.0,115.461,115.33,0.028364555997263195,-0.0338554440027368,0.06222,False,Bittrex,Binance US
3269,01-14-2021_11-25-08,ZEC/USD,25.0,115.37,115.18,0.04117188177169059,-0.1408281182283094,0.182,False,Bittrex,Coinbase Pro
3270,01-14-2021_11-25-19,ZEC/USD,25.0,115.283,115.17,0.024504913994257513,-0.15749508600574247,0.182,False,Bittrex,Coinbase Pro
3271,01-14-2021_11-25-31,ZEC/USD,25.0,115.21,115.13,0.017359604201023848,-0.16764039579897616,0.185,False,Kraken,Coinbase Pro
3272,01-14-2021_11-25-42,ZEC/USD,25.0,115.295,115.18,0.02493603365280257,-0.10206396634719743,0.127,False,Bittrex,Kraken
3273,01-14-2021_11-25-52,ZEC/USD,25.0,115.18,115.04,0.030387220003472947,-0.10961277999652703,0.13999999999999999,False,Binance US,Coinbase Pro
3274,01-14-2021_11-26-03,ZEC/USD,25.0,115.09,114.99,0.021722130506561934,-0.16327786949343806,0.185,False,Kraken,Coinbase Pro
3275,01-14-2021_11-26-14,ZEC/USD,25.0,115.217,115.12,0.02104724129251634,-0.10595275870748366,0.127,False,Bittrex,Kraken
3276,01-14-2021_11-26-26,ZEC/USD,25.0,115.216,115.06,0.03384946535203264,-0.14815053464796735,0.182,False,Bittrex,Coinbase Pro
3277,01-14-2021_11-26-38,ZEC/USD,25.0,115.04,114.94,0.021731571627261935,-0.16326842837273806,0.185,False,Kraken,Coinbase Pro
3278,01-14-2021_11-26-48,ZEC/USD,25.0,115.03,114.9,0.028253499087193656,-0.11174650091280633,0.13999999999999999,False,Binance US,Coinbase Pro
3279,01-14-2021_11-26-59,ZEC/USD,25.0,115.209,114.96,0.05403223706481469,-0.07296776293518531,0.127,False,Bittrex,Kraken
3280,01-14-2021_11-27-10,ZEC/USD,25.0,115.03,114.92,0.023906806919933805,-0.11609319308006619,0.13999999999999999,False,Binance US,Coinbase Pro
3281,01-14-2021_11-27-21,ZEC/USD,25.0,115.069,114.92,0.032371881219094824,-0.14962811878090518,0.182,False,Bittrex,Coinbase Pro
3282,01-14-2021_11-27-32,ZEC/USD,25.0,115.068,114.92,0.03215489971147411,-0.14984510028852588,0.182,False,Bittrex,Coinbase Pro
3283,01-14-2021_11-27-42,ZEC/USD,25.0,115.03,114.91,0.026080153003565275,-0.1139198469964347,0.13999999999999999,False,Binance US,Coinbase Pro
3284,01-14-2021_11-27-54,ZEC/USD,25.0,115.03,114.88,0.032600191254456595,-0.10739980874554339,0.13999999999999999,False,Binance US,Coinbase Pro
3285,01-14-2021_11-28-07,ZEC/USD,25.0,115.03,114.85,0.039120229505347916,-0.04587977049465209,0.085,False,Binance US,Kraken
3286,01-14-2021_11-28-18,ZEC/USD,25.0,115.03,114.69,0.07389376684343289,-0.06610623315656709,0.13999999999999999,False,Binance US,Coinbase Pro
3287,01-14-2021_11-28-29,ZEC/USD,25.0,115.03,114.36,0.1456141876032343,0.005614187603234316,0.13999999999999999,False,Binance US,Coinbase Pro
3288,01-14-2021_11-28-39,ZEC/USD,25.0,115.092,114.38,0.1546588815903806,-0.02734111840961939,0.182,False,Bittrex,Coinbase Pro
3289,01-14-2021_11-28-50,ZEC/USD,25.0,115.03,114.42,0.13257411110145167,-0.007425888898548311,0.13999999999999999,False,Binance US,Coinbase Pro
3290,01-14-2021_11-29-01,ZEC/USD,25.0,115.03,114.42,0.13257411110145167,-0.007425888898548311,0.13999999999999999,False,Binance US,Coinbase Pro
3291,01-14-2021_11-29-13,ZEC/USD,25.0,114.626,114.5,0.02748067628635841,-0.15451932371364158,0.182,False,Bittrex,Coinbase Pro
3292,01-14-2021_11-29-36,ZEC/USD,25.0,114.731,114.55,0.039440081582135036,-0.14255991841786497,0.182,False,Bittrex,Coinbase Pro
3293,01-14-2021_11-29-48,ZEC/USD,25.0,114.797,114.65,0.03201303169943277,-0.09498696830056723,0.127,False,Bittrex,Kraken
3294,01-14-2021_11-30-12,ZEC/USD,25.0,114.91,114.65,0.05656600818031305,-0.028433991819686956,0.085,False,Binance US,Kraken
3295,01-14-2021_11-30-22,ZEC/USD,25.0,115.01,114.84,0.036953308407964895,-0.10304669159203508,0.13999999999999999,False,Binance US,Coinbase Pro
3296,01-14-2021_11-30-33,ZEC/USD,25.0,115.11,114.91,0.043436712709582756,-0.051563287290417245,0.095,False,Binance US,Kraken
3297,01-14-2021_11-30-43,ZEC/USD,25.0,115.191,114.9,0.06315597572726966,-0.11884402427273033,0.182,False,Bittrex,Coinbase Pro
3298,01-14-2021_11-31-06,ZEC/USD,25.0,114.873,114.63,0.052884489827898895,-0.1291155101721011,0.182,False,Bittrex,Coinbase Pro
3299,01-14-2021_11-31-16,ZEC/USD,25.0,114.81,114.64,0.03701768138663916,-0.10298231861336082,0.13999999999999999,False,Binance US,Coinbase Pro
3300,01-14-2021_11-31-28,ZEC/USD,25.0,114.72,114.64,0.017433751743374803,-0.1675662482566252,0.185,False,Kraken,Coinbase Pro
3301,01-14-2021_11-31-50,ZEC/USD,25.0,114.79,114.64,0.03266835090164772,-0.15233164909835228,0.185,False,Kraken,Coinbase Pro
3302,01-14-2021_11-32-02,ZEC/USD,25.0,114.62,114.49,0.02835456290350935,-0.15664543709649065,0.185,False,Kraken,Coinbase Pro
3303,01-14-2021_11-32-13,ZEC/USD,25.0,114.54,114.36,0.03928758512310259,-0.1457124148768974,0.185,False,Kraken,Coinbase Pro
3304,01-14-2021_11-32-25,ZEC/USD,25.0,114.45,114.36,0.019659239842726824,-0.13034076015727317,0.15,False,Binance US,Coinbase Pro
3305,01-14-2021_11-32-37,ZEC/USD,25.0,114.43,114.26,0.03714060997990075,-0.14485939002009923,0.182,False,Bittrex,Coinbase Pro
3306,01-14-2021_11-32-59,ZEC/USD,25.0,113.92,113.65,0.05925210674157216,-0.12574789325842783,0.185,False,Kraken,Coinbase Pro
3307,01-14-2021_11-33-11,ZEC/USD,25.0,113.91,113.74,0.0373101571416034,-0.11268984285839659,0.15,False,Binance US,Coinbase Pro
3308,01-14-2021_11-33-23,ZEC/USD,25.0,113.84,113.748,0.02020379479971863,-0.07179620520028138,0.092,False,Binance US,Bittrex
3309,01-14-2021_11-33-45,ZEC/USD,25.0,113.81,113.65,0.03514629645900988,-0.14685370354099012,0.182,False,Bittrex,Coinbase Pro
3310,01-14-2021_11-33-57,ZEC/USD,25.0,114.3,113.98,0.0699912510936118,-0.1150087489063882,0.185,False,Kraken,Coinbase Pro
3311,01-14-2021_11-34-09,ZEC/USD,25.0,113.976,113.8,0.038604618516179266,-0.14339538148382072,0.182,False,Bittrex,Coinbase Pro
3312,01-14-2021_11-34-21,ZEC/USD,25.0,114.01,113.87,0.0306990614858347,-0.11930093851416529,0.15,False,Binance US,Coinbase Pro
3313,01-14-2021_11-34-44,ZEC/USD,25.0,114.07,113.97,0.021916367142981133,-0.11808363285701885,0.13999999999999999,False,Binance US,Coinbase Pro
3314,01-14-2021_11-35-06,ZEC/USD,25.0,114.11,113.93,0.039435632284636014,-0.11056436771536399,0.15,False,Binance US,Coinbase Pro
3315,01-14-2021_11-35-17,ZEC/USD,25.0,113.89,113.75,0.030731407498463554,-0.10926859250153644,0.13999999999999999,False,Binance US,Coinbase Pro
3316,01-14-2021_11-35-28,ZEC/USD,25.0,114.1,113.91,0.04163014899211168,-0.14336985100788832,0.185,False,Kraken,Coinbase Pro
3317,01-14-2021_11-35-40,ZEC/USD,25.0,114.02,113.77,0.0548149447465357,-0.0951850552534643,0.15,False,Binance US,Coinbase Pro
3318,01-14-2021_11-35-52,ZEC/USD,25.0,113.772,113.65,0.026808001968849953,-0.15519199803115005,0.182,False,Bittrex,Coinbase Pro
3319,01-14-2021_11-36-15,ZEC/USD,25.0,113.63,113.52,0.024201355275895328,-0.12579864472410468,0.15,False,Binance US,Coinbase Pro
3320,01-14-2021_11-36-27,ZEC/USD,25.0,113.928,113.7,0.05003159890457009,-0.0769684010954299,0.127,False,Bittrex,Kraken
3321,01-14-2021_11-36-39,ZEC/USD,25.0,113.987,113.69,0.06513900707975406,-0.11686099292024593,0.182,False,Bittrex,Coinbase Pro
3322,01-14-2021_11-37-01,ZEC/USD,25.0,113.51,113.4,0.024226940357677612,-0.16077305964232239,0.185,False,Kraken,Coinbase Pro
3323,01-14-2021_11-37-12,ZEC/USD,25.0,113.759,113.6,0.034942290280330794,-0.1470577097196692,0.182,False,Bittrex,Coinbase Pro
3324,01-14-2021_11-37-34,ZEC/USD,25.0,113.919,113.78,0.030504130127545843,-0.09649586987245416,0.127,False,Bittrex,Kraken
3325,01-14-2021_11-37-45,ZEC/USD,25.0,113.918,113.74,0.03906318580031502,-0.14293681419968496,0.182,False,Bittrex,Coinbase Pro
3326,01-14-2021_11-37-56,ZEC/USD,25.0,113.87,113.72,0.03293229120927498,-0.117067708790725,0.15,False,Binance US,Coinbase Pro
3327,01-14-2021_11-38-19,ZEC/USD,25.0,113.86,113.76,0.021956789039169665,-0.12804321096083032,0.15,False,Binance US,Coinbase Pro
3328,01-14-2021_11-38-29,ZEC/USD,25.0,113.837,113.77,0.014714020924657026,-0.04750597907534297,0.06222,False,Bittrex,Binance US
3329,01-14-2021_11-38-40,ZEC/USD,25.0,113.91,113.78,0.028531296637695432,-0.15646870336230456,0.185,False,Coinbase Pro,Kraken
3330,01-14-2021_11-38-51,ZEC/USD,25.0,114.151,113.78,0.08125202582544068,-0.04574797417455932,0.127,False,Bittrex,Kraken
3331,01-14-2021_11-39-01,ZEC/USD,25.0,114.169,113.78,0.08518074083157333,-0.04181925916842667,0.127,False,Bittrex,Kraken
3332,01-14-2021_11-39-13,ZEC/USD,25.0,114.247,114.12,0.02779066408745861,-0.15420933591254138,0.182,False,Bittrex,Coinbase Pro
3333,01-14-2021_11-39-22,ZEC/USD,25.0,114.205,114.13,0.01641784510310469,-0.11058215489689531,0.127,False,Bittrex,Kraken
3334,01-14-2021_11-39-33,ZEC/USD,25.0,114.396,114.13,0.05813140319591711,-0.06886859680408289,0.127,False,Bittrex,Kraken
3335,01-14-2021_11-39-45,ZEC/USD,25.0,114.358,114.13,0.04984347400269518,-0.07715652599730483,0.127,False,Bittrex,Kraken
3336,01-14-2021_11-40-07,ZEC/USD,25.0,114.346,114.14,0.04503874206356214,-0.13696125793643785,0.182,False,Bittrex,Coinbase Pro
3337,01-14-2021_11-40-18,ZEC/USD,25.0,114.236,114.16,0.016632235022236336,-0.16536776497776365,0.182,False,Bittrex,Coinbase Pro
3338,01-14-2021_11-40-28,ZEC/USD,25.0,114.1,114.01,0.019719544259419193,-0.1652804557405808,0.185,False,Kraken,Coinbase Pro
3339,01-14-2021_11-40-40,ZEC/USD,25.0,114.08,114.01,0.01534011220196204,-0.16665988779803795,0.182,False,Bittrex,Coinbase Pro
3340,01-14-2021_11-40-51,ZEC/USD,25.0,114.057,114.0,0.012493753123438754,-0.16950624687656124,0.182,False,Bittrex,Coinbase Pro
3341,01-14-2021_11-41-13,ZEC/USD,25.0,114.114,114.01,0.022784233310548924,-0.10421576668945108,0.127,False,Bittrex,Kraken
3342,01-14-2021_11-41-24,ZEC/USD,25.0,114.114,113.9,0.04688294161978342,-0.13511705838021656,0.182,False,Bittrex,Coinbase Pro
3343,01-14-2021_11-41-34,ZEC/USD,25.0,114.11,113.95,0.03505389536412159,-0.05994610463587841,0.095,False,Binance US,Kraken
3344,01-14-2021_11-41-44,ZEC/USD,25.0,114.003,113.88,0.026972974395411672,-0.1550270256045883,0.182,False,Bittrex,Coinbase Pro
3345,01-14-2021_11-41-55,ZEC/USD,25.0,114.123,113.98,0.031325850179192774,-0.09567414982080723,0.127,False,Bittrex,Kraken
3346,01-14-2021_11-42-06,ZEC/USD,25.0,114.048,113.91,0.03025042087542202,-0.09674957912457799,0.127,False,Bittrex,Kraken
3347,01-14-2021_11-42-16,ZEC/USD,25.0,114.133,113.96,0.03789438637379238,-0.08910561362620761,0.127,False,Bittrex,Kraken
3348,01-14-2021_11-42-28,ZEC/USD,25.0,114.116,113.95,0.03636650425882366,-0.14563349574117634,0.182,False,Bittrex,Coinbase Pro
3349,01-14-2021_11-42-39,ZEC/USD,25.0,114.114,113.92,0.04250135829083255,-0.13949864170916745,0.182,False,Bittrex,Coinbase Pro
3350,01-14-2021_11-42-49,ZEC/USD,25.0,114.008,113.84,0.03683952003368013,-0.14516047996631987,0.182,False,Bittrex,Coinbase Pro
3351,01-14-2021_11-43-00,ZEC/USD,25.0,114.052,113.9,0.033318135587276206,-0.1486818644127238,0.182,False,Bittrex,Coinbase Pro
3352,01-14-2021_11-43-10,ZEC/USD,25.0,113.933,113.79,0.03137809063221382,-0.1506219093677862,0.182,False,Bittrex,Coinbase Pro
3353,01-14-2021_11-43-21,ZEC/USD,25.0,113.876,113.76,0.02546629667357469,-0.1565337033264253,0.182,False,Bittrex,Coinbase Pro
3354,01-14-2021_11-43-32,ZEC/USD,25.0,113.877,113.81,0.014708852533872746,-0.11229114746612726,0.127,False,Bittrex,Kraken
3355,01-14-2021_11-43-43,ZEC/USD,25.0,113.949,113.8,0.03269006309840387,-0.14930993690159614,0.182,False,Bittrex,Coinbase Pro
3356,01-14-2021_11-43-54,ZEC/USD,25.0,113.941,113.81,0.028742945910602904,-0.0982570540893971,0.127,False,Bittrex,Kraken
3357,01-14-2021_11-44-05,ZEC/USD,25.0,114.019,113.82,0.04363307869741277,-0.08336692130258723,0.127,False,Bittrex,Kraken
3358,01-14-2021_11-44-16,ZEC/USD,25.0,114.01,113.82,0.0416630120164924,-0.08533698798350761,0.127,False,Bittrex,Kraken
3359,01-14-2021_11-44-28,ZEC/USD,25.0,114.008,113.82,0.04122517718054926,-0.08577482281945074,0.127,False,Bittrex,Kraken
3360,01-14-2021_11-44-51,ZEC/USD,25.0,113.846,113.76,0.018885160655622183,-0.16311483934437782,0.182,False,Bittrex,Coinbase Pro
3361,01-14-2021_11-45-02,ZEC/USD,25.0,113.6,113.49,0.024207746478873117,-0.11579225352112688,0.13999999999999999,False,Binance US,Coinbase Pro
3362,01-14-2021_11-45-13,ZEC/USD,25.0,113.55,113.47,0.01761338617349148,-0.16438661382650852,0.182,False,Bittrex,Coinbase Pro
3363,01-14-2021_11-45-35,ZEC/USD,25.0,113.549,113.46,0.01959506468573322,-0.10740493531426679,0.127,False,Bittrex,Kraken
3364,01-14-2021_11-45-46,ZEC/USD,25.0,114.173,113.64,0.11670885410736366,-0.010291145892636341,0.127,False,Bittrex,Kraken
3365,01-14-2021_11-45-57,ZEC/USD,25.0,113.58,113.46,0.02641310089804643,-0.15858689910195356,0.185,False,Kraken,Coinbase Pro
3366,01-14-2021_11-46-19,ZEC/USD,25.0,113.651,113.55,0.022217138432569686,-0.10478286156743032,0.127,False,Bittrex,Kraken
3367,01-14-2021_11-46-30,ZEC/USD,25.0,113.67,113.6,0.015395442948888755,-0.13460455705111124,0.15,False,Binance US,Coinbase Pro
3368,01-14-2021_11-46-41,ZEC/USD,25.0,113.96,113.73,0.05045630045629822,-0.09954369954370178,0.15,False,Binance US,Coinbase Pro
3369,01-14-2021_11-47-03,ZEC/USD,25.0,114.126,113.82,0.06703117606855834,-0.059968823931441664,0.127,False,Bittrex,Kraken
3370,01-14-2021_11-47-26,ZEC/USD,25.0,114.48,114.07,0.08953529000699048,-0.00546470999300952,0.095,False,Binance US,Kraken
3371,01-14-2021_11-47-36,ZEC/USD,25.0,114.44,114.07,0.08082838168472663,-0.014171618315273374,0.095,False,Binance US,Kraken
3372,01-14-2021_11-47-48,ZEC/USD,25.0,114.407,114.18,0.04960360817082645,-0.07739639182917354,0.127,False,Bittrex,Kraken
3373,01-14-2021_11-47-58,ZEC/USD,25.0,114.5,114.18,0.06986899563318628,-0.025131004366813717,0.095,False,Binance US,Kraken
3374,01-14-2021_11-48-08,ZEC/USD,25.0,114.5,114.35,0.03275109170305801,-0.11724890829694198,0.15,False,Binance US,Coinbase Pro
3375,01-14-2021_11-48-20,ZEC/USD,25.0,114.603,114.36,0.05300908353184362,-0.07399091646815638,0.127,False,Bittrex,Kraken
3376,01-14-2021_11-48-31,ZEC/USD,25.0,114.671,114.36,0.0678026702479282,-0.0591973297520718,0.127,False,Bittrex,Kraken
3377,01-14-2021_11-48-43,ZEC/USD,25.0,114.564,114.36,0.04451660207394852,-0.13748339792605146,0.182,False,Bittrex,Coinbase Pro
3378,01-14-2021_11-48-55,ZEC/USD,25.0,114.3,114.15,0.03280839895012937,-0.11719160104987063,0.15,False,Binance US,Coinbase Pro
3379,01-14-2021_11-49-18,ZEC/USD,25.0,114.309,114.17,0.030400055988591405,-0.15159994401140858,0.182,False,Bittrex,Coinbase Pro
3380,01-14-2021_11-49-29,ZEC/USD,25.0,114.268,114.08,0.041131375363181816,-0.14086862463681818,0.182,False,Bittrex,Coinbase Pro
3381,01-14-2021_11-49-41,ZEC/USD,25.0,114.44,114.27,0.03713736455784728,-0.11286263544215272,0.15,False,Binance US,Coinbase Pro
3382,01-14-2021_11-49-52,ZEC/USD,25.0,115.032,114.34,0.15039293414006388,0.02339293414006388,0.127,True,Bittrex,Kraken
3383,01-14-2021_11-50-14,ZEC/USD,25.0,114.59,114.36,0.05017889868225935,-0.07682110131774064,0.127,False,Bittrex,Kraken
3384,01-14-2021_11-50-25,ZEC/USD,25.0,114.591,114.36,0.050396628007433955,-0.07660337199256605,0.127,False,Bittrex,Kraken
3385,01-14-2021_11-50-35,ZEC/USD,25.0,114.664,114.36,0.06628061117700457,-0.060719388822995435,0.127,False,Bittrex,Kraken
3386,01-14-2021_11-50-45,ZEC/USD,25.0,114.97,114.46,0.11089849525963406,0.025898495259634058,0.085,True,Binance US,Kraken
3387,01-14-2021_11-50-56,ZEC/USD,25.0,114.849,114.55,0.06508546003883503,-0.06191453996116497,0.127,False,Bittrex,Kraken
3388,01-14-2021_11-51-07,ZEC/USD,25.0,114.989,114.74,0.0541356129716776,-0.0728643870283224,0.127,False,Bittrex,Kraken
3389,01-14-2021_11-51-17,ZEC/USD,25.0,115.108,114.82,0.06254995308753755,-0.06445004691246245,0.127,False,Bittrex,Kraken
3390,01-14-2021_11-51-28,ZEC/USD,25.0,115.112,114.82,0.06341649871429599,-0.06358350128570402,0.127,False,Bittrex,Kraken
3391,01-14-2021_11-51-39,ZEC/USD,25.0,115.112,114.82,0.06341649871429599,-0.06358350128570402,0.127,False,Bittrex,Kraken
3392,01-14-2021_11-51-51,ZEC/USD,25.0,115.112,114.83,0.06124470081312037,-0.06575529918687964,0.127,False,Bittrex,Kraken
3393,01-14-2021_11-52-02,ZEC/USD,25.0,115.112,114.83,0.06124470081312037,-0.06575529918687964,0.127,False,Bittrex,Kraken
3394,01-14-2021_11-52-13,ZEC/USD,25.0,115.052,114.83,0.048239057121998836,-0.07876094287800117,0.127,False,Bittrex,Kraken
3395,01-14-2021_11-52-24,ZEC/USD,25.0,114.813,114.7,0.024605227631017294,-0.1573947723689827,0.182,False,Bittrex,Coinbase Pro
3396,01-14-2021_11-52-35,ZEC/USD,25.0,114.664,114.5,0.03575664550338412,-0.14624335449661588,0.182,False,Bittrex,Coinbase Pro
3397,01-14-2021_11-52-45,ZEC/USD,25.0,114.7,114.59,0.0239755884917174,-0.1580244115082826,0.182,False,Bittrex,Coinbase Pro
3398,01-14-2021_11-52-56,ZEC/USD,25.0,114.856,114.81,0.010012537438181783,-0.1719874625618182,0.182,False,Bittrex,Coinbase Pro
3399,01-14-2021_11-53-09,ZEC/USD,25.0,114.95,114.8,0.0326228795128329,-0.0623771204871671,0.095,False,Binance US,Kraken
3400,01-14-2021_11-53-18,ZEC/USD,25.0,114.989,114.83,0.034568523945770036,-0.09243147605422997,0.127,False,Bittrex,Kraken
3401,01-14-2021_11-53-28,ZEC/USD,25.0,114.988,114.83,0.034351410581974044,-0.09264858941802595,0.127,False,Bittrex,Kraken
3402,01-14-2021_11-53-39,ZEC/USD,25.0,114.986,114.83,0.033917172525352195,-0.0930828274746478,0.127,False,Bittrex,Kraken
3403,01-14-2021_11-53-50,ZEC/USD,25.0,115.551,114.83,0.1559917265969147,0.028991726596914708,0.127,True,Bittrex,Kraken
3404,01-14-2021_11-54-01,ZEC/USD,25.0,115.062,114.83,0.05040760633397632,-0.07659239366602369,0.127,False,Bittrex,Kraken
3405,01-14-2021_11-54-12,ZEC/USD,25.0,115.132,114.83,0.0655769030330418,-0.061423096966958204,0.127,False,Bittrex,Kraken
3406,01-14-2021_11-54-23,ZEC/USD,25.0,115.132,114.83,0.0655769030330418,-0.061423096966958204,0.127,False,Bittrex,Kraken
3407,01-14-2021_11-54-34,ZEC/USD,25.0,115.132,114.83,0.0655769030330418,-0.061423096966958204,0.127,False,Bittrex,Kraken
3408,01-14-2021_11-54-45,ZEC/USD,25.0,115.132,114.83,0.0655769030330418,-0.061423096966958204,0.127,False,Bittrex,Kraken
3409,01-14-2021_11-54-57,ZEC/USD,25.0,115.162,114.83,0.07207238498810542,-0.05492761501189458,0.127,False,Bittrex,Kraken
3410,01-14-2021_11-55-08,ZEC/USD,25.0,115.162,114.83,0.07207238498810542,-0.05492761501189458,0.127,False,Bittrex,Kraken
3411,01-14-2021_11-55-19,ZEC/USD,25.0,115.162,114.83,0.07207238498810542,-0.05492761501189458,0.127,False,Bittrex,Kraken
3412,01-14-2021_11-55-30,ZEC/USD,25.0,115.147,114.83,0.06882506708815846,-0.058174932911841545,0.127,False,Bittrex,Kraken
3413,01-14-2021_11-55-40,ZEC/USD,25.0,114.995,114.83,0.03587112483151577,-0.09112887516848422,0.127,False,Bittrex,Kraken
3414,01-14-2021_11-55-51,ZEC/USD,25.0,115.213,114.83,0.08310694105699781,-0.04389305894300219,0.127,False,Bittrex,Kraken
3415,01-14-2021_11-56-01,ZEC/USD,25.0,115.213,114.83,0.08310694105699781,-0.04389305894300219,0.127,False,Bittrex,Kraken
3416,01-14-2021_11-56-12,ZEC/USD,25.0,115.213,114.95,0.057068212788485465,-0.06993178721151454,0.127,False,Bittrex,Kraken
3417,01-14-2021_11-56-23,ZEC/USD,25.0,115.253,115.01,0.052710124682219764,-0.009509875317780234,0.06222,False,Bittrex,Binance US
3418,01-14-2021_11-56-35,ZEC/USD,25.0,115.341,115.01,0.07174378581770335,0.009523785817703356,0.06222,True,Bittrex,Binance US
3419,01-14-2021_11-56-46,ZEC/USD,25.0,115.272,115.01,0.05682212506072603,-0.005397874939273968,0.06222,False,Bittrex,Binance US
3420,01-14-2021_11-56-56,ZEC/USD,25.0,115.371,115.01,0.07822589732254856,0.016005897322548562,0.06222,True,Bittrex,Binance US
3421,01-14-2021_11-57-08,ZEC/USD,25.0,115.26,115.0,0.05639423911157494,-0.005825760888425055,0.06222,False,Bittrex,Binance US
3422,01-14-2021_11-57-29,ZEC/USD,25.0,115.316,115.01,0.06633944985951588,0.004119449859515886,0.06222,False,Bittrex,Binance US
3423,01-14-2021_11-57-41,ZEC/USD,25.0,115.263,115.01,0.05487450439429828,-0.0073454956057017184,0.06222,False,Bittrex,Binance US
3424,01-14-2021_11-57-53,ZEC/USD,25.0,115.45,115.01,0.0952793417063659,0.0330593417063659,0.06222,True,Bittrex,Binance US
3425,01-14-2021_11-58-04,ZEC/USD,25.0,116.186,115.01,0.2530425352452107,0.1908225352452107,0.06222,True,Bittrex,Binance US
3426,01-14-2021_11-58-15,ZEC/USD,25.0,116.182,115.01,0.25219052865331915,0.18997052865331915,0.06222,True,Bittrex,Binance US
3427,01-14-2021_11-58-26,ZEC/USD,25.0,116.065,115.01,0.22724335501658394,0.16502335501658394,0.06222,True,Bittrex,Binance US
3428,01-14-2021_11-58-47,ZEC/USD,25.0,116.19,115.9,0.0623977967122799,-0.11960220328772009,0.182,False,Bittrex,Coinbase Pro
3429,01-14-2021_11-58-58,ZEC/USD,25.0,116.1,115.9,0.04306632213608713,-0.13893367786391286,0.182,False,Bittrex,Coinbase Pro
3430,01-14-2021_11-59-08,ZEC/USD,25.0,116.102,115.91,0.041342957055004924,-0.14065704294499506,0.182,False,Bittrex,Coinbase Pro
3431,01-14-2021_11-59-18,ZEC/USD,25.0,116.067,115.8,0.05750988653105446,-0.12449011346894553,0.182,False,Bittrex,Coinbase Pro
3432,01-14-2021_11-59-29,ZEC/USD,25.0,116.152,115.86,0.06284868103863936,-0.06415131896136064,0.127,False,Bittrex,Kraken
3433,01-14-2021_11-59-40,ZEC/USD,25.0,116.069,115.86,0.04501632649544736,-0.08198367350455264,0.127,False,Bittrex,Kraken
3434,01-14-2021_11-59-51,ZEC/USD,25.0,115.955,115.93,0.005390021991287886,-0.17660997800871212,0.182,False,Bittrex,Coinbase Pro
3435,01-14-2021_12-00-01,ZEC/USD,25.0,115.948,115.7,0.05347224617931971,-0.12852775382068027,0.182,False,Bittrex,Coinbase Pro
3436,01-14-2021_12-00-14,ZEC/USD,25.0,115.793,115.52,0.05894138678504105,-0.12305861321495895,0.182,False,Bittrex,Coinbase Pro
3437,01-14-2021_12-00-25,ZEC/USD,25.0,115.458,115.29,0.03637686431429441,-0.1456231356857056,0.182,False,Bittrex,Coinbase Pro
3438,01-14-2021_12-00-38,ZEC/USD,25.0,116.092,115.28,0.17486131688660667,0.047861316886606664,0.127,True,Bittrex,Kraken
3439,01-14-2021_12-01-00,ZEC/USD,25.0,115.787,115.46,0.0706037810807803,-0.0563962189192197,0.127,False,Bittrex,Kraken
3440,01-14-2021_12-01-11,ZEC/USD,25.0,115.781,115.46,0.06931189055199302,-0.05768810944800698,0.127,False,Bittrex,Kraken
3441,01-14-2021_12-01-23,ZEC/USD,25.0,116.01,115.63,0.08188949228514991,-0.04511050771485009,0.127,False,Bittrex,Kraken
3442,01-14-2021_12-01-33,ZEC/USD,25.0,115.895,115.63,0.05716381207127154,-0.06983618792872846,0.127,False,Bittrex,Kraken
3443,01-14-2021_12-01-43,ZEC/USD,25.0,115.727,115.54,0.04039679590760964,-0.14160320409239036,0.182,False,Bittrex,Coinbase Pro
3444,01-14-2021_12-02-06,ZEC/USD,25.0,115.74,115.57,0.03672023500950443,-0.11327976499049557,0.15,False,Binance US,Coinbase Pro
3445,01-14-2021_12-02-17,ZEC/USD,25.0,115.716,115.57,0.03154274257665336,-0.15045725742334665,0.182,False,Bittrex,Coinbase Pro
3446,01-14-2021_12-02-29,ZEC/USD,25.0,115.805,115.63,0.03777902508527511,-0.08922097491472489,0.127,False,Bittrex,Kraken
3447,01-14-2021_12-02-40,ZEC/USD,25.0,115.802,115.63,0.03713234659159843,-0.08986765340840158,0.127,False,Bittrex,Kraken
3448,01-14-2021_12-02-50,ZEC/USD,25.0,115.714,115.62,0.02030869212022618,-0.16169130787977382,0.182,False,Bittrex,Coinbase Pro
3449,01-14-2021_12-03-02,ZEC/USD,25.0,115.663,115.52,0.030908760796451912,-0.15109123920354808,0.182,False,Bittrex,Coinbase Pro
3450,01-14-2021_12-03-14,ZEC/USD,25.0,115.663,115.58,0.017940049972765364,-0.16405995002723464,0.182,False,Bittrex,Coinbase Pro
3451,01-14-2021_12-03-24,ZEC/USD,25.0,115.658,115.52,0.029829324387419205,-0.1521706756125808,0.182,False,Bittrex,Coinbase Pro
3452,01-14-2021_12-03-34,ZEC/USD,25.0,115.561,115.49,0.015359853237686625,-0.16664014676231337,0.182,False,Bittrex,Coinbase Pro
3453,01-14-2021_12-03-44,ZEC/USD,25.0,115.621,115.52,0.021838593335120587,-0.1601614066648794,0.182,False,Bittrex,Coinbase Pro
3454,01-14-2021_12-03-55,ZEC/USD,25.0,115.612,115.47,0.030706155070407033,-0.15129384492959297,0.182,False,Bittrex,Coinbase Pro
3455,01-14-2021_12-04-04,ZEC/USD,25.0,115.607,115.46,0.03178873251619832,-0.15021126748380167,0.182,False,Bittrex,Coinbase Pro
3456,01-14-2021_12-04-16,ZEC/USD,25.0,115.601,115.48,0.026167593705935743,-0.15583240629406425,0.182,False,Bittrex,Coinbase Pro
3457,01-14-2021_12-04-27,ZEC/USD,25.0,115.598,115.48,0.02551947265523517,-0.15648052734476484,0.182,False,Bittrex,Coinbase Pro
3458,01-14-2021_12-04-37,ZEC/USD,25.0,115.6,115.48,0.025951557093423516,-0.11404844290657647,0.13999999999999999,False,Binance US,Coinbase Pro
3459,01-14-2021_12-04-47,ZEC/USD,25.0,115.636,115.51,0.02724065170016054,-0.15475934829983945,0.182,False,Bittrex,Coinbase Pro
3460,01-14-2021_12-04-57,ZEC/USD,25.0,115.629,115.46,0.03653927647908638,-0.1454607235209136,0.182,False,Bittrex,Coinbase Pro
3461,01-14-2021_12-05-07,ZEC/USD,25.0,115.629,115.53,0.021404664919700885,-0.1605953350802991,0.182,False,Bittrex,Coinbase Pro
3462,01-14-2021_12-05-18,ZEC/USD,25.0,115.578,115.48,0.02119780581079422,-0.16080219418920577,0.182,False,Bittrex,Coinbase Pro
3463,01-14-2021_12-05-28,ZEC/USD,25.0,115.456,115.35,0.02295246674057839,-0.15904753325942161,0.182,False,Bittrex,Coinbase Pro
3464,01-14-2021_12-05-40,ZEC/USD,25.0,115.519,115.37,0.032245777750846374,-0.029974222249153623,0.06222,False,Bittrex,Binance US
3465,01-14-2021_12-05-51,ZEC/USD,25.0,115.452,115.35,0.022087101132939203,-0.0401328988670608,0.06222,False,Bittrex,Binance US
3466,01-14-2021_12-06-02,ZEC/USD,25.0,115.452,115.38,0.015590894917368849,-0.16640910508263115,0.182,False,Bittrex,Coinbase Pro
3467,01-14-2021_12-06-11,ZEC/USD,25.0,115.449,115.31,0.03009987093868197,-0.03212012906131803,0.06222,False,Bittrex,Binance US
3468,01-14-2021_12-06-23,ZEC/USD,25.0,115.361,115.23,0.02838914364473267,-0.15361085635526733,0.182,False,Bittrex,Coinbase Pro
3469,01-14-2021_12-06-34,ZEC/USD,25.0,115.357,115.24,0.025356068552407837,-0.10164393144759216,0.127,False,Bittrex,Kraken
3470,01-14-2021_12-06-45,ZEC/USD,25.0,115.355,115.24,0.024923063586322458,-0.15707693641367754,0.182,False,Bittrex,Coinbase Pro
3471,01-14-2021_12-06-56,ZEC/USD,25.0,115.298,115.19,0.02341757879581695,-0.15858242120418303,0.182,False,Bittrex,Coinbase Pro
3472,01-14-2021_12-07-18,ZEC/USD,25.0,115.363,115.25,0.02448792073715133,-0.15751207926284866,0.182,False,Bittrex,Coinbase Pro
3473,01-14-2021_12-07-30,ZEC/USD,25.0,115.459,115.29,0.03659307633012518,-0.14540692366987482,0.182,False,Bittrex,Coinbase Pro
3474,01-14-2021_12-07-40,ZEC/USD,25.0,115.453,115.3,0.03313036473716703,-0.14886963526283298,0.182,False,Bittrex,Coinbase Pro
3475,01-14-2021_12-08-02,ZEC/USD,25.0,115.388,115.22,0.0363989322979873,-0.1456010677020127,0.182,False,Bittrex,Coinbase Pro
3476,01-14-2021_12-08-12,ZEC/USD,25.0,115.302,115.2,0.02211583493781631,-0.15988416506218367,0.182,False,Bittrex,Coinbase Pro
3477,01-14-2021_12-08-23,ZEC/USD,25.0,115.381,115.25,0.028384222705644824,-0.09861577729435518,0.127,False,Bittrex,Kraken
3478,01-14-2021_12-08-35,ZEC/USD,25.0,115.376,115.25,0.02730203855221293,-0.15469796144778708,0.182,False,Bittrex,Coinbase Pro
3479,01-14-2021_12-08-58,ZEC/USD,25.0,115.367,115.26,0.02318687319597444,-0.10381312680402556,0.127,False,Bittrex,Kraken
3480,01-14-2021_12-09-09,ZEC/USD,25.0,115.365,115.26,0.02275386815758457,-0.15924613184241543,0.182,False,Bittrex,Coinbase Pro
3481,01-14-2021_12-09-19,ZEC/USD,25.0,115.393,115.26,0.028814572807708348,-0.15318542719229164,0.182,False,Bittrex,Coinbase Pro
3482,01-14-2021_12-09-29,ZEC/USD,25.0,115.385,115.21,0.03791654027820154,-0.14408345972179845,0.182,False,Bittrex,Coinbase Pro
3483,01-14-2021_12-09-41,ZEC/USD,25.0,115.316,115.18,0.029484199937561933,-0.15251580006243806,0.182,False,Bittrex,Coinbase Pro
3484,01-14-2021_12-10-03,ZEC/USD,25.0,115.232,115.09,0.03080741460705271,-0.15119258539294728,0.182,False,Bittrex,Coinbase Pro
3485,01-14-2021_12-10-14,ZEC/USD,25.0,115.232,115.09,0.03080741460705271,-0.15119258539294728,0.182,False,Bittrex,Coinbase Pro
3486,01-14-2021_12-10-25,ZEC/USD,25.0,115.229,115.09,0.030157338864347474,-0.15184266113565253,0.182,False,Bittrex,Coinbase Pro
3487,01-14-2021_12-10-35,ZEC/USD,25.0,115.226,115.09,0.0295072292711705,-0.1524927707288295,0.182,False,Bittrex,Coinbase Pro
3488,01-14-2021_12-10-45,ZEC/USD,25.0,115.286,115.15,0.02949187238693243,-0.15250812761306756,0.182,False,Bittrex,Coinbase Pro
3489,01-14-2021_12-10-57,ZEC/USD,25.0,115.203,115.13,0.015841601347188768,-0.16615839865281123,0.182,False,Bittrex,Coinbase Pro
3490,01-14-2021_12-11-20,ZEC/USD,25.0,115.29,115.13,0.03469511666233212,-0.1473048833376679,0.182,False,Bittrex,Coinbase Pro
3491,01-14-2021_12-11-33,ZEC/USD,25.0,115.245,115.13,0.024946852358021843,-0.15705314764197814,0.182,False,Bittrex,Coinbase Pro
3492,01-14-2021_12-11-56,ZEC/USD,25.0,115.238,115.1,0.029938041271109623,-0.15206195872889036,0.182,False,Bittrex,Coinbase Pro
3493,01-14-2021_12-12-08,ZEC/USD,25.0,115.12,114.85,0.05863446838082224,-0.09136553161917776,0.15,False,Binance US,Coinbase Pro
3494,01-14-2021_12-12-31,ZEC/USD,25.0,115.046,114.93,0.02520730838099535,-0.15679269161900464,0.182,False,Bittrex,Coinbase Pro
3495,01-14-2021_12-12-43,ZEC/USD,25.0,115.01,114.77,0.05216937657595189,-0.0878306234240481,0.13999999999999999,False,Binance US,Coinbase Pro
3496,01-14-2021_12-13-06,ZEC/USD,25.0,115.01,114.79,0.04782192852795384,-0.09217807147204615,0.13999999999999999,False,Binance US,Coinbase Pro
3497,01-14-2021_12-13-29,ZEC/USD,25.0,115.24,115.0,0.05206525511974898,-0.029934744880251024,0.082,False,Binance US,Bittrex
3498,01-14-2021_12-13-42,ZEC/USD,25.0,115.262,115.15,0.02429248147698174,-0.15770751852301826,0.182,False,Bittrex,Coinbase Pro
3499,01-14-2021_12-13-54,ZEC/USD,25.0,115.13,115.04,0.01954312516285703,-0.04567687483714297,0.06522,False,Kraken,Binance US
3500,01-14-2021_12-14-06,ZEC/USD,25.0,115.197,115.04,0.034072067848988356,-0.02814793215101164,0.06222,False,Bittrex,Binance US
3501,01-14-2021_12-14-29,ZEC/USD,25.0,115.052,114.89,0.035201474116053205,-0.1467985258839468,0.182,False,Bittrex,Coinbase Pro
3502,01-14-2021_12-14-40,ZEC/USD,25.0,115.01,114.71,0.06521172071993986,-0.07478827928006013,0.13999999999999999,False,Binance US,Coinbase Pro
3503,01-14-2021_12-14-53,ZEC/USD,25.0,115.01,114.57,0.09564385705591077,-0.04435614294408921,0.13999999999999999,False,Binance US,Coinbase Pro
3504,01-14-2021_12-15-17,ZEC/USD,25.0,115.01,114.625,0.08368837492392077,0.0016883749239207657,0.082,False,Binance US,Bittrex
3505,01-14-2021_12-15-29,ZEC/USD,25.0,115.01,114.62,0.08477523693591874,-0.05522476306408125,0.13999999999999999,False,Binance US,Coinbase Pro
3506,01-14-2021_12-15-42,ZEC/USD,25.0,115.01,114.66,0.0760803408399288,-0.06391965916007118,0.13999999999999999,False,Binance US,Coinbase Pro
3507,01-14-2021_12-16-04,ZEC/USD,25.0,115.01,114.68,0.07173289279193076,-0.06826710720806922,0.13999999999999999,False,Binance US,Coinbase Pro
3508,01-14-2021_12-16-17,ZEC/USD,25.0,115.01,114.7,0.0673854447439358,-0.0176145552560642,0.085,False,Binance US,Kraken
3509,01-14-2021_12-16-39,ZEC/USD,25.0,115.01,114.69,0.06955916876793482,-0.07044083123206517,0.13999999999999999,False,Binance US,Coinbase Pro
3510,01-14-2021_12-16-52,ZEC/USD,25.0,115.01,114.59,0.09129640900791272,-0.048703590992087264,0.13999999999999999,False,Binance US,Coinbase Pro
3511,01-14-2021_12-17-15,ZEC/USD,25.0,115.01,114.7,0.0673854447439358,-0.0176145552560642,0.085,False,Binance US,Kraken
3512,01-14-2021_12-17-38,ZEC/USD,25.0,115.01,114.82,0.04130075645596294,-0.09869924354403704,0.13999999999999999,False,Binance US,Coinbase Pro
3513,01-14-2021_12-17-51,ZEC/USD,25.0,115.01,114.82,0.04130075645596294,-0.043699243544037064,0.085,False,Binance US,Kraken
3514,01-14-2021_12-18-14,ZEC/USD,25.0,115.01,114.9,0.02391096426397692,-0.11608903573602307,0.13999999999999999,False,Binance US,Coinbase Pro
3515,01-14-2021_12-18-27,ZEC/USD,25.0,115.01,114.93,0.017389792191982934,-0.06761020780801708,0.085,False,Binance US,Kraken
3516,01-14-2021_12-18-51,ZEC/USD,25.0,115.63,115.44,0.04107930467871611,-0.09892069532128388,0.13999999999999999,False,Binance US,Coinbase Pro
3517,01-14-2021_12-19-03,ZEC/USD,25.0,115.644,115.44,0.04410086126388047,-0.13789913873611953,0.182,False,Bittrex,Coinbase Pro
3518,01-14-2021_12-19-27,ZEC/USD,25.0,115.369,115.26,0.023619863221488152,-0.15838013677851184,0.182,False,Bittrex,Coinbase Pro
3519,01-14-2021_12-19-51,ZEC/USD,25.0,115.335,115.2,0.02926258291064961,-0.15273741708935037,0.182,False,Bittrex,Coinbase Pro
3520,01-14-2021_12-20-14,ZEC/USD,25.0,115.496,115.34,0.03376740320010903,-0.14823259679989098,0.182,False,Bittrex,Coinbase Pro
3521,01-14-2021_12-20-27,ZEC/USD,25.0,115.441,115.31,0.028369470118935262,-0.15363052988106474,0.182,False,Bittrex,Coinbase Pro
3522,01-14-2021_12-20-50,ZEC/USD,25.0,115.474,115.34,0.02901085958743967,-0.15298914041256031,0.182,False,Bittrex,Coinbase Pro
3523,01-14-2021_12-21-03,ZEC/USD,25.0,115.381,115.28,0.021884019032596156,-0.16011598096740384,0.182,False,Bittrex,Coinbase Pro
3524,01-14-2021_12-21-25,ZEC/USD,25.0,115.076,114.97,0.02302825958496875,-0.15897174041503126,0.182,False,Bittrex,Coinbase Pro
3525,01-14-2021_12-21-40,ZEC/USD,25.0,115.084,114.96,0.026936846129785513,-0.1550631538702145,0.182,False,Bittrex,Coinbase Pro
3526,01-14-2021_12-22-04,ZEC/USD,25.0,115.157,115.02,0.02974200439400133,-0.09725799560599867,0.127,False,Bittrex,Kraken
3527,01-14-2021_12-22-28,ZEC/USD,25.0,115.01,114.76,0.054343100599947826,-0.08565689940005217,0.13999999999999999,False,Binance US,Coinbase Pro
3528,01-14-2021_12-22-54,ZEC/USD,25.0,115.01,114.74,0.05869054864794587,-0.08130945135205411,0.13999999999999999,False,Binance US,Coinbase Pro
3529,01-14-2021_12-23-08,ZEC/USD,25.0,115.01,114.47,0.11738109729588866,0.03238109729588866,0.085,True,Binance US,Kraken
3530,01-14-2021_12-23-31,ZEC/USD,25.0,115.01,114.32,0.1499869576558586,0.009986957655858608,0.13999999999999999,True,Binance US,Coinbase Pro
3531,01-14-2021_12-23-55,ZEC/USD,25.0,114.444,114.34,0.022718534829261297,-0.1592814651707387,0.182,False,Bittrex,Coinbase Pro
3532,01-14-2021_12-24-18,ZEC/USD,25.0,115.137,114.28,0.18608266673614896,0.00408266673614896,0.182,False,Bittrex,Coinbase Pro
3533,01-14-2021_12-24-32,ZEC/USD,25.0,114.34,114.18,0.03498338289312502,-0.11501661710687497,0.15,False,Binance US,Coinbase Pro
3534,01-14-2021_12-24-57,ZEC/USD,25.0,114.41,114.27,0.03059173149200257,-0.11940826850799742,0.15,False,Binance US,Coinbase Pro
3535,01-14-2021_12-25-20,ZEC/USD,25.0,114.351,114.23,0.0264536383590863,-0.1555463616409137,0.182,False,Bittrex,Coinbase Pro
3536,01-14-2021_12-25-32,ZEC/USD,25.0,114.344,114.23,0.02492478835793529,-0.1570752116420647,0.182,False,Bittrex,Coinbase Pro
3537,01-14-2021_12-25-56,ZEC/USD,25.0,114.38,114.22,0.03497114880223741,-0.1470288511977626,0.182,False,Bittrex,Coinbase Pro
3538,01-14-2021_12-26-08,ZEC/USD,25.0,114.252,114.12,0.028883520638586367,-0.15311647936141362,0.182,False,Bittrex,Coinbase Pro
3539,01-14-2021_12-26-21,ZEC/USD,25.0,114.2,114.06,0.03064798598949224,-0.10935201401050774,0.13999999999999999,False,Binance US,Coinbase Pro
3540,01-14-2021_12-26-42,ZEC/USD,25.0,114.173,114.12,0.011605195624183754,-0.17039480437581625,0.182,False,Bittrex,Coinbase Pro
3541,01-14-2021_12-26-54,ZEC/USD,25.0,114.17,114.05,0.026276605062626905,-0.12372339493737308,0.15,False,Binance US,Coinbase Pro
3542,01-14-2021_12-27-07,ZEC/USD,25.0,114.109,113.98,0.02826245081456999,-0.15373754918543,0.182,False,Bittrex,Coinbase Pro
3543,01-14-2021_12-27-30,ZEC/USD,25.0,114.158,114.04,0.025841377739622935,-0.036378622260377066,0.06222,False,Bittrex,Binance US
3544,01-14-2021_12-27-44,ZEC/USD,25.0,114.279,114.06,0.04790906465754734,-0.07909093534245266,0.127,False,Bittrex,Kraken
3545,01-14-2021_12-27-56,ZEC/USD,25.0,114.237,114.06,0.0387352609049591,-0.0882647390950409,0.127,False,Bittrex,Kraken
3546,01-14-2021_12-28-18,ZEC/USD,25.0,114.14,113.99,0.03285438934641793,-0.11714561065358206,0.15,False,Binance US,Coinbase Pro
3547,01-14-2021_12-28-29,ZEC/USD,25.0,114.838,114.05,0.17154600393597866,0.044546003935978656,0.127,True,Bittrex,Kraken
3548,01-14-2021_12-28-42,ZEC/USD,25.0,114.339,114.06,0.06100280744102982,-0.06599719255897019,0.127,False,Bittrex,Kraken
3549,01-14-2021_12-29-04,ZEC/USD,25.0,114.238,114.06,0.038953763196133785,-0.08804623680386622,0.127,False,Bittrex,Kraken
3550,01-14-2021_12-29-17,ZEC/USD,25.0,114.23,114.06,0.03720563774840272,-0.08979436225159729,0.127,False,Bittrex,Kraken
3551,01-14-2021_12-29-29,ZEC/USD,25.0,114.111,114.02,0.019936728273349674,-0.16206327172665033,0.182,False,Bittrex,Coinbase Pro
3552,01-14-2021_12-29-52,ZEC/USD,25.0,114.06,113.92,0.030685604068034493,-0.1193143959319655,0.15,False,Binance US,Coinbase Pro
3553,01-14-2021_12-30-03,ZEC/USD,25.0,114.13,114.06,0.015333391746252778,-0.11166660825374722,0.127,False,Bittrex,Kraken
3554,01-14-2021_12-30-27,ZEC/USD,25.0,114.027,113.89,0.03003674568304008,-0.15196325431695992,0.182,False,Bittrex,Coinbase Pro
3555,01-14-2021_12-30-51,ZEC/USD,25.0,114.214,114.05,0.03589752569737543,-0.09110247430262458,0.127,False,Bittrex,Kraken
3556,01-14-2021_12-31-02,ZEC/USD,25.0,114.205,114.03,0.03830830524057553,-0.14369169475942445,0.182,False,Bittrex,Coinbase Pro
3557,01-14-2021_12-31-25,ZEC/USD,25.0,114.092,114.04,0.0113943133611455,-0.1706056866388545,0.182,False,Bittrex,Coinbase Pro
3558,01-14-2021_12-31-36,ZEC/USD,25.0,114.151,114.04,0.024309905300871217,-0.15769009469912879,0.182,False,Bittrex,Coinbase Pro
3559,01-14-2021_12-31-46,ZEC/USD,25.0,114.185,114.09,0.02079957962954829,-0.1612004203704517,0.182,False,Bittrex,Coinbase Pro
3560,01-14-2021_12-31-56,ZEC/USD,25.0,114.5,114.31,0.04148471615720475,-0.053515283842795254,0.095,False,Binance US,Kraken
3561,01-14-2021_12-32-06,ZEC/USD,25.0,114.385,114.26,0.027320015736329063,-0.15467998426367094,0.182,False,Bittrex,Coinbase Pro
3562,01-14-2021_12-32-18,ZEC/USD,25.0,114.379,114.18,0.043495746596839906,-0.13850425340316008,0.182,False,Bittrex,Coinbase Pro
3563,01-14-2021_12-32-29,ZEC/USD,25.0,114.31,114.18,0.028431458315107044,-0.06656854168489296,0.095,False,Binance US,Kraken
3564,01-14-2021_12-32-39,ZEC/USD,25.0,114.364,114.19,0.03803644503515236,-0.14396355496484764,0.182,False,Bittrex,Coinbase Pro
3565,01-14-2021_12-32-49,ZEC/USD,25.0,114.32,114.24,0.01749475157452727,-0.16750524842547274,0.185,False,Kraken,Coinbase Pro
3566,01-14-2021_12-32-59,ZEC/USD,25.0,114.293,114.19,0.022529813724376957,-0.15947018627562304,0.182,False,Bittrex,Coinbase Pro
3567,01-14-2021_12-33-11,ZEC/USD,25.0,114.37,114.29,0.017487103261344387,-0.1645128967386556,0.182,False,Bittrex,Coinbase Pro
3568,01-14-2021_12-33-22,ZEC/USD,25.0,114.367,114.28,0.019017723644058883,-0.16298227635594112,0.182,False,Bittrex,Coinbase Pro
3569,01-14-2021_12-33-46,ZEC/USD,25.0,114.548,114.47,0.017023431225338493,-0.1649765687746615,0.182,False,Bittrex,Coinbase Pro
3570,01-14-2021_12-33-58,ZEC/USD,25.0,114.54,114.46,0.01746114894360322,-0.16453885105639676,0.182,False,Bittrex,Coinbase Pro
3571,01-14-2021_12-34-10,ZEC/USD,25.0,114.49,114.4,0.019652371386144903,-0.1303476286138551,0.15,False,Binance US,Coinbase Pro
3572,01-14-2021_12-34-22,ZEC/USD,25.0,114.408,114.29,0.025784910146142533,-0.15621508985385746,0.182,False,Bittrex,Coinbase Pro
3573,01-14-2021_12-34-34,ZEC/USD,25.0,114.415,114.25,0.03605296508325094,-0.14594703491674904,0.182,False,Bittrex,Coinbase Pro
3574,01-14-2021_12-34-46,ZEC/USD,25.0,115.082,114.35,0.15901704871309139,0.032017048713091384,0.127,True,Bittrex,Kraken
3575,01-14-2021_12-35-09,ZEC/USD,25.0,114.374,114.29,0.018360816269429453,-0.10863918373057055,0.127,False,Bittrex,Kraken
3576,01-14-2021_12-35-21,ZEC/USD,25.0,114.441,114.29,0.03298642968865971,-0.09401357031134029,0.127,False,Bittrex,Kraken
3577,01-14-2021_12-35-32,ZEC/USD,25.0,114.434,114.29,0.03145918171172712,-0.09554081828827288,0.127,False,Bittrex,Kraken
3578,01-14-2021_12-35-43,ZEC/USD,25.0,114.435,114.29,0.031677371433564035,-0.09532262856643597,0.127,False,Bittrex,Kraken
3579,01-14-2021_12-35-54,ZEC/USD,25.0,114.495,114.29,0.04476177999039222,-0.08223822000960779,0.127,False,Bittrex,Kraken
3580,01-14-2021_12-36-05,ZEC/USD,25.0,114.492,114.29,0.04410788526709249,-0.0828921147329075,0.127,False,Bittrex,Kraken
3581,01-14-2021_12-36-26,ZEC/USD,25.0,114.755,114.36,0.08605289529867893,-0.04094710470132107,0.127,False,Bittrex,Kraken
3582,01-14-2021_12-36-37,ZEC/USD,25.0,114.75,114.36,0.08496732026143804,-0.042032679738561965,0.127,False,Bittrex,Kraken
3583,01-14-2021_12-36-47,ZEC/USD,25.0,114.728,114.36,0.08018966599260752,-0.046810334007392485,0.127,False,Bittrex,Kraken
3584,01-14-2021_12-36-57,ZEC/USD,25.0,114.721,114.36,0.07866911899303619,-0.04833088100696381,0.127,False,Bittrex,Kraken
3585,01-14-2021_12-37-08,ZEC/USD,25.0,114.707,114.36,0.07562746824517995,-0.05137253175482005,0.127,False,Bittrex,Kraken
3586,01-14-2021_12-37-17,ZEC/USD,25.0,114.704,114.36,0.07497558934300332,-0.052024410656996686,0.127,False,Bittrex,Kraken
3587,01-14-2021_12-37-28,ZEC/USD,25.0,114.78,114.36,0.09147935180345045,-0.035520648196549556,0.127,False,Bittrex,Kraken
3588,01-14-2021_12-37-40,ZEC/USD,25.0,114.902,114.54,0.07876277175331908,-0.10323722824668091,0.182,False,Bittrex,Coinbase Pro
3589,01-14-2021_12-37-51,ZEC/USD,25.0,114.899,114.68,0.04765054526148924,-0.13434945473851076,0.182,False,Bittrex,Coinbase Pro
3590,01-14-2021_12-38-02,ZEC/USD,25.0,114.968,114.79,0.038706422656738675,-0.1432935773432613,0.182,False,Bittrex,Coinbase Pro
3591,01-14-2021_12-38-13,ZEC/USD,25.0,114.921,114.81,0.024147022737359622,-0.15785297726264036,0.182,False,Bittrex,Coinbase Pro
3592,01-14-2021_12-38-35,ZEC/USD,25.0,114.921,114.81,0.024147022737359622,-0.15785297726264036,0.182,False,Bittrex,Coinbase Pro
3593,01-14-2021_12-38-46,ZEC/USD,25.0,115.022,114.82,0.04390464432891368,-0.13809535567108633,0.182,False,Bittrex,Coinbase Pro
3594,01-14-2021_12-38-56,ZEC/USD,25.0,115.1,114.83,0.05864465682015552,-0.06835534317984449,0.127,False,Bittrex,Kraken
3595,01-14-2021_12-39-06,ZEC/USD,25.0,115.133,114.83,0.06579347363483912,-0.061206526365160885,0.127,False,Bittrex,Kraken
3596,01-14-2021_12-39-17,ZEC/USD,25.0,115.063,114.83,0.0506244405238878,-0.0763755594761122,0.127,False,Bittrex,Kraken
3597,01-14-2021_12-39-27,ZEC/USD,25.0,115.054,114.83,0.04867279712135253,-0.07832720287864747,0.127,False,Bittrex,Kraken
3598,01-14-2021_12-39-39,ZEC/USD,25.0,115.046,114.83,0.04693774664047602,-0.08006225335952398,0.127,False,Bittrex,Kraken
3599,01-14-2021_12-39-50,ZEC/USD,25.0,114.993,114.83,0.03543693963980345,-0.09156306036019655,0.127,False,Bittrex,Kraken
3600,01-14-2021_12-40-00,ZEC/USD,25.0,115.093,114.83,0.05712771410946044,-0.06987228589053956,0.127,False,Bittrex,Kraken
3601,01-14-2021_12-40-11,ZEC/USD,25.0,115.089,114.83,0.05626080685382625,-0.07073919314617375,0.127,False,Bittrex,Kraken
3602,01-14-2021_12-40-23,ZEC/USD,25.0,115.087,114.83,0.05582733062813458,-0.07117266937186542,0.127,False,Bittrex,Kraken
3603,01-14-2021_12-40-33,ZEC/USD,25.0,115.079,114.83,0.05409327505452673,-0.07290672494547328,0.127,False,Bittrex,Kraken
3604,01-14-2021_12-40-45,ZEC/USD,25.0,115.128,114.83,0.06471058300326632,-0.06228941699673368,0.127,False,Bittrex,Kraken
3605,01-14-2021_12-40-56,ZEC/USD,25.0,115.035,114.83,0.044551658190984986,-0.08244834180901502,0.127,False,Bittrex,Kraken
3606,01-14-2021_12-41-09,ZEC/USD,25.0,114.986,114.83,0.033917172525352195,-0.0930828274746478,0.127,False,Bittrex,Kraken
3607,01-14-2021_12-41-20,ZEC/USD,25.0,114.981,114.83,0.03283151129316936,-0.09416848870683064,0.127,False,Bittrex,Kraken
3608,01-14-2021_12-41-30,ZEC/USD,25.0,114.938,114.83,0.02349092554246726,-0.10350907445753274,0.127,False,Bittrex,Kraken
3609,01-14-2021_12-41-41,ZEC/USD,25.0,114.934,114.82,0.024796839925523412,-0.03742316007447659,0.06222,False,Bittrex,Binance US
3610,01-14-2021_12-41-51,ZEC/USD,25.0,114.857,114.74,0.025466449585137264,-0.15653355041486272,0.182,False,Bittrex,Coinbase Pro
3611,01-14-2021_12-42-02,ZEC/USD,25.0,114.849,114.74,0.023726806502452975,-0.158273193497547,0.182,False,Bittrex,Coinbase Pro
3612,01-14-2021_12-42-13,ZEC/USD,25.0,114.947,114.83,0.025446510130756876,-0.10155348986924312,0.127,False,Bittrex,Kraken
3613,01-14-2021_12-42-24,ZEC/USD,25.0,114.848,114.72,0.02786291446085263,-0.15413708553914737,0.182,False,Bittrex,Coinbase Pro
3614,01-14-2021_12-42-35,ZEC/USD,25.0,114.896,114.79,0.023064336443391096,-0.039155663556608905,0.06222,False,Bittrex,Binance US
3615,01-14-2021_12-42-47,ZEC/USD,25.0,114.887,114.63,0.055924517134228635,-0.006295482865771362,0.06222,False,Bittrex,Binance US
3616,01-14-2021_12-42-59,ZEC/USD,25.0,114.858,114.63,0.049626495324663636,-0.012593504675336362,0.06222,False,Bittrex,Binance US
3617,01-14-2021_12-43-10,ZEC/USD,25.0,114.952,114.63,0.07002922959148225,0.007809229591482253,0.06222,False,Bittrex,Binance US
3618,01-14-2021_12-43-21,ZEC/USD,25.0,115.36,115.0,0.07801664355062402,-0.07198335644937598,0.15,False,Binance US,Coinbase Pro
3619,01-14-2021_12-43-31,ZEC/USD,25.0,115.998,115.36,0.13750237073053095,0.07528237073053096,0.06222,True,Bittrex,Binance US
3620,01-14-2021_12-43-42,ZEC/USD,25.0,116.561,116.07,0.10530966618337477,0.04308966618337477,0.06222,True,Bittrex,Binance US
3621,01-14-2021_12-43-53,ZEC/USD,25.0,116.815,116.07,0.15944014039292997,0.09722014039292998,0.06222,True,Bittrex,Binance US
3622,01-14-2021_12-44-05,ZEC/USD,25.0,116.604,116.1,0.10805804260574356,0.04583804260574356,0.06222,True,Bittrex,Binance US
3623,01-14-2021_12-44-16,ZEC/USD,25.0,116.496,116.1,0.08498145859085308,0.022761458590853087,0.06222,True,Bittrex,Binance US
3624,01-14-2021_12-44-28,ZEC/USD,25.0,116.43,116.1,0.0708580262818888,0.008638026281888797,0.06222,False,Bittrex,Binance US
3625,01-14-2021_12-44-39,ZEC/USD,25.0,116.283,116.1,0.03934367018394928,-0.02287632981605072,0.06222,False,Bittrex,Binance US
3626,01-14-2021_12-44-51,ZEC/USD,25.0,116.531,116.11,0.09031931417391219,0.02809931417391219,0.06222,True,Bittrex,Binance US
3627,01-14-2021_12-45-01,ZEC/USD,25.0,116.525,116.11,0.08903668740613735,0.02681668740613735,0.06222,True,Bittrex,Binance US
3628,01-14-2021_12-45-12,ZEC/USD,25.0,116.521,116.11,0.08818152950970241,0.025961529509702416,0.06222,True,Bittrex,Binance US
3629,01-14-2021_12-45-22,ZEC/USD,25.0,116.678,116.22,0.09813332419136393,0.035913324191363935,0.06222,True,Bittrex,Binance US
3630,01-14-2021_12-45-32,ZEC/USD,25.0,116.939,116.32,0.13233395188944658,0.07012395188944658,0.06221,True,Bittrex,Binance US
3631,01-14-2021_12-45-43,ZEC/USD,25.0,116.933,116.43,0.10754021533698786,0.04533021533698786,0.06221,True,Bittrex,Binance US
3632,01-14-2021_12-45-54,ZEC/USD,25.0,116.987,116.47,0.11048236128800548,0.04827236128800548,0.06221,True,Bittrex,Binance US
3633,01-14-2021_12-46-06,ZEC/USD,25.0,117.082,116.77,0.06661997574349551,-0.06038002425650449,0.127,False,Bittrex,Kraken
3634,01-14-2021_12-46-15,ZEC/USD,25.0,117.078,116.77,0.06576812039836838,-0.06123187960163162,0.127,False,Bittrex,Kraken
3635,01-14-2021_12-46-25,ZEC/USD,25.0,116.882,116.74,0.030372512448454448,-0.09662748755154556,0.127,False,Bittrex,Kraken
3636,01-14-2021_12-46-36,ZEC/USD,25.0,116.854,116.72,0.02866825269139275,-0.09833174730860725,0.127,False,Bittrex,Kraken
3637,01-14-2021_12-46-46,ZEC/USD,25.0,117.016,116.77,0.05255691529363705,-0.07444308470636296,0.127,False,Bittrex,Kraken
3638,01-14-2021_12-46-56,ZEC/USD,25.0,116.814,116.77,0.009416679507592611,-0.11758332049240738,0.127,False,Bittrex,Kraken
3639,01-14-2021_12-47-07,ZEC/USD,25.0,116.949,116.77,0.038264542663896665,-0.08873545733610333,0.127,False,Bittrex,Kraken
3640,01-14-2021_12-47-17,ZEC/USD,25.0,117.112,116.77,0.0730070359997265,-0.05399296400027351,0.127,False,Bittrex,Kraken
3641,01-14-2021_12-47-28,ZEC/USD,25.0,117.111,116.91,0.04290801034915755,-0.08409198965084244,0.127,False,Bittrex,Kraken
3642,01-14-2021_12-47-39,ZEC/USD,25.0,117.366,117.09,0.05879045038597129,-0.0034195496140287107,0.06221,False,Bittrex,Binance US
3643,01-14-2021_12-47-48,ZEC/USD,25.0,117.454,117.09,0.07747713998671611,0.01526713998671611,0.06221,True,Bittrex,Binance US
3644,01-14-2021_12-47-58,ZEC/USD,25.0,117.355,117.09,0.056452643687955474,-0.005757356312044527,0.06221,False,Bittrex,Binance US
3645,01-14-2021_12-48-08,ZEC/USD,25.0,117.355,117.09,0.056452643687955474,-0.005757356312044527,0.06221,False,Bittrex,Binance US
3646,01-14-2021_12-48-19,ZEC/USD,25.0,117.429,117.09,0.07217126944792143,0.009961269447921431,0.06221,True,Bittrex,Binance US
3647,01-14-2021_12-48-30,ZEC/USD,25.0,117.421,117.09,0.07047291370368228,0.008262913703682276,0.06221,False,Bittrex,Binance US
3648,01-14-2021_12-48-40,ZEC/USD,25.0,117.414,117.09,0.06898666257856773,0.006776662578567724,0.06221,False,Bittrex,Binance US
3649,01-14-2021_12-48-50,ZEC/USD,25.0,117.433,117.09,0.07302036054601421,0.010810360546014211,0.06221,True,Bittrex,Binance US
3650,01-14-2021_12-49-00,ZEC/USD,25.0,117.329,117.09,0.05092517621389216,-0.011284823786107845,0.06221,False,Bittrex,Binance US
3651,01-14-2021_12-49-11,ZEC/USD,25.0,117.24,117.09,0.031985670419650176,-0.030224329580349825,0.06221,False,Bittrex,Binance US
3652,01-14-2021_12-49-22,ZEC/USD,25.0,116.773,116.57,0.043460388959777295,-0.1385396110402227,0.182,False,Bittrex,Coinbase Pro
3653,01-14-2021_12-49-32,ZEC/USD,25.0,116.469,116.29,0.03842224111136608,-0.08857775888863392,0.127,False,Bittrex,Kraken
3654,01-14-2021_12-49-42,ZEC/USD,25.0,116.39,116.28,0.02362745940372872,-0.1263725405962713,0.15,False,Binance US,Coinbase Pro
3655,01-14-2021_12-49-54,ZEC/USD,25.0,116.248,116.1,0.03182850457642504,-0.030391495423574957,0.06222,False,Bittrex,Binance US
3656,01-14-2021_12-50-05,ZEC/USD,25.0,116.352,116.24,0.024064906490650993,-0.157935093509349,0.182,False,Bittrex,Coinbase Pro
3657,01-14-2021_12-50-14,ZEC/USD,25.0,116.651,116.29,0.07736753221146625,0.015157532211466249,0.06221,True,Bittrex,Binance US
3658,01-14-2021_12-50-24,ZEC/USD,25.0,116.949,116.29,0.14087337215367207,0.07866337215367207,0.06221,True,Bittrex,Binance US
3659,01-14-2021_12-50-36,ZEC/USD,25.0,116.871,116.29,0.12428232837915071,0.06207232837915071,0.06221,True,Bittrex,Binance US
3660,01-14-2021_12-50-47,ZEC/USD,25.0,117.25,116.29,0.20469083155650186,0.13948083155650187,0.06521,True,Kraken,Binance US
3661,01-14-2021_12-50-57,ZEC/USD,25.0,117.29,117.05,0.05115525620257675,-0.011054743797423251,0.06221,False,Bittrex,Binance US
3662,01-14-2021_12-51-08,ZEC/USD,25.0,117.287,117.05,0.05051710760783569,-0.011692892392164311,0.06221,False,Bittrex,Binance US
3663,01-14-2021_12-51-18,ZEC/USD,25.0,117.432,117.05,0.08132365964984098,0.019113659649840978,0.06221,True,Bittrex,Binance US
3664,01-14-2021_12-51-29,ZEC/USD,25.0,117.424,117.05,0.079625970840716,0.017415970840716,0.06221,True,Bittrex,Binance US
3665,01-14-2021_12-51-40,ZEC/USD,25.0,117.364,117.05,0.06688592754166676,0.004675927541666763,0.06221,False,Bittrex,Binance US
3666,01-14-2021_12-51-50,ZEC/USD,25.0,117.364,117.05,0.06688592754166676,0.004675927541666763,0.06221,False,Bittrex,Binance US
3667,01-14-2021_12-52-00,ZEC/USD,25.0,117.512,117.05,0.09828783443393085,0.03607783443393085,0.06221,True,Bittrex,Binance US
3668,01-14-2021_12-52-10,ZEC/USD,25.0,117.488,117.05,0.0932010077624954,0.0309910077624954,0.06221,True,Bittrex,Binance US
3669,01-14-2021_12-52-19,ZEC/USD,25.0,117.368,117.05,0.06773566900688388,0.005525669006883879,0.06221,False,Bittrex,Binance US
3670,01-14-2021_12-52-31,ZEC/USD,25.0,117.349,117.05,0.06369888111530703,0.0014888811153070253,0.06221,False,Bittrex,Binance US
3671,01-14-2021_12-52-42,ZEC/USD,25.0,117.343,117.05,0.06242383440000818,0.00021383440000817544,0.06221,False,Bittrex,Binance US
3672,01-14-2021_12-52-52,ZEC/USD,25.0,117.287,117.05,0.05051710760783569,-0.011692892392164311,0.06221,False,Bittrex,Binance US
3673,01-14-2021_12-53-01,ZEC/USD,25.0,117.387,117.05,0.07177115012735723,0.009561150127357226,0.06221,True,Bittrex,Binance US
3674,01-14-2021_12-53-11,ZEC/USD,25.0,117.387,117.05,0.07177115012735723,0.009561150127357226,0.06221,True,Bittrex,Binance US
3675,01-14-2021_12-53-22,ZEC/USD,25.0,117.387,117.05,0.07177115012735723,0.009561150127357226,0.06221,True,Bittrex,Binance US
3676,01-14-2021_12-53-33,ZEC/USD,25.0,117.387,117.05,0.07177115012735723,0.009561150127357226,0.06221,True,Bittrex,Binance US
3677,01-14-2021_12-53-44,ZEC/USD,25.0,117.388,117.05,0.07198350768392171,0.009773507683921712,0.06221,True,Bittrex,Binance US
3678,01-14-2021_12-53-54,ZEC/USD,25.0,117.544,117.05,0.10506703872592386,0.04285703872592386,0.06221,True,Bittrex,Binance US
3679,01-14-2021_12-54-04,ZEC/USD,25.0,117.393,117.05,0.07304524119836862,0.010835241198368623,0.06221,True,Bittrex,Binance US
3680,01-14-2021_12-54-13,ZEC/USD,25.0,117.257,117.05,0.04413382569910706,-0.018076174300892943,0.06221,False,Bittrex,Binance US
3681,01-14-2021_12-54-24,ZEC/USD,25.0,116.86,116.79,0.014975183980830305,-0.10523481601916969,0.12021,False,Coinbase Pro,Binance US
3682,01-14-2021_12-54-34,ZEC/USD,25.0,117.884,116.95,0.1980760747853817,0.1358660747853817,0.06221,True,Bittrex,Binance US
3683,01-14-2021_12-54-44,ZEC/USD,25.0,116.61,116.55,0.012863390789812681,-0.1721366092101873,0.185,False,Kraken,Coinbase Pro
3684,01-14-2021_12-54-55,ZEC/USD,25.0,117.267,116.64,0.13366931873416973,0.006669318734169732,0.127,False,Bittrex,Kraken
3685,01-14-2021_12-55-04,ZEC/USD,25.0,117.079,117.0,0.016868951733443556,-0.16513104826655645,0.182,False,Bittrex,Coinbase Pro
3686,01-14-2021_12-55-14,ZEC/USD,25.0,117.241,117.05,0.04072807294376594,-0.021481927056234064,0.06221,False,Bittrex,Binance US
3687,01-14-2021_12-55-24,ZEC/USD,25.0,117.308,117.05,0.054983462338461526,-0.007226537661538475,0.06221,False,Bittrex,Binance US
3688,01-14-2021_12-55-33,ZEC/USD,25.0,117.803,117.05,0.15980068419310206,0.09759068419310206,0.06221,True,Bittrex,Binance US
3689,01-14-2021_12-55-43,ZEC/USD,25.0,117.435,117.05,0.08196023332056139,0.01975023332056139,0.06221,True,Bittrex,Binance US
3690,01-14-2021_12-55-53,ZEC/USD,25.0,117.527,117.05,0.10146604610004592,0.03925604610004592,0.06221,True,Bittrex,Binance US
3691,01-14-2021_12-56-04,ZEC/USD,25.0,117.63,117.05,0.12326787384170669,0.06105787384170669,0.06221,True,Bittrex,Binance US
3692,01-14-2021_12-56-15,ZEC/USD,25.0,117.433,117.05,0.0815358544872416,0.019325854487241598,0.06221,True,Bittrex,Binance US
3693,01-14-2021_12-56-25,ZEC/USD,25.0,117.486,117.05,0.09277701172905858,0.030567011729058582,0.06221,True,Bittrex,Binance US
3694,01-14-2021_12-56-37,ZEC/USD,25.0,117.052,116.85,0.04314321839866307,-0.1388567816013369,0.182,False,Bittrex,Coinbase Pro
3695,01-14-2021_12-56-47,ZEC/USD,25.0,117.018,116.88,0.029482643695842782,-0.15251735630415722,0.182,False,Bittrex,Coinbase Pro
3696,01-14-2021_12-56-57,ZEC/USD,25.0,117.361,117.05,0.06624858343061303,0.00403858343061303,0.06221,False,Bittrex,Binance US
3697,01-14-2021_12-57-07,ZEC/USD,25.0,117.654,117.05,0.1283424277967598,0.0661324277967598,0.06221,True,Bittrex,Binance US
3698,01-14-2021_12-57-18,ZEC/USD,25.0,117.65,117.05,0.1274968125796873,0.06228681257968731,0.06521,True,Kraken,Binance US
3699,01-14-2021_12-57-29,ZEC/USD,25.0,117.613,117.05,0.11967214508600289,0.05746214508600289,0.06221,True,Bittrex,Binance US
3700,01-14-2021_12-57-40,ZEC/USD,25.0,117.815,117.05,0.162330772821797,0.100120772821797,0.06221,True,Bittrex,Binance US
3701,01-14-2021_12-57-51,ZEC/USD,25.0,117.813,117.05,0.1619091271761192,0.09969912717611919,0.06221,True,Bittrex,Binance US
3702,01-14-2021_12-58-02,ZEC/USD,25.0,117.809,117.09,0.15257747710276678,0.09036747710276678,0.06221,True,Bittrex,Binance US
3703,01-14-2021_12-58-13,ZEC/USD,25.0,117.806,117.09,0.1519447226796585,0.0897347226796585,0.06221,True,Bittrex,Binance US
3704,01-14-2021_12-58-25,ZEC/USD,25.0,117.804,117.09,0.15152286849342947,0.08931286849342947,0.06221,True,Bittrex,Binance US
3705,01-14-2021_12-58-36,ZEC/USD,25.0,117.763,117.09,0.1428716999397098,0.0806616999397098,0.06221,True,Bittrex,Binance US
3706,01-14-2021_12-58-47,ZEC/USD,25.0,117.52,117.09,0.09147379169502907,0.02626379169502907,0.06521,True,Kraken,Binance US
3707,01-14-2021_12-58-58,ZEC/USD,25.0,117.59,117.09,0.10630155625478356,0.04109155625478356,0.06521,True,Kraken,Binance US
3708,01-14-2021_12-59-08,ZEC/USD,25.0,117.662,117.09,0.12153456511023157,0.05932456511023157,0.06221,True,Bittrex,Binance US
3709,01-14-2021_12-59-19,ZEC/USD,25.0,117.525,117.09,0.09253350350989199,0.03032350350989199,0.06221,True,Bittrex,Binance US
3710,01-14-2021_12-59-29,ZEC/USD,25.0,117.41,117.09,0.06813729665275385,0.0059272966527538495,0.06221,False,Bittrex,Binance US
3711,01-14-2021_12-59-41,ZEC/USD,25.0,117.576,117.09,0.10333741579914056,0.04112741579914056,0.06221,True,Bittrex,Binance US
3712,01-14-2021_12-59-53,ZEC/USD,25.0,117.665,117.09,0.12216886924744036,0.05995886924744036,0.06221,True,Bittrex,Binance US
3713,01-14-2021_13-00-05,ZEC/USD,25.0,117.66,117.09,0.12111167771544985,0.05890167771544985,0.06221,True,Bittrex,Binance US
3714,01-14-2021_13-00-17,ZEC/USD,25.0,117.583,117.09,0.10481957425818252,0.042609574258182514,0.06221,True,Bittrex,Binance US
3715,01-14-2021_13-00-29,ZEC/USD,25.0,117.315,117.09,0.04794783275795813,-0.014262167242041872,0.06221,False,Bittrex,Binance US
3716,01-14-2021_13-00-39,ZEC/USD,25.0,117.31,117.09,0.04688432358707673,-0.015325676412923268,0.06221,False,Bittrex,Binance US
3717,01-14-2021_13-00-50,ZEC/USD,25.0,117.284,117.09,0.0413526141673209,-0.0208573858326791,0.06221,False,Bittrex,Binance US
3718,01-14-2021_13-01-01,ZEC/USD,25.0,117.266,117.09,0.03752153224293528,-0.024688467757064722,0.06221,False,Bittrex,Binance US
3719,01-14-2021_13-01-12,ZEC/USD,25.0,117.266,117.08,0.03965343748401221,-0.1423465625159878,0.182,False,Bittrex,Coinbase Pro
3720,01-14-2021_13-01-24,ZEC/USD,25.0,116.962,116.77,0.041038969921856516,-0.14096103007814348,0.182,False,Bittrex,Coinbase Pro
3721,01-14-2021_13-01-34,ZEC/USD,25.0,116.801,116.76,0.008775609797860637,-0.17322439020213937,0.182,False,Bittrex,Coinbase Pro
3722,01-14-2021_13-01-46,ZEC/USD,25.0,116.904,116.77,0.028655991240676186,-0.09834400875932381,0.127,False,Bittrex,Kraken
3723,01-14-2021_13-01-58,ZEC/USD,25.0,117.221,117.06,0.03433685090555476,-0.14766314909444522,0.182,False,Bittrex,Coinbase Pro
3724,01-14-2021_13-02-10,ZEC/USD,25.0,117.367,117.09,0.05900295653803901,-0.00320704346196099,0.06221,False,Bittrex,Binance US
3725,01-14-2021_13-02-20,ZEC/USD,25.0,117.221,117.09,0.02793867992936424,-0.03427132007063576,0.06221,False,Bittrex,Binance US
3726,01-14-2021_13-02-31,ZEC/USD,25.0,117.22,117.09,0.027725644088038615,-0.03448435591196139,0.06221,False,Bittrex,Binance US
3727,01-14-2021_13-02-42,ZEC/USD,25.0,117.133,116.92,0.04546114246198635,-0.13653885753801365,0.182,False,Bittrex,Coinbase Pro
3728,01-14-2021_13-02-53,ZEC/USD,25.0,116.974,116.8,0.03718775112418285,-0.14481224887581715,0.182,False,Bittrex,Coinbase Pro
3729,01-14-2021_13-03-03,ZEC/USD,25.0,116.932,116.8,0.02822153046215001,-0.15377846953785,0.182,False,Bittrex,Coinbase Pro
3730,01-14-2021_13-03-14,ZEC/USD,25.0,116.737,116.61,0.027197889272466174,-0.15480211072753383,0.182,False,Bittrex,Coinbase Pro
3731,01-14-2021_13-03-25,ZEC/USD,25.0,116.941,116.82,0.025867745273259447,-0.10113225472674056,0.127,False,Bittrex,Kraken
3732,01-14-2021_13-03-35,ZEC/USD,25.0,117.756,116.89,0.18385475050103595,0.056854750501035944,0.127,True,Bittrex,Kraken
3733,01-14-2021_13-03-47,ZEC/USD,25.0,117.137,116.89,0.052716050436668146,-0.07428394956333186,0.127,False,Bittrex,Kraken
3734,01-14-2021_13-03-57,ZEC/USD,25.0,117.326,117.09,0.05028723386120511,-0.011922766138794894,0.06221,False,Bittrex,Binance US
3735,01-14-2021_13-04-08,ZEC/USD,25.0,117.24,117.09,0.031985670419650176,-0.08822432958034981,0.12021,False,Coinbase Pro,Binance US
3736,01-14-2021_13-04-18,ZEC/USD,25.0,117.214,117.09,0.026447352705307223,-0.03576264729469278,0.06221,False,Bittrex,Binance US
3737,01-14-2021_13-04-30,ZEC/USD,25.0,117.257,116.99,0.05692623894522504,-0.12507376105477497,0.182,False,Bittrex,Coinbase Pro
3738,01-14-2021_13-04-40,ZEC/USD,25.0,117.212,117.0,0.04521721325461627,-0.13678278674538372,0.182,False,Bittrex,Coinbase Pro
3739,01-14-2021_13-04-51,ZEC/USD,25.0,117.212,117.0,0.04521721325461627,-0.13678278674538372,0.182,False,Bittrex,Coinbase Pro
3740,01-14-2021_13-05-02,ZEC/USD,25.0,117.114,117.0,0.024335263077002817,-0.15766473692299718,0.182,False,Bittrex,Coinbase Pro
3741,01-14-2021_13-05-13,ZEC/USD,25.0,117.927,117.0,0.19651988094329684,0.014519880943296842,0.182,True,Bittrex,Coinbase Pro
3742,01-14-2021_13-05-24,ZEC/USD,25.0,117.191,117.0,0.04074544973590175,-0.14125455026409825,0.182,False,Bittrex,Coinbase Pro
3743,01-14-2021_13-05-36,ZEC/USD,25.0,117.2,117.0,0.04266211604095623,-0.13933788395904376,0.182,False,Bittrex,Coinbase Pro
3744,01-14-2021_13-05-46,ZEC/USD,25.0,117.197,117.0,0.04202325998105812,-0.1399767400189419,0.182,False,Bittrex,Coinbase Pro
3745,01-14-2021_13-05-57,ZEC/USD,25.0,117.195,117.0,0.04159733777038124,-0.14040266222961875,0.182,False,Bittrex,Coinbase Pro
3746,01-14-2021_13-06-08,ZEC/USD,25.0,117.269,117.0,0.057346783890031776,-0.12465321610996821,0.182,False,Bittrex,Coinbase Pro
3747,01-14-2021_13-06-18,ZEC/USD,25.0,117.393,117.08,0.06665644459209713,0.004446444592097129,0.06221,False,Bittrex,Binance US
3748,01-14-2021_13-06-28,ZEC/USD,25.0,117.602,117.08,0.11096750055271287,0.04875750055271287,0.06221,True,Bittrex,Binance US
3749,01-14-2021_13-06-39,ZEC/USD,25.0,117.528,117.08,0.09529643999727883,0.033086439997278824,0.06221,True,Bittrex,Binance US
3750,01-14-2021_13-06-50,ZEC/USD,25.0,117.571,117.08,0.10440499783109773,0.04219499783109773,0.06221,True,Bittrex,Binance US
3751,01-14-2021_13-07-02,ZEC/USD,25.0,117.563,117.08,0.10271088692871143,0.04050088692871143,0.06221,True,Bittrex,Binance US
3752,01-14-2021_13-07-12,ZEC/USD,25.0,117.558,117.08,0.10165195052655043,0.03944195052655043,0.06221,True,Bittrex,Binance US
3753,01-14-2021_13-07-24,ZEC/USD,25.0,117.529,117.08,0.09550834262182059,0.03329834262182059,0.06221,True,Bittrex,Binance US
3754,01-14-2021_13-07-36,ZEC/USD,25.0,117.197,117.06,0.029224297550278687,-0.1527757024497213,0.182,False,Bittrex,Coinbase Pro
3755,01-14-2021_13-07-48,ZEC/USD,25.0,116.969,116.9,0.014747497200110373,-0.16725250279988962,0.182,False,Bittrex,Coinbase Pro
3756,01-14-2021_13-08-00,ZEC/USD,25.0,116.854,116.59,0.056480736645727954,-0.12551926335427205,0.182,False,Bittrex,Coinbase Pro
3757,01-14-2021_13-08-12,ZEC/USD,25.0,116.42,116.29,0.027916165607282994,-0.154083834392717,0.182,False,Bittrex,Coinbase Pro
3758,01-14-2021_13-08-23,ZEC/USD,25.0,116.54,116.44,0.021451862021625304,-0.0437581379783747,0.06521,False,Kraken,Binance US
3759,01-14-2021_13-08-35,ZEC/USD,25.0,116.471,116.31,0.034557958633479866,-0.14744204136652012,0.182,False,Bittrex,Coinbase Pro
3760,01-14-2021_13-08-48,ZEC/USD,25.0,116.674,116.53,0.03085520338721683,-0.031354796612783176,0.06221,False,Bittrex,Binance US
3761,01-14-2021_13-09-00,ZEC/USD,25.0,116.407,116.3,0.022979717714570285,-0.10402028228542971,0.127,False,Bittrex,Kraken
3762,01-14-2021_13-09-12,ZEC/USD,25.0,116.405,116.26,0.031141274000256864,-0.15085872599974312,0.182,False,Bittrex,Coinbase Pro
3763,01-14-2021_13-09-25,ZEC/USD,25.0,116.12,115.93,0.040905959352393585,-0.14409404064760642,0.185,False,Kraken,Coinbase Pro
3764,01-14-2021_13-09-37,ZEC/USD,25.0,116.057,115.92,0.02951136079684992,-0.1524886392031501,0.182,False,Bittrex,Coinbase Pro
3765,01-14-2021_13-09-49,ZEC/USD,25.0,116.282,116.16,0.026229339020656654,-0.15577066097934333,0.182,False,Bittrex,Coinbase Pro
3766,01-14-2021_13-10-02,ZEC/USD,25.0,116.472,116.33,0.03047942853217853,-0.15152057146782147,0.182,False,Bittrex,Coinbase Pro
3767,01-14-2021_13-10-12,ZEC/USD,25.0,116.333,116.19,0.030730747079504673,-0.1512692529204953,0.182,False,Bittrex,Coinbase Pro
3768,01-14-2021_13-10-34,ZEC/USD,25.0,116.304,116.2,0.022355207043609677,-0.1596447929563903,0.182,False,Bittrex,Coinbase Pro
3769,01-14-2021_13-10-46,ZEC/USD,25.0,116.164,116.06,0.02238214937502135,-0.15961785062497863,0.182,False,Bittrex,Coinbase Pro
3770,01-14-2021_13-10-57,ZEC/USD,25.0,116.053,115.95,0.022188138178244946,-0.10481186182175506,0.127,False,Bittrex,Kraken
3771,01-14-2021_13-11-10,ZEC/USD,25.0,116.035,115.9,0.029086051622353365,-0.15291394837764663,0.182,False,Bittrex,Coinbase Pro
3772,01-14-2021_13-11-21,ZEC/USD,25.0,115.989,115.85,0.029959737561322624,-0.15204026243867738,0.182,False,Bittrex,Coinbase Pro
3773,01-14-2021_13-11-44,ZEC/USD,25.0,116.09,115.9,0.040916530278231916,-0.08608346972176809,0.127,False,Bittrex,Kraken
3774,01-14-2021_13-11-55,ZEC/USD,25.0,116.163,116.0,0.03508001687284176,-0.09191998312715824,0.127,False,Bittrex,Kraken
3775,01-14-2021_13-12-08,ZEC/USD,25.0,116.15,115.92,0.04950495049505036,-0.13249504950494964,0.182,False,Bittrex,Coinbase Pro
3776,01-14-2021_13-12-19,ZEC/USD,25.0,115.867,115.8,0.014456229987832444,-0.16754377001216755,0.182,False,Bittrex,Coinbase Pro
3777,01-14-2021_13-12-31,ZEC/USD,25.0,115.846,115.68,0.03582342074823404,-0.09117657925176596,0.127,False,Bittrex,Kraken
3778,01-14-2021_13-12-41,ZEC/USD,25.0,115.745,115.66,0.018359324376864647,-0.16364067562313533,0.182,False,Bittrex,Coinbase Pro
3779,01-14-2021_13-12-51,ZEC/USD,25.0,115.75,115.66,0.019438444924406783,-0.1205615550755932,0.13999999999999999,False,Binance US,Coinbase Pro
3780,01-14-2021_13-13-00,ZEC/USD,25.0,115.837,115.73,0.02309279418493213,-0.03912720581506787,0.06222,False,Bittrex,Binance US
3781,01-14-2021_13-13-11,ZEC/USD,25.0,115.87,115.77,0.021575904030380712,-0.1284240959696193,0.15,False,Binance US,Coinbase Pro
3782,01-14-2021_13-13-21,ZEC/USD,25.0,115.831,115.74,0.019640683409451742,-0.16235931659054825,0.182,False,Bittrex,Coinbase Pro
3783,01-14-2021_13-13-32,ZEC/USD,25.0,115.87,115.76,0.023733494433416637,-0.16126650556658337,0.185,False,Coinbase Pro,Kraken
3784,01-14-2021_13-13-41,ZEC/USD,25.0,116.019,115.83,0.04072608796835155,-0.14127391203164844,0.182,False,Bittrex,Coinbase Pro
3785,01-14-2021_13-13-52,ZEC/USD,25.0,116.111,115.87,0.0518900018086141,-0.1301099981913859,0.182,False,Bittrex,Coinbase Pro
3786,01-14-2021_13-14-03,ZEC/USD,25.0,116.049,115.87,0.03856129738300245,-0.14343870261699754,0.182,False,Bittrex,Coinbase Pro
3787,01-14-2021_13-14-13,ZEC/USD,25.0,116.168,115.87,0.06413125817781183,-0.11786874182218816,0.182,False,Bittrex,Coinbase Pro
3788,01-14-2021_13-14-24,ZEC/USD,25.0,116.124,115.87,0.05468292514897668,-0.1273170748510233,0.182,False,Bittrex,Coinbase Pro
3789,01-14-2021_13-14-34,ZEC/USD,25.0,116.116,115.87,0.05296427710220708,-0.12903572289779291,0.182,False,Bittrex,Coinbase Pro
3790,01-14-2021_13-14-44,ZEC/USD,25.0,116.109,115.87,0.05146026578473463,-0.13053973421526538,0.182,False,Bittrex,Coinbase Pro
3791,01-14-2021_13-14-55,ZEC/USD,25.0,116.107,115.87,0.05103051495603081,-0.13096948504396919,0.182,False,Bittrex,Coinbase Pro
3792,01-14-2021_13-15-06,ZEC/USD,25.0,116.132,115.87,0.05640133641029184,-0.12559866358970817,0.182,False,Bittrex,Coinbase Pro
3793,01-14-2021_13-15-16,ZEC/USD,25.0,116.057,115.84,0.04674427221106843,-0.13525572778893158,0.182,False,Bittrex,Coinbase Pro
3794,01-14-2021_13-15-27,ZEC/USD,25.0,115.822,115.73,0.019858058054600756,-0.16214194194539924,0.182,False,Bittrex,Coinbase Pro
3795,01-14-2021_13-15-37,ZEC/USD,25.0,115.821,115.68,0.030434895226252392,-0.1515651047737476,0.182,False,Bittrex,Coinbase Pro
3796,01-14-2021_13-15-47,ZEC/USD,25.0,115.704,115.61,0.020310447348405,-0.161689552651595,0.182,False,Bittrex,Coinbase Pro
3797,01-14-2021_13-15-57,ZEC/USD,25.0,115.703,115.55,0.03305877980692069,-0.14894122019307932,0.182,False,Bittrex,Coinbase Pro
3798,01-14-2021_13-16-08,ZEC/USD,25.0,115.703,115.47,0.05034441630727036,-0.07665558369272965,0.127,False,Bittrex,Kraken
3799,01-14-2021_13-16-19,ZEC/USD,25.0,115.47,115.31,0.03464103230276189,-0.1053589676972381,0.13999999999999999,False,Binance US,Coinbase Pro
3800,01-14-2021_13-16-30,ZEC/USD,25.0,115.337,115.22,0.02536046541873042,-0.15663953458126958,0.182,False,Bittrex,Coinbase Pro
3801,01-14-2021_13-16-42,ZEC/USD,25.0,115.308,115.22,0.019079335345337716,-0.1629206646546623,0.182,False,Bittrex,Coinbase Pro
3802,01-14-2021_13-16-52,ZEC/USD,25.0,115.29,115.15,0.030358227079538676,-0.10964177292046132,0.13999999999999999,False,Binance US,Coinbase Pro
3803,01-14-2021_13-17-03,ZEC/USD,25.0,115.177,115.1,0.016713406322445536,-0.11028659367755447,0.127,False,Bittrex,Kraken
3804,01-14-2021_13-17-14,ZEC/USD,25.0,115.27,115.13,0.03036349440444187,-0.15163650559555814,0.182,False,Bittrex,Coinbase Pro
3805,01-14-2021_13-17-24,ZEC/USD,25.0,115.269,115.12,0.03231571367843932,-0.14968428632156067,0.182,False,Bittrex,Coinbase Pro
3806,01-14-2021_13-17-34,ZEC/USD,25.0,115.269,115.14,0.027978033990059097,-0.1540219660099409,0.182,False,Bittrex,Coinbase Pro
3807,01-14-2021_13-17-44,ZEC/USD,25.0,115.375,115.27,0.022751895991333475,-0.10424810400866652,0.127,False,Bittrex,Kraken
3808,01-14-2021_13-17-56,ZEC/USD,25.0,115.436,115.31,0.027287847811775522,-0.03493215218822447,0.06222,False,Bittrex,Binance US
3809,01-14-2021_13-18-07,ZEC/USD,25.0,115.432,115.31,0.02642248250051976,-0.15557751749948023,0.182,False,Bittrex,Coinbase Pro
3810,01-14-2021_13-18-18,ZEC/USD,25.0,115.428,115.37,0.01256194337595573,-0.11443805662404427,0.127,False,Bittrex,Kraken
3811,01-14-2021_13-18-29,ZEC/USD,25.0,115.392,115.24,0.03293122573488652,-0.14906877426511347,0.182,False,Bittrex,Coinbase Pro
3812,01-14-2021_13-18-40,ZEC/USD,25.0,115.36,115.26,0.02167128987517214,-0.12832871012482785,0.15,False,Binance US,Coinbase Pro
3813,01-14-2021_13-18-51,ZEC/USD,25.0,115.524,115.38,0.031162355874105263,-0.15083764412589473,0.182,False,Bittrex,Coinbase Pro
3814,01-14-2021_13-19-01,ZEC/USD,25.0,115.524,115.41,0.024670198400333333,-0.15732980159966667,0.182,False,Bittrex,Coinbase Pro
3815,01-14-2021_13-19-13,ZEC/USD,25.0,115.522,115.41,0.024237807517184816,-0.15776219248281517,0.182,False,Bittrex,Coinbase Pro
3816,01-14-2021_13-19-24,ZEC/USD,25.0,115.685,115.44,0.052945498552103676,-0.12905450144789632,0.182,False,Bittrex,Coinbase Pro
3817,01-14-2021_13-19-35,ZEC/USD,25.0,115.682,115.58,0.022043187358448995,-0.040176812641551,0.06222,False,Bittrex,Binance US
3818,01-14-2021_13-19-46,ZEC/USD,25.0,115.732,115.58,0.03283447965990414,-0.14916552034009586,0.182,False,Bittrex,Coinbase Pro
3819,01-14-2021_13-19-58,ZEC/USD,25.0,115.867,115.73,0.029559753855713973,-0.15244024614428603,0.182,False,Bittrex,Coinbase Pro
3820,01-14-2021_13-20-08,ZEC/USD,25.0,115.994,115.74,0.05474421090746179,-0.1272557890925382,0.182,False,Bittrex,Coinbase Pro
3821,01-14-2021_13-20-19,ZEC/USD,25.0,116.099,115.76,0.07299804477213383,-0.054001955227866175,0.127,False,Bittrex,Kraken
3822,01-14-2021_13-20-30,ZEC/USD,25.0,116.076,115.96,0.024983631413901163,-0.15701636858609883,0.182,False,Bittrex,Coinbase Pro
3823,01-14-2021_13-20-41,ZEC/USD,25.0,116.074,115.95,0.026707100642692428,-0.15529289935730756,0.182,False,Bittrex,Coinbase Pro
3824,01-14-2021_13-20-51,ZEC/USD,25.0,116.072,116.0,0.015507615962506617,-0.04671238403749338,0.06222,False,Bittrex,Binance US
3825,01-14-2021_13-21-02,ZEC/USD,25.0,116.244,116.0,0.05247582670933549,-0.009744173290664508,0.06222,False,Bittrex,Binance US
3826,01-14-2021_13-21-12,ZEC/USD,25.0,116.787,116.0,0.16846909330661933,0.10624909330661933,0.06222,True,Bittrex,Binance US
3827,01-14-2021_13-21-23,ZEC/USD,25.0,116.543,116.0,0.11648061230618878,0.05426061230618878,0.06222,True,Bittrex,Binance US
3828,01-14-2021_13-21-34,ZEC/USD,25.0,116.619,116.0,0.13269707337569345,0.07047707337569345,0.06222,True,Bittrex,Binance US
3829,01-14-2021_13-21-45,ZEC/USD,25.0,116.66,116.0,0.14143665352305773,0.07921665352305773,0.06222,True,Bittrex,Binance US
3830,01-14-2021_13-21-56,ZEC/USD,25.0,116.691,116.0,0.14804055154210746,0.08582055154210746,0.06222,True,Bittrex,Binance US
3831,01-14-2021_13-22-07,ZEC/USD,25.0,116.684,116.0,0.14654965547975676,0.08432965547975677,0.06222,True,Bittrex,Binance US
3832,01-14-2021_13-22-17,ZEC/USD,25.0,116.683,116.0,0.1463366557253428,0.0841166557253428,0.06222,True,Bittrex,Binance US
3833,01-14-2021_13-22-27,ZEC/USD,25.0,116.436,116.29,0.03134769315332045,-0.15065230684667955,0.182,False,Bittrex,Coinbase Pro
3834,01-14-2021_13-22-38,ZEC/USD,25.0,116.51,116.37,0.030040339884988533,-0.11995966011501147,0.15,False,Binance US,Coinbase Pro
3835,01-14-2021_13-22-48,ZEC/USD,25.0,116.385,116.24,0.031146625424240716,-0.15085337457575929,0.182,False,Bittrex,Coinbase Pro
3836,01-14-2021_13-22-59,ZEC/USD,25.0,116.27,116.08,0.0408531865485503,-0.1411468134514497,0.182,False,Bittrex,Coinbase Pro
3837,01-14-2021_13-23-10,ZEC/USD,25.0,116.012,115.72,0.06292452504913319,-0.1190754749508668,0.182,False,Bittrex,Coinbase Pro
3838,01-14-2021_13-23-20,ZEC/USD,25.0,115.857,115.72,0.029562305255616938,-0.15243769474438307,0.182,False,Bittrex,Coinbase Pro
3839,01-14-2021_13-23-30,ZEC/USD,25.0,115.921,115.78,0.030408640367147743,-0.031811359632852254,0.06222,False,Bittrex,Binance US
3840,01-14-2021_13-23-41,ZEC/USD,25.0,116.092,115.88,0.04565344726596219,-0.08134655273403782,0.127,False,Bittrex,Kraken
3841,01-14-2021_13-23-51,ZEC/USD,25.0,116.018,115.88,0.029736764984744875,-0.09726323501525513,0.127,False,Bittrex,Kraken
3842,01-14-2021_13-24-02,ZEC/USD,25.0,115.963,115.85,0.02436121866457395,-0.10263878133542606,0.127,False,Bittrex,Kraken
3843,01-14-2021_13-24-11,ZEC/USD,25.0,115.958,115.83,0.027596198623639618,-0.15440380137636037,0.182,False,Bittrex,Coinbase Pro
3844,01-14-2021_13-24-21,ZEC/USD,25.0,115.95,115.74,0.04527813712807416,-0.13672186287192584,0.182,False,Bittrex,Coinbase Pro
3845,01-14-2021_13-24-32,ZEC/USD,25.0,115.721,115.53,0.04126303782373175,-0.14073696217626824,0.182,False,Bittrex,Coinbase Pro
3846,01-14-2021_13-24-41,ZEC/USD,25.0,115.63,115.5,0.028106892674910372,-0.056893107325089634,0.085,False,Binance US,Kraken
3847,01-14-2021_13-24-52,ZEC/USD,25.0,115.65,115.56,0.019455252918288674,-0.13054474708171132,0.15,False,Binance US,Coinbase Pro
3848,01-14-2021_13-25-02,ZEC/USD,25.0,115.842,115.66,0.03927763678113339,-0.1427223632188666,0.182,False,Bittrex,Coinbase Pro
3849,01-14-2021_13-25-10,ZEC/USD,25.0,115.84,115.66,0.0388466850828744,-0.1431533149171256,0.182,False,Bittrex,Coinbase Pro
3850,01-14-2021_13-25-20,ZEC/USD,25.0,115.835,115.66,0.03776924073034859,-0.1442307592696514,0.182,False,Bittrex,Coinbase Pro
3851,01-14-2021_13-25-31,ZEC/USD,25.0,115.946,115.67,0.05951046176668368,-0.06748953823331633,0.127,False,Bittrex,Kraken
3852,01-14-2021_13-25-42,ZEC/USD,25.0,115.9,115.67,0.04961173425366781,-0.0773882657463322,0.127,False,Bittrex,Kraken
3853,01-14-2021_13-25-52,ZEC/USD,25.0,115.898,115.67,0.04918117655179434,-0.07781882344820566,0.127,False,Bittrex,Kraken
3854,01-14-2021_13-26-03,ZEC/USD,25.0,115.84,115.67,0.03668853591160258,-0.09031146408839742,0.127,False,Bittrex,Kraken
3855,01-14-2021_13-26-13,ZEC/USD,25.0,115.918,115.67,0.053486084991115415,-0.07351391500888459,0.127,False,Bittrex,Kraken
3856,01-14-2021_13-26-23,ZEC/USD,25.0,115.86,115.74,0.025893319523563902,-0.0691066804764361,0.095,False,Binance US,Kraken
3857,01-14-2021_13-26-34,ZEC/USD,25.0,115.879,115.82,0.01272879469101643,-0.16927120530898357,0.182,False,Bittrex,Coinbase Pro
3858,01-14-2021_13-26-43,ZEC/USD,25.0,115.851,115.71,0.030427014009375263,-0.15157298599062474,0.182,False,Bittrex,Coinbase Pro
3859,01-14-2021_13-26-55,ZEC/USD,25.0,115.67,115.58,0.019451888994554207,-0.16554811100544578,0.185,False,Kraken,Coinbase Pro
3860,01-14-2021_13-27-08,ZEC/USD,25.0,115.653,115.47,0.03955798811963523,-0.14244201188036476,0.182,False,Bittrex,Coinbase Pro
3861,01-14-2021_13-27-19,ZEC/USD,25.0,115.689,115.59,0.021393563778749392,-0.1606064362212506,0.182,False,Bittrex,Coinbase Pro
3862,01-14-2021_13-27-30,ZEC/USD,25.0,115.66,115.55,0.02377658654677491,-0.12622341345322508,0.15,False,Binance US,Coinbase Pro
3863,01-14-2021_13-27-40,ZEC/USD,25.0,115.66,115.52,0.030261110150441074,-0.11973888984955892,0.15,False,Binance US,Coinbase Pro
3864,01-14-2021_13-27-51,ZEC/USD,25.0,115.66,115.58,0.017292062943108744,-0.13270793705689124,0.15,False,Binance US,Coinbase Pro
3865,01-14-2021_13-28-01,ZEC/USD,25.0,115.67,115.54,0.028097172992131807,-0.12190282700786818,0.15,False,Binance US,Coinbase Pro
3866,01-14-2021_13-28-11,ZEC/USD,25.0,115.552,115.42,0.028558571032955938,-0.15344142896704405,0.182,False,Bittrex,Coinbase Pro
3867,01-14-2021_13-28-22,ZEC/USD,25.0,115.62,115.41,0.04540736896730842,-0.10459263103269158,0.15,False,Binance US,Coinbase Pro
3868,01-14-2021_13-28-34,ZEC/USD,25.0,115.537,115.41,0.027480374252406056,-0.15451962574759392,0.182,False,Bittrex,Coinbase Pro
3869,01-14-2021_13-28-45,ZEC/USD,25.0,115.412,115.3,0.024260908744326626,-0.15773909125567337,0.182,False,Bittrex,Coinbase Pro
3870,01-14-2021_13-28-56,ZEC/USD,25.0,115.45,115.25,0.04330879168471261,-0.1386912083152874,0.182,False,Bittrex,Coinbase Pro
3871,01-14-2021_13-29-06,ZEC/USD,25.0,115.522,115.25,0.05886324682744533,-0.12313675317255467,0.182,False,Bittrex,Coinbase Pro
3872,01-14-2021_13-29-17,ZEC/USD,25.0,115.513,115.25,0.0569200003462825,-0.1250799996537175,0.182,False,Bittrex,Coinbase Pro
3873,01-14-2021_13-29-28,ZEC/USD,25.0,115.465,115.25,0.04655090287100061,-0.13544909712899939,0.182,False,Bittrex,Coinbase Pro
3874,01-14-2021_13-29-39,ZEC/USD,25.0,115.454,115.24,0.04633880160063719,-0.1356611983993628,0.182,False,Bittrex,Coinbase Pro
3875,01-14-2021_13-29-49,ZEC/USD,25.0,115.51,115.25,0.056272184226475,-0.08372781577352498,0.13999999999999999,False,Binance US,Coinbase Pro
3876,01-14-2021_13-29-59,ZEC/USD,25.0,115.674,115.41,0.05705690129156293,-0.06994309870843707,0.127,False,Bittrex,Kraken
3877,01-14-2021_13-30-10,ZEC/USD,25.0,115.689,115.65,0.008427767549202445,-0.17357223245079756,0.182,False,Bittrex,Coinbase Pro
3878,01-14-2021_13-30-20,ZEC/USD,25.0,115.828,115.75,0.016835307524951427,-0.16516469247504856,0.182,False,Bittrex,Coinbase Pro
3879,01-14-2021_13-30-29,ZEC/USD,25.0,116.015,115.86,0.033400853337930685,-0.1485991466620693,0.182,False,Bittrex,Coinbase Pro
3880,01-14-2021_13-30-39,ZEC/USD,25.0,116.058,115.85,0.044805183615091726,-0.13719481638490827,0.182,False,Bittrex,Coinbase Pro
3881,01-14-2021_13-30-50,ZEC/USD,25.0,115.98,115.82,0.034488704949131484,-0.11551129505086852,0.15,False,Binance US,Coinbase Pro
3882,01-14-2021_13-31-01,ZEC/USD,25.0,115.81,115.7,0.023745790518953334,-0.06125420948104667,0.085,False,Binance US,Kraken
3883,01-14-2021_13-31-12,ZEC/USD,25.0,115.89,115.78,0.023729398567607092,-0.1262706014323929,0.15,False,Binance US,Coinbase Pro
3884,01-14-2021_13-31-23,ZEC/USD,25.0,115.87,115.74,0.02804867523949462,-0.12195132476050538,0.15,False,Binance US,Coinbase Pro
3885,01-14-2021_13-31-34,ZEC/USD,25.0,115.815,115.68,0.029141302940031713,-0.1528586970599683,0.182,False,Bittrex,Coinbase Pro
3886,01-14-2021_13-31-46,ZEC/USD,25.0,115.862,115.72,0.030639899190415303,-0.1513601008095847,0.182,False,Bittrex,Coinbase Pro
3887,01-14-2021_13-31-57,ZEC/USD,25.0,115.97,115.74,0.049581788393550916,-0.13241821160644907,0.182,False,Bittrex,Coinbase Pro
3888,01-14-2021_13-32-07,ZEC/USD,25.0,115.865,115.7,0.03560177793121134,-0.14639822206878866,0.182,False,Bittrex,Coinbase Pro
3889,01-14-2021_13-32-18,ZEC/USD,25.0,115.857,115.73,0.027404472755205845,-0.15459552724479414,0.182,False,Bittrex,Coinbase Pro
3890,01-14-2021_13-32-30,ZEC/USD,25.0,115.87,115.74,0.02804867523949462,-0.15695132476050538,0.185,False,Kraken,Coinbase Pro
3891,01-14-2021_13-32-39,ZEC/USD,25.0,115.844,115.72,0.02676012568626671,-0.1552398743137333,0.182,False,Bittrex,Coinbase Pro
3892,01-14-2021_13-32-51,ZEC/USD,25.0,115.734,115.58,0.03326593740819387,-0.14873406259180613,0.182,False,Bittrex,Coinbase Pro
3893,01-14-2021_13-33-03,ZEC/USD,25.0,115.76,115.65,0.023756046993780113,-0.16124395300621988,0.185,False,Kraken,Coinbase Pro
3894,01-14-2021_13-33-13,ZEC/USD,25.0,115.829,115.67,0.03431783059509964,-0.14768216940490037,0.182,False,Bittrex,Coinbase Pro
3895,01-14-2021_13-33-24,ZEC/USD,25.0,115.824,115.72,0.022447851913247517,-0.15955214808675247,0.182,False,Bittrex,Coinbase Pro
3896,01-14-2021_13-33-35,ZEC/USD,25.0,115.824,115.72,0.022447851913247517,-0.15955214808675247,0.182,False,Bittrex,Coinbase Pro
3897,01-14-2021_13-33-45,ZEC/USD,25.0,115.9,115.74,0.034512510785161946,-0.14748748921483806,0.182,False,Bittrex,Coinbase Pro
3898,01-14-2021_13-33-57,ZEC/USD,25.0,115.79,115.69,0.021590810950861152,-0.11840918904913883,0.13999999999999999,False,Binance US,Coinbase Pro
3899,01-14-2021_13-34-08,ZEC/USD,25.0,115.79,115.71,0.01727264876069015,-0.12272735123930983,0.13999999999999999,False,Binance US,Coinbase Pro
3900,01-14-2021_13-34-19,ZEC/USD,25.0,115.79,115.67,0.025908973141032157,-0.11409102685896783,0.13999999999999999,False,Binance US,Coinbase Pro
3901,01-14-2021_13-34-30,ZEC/USD,25.0,115.78,115.68,0.021592675764379496,-0.0734073242356205,0.095,False,Binance US,Kraken
3902,01-14-2021_13-34-41,ZEC/USD,25.0,115.77,115.62,0.03239181135008886,-0.03282818864991114,0.06522,False,Kraken,Binance US
3903,01-14-2021_13-34-53,ZEC/USD,25.0,115.736,115.66,0.016416672426904252,-0.04580332757309574,0.06222,False,Bittrex,Binance US
3904,01-14-2021_13-35-03,ZEC/USD,25.0,115.736,115.55,0.040177645676368424,-0.14182235432363158,0.182,False,Bittrex,Coinbase Pro
3905,01-14-2021_13-35-13,ZEC/USD,25.0,115.721,115.49,0.04990451171351975,-0.13209548828648024,0.182,False,Bittrex,Coinbase Pro
3906,01-14-2021_13-35-24,ZEC/USD,25.0,115.744,115.59,0.03326306331213635,-0.14873693668786364,0.182,False,Bittrex,Coinbase Pro
3907,01-14-2021_13-35-37,ZEC/USD,25.0,115.742,115.62,0.026351713293359343,-0.15564828670664066,0.182,False,Bittrex,Coinbase Pro
3908,01-14-2021_13-35-48,ZEC/USD,25.0,115.805,115.68,0.026985017918051895,-0.1550149820819481,0.182,False,Bittrex,Coinbase Pro
3909,01-14-2021_13-35-59,ZEC/USD,25.0,115.891,115.73,0.03473091094217872,-0.14726908905782127,0.182,False,Bittrex,Coinbase Pro
3910,01-14-2021_13-36-10,ZEC/USD,25.0,115.8,115.69,0.023747841105353936,-0.12625215889464605,0.15,False,Binance US,Coinbase Pro
3911,01-14-2021_13-36-22,ZEC/USD,25.0,115.865,115.69,0.037759461442195046,-0.14424053855780494,0.182,False,Bittrex,Coinbase Pro
3912,01-14-2021_13-36-33,ZEC/USD,25.0,115.859,115.73,0.02783555873950032,-0.15416444126049966,0.182,False,Bittrex,Coinbase Pro
3913,01-14-2021_13-36-45,ZEC/USD,25.0,115.855,115.69,0.03560485089120156,-0.14639514910879844,0.182,False,Bittrex,Coinbase Pro
3914,01-14-2021_13-36-55,ZEC/USD,25.0,115.726,115.67,0.012097540742788437,-0.11490245925721157,0.127,False,Bittrex,Kraken
3915,01-14-2021_13-37-07,ZEC/USD,25.0,115.783,115.67,0.024399091403746565,-0.15760090859625342,0.182,False,Bittrex,Coinbase Pro
3916,01-14-2021_13-37-18,ZEC/USD,25.0,115.781,115.64,0.030445409868632447,-0.15155459013136754,0.182,False,Bittrex,Coinbase Pro
3917,01-14-2021_13-37-29,ZEC/USD,25.0,115.88,115.7,0.038833275802552775,-0.14316672419744722,0.182,False,Bittrex,Coinbase Pro
3918,01-14-2021_13-37-41,ZEC/USD,25.0,115.873,115.7,0.03732534757881512,-0.14467465242118488,0.182,False,Bittrex,Coinbase Pro
3919,01-14-2021_13-37-53,ZEC/USD,25.0,115.873,115.68,0.04164041666307031,-0.1403595833369297,0.182,False,Bittrex,Coinbase Pro
3920,01-14-2021_13-38-04,ZEC/USD,25.0,115.827,115.74,0.018778005128338663,-0.16322199487166134,0.182,False,Bittrex,Coinbase Pro
3921,01-14-2021_13-38-25,ZEC/USD,25.0,115.805,115.65,0.03346142221838459,-0.1485385777816154,0.182,False,Bittrex,Coinbase Pro
3922,01-14-2021_13-38-37,ZEC/USD,25.0,115.805,115.67,0.029143819351497152,-0.15285618064850284,0.182,False,Bittrex,Coinbase Pro
3923,01-14-2021_13-38-48,ZEC/USD,25.0,115.802,115.62,0.03929120395157298,-0.02292879604842702,0.06222,False,Bittrex,Binance US
3924,01-14-2021_13-38-59,ZEC/USD,25.0,115.754,115.73,0.005183406188987186,-0.12181659381101281,0.127,False,Bittrex,Kraken
3925,01-14-2021_13-39-11,ZEC/USD,25.0,115.807,115.7,0.023098776412479236,-0.10390122358752077,0.127,False,Bittrex,Kraken
3926,01-14-2021_13-39-34,ZEC/USD,25.0,115.871,115.77,0.021791475002373134,-0.16020852499762686,0.182,False,Bittrex,Coinbase Pro
3927,01-14-2021_13-39-45,ZEC/USD,25.0,115.875,115.77,0.022653721682848755,-0.15934627831715123,0.182,False,Bittrex,Coinbase Pro
3928,01-14-2021_13-39-55,ZEC/USD,25.0,115.944,115.77,0.03751811219209416,-0.14448188780790583,0.182,False,Bittrex,Coinbase Pro
3929,01-14-2021_13-40-07,ZEC/USD,25.0,116.075,115.79,0.061382726685332026,-0.0008372733146679717,0.06222,False,Bittrex,Binance US
3930,01-14-2021_13-40-17,ZEC/USD,25.0,116.165,115.79,0.08070417079154651,0.018484170791546517,0.06222,True,Bittrex,Binance US
3931,01-14-2021_13-40-29,ZEC/USD,25.0,116.165,115.79,0.08070417079154651,0.018484170791546517,0.06222,True,Bittrex,Binance US
3932,01-14-2021_13-40-40,ZEC/USD,25.0,116.165,115.79,0.08070417079154651,0.018484170791546517,0.06222,True,Bittrex,Binance US
3933,01-14-2021_13-40-51,ZEC/USD,25.0,116.393,116.07,0.06937702439150283,-0.11262297560849717,0.182,False,Bittrex,Coinbase Pro
3934,01-14-2021_13-41-03,ZEC/USD,25.0,116.391,116.18,0.0453213736457283,-0.0816786263542717,0.127,False,Bittrex,Kraken
3935,01-14-2021_13-41-13,ZEC/USD,25.0,116.388,116.18,0.044678145513282815,-0.0823218544867172,0.127,False,Bittrex,Kraken
3936,01-14-2021_13-41-25,ZEC/USD,25.0,116.336,116.18,0.033523586851875536,-0.09347641314812447,0.127,False,Bittrex,Kraken
3937,01-14-2021_13-41-35,ZEC/USD,25.0,116.487,116.18,0.06588718054374908,-0.061112819456250925,0.127,False,Bittrex,Kraken
3938,01-14-2021_13-41-45,ZEC/USD,25.0,116.48,116.18,0.06438873626373565,-0.06261126373626436,0.127,False,Bittrex,Kraken
3939,01-14-2021_13-41-57,ZEC/USD,25.0,116.393,116.18,0.045750173979533536,-0.08124982602046646,0.127,False,Bittrex,Kraken
3940,01-14-2021_13-42-08,ZEC/USD,25.0,116.387,116.18,0.044463728766957145,-0.08253627123304286,0.127,False,Bittrex,Kraken
3941,01-14-2021_13-42-20,ZEC/USD,25.0,116.448,116.18,0.05753641110194818,-0.06946358889805182,0.127,False,Bittrex,Kraken
3942,01-14-2021_13-42-32,ZEC/USD,25.0,116.51,116.18,0.07080937258604375,-0.05619062741395625,0.127,False,Bittrex,Kraken
3943,01-14-2021_13-42-43,ZEC/USD,25.0,116.486,116.18,0.06567312810123048,-0.06132687189876952,0.127,False,Bittrex,Kraken
3944,01-14-2021_13-42-55,ZEC/USD,25.0,116.483,116.18,0.06503094872213054,-0.06196905127786946,0.127,False,Bittrex,Kraken
3945,01-14-2021_13-43-06,ZEC/USD,25.0,116.475,116.18,0.0633183086499222,-0.0636816913500778,0.127,False,Bittrex,Kraken
3946,01-14-2021_13-43-17,ZEC/USD,25.0,116.43,116.18,0.05368032294082281,-0.07331967705917719,0.127,False,Bittrex,Kraken
3947,01-14-2021_13-43-29,ZEC/USD,25.0,116.43,116.18,0.05368032294082281,-0.07331967705917719,0.127,False,Bittrex,Kraken
3948,01-14-2021_13-43-51,ZEC/USD,25.0,116.399,116.18,0.04703648656775275,-0.07996351343224725,0.127,False,Bittrex,Kraken
3949,01-14-2021_13-44-01,ZEC/USD,25.0,116.253,116.09,0.035052858850953675,-0.14694714114904633,0.182,False,Bittrex,Coinbase Pro
3950,01-14-2021_13-44-13,ZEC/USD,25.0,116.248,116.1,0.03182850457642504,-0.030391495423574957,0.06222,False,Bittrex,Binance US
3951,01-14-2021_13-44-25,ZEC/USD,25.0,116.2,116.1,0.021514629948366722,-0.04070537005163327,0.06222,False,Bittrex,Binance US
3952,01-14-2021_13-44-36,ZEC/USD,25.0,116.2,116.09,0.023666092943201256,-0.15833390705679873,0.182,False,Bittrex,Coinbase Pro
3953,01-14-2021_13-44-45,ZEC/USD,25.0,116.21,116.09,0.025815334308577218,-0.12418466569142278,0.15,False,Binance US,Coinbase Pro
3954,01-14-2021_13-44-56,ZEC/USD,25.0,116.287,116.14,0.031602844685993614,-0.15039715531400638,0.182,False,Bittrex,Coinbase Pro
3955,01-14-2021_13-45-07,ZEC/USD,25.0,116.21,116.12,0.01936150073143215,-0.07563849926856785,0.095,False,Binance US,Kraken
3956,01-14-2021_13-45-28,ZEC/USD,25.0,116.105,115.96,0.03122173894320017,-0.1507782610567998,0.182,False,Bittrex,Coinbase Pro
3957,01-14-2021_13-45-41,ZEC/USD,25.0,116.101,115.91,0.04112798339376976,-0.14087201660623022,0.182,False,Bittrex,Coinbase Pro
3958,01-14-2021_13-46-03,ZEC/USD,25.0,116.025,115.98,0.009696186166774768,-0.17230381383322524,0.182,False,Bittrex,Coinbase Pro
3959,01-14-2021_13-46-14,ZEC/USD,25.0,116.025,115.95,0.01616031027795795,-0.16583968972204205,0.182,False,Bittrex,Coinbase Pro
3960,01-14-2021_13-46-25,ZEC/USD,25.0,116.025,115.96,0.01400560224089893,-0.16799439775910108,0.182,False,Bittrex,Coinbase Pro
3961,01-14-2021_13-46-35,ZEC/USD,25.0,116.03,115.97,0.012927691114367463,-0.17207230888563255,0.185,False,Kraken,Coinbase Pro
3962,01-14-2021_13-46-45,ZEC/USD,25.0,116.086,115.97,0.024981479248143545,-0.15701852075185646,0.182,False,Bittrex,Coinbase Pro
3963,01-14-2021_13-46-57,ZEC/USD,25.0,116.222,115.98,0.05205554886338005,-0.07494445113661996,0.127,False,Bittrex,Kraken
3964,01-14-2021_13-47-07,ZEC/USD,25.0,116.218,115.99,0.049045758832540705,-0.0779542411674593,0.127,False,Bittrex,Kraken
3965,01-14-2021_13-47-18,ZEC/USD,25.0,116.199,115.99,0.04496596356250983,-0.08203403643749017,0.127,False,Bittrex,Kraken
3966,01-14-2021_13-47-29,ZEC/USD,25.0,116.284,116.0,0.061057411165767864,-0.06594258883423214,0.127,False,Bittrex,Kraken
3967,01-14-2021_13-47-40,ZEC/USD,25.0,116.429,116.18,0.05346606086112464,-0.07353393913887536,0.127,False,Bittrex,Kraken
3968,01-14-2021_13-47-51,ZEC/USD,25.0,116.227,116.06,0.035921085462070255,-0.14607891453792973,0.182,False,Bittrex,Coinbase Pro
3969,01-14-2021_13-48-02,ZEC/USD,25.0,116.241,116.1,0.03032492838155327,-0.15167507161844673,0.182,False,Bittrex,Coinbase Pro
3970,01-14-2021_13-48-13,ZEC/USD,25.0,116.232,116.11,0.0262406222038681,-0.1557593777961319,0.182,False,Bittrex,Coinbase Pro
3971,01-14-2021_13-48-35,ZEC/USD,25.0,116.211,116.12,0.019576460059717662,-0.16242353994028233,0.182,False,Bittrex,Coinbase Pro
3972,01-14-2021_13-48-46,ZEC/USD,25.0,116.211,116.09,0.026030238101383496,-0.1559697618986165,0.182,False,Bittrex,Coinbase Pro
3973,01-14-2021_13-48-58,ZEC/USD,25.0,116.21,116.11,0.021512778590481525,-0.12848722140951846,0.15,False,Binance US,Coinbase Pro
3974,01-14-2021_13-49-09,ZEC/USD,25.0,116.07,115.87,0.04307745326096077,-0.10692254673903923,0.15,False,Binance US,Coinbase Pro
3975,01-14-2021_13-49-20,ZEC/USD,25.0,115.94,115.76,0.038813179230634945,-0.14318682076936506,0.182,False,Bittrex,Coinbase Pro
3976,01-14-2021_13-49-32,ZEC/USD,25.0,115.64,115.52,0.02594258042200029,-0.1590574195779997,0.185,False,Kraken,Coinbase Pro
3977,01-14-2021_13-49-43,ZEC/USD,25.0,115.608,115.47,0.029842225451526976,-0.152157774548473,0.182,False,Bittrex,Coinbase Pro
3978,01-14-2021_13-49-54,ZEC/USD,25.0,115.534,115.46,0.01601260235082579,-0.1659873976491742,0.182,False,Bittrex,Coinbase Pro
3979,01-14-2021_13-50-05,ZEC/USD,25.0,115.5,115.38,0.025974025974026958,-0.15902597402597304,0.185,False,Kraken,Coinbase Pro
3980,01-14-2021_13-50-15,ZEC/USD,25.0,115.464,115.38,0.01818748700893854,-0.16381251299106145,0.182,False,Bittrex,Coinbase Pro
3981,01-14-2021_13-50-27,ZEC/USD,25.0,115.464,115.37,0.020352664033810124,-0.16164733596618988,0.182,False,Bittrex,Coinbase Pro
3982,01-14-2021_13-50-49,ZEC/USD,25.0,115.563,115.47,0.02011889618649644,-0.16188110381350357,0.182,False,Bittrex,Coinbase Pro
3983,01-14-2021_13-51-02,ZEC/USD,25.0,115.742,115.59,0.032831642791726644,-0.14916835720827334,0.182,False,Bittrex,Coinbase Pro
3984,01-14-2021_13-51-14,ZEC/USD,25.0,115.736,115.56,0.03801755719914329,-0.024202442800856705,0.06222,False,Bittrex,Binance US
3985,01-14-2021_13-51-36,ZEC/USD,25.0,115.386,115.22,0.03596623507184512,-0.14603376492815487,0.182,False,Bittrex,Coinbase Pro
3986,01-14-2021_13-51-47,ZEC/USD,25.0,115.382,115.26,0.026433932502470028,-0.10056606749752997,0.127,False,Bittrex,Kraken
3987,01-14-2021_13-51-59,ZEC/USD,25.0,115.382,115.24,0.03076736406025422,-0.15123263593974579,0.182,False,Bittrex,Coinbase Pro
3988,01-14-2021_13-52-10,ZEC/USD,25.0,115.313,115.21,0.022330526480103856,-0.15966947351989613,0.182,False,Bittrex,Coinbase Pro
3989,01-14-2021_13-52-21,ZEC/USD,25.0,115.244,115.09,0.03340737912602746,-0.028812620873972537,0.06222,False,Bittrex,Binance US
3990,01-14-2021_13-52-32,ZEC/USD,25.0,115.242,115.11,0.028635393346176957,-0.15336460665382304,0.182,False,Bittrex,Coinbase Pro
3991,01-14-2021_13-52-43,ZEC/USD,25.0,115.242,115.11,0.028635393346176957,-0.15336460665382304,0.182,False,Bittrex,Coinbase Pro
3992,01-14-2021_13-53-06,ZEC/USD,25.0,115.435,115.34,0.020574349200848715,-0.16142565079915128,0.182,False,Bittrex,Coinbase Pro
3993,01-14-2021_13-53-17,ZEC/USD,25.0,115.44,115.41,0.006496881496881743,-0.17850311850311826,0.185,False,Kraken,Coinbase Pro
3994,01-14-2021_13-53-28,ZEC/USD,25.0,115.513,115.43,0.017963346116886932,-0.16403665388311306,0.182,False,Bittrex,Coinbase Pro
3995,01-14-2021_13-53-39,ZEC/USD,25.0,115.34,115.23,0.023842552453615273,-0.06115744754638473,0.085,False,Binance US,Kraken
3996,01-14-2021_13-53-51,ZEC/USD,25.0,115.34,115.25,0.019507542916595153,-0.16549245708340485,0.185,False,Kraken,Coinbase Pro
3997,01-14-2021_13-54-02,ZEC/USD,25.0,115.34,115.22,0.026010057222126872,-0.05898994277787313,0.085,False,Binance US,Kraken
3998,01-14-2021_13-54-13,ZEC/USD,25.0,115.37,115.28,0.01950247031290704,-0.16549752968709297,0.185,False,Kraken,Coinbase Pro
3999,01-14-2021_13-54-24,ZEC/USD,25.0,115.33,115.28,0.010838463539408037,-0.12916153646059195,0.13999999999999999,False,Binance US,Coinbase Pro
4000,01-14-2021_13-54-33,ZEC/USD,25.0,115.43,115.19,0.0519795547084833,-0.13002044529151668,0.182,False,Bittrex,Coinbase Pro
4001,01-14-2021_13-54-43,ZEC/USD,25.0,115.349,115.19,0.03446063684990898,-0.14753936315009103,0.182,False,Bittrex,Coinbase Pro
4002,01-14-2021_13-54-54,ZEC/USD,25.0,115.322,115.15,0.03728690102495556,-0.08971309897504444,0.127,False,Bittrex,Kraken
4003,01-14-2021_13-55-06,ZEC/USD,25.0,115.296,115.14,0.03382597835137514,-0.09317402164862487,0.127,False,Bittrex,Kraken
4004,01-14-2021_13-55-17,ZEC/USD,25.0,115.293,115.15,0.031007953648530415,-0.15099204635146957,0.182,False,Bittrex,Coinbase Pro
4005,01-14-2021_13-55-29,ZEC/USD,25.0,115.29,115.13,0.03469511666233212,-0.1503048833376679,0.185,False,Kraken,Coinbase Pro
4006,01-14-2021_13-55-40,ZEC/USD,25.0,115.258,115.1,0.03427093997813628,-0.09272906002186372,0.127,False,Bittrex,Kraken
4007,01-14-2021_13-55-51,ZEC/USD,25.0,115.213,115.03,0.03970906060947826,-0.14229093939052173,0.182,False,Bittrex,Coinbase Pro
4008,01-14-2021_13-56-03,ZEC/USD,25.0,115.181,115.03,0.03277450273916623,-0.14922549726083376,0.182,False,Bittrex,Coinbase Pro
4009,01-14-2021_13-56-25,ZEC/USD,25.0,115.177,115.04,0.029736839820450358,-0.15226316017954963,0.182,False,Bittrex,Coinbase Pro
4010,01-14-2021_13-56-36,ZEC/USD,25.0,115.177,115.02,0.03407798431978838,-0.14792201568021163,0.182,False,Bittrex,Coinbase Pro
4011,01-14-2021_13-56-47,ZEC/USD,25.0,115.177,115.04,0.029736839820450358,-0.032483160179549636,0.06222,False,Bittrex,Binance US
4012,01-14-2021_13-56-58,ZEC/USD,25.0,115.177,115.04,0.029736839820450358,-0.032483160179549636,0.06222,False,Bittrex,Binance US
4013,01-14-2021_13-57-08,ZEC/USD,25.0,115.177,115.04,0.029736839820450358,-0.15226316017954963,0.182,False,Bittrex,Coinbase Pro
4014,01-14-2021_13-57-20,ZEC/USD,25.0,115.134,115.04,0.020410999357269373,-0.16158900064273063,0.182,False,Bittrex,Coinbase Pro
4015,01-14-2021_13-57-30,ZEC/USD,25.0,115.134,115.03,0.02258238226761843,-0.15941761773238156,0.182,False,Bittrex,Coinbase Pro
4016,01-14-2021_13-57-41,ZEC/USD,25.0,115.04,114.93,0.023904728789985966,-0.11609527121001402,0.13999999999999999,False,Binance US,Coinbase Pro
4017,01-14-2021_13-57-52,ZEC/USD,25.0,115.02,114.79,0.04999130585984824,-0.04500869414015176,0.095,False,Binance US,Kraken
4018,01-14-2021_13-58-14,ZEC/USD,25.0,114.93,114.78,0.03262855651266112,-0.11737144348733888,0.15,False,Binance US,Coinbase Pro
4019,01-14-2021_13-58-26,ZEC/USD,25.0,114.93,114.73,0.043504742016880454,-0.05149525798311955,0.095,False,Binance US,Kraken
4020,01-14-2021_13-58-37,ZEC/USD,25.0,114.819,114.74,0.017200985899547924,-0.16479901410045206,0.182,False,Bittrex,Coinbase Pro
4021,01-14-2021_13-58-49,ZEC/USD,25.0,114.861,114.74,0.026336180252655234,-0.15566381974734475,0.182,False,Bittrex,Coinbase Pro
4022,01-14-2021_13-59-00,ZEC/USD,25.0,115.031,114.92,0.024123931809686996,-0.102876068190313,0.127,False,Bittrex,Kraken
4023,01-14-2021_13-59-13,ZEC/USD,25.0,115.031,114.92,0.024123931809686996,-0.102876068190313,0.127,False,Bittrex,Kraken
4024,01-14-2021_13-59-23,ZEC/USD,25.0,115.023,114.92,0.02238682698242839,-0.10461317301757161,0.127,False,Bittrex,Kraken
4025,01-14-2021_13-59-34,ZEC/USD,25.0,115.016,114.92,0.020866662029631448,-0.10613333797036856,0.127,False,Bittrex,Kraken
4026,01-14-2021_13-59-46,ZEC/USD,25.0,115.029,114.92,0.023689678255047565,-0.10331032174495244,0.127,False,Bittrex,Kraken
4027,01-14-2021_13-59-57,ZEC/USD,25.0,115.024,114.92,0.02260397830018066,-0.10439602169981935,0.127,False,Bittrex,Kraken
4028,01-14-2021_14-00-08,ZEC/USD,25.0,115.021,114.92,0.021952513019361485,-0.10504748698063851,0.127,False,Bittrex,Kraken
4029,01-14-2021_14-00-19,ZEC/USD,25.0,115.22,114.92,0.06509286582190531,-0.061907134178094694,0.127,False,Bittrex,Kraken
4030,01-14-2021_14-00-31,ZEC/USD,25.0,115.197,114.92,0.06011441270171988,-0.06688558729828012,0.127,False,Bittrex,Kraken
4031,01-14-2021_14-00-42,ZEC/USD,25.0,115.346,114.93,0.09016350805402806,-0.03683649194597194,0.127,False,Bittrex,Kraken
4032,01-14-2021_14-00-54,ZEC/USD,25.0,115.216,114.93,0.062057353145393686,-0.06494264685460632,0.127,False,Bittrex,Kraken
4033,01-14-2021_14-01-06,ZEC/USD,25.0,115.212,114.93,0.06119154254765052,-0.06580845745234948,0.127,False,Bittrex,Kraken
4034,01-14-2021_14-01-18,ZEC/USD,25.0,115.198,114.93,0.0581607319571491,-0.0688392680428509,0.127,False,Bittrex,Kraken
4035,01-14-2021_14-01-28,ZEC/USD,25.0,115.193,114.93,0.05707812106638229,-0.0699218789336177,0.127,False,Bittrex,Kraken
4036,01-14-2021_14-01-40,ZEC/USD,25.0,115.189,114.95,0.05187127243052508,-0.1301287275694749,0.182,False,Bittrex,Coinbase Pro
4037,01-14-2021_14-01-51,ZEC/USD,25.0,114.99,114.86,0.028263327245846476,-0.09873667275415353,0.127,False,Bittrex,Kraken
4038,01-14-2021_14-02-02,ZEC/USD,25.0,114.989,114.89,0.02152379792849832,-0.16047620207150168,0.182,False,Bittrex,Coinbase Pro
4039,01-14-2021_14-02-13,ZEC/USD,25.0,114.951,114.82,0.02849040025750107,-0.15350959974249892,0.182,False,Bittrex,Coinbase Pro
4040,01-14-2021_14-02-25,ZEC/USD,25.0,114.95,114.82,0.02827316224445621,-0.1537268377555438,0.182,False,Bittrex,Coinbase Pro
4041,01-14-2021_14-02-46,ZEC/USD,25.0,114.9,114.76,0.030461270670148078,-0.03175872932985192,0.06222,False,Bittrex,Binance US
4042,01-14-2021_14-02-57,ZEC/USD,25.0,114.897,114.74,0.03416103118445448,-0.1478389688155455,0.182,False,Bittrex,Coinbase Pro
4043,01-14-2021_14-03-07,ZEC/USD,25.0,114.897,114.74,0.03416103118445448,-0.1478389688155455,0.182,False,Bittrex,Coinbase Pro
4044,01-14-2021_14-03-18,ZEC/USD,25.0,114.824,114.73,0.020466104647110815,-0.16153389535288917,0.182,False,Bittrex,Coinbase Pro
4045,01-14-2021_14-03-31,ZEC/USD,25.0,114.822,114.74,0.017853721412274617,-0.10914627858772538,0.127,False,Bittrex,Kraken
4046,01-14-2021_14-03-42,ZEC/USD,25.0,114.78,114.74,0.00871231921937756,-0.17628768078062243,0.185,False,Kraken,Coinbase Pro
4047,01-14-2021_14-03-54,ZEC/USD,25.0,114.864,114.75,0.024811951525283014,-0.15718804847471698,0.182,False,Bittrex,Coinbase Pro
4048,01-14-2021_14-04-07,ZEC/USD,25.0,114.858,114.74,0.0256838879311866,-0.1563161120688134,0.182,False,Bittrex,Coinbase Pro
4049,01-14-2021_14-04-18,ZEC/USD,25.0,114.751,114.63,0.02636142604421951,-0.03585857395578049,0.06222,False,Bittrex,Binance US
4050,01-14-2021_14-04-28,ZEC/USD,25.0,114.727,114.63,0.021137134240416033,-0.04108286575958396,0.06222,False,Bittrex,Binance US
4051,01-14-2021_14-04-41,ZEC/USD,25.0,114.844,114.65,0.04223120058513906,-0.01998879941486094,0.06222,False,Bittrex,Binance US
4052,01-14-2021_14-04-51,ZEC/USD,25.0,114.831,114.7,0.028520173123982247,-0.15347982687601774,0.182,False,Bittrex,Coinbase Pro
4053,01-14-2021_14-05-02,ZEC/USD,25.0,114.83,114.7,0.028302708351475105,-0.1566972916485249,0.185,False,Kraken,Coinbase Pro
4054,01-14-2021_14-05-15,ZEC/USD,25.0,114.788,114.65,0.03005540648848116,-0.15194459351151884,0.182,False,Bittrex,Coinbase Pro
4055,01-14-2021_14-05-27,ZEC/USD,25.0,114.785,114.65,0.029402796532646013,-0.032817203467353985,0.06222,False,Bittrex,Binance US
4056,01-14-2021_14-05-39,ZEC/USD,25.0,114.784,114.67,0.02482924449400707,-0.037390755505992926,0.06222,False,Bittrex,Binance US
4057,01-14-2021_14-06-02,ZEC/USD,25.0,114.751,114.64,0.024182795792630173,-0.10281720420736983,0.127,False,Bittrex,Kraken
4058,01-14-2021_14-06-13,ZEC/USD,25.0,114.747,114.66,0.01895474391487431,-0.043265256085125686,0.06222,False,Bittrex,Binance US
4059,01-14-2021_14-06-24,ZEC/USD,25.0,114.743,114.62,0.026799020419544208,-0.10020097958045579,0.127,False,Bittrex,Kraken
4060,01-14-2021_14-06-35,ZEC/USD,25.0,114.736,114.61,0.027454329940037298,-0.0995456700599627,0.127,False,Bittrex,Kraken
4061,01-14-2021_14-06-46,ZEC/USD,25.0,114.733,114.6,0.02898032824035146,-0.03323967175964854,0.06222,False,Bittrex,Binance US
4062,01-14-2021_14-07-08,ZEC/USD,25.0,114.728,114.56,0.036608325779232655,-0.025611674220767343,0.06222,False,Bittrex,Binance US
4063,01-14-2021_14-07-19,ZEC/USD,25.0,114.719,114.56,0.03464988362869094,-0.02757011637130906,0.06222,False,Bittrex,Binance US
4064,01-14-2021_14-07-29,ZEC/USD,25.0,114.718,114.64,0.016998204292265152,-0.11000179570773486,0.127,False,Bittrex,Kraken
4065,01-14-2021_14-07-39,ZEC/USD,25.0,114.718,114.68,0.008281176450076862,-0.17371882354992313,0.182,False,Bittrex,Coinbase Pro
4066,01-14-2021_14-07-49,ZEC/USD,25.0,114.718,114.61,0.023535975173905595,-0.1034640248260944,0.127,False,Bittrex,Kraken
4067,01-14-2021_14-08-01,ZEC/USD,25.0,114.718,114.63,0.019177461252813,-0.107822538747187,0.127,False,Bittrex,Kraken
4068,01-14-2021_14-08-11,ZEC/USD,25.0,114.718,114.61,0.023535975173905595,-0.1034640248260944,0.127,False,Bittrex,Kraken
4069,01-14-2021_14-08-22,ZEC/USD,25.0,114.778,114.66,0.02570178954155178,-0.10129821045844822,0.127,False,Bittrex,Kraken
4070,01-14-2021_14-08-32,ZEC/USD,25.0,114.775,114.68,0.020692659551295768,-0.16130734044870423,0.182,False,Bittrex,Coinbase Pro
4071,01-14-2021_14-08-41,ZEC/USD,25.0,114.775,114.62,0.0337617076889569,-0.1482382923110431,0.182,False,Bittrex,Coinbase Pro
4072,01-14-2021_14-08-52,ZEC/USD,25.0,114.775,114.68,0.020692659551295768,-0.16130734044870423,0.182,False,Bittrex,Coinbase Pro
4073,01-14-2021_14-09-02,ZEC/USD,25.0,114.893,114.72,0.03764372067924108,-0.14435627932075892,0.182,False,Bittrex,Coinbase Pro
4074,01-14-2021_14-09-13,ZEC/USD,25.0,114.988,114.76,0.04957038995373309,-0.07742961004626692,0.127,False,Bittrex,Kraken
4075,01-14-2021_14-09-25,ZEC/USD,25.0,114.982,114.76,0.04826842462298321,-0.07873157537701679,0.127,False,Bittrex,Kraken
4076,01-14-2021_14-09-37,ZEC/USD,25.0,115.101,114.82,0.061033353315784813,-0.001186646684215184,0.06222,False,Bittrex,Binance US
4077,01-14-2021_14-09-48,ZEC/USD,25.0,115.255,114.82,0.09435599323239822,0.03213599323239823,0.06222,True,Bittrex,Binance US
4078,01-14-2021_14-09-59,ZEC/USD,25.0,115.254,114.82,0.09413989969979603,0.03191989969979603,0.06222,True,Bittrex,Binance US
4079,01-14-2021_14-10-11,ZEC/USD,25.0,115.248,114.82,0.09284325975288323,0.030623259752883228,0.06222,True,Bittrex,Binance US
4080,01-14-2021_14-10-21,ZEC/USD,25.0,115.4,114.82,0.12564991334489004,0.06342991334489004,0.06222,True,Bittrex,Binance US
4081,01-14-2021_14-10-33,ZEC/USD,25.0,115.4,114.82,0.12564991334489004,0.06342991334489004,0.06222,True,Bittrex,Binance US
4082,01-14-2021_14-10-43,ZEC/USD,25.0,115.4,114.82,0.12564991334489004,0.06342991334489004,0.06222,True,Bittrex,Binance US
4083,01-14-2021_14-10-54,ZEC/USD,25.0,115.398,115.01,0.08405691606440126,0.02183691606440126,0.06222,True,Bittrex,Binance US
4084,01-14-2021_14-11-04,ZEC/USD,25.0,115.397,115.01,0.08384100106588568,0.021621001065885687,0.06222,True,Bittrex,Binance US
4085,01-14-2021_14-11-14,ZEC/USD,25.0,115.488,115.01,0.10347395400387799,0.04125395400387799,0.06222,True,Bittrex,Binance US
4086,01-14-2021_14-11-26,ZEC/USD,25.0,115.483,115.01,0.10239602365716144,0.04017602365716144,0.06222,True,Bittrex,Binance US
4087,01-14-2021_14-11-37,ZEC/USD,25.0,115.561,115.01,0.11920111456287197,0.05698111456287197,0.06222,True,Bittrex,Binance US
4088,01-14-2021_14-11-48,ZEC/USD,25.0,115.553,115.01,0.11747855962198994,0.055258559621989944,0.06222,True,Bittrex,Binance US
4089,01-14-2021_14-11-58,ZEC/USD,25.0,115.549,115.01,0.11661719270612499,0.05439719270612499,0.06222,True,Bittrex,Binance US
4090,01-14-2021_14-12-11,ZEC/USD,25.0,115.549,115.01,0.11661719270612499,0.05439719270612499,0.06222,True,Bittrex,Binance US
4091,01-14-2021_14-12-22,ZEC/USD,25.0,115.549,115.01,0.11661719270612499,0.05439719270612499,0.06222,True,Bittrex,Binance US
4092,01-14-2021_14-12-34,ZEC/USD,25.0,115.549,115.01,0.11661719270612499,0.05439719270612499,0.06222,True,Bittrex,Binance US
4093,01-14-2021_14-12-44,ZEC/USD,25.0,115.549,115.01,0.11661719270612499,0.05439719270612499,0.06222,True,Bittrex,Binance US
4094,01-14-2021_14-12-55,ZEC/USD,25.0,115.546,115.01,0.11597112838177032,0.05375112838177032,0.06222,True,Bittrex,Binance US
4095,01-14-2021_14-13-07,ZEC/USD,25.0,115.546,115.01,0.11597112838177032,0.05375112838177032,0.06222,True,Bittrex,Binance US
4096,01-14-2021_14-13-18,ZEC/USD,25.0,115.546,115.01,0.11597112838177032,0.05375112838177032,0.06222,True,Bittrex,Binance US
4097,01-14-2021_14-13-29,ZEC/USD,25.0,115.613,115.01,0.13039191094426977,0.06817191094426978,0.06222,True,Bittrex,Binance US
4098,01-14-2021_14-13-40,ZEC/USD,25.0,115.608,115.01,0.1293163102899451,0.06709631028994512,0.06222,True,Bittrex,Binance US
4099,01-14-2021_14-13-52,ZEC/USD,25.0,115.605,115.01,0.12867090523766248,0.06645090523766248,0.06222,True,Bittrex,Binance US
4100,01-14-2021_14-14-02,ZEC/USD,25.0,115.6,115.01,0.12759515570934024,0.06537515570934024,0.06222,True,Bittrex,Binance US
4101,01-14-2021_14-14-13,ZEC/USD,25.0,115.508,115.01,0.1077847421823576,0.04556474218235761,0.06222,True,Bittrex,Binance US
4102,01-14-2021_14-14-24,ZEC/USD,25.0,115.464,115.01,0.09829903692925793,0.03607903692925793,0.06222,True,Bittrex,Binance US
4103,01-14-2021_14-14-35,ZEC/USD,25.0,115.462,115.01,0.09786769673139174,0.035647696731391745,0.06222,True,Bittrex,Binance US
4104,01-14-2021_14-14-45,ZEC/USD,25.0,115.46,115.01,0.09743634159015864,0.03521634159015864,0.06222,True,Bittrex,Binance US
4105,01-14-2021_14-14-56,ZEC/USD,25.0,115.407,115.01,0.08599998267002681,0.023779982670026817,0.06222,True,Bittrex,Binance US
4106,01-14-2021_14-15-07,ZEC/USD,25.0,115.401,115.27,0.028379303472240328,-0.15362069652775967,0.182,False,Bittrex,Coinbase Pro
4107,01-14-2021_14-15-17,ZEC/USD,25.0,115.322,115.21,0.024279842527880405,-0.037940157472119596,0.06222,False,Bittrex,Binance US
4108,01-14-2021_14-15-27,ZEC/USD,25.0,115.26,115.04,0.04771820232517761,-0.1372817976748224,0.185,False,Coinbase Pro,Kraken
4109,01-14-2021_14-15-36,ZEC/USD,25.0,115.26,115.09,0.03687315634218326,-0.08334684365781674,0.12022,False,Coinbase Pro,Binance US
4110,01-14-2021_14-15-45,ZEC/USD,25.0,115.231,115.05,0.039268946724405195,-0.0877310532755948,0.127,False,Bittrex,Kraken
4111,01-14-2021_14-15-56,ZEC/USD,25.0,115.16,115.02,0.03039249739492892,-0.09660750260507109,0.127,False,Bittrex,Kraken
4112,01-14-2021_14-16-06,ZEC/USD,25.0,115.159,114.95,0.0453720508166976,-0.0816279491833024,0.127,False,Bittrex,Kraken
4113,01-14-2021_14-16-15,ZEC/USD,25.0,115.104,114.88,0.048651654156242126,-0.07834834584375788,0.127,False,Bittrex,Kraken
4114,01-14-2021_14-16-25,ZEC/USD,25.0,115.03,114.96,0.015213422585414107,-0.10500657741458588,0.12022,False,Coinbase Pro,Binance US
4115,01-14-2021_14-16-34,ZEC/USD,25.0,115.095,114.97,0.027151483557061557,-0.035068516442938444,0.06222,False,Bittrex,Binance US
4116,01-14-2021_14-16-45,ZEC/USD,25.0,115.323,115.18,0.03099988727313426,-0.15100011272686573,0.182,False,Bittrex,Coinbase Pro
4117,01-14-2021_14-16-56,ZEC/USD,25.0,115.315,115.16,0.03360360750986453,-0.14839639249013548,0.182,False,Bittrex,Coinbase Pro
4118,01-14-2021_14-17-06,ZEC/USD,25.0,115.254,115.16,0.020389747861247396,-0.1616102521387526,0.182,False,Bittrex,Coinbase Pro
4119,01-14-2021_14-17-16,ZEC/USD,25.0,115.25,115.09,0.03470715835140924,-0.14729284164859074,0.182,False,Bittrex,Coinbase Pro
4120,01-14-2021_14-17-26,ZEC/USD,25.0,115.248,115.13,0.025596973483272858,-0.15640302651672713,0.182,False,Bittrex,Coinbase Pro
4121,01-14-2021_14-17-38,ZEC/USD,25.0,115.215,115.04,0.03797248622141152,-0.08902751377858847,0.127,False,Bittrex,Kraken
4122,01-14-2021_14-17-47,ZEC/USD,25.0,115.114,114.99,0.02692982608544778,-0.10007017391455222,0.127,False,Bittrex,Kraken
4123,01-14-2021_14-17-58,ZEC/USD,25.0,115.111,115.07,0.008904448749470299,-0.1180955512505297,0.127,False,Bittrex,Kraken
4124,01-14-2021_14-18-09,ZEC/USD,25.0,115.101,115.0,0.02193725510638463,-0.16006274489361536,0.182,False,Bittrex,Coinbase Pro
4125,01-14-2021_14-18-20,ZEC/USD,25.0,115.022,114.95,0.015649180156840154,-0.04657081984315985,0.06222,False,Bittrex,Binance US
4126,01-14-2021_14-18-31,ZEC/USD,25.0,115.104,114.98,0.026932165693632545,-0.10006783430636745,0.127,False,Bittrex,Kraken
4127,01-14-2021_14-18-40,ZEC/USD,25.0,115.225,115.09,0.029290518550659776,-0.09770948144934022,0.127,False,Bittrex,Kraken
4128,01-14-2021_14-18-52,ZEC/USD,25.0,115.221,115.04,0.039272354865865895,-0.08772764513413411,0.127,False,Bittrex,Kraken
4129,01-14-2021_14-19-03,ZEC/USD,25.0,115.215,115.06,0.03363277351039386,-0.09336722648960614,0.127,False,Bittrex,Kraken
4130,01-14-2021_14-19-14,ZEC/USD,25.0,115.153,115.08,0.01584847984855095,-0.11115152015144905,0.127,False,Bittrex,Kraken
4131,01-14-2021_14-19-24,ZEC/USD,25.0,115.153,115.06,0.020190529122125243,-0.04202947087787476,0.06222,False,Bittrex,Binance US
4132,01-14-2021_14-19-34,ZEC/USD,25.0,115.147,115.06,0.01888889853839077,-0.04333110146160923,0.06222,False,Bittrex,Binance US
4133,01-14-2021_14-19-44,ZEC/USD,25.0,115.147,115.06,0.01888889853839077,-0.04333110146160923,0.06222,False,Bittrex,Binance US
4134,01-14-2021_14-19-55,ZEC/USD,25.0,115.087,115.0,0.01889874616594474,-0.10810125383405526,0.127,False,Bittrex,Kraken
4135,01-14-2021_14-20-05,ZEC/USD,25.0,115.11,115.03,0.017374685083832483,-0.1676253149161675,0.185,False,Kraken,Coinbase Pro
4136,01-14-2021_14-20-17,ZEC/USD,25.0,115.099,115.05,0.010643011668217489,-0.1713569883317825,0.182,False,Bittrex,Coinbase Pro
4137,01-14-2021_14-20-28,ZEC/USD,25.0,115.251,115.06,0.041431310791230115,-0.020788689208769882,0.06222,False,Bittrex,Binance US
4138,01-14-2021_14-20-38,ZEC/USD,25.0,115.248,115.07,0.038612383729004295,-0.023607616270995703,0.06222,False,Bittrex,Binance US
4139,01-14-2021_14-20-49,ZEC/USD,25.0,115.12,115.06,0.013029881862404941,-0.10719011813759505,0.12022,False,Coinbase Pro,Binance US
4140,01-14-2021_14-21-01,ZEC/USD,25.0,115.24,115.07,0.03687955570982335,-0.02534044429017665,0.06222,False,Bittrex,Binance US
4141,01-14-2021_14-21-13,ZEC/USD,25.0,115.232,115.09,0.03080741460705271,-0.0961925853929473,0.127,False,Bittrex,Kraken
4142,01-14-2021_14-21-24,ZEC/USD,25.0,115.23,115.01,0.04773062570511127,-0.047269374294888734,0.095,False,Binance US,Kraken
4143,01-14-2021_14-21-36,ZEC/USD,25.0,115.135,114.98,0.03365614278890023,-0.09334385721109978,0.127,False,Bittrex,Kraken
4144,01-14-2021_14-21-46,ZEC/USD,25.0,115.135,115.01,0.027142050636209666,-0.09985794936379033,0.127,False,Bittrex,Kraken
4145,01-14-2021_14-21-57,ZEC/USD,25.0,115.135,115.02,0.02497068658531487,-0.15702931341468512,0.182,False,Bittrex,Coinbase Pro
4146,01-14-2021_14-22-08,ZEC/USD,25.0,114.991,114.82,0.03717682253393884,-0.14482317746606116,0.182,False,Bittrex,Coinbase Pro
4147,01-14-2021_14-22-19,ZEC/USD,25.0,114.941,114.78,0.035017965738944626,-0.02720203426105537,0.06222,False,Bittrex,Binance US
4148,01-14-2021_14-22-30,ZEC/USD,25.0,115.05,114.91,0.030421555845284786,-0.1195784441547152,0.15,False,Binance US,Coinbase Pro
4149,01-14-2021_14-22-41,ZEC/USD,25.0,114.95,114.89,0.01304915180513316,-0.05217084819486684,0.06522,False,Kraken,Binance US
4150,01-14-2021_14-22-52,ZEC/USD,25.0,115.014,114.88,0.029126888900481755,-0.03309311109951824,0.06222,False,Bittrex,Binance US
4151,01-14-2021_14-23-03,ZEC/USD,25.0,115.011,114.84,0.0371703576179653,-0.1448296423820347,0.182,False,Bittrex,Coinbase Pro
4152,01-14-2021_14-23-14,ZEC/USD,25.0,114.929,114.74,0.04111233892229271,-0.021107661077707285,0.06222,False,Bittrex,Binance US
4153,01-14-2021_14-23-25,ZEC/USD,25.0,114.927,114.77,0.03415211395059705,-0.14784788604940294,0.182,False,Bittrex,Coinbase Pro
4154,01-14-2021_14-23-35,ZEC/USD,25.0,114.928,114.77,0.03436934428511791,-0.09263065571488209,0.127,False,Bittrex,Kraken
4155,01-14-2021_14-23-45,ZEC/USD,25.0,114.913,114.72,0.04198828679087611,-0.02023171320912389,0.06222,False,Bittrex,Binance US
4156,01-14-2021_14-23-56,ZEC/USD,25.0,114.909,114.76,0.032416956026073,-0.094583043973927,0.127,False,Bittrex,Kraken
4157,01-14-2021_14-24-08,ZEC/USD,25.0,114.909,114.71,0.043295129189187154,-0.08370487081081285,0.127,False,Bittrex,Kraken
4158,01-14-2021_14-24-19,ZEC/USD,25.0,114.861,114.71,0.03286581172025545,-0.09413418827974455,0.127,False,Bittrex,Kraken
4159,01-14-2021_14-24-31,ZEC/USD,25.0,114.78,114.63,0.03267119707266198,-0.029548802927338018,0.06222,False,Bittrex,Binance US
4160,01-14-2021_14-24-42,ZEC/USD,25.0,114.779,114.63,0.03245367183892544,-0.09454632816107456,0.127,False,Bittrex,Kraken
4161,01-14-2021_14-24-54,ZEC/USD,25.0,114.775,114.63,0.031583532999348775,-0.030636467000651223,0.06222,False,Bittrex,Binance US
4162,01-14-2021_14-25-08,ZEC/USD,25.0,114.769,114.61,0.034634788139655745,-0.09236521186034426,0.127,False,Bittrex,Kraken
4163,01-14-2021_14-25-20,ZEC/USD,25.0,114.765,114.52,0.05336992985666461,-0.008850070143335387,0.06222,False,Bittrex,Binance US
4164,01-14-2021_14-25-31,ZEC/USD,25.0,114.686,114.52,0.03618575937778173,-0.02603424062221827,0.06222,False,Bittrex,Binance US
4165,01-14-2021_14-25-42,ZEC/USD,25.0,114.686,114.52,0.03618575937778173,-0.02603424062221827,0.06222,False,Bittrex,Binance US
4166,01-14-2021_14-25-53,ZEC/USD,25.0,114.686,114.52,0.03618575937778173,-0.02603424062221827,0.06222,False,Bittrex,Binance US
4167,01-14-2021_14-26-04,ZEC/USD,25.0,114.666,114.51,0.03401182565014732,-0.09298817434985268,0.127,False,Bittrex,Kraken
4168,01-14-2021_14-26-15,ZEC/USD,25.0,114.608,114.4,0.04537205081669657,-0.01684794918330343,0.06222,False,Bittrex,Binance US
4169,01-14-2021_14-26-27,ZEC/USD,25.0,114.608,114.47,0.03010261063800198,-0.09689738936199802,0.127,False,Bittrex,Kraken
4170,01-14-2021_14-26-38,ZEC/USD,25.0,114.63,114.51,0.02617115938235853,-0.09404884061764146,0.12022,False,Coinbase Pro,Binance US
4171,01-14-2021_14-26-48,ZEC/USD,25.0,114.608,114.51,0.021377216250174285,-0.04084278374982571,0.06222,False,Bittrex,Binance US
4172,01-14-2021_14-26-59,ZEC/USD,25.0,114.602,114.46,0.03097677178408974,-0.09602322821591026,0.127,False,Bittrex,Kraken
4173,01-14-2021_14-27-09,ZEC/USD,25.0,114.599,114.39,0.04559376608871002,-0.016626233911289978,0.06222,False,Bittrex,Binance US
4174,01-14-2021_14-27-19,ZEC/USD,25.0,114.531,114.38,0.03296050850861567,-0.029259491491384328,0.06222,False,Bittrex,Binance US
4175,01-14-2021_14-27-29,ZEC/USD,25.0,114.56,114.5,0.01309357541899491,-0.17190642458100508,0.185,False,Kraken,Coinbase Pro
4176,01-14-2021_14-27-41,ZEC/USD,25.0,114.623,114.51,0.024646013452797332,-0.10235398654720267,0.127,False,Bittrex,Kraken
4177,01-14-2021_14-27-51,ZEC/USD,25.0,114.616,114.38,0.051476233684652276,-0.010743766315347722,0.06222,False,Bittrex,Binance US
4178,01-14-2021_14-28-03,ZEC/USD,25.0,114.453,114.37,0.018129712633132903,-0.0440902873668671,0.06222,False,Bittrex,Binance US
4179,01-14-2021_14-28-15,ZEC/USD,25.0,114.37,114.23,0.03060243070735345,-0.08961756929264654,0.12022,False,Coinbase Pro,Binance US
4180,01-14-2021_14-28-25,ZEC/USD,25.0,114.501,114.37,0.028602370284975726,-0.03361762971502427,0.06222,False,Bittrex,Binance US
4181,01-14-2021_14-28-35,ZEC/USD,25.0,114.495,114.37,0.02729376828682475,-0.03492623171317524,0.06222,False,Bittrex,Binance US
4182,01-14-2021_14-28-45,ZEC/USD,25.0,114.421,114.34,0.017697800228979616,-0.16430219977102037,0.182,False,Bittrex,Coinbase Pro
4183,01-14-2021_14-28-57,ZEC/USD,25.0,114.421,114.29,0.02862236827155859,-0.1533776317284414,0.182,False,Bittrex,Coinbase Pro
4184,01-14-2021_14-29-08,ZEC/USD,25.0,114.545,114.42,0.02728185429307259,-0.1547181457069274,0.182,False,Bittrex,Coinbase Pro
4185,01-14-2021_14-29-17,ZEC/USD,25.0,114.655,114.42,0.05124067855741124,-0.07575932144258876,0.127,False,Bittrex,Kraken
4186,01-14-2021_14-29-26,ZEC/USD,25.0,114.86,114.44,0.09141563642695492,-0.003584363573045077,0.095,False,Binance US,Kraken
4187,01-14-2021_14-29-36,ZEC/USD,25.0,114.995,114.63,0.07935127614244296,-0.04764872385755704,0.127,False,Bittrex,Kraken
4188,01-14-2021_14-29-47,ZEC/USD,25.0,114.97,114.71,0.05653648777942183,-0.028463512220578177,0.085,False,Binance US,Kraken
4189,01-14-2021_14-29-57,ZEC/USD,25.0,114.93,114.71,0.04785521621857067,-0.047144783781429334,0.095,False,Binance US,Kraken
4190,01-14-2021_14-30-06,ZEC/USD,25.0,114.88,114.63,0.054404596100278556,-0.040595403899721445,0.095,False,Binance US,Kraken
4191,01-14-2021_14-30-18,ZEC/USD,25.0,114.84,114.71,0.0283002438174873,-0.1566997561825127,0.185,False,Coinbase Pro,Kraken
4192,01-14-2021_14-30-29,ZEC/USD,25.0,114.822,114.71,0.02438557070944788,-0.10261442929055212,0.127,False,Bittrex,Kraken
4193,01-14-2021_14-30-39,ZEC/USD,25.0,114.82,114.69,0.02830517331475254,-0.15669482668524745,0.185,False,Coinbase Pro,Kraken
4194,01-14-2021_14-30-49,ZEC/USD,25.0,114.984,114.82,0.03565713490572634,-0.09134286509427367,0.127,False,Bittrex,Kraken
4195,01-14-2021_14-31-00,ZEC/USD,25.0,115.314,115.14,0.03772308652895407,-0.14427691347104593,0.182,False,Bittrex,Coinbase Pro
4196,01-14-2021_14-31-11,ZEC/USD,25.0,115.21,115.05,0.034719208402047695,-0.030500791597952305,0.06522,False,Kraken,Binance US
4197,01-14-2021_14-31-20,ZEC/USD,25.0,115.22,115.12,0.021697621940634074,-0.07330237805936593,0.095,False,Binance US,Kraken
4198,01-14-2021_14-31-30,ZEC/USD,25.0,115.325,115.13,0.04227184045090123,-0.13972815954909876,0.182,False,Bittrex,Coinbase Pro
4199,01-14-2021_14-31-39,ZEC/USD,25.0,115.154,115.02,0.029091477499696133,-0.15290852250030387,0.182,False,Bittrex,Coinbase Pro
4200,01-14-2021_14-31-49,ZEC/USD,25.0,115.143,115.01,0.02887713538816853,-0.09812286461183148,0.127,False,Bittrex,Kraken
4201,01-14-2021_14-31-58,ZEC/USD,25.0,115.143,115.06,0.01802106945276708,-0.16397893054723292,0.182,False,Bittrex,Coinbase Pro
4202,01-14-2021_14-32-08,ZEC/USD,25.0,115.139,115.0,0.030180911767514876,-0.15181908823248513,0.182,False,Bittrex,Coinbase Pro
4203,01-14-2021_14-32-19,ZEC/USD,25.0,115.106,115.0,0.023022257745033827,-0.10397774225496617,0.127,False,Bittrex,Kraken
4204,01-14-2021_14-32-29,ZEC/USD,25.0,115.101,115.0,0.02193725510638463,-0.10506274489361538,0.127,False,Bittrex,Kraken
4205,01-14-2021_14-32-40,ZEC/USD,25.0,115.19,114.992,0.04297248025002025,-0.04902751974997975,0.092,False,Binance US,Bittrex
4206,01-14-2021_14-32-49,ZEC/USD,25.0,115.08,114.95,0.028241223496696964,-0.12175877650330302,0.15,False,Binance US,Coinbase Pro
4207,01-14-2021_14-33-01,ZEC/USD,25.0,114.995,114.13,0.18805165441975935,0.12583165441975935,0.06222,True,Bittrex,Binance US
4208,01-14-2021_14-33-12,ZEC/USD,25.0,114.949,114.13,0.17812247170484358,0.11590247170484358,0.06222,True,Bittrex,Binance US
4209,01-14-2021_14-33-22,ZEC/USD,25.0,115.021,114.13,0.19366028812130073,0.13144028812130074,0.06222,True,Bittrex,Binance US
4210,01-14-2021_14-33-33,ZEC/USD,25.0,115.021,114.13,0.19366028812130073,0.13144028812130074,0.06222,True,Bittrex,Binance US
4211,01-14-2021_14-33-43,ZEC/USD,25.0,114.997,114.13,0.1884831778220311,0.12626317782203111,0.06222,True,Bittrex,Binance US
4212,01-14-2021_14-33-54,ZEC/USD,25.0,114.997,114.95,0.010217657851943321,-0.11678234214805668,0.127,False,Bittrex,Kraken
4213,01-14-2021_14-34-05,ZEC/USD,25.0,114.995,114.9,0.02065307187268987,-0.10634692812731013,0.127,False,Bittrex,Kraken
4214,01-14-2021_14-34-16,ZEC/USD,25.0,114.992,114.88,0.024349519966608325,-0.10265048003339168,0.127,False,Bittrex,Kraken
4215,01-14-2021_14-34-27,ZEC/USD,25.0,114.992,114.88,0.024349519966608325,-0.037870480033391676,0.06222,False,Bittrex,Binance US
4216,01-14-2021_14-34-38,ZEC/USD,25.0,114.953,114.86,0.020225657442607743,-0.041994342557392254,0.06222,False,Bittrex,Binance US
4217,01-14-2021_14-34-49,ZEC/USD,25.0,114.95,114.9,0.01087429317094327,-0.17112570682905673,0.182,False,Bittrex,Coinbase Pro
4218,01-14-2021_14-35-01,ZEC/USD,25.0,115.038,114.91,0.02781689528677483,-0.15418310471322516,0.182,False,Bittrex,Coinbase Pro
4219,01-14-2021_14-35-11,ZEC/USD,25.0,115.032,114.98,0.011301203143471491,-0.1706987968565285,0.182,False,Bittrex,Coinbase Pro
4220,01-14-2021_14-35-20,ZEC/USD,25.0,115.146,114.99,0.03387004324944112,-0.14812995675055887,0.182,False,Bittrex,Coinbase Pro
4221,01-14-2021_14-35-31,ZEC/USD,25.0,115.141,114.99,0.03278588860614604,-0.14921411139385396,0.182,False,Bittrex,Coinbase Pro
4222,01-14-2021_14-35-42,ZEC/USD,25.0,115.14,114.99,0.03256904637832328,-0.14943095362167672,0.182,False,Bittrex,Coinbase Pro
4223,01-14-2021_14-35-54,ZEC/USD,25.0,115.214,114.99,0.04860520422865358,-0.1333947957713464,0.182,False,Bittrex,Coinbase Pro
4224,01-14-2021_14-36-05,ZEC/USD,25.0,115.284,115.03,0.05508136428298916,-0.07191863571701085,0.127,False,Bittrex,Kraken
4225,01-14-2021_14-36-15,ZEC/USD,25.0,115.275,115.15,0.027109086965950987,-0.154890913034049,0.182,False,Bittrex,Coinbase Pro
4226,01-14-2021_14-36-25,ZEC/USD,25.0,115.474,115.2,0.05932071288774982,-0.12267928711225018,0.182,False,Bittrex,Coinbase Pro
4227,01-14-2021_14-36-36,ZEC/USD,25.0,115.415,115.21,0.04440497335701869,-0.08259502664298131,0.127,False,Bittrex,Kraken
4228,01-14-2021_14-36-47,ZEC/USD,25.0,115.6,115.3,0.0648788927335634,-0.062121107266436604,0.127,False,Bittrex,Kraken
4229,01-14-2021_14-36-57,ZEC/USD,25.0,115.593,115.38,0.04606680335314597,-0.13593319664685402,0.182,False,Bittrex,Coinbase Pro
4230,01-14-2021_14-37-10,ZEC/USD,25.0,115.587,115.45,0.029631359928019685,-0.1523686400719803,0.182,False,Bittrex,Coinbase Pro
4231,01-14-2021_14-37-21,ZEC/USD,25.0,115.64,115.51,0.0281044621238316,-0.11189553787616838,0.13999999999999999,False,Binance US,Coinbase Pro
4232,01-14-2021_14-37-33,ZEC/USD,25.0,115.64,115.51,0.0281044621238316,-0.11189553787616838,0.13999999999999999,False,Binance US,Coinbase Pro
4233,01-14-2021_14-37-43,ZEC/USD,25.0,115.64,115.52,0.02594258042200029,-0.1140574195779997,0.13999999999999999,False,Binance US,Coinbase Pro
4234,01-14-2021_14-37-56,ZEC/USD,25.0,115.791,115.53,0.05635152991165023,-0.12564847008834976,0.182,False,Bittrex,Coinbase Pro
4235,01-14-2021_14-38-07,ZEC/USD,25.0,115.783,115.53,0.05462805420484875,-0.12737194579515124,0.182,False,Bittrex,Coinbase Pro
4236,01-14-2021_14-38-18,ZEC/USD,25.0,115.591,115.35,0.05212343521554439,-0.1298765647844556,0.182,False,Bittrex,Coinbase Pro
4237,01-14-2021_14-38-30,ZEC/USD,25.0,115.53,115.44,0.019475460919242495,-0.07552453908075751,0.095,False,Binance US,Kraken
4238,01-14-2021_14-38-41,ZEC/USD,25.0,115.53,115.41,0.02596728122565666,-0.06903271877434335,0.095,False,Binance US,Kraken
4239,01-14-2021_14-38-51,ZEC/USD,25.0,115.638,115.5,0.029834483474291587,-0.09716551652570841,0.127,False,Bittrex,Kraken
4240,01-14-2021_14-39-01,ZEC/USD,25.0,115.64,115.53,0.02378069872016591,-0.11621930127983407,0.13999999999999999,False,Binance US,Coinbase Pro
4241,01-14-2021_14-39-13,ZEC/USD,25.0,115.546,115.39,0.033752791096188076,-0.09324720890381193,0.127,False,Bittrex,Kraken
4242,01-14-2021_14-39-25,ZEC/USD,25.0,115.546,115.41,0.029425510186421398,-0.09757448981357861,0.127,False,Bittrex,Kraken
4243,01-14-2021_14-39-36,ZEC/USD,25.0,115.542,115.41,0.028561042737706852,-0.15343895726229315,0.182,False,Bittrex,Coinbase Pro
4244,01-14-2021_14-39-48,ZEC/USD,25.0,115.54,115.41,0.028128786567424624,-0.15387121343257537,0.182,False,Bittrex,Coinbase Pro
4245,01-14-2021_14-40-02,ZEC/USD,25.0,115.539,115.41,0.027912652870460384,-0.15408734712953961,0.182,False,Bittrex,Coinbase Pro
4246,01-14-2021_14-40-14,ZEC/USD,25.0,115.48,115.4,0.017319016279874935,-0.13268098372012505,0.15,False,Binance US,Coinbase Pro
4247,01-14-2021_14-40-27,ZEC/USD,25.0,115.456,115.37,0.01862181263858061,-0.04359818736141939,0.06222,False,Bittrex,Binance US
4248,01-14-2021_14-40-39,ZEC/USD,25.0,115.48,115.41,0.01515413924489249,-0.13484586075510752,0.15,False,Binance US,Coinbase Pro
4249,01-14-2021_14-40-50,ZEC/USD,25.0,115.443,115.3,0.030967663695503557,-0.15103233630449645,0.182,False,Bittrex,Coinbase Pro
4250,01-14-2021_14-41-03,ZEC/USD,25.0,116.178,115.31,0.18678235121967907,0.004782351219679071,0.182,False,Bittrex,Coinbase Pro
4251,01-14-2021_14-41-14,ZEC/USD,25.0,115.366,115.26,0.022970372553437438,-0.15902962744656257,0.182,False,Bittrex,Coinbase Pro
4252,01-14-2021_14-41-26,ZEC/USD,25.0,115.325,115.25,0.016258400173423553,-0.16574159982657644,0.182,False,Bittrex,Coinbase Pro
4253,01-14-2021_14-41-37,ZEC/USD,25.0,115.476,115.38,0.02078353943676687,-0.04143646056323313,0.06222,False,Bittrex,Binance US
4254,01-14-2021_14-41-49,ZEC/USD,25.0,115.48,115.33,0.03247315552476743,-0.06252684447523257,0.095,False,Binance US,Kraken
4255,01-14-2021_14-42-02,ZEC/USD,25.0,115.48,115.39,0.019483893314860456,-0.07551610668513954,0.095,False,Binance US,Kraken
4256,01-14-2021_14-42-25,ZEC/USD,25.0,115.602,115.41,0.041521772979707806,-0.1404782270202922,0.182,False,Bittrex,Coinbase Pro
4257,01-14-2021_14-42-37,ZEC/USD,25.0,115.564,115.41,0.03331487314388485,-0.14868512685611515,0.182,False,Bittrex,Coinbase Pro
4258,01-14-2021_14-42-47,ZEC/USD,25.0,115.57,115.53,0.008652764558274649,-0.14134723544172534,0.15,False,Binance US,Coinbase Pro
4259,01-14-2021_14-43-00,ZEC/USD,25.0,115.71,115.54,0.03672975542303766,-0.05827024457696234,0.095,False,Binance US,Kraken
4260,01-14-2021_14-43-23,ZEC/USD,25.0,115.635,115.53,0.0227007393955126,-0.1592992606044874,0.182,False,Bittrex,Coinbase Pro
4261,01-14-2021_14-43-37,ZEC/USD,25.0,115.71,115.54,0.03672975542303766,-0.05827024457696234,0.095,False,Binance US,Kraken
4262,01-14-2021_14-44-00,ZEC/USD,25.0,115.632,115.53,0.022052718970528025,-0.10494728102947198,0.127,False,Bittrex,Kraken
4263,01-14-2021_14-44-24,ZEC/USD,25.0,115.63,115.44,0.04107930467871611,-0.0439206953212839,0.085,False,Binance US,Kraken
4264,01-14-2021_14-44-37,ZEC/USD,25.0,115.63,115.46,0.03675516734411522,-0.10324483265588477,0.13999999999999999,False,Binance US,Coinbase Pro
4265,01-14-2021_14-45-00,ZEC/USD,25.0,115.63,115.5,0.028106892674910372,-0.11189310732508961,0.13999999999999999,False,Binance US,Coinbase Pro
4266,01-14-2021_14-45-12,ZEC/USD,25.0,115.803,115.54,0.056777458269645656,-0.07022254173035435,0.127,False,Bittrex,Kraken
4267,01-14-2021_14-45-24,ZEC/USD,25.0,115.791,115.54,0.05419246746292686,-0.07280753253707314,0.127,False,Bittrex,Kraken
4268,01-14-2021_14-45-35,ZEC/USD,25.0,115.901,115.63,0.05845506078463534,-0.06854493921536467,0.127,False,Bittrex,Kraken
4269,01-14-2021_14-45-56,ZEC/USD,25.0,116.112,115.91,0.043492490009645474,-0.13850750999035452,0.182,False,Bittrex,Coinbase Pro
4270,01-14-2021_14-46-09,ZEC/USD,25.0,116.094,115.85,0.0525436284390235,-0.07445637156097651,0.127,False,Bittrex,Kraken
4271,01-14-2021_14-46-22,ZEC/USD,25.0,116.1,115.88,0.04737295434969829,-0.1376270456503017,0.185,False,Coinbase Pro,Kraken
4272,01-14-2021_14-46-46,ZEC/USD,25.0,116.236,116.05,0.0400048177845089,-0.0869951822154911,0.127,False,Bittrex,Kraken
4273,01-14-2021_14-46-59,ZEC/USD,25.0,116.329,116.05,0.0599592534965478,-0.06704074650345221,0.127,False,Bittrex,Kraken
4274,01-14-2021_14-47-22,ZEC/USD,25.0,116.319,116.05,0.05781514627876904,-0.06918485372123095,0.127,False,Bittrex,Kraken
4275,01-14-2021_14-47-35,ZEC/USD,25.0,116.319,116.05,0.05781514627876904,-0.06918485372123095,0.127,False,Bittrex,Kraken
4276,01-14-2021_14-47-47,ZEC/USD,25.0,116.21,116.05,0.03442044574477166,-0.15057955425522834,0.185,False,Coinbase Pro,Kraken
4277,01-14-2021_14-47-58,ZEC/USD,25.0,116.21,116.05,0.03442044574477166,-0.15057955425522834,0.185,False,Coinbase Pro,Kraken
4278,01-14-2021_14-48-11,ZEC/USD,25.0,116.284,116.05,0.050307866946443375,-0.07669213305355663,0.127,False,Bittrex,Kraken
4279,01-14-2021_14-48-24,ZEC/USD,25.0,116.247,116.05,0.042366684731649576,-0.08463331526835043,0.127,False,Bittrex,Kraken
4280,01-14-2021_14-48-37,ZEC/USD,25.0,116.25,116.05,0.04301075268817266,-0.051989247311827344,0.095,False,Binance US,Kraken
4281,01-14-2021_14-48-59,ZEC/USD,25.0,115.955,115.87,0.018326074770383713,-0.10867392522961629,0.127,False,Bittrex,Kraken
4282,01-14-2021_14-49-11,ZEC/USD,25.0,116.03,115.94,0.019391536671551194,-0.1656084633284488,0.185,False,Coinbase Pro,Kraken
4283,01-14-2021_14-49-34,ZEC/USD,25.0,115.98,115.87,0.023710984652526173,-0.07128901534747382,0.095,False,Binance US,Kraken
4284,01-14-2021_14-49-45,ZEC/USD,25.0,115.99,115.85,0.030175015087507667,-0.15482498491249233,0.185,False,Coinbase Pro,Kraken
4285,01-14-2021_14-49-59,ZEC/USD,25.0,116.07,115.97,0.021538726630480384,-0.07346127336951962,0.095,False,Binance US,Kraken
4286,01-14-2021_14-50-22,ZEC/USD,25.0,115.906,115.84,0.01423567373561388,-0.04798432626438612,0.06222,False,Bittrex,Binance US
4287,01-14-2021_14-50-47,ZEC/USD,25.0,116.191,116.02,0.03679286691740464,-0.09020713308259537,0.127,False,Bittrex,Kraken
4288,01-14-2021_14-51-00,ZEC/USD,25.0,116.12,115.96,0.03444712366517628,-0.06055287633482372,0.095,False,Binance US,Kraken
4289,01-14-2021_14-51-23,ZEC/USD,25.0,116.289,116.04,0.05353042850140496,-0.07346957149859504,0.127,False,Bittrex,Kraken
4290,01-14-2021_14-51-37,ZEC/USD,25.0,116.161,116.04,0.026041442480693847,-0.10095855751930616,0.127,False,Bittrex,Kraken
4291,01-14-2021_14-52-01,ZEC/USD,25.0,116.05,115.89,0.03446790176647923,-0.15053209823352076,0.185,False,Coinbase Pro,Kraken
4292,01-14-2021_14-52-15,ZEC/USD,25.0,116.016,115.93,0.018531926630809225,-0.10846807336919077,0.127,False,Bittrex,Kraken
4293,01-14-2021_14-52-26,ZEC/USD,25.0,116.081,115.97,0.023905721005161095,-0.1580942789948389,0.182,False,Bittrex,Coinbase Pro
4294,01-14-2021_14-52-48,ZEC/USD,25.0,116.14,116.04,0.021525744790768537,-0.10547425520923147,0.127,False,Bittrex,Kraken
4295,01-14-2021_14-53-01,ZEC/USD,25.0,116.269,116.04,0.049239264120272644,-0.07776073587972736,0.127,False,Bittrex,Kraken
4296,01-14-2021_14-53-12,ZEC/USD,25.0,116.257,116.04,0.04666385680002037,-0.08033614319997963,0.127,False,Bittrex,Kraken
4297,01-14-2021_14-53-23,ZEC/USD,25.0,116.247,116.04,0.04451727786523386,-0.08248272213476615,0.127,False,Bittrex,Kraken
4298,01-14-2021_14-53-46,ZEC/USD,25.0,116.25,116.04,0.0451612903225793,-0.13983870967742068,0.185,False,Coinbase Pro,Kraken
4299,01-14-2021_14-53-59,ZEC/USD,25.0,116.505,116.14,0.07832281876314212,-0.04867718123685788,0.127,False,Bittrex,Kraken
4300,01-14-2021_14-54-11,ZEC/USD,25.0,116.431,116.14,0.062483359242812654,-0.06451664075718735,0.127,False,Bittrex,Kraken
4301,01-14-2021_14-54-23,ZEC/USD,25.0,116.43,116.14,0.0622691746113558,-0.06473082538864419,0.127,False,Bittrex,Kraken
4302,01-14-2021_14-54-34,ZEC/USD,25.0,116.427,116.14,0.061626598641209965,-0.06537340135879004,0.127,False,Bittrex,Kraken
4303,01-14-2021_14-54-46,ZEC/USD,25.0,116.409,116.14,0.05777044730218571,-0.06922955269781429,0.127,False,Bittrex,Kraken
4304,01-14-2021_14-54-58,ZEC/USD,25.0,116.406,116.14,0.05712763946875705,-0.06987236053124296,0.127,False,Bittrex,Kraken
4305,01-14-2021_14-55-09,ZEC/USD,25.0,116.393,116.14,0.05434175594752264,-0.07265824405247737,0.127,False,Bittrex,Kraken
4306,01-14-2021_14-55-20,ZEC/USD,25.0,116.389,116.14,0.05348443581438006,-0.07351556418561994,0.127,False,Bittrex,Kraken
4307,01-14-2021_14-55-32,ZEC/USD,25.0,116.384,116.14,0.05241270277701398,-0.07458729722298602,0.127,False,Bittrex,Kraken
4308,01-14-2021_14-55-43,ZEC/USD,25.0,116.377,116.14,0.050912121811009646,-0.07608787818899035,0.127,False,Bittrex,Kraken
4309,01-14-2021_14-55-54,ZEC/USD,25.0,116.376,116.25,0.027067436584863883,-0.09993256341513612,0.127,False,Bittrex,Kraken
4310,01-14-2021_14-56-04,ZEC/USD,25.0,116.374,116.25,0.026638252530632966,-0.10036174746936703,0.127,False,Bittrex,Kraken
4311,01-14-2021_14-56-17,ZEC/USD,25.0,116.502,116.25,0.054076324869958316,-0.07292367513004169,0.127,False,Bittrex,Kraken
4312,01-14-2021_14-56-27,ZEC/USD,25.0,116.433,116.25,0.03929298394785132,-0.08770701605214867,0.127,False,Bittrex,Kraken
4313,01-14-2021_14-56-39,ZEC/USD,25.0,116.43,116.25,0.03864983251739389,-0.08835016748260612,0.127,False,Bittrex,Kraken
4314,01-14-2021_14-56-51,ZEC/USD,25.0,116.401,116.25,0.03243099286088527,-0.09456900713911473,0.127,False,Bittrex,Kraken
4315,01-14-2021_14-57-01,ZEC/USD,25.0,116.4,116.25,0.03221649484536204,-0.09478350515463796,0.127,False,Bittrex,Kraken
4316,01-14-2021_14-57-12,ZEC/USD,25.0,116.472,116.25,0.04765093756439192,-0.07934906243560808,0.127,False,Bittrex,Kraken
4317,01-14-2021_14-57-23,ZEC/USD,25.0,116.47,116.25,0.04722246071949834,-0.07977753928050166,0.127,False,Bittrex,Kraken
4318,01-14-2021_14-57-34,ZEC/USD,25.0,116.471,116.3,0.036704415691461066,-0.14529558430853892,0.182,False,Bittrex,Coinbase Pro
4319,01-14-2021_14-57-44,ZEC/USD,25.0,116.73,116.43,0.06425083526085779,-0.06274916473914222,0.127,False,Bittrex,Kraken
4320,01-14-2021_14-57-56,ZEC/USD,25.0,116.723,116.51,0.04562082879980678,-0.08137917120019322,0.127,False,Bittrex,Kraken
4321,01-14-2021_14-58-09,ZEC/USD,25.0,116.943,116.66,0.060499559614513324,-0.0017104403854866779,0.06221,False,Bittrex,Binance US
4322,01-14-2021_14-58-20,ZEC/USD,25.0,116.938,116.66,0.05943320392002723,-0.0027767960799727695,0.06221,False,Bittrex,Binance US
4323,01-14-2021_14-58-33,ZEC/USD,25.0,116.997,116.66,0.07201039342889205,0.009800393428892051,0.06221,True,Bittrex,Binance US
4324,01-14-2021_14-58-44,ZEC/USD,25.0,117.0,116.66,0.07264957264957338,0.010439572649573375,0.06221,True,Bittrex,Binance US
4325,01-14-2021_14-58-56,ZEC/USD,25.0,117.0,116.66,0.07264957264957338,0.010439572649573375,0.06221,True,Bittrex,Binance US
4326,01-14-2021_14-59-09,ZEC/USD,25.0,117.0,116.66,0.07264957264957338,0.010439572649573375,0.06221,True,Bittrex,Binance US
4327,01-14-2021_14-59-20,ZEC/USD,25.0,117.0,116.66,0.07264957264957338,0.010439572649573375,0.06221,True,Bittrex,Binance US
4328,01-14-2021_14-59-43,ZEC/USD,25.0,117.0,116.66,0.07264957264957338,0.010439572649573375,0.06221,True,Bittrex,Binance US
4329,01-14-2021_14-59-55,ZEC/USD,25.0,117.0,116.66,0.07264957264957338,0.010439572649573375,0.06221,True,Bittrex,Binance US
4330,01-14-2021_15-00-08,ZEC/USD,25.0,117.0,116.66,0.07264957264957338,0.010439572649573375,0.06221,True,Bittrex,Binance US
4331,01-14-2021_15-00-19,ZEC/USD,25.0,117.01,116.66,0.07477993333903267,0.009569933339032666,0.06521,True,Kraken,Binance US
4332,01-14-2021_15-00-32,ZEC/USD,25.0,117.03,116.66,0.07903956250534148,0.01382956250534148,0.06521,True,Kraken,Binance US
4333,01-14-2021_15-00-57,ZEC/USD,25.0,117.0,116.66,0.07264957264957338,0.010439572649573375,0.06221,True,Bittrex,Binance US
4334,01-14-2021_15-01-21,ZEC/USD,25.0,116.989,116.66,0.07030575524194747,0.008095755241947472,0.06221,False,Bittrex,Binance US
4335,01-14-2021_15-01-34,ZEC/USD,25.0,116.94,116.74,0.04275696938601053,-0.13924303061398946,0.182,False,Bittrex,Coinbase Pro
4336,01-14-2021_15-01-45,ZEC/USD,25.0,116.86,116.65,0.04492555194249395,-0.09507444805750603,0.13999999999999999,False,Binance US,Coinbase Pro
4337,01-14-2021_15-01-57,ZEC/USD,25.0,116.67,116.52,0.03214193880174974,-0.11785806119825026,0.15,False,Binance US,Coinbase Pro
4338,01-14-2021_15-02-19,ZEC/USD,25.0,116.322,116.2,0.02622031945805606,-0.15577968054194394,0.182,False,Bittrex,Coinbase Pro
4339,01-14-2021_15-02-31,ZEC/USD,25.0,116.03,115.83,0.04309230371455719,-0.1419076962854428,0.185,False,Kraken,Coinbase Pro
4340,01-14-2021_15-02-55,ZEC/USD,25.0,115.48,115.29,0.041132663664703355,-0.10886733633529663,0.15,False,Binance US,Coinbase Pro
4341,01-14-2021_15-03-07,ZEC/USD,25.0,115.62,115.48,0.03027157931153792,-0.03494842068846208,0.06522,False,Kraken,Binance US
4342,01-14-2021_15-03-29,ZEC/USD,25.0,115.98,115.72,0.056044145542335985,-0.128955854457664,0.185,False,Kraken,Coinbase Pro
4343,01-14-2021_15-03-42,ZEC/USD,25.0,115.88,115.69,0.040990680013806895,-0.10900931998619309,0.15,False,Binance US,Coinbase Pro
4344,01-14-2021_15-03-54,ZEC/USD,25.0,115.81,115.62,0.04101545635091912,-0.09898454364908087,0.13999999999999999,False,Binance US,Coinbase Pro
4345,01-14-2021_15-04-06,ZEC/USD,25.0,115.75,115.5,0.05399568034557235,-0.08600431965442763,0.13999999999999999,False,Binance US,Coinbase Pro
4346,01-14-2021_15-04-29,ZEC/USD,25.0,115.68,115.55,0.028094744121717162,-0.12190525587828283,0.15,False,Binance US,Coinbase Pro
4347,01-14-2021_15-04-51,ZEC/USD,25.0,115.68,115.58,0.021611341632090362,-0.12838865836790964,0.15,False,Binance US,Coinbase Pro
4348,01-14-2021_15-05-04,ZEC/USD,25.0,115.537,115.45,0.018825138267395573,-0.16317486173260443,0.182,False,Bittrex,Coinbase Pro
4349,01-14-2021_15-05-15,ZEC/USD,25.0,115.534,115.43,0.02250419789845396,-0.15949580210154604,0.182,False,Bittrex,Coinbase Pro
4350,01-14-2021_15-05-38,ZEC/USD,25.0,115.371,115.24,0.028386682961922892,-0.1536133170380771,0.182,False,Bittrex,Coinbase Pro
4351,01-14-2021_15-05-50,ZEC/USD,25.0,115.31,115.23,0.017344549475327008,-0.13265545052467298,0.15,False,Binance US,Coinbase Pro
4352,01-14-2021_15-06-03,ZEC/USD,25.0,115.32,115.24,0.01734304543877868,-0.1326569545612213,0.15,False,Binance US,Coinbase Pro
4353,01-14-2021_15-06-15,ZEC/USD,25.0,115.353,115.23,0.026657304101321694,-0.1553426958986783,0.182,False,Bittrex,Coinbase Pro
4354,01-14-2021_15-06-27,ZEC/USD,25.0,115.348,115.23,0.025574782397613093,-0.1564252176023869,0.182,False,Bittrex,Coinbase Pro
4355,01-14-2021_15-06-49,ZEC/USD,25.0,115.61,115.47,0.03027419773376018,-0.03494580226623982,0.06522,False,Kraken,Binance US
4356,01-14-2021_15-07-00,ZEC/USD,25.0,115.62,115.35,0.05838090295796796,-0.00683909704203204,0.06522,False,Kraken,Binance US
4357,01-14-2021_15-07-23,ZEC/USD,25.0,115.652,115.36,0.06312039566976826,0.0009003956697682669,0.06222,False,Bittrex,Binance US
4358,01-14-2021_15-07-36,ZEC/USD,25.0,115.68,115.5,0.03890041493776081,-0.11109958506223919,0.15,False,Binance US,Coinbase Pro
4359,01-14-2021_15-07-48,ZEC/USD,25.0,115.578,115.36,0.047154302721972075,-0.015065697278027923,0.06222,False,Bittrex,Binance US
4360,01-14-2021_15-07-59,ZEC/USD,25.0,115.58,115.36,0.047586087558400866,-0.10241391244159913,0.15,False,Binance US,Coinbase Pro
4361,01-14-2021_15-08-12,ZEC/USD,25.0,115.59,115.36,0.04974478761138593,-0.13525521238861407,0.185,False,Kraken,Coinbase Pro
4362,01-14-2021_15-08-25,ZEC/USD,25.0,115.61,115.32,0.06271083816279004,-0.002509161837209964,0.06522,False,Kraken,Binance US
4363,01-14-2021_15-08-37,ZEC/USD,25.0,115.593,115.32,0.059043367677975814,-0.0031766323220241838,0.06222,False,Bittrex,Binance US
4364,01-14-2021_15-08-48,ZEC/USD,25.0,115.495,115.32,0.03788042772414636,-0.024339572275853635,0.06222,False,Bittrex,Binance US
4365,01-14-2021_15-09-02,ZEC/USD,25.0,115.613,115.32,0.06335792687673669,0.0011379268767366946,0.06222,False,Bittrex,Binance US
4366,01-14-2021_15-09-13,ZEC/USD,25.0,115.613,115.5,0.02443496838590806,-0.15756503161409194,0.182,False,Bittrex,Coinbase Pro
4367,01-14-2021_15-09-24,ZEC/USD,25.0,115.613,115.5,0.02443496838590806,-0.15756503161409194,0.182,False,Bittrex,Coinbase Pro
4368,01-14-2021_15-09-36,ZEC/USD,25.0,115.609,115.5,0.023570829260696542,-0.15842917073930346,0.182,False,Bittrex,Coinbase Pro
4369,01-14-2021_15-09-46,ZEC/USD,25.0,115.608,115.5,0.023354785135977635,-0.15864521486402236,0.182,False,Bittrex,Coinbase Pro
4370,01-14-2021_15-09-57,ZEC/USD,25.0,115.608,115.31,0.06444190713445476,0.002221907134454762,0.06222,False,Bittrex,Binance US
4371,01-14-2021_15-10-09,ZEC/USD,25.0,115.608,115.31,0.06444190713445476,0.002221907134454762,0.06222,False,Bittrex,Binance US
4372,01-14-2021_15-10-31,ZEC/USD,25.0,115.605,115.44,0.03568184767094984,-0.14631815232905016,0.182,False,Bittrex,Coinbase Pro
4373,01-14-2021_15-10-43,ZEC/USD,25.0,115.603,115.3,0.0655259811596579,0.0033059811596578975,0.06222,False,Bittrex,Binance US
4374,01-14-2021_15-10-53,ZEC/USD,25.0,115.598,115.3,0.06444748179034279,0.0022274817903427946,0.06222,False,Bittrex,Binance US
4375,01-14-2021_15-11-05,ZEC/USD,25.0,115.587,115.3,0.06207445473972119,-0.00014554526027880932,0.06222,False,Bittrex,Binance US
4376,01-14-2021_15-11-15,ZEC/USD,25.0,115.544,115.3,0.05279374091255275,-0.00942625908744725,0.06222,False,Bittrex,Binance US
4377,01-14-2021_15-11-26,ZEC/USD,25.0,115.541,115.3,0.052145991466232694,-0.010074008533767304,0.06222,False,Bittrex,Binance US
4378,01-14-2021_15-11-37,ZEC/USD,25.0,115.539,115.3,0.05171413981426279,-0.01050586018573721,0.06222,False,Bittrex,Binance US
4379,01-14-2021_15-11-48,ZEC/USD,25.0,115.539,115.3,0.05171413981426279,-0.01050586018573721,0.06222,False,Bittrex,Binance US
4380,01-14-2021_15-12-00,ZEC/USD,25.0,115.539,115.3,0.05171413981426279,-0.01050586018573721,0.06222,False,Bittrex,Binance US
4381,01-14-2021_15-12-11,ZEC/USD,25.0,115.537,115.3,0.05128227321118104,-0.010937726788818956,0.06222,False,Bittrex,Binance US
4382,01-14-2021_15-12-23,ZEC/USD,25.0,115.512,115.3,0.04588267885587716,-0.01633732114412284,0.06222,False,Bittrex,Binance US
4383,01-14-2021_15-12-34,ZEC/USD,25.0,115.505,115.3,0.044370373576901066,-0.01784962642309893,0.06222,False,Bittrex,Binance US
4384,01-14-2021_15-12-46,ZEC/USD,25.0,115.498,115.3,0.042857884985023006,-0.01936211501497699,0.06222,False,Bittrex,Binance US
4385,01-14-2021_15-12-57,ZEC/USD,25.0,115.493,115.3,0.041777423739966464,-0.020442576260033533,0.06222,False,Bittrex,Binance US
4386,01-14-2021_15-13-08,ZEC/USD,25.0,115.454,115.3,0.03334661423597198,-0.028873385764028016,0.06222,False,Bittrex,Binance US
4387,01-14-2021_15-13-21,ZEC/USD,25.0,115.45,115.3,0.032481593763535224,-0.029738406236464773,0.06222,False,Bittrex,Binance US
4388,01-14-2021_15-13-31,ZEC/USD,25.0,115.54,115.3,0.051930067509089725,-0.06828993249091027,0.12022,False,Coinbase Pro,Binance US
4389,01-14-2021_15-13-41,ZEC/USD,25.0,115.522,115.3,0.048042797042989305,-0.014177202957010693,0.06222,False,Bittrex,Binance US
4390,01-14-2021_15-13-52,ZEC/USD,25.0,115.491,115.3,0.04134521304690463,-0.020874786953095366,0.06222,False,Bittrex,Binance US
4391,01-14-2021_15-14-05,ZEC/USD,25.0,115.6,115.3,0.0648788927335634,0.0026588927335634005,0.06222,False,Bittrex,Binance US
4392,01-14-2021_15-14-16,ZEC/USD,25.0,115.538,115.3,0.05149820838165788,-0.010721791618342115,0.06222,False,Bittrex,Binance US
4393,01-14-2021_15-14-27,ZEC/USD,25.0,115.534,115.29,0.05279831045406542,-0.00942168954593458,0.06222,False,Bittrex,Binance US
4394,01-14-2021_15-14-38,ZEC/USD,25.0,115.409,115.29,0.025777885606841702,-0.036442114393158295,0.06222,False,Bittrex,Binance US
4395,01-14-2021_15-14-48,ZEC/USD,25.0,115.409,115.29,0.025777885606841702,-0.036442114393158295,0.06222,False,Bittrex,Binance US
4396,01-14-2021_15-15-01,ZEC/USD,25.0,115.276,115.19,0.01865089003782195,-0.04356910996217805,0.06222,False,Bittrex,Binance US
4397,01-14-2021_15-15-14,ZEC/USD,25.0,115.394,115.3,0.020365010312496382,-0.04185498968750362,0.06222,False,Bittrex,Binance US
4398,01-14-2021_15-15-26,ZEC/USD,25.0,115.393,115.29,0.02231504510672104,-0.03990495489327896,0.06222,False,Bittrex,Binance US
4399,01-14-2021_15-15-36,ZEC/USD,25.0,115.449,115.3,0.032265329279595516,-0.029954670720404482,0.06222,False,Bittrex,Binance US
4400,01-14-2021_15-15-48,ZEC/USD,25.0,115.442,115.3,0.03075137298383515,-0.031468627016164846,0.06222,False,Bittrex,Binance US
4401,01-14-2021_15-16-01,ZEC/USD,25.0,115.592,115.43,0.03503702678385873,-0.14696297321614127,0.182,False,Bittrex,Coinbase Pro
4402,01-14-2021_15-16-12,ZEC/USD,25.0,115.709,115.59,0.025711050998625813,-0.1012889490013742,0.127,False,Bittrex,Kraken
4403,01-14-2021_15-16-24,ZEC/USD,25.0,115.778,115.59,0.04059493167959422,-0.08640506832040579,0.127,False,Bittrex,Kraken
4404,01-14-2021_15-16-35,ZEC/USD,25.0,115.848,115.59,0.05567640356328887,-0.07132359643671113,0.127,False,Bittrex,Kraken
4405,01-14-2021_15-16-46,ZEC/USD,25.0,115.94,115.75,0.040969466965671414,-0.05403053303432859,0.095,False,Binance US,Kraken
4406,01-14-2021_15-16-59,ZEC/USD,25.0,115.94,115.75,0.040969466965671414,-0.05403053303432859,0.095,False,Binance US,Kraken
4407,01-14-2021_15-17-09,ZEC/USD,25.0,115.94,115.75,0.040969466965671414,-0.05403053303432859,0.095,False,Binance US,Kraken
4408,01-14-2021_15-17-20,ZEC/USD,25.0,115.923,115.75,0.037309248380390826,-0.08969075161960918,0.127,False,Bittrex,Kraken
4409,01-14-2021_15-17-31,ZEC/USD,25.0,115.964,115.75,0.04613500741609436,-0.08086499258390564,0.127,False,Bittrex,Kraken
4410,01-14-2021_15-17-42,ZEC/USD,25.0,115.956,115.75,0.04441339818551931,-0.08258660181448069,0.127,False,Bittrex,Kraken
4411,01-14-2021_15-17-53,ZEC/USD,25.0,115.698,115.58,0.02549741568566332,-0.15650258431433667,0.182,False,Bittrex,Coinbase Pro
4412,01-14-2021_15-18-05,ZEC/USD,25.0,115.7,115.67,0.006482281763180885,-0.08851771823681912,0.095,False,Binance US,Kraken
4413,01-14-2021_15-18-16,ZEC/USD,25.0,115.746,115.66,0.018575155944913546,-0.16342484405508645,0.182,False,Bittrex,Coinbase Pro
4414,01-14-2021_15-18-27,ZEC/USD,25.0,115.7,115.56,0.03025064822817644,-0.11974935177182355,0.15,False,Binance US,Coinbase Pro
4415,01-14-2021_15-18-39,ZEC/USD,25.0,115.739,115.65,0.01922428913330827,-0.10777571086669173,0.127,False,Bittrex,Kraken
4416,01-14-2021_15-18-50,ZEC/USD,25.0,115.95,115.75,0.04312203536006961,-0.14187796463993038,0.185,False,Coinbase Pro,Kraken
4417,01-14-2021_15-19-01,ZEC/USD,25.0,115.95,115.75,0.04312203536006961,-0.14187796463993038,0.185,False,Coinbase Pro,Kraken
4418,01-14-2021_15-19-13,ZEC/USD,25.0,115.94,115.75,0.040969466965671414,-0.05403053303432859,0.095,False,Binance US,Kraken
4419,01-14-2021_15-19-23,ZEC/USD,25.0,115.94,115.75,0.040969466965671414,-0.14403053303432858,0.185,False,Coinbase Pro,Kraken
4420,01-14-2021_15-19-34,ZEC/USD,25.0,115.94,115.75,0.040969466965671414,-0.14403053303432858,0.185,False,Coinbase Pro,Kraken
4421,01-14-2021_15-19-45,ZEC/USD,25.0,115.94,115.75,0.040969466965671414,-0.05403053303432859,0.095,False,Binance US,Kraken
4422,01-14-2021_15-19-57,ZEC/USD,25.0,115.94,115.75,0.040969466965671414,-0.05403053303432859,0.095,False,Binance US,Kraken
4423,01-14-2021_15-20-10,ZEC/USD,25.0,115.94,115.75,0.040969466965671414,-0.05403053303432859,0.095,False,Binance US,Kraken
4424,01-14-2021_15-20-22,ZEC/USD,25.0,115.894,115.7,0.041848585776658544,-0.14015141422334146,0.182,False,Bittrex,Coinbase Pro
4425,01-14-2021_15-20-33,ZEC/USD,25.0,115.763,115.6,0.03520123009942963,-0.14679876990057036,0.182,False,Bittrex,Coinbase Pro
4426,01-14-2021_15-20-44,ZEC/USD,25.0,115.753,115.66,0.020085872504385097,-0.1619141274956149,0.182,False,Bittrex,Coinbase Pro
4427,01-14-2021_15-20-54,ZEC/USD,25.0,115.75,115.66,0.019438444924406783,-0.1205615550755932,0.13999999999999999,False,Binance US,Coinbase Pro
4428,01-14-2021_15-21-07,ZEC/USD,25.0,115.75,115.73,0.004319654427644929,-0.08068034557235508,0.085,False,Binance US,Kraken
4429,01-14-2021_15-21-17,ZEC/USD,25.0,115.902,115.75,0.03278631947679959,-0.09421368052320042,0.127,False,Bittrex,Kraken
4430,01-14-2021_15-21-29,ZEC/USD,25.0,115.892,115.75,0.030631967694059105,-0.0963680323059409,0.127,False,Bittrex,Kraken
4431,01-14-2021_15-21-40,ZEC/USD,25.0,115.774,115.67,0.02245754659940902,-0.15954245340059098,0.182,False,Bittrex,Coinbase Pro
4432,01-14-2021_15-21-51,ZEC/USD,25.0,115.674,115.56,0.024638207375902173,-0.037581792624097825,0.06222,False,Bittrex,Binance US
4433,01-14-2021_15-22-04,ZEC/USD,25.0,115.751,115.63,0.02613368351029566,-0.10086631648970434,0.127,False,Bittrex,Kraken
4434,01-14-2021_15-22-15,ZEC/USD,25.0,115.743,115.61,0.02872743924038507,-0.09827256075961494,0.127,False,Bittrex,Kraken
4435,01-14-2021_15-22-27,ZEC/USD,25.0,115.732,115.61,0.02635399025334391,-0.10064600974665609,0.127,False,Bittrex,Kraken
4436,01-14-2021_15-22-38,ZEC/USD,25.0,115.706,115.39,0.06827649387240128,-0.11372350612759871,0.182,False,Bittrex,Coinbase Pro
4437,01-14-2021_15-22-49,ZEC/USD,25.0,115.625,115.35,0.05945945945946069,-0.12254054054053931,0.182,False,Bittrex,Coinbase Pro
4438,01-14-2021_15-23-01,ZEC/USD,25.0,115.471,115.3,0.03702228265105665,-0.14497771734894335,0.182,False,Bittrex,Coinbase Pro
4439,01-14-2021_15-23-13,ZEC/USD,25.0,115.384,115.17,0.04636691395687414,-0.13563308604312585,0.182,False,Bittrex,Coinbase Pro
4440,01-14-2021_15-23-24,ZEC/USD,25.0,115.309,115.24,0.014959803657997775,-0.16704019634200223,0.182,False,Bittrex,Coinbase Pro
4441,01-14-2021_15-23-37,ZEC/USD,25.0,115.35,115.2,0.032509752925875914,-0.10749024707412408,0.13999999999999999,False,Binance US,Coinbase Pro
4442,01-14-2021_15-23-48,ZEC/USD,25.0,115.34,115.22,0.026010057222126872,-0.11398994277787311,0.13999999999999999,False,Binance US,Coinbase Pro
4443,01-14-2021_15-23-59,ZEC/USD,25.0,115.36,115.28,0.017337031900138328,-0.16766296809986167,0.185,False,Coinbase Pro,Kraken
4444,01-14-2021_15-24-10,ZEC/USD,25.0,115.486,115.32,0.035935091699429156,-0.14606490830057084,0.182,False,Bittrex,Coinbase Pro
4445,01-14-2021_15-24-22,ZEC/USD,25.0,115.405,115.26,0.0314111173692639,-0.1505888826307361,0.182,False,Bittrex,Coinbase Pro
4446,01-14-2021_15-24-35,ZEC/USD,25.0,115.45,115.31,0.03031615417929852,-0.11968384582070148,0.15,False,Binance US,Coinbase Pro
4447,01-14-2021_15-24-47,ZEC/USD,25.0,115.5,115.39,0.023809523809523687,-0.10319047619047632,0.127,False,Bittrex,Kraken
4448,01-14-2021_15-24-58,ZEC/USD,25.0,115.64,115.58,0.012971290211000144,-0.16902870978899986,0.182,False,Bittrex,Coinbase Pro
4449,01-14-2021_15-25-12,ZEC/USD,25.0,115.638,115.52,0.025510645289612673,-0.10148935471038734,0.127,False,Bittrex,Kraken
4450,01-14-2021_15-25-22,ZEC/USD,25.0,115.71,115.6,0.023766312332555408,-0.09645368766744458,0.12022,False,Coinbase Pro,Binance US
4451,01-14-2021_15-25-36,ZEC/USD,25.0,115.622,115.56,0.013405753230353569,-0.11359424676964644,0.127,False,Bittrex,Kraken
4452,01-14-2021_15-25-47,ZEC/USD,25.0,115.617,115.54,0.016649800634854342,-0.16535019936514567,0.182,False,Bittrex,Coinbase Pro
4453,01-14-2021_15-25-59,ZEC/USD,25.0,115.731,115.61,0.026138199790893348,-0.10086180020910665,0.127,False,Bittrex,Kraken
4454,01-14-2021_15-26-11,ZEC/USD,25.0,115.724,115.61,0.024627562130587498,-0.1023724378694125,0.127,False,Bittrex,Kraken
4455,01-14-2021_15-26-22,ZEC/USD,25.0,115.721,115.61,0.02398009004415884,-0.10301990995584116,0.127,False,Bittrex,Kraken
4456,01-14-2021_15-26-35,ZEC/USD,25.0,115.715,115.61,0.02268504515404312,-0.10431495484595688,0.127,False,Bittrex,Kraken
4457,01-14-2021_15-26-46,ZEC/USD,25.0,115.644,115.54,0.022482792016879215,-0.10451720798312078,0.127,False,Bittrex,Kraken
4458,01-14-2021_15-26-59,ZEC/USD,25.0,115.642,115.58,0.013403434738243375,-0.16859656526175662,0.182,False,Bittrex,Coinbase Pro
4459,01-14-2021_15-27-11,ZEC/USD,25.0,115.638,115.59,0.010377211643231856,-0.051842788356768144,0.06222,False,Bittrex,Binance US
4460,01-14-2021_15-27-23,ZEC/USD,25.0,115.635,115.59,0.009728888312362542,-0.052491111687637454,0.06222,False,Bittrex,Binance US
4461,01-14-2021_15-27-35,ZEC/USD,25.0,115.754,115.61,0.031100437133923117,-0.09589956286607688,0.127,False,Bittrex,Kraken
4462,01-14-2021_15-27-47,ZEC/USD,25.0,115.729,115.6,0.027866826810912754,-0.15413317318908723,0.182,False,Bittrex,Coinbase Pro
4463,01-14-2021_15-28-00,ZEC/USD,25.0,115.6,115.45,0.032439446366780166,-0.10756055363321981,0.13999999999999999,False,Binance US,Coinbase Pro
4464,01-14-2021_15-28-13,ZEC/USD,25.0,115.441,115.26,0.039197512149062586,-0.1428024878509374,0.182,False,Bittrex,Coinbase Pro
4465,01-14-2021_15-28-26,ZEC/USD,25.0,115.47,115.39,0.017320516151380944,-0.06767948384861906,0.085,False,Binance US,Kraken
4466,01-14-2021_15-28-39,ZEC/USD,25.0,115.48,115.32,0.034638032559752945,-0.15036196744024705,0.185,False,Kraken,Coinbase Pro
4467,01-14-2021_15-28-52,ZEC/USD,25.0,115.53,115.36,0.036786981736345904,-0.1482130182636541,0.185,False,Kraken,Coinbase Pro
4468,01-14-2021_15-29-05,ZEC/USD,25.0,115.59,115.36,0.04974478761138593,-0.10025521238861407,0.15,False,Binance US,Coinbase Pro
4469,01-14-2021_15-29-16,ZEC/USD,25.0,115.59,115.47,0.025953802232027975,-0.12404619776797202,0.15,False,Binance US,Coinbase Pro
4470,01-14-2021_15-29-28,ZEC/USD,25.0,115.72,115.61,0.023764258555132957,-0.06123574144486705,0.085,False,Binance US,Kraken
4471,01-14-2021_15-29-39,ZEC/USD,25.0,115.72,115.61,0.023764258555132957,-0.06123574144486705,0.085,False,Binance US,Kraken
4472,01-14-2021_15-29-50,ZEC/USD,25.0,115.72,115.61,0.023764258555132957,-0.06123574144486705,0.085,False,Binance US,Kraken
4473,01-14-2021_15-30-01,ZEC/USD,25.0,115.72,115.61,0.023764258555132957,-0.06123574144486705,0.085,False,Binance US,Kraken
4474,01-14-2021_15-30-13,ZEC/USD,25.0,115.72,115.61,0.023764258555132957,-0.11623574144486704,0.13999999999999999,False,Binance US,Coinbase Pro
4475,01-14-2021_15-30-26,ZEC/USD,25.0,115.728,115.61,0.025490806027926475,-0.10150919397207353,0.127,False,Bittrex,Kraken
4476,01-14-2021_15-30-37,ZEC/USD,25.0,115.72,115.61,0.023764258555132957,-0.06123574144486705,0.085,False,Binance US,Kraken
4477,01-14-2021_15-30-47,ZEC/USD,25.0,115.78,115.61,0.0367075487994476,-0.1482924512005524,0.185,False,Coinbase Pro,Kraken
4478,01-14-2021_15-30-58,ZEC/USD,25.0,115.73,115.61,0.02592240559924059,-0.15907759440075941,0.185,False,Coinbase Pro,Kraken
4479,01-14-2021_15-31-10,ZEC/USD,25.0,115.799,115.61,0.04080346116978712,-0.08619653883021289,0.127,False,Bittrex,Kraken
4480,01-14-2021_15-31-23,ZEC/USD,25.0,115.95,115.75,0.04312203536006961,-0.08387796463993039,0.127,False,Bittrex,Kraken
4481,01-14-2021_15-31-35,ZEC/USD,25.0,115.94,115.75,0.040969466965671414,-0.08603053303432859,0.127,False,Bittrex,Kraken
4482,01-14-2021_15-31-47,ZEC/USD,25.0,115.931,115.75,0.039031837903580016,-0.08796816209641999,0.127,False,Bittrex,Kraken
4483,01-14-2021_15-31-58,ZEC/USD,25.0,115.915,115.75,0.035586421084416654,-0.09141357891558335,0.127,False,Bittrex,Kraken
4484,01-14-2021_15-32-10,ZEC/USD,25.0,115.904,115.75,0.03321714522363257,-0.09378285477636744,0.127,False,Bittrex,Kraken
4485,01-14-2021_15-32-22,ZEC/USD,25.0,115.893,115.75,0.030847419602564582,-0.09615258039743542,0.127,False,Bittrex,Kraken
4486,01-14-2021_15-32-34,ZEC/USD,25.0,115.883,115.74,0.030850081547768155,-0.09614991845223185,0.127,False,Bittrex,Kraken
4487,01-14-2021_15-32-45,ZEC/USD,25.0,115.873,115.74,0.028695209410304765,-0.09830479058969524,0.127,False,Bittrex,Kraken
4488,01-14-2021_15-32-58,ZEC/USD,25.0,115.861,115.74,0.026108871837807655,-0.10089112816219234,0.127,False,Bittrex,Kraken
4489,01-14-2021_15-33-09,ZEC/USD,25.0,115.85,115.74,0.023737591713422407,-0.1032624082865776,0.127,False,Bittrex,Kraken
4490,01-14-2021_15-33-21,ZEC/USD,25.0,115.842,115.75,0.019854629581671317,-0.10714537041832868,0.127,False,Bittrex,Kraken
4491,01-14-2021_15-33-33,ZEC/USD,25.0,115.84,115.75,0.0194233425414372,-0.0755766574585628,0.095,False,Binance US,Kraken
4492,01-14-2021_15-33-46,ZEC/USD,25.0,115.705,115.61,0.02052633853333885,-0.16147366146666114,0.182,False,Bittrex,Coinbase Pro
4493,01-14-2021_15-33-57,ZEC/USD,25.0,115.8,115.55,0.05397236614853195,-0.09602763385146804,0.15,False,Binance US,Coinbase Pro
4494,01-14-2021_15-34-10,ZEC/USD,25.0,115.486,115.37,0.025111268898394535,-0.10188873110160547,0.127,False,Bittrex,Kraken
4495,01-14-2021_15-34-22,ZEC/USD,25.0,115.484,115.32,0.03550275362820856,-0.09149724637179144,0.127,False,Bittrex,Kraken
4496,01-14-2021_15-34-33,ZEC/USD,25.0,115.449,115.34,0.023603495915944413,-0.1033965040840556,0.127,False,Bittrex,Kraken
4497,01-14-2021_15-34-45,ZEC/USD,25.0,115.596,115.39,0.044551714592201086,-0.08244828540779892,0.127,False,Bittrex,Kraken
4498,01-14-2021_15-34-56,ZEC/USD,25.0,115.65,115.39,0.05620406398616625,-0.03879593601383375,0.095,False,Binance US,Kraken
4499,01-14-2021_15-35-09,ZEC/USD,25.0,115.73,115.576,0.033267087185693114,-0.04873291281430689,0.082,False,Binance US,Bittrex
4500,01-14-2021_15-35-20,ZEC/USD,25.0,115.73,115.566,0.03542728765229445,-0.046572712347705554,0.082,False,Binance US,Bittrex
4501,01-14-2021_15-35-32,ZEC/USD,25.0,115.73,115.559,0.03693942797891784,-0.045060572021082164,0.082,False,Binance US,Bittrex
4502,01-14-2021_15-35-43,ZEC/USD,25.0,115.64,115.556,0.018159806295400205,-0.0638401937045998,0.082,False,Binance US,Bittrex
4503,01-14-2021_15-35-55,ZEC/USD,25.0,115.51,115.39,0.025971777335296625,-0.15602822266470337,0.182,False,Bittrex,Coinbase Pro
4504,01-14-2021_15-36-07,ZEC/USD,25.0,115.501,115.34,0.03484818313261386,-0.14715181686738613,0.182,False,Bittrex,Coinbase Pro
4505,01-14-2021_15-36-19,ZEC/USD,25.0,115.483,115.38,0.02229765420018718,-0.10470234579981283,0.127,False,Bittrex,Kraken
4506,01-14-2021_15-36-31,ZEC/USD,25.0,115.472,115.19,0.06105376195094839,-0.06594623804905161,0.127,False,Bittrex,Kraken
4507,01-14-2021_15-36-43,ZEC/USD,25.0,115.275,115.15,0.027109086965950987,-0.154890913034049,0.182,False,Bittrex,Coinbase Pro
4508,01-14-2021_15-36-56,ZEC/USD,25.0,115.257,115.1,0.03405433075648565,-0.09294566924351436,0.127,False,Bittrex,Kraken
4509,01-14-2021_15-37-09,ZEC/USD,25.0,115.233,115.09,0.031024098999418718,-0.09597590100058129,0.127,False,Bittrex,Kraken
4510,01-14-2021_15-37-20,ZEC/USD,25.0,115.2,115.05,0.03255208333333457,-0.06244791666666543,0.095,False,Binance US,Kraken
4511,01-14-2021_15-37-32,ZEC/USD,25.0,115.2,115.01,0.041232638888888395,-0.053767361111111606,0.095,False,Binance US,Kraken
4512,01-14-2021_15-37-44,ZEC/USD,25.0,115.2,115.01,0.041232638888888395,-0.053767361111111606,0.095,False,Binance US,Kraken
4513,01-14-2021_15-37-55,ZEC/USD,25.0,115.18,115.01,0.03689876714707451,-0.048101232852925495,0.085,False,Binance US,Kraken
4514,01-14-2021_15-38-19,ZEC/USD,25.0,115.084,114.95,0.029109172430572525,-0.09789082756942748,0.127,False,Bittrex,Kraken
4515,01-14-2021_15-38-32,ZEC/USD,25.0,115.02,114.84,0.03912363067292485,-0.055876369327075154,0.095,False,Binance US,Kraken
4516,01-14-2021_15-38-44,ZEC/USD,25.0,115.02,114.81,0.0456442357850795,-0.0493557642149205,0.095,False,Binance US,Kraken
4517,01-14-2021_15-39-08,ZEC/USD,25.0,115.02,114.74,0.06085898104677472,-0.03414101895322528,0.095,False,Binance US,Kraken
4518,01-14-2021_15-39-19,ZEC/USD,25.0,115.02,114.83,0.04129716571031076,-0.05370283428968924,0.095,False,Binance US,Kraken
4519,01-14-2021_15-39-32,ZEC/USD,25.0,115.02,114.7,0.06955312119631221,-0.02544687880368779,0.095,False,Binance US,Kraken
4520,01-14-2021_15-39-56,ZEC/USD,25.0,114.79,114.6,0.041379911142088145,-0.10862008885791186,0.15,False,Binance US,Coinbase Pro
4521,01-14-2021_15-40-10,ZEC/USD,25.0,114.735,114.66,0.01634200549091446,-0.045877994509085536,0.06222,False,Bittrex,Binance US
4522,01-14-2021_15-40-24,ZEC/USD,25.0,114.78,114.73,0.010890399024219628,-0.17410960097578038,0.185,False,Coinbase Pro,Kraken
4523,01-14-2021_15-40-47,ZEC/USD,25.0,114.95,114.73,0.04784688995215286,-0.04715311004784714,0.095,False,Binance US,Kraken
4524,01-14-2021_15-40-58,ZEC/USD,25.0,114.82,114.64,0.03919177843581097,-0.04580822156418904,0.085,False,Binance US,Kraken
4525,01-14-2021_15-41-10,ZEC/USD,25.0,114.95,114.73,0.04784688995215286,-0.04715311004784714,0.095,False,Binance US,Kraken
4526,01-14-2021_15-41-21,ZEC/USD,25.0,114.82,114.69,0.02830517331475254,-0.11169482668524744,0.13999999999999999,False,Binance US,Coinbase Pro
4527,01-14-2021_15-41-33,ZEC/USD,25.0,115.0,114.73,0.05869565217391218,-0.036304347826087824,0.095,False,Binance US,Kraken
4528,01-14-2021_15-41-55,ZEC/USD,25.0,114.85,114.71,0.03047453199825872,-0.11952546800174127,0.15,False,Binance US,Coinbase Pro
4529,01-14-2021_15-42-07,ZEC/USD,25.0,114.87,114.711,0.03460433533559807,-0.04739566466440193,0.082,False,Binance US,Bittrex
4530,01-14-2021_15-42-20,ZEC/USD,25.0,114.83,114.71,0.02612557693982508,-0.06887442306017492,0.095,False,Binance US,Kraken
4531,01-14-2021_15-42-34,ZEC/USD,25.0,114.83,114.63,0.04354262823304077,-0.10645737176695923,0.15,False,Binance US,Coinbase Pro
4532,01-14-2021_15-42-57,ZEC/USD,25.0,114.915,114.73,0.04024713918983645,-0.14175286081016353,0.182,False,Bittrex,Coinbase Pro
4533,01-14-2021_15-43-11,ZEC/USD,25.0,114.882,114.71,0.03742971048554414,-0.14457028951445586,0.182,False,Bittrex,Coinbase Pro
4534,01-14-2021_15-43-34,ZEC/USD,25.0,114.855,114.71,0.03156153410822564,-0.15043846589177434,0.182,False,Bittrex,Coinbase Pro
4535,01-14-2021_15-43-48,ZEC/USD,25.0,114.848,114.73,0.025686124268597406,-0.1013138757314026,0.127,False,Bittrex,Kraken
4536,01-14-2021_15-44-00,ZEC/USD,25.0,114.846,114.5,0.07531825226825567,0.013098252268255672,0.06222,True,Bittrex,Binance US
4537,01-14-2021_15-44-24,ZEC/USD,25.0,114.965,114.5,0.10111773148349572,0.03889773148349572,0.06222,True,Bittrex,Binance US
4538,01-14-2021_15-44-36,ZEC/USD,25.0,114.943,114.5,0.09635210495636921,0.034132104956369216,0.06222,True,Bittrex,Binance US
4539,01-14-2021_15-44-47,ZEC/USD,25.0,114.88,114.5,0.08269498607242241,-0.03752501392757758,0.12022,False,Coinbase Pro,Binance US
4540,01-14-2021_15-44-59,ZEC/USD,25.0,114.873,114.5,0.08117660372759583,0.018956603727595833,0.06222,True,Bittrex,Binance US
4541,01-14-2021_15-45-11,ZEC/USD,25.0,115.04,114.5,0.1173504867872058,-0.002869513212794189,0.12022,False,Coinbase Pro,Binance US
4542,01-14-2021_15-45-24,ZEC/USD,25.0,115.114,114.5,0.13334607432632092,0.07112607432632093,0.06222,True,Bittrex,Binance US
4543,01-14-2021_15-45-37,ZEC/USD,25.0,115.319,114.5,0.17755096731674802,0.11533096731674802,0.06222,True,Bittrex,Binance US
4544,01-14-2021_15-45-49,ZEC/USD,25.0,115.439,114.5,0.20335415240949614,0.14113415240949614,0.06222,True,Bittrex,Binance US
4545,01-14-2021_15-46-01,ZEC/USD,25.0,115.429,114.5,0.20120593611657428,0.13898593611657428,0.06222,True,Bittrex,Binance US
4546,01-14-2021_15-46-25,ZEC/USD,25.0,115.41,114.5,0.19712329954076696,0.13190329954076696,0.06522,True,Kraken,Binance US
4547,01-14-2021_15-46-38,ZEC/USD,25.0,115.365,114.5,0.1874485329172615,0.1252285329172615,0.06222,True,Bittrex,Binance US
4548,01-14-2021_15-46-49,ZEC/USD,25.0,115.36,114.5,0.18637309292649087,0.12115309292649087,0.06522,True,Kraken,Binance US
4549,01-14-2021_15-47-00,ZEC/USD,25.0,115.272,114.5,0.16743007842320892,0.10521007842320892,0.06222,True,Bittrex,Binance US
4550,01-14-2021_15-47-12,ZEC/USD,25.0,115.272,114.5,0.16743007842320892,0.10521007842320892,0.06222,True,Bittrex,Binance US
4551,01-14-2021_15-47-23,ZEC/USD,25.0,115.203,114.5,0.15255679105578912,0.09033679105578912,0.06222,True,Bittrex,Binance US
4552,01-14-2021_15-47-34,ZEC/USD,25.0,115.128,114.5,0.1363699534431242,0.0741499534431242,0.06222,True,Bittrex,Binance US
4553,01-14-2021_15-47-45,ZEC/USD,25.0,114.999,114.5,0.10847920416699172,0.046259204166991724,0.06222,True,Bittrex,Binance US
4554,01-14-2021_15-47-56,ZEC/USD,25.0,115.06,114.5,0.12167564748826748,0.05645564748826748,0.06522,True,Kraken,Binance US
4555,01-14-2021_15-48-09,ZEC/USD,25.0,115.015,114.5,0.11194192061904981,0.049721920619049814,0.06222,True,Bittrex,Binance US
4556,01-14-2021_15-48-20,ZEC/USD,25.0,115.06,114.79,0.058665044324699295,-0.0913349556753007,0.15,False,Binance US,Coinbase Pro
4557,01-14-2021_15-48-32,ZEC/USD,25.0,115.06,114.77,0.0630106031635682,-0.0869893968364318,0.15,False,Binance US,Coinbase Pro
4558,01-14-2021_15-48-42,ZEC/USD,25.0,114.95,114.69,0.05654632448890933,-0.09345367551109066,0.15,False,Binance US,Coinbase Pro
4559,01-14-2021_15-48-53,ZEC/USD,25.0,114.83,114.67,0.034834102586431374,-0.11516589741356861,0.15,False,Binance US,Coinbase Pro
4560,01-14-2021_15-49-05,ZEC/USD,25.0,114.912,114.7,0.04612225006961921,-0.1358777499303808,0.182,False,Bittrex,Coinbase Pro
4561,01-14-2021_15-49-15,ZEC/USD,25.0,114.905,114.7,0.04460206257342985,-0.13739793742657014,0.182,False,Bittrex,Coinbase Pro
4562,01-14-2021_15-49-25,ZEC/USD,25.0,114.88,114.7,0.03917130919219895,-0.14282869080780103,0.182,False,Bittrex,Coinbase Pro
4563,01-14-2021_15-49-35,ZEC/USD,25.0,114.871,114.69,0.039392013650093885,-0.14260798634990612,0.182,False,Bittrex,Coinbase Pro
4564,01-14-2021_15-49-46,ZEC/USD,25.0,114.95,114.8,0.0326228795128329,-0.0623771204871671,0.095,False,Binance US,Kraken
4565,01-14-2021_15-49-59,ZEC/USD,25.0,114.93,114.72,0.04567997911772556,-0.10432002088227443,0.15,False,Binance US,Coinbase Pro
4566,01-14-2021_15-50-11,ZEC/USD,25.0,114.93,114.71,0.04785521621857067,-0.10214478378142933,0.15,False,Binance US,Coinbase Pro
4567,01-14-2021_15-50-21,ZEC/USD,25.0,114.78,114.55,0.05009583551141401,-0.08990416448858599,0.13999999999999999,False,Binance US,Coinbase Pro
4568,01-14-2021_15-50-32,ZEC/USD,25.0,114.77,114.55,0.04792193081815781,-0.10207806918184219,0.15,False,Binance US,Coinbase Pro
4569,01-14-2021_15-50-42,ZEC/USD,25.0,114.77,114.56,0.04574366123551315,-0.10425633876448684,0.15,False,Binance US,Coinbase Pro
4570,01-14-2021_15-50-54,ZEC/USD,25.0,114.77,114.64,0.028317504574365132,-0.12168249542563486,0.15,False,Binance US,Coinbase Pro
4571,01-14-2021_15-51-05,ZEC/USD,25.0,114.84,114.67,0.03700801114594255,-0.11299198885405745,0.15,False,Binance US,Coinbase Pro
4572,01-14-2021_15-51-17,ZEC/USD,25.0,115.04,114.8,0.052155771905426175,-0.08784422809457382,0.13999999999999999,False,Binance US,Coinbase Pro
4573,01-14-2021_15-51-28,ZEC/USD,25.0,115.18,114.95,0.049921861434277646,-0.09007813856572233,0.13999999999999999,False,Binance US,Coinbase Pro
4574,01-14-2021_15-51-40,ZEC/USD,25.0,115.12,114.85,0.05863446838082224,-0.09136553161917776,0.15,False,Binance US,Coinbase Pro
4575,01-14-2021_15-51-53,ZEC/USD,25.0,115.187,115.0,0.04058617725958607,-0.14141382274041392,0.182,False,Bittrex,Coinbase Pro
4576,01-14-2021_15-52-04,ZEC/USD,25.0,115.15,114.88,0.0586191923577964,-0.0813808076422036,0.13999999999999999,False,Binance US,Coinbase Pro
4577,01-14-2021_15-52-15,ZEC/USD,25.0,115.03,114.84,0.04129357558897629,-0.0987064244110237,0.13999999999999999,False,Binance US,Coinbase Pro
4578,01-14-2021_15-52-26,ZEC/USD,25.0,115.031,114.85,0.03933722214012127,-0.14266277785987874,0.182,False,Bittrex,Coinbase Pro
4579,01-14-2021_15-52-36,ZEC/USD,25.0,115.02,114.85,0.03695009563554202,-0.11304990436445797,0.15,False,Binance US,Coinbase Pro
4580,01-14-2021_15-52-45,ZEC/USD,25.0,115.0,114.82,0.03913043478261018,-0.11086956521738982,0.15,False,Binance US,Coinbase Pro
4581,01-14-2021_15-52-55,ZEC/USD,25.0,115.05,114.83,0.04780530204258993,-0.10219469795741007,0.15,False,Binance US,Coinbase Pro
4582,01-14-2021_15-53-07,ZEC/USD,25.0,115.06,114.79,0.058665044324699295,-0.0913349556753007,0.15,False,Binance US,Coinbase Pro
4583,01-14-2021_15-53-17,ZEC/USD,25.0,115.05,114.86,0.04128639721860012,-0.05371360278139988,0.095,False,Binance US,Kraken
4584,01-14-2021_15-53-28,ZEC/USD,25.0,115.04,114.87,0.03694367176634251,-0.10305632823365748,0.13999999999999999,False,Binance US,Coinbase Pro
4585,01-14-2021_15-53-38,ZEC/USD,25.0,115.04,114.87,0.03694367176634251,-0.10305632823365748,0.13999999999999999,False,Binance US,Coinbase Pro
4586,01-14-2021_15-53-50,ZEC/USD,25.0,115.04,114.9,0.03042420027816424,-0.10957579972183575,0.13999999999999999,False,Binance US,Coinbase Pro
4587,01-14-2021_15-54-00,ZEC/USD,25.0,115.04,114.91,0.028251043115440206,-0.056748956884559804,0.085,False,Binance US,Kraken
4588,01-14-2021_15-54-12,ZEC/USD,25.0,115.04,114.81,0.04998261474269906,-0.09001738525730094,0.13999999999999999,False,Binance US,Coinbase Pro
4589,01-14-2021_15-54-23,ZEC/USD,25.0,115.04,114.8,0.052155771905426175,-0.08784422809457382,0.13999999999999999,False,Binance US,Coinbase Pro
4590,01-14-2021_15-54-34,ZEC/USD,25.0,115.0,114.69,0.06739130434782659,-0.08260869565217341,0.15,False,Binance US,Coinbase Pro
4591,01-14-2021_15-54-46,ZEC/USD,25.0,114.87,114.6,0.05876207887177031,-0.08123792112822967,0.13999999999999999,False,Binance US,Coinbase Pro
4592,01-14-2021_15-54-58,ZEC/USD,25.0,114.78,114.66,0.026136957658129584,-0.1138630423418704,0.13999999999999999,False,Binance US,Coinbase Pro
4593,01-14-2021_15-55-09,ZEC/USD,25.0,114.78,114.62,0.03484927687750405,-0.10515072312249593,0.13999999999999999,False,Binance US,Coinbase Pro
4594,01-14-2021_15-55-20,ZEC/USD,25.0,114.78,114.66,0.026136957658129584,-0.058863042341870425,0.085,False,Binance US,Kraken
4595,01-14-2021_15-55-31,ZEC/USD,25.0,114.78,114.64,0.030493117267816817,-0.10950688273218318,0.13999999999999999,False,Binance US,Coinbase Pro
4596,01-14-2021_15-55-41,ZEC/USD,25.0,114.73,114.59,0.030506406345332644,-0.11949359365466736,0.15,False,Binance US,Coinbase Pro
4597,01-14-2021_15-55-52,ZEC/USD,25.0,114.72,114.52,0.043584379358438556,-0.10641562064156143,0.15,False,Binance US,Coinbase Pro
4598,01-14-2021_15-56-03,ZEC/USD,25.0,114.7,114.51,0.041412380122057044,-0.09858761987794294,0.13999999999999999,False,Binance US,Coinbase Pro
4599,01-14-2021_15-56-14,ZEC/USD,25.0,114.68,114.49,0.04141960237181983,-0.10858039762818017,0.15,False,Binance US,Coinbase Pro
4600,01-14-2021_15-56-24,ZEC/USD,25.0,114.68,114.51,0.03705964422741579,-0.11294035577258421,0.15,False,Binance US,Coinbase Pro
4601,01-14-2021_15-56-35,ZEC/USD,25.0,114.68,114.58,0.021799790722010926,-0.12820020927798906,0.15,False,Binance US,Coinbase Pro
4602,01-14-2021_15-56-46,ZEC/USD,25.0,114.68,114.53,0.032699686083014844,-0.11730031391698514,0.15,False,Binance US,Coinbase Pro
4603,01-14-2021_15-56-57,ZEC/USD,25.0,114.68,114.51,0.03705964422741579,-0.11294035577258421,0.15,False,Binance US,Coinbase Pro
4604,01-14-2021_15-57-09,ZEC/USD,25.0,114.68,114.56,0.026159748866411873,-0.12384025113358813,0.15,False,Binance US,Coinbase Pro
4605,01-14-2021_15-57-19,ZEC/USD,25.0,114.68,114.58,0.021799790722010926,-0.12820020927798906,0.15,False,Binance US,Coinbase Pro
4606,01-14-2021_15-57-29,ZEC/USD,25.0,114.68,114.584,0.020927799093129498,-0.0710722009068705,0.092,False,Binance US,Bittrex
4607,01-14-2021_15-57-40,ZEC/USD,25.0,114.9,114.52,0.08268059181897512,-0.01231940818102488,0.095,False,Binance US,Kraken
4608,01-14-2021_15-57-50,ZEC/USD,25.0,114.9,114.68,0.047867711053089394,-0.04713228894691061,0.095,False,Binance US,Kraken
4609,01-14-2021_15-58-01,ZEC/USD,25.0,114.9,114.68,0.047867711053089394,-0.04713228894691061,0.095,False,Binance US,Kraken
4610,01-14-2021_15-58-13,ZEC/USD,25.0,114.972,114.78,0.04174929548063726,-0.14025070451936272,0.182,False,Bittrex,Coinbase Pro
4611,01-14-2021_15-58-24,ZEC/USD,25.0,114.965,114.82,0.031531335623887755,-0.15046866437611223,0.182,False,Bittrex,Coinbase Pro
4612,01-14-2021_15-58-34,ZEC/USD,25.0,115.09,114.88,0.045616474063777904,-0.10438352593622209,0.15,False,Binance US,Coinbase Pro
4613,01-14-2021_15-58-45,ZEC/USD,25.0,115.09,114.9,0.041272047962463664,-0.10872795203753632,0.15,False,Binance US,Coinbase Pro
4614,01-14-2021_15-58-55,ZEC/USD,25.0,115.09,114.9,0.041272047962463664,-0.10872795203753632,0.15,False,Binance US,Coinbase Pro
4615,01-14-2021_15-59-06,ZEC/USD,25.0,115.08,114.83,0.0543100451859576,-0.0956899548140424,0.15,False,Binance US,Coinbase Pro
4616,01-14-2021_15-59-18,ZEC/USD,25.0,115.11,114.93,0.03909304143862232,-0.05590695856137768,0.095,False,Binance US,Kraken
4617,01-14-2021_15-59-29,ZEC/USD,25.0,115.14,114.75,0.08467952058363744,-0.06532047941636256,0.15,False,Binance US,Coinbase Pro
4618,01-14-2021_15-59-40,ZEC/USD,25.0,115.07,114.84,0.049969583731639386,-0.0900304162683606,0.13999999999999999,False,Binance US,Coinbase Pro
4619,01-14-2021_15-59-51,ZEC/USD,25.0,114.92,114.72,0.04350852767142421,-0.05149147232857579,0.095,False,Binance US,Kraken
4620,01-14-2021_16-00-03,ZEC/USD,25.0,114.92,114.75,0.03698224852071043,-0.11301775147928957,0.15,False,Binance US,Coinbase Pro
4621,01-14-2021_16-00-13,ZEC/USD,25.0,115.014,114.75,0.05738431843079882,-0.12461568156920118,0.182,False,Bittrex,Coinbase Pro
4622,01-14-2021_16-00-24,ZEC/USD,25.0,114.993,114.69,0.06587357491325499,-0.116126425086745,0.182,False,Bittrex,Coinbase Pro
4623,01-14-2021_16-00-35,ZEC/USD,25.0,114.8,114.59,0.04573170731707181,-0.13926829268292817,0.185,False,Kraken,Coinbase Pro
4624,01-14-2021_16-00-45,ZEC/USD,25.0,114.64,114.4,0.05233775296580489,-0.0976622470341951,0.15,False,Binance US,Coinbase Pro
4625,01-14-2021_16-00-55,ZEC/USD,25.0,114.5,114.26,0.05240174672488972,-0.09759825327511028,0.15,False,Binance US,Coinbase Pro
4626,01-14-2021_16-01-06,ZEC/USD,25.0,114.35,114.16,0.041539134236991196,-0.09846086576300879,0.13999999999999999,False,Binance US,Coinbase Pro
4627,01-14-2021_16-01-17,ZEC/USD,25.0,113.87,113.55,0.07025555457978559,-0.02474444542021441,0.095,False,Binance US,Kraken
4628,01-14-2021_16-01-27,ZEC/USD,25.0,113.46,113.27,0.041864974440330896,-0.1081350255596691,0.15,False,Binance US,Coinbase Pro
4629,01-14-2021_16-01-37,ZEC/USD,25.0,113.44,113.21,0.0506875881523281,-0.0443124118476719,0.095,False,Binance US,Kraken
4630,01-14-2021_16-01-48,ZEC/USD,25.0,113.39,113.21,0.039686039333276045,-0.055313960666723956,0.095,False,Binance US,Kraken
4631,01-14-2021_16-02-00,ZEC/USD,25.0,113.25,112.96,0.06401766004415149,-0.03098233995584851,0.095,False,Binance US,Kraken
4632,01-14-2021_16-02-11,ZEC/USD,25.0,113.004,112.78,0.049555767937418976,-0.07744423206258103,0.127,False,Bittrex,Kraken
4633,01-14-2021_16-02-21,ZEC/USD,25.0,113.3,113.23,0.015445719329212971,-0.07955428067078703,0.095,False,Binance US,Kraken
4634,01-14-2021_16-02-31,ZEC/USD,25.0,113.739,113.36,0.08330475914154442,-0.04369524085845558,0.127,False,Bittrex,Kraken
4635,01-14-2021_16-02-41,ZEC/USD,25.0,113.54,113.31,0.05064294521754535,-0.09935705478245464,0.15,False,Binance US,Coinbase Pro
4636,01-14-2021_16-02-53,ZEC/USD,25.0,113.78,113.4,0.08349446299876856,-0.011505537001231442,0.095,False,Binance US,Kraken
4637,01-14-2021_16-03-06,ZEC/USD,25.0,113.73,113.41,0.07034203816055731,-0.014657961839442693,0.085,False,Binance US,Kraken
4638,01-14-2021_16-03-17,ZEC/USD,25.0,113.79,113.5,0.06371385886281884,-0.03128614113718116,0.095,False,Binance US,Kraken
4639,01-14-2021_16-03-29,ZEC/USD,25.0,114.03,113.66,0.08111900377093847,-0.06888099622906152,0.15,False,Binance US,Coinbase Pro
4640,01-14-2021_16-03-41,ZEC/USD,25.0,114.01,113.65,0.07894044382071735,-0.07105955617928264,0.15,False,Binance US,Coinbase Pro
4641,01-14-2021_16-03-54,ZEC/USD,25.0,113.95,113.57,0.08336989907854533,-0.06663010092145466,0.15,False,Binance US,Coinbase Pro
4642,01-14-2021_16-04-07,ZEC/USD,25.0,113.86,113.57,0.06367468821359702,-0.08632531178640297,0.15,False,Binance US,Coinbase Pro
4643,01-14-2021_16-04-18,ZEC/USD,25.0,113.81,113.53,0.06150601880326886,-0.033493981196731144,0.095,False,Binance US,Kraken
4644,01-14-2021_16-04-29,ZEC/USD,25.0,113.79,113.55,0.05272871078302335,-0.09727128921697664,0.15,False,Binance US,Coinbase Pro
4645,01-14-2021_16-04-42,ZEC/USD,25.0,113.842,113.56,0.06192793520844602,-0.12007206479155397,0.182,False,Bittrex,Coinbase Pro
4646,01-14-2021_16-04-54,ZEC/USD,25.0,113.835,113.62,0.04721746387314737,-0.13478253612685262,0.182,False,Bittrex,Coinbase Pro
4647,01-14-2021_16-05-06,ZEC/USD,25.0,113.98,113.73,0.05483418143533953,-0.04016581856466047,0.095,False,Binance US,Kraken
4648,01-14-2021_16-05-18,ZEC/USD,25.0,114.187,114.0,0.040941613318503337,-0.14105838668149667,0.182,False,Bittrex,Coinbase Pro
4649,01-14-2021_16-05-30,ZEC/USD,25.0,114.176,113.99,0.04072659753363383,-0.14127340246636616,0.182,False,Bittrex,Coinbase Pro
4650,01-14-2021_16-05-41,ZEC/USD,25.0,114.167,113.83,0.0737954049769205,-0.1082045950230795,0.182,False,Bittrex,Coinbase Pro
4651,01-14-2021_16-05-52,ZEC/USD,25.0,113.912,113.73,0.039943113982723974,-0.142056886017276,0.182,False,Bittrex,Coinbase Pro
4652,01-14-2021_16-06-03,ZEC/USD,25.0,113.844,113.67,0.038210182354799636,-0.14378981764520035,0.182,False,Bittrex,Coinbase Pro
4653,01-14-2021_16-06-14,ZEC/USD,25.0,113.8,113.62,0.03954305799648344,-0.055456942003516564,0.095,False,Binance US,Kraken
4654,01-14-2021_16-06-26,ZEC/USD,25.0,113.89,113.7,0.04170691017648558,-0.0982930898235144,0.13999999999999999,False,Binance US,Coinbase Pro
4655,01-14-2021_16-06-37,ZEC/USD,25.0,113.77,113.62,0.03296123758459864,-0.11703876241540136,0.15,False,Binance US,Coinbase Pro
4656,01-14-2021_16-06-48,ZEC/USD,25.0,113.92,113.77,0.03291783707865293,-0.14908216292134707,0.182,False,Bittrex,Coinbase Pro
4657,01-14-2021_16-06-59,ZEC/USD,25.0,113.717,113.53,0.04111082775662338,-0.08588917224337662,0.127,False,Bittrex,Kraken
4658,01-14-2021_16-07-10,ZEC/USD,25.0,113.71,113.53,0.039574355817428686,-0.055425644182571315,0.095,False,Binance US,Kraken
4659,01-14-2021_16-07-21,ZEC/USD,25.0,113.71,113.56,0.03297862984785672,-0.11702137015214328,0.15,False,Binance US,Coinbase Pro
4660,01-14-2021_16-07-32,ZEC/USD,25.0,113.71,113.48,0.050567232433380925,-0.044432767566619076,0.095,False,Binance US,Kraken
4661,01-14-2021_16-07-45,ZEC/USD,25.0,113.69,113.53,0.03518339343829637,-0.05981660656170363,0.095,False,Binance US,Kraken
4662,01-14-2021_16-07-56,ZEC/USD,25.0,113.574,113.38,0.04270343564548282,-0.08429656435451718,0.127,False,Bittrex,Kraken
4663,01-14-2021_16-08-08,ZEC/USD,25.0,113.477,113.27,0.04560395498647476,-0.08139604501352524,0.127,False,Bittrex,Kraken
4664,01-14-2021_16-08-20,ZEC/USD,25.0,113.47,113.3,0.037454833876796004,-0.047545166123204,0.085,False,Binance US,Kraken
4665,01-14-2021_16-08-32,ZEC/USD,25.0,113.37,113.18,0.04189820940283975,-0.05310179059716025,0.095,False,Binance US,Kraken
4666,01-14-2021_16-08-43,ZEC/USD,25.0,113.01,112.88,0.0287585169454052,-0.1212414830545948,0.15,False,Binance US,Coinbase Pro
4667,01-14-2021_16-08-55,ZEC/USD,25.0,113.0,112.87,0.028761061946901652,-0.06623893805309836,0.095,False,Binance US,Kraken
4668,01-14-2021_16-09-07,ZEC/USD,25.0,113.01,112.71,0.06636580833554805,-0.08363419166445195,0.15,False,Binance US,Coinbase Pro
4669,01-14-2021_16-09-18,ZEC/USD,25.0,113.12,112.91,0.046410891089110666,-0.048589108910889335,0.095,False,Binance US,Kraken
4670,01-14-2021_16-09-29,ZEC/USD,25.0,113.05,112.9,0.033171163202121066,-0.11682883679787892,0.15,False,Binance US,Coinbase Pro
4671,01-14-2021_16-09-42,ZEC/USD,25.0,112.96,112.73,0.05090297450424703,-0.034097025495752976,0.085,False,Binance US,Kraken
4672,01-14-2021_16-09-53,ZEC/USD,25.0,112.869,112.75,0.026357990236468776,-0.10064200976353123,0.127,False,Bittrex,Kraken
4673,01-14-2021_16-10-05,ZEC/USD,25.0,112.828,112.7,0.028361754174495716,-0.09863824582550429,0.127,False,Bittrex,Kraken
4674,01-14-2021_16-10-16,ZEC/USD,25.0,112.828,112.68,0.03279327826425978,-0.09420672173574021,0.127,False,Bittrex,Kraken
4675,01-14-2021_16-10-28,ZEC/USD,25.0,112.84,112.79,0.011077632045373351,-0.17392236795462665,0.185,False,Kraken,Coinbase Pro
4676,01-14-2021_16-10-38,ZEC/USD,25.0,112.95,112.77,0.039840637450200715,-0.055159362549799286,0.095,False,Binance US,Kraken
4677,01-14-2021_16-10-49,ZEC/USD,25.0,113.224,113.06,0.036211403942627333,-0.09078859605737266,0.127,False,Bittrex,Kraken
4678,01-14-2021_16-11-00,ZEC/USD,25.0,113.2,113.0,0.04416961130742112,-0.10583038869257888,0.15,False,Binance US,Coinbase Pro
4679,01-14-2021_16-11-11,ZEC/USD,25.0,113.4,113.3,0.022045855379190592,-0.1629541446208094,0.185,False,Kraken,Coinbase Pro
4680,01-14-2021_16-11-22,ZEC/USD,25.0,113.36,113.25,0.02425899788285097,-0.12574100211714903,0.15,False,Binance US,Coinbase Pro
4681,01-14-2021_16-11-34,ZEC/USD,25.0,113.36,113.26,0.02205363443895429,-0.12794636556104572,0.15,False,Binance US,Coinbase Pro
4682,01-14-2021_16-11-45,ZEC/USD,25.0,113.36,113.339,0.004631263232180839,-0.08736873676781916,0.092,False,Binance US,Bittrex
4683,01-14-2021_16-11-56,ZEC/USD,25.0,113.36,113.3,0.013232180663373826,-0.13676781933662616,0.15,False,Binance US,Coinbase Pro
4684,01-14-2021_16-12-07,ZEC/USD,25.0,113.4,113.25,0.03306878306878432,-0.15193121693121567,0.185,False,Kraken,Coinbase Pro
4685,01-14-2021_16-12-17,ZEC/USD,25.0,113.182,113.06,0.02694774787510379,-0.1550522521248962,0.182,False,Bittrex,Coinbase Pro
4686,01-14-2021_16-12-28,ZEC/USD,25.0,113.15,113.04,0.024304021210782022,-0.12569597878921798,0.15,False,Binance US,Coinbase Pro
4687,01-14-2021_16-12-38,ZEC/USD,25.0,113.12,112.94,0.039780763790666286,-0.11021923620933372,0.15,False,Binance US,Coinbase Pro
4688,01-14-2021_16-12-49,ZEC/USD,25.0,113.11,112.94,0.03757404296702363,-0.05742595703297637,0.095,False,Binance US,Kraken
4689,01-14-2021_16-13-00,ZEC/USD,25.0,113.09,112.95,0.030948801839243204,-0.0640511981607568,0.095,False,Binance US,Kraken
4690,01-14-2021_16-13-11,ZEC/USD,25.0,113.09,112.95,0.030948801839243204,-0.1190511981607568,0.15,False,Binance US,Coinbase Pro
4691,01-14-2021_16-13-21,ZEC/USD,25.0,113.07,112.89,0.03979835500132498,-0.045201644998675024,0.085,False,Binance US,Kraken
4692,01-14-2021_16-13-32,ZEC/USD,25.0,113.01,112.78,0.05088045305725245,-0.04411954694274755,0.095,False,Binance US,Kraken
4693,01-14-2021_16-13-44,ZEC/USD,25.0,113.01,112.77,0.05309264666843843,-0.04190735333156157,0.095,False,Binance US,Kraken
4694,01-14-2021_16-13-57,ZEC/USD,25.0,112.99,112.78,0.046464288875120316,-0.10353571112487968,0.15,False,Binance US,Coinbase Pro
4695,01-14-2021_16-14-10,ZEC/USD,25.0,113.12,112.78,0.07514144271570089,-0.01985855728429911,0.095,False,Binance US,Kraken
4696,01-14-2021_16-14-22,ZEC/USD,25.0,112.99,112.7,0.06416497035135678,-0.08583502964864322,0.15,False,Binance US,Coinbase Pro
4697,01-14-2021_16-14-33,ZEC/USD,25.0,112.99,112.72,0.05973979998229845,-0.09026020001770155,0.15,False,Binance US,Coinbase Pro
4698,01-14-2021_16-14-45,ZEC/USD,25.0,112.66,112.29,0.08210545002662666,-0.06789454997337334,0.15,False,Binance US,Coinbase Pro
4699,01-14-2021_16-14-58,ZEC/USD,25.0,112.66,112.34,0.07101011894194771,-0.07898988105805228,0.15,False,Binance US,Coinbase Pro
4700,01-14-2021_16-15-10,ZEC/USD,25.0,112.49,112.35,0.031113876789048044,-0.15388612321095196,0.185,False,Kraken,Coinbase Pro
4701,01-14-2021_16-15-22,ZEC/USD,25.0,112.6,112.24,0.07992895204262865,-0.10507104795737135,0.185,False,Kraken,Coinbase Pro
4702,01-14-2021_16-15-33,ZEC/USD,25.0,112.79,112.27,0.11525844489759957,-0.03474155510240043,0.15,False,Binance US,Coinbase Pro
4703,01-14-2021_16-15-45,ZEC/USD,25.0,112.74,111.92,0.1818343090296242,0.0318343090296242,0.15,True,Binance US,Coinbase Pro
4704,01-14-2021_16-16-49,ZEC/USD,25.0,112.51,112.19,0.07110479068527406,-0.11389520931472594,0.185,False,Kraken,Coinbase Pro
4705,01-14-2021_16-17-01,ZEC/USD,25.0,112.468,112.18,0.06401820962407012,-0.11798179037592987,0.182,False,Bittrex,Coinbase Pro
4706,01-14-2021_16-17-14,ZEC/USD,25.0,112.56,112.33,0.05108386638237473,-0.09891613361762527,0.15,False,Binance US,Coinbase Pro
4707,01-14-2021_16-17-28,ZEC/USD,25.0,112.48,112.4,0.017780938833570032,-0.13221906116642995,0.15,False,Binance US,Coinbase Pro
4708,01-14-2021_16-17-38,ZEC/USD,25.0,112.48,112.35,0.028894025604554067,-0.12110597439544593,0.15,False,Binance US,Coinbase Pro
4709,01-14-2021_16-17-50,ZEC/USD,25.0,112.48,112.34,0.031116642958748348,-0.11888335704125165,0.15,False,Binance US,Coinbase Pro
4710,01-14-2021_16-18-00,ZEC/USD,25.0,112.57,112.417,0.03397885759971387,-0.09302114240028614,0.127,False,Kraken,Bittrex
4711,01-14-2021_16-18-11,ZEC/USD,25.0,112.83,112.63,0.044314455375344064,-0.14068554462465593,0.185,False,Kraken,Coinbase Pro
4712,01-14-2021_16-18-23,ZEC/USD,25.0,112.7,112.56,0.031055900621118137,-0.11894409937888185,0.15,False,Binance US,Coinbase Pro
4713,01-14-2021_16-18-33,ZEC/USD,25.0,112.7,112.627,0.01619343389529891,-0.07580656610470109,0.092,False,Binance US,Bittrex
4714,01-14-2021_16-18-44,ZEC/USD,25.0,112.84,112.73,0.02437079049982263,-0.12562920950017736,0.15,False,Binance US,Coinbase Pro
4715,01-14-2021_16-18-55,ZEC/USD,25.0,112.84,112.8,0.00886210563630057,-0.14113789436369942,0.15,False,Binance US,Coinbase Pro
4716,01-14-2021_16-19-06,ZEC/USD,25.0,112.84,112.792,0.010634526763559424,-0.08136547323644057,0.092,False,Binance US,Bittrex
4717,01-14-2021_16-19-17,ZEC/USD,25.0,112.92,112.784,0.030109812256463798,-0.061890187743536204,0.092,False,Binance US,Bittrex
4718,01-14-2021_16-19-28,ZEC/USD,25.0,112.95,112.84,0.024347056219566055,-0.10265294378043395,0.127,False,Bittrex,Kraken
4719,01-14-2021_16-19-39,ZEC/USD,25.0,112.94,112.84,0.022135647246324223,-0.10486435275367578,0.127,False,Bittrex,Kraken
4720,01-14-2021_16-19-50,ZEC/USD,25.0,112.92,112.76,0.035423308537016605,-0.11457669146298338,0.15,False,Binance US,Coinbase Pro
4721,01-14-2021_16-20-03,ZEC/USD,25.0,112.9,112.71,0.04207263064659254,-0.05292736935340746,0.095,False,Binance US,Kraken
4722,01-14-2021_16-20-13,ZEC/USD,25.0,112.9,112.72,0.039858281665191946,-0.11014171833480804,0.15,False,Binance US,Coinbase Pro
4723,01-14-2021_16-20-24,ZEC/USD,25.0,112.9,112.76,0.031000885739592685,-0.11899911426040731,0.15,False,Binance US,Coinbase Pro
4724,01-14-2021_16-20-34,ZEC/USD,25.0,112.9,112.804,0.021257750221435702,-0.0707422497785643,0.092,False,Binance US,Bittrex
4725,01-14-2021_16-20-43,ZEC/USD,25.0,112.9,112.804,0.021257750221435702,-0.1607422497785643,0.182,False,Coinbase Pro,Bittrex
4726,01-14-2021_16-20-54,ZEC/USD,25.0,112.9,112.802,0.021700620017714566,-0.07029937998228543,0.092,False,Binance US,Bittrex
4727,01-14-2021_16-21-05,ZEC/USD,25.0,113.178,113.01,0.03710968562794716,-0.14489031437205283,0.182,False,Bittrex,Coinbase Pro
4728,01-14-2021_16-21-17,ZEC/USD,25.0,113.543,113.36,0.04029310481491746,-0.021926895185082534,0.06222,False,Bittrex,Binance US
4729,01-14-2021_16-21-28,ZEC/USD,25.0,113.54,113.36,0.03963360930068848,-0.022586390699311516,0.06222,False,Bittrex,Binance US
4730,01-14-2021_16-21-37,ZEC/USD,25.0,113.7,113.44,0.05716798592788151,-0.08283201407211847,0.13999999999999999,False,Binance US,Coinbase Pro
4731,01-14-2021_16-21-48,ZEC/USD,25.0,113.7,113.44,0.05716798592788151,-0.08283201407211847,0.13999999999999999,False,Binance US,Coinbase Pro
4732,01-14-2021_16-21-58,ZEC/USD,25.0,113.69,113.43,0.05717301433723083,-0.09282698566276917,0.15,False,Binance US,Coinbase Pro
4733,01-14-2021_16-22-10,ZEC/USD,25.0,113.65,113.44,0.04619445666520192,-0.10380554333479808,0.15,False,Binance US,Coinbase Pro
4734,01-14-2021_16-22-22,ZEC/USD,25.0,113.68,113.45,0.05058057705841044,-0.09941942294158956,0.15,False,Binance US,Coinbase Pro
4735,01-14-2021_16-22-32,ZEC/USD,25.0,113.65,113.35,0.06599208095028847,-0.08400791904971153,0.15,False,Binance US,Coinbase Pro
4736,01-14-2021_16-22-43,ZEC/USD,25.0,113.56,113.32,0.052835505459670896,-0.0871644945403291,0.13999999999999999,False,Binance US,Coinbase Pro
4737,01-14-2021_16-22-54,ZEC/USD,25.0,113.52,113.32,0.0440451021846377,-0.1059548978153623,0.15,False,Binance US,Coinbase Pro
4738,01-14-2021_16-23-04,ZEC/USD,25.0,113.51,113.41,0.022024491234254366,-0.12797550876574562,0.15,False,Binance US,Coinbase Pro
4739,01-14-2021_16-23-15,ZEC/USD,25.0,113.51,113.35,0.03523918597480636,-0.11476081402519364,0.15,False,Binance US,Coinbase Pro
4740,01-14-2021_16-23-28,ZEC/USD,25.0,113.51,113.31,0.0440489824685056,-0.10595101753149438,0.15,False,Binance US,Coinbase Pro
4741,01-14-2021_16-23-38,ZEC/USD,25.0,113.45,113.38,0.015425297487881752,-0.13457470251211825,0.15,False,Binance US,Coinbase Pro
4742,01-14-2021_16-23-48,ZEC/USD,25.0,113.45,113.31,0.03085059497576037,-0.06414940502423963,0.095,False,Binance US,Kraken
4743,01-14-2021_16-23-59,ZEC/USD,25.0,113.45,113.31,0.03085059497576037,-0.11914940502423962,0.15,False,Binance US,Coinbase Pro
4744,01-14-2021_16-24-13,ZEC/USD,25.0,113.45,113.36,0.01983252534156091,-0.1301674746584391,0.15,False,Binance US,Coinbase Pro
4745,01-14-2021_16-24-24,ZEC/USD,25.0,113.49,113.34,0.03304255881575282,-0.11695744118424717,0.15,False,Binance US,Coinbase Pro
4746,01-14-2021_16-24-35,ZEC/USD,25.0,113.39,113.23,0.03527647940735439,-0.1147235205926456,0.15,False,Binance US,Coinbase Pro
4747,01-14-2021_16-24-46,ZEC/USD,25.0,113.301,113.18,0.02669879347931508,-0.1553012065206849,0.182,False,Bittrex,Coinbase Pro
4748,01-14-2021_16-24-58,ZEC/USD,25.0,113.463,113.34,0.02710134581317047,-0.15489865418682952,0.182,False,Bittrex,Coinbase Pro
4749,01-14-2021_16-25-10,ZEC/USD,25.0,113.5,113.44,0.013215859030837504,-0.1267841409691625,0.13999999999999999,False,Binance US,Coinbase Pro
4750,01-14-2021_16-25-20,ZEC/USD,25.0,113.49,113.42,0.015419860780684021,-0.13458013921931597,0.15,False,Binance US,Coinbase Pro
4751,01-14-2021_16-25-32,ZEC/USD,25.0,113.658,113.49,0.03695296415562617,-0.09004703584437383,0.127,False,Bittrex,Kraken
4752,01-14-2021_16-25-43,ZEC/USD,25.0,113.79,113.61,0.039546533087267514,-0.11045346691273247,0.15,False,Binance US,Coinbase Pro
4753,01-14-2021_16-25-53,ZEC/USD,25.0,113.79,113.62,0.037349503471307166,-0.11265049652869283,0.15,False,Binance US,Coinbase Pro
4754,01-14-2021_16-26-03,ZEC/USD,25.0,113.664,113.49,0.038270692567569015,-0.14372930743243098,0.182,False,Bittrex,Coinbase Pro
4755,01-14-2021_16-26-13,ZEC/USD,25.0,113.7,113.42,0.06156552330694836,-0.07843447669305162,0.13999999999999999,False,Binance US,Coinbase Pro
4756,01-14-2021_16-26-24,ZEC/USD,25.0,113.604,113.48,0.02728777155733848,-0.09971222844266152,0.127,False,Bittrex,Kraken
4757,01-14-2021_16-26-36,ZEC/USD,25.0,113.594,113.41,0.040495096572001496,-0.14150490342799849,0.182,False,Bittrex,Coinbase Pro
4758,01-14-2021_16-26-45,ZEC/USD,25.0,113.59,113.32,0.05942424509199978,-0.09057575490800021,0.15,False,Binance US,Coinbase Pro
4759,01-14-2021_16-26-56,ZEC/USD,25.0,113.518,113.09,0.09425817931957867,-0.08774182068042133,0.182,False,Bittrex,Coinbase Pro
4760,01-14-2021_16-27-07,ZEC/USD,25.0,113.46,113.28,0.03966155473294391,-0.11033844526705608,0.15,False,Binance US,Coinbase Pro
4761,01-14-2021_16-27-18,ZEC/USD,25.0,113.41,113.22,0.041883431796137405,-0.10811656820386259,0.15,False,Binance US,Coinbase Pro
4762,01-14-2021_16-27-28,ZEC/USD,25.0,113.38,113.23,0.03307461633444864,-0.061925383665551365,0.095,False,Binance US,Kraken
4763,01-14-2021_16-27-39,ZEC/USD,25.0,113.38,113.23,0.03307461633444864,-0.061925383665551365,0.095,False,Binance US,Kraken
4764,01-14-2021_16-27-51,ZEC/USD,25.0,113.38,113.17,0.04630446286822935,-0.10369553713177065,0.15,False,Binance US,Coinbase Pro
4765,01-14-2021_16-28-04,ZEC/USD,25.0,113.32,113.14,0.039710554182843416,-0.11028944581715658,0.15,False,Binance US,Coinbase Pro
4766,01-14-2021_16-28-15,ZEC/USD,25.0,113.215,113.03,0.04085147727774638,-0.14114852272225362,0.182,False,Bittrex,Coinbase Pro
4767,01-14-2021_16-28-27,ZEC/USD,25.0,113.205,113.04,0.036438319862195145,-0.14556168013780485,0.182,False,Bittrex,Coinbase Pro
4768,01-14-2021_16-28-38,ZEC/USD,25.0,113.191,113.09,0.02230742726895228,-0.15969257273104773,0.182,False,Bittrex,Coinbase Pro
4769,01-14-2021_16-28-48,ZEC/USD,25.0,113.18,113.02,0.03534193320374863,-0.09165806679625138,0.127,False,Bittrex,Kraken
4770,01-14-2021_16-29-01,ZEC/USD,25.0,113.17,113.09,0.01767252805513791,-0.13232747194486208,0.15,False,Binance US,Coinbase Pro
4771,01-14-2021_16-29-13,ZEC/USD,25.0,113.17,113.09,0.01767252805513791,-0.13232747194486208,0.15,False,Binance US,Coinbase Pro
4772,01-14-2021_16-29-25,ZEC/USD,25.0,113.17,113.08,0.019881594062031327,-0.13011840593796867,0.15,False,Binance US,Coinbase Pro
4773,01-14-2021_16-29-38,ZEC/USD,25.0,113.17,113.04,0.028717858089598713,-0.06628214191040128,0.095,False,Binance US,Kraken
4774,01-14-2021_16-29-51,ZEC/USD,25.0,113.17,113.07,0.022090660068924742,-0.12790933993107526,0.15,False,Binance US,Coinbase Pro
4775,01-14-2021_16-30-04,ZEC/USD,25.0,113.17,113.08,0.019881594062031327,-0.13011840593796867,0.15,False,Binance US,Coinbase Pro
4776,01-14-2021_16-30-18,ZEC/USD,25.0,113.39,113.26,0.028662139518475054,-0.15633786048152495,0.185,False,Kraken,Coinbase Pro
4777,01-14-2021_16-30-29,ZEC/USD,25.0,113.31,113.18,0.02868237578324849,-0.1213176242167515,0.15,False,Binance US,Coinbase Pro
4778,01-14-2021_16-30-40,ZEC/USD,25.0,113.28,113.11,0.03751765536723201,-0.11248234463276799,0.15,False,Binance US,Coinbase Pro
4779,01-14-2021_16-30-51,ZEC/USD,25.0,113.12,112.86,0.05746110325318359,-0.0925388967468164,0.15,False,Binance US,Coinbase Pro
4780,01-14-2021_16-31-04,ZEC/USD,25.0,113.08,112.89,0.042005659709939365,-0.14299434029006064,0.185,False,Kraken,Coinbase Pro
4781,01-14-2021_16-31-16,ZEC/USD,25.0,113.12,112.92,0.04420084865629483,-0.04779915134370517,0.092,False,Binance US,Bittrex
4782,01-14-2021_16-31-27,ZEC/USD,25.0,113.12,113.05,0.015470297029704603,-0.1345297029702954,0.15,False,Binance US,Coinbase Pro
4783,01-14-2021_16-31-38,ZEC/USD,25.0,113.11,112.9,0.04641499425338028,-0.13858500574661972,0.185,False,Kraken,Coinbase Pro
4784,01-14-2021_16-31-49,ZEC/USD,25.0,113.06,112.87,0.042013090394480306,-0.14298690960551969,0.185,False,Kraken,Coinbase Pro
4785,01-14-2021_16-32-01,ZEC/USD,25.0,112.783,112.67,0.025048101220928584,-0.1569518987790714,0.182,False,Bittrex,Coinbase Pro
4786,01-14-2021_16-32-12,ZEC/USD,25.0,112.774,112.61,0.03635589763598025,-0.09064410236401975,0.127,False,Bittrex,Kraken
4787,01-14-2021_16-32-25,ZEC/USD,25.0,112.764,112.65,0.02527402362455884,-0.10172597637544116,0.127,False,Bittrex,Kraken
4788,01-14-2021_16-32-36,ZEC/USD,25.0,112.76,112.64,0.02660517914154056,-0.12339482085845943,0.15,False,Binance US,Coinbase Pro
4789,01-14-2021_16-32-45,ZEC/USD,25.0,112.711,112.54,0.037928862311573906,-0.02429113768842609,0.06222,False,Bittrex,Binance US
4790,01-14-2021_16-32-59,ZEC/USD,25.0,112.517,112.41,0.023774185234231124,-0.15822581476576886,0.182,False,Bittrex,Coinbase Pro
4791,01-14-2021_16-33-10,ZEC/USD,25.0,112.41,112.2,0.04670402989057774,-0.13829597010942227,0.185,False,Kraken,Coinbase Pro
4792,01-14-2021_16-33-19,ZEC/USD,25.0,112.253,112.21,0.009576581472211515,-0.11742341852778848,0.127,False,Bittrex,Kraken
4793,01-14-2021_16-33-31,ZEC/USD,25.0,112.33,112.17,0.03560936526306343,-0.14939063473693656,0.185,False,Kraken,Coinbase Pro
4794,01-14-2021_16-33-43,ZEC/USD,25.0,112.21,112.05,0.03564744675162566,-0.04935255324837435,0.085,False,Binance US,Kraken
4795,01-14-2021_16-33-54,ZEC/USD,25.0,112.2,112.01,0.04233511586452712,-0.09766488413547286,0.13999999999999999,False,Binance US,Coinbase Pro
4796,01-14-2021_16-34-06,ZEC/USD,25.0,112.2,112.06,0.03119429590017838,-0.1088057040998216,0.13999999999999999,False,Binance US,Coinbase Pro
4797,01-14-2021_16-34-17,ZEC/USD,25.0,112.2,112.14,0.013368983957219758,-0.07163101604278024,0.085,False,Binance US,Kraken
4798,01-14-2021_16-34-28,ZEC/USD,25.0,112.24,112.147,0.020714540270845804,-0.1062854597291542,0.127,False,Kraken,Bittrex
4799,01-14-2021_16-34-39,ZEC/USD,25.0,112.25,112.09,0.03563474387527764,-0.14936525612472235,0.185,False,Kraken,Coinbase Pro
4800,01-14-2021_16-34-50,ZEC/USD,25.0,112.2,112.02,0.040106951871659274,-0.09989304812834071,0.13999999999999999,False,Binance US,Coinbase Pro
4801,01-14-2021_16-35-03,ZEC/USD,25.0,112.2,111.99,0.04679144385026915,-0.09320855614973084,0.13999999999999999,False,Binance US,Coinbase Pro
4802,01-14-2021_16-35-15,ZEC/USD,25.0,112.21,112.01,0.04455930843953049,-0.1404406915604695,0.185,False,Kraken,Coinbase Pro
4803,01-14-2021_16-35-30,ZEC/USD,25.0,112.409,112.3,0.02424183117010401,-0.102758168829896,0.127,False,Bittrex,Kraken
4804,01-14-2021_16-35-41,ZEC/USD,25.0,112.5,112.3,0.04444444444444507,-0.040555555555554935,0.085,False,Binance US,Kraken
4805,01-14-2021_16-35-52,ZEC/USD,25.0,112.29,112.07,0.04898031881735085,-0.13601968118264915,0.185,False,Kraken,Coinbase Pro
4806,01-14-2021_16-36-04,ZEC/USD,25.0,112.12,112.01,0.024527292186942433,-0.07047270781305756,0.095,False,Binance US,Kraken
4807,01-14-2021_16-36-14,ZEC/USD,25.0,112.101,112.03,0.01583393546890705,-0.16616606453109295,0.182,False,Bittrex,Coinbase Pro
4808,01-14-2021_16-36-26,ZEC/USD,25.0,111.92,111.82,0.022337383845605907,-0.1276626161543941,0.15,False,Binance US,Coinbase Pro
4809,01-14-2021_16-36-40,ZEC/USD,25.0,111.62,111.46,0.0358358717075817,-0.1491641282924183,0.185,False,Coinbase Pro,Kraken
4810,01-14-2021_16-36-52,ZEC/USD,25.0,111.83,111.73,0.02235536081552229,-0.06264463918447771,0.085,False,Binance US,Kraken
4811,01-14-2021_16-37-03,ZEC/USD,25.0,112.079,111.87,0.04661890273824467,-0.13538109726175532,0.182,False,Bittrex,Coinbase Pro
4812,01-14-2021_16-37-14,ZEC/USD,25.0,111.84,111.62,0.04917739628040032,-0.04582260371959968,0.095,False,Binance US,Kraken
4813,01-14-2021_16-37-26,ZEC/USD,25.0,111.81,111.62,0.042482783293085975,-0.14251721670691403,0.185,False,Kraken,Coinbase Pro
4814,01-14-2021_16-37-37,ZEC/USD,25.0,111.92,111.753,0.03730343102215904,-0.08969656897784095,0.127,False,Kraken,Bittrex
4815,01-14-2021_16-37-48,ZEC/USD,25.0,111.9,111.748,0.03395889186773928,-0.09304110813226071,0.127,False,Kraken,Bittrex
4816,01-14-2021_16-37-58,ZEC/USD,25.0,111.79,111.63,0.03578137579390169,-0.1492186242060983,0.185,False,Kraken,Coinbase Pro
4817,01-14-2021_16-38-10,ZEC/USD,25.0,111.738,111.62,0.02640104530240272,-0.15559895469759727,0.182,False,Bittrex,Coinbase Pro
4818,01-14-2021_16-38-22,ZEC/USD,25.0,111.572,111.5,0.016133079984226043,-0.11086692001577396,0.127,False,Bittrex,Kraken
4819,01-14-2021_16-38-34,ZEC/USD,25.0,111.564,111.44,0.027786741242693706,-0.0992132587573063,0.127,False,Bittrex,Kraken
4820,01-14-2021_16-38-44,ZEC/USD,25.0,111.558,111.46,0.021961670162608953,-0.16003832983739105,0.182,False,Bittrex,Coinbase Pro
4821,01-14-2021_16-38-57,ZEC/USD,25.0,111.469,111.33,0.031174586656378858,-0.09582541334362114,0.127,False,Bittrex,Kraken
4822,01-14-2021_16-39-09,ZEC/USD,25.0,111.61,111.52,0.020159483917212482,-0.16484051608278752,0.185,False,Kraken,Coinbase Pro
4823,01-14-2021_16-39-22,ZEC/USD,25.0,111.58,111.5,0.01792435920415807,-0.06707564079584194,0.085,False,Binance US,Kraken
4824,01-14-2021_16-39-33,ZEC/USD,25.0,111.83,111.73,0.02235536081552229,-0.05964463918447771,0.082,False,Binance US,Bittrex
4825,01-14-2021_16-39-43,ZEC/USD,25.0,112.002,111.88,0.02723165657756109,-0.1547683434224389,0.182,False,Bittrex,Coinbase Pro
4826,01-14-2021_16-39-55,ZEC/USD,25.0,112.0,111.85,0.033482142857144126,-0.11651785714285587,0.15,False,Binance US,Coinbase Pro
4827,01-14-2021_16-40-06,ZEC/USD,25.0,112.0,111.88,0.0267857142857153,-0.1232142857142847,0.15,False,Binance US,Coinbase Pro
4828,01-14-2021_16-40-17,ZEC/USD,25.0,112.035,111.88,0.034587405721426594,-0.1474125942785734,0.182,False,Bittrex,Coinbase Pro
4829,01-14-2021_16-40-27,ZEC/USD,25.0,112.025,111.84,0.0412854273599648,-0.1407145726400352,0.182,False,Bittrex,Coinbase Pro
4830,01-14-2021_16-40-38,ZEC/USD,25.0,112.016,111.84,0.03928010284245151,-0.1427198971575485,0.182,False,Bittrex,Coinbase Pro
4831,01-14-2021_16-40-47,ZEC/USD,25.0,112.009,111.87,0.031024292690764982,-0.150975707309235,0.182,False,Bittrex,Coinbase Pro
4832,01-14-2021_16-40-57,ZEC/USD,25.0,112.01,111.92,0.02008749218819824,-0.16491250781180175,0.185,False,Kraken,Coinbase Pro
4833,01-14-2021_16-41-08,ZEC/USD,25.0,112.09,111.98,0.024533856722276613,-0.16046614327772338,0.185,False,Kraken,Coinbase Pro
4834,01-14-2021_16-41-18,ZEC/USD,25.0,112.02,111.94,0.01785395465095481,-0.1671460453490452,0.185,False,Kraken,Coinbase Pro
4835,01-14-2021_16-41-29,ZEC/USD,25.0,112.15,111.971,0.039901917075345975,-0.052098082924654024,0.092,False,Binance US,Bittrex
4836,01-14-2021_16-41-41,ZEC/USD,25.0,112.15,111.962,0.04190815871600588,-0.05009184128399412,0.092,False,Binance US,Bittrex
4837,01-14-2021_16-41-51,ZEC/USD,25.0,112.15,111.958,0.04279982166741134,-0.049200178332588655,0.092,False,Binance US,Bittrex
4838,01-14-2021_16-42-02,ZEC/USD,25.0,112.15,111.952,0.044137316094517945,-0.047862683905482054,0.092,False,Binance US,Bittrex
4839,01-14-2021_16-42-14,ZEC/USD,25.0,112.09,111.92,0.037915960388973526,-0.10208403961102647,0.13999999999999999,False,Binance US,Coinbase Pro
4840,01-14-2021_16-42-23,ZEC/USD,25.0,112.096,111.97,0.028100913502713026,-0.15389908649728698,0.182,False,Bittrex,Coinbase Pro
4841,01-14-2021_16-42-34,ZEC/USD,25.0,112.11,111.95,0.03567924360003492,-0.10432075639996508,0.13999999999999999,False,Binance US,Coinbase Pro
4842,01-14-2021_16-42-45,ZEC/USD,25.0,112.06,111.89,0.03792611101195826,-0.11207388898804174,0.15,False,Binance US,Coinbase Pro
4843,01-14-2021_16-42-55,ZEC/USD,25.0,111.971,111.71,0.05827401737950225,-0.12372598262049775,0.182,False,Bittrex,Coinbase Pro
4844,01-14-2021_16-43-06,ZEC/USD,25.0,111.761,111.64,0.027066686948039816,-0.15493331305196018,0.182,False,Bittrex,Coinbase Pro
4845,01-14-2021_16-43-16,ZEC/USD,25.0,111.754,111.64,0.025502442865580722,-0.15649755713441926,0.182,False,Bittrex,Coinbase Pro
4846,01-14-2021_16-43-26,ZEC/USD,25.0,111.744,111.64,0.023267468499427086,-0.1587325315005729,0.182,False,Bittrex,Coinbase Pro
4847,01-14-2021_16-43-37,ZEC/USD,25.0,111.73,111.59,0.0313255168710285,-0.1186744831289715,0.15,False,Binance US,Coinbase Pro
4848,01-14-2021_16-43-48,ZEC/USD,25.0,111.73,111.52,0.046988275306544335,-0.10301172469345565,0.15,False,Binance US,Coinbase Pro
4849,01-14-2021_16-44-01,ZEC/USD,25.0,111.608,111.48,0.028671779800731156,-0.15332822019926884,0.182,False,Bittrex,Coinbase Pro
4850,01-14-2021_16-44-12,ZEC/USD,25.0,111.6,111.5,0.022401433691755,-0.06259856630824501,0.085,False,Binance US,Kraken
4851,01-14-2021_16-44-23,ZEC/USD,25.0,111.63,111.38,0.055988533548329306,-0.09401146645167069,0.15,False,Binance US,Coinbase Pro
4852,01-14-2021_16-44-36,ZEC/USD,25.0,111.7,111.54,0.03581020590868321,-0.11418979409131678,0.15,False,Binance US,Coinbase Pro
4853,01-14-2021_16-44-49,ZEC/USD,25.0,111.94,111.73,0.04690012506699878,-0.10309987493300121,0.15,False,Binance US,Coinbase Pro
4854,01-14-2021_16-44-59,ZEC/USD,25.0,111.83,111.6,0.05141732987570508,-0.08858267012429491,0.13999999999999999,False,Binance US,Coinbase Pro
4855,01-14-2021_16-45-09,ZEC/USD,25.0,111.83,111.6,0.05141732987570508,-0.08858267012429491,0.13999999999999999,False,Binance US,Coinbase Pro
4856,01-14-2021_16-45-20,ZEC/USD,25.0,111.83,111.6,0.05141732987570508,-0.08858267012429491,0.13999999999999999,False,Binance US,Coinbase Pro
4857,01-14-2021_16-45-32,ZEC/USD,25.0,111.846,111.8,0.0102819948858266,-0.1717180051141734,0.182,False,Bittrex,Coinbase Pro
4858,01-14-2021_16-45-43,ZEC/USD,25.0,112.06,111.837,0.049750133856862166,-0.04224986614313783,0.092,False,Binance US,Bittrex
4859,01-14-2021_16-45-53,ZEC/USD,25.0,112.06,111.96,0.022309477065859475,-0.12769052293414052,0.15,False,Binance US,Coinbase Pro
4860,01-14-2021_16-46-05,ZEC/USD,25.0,112.06,111.88,0.040157058718545156,-0.10984294128145483,0.15,False,Binance US,Coinbase Pro
4861,01-14-2021_16-46-14,ZEC/USD,25.0,112.06,111.86,0.044618954131715786,-0.1053810458682842,0.15,False,Binance US,Coinbase Pro
4862,01-14-2021_16-46-25,ZEC/USD,25.0,112.06,111.89,0.03792611101195826,-0.11207388898804174,0.15,False,Binance US,Coinbase Pro
4863,01-14-2021_16-46-36,ZEC/USD,25.0,112.06,111.89,0.03792611101195826,-0.11207388898804174,0.15,False,Binance US,Coinbase Pro
4864,01-14-2021_16-46-46,ZEC/USD,25.0,112.06,111.75,0.06915937890415899,-0.080840621095841,0.15,False,Binance US,Coinbase Pro
4865,01-14-2021_16-46-58,ZEC/USD,25.0,111.9,111.68,0.04915102770330627,-0.13584897229669374,0.185,False,Kraken,Coinbase Pro
4866,01-14-2021_16-47-11,ZEC/USD,25.0,111.725,111.45,0.06153501901991307,-0.12046498098008693,0.182,False,Bittrex,Coinbase Pro
4867,01-14-2021_16-47-23,ZEC/USD,25.0,111.54,111.276,0.05917159763313833,-0.06782840236686166,0.127,False,Kraken,Bittrex
4868,01-14-2021_16-47-33,ZEC/USD,25.0,111.42,111.37,0.011218811703463732,-0.11578118829653627,0.127,False,Bittrex,Kraken
4869,01-14-2021_16-47-44,ZEC/USD,25.0,111.41,111.33,0.017951709900367627,-0.16404829009963237,0.182,False,Bittrex,Coinbase Pro
4870,01-14-2021_16-47-56,ZEC/USD,25.0,111.39,111.25,0.031421132956279865,-0.11857886704372013,0.15,False,Binance US,Coinbase Pro
4871,01-14-2021_16-48-09,ZEC/USD,25.0,111.32,111.06,0.05839022637441406,-0.09160977362558594,0.15,False,Binance US,Coinbase Pro
4872,01-14-2021_16-48-20,ZEC/USD,25.0,111.33,111.09,0.05389382915656043,-0.09610617084343956,0.15,False,Binance US,Coinbase Pro
4873,01-14-2021_16-48-32,ZEC/USD,25.0,111.31,111.04,0.060641451801274816,-0.07935854819872518,0.13999999999999999,False,Binance US,Coinbase Pro
4874,01-14-2021_16-48-42,ZEC/USD,25.0,111.39,111.06,0.07406409911123044,-0.07593590088876956,0.15,False,Binance US,Coinbase Pro
4875,01-14-2021_16-48-53,ZEC/USD,25.0,111.45,111.22,0.051592642440557196,-0.1334073575594428,0.185,False,Kraken,Coinbase Pro
4876,01-14-2021_16-49-04,ZEC/USD,25.0,111.41,111.21,0.04487927475092067,-0.14012072524907931,0.185,False,Kraken,Coinbase Pro
4877,01-14-2021_16-49-14,ZEC/USD,25.0,111.456,111.19,0.0596648004593753,-0.12233519954062469,0.182,False,Bittrex,Coinbase Pro
4878,01-14-2021_16-49-24,ZEC/USD,25.0,111.2,110.92,0.06294964028777003,-0.12205035971222997,0.185,False,Kraken,Coinbase Pro
4879,01-14-2021_16-49-34,ZEC/USD,25.0,111.08,110.85,0.051764494058337225,-0.09823550594166278,0.15,False,Binance US,Coinbase Pro
4880,01-14-2021_16-49-46,ZEC/USD,25.0,111.22,110.99,0.0516993346520419,-0.1333006653479581,0.185,False,Kraken,Coinbase Pro
4881,01-14-2021_16-49-57,ZEC/USD,25.0,111.2,111.01,0.04271582733812898,-0.14228417266187102,0.185,False,Kraken,Coinbase Pro
4882,01-14-2021_16-50-09,ZEC/USD,25.0,111.1,110.88,0.04950495049504925,-0.13549504950495075,0.185,False,Kraken,Coinbase Pro
4883,01-14-2021_16-50-20,ZEC/USD,25.0,111.06,110.91,0.033765532144787884,-0.1512344678552121,0.185,False,Kraken,Coinbase Pro
4884,01-14-2021_16-50-31,ZEC/USD,25.0,111.02,110.85,0.03828139074040752,-0.1467186092595925,0.185,False,Kraken,Coinbase Pro
4885,01-14-2021_16-50-41,ZEC/USD,25.0,111.12,110.94,0.0404967602591808,-0.1445032397408192,0.185,False,Kraken,Coinbase Pro
4886,01-14-2021_16-50-52,ZEC/USD,25.0,111.01,110.91,0.02252049364922271,-0.1274795063507773,0.15,False,Binance US,Coinbase Pro
4887,01-14-2021_16-51-02,ZEC/USD,25.0,111.06,110.96,0.022510354763192988,-0.162489645236807,0.185,False,Kraken,Coinbase Pro
4888,01-14-2021_16-51-12,ZEC/USD,25.0,111.01,110.9,0.024772543014142744,-0.12522745698585724,0.15,False,Binance US,Coinbase Pro
4889,01-14-2021_16-51-24,ZEC/USD,25.0,110.98,110.81,0.038295188322220605,-0.11170481167777939,0.15,False,Binance US,Coinbase Pro
4890,01-14-2021_16-51-34,ZEC/USD,25.0,110.86,110.73,0.029316254735701663,-0.05568374526429834,0.085,False,Binance US,Kraken
4891,01-14-2021_16-51-45,ZEC/USD,25.0,110.851,110.76,0.020523044447049187,-0.1614769555529508,0.182,False,Bittrex,Coinbase Pro
4892,01-14-2021_16-51-57,ZEC/USD,25.0,110.844,110.73,0.02571181119410841,-0.15628818880589157,0.182,False,Bittrex,Coinbase Pro
4893,01-14-2021_16-52-08,ZEC/USD,25.0,110.835,110.71,0.028195064735868636,-0.15380493526413136,0.182,False,Bittrex,Coinbase Pro
4894,01-14-2021_16-52-18,ZEC/USD,25.0,110.83,110.53,0.06767120815663565,-0.11432879184336435,0.182,False,Bittrex,Coinbase Pro
4895,01-14-2021_16-52-30,ZEC/USD,25.0,110.71,110.54,0.038388582783846874,-0.11161141721615311,0.15,False,Binance US,Coinbase Pro
4896,01-14-2021_16-52-42,ZEC/USD,25.0,110.213,110.06,0.03470552475660575,-0.14729447524339423,0.182,False,Bittrex,Coinbase Pro
4897,01-14-2021_16-52-52,ZEC/USD,25.0,110.09,110.055,0.00794804251067231,-0.07405195748932769,0.082,False,Binance US,Bittrex
4898,01-14-2021_16-53-03,ZEC/USD,25.0,110.05,109.99,0.013630168105407152,-0.05159983189459284,0.06523,False,Kraken,Binance US
4899,01-14-2021_16-53-14,ZEC/USD,25.0,110.045,109.94,0.02385387795901767,-0.15814612204098233,0.182,False,Bittrex,Coinbase Pro
4900,01-14-2021_16-53-24,ZEC/USD,25.0,110.044,109.85,0.04407327977899809,-0.08292672022100192,0.127,False,Bittrex,Kraken
4901,01-14-2021_16-53-35,ZEC/USD,25.0,110.309,110.0,0.07003055054437932,0.007800550544379316,0.06223,False,Bittrex,Binance US
4902,01-14-2021_16-53-48,ZEC/USD,25.0,110.968,110.45,0.11670030999927923,-0.06529969000072076,0.182,False,Bittrex,Coinbase Pro
4903,01-14-2021_16-54-02,ZEC/USD,25.0,110.75,110.58,0.0383747178329575,-0.056625282167042504,0.095,False,Binance US,Kraken
4904,01-14-2021_16-54-13,ZEC/USD,25.0,110.952,110.75,0.04551517773451542,-0.13648482226548458,0.182,False,Bittrex,Coinbase Pro
4905,01-14-2021_16-54-24,ZEC/USD,25.0,110.96,110.82,0.0315428983417449,-0.1534571016582551,0.185,False,Kraken,Coinbase Pro
4906,01-14-2021_16-54-37,ZEC/USD,25.0,110.95,110.84,0.024785939612437906,-0.04044406038756209,0.06523,False,Kraken,Binance US
4907,01-14-2021_16-54-49,ZEC/USD,25.0,110.85,110.72,0.02931889941362099,-0.15568110058637902,0.185,False,Kraken,Coinbase Pro
4908,01-14-2021_16-55-02,ZEC/USD,25.0,110.84,110.54,0.0676651028509557,-0.0823348971490443,0.15,False,Binance US,Coinbase Pro
4909,01-14-2021_16-55-15,ZEC/USD,25.0,110.84,110.56,0.06315409599422617,-0.08684590400577383,0.15,False,Binance US,Coinbase Pro
4910,01-14-2021_16-55-29,ZEC/USD,25.0,110.7,110.51,0.04290876242095703,-0.09709123757904295,0.13999999999999999,False,Binance US,Coinbase Pro
4911,01-14-2021_16-55-41,ZEC/USD,25.0,110.72,110.49,0.05193280346820899,-0.133067196531791,0.185,False,Kraken,Coinbase Pro
4912,01-14-2021_16-55-54,ZEC/USD,25.0,110.81,110.56,0.05640285172818338,-0.12859714827181662,0.185,False,Kraken,Coinbase Pro
4913,01-14-2021_16-56-18,ZEC/USD,25.0,110.96,110.79,0.03830209084354441,-0.14669790915645559,0.185,False,Kraken,Coinbase Pro
4914,01-14-2021_16-56-31,ZEC/USD,25.0,110.896,110.68,0.04869427211080516,-0.13330572788919484,0.182,False,Bittrex,Coinbase Pro
4915,01-14-2021_16-56-44,ZEC/USD,25.0,110.96,110.66,0.06759192501802387,0.002361925018023875,0.06523,False,Kraken,Binance US
4916,01-14-2021_16-56-57,ZEC/USD,25.0,110.93,110.66,0.06084918417019972,-0.004380815829800273,0.06523,False,Kraken,Binance US
4917,01-14-2021_16-57-10,ZEC/USD,25.0,110.96,110.66,0.06759192501802387,0.002361925018023875,0.06523,False,Kraken,Binance US
4918,01-14-2021_16-57-22,ZEC/USD,25.0,110.9,110.66,0.05410279531109312,-0.011127204688906878,0.06523,False,Kraken,Binance US
4919,01-14-2021_16-57-34,ZEC/USD,25.0,110.86,110.66,0.04510193036262016,-0.020128069637379835,0.06523,False,Kraken,Binance US
4920,01-14-2021_16-57-47,ZEC/USD,25.0,110.92,110.66,0.05860079336458824,-0.0066292066354117565,0.06523,False,Kraken,Binance US
4921,01-14-2021_16-58-09,ZEC/USD,25.0,110.837,110.4,0.09856816766964047,-0.08343183233035953,0.182,False,Bittrex,Coinbase Pro
4922,01-14-2021_16-58-21,ZEC/USD,25.0,110.43,110.29,0.031694285973014706,-0.06330571402698529,0.095,False,Binance US,Kraken
4923,01-14-2021_16-58-45,ZEC/USD,25.0,110.25,110.15,0.02267573696144996,-0.12732426303855005,0.15,False,Binance US,Coinbase Pro
4924,01-14-2021_16-58-57,ZEC/USD,25.0,110.318,110.21,0.024474700411538482,-0.1575252995884615,0.182,False,Bittrex,Coinbase Pro
4925,01-14-2021_16-59-21,ZEC/USD,25.0,110.49,110.25,0.054303556882974675,-0.08569644311702532,0.13999999999999999,False,Binance US,Coinbase Pro
4926,01-14-2021_16-59-33,ZEC/USD,25.0,110.6,110.36,0.05424954792043284,-0.13075045207956715,0.185,False,Kraken,Coinbase Pro
4927,01-14-2021_16-59-56,ZEC/USD,25.0,110.65,110.52,0.02937189335743553,-0.11062810664256445,0.13999999999999999,False,Binance US,Coinbase Pro
4928,01-14-2021_17-00-10,ZEC/USD,25.0,110.89,110.66,0.05185318784381008,-0.010376812156189921,0.06223,False,Bittrex,Binance US
4929,01-14-2021_17-00-21,ZEC/USD,25.0,111.064,110.93,0.03016278902254244,-0.15183721097745756,0.182,False,Bittrex,Coinbase Pro
4930,01-14-2021_17-00-45,ZEC/USD,25.0,111.35,110.96,0.0875617422541537,-0.007438257745846305,0.095,False,Binance US,Kraken
4931,01-14-2021_17-00-58,ZEC/USD,25.0,111.44,111.24,0.044867193108399775,-0.10513280689160022,0.15,False,Binance US,Coinbase Pro
4932,01-14-2021_17-01-12,ZEC/USD,25.0,111.45,111.26,0.042620008972632954,-0.14237999102736704,0.185,False,Kraken,Coinbase Pro
4933,01-14-2021_17-01-37,ZEC/USD,25.0,111.44,111.28,0.03589375448671855,-0.11410624551328144,0.15,False,Binance US,Coinbase Pro
4934,01-14-2021_17-02-02,ZEC/USD,25.0,111.291,111.2,0.020441904556521635,-0.10655809544347837,0.127,False,Bittrex,Kraken
4935,01-14-2021_17-02-19,ZEC/USD,25.0,111.654,111.24,0.09269708205706949,-0.034302917942930514,0.127,False,Bittrex,Kraken
4936,01-14-2021_17-02-32,ZEC/USD,25.0,111.531,111.35,0.04057167962270839,-0.08642832037729162,0.127,False,Bittrex,Kraken
4937,01-14-2021_17-02-56,ZEC/USD,25.0,111.517,111.43,0.01950375279105183,-0.16249624720894817,0.182,False,Bittrex,Coinbase Pro
4938,01-14-2021_17-03-09,ZEC/USD,25.0,111.508,111.43,0.017487534526668208,-0.1645124654733318,0.182,False,Bittrex,Coinbase Pro
4939,01-14-2021_17-03-22,ZEC/USD,25.0,111.498,111.44,0.013004717573410943,-0.16899528242658907,0.182,False,Bittrex,Coinbase Pro
4940,01-14-2021_17-03-37,ZEC/USD,25.0,111.688,111.45,0.05327340448391939,-0.07372659551608061,0.127,False,Bittrex,Kraken
4941,01-14-2021_17-03-50,ZEC/USD,25.0,111.65,111.49,0.035826242722796865,-0.14917375727720314,0.185,False,Kraken,Coinbase Pro
4942,01-14-2021_17-04-05,ZEC/USD,25.0,111.638,111.49,0.033142836668520206,-0.1488571633314798,0.182,False,Bittrex,Coinbase Pro
4943,01-14-2021_17-04-30,ZEC/USD,25.0,111.591,111.45,0.03158856897061392,-0.09541143102938608,0.127,False,Bittrex,Kraken
4944,01-14-2021_17-04-43,ZEC/USD,25.0,111.73,111.38,0.07831379217757284,-0.07168620782242716,0.15,False,Binance US,Coinbase Pro
4945,01-14-2021_17-04-57,ZEC/USD,25.0,111.74,111.38,0.08054412027921949,-0.059455879720780494,0.13999999999999999,False,Binance US,Coinbase Pro
4946,01-14-2021_17-05-11,ZEC/USD,25.0,111.6,111.38,0.04928315412186354,-0.09071684587813644,0.13999999999999999,False,Binance US,Coinbase Pro
4947,01-14-2021_17-05-35,ZEC/USD,25.0,111.73,111.38,0.07831379217757284,-0.07168620782242716,0.15,False,Binance US,Coinbase Pro
4948,01-14-2021_17-05-49,ZEC/USD,25.0,111.775,111.49,0.06374412883024173,-0.06325587116975827,0.127,False,Bittrex,Kraken
4949,01-14-2021_17-06-02,ZEC/USD,25.0,111.81,111.49,0.07154995080941047,-0.07845004919058952,0.15,False,Binance US,Coinbase Pro
4950,01-14-2021_17-06-14,ZEC/USD,25.0,111.964,111.74,0.05001607659604956,-0.13198392340395043,0.182,False,Bittrex,Coinbase Pro
4951,01-14-2021_17-06-37,ZEC/USD,25.0,112.26,111.75,0.11357562800641481,-0.07142437199358519,0.185,False,Kraken,Coinbase Pro
4952,01-14-2021_17-06-49,ZEC/USD,25.0,112.179,111.9,0.062177412884763715,-0.11982258711523627,0.182,False,Bittrex,Coinbase Pro
4953,01-14-2021_17-07-02,ZEC/USD,25.0,112.179,111.99,0.04212018292193886,-0.13987981707806113,0.182,False,Bittrex,Coinbase Pro
4954,01-14-2021_17-07-13,ZEC/USD,25.0,112.346,112.0,0.07699428551083341,-0.10500571448916658,0.182,False,Bittrex,Coinbase Pro
4955,01-14-2021_17-07-25,ZEC/USD,25.0,112.43,112.0,0.09561504936405026,-0.08938495063594974,0.185,False,Kraken,Coinbase Pro
4956,01-14-2021_17-07-37,ZEC/USD,25.0,112.343,112.0,0.07632874322387766,-0.10567125677612234,0.182,False,Bittrex,Coinbase Pro
4957,01-14-2021_17-07-50,ZEC/USD,25.0,112.343,112.0,0.07632874322387766,-0.10567125677612234,0.182,False,Bittrex,Coinbase Pro
4958,01-14-2021_17-08-04,ZEC/USD,25.0,112.288,111.99,0.06634724992875503,-0.11565275007124497,0.182,False,Bittrex,Coinbase Pro
4959,01-14-2021_17-08-15,ZEC/USD,25.0,112.161,112.0,0.03588591399862728,-0.1461140860013727,0.182,False,Bittrex,Coinbase Pro
4960,01-14-2021_17-08-28,ZEC/USD,25.0,112.151,111.99,0.03588911378409496,-0.14611088621590504,0.182,False,Bittrex,Coinbase Pro
4961,01-14-2021_17-08-41,ZEC/USD,25.0,112.141,111.98,0.03589231414023447,-0.14610768585976552,0.182,False,Bittrex,Coinbase Pro
4962,01-14-2021_17-08-54,ZEC/USD,25.0,112.137,111.99,0.03277241231707768,-0.14922758768292232,0.182,False,Bittrex,Coinbase Pro
4963,01-14-2021_17-09-06,ZEC/USD,25.0,112.23,111.98,0.05568920965873652,-0.08431079034126346,0.13999999999999999,False,Binance US,Coinbase Pro
4964,01-14-2021_17-09-19,ZEC/USD,25.0,112.17,111.98,0.04234643844165056,-0.10765356155834943,0.15,False,Binance US,Coinbase Pro
4965,01-14-2021_17-09-42,ZEC/USD,25.0,112.17,111.99,0.04011767852367095,-0.10988232147632904,0.15,False,Binance US,Coinbase Pro
4966,01-14-2021_17-09-54,ZEC/USD,25.0,112.17,112.0,0.037888918605688174,-0.11211108139431182,0.15,False,Binance US,Coinbase Pro
4967,01-14-2021_17-10-07,ZEC/USD,25.0,112.389,112.0,0.0865298205340371,-0.0954701794659629,0.182,False,Bittrex,Coinbase Pro
4968,01-14-2021_17-10-18,ZEC/USD,25.0,112.258,112.0,0.05745692957294704,-0.12454307042705295,0.182,False,Bittrex,Coinbase Pro
4969,01-14-2021_17-10-31,ZEC/USD,25.0,112.251,112.0,0.05590150644537794,-0.12609849355462205,0.182,False,Bittrex,Coinbase Pro
4970,01-14-2021_17-10-43,ZEC/USD,25.0,112.249,112.0,0.0554570642054707,-0.1265429357945293,0.182,False,Bittrex,Coinbase Pro
4971,01-14-2021_17-10-55,ZEC/USD,25.0,112.241,112.0,0.05367913685729806,-0.12832086314270194,0.182,False,Bittrex,Coinbase Pro
4972,01-14-2021_17-11-06,ZEC/USD,25.0,112.234,112.0,0.05212324251118081,-0.1298767574888192,0.182,False,Bittrex,Coinbase Pro
4973,01-14-2021_17-11-19,ZEC/USD,25.0,112.52,112.0,0.11553501599715518,-0.03446498400284481,0.15,False,Binance US,Coinbase Pro
4974,01-14-2021_17-11-30,ZEC/USD,25.0,112.48,112.0,0.10668563300142336,-0.04331436699857663,0.15,False,Binance US,Coinbase Pro
4975,01-14-2021_17-11-41,ZEC/USD,25.0,112.37,112.0,0.08231734448696372,-0.057682655513036266,0.13999999999999999,False,Binance US,Coinbase Pro
4976,01-14-2021_17-11-53,ZEC/USD,25.0,112.37,112.0,0.08231734448696372,-0.057682655513036266,0.13999999999999999,False,Binance US,Coinbase Pro
4977,01-14-2021_17-12-04,ZEC/USD,25.0,112.37,112.0,0.08231734448696372,-0.057682655513036266,0.13999999999999999,False,Binance US,Coinbase Pro
4978,01-14-2021_17-12-27,ZEC/USD,25.0,112.321,112.0,0.07144701347032122,-0.11055298652967878,0.182,False,Bittrex,Coinbase Pro
4979,01-14-2021_17-12-39,ZEC/USD,25.0,112.313,112.0,0.06967136484645642,-0.11232863515354358,0.182,False,Bittrex,Coinbase Pro
4980,01-14-2021_17-12-52,ZEC/USD,25.0,112.305,112.15,0.03450425181425607,-0.14749574818574393,0.182,False,Bittrex,Coinbase Pro
4981,01-14-2021_17-13-15,ZEC/USD,25.0,112.4,112.18,0.048932384341636756,-0.10106761565836324,0.15,False,Binance US,Coinbase Pro
4982,01-14-2021_17-13-27,ZEC/USD,25.0,112.43,112.25,0.040024904384952154,-0.14197509561504784,0.182,False,Bittrex,Coinbase Pro
4983,01-14-2021_17-13-39,ZEC/USD,25.0,112.42,112.21,0.04669987546700052,-0.04830012453299948,0.095,False,Binance US,Kraken
4984,01-14-2021_17-13-51,ZEC/USD,25.0,112.39,112.22,0.0378147522021536,-0.11218524779784639,0.15,False,Binance US,Coinbase Pro
4985,01-14-2021_17-14-03,ZEC/USD,25.0,112.38,112.2,0.04004271222637316,-0.10995728777362684,0.15,False,Binance US,Coinbase Pro
4986,01-14-2021_17-14-18,ZEC/USD,25.0,112.42,112.2,0.04892367906066511,-0.10107632093933488,0.15,False,Binance US,Coinbase Pro
4987,01-14-2021_17-14-30,ZEC/USD,25.0,112.482,112.2,0.06267669493785595,-0.11932330506214404,0.182,False,Bittrex,Coinbase Pro
4988,01-14-2021_17-14-42,ZEC/USD,25.0,112.47,112.2,0.06001600426780387,-0.12198399573219612,0.182,False,Bittrex,Coinbase Pro
4989,01-14-2021_17-14-55,ZEC/USD,25.0,112.468,112.27,0.04401251911655037,-0.13798748088344961,0.182,False,Bittrex,Coinbase Pro
4990,01-14-2021_17-15-07,ZEC/USD,25.0,112.464,112.31,0.03423317683880984,-0.14776682316119016,0.182,False,Bittrex,Coinbase Pro
4991,01-14-2021_17-15-20,ZEC/USD,25.0,112.347,112.2,0.03271115383588155,-0.14928884616411844,0.182,False,Bittrex,Coinbase Pro
4992,01-14-2021_17-15-31,ZEC/USD,25.0,112.346,112.15,0.04361526000035559,-0.08338473999964441,0.127,False,Bittrex,Kraken
4993,01-14-2021_17-15-42,ZEC/USD,25.0,112.269,112.18,0.019818471706347842,-0.10718152829365216,0.127,False,Bittrex,Kraken
4994,01-14-2021_17-15-53,ZEC/USD,25.0,112.268,112.08,0.041864110877543555,-0.08513588912245645,0.127,False,Bittrex,Kraken
4995,01-14-2021_17-16-03,ZEC/USD,25.0,112.268,112.08,0.041864110877543555,-0.08513588912245645,0.127,False,Bittrex,Kraken
4996,01-14-2021_17-16-14,ZEC/USD,25.0,112.268,112.11,0.03518366765240345,-0.09181633234759655,0.127,False,Bittrex,Kraken
4997,01-14-2021_17-16-25,ZEC/USD,25.0,112.263,112.15,0.025164123531350387,-0.10183587646864961,0.127,False,Bittrex,Kraken
4998,01-14-2021_17-16-37,ZEC/USD,25.0,112.209,112.09,0.02651302480193206,-0.10048697519806794,0.127,False,Bittrex,Kraken
4999,01-14-2021_17-16-50,ZEC/USD,25.0,112.27,112.17,0.022267747394672292,-0.0727322526053277,0.095,False,Binance US,Kraken
5000,01-14-2021_17-17-03,ZEC/USD,25.0,112.27,112.17,0.022267747394672292,-0.0727322526053277,0.095,False,Binance US,Kraken
5001,01-14-2021_17-17-13,ZEC/USD,25.0,112.27,112.17,0.022267747394672292,-0.1277322526053277,0.15,False,Binance US,Coinbase Pro
5002,01-14-2021_17-17-23,ZEC/USD,25.0,112.27,112.15,0.026721296873606117,-0.12327870312639388,0.15,False,Binance US,Coinbase Pro
5003,01-14-2021_17-17-34,ZEC/USD,25.0,112.27,112.16,0.024494522134140786,-0.1255054778658592,0.15,False,Binance US,Coinbase Pro
5004,01-14-2021_17-17-46,ZEC/USD,25.0,112.27,112.15,0.026721296873606117,-0.12327870312639388,0.15,False,Binance US,Coinbase Pro
5005,01-14-2021_17-17-57,ZEC/USD,25.0,112.256,112.08,0.03919612314709279,-0.08780387685290722,0.127,False,Bittrex,Kraken
5006,01-14-2021_17-18-09,ZEC/USD,25.0,112.182,112.12,0.01381683336007506,-0.16818316663992494,0.182,False,Bittrex,Coinbase Pro
5007,01-14-2021_17-18-19,ZEC/USD,25.0,112.182,112.06,0.027187962418213238,-0.09981203758178676,0.127,False,Bittrex,Kraken
5008,01-14-2021_17-18-30,ZEC/USD,25.0,112.182,112.13,0.011588311850387474,-0.17041168814961252,0.182,False,Bittrex,Coinbase Pro
5009,01-14-2021_17-18-41,ZEC/USD,25.0,112.182,112.06,0.027187962418213238,-0.15481203758178674,0.182,False,Bittrex,Coinbase Pro
5010,01-14-2021_17-18-53,ZEC/USD,25.0,112.182,112.14,0.009359790340696724,-0.11764020965930327,0.127,False,Bittrex,Kraken
5011,01-14-2021_17-19-04,ZEC/USD,25.0,112.18,112.09,0.02005705116776685,-0.07494294883223315,0.095,False,Binance US,Kraken
5012,01-14-2021_17-19-15,ZEC/USD,25.0,112.27,112.17,0.022267747394672292,-0.0727322526053277,0.095,False,Binance US,Kraken
5013,01-14-2021_17-19-26,ZEC/USD,25.0,112.44,112.17,0.06003201707577287,-0.034967982924227134,0.095,False,Binance US,Kraken
5014,01-14-2021_17-19-36,ZEC/USD,25.0,112.346,112.17,0.03916472326562626,-0.08783527673437375,0.127,False,Bittrex,Kraken
5015,01-14-2021_17-19-46,ZEC/USD,25.0,112.342,112.17,0.03827597870787351,-0.08872402129212649,0.127,False,Bittrex,Kraken
5016,01-14-2021_17-19-58,ZEC/USD,25.0,112.31,112.14,0.03784168818448974,-0.11215831181551025,0.15,False,Binance US,Coinbase Pro
5017,01-14-2021_17-20-08,ZEC/USD,25.0,112.363,112.17,0.04294118170572115,-0.08405881829427886,0.127,False,Bittrex,Kraken
5018,01-14-2021_17-20-21,ZEC/USD,25.0,112.29,112.17,0.02671653753673625,-0.06828346246326375,0.095,False,Binance US,Kraken
5019,01-14-2021_17-20-32,ZEC/USD,25.0,112.316,112.1,0.04807863527903597,-0.07892136472096403,0.127,False,Bittrex,Kraken
5020,01-14-2021_17-20-44,ZEC/USD,25.0,112.298,112.1,0.04407914655648531,-0.08292085344351469,0.127,False,Bittrex,Kraken
5021,01-14-2021_17-20-55,ZEC/USD,25.0,112.299,112.1,0.044301374010456966,-0.08269862598954303,0.127,False,Bittrex,Kraken
5022,01-14-2021_17-21-07,ZEC/USD,25.0,112.325,112.1,0.05007789895393023,-0.07692210104606978,0.127,False,Bittrex,Kraken
5023,01-14-2021_17-21-18,ZEC/USD,25.0,112.47,112.17,0.06668444918644909,-0.028315550813550916,0.095,False,Binance US,Kraken
5024,01-14-2021_17-21-28,ZEC/USD,25.0,112.449,112.28,0.03757258846232446,-0.08942741153767554,0.127,False,Bittrex,Kraken
5025,01-14-2021_17-21-39,ZEC/USD,25.0,112.447,112.3,0.03268206354994032,-0.14931793645005967,0.182,False,Bittrex,Coinbase Pro
5026,01-14-2021_17-21-50,ZEC/USD,25.0,112.44,112.34,0.02223408039843346,-0.07276591960156654,0.095,False,Binance US,Kraken
5027,01-14-2021_17-22-02,ZEC/USD,25.0,112.558,112.37,0.04175625011105438,-0.08524374988894562,0.127,False,Bittrex,Kraken
5028,01-14-2021_17-22-13,ZEC/USD,25.0,112.58,112.37,0.04663350506306487,-0.04836649493693513,0.095,False,Binance US,Kraken
5029,01-14-2021_17-22-25,ZEC/USD,25.0,112.67,112.41,0.05769060086979788,-0.06930939913020212,0.127,False,Bittrex,Kraken
